time_utc,sensor_stamp_utc,elapsed_s,wind_speed_m_s,wind_dir_deg,wind_z,temperature_c
2026-09-25T16:39:56.121Z,2026-09-25T16:39:56.000Z,-4.868,2.2,149.0,0.0,15.6
2026-09-25T16:39:56.328Z,2026-09-25T16:39:56.200Z,-4.661,2.2,150.0,0.0,15.6
2026-09-25T16:39:56.521Z,2026-09-25T16:39:56.400Z,-4.468,2.2,149.0,0.0,15.6
2026-09-25T16:39:56.728Z,2026-09-25T16:39:56.600Z,-4.261,2.2,150.0,0.0,15.6
2026-09-25T16:39:56.921Z,2026-09-25T16:39:56.800Z,-4.068,2.2,149.0,0.0,15.6
2026-09-25T16:39:57.127Z,2026-09-25T16:39:57.000Z,-3.861,2.2,146.0,0.0,15.6
2026-09-25T16:39:57.320Z,2026-09-25T16:39:57.200Z,-3.669,2.1,144.0,0.0,15.6
2026-09-25T16:39:57.527Z,2026-09-25T16:39:57.400Z,-3.462,2.1,143.0,0.0,15.6
2026-09-25T16:39:57.720Z,2026-09-25T16:39:57.600Z,-3.269,2.0,145.0,0.0,15.6
2026-09-25T16:39:57.927Z,2026-09-25T16:39:57.800Z,-3.062,2.0,142.0,0.0,15.6
2026-09-25T16:39:58.119Z,2026-09-25T16:39:58.000Z,-2.869,2.1,140.0,0.0,15.6
2026-09-25T16:39:58.327Z,2026-09-25T16:39:58.200Z,-2.662,2.1,139.0,0.0,15.6
2026-09-25T16:39:58.519Z,2026-09-25T16:39:58.400Z,-2.47,2.1,140.0,0.0,15.6
2026-09-25T16:39:58.726Z,2026-09-25T16:39:58.600Z,-2.262,2.1,140.0,0.0,15.6
2026-09-25T16:39:58.919Z,2026-09-25T16:39:58.800Z,-2.07,2.1,141.0,0.0,15.6
2026-09-25T16:39:59.126Z,2026-09-25T16:39:59.000Z,-1.863,2.1,141.0,0.0,15.6
2026-09-25T16:39:59.318Z,2026-09-25T16:39:59.200Z,-1.67,2.1,138.0,0.0,15.6
2026-09-25T16:39:59.526Z,2026-09-25T16:39:59.400Z,-1.463,2.1,138.0,0.0,15.6
2026-09-25T16:39:59.719Z,2026-09-25T16:39:59.600Z,-1.27,2.0,141.0,0.0,15.6
2026-09-25T16:39:59.926Z,2026-09-25T16:39:59.800Z,-1.063,2.0,144.0,0.0,15.6
2026-09-25T16:40:00.118Z,2026-09-25T16:40:00.000Z,-0.871,2.0,143.0,0.0,15.6
2026-09-25T16:40:00.325Z,2026-09-25T16:40:00.200Z,-0.664,2.0,147.0,0.0,15.6
2026-09-25T16:40:00.518Z,2026-09-25T16:40:00.400Z,-0.471,2.0,145.0,0.0,15.6
2026-09-25T16:40:00.725Z,2026-09-25T16:40:00.600Z,-0.264,2.0,148.0,0.0,15.6
2026-09-25T16:40:00.918Z,2026-09-25T16:40:00.800Z,-0.071,2.0,148.0,0.0,15.6
2026-09-25T16:40:01.125Z,2026-09-25T16:40:01.000Z,0.136,2.0,150.0,0.0,15.6
2026-09-25T16:40:01.317Z,2026-09-25T16:40:01.200Z,0.328,2.0,146.0,0.0,15.6
2026-09-25T16:40:01.524Z,2026-09-25T16:40:01.400Z,0.535,2.0,143.0,0.0,15.6
2026-09-25T16:40:01.732Z,2026-09-25T16:40:01.600Z,0.743,1.9,145.0,0.0,15.6
2026-09-25T16:40:01.924Z,2026-09-25T16:40:01.800Z,0.936,1.9,139.0,0.0,15.6
2026-09-25T16:40:02.131Z,2026-09-25T16:40:02.000Z,1.143,1.9,141.0,0.0,15.6
2026-09-25T16:40:02.324Z,2026-09-25T16:40:02.200Z,1.335,1.8,137.0,0.0,15.6
2026-09-25T16:40:02.531Z,2026-09-25T16:40:02.400Z,1.542,1.8,137.0,0.0,15.6
2026-09-25T16:40:02.723Z,2026-09-25T16:40:02.600Z,1.735,1.7,137.0,0.0,15.6
2026-09-25T16:40:02.931Z,2026-09-25T16:40:02.800Z,1.942,1.7,140.0,0.0,15.6
2026-09-25T16:40:03.123Z,2026-09-25T16:40:03.000Z,2.135,1.7,141.0,0.0,15.6
2026-09-25T16:40:03.330Z,2026-09-25T16:40:03.200Z,2.342,1.7,139.0,0.0,15.6
2026-09-25T16:40:03.523Z,2026-09-25T16:40:03.400Z,2.534,1.7,140.0,0.0,15.6
2026-09-25T16:40:03.730Z,2026-09-25T16:40:03.600Z,2.741,1.7,139.0,0.0,15.6
2026-09-25T16:40:03.923Z,2026-09-25T16:40:03.800Z,2.934,1.7,138.0,0.0,15.6
2026-09-25T16:40:04.130Z,2026-09-25T16:40:04.000Z,3.141,1.7,137.0,0.0,15.6
2026-09-25T16:40:04.322Z,2026-09-25T16:40:04.200Z,3.334,1.7,137.0,0.0,15.6
2026-09-25T16:40:04.530Z,2026-09-25T16:40:04.400Z,3.541,1.8,134.0,0.0,15.6
2026-09-25T16:40:04.722Z,2026-09-25T16:40:04.600Z,3.733,1.7,132.0,0.0,15.6
2026-09-25T16:40:04.929Z,2026-09-25T16:40:04.800Z,3.941,1.8,134.0,0.0,15.6
2026-09-25T16:40:05.122Z,2026-09-25T16:40:05.000Z,4.133,1.8,136.0,0.0,15.6
2026-09-25T16:40:05.329Z,2026-09-25T16:40:05.200Z,4.34,1.7,138.0,0.0,15.6
2026-09-25T16:40:05.522Z,2026-09-25T16:40:05.400Z,4.533,1.8,142.0,0.0,15.6
2026-09-25T16:40:05.729Z,2026-09-25T16:40:05.600Z,4.74,1.7,147.0,0.0,15.6
2026-09-25T16:40:05.921Z,2026-09-25T16:40:05.800Z,4.933,1.7,147.0,0.0,15.6
2026-09-25T16:40:06.128Z,2026-09-25T16:40:06.000Z,5.14,1.6,152.0,0.0,15.6
2026-09-25T16:40:06.321Z,2026-09-25T16:40:06.200Z,5.332,1.7,155.0,0.0,15.6
2026-09-25T16:40:06.528Z,2026-09-25T16:40:06.400Z,5.539,1.6,156.0,0.0,15.6
2026-09-25T16:40:06.721Z,2026-09-25T16:40:06.600Z,5.732,1.5,157.0,0.0,15.6
2026-09-25T16:40:06.928Z,2026-09-25T16:40:06.800Z,5.939,1.5,158.0,0.0,15.6
2026-09-25T16:40:07.120Z,2026-09-25T16:40:07.000Z,6.132,1.5,158.0,0.0,15.6
2026-09-25T16:40:07.327Z,2026-09-25T16:40:07.200Z,6.339,1.4,155.0,0.0,15.6
2026-09-25T16:40:07.520Z,2026-09-25T16:40:07.400Z,6.531,1.4,157.0,0.0,15.6
2026-09-25T16:40:07.727Z,2026-09-25T16:40:07.600Z,6.738,1.3,155.0,0.0,15.6
2026-09-25T16:40:07.920Z,2026-09-25T16:40:07.800Z,6.932,1.3,154.0,0.0,15.6
2026-09-25T16:40:08.127Z,2026-09-25T16:40:08.000Z,7.139,1.3,154.0,0.0,15.5
2026-09-25T16:40:08.320Z,2026-09-25T16:40:08.200Z,7.331,1.3,153.0,0.0,15.5
2026-09-25T16:40:08.527Z,2026-09-25T16:40:08.400Z,7.538,1.3,154.0,0.0,15.5
2026-09-25T16:40:08.719Z,2026-09-25T16:40:08.600Z,7.731,1.3,154.0,0.0,15.5
2026-09-25T16:40:08.927Z,2026-09-25T16:40:08.800Z,7.938,1.2,154.0,0.0,15.5
2026-09-25T16:40:09.119Z,2026-09-25T16:40:09.000Z,8.13,1.2,153.0,0.0,15.5
2026-09-25T16:40:09.327Z,2026-09-25T16:40:09.200Z,8.338,1.3,150.0,0.0,15.5
2026-09-25T16:40:09.519Z,2026-09-25T16:40:09.400Z,8.53,1.3,146.0,0.0,15.5
2026-09-25T16:40:09.726Z,2026-09-25T16:40:09.600Z,8.737,1.3,144.0,0.0,15.5
2026-09-25T16:40:09.919Z,2026-09-25T16:40:09.800Z,8.93,1.3,140.0,0.0,15.5
2026-09-25T16:40:10.126Z,2026-09-25T16:40:10.000Z,9.137,1.3,136.0,0.0,15.5
2026-09-25T16:40:10.319Z,2026-09-25T16:40:10.200Z,9.33,1.3,132.0,0.0,15.5
2026-09-25T16:40:10.525Z,2026-09-25T16:40:10.400Z,9.536,1.3,128.0,0.0,15.5
2026-09-25T16:40:10.718Z,2026-09-25T16:40:10.600Z,9.729,1.3,125.0,0.0,15.5
2026-09-25T16:40:10.925Z,2026-09-25T16:40:10.800Z,9.936,1.3,126.0,0.0,15.5
2026-09-25T16:40:11.118Z,2026-09-25T16:40:11.000Z,10.129,1.3,126.0,0.0,15.5
2026-09-25T16:40:11.325Z,2026-09-25T16:40:11.200Z,10.336,1.3,127.0,0.0,15.5
2026-09-25T16:40:11.517Z,2026-09-25T16:40:11.400Z,10.528,1.3,127.0,0.0,15.5
2026-09-25T16:40:11.725Z,2026-09-25T16:40:11.600Z,10.736,1.4,128.0,0.0,15.5
2026-09-25T16:40:11.932Z,2026-09-25T16:40:11.800Z,10.943,1.4,128.0,0.0,15.5
2026-09-25T16:40:12.124Z,2026-09-25T16:40:12.000Z,11.135,1.4,129.0,0.0,15.5
2026-09-25T16:40:12.331Z,2026-09-25T16:40:12.200Z,11.343,1.5,129.0,0.0,15.5
2026-09-25T16:40:12.524Z,2026-09-25T16:40:12.400Z,11.535,1.5,129.0,0.0,15.5
2026-09-25T16:40:12.731Z,2026-09-25T16:40:12.600Z,11.742,1.5,130.0,0.0,15.5
2026-09-25T16:40:12.924Z,2026-09-25T16:40:12.800Z,11.935,1.5,130.0,0.0,15.5
2026-09-25T16:40:13.131Z,2026-09-25T16:40:13.000Z,12.142,1.5,130.0,0.0,15.5
2026-09-25T16:40:13.323Z,2026-09-25T16:40:13.200Z,12.335,1.5,131.0,0.0,15.5
2026-09-25T16:40:13.530Z,2026-09-25T16:40:13.400Z,12.542,1.5,130.0,0.0,15.5
2026-09-25T16:40:13.723Z,2026-09-25T16:40:13.600Z,12.734,1.5,130.0,0.0,15.5
2026-09-25T16:40:13.930Z,2026-09-25T16:40:13.800Z,12.941,1.4,131.0,0.0,15.5
2026-09-25T16:40:14.123Z,2026-09-25T16:40:14.000Z,13.134,1.4,129.0,0.0,15.5
2026-09-25T16:40:14.330Z,2026-09-25T16:40:14.200Z,13.341,1.4,129.0,0.0,15.5
2026-09-25T16:40:14.523Z,2026-09-25T16:40:14.400Z,13.534,1.4,130.0,0.0,15.6
2026-09-25T16:40:14.730Z,2026-09-25T16:40:14.600Z,13.741,1.4,130.0,0.0,15.6
2026-09-25T16:40:14.922Z,2026-09-25T16:40:14.800Z,13.934,1.4,134.0,0.0,15.6
2026-09-25T16:40:15.130Z,2026-09-25T16:40:15.000Z,14.141,1.4,137.0,0.0,15.6
2026-09-25T16:40:15.322Z,2026-09-25T16:40:15.200Z,14.333,1.3,139.0,0.0,15.6
2026-09-25T16:40:15.529Z,2026-09-25T16:40:15.400Z,14.54,1.3,142.0,0.0,15.6
2026-09-25T16:40:15.722Z,2026-09-25T16:40:15.600Z,14.733,1.3,146.0,0.0,15.6
2026-09-25T16:40:15.929Z,2026-09-25T16:40:15.800Z,14.94,1.3,148.0,0.0,15.6
2026-09-25T16:40:16.122Z,2026-09-25T16:40:16.000Z,15.133,1.3,150.0,0.0,15.6
2026-09-25T16:40:16.329Z,2026-09-25T16:40:16.200Z,15.34,1.2,150.0,0.0,15.6
2026-09-25T16:40:16.521Z,2026-09-25T16:40:16.400Z,15.532,1.2,146.0,0.0,15.6
2026-09-25T16:40:16.728Z,2026-09-25T16:40:16.600Z,15.739,1.1,145.0,0.0,15.6
2026-09-25T16:40:16.921Z,2026-09-25T16:40:16.800Z,15.932,1.0,143.0,0.0,15.6
2026-09-25T16:40:17.128Z,2026-09-25T16:40:17.000Z,16.139,1.0,139.0,0.0,15.6
2026-09-25T16:40:17.321Z,2026-09-25T16:40:17.200Z,16.332,0.9,134.0,0.0,15.6
2026-09-25T16:40:17.528Z,2026-09-25T16:40:17.400Z,16.539,0.9,135.0,0.0,15.6
2026-09-25T16:40:17.720Z,2026-09-25T16:40:17.600Z,16.732,0.8,133.0,0.0,15.6
2026-09-25T16:40:17.928Z,2026-09-25T16:40:17.800Z,16.939,0.8,135.0,0.0,15.6
2026-09-25T16:40:18.120Z,2026-09-25T16:40:18.000Z,17.131,0.8,136.0,0.0,15.6
2026-09-25T16:40:18.327Z,2026-09-25T16:40:18.200Z,17.338,0.8,138.0,0.0,15.6
2026-09-25T16:40:18.520Z,2026-09-25T16:40:18.400Z,17.531,0.8,139.0,0.0,15.6
2026-09-25T16:40:18.727Z,2026-09-25T16:40:18.600Z,17.738,0.8,142.0,0.0,15.6
2026-09-25T16:40:18.920Z,2026-09-25T16:40:18.800Z,17.931,0.8,146.0,0.0,15.6
2026-09-25T16:40:19.127Z,2026-09-25T16:40:19.000Z,18.138,0.8,146.0,0.0,15.6
2026-09-25T16:40:19.320Z,2026-09-25T16:40:19.200Z,18.331,0.7,144.0,0.0,15.6
2026-09-25T16:40:19.527Z,2026-09-25T16:40:19.400Z,18.538,0.7,143.0,0.0,15.6
2026-09-25T16:40:19.719Z,2026-09-25T16:40:19.600Z,18.731,0.7,142.0,0.0,15.6
2026-09-25T16:40:19.926Z,2026-09-25T16:40:19.800Z,18.937,0.7,140.0,0.0,15.6
2026-09-25T16:40:20.119Z,2026-09-25T16:40:20.000Z,19.13,0.8,139.0,0.0,15.6
2026-09-25T16:40:20.326Z,2026-09-25T16:40:20.200Z,19.337,0.8,136.0,0.0,15.6
2026-09-25T16:40:20.519Z,2026-09-25T16:40:20.400Z,19.53,0.8,134.0,0.0,15.6
2026-09-25T16:40:20.725Z,2026-09-25T16:40:20.600Z,19.737,0.8,133.0,0.0,15.6
2026-09-25T16:40:20.918Z,2026-09-25T16:40:20.800Z,19.929,0.8,134.0,0.0,15.6
2026-09-25T16:40:21.125Z,2026-09-25T16:40:21.000Z,20.137,0.8,131.0,0.0,15.6
2026-09-25T16:40:21.318Z,2026-09-25T16:40:21.200Z,20.33,0.8,130.0,0.0,15.6
2026-09-25T16:40:21.525Z,2026-09-25T16:40:21.400Z,20.536,0.8,130.0,0.0,15.6
2026-09-25T16:40:21.718Z,2026-09-25T16:40:21.600Z,20.729,0.8,130.0,0.0,15.6
2026-09-25T16:40:21.925Z,2026-09-25T16:40:21.800Z,20.936,0.8,130.0,0.0,15.6
2026-09-25T16:40:22.118Z,2026-09-25T16:40:22.000Z,21.129,0.8,129.0,0.0,15.6
2026-09-25T16:40:22.324Z,2026-09-25T16:40:22.200Z,21.336,0.8,131.0,0.0,15.6
2026-09-25T16:40:22.532Z,2026-09-25T16:40:22.400Z,21.543,0.8,131.0,0.0,15.6
2026-09-25T16:40:22.724Z,2026-09-25T16:40:22.600Z,21.735,0.8,131.0,0.0,15.6
2026-09-25T16:40:22.931Z,2026-09-25T16:40:22.800Z,21.943,0.8,130.0,0.0,15.6
2026-09-25T16:40:23.124Z,2026-09-25T16:40:23.000Z,22.135,0.9,131.0,0.0,15.6
2026-09-25T16:40:23.331Z,2026-09-25T16:40:23.200Z,22.342,0.9,130.0,0.0,15.6
2026-09-25T16:40:23.524Z,2026-09-25T16:40:23.400Z,22.535,0.9,130.0,0.0,15.6
2026-09-25T16:40:23.731Z,2026-09-25T16:40:23.600Z,22.742,0.9,130.0,0.0,15.6
2026-09-25T16:40:23.923Z,2026-09-25T16:40:23.800Z,22.935,0.9,129.0,0.0,15.6
2026-09-25T16:40:24.130Z,2026-09-25T16:40:24.000Z,23.142,0.9,128.0,0.0,15.6
2026-09-25T16:40:24.323Z,2026-09-25T16:40:24.200Z,23.334,0.9,128.0,0.0,15.6
2026-09-25T16:40:24.530Z,2026-09-25T16:40:24.400Z,23.541,0.9,129.0,0.0,15.6
2026-09-25T16:40:24.723Z,2026-09-25T16:40:24.600Z,23.734,0.9,128.0,0.0,15.6
2026-09-25T16:40:24.930Z,2026-09-25T16:40:24.800Z,23.941,1.0,128.0,0.0,15.6
2026-09-25T16:40:25.122Z,2026-09-25T16:40:25.000Z,24.134,1.0,129.0,0.0,15.6
2026-09-25T16:40:25.330Z,2026-09-25T16:40:25.200Z,24.341,1.0,129.0,0.0,15.6
2026-09-25T16:40:25.523Z,2026-09-25T16:40:25.400Z,24.534,1.0,131.0,0.0,15.6
2026-09-25T16:40:25.729Z,2026-09-25T16:40:25.600Z,24.741,1.0,130.0,0.0,15.6
2026-09-25T16:40:25.922Z,2026-09-25T16:40:25.800Z,24.933,1.0,132.0,0.0,15.6
2026-09-25T16:40:26.129Z,2026-09-25T16:40:26.000Z,25.14,1.0,132.0,0.0,15.6
2026-09-25T16:40:26.321Z,2026-09-25T16:40:26.200Z,25.333,1.1,134.0,0.0,15.6
2026-09-25T16:40:26.529Z,2026-09-25T16:40:26.400Z,25.54,1.0,137.0,0.0,15.6
2026-09-25T16:40:26.721Z,2026-09-25T16:40:26.600Z,25.732,1.0,138.0,0.0,15.6
2026-09-25T16:40:26.929Z,2026-09-25T16:40:26.800Z,25.94,1.0,138.0,0.0,15.6
2026-09-25T16:40:27.121Z,2026-09-25T16:40:27.000Z,26.132,1.0,140.0,0.0,15.6
2026-09-25T16:40:27.328Z,2026-09-25T16:40:27.200Z,26.34,1.0,142.0,0.0,15.6
2026-09-25T16:40:27.521Z,2026-09-25T16:40:27.400Z,26.532,1.0,142.0,0.0,15.6
2026-09-25T16:40:27.728Z,2026-09-25T16:40:27.600Z,26.739,1.0,143.0,0.0,15.6
2026-09-25T16:40:27.920Z,2026-09-25T16:40:27.800Z,26.931,0.9,143.0,0.0,15.6
2026-09-25T16:40:28.127Z,2026-09-25T16:40:28.000Z,27.139,0.9,143.0,0.0,15.6
2026-09-25T16:40:28.319Z,2026-09-25T16:40:28.200Z,27.331,0.8,143.0,0.0,15.6
2026-09-25T16:40:28.527Z,2026-09-25T16:40:28.400Z,27.538,0.8,142.0,0.0,15.6
2026-09-25T16:40:28.719Z,2026-09-25T16:40:28.600Z,27.73,0.8,143.0,0.0,15.6
2026-09-25T16:40:28.927Z,2026-09-25T16:40:28.800Z,27.938,0.8,141.0,0.0,15.6
2026-09-25T16:40:29.119Z,2026-09-25T16:40:29.000Z,28.131,0.8,137.0,0.0,15.6
2026-09-25T16:40:29.326Z,2026-09-25T16:40:29.200Z,28.338,0.8,138.0,0.0,15.6
2026-09-25T16:40:29.518Z,2026-09-25T16:40:29.400Z,28.53,0.8,137.0,0.0,15.6
2026-09-25T16:40:29.726Z,2026-09-25T16:40:29.600Z,28.737,0.8,136.0,0.0,15.6
2026-09-25T16:40:29.918Z,2026-09-25T16:40:29.800Z,28.93,0.8,139.0,0.0,15.6
2026-09-25T16:40:30.126Z,2026-09-25T16:40:30.000Z,29.138,0.8,136.0,0.0,15.7
2026-09-25T16:40:30.319Z,2026-09-25T16:40:30.200Z,29.331,0.8,136.0,0.0,15.7
2026-09-25T16:40:30.526Z,2026-09-25T16:40:30.400Z,29.537,0.8,138.0,0.0,15.7
2026-09-25T16:40:30.719Z,2026-09-25T16:40:30.600Z,29.73,0.8,138.0,0.0,15.7
2026-09-25T16:40:30.926Z,2026-09-25T16:40:30.800Z,29.937,0.9,138.0,0.0,15.7
2026-09-25T16:40:31.118Z,2026-09-25T16:40:31.000Z,30.13,0.9,140.0,0.0,15.7
2026-09-25T16:40:31.325Z,2026-09-25T16:40:31.200Z,30.337,0.9,139.0,0.0,15.7
2026-09-25T16:40:31.518Z,2026-09-25T16:40:31.400Z,30.529,1.1,139.0,0.0,15.7
2026-09-25T16:40:31.725Z,2026-09-25T16:40:31.600Z,30.736,1.2,142.0,0.0,15.7
2026-09-25T16:40:31.918Z,2026-09-25T16:40:31.800Z,30.929,1.2,142.0,0.0,15.7
2026-09-25T16:40:32.125Z,2026-09-25T16:40:32.000Z,31.136,1.2,140.0,0.0,15.7
2026-09-25T16:40:32.317Z,2026-09-25T16:40:32.200Z,31.329,1.1,141.0,0.0,15.7
2026-09-25T16:40:32.525Z,2026-09-25T16:40:32.400Z,31.536,1.1,141.0,0.0,15.7
2026-09-25T16:40:32.717Z,2026-09-25T16:40:32.600Z,31.728,1.1,141.0,0.0,15.7
2026-09-25T16:40:32.925Z,2026-09-25T16:40:32.800Z,31.936,1.1,141.0,0.0,15.7
2026-09-25T16:40:33.131Z,2026-09-25T16:40:33.000Z,32.143,0.9,138.0,0.0,15.7
2026-09-25T16:40:33.324Z,2026-09-25T16:40:33.200Z,32.335,0.8,134.0,0.0,15.7
2026-09-25T16:40:33.531Z,2026-09-25T16:40:33.400Z,32.542,0.9,134.0,0.0,15.7
2026-09-25T16:40:33.724Z,2026-09-25T16:40:33.600Z,32.735,0.8,135.0,0.0,15.7
2026-09-25T16:40:33.931Z,2026-09-25T16:40:33.800Z,32.942,0.9,136.0,0.0,15.7
2026-09-25T16:40:34.123Z,2026-09-25T16:40:34.000Z,33.135,0.9,139.0,0.0,15.7
2026-09-25T16:40:34.331Z,2026-09-25T16:40:34.200Z,33.342,1.0,140.0,0.0,15.7
2026-09-25T16:40:34.523Z,2026-09-25T16:40:34.400Z,33.534,0.9,143.0,0.0,15.7
2026-09-25T16:40:34.730Z,2026-09-25T16:40:34.600Z,33.742,1.0,143.0,0.0,15.7
2026-09-25T16:40:34.923Z,2026-09-25T16:40:34.800Z,33.934,1.0,147.0,0.0,15.7
2026-09-25T16:40:35.130Z,2026-09-25T16:40:35.000Z,34.141,1.0,147.0,0.0,15.7
2026-09-25T16:40:35.323Z,2026-09-25T16:40:35.200Z,34.334,1.0,146.0,0.0,15.7
2026-09-25T16:40:35.530Z,2026-09-25T16:40:35.400Z,34.541,1.1,149.0,0.0,15.7
2026-09-25T16:40:35.723Z,2026-09-25T16:40:35.600Z,34.734,1.2,145.0,0.0,15.7
2026-09-25T16:40:35.930Z,2026-09-25T16:40:35.800Z,34.941,1.1,142.0,0.0,15.7
2026-09-25T16:40:36.122Z,2026-09-25T16:40:36.000Z,35.133,1.2,139.0,0.0,15.7
2026-09-25T16:40:36.329Z,2026-09-25T16:40:36.200Z,35.341,1.1,144.0,0.0,15.7
2026-09-25T16:40:36.522Z,2026-09-25T16:40:36.400Z,35.533,1.1,144.0,0.0,15.7
2026-09-25T16:40:36.729Z,2026-09-25T16:40:36.600Z,35.74,1.1,148.0,0.0,15.7
2026-09-25T16:40:36.922Z,2026-09-25T16:40:36.800Z,35.933,1.1,154.0,0.0,15.7
2026-09-25T16:40:37.129Z,2026-09-25T16:40:37.000Z,36.14,1.1,152.0,0.0,15.7
2026-09-25T16:40:37.321Z,2026-09-25T16:40:37.200Z,36.333,1.0,154.0,0.0,15.7
2026-09-25T16:40:37.528Z,2026-09-25T16:40:37.400Z,36.54,1.0,157.0,0.0,15.7
2026-09-25T16:40:37.721Z,2026-09-25T16:40:37.600Z,36.732,1.0,159.0,0.0,15.7
2026-09-25T16:40:37.928Z,2026-09-25T16:40:37.800Z,36.939,1.1,159.0,0.0,15.7
2026-09-25T16:40:38.121Z,2026-09-25T16:40:38.000Z,37.132,1.1,159.0,0.0,15.7
2026-09-25T16:40:38.328Z,2026-09-25T16:40:38.200Z,37.339,1.1,155.0,0.0,15.7
2026-09-25T16:40:38.520Z,2026-09-25T16:40:38.400Z,37.532,1.2,151.0,0.0,15.7
2026-09-25T16:40:38.728Z,2026-09-25T16:40:38.600Z,37.739,1.2,148.0,0.0,15.7
2026-09-25T16:40:38.921Z,2026-09-25T16:40:38.800Z,37.932,1.2,149.0,0.0,15.7
2026-09-25T16:40:39.127Z,2026-09-25T16:40:39.000Z,38.138,1.2,149.0,0.0,15.7
2026-09-25T16:40:39.320Z,2026-09-25T16:40:39.200Z,38.331,1.3,153.0,0.0,15.7
2026-09-25T16:40:39.527Z,2026-09-25T16:40:39.400Z,38.538,1.3,152.0,0.0,15.7
2026-09-25T16:40:39.720Z,2026-09-25T16:40:39.600Z,38.731,1.4,151.0,0.0,15.7
2026-09-25T16:40:39.927Z,2026-09-25T16:40:39.800Z,38.938,1.4,152.0,0.0,15.7
2026-09-25T16:40:40.119Z,2026-09-25T16:40:40.000Z,39.131,1.4,153.0,0.0,15.7
2026-09-25T16:40:40.326Z,2026-09-25T16:40:40.200Z,39.338,1.5,159.0,0.0,15.7
2026-09-25T16:40:40.519Z,2026-09-25T16:40:40.400Z,39.53,1.7,160.0,0.0,15.7
2026-09-25T16:40:40.726Z,2026-09-25T16:40:40.600Z,39.738,1.8,158.0,0.0,15.7
2026-09-25T16:40:40.919Z,2026-09-25T16:40:40.800Z,39.93,1.8,155.0,0.0,15.7
2026-09-25T16:40:41.126Z,2026-09-25T16:40:41.000Z,40.137,1.9,154.0,0.0,15.7
2026-09-25T16:40:41.319Z,2026-09-25T16:40:41.200Z,40.33,1.9,155.0,0.0,15.7
2026-09-25T16:40:41.526Z,2026-09-25T16:40:41.400Z,40.537,1.8,152.0,0.0,15.7
2026-09-25T16:40:41.718Z,2026-09-25T16:40:41.600Z,40.729,1.8,151.0,0.0,15.7
2026-09-25T16:40:41.925Z,2026-09-25T16:40:41.800Z,40.937,1.8,146.0,0.0,15.7
2026-09-25T16:40:42.118Z,2026-09-25T16:40:42.000Z,41.129,1.6,142.0,0.0,15.7
2026-09-25T16:40:42.325Z,2026-09-25T16:40:42.200Z,41.336,1.3,141.0,0.0,15.7
2026-09-25T16:40:42.517Z,2026-09-25T16:40:42.400Z,41.529,1.3,137.0,0.0,15.7
2026-09-25T16:40:42.725Z,2026-09-25T16:40:42.600Z,41.736,1.2,140.0,0.0,15.7
2026-09-25T16:40:42.917Z,2026-09-25T16:40:42.800Z,41.929,1.2,143.0,0.0,15.7
2026-09-25T16:40:43.124Z,2026-09-25T16:40:43.000Z,42.136,1.2,145.0,0.0,15.7
2026-09-25T16:40:43.317Z,2026-09-25T16:40:43.200Z,42.328,1.2,146.0,0.0,15.7
2026-09-25T16:40:43.524Z,2026-09-25T16:40:43.400Z,42.535,1.0,144.0,0.0,15.7
2026-09-25T16:40:43.731Z,2026-09-25T16:40:43.600Z,42.743,1.0,143.0,0.0,15.7
2026-09-25T16:40:43.924Z,2026-09-25T16:40:43.800Z,42.935,1.0,145.0,0.0,15.7
2026-09-25T16:40:44.131Z,2026-09-25T16:40:44.000Z,43.142,1.0,143.0,0.0,15.7
2026-09-25T16:40:44.324Z,2026-09-25T16:40:44.200Z,43.335,1.0,140.0,0.0,15.7
2026-09-25T16:40:44.531Z,2026-09-25T16:40:44.400Z,43.542,0.9,135.0,0.0,15.7
2026-09-25T16:40:44.723Z,2026-09-25T16:40:44.600Z,43.734,0.9,135.0,0.0,15.7
2026-09-25T16:40:44.931Z,2026-09-25T16:40:44.800Z,43.942,0.9,132.0,0.0,15.7
2026-09-25T16:40:45.123Z,2026-09-25T16:40:45.000Z,44.134,1.0,132.0,0.0,15.7
2026-09-25T16:40:45.330Z,2026-09-25T16:40:45.200Z,44.342,0.9,134.0,0.0,15.7
2026-09-25T16:40:45.523Z,2026-09-25T16:40:45.400Z,44.534,1.0,138.0,0.0,15.7
2026-09-25T16:40:45.730Z,2026-09-25T16:40:45.600Z,44.741,1.0,141.0,0.0,15.7
2026-09-25T16:40:45.923Z,2026-09-25T16:40:45.800Z,44.934,1.0,139.0,0.0,15.7
2026-09-25T16:40:46.130Z,2026-09-25T16:40:46.000Z,45.141,1.1,138.0,0.0,15.7
2026-09-25T16:40:46.322Z,2026-09-25T16:40:46.200Z,45.333,1.1,138.0,0.0,15.7
2026-09-25T16:40:46.529Z,2026-09-25T16:40:46.400Z,45.541,1.1,140.0,0.0,15.7
2026-09-25T16:40:46.722Z,2026-09-25T16:40:46.600Z,45.734,1.2,142.0,0.0,15.7
2026-09-25T16:40:46.929Z,2026-09-25T16:40:46.800Z,45.94,1.2,139.0,0.0,15.7
2026-09-25T16:40:47.122Z,2026-09-25T16:40:47.000Z,46.133,1.1,139.0,0.0,15.7
2026-09-25T16:40:47.329Z,2026-09-25T16:40:47.200Z,46.34,1.1,139.0,0.0,15.7
2026-09-25T16:40:47.521Z,2026-09-25T16:40:47.400Z,46.533,1.1,137.0,0.0,15.7
2026-09-25T16:40:47.729Z,2026-09-25T16:40:47.600Z,46.74,1.0,141.0,0.0,15.7
2026-09-25T16:40:47.921Z,2026-09-25T16:40:47.800Z,46.932,1.0,142.0,0.0,15.7
2026-09-25T16:40:48.128Z,2026-09-25T16:40:48.000Z,47.139,1.1,142.0,0.0,15.7
2026-09-25T16:40:48.321Z,2026-09-25T16:40:48.200Z,47.332,1.2,144.0,0.0,15.7
2026-09-25T16:40:48.528Z,2026-09-25T16:40:48.400Z,47.539,1.3,143.0,0.0,15.7
2026-09-25T16:40:48.720Z,2026-09-25T16:40:48.600Z,47.732,1.4,140.0,0.0,15.7
2026-09-25T16:40:48.928Z,2026-09-25T16:40:48.800Z,47.939,1.6,142.0,0.0,15.7
2026-09-25T16:40:49.120Z,2026-09-25T16:40:49.000Z,48.132,1.6,144.0,0.0,15.7
2026-09-25T16:40:49.327Z,2026-09-25T16:40:49.200Z,48.339,1.8,141.0,0.0,15.7
2026-09-25T16:40:49.520Z,2026-09-25T16:40:49.400Z,48.531,1.9,144.0,0.0,15.7
2026-09-25T16:40:49.727Z,2026-09-25T16:40:49.600Z,48.738,1.9,145.0,0.0,15.7
2026-09-25T16:40:49.920Z,2026-09-25T16:40:49.800Z,48.931,1.9,147.0,0.0,15.7
2026-09-25T16:40:50.127Z,2026-09-25T16:40:50.000Z,49.138,1.9,147.0,0.0,15.7
2026-09-25T16:40:50.320Z,2026-09-25T16:40:50.200Z,49.331,1.9,149.0,0.0,15.7
2026-09-25T16:40:50.526Z,2026-09-25T16:40:50.400Z,49.538,1.9,149.0,0.0,15.7
2026-09-25T16:40:50.719Z,2026-09-25T16:40:50.600Z,49.731,1.9,149.0,0.0,15.7
2026-09-25T16:40:50.926Z,2026-09-25T16:40:50.800Z,49.937,1.8,152.0,0.0,15.7
2026-09-25T16:40:51.119Z,2026-09-25T16:40:51.000Z,50.13,1.8,152.0,0.0,15.7
2026-09-25T16:40:51.326Z,2026-09-25T16:40:51.200Z,50.338,1.7,150.0,0.0,15.7
2026-09-25T16:40:51.519Z,2026-09-25T16:40:51.400Z,50.53,1.7,152.0,0.0,15.7
2026-09-25T16:40:51.726Z,2026-09-25T16:40:51.600Z,50.737,1.7,154.0,0.0,15.7
2026-09-25T16:40:51.919Z,2026-09-25T16:40:51.800Z,50.93,1.7,155.0,0.0,15.7
2026-09-25T16:40:52.125Z,2026-09-25T16:40:52.000Z,51.137,1.7,159.0,0.0,15.7
2026-09-25T16:40:52.318Z,2026-09-25T16:40:52.200Z,51.33,1.7,161.0,0.0,15.7
2026-09-25T16:40:52.525Z,2026-09-25T16:40:52.400Z,51.536,1.7,163.0,0.0,15.7
2026-09-25T16:40:52.717Z,2026-09-25T16:40:52.600Z,51.729,1.8,166.0,0.0,15.7
2026-09-25T16:40:52.925Z,2026-09-25T16:40:52.800Z,51.936,1.9,170.0,0.0,15.7
2026-09-25T16:40:53.118Z,2026-09-25T16:40:53.000Z,52.129,1.9,173.0,0.0,15.7
2026-09-25T16:40:53.325Z,2026-09-25T16:40:53.200Z,52.336,1.9,172.0,0.0,15.7
2026-09-25T16:40:53.518Z,2026-09-25T16:40:53.400Z,52.529,2.0,173.0,0.0,15.7
2026-09-25T16:40:53.724Z,2026-09-25T16:40:53.600Z,52.735,2.0,169.0,0.0,15.7
2026-09-25T16:40:53.931Z,2026-09-25T16:40:53.800Z,52.943,2.1,168.0,0.0,15.7
2026-09-25T16:40:54.124Z,2026-09-25T16:40:54.000Z,53.135,2.0,165.0,0.0,15.7
2026-09-25T16:40:54.331Z,2026-09-25T16:40:54.200Z,53.342,1.9,164.0,0.0,15.7
2026-09-25T16:40:54.524Z,2026-09-25T16:40:54.400Z,53.535,1.8,161.0,0.0,15.7
2026-09-25T16:40:54.731Z,2026-09-25T16:40:54.600Z,53.742,1.8,162.0,0.0,15.7
2026-09-25T16:40:54.923Z,2026-09-25T16:40:54.800Z,53.935,1.7,159.0,0.0,15.7
2026-09-25T16:40:55.130Z,2026-09-25T16:40:55.000Z,54.142,1.7,159.0,0.0,15.7
2026-09-25T16:40:55.323Z,2026-09-25T16:40:55.200Z,54.334,1.7,161.0,0.0,15.7
2026-09-25T16:40:55.530Z,2026-09-25T16:40:55.400Z,54.541,1.7,160.0,0.0,15.7
2026-09-25T16:40:55.723Z,2026-09-25T16:40:55.600Z,54.734,1.8,161.0,0.0,15.7
2026-09-25T16:40:55.930Z,2026-09-25T16:40:55.800Z,54.941,1.8,159.0,0.0,15.7
2026-09-25T16:40:56.123Z,2026-09-25T16:40:56.000Z,55.134,2.0,158.0,0.0,15.7
2026-09-25T16:40:56.330Z,2026-09-25T16:40:56.200Z,55.341,2.0,159.0,0.0,15.7
2026-09-25T16:40:56.522Z,2026-09-25T16:40:56.400Z,55.533,2.1,162.0,0.0,15.7
2026-09-25T16:40:56.729Z,2026-09-25T16:40:56.600Z,55.741,2.2,165.0,0.0,15.7
2026-09-25T16:40:56.922Z,2026-09-25T16:40:56.800Z,55.933,2.3,167.0,0.0,15.7
2026-09-25T16:40:57.129Z,2026-09-25T16:40:57.000Z,56.14,2.3,169.0,0.0,15.7
2026-09-25T16:40:57.322Z,2026-09-25T16:40:57.200Z,56.333,2.4,169.0,0.0,15.7
2026-09-25T16:40:57.529Z,2026-09-25T16:40:57.400Z,56.54,2.5,170.0,0.0,15.7
2026-09-25T16:40:57.721Z,2026-09-25T16:40:57.600Z,56.733,2.5,171.0,0.0,15.7
2026-09-25T16:40:57.929Z,2026-09-25T16:40:57.800Z,56.94,2.5,173.0,0.0,15.7
2026-09-25T16:40:58.121Z,2026-09-25T16:40:58.000Z,57.132,2.4,173.0,0.0,15.7
2026-09-25T16:40:58.328Z,2026-09-25T16:40:58.200Z,57.34,2.4,173.0,0.0,15.7
2026-09-25T16:40:58.521Z,2026-09-25T16:40:58.400Z,57.532,2.3,174.0,0.0,15.7
2026-09-25T16:40:58.728Z,2026-09-25T16:40:58.600Z,57.739,2.3,174.0,0.0,15.7
2026-09-25T16:40:58.921Z,2026-09-25T16:40:58.800Z,57.932,2.3,174.0,0.0,15.7
2026-09-25T16:40:59.128Z,2026-09-25T16:40:59.000Z,58.139,2.3,174.0,0.0,15.7
2026-09-25T16:40:59.320Z,2026-09-25T16:40:59.200Z,58.332,2.2,175.0,0.0,15.7
2026-09-25T16:40:59.527Z,2026-09-25T16:40:59.400Z,58.539,2.2,175.0,0.0,15.7
2026-09-25T16:40:59.720Z,2026-09-25T16:40:59.600Z,58.731,2.2,174.0,0.0,15.7
2026-09-25T16:40:59.927Z,2026-09-25T16:40:59.800Z,58.938,2.2,168.0,0.0,15.7
2026-09-25T16:41:00.120Z,2026-09-25T16:41:00.000Z,59.131,2.2,167.0,0.0,15.7
2026-09-25T16:41:00.327Z,2026-09-25T16:41:00.200Z,59.338,2.2,170.0,0.0,15.7
2026-09-25T16:41:00.520Z,2026-09-25T16:41:00.400Z,59.531,2.1,172.0,0.0,15.7
2026-09-25T16:41:00.727Z,2026-09-25T16:41:00.600Z,59.738,2.1,173.0,0.0,15.7
2026-09-25T16:41:00.919Z,2026-09-25T16:41:00.800Z,59.93,2.1,173.0,0.0,15.7
2026-09-25T16:41:01.126Z,2026-09-25T16:41:01.000Z,60.138,2.0,174.0,0.0,15.7
2026-09-25T16:41:01.319Z,2026-09-25T16:41:01.200Z,60.33,2.0,173.0,0.0,15.7
2026-09-25T16:41:01.526Z,2026-09-25T16:41:01.400Z,60.538,2.0,177.0,0.0,15.7
2026-09-25T16:41:01.719Z,2026-09-25T16:41:01.600Z,60.73,2.0,175.0,0.0,15.7
2026-09-25T16:41:01.926Z,2026-09-25T16:41:01.800Z,60.937,2.0,173.0,0.0,15.7
2026-09-25T16:41:02.118Z,2026-09-25T16:41:02.000Z,61.13,2.1,170.0,0.0,15.7
2026-09-25T16:41:02.326Z,2026-09-25T16:41:02.200Z,61.337,2.0,168.0,0.0,15.7
2026-09-25T16:41:02.518Z,2026-09-25T16:41:02.400Z,61.529,2.1,166.0,0.0,15.7
2026-09-25T16:41:02.725Z,2026-09-25T16:41:02.600Z,61.736,2.1,164.0,0.0,15.7
2026-09-25T16:41:02.918Z,2026-09-25T16:41:02.800Z,61.929,2.1,166.0,0.0,15.7
2026-09-25T16:41:03.125Z,2026-09-25T16:41:03.000Z,62.136,2.1,167.0,0.0,15.7
2026-09-25T16:41:03.318Z,2026-09-25T16:41:03.200Z,62.329,2.1,171.0,0.0,15.7
2026-09-25T16:41:03.525Z,2026-09-25T16:41:03.400Z,62.536,2.1,172.0,0.0,15.7
2026-09-25T16:41:03.717Z,2026-09-25T16:41:03.600Z,62.729,2.2,175.0,0.0,15.7
2026-09-25T16:41:03.924Z,2026-09-25T16:41:03.800Z,62.936,2.2,177.0,0.0,15.7
2026-09-25T16:41:04.117Z,2026-09-25T16:41:04.000Z,63.129,2.1,177.0,0.0,15.7
2026-09-25T16:41:04.324Z,2026-09-25T16:41:04.200Z,63.335,2.1,177.0,0.0,15.7
2026-09-25T16:41:04.531Z,2026-09-25T16:41:04.400Z,63.542,2.1,175.0,0.0,15.7
2026-09-25T16:41:04.724Z,2026-09-25T16:41:04.600Z,63.735,2.2,174.0,0.0,15.7
2026-09-25T16:41:04.931Z,2026-09-25T16:41:04.800Z,63.942,2.3,168.0,0.0,15.7
2026-09-25T16:41:05.123Z,2026-09-25T16:41:05.000Z,64.135,2.4,168.0,0.0,15.7
2026-09-25T16:41:05.331Z,2026-09-25T16:41:05.200Z,64.342,2.3,168.0,0.0,15.7
2026-09-25T16:41:05.523Z,2026-09-25T16:41:05.400Z,64.535,2.3,167.0,0.0,15.7
2026-09-25T16:41:05.730Z,2026-09-25T16:41:05.600Z,64.742,2.3,163.0,0.0,15.7
2026-09-25T16:41:05.923Z,2026-09-25T16:41:05.800Z,64.934,2.5,162.0,0.0,15.7
2026-09-25T16:41:06.130Z,2026-09-25T16:41:06.000Z,65.141,2.5,155.0,0.0,15.7
2026-09-25T16:41:06.323Z,2026-09-25T16:41:06.200Z,65.334,2.4,154.0,0.0,15.7
2026-09-25T16:41:06.530Z,2026-09-25T16:41:06.400Z,65.541,2.3,153.0,0.0,15.7
2026-09-25T16:41:06.722Z,2026-09-25T16:41:06.600Z,65.734,2.2,149.0,0.0,15.7
2026-09-25T16:41:06.930Z,2026-09-25T16:41:06.800Z,65.941,2.1,140.0,0.0,15.7
2026-09-25T16:41:07.122Z,2026-09-25T16:41:07.000Z,66.133,2.3,133.0,0.0,15.7
2026-09-25T16:41:07.329Z,2026-09-25T16:41:07.200Z,66.341,2.3,139.0,0.0,15.7
2026-09-25T16:41:07.522Z,2026-09-25T16:41:07.400Z,66.533,2.1,141.0,0.0,15.7
2026-09-25T16:41:07.729Z,2026-09-25T16:41:07.600Z,66.74,2.2,140.0,0.0,15.7
2026-09-25T16:41:07.921Z,2026-09-25T16:41:07.800Z,66.933,2.2,141.0,0.0,15.7
2026-09-25T16:41:08.129Z,2026-09-25T16:41:08.000Z,67.14,2.2,139.0,0.0,15.7
2026-09-25T16:41:08.321Z,2026-09-25T16:41:08.200Z,67.333,2.2,143.0,0.0,15.7
2026-09-25T16:41:08.529Z,2026-09-25T16:41:08.400Z,67.54,2.1,150.0,0.0,15.7
2026-09-25T16:41:08.721Z,2026-09-25T16:41:08.600Z,67.732,2.2,150.0,0.0,15.7
2026-09-25T16:41:08.928Z,2026-09-25T16:41:08.800Z,67.939,2.0,143.0,0.0,15.7
2026-09-25T16:41:09.121Z,2026-09-25T16:41:09.000Z,68.132,2.0,135.0,0.0,15.7
2026-09-25T16:41:09.328Z,2026-09-25T16:41:09.200Z,68.339,1.9,136.0,0.0,15.7
2026-09-25T16:41:09.521Z,2026-09-25T16:41:09.400Z,68.532,1.8,140.0,0.0,15.7
2026-09-25T16:41:09.728Z,2026-09-25T16:41:09.600Z,68.739,1.7,142.0,0.0,15.7
2026-09-25T16:41:09.920Z,2026-09-25T16:41:09.800Z,68.932,1.7,141.0,0.0,15.7
2026-09-25T16:41:10.127Z,2026-09-25T16:41:10.000Z,69.139,1.7,141.0,0.0,15.7
2026-09-25T16:41:10.320Z,2026-09-25T16:41:10.200Z,69.332,1.7,143.0,0.0,15.7
2026-09-25T16:41:10.527Z,2026-09-25T16:41:10.400Z,69.538,1.7,146.0,0.0,15.7
2026-09-25T16:41:10.720Z,2026-09-25T16:41:10.600Z,69.731,1.7,153.0,0.0,15.7
2026-09-25T16:41:10.927Z,2026-09-25T16:41:10.800Z,69.938,1.8,152.0,0.0,15.7
2026-09-25T16:41:11.120Z,2026-09-25T16:41:11.000Z,70.131,1.9,153.0,0.0,15.7
2026-09-25T16:41:11.326Z,2026-09-25T16:41:11.200Z,70.338,1.9,154.0,0.0,15.7
2026-09-25T16:41:11.519Z,2026-09-25T16:41:11.400Z,70.531,2.0,153.0,0.0,15.7
2026-09-25T16:41:11.726Z,2026-09-25T16:41:11.600Z,70.737,2.1,152.0,0.0,15.7
2026-09-25T16:41:11.919Z,2026-09-25T16:41:11.800Z,70.93,2.0,152.0,0.0,15.7
2026-09-25T16:41:12.126Z,2026-09-25T16:41:12.000Z,71.137,2.1,152.0,0.0,15.7
2026-09-25T16:41:12.319Z,2026-09-25T16:41:12.200Z,71.33,2.1,151.0,0.0,15.7
2026-09-25T16:41:12.526Z,2026-09-25T16:41:12.400Z,71.537,2.1,153.0,0.0,15.7
2026-09-25T16:41:12.719Z,2026-09-25T16:41:12.600Z,71.73,2.1,153.0,0.0,15.7
2026-09-25T16:41:12.925Z,2026-09-25T16:41:12.800Z,71.937,2.1,153.0,0.0,15.7
2026-09-25T16:41:13.118Z,2026-09-25T16:41:13.000Z,72.129,2.1,153.0,0.0,15.7
2026-09-25T16:41:13.325Z,2026-09-25T16:41:13.200Z,72.336,2.1,153.0,0.0,15.7
2026-09-25T16:41:13.517Z,2026-09-25T16:41:13.400Z,72.529,2.1,151.0,0.0,15.7
2026-09-25T16:41:13.725Z,2026-09-25T16:41:13.600Z,72.736,2.1,153.0,0.0,15.7
2026-09-25T16:41:13.918Z,2026-09-25T16:41:13.800Z,72.929,2.2,152.0,0.0,15.7
2026-09-25T16:41:14.124Z,2026-09-25T16:41:14.000Z,73.136,2.1,152.0,0.0,15.7
2026-09-25T16:41:14.317Z,2026-09-25T16:41:14.200Z,73.329,2.1,153.0,0.0,15.7
2026-09-25T16:41:14.524Z,2026-09-25T16:41:14.400Z,73.535,2.1,151.0,0.0,15.7
2026-09-25T16:41:14.731Z,2026-09-25T16:41:14.600Z,73.743,2.1,151.0,0.0,15.7
2026-09-25T16:41:14.924Z,2026-09-25T16:41:14.800Z,73.935,2.1,150.0,0.0,15.7
2026-09-25T16:41:15.131Z,2026-09-25T16:41:15.000Z,74.142,2.0,150.0,0.0,15.7
2026-09-25T16:41:15.324Z,2026-09-25T16:41:15.200Z,74.335,2.0,150.0,0.0,15.7
2026-09-25T16:41:15.531Z,2026-09-25T16:41:15.400Z,74.542,2.0,149.0,0.0,15.7
2026-09-25T16:41:15.723Z,2026-09-25T16:41:15.600Z,74.735,2.0,150.0,0.0,15.7
2026-09-25T16:41:15.930Z,2026-09-25T16:41:15.800Z,74.942,2.0,151.0,0.0,15.7
2026-09-25T16:41:16.123Z,2026-09-25T16:41:16.000Z,75.134,2.0,151.0,0.0,15.7
2026-09-25T16:41:16.330Z,2026-09-25T16:41:16.200Z,75.341,2.1,151.0,0.0,15.7
2026-09-25T16:41:16.523Z,2026-09-25T16:41:16.400Z,75.534,2.1,152.0,0.0,15.7
2026-09-25T16:41:16.730Z,2026-09-25T16:41:16.600Z,75.741,2.1,153.0,0.0,15.7
2026-09-25T16:41:16.922Z,2026-09-25T16:41:16.800Z,75.933,2.2,154.0,0.0,15.7
2026-09-25T16:41:17.130Z,2026-09-25T16:41:17.000Z,76.141,2.3,153.0,0.0,15.7
2026-09-25T16:41:17.322Z,2026-09-25T16:41:17.200Z,76.333,2.3,152.0,0.0,15.7
2026-09-25T16:41:17.529Z,2026-09-25T16:41:17.400Z,76.54,2.5,152.0,0.0,15.7
2026-09-25T16:41:17.722Z,2026-09-25T16:41:17.600Z,76.733,2.5,151.0,0.0,15.7
2026-09-25T16:41:17.929Z,2026-09-25T16:41:17.800Z,76.94,2.5,151.0,0.0,15.7
2026-09-25T16:41:18.122Z,2026-09-25T16:41:18.000Z,77.133,2.5,151.0,0.0,15.7
2026-09-25T16:41:18.329Z,2026-09-25T16:41:18.200Z,77.34,2.6,151.0,0.0,15.7
2026-09-25T16:41:18.521Z,2026-09-25T16:41:18.400Z,77.533,2.5,150.0,0.0,15.7
2026-09-25T16:41:18.729Z,2026-09-25T16:41:18.600Z,77.74,2.5,150.0,0.0,15.7
2026-09-25T16:41:18.921Z,2026-09-25T16:41:18.800Z,77.932,2.4,147.0,0.0,15.7
2026-09-25T16:41:19.128Z,2026-09-25T16:41:19.000Z,78.139,2.3,145.0,0.0,15.7
2026-09-25T16:41:19.321Z,2026-09-25T16:41:19.200Z,78.332,2.2,142.0,0.0,15.7
2026-09-25T16:41:19.528Z,2026-09-25T16:41:19.400Z,78.539,2.1,138.0,0.0,15.7
2026-09-25T16:41:19.720Z,2026-09-25T16:41:19.600Z,78.732,2.1,137.0,0.0,15.7
2026-09-25T16:41:19.928Z,2026-09-25T16:41:19.800Z,78.939,2.0,138.0,0.0,15.7
2026-09-25T16:41:20.120Z,2026-09-25T16:41:20.000Z,79.131,2.0,135.0,0.0,15.7
2026-09-25T16:41:20.327Z,2026-09-25T16:41:20.200Z,79.338,1.9,134.0,0.0,15.7
2026-09-25T16:41:20.520Z,2026-09-25T16:41:20.400Z,79.531,1.8,135.0,0.0,15.7
2026-09-25T16:41:20.727Z,2026-09-25T16:41:20.600Z,79.738,1.8,138.0,0.0,15.7
2026-09-25T16:41:20.920Z,2026-09-25T16:41:20.800Z,79.931,1.9,139.0,0.0,15.7
2026-09-25T16:41:21.127Z,2026-09-25T16:41:21.000Z,80.138,1.9,141.0,0.0,15.7
2026-09-25T16:41:21.320Z,2026-09-25T16:41:21.200Z,80.331,1.9,139.0,0.0,15.7
2026-09-25T16:41:21.526Z,2026-09-25T16:41:21.400Z,80.538,1.9,138.0,0.0,15.7
2026-09-25T16:41:21.719Z,2026-09-25T16:41:21.600Z,80.73,1.9,137.0,0.0,15.7
2026-09-25T16:41:21.926Z,2026-09-25T16:41:21.800Z,80.937,2.0,137.0,0.0,15.7
2026-09-25T16:41:22.119Z,2026-09-25T16:41:22.000Z,81.13,2.0,135.0,0.0,15.7
2026-09-25T16:41:22.326Z,2026-09-25T16:41:22.200Z,81.337,2.1,137.0,0.0,15.7
2026-09-25T16:41:22.519Z,2026-09-25T16:41:22.400Z,81.53,2.1,138.0,0.0,15.7
2026-09-25T16:41:22.726Z,2026-09-25T16:41:22.600Z,81.737,2.1,139.0,0.0,15.7
2026-09-25T16:41:22.919Z,2026-09-25T16:41:22.800Z,81.93,2.1,142.0,0.0,15.7
2026-09-25T16:41:23.125Z,2026-09-25T16:41:23.000Z,82.137,2.1,144.0,0.0,15.7
2026-09-25T16:41:23.318Z,2026-09-25T16:41:23.200Z,82.329,2.0,146.0,0.0,15.7
2026-09-25T16:41:23.525Z,2026-09-25T16:41:23.400Z,82.536,2.0,146.0,0.0,15.7
2026-09-25T16:41:23.718Z,2026-09-25T16:41:23.600Z,82.729,2.1,148.0,0.0,15.7
2026-09-25T16:41:23.925Z,2026-09-25T16:41:23.800Z,82.936,2.0,145.0,0.0,15.7
2026-09-25T16:41:24.118Z,2026-09-25T16:41:24.000Z,83.129,2.0,143.0,0.0,15.7
2026-09-25T16:41:24.325Z,2026-09-25T16:41:24.200Z,83.336,1.9,139.0,0.0,15.7
2026-09-25T16:41:24.518Z,2026-09-25T16:41:24.400Z,83.529,1.9,137.0,0.0,15.7
2026-09-25T16:41:24.724Z,2026-09-25T16:41:24.600Z,83.735,2.0,135.0,0.0,15.7
2026-09-25T16:41:24.931Z,2026-09-25T16:41:24.800Z,83.943,2.0,132.0,0.0,15.7
2026-09-25T16:41:25.124Z,2026-09-25T16:41:25.000Z,84.135,2.1,129.0,0.0,15.7
2026-09-25T16:41:25.331Z,2026-09-25T16:41:25.200Z,84.342,2.1,127.0,0.0,15.7
2026-09-25T16:41:25.524Z,2026-09-25T16:41:25.400Z,84.535,2.2,129.0,0.0,15.7
2026-09-25T16:41:25.731Z,2026-09-25T16:41:25.600Z,84.742,2.4,127.0,0.0,15.7
2026-09-25T16:41:25.923Z,2026-09-25T16:41:25.800Z,84.935,2.7,129.0,0.0,15.7
2026-09-25T16:41:26.131Z,2026-09-25T16:41:26.000Z,85.142,2.8,130.0,0.0,15.7
2026-09-25T16:41:26.323Z,2026-09-25T16:41:26.200Z,85.334,2.7,131.0,0.0,15.7
2026-09-25T16:41:26.530Z,2026-09-25T16:41:26.400Z,85.541,2.8,129.0,0.0,15.7
2026-09-25T16:41:26.723Z,2026-09-25T16:41:26.600Z,85.734,2.8,133.0,0.0,15.7
2026-09-25T16:41:26.930Z,2026-09-25T16:41:26.800Z,85.941,2.7,132.0,0.0,15.7
2026-09-25T16:41:27.123Z,2026-09-25T16:41:27.000Z,86.134,2.7,130.0,0.0,15.7
2026-09-25T16:41:27.329Z,2026-09-25T16:41:27.200Z,86.341,2.5,131.0,0.0,15.7
2026-09-25T16:41:27.522Z,2026-09-25T16:41:27.400Z,86.533,2.3,131.0,0.0,15.7
2026-09-25T16:41:27.729Z,2026-09-25T16:41:27.600Z,86.741,2.3,130.0,0.0,15.7
2026-09-25T16:41:27.922Z,2026-09-25T16:41:27.800Z,86.933,2.2,130.0,0.0,15.7
2026-09-25T16:41:28.129Z,2026-09-25T16:41:28.000Z,87.14,2.1,131.0,0.0,15.7
2026-09-25T16:41:28.321Z,2026-09-25T16:41:28.200Z,87.333,2.1,132.0,0.0,15.7
2026-09-25T16:41:28.529Z,2026-09-25T16:41:28.400Z,87.54,2.1,133.0,0.0,15.7
2026-09-25T16:41:28.721Z,2026-09-25T16:41:28.600Z,87.733,2.1,134.0,0.0,15.7
2026-09-25T16:41:28.928Z,2026-09-25T16:41:28.800Z,87.94,2.1,136.0,0.0,15.7
2026-09-25T16:41:29.121Z,2026-09-25T16:41:29.000Z,88.133,2.1,138.0,0.0,15.7
2026-09-25T16:41:29.328Z,2026-09-25T16:41:29.200Z,88.339,2.2,139.0,0.0,15.7
2026-09-25T16:41:29.521Z,2026-09-25T16:41:29.400Z,88.532,2.2,140.0,0.0,15.7
2026-09-25T16:41:29.728Z,2026-09-25T16:41:29.600Z,88.739,2.2,142.0,0.0,15.7
2026-09-25T16:41:29.920Z,2026-09-25T16:41:29.800Z,88.931,2.2,142.0,0.0,15.7
2026-09-25T16:41:30.128Z,2026-09-25T16:41:30.000Z,89.139,2.3,143.0,0.0,15.7
2026-09-25T16:41:30.320Z,2026-09-25T16:41:30.200Z,89.331,2.3,142.0,0.0,15.7
2026-09-25T16:41:30.527Z,2026-09-25T16:41:30.400Z,89.538,2.4,144.0,0.0,15.7
2026-09-25T16:41:30.720Z,2026-09-25T16:41:30.600Z,89.731,2.4,143.0,0.0,15.7
2026-09-25T16:41:30.927Z,2026-09-25T16:41:30.800Z,89.938,2.3,146.0,0.0,15.7
2026-09-25T16:41:31.120Z,2026-09-25T16:41:31.000Z,90.131,2.3,147.0,0.0,15.7
2026-09-25T16:41:31.326Z,2026-09-25T16:41:31.200Z,90.338,2.3,149.0,0.0,15.7
2026-09-25T16:41:31.519Z,2026-09-25T16:41:31.400Z,90.531,2.4,148.0,0.0,15.7
2026-09-25T16:41:31.726Z,2026-09-25T16:41:31.600Z,90.738,2.4,151.0,0.0,15.7
2026-09-25T16:41:31.919Z,2026-09-25T16:41:31.800Z,90.93,2.4,152.0,0.0,15.7
2026-09-25T16:41:32.126Z,2026-09-25T16:41:32.000Z,91.137,2.4,153.0,0.0,15.7
2026-09-25T16:41:32.319Z,2026-09-25T16:41:32.200Z,91.33,2.4,153.0,0.0,15.7
2026-09-25T16:41:32.526Z,2026-09-25T16:41:32.400Z,91.537,2.5,152.0,0.0,15.7
2026-09-25T16:41:32.718Z,2026-09-25T16:41:32.600Z,91.73,2.5,151.0,0.0,15.7
2026-09-25T16:41:32.926Z,2026-09-25T16:41:32.800Z,91.937,2.5,151.0,0.0,15.7
2026-09-25T16:41:33.118Z,2026-09-25T16:41:33.000Z,92.129,2.5,150.0,0.0,15.7
2026-09-25T16:41:33.325Z,2026-09-25T16:41:33.200Z,92.337,2.5,147.0,0.0,15.7
2026-09-25T16:41:33.518Z,2026-09-25T16:41:33.400Z,92.529,2.4,145.0,0.0,15.7
2026-09-25T16:41:33.725Z,2026-09-25T16:41:33.600Z,92.736,2.5,143.0,0.0,15.7
2026-09-25T16:41:33.918Z,2026-09-25T16:41:33.800Z,92.929,2.6,142.0,0.0,15.7
2026-09-25T16:41:34.125Z,2026-09-25T16:41:34.000Z,93.136,2.6,141.0,0.0,15.7
2026-09-25T16:41:34.318Z,2026-09-25T16:41:34.200Z,93.329,2.7,140.0,0.0,15.7
2026-09-25T16:41:34.525Z,2026-09-25T16:41:34.400Z,93.536,2.7,141.0,0.0,15.7
2026-09-25T16:41:34.717Z,2026-09-25T16:41:34.600Z,93.728,2.8,142.0,0.0,15.7
2026-09-25T16:41:34.924Z,2026-09-25T16:41:34.800Z,93.935,2.8,142.0,0.0,15.7
2026-09-25T16:41:35.131Z,2026-09-25T16:41:35.000Z,94.143,2.9,142.0,0.0,15.7
2026-09-25T16:41:35.324Z,2026-09-25T16:41:35.200Z,94.335,2.9,141.0,0.0,15.7
2026-09-25T16:41:35.531Z,2026-09-25T16:41:35.400Z,94.542,2.9,142.0,0.0,15.7
2026-09-25T16:41:35.724Z,2026-09-25T16:41:35.600Z,94.735,2.9,142.0,0.0,15.7
2026-09-25T16:41:35.931Z,2026-09-25T16:41:35.800Z,94.942,2.9,142.0,0.0,15.7
2026-09-25T16:41:36.123Z,2026-09-25T16:41:36.000Z,95.135,2.9,141.0,0.0,15.7
2026-09-25T16:41:36.330Z,2026-09-25T16:41:36.200Z,95.342,2.8,140.0,0.0,15.7
2026-09-25T16:41:36.523Z,2026-09-25T16:41:36.400Z,95.534,2.9,141.0,0.0,15.7
2026-09-25T16:41:36.730Z,2026-09-25T16:41:36.600Z,95.741,2.9,141.0,0.0,15.7
2026-09-25T16:41:36.923Z,2026-09-25T16:41:36.800Z,95.934,2.8,143.0,0.0,15.7
2026-09-25T16:41:37.130Z,2026-09-25T16:41:37.000Z,96.141,2.8,144.0,0.0,15.7
2026-09-25T16:41:37.322Z,2026-09-25T16:41:37.200Z,96.334,2.8,145.0,0.0,15.7
2026-09-25T16:41:37.530Z,2026-09-25T16:41:37.400Z,96.541,2.8,148.0,0.0,15.7
2026-09-25T16:41:37.722Z,2026-09-25T16:41:37.600Z,96.733,2.7,148.0,0.0,15.7
2026-09-25T16:41:37.929Z,2026-09-25T16:41:37.800Z,96.941,2.7,150.0,0.0,15.7
2026-09-25T16:41:38.122Z,2026-09-25T16:41:38.000Z,97.133,2.6,152.0,0.0,15.7
2026-09-25T16:41:38.329Z,2026-09-25T16:41:38.200Z,97.34,2.5,155.0,0.0,15.7
2026-09-25T16:41:38.522Z,2026-09-25T16:41:38.400Z,97.533,2.7,155.0,0.0,15.7
2026-09-25T16:41:38.729Z,2026-09-25T16:41:38.600Z,97.74,2.7,155.0,0.0,15.7
2026-09-25T16:41:38.921Z,2026-09-25T16:41:38.800Z,97.933,2.8,157.0,0.0,15.7
2026-09-25T16:41:39.128Z,2026-09-25T16:41:39.000Z,98.14,2.9,155.0,0.0,15.7
2026-09-25T16:41:39.321Z,2026-09-25T16:41:39.200Z,98.332,2.9,159.0,0.0,15.7
2026-09-25T16:41:39.528Z,2026-09-25T16:41:39.400Z,98.539,2.9,160.0,0.0,15.7
2026-09-25T16:41:39.721Z,2026-09-25T16:41:39.600Z,98.732,3.0,158.0,0.0,15.7
2026-09-25T16:41:39.928Z,2026-09-25T16:41:39.800Z,98.939,3.0,162.0,0.0,15.7
2026-09-25T16:41:40.120Z,2026-09-25T16:41:40.000Z,99.132,2.8,162.0,0.0,15.7
2026-09-25T16:41:40.327Z,2026-09-25T16:41:40.200Z,99.339,2.7,163.0,0.0,15.7
2026-09-25T16:41:40.520Z,2026-09-25T16:41:40.400Z,99.531,2.7,167.0,0.0,15.7
2026-09-25T16:41:40.727Z,2026-09-25T16:41:40.600Z,99.739,2.6,168.0,0.0,15.7
2026-09-25T16:41:40.920Z,2026-09-25T16:41:40.800Z,99.931,2.7,164.0,0.0,15.7
2026-09-25T16:41:41.127Z,2026-09-25T16:41:41.000Z,100.138,2.9,162.0,0.0,15.7
2026-09-25T16:41:41.319Z,2026-09-25T16:41:41.200Z,100.331,2.8,162.0,0.0,15.7
2026-09-25T16:41:41.527Z,2026-09-25T16:41:41.400Z,100.538,2.9,157.0,0.0,15.7
2026-09-25T16:41:41.719Z,2026-09-25T16:41:41.600Z,100.73,3.0,154.0,0.0,15.7
2026-09-25T16:41:41.926Z,2026-09-25T16:41:41.800Z,100.938,3.0,155.0,0.0,15.7
2026-09-25T16:41:42.119Z,2026-09-25T16:41:42.000Z,101.13,3.0,151.0,0.0,15.7
2026-09-25T16:41:42.326Z,2026-09-25T16:41:42.200Z,101.337,3.0,148.0,0.0,15.7
2026-09-25T16:41:42.519Z,2026-09-25T16:41:42.400Z,101.53,3.0,151.0,0.0,15.7
2026-09-25T16:41:42.726Z,2026-09-25T16:41:42.600Z,101.737,2.8,151.0,0.0,15.7
2026-09-25T16:41:42.919Z,2026-09-25T16:41:42.800Z,101.93,2.8,152.0,0.0,15.7
2026-09-25T16:41:43.125Z,2026-09-25T16:41:43.000Z,102.137,2.8,151.0,0.0,15.7
2026-09-25T16:41:43.318Z,2026-09-25T16:41:43.200Z,102.329,2.7,150.0,0.0,15.7
2026-09-25T16:41:43.525Z,2026-09-25T16:41:43.400Z,102.537,2.7,151.0,0.0,15.7
2026-09-25T16:41:43.718Z,2026-09-25T16:41:43.600Z,102.729,2.6,151.0,0.0,15.7
2026-09-25T16:41:43.925Z,2026-09-25T16:41:43.800Z,102.936,2.6,149.0,0.0,15.7
2026-09-25T16:41:44.118Z,2026-09-25T16:41:44.000Z,103.129,2.5,151.0,0.0,15.7
2026-09-25T16:41:44.325Z,2026-09-25T16:41:44.200Z,103.336,2.5,151.0,0.0,15.7
2026-09-25T16:41:44.518Z,2026-09-25T16:41:44.400Z,103.529,2.6,151.0,0.0,15.7
2026-09-25T16:41:44.724Z,2026-09-25T16:41:44.600Z,103.736,2.6,151.0,0.0,15.7
2026-09-25T16:41:44.918Z,2026-09-25T16:41:44.800Z,103.929,2.5,151.0,0.0,15.7
2026-09-25T16:41:45.124Z,2026-09-25T16:41:45.000Z,104.135,2.5,150.0,0.0,15.7
2026-09-25T16:41:45.331Z,2026-09-25T16:41:45.200Z,104.343,2.5,150.0,0.0,15.7
2026-09-25T16:41:45.524Z,2026-09-25T16:41:45.400Z,104.535,2.5,151.0,0.0,15.7
2026-09-25T16:41:45.731Z,2026-09-25T16:41:45.600Z,104.742,2.4,149.0,0.0,15.7
2026-09-25T16:41:45.924Z,2026-09-25T16:41:45.800Z,104.935,2.4,150.0,0.0,15.7
2026-09-25T16:41:46.131Z,2026-09-25T16:41:46.000Z,105.142,2.3,149.0,0.0,15.7
2026-09-25T16:41:46.323Z,2026-09-25T16:41:46.200Z,105.335,2.3,150.0,0.0,15.7
2026-09-25T16:41:46.530Z,2026-09-25T16:41:46.400Z,105.542,2.2,150.0,0.0,15.7
2026-09-25T16:41:46.723Z,2026-09-25T16:41:46.600Z,105.734,2.2,149.0,0.0,15.7
2026-09-25T16:41:46.930Z,2026-09-25T16:41:46.800Z,105.941,2.2,149.0,0.0,15.7
2026-09-25T16:41:47.123Z,2026-09-25T16:41:47.000Z,106.134,2.2,150.0,0.0,15.7
2026-09-25T16:41:47.330Z,2026-09-25T16:41:47.200Z,106.341,2.2,150.0,0.0,15.7
2026-09-25T16:41:47.523Z,2026-09-25T16:41:47.400Z,106.534,2.2,151.0,0.0,15.7
2026-09-25T16:41:47.729Z,2026-09-25T16:41:47.600Z,106.741,2.3,151.0,0.0,15.7
2026-09-25T16:41:47.922Z,2026-09-25T16:41:47.800Z,106.934,2.3,152.0,0.0,15.7
2026-09-25T16:41:48.129Z,2026-09-25T16:41:48.000Z,107.14,2.3,152.0,0.0,15.7
2026-09-25T16:41:48.322Z,2026-09-25T16:41:48.200Z,107.333,2.3,154.0,0.0,15.6
2026-09-25T16:41:48.529Z,2026-09-25T16:41:48.400Z,107.54,2.3,154.0,0.0,15.6
2026-09-25T16:41:48.722Z,2026-09-25T16:41:48.600Z,107.733,2.3,154.0,0.0,15.6
2026-09-25T16:41:48.929Z,2026-09-25T16:41:48.800Z,107.94,2.5,155.0,0.0,15.6
2026-09-25T16:41:49.121Z,2026-09-25T16:41:49.000Z,108.133,2.4,154.0,0.0,15.6
2026-09-25T16:41:49.328Z,2026-09-25T16:41:49.200Z,108.34,2.5,156.0,0.0,15.6
2026-09-25T16:41:49.521Z,2026-09-25T16:41:49.400Z,108.532,2.6,157.0,0.0,15.6
2026-09-25T16:41:49.728Z,2026-09-25T16:41:49.600Z,108.739,2.5,158.0,0.0,15.6
2026-09-25T16:41:49.921Z,2026-09-25T16:41:49.800Z,108.932,2.6,159.0,0.0,15.6
2026-09-25T16:41:50.128Z,2026-09-25T16:41:50.000Z,109.139,2.6,158.0,0.0,15.6
2026-09-25T16:41:50.320Z,2026-09-25T16:41:50.200Z,109.332,2.6,157.0,0.0,15.6
2026-09-25T16:41:50.527Z,2026-09-25T16:41:50.400Z,109.539,2.5,157.0,0.0,15.6
2026-09-25T16:41:50.720Z,2026-09-25T16:41:50.600Z,109.732,2.5,160.0,0.0,15.6
2026-09-25T16:41:50.927Z,2026-09-25T16:41:50.800Z,109.939,2.5,161.0,0.0,15.6
2026-09-25T16:41:51.120Z,2026-09-25T16:41:51.000Z,110.131,2.5,162.0,0.0,15.6
2026-09-25T16:41:51.327Z,2026-09-25T16:41:51.200Z,110.338,2.5,163.0,0.0,15.6
2026-09-25T16:41:51.520Z,2026-09-25T16:41:51.400Z,110.531,2.5,165.0,0.0,15.6
2026-09-25T16:41:51.727Z,2026-09-25T16:41:51.600Z,110.738,2.4,166.0,0.0,15.6
2026-09-25T16:41:51.919Z,2026-09-25T16:41:51.800Z,110.931,2.4,168.0,0.0,15.6
2026-09-25T16:41:52.126Z,2026-09-25T16:41:52.000Z,111.138,2.3,166.0,0.0,15.6
2026-09-25T16:41:52.319Z,2026-09-25T16:41:52.200Z,111.33,2.3,164.0,0.0,15.6
2026-09-25T16:41:52.526Z,2026-09-25T16:41:52.400Z,111.537,2.2,161.0,0.0,15.6
2026-09-25T16:41:52.719Z,2026-09-25T16:41:52.600Z,111.73,2.2,160.0,0.0,15.6
2026-09-25T16:41:52.926Z,2026-09-25T16:41:52.800Z,111.937,2.1,158.0,0.0,15.6
2026-09-25T16:41:53.119Z,2026-09-25T16:41:53.000Z,112.13,2.1,157.0,0.0,15.6
2026-09-25T16:41:53.325Z,2026-09-25T16:41:53.200Z,112.337,2.1,158.0,0.0,15.6
2026-09-25T16:41:53.519Z,2026-09-25T16:41:53.400Z,112.53,2.1,158.0,0.0,15.6
2026-09-25T16:41:53.725Z,2026-09-25T16:41:53.600Z,112.737,2.1,158.0,0.0,15.6
2026-09-25T16:41:53.918Z,2026-09-25T16:41:53.800Z,112.93,2.1,159.0,0.0,15.6
2026-09-25T16:41:54.125Z,2026-09-25T16:41:54.000Z,113.136,2.1,160.0,0.0,15.6
2026-09-25T16:41:54.318Z,2026-09-25T16:41:54.200Z,113.329,2.2,164.0,0.0,15.6
2026-09-25T16:41:54.525Z,2026-09-25T16:41:54.400Z,113.536,2.3,165.0,0.0,15.6
2026-09-25T16:41:54.717Z,2026-09-25T16:41:54.600Z,113.729,2.4,165.0,0.0,15.6
2026-09-25T16:41:54.925Z,2026-09-25T16:41:54.800Z,113.936,2.4,166.0,0.0,15.6
2026-09-25T16:41:55.117Z,2026-09-25T16:41:55.000Z,114.128,2.5,166.0,0.0,15.6
2026-09-25T16:41:55.325Z,2026-09-25T16:41:55.200Z,114.336,2.6,165.0,0.0,15.6
2026-09-25T16:41:55.517Z,2026-09-25T16:41:55.400Z,114.528,2.6,164.0,0.0,15.6
2026-09-25T16:41:55.724Z,2026-09-25T16:41:55.600Z,114.736,2.6,163.0,0.0,15.6
2026-09-25T16:41:55.931Z,2026-09-25T16:41:55.800Z,114.942,2.6,161.0,0.0,15.6
2026-09-25T16:41:56.124Z,2026-09-25T16:41:56.000Z,115.135,2.5,159.0,0.0,15.6
2026-09-25T16:41:56.331Z,2026-09-25T16:41:56.200Z,115.342,2.5,157.0,0.0,15.6
2026-09-25T16:41:56.524Z,2026-09-25T16:41:56.400Z,115.535,2.4,157.0,0.0,15.6
2026-09-25T16:41:56.731Z,2026-09-25T16:41:56.600Z,115.742,2.4,157.0,0.0,15.6
2026-09-25T16:41:56.923Z,2026-09-25T16:41:56.800Z,115.935,2.4,156.0,0.0,15.6
2026-09-25T16:41:57.130Z,2026-09-25T16:41:57.000Z,116.142,2.4,155.0,0.0,15.6
2026-09-25T16:41:57.323Z,2026-09-25T16:41:57.200Z,116.334,2.5,156.0,0.0,15.6
2026-09-25T16:41:57.530Z,2026-09-25T16:41:57.400Z,116.541,2.4,156.0,0.0,15.6
2026-09-25T16:41:57.722Z,2026-09-25T16:41:57.600Z,116.734,2.5,156.0,0.0,15.6
2026-09-25T16:41:57.930Z,2026-09-25T16:41:57.800Z,116.941,2.5,155.0,0.0,15.6
2026-09-25T16:41:58.122Z,2026-09-25T16:41:58.000Z,117.133,2.5,155.0,0.0,15.6
2026-09-25T16:41:58.330Z,2026-09-25T16:41:58.200Z,117.341,2.6,156.0,0.0,15.6
2026-09-25T16:41:58.522Z,2026-09-25T16:41:58.400Z,117.533,2.5,155.0,0.0,15.6
2026-09-25T16:41:58.729Z,2026-09-25T16:41:58.600Z,117.74,2.6,157.0,0.0,15.6
2026-09-25T16:41:58.922Z,2026-09-25T16:41:58.800Z,117.933,2.6,158.0,0.0,15.6
2026-09-25T16:41:59.129Z,2026-09-25T16:41:59.000Z,118.14,2.6,160.0,0.0,15.6
2026-09-25T16:41:59.322Z,2026-09-25T16:41:59.200Z,118.333,2.7,159.0,0.0,15.6
2026-09-25T16:41:59.529Z,2026-09-25T16:41:59.400Z,118.54,2.7,160.0,0.0,15.6
2026-09-25T16:41:59.721Z,2026-09-25T16:41:59.600Z,118.732,2.7,161.0,0.0,15.6
2026-09-25T16:41:59.928Z,2026-09-25T16:41:59.800Z,118.94,2.7,162.0,0.0,15.6
2026-09-25T16:42:00.121Z,2026-09-25T16:42:00.000Z,119.132,2.8,161.0,0.0,15.6
2026-09-25T16:42:00.328Z,2026-09-25T16:42:00.200Z,119.339,2.8,161.0,0.0,15.6
2026-09-25T16:42:00.521Z,2026-09-25T16:42:00.400Z,119.532,2.8,159.0,0.0,15.5
2026-09-25T16:42:00.728Z,2026-09-25T16:42:00.600Z,119.739,2.8,160.0,0.0,15.5
2026-09-25T16:42:00.920Z,2026-09-25T16:42:00.800Z,119.932,2.8,160.0,0.0,15.5
2026-09-25T16:42:01.127Z,2026-09-25T16:42:01.000Z,120.139,2.8,160.0,0.0,15.5
2026-09-25T16:42:01.320Z,2026-09-25T16:42:01.200Z,120.331,2.8,160.0,0.0,15.5
2026-09-25T16:42:01.527Z,2026-09-25T16:42:01.400Z,120.539,2.7,159.0,0.0,15.5
2026-09-25T16:42:01.720Z,2026-09-25T16:42:01.600Z,120.731,2.7,159.0,0.0,15.5
2026-09-25T16:42:01.927Z,2026-09-25T16:42:01.800Z,120.938,2.7,161.0,0.0,15.5
2026-09-25T16:42:02.120Z,2026-09-25T16:42:02.000Z,121.131,2.9,162.0,0.0,15.5
2026-09-25T16:42:02.327Z,2026-09-25T16:42:02.200Z,121.338,2.8,160.0,0.0,15.5
2026-09-25T16:42:02.519Z,2026-09-25T16:42:02.400Z,121.531,2.7,156.0,0.0,15.5
2026-09-25T16:42:02.726Z,2026-09-25T16:42:02.600Z,121.737,2.7,155.0,0.0,15.5
2026-09-25T16:42:02.919Z,2026-09-25T16:42:02.800Z,121.93,2.7,156.0,0.0,15.5
2026-09-25T16:42:03.126Z,2026-09-25T16:42:03.000Z,122.137,2.9,157.0,0.0,15.5
2026-09-25T16:42:03.319Z,2026-09-25T16:42:03.200Z,122.33,2.9,153.0,0.0,15.5
2026-09-25T16:42:03.526Z,2026-09-25T16:42:03.400Z,122.537,2.9,149.0,0.0,15.5
2026-09-25T16:42:03.718Z,2026-09-25T16:42:03.600Z,122.73,2.8,146.0,0.0,15.5
2026-09-25T16:42:03.926Z,2026-09-25T16:42:03.800Z,122.937,2.9,149.0,0.0,15.5
2026-09-25T16:42:04.118Z,2026-09-25T16:42:04.000Z,123.129,2.9,151.0,0.0,15.5
2026-09-25T16:42:04.325Z,2026-09-25T16:42:04.200Z,123.336,2.8,149.0,0.0,15.5
2026-09-25T16:42:04.518Z,2026-09-25T16:42:04.400Z,123.529,2.9,150.0,0.0,15.5
2026-09-25T16:42:04.725Z,2026-09-25T16:42:04.600Z,123.736,2.8,146.0,0.0,15.5
2026-09-25T16:42:04.917Z,2026-09-25T16:42:04.800Z,123.929,2.8,151.0,0.0,15.5
2026-09-25T16:42:05.125Z,2026-09-25T16:42:05.000Z,124.136,2.7,153.0,0.0,15.5
2026-09-25T16:42:05.317Z,2026-09-25T16:42:05.200Z,124.328,2.6,155.0,0.0,15.5
2026-09-25T16:42:05.524Z,2026-09-25T16:42:05.400Z,124.536,2.5,156.0,0.0,15.5
2026-09-25T16:42:05.717Z,2026-09-25T16:42:05.600Z,124.729,2.6,157.0,0.0,15.5
2026-09-25T16:42:05.924Z,2026-09-25T16:42:05.800Z,124.935,2.6,162.0,0.0,15.5
2026-09-25T16:42:06.131Z,2026-09-25T16:42:06.000Z,125.142,2.7,157.0,0.0,15.5
2026-09-25T16:42:06.324Z,2026-09-25T16:42:06.200Z,125.335,2.6,159.0,0.0,15.5
2026-09-25T16:42:06.531Z,2026-09-25T16:42:06.400Z,125.542,2.6,159.0,0.0,15.5
2026-09-25T16:42:06.723Z,2026-09-25T16:42:06.600Z,125.735,2.6,159.0,0.0,15.5
2026-09-25T16:42:06.931Z,2026-09-25T16:42:06.800Z,125.942,2.6,159.0,0.0,15.5
2026-09-25T16:42:07.123Z,2026-09-25T16:42:07.000Z,126.134,2.7,156.0,0.0,15.5
2026-09-25T16:42:07.330Z,2026-09-25T16:42:07.200Z,126.342,2.5,154.0,0.0,15.5
2026-09-25T16:42:07.523Z,2026-09-25T16:42:07.400Z,126.534,2.6,157.0,0.0,15.5
2026-09-25T16:42:07.730Z,2026-09-25T16:42:07.600Z,126.741,2.3,156.0,0.0,15.5
2026-09-25T16:42:07.923Z,2026-09-25T16:42:07.800Z,126.934,2.4,153.0,0.0,15.5
2026-09-25T16:42:08.130Z,2026-09-25T16:42:08.000Z,127.141,2.4,149.0,0.0,15.5
2026-09-25T16:42:08.323Z,2026-09-25T16:42:08.200Z,127.334,2.4,145.0,0.0,15.5
2026-09-25T16:42:08.530Z,2026-09-25T16:42:08.400Z,127.541,2.3,142.0,0.0,15.5
2026-09-25T16:42:08.722Z,2026-09-25T16:42:08.600Z,127.733,2.2,141.0,0.0,15.5
2026-09-25T16:42:08.929Z,2026-09-25T16:42:08.800Z,127.941,2.3,140.0,0.0,15.5
2026-09-25T16:42:09.122Z,2026-09-25T16:42:09.000Z,128.133,2.2,134.0,0.0,15.5
2026-09-25T16:42:09.329Z,2026-09-25T16:42:09.200Z,128.34,2.2,132.0,0.0,15.5
2026-09-25T16:42:09.522Z,2026-09-25T16:42:09.400Z,128.533,2.2,133.0,0.0,15.5
2026-09-25T16:42:09.729Z,2026-09-25T16:42:09.600Z,128.74,2.2,135.0,0.0,15.5
2026-09-25T16:42:09.921Z,2026-09-25T16:42:09.800Z,128.933,2.2,139.0,0.0,15.5
2026-09-25T16:42:10.128Z,2026-09-25T16:42:10.000Z,129.14,2.3,140.0,0.0,15.6
2026-09-25T16:42:10.321Z,2026-09-25T16:42:10.200Z,129.332,2.4,140.0,0.0,15.6
2026-09-25T16:42:10.528Z,2026-09-25T16:42:10.400Z,129.539,2.5,142.0,0.0,15.6
2026-09-25T16:42:10.721Z,2026-09-25T16:42:10.600Z,129.732,2.6,145.0,0.0,15.6
2026-09-25T16:42:10.928Z,2026-09-25T16:42:10.800Z,129.939,2.8,145.0,0.0,15.6
2026-09-25T16:42:11.121Z,2026-09-25T16:42:11.000Z,130.132,2.9,145.0,0.0,15.6
2026-09-25T16:42:11.327Z,2026-09-25T16:42:11.200Z,130.339,2.9,144.0,0.0,15.6
2026-09-25T16:42:11.520Z,2026-09-25T16:42:11.400Z,130.532,2.9,145.0,0.0,15.6
2026-09-25T16:42:11.727Z,2026-09-25T16:42:11.600Z,130.739,2.9,144.0,0.0,15.6
2026-09-25T16:42:11.920Z,2026-09-25T16:42:11.800Z,130.931,2.9,144.0,0.0,15.6
2026-09-25T16:42:12.127Z,2026-09-25T16:42:12.000Z,131.138,2.8,141.0,0.0,15.6
2026-09-25T16:42:12.320Z,2026-09-25T16:42:12.200Z,131.331,2.7,140.0,0.0,15.6
2026-09-25T16:42:12.527Z,2026-09-25T16:42:12.400Z,131.538,2.7,142.0,0.0,15.6
2026-09-25T16:42:12.719Z,2026-09-25T16:42:12.600Z,131.731,2.6,142.0,0.0,15.6
2026-09-25T16:42:12.926Z,2026-09-25T16:42:12.800Z,131.938,2.6,143.0,0.0,15.6
2026-09-25T16:42:13.119Z,2026-09-25T16:42:13.000Z,132.13,2.7,143.0,0.0,15.6
2026-09-25T16:42:13.326Z,2026-09-25T16:42:13.200Z,132.337,2.6,146.0,0.0,15.6
2026-09-25T16:42:13.519Z,2026-09-25T16:42:13.400Z,132.53,2.6,149.0,0.0,15.6
2026-09-25T16:42:13.726Z,2026-09-25T16:42:13.600Z,132.737,2.7,144.0,0.0,15.6
2026-09-25T16:42:13.919Z,2026-09-25T16:42:13.800Z,132.93,2.6,146.0,0.0,15.6
2026-09-25T16:42:14.126Z,2026-09-25T16:42:14.000Z,133.137,2.6,145.0,0.0,15.6
2026-09-25T16:42:14.318Z,2026-09-25T16:42:14.200Z,133.329,2.6,146.0,0.0,15.6
2026-09-25T16:42:14.525Z,2026-09-25T16:42:14.400Z,133.537,2.7,144.0,0.0,15.6
2026-09-25T16:42:14.718Z,2026-09-25T16:42:14.600Z,133.729,2.7,144.0,0.0,15.6
2026-09-25T16:42:14.925Z,2026-09-25T16:42:14.800Z,133.936,2.6,143.0,0.0,15.6
2026-09-25T16:42:15.118Z,2026-09-25T16:42:15.000Z,134.129,2.5,141.0,0.0,15.6
2026-09-25T16:42:15.325Z,2026-09-25T16:42:15.200Z,134.336,2.3,141.0,0.0,15.6
2026-09-25T16:42:15.518Z,2026-09-25T16:42:15.400Z,134.529,2.3,139.0,0.0,15.6
2026-09-25T16:42:15.725Z,2026-09-25T16:42:15.600Z,134.736,2.2,142.0,0.0,15.6
2026-09-25T16:42:15.918Z,2026-09-25T16:42:15.800Z,134.929,2.1,140.0,0.0,15.6
2026-09-25T16:42:16.124Z,2026-09-25T16:42:16.000Z,135.136,1.9,136.0,0.0,15.6
2026-09-25T16:42:16.317Z,2026-09-25T16:42:16.200Z,135.328,1.9,134.0,0.0,15.6
2026-09-25T16:42:16.524Z,2026-09-25T16:42:16.400Z,135.535,1.9,132.0,0.0,15.6
2026-09-25T16:42:16.731Z,2026-09-25T16:42:16.600Z,135.743,2.0,131.0,0.0,15.6
2026-09-25T16:42:16.924Z,2026-09-25T16:42:16.800Z,135.935,2.1,130.0,0.0,15.6
2026-09-25T16:42:17.131Z,2026-09-25T16:42:17.000Z,136.142,2.1,131.0,0.0,15.6
2026-09-25T16:42:17.324Z,2026-09-25T16:42:17.200Z,136.335,2.1,129.0,0.0,15.6
2026-09-25T16:42:17.531Z,2026-09-25T16:42:17.400Z,136.542,2.1,131.0,0.0,15.6
2026-09-25T16:42:17.723Z,2026-09-25T16:42:17.600Z,136.735,2.2,135.0,0.0,15.6
2026-09-25T16:42:17.930Z,2026-09-25T16:42:17.800Z,136.942,2.2,138.0,0.0,15.6
2026-09-25T16:42:18.123Z,2026-09-25T16:42:18.000Z,137.134,2.1,139.0,0.0,15.6
2026-09-25T16:42:18.330Z,2026-09-25T16:42:18.200Z,137.341,2.1,139.0,0.0,15.6
2026-09-25T16:42:18.523Z,2026-09-25T16:42:18.400Z,137.534,2.1,140.0,0.0,15.6
2026-09-25T16:42:18.730Z,2026-09-25T16:42:18.600Z,137.741,2.1,140.0,0.0,15.6
2026-09-25T16:42:18.922Z,2026-09-25T16:42:18.800Z,137.934,2.1,142.0,0.0,15.6
2026-09-25T16:42:19.129Z,2026-09-25T16:42:19.000Z,138.141,2.0,140.0,0.0,15.6
2026-09-25T16:42:19.322Z,2026-09-25T16:42:19.200Z,138.333,1.9,140.0,0.0,15.6
2026-09-25T16:42:19.529Z,2026-09-25T16:42:19.400Z,138.54,2.2,139.0,0.0,15.6
2026-09-25T16:42:19.722Z,2026-09-25T16:42:19.600Z,138.733,2.2,137.0,0.0,15.6
2026-09-25T16:42:19.929Z,2026-09-25T16:42:19.800Z,138.94,2.1,138.0,0.0,15.6
2026-09-25T16:42:20.122Z,2026-09-25T16:42:20.000Z,139.133,2.1,135.0,0.0,15.6
2026-09-25T16:42:20.329Z,2026-09-25T16:42:20.200Z,139.34,2.0,134.0,0.0,15.6
2026-09-25T16:42:20.521Z,2026-09-25T16:42:20.400Z,139.533,2.0,133.0,0.0,15.6
2026-09-25T16:42:20.728Z,2026-09-25T16:42:20.600Z,139.74,1.9,130.0,0.0,15.6
2026-09-25T16:42:20.921Z,2026-09-25T16:42:20.800Z,139.932,1.9,127.0,0.0,15.6
2026-09-25T16:42:21.128Z,2026-09-25T16:42:21.000Z,140.14,1.7,127.0,0.0,15.6
2026-09-25T16:42:21.321Z,2026-09-25T16:42:21.200Z,140.333,1.9,127.0,0.0,15.6
2026-09-25T16:42:21.528Z,2026-09-25T16:42:21.400Z,140.539,2.0,126.0,0.0,15.6
2026-09-25T16:42:21.721Z,2026-09-25T16:42:21.600Z,140.732,2.1,129.0,0.0,15.6
2026-09-25T16:42:21.928Z,2026-09-25T16:42:21.800Z,140.939,2.2,128.0,0.0,15.6
2026-09-25T16:42:22.120Z,2026-09-25T16:42:22.000Z,141.131,2.3,128.0,0.0,15.6
2026-09-25T16:42:22.327Z,2026-09-25T16:42:22.200Z,141.339,2.4,132.0,0.0,15.6
2026-09-25T16:42:22.520Z,2026-09-25T16:42:22.400Z,141.531,2.6,137.0,0.0,15.6
2026-09-25T16:42:22.727Z,2026-09-25T16:42:22.600Z,141.738,2.5,139.0,0.0,15.6
2026-09-25T16:42:22.920Z,2026-09-25T16:42:22.800Z,141.931,2.5,140.0,0.0,15.6
2026-09-25T16:42:23.127Z,2026-09-25T16:42:23.000Z,142.138,2.5,140.0,0.0,15.6
2026-09-25T16:42:23.319Z,2026-09-25T16:42:23.200Z,142.33,2.5,141.0,0.0,15.6
2026-09-25T16:42:23.526Z,2026-09-25T16:42:23.400Z,142.538,2.5,140.0,0.0,15.6
2026-09-25T16:42:23.719Z,2026-09-25T16:42:23.600Z,142.73,2.5,136.0,0.0,15.6
2026-09-25T16:42:23.926Z,2026-09-25T16:42:23.800Z,142.938,2.5,136.0,0.0,15.6
2026-09-25T16:42:24.119Z,2026-09-25T16:42:24.000Z,143.13,2.5,130.0,0.0,15.6
2026-09-25T16:42:24.326Z,2026-09-25T16:42:24.200Z,143.338,2.5,129.0,0.0,15.6
2026-09-25T16:42:24.519Z,2026-09-25T16:42:24.400Z,143.53,2.5,131.0,0.0,15.6
2026-09-25T16:42:24.726Z,2026-09-25T16:42:24.600Z,143.737,2.5,135.0,0.0,15.6
2026-09-25T16:42:24.919Z,2026-09-25T16:42:24.800Z,143.93,2.4,135.0,0.0,15.6
2026-09-25T16:42:25.125Z,2026-09-25T16:42:25.000Z,144.137,2.4,137.0,0.0,15.6
2026-09-25T16:42:25.318Z,2026-09-25T16:42:25.200Z,144.329,2.3,142.0,0.0,15.6
2026-09-25T16:42:25.525Z,2026-09-25T16:42:25.400Z,144.536,2.3,142.0,0.0,15.6
2026-09-25T16:42:25.718Z,2026-09-25T16:42:25.600Z,144.729,2.2,145.0,0.0,15.6
2026-09-25T16:42:25.925Z,2026-09-25T16:42:25.800Z,144.936,2.1,148.0,0.0,15.6
2026-09-25T16:42:26.117Z,2026-09-25T16:42:26.000Z,145.129,2.1,144.0,0.0,15.6
2026-09-25T16:42:26.325Z,2026-09-25T16:42:26.200Z,145.336,2.1,143.0,0.0,15.6
2026-09-25T16:42:26.517Z,2026-09-25T16:42:26.400Z,145.529,2.1,147.0,0.0,15.6
2026-09-25T16:42:26.724Z,2026-09-25T16:42:26.600Z,145.736,2.0,146.0,0.0,15.6
2026-09-25T16:42:26.917Z,2026-09-25T16:42:26.800Z,145.929,2.1,152.0,0.0,15.6
2026-09-25T16:42:27.124Z,2026-09-25T16:42:27.000Z,146.135,2.2,148.0,0.0,15.6
2026-09-25T16:42:27.331Z,2026-09-25T16:42:27.200Z,146.342,2.3,146.0,0.0,15.6
2026-09-25T16:42:27.524Z,2026-09-25T16:42:27.400Z,146.535,2.4,146.0,0.0,15.6
2026-09-25T16:42:27.731Z,2026-09-25T16:42:27.600Z,146.742,2.4,151.0,0.0,15.6
2026-09-25T16:42:27.923Z,2026-09-25T16:42:27.800Z,146.935,2.5,150.0,0.0,15.6
2026-09-25T16:42:28.130Z,2026-09-25T16:42:28.000Z,147.142,2.5,150.0,0.0,15.6
2026-09-25T16:42:28.323Z,2026-09-25T16:42:28.200Z,147.335,2.5,151.0,0.0,15.6
2026-09-25T16:42:28.530Z,2026-09-25T16:42:28.400Z,147.541,2.7,148.0,0.0,15.6
2026-09-25T16:42:28.723Z,2026-09-25T16:42:28.600Z,147.734,2.5,148.0,0.0,15.6
2026-09-25T16:42:28.930Z,2026-09-25T16:42:28.800Z,147.941,2.4,151.0,0.0,15.6
2026-09-25T16:42:29.123Z,2026-09-25T16:42:29.000Z,148.134,2.4,151.0,0.0,15.6
2026-09-25T16:42:29.330Z,2026-09-25T16:42:29.200Z,148.341,2.3,154.0,0.0,15.6
2026-09-25T16:42:29.522Z,2026-09-25T16:42:29.400Z,148.534,2.1,154.0,0.0,15.6
2026-09-25T16:42:29.729Z,2026-09-25T16:42:29.600Z,148.741,2.1,155.0,0.0,15.6
2026-09-25T16:42:29.922Z,2026-09-25T16:42:29.800Z,148.933,2.0,155.0,0.0,15.6
2026-09-25T16:42:30.129Z,2026-09-25T16:42:30.000Z,149.14,1.9,152.0,0.0,15.6
2026-09-25T16:42:30.322Z,2026-09-25T16:42:30.200Z,149.333,1.8,151.0,0.0,15.6
2026-09-25T16:42:30.529Z,2026-09-25T16:42:30.400Z,149.54,1.9,149.0,0.0,15.6
2026-09-25T16:42:30.722Z,2026-09-25T16:42:30.600Z,149.733,1.9,147.0,0.0,15.6
2026-09-25T16:42:30.929Z,2026-09-25T16:42:30.800Z,149.94,2.1,146.0,0.0,15.6
2026-09-25T16:42:31.121Z,2026-09-25T16:42:31.000Z,150.133,2.3,148.0,0.0,15.6
2026-09-25T16:42:31.328Z,2026-09-25T16:42:31.200Z,150.339,2.4,148.0,0.0,15.6
2026-09-25T16:42:31.521Z,2026-09-25T16:42:31.400Z,150.532,2.4,150.0,0.0,15.6
2026-09-25T16:42:31.728Z,2026-09-25T16:42:31.600Z,150.739,2.4,154.0,0.0,15.6
2026-09-25T16:42:31.921Z,2026-09-25T16:42:31.800Z,150.932,2.5,156.0,0.0,15.6
2026-09-25T16:42:32.128Z,2026-09-25T16:42:32.000Z,151.139,2.5,160.0,0.0,15.6
2026-09-25T16:42:32.320Z,2026-09-25T16:42:32.200Z,151.332,2.5,162.0,0.0,15.6
2026-09-25T16:42:32.528Z,2026-09-25T16:42:32.400Z,151.539,2.3,161.0,0.0,15.6
2026-09-25T16:42:32.720Z,2026-09-25T16:42:32.600Z,151.731,2.1,160.0,0.0,15.6
2026-09-25T16:42:32.927Z,2026-09-25T16:42:32.800Z,151.938,2.0,161.0,0.0,15.6
2026-09-25T16:42:33.120Z,2026-09-25T16:42:33.000Z,152.131,2.1,161.0,0.0,15.6
2026-09-25T16:42:33.327Z,2026-09-25T16:42:33.200Z,152.338,2.1,160.0,0.0,15.6
2026-09-25T16:42:33.520Z,2026-09-25T16:42:33.400Z,152.531,2.1,162.0,0.0,15.6
2026-09-25T16:42:33.727Z,2026-09-25T16:42:33.600Z,152.738,2.0,163.0,0.0,15.6
2026-09-25T16:42:33.920Z,2026-09-25T16:42:33.800Z,152.931,2.0,162.0,0.0,15.6
2026-09-25T16:42:34.126Z,2026-09-25T16:42:34.000Z,153.138,2.0,161.0,0.0,15.6
2026-09-25T16:42:34.319Z,2026-09-25T16:42:34.200Z,153.33,2.1,162.0,0.0,15.6
2026-09-25T16:42:34.526Z,2026-09-25T16:42:34.400Z,153.537,2.1,164.0,0.0,15.6
2026-09-25T16:42:34.719Z,2026-09-25T16:42:34.600Z,153.73,2.0,161.0,0.0,15.6
2026-09-25T16:42:34.926Z,2026-09-25T16:42:34.800Z,153.937,2.0,162.0,0.0,15.6
2026-09-25T16:42:35.118Z,2026-09-25T16:42:35.000Z,154.13,2.1,163.0,0.0,15.6
2026-09-25T16:42:35.325Z,2026-09-25T16:42:35.200Z,154.337,2.1,164.0,0.0,15.6
2026-09-25T16:42:35.518Z,2026-09-25T16:42:35.400Z,154.529,2.1,165.0,0.0,15.6
2026-09-25T16:42:35.725Z,2026-09-25T16:42:35.600Z,154.736,2.1,166.0,0.0,15.6
2026-09-25T16:42:35.918Z,2026-09-25T16:42:35.800Z,154.93,2.1,167.0,0.0,15.6
2026-09-25T16:42:36.125Z,2026-09-25T16:42:36.000Z,155.136,2.1,167.0,0.0,15.6
2026-09-25T16:42:36.318Z,2026-09-25T16:42:36.200Z,155.329,2.1,169.0,0.0,15.6
2026-09-25T16:42:36.525Z,2026-09-25T16:42:36.400Z,155.536,2.1,168.0,0.0,15.6
2026-09-25T16:42:36.717Z,2026-09-25T16:42:36.600Z,155.728,2.1,166.0,0.0,15.6
2026-09-25T16:42:36.924Z,2026-09-25T16:42:36.800Z,155.936,2.0,165.0,0.0,15.6
2026-09-25T16:42:37.117Z,2026-09-25T16:42:37.000Z,156.128,2.1,165.0,0.0,15.6
2026-09-25T16:42:37.324Z,2026-09-25T16:42:37.200Z,156.335,2.2,164.0,0.0,15.6
2026-09-25T16:42:37.517Z,2026-09-25T16:42:37.400Z,156.528,2.3,163.0,0.0,15.6
2026-09-25T16:42:37.724Z,2026-09-25T16:42:37.600Z,156.735,2.3,162.0,0.0,15.6
2026-09-25T16:42:37.931Z,2026-09-25T16:42:37.800Z,156.942,2.3,160.0,0.0,15.6
2026-09-25T16:42:38.124Z,2026-09-25T16:42:38.000Z,157.135,2.3,159.0,0.0,15.6
2026-09-25T16:42:38.331Z,2026-09-25T16:42:38.200Z,157.342,2.3,160.0,0.0,15.6
2026-09-25T16:42:38.523Z,2026-09-25T16:42:38.400Z,157.535,2.4,160.0,0.0,15.6
2026-09-25T16:42:38.730Z,2026-09-25T16:42:38.600Z,157.742,2.4,159.0,0.0,15.6
2026-09-25T16:42:38.923Z,2026-09-25T16:42:38.800Z,157.934,2.4,160.0,0.0,15.6
2026-09-25T16:42:39.130Z,2026-09-25T16:42:39.000Z,158.141,2.3,161.0,0.0,15.6
2026-09-25T16:42:39.323Z,2026-09-25T16:42:39.200Z,158.334,2.3,164.0,0.0,15.6
2026-09-25T16:42:39.530Z,2026-09-25T16:42:39.400Z,158.541,2.3,167.0,0.0,15.6
2026-09-25T16:42:39.723Z,2026-09-25T16:42:39.600Z,158.734,2.3,170.0,0.0,15.6
2026-09-25T16:42:39.930Z,2026-09-25T16:42:39.800Z,158.941,2.3,173.0,0.0,15.6
2026-09-25T16:42:40.122Z,2026-09-25T16:42:40.000Z,159.134,2.2,174.0,0.0,15.6
2026-09-25T16:42:40.329Z,2026-09-25T16:42:40.200Z,159.34,2.1,175.0,0.0,15.6
2026-09-25T16:42:40.522Z,2026-09-25T16:42:40.400Z,159.533,2.0,175.0,0.0,15.6
2026-09-25T16:42:40.729Z,2026-09-25T16:42:40.600Z,159.74,1.9,174.0,0.0,15.6
2026-09-25T16:42:40.922Z,2026-09-25T16:42:40.800Z,159.933,1.9,169.0,0.0,15.6
2026-09-25T16:42:41.129Z,2026-09-25T16:42:41.000Z,160.14,1.9,169.0,0.0,15.6
2026-09-25T16:42:41.321Z,2026-09-25T16:42:41.200Z,160.333,1.8,168.0,0.0,15.6
2026-09-25T16:42:41.528Z,2026-09-25T16:42:41.400Z,160.54,1.8,166.0,0.0,15.6
2026-09-25T16:42:41.721Z,2026-09-25T16:42:41.600Z,160.732,1.8,165.0,0.0,15.6
2026-09-25T16:42:41.928Z,2026-09-25T16:42:41.800Z,160.939,1.8,164.0,0.0,15.6
2026-09-25T16:42:42.121Z,2026-09-25T16:42:42.000Z,161.132,1.8,161.0,0.0,15.6
2026-09-25T16:42:42.328Z,2026-09-25T16:42:42.200Z,161.339,1.9,162.0,0.0,15.6
2026-09-25T16:42:42.520Z,2026-09-25T16:42:42.400Z,161.532,2.0,164.0,0.0,15.6
2026-09-25T16:42:42.728Z,2026-09-25T16:42:42.600Z,161.739,2.0,163.0,0.0,15.6
2026-09-25T16:42:42.920Z,2026-09-25T16:42:42.800Z,161.931,2.0,161.0,0.0,15.6
2026-09-25T16:42:43.127Z,2026-09-25T16:42:43.000Z,162.139,2.0,160.0,0.0,15.6
2026-09-25T16:42:43.320Z,2026-09-25T16:42:43.200Z,162.331,2.0,159.0,0.0,15.6
2026-09-25T16:42:43.527Z,2026-09-25T16:42:43.400Z,162.538,1.9,161.0,0.0,15.6
2026-09-25T16:42:43.720Z,2026-09-25T16:42:43.600Z,162.731,2.0,163.0,0.0,15.6
2026-09-25T16:42:43.927Z,2026-09-25T16:42:43.800Z,162.938,2.0,164.0,0.0,15.6
2026-09-25T16:42:44.119Z,2026-09-25T16:42:44.000Z,163.131,2.0,164.0,0.0,15.6
2026-09-25T16:42:44.326Z,2026-09-25T16:42:44.200Z,163.338,2.0,165.0,0.0,15.6
2026-09-25T16:42:44.519Z,2026-09-25T16:42:44.400Z,163.53,2.0,167.0,0.0,15.6
2026-09-25T16:42:44.726Z,2026-09-25T16:42:44.600Z,163.737,2.0,169.0,0.0,15.6
2026-09-25T16:42:44.919Z,2026-09-25T16:42:44.800Z,163.93,2.0,171.0,0.0,15.6
2026-09-25T16:42:45.126Z,2026-09-25T16:42:45.000Z,164.137,2.1,171.0,0.0,15.6
2026-09-25T16:42:45.319Z,2026-09-25T16:42:45.200Z,164.33,2.0,171.0,0.0,15.6
2026-09-25T16:42:45.526Z,2026-09-25T16:42:45.400Z,164.537,2.0,170.0,0.0,15.6
2026-09-25T16:42:45.719Z,2026-09-25T16:42:45.600Z,164.73,2.0,169.0,0.0,15.6
2026-09-25T16:42:45.926Z,2026-09-25T16:42:45.800Z,164.937,2.1,169.0,0.0,15.6
2026-09-25T16:42:46.118Z,2026-09-25T16:42:46.000Z,165.129,2.0,168.0,0.0,15.6
2026-09-25T16:42:46.325Z,2026-09-25T16:42:46.200Z,165.336,2.0,168.0,0.0,15.6
2026-09-25T16:42:46.518Z,2026-09-25T16:42:46.400Z,165.529,2.0,166.0,0.0,15.6
2026-09-25T16:42:46.725Z,2026-09-25T16:42:46.600Z,165.736,2.0,166.0,0.0,15.6
2026-09-25T16:42:46.918Z,2026-09-25T16:42:46.800Z,165.929,2.0,167.0,0.0,15.6
2026-09-25T16:42:47.125Z,2026-09-25T16:42:47.000Z,166.136,2.0,168.0,0.0,15.6
2026-09-25T16:42:47.317Z,2026-09-25T16:42:47.200Z,166.329,2.0,170.0,0.0,15.6
2026-09-25T16:42:47.524Z,2026-09-25T16:42:47.400Z,166.536,2.0,167.0,0.0,15.6
2026-09-25T16:42:47.717Z,2026-09-25T16:42:47.600Z,166.729,2.0,169.0,0.0,15.6
2026-09-25T16:42:47.924Z,2026-09-25T16:42:47.800Z,166.935,2.0,171.0,0.0,15.6
2026-09-25T16:42:48.131Z,2026-09-25T16:42:48.000Z,167.142,2.0,172.0,0.0,15.6
2026-09-25T16:42:48.324Z,2026-09-25T16:42:48.200Z,167.335,2.0,172.0,0.0,15.6
2026-09-25T16:42:48.531Z,2026-09-25T16:42:48.400Z,167.542,2.0,172.0,0.0,15.6
2026-09-25T16:42:48.724Z,2026-09-25T16:42:48.600Z,167.735,1.9,173.0,0.0,15.6
2026-09-25T16:42:48.931Z,2026-09-25T16:42:48.800Z,167.942,1.9,173.0,0.0,15.6
2026-09-25T16:42:49.123Z,2026-09-25T16:42:49.000Z,168.134,1.8,174.0,0.0,15.6
2026-09-25T16:42:49.330Z,2026-09-25T16:42:49.200Z,168.342,1.8,175.0,0.0,15.6
2026-09-25T16:42:49.523Z,2026-09-25T16:42:49.400Z,168.534,1.8,173.0,0.0,15.6
2026-09-25T16:42:49.730Z,2026-09-25T16:42:49.600Z,168.741,1.8,172.0,0.0,15.6
2026-09-25T16:42:49.923Z,2026-09-25T16:42:49.800Z,168.934,1.8,173.0,0.0,15.6
2026-09-25T16:42:50.130Z,2026-09-25T16:42:50.000Z,169.141,1.7,172.0,0.0,15.6
2026-09-25T16:42:50.322Z,2026-09-25T16:42:50.200Z,169.333,1.7,172.0,0.0,15.6
2026-09-25T16:42:50.529Z,2026-09-25T16:42:50.400Z,169.541,1.7,171.0,0.0,15.6
2026-09-25T16:42:50.722Z,2026-09-25T16:42:50.600Z,169.733,1.7,172.0,0.0,15.6
2026-09-25T16:42:50.929Z,2026-09-25T16:42:50.800Z,169.941,1.7,170.0,0.0,15.6
2026-09-25T16:42:51.122Z,2026-09-25T16:42:51.000Z,170.133,1.7,170.0,0.0,15.6
2026-09-25T16:42:51.329Z,2026-09-25T16:42:51.200Z,170.34,1.7,169.0,0.0,15.6
2026-09-25T16:42:51.522Z,2026-09-25T16:42:51.400Z,170.533,1.7,167.0,0.0,15.6
2026-09-25T16:42:51.729Z,2026-09-25T16:42:51.600Z,170.74,1.7,167.0,0.0,15.6
2026-09-25T16:42:51.921Z,2026-09-25T16:42:51.800Z,170.933,1.7,166.0,0.0,15.6
2026-09-25T16:42:52.128Z,2026-09-25T16:42:52.000Z,171.139,1.8,167.0,0.0,15.6
2026-09-25T16:42:52.321Z,2026-09-25T16:42:52.200Z,171.332,1.8,164.0,0.0,15.6
2026-09-25T16:42:52.528Z,2026-09-25T16:42:52.400Z,171.539,1.8,164.0,0.0,15.6
2026-09-25T16:42:52.721Z,2026-09-25T16:42:52.600Z,171.732,1.8,166.0,0.0,15.6
2026-09-25T16:42:52.928Z,2026-09-25T16:42:52.800Z,171.939,1.8,166.0,0.0,15.6
2026-09-25T16:42:53.120Z,2026-09-25T16:42:53.000Z,172.132,1.8,165.0,0.0,15.6
2026-09-25T16:42:53.328Z,2026-09-25T16:42:53.200Z,172.339,1.8,165.0,0.0,15.6
2026-09-25T16:42:53.520Z,2026-09-25T16:42:53.400Z,172.531,1.8,164.0,0.0,15.6
2026-09-25T16:42:53.727Z,2026-09-25T16:42:53.600Z,172.739,1.8,164.0,0.0,15.6
2026-09-25T16:42:53.920Z,2026-09-25T16:42:53.800Z,172.931,1.8,164.0,0.0,15.6
2026-09-25T16:42:54.127Z,2026-09-25T16:42:54.000Z,173.138,1.8,162.0,0.0,15.6
2026-09-25T16:42:54.320Z,2026-09-25T16:42:54.200Z,173.331,1.8,160.0,0.0,15.6
2026-09-25T16:42:54.527Z,2026-09-25T16:42:54.400Z,173.538,1.8,158.0,0.0,15.6
2026-09-25T16:42:54.719Z,2026-09-25T16:42:54.600Z,173.731,1.8,156.0,0.0,15.6
2026-09-25T16:42:54.926Z,2026-09-25T16:42:54.800Z,173.938,1.9,155.0,0.0,15.6
2026-09-25T16:42:55.119Z,2026-09-25T16:42:55.000Z,174.13,1.9,156.0,0.0,15.6
2026-09-25T16:42:55.326Z,2026-09-25T16:42:55.200Z,174.337,2.1,155.0,0.0,15.6
2026-09-25T16:42:55.519Z,2026-09-25T16:42:55.400Z,174.53,2.2,157.0,0.0,15.6
2026-09-25T16:42:55.726Z,2026-09-25T16:42:55.600Z,174.737,2.3,157.0,0.0,15.6
2026-09-25T16:42:55.919Z,2026-09-25T16:42:55.800Z,174.93,2.4,155.0,0.0,15.6
2026-09-25T16:42:56.126Z,2026-09-25T16:42:56.000Z,175.137,2.4,155.0,0.0,15.6
2026-09-25T16:42:56.319Z,2026-09-25T16:42:56.200Z,175.33,2.5,156.0,0.0,15.6
2026-09-25T16:42:56.525Z,2026-09-25T16:42:56.400Z,175.537,2.5,155.0,0.0,15.6
2026-09-25T16:42:56.718Z,2026-09-25T16:42:56.600Z,175.729,2.5,151.0,0.0,15.6
2026-09-25T16:42:56.925Z,2026-09-25T16:42:56.800Z,175.936,2.4,147.0,0.0,15.6
2026-09-25T16:42:57.118Z,2026-09-25T16:42:57.000Z,176.129,2.4,145.0,0.0,15.6
2026-09-25T16:42:57.325Z,2026-09-25T16:42:57.200Z,176.336,2.4,141.0,0.0,15.6
2026-09-25T16:42:57.518Z,2026-09-25T16:42:57.400Z,176.529,2.4,138.0,0.0,15.6
2026-09-25T16:42:57.725Z,2026-09-25T16:42:57.600Z,176.736,2.3,138.0,0.0,15.6
2026-09-25T16:42:57.917Z,2026-09-25T16:42:57.800Z,176.929,2.3,140.0,0.0,15.6
2026-09-25T16:42:58.124Z,2026-09-25T16:42:58.000Z,177.136,2.3,140.0,0.0,15.6
2026-09-25T16:42:58.317Z,2026-09-25T16:42:58.200Z,177.329,2.1,143.0,0.0,15.6
2026-09-25T16:42:58.524Z,2026-09-25T16:42:58.400Z,177.535,2.2,146.0,0.0,15.6
2026-09-25T16:42:58.731Z,2026-09-25T16:42:58.600Z,177.742,2.1,147.0,0.0,15.6
2026-09-25T16:42:58.924Z,2026-09-25T16:42:58.800Z,177.935,2.1,148.0,0.0,15.6
2026-09-25T16:42:59.131Z,2026-09-25T16:42:59.000Z,178.142,2.2,149.0,0.0,15.6
2026-09-25T16:42:59.323Z,2026-09-25T16:42:59.200Z,178.335,2.3,147.0,0.0,15.6
2026-09-25T16:42:59.531Z,2026-09-25T16:42:59.400Z,178.542,2.3,143.0,0.0,15.6
2026-09-25T16:42:59.723Z,2026-09-25T16:42:59.600Z,178.734,2.3,139.0,0.0,15.6
2026-09-25T16:42:59.930Z,2026-09-25T16:42:59.800Z,178.941,2.5,135.0,0.0,15.6
2026-09-25T16:43:00.123Z,2026-09-25T16:43:00.000Z,179.134,2.6,132.0,0.0,15.6
2026-09-25T16:43:00.330Z,2026-09-25T16:43:00.200Z,179.341,2.6,129.0,0.0,15.6
2026-09-25T16:43:00.523Z,2026-09-25T16:43:00.400Z,179.534,2.6,130.0,0.0,15.6
2026-09-25T16:43:00.730Z,2026-09-25T16:43:00.600Z,179.741,2.6,129.0,0.0,15.6
2026-09-25T16:43:00.922Z,2026-09-25T16:43:00.800Z,179.934,2.5,127.0,0.0,15.6
2026-09-25T16:43:01.129Z,2026-09-25T16:43:01.000Z,180.141,2.6,124.0,0.0,15.6
2026-09-25T16:43:01.322Z,2026-09-25T16:43:01.200Z,180.333,2.6,125.0,0.0,15.6
2026-09-25T16:43:01.529Z,2026-09-25T16:43:01.400Z,180.54,2.6,127.0,0.0,15.6
2026-09-25T16:43:01.722Z,2026-09-25T16:43:01.600Z,180.733,2.6,127.0,0.0,15.6
2026-09-25T16:43:01.929Z,2026-09-25T16:43:01.800Z,180.94,2.5,128.0,0.0,15.6
2026-09-25T16:43:02.122Z,2026-09-25T16:43:02.000Z,181.133,2.5,130.0,0.0,15.6
2026-09-25T16:43:02.329Z,2026-09-25T16:43:02.200Z,181.34,2.5,133.0,0.0,15.6
2026-09-25T16:43:02.521Z,2026-09-25T16:43:02.400Z,181.533,2.6,137.0,0.0,15.6
2026-09-25T16:43:02.728Z,2026-09-25T16:43:02.600Z,181.74,2.6,139.0,0.0,15.6
2026-09-25T16:43:02.921Z,2026-09-25T16:43:02.800Z,181.932,2.6,140.0,0.0,15.6
2026-09-25T16:43:03.128Z,2026-09-25T16:43:03.000Z,182.139,2.7,139.0,0.0,15.6
2026-09-25T16:43:03.321Z,2026-09-25T16:43:03.200Z,182.332,2.7,140.0,0.0,15.6
2026-09-25T16:43:03.528Z,2026-09-25T16:43:03.400Z,182.539,2.7,137.0,0.0,15.6
2026-09-25T16:43:03.720Z,2026-09-25T16:43:03.600Z,182.732,2.7,132.0,0.0,15.6
2026-09-25T16:43:03.927Z,2026-09-25T16:43:03.800Z,182.939,2.7,129.0,0.0,15.6
2026-09-25T16:43:04.120Z,2026-09-25T16:43:04.000Z,183.132,2.7,125.0,0.0,15.6
2026-09-25T16:43:04.327Z,2026-09-25T16:43:04.200Z,183.338,2.6,125.0,0.0,15.6
2026-09-25T16:43:04.520Z,2026-09-25T16:43:04.400Z,183.531,2.7,124.0,0.0,15.6
2026-09-25T16:43:04.727Z,2026-09-25T16:43:04.600Z,183.738,2.6,119.0,0.0,15.6
2026-09-25T16:43:04.920Z,2026-09-25T16:43:04.800Z,183.931,2.6,118.0,0.0,15.6
2026-09-25T16:43:05.127Z,2026-09-25T16:43:05.000Z,184.138,2.7,119.0,0.0,15.6
2026-09-25T16:43:05.319Z,2026-09-25T16:43:05.200Z,184.331,2.8,119.0,0.0,15.6
2026-09-25T16:43:05.527Z,2026-09-25T16:43:05.400Z,184.538,2.9,121.0,0.0,15.6
2026-09-25T16:43:05.719Z,2026-09-25T16:43:05.600Z,184.73,2.9,122.0,0.0,15.6
2026-09-25T16:43:05.926Z,2026-09-25T16:43:05.800Z,184.938,3.1,123.0,0.0,15.6
2026-09-25T16:43:06.119Z,2026-09-25T16:43:06.000Z,185.13,3.1,123.0,0.0,15.6
2026-09-25T16:43:06.326Z,2026-09-25T16:43:06.200Z,185.337,3.1,129.0,0.0,15.6
2026-09-25T16:43:06.519Z,2026-09-25T16:43:06.400Z,185.53,3.2,131.0,0.0,15.6
2026-09-25T16:43:06.726Z,2026-09-25T16:43:06.600Z,185.737,3.1,131.0,0.0,15.6
2026-09-25T16:43:06.919Z,2026-09-25T16:43:06.800Z,185.93,3.1,133.0,0.0,15.6
2026-09-25T16:43:07.125Z,2026-09-25T16:43:07.000Z,186.137,3.1,133.0,0.0,15.6
2026-09-25T16:43:07.318Z,2026-09-25T16:43:07.200Z,186.329,3.2,132.0,0.0,15.6
2026-09-25T16:43:07.525Z,2026-09-25T16:43:07.400Z,186.536,3.2,131.0,0.0,15.6
2026-09-25T16:43:07.718Z,2026-09-25T16:43:07.600Z,186.729,3.2,131.0,0.0,15.6
2026-09-25T16:43:07.925Z,2026-09-25T16:43:07.800Z,186.936,3.2,129.0,0.0,15.6
2026-09-25T16:43:08.117Z,2026-09-25T16:43:08.000Z,187.129,3.2,128.0,0.0,15.6
2026-09-25T16:43:08.325Z,2026-09-25T16:43:08.200Z,187.336,3.1,128.0,0.0,15.6
2026-09-25T16:43:08.517Z,2026-09-25T16:43:08.400Z,187.528,3.0,126.0,0.0,15.6
2026-09-25T16:43:08.725Z,2026-09-25T16:43:08.600Z,187.736,3.0,127.0,0.0,15.6
2026-09-25T16:43:08.917Z,2026-09-25T16:43:08.800Z,187.928,3.0,127.0,0.0,15.6
2026-09-25T16:43:09.124Z,2026-09-25T16:43:09.000Z,188.135,3.0,126.0,0.0,15.6
2026-09-25T16:43:09.331Z,2026-09-25T16:43:09.200Z,188.342,3.0,126.0,0.0,15.6
2026-09-25T16:43:09.524Z,2026-09-25T16:43:09.400Z,188.535,3.0,127.0,0.0,15.6
2026-09-25T16:43:09.731Z,2026-09-25T16:43:09.600Z,188.742,3.0,127.0,0.0,15.6
2026-09-25T16:43:09.923Z,2026-09-25T16:43:09.800Z,188.935,3.0,126.0,0.0,15.6
2026-09-25T16:43:10.130Z,2026-09-25T16:43:10.000Z,189.142,3.1,126.0,0.0,15.6
2026-09-25T16:43:10.323Z,2026-09-25T16:43:10.200Z,189.334,3.1,126.0,0.0,15.6
2026-09-25T16:43:10.530Z,2026-09-25T16:43:10.400Z,189.541,3.1,125.0,0.0,15.6
2026-09-25T16:43:10.723Z,2026-09-25T16:43:10.600Z,189.734,3.0,125.0,0.0,15.6
2026-09-25T16:43:10.930Z,2026-09-25T16:43:10.800Z,189.941,2.9,127.0,0.0,15.6
2026-09-25T16:43:11.123Z,2026-09-25T16:43:11.000Z,190.134,2.9,126.0,0.0,15.6
2026-09-25T16:43:11.330Z,2026-09-25T16:43:11.200Z,190.341,2.8,125.0,0.0,15.6
2026-09-25T16:43:11.522Z,2026-09-25T16:43:11.400Z,190.534,2.8,125.0,0.0,15.6
2026-09-25T16:43:11.729Z,2026-09-25T16:43:11.600Z,190.741,2.7,126.0,0.0,15.6
2026-09-25T16:43:11.922Z,2026-09-25T16:43:11.800Z,190.933,2.7,126.0,0.0,15.6
2026-09-25T16:43:12.129Z,2026-09-25T16:43:12.000Z,191.141,2.7,126.0,0.0,15.6
2026-09-25T16:43:12.322Z,2026-09-25T16:43:12.200Z,191.333,2.8,127.0,0.0,15.6
2026-09-25T16:43:12.529Z,2026-09-25T16:43:12.400Z,191.54,2.8,126.0,0.0,15.6
2026-09-25T16:43:12.721Z,2026-09-25T16:43:12.600Z,191.733,2.9,127.0,0.0,15.6
2026-09-25T16:43:12.929Z,2026-09-25T16:43:12.800Z,191.94,2.9,127.0,0.0,15.6
2026-09-25T16:43:13.121Z,2026-09-25T16:43:13.000Z,192.133,3.0,129.0,0.0,15.6
2026-09-25T16:43:13.328Z,2026-09-25T16:43:13.200Z,192.34,3.0,129.0,0.0,15.6
2026-09-25T16:43:13.521Z,2026-09-25T16:43:13.400Z,192.532,3.1,131.0,0.0,15.6
2026-09-25T16:43:13.728Z,2026-09-25T16:43:13.600Z,192.739,3.0,130.0,0.0,15.6
2026-09-25T16:43:13.921Z,2026-09-25T16:43:13.800Z,192.932,3.0,131.0,0.0,15.6
2026-09-25T16:43:14.128Z,2026-09-25T16:43:14.000Z,193.139,3.0,132.0,0.0,15.6
2026-09-25T16:43:14.321Z,2026-09-25T16:43:14.200Z,193.332,3.1,131.0,0.0,15.6
2026-09-25T16:43:14.528Z,2026-09-25T16:43:14.400Z,193.539,3.1,131.0,0.0,15.6
2026-09-25T16:43:14.720Z,2026-09-25T16:43:14.600Z,193.731,3.0,133.0,0.0,15.6
2026-09-25T16:43:14.927Z,2026-09-25T16:43:14.800Z,193.939,3.2,133.0,0.0,15.6
2026-09-25T16:43:15.120Z,2026-09-25T16:43:15.000Z,194.131,3.2,132.0,0.0,15.6
2026-09-25T16:43:15.327Z,2026-09-25T16:43:15.200Z,194.338,3.2,132.0,0.0,15.6
2026-09-25T16:43:15.519Z,2026-09-25T16:43:15.400Z,194.531,3.2,134.0,0.0,15.6
2026-09-25T16:43:15.727Z,2026-09-25T16:43:15.600Z,194.738,3.2,132.0,0.0,15.6
2026-09-25T16:43:15.919Z,2026-09-25T16:43:15.800Z,194.93,3.0,133.0,0.0,15.6
2026-09-25T16:43:16.127Z,2026-09-25T16:43:16.000Z,195.138,2.9,133.0,0.0,15.6
2026-09-25T16:43:16.319Z,2026-09-25T16:43:16.200Z,195.331,2.8,131.0,0.0,15.6
2026-09-25T16:43:16.526Z,2026-09-25T16:43:16.400Z,195.537,2.7,132.0,0.0,15.6
2026-09-25T16:43:16.719Z,2026-09-25T16:43:16.600Z,195.731,2.5,132.0,0.0,15.6
2026-09-25T16:43:16.926Z,2026-09-25T16:43:16.800Z,195.937,2.4,131.0,0.0,15.6
2026-09-25T16:43:17.119Z,2026-09-25T16:43:17.000Z,196.13,2.3,130.0,0.0,15.6
2026-09-25T16:43:17.325Z,2026-09-25T16:43:17.200Z,196.337,2.3,131.0,0.0,15.6
2026-09-25T16:43:17.518Z,2026-09-25T16:43:17.400Z,196.53,2.2,136.0,0.0,15.6
2026-09-25T16:43:17.725Z,2026-09-25T16:43:17.600Z,196.737,2.2,138.0,0.0,15.6
2026-09-25T16:43:17.918Z,2026-09-25T16:43:17.800Z,196.93,2.2,141.0,0.0,15.6
2026-09-25T16:43:18.125Z,2026-09-25T16:43:18.000Z,197.136,2.2,144.0,0.0,15.6
2026-09-25T16:43:18.318Z,2026-09-25T16:43:18.200Z,197.33,2.2,147.0,0.0,15.6
2026-09-25T16:43:18.525Z,2026-09-25T16:43:18.400Z,197.536,2.2,149.0,0.0,15.6
2026-09-25T16:43:18.718Z,2026-09-25T16:43:18.600Z,197.729,2.0,150.0,0.0,15.6
2026-09-25T16:43:18.924Z,2026-09-25T16:43:18.800Z,197.936,2.0,150.0,0.0,15.6
2026-09-25T16:43:19.117Z,2026-09-25T16:43:19.000Z,198.128,2.0,147.0,0.0,15.6
2026-09-25T16:43:19.325Z,2026-09-25T16:43:19.200Z,198.336,2.2,146.0,0.0,15.6
2026-09-25T16:43:19.517Z,2026-09-25T16:43:19.400Z,198.528,2.3,142.0,0.0,15.6
2026-09-25T16:43:19.724Z,2026-09-25T16:43:19.600Z,198.735,2.5,141.0,0.0,15.6
2026-09-25T16:43:19.917Z,2026-09-25T16:43:19.800Z,198.928,2.6,137.0,0.0,15.6
2026-09-25T16:43:20.124Z,2026-09-25T16:43:20.000Z,199.135,2.7,137.0,0.0,15.6
2026-09-25T16:43:20.331Z,2026-09-25T16:43:20.200Z,199.342,3.1,141.0,0.0,15.6
2026-09-25T16:43:20.524Z,2026-09-25T16:43:20.400Z,199.535,3.3,140.0,0.0,15.6
2026-09-25T16:43:20.731Z,2026-09-25T16:43:20.600Z,199.742,3.5,141.0,0.0,15.6
2026-09-25T16:43:20.923Z,2026-09-25T16:43:20.800Z,199.935,3.5,142.0,0.0,15.6
2026-09-25T16:43:21.130Z,2026-09-25T16:43:21.000Z,200.142,3.5,141.0,0.0,15.6
2026-09-25T16:43:21.323Z,2026-09-25T16:43:21.200Z,200.334,3.5,140.0,0.0,15.6
2026-09-25T16:43:21.530Z,2026-09-25T16:43:21.400Z,200.542,3.4,142.0,0.0,15.6
2026-09-25T16:43:21.723Z,2026-09-25T16:43:21.600Z,200.734,3.4,142.0,0.0,15.6
2026-09-25T16:43:21.930Z,2026-09-25T16:43:21.800Z,200.941,3.3,139.0,0.0,15.6
2026-09-25T16:43:22.123Z,2026-09-25T16:43:22.000Z,201.134,3.3,140.0,0.0,15.6
2026-09-25T16:43:22.330Z,2026-09-25T16:43:22.200Z,201.341,3.2,141.0,0.0,15.6
2026-09-25T16:43:22.522Z,2026-09-25T16:43:22.400Z,201.533,3.1,139.0,0.0,15.6
2026-09-25T16:43:22.729Z,2026-09-25T16:43:22.600Z,201.741,3.0,141.0,0.0,15.6
2026-09-25T16:43:22.922Z,2026-09-25T16:43:22.800Z,201.933,2.9,143.0,0.0,15.6
2026-09-25T16:43:23.129Z,2026-09-25T16:43:23.000Z,202.14,2.8,145.0,0.0,15.6
2026-09-25T16:43:23.322Z,2026-09-25T16:43:23.200Z,202.333,2.8,147.0,0.0,15.6
2026-09-25T16:43:23.529Z,2026-09-25T16:43:23.400Z,202.54,2.9,150.0,0.0,15.6
2026-09-25T16:43:23.722Z,2026-09-25T16:43:23.600Z,202.733,2.8,149.0,0.0,15.6
2026-09-25T16:43:23.929Z,2026-09-25T16:43:23.800Z,202.94,2.7,149.0,0.0,15.6
2026-09-25T16:43:24.121Z,2026-09-25T16:43:24.000Z,203.133,2.5,149.0,0.0,15.6
2026-09-25T16:43:24.328Z,2026-09-25T16:43:24.200Z,203.339,2.7,148.0,0.0,15.6
2026-09-25T16:43:24.521Z,2026-09-25T16:43:24.400Z,203.532,2.5,148.0,0.0,15.6
2026-09-25T16:43:24.728Z,2026-09-25T16:43:24.600Z,203.739,2.6,141.0,0.0,15.6
2026-09-25T16:43:24.921Z,2026-09-25T16:43:24.800Z,203.932,2.8,138.0,0.0,15.6
2026-09-25T16:43:25.128Z,2026-09-25T16:43:25.000Z,204.139,2.7,133.0,0.0,15.6
2026-09-25T16:43:25.320Z,2026-09-25T16:43:25.200Z,204.332,2.7,131.0,0.0,15.6
2026-09-25T16:43:25.527Z,2026-09-25T16:43:25.400Z,204.539,2.8,131.0,0.0,15.6
2026-09-25T16:43:25.720Z,2026-09-25T16:43:25.600Z,204.731,2.9,130.0,0.0,15.6
2026-09-25T16:43:25.927Z,2026-09-25T16:43:25.800Z,204.938,2.7,131.0,0.0,15.6
2026-09-25T16:43:26.120Z,2026-09-25T16:43:26.000Z,205.131,2.9,130.0,0.0,15.6
2026-09-25T16:43:26.327Z,2026-09-25T16:43:26.200Z,205.338,2.8,135.0,0.0,15.6
2026-09-25T16:43:26.520Z,2026-09-25T16:43:26.400Z,205.531,2.6,136.0,0.0,15.6
2026-09-25T16:43:26.727Z,2026-09-25T16:43:26.600Z,205.738,2.6,139.0,0.0,15.7
2026-09-25T16:43:26.919Z,2026-09-25T16:43:26.800Z,205.931,2.7,143.0,0.0,15.7
2026-09-25T16:43:27.127Z,2026-09-25T16:43:27.000Z,206.138,2.7,145.0,0.0,15.7
2026-09-25T16:43:27.319Z,2026-09-25T16:43:27.200Z,206.33,2.6,147.0,0.0,15.7
2026-09-25T16:43:27.526Z,2026-09-25T16:43:27.400Z,206.537,2.6,147.0,0.0,15.7
2026-09-25T16:43:27.719Z,2026-09-25T16:43:27.600Z,206.73,2.7,148.0,0.0,15.7
2026-09-25T16:43:27.926Z,2026-09-25T16:43:27.800Z,206.937,2.7,149.0,0.0,15.7
2026-09-25T16:43:28.118Z,2026-09-25T16:43:28.000Z,207.13,2.7,150.0,0.0,15.7
2026-09-25T16:43:28.326Z,2026-09-25T16:43:28.200Z,207.337,2.6,149.0,0.0,15.7
2026-09-25T16:43:28.518Z,2026-09-25T16:43:28.400Z,207.529,2.6,145.0,0.0,15.7
2026-09-25T16:43:28.725Z,2026-09-25T16:43:28.600Z,207.737,2.6,144.0,0.0,15.7
2026-09-25T16:43:28.918Z,2026-09-25T16:43:28.800Z,207.93,2.6,145.0,0.0,15.7
2026-09-25T16:43:29.125Z,2026-09-25T16:43:29.000Z,208.136,2.6,143.0,0.0,15.7
2026-09-25T16:43:29.318Z,2026-09-25T16:43:29.200Z,208.329,2.5,144.0,0.0,15.7
2026-09-25T16:43:29.525Z,2026-09-25T16:43:29.400Z,208.536,2.4,144.0,0.0,15.7
2026-09-25T16:43:29.718Z,2026-09-25T16:43:29.600Z,208.729,2.4,145.0,0.0,15.7
2026-09-25T16:43:29.924Z,2026-09-25T16:43:29.800Z,208.936,2.4,144.0,0.0,15.7
2026-09-25T16:43:30.117Z,2026-09-25T16:43:30.000Z,209.128,2.4,143.0,0.0,15.7
2026-09-25T16:43:30.324Z,2026-09-25T16:43:30.200Z,209.335,2.5,143.0,0.0,15.7
2026-09-25T16:43:30.517Z,2026-09-25T16:43:30.400Z,209.529,2.5,140.0,0.0,15.7
2026-09-25T16:43:30.724Z,2026-09-25T16:43:30.600Z,209.735,2.4,140.0,0.0,15.7
2026-09-25T16:43:30.931Z,2026-09-25T16:43:30.800Z,209.942,2.5,136.0,0.0,15.7
2026-09-25T16:43:31.124Z,2026-09-25T16:43:31.000Z,210.135,2.6,136.0,0.0,15.7
2026-09-25T16:43:31.331Z,2026-09-25T16:43:31.200Z,210.342,2.6,132.0,0.0,15.7
2026-09-25T16:43:31.523Z,2026-09-25T16:43:31.400Z,210.535,2.5,136.0,0.0,15.7
2026-09-25T16:43:31.730Z,2026-09-25T16:43:31.600Z,210.742,2.5,136.0,0.0,15.7
2026-09-25T16:43:31.923Z,2026-09-25T16:43:31.800Z,210.934,2.4,136.0,0.0,15.7
2026-09-25T16:43:32.130Z,2026-09-25T16:43:32.000Z,211.142,2.5,136.0,0.0,15.7
2026-09-25T16:43:32.323Z,2026-09-25T16:43:32.200Z,211.334,2.6,136.0,0.0,15.7
2026-09-25T16:43:32.530Z,2026-09-25T16:43:32.400Z,211.541,2.5,138.0,0.0,15.7
2026-09-25T16:43:32.723Z,2026-09-25T16:43:32.600Z,211.734,2.5,135.0,0.0,15.7
2026-09-25T16:43:32.930Z,2026-09-25T16:43:32.800Z,211.941,2.4,133.0,0.0,15.7
2026-09-25T16:43:33.122Z,2026-09-25T16:43:33.000Z,212.134,2.3,126.0,0.0,15.7
2026-09-25T16:43:33.329Z,2026-09-25T16:43:33.200Z,212.341,2.3,123.0,0.0,15.7
2026-09-25T16:43:33.522Z,2026-09-25T16:43:33.400Z,212.533,2.2,120.0,0.0,15.7
2026-09-25T16:43:33.729Z,2026-09-25T16:43:33.600Z,212.74,2.0,121.0,0.0,15.7
2026-09-25T16:43:33.922Z,2026-09-25T16:43:33.800Z,212.933,2.0,121.0,0.0,15.7
2026-09-25T16:43:34.129Z,2026-09-25T16:43:34.000Z,213.14,2.0,128.0,0.0,15.7
2026-09-25T16:43:34.321Z,2026-09-25T16:43:34.200Z,213.333,2.0,130.0,0.0,15.7
2026-09-25T16:43:34.528Z,2026-09-25T16:43:34.400Z,213.54,2.1,133.0,0.0,15.7
2026-09-25T16:43:34.721Z,2026-09-25T16:43:34.600Z,213.732,2.1,140.0,0.0,15.7
2026-09-25T16:43:34.928Z,2026-09-25T16:43:34.800Z,213.939,2.1,143.0,0.0,15.7
2026-09-25T16:43:35.121Z,2026-09-25T16:43:35.000Z,214.132,2.1,145.0,0.0,15.7
2026-09-25T16:43:35.328Z,2026-09-25T16:43:35.200Z,214.339,2.1,148.0,0.0,15.8
2026-09-25T16:43:35.521Z,2026-09-25T16:43:35.400Z,214.532,2.2,147.0,0.0,15.8
2026-09-25T16:43:35.728Z,2026-09-25T16:43:35.600Z,214.739,2.0,145.0,0.0,15.8
2026-09-25T16:43:35.920Z,2026-09-25T16:43:35.800Z,214.931,2.1,145.0,0.0,15.8
2026-09-25T16:43:36.127Z,2026-09-25T16:43:36.000Z,215.139,2.1,145.0,0.0,15.8
2026-09-25T16:43:36.320Z,2026-09-25T16:43:36.200Z,215.331,2.4,143.0,0.0,15.8
2026-09-25T16:43:36.527Z,2026-09-25T16:43:36.400Z,215.539,2.6,144.0,0.0,15.8
2026-09-25T16:43:36.720Z,2026-09-25T16:43:36.600Z,215.731,2.8,144.0,0.0,15.8
2026-09-25T16:43:36.927Z,2026-09-25T16:43:36.800Z,215.938,3.0,141.0,0.0,15.8
2026-09-25T16:43:37.120Z,2026-09-25T16:43:37.000Z,216.131,3.2,142.0,0.0,15.8
2026-09-25T16:43:37.327Z,2026-09-25T16:43:37.200Z,216.338,3.4,142.0,0.0,15.8
2026-09-25T16:43:37.519Z,2026-09-25T16:43:37.400Z,216.53,3.4,142.0,0.0,15.8
2026-09-25T16:43:37.726Z,2026-09-25T16:43:37.600Z,216.738,3.5,143.0,0.0,15.8
2026-09-25T16:43:37.919Z,2026-09-25T16:43:37.800Z,216.93,3.4,146.0,0.0,15.8
2026-09-25T16:43:38.126Z,2026-09-25T16:43:38.000Z,217.137,3.3,147.0,0.0,15.8
2026-09-25T16:43:38.319Z,2026-09-25T16:43:38.200Z,217.33,3.3,147.0,0.0,15.8
2026-09-25T16:43:38.526Z,2026-09-25T16:43:38.400Z,217.537,3.3,149.0,0.0,15.8
2026-09-25T16:43:38.718Z,2026-09-25T16:43:38.600Z,217.73,3.2,149.0,0.0,15.8
2026-09-25T16:43:38.925Z,2026-09-25T16:43:38.800Z,217.937,3.2,152.0,0.0,15.7
2026-09-25T16:43:39.118Z,2026-09-25T16:43:39.000Z,218.129,3.2,151.0,0.0,15.7
2026-09-25T16:43:39.325Z,2026-09-25T16:43:39.200Z,218.336,3.2,153.0,0.0,15.7
2026-09-25T16:43:39.518Z,2026-09-25T16:43:39.400Z,218.529,3.1,151.0,0.0,15.7
2026-09-25T16:43:39.725Z,2026-09-25T16:43:39.600Z,218.736,3.2,151.0,0.0,15.7
2026-09-25T16:43:39.918Z,2026-09-25T16:43:39.800Z,218.929,3.2,151.0,0.0,15.7
2026-09-25T16:43:40.125Z,2026-09-25T16:43:40.000Z,219.136,3.4,149.0,0.0,15.7
2026-09-25T16:43:40.318Z,2026-09-25T16:43:40.200Z,219.329,3.4,149.0,0.0,15.7
2026-09-25T16:43:40.524Z,2026-09-25T16:43:40.400Z,219.536,3.4,149.0,0.0,15.7
2026-09-25T16:43:40.717Z,2026-09-25T16:43:40.600Z,219.729,3.4,149.0,0.0,15.7
2026-09-25T16:43:40.924Z,2026-09-25T16:43:40.800Z,219.935,3.4,147.0,0.0,15.7
2026-09-25T16:43:41.117Z,2026-09-25T16:43:41.000Z,220.128,3.4,148.0,0.0,15.7
2026-09-25T16:43:41.324Z,2026-09-25T16:43:41.200Z,220.335,3.4,149.0,0.0,15.7
2026-09-25T16:43:41.531Z,2026-09-25T16:43:41.400Z,220.542,3.3,150.0,0.0,15.7
2026-09-25T16:43:41.724Z,2026-09-25T16:43:41.600Z,220.735,3.1,150.0,0.0,15.7
2026-09-25T16:43:41.931Z,2026-09-25T16:43:41.800Z,220.942,3.1,151.0,0.0,15.7
2026-09-25T16:43:42.123Z,2026-09-25T16:43:42.000Z,221.135,3.2,151.0,0.0,15.7
2026-09-25T16:43:42.330Z,2026-09-25T16:43:42.200Z,221.342,3.2,152.0,0.0,15.7
2026-09-25T16:43:42.523Z,2026-09-25T16:43:42.400Z,221.534,3.2,152.0,0.0,15.7
2026-09-25T16:43:42.730Z,2026-09-25T16:43:42.600Z,221.741,3.2,152.0,0.0,15.7
2026-09-25T16:43:42.922Z,2026-09-25T16:43:42.800Z,221.934,3.2,151.0,0.0,15.7
2026-09-25T16:43:43.130Z,2026-09-25T16:43:43.000Z,222.141,3.2,152.0,0.0,15.7
2026-09-25T16:43:43.323Z,2026-09-25T16:43:43.200Z,222.334,3.2,152.0,0.0,15.7
2026-09-25T16:43:43.530Z,2026-09-25T16:43:43.400Z,222.541,3.2,153.0,0.0,15.7
2026-09-25T16:43:43.722Z,2026-09-25T16:43:43.600Z,222.734,3.1,152.0,0.0,15.7
2026-09-25T16:43:43.929Z,2026-09-25T16:43:43.800Z,222.94,3.1,150.0,0.0,15.7
2026-09-25T16:43:44.122Z,2026-09-25T16:43:44.000Z,223.133,3.1,151.0,0.0,15.7
2026-09-25T16:43:44.329Z,2026-09-25T16:43:44.200Z,223.34,3.1,151.0,0.0,15.7
2026-09-25T16:43:44.522Z,2026-09-25T16:43:44.400Z,223.533,3.0,151.0,0.0,15.7
2026-09-25T16:43:44.729Z,2026-09-25T16:43:44.600Z,223.74,3.1,151.0,0.0,15.7
2026-09-25T16:43:44.921Z,2026-09-25T16:43:44.800Z,223.932,3.0,150.0,0.0,15.7
2026-09-25T16:43:45.129Z,2026-09-25T16:43:45.000Z,224.14,3.0,150.0,0.0,15.7
2026-09-25T16:43:45.321Z,2026-09-25T16:43:45.200Z,224.332,2.9,151.0,0.0,15.7
2026-09-25T16:43:45.528Z,2026-09-25T16:43:45.400Z,224.54,2.9,153.0,0.0,15.7
2026-09-25T16:43:45.721Z,2026-09-25T16:43:45.600Z,224.732,2.8,153.0,0.0,15.6
2026-09-25T16:43:45.928Z,2026-09-25T16:43:45.800Z,224.939,2.8,152.0,0.0,15.6
2026-09-25T16:43:46.120Z,2026-09-25T16:43:46.000Z,225.132,2.7,153.0,0.0,15.6
2026-09-25T16:43:46.328Z,2026-09-25T16:43:46.200Z,225.339,2.7,153.0,0.0,15.6
2026-09-25T16:43:46.520Z,2026-09-25T16:43:46.400Z,225.531,2.7,154.0,0.0,15.6
2026-09-25T16:43:46.727Z,2026-09-25T16:43:46.600Z,225.739,2.7,154.0,0.0,15.6
2026-09-25T16:43:46.920Z,2026-09-25T16:43:46.800Z,225.931,2.6,153.0,0.0,15.6
2026-09-25T16:43:47.127Z,2026-09-25T16:43:47.000Z,226.138,2.6,152.0,0.0,15.6
2026-09-25T16:43:47.320Z,2026-09-25T16:43:47.200Z,226.331,2.6,151.0,0.0,15.6
2026-09-25T16:43:47.527Z,2026-09-25T16:43:47.400Z,226.538,2.6,150.0,0.0,15.6
2026-09-25T16:43:47.720Z,2026-09-25T16:43:47.600Z,226.731,2.6,149.0,0.0,15.6
2026-09-25T16:43:47.927Z,2026-09-25T16:43:47.800Z,226.938,2.6,149.0,0.0,15.6
2026-09-25T16:43:48.119Z,2026-09-25T16:43:48.000Z,227.131,2.6,150.0,0.0,15.6
2026-09-25T16:43:48.326Z,2026-09-25T16:43:48.200Z,227.338,2.6,149.0,0.0,15.6
2026-09-25T16:43:48.519Z,2026-09-25T16:43:48.400Z,227.53,2.6,148.0,0.0,15.6
2026-09-25T16:43:48.726Z,2026-09-25T16:43:48.600Z,227.737,2.6,148.0,0.0,15.6
2026-09-25T16:43:48.918Z,2026-09-25T16:43:48.800Z,227.93,2.6,149.0,0.0,15.6
2026-09-25T16:43:49.126Z,2026-09-25T16:43:49.000Z,228.137,2.6,149.0,0.0,15.6
2026-09-25T16:43:49.318Z,2026-09-25T16:43:49.200Z,228.33,2.6,151.0,0.0,15.6
2026-09-25T16:43:49.526Z,2026-09-25T16:43:49.400Z,228.537,2.6,150.0,0.0,15.6
2026-09-25T16:43:49.718Z,2026-09-25T16:43:49.600Z,228.729,2.5,150.0,0.0,15.6
2026-09-25T16:43:49.926Z,2026-09-25T16:43:49.800Z,228.937,2.5,148.0,0.0,15.6
2026-09-25T16:43:50.118Z,2026-09-25T16:43:50.000Z,229.129,2.6,149.0,0.0,15.6
2026-09-25T16:43:50.325Z,2026-09-25T16:43:50.200Z,229.336,2.6,149.0,0.0,15.6
2026-09-25T16:43:50.518Z,2026-09-25T16:43:50.400Z,229.529,2.6,150.0,0.0,15.6
2026-09-25T16:43:50.725Z,2026-09-25T16:43:50.600Z,229.736,2.6,149.0,0.0,15.6
2026-09-25T16:43:50.917Z,2026-09-25T16:43:50.800Z,229.928,2.5,150.0,0.0,15.6
2026-09-25T16:43:51.125Z,2026-09-25T16:43:51.000Z,230.136,2.5,150.0,0.0,15.6
2026-09-25T16:43:51.317Z,2026-09-25T16:43:51.200Z,230.329,2.5,151.0,0.0,15.6
2026-09-25T16:43:51.524Z,2026-09-25T16:43:51.400Z,230.535,2.5,153.0,0.0,15.6
2026-09-25T16:43:51.717Z,2026-09-25T16:43:51.600Z,230.729,2.4,154.0,0.0,15.6
2026-09-25T16:43:51.924Z,2026-09-25T16:43:51.800Z,230.935,2.4,154.0,0.0,15.6
2026-09-25T16:43:52.131Z,2026-09-25T16:43:52.000Z,231.142,2.4,154.0,0.0,15.6
2026-09-25T16:43:52.324Z,2026-09-25T16:43:52.200Z,231.335,2.4,153.0,0.0,15.6
2026-09-25T16:43:52.531Z,2026-09-25T16:43:52.400Z,231.542,2.4,153.0,0.0,15.6
2026-09-25T16:43:52.723Z,2026-09-25T16:43:52.600Z,231.735,2.5,152.0,0.0,15.6
2026-09-25T16:43:52.930Z,2026-09-25T16:43:52.800Z,231.942,2.5,152.0,0.0,15.6
2026-09-25T16:43:53.123Z,2026-09-25T16:43:53.000Z,232.134,2.5,151.0,0.0,15.6
2026-09-25T16:43:53.330Z,2026-09-25T16:43:53.200Z,232.341,2.5,151.0,0.0,15.6
2026-09-25T16:43:53.523Z,2026-09-25T16:43:53.400Z,232.534,2.6,150.0,0.0,15.5
2026-09-25T16:43:53.730Z,2026-09-25T16:43:53.600Z,232.741,2.6,152.0,0.0,15.5
2026-09-25T16:43:53.923Z,2026-09-25T16:43:53.800Z,232.934,2.6,152.0,0.0,15.5
2026-09-25T16:43:54.130Z,2026-09-25T16:43:54.000Z,233.141,2.6,152.0,0.0,15.5
2026-09-25T16:43:54.322Z,2026-09-25T16:43:54.200Z,233.334,2.6,153.0,0.0,15.5
2026-09-25T16:43:54.529Z,2026-09-25T16:43:54.400Z,233.541,2.5,153.0,0.0,15.5
2026-09-25T16:43:54.722Z,2026-09-25T16:43:54.600Z,233.733,2.6,153.0,0.0,15.5
2026-09-25T16:43:54.929Z,2026-09-25T16:43:54.800Z,233.94,2.6,152.0,0.0,15.5
2026-09-25T16:43:55.122Z,2026-09-25T16:43:55.000Z,234.133,2.6,152.0,0.0,15.5
2026-09-25T16:43:55.329Z,2026-09-25T16:43:55.200Z,234.34,2.6,152.0,0.0,15.5
2026-09-25T16:43:55.522Z,2026-09-25T16:43:55.400Z,234.533,2.6,151.0,0.0,15.5
2026-09-25T16:43:55.729Z,2026-09-25T16:43:55.600Z,234.74,2.6,150.0,0.0,15.5
2026-09-25T16:43:55.921Z,2026-09-25T16:43:55.800Z,234.933,2.6,150.0,0.0,15.5
2026-09-25T16:43:56.128Z,2026-09-25T16:43:56.000Z,235.14,2.7,147.0,0.0,15.5
2026-09-25T16:43:56.321Z,2026-09-25T16:43:56.200Z,235.332,2.6,148.0,0.0,15.5
2026-09-25T16:43:56.528Z,2026-09-25T16:43:56.400Z,235.539,2.7,147.0,0.0,15.5
2026-09-25T16:43:56.721Z,2026-09-25T16:43:56.600Z,235.732,2.8,146.0,0.0,15.5
2026-09-25T16:43:56.928Z,2026-09-25T16:43:56.800Z,235.939,2.8,151.0,0.0,15.5
2026-09-25T16:43:57.120Z,2026-09-25T16:43:57.000Z,236.132,2.8,150.0,0.0,15.5
2026-09-25T16:43:57.327Z,2026-09-25T16:43:57.200Z,236.339,3.0,151.0,0.0,15.5
2026-09-25T16:43:57.520Z,2026-09-25T16:43:57.400Z,236.531,3.2,150.0,0.0,15.5
2026-09-25T16:43:57.727Z,2026-09-25T16:43:57.600Z,236.739,3.3,151.0,0.0,15.5
2026-09-25T16:43:57.920Z,2026-09-25T16:43:57.800Z,236.931,3.4,152.0,0.0,15.5
2026-09-25T16:43:58.127Z,2026-09-25T16:43:58.000Z,237.138,3.5,153.0,0.0,15.5
2026-09-25T16:43:58.320Z,2026-09-25T16:43:58.200Z,237.331,3.5,154.0,0.0,15.5
2026-09-25T16:43:58.527Z,2026-09-25T16:43:58.400Z,237.538,3.5,151.0,0.0,15.5
2026-09-25T16:43:58.719Z,2026-09-25T16:43:58.600Z,237.731,3.5,153.0,0.0,15.5
2026-09-25T16:43:58.926Z,2026-09-25T16:43:58.800Z,237.938,3.4,153.0,0.0,15.5
2026-09-25T16:43:59.119Z,2026-09-25T16:43:59.000Z,238.13,3.3,155.0,0.0,15.5
2026-09-25T16:43:59.326Z,2026-09-25T16:43:59.200Z,238.337,3.2,151.0,0.0,15.5
2026-09-25T16:43:59.519Z,2026-09-25T16:43:59.400Z,238.53,3.3,152.0,0.0,15.5
2026-09-25T16:43:59.726Z,2026-09-25T16:43:59.600Z,238.737,3.2,152.0,0.0,15.5
2026-09-25T16:43:59.918Z,2026-09-25T16:43:59.800Z,238.93,3.2,150.0,0.0,15.5
2026-09-25T16:44:00.126Z,2026-09-25T16:44:00.000Z,239.137,3.1,151.0,0.0,15.5
2026-09-25T16:44:00.318Z,2026-09-25T16:44:00.200Z,239.329,3.2,151.0,0.0,15.5
2026-09-25T16:44:00.525Z,2026-09-25T16:44:00.400Z,239.537,3.3,155.0,0.0,15.5
2026-09-25T16:44:00.718Z,2026-09-25T16:44:00.600Z,239.729,3.2,155.0,0.0,15.5
2026-09-25T16:44:00.925Z,2026-09-25T16:44:00.800Z,239.936,3.2,155.0,0.0,15.5
2026-09-25T16:44:01.117Z,2026-09-25T16:44:01.000Z,240.129,3.1,155.0,0.0,15.5
2026-09-25T16:44:01.325Z,2026-09-25T16:44:01.200Z,240.336,3.1,155.0,0.0,15.5
2026-09-25T16:44:01.517Z,2026-09-25T16:44:01.400Z,240.528,3.2,153.0,0.0,15.5
2026-09-25T16:44:01.725Z,2026-09-25T16:44:01.600Z,240.736,3.3,152.0,0.0,15.4
2026-09-25T16:44:01.918Z,2026-09-25T16:44:01.800Z,240.929,3.2,151.0,0.0,15.4
2026-09-25T16:44:02.124Z,2026-09-25T16:44:02.000Z,241.136,3.2,150.0,0.0,15.4
2026-09-25T16:44:02.317Z,2026-09-25T16:44:02.200Z,241.329,3.3,150.0,0.0,15.4
2026-09-25T16:44:02.524Z,2026-09-25T16:44:02.400Z,241.535,3.3,151.0,0.0,15.4
2026-09-25T16:44:02.731Z,2026-09-25T16:44:02.600Z,241.742,3.3,150.0,0.0,15.4
2026-09-25T16:44:02.924Z,2026-09-25T16:44:02.800Z,241.935,3.3,151.0,0.0,15.4
2026-09-25T16:44:03.131Z,2026-09-25T16:44:03.000Z,242.142,3.3,154.0,0.0,15.4
2026-09-25T16:44:03.323Z,2026-09-25T16:44:03.200Z,242.335,3.3,154.0,0.0,15.4
2026-09-25T16:44:03.531Z,2026-09-25T16:44:03.400Z,242.542,3.3,155.0,0.0,15.4
2026-09-25T16:44:03.723Z,2026-09-25T16:44:03.600Z,242.734,3.2,155.0,0.0,15.4
2026-09-25T16:44:03.930Z,2026-09-25T16:44:03.800Z,242.942,3.2,155.0,0.0,15.4
2026-09-25T16:44:04.123Z,2026-09-25T16:44:04.000Z,243.134,3.2,153.0,0.0,15.4
2026-09-25T16:44:04.330Z,2026-09-25T16:44:04.200Z,243.341,3.2,154.0,0.0,15.4
2026-09-25T16:44:04.522Z,2026-09-25T16:44:04.400Z,243.534,3.3,153.0,0.0,15.4
2026-09-25T16:44:04.730Z,2026-09-25T16:44:04.600Z,243.742,3.3,152.0,0.0,15.4
2026-09-25T16:44:04.922Z,2026-09-25T16:44:04.800Z,243.934,3.3,152.0,0.0,15.4
2026-09-25T16:44:05.129Z,2026-09-25T16:44:05.000Z,244.141,3.2,151.0,0.0,15.4
2026-09-25T16:44:05.322Z,2026-09-25T16:44:05.200Z,244.333,3.2,151.0,0.0,15.4
2026-09-25T16:44:05.529Z,2026-09-25T16:44:05.400Z,244.54,3.2,152.0,0.0,15.4
2026-09-25T16:44:05.722Z,2026-09-25T16:44:05.600Z,244.733,3.2,152.0,0.0,15.4
2026-09-25T16:44:05.929Z,2026-09-25T16:44:05.800Z,244.94,3.2,152.0,0.0,15.4
2026-09-25T16:44:06.121Z,2026-09-25T16:44:06.000Z,245.133,3.1,152.0,0.0,15.4
2026-09-25T16:44:06.329Z,2026-09-25T16:44:06.200Z,245.34,3.1,151.0,0.0,15.4
2026-09-25T16:44:06.521Z,2026-09-25T16:44:06.400Z,245.532,3.1,151.0,0.0,15.4
2026-09-25T16:44:06.728Z,2026-09-25T16:44:06.600Z,245.74,3.2,151.0,0.0,15.4
2026-09-25T16:44:06.921Z,2026-09-25T16:44:06.800Z,245.932,3.3,151.0,0.0,15.4
2026-09-25T16:44:07.128Z,2026-09-25T16:44:07.000Z,246.139,3.4,149.0,0.0,15.4
2026-09-25T16:44:07.321Z,2026-09-25T16:44:07.200Z,246.332,3.5,150.0,0.0,15.4
2026-09-25T16:44:07.528Z,2026-09-25T16:44:07.400Z,246.539,3.5,148.0,0.0,15.4
2026-09-25T16:44:07.720Z,2026-09-25T16:44:07.600Z,246.732,3.4,147.0,0.0,15.4
2026-09-25T16:44:07.928Z,2026-09-25T16:44:07.800Z,246.939,3.4,149.0,0.0,15.4
2026-09-25T16:44:08.120Z,2026-09-25T16:44:08.000Z,247.131,3.3,148.0,0.0,15.4
2026-09-25T16:44:08.327Z,2026-09-25T16:44:08.200Z,247.339,3.2,148.0,0.0,15.4
2026-09-25T16:44:08.520Z,2026-09-25T16:44:08.400Z,247.531,3.0,150.0,0.0,15.4
2026-09-25T16:44:08.727Z,2026-09-25T16:44:08.600Z,247.738,2.9,150.0,0.0,15.4
2026-09-25T16:44:08.920Z,2026-09-25T16:44:08.800Z,247.931,2.9,148.0,0.0,15.4
2026-09-25T16:44:09.127Z,2026-09-25T16:44:09.000Z,248.138,3.0,150.0,0.0,15.4
2026-09-25T16:44:09.319Z,2026-09-25T16:44:09.200Z,248.331,3.0,149.0,0.0,15.4
2026-09-25T16:44:09.526Z,2026-09-25T16:44:09.400Z,248.538,3.1,150.0,0.0,15.4
2026-09-25T16:44:09.719Z,2026-09-25T16:44:09.600Z,248.731,3.2,154.0,0.0,15.4
2026-09-25T16:44:09.926Z,2026-09-25T16:44:09.800Z,248.938,3.4,154.0,0.0,15.4
2026-09-25T16:44:10.119Z,2026-09-25T16:44:10.000Z,249.13,3.3,154.0,0.0,15.4
2026-09-25T16:44:10.326Z,2026-09-25T16:44:10.200Z,249.337,3.4,149.0,0.0,15.4
2026-09-25T16:44:10.518Z,2026-09-25T16:44:10.400Z,249.53,3.2,150.0,0.0,15.4
2026-09-25T16:44:10.726Z,2026-09-25T16:44:10.600Z,249.737,2.9,147.0,0.0,15.4
2026-09-25T16:44:10.919Z,2026-09-25T16:44:10.800Z,249.93,3.0,145.0,0.0,15.4
2026-09-25T16:44:11.125Z,2026-09-25T16:44:11.000Z,250.137,2.9,144.0,0.0,15.4
2026-09-25T16:44:11.318Z,2026-09-25T16:44:11.200Z,250.329,2.8,143.0,0.0,15.4
2026-09-25T16:44:11.525Z,2026-09-25T16:44:11.400Z,250.536,2.8,141.0,0.0,15.4
2026-09-25T16:44:11.718Z,2026-09-25T16:44:11.600Z,250.729,2.9,141.0,0.0,15.4
2026-09-25T16:44:11.925Z,2026-09-25T16:44:11.800Z,250.936,2.7,145.0,0.0,15.4
2026-09-25T16:44:12.118Z,2026-09-25T16:44:12.000Z,251.129,2.8,144.0,0.0,15.4
2026-09-25T16:44:12.324Z,2026-09-25T16:44:12.200Z,251.336,2.8,146.0,0.0,15.4
2026-09-25T16:44:12.517Z,2026-09-25T16:44:12.400Z,251.528,2.7,149.0,0.0,15.4
2026-09-25T16:44:12.724Z,2026-09-25T16:44:12.600Z,251.736,2.7,149.0,0.0,15.4
2026-09-25T16:44:12.917Z,2026-09-25T16:44:12.800Z,251.928,2.7,145.0,0.0,15.4
2026-09-25T16:44:13.124Z,2026-09-25T16:44:13.000Z,252.135,2.4,148.0,0.0,15.4
2026-09-25T16:44:13.331Z,2026-09-25T16:44:13.200Z,252.342,2.4,148.0,0.0,15.4
2026-09-25T16:44:13.523Z,2026-09-25T16:44:13.400Z,252.535,2.4,149.0,0.0,15.4
2026-09-25T16:44:13.731Z,2026-09-25T16:44:13.600Z,252.742,2.3,148.0,0.0,15.4
2026-09-25T16:44:13.923Z,2026-09-25T16:44:13.800Z,252.935,2.3,147.0,0.0,15.4
2026-09-25T16:44:14.130Z,2026-09-25T16:44:14.000Z,253.142,2.3,146.0,0.0,15.4
2026-09-25T16:44:14.323Z,2026-09-25T16:44:14.200Z,253.335,2.4,142.0,0.0,15.4
2026-09-25T16:44:14.530Z,2026-09-25T16:44:14.400Z,253.541,2.3,143.0,0.0,15.4
2026-09-25T16:44:14.723Z,2026-09-25T16:44:14.600Z,253.734,2.3,139.0,0.0,15.4
2026-09-25T16:44:14.930Z,2026-09-25T16:44:14.800Z,253.941,2.5,137.0,0.0,15.4
2026-09-25T16:44:15.123Z,2026-09-25T16:44:15.000Z,254.134,2.6,137.0,0.0,15.4
2026-09-25T16:44:15.330Z,2026-09-25T16:44:15.200Z,254.341,2.7,140.0,0.0,15.4
2026-09-25T16:44:15.522Z,2026-09-25T16:44:15.400Z,254.534,2.9,139.0,0.0,15.4
2026-09-25T16:44:15.729Z,2026-09-25T16:44:15.600Z,254.741,2.9,139.0,0.0,15.4
2026-09-25T16:44:15.922Z,2026-09-25T16:44:15.800Z,254.933,2.9,140.0,0.0,15.4
2026-09-25T16:44:16.129Z,2026-09-25T16:44:16.000Z,255.14,2.8,139.0,0.0,15.4
2026-09-25T16:44:16.322Z,2026-09-25T16:44:16.200Z,255.333,2.9,137.0,0.0,15.4
2026-09-25T16:44:16.529Z,2026-09-25T16:44:16.400Z,255.54,2.7,137.0,0.0,15.5
2026-09-25T16:44:16.721Z,2026-09-25T16:44:16.600Z,255.732,2.6,133.0,0.0,15.5
2026-09-25T16:44:16.929Z,2026-09-25T16:44:16.800Z,255.94,2.5,129.0,0.0,15.5
2026-09-25T16:44:17.121Z,2026-09-25T16:44:17.000Z,256.132,2.4,130.0,0.0,15.5
2026-09-25T16:44:17.328Z,2026-09-25T16:44:17.200Z,256.34,2.4,130.0,0.0,15.5
2026-09-25T16:44:17.521Z,2026-09-25T16:44:17.400Z,256.532,2.4,130.0,0.0,15.5
2026-09-25T16:44:17.728Z,2026-09-25T16:44:17.600Z,256.739,2.5,132.0,0.0,15.5
2026-09-25T16:44:17.921Z,2026-09-25T16:44:17.800Z,256.932,2.6,131.0,0.0,15.5
2026-09-25T16:44:18.128Z,2026-09-25T16:44:18.000Z,257.139,2.6,133.0,0.0,15.5
2026-09-25T16:44:18.320Z,2026-09-25T16:44:18.200Z,257.332,2.6,134.0,0.0,15.5
2026-09-25T16:44:18.527Z,2026-09-25T16:44:18.400Z,257.539,2.7,134.0,0.0,15.5
2026-09-25T16:44:18.720Z,2026-09-25T16:44:18.600Z,257.731,2.7,134.0,0.0,15.4
2026-09-25T16:44:18.927Z,2026-09-25T16:44:18.800Z,257.938,2.8,135.0,0.0,15.4
2026-09-25T16:44:19.120Z,2026-09-25T16:44:19.000Z,258.131,2.7,136.0,0.0,15.4
2026-09-25T16:44:19.327Z,2026-09-25T16:44:19.200Z,258.338,2.7,136.0,0.0,15.4
2026-09-25T16:44:19.519Z,2026-09-25T16:44:19.400Z,258.531,2.7,136.0,0.0,15.4
2026-09-25T16:44:19.727Z,2026-09-25T16:44:19.600Z,258.738,2.7,137.0,0.0,15.4
2026-09-25T16:44:19.919Z,2026-09-25T16:44:19.800Z,258.93,2.7,137.0,0.0,15.4
2026-09-25T16:44:20.126Z,2026-09-25T16:44:20.000Z,259.138,2.6,138.0,0.0,15.4
2026-09-25T16:44:20.319Z,2026-09-25T16:44:20.200Z,259.33,2.6,138.0,0.0,15.4
2026-09-25T16:44:20.526Z,2026-09-25T16:44:20.400Z,259.537,2.5,137.0,0.0,15.4
2026-09-25T16:44:20.719Z,2026-09-25T16:44:20.600Z,259.73,2.5,138.0,0.0,15.4
2026-09-25T16:44:20.926Z,2026-09-25T16:44:20.800Z,259.937,2.5,138.0,0.0,15.4
2026-09-25T16:44:21.119Z,2026-09-25T16:44:21.000Z,260.13,2.5,138.0,0.0,15.4
2026-09-25T16:44:21.326Z,2026-09-25T16:44:21.200Z,260.337,2.5,140.0,0.0,15.4
2026-09-25T16:44:21.519Z,2026-09-25T16:44:21.400Z,260.53,2.4,139.0,0.0,15.4
2026-09-25T16:44:21.725Z,2026-09-25T16:44:21.600Z,260.736,2.4,139.0,0.0,15.4
2026-09-25T16:44:21.918Z,2026-09-25T16:44:21.800Z,260.929,2.4,140.0,0.0,15.4
2026-09-25T16:44:22.125Z,2026-09-25T16:44:22.000Z,261.136,2.4,139.0,0.0,15.4
2026-09-25T16:44:22.318Z,2026-09-25T16:44:22.200Z,261.329,2.3,139.0,0.0,15.4
2026-09-25T16:44:22.525Z,2026-09-25T16:44:22.400Z,261.536,2.3,139.0,0.0,15.4
2026-09-25T16:44:22.718Z,2026-09-25T16:44:22.600Z,261.729,2.2,137.0,0.0,15.4
2026-09-25T16:44:22.924Z,2026-09-25T16:44:22.800Z,261.936,2.2,136.0,0.0,15.4
2026-09-25T16:44:23.117Z,2026-09-25T16:44:23.000Z,262.128,2.2,135.0,0.0,15.4
2026-09-25T16:44:23.324Z,2026-09-25T16:44:23.200Z,262.336,2.1,136.0,0.0,15.4
2026-09-25T16:44:23.517Z,2026-09-25T16:44:23.400Z,262.528,2.1,135.0,0.0,15.4
2026-09-25T16:44:23.724Z,2026-09-25T16:44:23.600Z,262.735,2.1,135.0,0.0,15.4
2026-09-25T16:44:23.931Z,2026-09-25T16:44:23.800Z,262.942,2.1,135.0,0.0,15.4
2026-09-25T16:44:24.124Z,2026-09-25T16:44:24.000Z,263.135,2.1,134.0,0.0,15.4
2026-09-25T16:44:24.331Z,2026-09-25T16:44:24.200Z,263.342,2.1,131.0,0.0,15.4
2026-09-25T16:44:24.523Z,2026-09-25T16:44:24.400Z,263.535,2.0,133.0,0.0,15.4
2026-09-25T16:44:24.730Z,2026-09-25T16:44:24.600Z,263.742,2.0,133.0,0.0,15.4
2026-09-25T16:44:24.923Z,2026-09-25T16:44:24.800Z,263.934,2.0,133.0,0.0,15.4
2026-09-25T16:44:25.130Z,2026-09-25T16:44:25.000Z,264.141,1.9,134.0,0.0,15.4
2026-09-25T16:44:25.323Z,2026-09-25T16:44:25.200Z,264.334,1.9,135.0,0.0,15.4
2026-09-25T16:44:25.530Z,2026-09-25T16:44:25.400Z,264.541,1.9,135.0,0.0,15.4
2026-09-25T16:44:25.722Z,2026-09-25T16:44:25.600Z,264.734,1.8,134.0,0.0,15.4
2026-09-25T16:44:25.930Z,2026-09-25T16:44:25.800Z,264.941,1.8,136.0,0.0,15.4
2026-09-25T16:44:26.122Z,2026-09-25T16:44:26.000Z,265.133,1.8,137.0,0.0,15.4
2026-09-25T16:44:26.329Z,2026-09-25T16:44:26.200Z,265.341,1.9,138.0,0.0,15.4
2026-09-25T16:44:26.522Z,2026-09-25T16:44:26.400Z,265.533,1.9,140.0,0.0,15.4
2026-09-25T16:44:26.729Z,2026-09-25T16:44:26.600Z,265.74,2.0,141.0,0.0,15.4
2026-09-25T16:44:26.922Z,2026-09-25T16:44:26.800Z,265.933,2.1,142.0,0.0,15.4
2026-09-25T16:44:27.129Z,2026-09-25T16:44:27.000Z,266.14,2.2,143.0,0.0,15.4
2026-09-25T16:44:27.321Z,2026-09-25T16:44:27.200Z,266.333,2.3,144.0,0.0,15.4
2026-09-25T16:44:27.528Z,2026-09-25T16:44:27.400Z,266.54,2.3,147.0,0.0,15.4
2026-09-25T16:44:27.722Z,2026-09-25T16:44:27.600Z,266.733,2.4,145.0,0.0,15.4
2026-09-25T16:44:27.928Z,2026-09-25T16:44:27.800Z,266.939,2.4,145.0,0.0,15.4
2026-09-25T16:44:28.121Z,2026-09-25T16:44:28.000Z,267.132,2.4,146.0,0.0,15.4
2026-09-25T16:44:28.328Z,2026-09-25T16:44:28.200Z,267.339,2.3,144.0,0.0,15.4
2026-09-25T16:44:28.520Z,2026-09-25T16:44:28.400Z,267.532,2.4,144.0,0.0,15.4
2026-09-25T16:44:28.728Z,2026-09-25T16:44:28.600Z,267.739,2.4,144.0,0.0,15.4
2026-09-25T16:44:28.921Z,2026-09-25T16:44:28.800Z,267.932,2.4,144.0,0.0,15.4
2026-09-25T16:44:29.127Z,2026-09-25T16:44:29.000Z,268.139,2.4,141.0,0.0,15.4
2026-09-25T16:44:29.320Z,2026-09-25T16:44:29.200Z,268.331,2.5,140.0,0.0,15.4
2026-09-25T16:44:29.527Z,2026-09-25T16:44:29.400Z,268.539,2.5,139.0,0.0,15.4
2026-09-25T16:44:29.720Z,2026-09-25T16:44:29.600Z,268.731,2.7,140.0,0.0,15.4
2026-09-25T16:44:29.927Z,2026-09-25T16:44:29.800Z,268.938,2.8,139.0,0.0,15.4
2026-09-25T16:44:30.120Z,2026-09-25T16:44:30.000Z,269.131,2.9,138.0,0.0,15.4
2026-09-25T16:44:30.327Z,2026-09-25T16:44:30.200Z,269.338,2.9,139.0,0.0,15.4
2026-09-25T16:44:30.519Z,2026-09-25T16:44:30.400Z,269.53,3.0,138.0,0.0,15.4
2026-09-25T16:44:30.726Z,2026-09-25T16:44:30.600Z,269.738,3.0,139.0,0.0,15.4
2026-09-25T16:44:30.919Z,2026-09-25T16:44:30.800Z,269.93,3.0,138.0,0.0,15.4
2026-09-25T16:44:31.126Z,2026-09-25T16:44:31.000Z,270.138,3.0,138.0,0.0,15.4
2026-09-25T16:44:31.319Z,2026-09-25T16:44:31.200Z,270.33,2.9,138.0,0.0,15.4
2026-09-25T16:44:31.526Z,2026-09-25T16:44:31.400Z,270.537,2.9,140.0,0.0,15.4
2026-09-25T16:44:31.718Z,2026-09-25T16:44:31.600Z,270.73,2.9,140.0,0.0,15.4
2026-09-25T16:44:31.925Z,2026-09-25T16:44:31.800Z,270.937,2.8,140.0,0.0,15.4
2026-09-25T16:44:32.118Z,2026-09-25T16:44:32.000Z,271.129,2.8,142.0,0.0,15.4
2026-09-25T16:44:32.325Z,2026-09-25T16:44:32.200Z,271.336,2.8,142.0,0.0,15.4
2026-09-25T16:44:32.518Z,2026-09-25T16:44:32.400Z,271.529,2.8,141.0,0.0,15.4
2026-09-25T16:44:32.725Z,2026-09-25T16:44:32.600Z,271.736,2.7,143.0,0.0,15.4
2026-09-25T16:44:32.918Z,2026-09-25T16:44:32.800Z,271.929,2.7,143.0,0.0,15.4
2026-09-25T16:44:33.124Z,2026-09-25T16:44:33.000Z,272.136,2.6,143.0,0.0,15.4
2026-09-25T16:44:33.317Z,2026-09-25T16:44:33.200Z,272.329,2.5,145.0,0.0,15.4
2026-09-25T16:44:33.524Z,2026-09-25T16:44:33.400Z,272.536,2.5,142.0,0.0,15.4
2026-09-25T16:44:33.717Z,2026-09-25T16:44:33.600Z,272.728,2.5,142.0,0.0,15.4
2026-09-25T16:44:33.924Z,2026-09-25T16:44:33.800Z,272.935,2.5,142.0,0.0,15.4
2026-09-25T16:44:34.117Z,2026-09-25T16:44:34.000Z,273.128,2.5,143.0,0.0,15.4
2026-09-25T16:44:34.324Z,2026-09-25T16:44:34.200Z,273.335,2.5,143.0,0.0,15.4
2026-09-25T16:44:34.531Z,2026-09-25T16:44:34.400Z,273.542,2.5,144.0,0.0,15.4
2026-09-25T16:44:34.724Z,2026-09-25T16:44:34.600Z,273.735,2.5,144.0,0.0,15.4
2026-09-25T16:44:34.931Z,2026-09-25T16:44:34.800Z,273.942,2.6,146.0,0.0,15.4
2026-09-25T16:44:35.123Z,2026-09-25T16:44:35.000Z,274.135,2.6,147.0,0.0,15.4
2026-09-25T16:44:35.330Z,2026-09-25T16:44:35.200Z,274.342,2.6,148.0,0.0,15.4
2026-09-25T16:44:35.523Z,2026-09-25T16:44:35.400Z,274.534,2.6,148.0,0.0,15.4
2026-09-25T16:44:35.730Z,2026-09-25T16:44:35.600Z,274.741,2.6,149.0,0.0,15.4
2026-09-25T16:44:35.923Z,2026-09-25T16:44:35.800Z,274.934,2.5,149.0,0.0,15.4
2026-09-25T16:44:36.130Z,2026-09-25T16:44:36.000Z,275.141,2.4,149.0,0.0,15.4
2026-09-25T16:44:36.323Z,2026-09-25T16:44:36.200Z,275.334,2.4,148.0,0.0,15.4
2026-09-25T16:44:36.530Z,2026-09-25T16:44:36.400Z,275.541,2.3,149.0,0.0,15.4
2026-09-25T16:44:36.722Z,2026-09-25T16:44:36.600Z,275.734,2.3,149.0,0.0,15.4
2026-09-25T16:44:36.929Z,2026-09-25T16:44:36.800Z,275.94,2.2,149.0,0.0,15.4
2026-09-25T16:44:37.122Z,2026-09-25T16:44:37.000Z,276.133,2.3,149.0,0.0,15.4
2026-09-25T16:44:37.329Z,2026-09-25T16:44:37.200Z,276.34,2.3,149.0,0.0,15.4
2026-09-25T16:44:37.521Z,2026-09-25T16:44:37.400Z,276.533,2.4,148.0,0.0,15.4
2026-09-25T16:44:37.729Z,2026-09-25T16:44:37.600Z,276.74,2.4,148.0,0.0,15.3
2026-09-25T16:44:37.921Z,2026-09-25T16:44:37.800Z,276.932,2.4,149.0,0.0,15.3
2026-09-25T16:44:38.128Z,2026-09-25T16:44:38.000Z,277.14,2.4,149.0,0.0,15.3
2026-09-25T16:44:38.321Z,2026-09-25T16:44:38.200Z,277.332,2.4,148.0,0.0,15.3
2026-09-25T16:44:38.528Z,2026-09-25T16:44:38.400Z,277.539,2.3,145.0,0.0,15.3
2026-09-25T16:44:38.721Z,2026-09-25T16:44:38.600Z,277.732,2.2,147.0,0.0,15.3
2026-09-25T16:44:38.928Z,2026-09-25T16:44:38.800Z,277.939,2.1,146.0,0.0,15.3
2026-09-25T16:44:39.121Z,2026-09-25T16:44:39.000Z,278.132,2.1,150.0,0.0,15.3
2026-09-25T16:44:39.327Z,2026-09-25T16:44:39.200Z,278.339,2.1,152.0,0.0,15.3
2026-09-25T16:44:39.520Z,2026-09-25T16:44:39.400Z,278.531,2.1,152.0,0.0,15.3
2026-09-25T16:44:39.727Z,2026-09-25T16:44:39.600Z,278.739,2.1,154.0,0.0,15.3
2026-09-25T16:44:39.920Z,2026-09-25T16:44:39.800Z,278.931,2.2,156.0,0.0,15.3
2026-09-25T16:44:40.127Z,2026-09-25T16:44:40.000Z,279.138,2.2,159.0,0.0,15.3
2026-09-25T16:44:40.320Z,2026-09-25T16:44:40.200Z,279.331,2.1,159.0,0.0,15.3
2026-09-25T16:44:40.527Z,2026-09-25T16:44:40.400Z,279.538,2.2,158.0,0.0,15.3
2026-09-25T16:44:40.719Z,2026-09-25T16:44:40.600Z,279.731,2.1,156.0,0.0,15.3
2026-09-25T16:44:40.926Z,2026-09-25T16:44:40.800Z,279.938,2.0,154.0,0.0,15.3
2026-09-25T16:44:41.119Z,2026-09-25T16:44:41.000Z,280.13,2.0,153.0,0.0,15.3
2026-09-25T16:44:41.326Z,2026-09-25T16:44:41.200Z,280.338,1.9,153.0,0.0,15.3
2026-09-25T16:44:41.519Z,2026-09-25T16:44:41.400Z,280.53,1.9,151.0,0.0,15.3
2026-09-25T16:44:41.726Z,2026-09-25T16:44:41.600Z,280.737,1.8,151.0,0.0,15.3
2026-09-25T16:44:41.919Z,2026-09-25T16:44:41.800Z,280.93,1.9,152.0,0.0,15.3
2026-09-25T16:44:42.126Z,2026-09-25T16:44:42.000Z,281.137,1.9,151.0,0.0,15.3
2026-09-25T16:44:42.318Z,2026-09-25T16:44:42.200Z,281.33,1.9,151.0,0.0,15.3
2026-09-25T16:44:42.525Z,2026-09-25T16:44:42.400Z,281.537,1.9,152.0,0.0,15.3
2026-09-25T16:44:42.718Z,2026-09-25T16:44:42.600Z,281.729,1.9,152.0,0.0,15.3
2026-09-25T16:44:42.925Z,2026-09-25T16:44:42.800Z,281.936,1.9,150.0,0.0,15.3
2026-09-25T16:44:43.118Z,2026-09-25T16:44:43.000Z,282.129,1.9,149.0,0.0,15.3
2026-09-25T16:44:43.325Z,2026-09-25T16:44:43.200Z,282.336,2.0,148.0,0.0,15.3
2026-09-25T16:44:43.517Z,2026-09-25T16:44:43.400Z,282.529,2.0,148.0,0.0,15.3
2026-09-25T16:44:43.725Z,2026-09-25T16:44:43.600Z,282.736,2.0,146.0,0.0,15.3
2026-09-25T16:44:43.917Z,2026-09-25T16:44:43.800Z,282.929,2.0,144.0,0.0,15.3
2026-09-25T16:44:44.124Z,2026-09-25T16:44:44.000Z,283.136,2.1,142.0,0.0,15.3
2026-09-25T16:44:44.317Z,2026-09-25T16:44:44.200Z,283.329,2.0,140.0,0.0,15.3
2026-09-25T16:44:44.524Z,2026-09-25T16:44:44.400Z,283.536,2.1,139.0,0.0,15.3
2026-09-25T16:44:44.717Z,2026-09-25T16:44:44.600Z,283.728,2.0,140.0,0.0,15.3
2026-09-25T16:44:44.924Z,2026-09-25T16:44:44.800Z,283.935,2.0,139.0,0.0,15.3
2026-09-25T16:44:45.117Z,2026-09-25T16:44:45.000Z,284.128,2.0,139.0,0.0,15.3
2026-09-25T16:44:45.324Z,2026-09-25T16:44:45.200Z,284.335,2.0,139.0,0.0,15.3
2026-09-25T16:44:45.531Z,2026-09-25T16:44:45.400Z,284.542,2.0,141.0,0.0,15.3
2026-09-25T16:44:45.723Z,2026-09-25T16:44:45.600Z,284.735,1.9,143.0,0.0,15.3
2026-09-25T16:44:45.930Z,2026-09-25T16:44:45.800Z,284.942,1.9,143.0,0.0,15.3
2026-09-25T16:44:46.123Z,2026-09-25T16:44:46.000Z,285.134,1.9,144.0,0.0,15.3
2026-09-25T16:44:46.330Z,2026-09-25T16:44:46.200Z,285.341,1.9,144.0,0.0,15.3
2026-09-25T16:44:46.523Z,2026-09-25T16:44:46.400Z,285.534,1.9,148.0,0.0,15.3
2026-09-25T16:44:46.730Z,2026-09-25T16:44:46.600Z,285.741,1.9,150.0,0.0,15.3
2026-09-25T16:44:46.923Z,2026-09-25T16:44:46.800Z,285.934,2.0,153.0,0.0,15.3
2026-09-25T16:44:47.130Z,2026-09-25T16:44:47.000Z,286.141,2.2,154.0,0.0,15.3
2026-09-25T16:44:47.322Z,2026-09-25T16:44:47.200Z,286.334,2.3,158.0,0.0,15.3
2026-09-25T16:44:47.529Z,2026-09-25T16:44:47.400Z,286.541,2.3,158.0,0.0,15.3
2026-09-25T16:44:47.722Z,2026-09-25T16:44:47.600Z,286.733,2.3,156.0,0.0,15.3
2026-09-25T16:44:47.929Z,2026-09-25T16:44:47.800Z,286.94,2.3,157.0,0.0,15.3
2026-09-25T16:44:48.122Z,2026-09-25T16:44:48.000Z,287.133,2.3,154.0,0.0,15.3
2026-09-25T16:44:48.329Z,2026-09-25T16:44:48.200Z,287.34,2.3,151.0,0.0,15.3
2026-09-25T16:44:48.521Z,2026-09-25T16:44:48.400Z,287.533,2.2,148.0,0.0,15.3
2026-09-25T16:44:48.729Z,2026-09-25T16:44:48.600Z,287.74,1.9,149.0,0.0,15.3
2026-09-25T16:44:48.921Z,2026-09-25T16:44:48.800Z,287.932,1.8,144.0,0.0,15.3
2026-09-25T16:44:49.128Z,2026-09-25T16:44:49.000Z,288.14,1.7,148.0,0.0,15.3
2026-09-25T16:44:49.321Z,2026-09-25T16:44:49.200Z,288.332,1.8,151.0,0.0,15.3
2026-09-25T16:44:49.528Z,2026-09-25T16:44:49.400Z,288.539,1.8,152.0,0.0,15.3
2026-09-25T16:44:49.720Z,2026-09-25T16:44:49.600Z,288.732,1.9,151.0,0.0,15.3
2026-09-25T16:44:49.928Z,2026-09-25T16:44:49.800Z,288.939,2.0,150.0,0.0,15.3
2026-09-25T16:44:50.120Z,2026-09-25T16:44:50.000Z,289.132,2.0,149.0,0.0,15.3
2026-09-25T16:44:50.327Z,2026-09-25T16:44:50.200Z,289.339,2.1,148.0,0.0,15.3
2026-09-25T16:44:50.520Z,2026-09-25T16:44:50.400Z,289.531,2.1,149.0,0.0,15.3
2026-09-25T16:44:50.727Z,2026-09-25T16:44:50.600Z,289.738,2.0,149.0,0.0,15.3
2026-09-25T16:44:50.920Z,2026-09-25T16:44:50.800Z,289.931,2.0,148.0,0.0,15.3
2026-09-25T16:44:51.127Z,2026-09-25T16:44:51.000Z,290.138,2.0,145.0,0.0,15.3
2026-09-25T16:44:51.319Z,2026-09-25T16:44:51.200Z,290.331,1.9,143.0,0.0,15.3
2026-09-25T16:44:51.527Z,2026-09-25T16:44:51.400Z,290.538,1.9,141.0,0.0,15.3
2026-09-25T16:44:51.719Z,2026-09-25T16:44:51.600Z,290.73,1.9,141.0,0.0,15.3
2026-09-25T16:44:51.926Z,2026-09-25T16:44:51.800Z,290.938,1.9,139.0,0.0,15.3
2026-09-25T16:44:52.119Z,2026-09-25T16:44:52.000Z,291.13,2.0,138.0,0.0,15.3
2026-09-25T16:44:52.326Z,2026-09-25T16:44:52.200Z,291.337,2.1,135.0,0.0,15.3
2026-09-25T16:44:52.518Z,2026-09-25T16:44:52.400Z,291.53,2.1,133.0,0.0,15.3
2026-09-25T16:44:52.726Z,2026-09-25T16:44:52.600Z,291.737,2.1,134.0,0.0,15.3
2026-09-25T16:44:52.918Z,2026-09-25T16:44:52.800Z,291.929,2.1,136.0,0.0,15.3
2026-09-25T16:44:53.125Z,2026-09-25T16:44:53.000Z,292.137,2.1,137.0,0.0,15.3
2026-09-25T16:44:53.318Z,2026-09-25T16:44:53.200Z,292.329,2.1,137.0,0.0,15.3
2026-09-25T16:44:53.525Z,2026-09-25T16:44:53.400Z,292.536,2.1,139.0,0.0,15.3
2026-09-25T16:44:53.718Z,2026-09-25T16:44:53.600Z,292.729,2.1,137.0,0.0,15.3
2026-09-25T16:44:53.925Z,2026-09-25T16:44:53.800Z,292.936,2.0,139.0,0.0,15.3
2026-09-25T16:44:54.118Z,2026-09-25T16:44:54.000Z,293.129,2.1,133.0,0.0,15.3
2026-09-25T16:44:54.325Z,2026-09-25T16:44:54.200Z,293.336,2.1,131.0,0.0,15.3
2026-09-25T16:44:54.518Z,2026-09-25T16:44:54.400Z,293.529,2.1,131.0,0.0,15.3
2026-09-25T16:44:54.724Z,2026-09-25T16:44:54.600Z,293.736,2.1,129.0,0.0,15.3
2026-09-25T16:44:54.917Z,2026-09-25T16:44:54.800Z,293.929,2.0,127.0,0.0,15.3
2026-09-25T16:44:55.124Z,2026-09-25T16:44:55.000Z,294.135,1.9,125.0,0.0,15.3
2026-09-25T16:44:55.317Z,2026-09-25T16:44:55.200Z,294.329,1.8,126.0,0.0,15.3
2026-09-25T16:44:55.524Z,2026-09-25T16:44:55.400Z,294.535,1.9,123.0,0.0,15.3
2026-09-25T16:44:55.716Z,2026-09-25T16:44:55.600Z,294.727,1.8,128.0,0.0,15.3
2026-09-25T16:44:55.924Z,2026-09-25T16:44:55.800Z,294.935,1.7,128.0,0.0,15.3
2026-09-25T16:44:56.131Z,2026-09-25T16:44:56.000Z,295.142,1.9,129.0,0.0,15.3
2026-09-25T16:44:56.323Z,2026-09-25T16:44:56.200Z,295.335,2.1,134.0,0.0,15.3
2026-09-25T16:44:56.530Z,2026-09-25T16:44:56.400Z,295.542,2.1,132.0,0.0,15.3
2026-09-25T16:44:56.723Z,2026-09-25T16:44:56.600Z,295.734,2.2,132.0,0.0,15.3
2026-09-25T16:44:56.930Z,2026-09-25T16:44:56.800Z,295.941,2.3,133.0,0.0,15.3
2026-09-25T16:44:57.123Z,2026-09-25T16:44:57.000Z,296.134,2.4,135.0,0.0,15.3
2026-09-25T16:44:57.330Z,2026-09-25T16:44:57.200Z,296.341,2.5,135.0,0.0,15.3
2026-09-25T16:44:57.523Z,2026-09-25T16:44:57.400Z,296.534,2.8,134.0,0.0,15.3
2026-09-25T16:44:57.730Z,2026-09-25T16:44:57.600Z,296.741,2.6,134.0,0.0,15.3
2026-09-25T16:44:57.923Z,2026-09-25T16:44:57.800Z,296.934,2.7,131.0,0.0,15.3
2026-09-25T16:44:58.129Z,2026-09-25T16:44:58.000Z,297.141,2.7,136.0,0.0,15.3
2026-09-25T16:44:58.322Z,2026-09-25T16:44:58.200Z,297.333,2.7,138.0,0.0,15.3
2026-09-25T16:44:58.529Z,2026-09-25T16:44:58.400Z,297.54,2.8,140.0,0.0,15.3
2026-09-25T16:44:58.722Z,2026-09-25T16:44:58.600Z,297.733,2.8,136.0,0.0,15.3
2026-09-25T16:44:58.929Z,2026-09-25T16:44:58.800Z,297.94,2.8,137.0,0.0,15.3
2026-09-25T16:44:59.121Z,2026-09-25T16:44:59.000Z,298.133,2.6,140.0,0.0,15.3
2026-09-25T16:44:59.329Z,2026-09-25T16:44:59.200Z,298.34,2.6,136.0,0.0,15.3
2026-09-25T16:44:59.521Z,2026-09-25T16:44:59.400Z,298.532,2.5,137.0,0.0,15.3
2026-09-25T16:44:59.728Z,2026-09-25T16:44:59.600Z,298.74,2.5,132.0,0.0,15.3
2026-09-25T16:44:59.921Z,2026-09-25T16:44:59.800Z,298.932,2.4,133.0,0.0,15.3
2026-09-25T16:45:00.128Z,2026-09-25T16:45:00.000Z,299.139,2.2,130.0,0.0,15.3
2026-09-25T16:45:00.321Z,2026-09-25T16:45:00.200Z,299.332,2.0,131.0,0.0,15.3
2026-09-25T16:45:00.528Z,2026-09-25T16:45:00.400Z,299.539,1.9,131.0,0.0,15.3
2026-09-25T16:45:00.720Z,2026-09-25T16:45:00.600Z,299.732,1.9,131.0,0.0,15.3
2026-09-25T16:45:00.928Z,2026-09-25T16:45:00.800Z,299.939,1.8,133.0,0.0,15.3
2026-09-25T16:45:01.120Z,2026-09-25T16:45:01.000Z,300.131,1.8,134.0,0.0,15.3
2026-09-25T16:45:01.327Z,2026-09-25T16:45:01.200Z,300.339,1.8,133.0,0.0,15.3
2026-09-25T16:45:01.520Z,2026-09-25T16:45:01.400Z,300.531,1.8,134.0,0.0,15.3
2026-09-25T16:45:01.727Z,2026-09-25T16:45:01.600Z,300.738,1.8,135.0,0.0,15.3
2026-09-25T16:45:01.919Z,2026-09-25T16:45:01.800Z,300.931,1.8,135.0,0.0,15.3
2026-09-25T16:45:02.127Z,2026-09-25T16:45:02.000Z,301.138,1.8,135.0,0.0,15.3
2026-09-25T16:45:02.319Z,2026-09-25T16:45:02.200Z,301.331,1.8,134.0,0.0,15.3
2026-09-25T16:45:02.526Z,2026-09-25T16:45:02.400Z,301.538,1.8,134.0,0.0,15.3
2026-09-25T16:45:02.719Z,2026-09-25T16:45:02.600Z,301.73,1.8,134.0,0.0,15.3
2026-09-25T16:45:02.926Z,2026-09-25T16:45:02.800Z,301.938,1.8,136.0,0.0,15.3
2026-09-25T16:45:03.119Z,2026-09-25T16:45:03.000Z,302.13,1.8,138.0,0.0,15.3
2026-09-25T16:45:03.326Z,2026-09-25T16:45:03.200Z,302.337,1.7,139.0,0.0,15.3
2026-09-25T16:45:03.519Z,2026-09-25T16:45:03.400Z,302.53,1.8,140.0,0.0,15.3
2026-09-25T16:45:03.726Z,2026-09-25T16:45:03.600Z,302.737,1.8,142.0,0.0,15.3
2026-09-25T16:45:03.918Z,2026-09-25T16:45:03.800Z,302.93,1.9,146.0,0.0,15.3
2026-09-25T16:45:04.125Z,2026-09-25T16:45:04.000Z,303.137,2.0,150.0,0.0,15.3
2026-09-25T16:45:04.318Z,2026-09-25T16:45:04.200Z,303.329,2.1,151.0,0.0,15.3
2026-09-25T16:45:04.525Z,2026-09-25T16:45:04.400Z,303.536,2.2,150.0,0.0,15.3
2026-09-25T16:45:04.718Z,2026-09-25T16:45:04.600Z,303.729,2.2,145.0,0.0,15.3
2026-09-25T16:45:04.925Z,2026-09-25T16:45:04.800Z,303.936,2.3,140.0,0.0,15.3
2026-09-25T16:45:05.117Z,2026-09-25T16:45:05.000Z,304.129,2.4,136.0,0.0,15.3
2026-09-25T16:45:05.325Z,2026-09-25T16:45:05.200Z,304.336,2.5,134.0,0.0,15.3
2026-09-25T16:45:05.517Z,2026-09-25T16:45:05.400Z,304.528,2.5,131.0,0.0,15.3
2026-09-25T16:45:05.724Z,2026-09-25T16:45:05.600Z,304.736,2.5,127.0,0.0,15.3
2026-09-25T16:45:05.917Z,2026-09-25T16:45:05.800Z,304.928,2.4,126.0,0.0,15.3
2026-09-25T16:45:06.124Z,2026-09-25T16:45:06.000Z,305.135,2.4,124.0,0.0,15.3
2026-09-25T16:45:06.317Z,2026-09-25T16:45:06.200Z,305.328,2.4,124.0,0.0,15.3
2026-09-25T16:45:06.524Z,2026-09-25T16:45:06.400Z,305.535,2.3,130.0,0.0,15.3
2026-09-25T16:45:06.731Z,2026-09-25T16:45:06.600Z,305.742,2.2,129.0,0.0,15.3
2026-09-25T16:45:06.924Z,2026-09-25T16:45:06.800Z,305.935,2.2,128.0,0.0,15.3
2026-09-25T16:45:07.131Z,2026-09-25T16:45:07.000Z,306.142,2.1,128.0,0.0,15.3
2026-09-25T16:45:07.323Z,2026-09-25T16:45:07.200Z,306.334,2.0,127.0,0.0,15.3
2026-09-25T16:45:07.530Z,2026-09-25T16:45:07.400Z,306.542,1.9,126.0,0.0,15.3
2026-09-25T16:45:07.723Z,2026-09-25T16:45:07.600Z,306.734,1.8,126.0,0.0,15.3
2026-09-25T16:45:07.930Z,2026-09-25T16:45:07.800Z,306.941,1.8,126.0,0.0,15.3
2026-09-25T16:45:08.122Z,2026-09-25T16:45:08.000Z,307.134,1.8,125.0,0.0,15.3
2026-09-25T16:45:08.330Z,2026-09-25T16:45:08.200Z,307.341,1.7,124.0,0.0,15.3
2026-09-25T16:45:08.522Z,2026-09-25T16:45:08.400Z,307.534,1.7,125.0,0.0,15.3
2026-09-25T16:45:08.729Z,2026-09-25T16:45:08.600Z,307.741,1.7,127.0,0.0,15.3
2026-09-25T16:45:08.922Z,2026-09-25T16:45:08.800Z,307.934,1.7,127.0,0.0,15.3
2026-09-25T16:45:09.129Z,2026-09-25T16:45:09.000Z,308.14,1.7,128.0,0.0,15.3
2026-09-25T16:45:09.322Z,2026-09-25T16:45:09.200Z,308.333,1.6,129.0,0.0,15.3
2026-09-25T16:45:09.529Z,2026-09-25T16:45:09.400Z,308.54,1.6,132.0,0.0,15.3
2026-09-25T16:45:09.722Z,2026-09-25T16:45:09.600Z,308.733,1.6,132.0,0.0,15.3
2026-09-25T16:45:09.929Z,2026-09-25T16:45:09.800Z,308.94,1.6,132.0,0.0,15.3
2026-09-25T16:45:10.121Z,2026-09-25T16:45:10.000Z,309.132,1.6,130.0,0.0,15.3
2026-09-25T16:45:10.328Z,2026-09-25T16:45:10.200Z,309.34,1.6,132.0,0.0,15.3
2026-09-25T16:45:10.521Z,2026-09-25T16:45:10.400Z,309.532,1.6,129.0,0.0,15.3
2026-09-25T16:45:10.728Z,2026-09-25T16:45:10.600Z,309.739,1.6,128.0,0.0,15.3
2026-09-25T16:45:10.921Z,2026-09-25T16:45:10.800Z,309.932,1.6,128.0,0.0,15.3
2026-09-25T16:45:11.128Z,2026-09-25T16:45:11.000Z,310.139,1.6,127.0,0.0,15.3
2026-09-25T16:45:11.320Z,2026-09-25T16:45:11.200Z,310.332,1.6,128.0,0.0,15.3
2026-09-25T16:45:11.528Z,2026-09-25T16:45:11.400Z,310.539,1.6,127.0,0.0,15.3
2026-09-25T16:45:11.720Z,2026-09-25T16:45:11.600Z,310.731,1.5,127.0,0.0,15.4
2026-09-25T16:45:11.927Z,2026-09-25T16:45:11.800Z,310.939,1.5,124.0,0.0,15.4
2026-09-25T16:45:12.120Z,2026-09-25T16:45:12.000Z,311.131,1.5,124.0,0.0,15.4
2026-09-25T16:45:12.327Z,2026-09-25T16:45:12.200Z,311.338,1.5,123.0,0.0,15.4
2026-09-25T16:45:12.519Z,2026-09-25T16:45:12.400Z,311.531,1.5,122.0,0.0,15.4
2026-09-25T16:45:12.727Z,2026-09-25T16:45:12.600Z,311.738,1.5,121.0,0.0,15.4
2026-09-25T16:45:12.919Z,2026-09-25T16:45:12.800Z,311.931,1.5,121.0,0.0,15.4
2026-09-25T16:45:13.126Z,2026-09-25T16:45:13.000Z,312.138,1.6,121.0,0.0,15.4
2026-09-25T16:45:13.319Z,2026-09-25T16:45:13.200Z,312.33,1.6,121.0,0.0,15.4
2026-09-25T16:45:13.526Z,2026-09-25T16:45:13.400Z,312.537,1.6,122.0,0.0,15.4
2026-09-25T16:45:13.719Z,2026-09-25T16:45:13.600Z,312.73,1.6,123.0,0.0,15.4
2026-09-25T16:45:13.926Z,2026-09-25T16:45:13.800Z,312.937,1.7,125.0,0.0,15.4
2026-09-25T16:45:14.118Z,2026-09-25T16:45:14.000Z,313.13,1.7,125.0,0.0,15.4
2026-09-25T16:45:14.326Z,2026-09-25T16:45:14.200Z,313.337,1.7,126.0,0.0,15.4
2026-09-25T16:45:14.518Z,2026-09-25T16:45:14.400Z,313.53,1.7,124.0,0.0,15.4
2026-09-25T16:45:14.725Z,2026-09-25T16:45:14.600Z,313.737,1.7,125.0,0.0,15.4
2026-09-25T16:45:14.918Z,2026-09-25T16:45:14.800Z,313.93,1.7,126.0,0.0,15.4
2026-09-25T16:45:15.125Z,2026-09-25T16:45:15.000Z,314.137,1.7,126.0,0.0,15.4
2026-09-25T16:45:15.318Z,2026-09-25T16:45:15.200Z,314.329,1.7,126.0,0.0,15.4
2026-09-25T16:45:15.525Z,2026-09-25T16:45:15.400Z,314.536,1.7,124.0,0.0,15.4
2026-09-25T16:45:15.717Z,2026-09-25T16:45:15.600Z,314.729,1.7,123.0,0.0,15.4
2026-09-25T16:45:15.925Z,2026-09-25T16:45:15.800Z,314.936,1.7,122.0,0.0,15.4
2026-09-25T16:45:16.117Z,2026-09-25T16:45:16.000Z,315.128,1.7,123.0,0.0,15.4
2026-09-25T16:45:16.324Z,2026-09-25T16:45:16.200Z,315.336,1.6,123.0,0.0,15.4
2026-09-25T16:45:16.517Z,2026-09-25T16:45:16.400Z,315.528,1.6,123.0,0.0,15.4
2026-09-25T16:45:16.724Z,2026-09-25T16:45:16.600Z,315.735,1.5,123.0,0.0,15.4
2026-09-25T16:45:16.917Z,2026-09-25T16:45:16.800Z,315.928,1.5,125.0,0.0,15.4
2026-09-25T16:45:17.124Z,2026-09-25T16:45:17.000Z,316.135,1.4,125.0,0.0,15.4
2026-09-25T16:45:17.331Z,2026-09-25T16:45:17.200Z,316.342,1.4,125.0,0.0,15.4
2026-09-25T16:45:17.524Z,2026-09-25T16:45:17.400Z,316.535,1.4,124.0,0.0,15.4
2026-09-25T16:45:17.731Z,2026-09-25T16:45:17.600Z,316.742,1.3,124.0,0.0,15.4
2026-09-25T16:45:17.923Z,2026-09-25T16:45:17.800Z,316.935,1.3,123.0,0.0,15.4
2026-09-25T16:45:18.130Z,2026-09-25T16:45:18.000Z,317.142,1.3,123.0,0.0,15.4
2026-09-25T16:45:18.323Z,2026-09-25T16:45:18.200Z,317.334,1.2,123.0,0.0,15.4
2026-09-25T16:45:18.530Z,2026-09-25T16:45:18.400Z,317.541,1.2,122.0,0.0,15.4
2026-09-25T16:45:18.723Z,2026-09-25T16:45:18.600Z,317.734,1.2,121.0,0.0,15.4
2026-09-25T16:45:18.930Z,2026-09-25T16:45:18.800Z,317.941,1.2,122.0,0.0,15.4
2026-09-25T16:45:19.122Z,2026-09-25T16:45:19.000Z,318.134,1.2,121.0,0.0,15.4
2026-09-25T16:45:19.330Z,2026-09-25T16:45:19.200Z,318.341,1.2,123.0,0.0,15.4
2026-09-25T16:45:19.522Z,2026-09-25T16:45:19.400Z,318.533,1.2,124.0,0.0,15.4
2026-09-25T16:45:19.729Z,2026-09-25T16:45:19.600Z,318.74,1.2,124.0,0.0,15.4
2026-09-25T16:45:19.922Z,2026-09-25T16:45:19.800Z,318.933,1.2,125.0,0.0,15.4
2026-09-25T16:45:20.129Z,2026-09-25T16:45:20.000Z,319.14,1.2,125.0,0.0,15.4
2026-09-25T16:45:20.322Z,2026-09-25T16:45:20.200Z,319.333,1.2,125.0,0.0,15.4
2026-09-25T16:45:20.529Z,2026-09-25T16:45:20.400Z,319.54,1.2,124.0,0.0,15.4
2026-09-25T16:45:20.721Z,2026-09-25T16:45:20.600Z,319.732,1.2,124.0,0.0,15.4
2026-09-25T16:45:20.928Z,2026-09-25T16:45:20.800Z,319.94,1.2,124.0,0.0,15.4
2026-09-25T16:45:21.121Z,2026-09-25T16:45:21.000Z,320.132,1.2,124.0,0.0,15.4
2026-09-25T16:45:21.328Z,2026-09-25T16:45:21.200Z,320.339,1.2,122.0,0.0,15.4
2026-09-25T16:45:21.521Z,2026-09-25T16:45:21.400Z,320.532,1.3,124.0,0.0,15.4
2026-09-25T16:45:21.728Z,2026-09-25T16:45:21.600Z,320.739,1.3,124.0,0.0,15.4
2026-09-25T16:45:21.921Z,2026-09-25T16:45:21.800Z,320.932,1.3,122.0,0.0,15.4
2026-09-25T16:45:22.128Z,2026-09-25T16:45:22.000Z,321.139,1.3,124.0,0.0,15.4
2026-09-25T16:45:22.320Z,2026-09-25T16:45:22.200Z,321.331,1.3,123.0,0.0,15.4
2026-09-25T16:45:22.527Z,2026-09-25T16:45:22.400Z,321.539,1.3,122.0,0.0,15.4
2026-09-25T16:45:22.720Z,2026-09-25T16:45:22.600Z,321.731,1.3,123.0,0.0,15.4
2026-09-25T16:45:22.927Z,2026-09-25T16:45:22.800Z,321.938,1.3,121.0,0.0,15.4
2026-09-25T16:45:23.120Z,2026-09-25T16:45:23.000Z,322.131,1.4,120.0,0.0,15.4
2026-09-25T16:45:23.327Z,2026-09-25T16:45:23.200Z,322.338,1.4,118.0,0.0,15.4
2026-09-25T16:45:23.520Z,2026-09-25T16:45:23.400Z,322.531,1.4,116.0,0.0,15.4
2026-09-25T16:45:23.727Z,2026-09-25T16:45:23.600Z,322.738,1.3,116.0,0.0,15.4
2026-09-25T16:45:23.920Z,2026-09-25T16:45:23.800Z,322.931,1.4,116.0,0.0,15.4
2026-09-25T16:45:24.126Z,2026-09-25T16:45:24.000Z,323.138,1.4,114.0,0.0,15.4
2026-09-25T16:45:24.319Z,2026-09-25T16:45:24.200Z,323.33,1.4,110.0,0.0,15.4
2026-09-25T16:45:24.526Z,2026-09-25T16:45:24.400Z,323.538,1.4,107.0,0.0,15.4
2026-09-25T16:45:24.719Z,2026-09-25T16:45:24.600Z,323.73,1.4,105.0,0.0,15.4
2026-09-25T16:45:24.926Z,2026-09-25T16:45:24.800Z,323.937,1.4,103.0,0.0,15.4
2026-09-25T16:45:25.119Z,2026-09-25T16:45:25.000Z,324.13,1.4,105.0,0.0,15.4
2026-09-25T16:45:25.326Z,2026-09-25T16:45:25.200Z,324.337,1.5,103.0,0.0,15.4
2026-09-25T16:45:25.518Z,2026-09-25T16:45:25.400Z,324.53,1.4,101.0,0.0,15.4
2026-09-25T16:45:25.725Z,2026-09-25T16:45:25.600Z,324.737,1.4,104.0,0.0,15.4
2026-09-25T16:45:25.918Z,2026-09-25T16:45:25.800Z,324.929,1.5,105.0,0.0,15.4
2026-09-25T16:45:26.125Z,2026-09-25T16:45:26.000Z,325.136,1.5,109.0,0.0,15.5
2026-09-25T16:45:26.318Z,2026-09-25T16:45:26.200Z,325.329,1.5,110.0,0.0,15.5
2026-09-25T16:45:26.525Z,2026-09-25T16:45:26.400Z,325.536,1.5,110.0,0.0,15.5
2026-09-25T16:45:26.718Z,2026-09-25T16:45:26.600Z,325.729,1.6,105.0,0.0,15.5
2026-09-25T16:45:26.924Z,2026-09-25T16:45:26.800Z,325.936,1.7,106.0,0.0,15.5
2026-09-25T16:45:27.117Z,2026-09-25T16:45:27.000Z,326.129,1.8,103.0,0.0,15.5
2026-09-25T16:45:27.325Z,2026-09-25T16:45:27.200Z,326.336,1.8,99.0,0.0,15.5
2026-09-25T16:45:27.517Z,2026-09-25T16:45:27.400Z,326.528,1.7,99.0,0.0,15.5
2026-09-25T16:45:27.724Z,2026-09-25T16:45:27.600Z,326.735,1.8,97.0,0.0,15.5
2026-09-25T16:45:27.931Z,2026-09-25T16:45:27.800Z,326.942,1.8,96.0,0.0,15.5
2026-09-25T16:45:28.123Z,2026-09-25T16:45:28.000Z,327.135,1.9,98.0,0.0,15.5
2026-09-25T16:45:28.331Z,2026-09-25T16:45:28.200Z,327.342,1.8,101.0,0.0,15.5
2026-09-25T16:45:28.523Z,2026-09-25T16:45:28.400Z,327.534,1.8,101.0,0.0,15.5
2026-09-25T16:45:28.730Z,2026-09-25T16:45:28.600Z,327.742,1.7,102.0,0.0,15.5
2026-09-25T16:45:28.923Z,2026-09-25T16:45:28.800Z,327.934,1.7,103.0,0.0,15.5
2026-09-25T16:45:29.130Z,2026-09-25T16:45:29.000Z,328.141,1.7,104.0,0.0,15.5
2026-09-25T16:45:29.323Z,2026-09-25T16:45:29.200Z,328.334,1.7,104.0,0.0,15.5
2026-09-25T16:45:29.530Z,2026-09-25T16:45:29.400Z,328.541,1.6,100.0,0.0,15.5
2026-09-25T16:45:29.722Z,2026-09-25T16:45:29.600Z,328.734,1.7,101.0,0.0,15.5
2026-09-25T16:45:29.930Z,2026-09-25T16:45:29.800Z,328.941,1.6,101.0,0.0,15.5
2026-09-25T16:45:30.122Z,2026-09-25T16:45:30.000Z,329.134,1.6,101.0,0.0,15.5
2026-09-25T16:45:30.329Z,2026-09-25T16:45:30.200Z,329.34,1.5,103.0,0.0,15.5
2026-09-25T16:45:30.522Z,2026-09-25T16:45:30.400Z,329.533,1.5,105.0,0.0,15.5
2026-09-25T16:45:30.729Z,2026-09-25T16:45:30.600Z,329.74,1.5,104.0,0.0,15.5
2026-09-25T16:45:30.922Z,2026-09-25T16:45:30.800Z,329.933,1.5,106.0,0.0,15.5
2026-09-25T16:45:31.129Z,2026-09-25T16:45:31.000Z,330.14,1.4,112.0,0.0,15.5
2026-09-25T16:45:31.321Z,2026-09-25T16:45:31.200Z,330.332,1.4,110.0,0.0,15.5
2026-09-25T16:45:31.529Z,2026-09-25T16:45:31.400Z,330.54,1.4,110.0,0.0,15.5
2026-09-25T16:45:31.721Z,2026-09-25T16:45:31.600Z,330.732,1.4,111.0,0.0,15.5
2026-09-25T16:45:31.928Z,2026-09-25T16:45:31.800Z,330.939,1.5,110.0,0.0,15.5
2026-09-25T16:45:32.121Z,2026-09-25T16:45:32.000Z,331.132,1.4,111.0,0.0,15.5
2026-09-25T16:45:32.328Z,2026-09-25T16:45:32.200Z,331.339,1.5,110.0,0.0,15.5
2026-09-25T16:45:32.521Z,2026-09-25T16:45:32.400Z,331.532,1.5,106.0,0.0,15.5
2026-09-25T16:45:32.728Z,2026-09-25T16:45:32.600Z,331.739,1.6,105.0,0.0,15.5
2026-09-25T16:45:32.920Z,2026-09-25T16:45:32.800Z,331.932,1.6,107.0,0.0,15.5
2026-09-25T16:45:33.127Z,2026-09-25T16:45:33.000Z,332.139,1.6,108.0,0.0,15.5
2026-09-25T16:45:33.320Z,2026-09-25T16:45:33.200Z,332.331,1.6,108.0,0.0,15.5
2026-09-25T16:45:33.527Z,2026-09-25T16:45:33.400Z,332.539,1.5,108.0,0.0,15.5
2026-09-25T16:45:33.720Z,2026-09-25T16:45:33.600Z,332.731,1.6,110.0,0.0,15.5
2026-09-25T16:45:33.927Z,2026-09-25T16:45:33.800Z,332.938,1.6,111.0,0.0,15.5
2026-09-25T16:45:34.119Z,2026-09-25T16:45:34.000Z,333.131,1.6,114.0,0.0,15.5
2026-09-25T16:45:34.327Z,2026-09-25T16:45:34.200Z,333.338,1.6,116.0,0.0,15.5
2026-09-25T16:45:34.519Z,2026-09-25T16:45:34.400Z,333.531,1.7,116.0,0.0,15.5
2026-09-25T16:45:34.726Z,2026-09-25T16:45:34.600Z,333.738,1.8,120.0,0.0,15.5
2026-09-25T16:45:34.919Z,2026-09-25T16:45:34.800Z,333.93,1.8,119.0,0.0,15.5
2026-09-25T16:45:35.126Z,2026-09-25T16:45:35.000Z,334.138,1.8,120.0,0.0,15.5
2026-09-25T16:45:35.319Z,2026-09-25T16:45:35.200Z,334.33,1.8,123.0,0.0,15.5
2026-09-25T16:45:35.526Z,2026-09-25T16:45:35.400Z,334.537,1.9,124.0,0.0,15.5
2026-09-25T16:45:35.719Z,2026-09-25T16:45:35.600Z,334.73,2.0,124.0,0.0,15.5
2026-09-25T16:45:35.926Z,2026-09-25T16:45:35.800Z,334.937,2.0,123.0,0.0,15.5
2026-09-25T16:45:36.118Z,2026-09-25T16:45:36.000Z,335.13,1.9,123.0,0.0,15.5
2026-09-25T16:45:36.325Z,2026-09-25T16:45:36.200Z,335.337,1.9,121.0,0.0,15.5
2026-09-25T16:45:36.518Z,2026-09-25T16:45:36.400Z,335.53,1.9,121.0,0.0,15.5
2026-09-25T16:45:36.725Z,2026-09-25T16:45:36.600Z,335.736,1.9,119.0,0.0,15.5
2026-09-25T16:45:36.918Z,2026-09-25T16:45:36.800Z,335.929,1.9,112.0,0.0,15.5
2026-09-25T16:45:37.125Z,2026-09-25T16:45:37.000Z,336.136,1.9,109.0,0.0,15.5
2026-09-25T16:45:37.318Z,2026-09-25T16:45:37.200Z,336.329,1.8,104.0,0.0,15.5
2026-09-25T16:45:37.524Z,2026-09-25T16:45:37.400Z,336.536,1.8,99.0,0.0,15.6
2026-09-25T16:45:37.718Z,2026-09-25T16:45:37.600Z,336.729,1.7,94.0,0.0,15.6
2026-09-25T16:45:37.924Z,2026-09-25T16:45:37.800Z,336.936,1.8,91.0,0.0,15.6
2026-09-25T16:45:38.117Z,2026-09-25T16:45:38.000Z,337.129,1.7,86.0,0.0,15.6
2026-09-25T16:45:38.324Z,2026-09-25T16:45:38.200Z,337.335,1.5,80.0,0.0,15.6
2026-09-25T16:45:38.517Z,2026-09-25T16:45:38.400Z,337.528,1.4,82.0,0.0,15.6
2026-09-25T16:45:38.724Z,2026-09-25T16:45:38.600Z,337.735,1.3,87.0,0.0,15.6
2026-09-25T16:45:38.931Z,2026-09-25T16:45:38.800Z,337.942,1.3,93.0,0.0,15.6
2026-09-25T16:45:39.124Z,2026-09-25T16:45:39.000Z,338.135,1.2,103.0,0.0,15.6
2026-09-25T16:45:39.331Z,2026-09-25T16:45:39.200Z,338.342,1.2,113.0,0.0,15.6
2026-09-25T16:45:39.523Z,2026-09-25T16:45:39.400Z,338.535,1.1,113.0,0.0,15.6
2026-09-25T16:45:39.731Z,2026-09-25T16:45:39.600Z,338.742,1.2,118.0,0.0,15.6
2026-09-25T16:45:39.923Z,2026-09-25T16:45:39.800Z,338.934,1.3,124.0,0.0,15.6
2026-09-25T16:45:40.130Z,2026-09-25T16:45:40.000Z,339.141,1.4,128.0,0.0,15.6
2026-09-25T16:45:40.323Z,2026-09-25T16:45:40.200Z,339.334,1.4,128.0,0.0,15.6
2026-09-25T16:45:40.530Z,2026-09-25T16:45:40.400Z,339.541,1.5,123.0,0.0,15.6
2026-09-25T16:45:40.723Z,2026-09-25T16:45:40.600Z,339.734,1.6,119.0,0.0,15.6
2026-09-25T16:45:40.930Z,2026-09-25T16:45:40.800Z,339.941,1.7,116.0,0.0,15.6
2026-09-25T16:45:41.122Z,2026-09-25T16:45:41.000Z,340.133,1.8,119.0,0.0,15.6
2026-09-25T16:45:41.329Z,2026-09-25T16:45:41.200Z,340.34,1.8,120.0,0.0,15.6
2026-09-25T16:45:41.522Z,2026-09-25T16:45:41.400Z,340.533,1.8,121.0,0.0,15.6
2026-09-25T16:45:41.729Z,2026-09-25T16:45:41.600Z,340.741,1.8,118.0,0.0,15.6
2026-09-25T16:45:41.921Z,2026-09-25T16:45:41.800Z,340.933,1.8,116.0,0.0,15.6
2026-09-25T16:45:42.129Z,2026-09-25T16:45:42.000Z,341.14,1.7,117.0,0.0,15.6
2026-09-25T16:45:42.321Z,2026-09-25T16:45:42.200Z,341.333,1.6,116.0,0.0,15.6
2026-09-25T16:45:42.529Z,2026-09-25T16:45:42.400Z,341.54,1.6,117.0,0.0,15.6
2026-09-25T16:45:42.721Z,2026-09-25T16:45:42.600Z,341.732,1.5,115.0,0.0,15.6
2026-09-25T16:45:42.928Z,2026-09-25T16:45:42.800Z,341.939,1.6,113.0,0.0,15.6
2026-09-25T16:45:43.121Z,2026-09-25T16:45:43.000Z,342.132,1.7,113.0,0.0,15.6
2026-09-25T16:45:43.328Z,2026-09-25T16:45:43.200Z,342.339,1.8,112.0,0.0,15.6
2026-09-25T16:45:43.520Z,2026-09-25T16:45:43.400Z,342.532,1.9,113.0,0.0,15.6
2026-09-25T16:45:43.728Z,2026-09-25T16:45:43.600Z,342.739,1.9,112.0,0.0,15.6
2026-09-25T16:45:43.920Z,2026-09-25T16:45:43.800Z,342.932,2.0,111.0,0.0,15.6
2026-09-25T16:45:44.127Z,2026-09-25T16:45:44.000Z,343.139,2.0,109.0,0.0,15.6
2026-09-25T16:45:44.320Z,2026-09-25T16:45:44.200Z,343.331,2.1,108.0,0.0,15.6
2026-09-25T16:45:44.527Z,2026-09-25T16:45:44.400Z,343.539,2.1,106.0,0.0,15.6
2026-09-25T16:45:44.720Z,2026-09-25T16:45:44.600Z,343.731,2.0,105.0,0.0,15.6
2026-09-25T16:45:44.927Z,2026-09-25T16:45:44.800Z,343.938,1.9,104.0,0.0,15.6
2026-09-25T16:45:45.120Z,2026-09-25T16:45:45.000Z,344.131,1.9,104.0,0.0,15.6
2026-09-25T16:45:45.327Z,2026-09-25T16:45:45.200Z,344.338,1.8,103.0,0.0,15.6
2026-09-25T16:45:45.519Z,2026-09-25T16:45:45.400Z,344.53,1.8,102.0,0.0,15.6
2026-09-25T16:45:45.726Z,2026-09-25T16:45:45.600Z,344.738,1.8,103.0,0.0,15.6
2026-09-25T16:45:45.919Z,2026-09-25T16:45:45.800Z,344.93,1.6,102.0,0.0,15.6
2026-09-25T16:45:46.126Z,2026-09-25T16:45:46.000Z,345.137,1.6,103.0,0.0,15.6
2026-09-25T16:45:46.319Z,2026-09-25T16:45:46.200Z,345.33,1.6,104.0,0.0,15.6
2026-09-25T16:45:46.526Z,2026-09-25T16:45:46.400Z,345.537,1.6,104.0,0.0,15.6
2026-09-25T16:45:46.719Z,2026-09-25T16:45:46.600Z,345.73,1.6,104.0,0.0,15.6
2026-09-25T16:45:46.925Z,2026-09-25T16:45:46.800Z,345.937,1.6,104.0,0.0,15.6
2026-09-25T16:45:47.118Z,2026-09-25T16:45:47.000Z,346.129,1.6,105.0,0.0,15.6
2026-09-25T16:45:47.325Z,2026-09-25T16:45:47.200Z,346.337,1.6,107.0,0.0,15.6
2026-09-25T16:45:47.518Z,2026-09-25T16:45:47.400Z,346.529,1.6,109.0,0.0,15.6
2026-09-25T16:45:47.725Z,2026-09-25T16:45:47.600Z,346.736,1.6,111.0,0.0,15.6
2026-09-25T16:45:47.918Z,2026-09-25T16:45:47.800Z,346.929,1.6,112.0,0.0,15.6
2026-09-25T16:45:48.125Z,2026-09-25T16:45:48.000Z,347.136,1.5,115.0,0.0,15.6
2026-09-25T16:45:48.318Z,2026-09-25T16:45:48.200Z,347.329,1.5,114.0,0.0,15.6
2026-09-25T16:45:48.525Z,2026-09-25T16:45:48.400Z,347.536,1.4,116.0,0.0,15.6
2026-09-25T16:45:48.717Z,2026-09-25T16:45:48.600Z,347.729,1.4,115.0,0.0,15.6
2026-09-25T16:45:48.924Z,2026-09-25T16:45:48.800Z,347.935,1.3,115.0,0.0,15.6
2026-09-25T16:45:49.117Z,2026-09-25T16:45:49.000Z,348.129,1.3,114.0,0.0,15.6
2026-09-25T16:45:49.324Z,2026-09-25T16:45:49.200Z,348.335,1.2,116.0,0.0,15.6
2026-09-25T16:45:49.531Z,2026-09-25T16:45:49.400Z,348.542,1.2,116.0,0.0,15.6
2026-09-25T16:45:49.723Z,2026-09-25T16:45:49.600Z,348.735,1.2,117.0,0.0,15.6
2026-09-25T16:45:49.931Z,2026-09-25T16:45:49.800Z,348.942,1.1,119.0,0.0,15.6
2026-09-25T16:45:50.123Z,2026-09-25T16:45:50.000Z,349.135,1.1,120.0,0.0,15.6
2026-09-25T16:45:50.331Z,2026-09-25T16:45:50.200Z,349.342,1.1,122.0,0.0,15.6
2026-09-25T16:45:50.523Z,2026-09-25T16:45:50.400Z,349.534,1.0,122.0,0.0,15.6
2026-09-25T16:45:50.730Z,2026-09-25T16:45:50.600Z,349.741,1.0,121.0,0.0,15.6
2026-09-25T16:45:50.923Z,2026-09-25T16:45:50.800Z,349.934,1.0,120.0,0.0,15.6
2026-09-25T16:45:51.130Z,2026-09-25T16:45:51.000Z,350.141,1.0,118.0,0.0,15.6
2026-09-25T16:45:51.323Z,2026-09-25T16:45:51.200Z,350.334,1.0,114.0,0.0,15.6
2026-09-25T16:45:51.530Z,2026-09-25T16:45:51.400Z,350.541,1.0,111.0,0.0,15.6
2026-09-25T16:45:51.722Z,2026-09-25T16:45:51.600Z,350.734,1.0,107.0,0.0,15.6
2026-09-25T16:45:51.929Z,2026-09-25T16:45:51.800Z,350.941,1.0,108.0,0.0,15.6
2026-09-25T16:45:52.122Z,2026-09-25T16:45:52.000Z,351.133,1.2,104.0,0.0,15.6
2026-09-25T16:45:52.329Z,2026-09-25T16:45:52.200Z,351.34,1.3,103.0,0.0,15.6
2026-09-25T16:45:52.522Z,2026-09-25T16:45:52.400Z,351.533,1.4,102.0,0.0,15.7
2026-09-25T16:45:52.729Z,2026-09-25T16:45:52.600Z,351.74,1.5,102.0,0.0,15.7
2026-09-25T16:45:52.921Z,2026-09-25T16:45:52.800Z,351.933,1.5,106.0,0.0,15.7
2026-09-25T16:45:53.129Z,2026-09-25T16:45:53.000Z,352.14,1.5,106.0,0.0,15.7
2026-09-25T16:45:53.321Z,2026-09-25T16:45:53.200Z,352.333,1.5,109.0,0.0,15.7
2026-09-25T16:45:53.528Z,2026-09-25T16:45:53.400Z,352.539,1.6,107.0,0.0,15.7
2026-09-25T16:45:53.721Z,2026-09-25T16:45:53.600Z,352.732,1.5,107.0,0.0,15.7
2026-09-25T16:45:53.928Z,2026-09-25T16:45:53.800Z,352.939,1.4,109.0,0.0,15.7
2026-09-25T16:45:54.121Z,2026-09-25T16:45:54.000Z,353.132,1.4,107.0,0.0,15.7
2026-09-25T16:45:54.328Z,2026-09-25T16:45:54.200Z,353.339,1.4,104.0,0.0,15.7
2026-09-25T16:45:54.520Z,2026-09-25T16:45:54.400Z,353.531,1.4,105.0,0.0,15.7
2026-09-25T16:45:54.728Z,2026-09-25T16:45:54.600Z,353.739,1.5,104.0,0.0,15.7
2026-09-25T16:45:54.920Z,2026-09-25T16:45:54.800Z,353.931,1.4,105.0,0.0,15.7
2026-09-25T16:45:55.127Z,2026-09-25T16:45:55.000Z,354.139,1.4,104.0,0.0,15.7
2026-09-25T16:45:55.320Z,2026-09-25T16:45:55.200Z,354.331,1.4,107.0,0.0,15.7
2026-09-25T16:45:55.527Z,2026-09-25T16:45:55.400Z,354.538,1.4,109.0,0.0,15.7
2026-09-25T16:45:55.720Z,2026-09-25T16:45:55.600Z,354.731,1.5,115.0,0.0,15.7
2026-09-25T16:45:55.927Z,2026-09-25T16:45:55.800Z,354.938,1.5,114.0,0.0,15.7
2026-09-25T16:45:56.119Z,2026-09-25T16:45:56.000Z,355.131,1.5,114.0,0.0,15.7
2026-09-25T16:45:56.326Z,2026-09-25T16:45:56.200Z,355.338,1.5,117.0,0.0,15.7
2026-09-25T16:45:56.519Z,2026-09-25T16:45:56.400Z,355.53,1.6,117.0,0.0,15.7
2026-09-25T16:45:56.726Z,2026-09-25T16:45:56.600Z,355.738,1.6,122.0,0.0,15.7
2026-09-25T16:45:56.919Z,2026-09-25T16:45:56.800Z,355.93,1.5,123.0,0.0,15.7
2026-09-25T16:45:57.126Z,2026-09-25T16:45:57.000Z,356.137,1.5,119.0,0.0,15.7
2026-09-25T16:45:57.319Z,2026-09-25T16:45:57.200Z,356.33,1.4,118.0,0.0,15.7
2026-09-25T16:45:57.525Z,2026-09-25T16:45:57.400Z,356.537,1.4,116.0,0.0,15.7
2026-09-25T16:45:57.719Z,2026-09-25T16:45:57.600Z,356.73,1.2,116.0,0.0,15.7
2026-09-25T16:45:57.925Z,2026-09-25T16:45:57.800Z,356.937,1.2,112.0,0.0,15.7
2026-09-25T16:45:58.118Z,2026-09-25T16:45:58.000Z,357.129,1.1,106.0,0.0,15.7
2026-09-25T16:45:58.325Z,2026-09-25T16:45:58.200Z,357.336,1.0,107.0,0.0,15.7
2026-09-25T16:45:58.518Z,2026-09-25T16:45:58.400Z,357.529,1.0,103.0,0.0,15.7
2026-09-25T16:45:58.725Z,2026-09-25T16:45:58.600Z,357.736,0.9,98.0,0.0,15.7
2026-09-25T16:45:58.918Z,2026-09-25T16:45:58.800Z,357.929,0.9,99.0,0.0,15.7
2026-09-25T16:45:59.124Z,2026-09-25T16:45:59.000Z,358.136,0.9,104.0,0.0,15.7
2026-09-25T16:45:59.317Z,2026-09-25T16:45:59.200Z,358.328,0.9,110.0,0.0,15.7
2026-09-25T16:45:59.524Z,2026-09-25T16:45:59.400Z,358.535,0.8,116.0,0.0,15.7
2026-09-25T16:45:59.717Z,2026-09-25T16:45:59.600Z,358.729,0.8,119.0,0.0,15.7
2026-09-25T16:45:59.924Z,2026-09-25T16:45:59.800Z,358.935,0.8,120.0,0.0,15.7
2026-09-25T16:46:00.131Z,2026-09-25T16:46:00.000Z,359.142,0.9,119.0,0.0,15.7
2026-09-25T16:46:00.324Z,2026-09-25T16:46:00.200Z,359.335,0.9,124.0,0.0,15.7
2026-09-25T16:46:00.531Z,2026-09-25T16:46:00.400Z,359.542,0.9,122.0,0.0,15.7
2026-09-25T16:46:00.724Z,2026-09-25T16:46:00.600Z,359.735,0.8,127.0,0.0,15.7
2026-09-25T16:46:00.931Z,2026-09-25T16:46:00.800Z,359.942,0.8,128.0,0.0,15.7
2026-09-25T16:46:01.123Z,2026-09-25T16:46:01.000Z,360.134,0.8,129.0,0.0,15.7
2026-09-25T16:46:01.330Z,2026-09-25T16:46:01.200Z,360.341,0.8,132.0,0.0,15.7
2026-09-25T16:46:01.523Z,2026-09-25T16:46:01.400Z,360.534,0.7,120.0,0.0,15.7
2026-09-25T16:46:01.730Z,2026-09-25T16:46:01.600Z,360.741,0.7,124.0,0.0,15.7
2026-09-25T16:46:01.923Z,2026-09-25T16:46:01.800Z,360.934,0.7,126.0,0.0,15.7
2026-09-25T16:46:02.130Z,2026-09-25T16:46:02.000Z,361.141,0.7,127.0,0.0,15.7
2026-09-25T16:46:02.322Z,2026-09-25T16:46:02.200Z,361.334,0.7,129.0,0.0,15.7
2026-09-25T16:46:02.529Z,2026-09-25T16:46:02.400Z,361.541,0.6,126.0,0.0,15.7
2026-09-25T16:46:02.722Z,2026-09-25T16:46:02.600Z,361.733,0.6,126.0,0.0,15.8
2026-09-25T16:46:02.929Z,2026-09-25T16:46:02.800Z,361.941,0.7,124.0,0.0,15.8
2026-09-25T16:46:03.122Z,2026-09-25T16:46:03.000Z,362.133,0.7,132.0,0.0,15.8
2026-09-25T16:46:03.329Z,2026-09-25T16:46:03.200Z,362.34,0.8,130.0,0.0,15.8
2026-09-25T16:46:03.521Z,2026-09-25T16:46:03.400Z,362.533,0.9,129.0,0.0,15.8
2026-09-25T16:46:03.729Z,2026-09-25T16:46:03.600Z,362.74,1.0,129.0,0.0,15.8
2026-09-25T16:46:03.921Z,2026-09-25T16:46:03.800Z,362.932,1.0,121.0,0.0,15.8
2026-09-25T16:46:04.128Z,2026-09-25T16:46:04.000Z,363.14,1.1,120.0,0.0,15.8
2026-09-25T16:46:04.321Z,2026-09-25T16:46:04.200Z,363.332,1.2,116.0,0.0,15.8
2026-09-25T16:46:04.528Z,2026-09-25T16:46:04.400Z,363.539,1.2,112.0,0.0,15.8
2026-09-25T16:46:04.721Z,2026-09-25T16:46:04.600Z,363.732,1.4,106.0,0.0,15.8
2026-09-25T16:46:04.928Z,2026-09-25T16:46:04.800Z,363.939,1.5,105.0,0.0,15.8
2026-09-25T16:46:05.120Z,2026-09-25T16:46:05.000Z,364.132,1.6,107.0,0.0,15.8
2026-09-25T16:46:05.327Z,2026-09-25T16:46:05.200Z,364.339,1.6,105.0,0.0,15.8
2026-09-25T16:46:05.520Z,2026-09-25T16:46:05.400Z,364.531,1.7,107.0,0.0,15.8
2026-09-25T16:46:05.727Z,2026-09-25T16:46:05.600Z,364.739,1.6,107.0,0.0,15.8
2026-09-25T16:46:05.920Z,2026-09-25T16:46:05.800Z,364.931,1.6,107.0,0.0,15.8
2026-09-25T16:46:06.127Z,2026-09-25T16:46:06.000Z,365.138,1.7,109.0,0.0,15.8
2026-09-25T16:46:06.320Z,2026-09-25T16:46:06.200Z,365.331,1.6,110.0,0.0,15.8
2026-09-25T16:46:06.527Z,2026-09-25T16:46:06.400Z,365.538,1.5,112.0,0.0,15.8
2026-09-25T16:46:06.719Z,2026-09-25T16:46:06.600Z,365.731,1.5,110.0,0.0,15.8
2026-09-25T16:46:06.926Z,2026-09-25T16:46:06.800Z,365.938,1.5,110.0,0.0,15.8
2026-09-25T16:46:07.119Z,2026-09-25T16:46:07.000Z,366.13,1.4,110.0,0.0,15.8
2026-09-25T16:46:07.326Z,2026-09-25T16:46:07.200Z,366.337,1.4,108.0,0.0,15.8
2026-09-25T16:46:07.519Z,2026-09-25T16:46:07.400Z,366.53,1.5,107.0,0.0,15.8
2026-09-25T16:46:07.726Z,2026-09-25T16:46:07.600Z,366.737,1.4,107.0,0.0,15.8
2026-09-25T16:46:07.919Z,2026-09-25T16:46:07.800Z,366.93,1.4,108.0,0.0,15.8
2026-09-25T16:46:08.125Z,2026-09-25T16:46:08.000Z,367.137,1.4,109.0,0.0,15.8
2026-09-25T16:46:08.318Z,2026-09-25T16:46:08.200Z,367.33,1.4,107.0,0.0,15.8
2026-09-25T16:46:08.525Z,2026-09-25T16:46:08.400Z,367.537,1.4,104.0,0.0,15.8
2026-09-25T16:46:08.718Z,2026-09-25T16:46:08.600Z,367.73,1.4,105.0,0.0,15.8
2026-09-25T16:46:08.925Z,2026-09-25T16:46:08.800Z,367.936,1.4,105.0,0.0,15.8
2026-09-25T16:46:09.118Z,2026-09-25T16:46:09.000Z,368.129,1.4,106.0,0.0,15.8
2026-09-25T16:46:09.325Z,2026-09-25T16:46:09.200Z,368.336,1.4,104.0,0.0,15.8
2026-09-25T16:46:09.518Z,2026-09-25T16:46:09.400Z,368.529,1.4,103.0,0.0,15.8
2026-09-25T16:46:09.725Z,2026-09-25T16:46:09.600Z,368.736,1.5,103.0,0.0,15.8
2026-09-25T16:46:09.917Z,2026-09-25T16:46:09.800Z,368.929,1.5,100.0,0.0,15.8
2026-09-25T16:46:10.124Z,2026-09-25T16:46:10.000Z,369.136,1.5,100.0,0.0,15.8
2026-09-25T16:46:10.317Z,2026-09-25T16:46:10.200Z,369.328,1.5,95.0,0.0,15.8
2026-09-25T16:46:10.524Z,2026-09-25T16:46:10.400Z,369.535,1.5,94.0,0.0,15.8
2026-09-25T16:46:10.731Z,2026-09-25T16:46:10.600Z,369.742,1.5,95.0,0.0,15.8
2026-09-25T16:46:10.924Z,2026-09-25T16:46:10.800Z,369.935,1.5,93.0,0.0,15.8
2026-09-25T16:46:11.131Z,2026-09-25T16:46:11.000Z,370.142,1.4,92.0,0.0,15.8
2026-09-25T16:46:11.323Z,2026-09-25T16:46:11.200Z,370.335,1.4,90.0,0.0,15.8
2026-09-25T16:46:11.531Z,2026-09-25T16:46:11.400Z,370.542,1.4,92.0,0.0,15.8
2026-09-25T16:46:11.723Z,2026-09-25T16:46:11.600Z,370.734,1.3,95.0,0.0,15.8
2026-09-25T16:46:11.930Z,2026-09-25T16:46:11.800Z,370.942,1.3,100.0,0.0,15.8
2026-09-25T16:46:12.123Z,2026-09-25T16:46:12.000Z,371.134,1.3,98.0,0.0,15.8
2026-09-25T16:46:12.330Z,2026-09-25T16:46:12.200Z,371.341,1.3,99.0,0.0,15.8
2026-09-25T16:46:12.522Z,2026-09-25T16:46:12.400Z,371.534,1.3,99.0,0.0,15.8
2026-09-25T16:46:12.730Z,2026-09-25T16:46:12.600Z,371.741,1.2,103.0,0.0,15.8
2026-09-25T16:46:12.923Z,2026-09-25T16:46:12.800Z,371.934,1.2,105.0,0.0,15.8
2026-09-25T16:46:13.129Z,2026-09-25T16:46:13.000Z,372.141,1.2,106.0,0.0,15.9
2026-09-25T16:46:13.322Z,2026-09-25T16:46:13.200Z,372.333,1.2,108.0,0.0,15.9
2026-09-25T16:46:13.529Z,2026-09-25T16:46:13.400Z,372.541,1.2,112.0,0.0,15.9
2026-09-25T16:46:13.722Z,2026-09-25T16:46:13.600Z,372.733,1.2,119.0,0.0,15.9
2026-09-25T16:46:13.929Z,2026-09-25T16:46:13.800Z,372.94,1.3,119.0,0.0,15.9
2026-09-25T16:46:14.122Z,2026-09-25T16:46:14.000Z,373.133,1.3,127.0,0.0,15.9
2026-09-25T16:46:14.329Z,2026-09-25T16:46:14.200Z,373.34,1.3,130.0,0.0,15.9
2026-09-25T16:46:14.521Z,2026-09-25T16:46:14.400Z,373.533,1.2,139.0,0.0,15.9
2026-09-25T16:46:14.728Z,2026-09-25T16:46:14.600Z,373.74,1.2,146.0,0.0,15.9
2026-09-25T16:46:14.921Z,2026-09-25T16:46:14.800Z,373.933,1.1,146.0,0.0,15.9
2026-09-25T16:46:15.128Z,2026-09-25T16:46:15.000Z,374.139,1.1,147.0,0.0,15.9
2026-09-25T16:46:15.321Z,2026-09-25T16:46:15.200Z,374.332,1.2,147.0,0.0,15.9
2026-09-25T16:46:15.528Z,2026-09-25T16:46:15.400Z,374.539,1.2,151.0,0.0,15.9
2026-09-25T16:46:15.720Z,2026-09-25T16:46:15.600Z,374.732,1.2,148.0,0.0,15.9
2026-09-25T16:46:15.927Z,2026-09-25T16:46:15.800Z,374.939,1.2,139.0,0.0,15.9
2026-09-25T16:46:16.120Z,2026-09-25T16:46:16.000Z,375.131,1.2,136.0,0.0,15.9
2026-09-25T16:46:16.327Z,2026-09-25T16:46:16.200Z,375.338,1.2,128.0,0.0,15.9
2026-09-25T16:46:16.520Z,2026-09-25T16:46:16.400Z,375.531,1.3,126.0,0.0,15.9
2026-09-25T16:46:16.727Z,2026-09-25T16:46:16.600Z,375.738,1.2,120.0,0.0,15.9
2026-09-25T16:46:16.920Z,2026-09-25T16:46:16.800Z,375.931,1.1,110.0,0.0,15.9
2026-09-25T16:46:17.127Z,2026-09-25T16:46:17.000Z,376.138,1.1,103.0,0.0,15.9
2026-09-25T16:46:17.319Z,2026-09-25T16:46:17.200Z,376.331,1.1,101.0,0.0,15.9
2026-09-25T16:46:17.526Z,2026-09-25T16:46:17.400Z,376.538,1.2,109.0,0.0,15.9
2026-09-25T16:46:17.719Z,2026-09-25T16:46:17.600Z,376.73,1.3,107.0,0.0,15.9
2026-09-25T16:46:17.926Z,2026-09-25T16:46:17.800Z,376.937,1.1,107.0,0.0,15.9
2026-09-25T16:46:18.119Z,2026-09-25T16:46:18.000Z,377.13,1.2,110.0,0.0,15.9
2026-09-25T16:46:18.326Z,2026-09-25T16:46:18.200Z,377.337,1.2,108.0,0.0,15.9
2026-09-25T16:46:18.518Z,2026-09-25T16:46:18.400Z,377.53,1.2,114.0,0.0,15.9
2026-09-25T16:46:18.726Z,2026-09-25T16:46:18.600Z,377.737,1.1,119.0,0.0,15.9
2026-09-25T16:46:18.918Z,2026-09-25T16:46:18.800Z,377.93,1.2,117.0,0.0,15.9
2026-09-25T16:46:19.125Z,2026-09-25T16:46:19.000Z,378.137,1.2,117.0,0.0,15.9
2026-09-25T16:46:19.318Z,2026-09-25T16:46:19.200Z,378.329,1.1,114.0,0.0,16.0
2026-09-25T16:46:19.525Z,2026-09-25T16:46:19.400Z,378.536,1.2,112.0,0.0,16.0
2026-09-25T16:46:19.718Z,2026-09-25T16:46:19.600Z,378.729,1.1,112.0,0.0,16.0
2026-09-25T16:46:19.925Z,2026-09-25T16:46:19.800Z,378.936,1.2,115.0,0.0,16.0
2026-09-25T16:46:20.118Z,2026-09-25T16:46:20.000Z,379.129,1.2,118.0,0.0,16.0
2026-09-25T16:46:20.325Z,2026-09-25T16:46:20.200Z,379.336,1.2,117.0,0.0,16.0
2026-09-25T16:46:20.517Z,2026-09-25T16:46:20.400Z,379.528,1.2,117.0,0.0,16.0
2026-09-25T16:46:20.724Z,2026-09-25T16:46:20.600Z,379.736,1.1,118.0,0.0,16.0
2026-09-25T16:46:20.917Z,2026-09-25T16:46:20.800Z,379.928,1.1,119.0,0.0,16.0
2026-09-25T16:46:21.124Z,2026-09-25T16:46:21.000Z,380.135,1.0,121.0,0.0,16.0
2026-09-25T16:46:21.317Z,2026-09-25T16:46:21.200Z,380.328,1.1,121.0,0.0,16.0
2026-09-25T16:46:21.524Z,2026-09-25T16:46:21.400Z,380.535,1.1,121.0,0.0,16.0
2026-09-25T16:46:21.731Z,2026-09-25T16:46:21.600Z,380.742,1.1,119.0,0.0,16.0
2026-09-25T16:46:21.924Z,2026-09-25T16:46:21.800Z,380.935,1.1,116.0,0.0,16.0
2026-09-25T16:46:22.131Z,2026-09-25T16:46:22.000Z,381.142,1.2,113.0,0.0,16.0
2026-09-25T16:46:22.324Z,2026-09-25T16:46:22.200Z,381.335,1.2,111.0,0.0,16.0
2026-09-25T16:46:22.530Z,2026-09-25T16:46:22.400Z,381.541,1.2,109.0,0.0,16.0
2026-09-25T16:46:22.723Z,2026-09-25T16:46:22.600Z,381.734,1.2,108.0,0.0,16.0
2026-09-25T16:46:22.930Z,2026-09-25T16:46:22.800Z,381.941,1.3,108.0,0.0,16.0
2026-09-25T16:46:23.123Z,2026-09-25T16:46:23.000Z,382.134,1.3,107.0,0.0,16.0
2026-09-25T16:46:23.330Z,2026-09-25T16:46:23.200Z,382.341,1.3,108.0,0.0,16.0
2026-09-25T16:46:23.522Z,2026-09-25T16:46:23.400Z,382.534,1.4,110.0,0.0,16.0
2026-09-25T16:46:23.730Z,2026-09-25T16:46:23.600Z,382.741,1.3,109.0,0.0,16.0
2026-09-25T16:46:23.922Z,2026-09-25T16:46:23.800Z,382.933,1.3,108.0,0.0,16.0
2026-09-25T16:46:24.129Z,2026-09-25T16:46:24.000Z,383.141,1.3,109.0,0.0,16.0
2026-09-25T16:46:24.322Z,2026-09-25T16:46:24.200Z,383.333,1.4,108.0,0.0,16.0
2026-09-25T16:46:24.529Z,2026-09-25T16:46:24.400Z,383.54,1.4,108.0,0.0,16.0
2026-09-25T16:46:24.722Z,2026-09-25T16:46:24.600Z,383.733,1.4,105.0,0.0,16.0
2026-09-25T16:46:24.929Z,2026-09-25T16:46:24.800Z,383.94,1.3,104.0,0.0,16.0
2026-09-25T16:46:25.121Z,2026-09-25T16:46:25.000Z,384.133,1.2,101.0,0.0,16.0
2026-09-25T16:46:25.328Z,2026-09-25T16:46:25.200Z,384.34,1.2,103.0,0.0,16.0
2026-09-25T16:46:25.521Z,2026-09-25T16:46:25.400Z,384.532,1.3,105.0,0.0,16.0
2026-09-25T16:46:25.728Z,2026-09-25T16:46:25.600Z,384.74,1.2,106.0,0.0,16.0
2026-09-25T16:46:25.921Z,2026-09-25T16:46:25.800Z,384.932,1.2,107.0,0.0,16.0
2026-09-25T16:46:26.128Z,2026-09-25T16:46:26.000Z,385.139,1.2,110.0,0.0,16.0
2026-09-25T16:46:26.321Z,2026-09-25T16:46:26.200Z,385.332,1.3,113.0,0.0,16.0
2026-09-25T16:46:26.527Z,2026-09-25T16:46:26.400Z,385.539,1.3,118.0,0.0,16.0
2026-09-25T16:46:26.720Z,2026-09-25T16:46:26.600Z,385.731,1.3,125.0,0.0,16.0
2026-09-25T16:46:26.927Z,2026-09-25T16:46:26.800Z,385.938,1.2,131.0,0.0,16.0
2026-09-25T16:46:27.120Z,2026-09-25T16:46:27.000Z,386.131,1.2,129.0,0.0,16.0
2026-09-25T16:46:27.327Z,2026-09-25T16:46:27.200Z,386.338,1.2,131.0,0.0,16.0
2026-09-25T16:46:27.519Z,2026-09-25T16:46:27.400Z,386.531,1.2,132.0,0.0,16.0
2026-09-25T16:46:27.727Z,2026-09-25T16:46:27.600Z,386.738,1.0,130.0,0.0,16.0
2026-09-25T16:46:27.919Z,2026-09-25T16:46:27.800Z,386.93,0.9,123.0,0.0,16.0
2026-09-25T16:46:28.126Z,2026-09-25T16:46:28.000Z,387.138,0.8,126.0,0.0,16.0
2026-09-25T16:46:28.319Z,2026-09-25T16:46:28.200Z,387.33,0.8,129.0,0.0,16.0
2026-09-25T16:46:28.526Z,2026-09-25T16:46:28.400Z,387.538,0.8,126.0,0.0,16.0
2026-09-25T16:46:28.719Z,2026-09-25T16:46:28.600Z,387.73,0.7,125.0,0.0,16.0
2026-09-25T16:46:28.926Z,2026-09-25T16:46:28.800Z,387.937,0.7,118.0,0.0,16.0
2026-09-25T16:46:29.119Z,2026-09-25T16:46:29.000Z,388.13,0.7,107.0,0.0,16.0
2026-09-25T16:46:29.326Z,2026-09-25T16:46:29.200Z,388.337,0.8,118.0,0.0,16.0
2026-09-25T16:46:29.518Z,2026-09-25T16:46:29.400Z,388.529,0.9,128.0,0.0,16.0
2026-09-25T16:46:29.725Z,2026-09-25T16:46:29.600Z,388.737,1.0,109.0,0.0,16.0
2026-09-25T16:46:29.918Z,2026-09-25T16:46:29.800Z,388.929,1.1,91.0,0.0,16.0
2026-09-25T16:46:30.125Z,2026-09-25T16:46:30.000Z,389.136,1.1,87.0,0.0,16.0
2026-09-25T16:46:30.318Z,2026-09-25T16:46:30.200Z,389.329,1.0,92.0,0.0,16.0
2026-09-25T16:46:30.525Z,2026-09-25T16:46:30.400Z,389.536,1.0,105.0,0.0,16.0
2026-09-25T16:46:30.718Z,2026-09-25T16:46:30.600Z,389.729,1.1,116.0,0.0,16.0
2026-09-25T16:46:30.924Z,2026-09-25T16:46:30.800Z,389.936,1.0,109.0,0.0,16.1
2026-09-25T16:46:31.117Z,2026-09-25T16:46:31.000Z,390.129,1.0,96.0,0.0,16.1
2026-09-25T16:46:31.324Z,2026-09-25T16:46:31.200Z,390.336,1.1,107.0,0.0,16.1
2026-09-25T16:46:31.517Z,2026-09-25T16:46:31.400Z,390.528,1.0,107.0,0.0,16.1
2026-09-25T16:46:31.724Z,2026-09-25T16:46:31.600Z,390.735,1.0,106.0,0.0,16.1
2026-09-25T16:46:31.931Z,2026-09-25T16:46:31.800Z,390.942,1.1,107.0,0.0,16.1
2026-09-25T16:46:32.124Z,2026-09-25T16:46:32.000Z,391.135,1.1,106.0,0.0,16.1
2026-09-25T16:46:32.331Z,2026-09-25T16:46:32.200Z,391.342,1.1,107.0,0.0,16.1
2026-09-25T16:46:32.523Z,2026-09-25T16:46:32.400Z,391.535,1.1,112.0,0.0,16.1
2026-09-25T16:46:32.731Z,2026-09-25T16:46:32.600Z,391.742,1.2,121.0,0.0,16.1
2026-09-25T16:46:32.923Z,2026-09-25T16:46:32.800Z,391.935,1.1,124.0,0.0,16.1
2026-09-25T16:46:33.130Z,2026-09-25T16:46:33.000Z,392.142,1.2,134.0,0.0,16.1
2026-09-25T16:46:33.323Z,2026-09-25T16:46:33.200Z,392.334,1.2,143.0,0.0,16.1
2026-09-25T16:46:33.530Z,2026-09-25T16:46:33.400Z,392.541,1.3,153.0,0.0,16.1
2026-09-25T16:46:33.723Z,2026-09-25T16:46:33.600Z,392.734,1.3,154.0,0.0,16.1
2026-09-25T16:46:33.930Z,2026-09-25T16:46:33.800Z,392.941,1.3,151.0,0.0,16.1
2026-09-25T16:46:34.122Z,2026-09-25T16:46:34.000Z,393.134,1.3,150.0,0.0,16.1
2026-09-25T16:46:34.329Z,2026-09-25T16:46:34.200Z,393.341,1.3,150.0,0.0,16.1
2026-09-25T16:46:34.522Z,2026-09-25T16:46:34.400Z,393.533,1.2,149.0,0.0,16.1
2026-09-25T16:46:34.729Z,2026-09-25T16:46:34.600Z,393.741,1.1,144.0,0.0,16.1
2026-09-25T16:46:34.922Z,2026-09-25T16:46:34.800Z,393.933,1.0,139.0,0.0,16.1
2026-09-25T16:46:35.129Z,2026-09-25T16:46:35.000Z,394.14,0.9,127.0,0.0,16.1
2026-09-25T16:46:35.322Z,2026-09-25T16:46:35.200Z,394.333,0.9,127.0,0.0,16.1
2026-09-25T16:46:35.529Z,2026-09-25T16:46:35.400Z,394.54,0.9,127.0,0.0,16.1
2026-09-25T16:46:35.721Z,2026-09-25T16:46:35.600Z,394.733,0.9,127.0,0.0,16.1
2026-09-25T16:46:35.928Z,2026-09-25T16:46:35.800Z,394.94,0.9,124.0,0.0,16.1
2026-09-25T16:46:36.121Z,2026-09-25T16:46:36.000Z,395.132,0.9,121.0,0.0,16.1
2026-09-25T16:46:36.328Z,2026-09-25T16:46:36.200Z,395.339,0.9,122.0,0.0,16.1
2026-09-25T16:46:36.521Z,2026-09-25T16:46:36.400Z,395.532,0.9,120.0,0.0,16.1
2026-09-25T16:46:36.728Z,2026-09-25T16:46:36.600Z,395.739,0.9,124.0,0.0,16.1
2026-09-25T16:46:36.921Z,2026-09-25T16:46:36.800Z,395.932,0.9,120.0,0.0,16.1
2026-09-25T16:46:37.128Z,2026-09-25T16:46:37.000Z,396.139,0.7,125.0,0.0,16.1
2026-09-25T16:46:37.320Z,2026-09-25T16:46:37.200Z,396.331,0.7,122.0,0.0,16.1
2026-09-25T16:46:37.527Z,2026-09-25T16:46:37.400Z,396.538,0.6,123.0,0.0,16.1
2026-09-25T16:46:37.720Z,2026-09-25T16:46:37.600Z,396.732,0.7,129.0,0.0,16.1
2026-09-25T16:46:37.927Z,2026-09-25T16:46:37.800Z,396.938,0.7,130.0,0.0,16.1
2026-09-25T16:46:38.120Z,2026-09-25T16:46:38.000Z,397.131,0.7,135.0,0.0,16.1
2026-09-25T16:46:38.327Z,2026-09-25T16:46:38.200Z,397.338,0.7,142.0,0.0,16.2
2026-09-25T16:46:38.519Z,2026-09-25T16:46:38.400Z,397.531,0.7,147.0,0.0,16.2
2026-09-25T16:46:38.726Z,2026-09-25T16:46:38.600Z,397.738,0.8,142.0,0.0,16.2
2026-09-25T16:46:38.919Z,2026-09-25T16:46:38.800Z,397.93,0.8,145.0,0.0,16.2
2026-09-25T16:46:39.126Z,2026-09-25T16:46:39.000Z,398.138,0.9,145.0,0.0,16.2
2026-09-25T16:46:39.319Z,2026-09-25T16:46:39.200Z,398.33,0.9,143.0,0.0,16.2
2026-09-25T16:46:39.526Z,2026-09-25T16:46:39.400Z,398.537,1.0,141.0,0.0,16.2
2026-09-25T16:46:39.719Z,2026-09-25T16:46:39.600Z,398.73,1.0,140.0,0.0,16.2
2026-09-25T16:46:39.926Z,2026-09-25T16:46:39.800Z,398.937,1.1,140.0,0.0,16.2
2026-09-25T16:46:40.118Z,2026-09-25T16:46:40.000Z,399.13,1.1,142.0,0.0,16.2
2026-09-25T16:46:40.326Z,2026-09-25T16:46:40.200Z,399.337,1.2,145.0,0.0,16.2
2026-09-25T16:46:40.518Z,2026-09-25T16:46:40.400Z,399.529,1.2,145.0,0.0,16.2
2026-09-25T16:46:40.725Z,2026-09-25T16:46:40.600Z,399.737,1.2,151.0,0.0,16.2
2026-09-25T16:46:40.918Z,2026-09-25T16:46:40.800Z,399.929,1.3,149.0,0.0,16.2
2026-09-25T16:46:41.125Z,2026-09-25T16:46:41.000Z,400.136,1.3,149.0,0.0,16.2
2026-09-25T16:46:41.318Z,2026-09-25T16:46:41.200Z,400.329,1.4,149.0,0.0,16.2
2026-09-25T16:46:41.525Z,2026-09-25T16:46:41.400Z,400.536,1.4,146.0,0.0,16.2
2026-09-25T16:46:41.717Z,2026-09-25T16:46:41.600Z,400.728,1.5,143.0,0.0,16.2
2026-09-25T16:46:41.924Z,2026-09-25T16:46:41.800Z,400.936,1.5,140.0,0.0,16.2
2026-09-25T16:46:42.117Z,2026-09-25T16:46:42.000Z,401.128,1.5,136.0,0.0,16.2
2026-09-25T16:46:42.324Z,2026-09-25T16:46:42.200Z,401.335,1.5,132.0,0.0,16.2
2026-09-25T16:46:42.517Z,2026-09-25T16:46:42.400Z,401.528,1.5,131.0,0.0,16.2
2026-09-25T16:46:42.724Z,2026-09-25T16:46:42.600Z,401.735,1.5,128.0,0.0,16.2
2026-09-25T16:46:42.931Z,2026-09-25T16:46:42.800Z,401.942,1.5,126.0,0.0,16.2
2026-09-25T16:46:43.124Z,2026-09-25T16:46:43.000Z,402.135,1.5,128.0,0.0,16.2
2026-09-25T16:46:43.330Z,2026-09-25T16:46:43.200Z,402.342,1.5,127.0,0.0,16.2
2026-09-25T16:46:43.523Z,2026-09-25T16:46:43.400Z,402.535,1.6,127.0,0.0,16.2
2026-09-25T16:46:43.730Z,2026-09-25T16:46:43.600Z,402.742,1.6,124.0,0.0,16.2
2026-09-25T16:46:43.923Z,2026-09-25T16:46:43.800Z,402.934,1.5,124.0,0.0,16.2
2026-09-25T16:46:44.130Z,2026-09-25T16:46:44.000Z,403.141,1.7,121.0,0.0,16.2
2026-09-25T16:46:44.323Z,2026-09-25T16:46:44.200Z,403.334,1.7,128.0,0.0,16.2
2026-09-25T16:46:44.530Z,2026-09-25T16:46:44.400Z,403.541,1.7,130.0,0.0,16.2
2026-09-25T16:46:44.722Z,2026-09-25T16:46:44.600Z,403.733,1.7,127.0,0.0,16.2
2026-09-25T16:46:44.930Z,2026-09-25T16:46:44.800Z,403.941,1.8,127.0,0.0,16.2
2026-09-25T16:46:45.122Z,2026-09-25T16:46:45.000Z,404.133,1.8,127.0,0.0,16.2
2026-09-25T16:46:45.329Z,2026-09-25T16:46:45.200Z,404.34,1.9,131.0,0.0,16.2
2026-09-25T16:46:45.522Z,2026-09-25T16:46:45.400Z,404.533,2.0,133.0,0.0,16.2
2026-09-25T16:46:45.729Z,2026-09-25T16:46:45.600Z,404.74,1.9,137.0,0.0,16.2
2026-09-25T16:46:45.921Z,2026-09-25T16:46:45.800Z,404.933,1.9,133.0,0.0,16.2
2026-09-25T16:46:46.129Z,2026-09-25T16:46:46.000Z,405.14,1.9,133.0,0.0,16.2
2026-09-25T16:46:46.322Z,2026-09-25T16:46:46.200Z,405.333,2.0,137.0,0.0,16.2
2026-09-25T16:46:46.528Z,2026-09-25T16:46:46.400Z,405.54,1.9,136.0,0.0,16.2
2026-09-25T16:46:46.721Z,2026-09-25T16:46:46.600Z,405.732,1.9,135.0,0.0,16.2
2026-09-25T16:46:46.928Z,2026-09-25T16:46:46.800Z,405.939,1.9,135.0,0.0,16.2
2026-09-25T16:46:47.121Z,2026-09-25T16:46:47.000Z,406.132,1.9,133.0,0.0,16.2
2026-09-25T16:46:47.328Z,2026-09-25T16:46:47.200Z,406.339,1.9,130.0,0.0,16.2
2026-09-25T16:46:47.521Z,2026-09-25T16:46:47.400Z,406.532,1.9,131.0,0.0,16.2
2026-09-25T16:46:47.728Z,2026-09-25T16:46:47.600Z,406.739,1.9,130.0,0.0,16.2
2026-09-25T16:46:47.920Z,2026-09-25T16:46:47.800Z,406.931,1.9,127.0,0.0,16.2
2026-09-25T16:46:48.127Z,2026-09-25T16:46:48.000Z,407.139,1.9,126.0,0.0,16.2
2026-09-25T16:46:48.320Z,2026-09-25T16:46:48.200Z,407.331,1.9,127.0,0.0,16.2
2026-09-25T16:46:48.527Z,2026-09-25T16:46:48.400Z,407.539,1.9,124.0,0.0,16.2
2026-09-25T16:46:48.720Z,2026-09-25T16:46:48.600Z,407.731,2.0,124.0,0.0,16.2
2026-09-25T16:46:48.927Z,2026-09-25T16:46:48.800Z,407.938,2.1,128.0,0.0,16.2
2026-09-25T16:46:49.120Z,2026-09-25T16:46:49.000Z,408.131,2.1,129.0,0.0,16.2
2026-09-25T16:46:49.326Z,2026-09-25T16:46:49.200Z,408.338,2.1,129.0,0.0,16.2
2026-09-25T16:46:49.520Z,2026-09-25T16:46:49.400Z,408.531,2.0,130.0,0.0,16.2
2026-09-25T16:46:49.726Z,2026-09-25T16:46:49.600Z,408.737,2.1,128.0,0.0,16.2
2026-09-25T16:46:49.919Z,2026-09-25T16:46:49.800Z,408.93,2.1,129.0,0.0,16.2
2026-09-25T16:46:50.126Z,2026-09-25T16:46:50.000Z,409.137,2.0,130.0,0.0,16.2
2026-09-25T16:46:50.319Z,2026-09-25T16:46:50.200Z,409.33,2.1,130.0,0.0,16.2
2026-09-25T16:46:50.526Z,2026-09-25T16:46:50.400Z,409.537,2.1,129.0,0.0,16.2
2026-09-25T16:46:50.719Z,2026-09-25T16:46:50.600Z,409.73,2.1,129.0,0.0,16.2
2026-09-25T16:46:50.925Z,2026-09-25T16:46:50.800Z,409.937,2.2,130.0,0.0,16.2
2026-09-25T16:46:51.118Z,2026-09-25T16:46:51.000Z,410.129,2.2,131.0,0.0,16.2
2026-09-25T16:46:51.325Z,2026-09-25T16:46:51.200Z,410.337,2.3,131.0,0.0,16.2
2026-09-25T16:46:51.518Z,2026-09-25T16:46:51.400Z,410.529,2.3,132.0,0.0,16.2
2026-09-25T16:46:51.725Z,2026-09-25T16:46:51.600Z,410.736,2.3,133.0,0.0,16.2
2026-09-25T16:46:51.917Z,2026-09-25T16:46:51.800Z,410.929,2.2,135.0,0.0,16.2
2026-09-25T16:46:52.125Z,2026-09-25T16:46:52.000Z,411.136,2.2,135.0,0.0,16.2
2026-09-25T16:46:52.317Z,2026-09-25T16:46:52.200Z,411.329,2.2,134.0,0.0,16.2
2026-09-25T16:46:52.524Z,2026-09-25T16:46:52.400Z,411.536,2.1,135.0,0.0,16.2
2026-09-25T16:46:52.717Z,2026-09-25T16:46:52.600Z,411.728,2.1,135.0,0.0,16.2
2026-09-25T16:46:52.924Z,2026-09-25T16:46:52.800Z,411.935,2.1,137.0,0.0,16.2
2026-09-25T16:46:53.117Z,2026-09-25T16:46:53.000Z,412.129,2.1,138.0,0.0,16.2
2026-09-25T16:46:53.324Z,2026-09-25T16:46:53.200Z,412.335,2.0,139.0,0.0,16.2
2026-09-25T16:46:53.517Z,2026-09-25T16:46:53.400Z,412.528,2.0,138.0,0.0,16.2
2026-09-25T16:46:53.724Z,2026-09-25T16:46:53.600Z,412.735,2.0,139.0,0.0,16.2
2026-09-25T16:46:53.931Z,2026-09-25T16:46:53.800Z,412.942,2.0,141.0,0.0,16.2
2026-09-25T16:46:54.123Z,2026-09-25T16:46:54.000Z,413.135,2.0,142.0,0.0,16.2
2026-09-25T16:46:54.330Z,2026-09-25T16:46:54.200Z,413.342,2.0,142.0,0.0,16.2
2026-09-25T16:46:54.523Z,2026-09-25T16:46:54.400Z,413.534,1.9,144.0,0.0,16.2
2026-09-25T16:46:54.730Z,2026-09-25T16:46:54.600Z,413.741,1.9,143.0,0.0,16.2
2026-09-25T16:46:54.923Z,2026-09-25T16:46:54.800Z,413.934,1.9,144.0,0.0,16.2
2026-09-25T16:46:55.130Z,2026-09-25T16:46:55.000Z,414.141,1.9,143.0,0.0,16.2
2026-09-25T16:46:55.323Z,2026-09-25T16:46:55.200Z,414.334,1.8,143.0,0.0,16.2
2026-09-25T16:46:55.530Z,2026-09-25T16:46:55.400Z,414.541,1.8,144.0,0.0,16.2
2026-09-25T16:46:55.722Z,2026-09-25T16:46:55.600Z,414.733,1.8,143.0,0.0,16.2
2026-09-25T16:46:55.929Z,2026-09-25T16:46:55.800Z,414.941,1.8,144.0,0.0,16.2
2026-09-25T16:46:56.122Z,2026-09-25T16:46:56.000Z,415.133,1.8,142.0,0.0,16.2
2026-09-25T16:46:56.329Z,2026-09-25T16:46:56.200Z,415.34,1.8,142.0,0.0,16.2
2026-09-25T16:46:56.522Z,2026-09-25T16:46:56.400Z,415.533,1.7,140.0,0.0,16.2
2026-09-25T16:46:56.729Z,2026-09-25T16:46:56.600Z,415.74,1.8,141.0,0.0,16.2
2026-09-25T16:46:56.921Z,2026-09-25T16:46:56.800Z,415.933,1.8,141.0,0.0,16.2
2026-09-25T16:46:57.128Z,2026-09-25T16:46:57.000Z,416.14,1.7,140.0,0.0,16.1
2026-09-25T16:46:57.321Z,2026-09-25T16:46:57.200Z,416.332,1.8,136.0,0.0,16.1
2026-09-25T16:46:57.528Z,2026-09-25T16:46:57.400Z,416.54,1.8,134.0,0.0,16.1
2026-09-25T16:46:57.721Z,2026-09-25T16:46:57.600Z,416.732,1.9,136.0,0.0,16.1
2026-09-25T16:46:57.928Z,2026-09-25T16:46:57.800Z,416.939,2.0,134.0,0.0,16.1
2026-09-25T16:46:58.121Z,2026-09-25T16:46:58.000Z,417.132,2.0,131.0,0.0,16.1
2026-09-25T16:46:58.328Z,2026-09-25T16:46:58.200Z,417.339,2.0,126.0,0.0,16.1
2026-09-25T16:46:58.520Z,2026-09-25T16:46:58.400Z,417.532,2.0,124.0,0.0,16.1
2026-09-25T16:46:58.727Z,2026-09-25T16:46:58.600Z,417.739,2.1,126.0,0.0,16.1
2026-09-25T16:46:58.920Z,2026-09-25T16:46:58.800Z,417.931,2.0,127.0,0.0,16.1
2026-09-25T16:46:59.127Z,2026-09-25T16:46:59.000Z,418.138,2.0,127.0,0.0,16.1
2026-09-25T16:46:59.320Z,2026-09-25T16:46:59.200Z,418.331,1.9,125.0,0.0,16.1
2026-09-25T16:46:59.527Z,2026-09-25T16:46:59.400Z,418.538,1.8,126.0,0.0,16.1
2026-09-25T16:46:59.720Z,2026-09-25T16:46:59.600Z,418.731,1.8,127.0,0.0,16.1
2026-09-25T16:46:59.927Z,2026-09-25T16:46:59.800Z,418.938,1.8,128.0,0.0,16.1
2026-09-25T16:47:00.119Z,2026-09-25T16:47:00.000Z,419.13,1.8,129.0,0.0,16.1
2026-09-25T16:47:00.326Z,2026-09-25T16:47:00.200Z,419.338,1.8,128.0,0.0,16.1
2026-09-25T16:47:00.519Z,2026-09-25T16:47:00.400Z,419.53,1.8,129.0,0.0,16.1
2026-09-25T16:47:00.726Z,2026-09-25T16:47:00.600Z,419.737,1.8,129.0,0.0,16.1
2026-09-25T16:47:00.919Z,2026-09-25T16:47:00.800Z,419.93,1.8,129.0,0.0,16.1
2026-09-25T16:47:01.126Z,2026-09-25T16:47:01.000Z,420.137,1.8,129.0,0.0,16.1
2026-09-25T16:47:01.319Z,2026-09-25T16:47:01.200Z,420.33,1.8,128.0,0.0,16.1
2026-09-25T16:47:01.525Z,2026-09-25T16:47:01.400Z,420.536,1.8,129.0,0.0,16.1
2026-09-25T16:47:01.718Z,2026-09-25T16:47:01.600Z,420.73,1.8,131.0,0.0,16.1
2026-09-25T16:47:01.926Z,2026-09-25T16:47:01.800Z,420.937,1.8,132.0,0.0,16.1
2026-09-25T16:47:02.118Z,2026-09-25T16:47:02.000Z,421.13,1.8,130.0,0.0,16.1
2026-09-25T16:47:02.325Z,2026-09-25T16:47:02.200Z,421.336,1.8,130.0,0.0,16.1
2026-09-25T16:47:02.518Z,2026-09-25T16:47:02.400Z,421.529,1.7,129.0,0.0,16.1
2026-09-25T16:47:02.725Z,2026-09-25T16:47:02.600Z,421.736,1.7,126.0,0.0,16.1
2026-09-25T16:47:02.917Z,2026-09-25T16:47:02.800Z,421.929,1.7,126.0,0.0,16.1
2026-09-25T16:47:03.124Z,2026-09-25T16:47:03.000Z,422.136,1.7,125.0,0.0,16.1
2026-09-25T16:47:03.317Z,2026-09-25T16:47:03.200Z,422.329,1.7,125.0,0.0,16.1
2026-09-25T16:47:03.524Z,2026-09-25T16:47:03.400Z,422.536,1.8,125.0,0.0,16.1
2026-09-25T16:47:03.717Z,2026-09-25T16:47:03.600Z,422.728,1.8,125.0,0.0,16.1
2026-09-25T16:47:03.924Z,2026-09-25T16:47:03.800Z,422.935,1.8,124.0,0.0,16.1
2026-09-25T16:47:04.117Z,2026-09-25T16:47:04.000Z,423.128,1.8,126.0,0.0,16.1
2026-09-25T16:47:04.324Z,2026-09-25T16:47:04.200Z,423.335,1.8,126.0,0.0,16.1
2026-09-25T16:47:04.531Z,2026-09-25T16:47:04.400Z,423.542,1.8,126.0,0.0,16.1
2026-09-25T16:47:04.723Z,2026-09-25T16:47:04.600Z,423.735,1.8,128.0,0.0,16.1
2026-09-25T16:47:04.930Z,2026-09-25T16:47:04.800Z,423.942,1.8,128.0,0.0,16.1
2026-09-25T16:47:05.123Z,2026-09-25T16:47:05.000Z,424.134,1.8,127.0,0.0,16.1
2026-09-25T16:47:05.330Z,2026-09-25T16:47:05.200Z,424.341,1.7,128.0,0.0,16.1
2026-09-25T16:47:05.523Z,2026-09-25T16:47:05.400Z,424.534,1.7,129.0,0.0,16.1
2026-09-25T16:47:05.730Z,2026-09-25T16:47:05.600Z,424.741,1.7,130.0,0.0,16.1
2026-09-25T16:47:05.923Z,2026-09-25T16:47:05.800Z,424.934,1.7,130.0,0.0,16.1
2026-09-25T16:47:06.130Z,2026-09-25T16:47:06.000Z,425.141,1.7,130.0,0.0,16.1
2026-09-25T16:47:06.322Z,2026-09-25T16:47:06.200Z,425.334,1.7,131.0,0.0,16.1
2026-09-25T16:47:06.529Z,2026-09-25T16:47:06.400Z,425.541,1.6,131.0,0.0,16.1
2026-09-25T16:47:06.722Z,2026-09-25T16:47:06.600Z,425.733,1.6,131.0,0.0,16.1
2026-09-25T16:47:06.929Z,2026-09-25T16:47:06.800Z,425.94,1.6,130.0,0.0,16.1
2026-09-25T16:47:07.122Z,2026-09-25T16:47:07.000Z,426.133,1.6,131.0,0.0,16.1
2026-09-25T16:47:07.329Z,2026-09-25T16:47:07.200Z,426.341,1.6,131.0,0.0,16.1
2026-09-25T16:47:07.522Z,2026-09-25T16:47:07.400Z,426.533,1.6,132.0,0.0,16.1
2026-09-25T16:47:07.728Z,2026-09-25T16:47:07.600Z,426.74,1.6,130.0,0.0,16.1
2026-09-25T16:47:07.921Z,2026-09-25T16:47:07.800Z,426.933,1.6,130.0,0.0,16.1
2026-09-25T16:47:08.128Z,2026-09-25T16:47:08.000Z,427.139,1.6,131.0,0.0,16.1
2026-09-25T16:47:08.321Z,2026-09-25T16:47:08.200Z,427.332,1.5,131.0,0.0,16.1
2026-09-25T16:47:08.528Z,2026-09-25T16:47:08.400Z,427.539,1.5,131.0,0.0,16.1
2026-09-25T16:47:08.721Z,2026-09-25T16:47:08.600Z,427.732,1.6,132.0,0.0,16.1
2026-09-25T16:47:08.928Z,2026-09-25T16:47:08.800Z,427.939,1.6,133.0,0.0,16.1
2026-09-25T16:47:09.121Z,2026-09-25T16:47:09.000Z,428.132,1.6,133.0,0.0,16.1
2026-09-25T16:47:09.328Z,2026-09-25T16:47:09.200Z,428.339,1.6,133.0,0.0,16.1
2026-09-25T16:47:09.520Z,2026-09-25T16:47:09.400Z,428.531,1.6,134.0,0.0,16.1
2026-09-25T16:47:09.727Z,2026-09-25T16:47:09.600Z,428.738,1.6,133.0,0.0,16.1
2026-09-25T16:47:09.920Z,2026-09-25T16:47:09.800Z,428.931,1.7,133.0,0.0,16.1
2026-09-25T16:47:10.127Z,2026-09-25T16:47:10.000Z,429.138,1.7,133.0,0.0,16.1
2026-09-25T16:47:10.320Z,2026-09-25T16:47:10.200Z,429.331,1.8,133.0,0.0,16.1
2026-09-25T16:47:10.527Z,2026-09-25T16:47:10.400Z,429.538,1.8,133.0,0.0,16.1
2026-09-25T16:47:10.719Z,2026-09-25T16:47:10.600Z,429.731,1.8,133.0,0.0,16.1
2026-09-25T16:47:10.926Z,2026-09-25T16:47:10.800Z,429.938,1.8,134.0,0.0,16.1
2026-09-25T16:47:11.119Z,2026-09-25T16:47:11.000Z,430.13,1.8,134.0,0.0,16.1
2026-09-25T16:47:11.326Z,2026-09-25T16:47:11.200Z,430.338,1.8,135.0,0.0,16.1
2026-09-25T16:47:11.519Z,2026-09-25T16:47:11.400Z,430.53,1.8,135.0,0.0,16.1
2026-09-25T16:47:11.726Z,2026-09-25T16:47:11.600Z,430.737,1.8,136.0,0.0,16.1
2026-09-25T16:47:11.919Z,2026-09-25T16:47:11.800Z,430.93,1.8,136.0,0.0,16.1
2026-09-25T16:47:12.126Z,2026-09-25T16:47:12.000Z,431.137,1.7,136.0,0.0,16.1
2026-09-25T16:47:12.318Z,2026-09-25T16:47:12.200Z,431.33,1.7,135.0,0.0,16.1
2026-09-25T16:47:12.525Z,2026-09-25T16:47:12.400Z,431.537,1.7,135.0,0.0,16.1
2026-09-25T16:47:12.718Z,2026-09-25T16:47:12.600Z,431.729,1.7,135.0,0.0,16.1
2026-09-25T16:47:12.925Z,2026-09-25T16:47:12.800Z,431.936,1.7,135.0,0.0,16.1
2026-09-25T16:47:13.118Z,2026-09-25T16:47:13.000Z,432.129,1.7,135.0,0.0,16.1
2026-09-25T16:47:13.325Z,2026-09-25T16:47:13.200Z,432.336,1.7,135.0,0.0,16.1
2026-09-25T16:47:13.517Z,2026-09-25T16:47:13.400Z,432.528,1.6,136.0,0.0,16.1
2026-09-25T16:47:13.724Z,2026-09-25T16:47:13.600Z,432.736,1.6,136.0,0.0,16.1
2026-09-25T16:47:13.917Z,2026-09-25T16:47:13.800Z,432.929,1.6,136.0,0.0,16.1
2026-09-25T16:47:14.124Z,2026-09-25T16:47:14.000Z,433.136,1.6,136.0,0.0,16.1
2026-09-25T16:47:14.317Z,2026-09-25T16:47:14.200Z,433.329,1.6,136.0,0.0,16.1
2026-09-25T16:47:14.524Z,2026-09-25T16:47:14.400Z,433.535,1.6,137.0,0.0,16.1
2026-09-25T16:47:14.717Z,2026-09-25T16:47:14.600Z,433.728,1.5,136.0,0.0,16.1
2026-09-25T16:47:14.924Z,2026-09-25T16:47:14.800Z,433.935,1.5,136.0,0.0,16.1
2026-09-25T16:47:15.131Z,2026-09-25T16:47:15.000Z,434.142,1.5,138.0,0.0,16.1
2026-09-25T16:47:15.324Z,2026-09-25T16:47:15.200Z,434.335,1.5,136.0,0.0,16.0
2026-09-25T16:47:15.531Z,2026-09-25T16:47:15.400Z,434.542,1.4,136.0,0.0,16.0
2026-09-25T16:47:15.723Z,2026-09-25T16:47:15.600Z,434.735,1.4,136.0,0.0,16.0
2026-09-25T16:47:15.930Z,2026-09-25T16:47:15.800Z,434.942,1.4,137.0,0.0,16.0
2026-09-25T16:47:16.123Z,2026-09-25T16:47:16.000Z,435.134,1.4,137.0,0.0,16.0
2026-09-25T16:47:16.330Z,2026-09-25T16:47:16.200Z,435.341,1.4,138.0,0.0,16.0
2026-09-25T16:47:16.522Z,2026-09-25T16:47:16.400Z,435.534,1.4,139.0,0.0,16.0
2026-09-25T16:47:16.730Z,2026-09-25T16:47:16.600Z,435.741,1.4,138.0,0.0,16.0
2026-09-25T16:47:16.923Z,2026-09-25T16:47:16.800Z,435.934,1.4,139.0,0.0,16.0
2026-09-25T16:47:17.130Z,2026-09-25T16:47:17.000Z,436.141,1.4,139.0,0.0,16.0
2026-09-25T16:47:17.322Z,2026-09-25T16:47:17.200Z,436.333,1.4,140.0,0.0,16.0
2026-09-25T16:47:17.529Z,2026-09-25T16:47:17.400Z,436.54,1.4,140.0,0.0,16.0
2026-09-25T16:47:17.722Z,2026-09-25T16:47:17.600Z,436.733,1.4,136.0,0.0,16.0
2026-09-25T16:47:17.929Z,2026-09-25T16:47:17.800Z,436.94,1.5,135.0,0.0,16.0
2026-09-25T16:47:18.122Z,2026-09-25T16:47:18.000Z,437.133,1.5,134.0,0.0,16.0
2026-09-25T16:47:18.329Z,2026-09-25T16:47:18.200Z,437.34,1.4,135.0,0.0,16.0
2026-09-25T16:47:18.521Z,2026-09-25T16:47:18.400Z,437.533,1.4,136.0,0.0,16.0
2026-09-25T16:47:18.728Z,2026-09-25T16:47:18.600Z,437.74,1.4,135.0,0.0,16.0
2026-09-25T16:47:18.921Z,2026-09-25T16:47:18.800Z,437.932,1.4,137.0,0.0,16.0
2026-09-25T16:47:19.128Z,2026-09-25T16:47:19.000Z,438.139,1.4,138.0,0.0,16.0
2026-09-25T16:47:19.321Z,2026-09-25T16:47:19.200Z,438.332,1.4,139.0,0.0,16.0
2026-09-25T16:47:19.528Z,2026-09-25T16:47:19.400Z,438.539,1.4,142.0,0.0,16.0
2026-09-25T16:47:19.721Z,2026-09-25T16:47:19.600Z,438.732,1.4,143.0,0.0,16.0
2026-09-25T16:47:19.927Z,2026-09-25T16:47:19.800Z,438.939,1.4,144.0,0.0,16.0
2026-09-25T16:47:20.120Z,2026-09-25T16:47:20.000Z,439.131,1.4,145.0,0.0,16.0
2026-09-25T16:47:20.327Z,2026-09-25T16:47:20.200Z,439.339,1.4,146.0,0.0,16.0
2026-09-25T16:47:20.520Z,2026-09-25T16:47:20.400Z,439.531,1.3,144.0,0.0,16.0
2026-09-25T16:47:20.727Z,2026-09-25T16:47:20.600Z,439.738,1.3,145.0,0.0,16.0
2026-09-25T16:47:20.920Z,2026-09-25T16:47:20.800Z,439.931,1.4,145.0,0.0,16.0
2026-09-25T16:47:21.127Z,2026-09-25T16:47:21.000Z,440.138,1.4,144.0,0.0,16.0
2026-09-25T16:47:21.319Z,2026-09-25T16:47:21.200Z,440.331,1.4,144.0,0.0,16.0
2026-09-25T16:47:21.527Z,2026-09-25T16:47:21.400Z,440.538,1.4,145.0,0.0,16.0
2026-09-25T16:47:21.719Z,2026-09-25T16:47:21.600Z,440.73,1.3,145.0,0.0,16.0
2026-09-25T16:47:21.926Z,2026-09-25T16:47:21.800Z,440.938,1.3,147.0,0.0,16.0
2026-09-25T16:47:22.119Z,2026-09-25T16:47:22.000Z,441.13,1.4,149.0,0.0,16.0
2026-09-25T16:47:22.326Z,2026-09-25T16:47:22.200Z,441.337,1.4,150.0,0.0,16.0
2026-09-25T16:47:22.518Z,2026-09-25T16:47:22.400Z,441.53,1.4,153.0,0.0,16.0
2026-09-25T16:47:22.726Z,2026-09-25T16:47:22.600Z,441.737,1.4,151.0,0.0,16.0
2026-09-25T16:47:22.919Z,2026-09-25T16:47:22.800Z,441.93,1.4,152.0,0.0,16.0
2026-09-25T16:47:23.125Z,2026-09-25T16:47:23.000Z,442.137,1.5,151.0,0.0,16.0
2026-09-25T16:47:23.318Z,2026-09-25T16:47:23.200Z,442.329,1.5,151.0,0.0,16.0
2026-09-25T16:47:23.525Z,2026-09-25T16:47:23.400Z,442.536,1.5,148.0,0.0,16.0
2026-09-25T16:47:23.718Z,2026-09-25T16:47:23.600Z,442.729,1.5,145.0,0.0,16.0
2026-09-25T16:47:23.925Z,2026-09-25T16:47:23.800Z,442.936,1.5,140.0,0.0,16.0
2026-09-25T16:47:24.118Z,2026-09-25T16:47:24.000Z,443.129,1.5,137.0,0.0,16.0
2026-09-25T16:47:24.325Z,2026-09-25T16:47:24.200Z,443.336,1.5,136.0,0.0,16.0
2026-09-25T16:47:24.518Z,2026-09-25T16:47:24.400Z,443.529,1.5,133.0,0.0,16.0
2026-09-25T16:47:24.724Z,2026-09-25T16:47:24.600Z,443.735,1.5,134.0,0.0,16.0
2026-09-25T16:47:24.917Z,2026-09-25T16:47:24.800Z,443.929,1.5,131.0,0.0,16.0
2026-09-25T16:47:25.124Z,2026-09-25T16:47:25.000Z,444.135,1.6,130.0,0.0,16.0
2026-09-25T16:47:25.317Z,2026-09-25T16:47:25.200Z,444.328,1.6,131.0,0.0,16.0
2026-09-25T16:47:25.524Z,2026-09-25T16:47:25.400Z,444.535,1.6,133.0,0.0,16.0
2026-09-25T16:47:25.731Z,2026-09-25T16:47:25.600Z,444.742,1.6,133.0,0.0,16.0
2026-09-25T16:47:25.924Z,2026-09-25T16:47:25.800Z,444.935,1.6,135.0,0.0,16.0
2026-09-25T16:47:26.131Z,2026-09-25T16:47:26.000Z,445.142,1.7,134.0,0.0,16.0
2026-09-25T16:47:26.323Z,2026-09-25T16:47:26.200Z,445.335,1.6,135.0,0.0,16.0
2026-09-25T16:47:26.530Z,2026-09-25T16:47:26.400Z,445.542,1.6,137.0,0.0,16.0
2026-09-25T16:47:26.723Z,2026-09-25T16:47:26.600Z,445.734,1.6,136.0,0.0,16.0
2026-09-25T16:47:26.930Z,2026-09-25T16:47:26.800Z,445.941,1.5,136.0,0.0,16.0
2026-09-25T16:47:27.123Z,2026-09-25T16:47:27.000Z,446.134,1.5,136.0,0.0,16.0
2026-09-25T16:47:27.330Z,2026-09-25T16:47:27.200Z,446.341,1.4,137.0,0.0,16.0
2026-09-25T16:47:27.522Z,2026-09-25T16:47:27.400Z,446.534,1.4,136.0,0.0,16.0
2026-09-25T16:47:27.729Z,2026-09-25T16:47:27.600Z,446.741,1.3,137.0,0.0,16.0
2026-09-25T16:47:27.922Z,2026-09-25T16:47:27.800Z,446.933,1.3,137.0,0.0,16.0
2026-09-25T16:47:28.129Z,2026-09-25T16:47:28.000Z,447.14,1.3,135.0,0.0,16.0
2026-09-25T16:47:28.322Z,2026-09-25T16:47:28.200Z,447.333,1.3,135.0,0.0,16.0
2026-09-25T16:47:28.529Z,2026-09-25T16:47:28.400Z,447.54,1.3,134.0,0.0,16.0
2026-09-25T16:47:28.722Z,2026-09-25T16:47:28.600Z,447.733,1.3,136.0,0.0,16.0
2026-09-25T16:47:28.929Z,2026-09-25T16:47:28.800Z,447.94,1.3,135.0,0.0,16.0
2026-09-25T16:47:29.121Z,2026-09-25T16:47:29.000Z,448.133,1.3,133.0,0.0,16.0
2026-09-25T16:47:29.328Z,2026-09-25T16:47:29.200Z,448.34,1.4,132.0,0.0,16.0
2026-09-25T16:47:29.521Z,2026-09-25T16:47:29.400Z,448.532,1.4,130.0,0.0,16.0
2026-09-25T16:47:29.728Z,2026-09-25T16:47:29.600Z,448.739,1.4,131.0,0.0,16.0
2026-09-25T16:47:29.921Z,2026-09-25T16:47:29.800Z,448.932,1.4,128.0,0.0,16.0
2026-09-25T16:47:30.128Z,2026-09-25T16:47:30.000Z,449.139,1.4,129.0,0.0,16.0
2026-09-25T16:47:30.321Z,2026-09-25T16:47:30.200Z,449.332,1.3,129.0,0.0,16.0
2026-09-25T16:47:30.527Z,2026-09-25T16:47:30.400Z,449.539,1.4,132.0,0.0,16.0
2026-09-25T16:47:30.720Z,2026-09-25T16:47:30.600Z,449.731,1.4,135.0,0.0,16.0
2026-09-25T16:47:30.927Z,2026-09-25T16:47:30.800Z,449.939,1.4,137.0,0.0,16.0
2026-09-25T16:47:31.120Z,2026-09-25T16:47:31.000Z,450.131,1.4,146.0,0.0,16.0
2026-09-25T16:47:31.327Z,2026-09-25T16:47:31.200Z,450.338,1.4,146.0,0.0,16.0
2026-09-25T16:47:31.520Z,2026-09-25T16:47:31.400Z,450.531,1.4,149.0,0.0,16.0
2026-09-25T16:47:31.727Z,2026-09-25T16:47:31.600Z,450.738,1.4,151.0,0.0,16.0
2026-09-25T16:47:31.919Z,2026-09-25T16:47:31.800Z,450.93,1.3,149.0,0.0,16.0
2026-09-25T16:47:32.126Z,2026-09-25T16:47:32.000Z,451.138,1.3,148.0,0.0,16.0
2026-09-25T16:47:32.319Z,2026-09-25T16:47:32.200Z,451.33,1.3,145.0,0.0,16.0
2026-09-25T16:47:32.526Z,2026-09-25T16:47:32.400Z,451.538,1.3,146.0,0.0,16.0
2026-09-25T16:47:32.719Z,2026-09-25T16:47:32.600Z,451.73,1.4,142.0,0.0,16.0
2026-09-25T16:47:32.926Z,2026-09-25T16:47:32.800Z,451.937,1.3,141.0,0.0,16.0
2026-09-25T16:47:33.118Z,2026-09-25T16:47:33.000Z,452.13,1.4,140.0,0.0,16.0
2026-09-25T16:47:33.326Z,2026-09-25T16:47:33.200Z,452.337,1.4,141.0,0.0,16.0
2026-09-25T16:47:33.518Z,2026-09-25T16:47:33.400Z,452.529,1.5,140.0,0.0,16.0
2026-09-25T16:47:33.725Z,2026-09-25T16:47:33.600Z,452.736,1.6,143.0,0.0,16.0
2026-09-25T16:47:33.918Z,2026-09-25T16:47:33.800Z,452.929,1.6,144.0,0.0,16.0
2026-09-25T16:47:34.125Z,2026-09-25T16:47:34.000Z,453.136,1.6,144.0,0.0,16.0
2026-09-25T16:47:34.318Z,2026-09-25T16:47:34.200Z,453.329,1.6,144.0,0.0,16.0
2026-09-25T16:47:34.525Z,2026-09-25T16:47:34.400Z,453.536,1.8,144.0,0.0,16.0
2026-09-25T16:47:34.718Z,2026-09-25T16:47:34.600Z,453.729,1.8,144.0,0.0,16.0
2026-09-25T16:47:34.925Z,2026-09-25T16:47:34.800Z,453.936,1.8,144.0,0.0,16.0
2026-09-25T16:47:35.117Z,2026-09-25T16:47:35.000Z,454.129,1.8,146.0,0.0,16.0
2026-09-25T16:47:35.324Z,2026-09-25T16:47:35.200Z,454.336,1.8,146.0,0.0,16.0
2026-09-25T16:47:35.517Z,2026-09-25T16:47:35.400Z,454.529,1.8,143.0,0.0,16.0
2026-09-25T16:47:35.724Z,2026-09-25T16:47:35.600Z,454.735,1.8,142.0,0.0,16.0
2026-09-25T16:47:35.917Z,2026-09-25T16:47:35.800Z,454.928,1.8,142.0,0.0,16.0
2026-09-25T16:47:36.124Z,2026-09-25T16:47:36.000Z,455.135,1.7,145.0,0.0,16.0
2026-09-25T16:47:36.331Z,2026-09-25T16:47:36.200Z,455.342,1.7,145.0,0.0,16.0
2026-09-25T16:47:36.523Z,2026-09-25T16:47:36.400Z,455.535,1.7,146.0,0.0,16.0
2026-09-25T16:47:36.731Z,2026-09-25T16:47:36.600Z,455.742,1.7,146.0,0.0,16.0
2026-09-25T16:47:36.923Z,2026-09-25T16:47:36.800Z,455.934,1.7,146.0,0.0,16.0
2026-09-25T16:47:37.130Z,2026-09-25T16:47:37.000Z,456.142,1.7,150.0,0.0,16.0
2026-09-25T16:47:37.323Z,2026-09-25T16:47:37.200Z,456.334,1.7,152.0,0.0,16.0
2026-09-25T16:47:37.530Z,2026-09-25T16:47:37.400Z,456.541,1.8,151.0,0.0,16.0
2026-09-25T16:47:37.723Z,2026-09-25T16:47:37.600Z,456.734,1.8,152.0,0.0,16.0
2026-09-25T16:47:37.930Z,2026-09-25T16:47:37.800Z,456.941,1.8,151.0,0.0,16.0
2026-09-25T16:47:38.122Z,2026-09-25T16:47:38.000Z,457.133,1.8,150.0,0.0,16.0
2026-09-25T16:47:38.330Z,2026-09-25T16:47:38.200Z,457.341,1.7,149.0,0.0,16.0
2026-09-25T16:47:38.522Z,2026-09-25T16:47:38.400Z,457.533,1.7,148.0,0.0,16.0
2026-09-25T16:47:38.729Z,2026-09-25T16:47:38.600Z,457.74,1.7,147.0,0.0,16.0
2026-09-25T16:47:38.922Z,2026-09-25T16:47:38.800Z,457.933,1.6,145.0,0.0,16.0
2026-09-25T16:47:39.129Z,2026-09-25T16:47:39.000Z,458.14,1.7,144.0,0.0,16.0
2026-09-25T16:47:39.322Z,2026-09-25T16:47:39.200Z,458.333,1.7,145.0,0.0,16.0
2026-09-25T16:47:39.529Z,2026-09-25T16:47:39.400Z,458.54,1.7,146.0,0.0,16.0
2026-09-25T16:47:39.721Z,2026-09-25T16:47:39.600Z,458.733,1.7,147.0,0.0,16.0
2026-09-25T16:47:39.928Z,2026-09-25T16:47:39.800Z,458.94,1.8,149.0,0.0,16.0
2026-09-25T16:47:40.121Z,2026-09-25T16:47:40.000Z,459.132,1.8,150.0,0.0,16.0
2026-09-25T16:47:40.328Z,2026-09-25T16:47:40.200Z,459.339,1.8,150.0,0.0,16.0
2026-09-25T16:47:40.520Z,2026-09-25T16:47:40.400Z,459.532,1.8,148.0,0.0,16.0
2026-09-25T16:47:40.728Z,2026-09-25T16:47:40.600Z,459.739,1.8,148.0,0.0,16.0
2026-09-25T16:47:40.920Z,2026-09-25T16:47:40.800Z,459.932,1.8,148.0,0.0,16.0
2026-09-25T16:47:41.127Z,2026-09-25T16:47:41.000Z,460.139,1.7,146.0,0.0,16.0
2026-09-25T16:47:41.320Z,2026-09-25T16:47:41.200Z,460.332,1.7,143.0,0.0,16.0
2026-09-25T16:47:41.527Z,2026-09-25T16:47:41.400Z,460.538,1.7,144.0,0.0,16.0
2026-09-25T16:47:41.719Z,2026-09-25T16:47:41.600Z,460.731,1.7,143.0,0.0,16.0
2026-09-25T16:47:41.927Z,2026-09-25T16:47:41.800Z,460.938,1.7,142.0,0.0,16.0
2026-09-25T16:47:42.120Z,2026-09-25T16:47:42.000Z,461.131,1.7,144.0,0.0,16.0
2026-09-25T16:47:42.327Z,2026-09-25T16:47:42.200Z,461.338,1.7,145.0,0.0,16.0
2026-09-25T16:47:42.519Z,2026-09-25T16:47:42.400Z,461.531,1.7,145.0,0.0,16.0
2026-09-25T16:47:42.726Z,2026-09-25T16:47:42.600Z,461.738,1.7,143.0,0.0,16.0
2026-09-25T16:47:42.919Z,2026-09-25T16:47:42.800Z,461.931,1.7,144.0,0.0,16.0
2026-09-25T16:47:43.126Z,2026-09-25T16:47:43.000Z,462.137,1.7,144.0,0.0,16.0
2026-09-25T16:47:43.319Z,2026-09-25T16:47:43.200Z,462.33,1.7,145.0,0.0,16.0
2026-09-25T16:47:43.526Z,2026-09-25T16:47:43.400Z,462.537,1.7,147.0,0.0,16.0
2026-09-25T16:47:43.718Z,2026-09-25T16:47:43.600Z,462.73,1.7,147.0,0.0,16.0
2026-09-25T16:47:43.926Z,2026-09-25T16:47:43.800Z,462.937,1.7,146.0,0.0,16.0
2026-09-25T16:47:44.118Z,2026-09-25T16:47:44.000Z,463.129,1.8,147.0,0.0,16.0
2026-09-25T16:47:44.326Z,2026-09-25T16:47:44.200Z,463.337,1.7,150.0,0.0,16.0
2026-09-25T16:47:44.518Z,2026-09-25T16:47:44.400Z,463.529,1.7,152.0,0.0,16.0
2026-09-25T16:47:44.725Z,2026-09-25T16:47:44.600Z,463.737,1.7,153.0,0.0,16.0
2026-09-25T16:47:44.918Z,2026-09-25T16:47:44.800Z,463.929,1.8,155.0,0.0,16.0
2026-09-25T16:47:45.125Z,2026-09-25T16:47:45.000Z,464.136,1.8,153.0,0.0,16.0
2026-09-25T16:47:45.318Z,2026-09-25T16:47:45.200Z,464.329,1.8,156.0,0.0,16.0
2026-09-25T16:47:45.524Z,2026-09-25T16:47:45.400Z,464.536,1.9,155.0,0.0,16.0
2026-09-25T16:47:45.717Z,2026-09-25T16:47:45.600Z,464.729,1.8,157.0,0.0,16.0
2026-09-25T16:47:45.924Z,2026-09-25T16:47:45.800Z,464.936,1.8,158.0,0.0,16.0
2026-09-25T16:47:46.117Z,2026-09-25T16:47:46.000Z,465.128,1.9,160.0,0.0,16.0
2026-09-25T16:47:46.324Z,2026-09-25T16:47:46.200Z,465.335,1.9,157.0,0.0,16.0
2026-09-25T16:47:46.531Z,2026-09-25T16:47:46.400Z,465.542,1.8,157.0,0.0,16.0
2026-09-25T16:47:46.724Z,2026-09-25T16:47:46.600Z,465.735,1.8,155.0,0.0,16.0
2026-09-25T16:47:46.931Z,2026-09-25T16:47:46.800Z,465.942,1.8,153.0,0.0,16.0
2026-09-25T16:47:47.124Z,2026-09-25T16:47:47.000Z,466.135,1.7,151.0,0.0,16.0
2026-09-25T16:47:47.330Z,2026-09-25T16:47:47.200Z,466.342,1.7,147.0,0.0,16.0
2026-09-25T16:47:47.523Z,2026-09-25T16:47:47.400Z,466.534,1.6,146.0,0.0,16.0
2026-09-25T16:47:47.730Z,2026-09-25T16:47:47.600Z,466.741,1.6,146.0,0.0,16.0
2026-09-25T16:47:47.923Z,2026-09-25T16:47:47.800Z,466.934,1.6,144.0,0.0,16.0
2026-09-25T16:47:48.130Z,2026-09-25T16:47:48.000Z,467.141,1.6,142.0,0.0,16.0
2026-09-25T16:47:48.323Z,2026-09-25T16:47:48.200Z,467.334,1.5,143.0,0.0,16.0
2026-09-25T16:47:48.529Z,2026-09-25T16:47:48.400Z,467.541,1.5,142.0,0.0,16.0
2026-09-25T16:47:48.722Z,2026-09-25T16:47:48.600Z,467.734,1.6,145.0,0.0,16.0
2026-09-25T16:47:48.929Z,2026-09-25T16:47:48.800Z,467.941,1.6,147.0,0.0,16.0
2026-09-25T16:47:49.122Z,2026-09-25T16:47:49.000Z,468.133,1.7,147.0,0.0,16.0
2026-09-25T16:47:49.329Z,2026-09-25T16:47:49.200Z,468.34,1.7,148.0,0.0,16.0
2026-09-25T16:47:49.521Z,2026-09-25T16:47:49.400Z,468.533,1.7,147.0,0.0,16.0
2026-09-25T16:47:49.729Z,2026-09-25T16:47:49.600Z,468.74,1.7,149.0,0.0,16.0
2026-09-25T16:47:49.921Z,2026-09-25T16:47:49.800Z,468.932,1.8,149.0,0.0,16.0
2026-09-25T16:47:50.128Z,2026-09-25T16:47:50.000Z,469.14,1.8,147.0,0.0,16.0
2026-09-25T16:47:50.321Z,2026-09-25T16:47:50.200Z,469.332,1.9,145.0,0.0,16.0
2026-09-25T16:47:50.528Z,2026-09-25T16:47:50.400Z,469.54,1.8,149.0,0.0,16.0
2026-09-25T16:47:50.721Z,2026-09-25T16:47:50.600Z,469.732,1.8,146.0,0.0,16.0
2026-09-25T16:47:50.928Z,2026-09-25T16:47:50.800Z,469.939,1.7,146.0,0.0,16.0
2026-09-25T16:47:51.120Z,2026-09-25T16:47:51.000Z,470.132,1.7,145.0,0.0,16.0
2026-09-25T16:47:51.327Z,2026-09-25T16:47:51.200Z,470.339,1.6,147.0,0.0,16.0
2026-09-25T16:47:51.520Z,2026-09-25T16:47:51.400Z,470.531,1.6,149.0,0.0,16.0
2026-09-25T16:47:51.727Z,2026-09-25T16:47:51.600Z,470.738,1.5,148.0,0.0,16.0
2026-09-25T16:47:51.920Z,2026-09-25T16:47:51.800Z,470.931,1.5,150.0,0.0,16.0
2026-09-25T16:47:52.127Z,2026-09-25T16:47:52.000Z,471.138,1.5,146.0,0.0,16.0
2026-09-25T16:47:52.320Z,2026-09-25T16:47:52.200Z,471.331,1.6,150.0,0.0,16.0
2026-09-25T16:47:52.527Z,2026-09-25T16:47:52.400Z,471.538,1.8,153.0,0.0,16.0
2026-09-25T16:47:52.719Z,2026-09-25T16:47:52.600Z,471.731,1.8,154.0,0.0,16.0
2026-09-25T16:47:52.926Z,2026-09-25T16:47:52.800Z,471.938,1.8,155.0,0.0,16.0
2026-09-25T16:47:53.119Z,2026-09-25T16:47:53.000Z,472.13,1.9,156.0,0.0,16.0
2026-09-25T16:47:53.326Z,2026-09-25T16:47:53.200Z,472.337,2.0,162.0,0.0,16.0
2026-09-25T16:47:53.519Z,2026-09-25T16:47:53.400Z,472.53,2.0,165.0,0.0,16.0
2026-09-25T16:47:53.726Z,2026-09-25T16:47:53.600Z,472.737,1.9,172.0,0.0,16.0
2026-09-25T16:47:53.919Z,2026-09-25T16:47:53.800Z,472.93,1.9,169.0,0.0,16.0
2026-09-25T16:47:54.125Z,2026-09-25T16:47:54.000Z,473.137,1.9,170.0,0.0,16.0
2026-09-25T16:47:54.318Z,2026-09-25T16:47:54.200Z,473.33,2.0,175.0,0.0,16.0
2026-09-25T16:47:54.525Z,2026-09-25T16:47:54.400Z,473.537,2.0,178.0,0.0,16.0
2026-09-25T16:47:54.718Z,2026-09-25T16:47:54.600Z,473.729,2.0,177.0,0.0,16.0
2026-09-25T16:47:54.925Z,2026-09-25T16:47:54.800Z,473.936,2.0,177.0,0.0,16.0
2026-09-25T16:47:55.118Z,2026-09-25T16:47:55.000Z,474.129,1.9,177.0,0.0,16.0
2026-09-25T16:47:55.325Z,2026-09-25T16:47:55.200Z,474.336,1.8,173.0,0.0,16.0
2026-09-25T16:47:55.517Z,2026-09-25T16:47:55.400Z,474.529,1.8,179.0,0.0,16.0
2026-09-25T16:47:55.725Z,2026-09-25T16:47:55.600Z,474.736,1.7,181.0,0.0,16.0
2026-09-25T16:47:55.917Z,2026-09-25T16:47:55.800Z,474.929,1.6,179.0,0.0,16.0
2026-09-25T16:47:56.124Z,2026-09-25T16:47:56.000Z,475.136,1.6,180.0,0.0,16.0
2026-09-25T16:47:56.317Z,2026-09-25T16:47:56.200Z,475.329,1.6,182.0,0.0,16.0
2026-09-25T16:47:56.524Z,2026-09-25T16:47:56.400Z,475.535,1.6,184.0,0.0,16.0
2026-09-25T16:47:56.716Z,2026-09-25T16:47:56.600Z,475.728,1.9,186.0,0.0,16.0
2026-09-25T16:47:56.924Z,2026-09-25T16:47:56.800Z,475.935,1.9,188.0,0.0,16.0
2026-09-25T16:47:57.131Z,2026-09-25T16:47:57.000Z,476.142,1.9,186.0,0.0,16.0
2026-09-25T16:47:57.324Z,2026-09-25T16:47:57.200Z,476.335,2.2,186.0,0.0,16.0
2026-09-25T16:47:57.530Z,2026-09-25T16:47:57.400Z,476.542,2.2,186.0,0.0,16.1
2026-09-25T16:47:57.723Z,2026-09-25T16:47:57.600Z,476.734,2.2,183.0,0.0,16.1
2026-09-25T16:47:57.930Z,2026-09-25T16:47:57.800Z,476.941,2.2,178.0,0.0,16.1
2026-09-25T16:47:58.123Z,2026-09-25T16:47:58.000Z,477.134,2.2,177.0,0.0,16.1
2026-09-25T16:47:58.330Z,2026-09-25T16:47:58.200Z,477.341,2.0,175.0,0.0,16.1
2026-09-25T16:47:58.523Z,2026-09-25T16:47:58.400Z,477.534,2.0,169.0,0.0,16.1
2026-09-25T16:47:58.730Z,2026-09-25T16:47:58.600Z,477.741,2.0,169.0,0.0,16.1
2026-09-25T16:47:58.922Z,2026-09-25T16:47:58.800Z,477.934,1.8,171.0,0.0,16.1
2026-09-25T16:47:59.129Z,2026-09-25T16:47:59.000Z,478.141,1.8,173.0,0.0,16.1
2026-09-25T16:47:59.322Z,2026-09-25T16:47:59.200Z,478.333,1.8,174.0,0.0,16.1
2026-09-25T16:47:59.529Z,2026-09-25T16:47:59.400Z,478.54,1.9,177.0,0.0,16.1
2026-09-25T16:47:59.722Z,2026-09-25T16:47:59.600Z,478.733,1.8,174.0,0.0,16.1
2026-09-25T16:47:59.929Z,2026-09-25T16:47:59.800Z,478.94,1.9,174.0,0.0,16.1
2026-09-25T16:48:00.121Z,2026-09-25T16:48:00.000Z,479.133,1.9,174.0,0.0,16.1
2026-09-25T16:48:00.328Z,2026-09-25T16:48:00.200Z,479.34,2.0,175.0,0.0,16.1
2026-09-25T16:48:00.521Z,2026-09-25T16:48:00.400Z,479.532,2.0,173.0,0.0,16.1
2026-09-25T16:48:00.728Z,2026-09-25T16:48:00.600Z,479.739,1.9,169.0,0.0,16.1
2026-09-25T16:48:00.921Z,2026-09-25T16:48:00.800Z,479.932,2.0,169.0,0.0,16.1
2026-09-25T16:48:01.128Z,2026-09-25T16:48:01.000Z,480.139,2.0,170.0,0.0,16.1
2026-09-25T16:48:01.321Z,2026-09-25T16:48:01.200Z,480.332,2.0,171.0,0.0,16.1
2026-09-25T16:48:01.528Z,2026-09-25T16:48:01.400Z,480.539,2.0,172.0,0.0,16.1
2026-09-25T16:48:01.720Z,2026-09-25T16:48:01.600Z,480.732,2.0,174.0,0.0,16.1
2026-09-25T16:48:01.927Z,2026-09-25T16:48:01.800Z,480.939,2.0,174.0,0.0,16.1
2026-09-25T16:48:02.120Z,2026-09-25T16:48:02.000Z,481.131,1.9,178.0,0.0,16.1
2026-09-25T16:48:02.327Z,2026-09-25T16:48:02.200Z,481.338,1.9,182.0,0.0,16.1
2026-09-25T16:48:02.519Z,2026-09-25T16:48:02.400Z,481.531,1.9,178.0,0.0,16.1
2026-09-25T16:48:02.727Z,2026-09-25T16:48:02.600Z,481.738,1.7,178.0,0.0,16.1
2026-09-25T16:48:02.919Z,2026-09-25T16:48:02.800Z,481.931,1.7,180.0,0.0,16.1
2026-09-25T16:48:03.127Z,2026-09-25T16:48:03.000Z,482.138,1.6,180.0,0.0,16.1
2026-09-25T16:48:03.319Z,2026-09-25T16:48:03.200Z,482.33,1.6,181.0,0.0,16.1
2026-09-25T16:48:03.526Z,2026-09-25T16:48:03.400Z,482.537,1.6,184.0,0.0,16.1
2026-09-25T16:48:03.719Z,2026-09-25T16:48:03.600Z,482.73,1.5,183.0,0.0,16.1
2026-09-25T16:48:03.926Z,2026-09-25T16:48:03.800Z,482.937,1.6,181.0,0.0,16.1
2026-09-25T16:48:04.119Z,2026-09-25T16:48:04.000Z,483.13,1.5,184.0,0.0,16.2
2026-09-25T16:48:04.326Z,2026-09-25T16:48:04.200Z,483.337,1.5,184.0,0.0,16.2
2026-09-25T16:48:04.518Z,2026-09-25T16:48:04.400Z,483.529,1.5,185.0,0.0,16.2
2026-09-25T16:48:04.725Z,2026-09-25T16:48:04.600Z,483.737,1.7,188.0,0.0,16.2
2026-09-25T16:48:04.918Z,2026-09-25T16:48:04.800Z,483.929,1.7,187.0,0.0,16.2
2026-09-25T16:48:05.125Z,2026-09-25T16:48:05.000Z,484.136,1.8,187.0,0.0,16.2
2026-09-25T16:48:05.318Z,2026-09-25T16:48:05.200Z,484.329,1.9,187.0,0.0,16.2
2026-09-25T16:48:05.525Z,2026-09-25T16:48:05.400Z,484.536,1.9,192.0,0.0,16.2
2026-09-25T16:48:05.718Z,2026-09-25T16:48:05.600Z,484.729,1.9,187.0,0.0,16.2
2026-09-25T16:48:05.924Z,2026-09-25T16:48:05.800Z,484.936,1.9,186.0,0.0,16.2
2026-09-25T16:48:06.117Z,2026-09-25T16:48:06.000Z,485.128,1.9,184.0,0.0,16.2
2026-09-25T16:48:06.324Z,2026-09-25T16:48:06.200Z,485.335,1.8,183.0,0.0,16.2
2026-09-25T16:48:06.517Z,2026-09-25T16:48:06.400Z,485.528,1.7,184.0,0.0,16.2
2026-09-25T16:48:06.724Z,2026-09-25T16:48:06.600Z,485.735,1.8,182.0,0.0,16.2
2026-09-25T16:48:06.917Z,2026-09-25T16:48:06.800Z,485.928,1.8,185.0,0.0,16.2
2026-09-25T16:48:07.124Z,2026-09-25T16:48:07.000Z,486.135,1.8,183.0,0.0,16.2
2026-09-25T16:48:07.331Z,2026-09-25T16:48:07.200Z,486.342,1.9,188.0,0.0,16.2
2026-09-25T16:48:07.524Z,2026-09-25T16:48:07.400Z,486.535,1.9,188.0,0.0,16.2
2026-09-25T16:48:07.730Z,2026-09-25T16:48:07.600Z,486.742,1.9,189.0,0.0,16.2
2026-09-25T16:48:07.923Z,2026-09-25T16:48:07.800Z,486.934,2.0,189.0,0.0,16.2
2026-09-25T16:48:08.130Z,2026-09-25T16:48:08.000Z,487.141,2.1,190.0,0.0,16.2
2026-09-25T16:48:08.323Z,2026-09-25T16:48:08.200Z,487.334,2.0,192.0,0.0,16.2
2026-09-25T16:48:08.530Z,2026-09-25T16:48:08.400Z,487.541,2.0,192.0,0.0,16.2
2026-09-25T16:48:08.723Z,2026-09-25T16:48:08.600Z,487.734,2.0,191.0,0.0,16.2
2026-09-25T16:48:08.929Z,2026-09-25T16:48:08.800Z,487.941,2.1,190.0,0.0,16.2
2026-09-25T16:48:09.122Z,2026-09-25T16:48:09.000Z,488.133,2.1,192.0,0.0,16.2
2026-09-25T16:48:09.329Z,2026-09-25T16:48:09.200Z,488.34,2.1,191.0,0.0,16.2
2026-09-25T16:48:09.522Z,2026-09-25T16:48:09.400Z,488.533,2.0,190.0,0.0,16.2
2026-09-25T16:48:09.729Z,2026-09-25T16:48:09.600Z,488.74,2.0,190.0,0.0,16.2
2026-09-25T16:48:09.922Z,2026-09-25T16:48:09.800Z,488.933,1.9,191.0,0.0,16.2
2026-09-25T16:48:10.129Z,2026-09-25T16:48:10.000Z,489.14,1.9,190.0,0.0,16.2
2026-09-25T16:48:10.321Z,2026-09-25T16:48:10.200Z,489.333,1.9,190.0,0.0,16.2
2026-09-25T16:48:10.528Z,2026-09-25T16:48:10.400Z,489.54,1.8,189.0,0.0,16.2
2026-09-25T16:48:10.721Z,2026-09-25T16:48:10.600Z,489.732,1.7,189.0,0.0,16.2
2026-09-25T16:48:10.928Z,2026-09-25T16:48:10.800Z,489.939,1.7,189.0,0.0,16.2
2026-09-25T16:48:11.121Z,2026-09-25T16:48:11.000Z,490.132,1.6,189.0,0.0,16.2
2026-09-25T16:48:11.328Z,2026-09-25T16:48:11.200Z,490.339,1.6,189.0,0.0,16.2
2026-09-25T16:48:11.521Z,2026-09-25T16:48:11.400Z,490.532,1.6,191.0,0.0,16.2
2026-09-25T16:48:11.728Z,2026-09-25T16:48:11.600Z,490.739,1.6,194.0,0.0,16.2
2026-09-25T16:48:11.920Z,2026-09-25T16:48:11.800Z,490.932,1.6,195.0,0.0,16.2
2026-09-25T16:48:12.127Z,2026-09-25T16:48:12.000Z,491.139,1.6,194.0,0.0,16.2
2026-09-25T16:48:12.320Z,2026-09-25T16:48:12.200Z,491.331,1.6,193.0,0.0,16.2
2026-09-25T16:48:12.527Z,2026-09-25T16:48:12.400Z,491.538,1.7,192.0,0.0,16.2
2026-09-25T16:48:12.719Z,2026-09-25T16:48:12.600Z,491.731,1.7,193.0,0.0,16.2
2026-09-25T16:48:12.927Z,2026-09-25T16:48:12.800Z,491.938,1.7,193.0,0.0,16.2
2026-09-25T16:48:13.119Z,2026-09-25T16:48:13.000Z,492.13,1.7,191.0,0.0,16.2
2026-09-25T16:48:13.326Z,2026-09-25T16:48:13.200Z,492.338,1.7,191.0,0.0,16.2
2026-09-25T16:48:13.519Z,2026-09-25T16:48:13.400Z,492.53,1.6,188.0,0.0,16.2
2026-09-25T16:48:13.726Z,2026-09-25T16:48:13.600Z,492.738,1.6,190.0,0.0,16.2
2026-09-25T16:48:13.919Z,2026-09-25T16:48:13.800Z,492.93,1.7,187.0,0.0,16.2
2026-09-25T16:48:14.126Z,2026-09-25T16:48:14.000Z,493.137,1.7,187.0,0.0,16.2
2026-09-25T16:48:14.319Z,2026-09-25T16:48:14.200Z,493.33,1.7,187.0,0.0,16.2
2026-09-25T16:48:14.526Z,2026-09-25T16:48:14.400Z,493.537,1.7,187.0,0.0,16.2
2026-09-25T16:48:14.718Z,2026-09-25T16:48:14.600Z,493.73,1.7,185.0,0.0,16.2
2026-09-25T16:48:14.925Z,2026-09-25T16:48:14.800Z,493.937,1.9,183.0,0.0,16.2
2026-09-25T16:48:15.118Z,2026-09-25T16:48:15.000Z,494.129,1.9,185.0,0.0,16.2
2026-09-25T16:48:15.325Z,2026-09-25T16:48:15.200Z,494.336,2.0,187.0,0.0,16.2
2026-09-25T16:48:15.518Z,2026-09-25T16:48:15.400Z,494.529,1.9,189.0,0.0,16.2
2026-09-25T16:48:15.725Z,2026-09-25T16:48:15.600Z,494.736,2.0,191.0,0.0,16.2
2026-09-25T16:48:15.918Z,2026-09-25T16:48:15.800Z,494.929,2.0,194.0,0.0,16.2
2026-09-25T16:48:16.124Z,2026-09-25T16:48:16.000Z,495.136,2.0,195.0,0.0,16.2
2026-09-25T16:48:16.317Z,2026-09-25T16:48:16.200Z,495.328,1.9,194.0,0.0,16.2
2026-09-25T16:48:16.525Z,2026-09-25T16:48:16.400Z,495.536,1.8,193.0,0.0,16.2
2026-09-25T16:48:16.717Z,2026-09-25T16:48:16.600Z,495.729,1.7,193.0,0.0,16.2
2026-09-25T16:48:16.924Z,2026-09-25T16:48:16.800Z,495.935,1.6,191.0,0.0,16.2
2026-09-25T16:48:17.116Z,2026-09-25T16:48:17.000Z,496.128,1.6,193.0,0.0,16.2
2026-09-25T16:48:17.324Z,2026-09-25T16:48:17.200Z,496.335,1.5,193.0,0.0,16.2
2026-09-25T16:48:17.531Z,2026-09-25T16:48:17.400Z,496.542,1.4,190.0,0.0,16.2
2026-09-25T16:48:17.723Z,2026-09-25T16:48:17.600Z,496.734,1.5,193.0,0.0,16.2
2026-09-25T16:48:17.931Z,2026-09-25T16:48:17.800Z,496.942,1.5,189.0,0.0,16.2
2026-09-25T16:48:18.123Z,2026-09-25T16:48:18.000Z,497.134,1.6,190.0,0.0,16.2
2026-09-25T16:48:18.330Z,2026-09-25T16:48:18.200Z,497.341,1.5,188.0,0.0,16.3
2026-09-25T16:48:18.523Z,2026-09-25T16:48:18.400Z,497.534,1.6,190.0,0.0,16.3
2026-09-25T16:48:18.730Z,2026-09-25T16:48:18.600Z,497.741,1.6,191.0,0.0,16.3
2026-09-25T16:48:18.923Z,2026-09-25T16:48:18.800Z,497.934,1.6,191.0,0.0,16.3
2026-09-25T16:48:19.130Z,2026-09-25T16:48:19.000Z,498.141,1.6,192.0,0.0,16.3
2026-09-25T16:48:19.322Z,2026-09-25T16:48:19.200Z,498.334,1.6,191.0,0.0,16.3
2026-09-25T16:48:19.529Z,2026-09-25T16:48:19.400Z,498.541,1.7,195.0,0.0,16.3
2026-09-25T16:48:19.722Z,2026-09-25T16:48:19.600Z,498.733,1.7,198.0,0.0,16.3
2026-09-25T16:48:19.929Z,2026-09-25T16:48:19.800Z,498.94,1.7,200.0,0.0,16.3
2026-09-25T16:48:20.122Z,2026-09-25T16:48:20.000Z,499.133,1.8,200.0,0.0,16.3
2026-09-25T16:48:20.329Z,2026-09-25T16:48:20.200Z,499.34,1.7,201.0,0.0,16.3
2026-09-25T16:48:20.522Z,2026-09-25T16:48:20.400Z,499.533,1.8,202.0,0.0,16.3
2026-09-25T16:48:20.729Z,2026-09-25T16:48:20.600Z,499.74,1.8,202.0,0.0,16.3
2026-09-25T16:48:20.921Z,2026-09-25T16:48:20.800Z,499.932,1.9,202.0,0.0,16.3
2026-09-25T16:48:21.128Z,2026-09-25T16:48:21.000Z,500.139,1.7,200.0,0.0,16.3
2026-09-25T16:48:21.321Z,2026-09-25T16:48:21.200Z,500.332,1.8,197.0,0.0,16.3
2026-09-25T16:48:21.528Z,2026-09-25T16:48:21.400Z,500.539,1.8,198.0,0.0,16.3
2026-09-25T16:48:21.721Z,2026-09-25T16:48:21.600Z,500.732,1.8,196.0,0.0,16.3
2026-09-25T16:48:21.928Z,2026-09-25T16:48:21.800Z,500.939,1.8,194.0,0.0,16.3
2026-09-25T16:48:22.120Z,2026-09-25T16:48:22.000Z,501.132,1.8,192.0,0.0,16.3
2026-09-25T16:48:22.327Z,2026-09-25T16:48:22.200Z,501.339,1.8,191.0,0.0,16.3
2026-09-25T16:48:22.520Z,2026-09-25T16:48:22.400Z,501.532,1.9,192.0,0.0,16.3
2026-09-25T16:48:22.727Z,2026-09-25T16:48:22.600Z,501.739,1.9,194.0,0.0,16.3
2026-09-25T16:48:22.920Z,2026-09-25T16:48:22.800Z,501.931,1.9,194.0,0.0,16.3
2026-09-25T16:48:23.127Z,2026-09-25T16:48:23.000Z,502.138,1.9,196.0,0.0,16.3
2026-09-25T16:48:23.320Z,2026-09-25T16:48:23.200Z,502.331,1.9,196.0,0.0,16.3
2026-09-25T16:48:23.527Z,2026-09-25T16:48:23.400Z,502.538,2.0,196.0,0.0,16.3
2026-09-25T16:48:23.719Z,2026-09-25T16:48:23.600Z,502.73,2.1,197.0,0.0,16.3
2026-09-25T16:48:23.926Z,2026-09-25T16:48:23.800Z,502.938,2.0,196.0,0.0,16.3
2026-09-25T16:48:24.119Z,2026-09-25T16:48:24.000Z,503.13,2.0,196.0,0.0,16.3
2026-09-25T16:48:24.326Z,2026-09-25T16:48:24.200Z,503.337,2.1,195.0,0.0,16.3
2026-09-25T16:48:24.519Z,2026-09-25T16:48:24.400Z,503.53,2.0,194.0,0.0,16.3
2026-09-25T16:48:24.726Z,2026-09-25T16:48:24.600Z,503.737,2.0,192.0,0.0,16.3
2026-09-25T16:48:24.919Z,2026-09-25T16:48:24.800Z,503.93,2.1,191.0,0.0,16.3
2026-09-25T16:48:25.125Z,2026-09-25T16:48:25.000Z,504.137,2.0,191.0,0.0,16.3
2026-09-25T16:48:25.318Z,2026-09-25T16:48:25.200Z,504.329,1.9,190.0,0.0,16.3
2026-09-25T16:48:25.525Z,2026-09-25T16:48:25.400Z,504.537,1.9,189.0,0.0,16.3
2026-09-25T16:48:25.718Z,2026-09-25T16:48:25.600Z,504.729,1.9,188.0,0.0,16.3
2026-09-25T16:48:25.925Z,2026-09-25T16:48:25.800Z,504.936,1.8,188.0,0.0,16.3
2026-09-25T16:48:26.118Z,2026-09-25T16:48:26.000Z,505.129,1.8,187.0,0.0,16.3
2026-09-25T16:48:26.325Z,2026-09-25T16:48:26.200Z,505.336,1.9,188.0,0.0,16.3
2026-09-25T16:48:26.517Z,2026-09-25T16:48:26.400Z,505.529,1.8,188.0,0.0,16.3
2026-09-25T16:48:26.724Z,2026-09-25T16:48:26.600Z,505.736,1.8,186.0,0.0,16.3
2026-09-25T16:48:26.917Z,2026-09-25T16:48:26.800Z,505.929,1.8,187.0,0.0,16.3
2026-09-25T16:48:27.124Z,2026-09-25T16:48:27.000Z,506.135,1.8,186.0,0.0,16.3
2026-09-25T16:48:27.317Z,2026-09-25T16:48:27.200Z,506.328,1.8,185.0,0.0,16.3
2026-09-25T16:48:27.524Z,2026-09-25T16:48:27.400Z,506.535,1.8,185.0,0.0,16.3
2026-09-25T16:48:27.731Z,2026-09-25T16:48:27.600Z,506.742,1.7,184.0,0.0,16.3
2026-09-25T16:48:27.923Z,2026-09-25T16:48:27.800Z,506.935,1.7,185.0,0.0,16.3
2026-09-25T16:48:28.131Z,2026-09-25T16:48:28.000Z,507.142,1.7,183.0,0.0,16.3
2026-09-25T16:48:28.323Z,2026-09-25T16:48:28.200Z,507.335,1.7,183.0,0.0,16.3
2026-09-25T16:48:28.530Z,2026-09-25T16:48:28.400Z,507.541,1.7,184.0,0.0,16.3
2026-09-25T16:48:28.723Z,2026-09-25T16:48:28.600Z,507.734,1.7,185.0,0.0,16.3
2026-09-25T16:48:28.930Z,2026-09-25T16:48:28.800Z,507.941,1.7,185.0,0.0,16.3
2026-09-25T16:48:29.123Z,2026-09-25T16:48:29.000Z,508.134,1.6,184.0,0.0,16.3
2026-09-25T16:48:29.330Z,2026-09-25T16:48:29.200Z,508.341,1.7,184.0,0.0,16.3
2026-09-25T16:48:29.522Z,2026-09-25T16:48:29.400Z,508.534,1.7,184.0,0.0,16.3
2026-09-25T16:48:29.730Z,2026-09-25T16:48:29.600Z,508.741,1.7,184.0,0.0,16.3
2026-09-25T16:48:29.922Z,2026-09-25T16:48:29.800Z,508.933,1.7,183.0,0.0,16.3
2026-09-25T16:48:30.129Z,2026-09-25T16:48:30.000Z,509.14,1.7,181.0,0.0,16.3
2026-09-25T16:48:30.322Z,2026-09-25T16:48:30.200Z,509.333,1.7,181.0,0.0,16.3
2026-09-25T16:48:30.529Z,2026-09-25T16:48:30.400Z,509.54,1.7,178.0,0.0,16.3
2026-09-25T16:48:30.722Z,2026-09-25T16:48:30.600Z,509.733,1.7,178.0,0.0,16.3
2026-09-25T16:48:30.929Z,2026-09-25T16:48:30.800Z,509.94,1.7,179.0,0.0,16.3
2026-09-25T16:48:31.121Z,2026-09-25T16:48:31.000Z,510.133,1.7,179.0,0.0,16.3
2026-09-25T16:48:31.328Z,2026-09-25T16:48:31.200Z,510.339,1.6,178.0,0.0,16.3
2026-09-25T16:48:31.521Z,2026-09-25T16:48:31.400Z,510.532,1.6,179.0,0.0,16.3
2026-09-25T16:48:31.728Z,2026-09-25T16:48:31.600Z,510.739,1.6,177.0,0.0,16.3
2026-09-25T16:48:31.921Z,2026-09-25T16:48:31.800Z,510.932,1.6,177.0,0.0,16.3
2026-09-25T16:48:32.128Z,2026-09-25T16:48:32.000Z,511.139,1.6,180.0,0.0,16.3
2026-09-25T16:48:32.320Z,2026-09-25T16:48:32.200Z,511.332,1.6,179.0,0.0,16.3
2026-09-25T16:48:32.528Z,2026-09-25T16:48:32.400Z,511.539,1.6,177.0,0.0,16.3
2026-09-25T16:48:32.720Z,2026-09-25T16:48:32.600Z,511.731,1.6,176.0,0.0,16.3
2026-09-25T16:48:32.927Z,2026-09-25T16:48:32.800Z,511.939,1.6,177.0,0.0,16.3
2026-09-25T16:48:33.120Z,2026-09-25T16:48:33.000Z,512.131,1.6,176.0,0.0,16.3
2026-09-25T16:48:33.327Z,2026-09-25T16:48:33.200Z,512.338,1.6,176.0,0.0,16.3
2026-09-25T16:48:33.520Z,2026-09-25T16:48:33.400Z,512.531,1.7,173.0,0.0,16.3
2026-09-25T16:48:33.726Z,2026-09-25T16:48:33.600Z,512.738,1.6,172.0,0.0,16.3
2026-09-25T16:48:33.919Z,2026-09-25T16:48:33.800Z,512.93,1.6,171.0,0.0,16.3
2026-09-25T16:48:34.127Z,2026-09-25T16:48:34.000Z,513.138,1.7,169.0,0.0,16.3
2026-09-25T16:48:34.319Z,2026-09-25T16:48:34.200Z,513.33,1.7,168.0,0.0,16.3
2026-09-25T16:48:34.526Z,2026-09-25T16:48:34.400Z,513.538,1.7,164.0,0.0,16.3
2026-09-25T16:48:34.719Z,2026-09-25T16:48:34.600Z,513.73,1.8,160.0,0.0,16.3
2026-09-25T16:48:34.926Z,2026-09-25T16:48:34.800Z,513.937,1.8,159.0,0.0,16.3
2026-09-25T16:48:35.119Z,2026-09-25T16:48:35.000Z,514.13,1.8,158.0,0.0,16.3
2026-09-25T16:48:35.326Z,2026-09-25T16:48:35.200Z,514.337,1.8,157.0,0.0,16.3
2026-09-25T16:48:35.518Z,2026-09-25T16:48:35.400Z,514.529,1.7,158.0,0.0,16.3
2026-09-25T16:48:35.725Z,2026-09-25T16:48:35.600Z,514.737,1.7,158.0,0.0,16.3
2026-09-25T16:48:35.918Z,2026-09-25T16:48:35.800Z,514.929,1.7,158.0,0.0,16.3
2026-09-25T16:48:36.125Z,2026-09-25T16:48:36.000Z,515.137,1.7,160.0,0.0,16.3
2026-09-25T16:48:36.318Z,2026-09-25T16:48:36.200Z,515.329,1.6,165.0,0.0,16.3
2026-09-25T16:48:36.525Z,2026-09-25T16:48:36.400Z,515.536,1.6,164.0,0.0,16.3
2026-09-25T16:48:36.718Z,2026-09-25T16:48:36.600Z,515.729,1.6,165.0,0.0,16.3
2026-09-25T16:48:36.924Z,2026-09-25T16:48:36.800Z,515.936,1.6,166.0,0.0,16.3
2026-09-25T16:48:37.117Z,2026-09-25T16:48:37.000Z,516.128,1.6,165.0,0.0,16.3
2026-09-25T16:48:37.324Z,2026-09-25T16:48:37.200Z,516.336,1.6,165.0,0.0,16.3
2026-09-25T16:48:37.517Z,2026-09-25T16:48:37.400Z,516.528,1.6,165.0,0.0,16.3
2026-09-25T16:48:37.724Z,2026-09-25T16:48:37.600Z,516.735,1.8,165.0,0.0,16.3
2026-09-25T16:48:37.917Z,2026-09-25T16:48:37.800Z,516.928,1.7,165.0,0.0,16.3
2026-09-25T16:48:38.124Z,2026-09-25T16:48:38.000Z,517.135,1.9,166.0,0.0,16.3
2026-09-25T16:48:38.331Z,2026-09-25T16:48:38.200Z,517.342,1.9,168.0,0.0,16.3
2026-09-25T16:48:38.523Z,2026-09-25T16:48:38.400Z,517.535,1.8,162.0,0.0,16.3
2026-09-25T16:48:38.730Z,2026-09-25T16:48:38.600Z,517.742,1.9,161.0,0.0,16.3
2026-09-25T16:48:38.923Z,2026-09-25T16:48:38.800Z,517.934,1.9,157.0,0.0,16.3
2026-09-25T16:48:39.130Z,2026-09-25T16:48:39.000Z,518.141,1.8,152.0,0.0,16.3
2026-09-25T16:48:39.323Z,2026-09-25T16:48:39.200Z,518.334,1.6,149.0,0.0,16.3
2026-09-25T16:48:39.530Z,2026-09-25T16:48:39.400Z,518.541,1.6,145.0,0.0,16.3
2026-09-25T16:48:39.722Z,2026-09-25T16:48:39.600Z,518.733,1.5,138.0,0.0,16.3
2026-09-25T16:48:39.930Z,2026-09-25T16:48:39.800Z,518.941,1.4,133.0,0.0,16.3
2026-09-25T16:48:40.123Z,2026-09-25T16:48:40.000Z,519.134,1.5,138.0,0.0,16.3
2026-09-25T16:48:40.329Z,2026-09-25T16:48:40.200Z,519.341,1.4,136.0,0.0,16.3
2026-09-25T16:48:40.522Z,2026-09-25T16:48:40.400Z,519.533,1.4,138.0,0.0,16.3
2026-09-25T16:48:40.729Z,2026-09-25T16:48:40.600Z,519.74,1.5,138.0,0.0,16.3
2026-09-25T16:48:40.922Z,2026-09-25T16:48:40.800Z,519.933,1.5,140.0,0.0,16.3
2026-09-25T16:48:41.129Z,2026-09-25T16:48:41.000Z,520.14,1.7,141.0,0.0,16.3
2026-09-25T16:48:41.321Z,2026-09-25T16:48:41.200Z,520.333,1.9,143.0,0.0,16.3
2026-09-25T16:48:41.528Z,2026-09-25T16:48:41.400Z,520.54,2.1,143.0,0.0,16.3
2026-09-25T16:48:41.721Z,2026-09-25T16:48:41.600Z,520.732,2.4,141.0,0.0,16.3
2026-09-25T16:48:41.928Z,2026-09-25T16:48:41.800Z,520.939,2.4,142.0,0.0,16.3
2026-09-25T16:48:42.121Z,2026-09-25T16:48:42.000Z,521.132,2.5,140.0,0.0,16.3
2026-09-25T16:48:42.328Z,2026-09-25T16:48:42.200Z,521.339,2.6,144.0,0.0,16.3
2026-09-25T16:48:42.521Z,2026-09-25T16:48:42.400Z,521.532,2.8,145.0,0.0,16.2
2026-09-25T16:48:42.728Z,2026-09-25T16:48:42.600Z,521.739,2.8,142.0,0.0,16.2
2026-09-25T16:48:42.920Z,2026-09-25T16:48:42.800Z,521.932,2.7,140.0,0.0,16.2
2026-09-25T16:48:43.127Z,2026-09-25T16:48:43.000Z,522.139,2.6,139.0,0.0,16.2
2026-09-25T16:48:43.320Z,2026-09-25T16:48:43.200Z,522.331,2.3,137.0,0.0,16.2
2026-09-25T16:48:43.527Z,2026-09-25T16:48:43.400Z,522.538,2.2,137.0,0.0,16.2
2026-09-25T16:48:43.720Z,2026-09-25T16:48:43.600Z,522.731,2.2,134.0,0.0,16.2
2026-09-25T16:48:43.927Z,2026-09-25T16:48:43.800Z,522.938,2.0,131.0,0.0,16.2
2026-09-25T16:48:44.120Z,2026-09-25T16:48:44.000Z,523.131,1.8,128.0,0.0,16.2
2026-09-25T16:48:44.327Z,2026-09-25T16:48:44.200Z,523.338,1.5,127.0,0.0,16.2
2026-09-25T16:48:44.520Z,2026-09-25T16:48:44.400Z,523.531,1.5,124.0,0.0,16.2
2026-09-25T16:48:44.726Z,2026-09-25T16:48:44.600Z,523.737,1.5,122.0,0.0,16.2
2026-09-25T16:48:44.919Z,2026-09-25T16:48:44.800Z,523.93,1.5,120.0,0.0,16.2
2026-09-25T16:48:45.126Z,2026-09-25T16:48:45.000Z,524.137,1.5,120.0,0.0,16.2
2026-09-25T16:48:45.319Z,2026-09-25T16:48:45.200Z,524.33,1.5,119.0,0.0,16.3
2026-09-25T16:48:45.526Z,2026-09-25T16:48:45.400Z,524.537,1.4,121.0,0.0,16.3
2026-09-25T16:48:45.719Z,2026-09-25T16:48:45.600Z,524.73,1.4,121.0,0.0,16.3
2026-09-25T16:48:45.925Z,2026-09-25T16:48:45.800Z,524.937,1.5,122.0,0.0,16.3
2026-09-25T16:48:46.118Z,2026-09-25T16:48:46.000Z,525.129,1.5,127.0,0.0,16.3
2026-09-25T16:48:46.325Z,2026-09-25T16:48:46.200Z,525.337,1.5,127.0,0.0,16.3
2026-09-25T16:48:46.518Z,2026-09-25T16:48:46.400Z,525.529,1.4,127.0,0.0,16.3
2026-09-25T16:48:46.725Z,2026-09-25T16:48:46.600Z,525.736,1.6,126.0,0.0,16.3
2026-09-25T16:48:46.918Z,2026-09-25T16:48:46.800Z,525.929,1.8,128.0,0.0,16.3
2026-09-25T16:48:47.125Z,2026-09-25T16:48:47.000Z,526.136,2.2,129.0,0.0,16.3
2026-09-25T16:48:47.317Z,2026-09-25T16:48:47.200Z,526.329,2.4,130.0,0.0,16.3
2026-09-25T16:48:47.524Z,2026-09-25T16:48:47.400Z,526.536,2.6,131.0,0.0,16.3
2026-09-25T16:48:47.717Z,2026-09-25T16:48:47.600Z,526.728,2.7,125.0,0.0,16.3
2026-09-25T16:48:47.924Z,2026-09-25T16:48:47.800Z,526.936,2.9,122.0,0.0,16.3
2026-09-25T16:48:48.117Z,2026-09-25T16:48:48.000Z,527.128,3.0,123.0,0.0,16.3
2026-09-25T16:48:48.324Z,2026-09-25T16:48:48.200Z,527.335,3.1,123.0,0.0,16.3
2026-09-25T16:48:48.531Z,2026-09-25T16:48:48.400Z,527.542,3.0,123.0,0.0,16.3
2026-09-25T16:48:48.724Z,2026-09-25T16:48:48.600Z,527.735,2.9,119.0,0.0,16.3
2026-09-25T16:48:48.931Z,2026-09-25T16:48:48.800Z,527.942,2.9,120.0,0.0,16.3
2026-09-25T16:48:49.123Z,2026-09-25T16:48:49.000Z,528.134,2.9,116.0,0.0,16.3
2026-09-25T16:48:49.330Z,2026-09-25T16:48:49.200Z,528.342,2.9,117.0,0.0,16.3
2026-09-25T16:48:49.523Z,2026-09-25T16:48:49.400Z,528.534,3.0,119.0,0.0,16.3
2026-09-25T16:48:49.730Z,2026-09-25T16:48:49.600Z,528.741,3.0,118.0,0.0,16.3
2026-09-25T16:48:49.923Z,2026-09-25T16:48:49.800Z,528.934,2.9,119.0,0.0,16.3
2026-09-25T16:48:50.130Z,2026-09-25T16:48:50.000Z,529.141,3.1,120.0,0.0,16.3
2026-09-25T16:48:50.322Z,2026-09-25T16:48:50.200Z,529.334,3.1,123.0,0.0,16.3
2026-09-25T16:48:50.529Z,2026-09-25T16:48:50.400Z,529.541,3.0,122.0,0.0,16.3
2026-09-25T16:48:50.722Z,2026-09-25T16:48:50.600Z,529.733,3.1,126.0,0.0,16.3
2026-09-25T16:48:50.929Z,2026-09-25T16:48:50.800Z,529.94,3.1,127.0,0.0,16.3
2026-09-25T16:48:51.122Z,2026-09-25T16:48:51.000Z,530.133,3.1,129.0,0.0,16.3
2026-09-25T16:48:51.329Z,2026-09-25T16:48:51.200Z,530.341,3.2,128.0,0.0,16.3
2026-09-25T16:48:51.522Z,2026-09-25T16:48:51.400Z,530.533,3.3,127.0,0.0,16.3
2026-09-25T16:48:51.729Z,2026-09-25T16:48:51.600Z,530.74,3.3,129.0,0.0,16.3
2026-09-25T16:48:51.921Z,2026-09-25T16:48:51.800Z,530.933,3.4,127.0,0.0,16.3
2026-09-25T16:48:52.129Z,2026-09-25T16:48:52.000Z,531.14,3.4,127.0,0.0,16.3
2026-09-25T16:48:52.321Z,2026-09-25T16:48:52.200Z,531.332,3.4,127.0,0.0,16.3
2026-09-25T16:48:52.528Z,2026-09-25T16:48:52.400Z,531.539,3.4,128.0,0.0,16.3
2026-09-25T16:48:52.721Z,2026-09-25T16:48:52.600Z,531.732,3.4,128.0,0.0,16.3
2026-09-25T16:48:52.928Z,2026-09-25T16:48:52.800Z,531.939,3.3,127.0,0.0,16.3
2026-09-25T16:48:53.120Z,2026-09-25T16:48:53.000Z,532.132,3.2,129.0,0.0,16.3
2026-09-25T16:48:53.327Z,2026-09-25T16:48:53.200Z,532.339,3.2,128.0,0.0,16.3
2026-09-25T16:48:53.520Z,2026-09-25T16:48:53.400Z,532.531,3.1,128.0,0.0,16.3
2026-09-25T16:48:53.727Z,2026-09-25T16:48:53.600Z,532.739,3.1,129.0,0.0,16.2
2026-09-25T16:48:53.920Z,2026-09-25T16:48:53.800Z,532.931,3.1,127.0,0.0,16.2
2026-09-25T16:48:54.127Z,2026-09-25T16:48:54.000Z,533.139,3.0,127.0,0.0,16.2
2026-09-25T16:48:54.320Z,2026-09-25T16:48:54.200Z,533.331,3.0,127.0,0.0,16.2
2026-09-25T16:48:54.527Z,2026-09-25T16:48:54.400Z,533.538,3.0,129.0,0.0,16.2
2026-09-25T16:48:54.719Z,2026-09-25T16:48:54.600Z,533.731,3.1,129.0,0.0,16.2
2026-09-25T16:48:54.926Z,2026-09-25T16:48:54.800Z,533.938,3.1,129.0,0.0,16.2
2026-09-25T16:48:55.119Z,2026-09-25T16:48:55.000Z,534.13,3.2,130.0,0.0,16.2
2026-09-25T16:48:55.326Z,2026-09-25T16:48:55.200Z,534.337,3.2,130.0,0.0,16.2
2026-09-25T16:48:55.519Z,2026-09-25T16:48:55.400Z,534.53,3.3,131.0,0.0,16.2
2026-09-25T16:48:55.726Z,2026-09-25T16:48:55.600Z,534.737,3.4,132.0,0.0,16.2
2026-09-25T16:48:55.918Z,2026-09-25T16:48:55.800Z,534.929,3.6,131.0,0.0,16.2
2026-09-25T16:48:56.126Z,2026-09-25T16:48:56.000Z,535.137,3.7,131.0,0.0,16.2
2026-09-25T16:48:56.318Z,2026-09-25T16:48:56.200Z,535.33,3.7,131.0,0.0,16.2
2026-09-25T16:48:56.525Z,2026-09-25T16:48:56.400Z,535.536,3.9,132.0,0.0,16.2
2026-09-25T16:48:56.718Z,2026-09-25T16:48:56.600Z,535.729,3.8,132.0,0.0,16.2
2026-09-25T16:48:56.925Z,2026-09-25T16:48:56.800Z,535.936,3.8,134.0,0.0,16.2
2026-09-25T16:48:57.118Z,2026-09-25T16:48:57.000Z,536.129,3.7,132.0,0.0,16.2
2026-09-25T16:48:57.325Z,2026-09-25T16:48:57.200Z,536.336,3.7,129.0,0.0,16.2
2026-09-25T16:48:57.517Z,2026-09-25T16:48:57.400Z,536.529,3.7,130.0,0.0,16.2
2026-09-25T16:48:57.724Z,2026-09-25T16:48:57.600Z,536.736,3.6,129.0,0.0,16.2
2026-09-25T16:48:57.917Z,2026-09-25T16:48:57.800Z,536.929,3.7,128.0,0.0,16.2
2026-09-25T16:48:58.124Z,2026-09-25T16:48:58.000Z,537.135,3.6,130.0,0.0,16.2
2026-09-25T16:48:58.317Z,2026-09-25T16:48:58.200Z,537.328,3.6,128.0,0.0,16.2
2026-09-25T16:48:58.524Z,2026-09-25T16:48:58.400Z,537.535,3.6,129.0,0.0,16.2
2026-09-25T16:48:58.717Z,2026-09-25T16:48:58.600Z,537.728,3.8,132.0,0.0,16.2
2026-09-25T16:48:58.924Z,2026-09-25T16:48:58.800Z,537.935,3.9,135.0,0.0,16.2
2026-09-25T16:48:59.131Z,2026-09-25T16:48:59.000Z,538.142,3.9,138.0,0.0,16.2
2026-09-25T16:48:59.323Z,2026-09-25T16:48:59.200Z,538.334,4.1,141.0,0.0,16.2
2026-09-25T16:48:59.530Z,2026-09-25T16:48:59.400Z,538.542,4.3,146.0,0.0,16.2
2026-09-25T16:48:59.723Z,2026-09-25T16:48:59.600Z,538.734,4.6,148.0,0.0,16.2
2026-09-25T16:48:59.930Z,2026-09-25T16:48:59.800Z,538.941,4.8,149.0,0.0,16.2
2026-09-25T16:49:00.123Z,2026-09-25T16:49:00.000Z,539.134,4.8,150.0,0.0,16.2
2026-09-25T16:49:00.330Z,2026-09-25T16:49:00.200Z,539.341,4.7,152.0,0.0,16.2
2026-09-25T16:49:00.522Z,2026-09-25T16:49:00.400Z,539.534,4.8,154.0,0.0,16.2
2026-09-25T16:49:00.730Z,2026-09-25T16:49:00.600Z,539.741,4.9,156.0,0.0,16.2
2026-09-25T16:49:00.922Z,2026-09-25T16:49:00.800Z,539.934,4.6,156.0,0.0,16.2
2026-09-25T16:49:01.129Z,2026-09-25T16:49:01.000Z,540.14,4.5,155.0,0.0,16.2
2026-09-25T16:49:01.322Z,2026-09-25T16:49:01.200Z,540.333,4.0,154.0,0.0,16.2
2026-09-25T16:49:01.529Z,2026-09-25T16:49:01.400Z,540.54,3.8,155.0,0.0,16.2
2026-09-25T16:49:01.722Z,2026-09-25T16:49:01.600Z,540.733,3.8,157.0,0.0,16.2
2026-09-25T16:49:01.929Z,2026-09-25T16:49:01.800Z,540.94,3.8,155.0,0.0,16.2
2026-09-25T16:49:02.121Z,2026-09-25T16:49:02.000Z,541.132,3.8,156.0,0.0,16.2
2026-09-25T16:49:02.328Z,2026-09-25T16:49:02.200Z,541.34,3.8,158.0,0.0,16.2
2026-09-25T16:49:02.521Z,2026-09-25T16:49:02.400Z,541.532,3.8,158.0,0.0,16.2
2026-09-25T16:49:02.728Z,2026-09-25T16:49:02.600Z,541.739,3.7,157.0,0.0,16.2
2026-09-25T16:49:02.921Z,2026-09-25T16:49:02.800Z,541.932,4.0,159.0,0.0,16.2
2026-09-25T16:49:03.128Z,2026-09-25T16:49:03.000Z,542.139,4.0,159.0,0.0,16.2
2026-09-25T16:49:03.321Z,2026-09-25T16:49:03.200Z,542.332,3.8,159.0,0.0,16.2
2026-09-25T16:49:03.528Z,2026-09-25T16:49:03.400Z,542.539,3.7,160.0,0.0,16.2
2026-09-25T16:49:03.720Z,2026-09-25T16:49:03.600Z,542.731,3.6,157.0,0.0,16.2
2026-09-25T16:49:03.927Z,2026-09-25T16:49:03.800Z,542.938,3.5,155.0,0.0,16.2
2026-09-25T16:49:04.120Z,2026-09-25T16:49:04.000Z,543.131,3.5,159.0,0.0,16.2
2026-09-25T16:49:04.327Z,2026-09-25T16:49:04.200Z,543.338,3.5,159.0,0.0,16.2
2026-09-25T16:49:04.520Z,2026-09-25T16:49:04.400Z,543.531,3.5,160.0,0.0,16.2
2026-09-25T16:49:04.727Z,2026-09-25T16:49:04.600Z,543.738,3.5,163.0,0.0,16.2
2026-09-25T16:49:04.920Z,2026-09-25T16:49:04.800Z,543.931,3.6,165.0,0.0,16.2
2026-09-25T16:49:05.127Z,2026-09-25T16:49:05.000Z,544.138,3.6,164.0,0.0,16.2
2026-09-25T16:49:05.319Z,2026-09-25T16:49:05.200Z,544.33,3.6,167.0,0.0,16.2
2026-09-25T16:49:05.526Z,2026-09-25T16:49:05.400Z,544.537,3.5,166.0,0.0,16.2
2026-09-25T16:49:05.719Z,2026-09-25T16:49:05.600Z,544.73,3.4,162.0,0.0,16.2
2026-09-25T16:49:05.926Z,2026-09-25T16:49:05.800Z,544.937,3.4,161.0,0.0,16.2
2026-09-25T16:49:06.118Z,2026-09-25T16:49:06.000Z,545.13,3.3,158.0,0.0,16.2
2026-09-25T16:49:06.326Z,2026-09-25T16:49:06.200Z,545.337,3.3,159.0,0.0,16.2
2026-09-25T16:49:06.518Z,2026-09-25T16:49:06.400Z,545.529,3.4,160.0,0.0,16.2
2026-09-25T16:49:06.725Z,2026-09-25T16:49:06.600Z,545.737,3.3,160.0,0.0,16.2
2026-09-25T16:49:06.918Z,2026-09-25T16:49:06.800Z,545.929,3.1,160.0,0.0,16.2
2026-09-25T16:49:07.125Z,2026-09-25T16:49:07.000Z,546.137,3.2,160.0,0.0,16.2
2026-09-25T16:49:07.318Z,2026-09-25T16:49:07.200Z,546.329,3.2,162.0,0.0,16.2
2026-09-25T16:49:07.525Z,2026-09-25T16:49:07.400Z,546.536,3.2,163.0,0.0,16.2
2026-09-25T16:49:07.717Z,2026-09-25T16:49:07.600Z,546.729,3.1,166.0,0.0,16.2
2026-09-25T16:49:07.925Z,2026-09-25T16:49:07.800Z,546.936,3.1,164.0,0.0,16.2
2026-09-25T16:49:08.117Z,2026-09-25T16:49:08.000Z,547.128,3.1,161.0,0.0,16.2
2026-09-25T16:49:08.325Z,2026-09-25T16:49:08.200Z,547.336,3.2,163.0,0.0,16.1
2026-09-25T16:49:08.517Z,2026-09-25T16:49:08.400Z,547.529,3.2,163.0,0.0,16.1
2026-09-25T16:49:08.724Z,2026-09-25T16:49:08.600Z,547.735,3.2,164.0,0.0,16.1
2026-09-25T16:49:08.917Z,2026-09-25T16:49:08.800Z,547.928,3.3,165.0,0.0,16.1
2026-09-25T16:49:09.124Z,2026-09-25T16:49:09.000Z,548.135,3.4,165.0,0.0,16.1
2026-09-25T16:49:09.331Z,2026-09-25T16:49:09.200Z,548.342,3.5,163.0,0.0,16.1
2026-09-25T16:49:09.523Z,2026-09-25T16:49:09.400Z,548.535,3.7,165.0,0.0,16.1
2026-09-25T16:49:09.731Z,2026-09-25T16:49:09.600Z,548.742,3.6,165.0,0.0,16.1
2026-09-25T16:49:09.923Z,2026-09-25T16:49:09.800Z,548.934,3.6,165.0,0.0,16.1
2026-09-25T16:49:10.130Z,2026-09-25T16:49:10.000Z,549.142,3.6,164.0,0.0,16.1
2026-09-25T16:49:10.323Z,2026-09-25T16:49:10.200Z,549.334,3.6,163.0,0.0,16.1
2026-09-25T16:49:10.530Z,2026-09-25T16:49:10.400Z,549.541,3.5,163.0,0.0,16.1
2026-09-25T16:49:10.723Z,2026-09-25T16:49:10.600Z,549.734,3.5,162.0,0.0,16.1
2026-09-25T16:49:10.930Z,2026-09-25T16:49:10.800Z,549.941,3.5,162.0,0.0,16.1
2026-09-25T16:49:11.122Z,2026-09-25T16:49:11.000Z,550.134,3.5,161.0,0.0,16.1
2026-09-25T16:49:11.329Z,2026-09-25T16:49:11.200Z,550.341,3.5,160.0,0.0,16.1
2026-09-25T16:49:11.522Z,2026-09-25T16:49:11.400Z,550.533,3.5,160.0,0.0,16.1
2026-09-25T16:49:11.729Z,2026-09-25T16:49:11.600Z,550.74,3.5,159.0,0.0,16.1
2026-09-25T16:49:11.922Z,2026-09-25T16:49:11.800Z,550.933,3.5,158.0,0.0,16.1
2026-09-25T16:49:12.129Z,2026-09-25T16:49:12.000Z,551.14,3.6,159.0,0.0,16.1
2026-09-25T16:49:12.322Z,2026-09-25T16:49:12.200Z,551.333,3.5,158.0,0.0,16.1
2026-09-25T16:49:12.529Z,2026-09-25T16:49:12.400Z,551.54,3.5,159.0,0.0,16.1
2026-09-25T16:49:12.721Z,2026-09-25T16:49:12.600Z,551.733,3.5,158.0,0.0,16.1
2026-09-25T16:49:12.928Z,2026-09-25T16:49:12.800Z,551.94,3.5,158.0,0.0,16.1
2026-09-25T16:49:13.121Z,2026-09-25T16:49:13.000Z,552.132,3.6,159.0,0.0,16.1
2026-09-25T16:49:13.328Z,2026-09-25T16:49:13.200Z,552.339,3.6,158.0,0.0,16.1
2026-09-25T16:49:13.520Z,2026-09-25T16:49:13.400Z,552.532,3.6,159.0,0.0,16.1
2026-09-25T16:49:13.728Z,2026-09-25T16:49:13.600Z,552.739,3.6,158.0,0.0,16.1
2026-09-25T16:49:13.920Z,2026-09-25T16:49:13.800Z,552.931,3.6,158.0,0.0,16.0
2026-09-25T16:49:14.128Z,2026-09-25T16:49:14.000Z,553.139,3.6,157.0,0.0,16.0
2026-09-25T16:49:14.320Z,2026-09-25T16:49:14.200Z,553.331,3.7,157.0,0.0,16.0
2026-09-25T16:49:14.527Z,2026-09-25T16:49:14.400Z,553.539,3.7,157.0,0.0,16.0
2026-09-25T16:49:14.720Z,2026-09-25T16:49:14.600Z,553.731,3.7,157.0,0.0,16.0
2026-09-25T16:49:14.927Z,2026-09-25T16:49:14.800Z,553.938,3.7,157.0,0.0,16.0
2026-09-25T16:49:15.120Z,2026-09-25T16:49:15.000Z,554.131,3.8,157.0,0.0,16.0
2026-09-25T16:49:15.327Z,2026-09-25T16:49:15.200Z,554.338,3.8,157.0,0.0,16.0
2026-09-25T16:49:15.519Z,2026-09-25T16:49:15.400Z,554.53,3.7,156.0,0.0,16.0
2026-09-25T16:49:15.726Z,2026-09-25T16:49:15.600Z,554.738,3.7,155.0,0.0,16.0
2026-09-25T16:49:15.919Z,2026-09-25T16:49:15.800Z,554.93,3.6,156.0,0.0,16.0
2026-09-25T16:49:16.126Z,2026-09-25T16:49:16.000Z,555.137,3.6,155.0,0.0,16.0
2026-09-25T16:49:16.319Z,2026-09-25T16:49:16.200Z,555.33,3.6,154.0,0.0,16.0
2026-09-25T16:49:16.526Z,2026-09-25T16:49:16.400Z,555.537,3.5,154.0,0.0,16.0
2026-09-25T16:49:16.719Z,2026-09-25T16:49:16.600Z,555.73,3.5,153.0,0.0,16.0
2026-09-25T16:49:16.926Z,2026-09-25T16:49:16.800Z,555.937,3.4,153.0,0.0,16.0
2026-09-25T16:49:17.118Z,2026-09-25T16:49:17.000Z,556.129,3.5,153.0,0.0,16.0
2026-09-25T16:49:17.325Z,2026-09-25T16:49:17.200Z,556.337,3.5,152.0,0.0,16.0
2026-09-25T16:49:17.518Z,2026-09-25T16:49:17.400Z,556.529,3.5,152.0,0.0,16.0
2026-09-25T16:49:17.725Z,2026-09-25T16:49:17.600Z,556.736,3.5,154.0,0.0,16.0
2026-09-25T16:49:17.918Z,2026-09-25T16:49:17.800Z,556.929,3.6,154.0,0.0,16.0
2026-09-25T16:49:18.125Z,2026-09-25T16:49:18.000Z,557.136,3.6,155.0,0.0,16.0
2026-09-25T16:49:18.318Z,2026-09-25T16:49:18.200Z,557.329,3.6,155.0,0.0,16.0
2026-09-25T16:49:18.524Z,2026-09-25T16:49:18.400Z,557.536,3.5,155.0,0.0,16.0
2026-09-25T16:49:18.717Z,2026-09-25T16:49:18.600Z,557.729,3.5,155.0,0.0,16.0
2026-09-25T16:49:18.924Z,2026-09-25T16:49:18.800Z,557.935,3.5,155.0,0.0,15.9
2026-09-25T16:49:19.116Z,2026-09-25T16:49:19.000Z,558.128,3.5,156.0,0.0,15.9
2026-09-25T16:49:19.324Z,2026-09-25T16:49:19.200Z,558.335,3.4,154.0,0.0,15.9
2026-09-25T16:49:19.517Z,2026-09-25T16:49:19.400Z,558.528,3.4,155.0,0.0,15.9
2026-09-25T16:49:19.724Z,2026-09-25T16:49:19.600Z,558.735,3.4,155.0,0.0,15.9
2026-09-25T16:49:19.931Z,2026-09-25T16:49:19.800Z,558.942,3.3,154.0,0.0,15.9
2026-09-25T16:49:20.123Z,2026-09-25T16:49:20.000Z,559.135,3.3,154.0,0.0,15.9
2026-09-25T16:49:20.331Z,2026-09-25T16:49:20.200Z,559.342,3.2,155.0,0.0,15.9
2026-09-25T16:49:20.523Z,2026-09-25T16:49:20.400Z,559.535,3.2,154.0,0.0,15.9
2026-09-25T16:49:20.730Z,2026-09-25T16:49:20.600Z,559.741,3.1,154.0,0.0,15.9
2026-09-25T16:49:20.923Z,2026-09-25T16:49:20.800Z,559.934,2.9,153.0,0.0,15.9
2026-09-25T16:49:21.130Z,2026-09-25T16:49:21.000Z,560.141,2.8,153.0,0.0,15.9
2026-09-25T16:49:21.323Z,2026-09-25T16:49:21.200Z,560.334,2.8,154.0,0.0,15.9
2026-09-25T16:49:21.530Z,2026-09-25T16:49:21.400Z,560.541,2.8,152.0,0.0,15.9
2026-09-25T16:49:21.722Z,2026-09-25T16:49:21.600Z,560.734,2.7,151.0,0.0,15.9
2026-09-25T16:49:21.929Z,2026-09-25T16:49:21.800Z,560.941,2.6,150.0,0.0,15.9
2026-09-25T16:49:22.122Z,2026-09-25T16:49:22.000Z,561.133,2.6,150.0,0.0,15.9
2026-09-25T16:49:22.329Z,2026-09-25T16:49:22.200Z,561.341,2.6,151.0,0.0,15.9
2026-09-25T16:49:22.522Z,2026-09-25T16:49:22.400Z,561.533,2.7,153.0,0.0,15.9
2026-09-25T16:49:22.729Z,2026-09-25T16:49:22.600Z,561.74,2.8,152.0,0.0,15.9
2026-09-25T16:49:22.921Z,2026-09-25T16:49:22.800Z,561.933,2.8,153.0,0.0,15.9
2026-09-25T16:49:23.129Z,2026-09-25T16:49:23.000Z,562.14,2.8,157.0,0.0,15.9
2026-09-25T16:49:23.321Z,2026-09-25T16:49:23.200Z,562.333,2.8,157.0,0.0,15.9
2026-09-25T16:49:23.528Z,2026-09-25T16:49:23.400Z,562.54,3.0,158.0,0.0,15.9
2026-09-25T16:49:23.721Z,2026-09-25T16:49:23.600Z,562.732,3.0,156.0,0.0,15.9
2026-09-25T16:49:23.928Z,2026-09-25T16:49:23.800Z,562.939,3.0,154.0,0.0,15.9
2026-09-25T16:49:24.121Z,2026-09-25T16:49:24.000Z,563.132,3.0,153.0,0.0,15.9
2026-09-25T16:49:24.328Z,2026-09-25T16:49:24.200Z,563.339,3.0,152.0,0.0,15.9
2026-09-25T16:49:24.521Z,2026-09-25T16:49:24.400Z,563.532,3.1,150.0,0.0,15.9
2026-09-25T16:49:24.727Z,2026-09-25T16:49:24.600Z,563.739,3.2,146.0,0.0,15.9
2026-09-25T16:49:24.920Z,2026-09-25T16:49:24.800Z,563.932,3.3,144.0,0.0,15.9
2026-09-25T16:49:25.127Z,2026-09-25T16:49:25.000Z,564.139,3.3,144.0,0.0,15.9
2026-09-25T16:49:25.320Z,2026-09-25T16:49:25.200Z,564.331,3.4,145.0,0.0,15.9
2026-09-25T16:49:25.527Z,2026-09-25T16:49:25.400Z,564.538,3.6,146.0,0.0,15.9
2026-09-25T16:49:25.720Z,2026-09-25T16:49:25.600Z,564.731,3.5,149.0,0.0,15.9
2026-09-25T16:49:25.927Z,2026-09-25T16:49:25.800Z,564.938,3.5,151.0,0.0,15.9
2026-09-25T16:49:26.120Z,2026-09-25T16:49:26.000Z,565.131,3.4,154.0,0.0,15.9
2026-09-25T16:49:26.326Z,2026-09-25T16:49:26.200Z,565.338,3.3,156.0,0.0,15.9
2026-09-25T16:49:26.519Z,2026-09-25T16:49:26.400Z,565.53,3.2,159.0,0.0,15.9
2026-09-25T16:49:26.726Z,2026-09-25T16:49:26.600Z,565.737,3.2,158.0,0.0,15.9
2026-09-25T16:49:26.919Z,2026-09-25T16:49:26.800Z,565.931,3.1,157.0,0.0,15.9
2026-09-25T16:49:27.126Z,2026-09-25T16:49:27.000Z,566.137,2.9,157.0,0.0,15.9
2026-09-25T16:49:27.319Z,2026-09-25T16:49:27.200Z,566.33,2.8,156.0,0.0,15.8
2026-09-25T16:49:27.526Z,2026-09-25T16:49:27.400Z,566.537,2.8,156.0,0.0,15.8
2026-09-25T16:49:27.718Z,2026-09-25T16:49:27.600Z,566.73,2.9,155.0,0.0,15.8
2026-09-25T16:49:27.925Z,2026-09-25T16:49:27.800Z,566.937,2.9,156.0,0.0,15.8
2026-09-25T16:49:28.118Z,2026-09-25T16:49:28.000Z,567.129,2.9,156.0,0.0,15.8
2026-09-25T16:49:28.325Z,2026-09-25T16:49:28.200Z,567.336,2.9,155.0,0.0,15.8
2026-09-25T16:49:28.518Z,2026-09-25T16:49:28.400Z,567.529,3.0,155.0,0.0,15.8
2026-09-25T16:49:28.725Z,2026-09-25T16:49:28.600Z,567.736,3.1,155.0,0.0,15.8
2026-09-25T16:49:28.918Z,2026-09-25T16:49:28.800Z,567.929,3.1,153.0,0.0,15.8
2026-09-25T16:49:29.125Z,2026-09-25T16:49:29.000Z,568.136,3.4,151.0,0.0,15.8
2026-09-25T16:49:29.317Z,2026-09-25T16:49:29.200Z,568.329,3.4,150.0,0.0,15.8
2026-09-25T16:49:29.525Z,2026-09-25T16:49:29.400Z,568.536,3.3,150.0,0.0,15.8
2026-09-25T16:49:29.717Z,2026-09-25T16:49:29.600Z,568.729,3.3,149.0,0.0,15.8
2026-09-25T16:49:29.924Z,2026-09-25T16:49:29.800Z,568.935,3.2,148.0,0.0,15.8
2026-09-25T16:49:30.117Z,2026-09-25T16:49:30.000Z,569.128,3.1,147.0,0.0,15.8
2026-09-25T16:49:30.324Z,2026-09-25T16:49:30.200Z,569.335,3.0,148.0,0.0,15.8
2026-09-25T16:49:30.517Z,2026-09-25T16:49:30.400Z,569.528,3.0,148.0,0.0,15.8
2026-09-25T16:49:30.724Z,2026-09-25T16:49:30.600Z,569.735,2.6,151.0,0.0,15.8
2026-09-25T16:49:30.931Z,2026-09-25T16:49:30.800Z,569.942,2.6,152.0,0.0,15.8
2026-09-25T16:49:31.123Z,2026-09-25T16:49:31.000Z,570.135,2.6,152.0,0.0,15.8
2026-09-25T16:49:31.330Z,2026-09-25T16:49:31.200Z,570.342,2.5,152.0,0.0,15.8
2026-09-25T16:49:31.523Z,2026-09-25T16:49:31.400Z,570.535,2.5,153.0,0.0,15.8
2026-09-25T16:49:31.730Z,2026-09-25T16:49:31.600Z,570.741,2.4,153.0,0.0,15.8
2026-09-25T16:49:31.923Z,2026-09-25T16:49:31.800Z,570.934,2.4,154.0,0.0,15.8
2026-09-25T16:49:32.130Z,2026-09-25T16:49:32.000Z,571.141,2.4,153.0,0.0,15.8
2026-09-25T16:49:32.322Z,2026-09-25T16:49:32.200Z,571.334,2.4,153.0,0.0,15.8
2026-09-25T16:49:32.530Z,2026-09-25T16:49:32.400Z,571.541,2.4,153.0,0.0,15.8
2026-09-25T16:49:32.722Z,2026-09-25T16:49:32.600Z,571.733,2.4,151.0,0.0,15.8
2026-09-25T16:49:32.929Z,2026-09-25T16:49:32.800Z,571.941,2.4,151.0,0.0,15.8
2026-09-25T16:49:33.122Z,2026-09-25T16:49:33.000Z,572.133,2.4,151.0,0.0,15.8
2026-09-25T16:49:33.329Z,2026-09-25T16:49:33.200Z,572.34,2.5,150.0,0.0,15.8
2026-09-25T16:49:33.521Z,2026-09-25T16:49:33.400Z,572.533,2.4,150.0,0.0,15.8
2026-09-25T16:49:33.729Z,2026-09-25T16:49:33.600Z,572.74,2.5,149.0,0.0,15.8
2026-09-25T16:49:33.921Z,2026-09-25T16:49:33.800Z,572.933,2.4,151.0,0.0,15.8
2026-09-25T16:49:34.129Z,2026-09-25T16:49:34.000Z,573.14,2.4,152.0,0.0,15.8
2026-09-25T16:49:34.321Z,2026-09-25T16:49:34.200Z,573.332,2.4,152.0,0.0,15.8
2026-09-25T16:49:34.528Z,2026-09-25T16:49:34.400Z,573.54,2.4,153.0,0.0,15.8
2026-09-25T16:49:34.721Z,2026-09-25T16:49:34.600Z,573.732,2.4,154.0,0.0,15.8
2026-09-25T16:49:34.928Z,2026-09-25T16:49:34.800Z,573.939,2.5,154.0,0.0,15.8
2026-09-25T16:49:35.121Z,2026-09-25T16:49:35.000Z,574.132,2.5,155.0,0.0,15.8
2026-09-25T16:49:35.328Z,2026-09-25T16:49:35.200Z,574.339,2.5,155.0,0.0,15.8
2026-09-25T16:49:35.520Z,2026-09-25T16:49:35.400Z,574.532,2.6,156.0,0.0,15.8
2026-09-25T16:49:35.727Z,2026-09-25T16:49:35.600Z,574.739,2.6,156.0,0.0,15.8
2026-09-25T16:49:35.920Z,2026-09-25T16:49:35.800Z,574.931,2.6,154.0,0.0,15.8
2026-09-25T16:49:36.127Z,2026-09-25T16:49:36.000Z,575.138,2.6,155.0,0.0,15.8
2026-09-25T16:49:36.320Z,2026-09-25T16:49:36.200Z,575.331,2.6,155.0,0.0,15.8
2026-09-25T16:49:36.527Z,2026-09-25T16:49:36.400Z,575.538,2.6,155.0,0.0,15.8
2026-09-25T16:49:36.720Z,2026-09-25T16:49:36.600Z,575.731,2.5,154.0,0.0,15.8
2026-09-25T16:49:36.926Z,2026-09-25T16:49:36.800Z,575.938,2.5,155.0,0.0,15.8
2026-09-25T16:49:37.119Z,2026-09-25T16:49:37.000Z,576.131,2.4,153.0,0.0,15.8
2026-09-25T16:49:37.326Z,2026-09-25T16:49:37.200Z,576.338,2.4,153.0,0.0,15.8
2026-09-25T16:49:37.519Z,2026-09-25T16:49:37.400Z,576.53,2.4,154.0,0.0,15.8
2026-09-25T16:49:37.726Z,2026-09-25T16:49:37.600Z,576.737,2.4,154.0,0.0,15.8
2026-09-25T16:49:37.919Z,2026-09-25T16:49:37.800Z,576.93,2.4,151.0,0.0,15.7
2026-09-25T16:49:38.126Z,2026-09-25T16:49:38.000Z,577.137,2.4,150.0,0.0,15.7
2026-09-25T16:49:38.318Z,2026-09-25T16:49:38.200Z,577.329,2.4,151.0,0.0,15.7
2026-09-25T16:49:38.525Z,2026-09-25T16:49:38.400Z,577.537,2.4,150.0,0.0,15.7
2026-09-25T16:49:38.718Z,2026-09-25T16:49:38.600Z,577.729,2.3,150.0,0.0,15.7
2026-09-25T16:49:38.925Z,2026-09-25T16:49:38.800Z,577.936,2.4,150.0,0.0,15.7
2026-09-25T16:49:39.118Z,2026-09-25T16:49:39.000Z,578.129,2.4,148.0,0.0,15.7
2026-09-25T16:49:39.325Z,2026-09-25T16:49:39.200Z,578.336,2.4,145.0,0.0,15.7
2026-09-25T16:49:39.518Z,2026-09-25T16:49:39.400Z,578.529,2.3,146.0,0.0,15.7
2026-09-25T16:49:39.725Z,2026-09-25T16:49:39.600Z,578.736,2.3,145.0,0.0,15.7
2026-09-25T16:49:39.918Z,2026-09-25T16:49:39.800Z,578.929,2.3,147.0,0.0,15.7
2026-09-25T16:49:40.125Z,2026-09-25T16:49:40.000Z,579.136,2.3,145.0,0.0,15.7
2026-09-25T16:49:40.317Z,2026-09-25T16:49:40.200Z,579.328,2.3,146.0,0.0,15.7
2026-09-25T16:49:40.524Z,2026-09-25T16:49:40.400Z,579.535,2.3,146.0,0.0,15.7
2026-09-25T16:49:40.717Z,2026-09-25T16:49:40.600Z,579.728,2.3,148.0,0.0,15.7
2026-09-25T16:49:40.924Z,2026-09-25T16:49:40.800Z,579.935,2.3,149.0,0.0,15.7
2026-09-25T16:49:41.117Z,2026-09-25T16:49:41.000Z,580.128,2.3,153.0,0.0,15.7
2026-09-25T16:49:41.324Z,2026-09-25T16:49:41.200Z,580.335,2.3,152.0,0.0,15.7
2026-09-25T16:49:41.531Z,2026-09-25T16:49:41.400Z,580.542,2.3,153.0,0.0,15.7
2026-09-25T16:49:41.723Z,2026-09-25T16:49:41.600Z,580.735,2.2,153.0,0.0,15.7
2026-09-25T16:49:41.931Z,2026-09-25T16:49:41.800Z,580.942,2.2,154.0,0.0,15.7
2026-09-25T16:49:42.123Z,2026-09-25T16:49:42.000Z,581.134,2.2,154.0,0.0,15.7
2026-09-25T16:49:42.331Z,2026-09-25T16:49:42.200Z,581.342,2.1,155.0,0.0,15.7
2026-09-25T16:49:42.523Z,2026-09-25T16:49:42.400Z,581.534,2.1,153.0,0.0,15.7
2026-09-25T16:49:42.730Z,2026-09-25T16:49:42.600Z,581.741,2.0,152.0,0.0,15.7
2026-09-25T16:49:42.923Z,2026-09-25T16:49:42.800Z,581.934,1.9,153.0,0.0,15.7
2026-09-25T16:49:43.130Z,2026-09-25T16:49:43.000Z,582.141,1.8,153.0,0.0,15.7
2026-09-25T16:49:43.322Z,2026-09-25T16:49:43.200Z,582.334,1.8,153.0,0.0,15.7
2026-09-25T16:49:43.529Z,2026-09-25T16:49:43.400Z,582.541,1.8,153.0,0.0,15.7
2026-09-25T16:49:43.722Z,2026-09-25T16:49:43.600Z,582.733,1.8,154.0,0.0,15.7
2026-09-25T16:49:43.929Z,2026-09-25T16:49:43.800Z,582.94,1.8,154.0,0.0,15.7
2026-09-25T16:49:44.122Z,2026-09-25T16:49:44.000Z,583.133,1.7,155.0,0.0,15.7
2026-09-25T16:49:44.329Z,2026-09-25T16:49:44.200Z,583.34,1.8,156.0,0.0,15.7
2026-09-25T16:49:44.522Z,2026-09-25T16:49:44.400Z,583.533,1.9,157.0,0.0,15.7
2026-09-25T16:49:44.728Z,2026-09-25T16:49:44.600Z,583.74,2.0,160.0,0.0,15.7
2026-09-25T16:49:44.921Z,2026-09-25T16:49:44.800Z,583.932,2.0,161.0,0.0,15.7
2026-09-25T16:49:45.128Z,2026-09-25T16:49:45.000Z,584.14,2.0,163.0,0.0,15.7
2026-09-25T16:49:45.321Z,2026-09-25T16:49:45.200Z,584.332,1.9,162.0,0.0,15.7
2026-09-25T16:49:45.528Z,2026-09-25T16:49:45.400Z,584.539,2.0,161.0,0.0,15.7
2026-09-25T16:49:45.721Z,2026-09-25T16:49:45.600Z,584.732,2.0,161.0,0.0,15.7
2026-09-25T16:49:45.928Z,2026-09-25T16:49:45.800Z,584.939,2.0,161.0,0.0,15.7
2026-09-25T16:49:46.120Z,2026-09-25T16:49:46.000Z,585.132,2.0,158.0,0.0,15.7
2026-09-25T16:49:46.327Z,2026-09-25T16:49:46.200Z,585.339,2.0,157.0,0.0,15.7
2026-09-25T16:49:46.520Z,2026-09-25T16:49:46.400Z,585.531,2.1,156.0,0.0,15.7
2026-09-25T16:49:46.727Z,2026-09-25T16:49:46.600Z,585.738,2.1,157.0,0.0,15.7
2026-09-25T16:49:46.920Z,2026-09-25T16:49:46.800Z,585.931,2.2,156.0,0.0,15.7
2026-09-25T16:49:47.127Z,2026-09-25T16:49:47.000Z,586.138,2.2,156.0,0.0,15.7
2026-09-25T16:49:47.320Z,2026-09-25T16:49:47.200Z,586.331,2.3,156.0,0.0,15.7
2026-09-25T16:49:47.527Z,2026-09-25T16:49:47.400Z,586.538,2.3,155.0,0.0,15.7
2026-09-25T16:49:47.720Z,2026-09-25T16:49:47.600Z,586.731,2.3,154.0,0.0,15.7
2026-09-25T16:49:47.926Z,2026-09-25T16:49:47.800Z,586.938,2.3,154.0,0.0,15.7
2026-09-25T16:49:48.119Z,2026-09-25T16:49:48.000Z,587.13,2.3,153.0,0.0,15.7
2026-09-25T16:49:48.326Z,2026-09-25T16:49:48.200Z,587.338,2.2,152.0,0.0,15.7
2026-09-25T16:49:48.519Z,2026-09-25T16:49:48.400Z,587.53,2.2,151.0,0.0,15.7
2026-09-25T16:49:48.726Z,2026-09-25T16:49:48.600Z,587.737,2.2,151.0,0.0,15.7
2026-09-25T16:49:48.919Z,2026-09-25T16:49:48.800Z,587.93,2.1,153.0,0.0,15.7
2026-09-25T16:49:49.126Z,2026-09-25T16:49:49.000Z,588.137,2.1,156.0,0.0,15.7
2026-09-25T16:49:49.319Z,2026-09-25T16:49:49.200Z,588.33,2.1,157.0,0.0,15.7
2026-09-25T16:49:49.525Z,2026-09-25T16:49:49.400Z,588.536,2.1,157.0,0.0,15.7
2026-09-25T16:49:49.718Z,2026-09-25T16:49:49.600Z,588.729,2.1,158.0,0.0,15.7
2026-09-25T16:49:49.925Z,2026-09-25T16:49:49.800Z,588.936,2.1,159.0,0.0,15.7
2026-09-25T16:49:50.118Z,2026-09-25T16:49:50.000Z,589.129,2.1,159.0,0.0,15.7
2026-09-25T16:49:50.325Z,2026-09-25T16:49:50.200Z,589.336,2.1,160.0,0.0,15.7
2026-09-25T16:49:50.518Z,2026-09-25T16:49:50.400Z,589.529,2.1,160.0,0.0,15.7
2026-09-25T16:49:50.724Z,2026-09-25T16:49:50.600Z,589.736,2.0,160.0,0.0,15.7
2026-09-25T16:49:50.917Z,2026-09-25T16:49:50.800Z,589.929,2.0,160.0,0.0,15.7
2026-09-25T16:49:51.124Z,2026-09-25T16:49:51.000Z,590.136,2.0,160.0,0.0,15.7
2026-09-25T16:49:51.317Z,2026-09-25T16:49:51.200Z,590.329,2.0,160.0,0.0,15.7
2026-09-25T16:49:51.524Z,2026-09-25T16:49:51.400Z,590.535,1.9,161.0,0.0,15.7
2026-09-25T16:49:51.717Z,2026-09-25T16:49:51.600Z,590.728,1.9,161.0,0.0,15.7
2026-09-25T16:49:51.924Z,2026-09-25T16:49:51.800Z,590.935,1.9,160.0,0.0,15.7
2026-09-25T16:49:52.117Z,2026-09-25T16:49:52.000Z,591.128,1.8,160.0,0.0,15.7
2026-09-25T16:49:52.324Z,2026-09-25T16:49:52.200Z,591.335,1.8,161.0,0.0,15.7
2026-09-25T16:49:52.531Z,2026-09-25T16:49:52.400Z,591.542,1.8,161.0,0.0,15.7
2026-09-25T16:49:52.724Z,2026-09-25T16:49:52.600Z,591.735,1.7,161.0,0.0,15.7
2026-09-25T16:49:52.930Z,2026-09-25T16:49:52.800Z,591.942,1.7,159.0,0.0,15.7
2026-09-25T16:49:53.123Z,2026-09-25T16:49:53.000Z,592.134,1.6,158.0,0.0,15.7
2026-09-25T16:49:53.330Z,2026-09-25T16:49:53.200Z,592.341,1.6,158.0,0.0,15.7
2026-09-25T16:49:53.523Z,2026-09-25T16:49:53.400Z,592.534,1.5,158.0,0.0,15.7
2026-09-25T16:49:53.730Z,2026-09-25T16:49:53.600Z,592.741,1.5,159.0,0.0,15.7
2026-09-25T16:49:53.922Z,2026-09-25T16:49:53.800Z,592.934,1.6,155.0,0.0,15.7
2026-09-25T16:49:54.129Z,2026-09-25T16:49:54.000Z,593.141,1.6,155.0,0.0,15.7
2026-09-25T16:49:54.322Z,2026-09-25T16:49:54.200Z,593.333,1.6,153.0,0.0,15.7
2026-09-25T16:49:54.529Z,2026-09-25T16:49:54.400Z,593.541,1.6,157.0,0.0,15.7
2026-09-25T16:49:54.722Z,2026-09-25T16:49:54.600Z,593.733,1.7,157.0,0.0,15.7
2026-09-25T16:49:54.929Z,2026-09-25T16:49:54.800Z,593.94,1.6,152.0,0.0,15.7
2026-09-25T16:49:55.122Z,2026-09-25T16:49:55.000Z,594.133,1.6,149.0,0.0,15.7
2026-09-25T16:49:55.329Z,2026-09-25T16:49:55.200Z,594.34,1.6,148.0,0.0,15.7
2026-09-25T16:49:55.521Z,2026-09-25T16:49:55.400Z,594.532,1.6,150.0,0.0,15.7
2026-09-25T16:49:55.728Z,2026-09-25T16:49:55.600Z,594.74,1.6,151.0,0.0,15.7
2026-09-25T16:49:55.921Z,2026-09-25T16:49:55.800Z,594.932,1.5,147.0,0.0,15.7
2026-09-25T16:49:56.128Z,2026-09-25T16:49:56.000Z,595.14,1.5,145.0,0.0,15.7
2026-09-25T16:49:56.321Z,2026-09-25T16:49:56.200Z,595.332,1.4,144.0,0.0,15.7
2026-09-25T16:49:56.528Z,2026-09-25T16:49:56.400Z,595.539,1.4,147.0,0.0,15.7
2026-09-25T16:49:56.720Z,2026-09-25T16:49:56.600Z,595.732,1.3,149.0,0.0,15.7
2026-09-25T16:49:56.928Z,2026-09-25T16:49:56.800Z,595.939,1.3,148.0,0.0,15.7
2026-09-25T16:49:57.120Z,2026-09-25T16:49:57.000Z,596.131,1.2,152.0,0.0,15.7
2026-09-25T16:49:57.327Z,2026-09-25T16:49:57.200Z,596.338,1.1,150.0,0.0,15.7
2026-09-25T16:49:57.520Z,2026-09-25T16:49:57.400Z,596.532,1.1,152.0,0.0,15.7
2026-09-25T16:49:57.727Z,2026-09-25T16:49:57.600Z,596.738,1.1,153.0,0.0,15.7
2026-09-25T16:49:57.920Z,2026-09-25T16:49:57.800Z,596.931,1.1,150.0,0.0,15.7
2026-09-25T16:49:58.127Z,2026-09-25T16:49:58.000Z,597.138,1.1,147.0,0.0,15.7
2026-09-25T16:49:58.319Z,2026-09-25T16:49:58.200Z,597.331,1.1,145.0,0.0,15.7
2026-09-25T16:49:58.526Z,2026-09-25T16:49:58.400Z,597.538,1.0,143.0,0.0,15.7
2026-09-25T16:49:58.719Z,2026-09-25T16:49:58.600Z,597.73,1.0,138.0,0.0,15.7
2026-09-25T16:49:58.926Z,2026-09-25T16:49:58.800Z,597.937,1.0,134.0,0.0,15.7
2026-09-25T16:49:59.119Z,2026-09-25T16:49:59.000Z,598.13,1.0,131.0,0.0,15.7
2026-09-25T16:49:59.326Z,2026-09-25T16:49:59.200Z,598.337,1.1,126.0,0.0,15.7
2026-09-25T16:49:59.519Z,2026-09-25T16:49:59.400Z,598.53,1.0,128.0,0.0,15.7
2026-09-25T16:49:59.725Z,2026-09-25T16:49:59.600Z,598.737,1.0,127.0,0.0,15.7
2026-09-25T16:49:59.918Z,2026-09-25T16:49:59.800Z,598.929,1.1,125.0,0.0,15.7
2026-09-25T16:50:00.125Z,2026-09-25T16:50:00.000Z,599.137,1.1,126.0,0.0,15.7
2026-09-25T16:50:00.318Z,2026-09-25T16:50:00.200Z,599.329,1.3,124.0,0.0,15.7
2026-09-25T16:50:00.525Z,2026-09-25T16:50:00.400Z,599.536,1.4,124.0,0.0,15.8
2026-09-25T16:50:00.718Z,2026-09-25T16:50:00.600Z,599.729,1.5,125.0,0.0,15.8
2026-09-25T16:50:00.925Z,2026-09-25T16:50:00.800Z,599.936,1.6,126.0,0.0,15.8
2026-09-25T16:50:01.118Z,2026-09-25T16:50:01.000Z,600.129,1.7,125.0,0.0,15.8
2026-09-25T16:50:01.324Z,2026-09-25T16:50:01.200Z,600.336,1.9,123.0,0.0,15.8
2026-09-25T16:50:01.518Z,2026-09-25T16:50:01.400Z,600.529,1.9,122.0,0.0,15.8
2026-09-25T16:50:01.724Z,2026-09-25T16:50:01.600Z,600.736,1.9,118.0,0.0,15.8
2026-09-25T16:50:01.917Z,2026-09-25T16:50:01.800Z,600.928,2.0,116.0,0.0,15.8
2026-09-25T16:50:02.124Z,2026-09-25T16:50:02.000Z,601.135,1.9,116.0,0.0,15.8
2026-09-25T16:50:02.317Z,2026-09-25T16:50:02.200Z,601.328,1.9,110.0,0.0,15.8
2026-09-25T16:50:02.524Z,2026-09-25T16:50:02.400Z,601.535,2.0,105.0,0.0,15.8
2026-09-25T16:50:02.731Z,2026-09-25T16:50:02.600Z,601.742,2.0,101.0,0.0,15.8
2026-09-25T16:50:02.923Z,2026-09-25T16:50:02.800Z,601.935,2.2,101.0,0.0,15.8
2026-09-25T16:50:03.131Z,2026-09-25T16:50:03.000Z,602.142,2.2,97.0,0.0,15.8
2026-09-25T16:50:03.323Z,2026-09-25T16:50:03.200Z,602.335,2.3,93.0,0.0,15.8
2026-09-25T16:50:03.530Z,2026-09-25T16:50:03.400Z,602.542,2.3,91.0,0.0,15.8
2026-09-25T16:50:03.723Z,2026-09-25T16:50:03.600Z,602.734,2.4,88.0,0.0,15.8
2026-09-25T16:50:03.930Z,2026-09-25T16:50:03.800Z,602.941,2.5,87.0,0.0,15.8
2026-09-25T16:50:04.123Z,2026-09-25T16:50:04.000Z,603.134,2.5,87.0,0.0,15.8
2026-09-25T16:50:04.330Z,2026-09-25T16:50:04.200Z,603.341,2.6,87.0,0.0,15.8
2026-09-25T16:50:04.522Z,2026-09-25T16:50:04.400Z,603.534,2.6,83.0,0.0,15.8
2026-09-25T16:50:04.730Z,2026-09-25T16:50:04.600Z,603.741,2.7,83.0,0.0,15.8
2026-09-25T16:50:04.922Z,2026-09-25T16:50:04.800Z,603.933,2.8,86.0,0.0,15.8
2026-09-25T16:50:05.129Z,2026-09-25T16:50:05.000Z,604.14,2.7,85.0,0.0,15.8
2026-09-25T16:50:05.322Z,2026-09-25T16:50:05.200Z,604.333,2.8,84.0,0.0,15.8
2026-09-25T16:50:05.529Z,2026-09-25T16:50:05.400Z,604.54,2.8,84.0,0.0,15.8
2026-09-25T16:50:05.721Z,2026-09-25T16:50:05.600Z,604.733,2.8,83.0,0.0,15.8
2026-09-25T16:50:05.929Z,2026-09-25T16:50:05.800Z,604.94,2.9,84.0,0.0,15.8
2026-09-25T16:50:06.121Z,2026-09-25T16:50:06.000Z,605.133,2.8,88.0,0.0,15.8
2026-09-25T16:50:06.328Z,2026-09-25T16:50:06.200Z,605.339,2.9,89.0,0.0,15.8
2026-09-25T16:50:06.521Z,2026-09-25T16:50:06.400Z,605.532,2.9,89.0,0.0,15.8
2026-09-25T16:50:06.728Z,2026-09-25T16:50:06.600Z,605.739,3.0,91.0,0.0,15.8
2026-09-25T16:50:06.921Z,2026-09-25T16:50:06.800Z,605.932,3.0,94.0,0.0,15.8
2026-09-25T16:50:07.128Z,2026-09-25T16:50:07.000Z,606.139,3.1,97.0,0.0,15.8
2026-09-25T16:50:07.320Z,2026-09-25T16:50:07.200Z,606.332,3.1,100.0,0.0,15.8
