bag_time_ns,header.stamp.sec,header.stamp.nanosec,header.frame_id,temperature,variance
1790353695726249478,1790353695,600000256,wind_sensor_link,14.8,0.0
1790353695933479997,1790353695,800000256,wind_sensor_link,14.8,0.0
1790353696125949666,1790353696,0,wind_sensor_link,14.8,0.0
1790353696333141553,1790353696,200000000,wind_sensor_link,14.8,0.0
1790353696526084689,1790353696,400000000,wind_sensor_link,14.8,0.0
1790353696733261446,1790353696,600000256,wind_sensor_link,14.8,0.0
1790353696925862288,1790353696,800000256,wind_sensor_link,14.8,0.0
1790353697133135605,1790353697,0,wind_sensor_link,14.8,0.0
1790353697325528807,1790353697,200000000,wind_sensor_link,14.8,0.0
1790353697533029839,1790353697,400000000,wind_sensor_link,14.8,0.0
1790353697725416670,1790353697,600000256,wind_sensor_link,14.8,0.0
1790353697932840698,1790353697,800000256,wind_sensor_link,14.8,0.0
1790353698125402890,1790353698,0,wind_sensor_link,14.8,0.0
1790353698332719283,1790353698,200000000,wind_sensor_link,14.8,0.0
1790353698525240362,1790353698,400000000,wind_sensor_link,14.8,0.0
1790353698732562459,1790353698,600000256,wind_sensor_link,14.8,0.0
1790353698925297456,1790353698,800000256,wind_sensor_link,14.8,0.0
1790353699132666833,1790353699,0,wind_sensor_link,14.8,0.0
1790353699324899768,1790353699,200000000,wind_sensor_link,14.8,0.0
1790353699532460988,1790353699,400000000,wind_sensor_link,14.9,0.0
1790353699725039588,1790353699,600000256,wind_sensor_link,14.9,0.0
1790353699932083912,1790353699,800000256,wind_sensor_link,14.9,0.0
1790353700125004672,1790353700,0,wind_sensor_link,14.9,0.0
1790353700331939223,1790353700,200000000,wind_sensor_link,14.9,0.0
1790353700524897556,1790353700,400000000,wind_sensor_link,14.9,0.0
1790353700731816700,1790353700,600000256,wind_sensor_link,14.9,0.0
1790353700924687330,1790353700,800000256,wind_sensor_link,14.9,0.0
1790353701131691324,1790353701,0,wind_sensor_link,14.9,0.0
1790353701324254310,1790353701,200000000,wind_sensor_link,14.9,0.0
1790353701531438969,1790353701,400000000,wind_sensor_link,14.9,0.0
1790353701724279100,1790353701,600000256,wind_sensor_link,14.9,0.0
1790353701931506055,1790353701,800000256,wind_sensor_link,14.9,0.0
1790353702124187520,1790353702,0,wind_sensor_link,14.9,0.0
1790353702331198811,1790353702,200000000,wind_sensor_link,14.9,0.0
1790353702524017923,1790353702,400000000,wind_sensor_link,14.9,0.0
1790353702731195731,1790353702,600000256,wind_sensor_link,14.9,0.0
1790353702923919381,1790353702,800000256,wind_sensor_link,14.9,0.0
1790353703130912987,1790353703,0,wind_sensor_link,14.9,0.0
1790353703323428306,1790353703,200000000,wind_sensor_link,14.9,0.0
1790353703530696131,1790353703,400000000,wind_sensor_link,14.9,0.0
1790353703723394597,1790353703,600000256,wind_sensor_link,14.9,0.0
1790353703930575700,1790353703,800000256,wind_sensor_link,14.9,0.0
1790353704123206889,1790353704,0,wind_sensor_link,14.9,0.0
1790353704330531731,1790353704,200000000,wind_sensor_link,14.9,0.0
1790353704522952626,1790353704,400000000,wind_sensor_link,14.9,0.0
1790353704730557984,1790353704,600000256,wind_sensor_link,14.9,0.0
1790353704923073155,1790353704,800000256,wind_sensor_link,14.9,0.0
1790353705130143834,1790353705,0,wind_sensor_link,14.9,0.0
1790353705322748320,1790353705,200000000,wind_sensor_link,14.9,0.0
1790353705530215809,1790353705,400000000,wind_sensor_link,14.9,0.0
1790353705722903107,1790353705,600000256,wind_sensor_link,14.9,0.0
1790353705929837510,1790353705,800000256,wind_sensor_link,14.9,0.0
1790353706122680215,1790353706,0,wind_sensor_link,14.9,0.0
1790353706329682969,1790353706,200000000,wind_sensor_link,14.9,0.0
1790353706522261121,1790353706,400000000,wind_sensor_link,14.9,0.0
1790353706729730777,1790353706,600000256,wind_sensor_link,14.9,0.0
1790353706922093357,1790353706,800000256,wind_sensor_link,14.9,0.0
1790353707129684086,1790353707,0,wind_sensor_link,14.9,0.0
1790353707321917168,1790353707,200000000,wind_sensor_link,14.9,0.0
1790353707529421897,1790353707,400000000,wind_sensor_link,14.9,0.0
1790353707721866884,1790353707,600000256,wind_sensor_link,14.9,0.0
1790353707929115117,1790353707,800000256,wind_sensor_link,14.9,0.0
1790353708122008820,1790353708,0,wind_sensor_link,14.9,0.0
1790353708329096092,1790353708,200000000,wind_sensor_link,14.9,0.0
1790353708521781280,1790353708,400000000,wind_sensor_link,14.9,0.0
1790353708728791034,1790353708,600000256,wind_sensor_link,14.9,0.0
1790353708921692497,1790353708,800000256,wind_sensor_link,14.9,0.0
1790353709128698140,1790353709,0,wind_sensor_link,14.9,0.0
1790353709321351772,1790353709,200000000,wind_sensor_link,14.9,0.0
1790353709528837409,1790353709,400000000,wind_sensor_link,14.9,0.0
1790353709721162509,1790353709,600000256,wind_sensor_link,14.9,0.0
1790353709928441130,1790353709,800000256,wind_sensor_link,14.9,0.0
1790353710121687422,1790353710,0,wind_sensor_link,15.0,0.0
1790353710328237774,1790353710,200000000,wind_sensor_link,15.0,0.0
1790353710521548213,1790353710,400000000,wind_sensor_link,15.0,0.0
1790353710728060399,1790353710,600000256,wind_sensor_link,15.0,0.0
1790353710921411153,1790353710,800000256,wind_sensor_link,15.0,0.0
1790353711127923969,1790353711,0,wind_sensor_link,15.0,0.0
1790353711335329847,1790353711,200000000,wind_sensor_link,15.0,0.0
1790353711527770890,1790353711,400000000,wind_sensor_link,15.0,0.0
1790353711735198342,1790353711,600000256,wind_sensor_link,15.0,0.0
1790353711927887215,1790353711,800000256,wind_sensor_link,15.0,0.0
1790353712134897692,1790353712,0,wind_sensor_link,15.0,0.0
1790353712327648156,1790353712,200000000,wind_sensor_link,15.0,0.0
1790353712534693039,1790353712,400000000,wind_sensor_link,15.0,0.0
1790353712727513022,1790353712,600000256,wind_sensor_link,15.0,0.0
1790353712934505554,1790353712,800000256,wind_sensor_link,15.0,0.0
1790353713127336740,1790353713,0,wind_sensor_link,15.0,0.0
1790353713334352327,1790353713,200000000,wind_sensor_link,15.0,0.0
1790353713527192217,1790353713,400000000,wind_sensor_link,15.0,0.0
1790353713734278470,1790353713,600000256,wind_sensor_link,15.0,0.0
1790353713927036916,1790353713,800000256,wind_sensor_link,15.0,0.0
1790353714134283204,1790353714,0,wind_sensor_link,15.0,0.0
1790353714326892485,1790353714,200000000,wind_sensor_link,15.0,0.0
1790353714533998738,1790353714,400000000,wind_sensor_link,15.0,0.0
1790353714727059143,1790353714,600000256,wind_sensor_link,15.0,0.0
1790353714933763808,1790353714,800000256,wind_sensor_link,15.0,0.0
1790353715126409515,1790353715,0,wind_sensor_link,15.0,0.0
1790353715333684710,1790353715,200000000,wind_sensor_link,15.0,0.0
1790353715526550970,1790353715,400000000,wind_sensor_link,15.0,0.0
1790353715733709333,1790353715,600000256,wind_sensor_link,15.0,0.0
1790353715926306133,1790353715,800000256,wind_sensor_link,15.0,0.0
1790353716133445626,1790353716,0,wind_sensor_link,15.0,0.0
1790353716326129610,1790353716,200000000,wind_sensor_link,15.0,0.0
1790353716533343436,1790353716,400000000,wind_sensor_link,15.0,0.0
1790353716726242455,1790353716,600000256,wind_sensor_link,15.0,0.0
1790353716933166339,1790353716,800000256,wind_sensor_link,15.0,0.0
1790353717125922470,1790353717,0,wind_sensor_link,15.0,0.0
1790353717332916354,1790353717,200000000,wind_sensor_link,15.0,0.0
1790353717525774540,1790353717,400000000,wind_sensor_link,15.0,0.0
1790353717732868293,1790353717,600000256,wind_sensor_link,15.0,0.0
1790353717925540907,1790353717,800000256,wind_sensor_link,15.0,0.0
1790353718132559364,1790353718,0,wind_sensor_link,15.0,0.0
1790353718325383736,1790353718,200000000,wind_sensor_link,15.0,0.0
1790353718532523562,1790353718,400000000,wind_sensor_link,15.0,0.0
1790353718725678688,1790353718,600000256,wind_sensor_link,15.1,0.0
1790353718932466778,1790353718,800000256,wind_sensor_link,15.1,0.0
1790353719125123948,1790353719,0,wind_sensor_link,15.1,0.0
1790353719332265256,1790353719,200000000,wind_sensor_link,15.1,0.0
1790353719524985628,1790353719,400000000,wind_sensor_link,15.1,0.0
1790353719731958161,1790353719,600000256,wind_sensor_link,15.1,0.0
1790353719924807532,1790353719,800000256,wind_sensor_link,15.1,0.0
1790353720131835396,1790353720,0,wind_sensor_link,15.1,0.0
1790353720324659990,1790353720,200000000,wind_sensor_link,15.1,0.0
1790353720531857279,1790353720,400000000,wind_sensor_link,15.1,0.0
1790353720724435801,1790353720,600000256,wind_sensor_link,15.1,0.0
1790353720931682941,1790353720,800000256,wind_sensor_link,15.1,0.0
1790353721124134298,1790353721,0,wind_sensor_link,15.1,0.0
1790353721331549066,1790353721,200000000,wind_sensor_link,15.1,0.0
1790353721523943146,1790353721,400000000,wind_sensor_link,15.1,0.0
1790353721731407506,1790353721,600000256,wind_sensor_link,15.1,0.0
1790353721923983880,1790353721,800000256,wind_sensor_link,15.1,0.0
1790353722131289612,1790353722,0,wind_sensor_link,15.1,0.0
1790353722323978281,1790353722,200000000,wind_sensor_link,15.1,0.0
1790353722531082589,1790353722,400000000,wind_sensor_link,15.1,0.0
1790353722724094829,1790353722,600000256,wind_sensor_link,15.1,0.0
1790353722930895011,1790353722,800000256,wind_sensor_link,15.1,0.0
1790353723123338498,1790353723,0,wind_sensor_link,15.1,0.0
1790353723330748895,1790353723,200000000,wind_sensor_link,15.1,0.0
1790353723523835504,1790353723,400000000,wind_sensor_link,15.1,0.0
1790353723730511281,1790353723,600000256,wind_sensor_link,15.1,0.0
1790353723923698647,1790353723,800000256,wind_sensor_link,15.1,0.0
1790353724130526533,1790353724,0,wind_sensor_link,15.1,0.0
1790353724323106537,1790353724,200000000,wind_sensor_link,15.1,0.0
1790353724530354714,1790353724,400000000,wind_sensor_link,15.1,0.0
1790353724723435990,1790353724,600000256,wind_sensor_link,15.1,0.0
1790353724930155136,1790353724,800000256,wind_sensor_link,15.1,0.0
1790353725122565438,1790353725,0,wind_sensor_link,15.1,0.0
1790353725330228610,1790353725,200000000,wind_sensor_link,15.1,0.0
1790353725522728374,1790353725,400000000,wind_sensor_link,15.1,0.0
1790353725729826460,1790353725,600000256,wind_sensor_link,15.1,0.0
1790353725922939550,1790353725,800000256,wind_sensor_link,15.1,0.0
1790353726129732400,1790353726,0,wind_sensor_link,15.1,0.0
1790353726322399680,1790353726,200000000,wind_sensor_link,15.1,0.0
1790353726529447378,1790353726,400000000,wind_sensor_link,15.1,0.0
1790353726722243046,1790353726,600000256,wind_sensor_link,15.1,0.0
1790353726929429816,1790353726,800000256,wind_sensor_link,15.1,0.0
1790353727121824767,1790353727,0,wind_sensor_link,15.1,0.0
1790353727329325348,1790353727,200000000,wind_sensor_link,15.1,0.0
1790353727522385976,1790353727,400000000,wind_sensor_link,15.1,0.0
1790353727729171807,1790353727,600000256,wind_sensor_link,15.1,0.0
1790353727922182990,1790353727,800000256,wind_sensor_link,15.1,0.0
1790353728128956877,1790353728,0,wind_sensor_link,15.1,0.0
1790353728321570640,1790353728,200000000,wind_sensor_link,15.1,0.0
1790353728528520579,1790353728,400000000,wind_sensor_link,15.1,0.0
1790353728721839982,1790353728,600000256,wind_sensor_link,15.1,0.0
1790353728928698274,1790353728,800000256,wind_sensor_link,15.1,0.0
1790353729121298111,1790353729,0,wind_sensor_link,15.1,0.0
1790353729328501807,1790353729,200000000,wind_sensor_link,15.1,0.0
1790353729521522658,1790353729,400000000,wind_sensor_link,15.1,0.0
1790353729728330470,1790353729,600000256,wind_sensor_link,15.1,0.0
1790353729921436134,1790353729,800000256,wind_sensor_link,15.1,0.0
1790353730128225409,1790353730,0,wind_sensor_link,15.1,0.0
1790353730320863597,1790353730,200000000,wind_sensor_link,15.2,0.0
1790353730528034442,1790353730,400000000,wind_sensor_link,15.2,0.0
1790353730735252990,1790353730,600000256,wind_sensor_link,15.2,0.0
1790353730927858456,1790353730,800000256,wind_sensor_link,15.2,0.0
1790353731134793044,1790353731,0,wind_sensor_link,15.2,0.0
1790353731326952720,1790353731,200000000,wind_sensor_link,15.2,0.0
1790353731534645392,1790353731,400000000,wind_sensor_link,15.2,0.0
1790353731726891677,1790353731,600000256,wind_sensor_link,15.2,0.0
1790353731934667329,1790353731,800000256,wind_sensor_link,15.2,0.0
1790353732126974929,1790353732,0,wind_sensor_link,15.2,0.0
1790353732334338605,1790353732,200000000,wind_sensor_link,15.2,0.0
1790353732527381029,1790353732,400000000,wind_sensor_link,15.2,0.0
1790353732734223840,1790353732,600000256,wind_sensor_link,15.2,0.0
1790353732927200006,1790353732,800000256,wind_sensor_link,15.2,0.0
1790353733134308018,1790353733,0,wind_sensor_link,15.2,0.0
1790353733326308548,1790353733,200000000,wind_sensor_link,15.2,0.0
1790353733533756704,1790353733,400000000,wind_sensor_link,15.2,0.0
1790353733726501113,1790353733,600000256,wind_sensor_link,15.2,0.0
1790353733933757734,1790353733,800000256,wind_sensor_link,15.2,0.0
1790353734125987316,1790353734,0,wind_sensor_link,15.2,0.0
1790353734333442398,1790353734,200000000,wind_sensor_link,15.2,0.0
1790353734525960384,1790353734,400000000,wind_sensor_link,15.2,0.0
1790353734733213376,1790353734,600000256,wind_sensor_link,15.2,0.0
1790353734925693733,1790353734,800000256,wind_sensor_link,15.2,0.0
1790353735133075612,1790353735,0,wind_sensor_link,15.2,0.0
1790353735326392107,1790353735,200000000,wind_sensor_link,15.2,0.0
1790353735533273270,1790353735,400000000,wind_sensor_link,15.2,0.0
1790353735726102734,1790353735,600000256,wind_sensor_link,15.2,0.0
1790353735933300115,1790353735,800000256,wind_sensor_link,15.2,0.0
1790353736126000099,1790353736,0,wind_sensor_link,15.2,0.0
1790353736333118907,1790353736,200000000,wind_sensor_link,15.2,0.0
1790353736525909242,1790353736,400000000,wind_sensor_link,15.2,0.0
1790353736732990365,1790353736,600000256,wind_sensor_link,15.2,0.0
1790353736925468444,1790353736,800000256,wind_sensor_link,15.2,0.0
1790353737132851268,1790353737,0,wind_sensor_link,15.2,0.0
1790353737325257589,1790353737,200000000,wind_sensor_link,15.2,0.0
1790353737532677893,1790353737,400000000,wind_sensor_link,15.2,0.0
1790353737725107399,1790353737,600000256,wind_sensor_link,15.2,0.0
1790353737932617665,1790353737,800000256,wind_sensor_link,15.2,0.0
1790353738125176484,1790353738,0,wind_sensor_link,15.2,0.0
1790353738332203701,1790353738,200000000,wind_sensor_link,15.2,0.0
1790353738524794149,1790353738,400000000,wind_sensor_link,15.2,0.0
1790353738732295527,1790353738,600000256,wind_sensor_link,15.2,0.0
1790353738924937863,1790353738,800000256,wind_sensor_link,15.2,0.0
1790353739132303446,1790353739,0,wind_sensor_link,15.2,0.0
1790353739324798432,1790353739,200000000,wind_sensor_link,15.2,0.0
1790353739531702947,1790353739,400000000,wind_sensor_link,15.2,0.0
1790353739724611058,1790353739,600000256,wind_sensor_link,15.2,0.0
1790353739931638089,1790353739,800000256,wind_sensor_link,15.2,0.0
1790353740124195186,1790353740,0,wind_sensor_link,15.2,0.0
1790353740331406234,1790353740,200000000,wind_sensor_link,15.2,0.0
1790353740524229494,1790353740,400000000,wind_sensor_link,15.2,0.0
1790353740731433320,1790353740,600000256,wind_sensor_link,15.2,0.0
1790353740924115915,1790353740,800000256,wind_sensor_link,15.2,0.0
1790353741131375851,1790353741,0,wind_sensor_link,15.2,0.0
1790353741323938577,1790353741,200000000,wind_sensor_link,15.2,0.0
1790353741531199347,1790353741,400000000,wind_sensor_link,15.2,0.0
1790353741723859035,1790353741,600000256,wind_sensor_link,15.2,0.0
1790353741930969473,1790353741,800000256,wind_sensor_link,15.2,0.0
1790353742123536847,1790353742,0,wind_sensor_link,15.2,0.0
1790353742330828264,1790353742,200000000,wind_sensor_link,15.2,0.0
1790353742523524100,1790353742,400000000,wind_sensor_link,15.2,0.0
1790353742730790703,1790353742,600000256,wind_sensor_link,15.2,0.0
1790353742923980014,1790353742,800000256,wind_sensor_link,15.2,0.0
1790353743130456978,1790353743,0,wind_sensor_link,15.2,0.0
1790353743323130536,1790353743,200000000,wind_sensor_link,15.2,0.0
1790353743530353325,1790353743,400000000,wind_sensor_link,15.2,0.0
1790353743722529593,1790353743,600000256,wind_sensor_link,15.2,0.0
1790353743930046600,1790353743,800000256,wind_sensor_link,15.2,0.0
1790353744122961470,1790353744,0,wind_sensor_link,15.2,0.0
1790353744329879558,1790353744,200000000,wind_sensor_link,15.2,0.0
1790353744522880113,1790353744,400000000,wind_sensor_link,15.2,0.0
1790353744729886589,1790353744,600000256,wind_sensor_link,15.2,0.0
1790353744922922939,1790353744,800000256,wind_sensor_link,15.2,0.0
1790353745129783010,1790353745,0,wind_sensor_link,15.2,0.0
1790353745322398161,1790353745,200000000,wind_sensor_link,15.2,0.0
1790353745529519340,1790353745,400000000,wind_sensor_link,15.2,0.0
1790353745722686596,1790353745,600000256,wind_sensor_link,15.2,0.0
1790353745929446205,1790353745,800000256,wind_sensor_link,15.2,0.0
1790353746122460277,1790353746,0,wind_sensor_link,15.2,0.0
1790353746329238108,1790353746,200000000,wind_sensor_link,15.2,0.0
1790353746522087775,1790353746,400000000,wind_sensor_link,15.2,0.0
1790353746729210343,1790353746,600000256,wind_sensor_link,15.2,0.0
1790353746921918512,1790353746,800000256,wind_sensor_link,15.2,0.0
1790353747129396612,1790353747,0,wind_sensor_link,15.2,0.0
1790353747321226643,1790353747,200000000,wind_sensor_link,15.2,0.0
1790353747528722336,1790353747,400000000,wind_sensor_link,15.2,0.0
1790353747721281747,1790353747,600000256,wind_sensor_link,15.2,0.0
1790353747928932956,1790353747,800000256,wind_sensor_link,15.2,0.0
1790353748121151057,1790353748,0,wind_sensor_link,15.2,0.0
1790353748328411901,1790353748,200000000,wind_sensor_link,15.2,0.0
1790353748521060052,1790353748,400000000,wind_sensor_link,15.2,0.0
1790353748728276507,1790353748,600000256,wind_sensor_link,15.2,0.0
1790353748920964047,1790353748,800000256,wind_sensor_link,15.2,0.0
1790353749128073040,1790353749,0,wind_sensor_link,15.2,0.0
1790353749320668470,1790353749,200000000,wind_sensor_link,15.2,0.0
1790353749527962535,1790353749,400000000,wind_sensor_link,15.2,0.0
1790353749720501058,1790353749,600000256,wind_sensor_link,15.2,0.0
1790353749927366276,1790353749,800000256,wind_sensor_link,15.2,0.0
1790353750135281649,1790353750,0,wind_sensor_link,15.2,0.0
1790353750327269623,1790353750,200000000,wind_sensor_link,15.2,0.0
1790353750534567373,1790353750,400000000,wind_sensor_link,15.2,0.0
1790353750726986805,1790353750,600000256,wind_sensor_link,15.2,0.0
1790353750934788309,1790353750,800000256,wind_sensor_link,15.2,0.0
1790353751127641328,1790353751,0,wind_sensor_link,15.2,0.0
1790353751334390511,1790353751,200000000,wind_sensor_link,15.2,0.0
1790353751526573372,1790353751,400000000,wind_sensor_link,15.2,0.0
1790353751734455207,1790353751,600000256,wind_sensor_link,15.2,0.0
1790353751927286560,1790353751,800000256,wind_sensor_link,15.2,0.0
1790353752134371424,1790353752,0,wind_sensor_link,15.2,0.0
1790353752326865855,1790353752,200000000,wind_sensor_link,15.2,0.0
1790353752534123013,1790353752,400000000,wind_sensor_link,15.2,0.0
1790353752726662110,1790353752,600000256,wind_sensor_link,15.2,0.0
1790353752934059471,1790353752,800000256,wind_sensor_link,15.2,0.0
1790353753126489587,1790353753,0,wind_sensor_link,15.2,0.0
1790353753333979336,1790353753,200000000,wind_sensor_link,15.2,0.0
1790353753526943483,1790353753,400000000,wind_sensor_link,15.2,0.0
1790353753733667703,1790353753,600000256,wind_sensor_link,15.2,0.0
1790353753926933236,1790353753,800000256,wind_sensor_link,15.2,0.0
1790353754133421237,1790353754,0,wind_sensor_link,15.2,0.0
1790353754325527728,1790353754,200000000,wind_sensor_link,15.2,0.0
1790353754533460489,1790353754,400000000,wind_sensor_link,15.2,0.0
1790353754725243244,1790353754,600000256,wind_sensor_link,15.2,0.0
1790353754932910730,1790353754,800000256,wind_sensor_link,15.2,0.0
1790353755125148220,1790353755,0,wind_sensor_link,15.2,0.0
1790353755333727140,1790353755,200000000,wind_sensor_link,15.2,0.0
1790353755525094066,1790353755,400000000,wind_sensor_link,15.2,0.0
1790353755732647535,1790353755,600000256,wind_sensor_link,15.2,0.0
1790353755924973616,1790353755,800000256,wind_sensor_link,15.2,0.0
1790353756132510157,1790353756,0,wind_sensor_link,15.2,0.0
1790353756325503301,1790353756,200000000,wind_sensor_link,15.2,0.0
1790353756532774105,1790353756,400000000,wind_sensor_link,15.2,0.0
1790353756725285274,1790353756,600000256,wind_sensor_link,15.2,0.0
1790353756932451839,1790353756,800000256,wind_sensor_link,15.2,0.0
1790353757124676159,1790353757,0,wind_sensor_link,15.2,0.0
1790353757332432124,1790353757,200000000,wind_sensor_link,15.2,0.0
1790353757525545692,1790353757,400000000,wind_sensor_link,15.2,0.0
1790353757732443465,1790353757,600000256,wind_sensor_link,15.2,0.0
1790353757925360480,1790353757,800000256,wind_sensor_link,15.2,0.0
1790353758132254586,1790353758,0,wind_sensor_link,15.2,0.0
1790353758325227692,1790353758,200000000,wind_sensor_link,15.2,0.0
1790353758531895264,1790353758,400000000,wind_sensor_link,15.2,0.0
1790353758724824761,1790353758,600000256,wind_sensor_link,15.2,0.0
1790353758931938475,1790353758,800000256,wind_sensor_link,15.2,0.0
1790353759124369070,1790353759,0,wind_sensor_link,15.2,0.0
1790353759331548246,1790353759,200000000,wind_sensor_link,15.2,0.0
1790353759524893237,1790353759,400000000,wind_sensor_link,15.2,0.0
1790353759731552291,1790353759,600000256,wind_sensor_link,15.2,0.0
1790353759924694636,1790353759,800000256,wind_sensor_link,15.2,0.0
1790353760131429392,1790353760,0,wind_sensor_link,15.2,0.0
1790353760323846414,1790353760,200000000,wind_sensor_link,15.2,0.0
1790353760531269902,1790353760,400000000,wind_sensor_link,15.2,0.0
1790353760723750793,1790353760,600000256,wind_sensor_link,15.2,0.0
1790353760931271538,1790353760,800000256,wind_sensor_link,15.2,0.0
1790353761124372347,1790353761,0,wind_sensor_link,15.2,0.0
1790353761331009438,1790353761,200000000,wind_sensor_link,15.2,0.0
1790353761524111191,1790353761,400000000,wind_sensor_link,15.2,0.0
1790353761731790435,1790353761,600000256,wind_sensor_link,15.2,0.0
1790353761923872813,1790353761,800000256,wind_sensor_link,15.2,0.0
1790353762130944083,1790353762,0,wind_sensor_link,15.2,0.0
1790353762323217125,1790353762,200000000,wind_sensor_link,15.2,0.0
1790353762530676427,1790353762,400000000,wind_sensor_link,15.2,0.0
1790353762723198355,1790353762,600000256,wind_sensor_link,15.2,0.0
1790353762930346365,1790353762,800000256,wind_sensor_link,15.2,0.0
1790353763123506636,1790353763,0,wind_sensor_link,15.2,0.0
1790353763330269392,1790353763,200000000,wind_sensor_link,15.2,0.0
1790353763523361404,1790353763,400000000,wind_sensor_link,15.2,0.0
1790353763730078031,1790353763,600000256,wind_sensor_link,15.2,0.0
1790353763922717568,1790353763,800000256,wind_sensor_link,15.2,0.0
1790353764130040205,1790353764,0,wind_sensor_link,15.2,0.0
1790353764322383450,1790353764,200000000,wind_sensor_link,15.2,0.0
1790353764530113156,1790353764,400000000,wind_sensor_link,15.2,0.0
1790353764722813915,1790353764,600000256,wind_sensor_link,15.2,0.0
1790353764930022554,1790353764,800000256,wind_sensor_link,15.2,0.0
1790353765122631128,1790353765,0,wind_sensor_link,15.2,0.0
1790353765329880211,1790353765,200000000,wind_sensor_link,15.2,0.0
1790353765522495267,1790353765,400000000,wind_sensor_link,15.2,0.0
1790353765729433206,1790353765,600000256,wind_sensor_link,15.2,0.0
1790353765921957855,1790353765,800000256,wind_sensor_link,15.2,0.0
1790353766129097625,1790353766,0,wind_sensor_link,15.2,0.0
1790353766322244155,1790353766,200000000,wind_sensor_link,15.3,0.0
1790353766528738989,1790353766,400000000,wind_sensor_link,15.3,0.0
1790353766722160293,1790353766,600000256,wind_sensor_link,15.3,0.0
1790353766928701311,1790353766,800000256,wind_sensor_link,15.3,0.0
1790353767121460550,1790353767,0,wind_sensor_link,15.3,0.0
1790353767328418044,1790353767,200000000,wind_sensor_link,15.3,0.0
1790353767520939991,1790353767,400000000,wind_sensor_link,15.3,0.0
1790353767728483254,1790353767,600000256,wind_sensor_link,15.3,0.0
1790353767921499509,1790353767,800000256,wind_sensor_link,15.3,0.0
1790353768128763202,1790353768,0,wind_sensor_link,15.3,0.0
1790353768321369147,1790353768,200000000,wind_sensor_link,15.3,0.0
1790353768528099719,1790353768,400000000,wind_sensor_link,15.3,0.0
1790353768721195583,1790353768,600000256,wind_sensor_link,15.3,0.0
1790353768928074856,1790353768,800000256,wind_sensor_link,15.3,0.0
1790353769135193737,1790353769,0,wind_sensor_link,15.3,0.0
1790353769328191584,1790353769,200000000,wind_sensor_link,15.3,0.0
1790353769535386797,1790353769,400000000,wind_sensor_link,15.3,0.0
1790353769727920946,1790353769,600000256,wind_sensor_link,15.3,0.0
1790353769934503001,1790353769,800000256,wind_sensor_link,15.3,0.0
1790353770127740327,1790353770,0,wind_sensor_link,15.3,0.0
1790353770334487971,1790353770,200000000,wind_sensor_link,15.3,0.0
1790353770527401709,1790353770,400000000,wind_sensor_link,15.3,0.0
1790353770734473368,1790353770,600000256,wind_sensor_link,15.3,0.0
1790353770927173441,1790353770,800000256,wind_sensor_link,15.3,0.0
1790353771134133343,1790353771,0,wind_sensor_link,15.3,0.0
1790353771327435186,1790353771,200000000,wind_sensor_link,15.3,0.0
1790353771534213664,1790353771,400000000,wind_sensor_link,15.3,0.0
1790353771727810299,1790353771,600000256,wind_sensor_link,15.3,0.0
1790353771934783811,1790353771,800000256,wind_sensor_link,15.3,0.0
1790353772127818454,1790353772,0,wind_sensor_link,15.3,0.0
1790353772333723999,1790353772,200000000,wind_sensor_link,15.3,0.0
1790353772526639718,1790353772,400000000,wind_sensor_link,15.3,0.0
1790353772733720507,1790353772,600000256,wind_sensor_link,15.3,0.0
1790353772926470487,1790353772,800000256,wind_sensor_link,15.3,0.0
1790353773134070380,1790353773,0,wind_sensor_link,15.3,0.0
1790353773326545697,1790353773,200000000,wind_sensor_link,15.3,0.0
1790353773533654633,1790353773,400000000,wind_sensor_link,15.3,0.0
1790353773726119043,1790353773,600000256,wind_sensor_link,15.3,0.0
1790353773933380700,1790353773,800000256,wind_sensor_link,15.3,0.0
1790353774125827813,1790353774,0,wind_sensor_link,15.3,0.0
1790353774332859529,1790353774,200000000,wind_sensor_link,15.3,0.0
1790353774525719656,1790353774,400000000,wind_sensor_link,15.3,0.0
1790353774732831351,1790353774,600000256,wind_sensor_link,15.3,0.0
1790353774925494388,1790353774,800000256,wind_sensor_link,15.3,0.0
1790353775132488030,1790353775,0,wind_sensor_link,15.3,0.0
1790353775325044920,1790353775,200000000,wind_sensor_link,15.3,0.0
1790353775532254318,1790353775,400000000,wind_sensor_link,15.3,0.0
1790353775725180222,1790353775,600000256,wind_sensor_link,15.3,0.0
1790353775932175085,1790353775,800000256,wind_sensor_link,15.3,0.0
1790353776125087656,1790353776,0,wind_sensor_link,15.3,0.0
1790353776332368794,1790353776,200000000,wind_sensor_link,15.3,0.0
1790353776524466060,1790353776,400000000,wind_sensor_link,15.3,0.0
1790353776731862326,1790353776,600000256,wind_sensor_link,15.3,0.0
1790353776924325532,1790353776,800000256,wind_sensor_link,15.3,0.0
1790353777131759076,1790353777,0,wind_sensor_link,15.3,0.0
1790353777324250763,1790353777,200000000,wind_sensor_link,15.3,0.0
1790353777531467309,1790353777,400000000,wind_sensor_link,15.4,0.0
1790353777724258603,1790353777,600000256,wind_sensor_link,15.4,0.0
1790353777931341429,1790353777,800000256,wind_sensor_link,15.4,0.0
1790353778124128594,1790353778,0,wind_sensor_link,15.4,0.0
1790353778331215068,1790353778,200000000,wind_sensor_link,15.4,0.0
1790353778523991566,1790353778,400000000,wind_sensor_link,15.4,0.0
1790353778730989985,1790353778,600000256,wind_sensor_link,15.4,0.0
1790353778923741336,1790353778,800000256,wind_sensor_link,15.4,0.0
1790353779130755607,1790353779,0,wind_sensor_link,15.4,0.0
1790353779323574864,1790353779,200000000,wind_sensor_link,15.4,0.0
1790353779530778762,1790353779,400000000,wind_sensor_link,15.4,0.0
1790353779723422169,1790353779,600000256,wind_sensor_link,15.4,0.0
1790353779930449403,1790353779,800000256,wind_sensor_link,15.4,0.0
1790353780123258642,1790353780,0,wind_sensor_link,15.4,0.0
1790353780330383893,1790353780,200000000,wind_sensor_link,15.4,0.0
1790353780523136947,1790353780,400000000,wind_sensor_link,15.4,0.0
1790353780730285383,1790353780,600000256,wind_sensor_link,15.4,0.0
1790353780923265101,1790353780,800000256,wind_sensor_link,15.4,0.0
1790353781130139040,1790353781,0,wind_sensor_link,15.4,0.0
1790353781322846299,1790353781,200000000,wind_sensor_link,15.4,0.0
1790353781529752164,1790353781,400000000,wind_sensor_link,15.4,0.0
1790353781722686512,1790353781,600000256,wind_sensor_link,15.4,0.0
1790353781929775189,1790353781,800000256,wind_sensor_link,15.4,0.0
1790353782122411467,1790353782,0,wind_sensor_link,15.4,0.0
1790353782329395368,1790353782,200000000,wind_sensor_link,15.4,0.0
1790353782522298143,1790353782,400000000,wind_sensor_link,15.4,0.0
1790353782729395116,1790353782,600000256,wind_sensor_link,15.4,0.0
1790353782922139004,1790353782,800000256,wind_sensor_link,15.4,0.0
1790353783129353976,1790353783,0,wind_sensor_link,15.4,0.0
1790353783322335360,1790353783,200000000,wind_sensor_link,15.4,0.0
1790353783529048969,1790353783,400000000,wind_sensor_link,15.5,0.0
1790353783721797060,1790353783,600000256,wind_sensor_link,15.5,0.0
1790353783929017865,1790353783,800000256,wind_sensor_link,15.5,0.0
1790353784122225117,1790353784,0,wind_sensor_link,15.5,0.0
1790353784328671396,1790353784,200000000,wind_sensor_link,15.5,0.0
1790353784521473412,1790353784,400000000,wind_sensor_link,15.5,0.0
1790353784728497887,1790353784,600000256,wind_sensor_link,15.5,0.0
1790353784921808878,1790353784,800000256,wind_sensor_link,15.5,0.0
1790353785128491468,1790353785,0,wind_sensor_link,15.5,0.0
1790353785321703738,1790353785,200000000,wind_sensor_link,15.5,0.0
1790353785528440902,1790353785,400000000,wind_sensor_link,15.5,0.0
1790353785721414990,1790353785,600000256,wind_sensor_link,15.5,0.0
1790353785928271115,1790353785,800000256,wind_sensor_link,15.5,0.0
1790353786121324054,1790353786,0,wind_sensor_link,15.5,0.0
1790353786327887702,1790353786,200000000,wind_sensor_link,15.5,0.0
1790353786521250822,1790353786,400000000,wind_sensor_link,15.5,0.0
1790353786727891931,1790353786,600000256,wind_sensor_link,15.5,0.0
1790353786920287157,1790353786,800000256,wind_sensor_link,15.5,0.0
1790353787127796014,1790353787,0,wind_sensor_link,15.5,0.0
1790353787334817673,1790353787,200000000,wind_sensor_link,15.5,0.0
1790353787527519969,1790353787,400000000,wind_sensor_link,15.5,0.0
1790353787734683720,1790353787,600000256,wind_sensor_link,15.5,0.0
1790353787927469533,1790353787,800000256,wind_sensor_link,15.5,0.0
1790353788134465396,1790353788,0,wind_sensor_link,15.5,0.0
1790353788327107822,1790353788,200000000,wind_sensor_link,15.5,0.0
1790353788534384479,1790353788,400000000,wind_sensor_link,15.5,0.0
1790353788727113459,1790353788,600000256,wind_sensor_link,15.5,0.0
1790353788934229618,1790353788,800000256,wind_sensor_link,15.5,0.0
1790353789126937450,1790353789,0,wind_sensor_link,15.5,0.0
1790353789334131015,1790353789,200000000,wind_sensor_link,15.5,0.0
1790353789526554278,1790353789,400000000,wind_sensor_link,15.5,0.0
1790353789733988321,1790353789,600000256,wind_sensor_link,15.5,0.0
1790353789926178364,1790353789,800000256,wind_sensor_link,15.5,0.0
1790353790133724369,1790353790,0,wind_sensor_link,15.5,0.0
1790353790326504459,1790353790,200000000,wind_sensor_link,15.6,0.0
1790353790533480212,1790353790,400000000,wind_sensor_link,15.6,0.0
1790353790726308080,1790353790,600000256,wind_sensor_link,15.6,0.0
1790353790933450146,1790353790,800000256,wind_sensor_link,15.6,0.0
1790353791126076165,1790353791,0,wind_sensor_link,15.6,0.0
1790353791333248526,1790353791,200000000,wind_sensor_link,15.6,0.0
1790353791525925748,1790353791,400000000,wind_sensor_link,15.6,0.0
1790353791733122869,1790353791,600000256,wind_sensor_link,15.6,0.0
1790353791925791368,1790353791,800000256,wind_sensor_link,15.6,0.0
1790353792132877990,1790353792,0,wind_sensor_link,15.6,0.0
1790353792325896133,1790353792,200000000,wind_sensor_link,15.6,0.0
1790353792532704518,1790353792,400000000,wind_sensor_link,15.6,0.0
1790353792725862641,1790353792,600000256,wind_sensor_link,15.6,0.0
1790353792932497806,1790353792,800000256,wind_sensor_link,15.6,0.0
1790353793125353340,1790353793,0,wind_sensor_link,15.6,0.0
1790353793332418574,1790353793,200000000,wind_sensor_link,15.6,0.0
1790353793525123240,1790353793,400000000,wind_sensor_link,15.6,0.0
1790353793732302045,1790353793,600000256,wind_sensor_link,15.6,0.0
1790353793924985267,1790353793,800000256,wind_sensor_link,15.6,0.0
1790353794132181925,1790353794,0,wind_sensor_link,15.6,0.0
1790353794324481355,1790353794,200000000,wind_sensor_link,15.6,0.0
1790353794531981361,1790353794,400000000,wind_sensor_link,15.6,0.0
1790353794724313383,1790353794,600000256,wind_sensor_link,15.6,0.0
1790353794931797722,1790353794,800000256,wind_sensor_link,15.6,0.0
1790353795124475777,1790353795,0,wind_sensor_link,15.6,0.0
1790353795331917487,1790353795,200000000,wind_sensor_link,15.6,0.0
1790353795524099882,1790353795,400000000,wind_sensor_link,15.6,0.0
1790353795731256762,1790353795,600000256,wind_sensor_link,15.6,0.0
1790353795924461033,1790353795,800000256,wind_sensor_link,15.6,0.0
1790353796131314639,1790353796,0,wind_sensor_link,15.6,0.0
1790353796323942825,1790353796,200000000,wind_sensor_link,15.6,0.0
1790353796531341535,1790353796,400000000,wind_sensor_link,15.6,0.0
1790353796723756871,1790353796,600000256,wind_sensor_link,15.6,0.0
1790353796930951936,1790353796,800000256,wind_sensor_link,15.6,0.0
1790353797123646750,1790353797,0,wind_sensor_link,15.6,0.0
1790353797331061442,1790353797,200000000,wind_sensor_link,15.6,0.0
1790353797523470630,1790353797,400000000,wind_sensor_link,15.6,0.0
1790353797730510049,1790353797,600000256,wind_sensor_link,15.6,0.0
1790353797923652543,1790353797,800000256,wind_sensor_link,15.6,0.0
1790353798130399299,1790353798,0,wind_sensor_link,15.6,0.0
1790353798323413016,1790353798,200000000,wind_sensor_link,15.6,0.0
1790353798530307548,1790353798,400000000,wind_sensor_link,15.6,0.0
1790353798722871419,1790353798,600000256,wind_sensor_link,15.6,0.0
1790353798930108762,1790353798,800000256,wind_sensor_link,15.6,0.0
1790353799122768224,1790353799,0,wind_sensor_link,15.6,0.0
1790353799329972548,1790353799,200000000,wind_sensor_link,15.6,0.0
1790353799522682362,1790353799,400000000,wind_sensor_link,15.6,0.0
1790353799729845020,1790353799,600000256,wind_sensor_link,15.6,0.0
1790353799922830516,1790353799,800000256,wind_sensor_link,15.6,0.0
1790353800129538958,1790353800,0,wind_sensor_link,15.6,0.0
1790353800322268123,1790353800,200000000,wind_sensor_link,15.6,0.0
1790353800529397208,1790353800,400000000,wind_sensor_link,15.6,0.0
1790353800722068318,1790353800,600000256,wind_sensor_link,15.6,0.0
1790353800929201680,1790353800,800000256,wind_sensor_link,15.6,0.0
1790353801121737200,1790353801,0,wind_sensor_link,15.6,0.0
1790353801329031153,1790353801,200000000,wind_sensor_link,15.6,0.0
1790353801521833929,1790353801,400000000,wind_sensor_link,15.6,0.0
1790353801729129196,1790353801,600000256,wind_sensor_link,15.6,0.0
1790353801921654401,1790353801,800000256,wind_sensor_link,15.6,0.0
1790353802128825800,1790353802,0,wind_sensor_link,15.6,0.0
1790353802321500466,1790353802,200000000,wind_sensor_link,15.6,0.0
1790353802528696438,1790353802,400000000,wind_sensor_link,15.6,0.0
1790353802721318402,1790353802,600000256,wind_sensor_link,15.6,0.0
1790353802928399431,1790353802,800000256,wind_sensor_link,15.6,0.0
1790353803121099375,1790353803,0,wind_sensor_link,15.6,0.0
1790353803328339198,1790353803,200000000,wind_sensor_link,15.6,0.0
1790353803520980939,1790353803,400000000,wind_sensor_link,15.6,0.0
1790353803728013117,1790353803,600000256,wind_sensor_link,15.6,0.0
1790353803921226758,1790353803,800000256,wind_sensor_link,15.6,0.0
1790353804128022217,1790353804,0,wind_sensor_link,15.6,0.0
1790353804320690143,1790353804,200000000,wind_sensor_link,15.6,0.0
1790353804528132315,1790353804,400000000,wind_sensor_link,15.6,0.0
1790353804720917425,1790353804,600000256,wind_sensor_link,15.6,0.0
1790353804927967177,1790353804,800000256,wind_sensor_link,15.6,0.0
1790353805134926671,1790353805,0,wind_sensor_link,15.6,0.0
1790353805327283323,1790353805,200000000,wind_sensor_link,15.6,0.0
1790353805534738625,1790353805,400000000,wind_sensor_link,15.6,0.0
1790353805727217387,1790353805,600000256,wind_sensor_link,15.6,0.0
1790353805934521987,1790353805,800000256,wind_sensor_link,15.6,0.0
1790353806127002008,1790353806,0,wind_sensor_link,15.6,0.0
1790353806334362052,1790353806,200000000,wind_sensor_link,15.6,0.0
1790353806526839295,1790353806,400000000,wind_sensor_link,15.6,0.0
1790353806734068674,1790353806,600000256,wind_sensor_link,15.6,0.0
1790353806926888672,1790353806,800000256,wind_sensor_link,15.6,0.0
1790353807134065015,1790353807,0,wind_sensor_link,15.6,0.0
1790353807326427815,1790353807,200000000,wind_sensor_link,15.6,0.0
1790353807533953931,1790353807,400000000,wind_sensor_link,15.6,0.0
1790353807726431248,1790353807,600000256,wind_sensor_link,15.6,0.0
1790353807933717053,1790353807,800000256,wind_sensor_link,15.6,0.0
1790353808126418274,1790353808,0,wind_sensor_link,15.6,0.0
1790353808333388731,1790353808,200000000,wind_sensor_link,15.6,0.0
1790353808526041620,1790353808,400000000,wind_sensor_link,15.6,0.0
1790353808733218018,1790353808,600000256,wind_sensor_link,15.6,0.0
1790353808926028886,1790353808,800000256,wind_sensor_link,15.6,0.0
1790353809133135064,1790353809,0,wind_sensor_link,15.6,0.0
1790353809325265052,1790353809,200000000,wind_sensor_link,15.6,0.0
1790353809533163515,1790353809,400000000,wind_sensor_link,15.6,0.0
1790353809725696239,1790353809,600000256,wind_sensor_link,15.6,0.0
1790353809932753991,1790353809,800000256,wind_sensor_link,15.6,0.0
1790353810125548229,1790353810,0,wind_sensor_link,15.6,0.0
1790353810332737794,1790353810,200000000,wind_sensor_link,15.6,0.0
1790353810525420775,1790353810,400000000,wind_sensor_link,15.6,0.0
1790353810732375455,1790353810,600000256,wind_sensor_link,15.6,0.0
1790353810925530800,1790353810,800000256,wind_sensor_link,15.6,0.0
1790353811132208483,1790353811,0,wind_sensor_link,15.6,0.0
1790353811325017406,1790353811,200000000,wind_sensor_link,15.6,0.0
1790353811532139269,1790353811,400000000,wind_sensor_link,15.6,0.0
1790353811724832157,1790353811,600000256,wind_sensor_link,15.6,0.0
1790353811932026037,1790353811,800000256,wind_sensor_link,15.6,0.0
1790353812124648074,1790353812,0,wind_sensor_link,15.6,0.0
1790353812331849472,1790353812,200000000,wind_sensor_link,15.6,0.0
1790353812524553416,1790353812,400000000,wind_sensor_link,15.6,0.0
1790353812731649704,1790353812,600000256,wind_sensor_link,15.6,0.0
1790353812924046837,1790353812,800000256,wind_sensor_link,15.6,0.0
1790353813131474640,1790353813,0,wind_sensor_link,15.6,0.0
1790353813323853977,1790353813,200000000,wind_sensor_link,15.6,0.0
1790353813531437240,1790353813,400000000,wind_sensor_link,15.6,0.0
1790353813723562951,1790353813,600000256,wind_sensor_link,15.6,0.0
1790353813930916588,1790353813,800000256,wind_sensor_link,15.6,0.0
1790353814123427367,1790353814,0,wind_sensor_link,15.6,0.0
1790353814330891503,1790353814,200000000,wind_sensor_link,15.6,0.0
1790353814523380412,1790353814,400000000,wind_sensor_link,15.6,0.0
1790353814730860492,1790353814,600000256,wind_sensor_link,15.6,0.0
1790353814923375605,1790353814,800000256,wind_sensor_link,15.6,0.0
1790353815130464634,1790353815,0,wind_sensor_link,15.6,0.0
1790353815323500795,1790353815,200000000,wind_sensor_link,15.6,0.0
1790353815530258551,1790353815,400000000,wind_sensor_link,15.6,0.0
1790353815723351157,1790353815,600000256,wind_sensor_link,15.6,0.0
1790353815930155393,1790353815,800000256,wind_sensor_link,15.6,0.0
1790353816123082149,1790353816,0,wind_sensor_link,15.6,0.0
1790353816329775072,1790353816,200000000,wind_sensor_link,15.6,0.0
1790353816522670477,1790353816,400000000,wind_sensor_link,15.6,0.0
1790353816729517472,1790353816,600000256,wind_sensor_link,15.6,0.0
1790353816922377117,1790353816,800000256,wind_sensor_link,15.6,0.0
1790353817129314908,1790353817,0,wind_sensor_link,15.6,0.0
1790353817322649880,1790353817,200000000,wind_sensor_link,15.6,0.0
1790353817529111122,1790353817,400000000,wind_sensor_link,15.6,0.0
1790353817722429316,1790353817,600000256,wind_sensor_link,15.6,0.0
1790353817929032111,1790353817,800000256,wind_sensor_link,15.6,0.0
1790353818122192364,1790353818,0,wind_sensor_link,15.6,0.0
1790353818329076896,1790353818,200000000,wind_sensor_link,15.6,0.0
1790353818521691618,1790353818,400000000,wind_sensor_link,15.6,0.0
1790353818728867350,1790353818,600000256,wind_sensor_link,15.6,0.0
1790353818922007955,1790353818,800000256,wind_sensor_link,15.6,0.0
1790353819128525658,1790353819,0,wind_sensor_link,15.6,0.0
1790353819321661467,1790353819,200000000,wind_sensor_link,15.6,0.0
1790353819528365001,1790353819,400000000,wind_sensor_link,15.6,0.0
1790353819721370682,1790353819,600000256,wind_sensor_link,15.6,0.0
1790353819928183085,1790353819,800000256,wind_sensor_link,15.6,0.0
1790353820121245579,1790353820,0,wind_sensor_link,15.6,0.0
1790353820328330498,1790353820,200000000,wind_sensor_link,15.6,0.0
1790353820520675576,1790353820,400000000,wind_sensor_link,15.6,0.0
1790353820727871548,1790353820,600000256,wind_sensor_link,15.6,0.0
1790353820920924783,1790353820,800000256,wind_sensor_link,15.6,0.0
1790353821127646114,1790353821,0,wind_sensor_link,15.6,0.0
1790353821334750365,1790353821,200000000,wind_sensor_link,15.6,0.0
1790353821527389939,1790353821,400000000,wind_sensor_link,15.6,0.0
1790353821734509431,1790353821,600000256,wind_sensor_link,15.6,0.0
1790353821927276596,1790353821,800000256,wind_sensor_link,15.6,0.0
1790353822134435347,1790353822,0,wind_sensor_link,15.6,0.0
1790353822327107698,1790353822,200000000,wind_sensor_link,15.6,0.0
1790353822534447706,1790353822,400000000,wind_sensor_link,15.6,0.0
1790353822726914967,1790353822,600000256,wind_sensor_link,15.6,0.0
1790353822934054570,1790353822,800000256,wind_sensor_link,15.6,0.0
1790353823126795810,1790353823,0,wind_sensor_link,15.6,0.0
1790353823333865487,1790353823,200000000,wind_sensor_link,15.6,0.0
1790353823526621171,1790353823,400000000,wind_sensor_link,15.6,0.0
1790353823733994400,1790353823,600000256,wind_sensor_link,15.6,0.0
1790353823926218073,1790353823,800000256,wind_sensor_link,15.6,0.0
1790353824133464785,1790353824,0,wind_sensor_link,15.6,0.0
1790353824326565742,1790353824,200000000,wind_sensor_link,15.6,0.0
1790353824533224221,1790353824,400000000,wind_sensor_link,15.6,0.0
1790353824726084441,1790353824,600000256,wind_sensor_link,15.6,0.0
1790353824933132248,1790353824,800000256,wind_sensor_link,15.6,0.0
1790353825125851136,1790353825,0,wind_sensor_link,15.6,0.0
1790353825332985721,1790353825,200000000,wind_sensor_link,15.6,0.0
1790353825525688794,1790353825,400000000,wind_sensor_link,15.6,0.0
1790353825732862174,1790353825,600000256,wind_sensor_link,15.6,0.0
1790353825925440582,1790353825,800000256,wind_sensor_link,15.6,0.0
1790353826132735238,1790353826,0,wind_sensor_link,15.6,0.0
1790353826325149279,1790353826,200000000,wind_sensor_link,15.6,0.0
1790353826532480749,1790353826,400000000,wind_sensor_link,15.6,0.0
1790353826725265340,1790353826,600000256,wind_sensor_link,15.6,0.0
1790353826932311666,1790353826,800000256,wind_sensor_link,15.6,0.0
1790353827124978999,1790353827,0,wind_sensor_link,15.6,0.0
1790353827332095750,1790353827,200000000,wind_sensor_link,15.6,0.0
1790353827524765861,1790353827,400000000,wind_sensor_link,15.6,0.0
1790353827731987222,1790353827,600000256,wind_sensor_link,15.6,0.0
1790353827924365985,1790353827,800000256,wind_sensor_link,15.6,0.0
1790353828131858823,1790353828,0,wind_sensor_link,15.6,0.0
1790353828324201698,1790353828,200000000,wind_sensor_link,15.6,0.0
1790353828531511372,1790353828,400000000,wind_sensor_link,15.6,0.0
1790353828724284537,1790353828,600000256,wind_sensor_link,15.6,0.0
1790353828931440955,1790353828,800000256,wind_sensor_link,15.6,0.0
1790353829124131491,1790353829,0,wind_sensor_link,15.6,0.0
1790353829331230835,1790353829,200000000,wind_sensor_link,15.6,0.0
1790353829523681115,1790353829,400000000,wind_sensor_link,15.6,0.0
1790353829731115659,1790353829,600000256,wind_sensor_link,15.6,0.0
1790353829923797510,1790353829,800000256,wind_sensor_link,15.6,0.0
1790353830130816318,1790353830,0,wind_sensor_link,15.6,0.0
1790353830323285783,1790353830,200000000,wind_sensor_link,15.6,0.0
1790353830530840436,1790353830,400000000,wind_sensor_link,15.6,0.0
1790353830723424567,1790353830,600000256,wind_sensor_link,15.6,0.0
1790353830930532670,1790353830,800000256,wind_sensor_link,15.6,0.0
1790353831123257743,1790353831,0,wind_sensor_link,15.6,0.0
1790353831330350105,1790353831,200000000,wind_sensor_link,15.6,0.0
1790353831523088493,1790353831,400000000,wind_sensor_link,15.6,0.0
1790353831730125412,1790353831,600000256,wind_sensor_link,15.6,0.0
1790353831923199202,1790353831,800000256,wind_sensor_link,15.6,0.0
1790353832129890941,1790353832,0,wind_sensor_link,15.6,0.0
1790353832323001712,1790353832,200000000,wind_sensor_link,15.6,0.0
1790353832529658488,1790353832,400000000,wind_sensor_link,15.6,0.0
1790353832722943313,1790353832,600000256,wind_sensor_link,15.6,0.0
1790353832929445591,1790353832,800000256,wind_sensor_link,15.6,0.0
1790353833122366587,1790353833,0,wind_sensor_link,15.6,0.0
1790353833329278452,1790353833,200000000,wind_sensor_link,15.6,0.0
1790353833522504982,1790353833,400000000,wind_sensor_link,15.6,0.0
1790353833729222294,1790353833,600000256,wind_sensor_link,15.6,0.0
1790353833922355694,1790353833,800000256,wind_sensor_link,15.6,0.0
1790353834129191375,1790353834,0,wind_sensor_link,15.6,0.0
1790353834321445066,1790353834,200000000,wind_sensor_link,15.6,0.0
1790353834529021422,1790353834,400000000,wind_sensor_link,15.6,0.0
1790353834721263353,1790353834,600000256,wind_sensor_link,15.6,0.0
1790353834928780062,1790353834,800000256,wind_sensor_link,15.6,0.0
1790353835121912463,1790353835,0,wind_sensor_link,15.6,0.0
1790353835328357760,1790353835,200000000,wind_sensor_link,15.6,0.0
1790353835521282812,1790353835,400000000,wind_sensor_link,15.6,0.0
1790353835728199177,1790353835,600000256,wind_sensor_link,15.6,0.0
1790353835920818233,1790353835,800000256,wind_sensor_link,15.6,0.0
1790353836128236054,1790353836,0,wind_sensor_link,15.6,0.0
1790353836320647150,1790353836,200000000,wind_sensor_link,15.6,0.0
1790353836528051045,1790353836,400000000,wind_sensor_link,15.6,0.0
1790353836720330180,1790353836,600000256,wind_sensor_link,15.6,0.0
1790353836927856407,1790353836,800000256,wind_sensor_link,15.6,0.0
1790353837120300150,1790353837,0,wind_sensor_link,15.6,0.0
1790353837327707601,1790353837,200000000,wind_sensor_link,15.6,0.0
1790353837520385934,1790353837,400000000,wind_sensor_link,15.6,0.0
1790353837727247892,1790353837,600000256,wind_sensor_link,15.6,0.0
1790353837934735491,1790353837,800000256,wind_sensor_link,15.6,0.0
1790353838127306343,1790353838,0,wind_sensor_link,15.5,0.0
1790353838334478575,1790353838,200000000,wind_sensor_link,15.5,0.0
1790353838527189074,1790353838,400000000,wind_sensor_link,15.5,0.0
1790353838734271789,1790353838,600000256,wind_sensor_link,15.5,0.0
1790353838927017177,1790353838,800000256,wind_sensor_link,15.5,0.0
1790353839134091910,1790353839,0,wind_sensor_link,15.5,0.0
1790353839326846501,1790353839,200000000,wind_sensor_link,15.5,0.0
1790353839533933660,1790353839,400000000,wind_sensor_link,15.5,0.0
1790353839726555160,1790353839,600000256,wind_sensor_link,15.5,0.0
1790353839933829224,1790353839,800000256,wind_sensor_link,15.5,0.0
1790353840126207413,1790353840,0,wind_sensor_link,15.5,0.0
1790353840333559642,1790353840,200000000,wind_sensor_link,15.5,0.0
1790353840526107310,1790353840,400000000,wind_sensor_link,15.5,0.0
1790353840733381522,1790353840,600000256,wind_sensor_link,15.5,0.0
1790353840926060115,1790353840,800000256,wind_sensor_link,15.5,0.0
1790353841133311308,1790353841,0,wind_sensor_link,15.5,0.0
1790353841325929772,1790353841,200000000,wind_sensor_link,15.5,0.0
1790353841533058134,1790353841,400000000,wind_sensor_link,15.5,0.0
1790353841725476674,1790353841,600000256,wind_sensor_link,15.5,0.0
1790353841932841107,1790353841,800000256,wind_sensor_link,15.5,0.0
1790353842125439811,1790353842,0,wind_sensor_link,15.5,0.0
1790353842332734171,1790353842,200000000,wind_sensor_link,15.5,0.0
1790353842525305024,1790353842,400000000,wind_sensor_link,15.5,0.0
1790353842732497015,1790353842,600000256,wind_sensor_link,15.5,0.0
1790353842925209681,1790353842,800000256,wind_sensor_link,15.5,0.0
1790353843132360617,1790353843,0,wind_sensor_link,15.5,0.0
1790353843325028320,1790353843,200000000,wind_sensor_link,15.5,0.0
1790353843532152330,1790353843,400000000,wind_sensor_link,15.5,0.0
1790353843724779164,1790353843,600000256,wind_sensor_link,15.5,0.0
1790353843931944488,1790353843,800000256,wind_sensor_link,15.5,0.0
1790353844124688117,1790353844,0,wind_sensor_link,15.5,0.0
1790353844331713703,1790353844,200000000,wind_sensor_link,15.5,0.0
1790353844524391295,1790353844,400000000,wind_sensor_link,15.5,0.0
1790353844731680229,1790353844,600000256,wind_sensor_link,15.5,0.0
1790353844924300655,1790353844,800000256,wind_sensor_link,15.5,0.0
1790353845131274297,1790353845,0,wind_sensor_link,15.5,0.0
1790353845324478604,1790353845,200000000,wind_sensor_link,15.5,0.0
1790353845531410858,1790353845,400000000,wind_sensor_link,15.5,0.0
1790353845723938415,1790353845,600000256,wind_sensor_link,15.5,0.0
1790353845931059203,1790353845,800000256,wind_sensor_link,15.5,0.0
1790353846123765721,1790353846,0,wind_sensor_link,15.5,0.0
1790353846330943027,1790353846,200000000,wind_sensor_link,15.5,0.0
1790353846523570212,1790353846,400000000,wind_sensor_link,15.5,0.0
1790353846730792425,1790353846,600000256,wind_sensor_link,15.5,0.0
1790353846923870586,1790353846,800000256,wind_sensor_link,15.5,0.0
1790353847130643138,1790353847,0,wind_sensor_link,15.5,0.0
1790353847323285601,1790353847,200000000,wind_sensor_link,15.5,0.0
1790353847530404426,1790353847,400000000,wind_sensor_link,15.5,0.0
1790353847723105722,1790353847,600000256,wind_sensor_link,15.5,0.0
1790353847930198955,1790353847,800000256,wind_sensor_link,15.5,0.0
1790353848122883306,1790353848,0,wind_sensor_link,15.5,0.0
1790353848329861948,1790353848,200000000,wind_sensor_link,15.5,0.0
1790353848522668668,1790353848,400000000,wind_sensor_link,15.5,0.0
1790353848729888436,1790353848,600000256,wind_sensor_link,15.5,0.0
1790353848922498289,1790353848,800000256,wind_sensor_link,15.5,0.0
1790353849129742779,1790353849,0,wind_sensor_link,15.5,0.0
1790353849322180208,1790353849,200000000,wind_sensor_link,15.5,0.0
1790353849529555048,1790353849,400000000,wind_sensor_link,15.5,0.0
1790353849722209196,1790353849,600000256,wind_sensor_link,15.5,0.0
1790353849929672331,1790353849,800000256,wind_sensor_link,15.5,0.0
1790353850122050539,1790353850,0,wind_sensor_link,15.5,0.0
1790353850328968922,1790353850,200000000,wind_sensor_link,15.5,0.0
1790353850521863697,1790353850,400000000,wind_sensor_link,15.5,0.0
1790353850729114613,1790353850,600000256,wind_sensor_link,15.5,0.0
1790353850922062109,1790353850,800000256,wind_sensor_link,15.5,0.0
1790353851128859901,1790353851,0,wind_sensor_link,15.5,0.0
1790353851321419032,1790353851,200000000,wind_sensor_link,15.5,0.0
1790353851528653670,1790353851,400000000,wind_sensor_link,15.5,0.0
1790353851721308837,1790353851,600000256,wind_sensor_link,15.5,0.0
1790353851928478291,1790353851,800000256,wind_sensor_link,15.5,0.0
1790353852121568674,1790353852,0,wind_sensor_link,15.5,0.0
1790353852328267375,1790353852,200000000,wind_sensor_link,15.5,0.0
1790353852521411609,1790353852,400000000,wind_sensor_link,15.5,0.0
1790353852727895647,1790353852,600000256,wind_sensor_link,15.5,0.0
1790353852920441537,1790353852,800000256,wind_sensor_link,15.5,0.0
1790353853127800359,1790353853,0,wind_sensor_link,15.5,0.0
1790353853320646097,1790353853,200000000,wind_sensor_link,15.5,0.0
1790353853527830532,1790353853,400000000,wind_sensor_link,15.5,0.0
1790353853720966544,1790353853,600000256,wind_sensor_link,15.5,0.0
1790353853927557673,1790353853,800000256,wind_sensor_link,15.5,0.0
1790353854120662185,1790353854,0,wind_sensor_link,15.5,0.0
1790353854327677345,1790353854,200000000,wind_sensor_link,15.5,0.0
1790353854534555692,1790353854,400000000,wind_sensor_link,15.5,0.0
1790353854727171915,1790353854,600000256,wind_sensor_link,15.5,0.0
1790353854934372887,1790353854,800000256,wind_sensor_link,15.5,0.0
1790353855127062979,1790353855,0,wind_sensor_link,15.5,0.0
1790353855334158342,1790353855,200000000,wind_sensor_link,15.5,0.0
1790353855526876267,1790353855,400000000,wind_sensor_link,15.5,0.0
1790353855733958666,1790353855,600000256,wind_sensor_link,15.5,0.0
1790353855926669628,1790353855,800000256,wind_sensor_link,15.5,0.0
1790353856133790750,1790353856,0,wind_sensor_link,15.5,0.0
1790353856326421732,1790353856,200000000,wind_sensor_link,15.5,0.0
1790353856533667444,1790353856,400000000,wind_sensor_link,15.5,0.0
1790353856726321592,1790353856,600000256,wind_sensor_link,15.5,0.0
1790353856933485417,1790353856,800000256,wind_sensor_link,15.5,0.0
1790353857126146602,1790353857,0,wind_sensor_link,15.5,0.0
1790353857333346685,1790353857,200000000,wind_sensor_link,15.5,0.0
1790353857526005389,1790353857,400000000,wind_sensor_link,15.5,0.0
1790353857732989567,1790353857,600000256,wind_sensor_link,15.5,0.0
1790353857925830065,1790353857,800000256,wind_sensor_link,15.5,0.0
1790353858132863206,1790353858,0,wind_sensor_link,15.5,0.0
1790353858325681278,1790353858,200000000,wind_sensor_link,15.5,0.0
1790353858532666364,1790353858,400000000,wind_sensor_link,15.5,0.0
1790353858725488288,1790353858,600000256,wind_sensor_link,15.5,0.0
1790353858932539484,1790353858,800000256,wind_sensor_link,15.5,0.0
1790353859125261131,1790353859,0,wind_sensor_link,15.5,0.0
1790353859332255069,1790353859,200000000,wind_sensor_link,15.5,0.0
1790353859525090104,1790353859,400000000,wind_sensor_link,15.5,0.0
1790353859732264724,1790353859,600000256,wind_sensor_link,15.5,0.0
1790353859925307053,1790353859,800000256,wind_sensor_link,15.5,0.0
1790353860131896496,1790353860,0,wind_sensor_link,15.5,0.0
1790353860324453812,1790353860,200000000,wind_sensor_link,15.5,0.0
1790353860531883596,1790353860,400000000,wind_sensor_link,15.6,0.0
1790353860724277359,1790353860,600000256,wind_sensor_link,15.6,0.0
1790353860931795789,1790353860,800000256,wind_sensor_link,15.6,0.0
1790353861124124535,1790353861,0,wind_sensor_link,15.6,0.0
1790353861331655225,1790353861,200000000,wind_sensor_link,15.6,0.0
1790353861524165245,1790353861,400000000,wind_sensor_link,15.6,0.0
1790353861731388161,1790353861,600000256,wind_sensor_link,15.6,0.0
1790353861924409990,1790353861,800000256,wind_sensor_link,15.6,0.0
1790353862131218763,1790353862,0,wind_sensor_link,15.6,0.0
1790353862324178519,1790353862,200000000,wind_sensor_link,15.6,0.0
1790353862530838387,1790353862,400000000,wind_sensor_link,15.6,0.0
1790353862723742606,1790353862,600000256,wind_sensor_link,15.6,0.0
1790353862930887227,1790353862,800000256,wind_sensor_link,15.6,0.0
1790353863123371229,1790353863,0,wind_sensor_link,15.6,0.0
1790353863330456184,1790353863,200000000,wind_sensor_link,15.6,0.0
1790353863523276812,1790353863,400000000,wind_sensor_link,15.6,0.0
1790353863730318953,1790353863,600000256,wind_sensor_link,15.6,0.0
1790353863923107043,1790353863,800000256,wind_sensor_link,15.6,0.0
1790353864130137907,1790353864,0,wind_sensor_link,15.6,0.0
1790353864323088014,1790353864,200000000,wind_sensor_link,15.6,0.0
1790353864530083674,1790353864,400000000,wind_sensor_link,15.6,0.0
1790353864722635305,1790353864,600000256,wind_sensor_link,15.6,0.0
1790353864930001812,1790353864,800000256,wind_sensor_link,15.6,0.0
1790353865122506499,1790353865,0,wind_sensor_link,15.6,0.0
1790353865329813822,1790353865,200000000,wind_sensor_link,15.6,0.0
1790353865522378286,1790353865,400000000,wind_sensor_link,15.6,0.0
1790353865729574814,1790353865,600000256,wind_sensor_link,15.6,0.0
1790353865922681400,1790353865,800000256,wind_sensor_link,15.6,0.0
1790353866129341176,1790353866,0,wind_sensor_link,15.6,0.0
1790353866321696735,1790353866,200000000,wind_sensor_link,15.6,0.0
1790353866529106760,1790353866,400000000,wind_sensor_link,15.6,0.0
1790353866721795704,1790353866,600000256,wind_sensor_link,15.6,0.0
1790353866929017195,1790353866,800000256,wind_sensor_link,15.6,0.0
1790353867121570715,1790353867,0,wind_sensor_link,15.6,0.0
1790353867328646911,1790353867,200000000,wind_sensor_link,15.6,0.0
1790353867521821163,1790353867,400000000,wind_sensor_link,15.6,0.0
1790353867728384107,1790353867,600000256,wind_sensor_link,15.6,0.0
1790353867920959311,1790353867,800000256,wind_sensor_link,15.6,0.0
1790353868128218209,1790353868,0,wind_sensor_link,15.6,0.0
1790353868321089280,1790353868,200000000,wind_sensor_link,15.6,0.0
1790353868527992311,1790353868,400000000,wind_sensor_link,15.6,0.0
1790353868720897067,1790353868,600000256,wind_sensor_link,15.6,0.0
1790353868928012337,1790353868,800000256,wind_sensor_link,15.6,0.0
1790353869121036776,1790353869,0,wind_sensor_link,15.6,0.0
1790353869327852532,1790353869,200000000,wind_sensor_link,15.6,0.0
1790353869520874341,1790353869,400000000,wind_sensor_link,15.6,0.0
1790353869727317824,1790353869,600000256,wind_sensor_link,15.6,0.0
1790353869920369892,1790353869,800000256,wind_sensor_link,15.6,0.0
1790353870127457922,1790353870,0,wind_sensor_link,15.6,0.0
1790353870334690116,1790353870,200000000,wind_sensor_link,15.6,0.0
1790353870527300987,1790353870,400000000,wind_sensor_link,15.6,0.0
1790353870734431534,1790353870,600000256,wind_sensor_link,15.6,0.0
1790353870927020961,1790353870,800000256,wind_sensor_link,15.6,0.0
1790353871134298154,1790353871,0,wind_sensor_link,15.6,0.0
1790353871326926821,1790353871,200000000,wind_sensor_link,15.6,0.0
1790353871533979036,1790353871,400000000,wind_sensor_link,15.6,0.0
1790353871726805404,1790353871,600000256,wind_sensor_link,15.6,0.0
1790353871933795379,1790353871,800000256,wind_sensor_link,15.6,0.0
1790353872126512730,1790353872,0,wind_sensor_link,15.6,0.0
1790353872333670777,1790353872,200000000,wind_sensor_link,15.6,0.0
1790353872526329054,1790353872,400000000,wind_sensor_link,15.6,0.0
1790353872733356844,1790353872,600000256,wind_sensor_link,15.6,0.0
1790353872926105028,1790353872,800000256,wind_sensor_link,15.6,0.0
1790353873133232242,1790353873,0,wind_sensor_link,15.6,0.0
1790353873326028203,1790353873,200000000,wind_sensor_link,15.6,0.0
1790353873532997622,1790353873,400000000,wind_sensor_link,15.6,0.0
1790353873725784176,1790353873,600000256,wind_sensor_link,15.6,0.0
1790353873932785410,1790353873,800000256,wind_sensor_link,15.6,0.0
1790353874125653667,1790353874,0,wind_sensor_link,15.6,0.0
1790353874332690400,1790353874,200000000,wind_sensor_link,15.6,0.0
1790353874525363955,1790353874,400000000,wind_sensor_link,15.6,0.0
1790353874732681389,1790353874,600000256,wind_sensor_link,15.6,0.0
1790353874924910876,1790353874,800000256,wind_sensor_link,15.6,0.0
1790353875132448566,1790353875,0,wind_sensor_link,15.6,0.0
1790353875324762422,1790353875,200000000,wind_sensor_link,15.6,0.0
1790353875532044727,1790353875,400000000,wind_sensor_link,15.6,0.0
1790353875724547451,1790353875,600000256,wind_sensor_link,15.6,0.0
1790353875931794256,1790353875,800000256,wind_sensor_link,15.6,0.0
1790353876124668697,1790353876,0,wind_sensor_link,15.6,0.0
1790353876331802171,1790353876,200000000,wind_sensor_link,15.6,0.0
1790353876524343616,1790353876,400000000,wind_sensor_link,15.6,0.0
1790353876731699253,1790353876,600000256,wind_sensor_link,15.6,0.0
1790353876924167608,1790353876,800000256,wind_sensor_link,15.6,0.0
1790353877131451690,1790353877,0,wind_sensor_link,15.6,0.0
1790353877324120338,1790353877,200000000,wind_sensor_link,15.6,0.0
1790353877531192626,1790353877,400000000,wind_sensor_link,15.6,0.0
1790353877723828386,1790353877,600000256,wind_sensor_link,15.6,0.0
1790353877930823065,1790353877,800000256,wind_sensor_link,15.6,0.0
1790353878123675580,1790353878,0,wind_sensor_link,15.6,0.0
1790353878330639926,1790353878,200000000,wind_sensor_link,15.6,0.0
1790353878523459868,1790353878,400000000,wind_sensor_link,15.6,0.0
1790353878730460991,1790353878,600000256,wind_sensor_link,15.6,0.0
1790353878923561059,1790353878,800000256,wind_sensor_link,15.6,0.0
1790353879130358407,1790353879,0,wind_sensor_link,15.6,0.0
1790353879323408883,1790353879,200000000,wind_sensor_link,15.6,0.0
1790353879530077770,1790353879,400000000,wind_sensor_link,15.6,0.0
1790353879723210153,1790353879,600000256,wind_sensor_link,15.6,0.0
1790353879929846873,1790353879,800000256,wind_sensor_link,15.6,0.0
1790353880122691056,1790353880,0,wind_sensor_link,15.6,0.0
1790353880329763752,1790353880,200000000,wind_sensor_link,15.6,0.0
1790353880522419326,1790353880,400000000,wind_sensor_link,15.6,0.0
1790353880729760704,1790353880,600000256,wind_sensor_link,15.6,0.0
1790353880922553702,1790353880,800000256,wind_sensor_link,15.6,0.0
1790353881129460289,1790353881,0,wind_sensor_link,15.6,0.0
1790353881322197751,1790353881,200000000,wind_sensor_link,15.6,0.0
1790353881529239373,1790353881,400000000,wind_sensor_link,15.6,0.0
1790353881721944243,1790353881,600000256,wind_sensor_link,15.6,0.0
1790353881929115734,1790353881,800000256,wind_sensor_link,15.6,0.0
1790353882121665032,1790353882,0,wind_sensor_link,15.6,0.0
1790353882329191018,1790353882,200000000,wind_sensor_link,15.6,0.0
1790353882521898462,1790353882,400000000,wind_sensor_link,15.6,0.0
1790353882729027379,1790353882,600000256,wind_sensor_link,15.6,0.0
1790353882921707657,1790353882,800000256,wind_sensor_link,15.6,0.0
1790353883128758835,1790353883,0,wind_sensor_link,15.6,0.0
1790353883321515111,1790353883,200000000,wind_sensor_link,15.5,0.0
1790353883528256737,1790353883,400000000,wind_sensor_link,15.5,0.0
1790353883720953015,1790353883,600000256,wind_sensor_link,15.5,0.0
1790353883927816065,1790353883,800000256,wind_sensor_link,15.5,0.0
1790353884120637433,1790353884,0,wind_sensor_link,15.5,0.0
1790353884327877201,1790353884,200000000,wind_sensor_link,15.5,0.0
1790353884520880808,1790353884,400000000,wind_sensor_link,15.5,0.0
1790353884727757340,1790353884,600000256,wind_sensor_link,15.5,0.0
1790353884920796742,1790353884,800000256,wind_sensor_link,15.5,0.0
1790353885127494925,1790353885,0,wind_sensor_link,15.5,0.0
1790353885320643603,1790353885,200000000,wind_sensor_link,15.5,0.0
1790353885527445044,1790353885,400000000,wind_sensor_link,15.5,0.0
1790353885734450778,1790353885,600000256,wind_sensor_link,15.5,0.0
1790353885927071223,1790353885,800000256,wind_sensor_link,15.5,0.0
1790353886134209659,1790353886,0,wind_sensor_link,15.5,0.0
1790353886327011583,1790353886,200000000,wind_sensor_link,15.5,0.0
1790353886534272350,1790353886,400000000,wind_sensor_link,15.5,0.0
1790353886726835611,1790353886,600000256,wind_sensor_link,15.5,0.0
1790353886933843919,1790353886,800000256,wind_sensor_link,15.5,0.0
1790353887126403957,1790353887,0,wind_sensor_link,15.5,0.0
1790353887333741187,1790353887,200000000,wind_sensor_link,15.5,0.0
1790353887526397687,1790353887,400000000,wind_sensor_link,15.5,0.0
1790353887733682510,1790353887,600000256,wind_sensor_link,15.5,0.0
1790353887925997033,1790353887,800000256,wind_sensor_link,15.5,0.0
1790353888133412002,1790353888,0,wind_sensor_link,15.5,0.0
1790353888326078817,1790353888,200000000,wind_sensor_link,15.6,0.0
1790353888533398583,1790353888,400000000,wind_sensor_link,15.6,0.0
1790353888725895919,1790353888,600000256,wind_sensor_link,15.6,0.0
1790353888932864283,1790353888,800000256,wind_sensor_link,15.6,0.0
1790353889125691873,1790353889,0,wind_sensor_link,15.6,0.0
1790353889332780088,1790353889,200000000,wind_sensor_link,15.6,0.0
1790353889525403607,1790353889,400000000,wind_sensor_link,15.6,0.0
1790353889732685393,1790353889,600000256,wind_sensor_link,15.6,0.0
1790353889924922305,1790353889,800000256,wind_sensor_link,15.6,0.0
1790353890132377793,1790353890,0,wind_sensor_link,15.6,0.0
1790353890325066755,1790353890,200000000,wind_sensor_link,15.6,0.0
1790353890532183784,1790353890,400000000,wind_sensor_link,15.6,0.0
1790353890724861969,1790353890,600000256,wind_sensor_link,15.6,0.0
1790353890931995275,1790353890,800000256,wind_sensor_link,15.6,0.0
1790353891124752237,1790353891,0,wind_sensor_link,15.6,0.0
1790353891331811618,1790353891,200000000,wind_sensor_link,15.6,0.0
1790353891524485692,1790353891,400000000,wind_sensor_link,15.6,0.0
1790353891731696072,1790353891,600000256,wind_sensor_link,15.6,0.0
1790353891924213139,1790353891,800000256,wind_sensor_link,15.6,0.0
1790353892131312834,1790353892,0,wind_sensor_link,15.6,0.0
1790353892324092484,1790353892,200000000,wind_sensor_link,15.5,0.0
1790353892531056182,1790353892,400000000,wind_sensor_link,15.5,0.0
1790353892724059347,1790353892,600000256,wind_sensor_link,15.5,0.0
1790353892931013378,1790353892,800000256,wind_sensor_link,15.5,0.0
1790353893123414514,1790353893,0,wind_sensor_link,15.5,0.0
1790353893330684411,1790353893,200000000,wind_sensor_link,15.5,0.0
1790353893523245823,1790353893,400000000,wind_sensor_link,15.5,0.0
1790353893730490184,1790353893,600000256,wind_sensor_link,15.5,0.0
1790353893923024707,1790353893,800000256,wind_sensor_link,15.5,0.0
1790353894130308197,1790353894,0,wind_sensor_link,15.5,0.0
1790353894323105087,1790353894,200000000,wind_sensor_link,15.5,0.0
1790353894530109173,1790353894,400000000,wind_sensor_link,15.5,0.0
1790353894722936822,1790353894,600000256,wind_sensor_link,15.5,0.0
1790353894930077017,1790353894,800000256,wind_sensor_link,15.5,0.0
1790353895122833611,1790353895,0,wind_sensor_link,15.5,0.0
1790353895329842457,1790353895,200000000,wind_sensor_link,15.5,0.0
1790353895522485738,1790353895,400000000,wind_sensor_link,15.5,0.0
1790353895729805690,1790353895,600000256,wind_sensor_link,15.5,0.0
1790353895922279695,1790353895,800000256,wind_sensor_link,15.5,0.0
1790353896129319521,1790353896,0,wind_sensor_link,15.5,0.0
1790353896322168300,1790353896,200000000,wind_sensor_link,15.5,0.0
1790353896529313921,1790353896,400000000,wind_sensor_link,15.5,0.0
1790353896721976091,1790353896,600000256,wind_sensor_link,15.5,0.0
1790353896928925770,1790353896,800000256,wind_sensor_link,15.5,0.0
1790353897121928028,1790353897,0,wind_sensor_link,15.5,0.0
1790353897328734950,1790353897,200000000,wind_sensor_link,15.5,0.0
1790353897522020963,1790353897,400000000,wind_sensor_link,15.5,0.0
1790353897728780237,1790353897,600000256,wind_sensor_link,15.5,0.0
1790353897921352390,1790353897,800000256,wind_sensor_link,15.5,0.0
1790353898128374179,1790353898,0,wind_sensor_link,15.5,0.0
1790353898320925183,1790353898,200000000,wind_sensor_link,15.5,0.0
1790353898528173674,1790353898,400000000,wind_sensor_link,15.5,0.0
1790353898721111951,1790353898,600000256,wind_sensor_link,15.5,0.0
1790353898928404978,1790353898,800000256,wind_sensor_link,15.5,0.0
1790353899120967260,1790353899,0,wind_sensor_link,15.5,0.0
1790353899327930902,1790353899,200000000,wind_sensor_link,15.5,0.0
1790353899520961437,1790353899,400000000,wind_sensor_link,15.5,0.0
1790353899727857580,1790353899,600000256,wind_sensor_link,15.5,0.0
1790353899920121940,1790353899,800000256,wind_sensor_link,15.5,0.0
1790353900127574557,1790353900,0,wind_sensor_link,15.5,0.0
1790353900320252875,1790353900,200000000,wind_sensor_link,15.5,0.0
1790353900527437384,1790353900,400000000,wind_sensor_link,15.5,0.0
1790353900719773151,1790353900,600000256,wind_sensor_link,15.5,0.0
1790353900927184065,1790353900,800000256,wind_sensor_link,15.5,0.0
1790353901134425296,1790353901,0,wind_sensor_link,15.5,0.0
1790353901327040022,1790353901,200000000,wind_sensor_link,15.5,0.0
1790353901534067478,1790353901,400000000,wind_sensor_link,15.5,0.0
1790353901726909960,1790353901,600000256,wind_sensor_link,15.5,0.0
1790353901933943027,1790353901,800000256,wind_sensor_link,15.5,0.0
1790353902126565586,1790353902,0,wind_sensor_link,15.5,0.0
1790353902333692615,1790353902,200000000,wind_sensor_link,15.5,0.0
1790353902526702928,1790353902,400000000,wind_sensor_link,15.5,0.0
1790353902733406111,1790353902,600000256,wind_sensor_link,15.5,0.0
1790353902926147001,1790353902,800000256,wind_sensor_link,15.5,0.0
1790353903133256864,1790353903,0,wind_sensor_link,15.5,0.0
1790353903325894812,1790353903,200000000,wind_sensor_link,15.5,0.0
1790353903533167968,1790353903,400000000,wind_sensor_link,15.5,0.0
1790353903725763028,1790353903,600000256,wind_sensor_link,15.5,0.0
1790353903932763188,1790353903,800000256,wind_sensor_link,15.5,0.0
1790353904125616799,1790353904,0,wind_sensor_link,15.5,0.0
1790353904332711958,1790353904,200000000,wind_sensor_link,15.5,0.0
1790353904525119816,1790353904,400000000,wind_sensor_link,15.5,0.0
1790353904732639951,1790353904,600000256,wind_sensor_link,15.5,0.0
1790353904924921644,1790353904,800000256,wind_sensor_link,15.5,0.0
1790353905132353743,1790353905,0,wind_sensor_link,15.5,0.0
1790353905324767527,1790353905,200000000,wind_sensor_link,15.5,0.0
1790353905532120757,1790353905,400000000,wind_sensor_link,15.5,0.0
1790353905724641650,1790353905,600000256,wind_sensor_link,15.5,0.0
1790353905931769790,1790353905,800000256,wind_sensor_link,15.5,0.0
1790353906124547403,1790353906,0,wind_sensor_link,15.5,0.0
1790353906331617155,1790353906,200000000,wind_sensor_link,15.5,0.0
1790353906524323935,1790353906,400000000,wind_sensor_link,15.5,0.0
1790353906731486334,1790353906,600000256,wind_sensor_link,15.5,0.0
1790353906924417018,1790353906,800000256,wind_sensor_link,15.5,0.0
1790353907131168200,1790353907,0,wind_sensor_link,15.5,0.0
1790353907323953220,1790353907,200000000,wind_sensor_link,15.5,0.0
1790353907531126304,1790353907,400000000,wind_sensor_link,15.5,0.0
1790353907723802807,1790353907,600000256,wind_sensor_link,15.5,0.0
1790353907930871633,1790353907,800000256,wind_sensor_link,15.5,0.0
1790353908123480747,1790353908,0,wind_sensor_link,15.5,0.0
1790353908330432593,1790353908,200000000,wind_sensor_link,15.5,0.0
1790353908523277983,1790353908,400000000,wind_sensor_link,15.5,0.0
1790353908730312328,1790353908,600000256,wind_sensor_link,15.5,0.0
1790353908923441640,1790353908,800000256,wind_sensor_link,15.5,0.0
1790353909130120192,1790353909,0,wind_sensor_link,15.5,0.0
1790353909322924582,1790353909,200000000,wind_sensor_link,15.5,0.0
1790353909530040445,1790353909,400000000,wind_sensor_link,15.5,0.0
1790353909722760817,1790353909,600000256,wind_sensor_link,15.5,0.0
1790353909929880309,1790353909,800000256,wind_sensor_link,15.5,0.0
1790353910122247038,1790353910,0,wind_sensor_link,15.5,0.0
1790353910329510102,1790353910,200000000,wind_sensor_link,15.5,0.0
1790353910522309381,1790353910,400000000,wind_sensor_link,15.5,0.0
1790353910729571038,1790353910,600000256,wind_sensor_link,15.5,0.0
1790353910922144598,1790353910,800000256,wind_sensor_link,15.5,0.0
1790353911129218368,1790353911,0,wind_sensor_link,15.5,0.0
1790353911321935481,1790353911,200000000,wind_sensor_link,15.5,0.0
1790353911529039103,1790353911,400000000,wind_sensor_link,15.5,0.0
1790353911722101416,1790353911,600000256,wind_sensor_link,15.5,0.0
1790353911928644600,1790353911,800000256,wind_sensor_link,15.5,0.0
1790353912121544600,1790353912,0,wind_sensor_link,15.5,0.0
1790353912328701240,1790353912,200000000,wind_sensor_link,15.5,0.0
1790353912521690776,1790353912,400000000,wind_sensor_link,15.5,0.0
1790353912728449420,1790353912,600000256,wind_sensor_link,15.5,0.0
1790353912921663842,1790353912,800000256,wind_sensor_link,15.5,0.0
1790353913128300655,1790353913,0,wind_sensor_link,15.5,0.0
1790353913321330209,1790353913,200000000,wind_sensor_link,15.5,0.0
1790353913528029725,1790353913,400000000,wind_sensor_link,15.5,0.0
1790353913721141148,1790353913,600000256,wind_sensor_link,15.5,0.0
1790353913927680684,1790353913,800000256,wind_sensor_link,15.5,0.0
1790353914120872143,1790353914,0,wind_sensor_link,15.5,0.0
1790353914327441827,1790353914,200000000,wind_sensor_link,15.5,0.0
1790353914520651472,1790353914,400000000,wind_sensor_link,15.5,0.0
1790353914727471078,1790353914,600000256,wind_sensor_link,15.5,0.0
1790353914920560780,1790353914,800000256,wind_sensor_link,15.5,0.0
1790353915127270499,1790353915,0,wind_sensor_link,15.5,0.0
1790353915334414639,1790353915,200000000,wind_sensor_link,15.5,0.0
1790353915527060253,1790353915,400000000,wind_sensor_link,15.5,0.0
1790353915734246133,1790353915,600000256,wind_sensor_link,15.5,0.0
1790353915926916951,1790353915,800000256,wind_sensor_link,15.5,0.0
1790353916134066905,1790353916,0,wind_sensor_link,15.5,0.0
1790353916326739278,1790353916,200000000,wind_sensor_link,15.5,0.0
1790353916533795808,1790353916,400000000,wind_sensor_link,15.5,0.0
1790353916726497699,1790353916,600000256,wind_sensor_link,15.5,0.0
1790353916933544433,1790353916,800000256,wind_sensor_link,15.5,0.0
1790353917126556117,1790353917,0,wind_sensor_link,15.5,0.0
1790353917333502074,1790353917,200000000,wind_sensor_link,15.5,0.0
1790353917525898061,1790353917,400000000,wind_sensor_link,15.5,0.0
1790353917733270680,1790353917,600000256,wind_sensor_link,15.5,0.0
1790353917925937238,1790353917,800000256,wind_sensor_link,15.5,0.0
1790353918133039786,1790353918,0,wind_sensor_link,15.5,0.0
1790353918325630697,1790353918,200000000,wind_sensor_link,15.5,0.0
1790353918532823485,1790353918,400000000,wind_sensor_link,15.5,0.0
1790353918725442155,1790353918,600000256,wind_sensor_link,15.5,0.0
1790353918932396352,1790353918,800000256,wind_sensor_link,15.5,0.0
1790353919125291426,1790353919,0,wind_sensor_link,15.5,0.0
1790353919332408085,1790353919,200000000,wind_sensor_link,15.5,0.0
1790353919524823887,1790353919,400000000,wind_sensor_link,15.5,0.0
1790353919732246820,1790353919,600000256,wind_sensor_link,15.5,0.0
1790353919924923212,1790353919,800000256,wind_sensor_link,15.5,0.0
1790353920132031500,1790353920,0,wind_sensor_link,15.5,0.0
1790353920324675040,1790353920,200000000,wind_sensor_link,15.5,0.0
1790353920531804236,1790353920,400000000,wind_sensor_link,15.5,0.0
1790353920724446202,1790353920,600000256,wind_sensor_link,15.5,0.0
1790353920931550194,1790353920,800000256,wind_sensor_link,15.5,0.0
1790353921124029032,1790353921,0,wind_sensor_link,15.5,0.0
1790353921331438780,1790353921,200000000,wind_sensor_link,15.5,0.0
1790353921524411742,1790353921,400000000,wind_sensor_link,15.5,0.0
1790353921731487549,1790353921,600000256,wind_sensor_link,15.5,0.0
1790353921923894759,1790353921,800000256,wind_sensor_link,15.5,0.0
1790353922131071676,1790353922,0,wind_sensor_link,15.5,0.0
1790353922323696402,1790353922,200000000,wind_sensor_link,15.5,0.0
1790353922530784765,1790353922,400000000,wind_sensor_link,15.5,0.0
1790353922723459323,1790353922,600000256,wind_sensor_link,15.5,0.0
1790353922930676980,1790353922,800000256,wind_sensor_link,15.5,0.0
1790353923123162115,1790353923,0,wind_sensor_link,15.5,0.0
1790353923330364791,1790353923,200000000,wind_sensor_link,15.5,0.0
1790353923522994554,1790353923,400000000,wind_sensor_link,15.5,0.0
1790353923730134083,1790353923,600000256,wind_sensor_link,15.5,0.0
1790353923923210191,1790353923,800000256,wind_sensor_link,15.5,0.0
1790353924130031298,1790353924,0,wind_sensor_link,15.5,0.0
1790353924322539247,1790353924,200000000,wind_sensor_link,15.5,0.0
1790353924529753349,1790353924,400000000,wind_sensor_link,15.5,0.0
1790353924722343001,1790353924,600000256,wind_sensor_link,15.5,0.0
1790353924929557936,1790353924,800000256,wind_sensor_link,15.5,0.0
1790353925122134755,1790353925,0,wind_sensor_link,15.5,0.0
1790353925329362283,1790353925,200000000,wind_sensor_link,15.5,0.0
1790353925522024545,1790353925,400000000,wind_sensor_link,15.5,0.0
1790353925729118760,1790353925,600000256,wind_sensor_link,15.5,0.0
1790353925922138128,1790353925,800000256,wind_sensor_link,15.5,0.0
1790353926128699331,1790353926,0,wind_sensor_link,15.5,0.0
1790353926321518110,1790353926,200000000,wind_sensor_link,15.5,0.0
1790353926528439141,1790353926,400000000,wind_sensor_link,15.5,0.0
1790353926721321197,1790353926,600000256,wind_sensor_link,15.5,0.0
1790353926928542280,1790353926,800000256,wind_sensor_link,15.5,0.0
1790353927121152099,1790353927,0,wind_sensor_link,15.5,0.0
1790353927328110000,1790353927,200000000,wind_sensor_link,15.5,0.0
1790353927521067370,1790353927,400000000,wind_sensor_link,15.5,0.0
1790353927728379655,1790353927,600000256,wind_sensor_link,15.5,0.0
1790353927920806420,1790353927,800000256,wind_sensor_link,15.5,0.0
1790353928127766933,1790353928,0,wind_sensor_link,15.5,0.0
1790353928320650970,1790353928,200000000,wind_sensor_link,15.5,0.0
1790353928527770629,1790353928,400000000,wind_sensor_link,15.5,0.0
1790353928720832330,1790353928,600000256,wind_sensor_link,15.5,0.0
1790353928927524124,1790353928,800000256,wind_sensor_link,15.5,0.0
1790353929120712565,1790353929,0,wind_sensor_link,15.5,0.0
1790353929327392081,1790353929,200000000,wind_sensor_link,15.5,0.0
1790353929520472967,1790353929,400000000,wind_sensor_link,15.5,0.0
1790353929726923560,1790353929,600000256,wind_sensor_link,15.5,0.0
1790353929934215661,1790353929,800000256,wind_sensor_link,15.5,0.0
1790353930126964663,1790353930,0,wind_sensor_link,15.5,0.0
1790353930333992249,1790353930,200000000,wind_sensor_link,15.5,0.0
1790353930526883063,1790353930,400000000,wind_sensor_link,15.5,0.0
1790353930733749336,1790353930,600000256,wind_sensor_link,15.5,0.0
1790353930926528986,1790353930,800000256,wind_sensor_link,15.5,0.0
1790353931133685348,1790353931,0,wind_sensor_link,15.5,0.0
1790353931326350721,1790353931,200000000,wind_sensor_link,15.5,0.0
1790353931533396103,1790353931,400000000,wind_sensor_link,15.5,0.0
1790353931726129457,1790353931,600000256,wind_sensor_link,15.5,0.0
1790353931933167024,1790353931,800000256,wind_sensor_link,15.5,0.0
1790353932125903544,1790353932,0,wind_sensor_link,15.5,0.0
1790353932332957926,1790353932,200000000,wind_sensor_link,15.5,0.0
1790353932525785575,1790353932,400000000,wind_sensor_link,15.5,0.0
1790353932732747050,1790353932,600000256,wind_sensor_link,15.5,0.0
1790353932925316017,1790353932,800000256,wind_sensor_link,15.5,0.0
1790353933132680747,1790353933,0,wind_sensor_link,15.5,0.0
1790353933325326676,1790353933,200000000,wind_sensor_link,15.5,0.0
1790353933532384928,1790353933,400000000,wind_sensor_link,15.5,0.0
1790353933725024227,1790353933,600000256,wind_sensor_link,15.5,0.0
1790353933932109386,1790353933,800000256,wind_sensor_link,15.5,0.0
1790353934124762575,1790353934,0,wind_sensor_link,15.5,0.0
1790353934332022139,1790353934,200000000,wind_sensor_link,15.5,0.0
1790353934524762159,1790353934,400000000,wind_sensor_link,15.5,0.0
1790353934731896614,1790353934,600000256,wind_sensor_link,15.5,0.0
1790353934924285806,1790353934,800000256,wind_sensor_link,15.5,0.0
1790353935131424131,1790353935,0,wind_sensor_link,15.5,0.0
1790353935323972153,1790353935,200000000,wind_sensor_link,15.5,0.0
1790353935531305309,1790353935,400000000,wind_sensor_link,15.5,0.0
1790353935723778130,1790353935,600000256,wind_sensor_link,15.5,0.0
1790353935931054675,1790353935,800000256,wind_sensor_link,15.5,0.0
1790353936123666642,1790353936,0,wind_sensor_link,15.5,0.0
1790353936331008538,1790353936,200000000,wind_sensor_link,15.5,0.0
1790353936523563450,1790353936,400000000,wind_sensor_link,15.5,0.0
1790353936730794459,1790353936,600000256,wind_sensor_link,15.5,0.0
1790353936923290390,1790353936,800000256,wind_sensor_link,15.5,0.0
1790353937130533102,1790353937,0,wind_sensor_link,15.5,0.0
1790353937323102495,1790353937,200000000,wind_sensor_link,15.5,0.0
1790353937530500373,1790353937,400000000,wind_sensor_link,15.5,0.0
1790353937722965730,1790353937,600000256,wind_sensor_link,15.5,0.0
1790353937930141240,1790353937,800000256,wind_sensor_link,15.5,0.0
1790353938122831353,1790353938,0,wind_sensor_link,15.5,0.0
1790353938329901642,1790353938,200000000,wind_sensor_link,15.5,0.0
1790353938522663588,1790353938,400000000,wind_sensor_link,15.5,0.0
1790353938729789951,1790353938,600000256,wind_sensor_link,15.5,0.0
1790353938922381491,1790353938,800000256,wind_sensor_link,15.5,0.0
1790353939129396818,1790353939,0,wind_sensor_link,15.5,0.0
1790353939322139320,1790353939,200000000,wind_sensor_link,15.5,0.0
1790353939529137073,1790353939,400000000,wind_sensor_link,15.5,0.0
1790353939721972407,1790353939,600000256,wind_sensor_link,15.5,0.0
1790353939928868531,1790353939,800000256,wind_sensor_link,15.5,0.0
1790353940122135378,1790353940,0,wind_sensor_link,15.5,0.0
1790353940328721988,1790353940,200000000,wind_sensor_link,15.5,0.0
1790353940521436416,1790353940,400000000,wind_sensor_link,15.5,0.0
1790353940728697203,1790353940,600000256,wind_sensor_link,15.5,0.0
1790353940921530167,1790353940,800000256,wind_sensor_link,15.5,0.0
1790353941128385995,1790353941,0,wind_sensor_link,15.5,0.0
1790353941321434438,1790353941,200000000,wind_sensor_link,15.5,0.0
1790353941528175490,1790353941,400000000,wind_sensor_link,15.5,0.0
1790353941721214877,1790353941,600000256,wind_sensor_link,15.5,0.0
1790353941927960966,1790353941,800000256,wind_sensor_link,15.5,0.0
1790353942121012612,1790353942,0,wind_sensor_link,15.5,0.0
1790353942327706776,1790353942,200000000,wind_sensor_link,15.5,0.0
1790353942520775793,1790353942,400000000,wind_sensor_link,15.5,0.0
1790353942727501549,1790353942,600000256,wind_sensor_link,15.5,0.0
1790353942920536510,1790353942,800000256,wind_sensor_link,15.5,0.0
1790353943127299025,1790353943,0,wind_sensor_link,15.5,0.0
1790353943320300561,1790353943,200000000,wind_sensor_link,15.5,0.0
1790353943526982002,1790353943,400000000,wind_sensor_link,15.5,0.0
1790353943734141420,1790353943,600000256,wind_sensor_link,15.5,0.0
1790353943926730294,1790353943,800000256,wind_sensor_link,15.5,0.0
1790353944133865082,1790353944,0,wind_sensor_link,15.5,0.0
1790353944326547788,1790353944,200000000,wind_sensor_link,15.5,0.0
1790353944533474246,1790353944,400000000,wind_sensor_link,15.5,0.0
1790353944726096212,1790353944,600000256,wind_sensor_link,15.5,0.0
1790353944933422424,1790353944,800000256,wind_sensor_link,15.5,0.0
1790353945126070204,1790353945,0,wind_sensor_link,15.5,0.0
1790353945333268973,1790353945,200000000,wind_sensor_link,15.5,0.0
1790353945526113770,1790353945,400000000,wind_sensor_link,15.5,0.0
1790353945733001524,1790353945,600000256,wind_sensor_link,15.5,0.0
1790353945925573417,1790353945,800000256,wind_sensor_link,15.5,0.0
1790353946132762205,1790353946,0,wind_sensor_link,15.5,0.0
1790353946325358505,1790353946,200000000,wind_sensor_link,15.4,0.0
1790353946532451663,1790353946,400000000,wind_sensor_link,15.4,0.0
1790353946724945428,1790353946,600000256,wind_sensor_link,15.4,0.0
1790353946932291139,1790353946,800000256,wind_sensor_link,15.4,0.0
1790353947124907143,1790353947,0,wind_sensor_link,15.4,0.0
1790353947332023783,1790353947,200000000,wind_sensor_link,15.4,0.0
1790353947524681156,1790353947,400000000,wind_sensor_link,15.4,0.0
1790353947731843796,1790353947,600000256,wind_sensor_link,15.4,0.0
1790353947924449558,1790353947,800000256,wind_sensor_link,15.4,0.0
1790353948131521329,1790353948,0,wind_sensor_link,15.4,0.0
1790353948324169239,1790353948,200000000,wind_sensor_link,15.4,0.0
1790353948531397915,1790353948,400000000,wind_sensor_link,15.4,0.0
1790353948724273119,1790353948,600000256,wind_sensor_link,15.4,0.0
1790353948931097004,1790353948,800000256,wind_sensor_link,15.4,0.0
1790353949123831728,1790353949,0,wind_sensor_link,15.4,0.0
1790353949331075477,1790353949,200000000,wind_sensor_link,15.4,0.0
1790353949523524224,1790353949,400000000,wind_sensor_link,15.4,0.0
1790353949730842398,1790353949,600000256,wind_sensor_link,15.4,0.0
1790353949923385032,1790353949,800000256,wind_sensor_link,15.4,0.0
1790353950130730114,1790353950,0,wind_sensor_link,15.4,0.0
1790353950322782199,1790353950,200000000,wind_sensor_link,15.4,0.0
1790353950530191946,1790353950,400000000,wind_sensor_link,15.4,0.0
1790353950722926578,1790353950,600000256,wind_sensor_link,15.4,0.0
1790353950930171717,1790353950,800000256,wind_sensor_link,15.4,0.0
1790353951122629611,1790353951,0,wind_sensor_link,15.4,0.0
1790353951329688400,1790353951,200000000,wind_sensor_link,15.4,0.0
1790353951522742268,1790353951,400000000,wind_sensor_link,15.4,0.0
1790353951729478135,1790353951,600000256,wind_sensor_link,15.4,0.0
1790353951922380506,1790353951,800000256,wind_sensor_link,15.4,0.0
1790353952129266482,1790353952,0,wind_sensor_link,15.4,0.0
1790353952321976910,1790353952,200000000,wind_sensor_link,15.4,0.0
1790353952529014218,1790353952,400000000,wind_sensor_link,15.4,0.0
1790353952721399317,1790353952,600000256,wind_sensor_link,15.4,0.0
1790353952928514550,1790353952,800000256,wind_sensor_link,15.4,0.0
1790353953121368958,1790353953,0,wind_sensor_link,15.4,0.0
1790353953328556393,1790353953,200000000,wind_sensor_link,15.4,0.0
1790353953520840475,1790353953,400000000,wind_sensor_link,15.4,0.0
1790353953728255222,1790353953,600000256,wind_sensor_link,15.4,0.0
1790353953920991391,1790353953,800000256,wind_sensor_link,15.4,0.0
1790353954128099383,1790353954,0,wind_sensor_link,15.4,0.0
1790353954320684998,1790353954,200000000,wind_sensor_link,15.4,0.0
1790353954527840693,1790353954,400000000,wind_sensor_link,15.4,0.0
1790353954720378087,1790353954,600000256,wind_sensor_link,15.4,0.0
1790353954927928481,1790353954,800000256,wind_sensor_link,15.4,0.0
1790353955120155026,1790353955,0,wind_sensor_link,15.4,0.0
1790353955327319295,1790353955,200000000,wind_sensor_link,15.4,0.0
1790353955520029279,1790353955,400000000,wind_sensor_link,15.4,0.0
1790353955726995328,1790353955,600000256,wind_sensor_link,15.4,0.0
1790353955934296466,1790353955,800000256,wind_sensor_link,15.4,0.0
1790353956126867915,1790353956,0,wind_sensor_link,15.4,0.0
1790353956333919352,1790353956,200000000,wind_sensor_link,15.4,0.0
1790353956526775186,1790353956,400000000,wind_sensor_link,15.4,0.0
1790353956733782142,1790353956,600000256,wind_sensor_link,15.4,0.0
1790353956926779419,1790353956,800000256,wind_sensor_link,15.4,0.0
1790353957133522341,1790353957,0,wind_sensor_link,15.4,0.0
1790353957326175252,1790353957,200000000,wind_sensor_link,15.4,0.0
1790353957533279633,1790353957,400000000,wind_sensor_link,15.4,0.0
1790353957725891284,1790353957,600000256,wind_sensor_link,15.3,0.0
1790353957933061479,1790353957,800000256,wind_sensor_link,15.3,0.0
1790353958125758445,1790353958,0,wind_sensor_link,15.3,0.0
1790353958332805345,1790353958,200000000,wind_sensor_link,15.3,0.0
1790353958525429015,1790353958,400000000,wind_sensor_link,15.3,0.0
1790353958732652895,1790353958,600000256,wind_sensor_link,15.3,0.0
1790353958925536358,1790353958,800000256,wind_sensor_link,15.3,0.0
1790353959132297632,1790353959,0,wind_sensor_link,15.3,0.0
1790353959324927172,1790353959,200000000,wind_sensor_link,15.3,0.0
1790353959532083515,1790353959,400000000,wind_sensor_link,15.3,0.0
1790353959724775277,1790353959,600000256,wind_sensor_link,15.3,0.0
1790353959931925306,1790353959,800000256,wind_sensor_link,15.3,0.0
1790353960124526624,1790353960,0,wind_sensor_link,15.3,0.0
1790353960331674375,1790353960,200000000,wind_sensor_link,15.3,0.0
1790353960524644171,1790353960,400000000,wind_sensor_link,15.3,0.0
1790353960731317927,1790353960,600000256,wind_sensor_link,15.3,0.0
1790353960924331185,1790353960,800000256,wind_sensor_link,15.3,0.0
1790353961131228458,1790353961,0,wind_sensor_link,15.3,0.0
1790353961323865665,1790353961,200000000,wind_sensor_link,15.3,0.0
1790353961530838177,1790353961,400000000,wind_sensor_link,15.3,0.0
1790353961723727547,1790353961,600000256,wind_sensor_link,15.4,0.0
1790353961930512062,1790353961,800000256,wind_sensor_link,15.4,0.0
1790353962123524690,1790353962,0,wind_sensor_link,15.4,0.0
1790353962330264483,1790353962,200000000,wind_sensor_link,15.4,0.0
1790353962523040170,1790353962,400000000,wind_sensor_link,15.4,0.0
1790353962730041089,1790353962,600000256,wind_sensor_link,15.4,0.0
1790353962923216049,1790353962,800000256,wind_sensor_link,15.4,0.0
1790353963129864028,1790353963,0,wind_sensor_link,15.4,0.0
1790353963322640307,1790353963,200000000,wind_sensor_link,15.4,0.0
1790353963529548987,1790353963,400000000,wind_sensor_link,15.4,0.0
1790353963722389265,1790353963,600000256,wind_sensor_link,15.4,0.0
1790353963929396018,1790353963,800000256,wind_sensor_link,15.4,0.0
1790353964122151946,1790353964,0,wind_sensor_link,15.4,0.0
1790353964329275882,1790353964,200000000,wind_sensor_link,15.4,0.0
1790353964521909478,1790353964,400000000,wind_sensor_link,15.4,0.0
1790353964729042359,1790353964,600000256,wind_sensor_link,15.4,0.0
1790353964921329051,1790353964,800000256,wind_sensor_link,15.4,0.0
1790353965128799965,1790353965,0,wind_sensor_link,15.4,0.0
1790353965321134342,1790353965,200000000,wind_sensor_link,15.4,0.0
1790353965528487776,1790353965,400000000,wind_sensor_link,15.4,0.0
1790353965720825708,1790353965,600000256,wind_sensor_link,15.4,0.0
1790353965928326918,1790353965,800000256,wind_sensor_link,15.4,0.0
1790353966120813256,1790353966,0,wind_sensor_link,15.4,0.0
1790353966328051302,1790353966,200000000,wind_sensor_link,15.4,0.0
1790353966520774008,1790353966,400000000,wind_sensor_link,15.4,0.0
1790353966727795853,1790353966,600000256,wind_sensor_link,15.4,0.0
1790353966920668391,1790353966,800000256,wind_sensor_link,15.4,0.0
1790353967127691587,1790353967,0,wind_sensor_link,15.4,0.0
1790353967320661531,1790353967,200000000,wind_sensor_link,15.4,0.0
1790353967527372806,1790353967,400000000,wind_sensor_link,15.4,0.0
1790353967720087049,1790353967,600000256,wind_sensor_link,15.4,0.0
1790353967927111301,1790353967,800000256,wind_sensor_link,15.4,0.0
1790353968134236534,1790353968,0,wind_sensor_link,15.4,0.0
1790353968326819927,1790353968,200000000,wind_sensor_link,15.4,0.0
1790353968533982677,1790353968,400000000,wind_sensor_link,15.4,0.0
1790353968726737049,1790353968,600000256,wind_sensor_link,15.4,0.0
1790353968933668396,1790353968,800000256,wind_sensor_link,15.4,0.0
1790353969126215733,1790353969,0,wind_sensor_link,15.4,0.0
1790353969333517056,1790353969,200000000,wind_sensor_link,15.4,0.0
1790353969525982895,1790353969,400000000,wind_sensor_link,15.4,0.0
1790353969733252144,1790353969,600000256,wind_sensor_link,15.4,0.0
1790353969925574040,1790353969,800000256,wind_sensor_link,15.4,0.0
1790353970133077842,1790353970,0,wind_sensor_link,15.4,0.0
1790353970325498533,1790353970,200000000,wind_sensor_link,15.4,0.0
1790353970532814615,1790353970,400000000,wind_sensor_link,15.4,0.0
1790353970725375027,1790353970,600000256,wind_sensor_link,15.3,0.0
1790353970932485778,1790353970,800000256,wind_sensor_link,15.3,0.0
1790353971125157948,1790353971,0,wind_sensor_link,15.3,0.0
1790353971332273662,1790353971,200000000,wind_sensor_link,15.3,0.0
1790353971524895239,1790353971,400000000,wind_sensor_link,15.3,0.0
1790353971732055731,1790353971,600000256,wind_sensor_link,15.3,0.0
1790353971924677531,1790353971,800000256,wind_sensor_link,15.3,0.0
1790353972131801208,1790353972,0,wind_sensor_link,15.3,0.0
1790353972324389008,1790353972,200000000,wind_sensor_link,15.4,0.0
1790353972531359594,1790353972,400000000,wind_sensor_link,15.4,0.0
1790353972724145003,1790353972,600000256,wind_sensor_link,15.4,0.0
1790353972931300957,1790353972,800000256,wind_sensor_link,15.4,0.0
1790353973123899424,1790353973,0,wind_sensor_link,15.4,0.0
1790353973330938732,1790353973,200000000,wind_sensor_link,15.4,0.0
1790353973523413348,1790353973,400000000,wind_sensor_link,15.4,0.0
1790353973730690931,1790353973,600000256,wind_sensor_link,15.4,0.0
1790353973923778706,1790353973,800000256,wind_sensor_link,15.4,0.0
1790353974130364094,1790353974,0,wind_sensor_link,15.4,0.0
1790353974323429147,1790353974,200000000,wind_sensor_link,15.4,0.0
1790353974530292235,1790353974,400000000,wind_sensor_link,15.4,0.0
1790353974723170309,1790353974,600000256,wind_sensor_link,15.4,0.0
1790353974930099192,1790353974,800000256,wind_sensor_link,15.4,0.0
1790353975122739733,1790353975,0,wind_sensor_link,15.4,0.0
1790353975329830169,1790353975,200000000,wind_sensor_link,15.4,0.0
1790353975522504024,1790353975,400000000,wind_sensor_link,15.4,0.0
1790353975729499554,1790353975,600000256,wind_sensor_link,15.4,0.0
1790353975922496849,1790353975,800000256,wind_sensor_link,15.4,0.0
1790353976129393696,1790353976,0,wind_sensor_link,15.4,0.0
1790353976322242048,1790353976,200000000,wind_sensor_link,15.4,0.0
1790353976529078859,1790353976,400000000,wind_sensor_link,15.4,0.0
1790353976721463235,1790353976,600000256,wind_sensor_link,15.4,0.0
1790353976929079814,1790353976,800000256,wind_sensor_link,15.4,0.0
1790353977121389321,1790353977,0,wind_sensor_link,15.4,0.0
1790353977328774513,1790353977,200000000,wind_sensor_link,15.4,0.0
1790353977521529886,1790353977,400000000,wind_sensor_link,15.4,0.0
1790353977728273104,1790353977,600000256,wind_sensor_link,15.4,0.0
1790353977921361380,1790353977,800000256,wind_sensor_link,15.4,0.0
1790353978128101210,1790353978,0,wind_sensor_link,15.4,0.0
1790353978320685399,1790353978,200000000,wind_sensor_link,15.4,0.0
1790353978528112183,1790353978,400000000,wind_sensor_link,15.4,0.0
1790353978720798890,1790353978,600000256,wind_sensor_link,15.4,0.0
1790353978927562590,1790353978,800000256,wind_sensor_link,15.4,0.0
1790353979119662859,1790353979,0,wind_sensor_link,15.4,0.0
1790353979327720598,1790353979,200000000,wind_sensor_link,15.4,0.0
1790353979519995143,1790353979,400000000,wind_sensor_link,15.4,0.0
1790353979727062636,1790353979,600000256,wind_sensor_link,15.4,0.0
1790353979920061838,1790353979,800000256,wind_sensor_link,15.4,0.0
1790353980126727299,1790353980,0,wind_sensor_link,15.4,0.0
1790353980333920586,1790353980,200000000,wind_sensor_link,15.4,0.0
1790353980526328722,1790353980,400000000,wind_sensor_link,15.4,0.0
1790353980733515768,1790353980,600000256,wind_sensor_link,15.4,0.0
1790353980926292251,1790353980,800000256,wind_sensor_link,15.4,0.0
1790353981133387003,1790353981,0,wind_sensor_link,15.4,0.0
1790353981325910989,1790353981,200000000,wind_sensor_link,15.4,0.0
1790353981533265145,1790353981,400000000,wind_sensor_link,15.4,0.0
1790353981725732965,1790353981,600000256,wind_sensor_link,15.4,0.0
1790353981932930048,1790353981,800000256,wind_sensor_link,15.4,0.0
1790353982125552441,1790353982,0,wind_sensor_link,15.4,0.0
1790353982332646266,1790353982,200000000,wind_sensor_link,15.4,0.0
1790353982525043383,1790353982,400000000,wind_sensor_link,15.4,0.0
1790353982732267078,1790353982,600000256,wind_sensor_link,15.4,0.0
1790353982925028598,1790353982,800000256,wind_sensor_link,15.4,0.0
1790353983132125701,1790353983,0,wind_sensor_link,15.4,0.0
1790353983324706316,1790353983,200000000,wind_sensor_link,15.4,0.0
1790353983531888493,1790353983,400000000,wind_sensor_link,15.4,0.0
1790353983724568644,1790353983,600000256,wind_sensor_link,15.4,0.0
1790353983931688598,1790353983,800000256,wind_sensor_link,15.4,0.0
1790353984124269084,1790353984,0,wind_sensor_link,15.4,0.0
1790353984331261540,1790353984,200000000,wind_sensor_link,15.4,0.0
1790353984523820526,1790353984,400000000,wind_sensor_link,15.4,0.0
1790353984731035443,1790353984,600000256,wind_sensor_link,15.4,0.0
1790353984923738334,1790353984,800000256,wind_sensor_link,15.4,0.0
1790353985130974991,1790353985,0,wind_sensor_link,15.4,0.0
1790353985323536384,1790353985,200000000,wind_sensor_link,15.4,0.0
1790353985530572748,1790353985,400000000,wind_sensor_link,15.4,0.0
1790353985723361971,1790353985,600000256,wind_sensor_link,15.4,0.0
1790353985930307021,1790353985,800000256,wind_sensor_link,15.4,0.0
1790353986122935506,1790353986,0,wind_sensor_link,15.4,0.0
1790353986329961406,1790353986,200000000,wind_sensor_link,15.4,0.0
1790353986522831221,1790353986,400000000,wind_sensor_link,15.4,0.0
1790353986729669754,1790353986,600000256,wind_sensor_link,15.4,0.0
1790353986922511421,1790353986,800000256,wind_sensor_link,15.4,0.0
1790353987129571840,1790353987,0,wind_sensor_link,15.4,0.0
1790353987322199139,1790353987,200000000,wind_sensor_link,15.4,0.0
1790353987529391686,1790353987,400000000,wind_sensor_link,15.4,0.0
1790353987721974153,1790353987,600000256,wind_sensor_link,15.4,0.0
1790353987929055923,1790353987,800000256,wind_sensor_link,15.4,0.0
1790353988121763759,1790353988,0,wind_sensor_link,15.4,0.0
1790353988328536755,1790353988,200000000,wind_sensor_link,15.4,0.0
1790353988521391515,1790353988,400000000,wind_sensor_link,15.4,0.0
1790353988728485618,1790353988,600000256,wind_sensor_link,15.4,0.0
1790353988920845588,1790353988,800000256,wind_sensor_link,15.4,0.0
1790353989128294909,1790353989,0,wind_sensor_link,15.4,0.0
1790353989320865617,1790353989,200000000,wind_sensor_link,15.4,0.0
1790353989527833907,1790353989,400000000,wind_sensor_link,15.4,0.0
1790353989721126920,1790353989,600000256,wind_sensor_link,15.4,0.0
1790353989927758215,1790353989,800000256,wind_sensor_link,15.4,0.0
1790353990119896761,1790353990,0,wind_sensor_link,15.4,0.0
1790353990327222436,1790353990,200000000,wind_sensor_link,15.4,0.0
1790353990520140065,1790353990,400000000,wind_sensor_link,15.4,0.0
1790353990727080429,1790353990,600000256,wind_sensor_link,15.4,0.0
1790353990920377369,1790353990,800000256,wind_sensor_link,15.4,0.0
1790353991127010126,1790353991,0,wind_sensor_link,15.4,0.0
1790353991320058384,1790353991,200000000,wind_sensor_link,15.4,0.0
1790353991526448570,1790353991,400000000,wind_sensor_link,15.4,0.0
1790353991734000186,1790353991,600000256,wind_sensor_link,15.4,0.0
1790353991926830965,1790353991,800000256,wind_sensor_link,15.4,0.0
1790353992133469648,1790353992,0,wind_sensor_link,15.4,0.0
1790353992326533775,1790353992,200000000,wind_sensor_link,15.4,0.0
1790353992533184014,1790353992,400000000,wind_sensor_link,15.4,0.0
1790353992725751370,1790353992,600000256,wind_sensor_link,15.4,0.0
1790353992933177080,1790353992,800000256,wind_sensor_link,15.4,0.0
1790353993125687937,1790353993,0,wind_sensor_link,15.4,0.0
1790353993332727856,1790353993,200000000,wind_sensor_link,15.4,0.0
1790353993525323211,1790353993,400000000,wind_sensor_link,15.4,0.0
1790353993732417629,1790353993,600000256,wind_sensor_link,15.4,0.0
1790353993925273463,1790353993,800000256,wind_sensor_link,15.4,0.0
1790353994132524824,1790353994,0,wind_sensor_link,15.4,0.0
1790353994324925182,1790353994,200000000,wind_sensor_link,15.4,0.0
1790353994532103099,1790353994,400000000,wind_sensor_link,15.4,0.0
1790353994724450976,1790353994,600000256,wind_sensor_link,15.4,0.0
1790353994931863983,1790353994,800000256,wind_sensor_link,15.4,0.0
1790353995124198249,1790353995,0,wind_sensor_link,15.4,0.0
1790353995331564053,1790353995,200000000,wind_sensor_link,15.4,0.0
1790353995523943078,1790353995,400000000,wind_sensor_link,15.4,0.0
1790353995731288567,1790353995,600000256,wind_sensor_link,15.4,0.0
1790353995923734850,1790353995,800000256,wind_sensor_link,15.4,0.0
1790353996131136876,1790353996,0,wind_sensor_link,15.4,0.0
1790353996323697732,1790353996,200000000,wind_sensor_link,15.4,0.0
1790353996530891130,1790353996,400000000,wind_sensor_link,15.4,0.0
1790353996723198712,1790353996,600000256,wind_sensor_link,15.4,0.0
1790353996930510905,1790353996,800000256,wind_sensor_link,15.4,0.0
1790353997123033280,1790353997,0,wind_sensor_link,15.4,0.0
1790353997330307233,1790353997,200000000,wind_sensor_link,15.4,0.0
1790353997522863052,1790353997,400000000,wind_sensor_link,15.4,0.0
1790353997730116246,1790353997,600000256,wind_sensor_link,15.4,0.0
1790353997922686454,1790353997,800000256,wind_sensor_link,15.4,0.0
1790353998129646929,1790353998,0,wind_sensor_link,15.4,0.0
1790353998322319839,1790353998,200000000,wind_sensor_link,15.4,0.0
1790353998529258722,1790353998,400000000,wind_sensor_link,15.4,0.0
1790353998721826838,1790353998,600000256,wind_sensor_link,15.4,0.0
1790353998929117105,1790353998,800000256,wind_sensor_link,15.4,0.0
1790353999122205825,1790353999,0,wind_sensor_link,15.4,0.0
1790353999328784435,1790353999,200000000,wind_sensor_link,15.4,0.0
1790353999521682620,1790353999,400000000,wind_sensor_link,15.4,0.0
1790353999728482153,1790353999,600000256,wind_sensor_link,15.4,0.0
1790353999921694019,1790353999,800000256,wind_sensor_link,15.4,0.0
1790354000128398516,1790354000,0,wind_sensor_link,15.4,0.0
1790354000321394145,1790354000,200000000,wind_sensor_link,15.4,0.0
1790354000528101179,1790354000,400000000,wind_sensor_link,15.4,0.0
1790354000720555907,1790354000,600000256,wind_sensor_link,15.4,0.0
1790354000927884063,1790354000,800000256,wind_sensor_link,15.4,0.0
1790354001120491974,1790354001,0,wind_sensor_link,15.4,0.0
1790354001327571948,1790354001,200000000,wind_sensor_link,15.4,0.0
1790354001520009638,1790354001,400000000,wind_sensor_link,15.4,0.0
1790354001727519551,1790354001,600000256,wind_sensor_link,15.4,0.0
1790354001919725264,1790354001,800000256,wind_sensor_link,15.4,0.0
1790354002127198899,1790354002,0,wind_sensor_link,15.4,0.0
1790354002319486203,1790354002,200000000,wind_sensor_link,15.4,0.0
1790354002526869896,1790354002,400000000,wind_sensor_link,15.4,0.0
1790354002734022924,1790354002,600000256,wind_sensor_link,15.4,0.0
1790354002926552262,1790354002,800000256,wind_sensor_link,15.4,0.0
1790354003133774123,1790354003,0,wind_sensor_link,15.5,0.0
1790354003326346220,1790354003,200000000,wind_sensor_link,15.5,0.0
1790354003533316639,1790354003,400000000,wind_sensor_link,15.5,0.0
1790354003726083030,1790354003,600000256,wind_sensor_link,15.5,0.0
1790354003933050653,1790354003,800000256,wind_sensor_link,15.5,0.0
1790354004125472641,1790354004,0,wind_sensor_link,15.5,0.0
1790354004332884592,1790354004,200000000,wind_sensor_link,15.5,0.0
1790354004525265173,1790354004,400000000,wind_sensor_link,15.5,0.0
1790354004732575218,1790354004,600000256,wind_sensor_link,15.5,0.0
1790354004925006483,1790354004,800000256,wind_sensor_link,15.5,0.0
1790354005132331787,1790354005,0,wind_sensor_link,15.5,0.0
1790354005324892310,1790354005,200000000,wind_sensor_link,15.5,0.0
1790354005531976172,1790354005,400000000,wind_sensor_link,15.5,0.0
1790354005724661490,1790354005,600000256,wind_sensor_link,15.5,0.0
1790354005931834166,1790354005,800000256,wind_sensor_link,15.5,0.0
1790354006124483206,1790354006,0,wind_sensor_link,15.5,0.0
1790354006331507385,1790354006,200000000,wind_sensor_link,15.5,0.0
1790354006524218831,1790354006,400000000,wind_sensor_link,15.5,0.0
1790354006731112808,1790354006,600000256,wind_sensor_link,15.5,0.0
1790354006924141991,1790354006,800000256,wind_sensor_link,15.5,0.0
1790354007130880673,1790354007,0,wind_sensor_link,15.5,0.0
1790354007323690785,1790354007,200000000,wind_sensor_link,15.5,0.0
1790354007530750574,1790354007,400000000,wind_sensor_link,15.5,0.0
1790354007723405911,1790354007,600000256,wind_sensor_link,15.5,0.0
1790354007930472662,1790354007,800000256,wind_sensor_link,15.5,0.0
1790354008123158128,1790354008,0,wind_sensor_link,15.5,0.0
1790354008330285953,1790354008,200000000,wind_sensor_link,15.5,0.0
1790354008523208953,1790354008,400000000,wind_sensor_link,15.5,0.0
1790354008729846414,1790354008,600000256,wind_sensor_link,15.5,0.0
1790354008922550916,1790354008,800000256,wind_sensor_link,15.5,0.0
1790354009129693186,1790354009,0,wind_sensor_link,15.5,0.0
1790354009322719425,1790354009,200000000,wind_sensor_link,15.5,0.0
1790354009529377367,1790354009,400000000,wind_sensor_link,15.5,0.0
1790354009722425439,1790354009,600000256,wind_sensor_link,15.5,0.0
1790354009929182713,1790354009,800000256,wind_sensor_link,15.5,0.0
1790354010122080954,1790354010,0,wind_sensor_link,15.5,0.0
1790354010328910209,1790354010,200000000,wind_sensor_link,15.5,0.0
1790354010521966910,1790354010,400000000,wind_sensor_link,15.5,0.0
1790354010728659426,1790354010,600000256,wind_sensor_link,15.5,0.0
1790354010921686665,1790354010,800000256,wind_sensor_link,15.5,0.0
1790354011128366700,1790354011,0,wind_sensor_link,15.5,0.0
1790354011321352995,1790354011,200000000,wind_sensor_link,15.5,0.0
1790354011528211360,1790354011,400000000,wind_sensor_link,15.5,0.0
1790354011721173823,1790354011,600000256,wind_sensor_link,15.5,0.0
1790354011928102169,1790354011,800000256,wind_sensor_link,15.5,0.0
1790354012120920985,1790354012,0,wind_sensor_link,15.5,0.0
1790354012327805109,1790354012,200000000,wind_sensor_link,15.5,0.0
1790354012520539815,1790354012,400000000,wind_sensor_link,15.5,0.0
1790354012727350403,1790354012,600000256,wind_sensor_link,15.5,0.0
1790354012920230700,1790354012,800000256,wind_sensor_link,15.5,0.0
1790354013127094935,1790354013,0,wind_sensor_link,15.5,0.0
1790354013320134693,1790354013,200000000,wind_sensor_link,15.5,0.0
1790354013526524324,1790354013,400000000,wind_sensor_link,15.5,0.0
1790354013733996200,1790354013,600000256,wind_sensor_link,15.5,0.0
1790354013926811257,1790354013,800000256,wind_sensor_link,15.5,0.0
1790354014133730473,1790354014,0,wind_sensor_link,15.5,0.0
1790354014326330199,1790354014,200000000,wind_sensor_link,15.5,0.0
1790354014533462691,1790354014,400000000,wind_sensor_link,15.5,0.0
1790354014726006732,1790354014,600000256,wind_sensor_link,15.5,0.0
1790354014933114743,1790354014,800000256,wind_sensor_link,15.5,0.0
1790354015125835967,1790354015,0,wind_sensor_link,15.5,0.0
1790354015332884479,1790354015,200000000,wind_sensor_link,15.5,0.0
1790354015525200634,1790354015,400000000,wind_sensor_link,15.5,0.0
1790354015732461439,1790354015,600000256,wind_sensor_link,15.5,0.0
1790354015925522956,1790354015,800000256,wind_sensor_link,15.5,0.0
1790354016132290100,1790354016,0,wind_sensor_link,15.5,0.0
1790354016324945047,1790354016,200000000,wind_sensor_link,15.5,0.0
1790354016532175057,1790354016,400000000,wind_sensor_link,15.5,0.0
1790354016724663784,1790354016,600000256,wind_sensor_link,15.5,0.0
1790354016931785924,1790354016,800000256,wind_sensor_link,15.5,0.0
1790354017124437742,1790354017,0,wind_sensor_link,15.5,0.0
1790354017331480179,1790354017,200000000,wind_sensor_link,15.5,0.0
1790354017523924018,1790354017,400000000,wind_sensor_link,15.5,0.0
1790354017731042621,1790354017,600000256,wind_sensor_link,15.5,0.0
1790354017923789734,1790354017,800000256,wind_sensor_link,15.5,0.0
1790354018131041002,1790354018,0,wind_sensor_link,15.5,0.0
1790354018323484100,1790354018,200000000,wind_sensor_link,15.5,0.0
1790354018530542797,1790354018,400000000,wind_sensor_link,15.5,0.0
1790354018723150560,1790354018,600000256,wind_sensor_link,15.5,0.0
1790354018930404476,1790354018,800000256,wind_sensor_link,15.5,0.0
1790354019123067312,1790354019,0,wind_sensor_link,15.5,0.0
1790354019330049028,1790354019,200000000,wind_sensor_link,15.5,0.0
1790354019522514996,1790354019,400000000,wind_sensor_link,15.5,0.0
1790354019729972836,1790354019,600000256,wind_sensor_link,15.5,0.0
1790354019922886428,1790354019,800000256,wind_sensor_link,15.5,0.0
1790354020129664554,1790354020,0,wind_sensor_link,15.5,0.0
1790354020322175059,1790354020,200000000,wind_sensor_link,15.5,0.0
1790354020529551381,1790354020,400000000,wind_sensor_link,15.5,0.0
1790354020721971720,1790354020,600000256,wind_sensor_link,15.5,0.0
1790354020929083101,1790354020,800000256,wind_sensor_link,15.5,0.0
1790354021121784603,1790354021,0,wind_sensor_link,15.5,0.0
1790354021328845078,1790354021,200000000,wind_sensor_link,15.5,0.0
1790354021521423693,1790354021,400000000,wind_sensor_link,15.5,0.0
1790354021728506444,1790354021,600000256,wind_sensor_link,15.5,0.0
1790354021921131763,1790354021,800000256,wind_sensor_link,15.5,0.0
1790354022128520288,1790354022,0,wind_sensor_link,15.5,0.0
1790354022320822240,1790354022,200000000,wind_sensor_link,15.5,0.0
1790354022527980268,1790354022,400000000,wind_sensor_link,15.5,0.0
1790354022720568772,1790354022,600000256,wind_sensor_link,15.4,0.0
1790354022927792467,1790354022,800000256,wind_sensor_link,15.4,0.0
1790354023120851409,1790354023,0,wind_sensor_link,15.4,0.0
1790354023327375057,1790354023,200000000,wind_sensor_link,15.4,0.0
1790354023519808673,1790354023,400000000,wind_sensor_link,15.4,0.0
1790354023727004516,1790354023,600000256,wind_sensor_link,15.4,0.0
1790354023919665834,1790354023,800000256,wind_sensor_link,15.4,0.0
1790354024126717605,1790354024,0,wind_sensor_link,15.4,0.0
1790354024319961989,1790354024,200000000,wind_sensor_link,15.4,0.0
1790354024526499914,1790354024,400000000,wind_sensor_link,15.4,0.0
1790354024733820237,1790354024,600000256,wind_sensor_link,15.4,0.0
1790354024926422037,1790354024,800000256,wind_sensor_link,15.4,0.0
1790354025133433456,1790354025,0,wind_sensor_link,15.4,0.0
1790354025326180236,1790354025,200000000,wind_sensor_link,15.4,0.0
1790354025533089601,1790354025,400000000,wind_sensor_link,15.4,0.0
1790354025725842436,1790354025,600000256,wind_sensor_link,15.4,0.0
1790354025933045964,1790354025,800000256,wind_sensor_link,15.4,0.0
1790354026125658819,1790354026,0,wind_sensor_link,15.4,0.0
1790354026332761978,1790354026,200000000,wind_sensor_link,15.4,0.0
1790354026525408074,1790354026,400000000,wind_sensor_link,15.4,0.0
1790354026732453826,1790354026,600000256,wind_sensor_link,15.4,0.0
1790354026925394936,1790354026,800000256,wind_sensor_link,15.4,0.0
1790354027132206710,1790354027,0,wind_sensor_link,15.4,0.0
1790354027324809880,1790354027,200000000,wind_sensor_link,15.4,0.0
1790354027531746152,1790354027,400000000,wind_sensor_link,15.4,0.0
1790354027724533654,1790354027,600000256,wind_sensor_link,15.4,0.0
1790354027931465611,1790354027,800000256,wind_sensor_link,15.4,0.0
1790354028124254353,1790354028,0,wind_sensor_link,15.4,0.0
1790354028331182217,1790354028,200000000,wind_sensor_link,15.4,0.0
1790354028523934201,1790354028,400000000,wind_sensor_link,15.4,0.0
1790354028730887658,1790354028,600000256,wind_sensor_link,15.4,0.0
1790354028924011266,1790354028,800000256,wind_sensor_link,15.4,0.0
1790354029130752911,1790354029,0,wind_sensor_link,15.4,0.0
1790354029323502098,1790354029,200000000,wind_sensor_link,15.4,0.0
1790354029530826847,1790354029,400000000,wind_sensor_link,15.4,0.0
1790354029723209334,1790354029,600000256,wind_sensor_link,15.4,0.0
1790354029930241198,1790354029,800000256,wind_sensor_link,15.4,0.0
1790354030122913719,1790354030,0,wind_sensor_link,15.4,0.0
1790354030330102136,1790354030,200000000,wind_sensor_link,15.4,0.0
1790354030522602734,1790354030,400000000,wind_sensor_link,15.4,0.0
1790354030729829539,1790354030,600000256,wind_sensor_link,15.3,0.0
1790354030922431857,1790354030,800000256,wind_sensor_link,15.3,0.0
1790354031129469536,1790354031,0,wind_sensor_link,15.3,0.0
1790354031322089521,1790354031,200000000,wind_sensor_link,15.3,0.0
1790354031529162698,1790354031,400000000,wind_sensor_link,15.3,0.0
1790354031721787090,1790354031,600000256,wind_sensor_link,15.3,0.0
1790354031928977045,1790354031,800000256,wind_sensor_link,15.3,0.0
1790354032121316033,1790354032,0,wind_sensor_link,15.3,0.0
1790354032328757280,1790354032,200000000,wind_sensor_link,15.3,0.0
1790354032521035047,1790354032,400000000,wind_sensor_link,15.3,0.0
1790354032728418425,1790354032,600000256,wind_sensor_link,15.3,0.0
1790354032920992188,1790354032,800000256,wind_sensor_link,15.3,0.0
1790354033128240919,1790354033,0,wind_sensor_link,15.3,0.0
1790354033321002198,1790354033,200000000,wind_sensor_link,15.3,0.0
1790354033527921304,1790354033,400000000,wind_sensor_link,15.3,0.0
1790354033720951747,1790354033,600000256,wind_sensor_link,15.3,0.0
1790354033927671670,1790354033,800000256,wind_sensor_link,15.3,0.0
1790354034120646150,1790354034,0,wind_sensor_link,15.3,0.0
1790354034327124094,1790354034,200000000,wind_sensor_link,15.3,0.0
1790354034519667340,1790354034,400000000,wind_sensor_link,15.3,0.0
1790354034726930848,1790354034,600000256,wind_sensor_link,15.3,0.0
1790354034919755738,1790354034,800000256,wind_sensor_link,15.3,0.0
1790354035126646029,1790354035,0,wind_sensor_link,15.3,0.0
1790354035319858284,1790354035,200000000,wind_sensor_link,15.3,0.0
1790354035526271600,1790354035,400000000,wind_sensor_link,15.3,0.0
1790354035733683996,1790354035,600000256,wind_sensor_link,15.3,0.0
1790354035926148797,1790354035,800000256,wind_sensor_link,15.3,0.0
1790354036133397454,1790354036,0,wind_sensor_link,15.3,0.0
1790354036325824645,1790354036,200000000,wind_sensor_link,15.3,0.0
1790354036532963544,1790354036,400000000,wind_sensor_link,15.3,0.0
1790354036725723787,1790354036,600000256,wind_sensor_link,15.3,0.0
1790354036932963240,1790354036,800000256,wind_sensor_link,15.3,0.0
1790354037125438912,1790354037,0,wind_sensor_link,15.3,0.0
1790354037332667495,1790354037,200000000,wind_sensor_link,15.3,0.0
1790354037525275166,1790354037,400000000,wind_sensor_link,15.3,0.0
1790354037732318381,1790354037,600000256,wind_sensor_link,15.3,0.0
1790354037924720517,1790354037,800000256,wind_sensor_link,15.3,0.0
1790354038132021858,1790354038,0,wind_sensor_link,15.3,0.0
1790354038324922932,1790354038,200000000,wind_sensor_link,15.3,0.0
1790354038531716576,1790354038,400000000,wind_sensor_link,15.3,0.0
1790354038724448819,1790354038,600000256,wind_sensor_link,15.3,0.0
1790354038931369869,1790354038,800000256,wind_sensor_link,15.3,0.0
1790354039124479570,1790354039,0,wind_sensor_link,15.3,0.0
1790354039331063217,1790354039,200000000,wind_sensor_link,15.3,0.0
1790354039523761293,1790354039,400000000,wind_sensor_link,15.3,0.0
1790354039730989006,1790354039,600000256,wind_sensor_link,15.3,0.0
1790354039923865043,1790354039,800000256,wind_sensor_link,15.3,0.0
1790354040130854463,1790354040,0,wind_sensor_link,15.3,0.0
1790354040323258413,1790354040,200000000,wind_sensor_link,15.3,0.0
1790354040530311591,1790354040,400000000,wind_sensor_link,15.3,0.0
1790354040722929743,1790354040,600000256,wind_sensor_link,15.3,0.0
1790354040930097216,1790354040,800000256,wind_sensor_link,15.3,0.0
1790354041123035104,1790354041,0,wind_sensor_link,15.3,0.0
1790354041329853044,1790354041,200000000,wind_sensor_link,15.3,0.0
1790354041522453159,1790354041,400000000,wind_sensor_link,15.3,0.0
1790354041729369154,1790354041,600000256,wind_sensor_link,15.3,0.0
1790354041922506799,1790354041,800000256,wind_sensor_link,15.3,0.0
1790354042128945540,1790354042,0,wind_sensor_link,15.3,0.0
1790354042321724115,1790354042,200000000,wind_sensor_link,15.3,0.0
1790354042528813682,1790354042,400000000,wind_sensor_link,15.3,0.0
1790354042721701126,1790354042,600000256,wind_sensor_link,15.3,0.0
1790354042928706546,1790354042,800000256,wind_sensor_link,15.3,0.0
1790354043121299642,1790354043,0,wind_sensor_link,15.2,0.0
1790354043328333394,1790354043,200000000,wind_sensor_link,15.2,0.0
1790354043520995990,1790354043,400000000,wind_sensor_link,15.2,0.0
1790354043728157926,1790354043,600000256,wind_sensor_link,15.2,0.0
1790354043920736633,1790354043,800000256,wind_sensor_link,15.2,0.0
1790354044127710294,1790354044,0,wind_sensor_link,15.2,0.0
1790354044320462314,1790354044,200000000,wind_sensor_link,15.2,0.0
1790354044527386660,1790354044,400000000,wind_sensor_link,15.2,0.0
1790354044720572360,1790354044,600000256,wind_sensor_link,15.2,0.0
1790354044927258228,1790354044,800000256,wind_sensor_link,15.2,0.0
1790354045120329115,1790354045,0,wind_sensor_link,15.2,0.0
1790354045327051500,1790354045,200000000,wind_sensor_link,15.2,0.0
1790354045520050314,1790354045,400000000,wind_sensor_link,15.2,0.0
1790354045726842143,1790354045,600000256,wind_sensor_link,15.2,0.0
1790354045919816124,1790354045,800000256,wind_sensor_link,15.2,0.0
1790354046126244550,1790354046,0,wind_sensor_link,15.2,0.0
1790354046333572503,1790354046,200000000,wind_sensor_link,15.2,0.0
1790354046526270375,1790354046,400000000,wind_sensor_link,15.2,0.0
1790354046733248851,1790354046,600000256,wind_sensor_link,15.2,0.0
1790354046925995871,1790354046,800000256,wind_sensor_link,15.2,0.0
1790354047132898143,1790354047,0,wind_sensor_link,15.2,0.0
1790354047325341593,1790354047,200000000,wind_sensor_link,15.2,0.0
1790354047532848673,1790354047,400000000,wind_sensor_link,15.2,0.0
1790354047725041274,1790354047,600000256,wind_sensor_link,15.2,0.0
1790354047932482188,1790354047,800000256,wind_sensor_link,15.2,0.0
1790354048125145247,1790354048,0,wind_sensor_link,15.2,0.0
1790354048332138203,1790354048,200000000,wind_sensor_link,15.2,0.0
1790354048524841761,1790354048,400000000,wind_sensor_link,15.2,0.0
1790354048731974235,1790354048,600000256,wind_sensor_link,15.2,0.0
1790354048924236465,1790354048,800000256,wind_sensor_link,15.2,0.0
1790354049131694230,1790354049,0,wind_sensor_link,15.2,0.0
1790354049324274030,1790354049,200000000,wind_sensor_link,15.2,0.0
1790354049531353652,1790354049,400000000,wind_sensor_link,15.2,0.0
1790354049724005211,1790354049,600000256,wind_sensor_link,15.2,0.0
1790354049931067481,1790354049,800000256,wind_sensor_link,15.2,0.0
1790354050124048610,1790354050,0,wind_sensor_link,15.2,0.0
1790354050330920735,1790354050,200000000,wind_sensor_link,15.2,0.0
1790354050523484239,1790354050,400000000,wind_sensor_link,15.2,0.0
1790354050730502232,1790354050,600000256,wind_sensor_link,15.2,0.0
1790354050923536601,1790354050,800000256,wind_sensor_link,15.2,0.0
1790354051130085877,1790354051,0,wind_sensor_link,15.2,0.0
1790354051322839046,1790354051,200000000,wind_sensor_link,15.2,0.0
1790354051529875465,1790354051,400000000,wind_sensor_link,15.2,0.0
1790354051722671929,1790354051,600000256,wind_sensor_link,15.2,0.0
1790354051929734644,1790354051,800000256,wind_sensor_link,15.2,0.0
1790354052122303463,1790354052,0,wind_sensor_link,15.2,0.0
1790354052329214124,1790354052,200000000,wind_sensor_link,15.2,0.0
1790354052521807535,1790354052,400000000,wind_sensor_link,15.2,0.0
1790354052729072155,1790354052,600000256,wind_sensor_link,15.2,0.0
1790354052922102561,1790354052,800000256,wind_sensor_link,15.2,0.0
1790354053128954186,1790354053,0,wind_sensor_link,15.2,0.0
1790354053321929870,1790354053,200000000,wind_sensor_link,15.2,0.0
1790354053528380166,1790354053,400000000,wind_sensor_link,15.2,0.0
1790354053720695470,1790354053,600000256,wind_sensor_link,15.2,0.0
1790354053928254882,1790354053,800000256,wind_sensor_link,15.2,0.0
1790354054120675777,1790354054,0,wind_sensor_link,15.2,0.0
1790354054328049303,1790354054,200000000,wind_sensor_link,15.2,0.0
1790354054520533901,1790354054,400000000,wind_sensor_link,15.2,0.0
1790354054727824798,1790354054,600000256,wind_sensor_link,15.2,0.0
1790354054920341636,1790354054,800000256,wind_sensor_link,15.2,0.0
1790354055127424276,1790354055,0,wind_sensor_link,15.2,0.0
1790354055319870300,1790354055,200000000,wind_sensor_link,15.2,0.0
1790354055527252511,1790354055,400000000,wind_sensor_link,15.2,0.0
1790354055719863052,1790354055,600000256,wind_sensor_link,15.2,0.0
1790354055926972155,1790354055,800000256,wind_sensor_link,15.2,0.0
1790354056119939914,1790354056,0,wind_sensor_link,15.2,0.0
1790354056326670336,1790354056,200000000,wind_sensor_link,15.2,0.0
1790354056533864679,1790354056,400000000,wind_sensor_link,15.3,0.0
1790354056726678995,1790354056,600000256,wind_sensor_link,15.3,0.0
1790354056933507657,1790354056,800000256,wind_sensor_link,15.3,0.0
1790354057126162808,1790354057,0,wind_sensor_link,15.3,0.0
1790354057333225356,1790354057,200000000,wind_sensor_link,15.3,0.0
1790354057525661658,1790354057,400000000,wind_sensor_link,15.3,0.0
1790354057732949463,1790354057,600000256,wind_sensor_link,15.3,0.0
1790354057925328877,1790354057,800000256,wind_sensor_link,15.3,0.0
1790354058132751180,1790354058,0,wind_sensor_link,15.3,0.0
1790354058325077094,1790354058,200000000,wind_sensor_link,15.3,0.0
1790354058532392677,1790354058,400000000,wind_sensor_link,15.3,0.0
1790354058725110586,1790354058,600000256,wind_sensor_link,15.3,0.0
1790354058932022877,1790354058,800000256,wind_sensor_link,15.3,0.0
1790354059125010246,1790354059,0,wind_sensor_link,15.3,0.0
1790354059331740650,1790354059,200000000,wind_sensor_link,15.3,0.0
1790354059524261599,1790354059,400000000,wind_sensor_link,15.3,0.0
1790354059731644533,1790354059,600000256,wind_sensor_link,15.3,0.0
1790354059924239333,1790354059,800000256,wind_sensor_link,15.3,0.0
1790354060131313455,1790354060,0,wind_sensor_link,15.3,0.0
1790354060323887088,1790354060,200000000,wind_sensor_link,15.3,0.0
1790354060531144875,1790354060,400000000,wind_sensor_link,15.3,0.0
1790354060723633380,1790354060,600000256,wind_sensor_link,15.3,0.0
1790354060930642558,1790354060,800000256,wind_sensor_link,15.3,0.0
1790354061123415023,1790354061,0,wind_sensor_link,15.3,0.0
1790354061330309462,1790354061,200000000,wind_sensor_link,15.3,0.0
1790354061522887744,1790354061,400000000,wind_sensor_link,15.3,0.0
1790354061729988273,1790354061,600000256,wind_sensor_link,15.3,0.0
1790354061923133122,1790354061,800000256,wind_sensor_link,15.3,0.0
1790354062129858674,1790354062,0,wind_sensor_link,15.3,0.0
1790354062322862673,1790354062,200000000,wind_sensor_link,15.3,0.0
1790354062529486838,1790354062,400000000,wind_sensor_link,15.3,0.0
1790354062722665242,1790354062,600000256,wind_sensor_link,15.4,0.0
1790354062929357628,1790354062,800000256,wind_sensor_link,15.4,0.0
1790354063122334145,1790354063,0,wind_sensor_link,15.4,0.0
1790354063329013513,1790354063,200000000,wind_sensor_link,15.4,0.0
1790354063521375927,1790354063,400000000,wind_sensor_link,15.4,0.0
1790354063728882711,1790354063,600000256,wind_sensor_link,15.4,0.0
1790354063921222569,1790354063,800000256,wind_sensor_link,15.4,0.0
1790354064128560799,1790354064,0,wind_sensor_link,15.4,0.0
1790354064321138544,1790354064,200000000,wind_sensor_link,15.4,0.0
1790354064527941873,1790354064,400000000,wind_sensor_link,15.4,0.0
1790354064720350953,1790354064,600000256,wind_sensor_link,15.4,0.0
1790354064927692146,1790354064,800000256,wind_sensor_link,15.4,0.0
1790354065120306576,1790354065,0,wind_sensor_link,15.4,0.0
1790354065327822711,1790354065,200000000,wind_sensor_link,15.4,0.0
1790354065520821524,1790354065,400000000,wind_sensor_link,15.4,0.0
1790354065727413245,1790354065,600000256,wind_sensor_link,15.4,0.0
1790354065920410318,1790354065,800000256,wind_sensor_link,15.4,0.0
1790354066127169148,1790354066,0,wind_sensor_link,15.4,0.0
1790354066320145961,1790354066,200000000,wind_sensor_link,15.4,0.0
1790354066526774404,1790354066,400000000,wind_sensor_link,15.4,0.0
1790354066719650534,1790354066,600000256,wind_sensor_link,15.4,0.0
1790354066926646657,1790354066,800000256,wind_sensor_link,15.4,0.0
1790354067119688544,1790354067,0,wind_sensor_link,15.4,0.0
1790354067326329264,1790354067,200000000,wind_sensor_link,15.4,0.0
1790354067533468108,1790354067,400000000,wind_sensor_link,15.4,0.0
1790354067726075685,1790354067,600000256,wind_sensor_link,15.4,0.0
1790354067933157530,1790354067,800000256,wind_sensor_link,15.4,0.0
1790354068125854736,1790354068,0,wind_sensor_link,15.4,0.0
1790354068332828692,1790354068,200000000,wind_sensor_link,15.4,0.0
1790354068525362364,1790354068,400000000,wind_sensor_link,15.4,0.0
1790354068732651853,1790354068,600000256,wind_sensor_link,15.4,0.0
1790354068925229709,1790354068,800000256,wind_sensor_link,15.4,0.0
1790354069132323868,1790354069,0,wind_sensor_link,15.4,0.0
1790354069324970316,1790354069,200000000,wind_sensor_link,15.4,0.0
1790354069531975235,1790354069,400000000,wind_sensor_link,15.4,0.0
1790354069724698774,1790354069,600000256,wind_sensor_link,15.4,0.0
1790354069931780081,1790354069,800000256,wind_sensor_link,15.4,0.0
1790354070124414992,1790354070,0,wind_sensor_link,15.4,0.0
1790354070331352745,1790354070,200000000,wind_sensor_link,15.4,0.0
1790354070524066655,1790354070,400000000,wind_sensor_link,15.4,0.0
1790354070731357589,1790354070,600000256,wind_sensor_link,15.4,0.0
1790354070923652745,1790354070,800000256,wind_sensor_link,15.4,0.0
1790354071130921550,1790354071,0,wind_sensor_link,15.4,0.0
1790354071323490535,1790354071,200000000,wind_sensor_link,15.4,0.0
1790354071530961023,1790354071,400000000,wind_sensor_link,15.4,0.0
1790354071723295993,1790354071,600000256,wind_sensor_link,15.4,0.0
1790354071930209228,1790354071,800000256,wind_sensor_link,15.4,0.0
1790354072123030600,1790354072,0,wind_sensor_link,15.4,0.0
1790354072329919909,1790354072,200000000,wind_sensor_link,15.4,0.0
1790354072522680337,1790354072,400000000,wind_sensor_link,15.4,0.0
1790354072729719552,1790354072,600000256,wind_sensor_link,15.4,0.0
1790354072922823809,1790354072,800000256,wind_sensor_link,15.4,0.0
1790354073129503139,1790354073,0,wind_sensor_link,15.4,0.0
1790354073322515675,1790354073,200000000,wind_sensor_link,15.4,0.0
1790354073529209580,1790354073,400000000,wind_sensor_link,15.4,0.0
1790354073721559142,1790354073,600000256,wind_sensor_link,15.4,0.0
1790354073929049074,1790354073,800000256,wind_sensor_link,15.4,0.0
1790354074121564486,1790354074,0,wind_sensor_link,15.4,0.0
1790354074328735736,1790354074,200000000,wind_sensor_link,15.4,0.0
1790354074521375147,1790354074,400000000,wind_sensor_link,15.4,0.0
1790354074728413233,1790354074,600000256,wind_sensor_link,15.4,0.0
1790354074921263604,1790354074,800000256,wind_sensor_link,15.4,0.0
1790354075127953675,1790354075,0,wind_sensor_link,15.4,0.0
1790354075320646585,1790354075,200000000,wind_sensor_link,15.4,0.0
1790354075527683948,1790354075,400000000,wind_sensor_link,15.4,0.0
1790354075720937759,1790354075,600000256,wind_sensor_link,15.4,0.0
1790354075927570905,1790354075,800000256,wind_sensor_link,15.4,0.0
1790354076119746339,1790354076,0,wind_sensor_link,15.4,0.0
1790354076327050811,1790354076,200000000,wind_sensor_link,15.4,0.0
1790354076519927089,1790354076,400000000,wind_sensor_link,15.4,0.0
1790354076727117061,1790354076,600000256,wind_sensor_link,15.4,0.0
1790354076919996321,1790354076,800000256,wind_sensor_link,15.4,0.0
1790354077126668188,1790354077,0,wind_sensor_link,15.4,0.0
1790354077319887925,1790354077,200000000,wind_sensor_link,15.4,0.0
1790354077526280685,1790354077,400000000,wind_sensor_link,15.4,0.0
1790354077733686859,1790354077,600000256,wind_sensor_link,15.4,0.0
1790354077926467990,1790354077,800000256,wind_sensor_link,15.4,0.0
1790354078133325985,1790354078,0,wind_sensor_link,15.4,0.0
1790354078325970637,1790354078,200000000,wind_sensor_link,15.4,0.0
1790354078532948982,1790354078,400000000,wind_sensor_link,15.4,0.0
1790354078725737391,1790354078,600000256,wind_sensor_link,15.4,0.0
1790354078932660385,1790354078,800000256,wind_sensor_link,15.4,0.0
1790354079125388443,1790354079,0,wind_sensor_link,15.4,0.0
1790354079332390658,1790354079,200000000,wind_sensor_link,15.4,0.0
1790354079525190271,1790354079,400000000,wind_sensor_link,15.4,0.0
1790354079732471983,1790354079,600000256,wind_sensor_link,15.4,0.0
1790354079925213837,1790354079,800000256,wind_sensor_link,15.4,0.0
1790354080132007462,1790354080,0,wind_sensor_link,15.4,0.0
1790354080324522449,1790354080,200000000,wind_sensor_link,15.4,0.0
1790354080532071343,1790354080,400000000,wind_sensor_link,15.4,0.0
1790354080724259666,1790354080,600000256,wind_sensor_link,15.4,0.0
1790354080931429065,1790354080,800000256,wind_sensor_link,15.4,0.0
1790354081124125530,1790354081,0,wind_sensor_link,15.4,0.0
1790354081331149968,1790354081,200000000,wind_sensor_link,15.4,0.0
1790354081523769657,1790354081,400000000,wind_sensor_link,15.4,0.0
1790354081730795242,1790354081,600000256,wind_sensor_link,15.4,0.0
1790354081923244414,1790354081,800000256,wind_sensor_link,15.4,0.0
1790354082130445998,1790354082,0,wind_sensor_link,15.4,0.0
1790354082323271980,1790354082,200000000,wind_sensor_link,15.4,0.0
1790354082530359084,1790354082,400000000,wind_sensor_link,15.4,0.0
1790354082722928773,1790354082,600000256,wind_sensor_link,15.4,0.0
1790354082930013154,1790354082,800000256,wind_sensor_link,15.4,0.0
1790354083123007024,1790354083,0,wind_sensor_link,15.4,0.0
1790354083329817612,1790354083,200000000,wind_sensor_link,15.4,0.0
1790354083522758759,1790354083,400000000,wind_sensor_link,15.4,0.0
1790354083729486256,1790354083,600000256,wind_sensor_link,15.4,0.0
1790354083921916725,1790354083,800000256,wind_sensor_link,15.4,0.0
1790354084129248103,1790354084,0,wind_sensor_link,15.4,0.0
1790354084321880958,1790354084,200000000,wind_sensor_link,15.4,0.0
1790354084528843600,1790354084,400000000,wind_sensor_link,15.4,0.0
1790354084721543732,1790354084,600000256,wind_sensor_link,15.4,0.0
1790354084928702872,1790354084,800000256,wind_sensor_link,15.4,0.0
1790354085121286987,1790354085,0,wind_sensor_link,15.4,0.0
1790354085328428034,1790354085,200000000,wind_sensor_link,15.4,0.0
1790354085521026779,1790354085,400000000,wind_sensor_link,15.4,0.0
1790354085728104364,1790354085,600000256,wind_sensor_link,15.4,0.0
1790354085920740719,1790354085,800000256,wind_sensor_link,15.4,0.0
1790354086127800545,1790354086,0,wind_sensor_link,15.4,0.0
1790354086320491695,1790354086,200000000,wind_sensor_link,15.4,0.0
1790354086527434430,1790354086,400000000,wind_sensor_link,15.4,0.0
1790354086720230339,1790354086,600000256,wind_sensor_link,15.4,0.0
1790354086927318757,1790354086,800000256,wind_sensor_link,15.4,0.0
1790354087119650042,1790354087,0,wind_sensor_link,15.4,0.0
1790354087327081030,1790354087,200000000,wind_sensor_link,15.4,0.0
1790354087520101158,1790354087,400000000,wind_sensor_link,15.4,0.0
1790354087726629565,1790354087,600000256,wind_sensor_link,15.4,0.0
1790354087919836061,1790354087,800000256,wind_sensor_link,15.4,0.0
1790354088126249562,1790354088,0,wind_sensor_link,15.4,0.0
1790354088333674828,1790354088,200000000,wind_sensor_link,15.4,0.0
1790354088525966076,1790354088,400000000,wind_sensor_link,15.4,0.0
1790354088733201529,1790354088,600000256,wind_sensor_link,15.4,0.0
1790354088925958679,1790354088,800000256,wind_sensor_link,15.4,0.0
1790354089133041579,1790354089,0,wind_sensor_link,15.4,0.0
1790354089325689545,1790354089,200000000,wind_sensor_link,15.4,0.0
1790354089532972054,1790354089,400000000,wind_sensor_link,15.4,0.0
1790354089725353523,1790354089,600000256,wind_sensor_link,15.4,0.0
1790354089932497626,1790354089,800000256,wind_sensor_link,15.4,0.0
1790354090125156795,1790354090,0,wind_sensor_link,15.4,0.0
1790354090332223566,1790354090,200000000,wind_sensor_link,15.4,0.0
1790354090524897920,1790354090,400000000,wind_sensor_link,15.4,0.0
1790354090731948376,1790354090,600000256,wind_sensor_link,15.4,0.0
1790354090924512436,1790354090,800000256,wind_sensor_link,15.4,0.0
1790354091131750982,1790354091,0,wind_sensor_link,15.4,0.0
1790354091324265357,1790354091,200000000,wind_sensor_link,15.4,0.0
1790354091531296405,1790354091,400000000,wind_sensor_link,15.4,0.0
1790354091724062648,1790354091,600000256,wind_sensor_link,15.4,0.0
1790354091931127344,1790354091,800000256,wind_sensor_link,15.4,0.0
1790354092123787292,1790354092,0,wind_sensor_link,15.4,0.0
1790354092330726730,1790354092,200000000,wind_sensor_link,15.4,0.0
1790354092523495176,1790354092,400000000,wind_sensor_link,15.4,0.0
1790354092730478836,1790354092,600000256,wind_sensor_link,15.4,0.0
1790354092923692907,1790354092,800000256,wind_sensor_link,15.4,0.0
1790354093130249146,1790354093,0,wind_sensor_link,15.4,0.0
1790354093323205423,1790354093,200000000,wind_sensor_link,15.4,0.0
1790354093530057641,1790354093,400000000,wind_sensor_link,15.4,0.0
1790354093722739125,1790354093,600000256,wind_sensor_link,15.4,0.0
1790354093929913524,1790354093,800000256,wind_sensor_link,15.4,0.0
1790354094122779857,1790354094,0,wind_sensor_link,15.4,0.0
1790354094329448096,1790354094,200000000,wind_sensor_link,15.4,0.0
1790354094522158802,1790354094,400000000,wind_sensor_link,15.4,0.0
1790354094729257868,1790354094,600000256,wind_sensor_link,15.4,0.0
1790354094921909667,1790354094,800000256,wind_sensor_link,15.4,0.0
1790354095129010585,1790354095,0,wind_sensor_link,15.4,0.0
1790354095321979659,1790354095,200000000,wind_sensor_link,15.4,0.0
1790354095528670730,1790354095,400000000,wind_sensor_link,15.4,0.0
1790354095721086347,1790354095,600000256,wind_sensor_link,15.4,0.0
1790354095928389985,1790354095,800000256,wind_sensor_link,15.4,0.0
1790354096120817750,1790354096,0,wind_sensor_link,15.4,0.0
1790354096328443180,1790354096,200000000,wind_sensor_link,15.4,0.0
1790354096520438876,1790354096,400000000,wind_sensor_link,15.4,0.0
1790354096728193434,1790354096,600000256,wind_sensor_link,15.4,0.0
1790354096920371110,1790354096,800000256,wind_sensor_link,15.4,0.0
1790354097127528879,1790354097,0,wind_sensor_link,15.4,0.0
1790354097320325380,1790354097,200000000,wind_sensor_link,15.4,0.0
1790354097527299819,1790354097,400000000,wind_sensor_link,15.4,0.0
1790354097719915174,1790354097,600000256,wind_sensor_link,15.4,0.0
1790354097927078573,1790354097,800000256,wind_sensor_link,15.4,0.0
1790354098120014165,1790354098,0,wind_sensor_link,15.4,0.0
1790354098326787698,1790354098,200000000,wind_sensor_link,15.4,0.0
1790354098519400183,1790354098,400000000,wind_sensor_link,15.4,0.0
1790354098726426898,1790354098,600000256,wind_sensor_link,15.4,0.0
1790354098933700740,1790354098,800000256,wind_sensor_link,15.4,0.0
1790354099125955248,1790354099,0,wind_sensor_link,15.4,0.0
1790354099333327811,1790354099,200000000,wind_sensor_link,15.4,0.0
1790354099525753150,1790354099,400000000,wind_sensor_link,15.4,0.0
1790354099733097399,1790354099,600000256,wind_sensor_link,15.4,0.0
1790354099925651403,1790354099,800000256,wind_sensor_link,15.4,0.0
1790354100132687989,1790354100,0,wind_sensor_link,15.4,0.0
1790354100325246567,1790354100,200000000,wind_sensor_link,15.4,0.0
1790354100532387188,1790354100,400000000,wind_sensor_link,15.4,0.0
1790354100725051728,1790354100,600000256,wind_sensor_link,15.4,0.0
1790354100932224719,1790354100,800000256,wind_sensor_link,15.4,0.0
1790354101124896037,1790354101,0,wind_sensor_link,15.4,0.0
1790354101331910993,1790354101,200000000,wind_sensor_link,15.4,0.0
1790354101524953769,1790354101,400000000,wind_sensor_link,15.4,0.0
1790354101731498453,1790354101,600000256,wind_sensor_link,15.4,0.0
1790354101924621099,1790354101,800000256,wind_sensor_link,15.4,0.0
1790354102131434095,1790354102,0,wind_sensor_link,15.4,0.0
1790354102324039746,1790354102,200000000,wind_sensor_link,15.4,0.0
1790354102530970222,1790354102,400000000,wind_sensor_link,15.4,0.0
1790354102723804649,1790354102,600000256,wind_sensor_link,15.4,0.0
1790354102930731532,1790354102,800000256,wind_sensor_link,15.4,0.0
1790354103123490534,1790354103,0,wind_sensor_link,15.4,0.0
1790354103330627562,1790354103,200000000,wind_sensor_link,15.4,0.0
1790354103523260010,1790354103,400000000,wind_sensor_link,15.4,0.0
1790354103730115228,1790354103,600000256,wind_sensor_link,15.4,0.0
1790354103922693954,1790354103,800000256,wind_sensor_link,15.4,0.0
1790354104129979258,1790354104,0,wind_sensor_link,15.4,0.0
1790354104322663557,1790354104,200000000,wind_sensor_link,15.4,0.0
1790354104529856345,1790354104,400000000,wind_sensor_link,15.4,0.0
1790354104722346572,1790354104,600000256,wind_sensor_link,15.4,0.0
1790354104929772542,1790354104,800000256,wind_sensor_link,15.4,0.0
1790354105122141252,1790354105,0,wind_sensor_link,15.4,0.0
1790354105329451964,1790354105,200000000,wind_sensor_link,15.4,0.0
1790354105521892173,1790354105,400000000,wind_sensor_link,15.4,0.0
1790354105728941999,1790354105,600000256,wind_sensor_link,15.4,0.0
1790354105921894350,1790354105,800000256,wind_sensor_link,15.4,0.0
1790354106128690624,1790354106,0,wind_sensor_link,15.4,0.0
1790354106321321812,1790354106,200000000,wind_sensor_link,15.4,0.0
1790354106528300528,1790354106,400000000,wind_sensor_link,15.4,0.0
1790354106720748941,1790354106,600000256,wind_sensor_link,15.4,0.0
1790354106927892526,1790354106,800000256,wind_sensor_link,15.4,0.0
1790354107120811155,1790354107,0,wind_sensor_link,15.4,0.0
1790354107327704965,1790354107,200000000,wind_sensor_link,15.4,0.0
1790354107520433467,1790354107,400000000,wind_sensor_link,15.4,0.0
1790354107727522718,1790354107,600000256,wind_sensor_link,15.4,0.0
1790354107920189406,1790354107,800000256,wind_sensor_link,15.4,0.0
1790354108127090105,1790354108,0,wind_sensor_link,15.4,0.0
1790354108319873217,1790354108,200000000,wind_sensor_link,15.4,0.0
1790354108527057893,1790354108,400000000,wind_sensor_link,15.4,0.0
1790354108720041874,1790354108,600000256,wind_sensor_link,15.4,0.0
1790354108926443523,1790354108,800000256,wind_sensor_link,15.4,0.0
1790354109119296783,1790354109,0,wind_sensor_link,15.4,0.0
1790354109326382997,1790354109,200000000,wind_sensor_link,15.4,0.0
1790354109533443582,1790354109,400000000,wind_sensor_link,15.4,0.0
1790354109726104382,1790354109,600000256,wind_sensor_link,15.4,0.0
1790354109933230355,1790354109,800000256,wind_sensor_link,15.4,0.0
1790354110125912265,1790354110,0,wind_sensor_link,15.3,0.0
1790354110332973313,1790354110,200000000,wind_sensor_link,15.3,0.0
1790354110525676390,1790354110,400000000,wind_sensor_link,15.3,0.0
1790354110732531441,1790354110,600000256,wind_sensor_link,15.3,0.0
1790354110925292257,1790354110,800000256,wind_sensor_link,15.3,0.0
1790354111132516581,1790354111,0,wind_sensor_link,15.3,0.0
1790354111324864495,1790354111,200000000,wind_sensor_link,15.3,0.0
1790354111532158300,1790354111,400000000,wind_sensor_link,15.3,0.0
1790354111724838025,1790354111,600000256,wind_sensor_link,15.3,0.0
1790354111931892203,1790354111,800000256,wind_sensor_link,15.3,0.0
1790354112124510928,1790354112,0,wind_sensor_link,15.3,0.0
1790354112331521311,1790354112,200000000,wind_sensor_link,15.3,0.0
1790354112524195906,1790354112,400000000,wind_sensor_link,15.3,0.0
1790354112731228158,1790354112,600000256,wind_sensor_link,15.3,0.0
1790354112924008234,1790354112,800000256,wind_sensor_link,15.3,0.0
1790354113130965172,1790354113,0,wind_sensor_link,15.3,0.0
1790354113323462788,1790354113,200000000,wind_sensor_link,15.3,0.0
1790354113530876795,1790354113,400000000,wind_sensor_link,15.3,0.0
1790354113723406725,1790354113,600000256,wind_sensor_link,15.3,0.0
1790354113930556754,1790354113,800000256,wind_sensor_link,15.3,0.0
1790354114123164943,1790354114,0,wind_sensor_link,15.3,0.0
1790354114330288675,1790354114,200000000,wind_sensor_link,15.3,0.0
1790354114522896438,1790354114,400000000,wind_sensor_link,15.3,0.0
1790354114730016486,1790354114,600000256,wind_sensor_link,15.3,0.0
1790354114922561490,1790354114,800000256,wind_sensor_link,15.3,0.0
1790354115129783796,1790354115,0,wind_sensor_link,15.3,0.0
1790354115322021285,1790354115,200000000,wind_sensor_link,15.3,0.0
1790354115529443051,1790354115,400000000,wind_sensor_link,15.3,0.0
1790354115721843391,1790354115,600000256,wind_sensor_link,15.3,0.0
1790354115929168417,1790354115,800000256,wind_sensor_link,15.3,0.0
1790354116121883012,1790354116,0,wind_sensor_link,15.3,0.0
1790354116329040837,1790354116,200000000,wind_sensor_link,15.3,0.0
1790354116522657291,1790354116,400000000,wind_sensor_link,15.3,0.0
1790354116728735462,1790354116,600000256,wind_sensor_link,15.3,0.0
1790354116921701573,1790354116,800000256,wind_sensor_link,15.3,0.0
1790354117128422310,1790354117,0,wind_sensor_link,15.3,0.0
1790354117320807891,1790354117,200000000,wind_sensor_link,15.2,0.0
1790354117528170435,1790354117,400000000,wind_sensor_link,15.2,0.0
1790354117720841012,1790354117,600000256,wind_sensor_link,15.2,0.0
1790354117927961097,1790354117,800000256,wind_sensor_link,15.2,0.0
1790354118120471675,1790354118,0,wind_sensor_link,15.2,0.0
1790354118327424021,1790354118,200000000,wind_sensor_link,15.2,0.0
1790354118520715387,1790354118,400000000,wind_sensor_link,15.2,0.0
1790354118727200831,1790354118,600000256,wind_sensor_link,15.2,0.0
1790354118920401901,1790354118,800000256,wind_sensor_link,15.2,0.0
1790354119127097602,1790354119,0,wind_sensor_link,15.2,0.0
1790354119319395443,1790354119,200000000,wind_sensor_link,15.2,0.0
1790354119526734599,1790354119,400000000,wind_sensor_link,15.2,0.0
1790354119719791745,1790354119,600000256,wind_sensor_link,15.2,0.0
1790354119926519131,1790354119,800000256,wind_sensor_link,15.2,0.0
1790354120119692609,1790354120,0,wind_sensor_link,15.2,0.0
1790354120326257385,1790354120,200000000,wind_sensor_link,15.2,0.0
1790354120533354803,1790354120,400000000,wind_sensor_link,15.2,0.0
1790354120726025751,1790354120,600000256,wind_sensor_link,15.2,0.0
1790354120933128910,1790354120,800000256,wind_sensor_link,15.2,0.0
1790354121125753894,1790354121,0,wind_sensor_link,15.2,0.0
1790354121332956126,1790354121,200000000,wind_sensor_link,15.2,0.0
1790354121525509723,1790354121,400000000,wind_sensor_link,15.2,0.0
1790354121732453735,1790354121,600000256,wind_sensor_link,15.2,0.0
1790354121925264607,1790354121,800000256,wind_sensor_link,15.2,0.0
1790354122132307859,1790354122,0,wind_sensor_link,15.2,0.0
1790354122325046380,1790354122,200000000,wind_sensor_link,15.2,0.0
1790354122532193501,1790354122,400000000,wind_sensor_link,15.2,0.0
1790354122724802060,1790354122,600000256,wind_sensor_link,15.2,0.0
1790354122931769183,1790354122,800000256,wind_sensor_link,15.2,0.0
1790354123124465334,1790354123,0,wind_sensor_link,15.2,0.0
1790354123331456883,1790354123,200000000,wind_sensor_link,15.2,0.0
1790354123524120368,1790354123,400000000,wind_sensor_link,15.2,0.0
1790354123731363469,1790354123,600000256,wind_sensor_link,15.2,0.0
1790354123923754846,1790354123,800000256,wind_sensor_link,15.2,0.0
1790354124131035410,1790354124,0,wind_sensor_link,15.2,0.0
1790354124323677450,1790354124,200000000,wind_sensor_link,15.2,0.0
1790354124530764016,1790354124,400000000,wind_sensor_link,15.2,0.0
1790354124723678349,1790354124,600000256,wind_sensor_link,15.1,0.0
1790354124930541585,1790354124,800000256,wind_sensor_link,15.1,0.0
1790354125123158052,1790354125,0,wind_sensor_link,15.1,0.0
1790354125330086861,1790354125,200000000,wind_sensor_link,15.1,0.0
1790354125523252265,1790354125,400000000,wind_sensor_link,15.1,0.0
1790354125729949114,1790354125,600000256,wind_sensor_link,15.1,0.0
1790354125922677338,1790354125,800000256,wind_sensor_link,15.1,0.0
1790354126129726757,1790354126,0,wind_sensor_link,15.1,0.0
1790354126322289854,1790354126,200000000,wind_sensor_link,15.1,0.0
1790354126529378568,1790354126,400000000,wind_sensor_link,15.1,0.0
1790354126722052108,1790354126,600000256,wind_sensor_link,15.1,0.0
1790354126928958455,1790354126,800000256,wind_sensor_link,15.1,0.0
1790354127121410627,1790354127,0,wind_sensor_link,15.1,0.0
1790354127328652228,1790354127,200000000,wind_sensor_link,15.1,0.0
1790354127521384175,1790354127,400000000,wind_sensor_link,15.1,0.0
1790354127728645202,1790354127,600000256,wind_sensor_link,15.1,0.0
1790354127920913858,1790354127,800000256,wind_sensor_link,15.1,0.0
1790354128128139941,1790354128,0,wind_sensor_link,15.1,0.0
1790354128321340326,1790354128,200000000,wind_sensor_link,15.1,0.0
1790354128528022472,1790354128,400000000,wind_sensor_link,15.1,0.0
1790354128720527328,1790354128,600000256,wind_sensor_link,15.1,0.0
1790354128927683264,1790354128,800000256,wind_sensor_link,15.1,0.0
1790354129120707763,1790354129,0,wind_sensor_link,15.1,0.0
1790354129327381242,1790354129,200000000,wind_sensor_link,15.1,0.0
1790354129520399092,1790354129,400000000,wind_sensor_link,15.1,0.0
1790354129727113478,1790354129,600000256,wind_sensor_link,15.1,0.0
1790354129920094792,1790354129,800000256,wind_sensor_link,15.1,0.0
1790354130126904121,1790354130,0,wind_sensor_link,15.1,0.0
1790354130319859009,1790354130,200000000,wind_sensor_link,15.1,0.0
1790354130526537803,1790354130,400000000,wind_sensor_link,15.1,0.0
1790354130719562931,1790354130,600000256,wind_sensor_link,15.1,0.0
1790354130926296427,1790354130,800000256,wind_sensor_link,15.1,0.0
1790354131133459974,1790354131,0,wind_sensor_link,15.1,0.0
1790354131325973053,1790354131,200000000,wind_sensor_link,15.1,0.0
1790354131533346616,1790354131,400000000,wind_sensor_link,15.1,0.0
1790354131725732122,1790354131,600000256,wind_sensor_link,15.1,0.0
1790354131932853763,1790354131,800000256,wind_sensor_link,15.1,0.0
1790354132125519765,1790354132,0,wind_sensor_link,15.1,0.0
1790354132332537388,1790354132,200000000,wind_sensor_link,15.1,0.0
1790354132525163651,1790354132,400000000,wind_sensor_link,15.1,0.0
1790354132732359438,1790354132,600000256,wind_sensor_link,15.1,0.0
1790354132924983071,1790354132,800000256,wind_sensor_link,15.1,0.0
1790354133132043101,1790354133,0,wind_sensor_link,15.1,0.0
1790354133324456107,1790354133,200000000,wind_sensor_link,15.1,0.0
1790354133531776300,1790354133,400000000,wind_sensor_link,15.1,0.0
1790354133724434192,1790354133,600000256,wind_sensor_link,15.1,0.0
1790354133931548073,1790354133,800000256,wind_sensor_link,15.1,0.0
1790354134124138447,1790354134,0,wind_sensor_link,15.1,0.0
1790354134331222199,1790354134,200000000,wind_sensor_link,15.1,0.0
1790354134524219271,1790354134,400000000,wind_sensor_link,15.1,0.0
1790354134730973657,1790354134,600000256,wind_sensor_link,15.1,0.0
1790354134923542235,1790354134,800000256,wind_sensor_link,15.1,0.0
1790354135130698060,1790354135,0,wind_sensor_link,15.1,0.0
1790354135323278841,1790354135,200000000,wind_sensor_link,15.1,0.0
1790354135530419741,1790354135,400000000,wind_sensor_link,15.1,0.0
1790354135723018337,1790354135,600000256,wind_sensor_link,15.1,0.0
1790354135930370659,1790354135,800000256,wind_sensor_link,15.1,0.0
1790354136122870646,1790354136,0,wind_sensor_link,15.1,0.0
1790354136330174617,1790354136,200000000,wind_sensor_link,15.1,0.0
1790354136522542031,1790354136,400000000,wind_sensor_link,15.1,0.0
1790354136729688782,1790354136,600000256,wind_sensor_link,15.1,0.0
1790354136922308396,1790354136,800000256,wind_sensor_link,15.1,0.0
1790354137129483480,1790354137,0,wind_sensor_link,15.1,0.0
1790354137322362851,1790354137,200000000,wind_sensor_link,15.1,0.0
1790354137529219938,1790354137,400000000,wind_sensor_link,15.1,0.0
1790354137721838738,1790354137,600000256,wind_sensor_link,15.1,0.0
1790354137928936953,1790354137,800000256,wind_sensor_link,15.1,0.0
1790354138121349792,1790354138,0,wind_sensor_link,15.1,0.0
1790354138328869890,1790354138,200000000,wind_sensor_link,15.1,0.0
1790354138521116213,1790354138,400000000,wind_sensor_link,15.1,0.0
1790354138728523553,1790354138,600000256,wind_sensor_link,15.1,0.0
1790354138921525163,1790354138,800000256,wind_sensor_link,15.1,0.0
1790354139128335492,1790354139,0,wind_sensor_link,15.1,0.0
1790354139320637833,1790354139,200000000,wind_sensor_link,15.1,0.0
1790354139527741991,1790354139,400000000,wind_sensor_link,15.1,0.0
1790354139719974222,1790354139,600000256,wind_sensor_link,15.1,0.0
1790354139927795927,1790354139,800000256,wind_sensor_link,15.1,0.0
1790354140120672057,1790354140,0,wind_sensor_link,15.1,0.0
1790354140327461053,1790354140,200000000,wind_sensor_link,15.1,0.0
1790354140520099205,1790354140,400000000,wind_sensor_link,15.1,0.0
1790354140727188141,1790354140,600000256,wind_sensor_link,15.1,0.0
1790354140920264176,1790354140,800000256,wind_sensor_link,15.1,0.0
1790354141127216189,1790354141,0,wind_sensor_link,15.1,0.0
1790354141319654417,1790354141,200000000,wind_sensor_link,15.1,0.0
1790354141526749205,1790354141,400000000,wind_sensor_link,15.1,0.0
1790354141719743723,1790354141,600000256,wind_sensor_link,15.1,0.0
1790354141926445942,1790354141,800000256,wind_sensor_link,15.1,0.0
1790354142119510107,1790354142,0,wind_sensor_link,15.1,0.0
1790354142325998588,1790354142,200000000,wind_sensor_link,15.1,0.0
1790354142533387336,1790354142,400000000,wind_sensor_link,15.1,0.0
1790354142725948340,1790354142,600000256,wind_sensor_link,15.1,0.0
1790354142933105128,1790354142,800000256,wind_sensor_link,15.1,0.0
1790354143125534170,1790354143,0,wind_sensor_link,15.1,0.0
1790354143332714736,1790354143,200000000,wind_sensor_link,15.1,0.0
1790354143525503311,1790354143,400000000,wind_sensor_link,15.1,0.0
1790354143732419065,1790354143,600000256,wind_sensor_link,15.1,0.0
1790354143925000013,1790354143,800000256,wind_sensor_link,15.1,0.0
1790354144132286392,1790354144,0,wind_sensor_link,15.1,0.0
1790354144324755138,1790354144,200000000,wind_sensor_link,15.1,0.0
1790354144531979906,1790354144,400000000,wind_sensor_link,15.1,0.0
1790354144724924165,1790354144,600000256,wind_sensor_link,15.1,0.0
1790354144931780345,1790354144,800000256,wind_sensor_link,15.1,0.0
1790354145124273350,1790354145,0,wind_sensor_link,15.1,0.0
1790354145331556637,1790354145,200000000,wind_sensor_link,15.1,0.0
1790354145524301472,1790354145,400000000,wind_sensor_link,15.1,0.0
1790354145731379798,1790354145,600000256,wind_sensor_link,15.1,0.0
1790354145924036208,1790354145,800000256,wind_sensor_link,15.1,0.0
1790354146131126237,1790354146,0,wind_sensor_link,15.1,0.0
1790354146323444670,1790354146,200000000,wind_sensor_link,15.1,0.0
1790354146530894066,1790354146,400000000,wind_sensor_link,15.1,0.0
1790354146723221980,1790354146,600000256,wind_sensor_link,15.1,0.0
1790354146930545155,1790354146,800000256,wind_sensor_link,15.1,0.0
1790354147123035067,1790354147,0,wind_sensor_link,15.2,0.0
1790354147330431352,1790354147,200000000,wind_sensor_link,15.2,0.0
1790354147523051226,1790354147,400000000,wind_sensor_link,15.2,0.0
1790354147730206180,1790354147,600000256,wind_sensor_link,15.2,0.0
1790354147922844665,1790354147,800000256,wind_sensor_link,15.2,0.0
1790354148129722623,1790354148,0,wind_sensor_link,15.2,0.0
1790354148322683419,1790354148,200000000,wind_sensor_link,15.2,0.0
1790354148529495673,1790354148,400000000,wind_sensor_link,15.2,0.0
1790354148722150454,1790354148,600000256,wind_sensor_link,15.2,0.0
1790354148929399408,1790354148,800000256,wind_sensor_link,15.2,0.0
1790354149122046855,1790354149,0,wind_sensor_link,15.2,0.0
1790354149329008201,1790354149,200000000,wind_sensor_link,15.2,0.0
1790354149522146179,1790354149,400000000,wind_sensor_link,15.2,0.0
1790354149728788714,1790354149,600000256,wind_sensor_link,15.2,0.0
1790354149921381181,1790354149,800000256,wind_sensor_link,15.2,0.0
1790354150128874872,1790354150,0,wind_sensor_link,15.2,0.0
1790354150321081195,1790354150,200000000,wind_sensor_link,15.2,0.0
1790354150528189502,1790354150,400000000,wind_sensor_link,15.2,0.0
1790354150721109946,1790354150,600000256,wind_sensor_link,15.2,0.0
1790354150927937035,1790354150,800000256,wind_sensor_link,15.2,0.0
1790354151120693777,1790354151,0,wind_sensor_link,15.2,0.0
1790354151327784343,1790354151,200000000,wind_sensor_link,15.2,0.0
1790354151520335792,1790354151,400000000,wind_sensor_link,15.2,0.0
1790354151727494080,1790354151,600000256,wind_sensor_link,15.2,0.0
1790354151920128916,1790354151,800000256,wind_sensor_link,15.2,0.0
1790354152127237242,1790354152,0,wind_sensor_link,15.2,0.0
1790354152320233870,1790354152,200000000,wind_sensor_link,15.2,0.0
1790354152527042144,1790354152,400000000,wind_sensor_link,15.2,0.0
1790354152720008976,1790354152,600000256,wind_sensor_link,15.2,0.0
1790354152926762158,1790354152,800000256,wind_sensor_link,15.2,0.0
1790354153119035647,1790354153,0,wind_sensor_link,15.2,0.0
1790354153326446506,1790354153,200000000,wind_sensor_link,15.2,0.0
1790354153519486263,1790354153,400000000,wind_sensor_link,15.2,0.0
1790354153726011800,1790354153,600000256,wind_sensor_link,15.2,0.0
1790354153933344437,1790354153,800000256,wind_sensor_link,15.2,0.0
1790354154125763054,1790354154,0,wind_sensor_link,15.2,0.0
1790354154333178505,1790354154,200000000,wind_sensor_link,15.2,0.0
1790354154525912933,1790354154,400000000,wind_sensor_link,15.2,0.0
1790354154732780428,1790354154,600000256,wind_sensor_link,15.2,0.0
1790354154925687891,1790354154,800000256,wind_sensor_link,15.2,0.0
1790354155132348204,1790354155,0,wind_sensor_link,15.2,0.0
1790354155325351184,1790354155,200000000,wind_sensor_link,15.2,0.0
1790354155532444843,1790354155,400000000,wind_sensor_link,15.2,0.0
1790354155724902626,1790354155,600000256,wind_sensor_link,15.2,0.0
1790354155931941230,1790354155,800000256,wind_sensor_link,15.2,0.0
1790354156124647214,1790354156,0,wind_sensor_link,15.2,0.0
1790354156331527709,1790354156,200000000,wind_sensor_link,15.2,0.0
1790354156524665317,1790354156,400000000,wind_sensor_link,15.2,0.0
1790354156731493479,1790354156,600000256,wind_sensor_link,15.2,0.0
1790354156924473145,1790354156,800000256,wind_sensor_link,15.2,0.0
1790354157131017070,1790354157,0,wind_sensor_link,15.2,0.0
1790354157323804386,1790354157,200000000,wind_sensor_link,15.2,0.0
1790354157530818842,1790354157,400000000,wind_sensor_link,15.2,0.0
1790354157723519771,1790354157,600000256,wind_sensor_link,15.2,0.0
1790354157930447561,1790354157,800000256,wind_sensor_link,15.2,0.0
1790354158123304895,1790354158,0,wind_sensor_link,15.2,0.0
1790354158330431831,1790354158,200000000,wind_sensor_link,15.2,0.0
1790354158523411349,1790354158,400000000,wind_sensor_link,15.2,0.0
1790354158730389065,1790354158,600000256,wind_sensor_link,15.2,0.0
1790354158922821182,1790354158,800000256,wind_sensor_link,15.2,0.0
1790354159129813490,1790354159,0,wind_sensor_link,15.2,0.0
1790354159322509233,1790354159,200000000,wind_sensor_link,15.2,0.0
1790354159529567911,1790354159,400000000,wind_sensor_link,15.2,0.0
1790354159722281784,1790354159,600000256,wind_sensor_link,15.2,0.0
1790354159929424442,1790354159,800000256,wind_sensor_link,15.2,0.0
1790354160122010872,1790354160,0,wind_sensor_link,15.2,0.0
1790354160329100160,1790354160,200000000,wind_sensor_link,15.2,0.0
1790354160521734534,1790354160,400000000,wind_sensor_link,15.2,0.0
1790354160728859970,1790354160,600000256,wind_sensor_link,15.2,0.0
1790354160921178570,1790354160,800000256,wind_sensor_link,15.2,0.0
1790354161128970739,1790354161,0,wind_sensor_link,15.2,0.0
1790354161320912214,1790354161,200000000,wind_sensor_link,15.2,0.0
1790354161528344035,1790354161,400000000,wind_sensor_link,15.2,0.0
1790354161720675320,1790354161,600000256,wind_sensor_link,15.2,0.0
1790354161928088179,1790354161,800000256,wind_sensor_link,15.2,0.0
1790354162120426389,1790354162,0,wind_sensor_link,15.2,0.0
1790354162327753582,1790354162,200000000,wind_sensor_link,15.2,0.0
1790354162520299901,1790354162,400000000,wind_sensor_link,15.2,0.0
1790354162727562947,1790354162,600000256,wind_sensor_link,15.2,0.0
1790354162920364615,1790354162,800000256,wind_sensor_link,15.2,0.0
1790354163127009057,1790354163,0,wind_sensor_link,15.2,0.0
1790354163319799873,1790354163,200000000,wind_sensor_link,15.2,0.0
1790354163526855848,1790354163,400000000,wind_sensor_link,15.2,0.0
1790354163719453573,1790354163,600000256,wind_sensor_link,15.2,0.0
1790354163926695323,1790354163,800000256,wind_sensor_link,15.2,0.0
1790354164119686137,1790354164,0,wind_sensor_link,15.2,0.0
1790354164326394430,1790354164,200000000,wind_sensor_link,15.2,0.0
1790354164519094062,1790354164,400000000,wind_sensor_link,15.2,0.0
1790354164725869929,1790354164,600000256,wind_sensor_link,15.2,0.0
1790354164933248880,1790354164,800000256,wind_sensor_link,15.2,0.0
1790354165125606720,1790354165,0,wind_sensor_link,15.2,0.0
1790354165332963969,1790354165,200000000,wind_sensor_link,15.2,0.0
1790354165525345938,1790354165,400000000,wind_sensor_link,15.2,0.0
1790354165732710964,1790354165,600000256,wind_sensor_link,15.2,0.0
1790354165925352856,1790354165,800000256,wind_sensor_link,15.2,0.0
1790354166132389738,1790354166,0,wind_sensor_link,15.2,0.0
1790354166325022963,1790354166,200000000,wind_sensor_link,15.2,0.0
1790354166532179214,1790354166,400000000,wind_sensor_link,15.2,0.0
1790354166724862235,1790354166,600000256,wind_sensor_link,15.2,0.0
1790354166931955024,1790354166,800000256,wind_sensor_link,15.2,0.0
1790354167124546157,1790354167,0,wind_sensor_link,15.2,0.0
1790354167331685834,1790354167,200000000,wind_sensor_link,15.3,0.0
1790354167524766388,1790354167,400000000,wind_sensor_link,15.3,0.0
1790354167731428089,1790354167,600000256,wind_sensor_link,15.3,0.0
1790354167923783688,1790354167,800000256,wind_sensor_link,15.3,0.0
1790354168131080178,1790354168,0,wind_sensor_link,15.3,0.0
1790354168323818309,1790354168,200000000,wind_sensor_link,15.3,0.0
1790354168530753915,1790354168,400000000,wind_sensor_link,15.3,0.0
1790354168723519602,1790354168,600000256,wind_sensor_link,15.3,0.0
1790354168930382449,1790354168,800000256,wind_sensor_link,15.3,0.0
1790354169123185505,1790354169,0,wind_sensor_link,15.3,0.0
1790354169330320071,1790354169,200000000,wind_sensor_link,15.3,0.0
1790354169522965611,1790354169,400000000,wind_sensor_link,15.3,0.0
1790354169730041400,1790354169,600000256,wind_sensor_link,15.3,0.0
1790354169922701940,1790354169,800000256,wind_sensor_link,15.3,0.0
1790354170130015467,1790354170,0,wind_sensor_link,15.3,0.0
1790354170322412880,1790354170,200000000,wind_sensor_link,15.3,0.0
1790354170529435244,1790354170,400000000,wind_sensor_link,15.3,0.0
1790354170722106006,1790354170,600000256,wind_sensor_link,15.3,0.0
1790354170929296886,1790354170,800000256,wind_sensor_link,15.3,0.0
1790354171122002647,1790354171,0,wind_sensor_link,15.3,0.0
1790354171328872198,1790354171,200000000,wind_sensor_link,15.3,0.0
1790354171521693051,1790354171,400000000,wind_sensor_link,15.3,0.0
1790354171728827468,1790354171,600000256,wind_sensor_link,15.3,0.0
1790354171921819819,1790354171,800000256,wind_sensor_link,15.3,0.0
1790354172128504779,1790354172,0,wind_sensor_link,15.3,0.0
1790354172321445723,1790354172,200000000,wind_sensor_link,15.3,0.0
1790354172528246997,1790354172,400000000,wind_sensor_link,15.3,0.0
1790354172720608689,1790354172,600000256,wind_sensor_link,15.3,0.0
1790354172927996029,1790354172,800000256,wind_sensor_link,15.3,0.0
1790354173120355314,1790354173,0,wind_sensor_link,15.3,0.0
1790354173327693303,1790354173,200000000,wind_sensor_link,15.3,0.0
1790354173520406472,1790354173,400000000,wind_sensor_link,15.3,0.0
1790354173727472187,1790354173,600000256,wind_sensor_link,15.3,0.0
1790354173920541481,1790354173,800000256,wind_sensor_link,15.3,0.0
1790354174127268848,1790354174,0,wind_sensor_link,15.3,0.0
1790354174320022794,1790354174,200000000,wind_sensor_link,15.3,0.0
1790354174526875993,1790354174,400000000,wind_sensor_link,15.3,0.0
1790354174719504182,1790354174,600000256,wind_sensor_link,15.3,0.0
1790354174926695951,1790354174,800000256,wind_sensor_link,15.3,0.0
1790354175119093401,1790354175,0,wind_sensor_link,15.3,0.0
1790354175326179856,1790354175,200000000,wind_sensor_link,15.3,0.0
1790354175519029079,1790354175,400000000,wind_sensor_link,15.3,0.0
1790354175725915685,1790354175,600000256,wind_sensor_link,15.3,0.0
1790354175933248582,1790354175,800000256,wind_sensor_link,15.3,0.0
1790354176125666977,1790354176,0,wind_sensor_link,15.3,0.0
1790354176332956855,1790354176,200000000,wind_sensor_link,15.3,0.0
1790354176525361528,1790354176,400000000,wind_sensor_link,15.3,0.0
1790354176732675740,1790354176,600000256,wind_sensor_link,15.3,0.0
1790354176925084505,1790354176,800000256,wind_sensor_link,15.3,0.0
1790354177132456124,1790354177,0,wind_sensor_link,15.3,0.0
1790354177324961129,1790354177,200000000,wind_sensor_link,15.3,0.0
1790354177532196286,1790354177,400000000,wind_sensor_link,15.3,0.0
1790354177724787308,1790354177,600000256,wind_sensor_link,15.3,0.0
1790354177931888948,1790354177,800000256,wind_sensor_link,15.3,0.0
1790354178124546711,1790354178,0,wind_sensor_link,15.3,0.0
1790354178331664647,1790354178,200000000,wind_sensor_link,15.3,0.0
1790354178524212596,1790354178,400000000,wind_sensor_link,15.3,0.0
1790354178731359958,1790354178,600000256,wind_sensor_link,15.3,0.0
1790354178923799223,1790354178,800000256,wind_sensor_link,15.3,0.0
1790354179131093916,1790354179,0,wind_sensor_link,15.3,0.0
1790354179323861714,1790354179,200000000,wind_sensor_link,15.3,0.0
1790354179530932336,1790354179,400000000,wind_sensor_link,15.3,0.0
1790354179723499396,1790354179,600000256,wind_sensor_link,15.3,0.0
1790354179930420131,1790354179,800000256,wind_sensor_link,15.3,0.0
1790354180123269465,1790354180,0,wind_sensor_link,15.3,0.0
1790354180330208274,1790354180,200000000,wind_sensor_link,15.3,0.0
1790354180522910665,1790354180,400000000,wind_sensor_link,15.3,0.0
1790354180730013991,1790354180,600000256,wind_sensor_link,15.3,0.0
1790354180923066970,1790354180,800000256,wind_sensor_link,15.3,0.0
1790354181129844633,1790354181,0,wind_sensor_link,15.4,0.0
1790354181322420785,1790354181,200000000,wind_sensor_link,15.4,0.0
1790354181529507611,1790354181,400000000,wind_sensor_link,15.4,0.0
1790354181722133818,1790354181,600000256,wind_sensor_link,15.4,0.0
1790354181929305939,1790354181,800000256,wind_sensor_link,15.4,0.0
1790354182121936720,1790354182,0,wind_sensor_link,15.4,0.0
1790354182329018527,1790354182,200000000,wind_sensor_link,15.4,0.0
1790354182521680678,1790354182,400000000,wind_sensor_link,15.4,0.0
1790354182728730597,1790354182,600000256,wind_sensor_link,15.4,0.0
1790354182921718985,1790354182,800000256,wind_sensor_link,15.4,0.0
1790354183128813810,1790354183,0,wind_sensor_link,15.4,0.0
1790354183321411777,1790354183,200000000,wind_sensor_link,15.4,0.0
1790354183528209754,1790354183,400000000,wind_sensor_link,15.4,0.0
1790354183720919294,1790354183,600000256,wind_sensor_link,15.4,0.0
1790354183927987046,1790354183,800000256,wind_sensor_link,15.4,0.0
1790354184120684548,1790354184,0,wind_sensor_link,15.4,0.0
1790354184327694801,1790354184,200000000,wind_sensor_link,15.4,0.0
1790354184520295341,1790354184,400000000,wind_sensor_link,15.4,0.0
1790354184727440018,1790354184,600000256,wind_sensor_link,15.4,0.0
1790354184920075466,1790354184,800000256,wind_sensor_link,15.4,0.0
1790354185127218643,1790354185,0,wind_sensor_link,15.4,0.0
1790354185320303918,1790354185,200000000,wind_sensor_link,15.4,0.0
1790354185527263394,1790354185,400000000,wind_sensor_link,15.4,0.0
1790354185719668177,1790354185,600000256,wind_sensor_link,15.4,0.0
1790354185926709893,1790354185,800000256,wind_sensor_link,15.4,0.0
1790354186119781205,1790354186,0,wind_sensor_link,15.4,0.0
1790354186326478795,1790354186,200000000,wind_sensor_link,15.4,0.0
1790354186519509275,1790354186,400000000,wind_sensor_link,15.4,0.0
1790354186726249457,1790354186,600000256,wind_sensor_link,15.4,0.0
1790354186919208123,1790354186,800000256,wind_sensor_link,15.4,0.0
1790354187125811325,1790354187,0,wind_sensor_link,15.4,0.0
1790354187333086129,1790354187,200000000,wind_sensor_link,15.4,0.0
1790354187525714540,1790354187,400000000,wind_sensor_link,15.4,0.0
1790354187732784366,1790354187,600000256,wind_sensor_link,15.4,0.0
1790354187925473054,1790354187,800000256,wind_sensor_link,15.4,0.0
1790354188132500714,1790354188,0,wind_sensor_link,15.4,0.0
1790354188325126569,1790354188,200000000,wind_sensor_link,15.4,0.0
1790354188532334115,1790354188,400000000,wind_sensor_link,15.4,0.0
1790354188724833490,1790354188,600000256,wind_sensor_link,15.4,0.0
1790354188932023296,1790354188,800000256,wind_sensor_link,15.4,0.0
1790354189124775020,1790354189,0,wind_sensor_link,15.4,0.0
1790354189331765273,1790354189,200000000,wind_sensor_link,15.4,0.0
1790354189524375666,1790354189,400000000,wind_sensor_link,15.4,0.0
1790354189731460380,1790354189,600000256,wind_sensor_link,15.4,0.0
1790354189924059551,1790354189,800000256,wind_sensor_link,15.4,0.0
1790354190131240431,1790354190,0,wind_sensor_link,15.4,0.0
1790354190323771657,1790354190,200000000,wind_sensor_link,15.4,0.0
1790354190530973815,1790354190,400000000,wind_sensor_link,15.4,0.0
1790354190723691336,1790354190,600000256,wind_sensor_link,15.4,0.0
1790354190930752810,1790354190,800000256,wind_sensor_link,15.4,0.0
1790354191123437701,1790354191,0,wind_sensor_link,15.4,0.0
1790354191330456695,1790354191,200000000,wind_sensor_link,15.4,0.0
1790354191522853275,1790354191,400000000,wind_sensor_link,15.4,0.0
1790354191730202819,1790354191,600000256,wind_sensor_link,15.4,0.0
1790354191923174115,1790354191,800000256,wind_sensor_link,15.4,0.0
1790354192130170960,1790354192,0,wind_sensor_link,15.5,0.0
1790354192322543041,1790354192,200000000,wind_sensor_link,15.5,0.0
1790354192529640088,1790354192,400000000,wind_sensor_link,15.5,0.0
1790354192722313739,1790354192,600000256,wind_sensor_link,15.5,0.0
1790354192929412750,1790354192,800000256,wind_sensor_link,15.5,0.0
1790354193121995717,1790354193,0,wind_sensor_link,15.5,0.0
1790354193329142857,1790354193,200000000,wind_sensor_link,15.5,0.0
1790354193521764045,1790354193,400000000,wind_sensor_link,15.5,0.0
1790354193728822075,1790354193,600000256,wind_sensor_link,15.5,0.0
1790354193921501893,1790354193,800000256,wind_sensor_link,15.5,0.0
1790354194128554645,1790354194,0,wind_sensor_link,15.5,0.0
1790354194321165648,1790354194,200000000,wind_sensor_link,15.5,0.0
1790354194528707542,1790354194,400000000,wind_sensor_link,15.5,0.0
1790354194720997865,1790354194,600000256,wind_sensor_link,15.5,0.0
1790354194928104060,1790354194,800000256,wind_sensor_link,15.5,0.0
1790354195121129300,1790354195,0,wind_sensor_link,15.5,0.0
1790354195327763112,1790354195,200000000,wind_sensor_link,15.5,0.0
1790354195520346413,1790354195,400000000,wind_sensor_link,15.5,0.0
1790354195727649606,1790354195,600000256,wind_sensor_link,15.5,0.0
1790354195920499440,1790354195,800000256,wind_sensor_link,15.5,0.0
1790354196127239714,1790354196,0,wind_sensor_link,15.5,0.0
1790354196319680590,1790354196,200000000,wind_sensor_link,15.5,0.0
1790354196526977191,1790354196,400000000,wind_sensor_link,15.5,0.0
1790354196719288717,1790354196,600000256,wind_sensor_link,15.5,0.0
1790354196926449893,1790354196,800000256,wind_sensor_link,15.5,0.0
1790354197119767777,1790354197,0,wind_sensor_link,15.5,0.0
1790354197326429404,1790354197,200000000,wind_sensor_link,15.5,0.0
1790354197519113166,1790354197,400000000,wind_sensor_link,15.5,0.0
1790354197726113845,1790354197,600000256,wind_sensor_link,15.5,0.0
1790354197919154121,1790354197,800000256,wind_sensor_link,15.5,0.0
1790354198125877729,1790354198,0,wind_sensor_link,15.5,0.0
1790354198333066590,1790354198,200000000,wind_sensor_link,15.5,0.0
1790354198525663742,1790354198,400000000,wind_sensor_link,15.5,0.0
1790354198732755605,1790354198,600000256,wind_sensor_link,15.5,0.0
1790354198925129556,1790354198,800000256,wind_sensor_link,15.5,0.0
1790354199132404657,1790354199,0,wind_sensor_link,15.5,0.0
1790354199325051827,1790354199,200000000,wind_sensor_link,15.5,0.0
1790354199532217596,1790354199,400000000,wind_sensor_link,15.5,0.0
1790354199724803377,1790354199,600000256,wind_sensor_link,15.5,0.0
1790354199931962573,1790354199,800000256,wind_sensor_link,15.5,0.0
1790354200124359153,1790354200,0,wind_sensor_link,15.5,0.0
1790354200331688346,1790354200,200000000,wind_sensor_link,15.5,0.0
1790354200524104926,1790354200,400000000,wind_sensor_link,15.5,0.0
1790354200731343453,1790354200,600000256,wind_sensor_link,15.5,0.0
1790354200923997697,1790354200,800000256,wind_sensor_link,15.5,0.0
1790354201131179892,1790354201,0,wind_sensor_link,15.5,0.0
1790354201323837673,1790354201,200000000,wind_sensor_link,15.5,0.0
1790354201530879184,1790354201,400000000,wind_sensor_link,15.5,0.0
1790354201723532706,1790354201,600000256,wind_sensor_link,15.5,0.0
1790354201930535551,1790354201,800000256,wind_sensor_link,15.5,0.0
1790354202123703529,1790354202,0,wind_sensor_link,15.5,0.0
1790354202330257010,1790354202,200000000,wind_sensor_link,15.5,0.0
1790354202522678460,1790354202,400000000,wind_sensor_link,15.6,0.0
1790354202729948043,1790354202,600000256,wind_sensor_link,15.6,0.0
1790354202922756729,1790354202,800000256,wind_sensor_link,15.6,0.0
1790354203129861239,1790354203,0,wind_sensor_link,15.6,0.0
1790354203322430855,1790354203,200000000,wind_sensor_link,15.6,0.0
1790354203529764270,1790354203,400000000,wind_sensor_link,15.6,0.0
1790354203722154202,1790354203,600000256,wind_sensor_link,15.6,0.0
1790354203929299638,1790354203,800000256,wind_sensor_link,15.6,0.0
1790354204121910494,1790354204,0,wind_sensor_link,15.6,0.0
1790354204329057022,1790354204,200000000,wind_sensor_link,15.6,0.0
1790354204522007503,1790354204,400000000,wind_sensor_link,15.6,0.0
1790354204728790518,1790354204,600000256,wind_sensor_link,15.6,0.0
1790354204921380003,1790354204,800000256,wind_sensor_link,15.6,0.0
1790354205128452903,1790354205,0,wind_sensor_link,15.6,0.0
1790354205321439254,1790354205,200000000,wind_sensor_link,15.6,0.0
1790354205528237546,1790354205,400000000,wind_sensor_link,15.6,0.0
1790354205721266544,1790354205,600000256,wind_sensor_link,15.6,0.0
1790354205927989708,1790354205,800000256,wind_sensor_link,15.6,0.0
1790354206120663173,1790354206,0,wind_sensor_link,15.6,0.0
1790354206327694981,1790354206,200000000,wind_sensor_link,15.6,0.0
1790354206520339114,1790354206,400000000,wind_sensor_link,15.6,0.0
1790354206727440903,1790354206,600000256,wind_sensor_link,15.6,0.0
1790354206920395180,1790354206,800000256,wind_sensor_link,15.6,0.0
1790354207127240860,1790354207,0,wind_sensor_link,15.6,0.0
1790354207319869845,1790354207,200000000,wind_sensor_link,15.6,0.0
1790354207527172872,1790354207,400000000,wind_sensor_link,15.6,0.0
1790354207719565378,1790354207,600000256,wind_sensor_link,15.6,0.0
1790354207926446669,1790354207,800000256,wind_sensor_link,15.6,0.0
1790354208119286725,1790354208,0,wind_sensor_link,15.6,0.0
1790354208326715843,1790354208,200000000,wind_sensor_link,15.6,0.0
1790354208519484493,1790354208,400000000,wind_sensor_link,15.6,0.0
1790354208726135472,1790354208,600000256,wind_sensor_link,15.6,0.0
1790354208919245543,1790354208,800000256,wind_sensor_link,15.6,0.0
1790354209125900911,1790354209,0,wind_sensor_link,15.6,0.0
1790354209333044014,1790354209,200000000,wind_sensor_link,15.6,0.0
1790354209525901256,1790354209,400000000,wind_sensor_link,15.6,0.0
1790354209732731307,1790354209,600000256,wind_sensor_link,15.6,0.0
1790354209925432753,1790354209,800000256,wind_sensor_link,15.6,0.0
1790354210132501339,1790354210,0,wind_sensor_link,15.6,0.0
1790354210325114527,1790354210,200000000,wind_sensor_link,15.6,0.0
1790354210532433850,1790354210,400000000,wind_sensor_link,15.6,0.0
1790354210724856949,1790354210,600000256,wind_sensor_link,15.6,0.0
1790354210932030366,1790354210,800000256,wind_sensor_link,15.6,0.0
1790354211124648869,1790354211,0,wind_sensor_link,15.6,0.0
1790354211331931304,1790354211,200000000,wind_sensor_link,15.6,0.0
1790354211524345365,1790354211,400000000,wind_sensor_link,15.6,0.0
1790354211731531690,1790354211,600000256,wind_sensor_link,15.6,0.0
1790354211924049509,1790354211,800000256,wind_sensor_link,15.6,0.0
1790354212131420257,1790354212,0,wind_sensor_link,15.6,0.0
1790354212323758746,1790354212,200000000,wind_sensor_link,15.6,0.0
1790354212530968070,1790354212,400000000,wind_sensor_link,15.6,0.0
1790354212723551999,1790354212,600000256,wind_sensor_link,15.6,0.0
1790354212930524901,1790354212,800000256,wind_sensor_link,15.6,0.0
1790354213123325643,1790354213,0,wind_sensor_link,15.6,0.0
1790354213330328303,1790354213,200000000,wind_sensor_link,15.6,0.0
1790354213523526651,1790354213,400000000,wind_sensor_link,15.6,0.0
1790354213730470793,1790354213,600000256,wind_sensor_link,15.6,0.0
1790354213923148796,1790354213,800000256,wind_sensor_link,15.6,0.0
1790354214129758627,1790354214,0,wind_sensor_link,15.6,0.0
1790354214322267614,1790354214,200000000,wind_sensor_link,15.6,0.0
1790354214529390013,1790354214,400000000,wind_sensor_link,15.6,0.0
1790354214722205977,1790354214,600000256,wind_sensor_link,15.6,0.0
1790354214929315710,1790354214,800000256,wind_sensor_link,15.6,0.0
1790354215121930602,1790354215,0,wind_sensor_link,15.6,0.0
1790354215328891615,1790354215,200000000,wind_sensor_link,15.6,0.0
1790354215521453748,1790354215,400000000,wind_sensor_link,15.6,0.0
1790354215728794849,1790354215,600000256,wind_sensor_link,15.6,0.0
1790354215921165800,1790354215,800000256,wind_sensor_link,15.6,0.0
1790354216128851729,1790354216,0,wind_sensor_link,15.6,0.0
1790354216320896036,1790354216,200000000,wind_sensor_link,15.6,0.0
1790354216528314209,1790354216,400000000,wind_sensor_link,15.6,0.0
1790354216720647401,1790354216,600000256,wind_sensor_link,15.6,0.0
1790354216928309461,1790354216,800000256,wind_sensor_link,15.6,0.0
1790354217120380045,1790354217,0,wind_sensor_link,15.6,0.0
1790354217328063845,1790354217,200000000,wind_sensor_link,15.6,0.0
1790354217520392759,1790354217,400000000,wind_sensor_link,15.6,0.0
1790354217727518992,1790354217,600000256,wind_sensor_link,15.6,0.0
1790354217920358641,1790354217,800000256,wind_sensor_link,15.6,0.0
1790354218127534317,1790354218,0,wind_sensor_link,15.6,0.0
1790354218319913175,1790354218,200000000,wind_sensor_link,15.6,0.0
1790354218527239628,1790354218,400000000,wind_sensor_link,15.6,0.0
1790354218720009518,1790354218,600000256,wind_sensor_link,15.6,0.0
1790354218926733626,1790354218,800000256,wind_sensor_link,15.6,0.0
1790354219119850216,1790354219,0,wind_sensor_link,15.6,0.0
1790354219326354512,1790354219,200000000,wind_sensor_link,15.6,0.0
1790354219518780184,1790354219,400000000,wind_sensor_link,15.6,0.0
1790354219726243913,1790354219,600000256,wind_sensor_link,15.6,0.0
1790354219918453292,1790354219,800000256,wind_sensor_link,15.6,0.0
1790354220125954149,1790354220,0,wind_sensor_link,15.6,0.0
1790354220333090678,1790354220,200000000,wind_sensor_link,15.6,0.0
1790354220525682719,1790354220,400000000,wind_sensor_link,15.6,0.0
1790354220732973338,1790354220,600000256,wind_sensor_link,15.6,0.0
1790354220925475899,1790354220,800000256,wind_sensor_link,15.6,0.0
1790354221132562650,1790354221,0,wind_sensor_link,15.6,0.0
1790354221325245264,1790354221,200000000,wind_sensor_link,15.6,0.0
1790354221532157888,1790354221,400000000,wind_sensor_link,15.6,0.0
1790354221724943445,1790354221,600000256,wind_sensor_link,15.6,0.0
1790354221932067178,1790354221,800000256,wind_sensor_link,15.6,0.0
1790354222124735718,1790354222,0,wind_sensor_link,15.6,0.0
1790354222331771600,1790354222,200000000,wind_sensor_link,15.6,0.0
1790354222524345659,1790354222,400000000,wind_sensor_link,15.6,0.0
1790354222731384763,1790354222,600000256,wind_sensor_link,15.6,0.0
1790354222924065118,1790354222,800000256,wind_sensor_link,15.6,0.0
1790354223131057167,1790354223,0,wind_sensor_link,15.6,0.0
1790354223323762836,1790354223,200000000,wind_sensor_link,15.6,0.0
1790354223530777551,1790354223,400000000,wind_sensor_link,15.6,0.0
1790354223723518368,1790354223,600000256,wind_sensor_link,15.6,0.0
1790354223930507917,1790354223,800000256,wind_sensor_link,15.6,0.0
1790354224123028422,1790354224,0,wind_sensor_link,15.6,0.0
1790354224330199135,1790354224,200000000,wind_sensor_link,15.6,0.0
1790354224522774250,1790354224,400000000,wind_sensor_link,15.6,0.0
1790354224730142387,1790354224,600000256,wind_sensor_link,15.6,0.0
1790354224922647226,1790354224,800000256,wind_sensor_link,15.6,0.0
1790354225129781366,1790354225,0,wind_sensor_link,15.6,0.0
1790354225322235834,1790354225,200000000,wind_sensor_link,15.6,0.0
1790354225529394622,1790354225,400000000,wind_sensor_link,15.6,0.0
1790354225722034514,1790354225,600000256,wind_sensor_link,15.6,0.0
1790354225929429632,1790354225,800000256,wind_sensor_link,15.6,0.0
1790354226121708028,1790354226,0,wind_sensor_link,15.6,0.0
1790354226329234330,1790354226,200000000,wind_sensor_link,15.6,0.0
1790354226521440505,1790354226,400000000,wind_sensor_link,15.6,0.0
1790354226728836105,1790354226,600000256,wind_sensor_link,15.6,0.0
1790354226921487645,1790354226,800000256,wind_sensor_link,15.6,0.0
1790354227128541879,1790354227,0,wind_sensor_link,15.6,0.0
1790354227320889571,1790354227,200000000,wind_sensor_link,15.6,0.0
1790354227528707443,1790354227,400000000,wind_sensor_link,15.6,0.0
1790354227721000617,1790354227,600000256,wind_sensor_link,15.6,0.0
1790354227928078202,1790354227,800000256,wind_sensor_link,15.6,0.0
1790354228120693206,1790354228,0,wind_sensor_link,15.6,0.0
1790354228327756161,1790354228,200000000,wind_sensor_link,15.6,0.0
1790354228520364628,1790354228,400000000,wind_sensor_link,15.6,0.0
1790354228727276696,1790354228,600000256,wind_sensor_link,15.7,0.0
1790354228920448452,1790354228,800000256,wind_sensor_link,15.7,0.0
1790354229127030543,1790354229,0,wind_sensor_link,15.7,0.0
1790354229319868470,1790354229,200000000,wind_sensor_link,15.7,0.0
1790354229526965796,1790354229,400000000,wind_sensor_link,15.7,0.0
1790354229719987887,1790354229,600000256,wind_sensor_link,15.7,0.0
1790354229926432387,1790354229,800000256,wind_sensor_link,15.7,0.0
1790354230119698993,1790354230,0,wind_sensor_link,15.7,0.0
1790354230326179345,1790354230,200000000,wind_sensor_link,15.7,0.0
1790354230518719072,1790354230,400000000,wind_sensor_link,15.7,0.0
1790354230725926100,1790354230,600000256,wind_sensor_link,15.7,0.0
1790354230918430845,1790354230,800000256,wind_sensor_link,15.7,0.0
1790354231125844463,1790354231,0,wind_sensor_link,15.7,0.0
1790354231332986381,1790354231,200000000,wind_sensor_link,15.7,0.0
1790354231525505311,1790354231,400000000,wind_sensor_link,15.7,0.0
1790354231732753246,1790354231,600000256,wind_sensor_link,15.7,0.0
1790354231925334657,1790354231,800000256,wind_sensor_link,15.7,0.0
1790354232132232134,1790354232,0,wind_sensor_link,15.7,0.0
1790354232324997617,1790354232,200000000,wind_sensor_link,15.7,0.0
1790354232532036480,1790354232,400000000,wind_sensor_link,15.7,0.0
1790354232724757149,1790354232,600000256,wind_sensor_link,15.7,0.0
1790354232931771864,1790354232,800000256,wind_sensor_link,15.7,0.0
1790354233124572125,1790354233,0,wind_sensor_link,15.7,0.0
1790354233331663543,1790354233,200000000,wind_sensor_link,15.7,0.0
1790354233524283806,1790354233,400000000,wind_sensor_link,15.7,0.0
1790354233731165171,1790354233,600000256,wind_sensor_link,15.7,0.0
1790354233924258465,1790354233,800000256,wind_sensor_link,15.7,0.0
1790354234130985814,1790354234,0,wind_sensor_link,15.7,0.0
1790354234323397542,1790354234,200000000,wind_sensor_link,15.7,0.0
1790354234530747235,1790354234,400000000,wind_sensor_link,15.7,0.0
1790354234723210462,1790354234,600000256,wind_sensor_link,15.7,0.0
1790354234930699746,1790354234,800000256,wind_sensor_link,15.7,0.0
1790354235122873107,1790354235,0,wind_sensor_link,15.7,0.0
1790354235330287521,1790354235,200000000,wind_sensor_link,15.7,0.0
1790354235522667361,1790354235,400000000,wind_sensor_link,15.7,0.0
1790354235729976350,1790354235,600000256,wind_sensor_link,15.7,0.0
1790354235922912165,1790354235,800000256,wind_sensor_link,15.7,0.0
1790354236129779104,1790354236,0,wind_sensor_link,15.7,0.0
1790354236322110333,1790354236,200000000,wind_sensor_link,15.7,0.0
1790354236529445637,1790354236,400000000,wind_sensor_link,15.7,0.0
1790354236722046104,1790354236,600000256,wind_sensor_link,15.7,0.0
1790354236929231021,1790354236,800000256,wind_sensor_link,15.7,0.0
1790354237121830747,1790354237,0,wind_sensor_link,15.7,0.0
1790354237328766871,1790354237,200000000,wind_sensor_link,15.7,0.0
1790354237521309838,1790354237,400000000,wind_sensor_link,15.7,0.0
1790354237728468904,1790354237,600000256,wind_sensor_link,15.7,0.0
1790354237921213054,1790354237,800000256,wind_sensor_link,15.7,0.0
1790354238128113622,1790354238,0,wind_sensor_link,15.7,0.0
1790354238320931012,1790354238,200000000,wind_sensor_link,15.7,0.0
1790354238527904358,1790354238,400000000,wind_sensor_link,15.7,0.0
1790354238721118447,1790354238,600000256,wind_sensor_link,15.7,0.0
1790354238927931220,1790354238,800000256,wind_sensor_link,15.7,0.0
1790354239120450947,1790354239,0,wind_sensor_link,15.7,0.0
1790354239327481496,1790354239,200000000,wind_sensor_link,15.7,0.0
1790354239519989241,1790354239,400000000,wind_sensor_link,15.7,0.0
1790354239727323953,1790354239,600000256,wind_sensor_link,15.7,0.0
1790354239919645589,1790354239,800000256,wind_sensor_link,15.7,0.0
1790354240127111410,1790354240,0,wind_sensor_link,15.7,0.0
1790354240319686174,1790354240,200000000,wind_sensor_link,15.7,0.0
1790354240526537354,1790354240,400000000,wind_sensor_link,15.7,0.0
1790354240719841182,1790354240,600000256,wind_sensor_link,15.7,0.0
1790354240926312256,1790354240,800000256,wind_sensor_link,15.7,0.0
1790354241119562604,1790354241,0,wind_sensor_link,15.7,0.0
1790354241326300082,1790354241,200000000,wind_sensor_link,15.7,0.0
1790354241519314951,1790354241,400000000,wind_sensor_link,15.7,0.0
1790354241726046003,1790354241,600000256,wind_sensor_link,15.7,0.0
1790354241918708951,1790354241,800000256,wind_sensor_link,15.7,0.0
1790354242125751944,1790354242,0,wind_sensor_link,15.7,0.0
1790354242332840436,1790354242,200000000,wind_sensor_link,15.7,0.0
1790354242525344830,1790354242,400000000,wind_sensor_link,15.7,0.0
1790354242732669467,1790354242,600000256,wind_sensor_link,15.7,0.0
1790354242925250156,1790354242,800000256,wind_sensor_link,15.7,0.0
1790354243132486962,1790354243,0,wind_sensor_link,15.7,0.0
1790354243324966504,1790354243,200000000,wind_sensor_link,15.7,0.0
1790354243532112051,1790354243,400000000,wind_sensor_link,15.7,0.0
1790354243725000718,1790354243,600000256,wind_sensor_link,15.7,0.0
1790354243931922453,1790354243,800000256,wind_sensor_link,15.7,0.0
1790354244124434809,1790354244,0,wind_sensor_link,15.7,0.0
1790354244331524876,1790354244,200000000,wind_sensor_link,15.7,0.0
1790354244524107361,1790354244,400000000,wind_sensor_link,15.7,0.0
1790354244731264001,1790354244,600000256,wind_sensor_link,15.7,0.0
1790354244924157908,1790354244,800000256,wind_sensor_link,15.7,0.0
1790354245131046422,1790354245,0,wind_sensor_link,15.7,0.0
1790354245323674203,1790354245,200000000,wind_sensor_link,15.7,0.0
1790354245530999563,1790354245,400000000,wind_sensor_link,15.7,0.0
1790354245723134646,1790354245,600000256,wind_sensor_link,15.7,0.0
1790354245930364303,1790354245,800000256,wind_sensor_link,15.7,0.0
1790354246123079991,1790354246,0,wind_sensor_link,15.7,0.0
1790354246330054873,1790354246,200000000,wind_sensor_link,15.7,0.0
1790354246522742524,1790354246,400000000,wind_sensor_link,15.7,0.0
1790354246729981218,1790354246,600000256,wind_sensor_link,15.7,0.0
1790354246922509278,1790354246,800000256,wind_sensor_link,15.7,0.0
1790354247129551327,1790354247,0,wind_sensor_link,15.7,0.0
1790354247322228274,1790354247,200000000,wind_sensor_link,15.7,0.0
1790354247529252786,1790354247,400000000,wind_sensor_link,15.7,0.0
1790354247721913974,1790354247,600000256,wind_sensor_link,15.7,0.0
1790354247929118113,1790354247,800000256,wind_sensor_link,15.7,0.0
1790354248121732431,1790354248,0,wind_sensor_link,15.7,0.0
1790354248328796609,1790354248,200000000,wind_sensor_link,15.7,0.0
1790354248521496482,1790354248,400000000,wind_sensor_link,15.7,0.0
1790354248728482697,1790354248,600000256,wind_sensor_link,15.7,0.0
1790354248921511455,1790354248,800000256,wind_sensor_link,15.7,0.0
1790354249128347951,1790354249,0,wind_sensor_link,15.7,0.0
1790354249320845715,1790354249,200000000,wind_sensor_link,15.7,0.0
1790354249527975429,1790354249,400000000,wind_sensor_link,15.7,0.0
1790354249720721190,1790354249,600000256,wind_sensor_link,15.7,0.0
1790354249927719017,1790354249,800000256,wind_sensor_link,15.7,0.0
1790354250120319335,1790354250,0,wind_sensor_link,15.7,0.0
1790354250327382180,1790354250,200000000,wind_sensor_link,15.7,0.0
1790354250519986220,1790354250,400000000,wind_sensor_link,15.7,0.0
1790354250727446134,1790354250,600000256,wind_sensor_link,15.7,0.0
1790354250920273079,1790354250,800000256,wind_sensor_link,15.7,0.0
1790354251126998817,1790354251,0,wind_sensor_link,15.7,0.0
1790354251319485711,1790354251,200000000,wind_sensor_link,15.7,0.0
1790354251526394316,1790354251,400000000,wind_sensor_link,15.7,0.0
1790354251719567517,1790354251,600000256,wind_sensor_link,15.7,0.0
1790354251926145201,1790354251,800000256,wind_sensor_link,15.7,0.0
1790354252119368826,1790354252,0,wind_sensor_link,15.7,0.0
1790354252326076620,1790354252,200000000,wind_sensor_link,15.7,0.0
1790354252518722086,1790354252,400000000,wind_sensor_link,15.7,0.0
1790354252725834337,1790354252,600000256,wind_sensor_link,15.7,0.0
1790354252932900441,1790354252,800000256,wind_sensor_link,15.7,0.0
1790354253125436223,1790354253,0,wind_sensor_link,15.7,0.0
1790354253332649029,1790354253,200000000,wind_sensor_link,15.7,0.0
1790354253525199514,1790354253,400000000,wind_sensor_link,15.7,0.0
1790354253732245081,1790354253,600000256,wind_sensor_link,15.7,0.0
1790354253924919917,1790354253,800000256,wind_sensor_link,15.7,0.0
1790354254132109371,1790354254,0,wind_sensor_link,15.7,0.0
1790354254324571247,1790354254,200000000,wind_sensor_link,15.7,0.0
1790354254532031327,1790354254,400000000,wind_sensor_link,15.7,0.0
1790354254724424593,1790354254,600000256,wind_sensor_link,15.7,0.0
1790354254931505622,1790354254,800000256,wind_sensor_link,15.7,0.0
1790354255124171625,1790354255,0,wind_sensor_link,15.7,0.0
1790354255331149693,1790354255,200000000,wind_sensor_link,15.7,0.0
1790354255523834436,1790354255,400000000,wind_sensor_link,15.7,0.0
1790354255730991076,1790354255,600000256,wind_sensor_link,15.7,0.0
1790354255923662449,1790354255,800000256,wind_sensor_link,15.8,0.0
1790354256130705868,1790354256,0,wind_sensor_link,15.8,0.0
1790354256323289464,1790354256,200000000,wind_sensor_link,15.8,0.0
1790354256530310180,1790354256,400000000,wind_sensor_link,15.8,0.0
1790354256723028812,1790354256,600000256,wind_sensor_link,15.8,0.0
1790354256929995176,1790354256,800000256,wind_sensor_link,15.8,0.0
1790354257122676216,1790354257,0,wind_sensor_link,15.8,0.0
1790354257329884855,1790354257,200000000,wind_sensor_link,15.8,0.0
1790354257522517728,1790354257,400000000,wind_sensor_link,15.8,0.0
1790354257729550240,1790354257,600000256,wind_sensor_link,15.8,0.0
1790354257922238502,1790354257,800000256,wind_sensor_link,15.8,0.0
1790354258129313494,1790354258,0,wind_sensor_link,15.8,0.0
1790354258321902239,1790354258,200000000,wind_sensor_link,15.8,0.0
1790354258528896714,1790354258,400000000,wind_sensor_link,15.8,0.0
1790354258721672456,1790354258,600000256,wind_sensor_link,15.8,0.0
1790354258928654801,1790354258,800000256,wind_sensor_link,15.8,0.0
1790354259121772725,1790354259,0,wind_sensor_link,15.8,0.0
1790354259328447870,1790354259,200000000,wind_sensor_link,15.8,0.0
1790354259521127651,1790354259,400000000,wind_sensor_link,15.8,0.0
1790354259728487547,1790354259,600000256,wind_sensor_link,15.8,0.0
1790354259920915645,1790354259,800000256,wind_sensor_link,15.8,0.0
1790354260128043489,1790354260,0,wind_sensor_link,15.8,0.0
1790354260320648604,1790354260,200000000,wind_sensor_link,15.8,0.0
1790354260527778707,1790354260,400000000,wind_sensor_link,15.8,0.0
1790354260720314137,1790354260,600000256,wind_sensor_link,15.8,0.0
1790354260927349723,1790354260,800000256,wind_sensor_link,15.8,0.0
1790354261120446017,1790354261,0,wind_sensor_link,15.8,0.0
1790354261327163328,1790354261,200000000,wind_sensor_link,15.8,0.0
1790354261519513131,1790354261,400000000,wind_sensor_link,15.8,0.0
1790354261726716919,1790354261,600000256,wind_sensor_link,15.8,0.0
1790354261919491698,1790354261,800000256,wind_sensor_link,15.8,0.0
1790354262126553635,1790354262,0,wind_sensor_link,15.8,0.0
1790354262319619392,1790354262,200000000,wind_sensor_link,15.8,0.0
1790354262526318000,1790354262,400000000,wind_sensor_link,15.8,0.0
1790354262719291536,1790354262,600000256,wind_sensor_link,15.8,0.0
1790354262926027996,1790354262,800000256,wind_sensor_link,15.8,0.0
1790354263118694795,1790354263,0,wind_sensor_link,15.8,0.0
1790354263325724473,1790354263,200000000,wind_sensor_link,15.8,0.0
1790354263532986001,1790354263,400000000,wind_sensor_link,15.8,0.0
1790354263725229972,1790354263,600000256,wind_sensor_link,15.8,0.0
1790354263932681682,1790354263,800000256,wind_sensor_link,15.8,0.0
1790354264125358277,1790354264,0,wind_sensor_link,15.8,0.0
1790354264332304475,1790354264,200000000,wind_sensor_link,15.8,0.0
1790354264524941441,1790354264,400000000,wind_sensor_link,15.8,0.0
1790354264732069729,1790354264,600000256,wind_sensor_link,15.8,0.0
1790354264924689473,1790354264,800000256,wind_sensor_link,15.8,0.0
1790354265131800280,1790354265,0,wind_sensor_link,15.8,0.0
1790354265324452506,1790354265,200000000,wind_sensor_link,15.8,0.0
1790354265531526554,1790354265,400000000,wind_sensor_link,15.8,0.0
1790354265723906356,1790354265,600000256,wind_sensor_link,15.8,0.0
1790354265931257234,1790354265,800000256,wind_sensor_link,15.8,0.0
1790354266123869608,1790354266,0,wind_sensor_link,15.8,0.0
1790354266331034007,1790354266,200000000,wind_sensor_link,15.8,0.0
1790354266523950155,1790354266,400000000,wind_sensor_link,15.8,0.0
1790354266730715207,1790354266,600000256,wind_sensor_link,15.8,0.0
1790354266923312822,1790354266,800000256,wind_sensor_link,15.8,0.0
1790354267130431610,1790354267,0,wind_sensor_link,15.8,0.0
1790354267323070743,1790354267,200000000,wind_sensor_link,15.8,0.0
1790354267530134346,1790354267,400000000,wind_sensor_link,15.8,0.0
1790354267722497501,1790354267,600000256,wind_sensor_link,15.8,0.0
1790354267929921211,1790354267,800000256,wind_sensor_link,15.8,0.0
1790354268122479475,1790354268,0,wind_sensor_link,15.8,0.0
1790354268329678596,1790354268,200000000,wind_sensor_link,15.8,0.0
1790354268522166749,1790354268,400000000,wind_sensor_link,15.8,0.0
1790354268729453313,1790354268,600000256,wind_sensor_link,15.8,0.0
1790354268921925262,1790354268,800000256,wind_sensor_link,15.8,0.0
1790354269129091865,1790354269,0,wind_sensor_link,15.8,0.0
1790354269321677350,1790354269,200000000,wind_sensor_link,15.8,0.0
1790354269529105246,1790354269,400000000,wind_sensor_link,15.8,0.0
1790354269721109183,1790354269,600000256,wind_sensor_link,15.8,0.0
1790354269928443024,1790354269,800000256,wind_sensor_link,15.8,0.0
1790354270121140119,1790354270,0,wind_sensor_link,15.8,0.0
1790354270328267389,1790354270,200000000,wind_sensor_link,15.8,0.0
1790354270521127778,1790354270,400000000,wind_sensor_link,15.8,0.0
1790354270728004828,1790354270,600000256,wind_sensor_link,15.8,0.0
1790354270920281984,1790354270,800000256,wind_sensor_link,15.8,0.0
1790354271127640177,1790354271,0,wind_sensor_link,15.8,0.0
1790354271320710471,1790354271,200000000,wind_sensor_link,15.8,0.0
1790354271527317488,1790354271,400000000,wind_sensor_link,15.8,0.0
1790354271719668458,1790354271,600000256,wind_sensor_link,15.9,0.0
1790354271927133186,1790354271,800000256,wind_sensor_link,15.9,0.0
1790354272119478526,1790354272,0,wind_sensor_link,15.9,0.0
1790354272326865774,1790354272,200000000,wind_sensor_link,15.9,0.0
1790354272519924050,1790354272,400000000,wind_sensor_link,15.9,0.0
1790354272726505919,1790354272,600000256,wind_sensor_link,15.9,0.0
1790354272918876185,1790354272,800000256,wind_sensor_link,15.9,0.0
1790354273126412838,1790354273,0,wind_sensor_link,15.9,0.0
1790354273319304246,1790354273,200000000,wind_sensor_link,15.9,0.0
1790354273526330850,1790354273,400000000,wind_sensor_link,15.9,0.0
1790354273718815670,1790354273,600000256,wind_sensor_link,15.9,0.0
1790354273926071882,1790354273,800000256,wind_sensor_link,15.9,0.0
1790354274132937525,1790354274,0,wind_sensor_link,15.9,0.0
1790354274325439178,1790354274,200000000,wind_sensor_link,15.9,0.0
1790354274532642947,1790354274,400000000,wind_sensor_link,15.9,0.0
1790354274725266043,1790354274,600000256,wind_sensor_link,15.9,0.0
1790354274932334536,1790354274,800000256,wind_sensor_link,15.9,0.0
1790354275125017205,1790354275,0,wind_sensor_link,15.9,0.0
1790354275332167863,1790354275,200000000,wind_sensor_link,15.9,0.0
1790354275524690109,1790354275,400000000,wind_sensor_link,15.9,0.0
1790354275732031950,1790354275,600000256,wind_sensor_link,15.9,0.0
1790354275924457770,1790354275,800000256,wind_sensor_link,15.9,0.0
1790354276131749390,1790354276,0,wind_sensor_link,15.9,0.0
1790354276324111322,1790354276,200000000,wind_sensor_link,15.9,0.0
1790354276531189222,1790354276,400000000,wind_sensor_link,15.9,0.0
1790354276724173017,1790354276,600000256,wind_sensor_link,15.9,0.0
1790354276930990717,1790354276,800000256,wind_sensor_link,15.9,0.0
1790354277123822403,1790354277,0,wind_sensor_link,15.9,0.0
1790354277330731027,1790354277,200000000,wind_sensor_link,15.9,0.0
1790354277523136996,1790354277,400000000,wind_sensor_link,15.9,0.0
1790354277730250321,1790354277,600000256,wind_sensor_link,15.9,0.0
1790354277923027045,1790354277,800000256,wind_sensor_link,15.9,0.0
1790354278129983761,1790354278,0,wind_sensor_link,15.9,0.0
1790354278322731096,1790354278,200000000,wind_sensor_link,15.9,0.0
1790354278530206362,1790354278,400000000,wind_sensor_link,15.9,0.0
1790354278722508036,1790354278,600000256,wind_sensor_link,15.9,0.0
1790354278929692582,1790354278,800000256,wind_sensor_link,15.9,0.0
1790354279122277031,1790354279,0,wind_sensor_link,15.9,0.0
1790354279329282931,1790354279,200000000,wind_sensor_link,15.9,0.0
1790354279521959638,1790354279,400000000,wind_sensor_link,15.9,0.0
1790354279729200943,1790354279,600000256,wind_sensor_link,15.9,0.0
1790354279921658782,1790354279,800000256,wind_sensor_link,15.9,0.0
1790354280128789107,1790354280,0,wind_sensor_link,15.9,0.0
1790354280321380185,1790354280,200000000,wind_sensor_link,15.9,0.0
1790354280528326142,1790354280,400000000,wind_sensor_link,15.9,0.0
1790354280720854239,1790354280,600000256,wind_sensor_link,15.9,0.0
1790354280928153414,1790354280,800000256,wind_sensor_link,15.9,0.0
1790354281120845991,1790354281,0,wind_sensor_link,15.9,0.0
1790354281327994964,1790354281,200000000,wind_sensor_link,15.9,0.0
1790354281520643152,1790354281,400000000,wind_sensor_link,15.9,0.0
1790354281727721681,1790354281,600000256,wind_sensor_link,15.9,0.0
1790354281920315426,1790354281,800000256,wind_sensor_link,15.9,0.0
1790354282127426936,1790354282,0,wind_sensor_link,15.9,0.0
1790354282320008755,1790354282,200000000,wind_sensor_link,16.0,0.0
1790354282526982823,1790354282,400000000,wind_sensor_link,16.0,0.0
1790354282719454699,1790354282,600000256,wind_sensor_link,16.0,0.0
1790354282927090999,1790354282,800000256,wind_sensor_link,16.0,0.0
1790354283119435691,1790354283,0,wind_sensor_link,16.0,0.0
1790354283326526276,1790354283,200000000,wind_sensor_link,16.0,0.0
1790354283519126520,1790354283,400000000,wind_sensor_link,16.0,0.0
1790354283726258290,1790354283,600000256,wind_sensor_link,16.0,0.0
1790354283919359991,1790354283,800000256,wind_sensor_link,16.0,0.0
1790354284125931212,1790354284,0,wind_sensor_link,16.0,0.0
1790354284319129505,1790354284,200000000,wind_sensor_link,16.0,0.0
1790354284525652837,1790354284,400000000,wind_sensor_link,16.0,0.0
1790354284718898000,1790354284,600000256,wind_sensor_link,16.0,0.0
1790354284925455869,1790354284,800000256,wind_sensor_link,16.0,0.0
1790354285132685748,1790354285,0,wind_sensor_link,16.0,0.0
1790354285325100495,1790354285,200000000,wind_sensor_link,16.0,0.0
1790354285532355578,1790354285,400000000,wind_sensor_link,16.0,0.0
1790354285724811046,1790354285,600000256,wind_sensor_link,16.0,0.0
1790354285932039204,1790354285,800000256,wind_sensor_link,16.0,0.0
1790354286124692651,1790354286,0,wind_sensor_link,16.0,0.0
1790354286331853791,1790354286,200000000,wind_sensor_link,16.0,0.0
1790354286524355740,1790354286,400000000,wind_sensor_link,16.0,0.0
1790354286731523676,1790354286,600000256,wind_sensor_link,16.0,0.0
1790354286924186308,1790354286,800000256,wind_sensor_link,16.0,0.0
1790354287131434576,1790354287,0,wind_sensor_link,16.0,0.0
1790354287323950044,1790354287,200000000,wind_sensor_link,16.0,0.0
1790354287531199960,1790354287,400000000,wind_sensor_link,16.0,0.0
1790354287723761946,1790354287,600000256,wind_sensor_link,16.0,0.0
1790354287930862679,1790354287,800000256,wind_sensor_link,16.0,0.0
1790354288123527126,1790354288,0,wind_sensor_link,16.0,0.0
1790354288330354992,1790354288,200000000,wind_sensor_link,16.0,0.0
1790354288523138753,1790354288,400000000,wind_sensor_link,16.0,0.0
1790354288730086951,1790354288,600000256,wind_sensor_link,16.0,0.0
1790354288922882378,1790354288,800000256,wind_sensor_link,16.0,0.0
1790354289129882056,1790354289,0,wind_sensor_link,16.0,0.0
1790354289322285544,1790354289,200000000,wind_sensor_link,16.0,0.0
1790354289529535090,1790354289,400000000,wind_sensor_link,16.0,0.0
1790354289722065187,1790354289,600000256,wind_sensor_link,16.0,0.0
1790354289929256067,1790354289,800000256,wind_sensor_link,16.0,0.0
1790354290121851015,1790354290,0,wind_sensor_link,16.0,0.0
1790354290329037191,1790354290,200000000,wind_sensor_link,16.0,0.0
1790354290521742768,1790354290,400000000,wind_sensor_link,16.0,0.0
1790354290728850130,1790354290,600000256,wind_sensor_link,16.0,0.0
1790354290921923425,1790354290,800000256,wind_sensor_link,16.0,0.0
1790354291128427035,1790354291,0,wind_sensor_link,16.1,0.0
1790354291321153056,1790354291,200000000,wind_sensor_link,16.1,0.0
1790354291528049532,1790354291,400000000,wind_sensor_link,16.1,0.0
1790354291720913699,1790354291,600000256,wind_sensor_link,16.1,0.0
1790354291927872934,1790354291,800000256,wind_sensor_link,16.1,0.0
1790354292120268532,1790354292,0,wind_sensor_link,16.1,0.0
1790354292327573967,1790354292,200000000,wind_sensor_link,16.1,0.0
1790354292520016898,1790354292,400000000,wind_sensor_link,16.1,0.0
1790354292727364332,1790354292,600000256,wind_sensor_link,16.1,0.0
1790354292919825485,1790354292,800000256,wind_sensor_link,16.1,0.0
1790354293127288121,1790354293,0,wind_sensor_link,16.1,0.0
1790354293319510759,1790354293,200000000,wind_sensor_link,16.1,0.0
1790354293526854507,1790354293,400000000,wind_sensor_link,16.1,0.0
1790354293719360309,1790354293,600000256,wind_sensor_link,16.1,0.0
1790354293926652039,1790354293,800000256,wind_sensor_link,16.1,0.0
1790354294119219654,1790354294,0,wind_sensor_link,16.1,0.0
1790354294326320980,1790354294,200000000,wind_sensor_link,16.1,0.0
1790354294519346923,1790354294,400000000,wind_sensor_link,16.1,0.0
1790354294726217510,1790354294,600000256,wind_sensor_link,16.1,0.0
1790354294919121566,1790354294,800000256,wind_sensor_link,16.1,0.0
1790354295125833322,1790354295,0,wind_sensor_link,16.1,0.0
1790354295318839765,1790354295,200000000,wind_sensor_link,16.1,0.0
1790354295525373394,1790354295,400000000,wind_sensor_link,16.1,0.0
1790354295732697383,1790354295,600000256,wind_sensor_link,16.1,0.0
1790354295925088186,1790354295,800000256,wind_sensor_link,16.1,0.0
1790354296132419360,1790354296,0,wind_sensor_link,16.1,0.0
1790354296324818311,1790354296,200000000,wind_sensor_link,16.1,0.0
1790354296532323280,1790354296,400000000,wind_sensor_link,16.1,0.0
1790354296724435456,1790354296,600000256,wind_sensor_link,16.1,0.0
1790354296931884203,1790354296,800000256,wind_sensor_link,16.1,0.0
1790354297124252339,1790354297,0,wind_sensor_link,16.1,0.0
1790354297331542422,1790354297,200000000,wind_sensor_link,16.1,0.0
1790354297524090148,1790354297,400000000,wind_sensor_link,16.1,0.0
1790354297731299917,1790354297,600000256,wind_sensor_link,16.1,0.0
1790354297923882569,1790354297,800000256,wind_sensor_link,16.1,0.0
1790354298130938673,1790354298,0,wind_sensor_link,16.1,0.0
1790354298323520529,1790354298,200000000,wind_sensor_link,16.1,0.0
1790354298530749315,1790354298,400000000,wind_sensor_link,16.1,0.0
1790354298723331967,1790354298,600000256,wind_sensor_link,16.1,0.0
1790354298930278943,1790354298,800000256,wind_sensor_link,16.1,0.0
1790354299123074537,1790354299,0,wind_sensor_link,16.1,0.0
1790354299329934032,1790354299,200000000,wind_sensor_link,16.1,0.0
1790354299522746144,1790354299,400000000,wind_sensor_link,16.1,0.0
1790354299729749508,1790354299,600000256,wind_sensor_link,16.1,0.0
1790354299922417307,1790354299,800000256,wind_sensor_link,16.1,0.0
1790354300129532206,1790354300,0,wind_sensor_link,16.1,0.0
1790354300322226802,1790354300,200000000,wind_sensor_link,16.1,0.0
1790354300529174907,1790354300,400000000,wind_sensor_link,16.1,0.0
1790354300721986537,1790354300,600000256,wind_sensor_link,16.1,0.0
1790354300928968401,1790354300,800000256,wind_sensor_link,16.1,0.0
1790354301121677996,1790354301,0,wind_sensor_link,16.1,0.0
1790354301328874136,1790354301,200000000,wind_sensor_link,16.1,0.0
1790354301521869783,1790354301,400000000,wind_sensor_link,16.1,0.0
1790354301728401245,1790354301,600000256,wind_sensor_link,16.1,0.0
1790354301921533816,1790354301,800000256,wind_sensor_link,16.1,0.0
1790354302128298812,1790354302,0,wind_sensor_link,16.1,0.0
1790354302320880612,1790354302,200000000,wind_sensor_link,16.1,0.0
1790354302527945105,1790354302,400000000,wind_sensor_link,16.1,0.0
1790354302720538998,1790354302,600000256,wind_sensor_link,16.1,0.0
1790354302927755136,1790354302,800000256,wind_sensor_link,16.1,0.0
1790354303120457843,1790354303,0,wind_sensor_link,16.1,0.0
1790354303327429614,1790354303,200000000,wind_sensor_link,16.1,0.0
1790354303520116098,1790354303,400000000,wind_sensor_link,16.1,0.0
1790354303727205479,1790354303,600000256,wind_sensor_link,16.1,0.0
1790354303919816557,1790354303,800000256,wind_sensor_link,16.1,0.0
1790354304127001956,1790354304,0,wind_sensor_link,16.1,0.0
1790354304319669847,1790354304,200000000,wind_sensor_link,16.1,0.0
1790354304526430659,1790354304,400000000,wind_sensor_link,16.1,0.0
1790354304719257141,1790354304,600000256,wind_sensor_link,16.1,0.0
1790354304926349726,1790354304,800000256,wind_sensor_link,16.1,0.0
1790354305119061506,1790354305,0,wind_sensor_link,16.1,0.0
1790354305326179294,1790354305,200000000,wind_sensor_link,16.1,0.0
1790354305518439154,1790354305,400000000,wind_sensor_link,16.1,0.0
1790354305725854401,1790354305,600000256,wind_sensor_link,16.1,0.0
1790354305918899455,1790354305,800000256,wind_sensor_link,16.1,0.0
1790354306125527564,1790354306,0,wind_sensor_link,16.1,0.0
1790354306332711000,1790354306,200000000,wind_sensor_link,16.1,0.0
1790354306525260115,1790354306,400000000,wind_sensor_link,16.1,0.0
1790354306732451773,1790354306,600000256,wind_sensor_link,16.1,0.0
1790354306925047703,1790354306,800000256,wind_sensor_link,16.1,0.0
1790354307132114343,1790354307,0,wind_sensor_link,16.1,0.0
1790354307324768050,1790354307,200000000,wind_sensor_link,16.1,0.0
1790354307531788303,1790354307,400000000,wind_sensor_link,16.1,0.0
1790354307724402899,1790354307,600000256,wind_sensor_link,16.1,0.0
1790354307931678037,1790354307,800000256,wind_sensor_link,16.1,0.0
1790354308124282874,1790354308,0,wind_sensor_link,16.1,0.0
1790354308331331978,1790354308,200000000,wind_sensor_link,16.1,0.0
1790354308524010203,1790354308,400000000,wind_sensor_link,16.1,0.0
1790354308731048325,1790354308,600000256,wind_sensor_link,16.1,0.0
1790354308923660569,1790354308,800000256,wind_sensor_link,16.1,0.0
1790354309130898634,1790354309,0,wind_sensor_link,16.1,0.0
1790354309323417139,1790354309,200000000,wind_sensor_link,16.1,0.0
1790354309530546723,1790354309,400000000,wind_sensor_link,16.1,0.0
1790354309723220263,1790354309,600000256,wind_sensor_link,16.1,0.0
1790354309930239830,1790354309,800000256,wind_sensor_link,16.1,0.0
1790354310122874407,1790354310,0,wind_sensor_link,16.1,0.0
1790354310329857808,1790354310,200000000,wind_sensor_link,16.1,0.0
1790354310522560052,1790354310,400000000,wind_sensor_link,16.1,0.0
1790354310729780635,1790354310,600000256,wind_sensor_link,16.1,0.0
1790354310922389194,1790354310,800000256,wind_sensor_link,16.1,0.0
1790354311129483649,1790354311,0,wind_sensor_link,16.1,0.0
1790354311322120264,1790354311,200000000,wind_sensor_link,16.1,0.0
1790354311529131757,1790354311,400000000,wind_sensor_link,16.1,0.0
1790354311721811223,1790354311,600000256,wind_sensor_link,16.1,0.0
1790354311928982473,1790354311,800000256,wind_sensor_link,16.1,0.0
1790354312121545737,1790354312,0,wind_sensor_link,16.1,0.0
1790354312328664154,1790354312,200000000,wind_sensor_link,16.1,0.0
1790354312521274232,1790354312,400000000,wind_sensor_link,16.1,0.0
1790354312728398853,1790354312,600000256,wind_sensor_link,16.1,0.0
1790354312921320020,1790354312,800000256,wind_sensor_link,16.1,0.0
1790354313128073257,1790354313,0,wind_sensor_link,16.1,0.0
1790354313320762352,1790354313,200000000,wind_sensor_link,16.1,0.0
1790354313527864011,1790354313,400000000,wind_sensor_link,16.1,0.0
1790354313720461589,1790354313,600000256,wind_sensor_link,16.1,0.0
1790354313927504526,1790354313,800000256,wind_sensor_link,16.1,0.0
1790354314120188214,1790354314,0,wind_sensor_link,16.1,0.0
1790354314327248244,1790354314,200000000,wind_sensor_link,16.1,0.0
1790354314519672527,1790354314,400000000,wind_sensor_link,16.1,0.0
1790354314727070090,1790354314,600000256,wind_sensor_link,16.1,0.0
1790354314919968571,1790354314,800000256,wind_sensor_link,16.1,0.0
1790354315126774771,1790354315,0,wind_sensor_link,16.1,0.0
1790354315319784677,1790354315,200000000,wind_sensor_link,16.1,0.0
1790354315526419582,1790354315,400000000,wind_sensor_link,16.1,0.0
1790354315719473469,1790354315,600000256,wind_sensor_link,16.1,0.0
1790354315926132652,1790354315,800000256,wind_sensor_link,16.1,0.0
1790354316119150984,1790354316,0,wind_sensor_link,16.1,0.0
1790354316325943239,1790354316,200000000,wind_sensor_link,16.1,0.0
1790354316518979923,1790354316,400000000,wind_sensor_link,16.1,0.0
1790354316725574643,1790354316,600000256,wind_sensor_link,16.1,0.0
1790354316932776949,1790354316,800000256,wind_sensor_link,16.1,0.0
1790354317125688967,1790354317,0,wind_sensor_link,16.1,0.0
1790354317332382390,1790354317,200000000,wind_sensor_link,16.1,0.0
1790354317525152485,1790354317,400000000,wind_sensor_link,16.1,0.0
1790354317732180237,1790354317,600000256,wind_sensor_link,16.1,0.0
1790354317924840295,1790354317,800000256,wind_sensor_link,16.1,0.0
1790354318131977695,1790354318,0,wind_sensor_link,16.1,0.0
1790354318324519921,1790354318,200000000,wind_sensor_link,16.1,0.0
1790354318531696227,1790354318,400000000,wind_sensor_link,16.1,0.0
1790354318724333360,1790354318,600000256,wind_sensor_link,16.1,0.0
1790354318931224484,1790354318,800000256,wind_sensor_link,16.1,0.0
1790354319123986542,1790354319,0,wind_sensor_link,16.1,0.0
1790354319331056534,1790354319,200000000,wind_sensor_link,16.1,0.0
1790354319523719704,1790354319,400000000,wind_sensor_link,16.1,0.0
1790354319730860177,1790354319,600000256,wind_sensor_link,16.1,0.0
1790354319923389293,1790354319,800000256,wind_sensor_link,16.1,0.0
1790354320130554432,1790354320,0,wind_sensor_link,16.1,0.0
1790354320323197732,1790354320,200000000,wind_sensor_link,16.1,0.0
1790354320530234928,1790354320,400000000,wind_sensor_link,16.1,0.0
1790354320722909116,1790354320,600000256,wind_sensor_link,16.1,0.0
1790354320929978924,1790354320,800000256,wind_sensor_link,16.1,0.0
1790354321122716259,1790354321,0,wind_sensor_link,16.1,0.0
1790354321329812677,1790354321,200000000,wind_sensor_link,16.1,0.0
1790354321522706825,1790354321,400000000,wind_sensor_link,16.1,0.0
1790354321729751096,1790354321,600000256,wind_sensor_link,16.1,0.0
1790354321922431413,1790354321,800000256,wind_sensor_link,16.1,0.0
1790354322129175910,1790354322,0,wind_sensor_link,16.1,0.0
1790354322321789099,1790354322,200000000,wind_sensor_link,16.1,0.0
1790354322528824721,1790354322,400000000,wind_sensor_link,16.1,0.0
1790354322721488928,1790354322,600000256,wind_sensor_link,16.1,0.0
1790354322928699122,1790354322,800000256,wind_sensor_link,16.1,0.0
1790354323121575419,1790354323,0,wind_sensor_link,16.1,0.0
1790354323328699689,1790354323,200000000,wind_sensor_link,16.1,0.0
1790354323521431839,1790354323,400000000,wind_sensor_link,16.1,0.0
1790354323727886876,1790354323,600000256,wind_sensor_link,16.1,0.0
1790354323921075687,1790354323,800000256,wind_sensor_link,16.1,0.0
1790354324127969441,1790354324,0,wind_sensor_link,16.1,0.0
1790354324320441817,1790354324,200000000,wind_sensor_link,16.1,0.0
1790354324527502958,1790354324,400000000,wind_sensor_link,16.1,0.0
1790354324720215312,1790354324,600000256,wind_sensor_link,16.1,0.0
1790354324927225064,1790354324,800000256,wind_sensor_link,16.1,0.0
1790354325119891938,1790354325,0,wind_sensor_link,16.1,0.0
1790354325327014615,1790354325,200000000,wind_sensor_link,16.1,0.0
1790354325519235382,1790354325,400000000,wind_sensor_link,16.1,0.0
1790354325726993070,1790354325,600000256,wind_sensor_link,16.1,0.0
1790354325919693813,1790354325,800000256,wind_sensor_link,16.1,0.0
1790354326126438995,1790354326,0,wind_sensor_link,16.1,0.0
1790354326319448253,1790354326,200000000,wind_sensor_link,16.1,0.0
1790354326526159713,1790354326,400000000,wind_sensor_link,16.1,0.0
1790354326719166989,1790354326,600000256,wind_sensor_link,16.1,0.0
1790354326925927337,1790354326,800000256,wind_sensor_link,16.1,0.0
1790354327118277789,1790354327,0,wind_sensor_link,16.1,0.0
1790354327325693333,1790354327,200000000,wind_sensor_link,16.1,0.0
1790354327518738442,1790354327,400000000,wind_sensor_link,16.1,0.0
1790354327725373347,1790354327,600000256,wind_sensor_link,16.1,0.0
1790354327932491598,1790354327,800000256,wind_sensor_link,16.1,0.0
1790354328125139046,1790354328,0,wind_sensor_link,16.1,0.0
1790354328332150650,1790354328,200000000,wind_sensor_link,16.1,0.0
1790354328524852190,1790354328,400000000,wind_sensor_link,16.1,0.0
1790354328731879794,1790354328,600000256,wind_sensor_link,16.1,0.0
1790354328924571426,1790354328,800000256,wind_sensor_link,16.1,0.0
1790354329131573568,1790354329,0,wind_sensor_link,16.1,0.0
1790354329324257163,1790354329,200000000,wind_sensor_link,16.1,0.0
1790354329531670022,1790354329,400000000,wind_sensor_link,16.1,0.0
1790354329724013677,1790354329,600000256,wind_sensor_link,16.1,0.0
1790354329931083021,1790354329,800000256,wind_sensor_link,16.1,0.0
1790354330123766505,1790354330,0,wind_sensor_link,16.1,0.0
1790354330330871701,1790354330,200000000,wind_sensor_link,16.1,0.0
1790354330523411705,1790354330,400000000,wind_sensor_link,16.1,0.0
1790354330730651677,1790354330,600000256,wind_sensor_link,16.1,0.0
1790354330923165460,1790354330,800000256,wind_sensor_link,16.1,0.0
1790354331130230934,1790354331,0,wind_sensor_link,16.1,0.0
1790354331322867030,1790354331,200000000,wind_sensor_link,16.1,0.0
1790354331529818394,1790354331,400000000,wind_sensor_link,16.1,0.0
1790354331722676691,1790354331,600000256,wind_sensor_link,16.1,0.0
1790354331929772294,1790354331,800000256,wind_sensor_link,16.1,0.0
1790354332122393205,1790354332,0,wind_sensor_link,16.1,0.0
1790354332329397884,1790354332,200000000,wind_sensor_link,16.1,0.0
1790354332522393142,1790354332,400000000,wind_sensor_link,16.1,0.0
1790354332729080046,1790354332,600000256,wind_sensor_link,16.1,0.0
1790354332921747512,1790354332,800000256,wind_sensor_link,16.1,0.0
1790354333129033058,1790354333,0,wind_sensor_link,16.1,0.0
1790354333321478397,1790354333,200000000,wind_sensor_link,16.1,0.0
1790354333528575907,1790354333,400000000,wind_sensor_link,16.1,0.0
1790354333721282576,1790354333,600000256,wind_sensor_link,16.1,0.0
1790354333928259681,1790354333,800000256,wind_sensor_link,16.1,0.0
1790354334120917092,1790354334,0,wind_sensor_link,16.1,0.0
1790354334327882937,1790354334,200000000,wind_sensor_link,16.1,0.0
1790354334520664550,1790354334,400000000,wind_sensor_link,16.1,0.0
1790354334727861485,1790354334,600000256,wind_sensor_link,16.1,0.0
1790354334920431767,1790354334,800000256,wind_sensor_link,16.1,0.0
1790354335127574685,1790354335,0,wind_sensor_link,16.1,0.0
1790354335320445574,1790354335,200000000,wind_sensor_link,16.1,0.0
1790354335527223422,1790354335,400000000,wind_sensor_link,16.1,0.0
1790354335719861388,1790354335,600000256,wind_sensor_link,16.1,0.0
1790354335927006120,1790354335,800000256,wind_sensor_link,16.1,0.0
1790354336119556291,1790354336,0,wind_sensor_link,16.1,0.0
1790354336326696246,1790354336,200000000,wind_sensor_link,16.1,0.0
1790354336519684819,1790354336,400000000,wind_sensor_link,16.1,0.0
1790354336726449612,1790354336,600000256,wind_sensor_link,16.1,0.0
1790354336919412351,1790354336,800000256,wind_sensor_link,16.1,0.0
1790354337126066312,1790354337,0,wind_sensor_link,16.1,0.0
1790354337318477374,1790354337,200000000,wind_sensor_link,16.1,0.0
1790354337525804233,1790354337,400000000,wind_sensor_link,16.1,0.0
1790354337718915157,1790354337,600000256,wind_sensor_link,16.1,0.0
1790354337925646579,1790354337,800000256,wind_sensor_link,16.1,0.0
1790354338118214658,1790354338,0,wind_sensor_link,16.1,0.0
1790354338325501814,1790354338,200000000,wind_sensor_link,16.1,0.0
1790354338532708416,1790354338,400000000,wind_sensor_link,16.1,0.0
1790354338725045330,1790354338,600000256,wind_sensor_link,16.0,0.0
1790354338931978065,1790354338,800000256,wind_sensor_link,16.0,0.0
1790354339125098840,1790354339,0,wind_sensor_link,16.0,0.0
1790354339331775690,1790354339,200000000,wind_sensor_link,16.0,0.0
1790354339524373101,1790354339,400000000,wind_sensor_link,16.0,0.0
1790354339731664739,1790354339,600000256,wind_sensor_link,16.0,0.0
1790354339924531813,1790354339,800000256,wind_sensor_link,16.0,0.0
1790354340131156367,1790354340,0,wind_sensor_link,16.0,0.0
1790354340323938387,1790354340,200000000,wind_sensor_link,16.0,0.0
1790354340530974676,1790354340,400000000,wind_sensor_link,16.0,0.0
1790354340723683086,1790354340,600000256,wind_sensor_link,16.0,0.0
1790354340930761578,1790354340,800000256,wind_sensor_link,16.0,0.0
1790354341123052993,1790354341,0,wind_sensor_link,16.0,0.0
1790354341330428593,1790354341,200000000,wind_sensor_link,16.0,0.0
1790354341523403240,1790354341,400000000,wind_sensor_link,16.0,0.0
1790354341730127811,1790354341,600000256,wind_sensor_link,16.0,0.0
1790354341922729593,1790354341,800000256,wind_sensor_link,16.0,0.0
1790354342129720105,1790354342,0,wind_sensor_link,16.0,0.0
1790354342322428422,1790354342,200000000,wind_sensor_link,16.0,0.0
1790354342529568247,1790354342,400000000,wind_sensor_link,16.0,0.0
1790354342722210046,1790354342,600000256,wind_sensor_link,16.0,0.0
1790354342929498443,1790354342,800000256,wind_sensor_link,16.0,0.0
1790354343121887542,1790354343,0,wind_sensor_link,16.0,0.0
1790354343328956905,1790354343,200000000,wind_sensor_link,16.0,0.0
1790354343521553687,1790354343,400000000,wind_sensor_link,16.0,0.0
1790354343728770789,1790354343,600000256,wind_sensor_link,16.0,0.0
1790354343921335200,1790354343,800000256,wind_sensor_link,16.0,0.0
1790354344128455729,1790354344,0,wind_sensor_link,16.0,0.0
1790354344321083047,1790354344,200000000,wind_sensor_link,16.0,0.0
1790354344528019616,1790354344,400000000,wind_sensor_link,16.0,0.0
1790354344720813672,1790354344,600000256,wind_sensor_link,16.0,0.0
1790354344927759685,1790354344,800000256,wind_sensor_link,16.0,0.0
1790354345120679796,1790354345,0,wind_sensor_link,16.0,0.0
1790354345327679956,1790354345,200000000,wind_sensor_link,16.0,0.0
1790354345520243516,1790354345,400000000,wind_sensor_link,16.0,0.0
1790354345727361878,1790354345,600000256,wind_sensor_link,16.0,0.0
1790354345920021455,1790354345,800000256,wind_sensor_link,16.0,0.0
1790354346126858728,1790354346,0,wind_sensor_link,16.0,0.0
1790354346319410140,1790354346,200000000,wind_sensor_link,16.0,0.0
1790354346526907349,1790354346,400000000,wind_sensor_link,16.0,0.0
1790354346719436669,1790354346,600000256,wind_sensor_link,16.0,0.0
1790354346926517939,1790354346,800000256,wind_sensor_link,16.0,0.0
1790354347119576215,1790354347,0,wind_sensor_link,16.0,0.0
1790354347326246360,1790354347,200000000,wind_sensor_link,16.0,0.0
1790354347518566275,1790354347,400000000,wind_sensor_link,16.0,0.0
1790354347725960226,1790354347,600000256,wind_sensor_link,16.0,0.0
1790354347919162445,1790354347,800000256,wind_sensor_link,16.0,0.0
1790354348125736425,1790354348,0,wind_sensor_link,16.0,0.0
1790354348318736776,1790354348,200000000,wind_sensor_link,16.0,0.0
1790354348525401718,1790354348,400000000,wind_sensor_link,16.0,0.0
1790354348732427563,1790354348,600000256,wind_sensor_link,16.0,0.0
1790354348925103695,1790354348,800000256,wind_sensor_link,16.0,0.0
1790354349132231168,1790354349,0,wind_sensor_link,16.0,0.0
1790354349325167742,1790354349,200000000,wind_sensor_link,16.0,0.0
1790354349531952756,1790354349,400000000,wind_sensor_link,16.0,0.0
1790354349724520057,1790354349,600000256,wind_sensor_link,16.0,0.0
1790354349931746566,1790354349,800000256,wind_sensor_link,16.0,0.0
1790354350124545086,1790354350,0,wind_sensor_link,16.0,0.0
1790354350331419599,1790354350,200000000,wind_sensor_link,16.0,0.0
1790354350524077398,1790354350,400000000,wind_sensor_link,16.0,0.0
1790354350731108503,1790354350,600000256,wind_sensor_link,16.0,0.0
1790354350923741969,1790354350,800000256,wind_sensor_link,16.0,0.0
1790354351130888701,1790354351,0,wind_sensor_link,16.0,0.0
1790354351323512112,1790354351,200000000,wind_sensor_link,16.0,0.0
1790354351530700825,1790354351,400000000,wind_sensor_link,16.0,0.0
1790354351722996259,1790354351,600000256,wind_sensor_link,16.0,0.0
1790354351930196453,1790354351,800000256,wind_sensor_link,16.0,0.0
1790354352122900048,1790354352,0,wind_sensor_link,16.0,0.0
1790354352329873153,1790354352,200000000,wind_sensor_link,16.0,0.0
1790354352522414732,1790354352,400000000,wind_sensor_link,16.0,0.0
1790354352729571593,1790354352,600000256,wind_sensor_link,16.0,0.0
1790354352922744312,1790354352,800000256,wind_sensor_link,16.0,0.0
1790354353129385347,1790354353,0,wind_sensor_link,16.0,0.0
1790354353322198182,1790354353,200000000,wind_sensor_link,16.0,0.0
1790354353528958215,1790354353,400000000,wind_sensor_link,16.0,0.0
1790354353721845419,1790354353,600000256,wind_sensor_link,15.9,0.0
1790354353928939411,1790354353,800000256,wind_sensor_link,15.9,0.0
1790354354121648969,1790354354,0,wind_sensor_link,15.9,0.0
1790354354328756128,1790354354,200000000,wind_sensor_link,15.9,0.0
1790354354521214059,1790354354,400000000,wind_sensor_link,15.9,0.0
1790354354728278959,1790354354,600000256,wind_sensor_link,15.9,0.0
1790354354921042961,1790354354,800000256,wind_sensor_link,15.9,0.0
1790354355127918234,1790354355,0,wind_sensor_link,15.9,0.0
1790354355320733253,1790354355,200000000,wind_sensor_link,15.9,0.0
1790354355527707562,1790354355,400000000,wind_sensor_link,15.9,0.0
1790354355720388768,1790354355,600000256,wind_sensor_link,15.9,0.0
1790354355927560778,1790354355,800000256,wind_sensor_link,15.9,0.0
1790354356119973284,1790354356,0,wind_sensor_link,15.9,0.0
1790354356327326106,1790354356,200000000,wind_sensor_link,15.9,0.0
1790354356519710538,1790354356,400000000,wind_sensor_link,15.9,0.0
1790354356726808845,1790354356,600000256,wind_sensor_link,15.9,0.0
1790354356920012823,1790354356,800000256,wind_sensor_link,15.9,0.0
1790354357126896337,1790354357,0,wind_sensor_link,15.9,0.0
1790354357319112771,1790354357,200000000,wind_sensor_link,15.9,0.0
1790354357526314799,1790354357,400000000,wind_sensor_link,15.9,0.0
1790354357718681972,1790354357,600000256,wind_sensor_link,15.9,0.0
1790354357926245977,1790354357,800000256,wind_sensor_link,15.9,0.0
1790354358118486837,1790354358,0,wind_sensor_link,15.9,0.0
1790354358325943380,1790354358,200000000,wind_sensor_link,15.9,0.0
1790354358518250332,1790354358,400000000,wind_sensor_link,15.9,0.0
1790354358725670950,1790354358,600000256,wind_sensor_link,15.9,0.0
1790354358918397211,1790354358,800000256,wind_sensor_link,15.9,0.0
1790354359125357539,1790354359,0,wind_sensor_link,15.9,0.0
1790354359332319847,1790354359,200000000,wind_sensor_link,15.9,0.0
1790354359525062423,1790354359,400000000,wind_sensor_link,15.9,0.0
1790354359732011306,1790354359,600000256,wind_sensor_link,15.9,0.0
1790354359925079137,1790354359,800000256,wind_sensor_link,15.9,0.0
1790354360131920596,1790354360,0,wind_sensor_link,15.9,0.0
1790354360324458026,1790354360,200000000,wind_sensor_link,15.9,0.0
1790354360531663147,1790354360,400000000,wind_sensor_link,15.9,0.0
1790354360724301539,1790354360,600000256,wind_sensor_link,15.9,0.0
1790354360931327847,1790354360,800000256,wind_sensor_link,15.9,0.0
1790354361123735686,1790354361,0,wind_sensor_link,15.9,0.0
1790354361331029435,1790354361,200000000,wind_sensor_link,15.9,0.0
1790354361523435330,1790354361,400000000,wind_sensor_link,15.9,0.0
1790354361730675246,1790354361,600000256,wind_sensor_link,15.9,0.0
1790354361923194714,1790354361,800000256,wind_sensor_link,15.9,0.0
1790354362130687183,1790354362,0,wind_sensor_link,15.9,0.0
1790354362322980061,1790354362,200000000,wind_sensor_link,15.9,0.0
1790354362530151996,1790354362,400000000,wind_sensor_link,15.9,0.0
1790354362722750445,1790354362,600000256,wind_sensor_link,15.9,0.0
1790354362929734846,1790354362,800000256,wind_sensor_link,15.9,0.0
1790354363122676938,1790354363,0,wind_sensor_link,15.9,0.0
1790354363329758652,1790354363,200000000,wind_sensor_link,15.9,0.0
1790354363522182862,1790354363,400000000,wind_sensor_link,15.9,0.0
1790354363729359872,1790354363,600000256,wind_sensor_link,15.9,0.0
1790354363922049430,1790354363,800000256,wind_sensor_link,15.9,0.0
1790354364128962313,1790354364,0,wind_sensor_link,15.9,0.0
1790354364321736148,1790354364,200000000,wind_sensor_link,15.9,0.0
1790354364528838436,1790354364,400000000,wind_sensor_link,15.9,0.0
1790354364721443514,1790354364,600000256,wind_sensor_link,15.9,0.0
1790354364928762430,1790354364,800000256,wind_sensor_link,15.9,0.0
1790354365121314323,1790354365,0,wind_sensor_link,15.9,0.0
1790354365328179429,1790354365,200000000,wind_sensor_link,15.9,0.0
1790354365520815340,1790354365,400000000,wind_sensor_link,15.9,0.0
1790354365728026534,1790354365,600000256,wind_sensor_link,15.9,0.0
1790354365920334208,1790354365,800000256,wind_sensor_link,15.9,0.0
1790354366127694382,1790354366,0,wind_sensor_link,15.9,0.0
1790354366320308182,1790354366,200000000,wind_sensor_link,15.9,0.0
1790354366527369601,1790354366,400000000,wind_sensor_link,15.9,0.0
1790354366720198564,1790354366,600000256,wind_sensor_link,15.9,0.0
1790354366927305538,1790354366,800000256,wind_sensor_link,15.9,0.0
1790354367119887338,1790354367,0,wind_sensor_link,15.9,0.0
1790354367326913942,1790354367,200000000,wind_sensor_link,15.9,0.0
1790354367519541798,1790354367,400000000,wind_sensor_link,15.9,0.0
1790354367726804899,1790354367,600000256,wind_sensor_link,15.9,0.0
1790354367919746380,1790354367,800000256,wind_sensor_link,15.9,0.0
1790354368126454618,1790354368,0,wind_sensor_link,15.9,0.0
1790354368319699984,1790354368,200000000,wind_sensor_link,15.9,0.0
1790354368525965042,1790354368,400000000,wind_sensor_link,15.9,0.0
1790354368718268216,1790354368,600000256,wind_sensor_link,15.9,0.0
1790354368925800165,1790354368,800000256,wind_sensor_link,15.9,0.0
1790354369118498242,1790354369,0,wind_sensor_link,15.9,0.0
1790354369325332997,1790354369,200000000,wind_sensor_link,15.9,0.0
1790354369518790805,1790354369,400000000,wind_sensor_link,15.9,0.0
1790354369725364877,1790354369,600000256,wind_sensor_link,15.9,0.0
1790354369932471592,1790354369,800000256,wind_sensor_link,15.9,0.0
1790354370125019318,1790354370,0,wind_sensor_link,15.9,0.0
1790354370332121403,1790354370,200000000,wind_sensor_link,15.9,0.0
1790354370524894849,1790354370,400000000,wind_sensor_link,15.9,0.0
1790354370731785659,1790354370,600000256,wind_sensor_link,15.9,0.0
1790354370924862805,1790354370,800000256,wind_sensor_link,15.9,0.0
1790354371131679226,1790354371,0,wind_sensor_link,15.9,0.0
1790354371324263360,1790354371,200000000,wind_sensor_link,15.9,0.0
1790354371531362611,1790354371,400000000,wind_sensor_link,15.9,0.0
1790354371724033521,1790354371,600000256,wind_sensor_link,15.9,0.0
1790354371931100218,1790354371,800000256,wind_sensor_link,15.9,0.0
1790354372123855960,1790354372,0,wind_sensor_link,15.9,0.0
1790354372330816991,1790354372,200000000,wind_sensor_link,15.9,0.0
1790354372523448939,1790354372,400000000,wind_sensor_link,15.9,0.0
1790354372730681633,1790354372,600000256,wind_sensor_link,15.9,0.0
1790354372923146212,1790354372,800000256,wind_sensor_link,15.9,0.0
1790354373130288186,1790354373,0,wind_sensor_link,15.9,0.0
1790354373322939485,1790354373,200000000,wind_sensor_link,15.9,0.0
1790354373529964793,1790354373,400000000,wind_sensor_link,15.9,0.0
1790354373722658295,1790354373,600000256,wind_sensor_link,15.9,0.0
1790354373929672011,1790354373,800000256,wind_sensor_link,15.9,0.0
1790354374122328680,1790354374,0,wind_sensor_link,15.9,0.0
1790354374329372507,1790354374,200000000,wind_sensor_link,15.9,0.0
1790354374521912807,1790354374,400000000,wind_sensor_link,15.9,0.0
1790354374729148650,1790354374,600000256,wind_sensor_link,15.9,0.0
1790354374921799468,1790354374,800000256,wind_sensor_link,15.9,0.0
1790354375128810646,1790354375,0,wind_sensor_link,15.9,0.0
1790354375321493056,1790354375,200000000,wind_sensor_link,15.9,0.0
1790354375528914248,1790354375,400000000,wind_sensor_link,15.9,0.0
1790354375721191108,1790354375,600000256,wind_sensor_link,15.9,0.0
1790354375928310488,1790354375,800000256,wind_sensor_link,15.9,0.0
1790354376120970047,1790354376,0,wind_sensor_link,15.9,0.0
1790354376328039836,1790354376,200000000,wind_sensor_link,15.9,0.0
1790354376520678709,1790354376,400000000,wind_sensor_link,15.9,0.0
1790354376727843460,1790354376,600000256,wind_sensor_link,15.9,0.0
1790354376920361576,1790354376,800000256,wind_sensor_link,15.9,0.0
1790354377127568548,1790354377,0,wind_sensor_link,15.9,0.0
1790354377320191163,1790354377,200000000,wind_sensor_link,15.9,0.0
1790354377527062806,1790354377,400000000,wind_sensor_link,15.9,0.0
1790354377719521219,1790354377,600000256,wind_sensor_link,15.9,0.0
1790354377926936596,1790354377,800000256,wind_sensor_link,15.9,0.0
1790354378119559599,1790354378,0,wind_sensor_link,15.9,0.0
1790354378326720905,1790354378,200000000,wind_sensor_link,15.9,0.0
1790354378519284187,1790354378,400000000,wind_sensor_link,15.9,0.0
1790354378726409179,1790354378,600000256,wind_sensor_link,15.9,0.0
1790354378919417956,1790354378,800000256,wind_sensor_link,15.9,0.0
1790354379126097546,1790354379,0,wind_sensor_link,15.9,0.0
1790354379318731660,1790354379,200000000,wind_sensor_link,15.9,0.0
1790354379525812060,1790354379,400000000,wind_sensor_link,15.9,0.0
1790354379718429971,1790354379,600000256,wind_sensor_link,15.9,0.0
1790354379925673443,1790354379,800000256,wind_sensor_link,15.9,0.0
1790354380118703830,1790354380,0,wind_sensor_link,15.8,0.0
1790354380325101923,1790354380,200000000,wind_sensor_link,15.8,0.0
1790354380532497060,1790354380,400000000,wind_sensor_link,15.8,0.0
1790354380724968232,1790354380,600000256,wind_sensor_link,15.8,0.0
1790354380932125890,1790354380,800000256,wind_sensor_link,15.8,0.0
1790354381124801615,1790354381,0,wind_sensor_link,15.8,0.0
1790354381331772683,1790354381,200000000,wind_sensor_link,15.8,0.0
1790354381524736941,1790354381,400000000,wind_sensor_link,15.8,0.0
1790354381731625677,1790354381,600000256,wind_sensor_link,15.8,0.0
1790354381924129589,1790354381,800000256,wind_sensor_link,15.8,0.0
1790354382131319062,1790354382,0,wind_sensor_link,15.8,0.0
1790354382324149674,1790354382,200000000,wind_sensor_link,15.8,0.0
1790354382530953743,1790354382,400000000,wind_sensor_link,15.8,0.0
1790354382723532247,1790354382,600000256,wind_sensor_link,15.8,0.0
1790354382930710776,1790354382,800000256,wind_sensor_link,15.8,0.0
1790354383123301891,1790354383,0,wind_sensor_link,15.8,0.0
1790354383330419197,1790354383,200000000,wind_sensor_link,15.8,0.0
1790354383523139385,1790354383,400000000,wind_sensor_link,15.8,0.0
1790354383730135545,1790354383,600000256,wind_sensor_link,15.8,0.0
1790354383923102988,1790354383,800000256,wind_sensor_link,15.8,0.0
1790354384129919040,1790354384,0,wind_sensor_link,15.8,0.0
1790354384322445285,1790354384,200000000,wind_sensor_link,15.8,0.0
1790354384529647591,1790354384,400000000,wind_sensor_link,15.8,0.0
1790354384721896673,1790354384,600000256,wind_sensor_link,15.8,0.0
1790354384929299735,1790354384,800000256,wind_sensor_link,15.8,0.0
1790354385121942016,1790354385,0,wind_sensor_link,15.8,0.0
1790354385329003379,1790354385,200000000,wind_sensor_link,15.8,0.0
1790354385521661790,1790354385,400000000,wind_sensor_link,15.8,0.0
1790354385728679838,1790354385,600000256,wind_sensor_link,15.8,0.0
1790354385921335841,1790354385,800000256,wind_sensor_link,15.8,0.0
1790354386128560906,1790354386,0,wind_sensor_link,15.8,0.0
1790354386320887061,1790354386,200000000,wind_sensor_link,15.7,0.0
1790354386528521991,1790354386,400000000,wind_sensor_link,15.7,0.0
1790354386720547391,1790354386,600000256,wind_sensor_link,15.7,0.0
1790354386927948824,1790354386,800000256,wind_sensor_link,15.7,0.0
1790354387120576124,1790354387,0,wind_sensor_link,15.7,0.0
1790354387327721745,1790354387,200000000,wind_sensor_link,15.7,0.0
1790354387520215250,1790354387,400000000,wind_sensor_link,15.7,0.0
1790354387727314223,1790354387,600000256,wind_sensor_link,15.7,0.0
1790354387919748266,1790354387,800000256,wind_sensor_link,15.7,0.0
1790354388127093737,1790354388,0,wind_sensor_link,15.7,0.0
1790354388319754740,1790354388,200000000,wind_sensor_link,15.7,0.0
1790354388526772566,1790354388,400000000,wind_sensor_link,15.7,0.0
1790354388719681714,1790354388,600000256,wind_sensor_link,15.7,0.0
1790354388926551969,1790354388,800000256,wind_sensor_link,15.7,0.0
1790354389119192175,1790354389,0,wind_sensor_link,15.7,0.0
1790354389326083855,1790354389,200000000,wind_sensor_link,15.7,0.0
1790354389518949782,1790354389,400000000,wind_sensor_link,15.7,0.0
1790354389725768833,1790354389,600000256,wind_sensor_link,15.7,0.0
1790354389918992903,1790354389,800000256,wind_sensor_link,15.7,0.0
1790354390125876935,1790354390,0,wind_sensor_link,15.7,0.0
1790354390318707139,1790354390,200000000,wind_sensor_link,15.7,0.0
1790354390525450692,1790354390,400000000,wind_sensor_link,15.7,0.0
1790354390718536393,1790354390,600000256,wind_sensor_link,15.7,0.0
1790354390925157317,1790354390,800000256,wind_sensor_link,15.7,0.0
1790354391132207310,1790354391,0,wind_sensor_link,15.7,0.0
1790354391324757203,1790354391,200000000,wind_sensor_link,15.7,0.0
1790354391532072489,1790354391,400000000,wind_sensor_link,15.7,0.0
1790354391724703511,1790354391,600000256,wind_sensor_link,15.7,0.0
1790354391931636857,1790354391,800000256,wind_sensor_link,15.7,0.0
1790354392124385358,1790354392,0,wind_sensor_link,15.7,0.0
1790354392331551054,1790354392,200000000,wind_sensor_link,15.7,0.0
1790354392523925430,1790354392,400000000,wind_sensor_link,15.7,0.0
1790354392731200420,1790354392,600000256,wind_sensor_link,15.7,0.0
1790354392923835164,1790354392,800000256,wind_sensor_link,15.7,0.0
1790354393130990211,1790354393,0,wind_sensor_link,15.6,0.0
1790354393323354440,1790354393,200000000,wind_sensor_link,15.6,0.0
1790354393530562727,1790354393,400000000,wind_sensor_link,15.6,0.0
1790354393723035751,1790354393,600000256,wind_sensor_link,15.6,0.0
1790354393930337333,1790354393,800000256,wind_sensor_link,15.6,0.0
1790354394123057817,1790354394,0,wind_sensor_link,15.6,0.0
1790354394330101180,1790354394,200000000,wind_sensor_link,15.6,0.0
1790354394522687369,1790354394,400000000,wind_sensor_link,15.6,0.0
1790354394729785750,1790354394,600000256,wind_sensor_link,15.6,0.0
1790354394922451846,1790354394,800000256,wind_sensor_link,15.6,0.0
1790354395129673614,1790354395,0,wind_sensor_link,15.6,0.0
1790354395321930048,1790354395,200000000,wind_sensor_link,15.6,0.0
1790354395529183927,1790354395,400000000,wind_sensor_link,15.6,0.0
1790354395721811838,1790354395,600000256,wind_sensor_link,15.6,0.0
1790354395929028310,1790354395,800000256,wind_sensor_link,15.6,0.0
1790354396121684147,1790354396,0,wind_sensor_link,15.6,0.0
1790354396328736547,1790354396,200000000,wind_sensor_link,15.6,0.0
1790354396521338828,1790354396,400000000,wind_sensor_link,15.6,0.0
1790354396728660966,1790354396,600000256,wind_sensor_link,15.6,0.0
1790354396921441486,1790354396,800000256,wind_sensor_link,15.6,0.0
1790354397128173020,1790354397,0,wind_sensor_link,15.6,0.0
1790354397320543841,1790354397,200000000,wind_sensor_link,15.6,0.0
1790354397527932274,1790354397,400000000,wind_sensor_link,15.6,0.0
1790354397720514426,1790354397,600000256,wind_sensor_link,15.6,0.0
1790354397927498438,1790354397,800000256,wind_sensor_link,15.6,0.0
1790354398120205626,1790354398,0,wind_sensor_link,15.6,0.0
1790354398327390876,1790354398,200000000,wind_sensor_link,15.6,0.0
1790354398519738735,1790354398,400000000,wind_sensor_link,15.6,0.0
1790354398727045576,1790354398,600000256,wind_sensor_link,15.6,0.0
1790354398919673783,1790354398,800000256,wind_sensor_link,15.6,0.0
1790354399126809719,1790354399,0,wind_sensor_link,15.6,0.0
1790354399319086246,1790354399,200000000,wind_sensor_link,15.6,0.0
1790354399526776490,1790354399,400000000,wind_sensor_link,15.6,0.0
1790354399719530955,1790354399,600000256,wind_sensor_link,15.6,0.0
1790354399926250414,1790354399,800000256,wind_sensor_link,15.6,0.0
1790354400118862825,1790354400,0,wind_sensor_link,15.6,0.0
1790354400325949984,1790354400,200000000,wind_sensor_link,15.6,0.0
1790354400518912595,1790354400,400000000,wind_sensor_link,15.6,0.0
1790354400725455316,1790354400,600000256,wind_sensor_link,15.6,0.0
1790354400918677405,1790354400,800000256,wind_sensor_link,15.6,0.0
1790354401125404957,1790354401,0,wind_sensor_link,15.6,0.0
1790354401317751334,1790354401,200000000,wind_sensor_link,15.6,0.0
1790354401524958825,1790354401,400000000,wind_sensor_link,15.6,0.0
1790354401732266074,1790354401,600000256,wind_sensor_link,15.6,0.0
1790354401925146241,1790354401,800000256,wind_sensor_link,15.6,0.0
1790354402132032587,1790354402,0,wind_sensor_link,15.6,0.0
1790354402324665183,1790354402,200000000,wind_sensor_link,15.6,0.0
1790354402531676269,1790354402,400000000,wind_sensor_link,15.6,0.0
1790354402724109941,1790354402,600000256,wind_sensor_link,15.6,0.0
1790354402931695205,1790354402,800000256,wind_sensor_link,15.6,0.0
1790354403124004268,1790354403,0,wind_sensor_link,15.6,0.0
1790354403331016317,1790354403,200000000,wind_sensor_link,15.6,0.0
1790354403523794207,1790354403,400000000,wind_sensor_link,15.6,0.0
1790354403730902588,1790354403,600000256,wind_sensor_link,15.6,0.0
1790354403923812514,1790354403,800000256,wind_sensor_link,15.6,0.0
1790354404130545974,1790354404,0,wind_sensor_link,15.6,0.0
1790354404323158903,1790354404,200000000,wind_sensor_link,15.6,0.0
1790354404530425912,1790354404,400000000,wind_sensor_link,15.6,0.0
1790354404722954028,1790354404,600000256,wind_sensor_link,15.6,0.0
1790354404930037261,1790354404,800000256,wind_sensor_link,15.6,0.0
1790354405122681486,1790354405,0,wind_sensor_link,15.6,0.0
1790354405329546055,1790354405,200000000,wind_sensor_link,15.6,0.0
1790354405522303390,1790354405,400000000,wind_sensor_link,15.6,0.0
1790354405729480067,1790354405,600000256,wind_sensor_link,15.6,0.0
1790354405922009257,1790354405,800000256,wind_sensor_link,15.6,0.0
1790354406129165192,1790354406,0,wind_sensor_link,15.6,0.0
1790354406321802159,1790354406,200000000,wind_sensor_link,15.6,0.0
1790354406528885262,1790354406,400000000,wind_sensor_link,15.6,0.0
1790354406721526432,1790354406,600000256,wind_sensor_link,15.6,0.0
1790354406928465519,1790354406,800000256,wind_sensor_link,15.6,0.0
1790354407121201576,1790354407,0,wind_sensor_link,15.6,0.0
1790354407328160848,1790354407,200000000,wind_sensor_link,15.6,0.0
1790354407520756537,1790354407,400000000,wind_sensor_link,15.6,0.0
1790354407727869751,1790354407,600000256,wind_sensor_link,15.6,0.0
1790354407921063896,1790354407,800000256,wind_sensor_link,15.6,0.0
1790354408127976112,1790354408,0,wind_sensor_link,15.5,0.0
1790354408320336286,1790354408,200000000,wind_sensor_link,15.5,0.0
1790354408527332224,1790354408,400000000,wind_sensor_link,15.5,0.0
1790354408720208298,1790354408,600000256,wind_sensor_link,15.5,0.0
1790354408927263587,1790354408,800000256,wind_sensor_link,15.5,0.0
1790354409119841906,1790354409,0,wind_sensor_link,15.5,0.0
1790354409327243413,1790354409,200000000,wind_sensor_link,15.5,0.0
1790354409519685622,1790354409,400000000,wind_sensor_link,15.5,0.0
1790354409726554654,1790354409,600000256,wind_sensor_link,15.5,0.0
1790354409919698207,1790354409,800000256,wind_sensor_link,15.5,0.0
1790354410126450073,1790354410,0,wind_sensor_link,15.5,0.0
1790354410319476479,1790354410,200000000,wind_sensor_link,15.5,0.0
1790354410525939127,1790354410,400000000,wind_sensor_link,15.5,0.0
1790354410718764184,1790354410,600000256,wind_sensor_link,15.5,0.0
1790354410925856324,1790354410,800000256,wind_sensor_link,15.5,0.0
1790354411118885526,1790354411,0,wind_sensor_link,15.5,0.0
1790354411325647134,1790354411,200000000,wind_sensor_link,15.5,0.0
1790354411517907642,1790354411,400000000,wind_sensor_link,15.5,0.0
1790354411725368185,1790354411,600000256,wind_sensor_link,15.5,0.0
1790354411932416956,1790354411,800000256,wind_sensor_link,15.5,0.0
1790354412124916590,1790354412,0,wind_sensor_link,15.5,0.0
1790354412332095600,1790354412,200000000,wind_sensor_link,15.5,0.0
1790354412524714826,1790354412,400000000,wind_sensor_link,15.5,0.0
1790354412731766837,1790354412,600000256,wind_sensor_link,15.5,0.0
1790354412924402636,1790354412,800000256,wind_sensor_link,15.5,0.0
1790354413131473147,1790354413,0,wind_sensor_link,15.5,0.0
1790354413324115280,1790354413,200000000,wind_sensor_link,15.5,0.0
1790354413531201717,1790354413,400000000,wind_sensor_link,15.5,0.0
1790354413723859109,1790354413,600000256,wind_sensor_link,15.5,0.0
1790354413930966527,1790354413,800000256,wind_sensor_link,15.5,0.0
1790354414123688548,1790354414,0,wind_sensor_link,15.5,0.0
1790354414330720133,1790354414,200000000,wind_sensor_link,15.5,0.0
1790354414523394636,1790354414,400000000,wind_sensor_link,15.6,0.0
1790354414730701644,1790354414,600000256,wind_sensor_link,15.6,0.0
1790354414923104502,1790354414,800000256,wind_sensor_link,15.6,0.0
1790354415130314660,1790354415,0,wind_sensor_link,15.6,0.0
1790354415322849090,1790354415,200000000,wind_sensor_link,15.6,0.0
1790354415529904935,1790354415,400000000,wind_sensor_link,15.6,0.0
1790354415722540419,1790354415,600000256,wind_sensor_link,15.6,0.0
1790354415929692855,1790354415,800000256,wind_sensor_link,15.6,0.0
1790354416122251063,1790354416,0,wind_sensor_link,15.6,0.0
1790354416329405555,1790354416,200000000,wind_sensor_link,15.6,0.0
1790354416521741413,1790354416,400000000,wind_sensor_link,15.6,0.0
1790354416728957830,1790354416,600000256,wind_sensor_link,15.6,0.0
1790354416921797627,1790354416,800000256,wind_sensor_link,15.6,0.0
1790354417128761862,1790354417,0,wind_sensor_link,15.6,0.0
1790354417321396680,1790354417,200000000,wind_sensor_link,15.6,0.0
1790354417528540079,1790354417,400000000,wind_sensor_link,15.6,0.0
1790354417721120842,1790354417,600000256,wind_sensor_link,15.6,0.0
1790354417928333333,1790354417,800000256,wind_sensor_link,15.6,0.0
1790354418120895393,1790354418,0,wind_sensor_link,15.6,0.0
1790354418327953089,1790354418,200000000,wind_sensor_link,15.6,0.0
1790354418520679758,1790354418,400000000,wind_sensor_link,15.6,0.0
1790354418727470087,1790354418,600000256,wind_sensor_link,15.6,0.0
1790354418920707509,1790354418,800000256,wind_sensor_link,15.6,0.0
1790354419127450987,1790354419,0,wind_sensor_link,15.6,0.0
1790354419320414931,1790354419,200000000,wind_sensor_link,15.6,0.0
1790354419527401609,1790354419,400000000,wind_sensor_link,15.6,0.0
1790354419720093001,1790354419,600000256,wind_sensor_link,15.6,0.0
1790354419926837812,1790354419,800000256,wind_sensor_link,15.6,0.0
1790354420119522722,1790354420,0,wind_sensor_link,15.6,0.0
1790354420326709158,1790354420,200000000,wind_sensor_link,15.6,0.0
1790354420519526974,1790354420,400000000,wind_sensor_link,15.6,0.0
1790354420726156694,1790354420,600000256,wind_sensor_link,15.6,0.0
1790354420919025435,1790354420,800000256,wind_sensor_link,15.6,0.0
1790354421126279758,1790354421,0,wind_sensor_link,15.6,0.0
1790354421319081741,1790354421,200000000,wind_sensor_link,15.6,0.0
1790354421525689443,1790354421,400000000,wind_sensor_link,15.6,0.0
1790354421718702294,1790354421,600000256,wind_sensor_link,15.6,0.0
1790354421925811786,1790354421,800000256,wind_sensor_link,15.6,0.0
1790354422118549639,1790354422,0,wind_sensor_link,15.6,0.0
1790354422325036380,1790354422,200000000,wind_sensor_link,15.6,0.0
1790354422532231204,1790354422,400000000,wind_sensor_link,15.6,0.0
1790354422724901689,1790354422,600000256,wind_sensor_link,15.6,0.0
1790354422932049328,1790354422,800000256,wind_sensor_link,15.6,0.0
1790354423124482834,1790354423,0,wind_sensor_link,15.6,0.0
1790354423331933433,1790354423,200000000,wind_sensor_link,15.6,0.0
1790354423524352550,1790354423,400000000,wind_sensor_link,15.6,0.0
1790354423731427135,1790354423,600000256,wind_sensor_link,15.6,0.0
1790354423924083157,1790354423,800000256,wind_sensor_link,15.6,0.0
1790354424131171501,1790354424,0,wind_sensor_link,15.6,0.0
1790354424323798023,1790354424,200000000,wind_sensor_link,15.6,0.0
1790354424530911329,1790354424,400000000,wind_sensor_link,15.6,0.0
1790354424723576351,1790354424,600000256,wind_sensor_link,15.6,0.0
1790354424930500345,1790354424,800000256,wind_sensor_link,15.6,0.0
1790354425123105849,1790354425,0,wind_sensor_link,15.6,0.0
1790354425330280859,1790354425,200000000,wind_sensor_link,15.6,0.0
1790354425523325468,1790354425,400000000,wind_sensor_link,15.6,0.0
1790354425730010076,1790354425,600000256,wind_sensor_link,15.6,0.0
1790354425922824651,1790354425,800000256,wind_sensor_link,15.6,0.0
1790354426129675202,1790354426,0,wind_sensor_link,15.6,0.0
1790354426322198040,1790354426,200000000,wind_sensor_link,15.6,0.0
1790354426529364198,1790354426,400000000,wind_sensor_link,15.6,0.0
1790354426721947906,1790354426,600000256,wind_sensor_link,15.6,0.0
1790354426929301413,1790354426,800000256,wind_sensor_link,15.6,0.0
1790354427121684864,1790354427,0,wind_sensor_link,15.6,0.0
1790354427329089464,1790354427,200000000,wind_sensor_link,15.6,0.0
1790354427521414582,1790354427,400000000,wind_sensor_link,15.6,0.0
1790354427728684368,1790354427,600000256,wind_sensor_link,15.6,0.0
1790354427920424438,1790354427,800000256,wind_sensor_link,15.6,0.0
1790354428128041257,1790354428,0,wind_sensor_link,15.6,0.0
1790354428320256469,1790354428,200000000,wind_sensor_link,15.6,0.0
1790354428527662847,1790354428,400000000,wind_sensor_link,15.6,0.0
1790354428719773690,1790354428,600000256,wind_sensor_link,15.6,0.0
1790354428927504878,1790354428,800000256,wind_sensor_link,15.6,0.0
1790354429119947254,1790354429,0,wind_sensor_link,15.6,0.0
1790354429327249095,1790354429,200000000,wind_sensor_link,15.6,0.0
1790354429519161107,1790354429,400000000,wind_sensor_link,15.6,0.0
1790354429726916184,1790354429,600000256,wind_sensor_link,15.6,0.0
1790354429918967991,1790354429,800000256,wind_sensor_link,15.6,0.0
1790354430127102859,1790354430,0,wind_sensor_link,15.7,0.0
1790354430320071988,1790354430,200000000,wind_sensor_link,15.7,0.0
1790354430526763893,1790354430,400000000,wind_sensor_link,15.7,0.0
1790354430719530617,1790354430,600000256,wind_sensor_link,15.7,0.0
1790354430926431611,1790354430,800000256,wind_sensor_link,15.7,0.0
1790354431119663126,1790354431,0,wind_sensor_link,15.7,0.0
1790354431326441733,1790354431,200000000,wind_sensor_link,15.7,0.0
1790354431518685870,1790354431,400000000,wind_sensor_link,15.7,0.0
1790354431726225672,1790354431,600000256,wind_sensor_link,15.7,0.0
1790354431918668418,1790354431,800000256,wind_sensor_link,15.7,0.0
1790354432125677227,1790354432,0,wind_sensor_link,15.7,0.0
1790354432318567764,1790354432,200000000,wind_sensor_link,15.7,0.0
1790354432525816902,1790354432,400000000,wind_sensor_link,15.7,0.0
1790354432718231890,1790354432,600000256,wind_sensor_link,15.7,0.0
1790354432925448936,1790354432,800000256,wind_sensor_link,15.7,0.0
1790354433132287876,1790354433,0,wind_sensor_link,15.7,0.0
1790354433325333818,1790354433,200000000,wind_sensor_link,15.7,0.0
1790354433532075500,1790354433,400000000,wind_sensor_link,15.7,0.0
1790354433724408137,1790354433,600000256,wind_sensor_link,15.7,0.0
1790354433931660183,1790354433,800000256,wind_sensor_link,15.7,0.0
1790354434124097207,1790354434,0,wind_sensor_link,15.7,0.0
1790354434331346234,1790354434,200000000,wind_sensor_link,15.7,0.0
1790354434523836573,1790354434,400000000,wind_sensor_link,15.7,0.0
1790354434731565927,1790354434,600000256,wind_sensor_link,15.7,0.0
1790354434923889434,1790354434,800000256,wind_sensor_link,15.7,0.0
1790354435131791546,1790354435,0,wind_sensor_link,15.7,0.0
1790354435323750502,1790354435,200000000,wind_sensor_link,15.7,0.0
1790354435530499388,1790354435,400000000,wind_sensor_link,15.7,0.0
1790354435723401073,1790354435,600000256,wind_sensor_link,15.7,0.0
1790354435930388289,1790354435,800000256,wind_sensor_link,15.7,0.0
1790354436123388621,1790354436,0,wind_sensor_link,15.7,0.0
1790354436330093803,1790354436,200000000,wind_sensor_link,15.7,0.0
1790354436522974748,1790354436,400000000,wind_sensor_link,15.7,0.0
1790354436729818928,1790354436,600000256,wind_sensor_link,15.7,0.0
1790354436922408913,1790354436,800000256,wind_sensor_link,15.7,0.0
1790354437129540239,1790354437,0,wind_sensor_link,15.7,0.0
1790354437322459164,1790354437,200000000,wind_sensor_link,15.7,0.0
1790354437529738951,1790354437,400000000,wind_sensor_link,15.7,0.0
1790354437721938107,1790354437,600000256,wind_sensor_link,15.7,0.0
1790354437929210320,1790354437,800000256,wind_sensor_link,15.7,0.0
1790354438122094449,1790354438,0,wind_sensor_link,15.7,0.0
1790354438328524376,1790354438,200000000,wind_sensor_link,15.7,0.0
1790354438521287748,1790354438,400000000,wind_sensor_link,15.7,0.0
1790354438728532257,1790354438,600000256,wind_sensor_link,15.7,0.0
1790354438921417146,1790354438,800000256,wind_sensor_link,15.7,0.0
1790354439128349696,1790354439,0,wind_sensor_link,15.7,0.0
1790354439320796775,1790354439,200000000,wind_sensor_link,15.7,0.0
1790354439527676363,1790354439,400000000,wind_sensor_link,15.7,0.0
1790354439720511567,1790354439,600000256,wind_sensor_link,15.7,0.0
1790354439927364692,1790354439,800000256,wind_sensor_link,15.7,0.0
1790354440120158693,1790354440,0,wind_sensor_link,15.7,0.0
1790354440327326111,1790354440,200000000,wind_sensor_link,15.7,0.0
1790354440519718728,1790354440,400000000,wind_sensor_link,15.7,0.0
1790354440727276270,1790354440,600000256,wind_sensor_link,15.7,0.0
1790354440920807799,1790354440,800000256,wind_sensor_link,15.7,0.0
1790354441127290151,1790354441,0,wind_sensor_link,15.7,0.0
1790354441319542548,1790354441,200000000,wind_sensor_link,15.7,0.0
1790354441527348142,1790354441,400000000,wind_sensor_link,15.7,0.0
1790354441718833752,1790354441,600000256,wind_sensor_link,15.7,0.0
1790354441926164594,1790354441,800000256,wind_sensor_link,15.7,0.0
1790354442118498045,1790354442,0,wind_sensor_link,15.7,0.0
1790354442325952385,1790354442,200000000,wind_sensor_link,15.7,0.0
1790354442518276466,1790354442,400000000,wind_sensor_link,15.7,0.0
1790354442725493142,1790354442,600000256,wind_sensor_link,15.7,0.0
1790354442918156219,1790354442,800000256,wind_sensor_link,15.7,0.0
1790354443125168860,1790354443,0,wind_sensor_link,15.7,0.0
1790354443318097915,1790354443,200000000,wind_sensor_link,15.7,0.0
1790354443524984206,1790354443,400000000,wind_sensor_link,15.7,0.0
1790354443732458731,1790354443,600000256,wind_sensor_link,15.7,0.0
1790354443924747979,1790354443,800000256,wind_sensor_link,15.7,0.0
1790354444132360539,1790354444,0,wind_sensor_link,15.7,0.0
1790354444324929617,1790354444,200000000,wind_sensor_link,15.7,0.0
1790354444531572930,1790354444,400000000,wind_sensor_link,15.7,0.0
1790354444724070083,1790354444,600000256,wind_sensor_link,15.7,0.0
1790354444931385795,1790354444,800000256,wind_sensor_link,15.7,0.0
1790354445124125797,1790354445,0,wind_sensor_link,15.7,0.0
1790354445331151401,1790354445,200000000,wind_sensor_link,15.7,0.0
1790354445523469723,1790354445,400000000,wind_sensor_link,15.7,0.0
1790354445730936137,1790354445,600000256,wind_sensor_link,15.7,0.0
1790354445924365334,1790354445,800000256,wind_sensor_link,15.7,0.0
1790354446130544078,1790354446,0,wind_sensor_link,15.7,0.0
1790354446322995880,1790354446,200000000,wind_sensor_link,15.7,0.0
1790354446530461608,1790354446,400000000,wind_sensor_link,15.7,0.0
1790354446723669438,1790354446,600000256,wind_sensor_link,15.7,0.0
1790354446929959681,1790354446,800000256,wind_sensor_link,15.7,0.0
1790354447122649979,1790354447,0,wind_sensor_link,15.7,0.0
1790354447329680158,1790354447,200000000,wind_sensor_link,15.7,0.0
1790354447522718878,1790354447,400000000,wind_sensor_link,15.7,0.0
1790354447730279550,1790354447,600000256,wind_sensor_link,15.7,0.0
1790354447921989435,1790354447,800000256,wind_sensor_link,15.7,0.0
1790354448128907577,1790354448,0,wind_sensor_link,15.7,0.0
1790354448321722004,1790354448,200000000,wind_sensor_link,15.7,0.0
1790354448528652276,1790354448,400000000,wind_sensor_link,15.7,0.0
1790354448721132096,1790354448,600000256,wind_sensor_link,15.7,0.0
1790354448928937098,1790354448,800000256,wind_sensor_link,15.7,0.0
1790354449121143144,1790354449,0,wind_sensor_link,15.7,0.0
1790354449328212137,1790354449,200000000,wind_sensor_link,15.7,0.0
1790354449520466070,1790354449,400000000,wind_sensor_link,15.7,0.0
1790354449728400219,1790354449,600000256,wind_sensor_link,15.7,0.0
1790354449920664708,1790354449,800000256,wind_sensor_link,15.7,0.0
1790354450127696072,1790354450,0,wind_sensor_link,15.7,0.0
1790354450320655775,1790354450,200000000,wind_sensor_link,15.7,0.0
1790354450527235199,1790354450,400000000,wind_sensor_link,15.7,0.0
1790354450720056311,1790354450,600000256,wind_sensor_link,15.7,0.0
1790354450926935065,1790354450,800000256,wind_sensor_link,15.7,0.0
1790354451120294356,1790354451,0,wind_sensor_link,15.7,0.0
1790354451327088148,1790354451,200000000,wind_sensor_link,15.7,0.0
1790354451520802249,1790354451,400000000,wind_sensor_link,15.7,0.0
1790354451726555795,1790354451,600000256,wind_sensor_link,15.7,0.0
1790354451919470499,1790354451,800000256,wind_sensor_link,15.7,0.0
1790354452126044183,1790354452,0,wind_sensor_link,15.7,0.0
1790354452319324382,1790354452,200000000,wind_sensor_link,15.7,0.0
1790354452525950380,1790354452,400000000,wind_sensor_link,15.7,0.0
1790354452718227406,1790354452,600000256,wind_sensor_link,15.7,0.0
1790354452925691245,1790354452,800000256,wind_sensor_link,15.7,0.0
1790354453119304607,1790354453,0,wind_sensor_link,15.7,0.0
1790354453325384519,1790354453,200000000,wind_sensor_link,15.7,0.0
1790354453518524979,1790354453,400000000,wind_sensor_link,15.7,0.0
1790354453725121681,1790354453,600000256,wind_sensor_link,15.7,0.0
1790354453932663871,1790354453,800000256,wind_sensor_link,15.7,0.0
1790354454124812307,1790354454,0,wind_sensor_link,15.7,0.0
1790354454332178388,1790354454,200000000,wind_sensor_link,15.7,0.0
1790354454525066092,1790354454,400000000,wind_sensor_link,15.7,0.0
1790354454731827755,1790354454,600000256,wind_sensor_link,15.7,0.0
1790354454924223576,1790354454,800000256,wind_sensor_link,15.7,0.0
1790354455131692471,1790354455,0,wind_sensor_link,15.7,0.0
1790354455323943386,1790354455,200000000,wind_sensor_link,15.7,0.0
1790354455530951843,1790354455,400000000,wind_sensor_link,15.7,0.0
1790354455723744214,1790354455,600000256,wind_sensor_link,15.7,0.0
1790354455931167666,1790354455,800000256,wind_sensor_link,15.7,0.0
1790354456123466154,1790354456,0,wind_sensor_link,15.7,0.0
1790354456330441370,1790354456,200000000,wind_sensor_link,15.7,0.0
1790354456523244816,1790354456,400000000,wind_sensor_link,15.7,0.0
1790354456730745711,1790354456,600000256,wind_sensor_link,15.7,0.0
1790354456922907535,1790354456,800000256,wind_sensor_link,15.7,0.0
1790354457129944824,1790354457,0,wind_sensor_link,15.7,0.0
1790354457322849176,1790354457,200000000,wind_sensor_link,15.7,0.0
1790354457530100999,1790354457,400000000,wind_sensor_link,15.7,0.0
1790354457722254323,1790354457,600000256,wind_sensor_link,15.7,0.0
1790354457929370556,1790354457,800000256,wind_sensor_link,15.7,0.0
1790354458121943541,1790354458,0,wind_sensor_link,15.7,0.0
1790354458329497343,1790354458,200000000,wind_sensor_link,15.7,0.0
1790354458521537742,1790354458,400000000,wind_sensor_link,15.7,0.0
1790354458728650475,1790354458,600000256,wind_sensor_link,15.7,0.0
1790354458922276077,1790354458,800000256,wind_sensor_link,15.7,0.0
1790354459128426822,1790354459,0,wind_sensor_link,15.7,0.0
1790354459321515116,1790354459,200000000,wind_sensor_link,15.7,0.0
1790354459528254853,1790354459,400000000,wind_sensor_link,15.7,0.0
1790354459721421517,1790354459,600000256,wind_sensor_link,15.7,0.0
1790354459928002922,1790354459,800000256,wind_sensor_link,15.7,0.0
1790354460120690388,1790354460,0,wind_sensor_link,15.7,0.0
1790354460327561253,1790354460,200000000,wind_sensor_link,15.7,0.0
1790354460520403458,1790354460,400000000,wind_sensor_link,15.7,0.0
1790354460727331600,1790354460,600000256,wind_sensor_link,15.7,0.0
1790354460919987918,1790354460,800000256,wind_sensor_link,15.7,0.0
1790354461127240890,1790354461,0,wind_sensor_link,15.7,0.0
1790354461319850208,1790354461,200000000,wind_sensor_link,15.7,0.0
1790354461527193123,1790354461,400000000,wind_sensor_link,15.7,0.0
1790354461719517982,1790354461,600000256,wind_sensor_link,15.7,0.0
1790354461926701659,1790354461,800000256,wind_sensor_link,15.7,0.0
1790354462119263829,1790354462,0,wind_sensor_link,15.7,0.0
1790354462326364285,1790354462,200000000,wind_sensor_link,15.7,0.0
1790354462519072842,1790354462,400000000,wind_sensor_link,15.7,0.0
1790354462726128743,1790354462,600000256,wind_sensor_link,15.7,0.0
1790354462919021372,1790354462,800000256,wind_sensor_link,15.7,0.0
1790354463126293510,1790354463,0,wind_sensor_link,15.7,0.0
1790354463319776670,1790354463,200000000,wind_sensor_link,15.7,0.0
1790354463525623196,1790354463,400000000,wind_sensor_link,15.7,0.0
1790354463718775230,1790354463,600000256,wind_sensor_link,15.7,0.0
1790354463925162990,1790354463,800000256,wind_sensor_link,15.7,0.0
1790354464118269580,1790354464,0,wind_sensor_link,15.7,0.0
1790354464324932430,1790354464,200000000,wind_sensor_link,15.7,0.0
1790354464531948682,1790354464,400000000,wind_sensor_link,15.7,0.0
1790354464724687517,1790354464,600000256,wind_sensor_link,15.7,0.0
1790354464931774028,1790354464,800000256,wind_sensor_link,15.7,0.0
1790354465124193238,1790354465,0,wind_sensor_link,15.7,0.0
1790354465331439376,1790354465,200000000,wind_sensor_link,15.7,0.0
1790354465524319173,1790354465,400000000,wind_sensor_link,15.7,0.0
1790354465731248334,1790354465,600000256,wind_sensor_link,15.7,0.0
1790354465923916300,1790354465,800000256,wind_sensor_link,15.7,0.0
1790354466130967478,1790354466,0,wind_sensor_link,15.7,0.0
1790354466323705202,1790354466,200000000,wind_sensor_link,15.7,0.0
1790354466531811590,1790354466,400000000,wind_sensor_link,15.7,0.0
1790354466723761460,1790354466,600000256,wind_sensor_link,15.7,0.0
1790354466931816263,1790354466,800000256,wind_sensor_link,15.7,0.0
1790354467123001031,1790354467,0,wind_sensor_link,15.7,0.0
1790354467330370452,1790354467,200000000,wind_sensor_link,15.7,0.0
1790354467522507876,1790354467,400000000,wind_sensor_link,15.7,0.0
1790354467729866779,1790354467,600000256,wind_sensor_link,15.7,0.0
1790354467922168552,1790354467,800000256,wind_sensor_link,15.7,0.0
1790354468130108948,1790354468,0,wind_sensor_link,15.7,0.0
1790354468322163687,1790354468,200000000,wind_sensor_link,15.7,0.0
1790354468529697199,1790354468,400000000,wind_sensor_link,15.7,0.0
1790354468721942418,1790354468,600000256,wind_sensor_link,15.7,0.0
1790354468928924585,1790354468,800000256,wind_sensor_link,15.7,0.0
1790354469121812425,1790354469,0,wind_sensor_link,15.7,0.0
1790354469328729871,1790354469,200000000,wind_sensor_link,15.7,0.0
1790354469522804511,1790354469,400000000,wind_sensor_link,15.7,0.0
1790354469730777647,1790354469,600000256,wind_sensor_link,15.7,0.0
1790354469921826695,1790354469,800000256,wind_sensor_link,15.7,0.0
1790354470128179999,1790354470,0,wind_sensor_link,15.7,0.0
1790354470321216115,1790354470,200000000,wind_sensor_link,15.7,0.0
1790354470527898008,1790354470,400000000,wind_sensor_link,15.7,0.0
1790354470721274120,1790354470,600000256,wind_sensor_link,15.7,0.0
1790354470927713776,1790354470,800000256,wind_sensor_link,15.7,0.0
1790354471120982851,1790354471,0,wind_sensor_link,15.7,0.0
1790354471327333212,1790354471,200000000,wind_sensor_link,15.7,0.0
1790354471520240274,1790354471,400000000,wind_sensor_link,15.7,0.0
1790354471727505696,1790354471,600000256,wind_sensor_link,15.7,0.0
1790354471920006041,1790354471,800000256,wind_sensor_link,15.7,0.0
1790354472126779600,1790354472,0,wind_sensor_link,15.7,0.0
1790354472320200359,1790354472,200000000,wind_sensor_link,15.7,0.0
1790354472526912622,1790354472,400000000,wind_sensor_link,15.7,0.0
1790354472719727426,1790354472,600000256,wind_sensor_link,15.7,0.0
1790354472926806055,1790354472,800000256,wind_sensor_link,15.7,0.0
1790354473119216512,1790354473,0,wind_sensor_link,15.7,0.0
1790354473326212197,1790354473,200000000,wind_sensor_link,15.7,0.0
1790354473518442694,1790354473,400000000,wind_sensor_link,15.7,0.0
1790354473725889225,1790354473,600000256,wind_sensor_link,15.7,0.0
1790354473918456329,1790354473,800000256,wind_sensor_link,15.7,0.0
1790354474125750455,1790354474,0,wind_sensor_link,15.7,0.0
1790354474318323558,1790354474,200000000,wind_sensor_link,15.7,0.0
1790354474525379465,1790354474,400000000,wind_sensor_link,15.7,0.0
1790354474732646036,1790354474,600000256,wind_sensor_link,15.7,0.0
1790354474924731682,1790354474,800000256,wind_sensor_link,15.7,0.0
1790354475131788571,1790354475,0,wind_sensor_link,15.7,0.0
1790354475324797557,1790354475,200000000,wind_sensor_link,15.7,0.0
1790354475533771515,1790354475,400000000,wind_sensor_link,15.7,0.0
1790354475724823914,1790354475,600000256,wind_sensor_link,15.7,0.0
1790354475931782082,1790354475,800000256,wind_sensor_link,15.7,0.0
1790354476124809309,1790354476,0,wind_sensor_link,15.7,0.0
1790354476331789180,1790354476,200000000,wind_sensor_link,15.7,0.0
1790354476523531552,1790354476,400000000,wind_sensor_link,15.7,0.0
1790354476730662847,1790354476,600000256,wind_sensor_link,15.7,0.0
1790354476922990324,1790354476,800000256,wind_sensor_link,15.7,0.0
1790354477130838702,1790354477,0,wind_sensor_link,15.7,0.0
1790354477323063402,1790354477,200000000,wind_sensor_link,15.7,0.0
1790354477529994255,1790354477,400000000,wind_sensor_link,15.7,0.0
1790354477723278535,1790354477,600000256,wind_sensor_link,15.7,0.0
1790354477929687005,1790354477,800000256,wind_sensor_link,15.7,0.0
1790354478122504605,1790354478,0,wind_sensor_link,15.7,0.0
1790354478329413329,1790354478,200000000,wind_sensor_link,15.7,0.0
1790354478522218189,1790354478,400000000,wind_sensor_link,15.7,0.0
1790354478731774232,1790354478,600000256,wind_sensor_link,15.7,0.0
1790354478922205453,1790354478,800000256,wind_sensor_link,15.7,0.0
1790354479128847458,1790354479,0,wind_sensor_link,15.7,0.0
1790354479321319322,1790354479,200000000,wind_sensor_link,15.7,0.0
1790354479528818816,1790354479,400000000,wind_sensor_link,15.7,0.0
1790354479721383919,1790354479,600000256,wind_sensor_link,15.7,0.0
1790354479928900913,1790354479,800000256,wind_sensor_link,15.7,0.0
1790354480121481534,1790354480,0,wind_sensor_link,15.7,0.0
1790354480328366777,1790354480,200000000,wind_sensor_link,15.7,0.0
1790354480521197136,1790354480,400000000,wind_sensor_link,15.7,0.0
1790354480728385579,1790354480,600000256,wind_sensor_link,15.7,0.0
1790354480920840294,1790354480,800000256,wind_sensor_link,15.7,0.0
1790354481127565502,1790354481,0,wind_sensor_link,15.7,0.0
1790354481320630228,1790354481,200000000,wind_sensor_link,15.7,0.0
1790354481527789412,1790354481,400000000,wind_sensor_link,15.7,0.0
1790354481719984649,1790354481,600000256,wind_sensor_link,15.7,0.0
1790354481927069556,1790354481,800000256,wind_sensor_link,15.7,0.0
1790354482119719361,1790354482,0,wind_sensor_link,15.7,0.0
1790354482326711658,1790354482,200000000,wind_sensor_link,15.7,0.0
1790354482519436222,1790354482,400000000,wind_sensor_link,15.7,0.0
1790354482727784799,1790354482,600000256,wind_sensor_link,15.7,0.0
1790354482919453154,1790354482,800000256,wind_sensor_link,15.7,0.0
1790354483126065973,1790354483,0,wind_sensor_link,15.7,0.0
1790354483318868314,1790354483,200000000,wind_sensor_link,15.7,0.0
1790354483525896629,1790354483,400000000,wind_sensor_link,15.7,0.0
1790354483718540861,1790354483,600000256,wind_sensor_link,15.7,0.0
1790354483925755914,1790354483,800000256,wind_sensor_link,15.7,0.0
1790354484119818999,1790354484,0,wind_sensor_link,15.7,0.0
1790354484326276876,1790354484,200000000,wind_sensor_link,15.7,0.0
1790354484518449225,1790354484,400000000,wind_sensor_link,15.7,0.0
1790354484725022471,1790354484,600000256,wind_sensor_link,15.7,0.0
1790354484932117989,1790354484,800000256,wind_sensor_link,15.7,0.0
1790354485124759295,1790354485,0,wind_sensor_link,15.7,0.0
1790354485331772128,1790354485,200000000,wind_sensor_link,15.7,0.0
1790354485524298269,1790354485,400000000,wind_sensor_link,15.7,0.0
1790354485731780541,1790354485,600000256,wind_sensor_link,15.7,0.0
1790354485924170350,1790354485,800000256,wind_sensor_link,15.7,0.0
1790354486131331886,1790354486,0,wind_sensor_link,15.7,0.0
1790354486323897044,1790354486,200000000,wind_sensor_link,15.7,0.0
1790354486531180652,1790354486,400000000,wind_sensor_link,15.7,0.0
1790354486723699348,1790354486,600000256,wind_sensor_link,15.7,0.0
1790354486930724997,1790354486,800000256,wind_sensor_link,15.7,0.0
1790354487123333118,1790354487,0,wind_sensor_link,15.7,0.0
1790354487330401599,1790354487,200000000,wind_sensor_link,15.7,0.0
1790354487523049386,1790354487,400000000,wind_sensor_link,15.7,0.0
1790354487730340846,1790354487,600000256,wind_sensor_link,15.7,0.0
1790354487922949115,1790354487,800000256,wind_sensor_link,15.7,0.0
1790354488129813506,1790354488,0,wind_sensor_link,15.7,0.0
1790354488322229092,1790354488,200000000,wind_sensor_link,15.7,0.0
1790354488530172803,1790354488,400000000,wind_sensor_link,15.7,0.0
1790354488722197432,1790354488,600000256,wind_sensor_link,15.7,0.0
1790354488929106377,1790354488,800000256,wind_sensor_link,15.7,0.0
1790354489122849892,1790354489,0,wind_sensor_link,15.7,0.0
1790354489329070420,1790354489,200000000,wind_sensor_link,15.7,0.0
1790354489521642746,1790354489,400000000,wind_sensor_link,15.7,0.0
1790354489728738189,1790354489,600000256,wind_sensor_link,15.7,0.0
1790354489920949630,1790354489,800000256,wind_sensor_link,15.7,0.0
1790354490128967803,1790354490,0,wind_sensor_link,15.7,0.0
1790354490320691879,1790354490,200000000,wind_sensor_link,15.7,0.0
1790354490528067301,1790354490,400000000,wind_sensor_link,15.7,0.0
1790354490720778828,1790354490,600000256,wind_sensor_link,15.7,0.0
1790354490927779199,1790354490,800000256,wind_sensor_link,15.7,0.0
1790354491120802260,1790354491,0,wind_sensor_link,15.7,0.0
1790354491327310284,1790354491,200000000,wind_sensor_link,15.7,0.0
1790354491520787784,1790354491,400000000,wind_sensor_link,15.7,0.0
1790354491727263494,1790354491,600000256,wind_sensor_link,15.7,0.0
1790354491919917393,1790354491,800000256,wind_sensor_link,15.7,0.0
1790354492127190927,1790354492,0,wind_sensor_link,15.7,0.0
1790354492319921898,1790354492,200000000,wind_sensor_link,15.7,0.0
1790354492526724364,1790354492,400000000,wind_sensor_link,15.7,0.0
1790354492719226708,1790354492,600000256,wind_sensor_link,15.7,0.0
1790354492926505039,1790354492,800000256,wind_sensor_link,15.7,0.0
1790354493118687332,1790354493,0,wind_sensor_link,15.7,0.0
1790354493326256677,1790354493,200000000,wind_sensor_link,15.7,0.0
1790354493518568302,1790354493,400000000,wind_sensor_link,15.7,0.0
1790354493725833021,1790354493,600000256,wind_sensor_link,15.7,0.0
1790354493918720842,1790354493,800000256,wind_sensor_link,15.7,0.0
1790354494126055950,1790354494,0,wind_sensor_link,15.7,0.0
1790354494318997400,1790354494,200000000,wind_sensor_link,15.7,0.0
1790354494525802810,1790354494,400000000,wind_sensor_link,15.7,0.0
1790354494718417894,1790354494,600000256,wind_sensor_link,15.7,0.0
1790354494924984807,1790354494,800000256,wind_sensor_link,15.7,0.0
1790354495132524523,1790354495,0,wind_sensor_link,15.7,0.0
1790354495324770908,1790354495,200000000,wind_sensor_link,15.7,0.0
1790354495531900592,1790354495,400000000,wind_sensor_link,15.7,0.0
1790354495724462028,1790354495,600000256,wind_sensor_link,15.7,0.0
1790354495931925467,1790354495,800000256,wind_sensor_link,15.7,0.0
1790354496124222296,1790354496,0,wind_sensor_link,15.7,0.0
1790354496331279388,1790354496,200000000,wind_sensor_link,15.7,0.0
1790354496523680308,1790354496,400000000,wind_sensor_link,15.7,0.0
1790354496731022138,1790354496,600000256,wind_sensor_link,15.7,0.0
1790354496923888033,1790354496,800000256,wind_sensor_link,15.7,0.0
1790354497130723665,1790354497,0,wind_sensor_link,15.7,0.0
1790354497323149752,1790354497,200000000,wind_sensor_link,15.7,0.0
1790354497530553710,1790354497,400000000,wind_sensor_link,15.7,0.0
1790354497722937926,1790354497,600000256,wind_sensor_link,15.7,0.0
1790354497930025092,1790354497,800000256,wind_sensor_link,15.7,0.0
1790354498123309038,1790354498,0,wind_sensor_link,15.7,0.0
1790354498329743583,1790354498,200000000,wind_sensor_link,15.7,0.0
1790354498522419221,1790354498,400000000,wind_sensor_link,15.7,0.0
1790354498729517336,1790354498,600000256,wind_sensor_link,15.7,0.0
1790354498922138339,1790354498,800000256,wind_sensor_link,15.7,0.0
1790354499129266244,1790354499,0,wind_sensor_link,15.7,0.0
1790354499321912636,1790354499,200000000,wind_sensor_link,15.7,0.0
1790354499528840321,1790354499,400000000,wind_sensor_link,15.7,0.0
1790354499721812931,1790354499,600000256,wind_sensor_link,15.7,0.0
1790354499928897836,1790354499,800000256,wind_sensor_link,15.7,0.0
1790354500121355101,1790354500,0,wind_sensor_link,15.7,0.0
1790354500328255897,1790354500,200000000,wind_sensor_link,15.7,0.0
1790354500520739272,1790354500,400000000,wind_sensor_link,15.7,0.0
1790354500728364116,1790354500,600000256,wind_sensor_link,15.7,0.0
1790354500920794288,1790354500,800000256,wind_sensor_link,15.7,0.0
1790354501127810861,1790354501,0,wind_sensor_link,15.7,0.0
1790354501320195867,1790354501,200000000,wind_sensor_link,15.7,0.0
1790354501528188854,1790354501,400000000,wind_sensor_link,15.7,0.0
1790354501719927979,1790354501,600000256,wind_sensor_link,15.7,0.0
1790354501927249177,1790354501,800000256,wind_sensor_link,15.7,0.0
1790354502119700183,1790354502,0,wind_sensor_link,15.7,0.0
1790354502327441877,1790354502,200000000,wind_sensor_link,15.7,0.0
1790354502519662236,1790354502,400000000,wind_sensor_link,15.7,0.0
1790354502726700883,1790354502,600000256,wind_sensor_link,15.7,0.0
1790354502919538032,1790354502,800000256,wind_sensor_link,15.7,0.0
1790354503126253201,1790354503,0,wind_sensor_link,15.7,0.0
1790354503319030165,1790354503,200000000,wind_sensor_link,15.7,0.0
1790354503526304550,1790354503,400000000,wind_sensor_link,15.7,0.0
1790354503719273623,1790354503,600000256,wind_sensor_link,15.7,0.0
1790354503925739091,1790354503,800000256,wind_sensor_link,15.7,0.0
1790354504119286769,1790354504,0,wind_sensor_link,15.7,0.0
1790354504325924531,1790354504,200000000,wind_sensor_link,15.7,0.0
1790354504518337129,1790354504,400000000,wind_sensor_link,15.7,0.0
1790354504725056891,1790354504,600000256,wind_sensor_link,15.7,0.0
1790354504918370904,1790354504,800000256,wind_sensor_link,15.7,0.0
1790354505124771392,1790354505,0,wind_sensor_link,15.7,0.0
1790354505332140608,1790354505,200000000,wind_sensor_link,15.7,0.0
1790354505524483856,1790354505,400000000,wind_sensor_link,15.7,0.0
1790354505731806629,1790354505,600000256,wind_sensor_link,15.7,0.0
1790354505924401206,1790354505,800000256,wind_sensor_link,15.7,0.0
1790354506132083178,1790354506,0,wind_sensor_link,15.7,0.0
1790354506324769033,1790354506,200000000,wind_sensor_link,15.7,0.0
1790354506531485794,1790354506,400000000,wind_sensor_link,15.7,0.0
1790354506723934226,1790354506,600000256,wind_sensor_link,15.7,0.0
1790354506930975224,1790354506,800000256,wind_sensor_link,15.7,0.0
1790354507124150813,1790354507,0,wind_sensor_link,15.7,0.0
1790354507331051980,1790354507,200000000,wind_sensor_link,15.7,0.0
1790354507523857055,1790354507,400000000,wind_sensor_link,15.7,0.0
1790354507730333264,1790354507,600000256,wind_sensor_link,15.7,0.0
1790354507923022211,1790354507,800000256,wind_sensor_link,15.7,0.0
1790354508130464408,1790354508,0,wind_sensor_link,15.7,0.0
1790354508322554344,1790354508,200000000,wind_sensor_link,15.6,0.0
1790354508529845561,1790354508,400000000,wind_sensor_link,15.6,0.0
1790354508723791067,1790354508,600000256,wind_sensor_link,15.6,0.0
1790354508929548803,1790354508,800000256,wind_sensor_link,15.6,0.0
1790354509122131992,1790354509,0,wind_sensor_link,15.6,0.0
1790354509329310026,1790354509,200000000,wind_sensor_link,15.6,0.0
1790354509522027047,1790354509,400000000,wind_sensor_link,15.6,0.0
1790354509728879603,1790354509,600000256,wind_sensor_link,15.6,0.0
1790354509921660475,1790354509,800000256,wind_sensor_link,15.6,0.0
1790354510129068691,1790354510,0,wind_sensor_link,15.6,0.0
1790354510321140052,1790354510,200000000,wind_sensor_link,15.6,0.0
1790354510528369549,1790354510,400000000,wind_sensor_link,15.6,0.0
1790354510721070403,1790354510,600000256,wind_sensor_link,15.6,0.0
1790354510928105846,1790354510,800000256,wind_sensor_link,15.6,0.0
1790354511121236584,1790354511,0,wind_sensor_link,15.6,0.0
1790354511327953734,1790354511,200000000,wind_sensor_link,15.6,0.0
1790354511520517053,1790354511,400000000,wind_sensor_link,15.6,0.0
1790354511727706975,1790354511,600000256,wind_sensor_link,15.6,0.0
1790354511920199128,1790354511,800000256,wind_sensor_link,15.6,0.0
1790354512127573437,1790354512,0,wind_sensor_link,15.6,0.0
1790354512319710798,1790354512,200000000,wind_sensor_link,15.6,0.0
1790354512526940665,1790354512,400000000,wind_sensor_link,15.6,0.0
1790354512720302159,1790354512,600000256,wind_sensor_link,15.6,0.0
1790354512926740054,1790354512,800000256,wind_sensor_link,15.6,0.0
1790354513119833496,1790354513,0,wind_sensor_link,15.6,0.0
1790354513326262853,1790354513,200000000,wind_sensor_link,15.6,0.0
1790354513519744513,1790354513,400000000,wind_sensor_link,15.6,0.0
1790354513726254981,1790354513,600000256,wind_sensor_link,15.6,0.0
1790354513919348053,1790354513,800000256,wind_sensor_link,15.6,0.0
1790354514125957223,1790354514,0,wind_sensor_link,15.6,0.0
1790354514319059368,1790354514,200000000,wind_sensor_link,15.6,0.0
1790354514526080941,1790354514,400000000,wind_sensor_link,15.6,0.0
1790354514718682963,1790354514,600000256,wind_sensor_link,15.6,0.0
1790354514926244678,1790354514,800000256,wind_sensor_link,15.6,0.0
1790354515118015395,1790354515,0,wind_sensor_link,15.6,0.0
1790354515325935883,1790354515,200000000,wind_sensor_link,15.6,0.0
1790354515517487713,1790354515,400000000,wind_sensor_link,15.6,0.0
1790354515725200519,1790354515,600000256,wind_sensor_link,15.6,0.0
1790354515932022612,1790354515,800000256,wind_sensor_link,15.6,0.0
1790354516125085332,1790354516,0,wind_sensor_link,15.6,0.0
1790354516331719317,1790354516,200000000,wind_sensor_link,15.6,0.0
1790354516524292117,1790354516,400000000,wind_sensor_link,15.6,0.0
1790354516731874850,1790354516,600000256,wind_sensor_link,15.6,0.0
1790354516924765813,1790354516,800000256,wind_sensor_link,15.6,0.0
1790354517131689368,1790354517,0,wind_sensor_link,15.6,0.0
1790354517323764360,1790354517,200000000,wind_sensor_link,15.6,0.0
1790354517530726081,1790354517,400000000,wind_sensor_link,15.6,0.0
1790354517723280233,1790354517,600000256,wind_sensor_link,15.6,0.0
1790354517932771980,1790354517,800000256,wind_sensor_link,15.6,0.0
1790354518123773003,1790354518,0,wind_sensor_link,15.6,0.0
1790354518330870186,1790354518,200000000,wind_sensor_link,15.6,0.0
1790354518522999102,1790354518,400000000,wind_sensor_link,15.6,0.0
1790354518730401448,1790354518,600000256,wind_sensor_link,15.6,0.0
1790354518922752714,1790354518,800000256,wind_sensor_link,15.6,0.0
1790354519129911692,1790354519,0,wind_sensor_link,15.6,0.0
1790354519322465474,1790354519,200000000,wind_sensor_link,15.6,0.0
1790354519529834228,1790354519,400000000,wind_sensor_link,15.6,0.0
1790354519722031866,1790354519,600000256,wind_sensor_link,15.6,0.0
1790354519929194548,1790354519,800000256,wind_sensor_link,15.6,0.0
1790354520121702849,1790354520,0,wind_sensor_link,15.6,0.0
1790354520328941938,1790354520,200000000,wind_sensor_link,15.6,0.0
1790354520521477553,1790354520,400000000,wind_sensor_link,15.5,0.0
1790354520729029305,1790354520,600000256,wind_sensor_link,15.5,0.0
1790354520921367978,1790354520,800000256,wind_sensor_link,15.5,0.0
1790354521128061777,1790354521,0,wind_sensor_link,15.5,0.0
1790354521320952055,1790354521,200000000,wind_sensor_link,15.5,0.0
1790354521528406807,1790354521,400000000,wind_sensor_link,15.5,0.0
1790354521720700574,1790354521,600000256,wind_sensor_link,15.5,0.0
1790354521927874811,1790354521,800000256,wind_sensor_link,15.5,0.0
1790354522121317601,1790354522,0,wind_sensor_link,15.5,0.0
1790354522327489036,1790354522,200000000,wind_sensor_link,15.5,0.0
1790354522520042262,1790354522,400000000,wind_sensor_link,15.5,0.0
1790354522727063001,1790354522,600000256,wind_sensor_link,15.5,0.0
1790354522920790251,1790354522,800000256,wind_sensor_link,15.5,0.0
1790354523126760966,1790354523,0,wind_sensor_link,15.5,0.0
1790354523319680058,1790354523,200000000,wind_sensor_link,15.5,0.0
1790354523526434208,1790354523,400000000,wind_sensor_link,15.5,0.0
1790354523719749425,1790354523,600000256,wind_sensor_link,15.5,0.0
1790354523926406891,1790354523,800000256,wind_sensor_link,15.5,0.0
1790354524118975062,1790354524,0,wind_sensor_link,15.5,0.0
1790354524326330593,1790354524,200000000,wind_sensor_link,15.5,0.0
1790354524518784599,1790354524,400000000,wind_sensor_link,15.5,0.0
1790354524726234388,1790354524,600000256,wind_sensor_link,15.5,0.0
1790354524918110456,1790354524,800000256,wind_sensor_link,15.5,0.0
1790354525126024703,1790354525,0,wind_sensor_link,15.5,0.0
1790354525320761274,1790354525,200000000,wind_sensor_link,15.5,0.0
1790354525525778593,1790354525,400000000,wind_sensor_link,15.5,0.0
1790354525720770883,1790354525,600000256,wind_sensor_link,15.5,0.0
1790354525925783998,1790354525,800000256,wind_sensor_link,15.5,0.0
1790354526131991765,1790354526,0,wind_sensor_link,15.5,0.0
1790354526324651194,1790354526,200000000,wind_sensor_link,15.5,0.0
1790354526531876672,1790354526,400000000,wind_sensor_link,15.5,0.0
1790354526724767468,1790354526,600000256,wind_sensor_link,15.5,0.0
1790354526931566951,1790354526,800000256,wind_sensor_link,15.5,0.0
1790354527123911050,1790354527,0,wind_sensor_link,15.5,0.0
1790354527331133546,1790354527,200000000,wind_sensor_link,15.5,0.0
1790354527523555015,1790354527,400000000,wind_sensor_link,15.5,0.0
1790354527731068230,1790354527,600000256,wind_sensor_link,15.5,0.0
1790354527924773535,1790354527,800000256,wind_sensor_link,15.5,0.0
1790354528130735343,1790354528,0,wind_sensor_link,15.5,0.0
1790354528323816155,1790354528,200000000,wind_sensor_link,15.5,0.0
1790354528530847617,1790354528,400000000,wind_sensor_link,15.5,0.0
1790354528723049032,1790354528,600000256,wind_sensor_link,15.5,0.0
1790354528930353694,1790354528,800000256,wind_sensor_link,15.5,0.0
1790354529123177047,1790354529,0,wind_sensor_link,15.5,0.0
1790354529330344451,1790354529,200000000,wind_sensor_link,15.5,0.0
1790354529522425498,1790354529,400000000,wind_sensor_link,15.5,0.0
1790354529729414830,1790354529,600000256,wind_sensor_link,15.5,0.0
1790354529922471273,1790354529,800000256,wind_sensor_link,15.5,0.0
1790354530129797694,1790354530,0,wind_sensor_link,15.6,0.0
1790354530322349865,1790354530,200000000,wind_sensor_link,15.6,0.0
1790354530529285197,1790354530,400000000,wind_sensor_link,15.6,0.0
1790354530722026959,1790354530,600000256,wind_sensor_link,15.6,0.0
1790354530929148549,1790354530,800000256,wind_sensor_link,15.6,0.0
1790354531121398502,1790354531,0,wind_sensor_link,15.6,0.0
1790354531328241948,1790354531,200000000,wind_sensor_link,15.6,0.0
1790354531521177480,1790354531,400000000,wind_sensor_link,15.6,0.0
1790354531728203757,1790354531,600000256,wind_sensor_link,15.6,0.0
1790354531920709386,1790354531,800000256,wind_sensor_link,15.6,0.0
1790354532128000791,1790354532,0,wind_sensor_link,15.6,0.0
1790354532320513605,1790354532,200000000,wind_sensor_link,15.6,0.0
1790354532527561530,1790354532,400000000,wind_sensor_link,15.6,0.0
1790354532720692560,1790354532,600000256,wind_sensor_link,15.6,0.0
1790354532927260213,1790354532,800000256,wind_sensor_link,15.6,0.0
1790354533120468353,1790354533,0,wind_sensor_link,15.6,0.0
1790354533326941284,1790354533,200000000,wind_sensor_link,15.6,0.0
1790354533519461358,1790354533,400000000,wind_sensor_link,15.6,0.0
1790354533726792354,1790354533,600000256,wind_sensor_link,15.6,0.0
1790354533920033920,1790354533,800000256,wind_sensor_link,15.6,0.0
1790354534126807108,1790354534,0,wind_sensor_link,15.6,0.0
1790354534318864371,1790354534,200000000,wind_sensor_link,15.6,0.0
1790354534526485087,1790354534,400000000,wind_sensor_link,15.6,0.0
1790354534718878495,1790354534,600000256,wind_sensor_link,15.6,0.0
1790354534925891939,1790354534,800000256,wind_sensor_link,15.6,0.0
1790354535119507983,1790354535,0,wind_sensor_link,15.6,0.0
1790354535325719139,1790354535,200000000,wind_sensor_link,15.6,0.0
1790354535518732059,1790354535,400000000,wind_sensor_link,15.6,0.0
1790354535725447636,1790354535,600000256,wind_sensor_link,15.6,0.0
1790354535918438445,1790354535,800000256,wind_sensor_link,15.6,0.0
1790354536125734479,1790354536,0,wind_sensor_link,15.6,0.0
1790354536317788798,1790354536,200000000,wind_sensor_link,15.6,0.0
1790354536524990759,1790354536,400000000,wind_sensor_link,15.6,0.0
1790354536732105257,1790354536,600000256,wind_sensor_link,15.6,0.0
1790354536924735200,1790354536,800000256,wind_sensor_link,15.6,0.0
1790354537131775848,1790354537,0,wind_sensor_link,15.6,0.0
1790354537325042654,1790354537,200000000,wind_sensor_link,15.6,0.0
1790354537531348013,1790354537,400000000,wind_sensor_link,15.6,0.0
1790354537724101010,1790354537,600000256,wind_sensor_link,15.6,0.0
1790354537931314434,1790354537,800000256,wind_sensor_link,15.6,0.0
1790354538123929654,1790354538,0,wind_sensor_link,15.6,0.0
1790354538330957617,1790354538,200000000,wind_sensor_link,15.6,0.0
1790354538523682392,1790354538,400000000,wind_sensor_link,15.6,0.0
1790354538730693947,1790354538,600000256,wind_sensor_link,15.6,0.0
1790354538923246298,1790354538,800000256,wind_sensor_link,15.6,0.0
1790354539130222594,1790354539,0,wind_sensor_link,15.6,0.0
1790354539323456253,1790354539,200000000,wind_sensor_link,15.6,0.0
1790354539530366865,1790354539,400000000,wind_sensor_link,15.6,0.0
1790354539722784588,1790354539,600000256,wind_sensor_link,15.6,0.0
1790354539929784217,1790354539,800000256,wind_sensor_link,15.6,0.0
1790354540122986821,1790354540,0,wind_sensor_link,15.6,0.0
1790354540329572547,1790354540,200000000,wind_sensor_link,15.6,0.0
1790354540522233397,1790354540,400000000,wind_sensor_link,15.6,0.0
1790354540729310525,1790354540,600000256,wind_sensor_link,15.6,0.0
1790354540921887209,1790354540,800000256,wind_sensor_link,15.6,0.0
1790354541129052578,1790354541,0,wind_sensor_link,15.6,0.0
1790354541322571363,1790354541,200000000,wind_sensor_link,15.6,0.0
1790354541529177386,1790354541,400000000,wind_sensor_link,15.6,0.0
1790354541721498665,1790354541,600000256,wind_sensor_link,15.6,0.0
1790354541928337963,1790354541,800000256,wind_sensor_link,15.6,0.0
1790354542121460623,1790354542,0,wind_sensor_link,15.6,0.0
1790354542328275809,1790354542,200000000,wind_sensor_link,15.6,0.0
1790354542520766105,1790354542,400000000,wind_sensor_link,15.6,0.0
1790354542728103361,1790354542,600000256,wind_sensor_link,15.6,0.0
1790354542920993042,1790354542,800000256,wind_sensor_link,15.6,0.0
1790354543127805488,1790354543,0,wind_sensor_link,15.6,0.0
1790354543319965213,1790354543,200000000,wind_sensor_link,15.6,0.0
1790354543527288932,1790354543,400000000,wind_sensor_link,15.6,0.0
1790354543719993411,1790354543,600000256,wind_sensor_link,15.6,0.0
1790354543927088114,1790354543,800000256,wind_sensor_link,15.6,0.0
1790354544120123219,1790354544,0,wind_sensor_link,15.6,0.0
1790354544327048738,1790354544,200000000,wind_sensor_link,15.6,0.0
1790354544519368369,1790354544,400000000,wind_sensor_link,15.6,0.0
1790354544727208027,1790354544,600000256,wind_sensor_link,15.6,0.0
1790354544919474473,1790354544,800000256,wind_sensor_link,15.6,0.0
1790354545126330586,1790354545,0,wind_sensor_link,15.6,0.0
1790354545319772520,1790354545,200000000,wind_sensor_link,15.6,0.0
1790354545526783501,1790354545,400000000,wind_sensor_link,15.6,0.0
1790354545719058596,1790354545,600000256,wind_sensor_link,15.6,0.0
1790354545925883449,1790354545,800000256,wind_sensor_link,15.6,0.0
1790354546118335746,1790354546,0,wind_sensor_link,15.6,0.0
1790354546325423633,1790354546,200000000,wind_sensor_link,15.6,0.0
1790354546518087261,1790354546,400000000,wind_sensor_link,15.6,0.0
1790354546725178686,1790354546,600000256,wind_sensor_link,15.6,0.0
1790354546918244661,1790354546,800000256,wind_sensor_link,15.6,0.0
1790354547124834387,1790354547,0,wind_sensor_link,15.6,0.0
1790354547331954238,1790354547,200000000,wind_sensor_link,15.6,0.0
1790354547524796400,1790354547,400000000,wind_sensor_link,15.6,0.0
1790354547731663846,1790354547,600000256,wind_sensor_link,15.6,0.0
1790354547924746636,1790354547,800000256,wind_sensor_link,15.6,0.0
1790354548131666877,1790354548,0,wind_sensor_link,15.6,0.0
1790354548324032582,1790354548,200000000,wind_sensor_link,15.6,0.0
1790354548531302320,1790354548,400000000,wind_sensor_link,15.6,0.0
1790354548723500082,1790354548,600000256,wind_sensor_link,15.6,0.0
1790354548931789198,1790354548,800000256,wind_sensor_link,15.6,0.0
1790354549123748999,1790354549,0,wind_sensor_link,15.6,0.0
1790354549331773193,1790354549,200000000,wind_sensor_link,15.6,0.0
1790354549523441627,1790354549,400000000,wind_sensor_link,15.6,0.0
1790354549730362035,1790354549,600000256,wind_sensor_link,15.6,0.0
1790354549922887608,1790354549,800000256,wind_sensor_link,15.6,0.0
1790354550130055328,1790354550,0,wind_sensor_link,15.6,0.0
1790354550323022601,1790354550,200000000,wind_sensor_link,15.6,0.0
1790354550529991805,1790354550,400000000,wind_sensor_link,15.6,0.0
1790354550722461360,1790354550,600000256,wind_sensor_link,15.6,0.0
1790354550929707839,1790354550,800000256,wind_sensor_link,15.6,0.0
1790354551122575372,1790354551,0,wind_sensor_link,15.6,0.0
1790354551329370633,1790354551,200000000,wind_sensor_link,15.6,0.0
1790354551522003928,1790354551,400000000,wind_sensor_link,15.6,0.0
1790354551729050020,1790354551,600000256,wind_sensor_link,15.6,0.0
1790354551921557945,1790354551,800000256,wind_sensor_link,15.6,0.0
1790354552128567019,1790354552,0,wind_sensor_link,15.6,0.0
1790354552321198110,1790354552,200000000,wind_sensor_link,15.6,0.0
1790354552528360830,1790354552,400000000,wind_sensor_link,15.6,0.0
1790354552721518952,1790354552,600000256,wind_sensor_link,15.6,0.0
1790354552927969976,1790354552,800000256,wind_sensor_link,15.6,0.0
1790354553120692844,1790354553,0,wind_sensor_link,15.6,0.0
1790354553327702548,1790354553,200000000,wind_sensor_link,15.6,0.0
1790354553520420915,1790354553,400000000,wind_sensor_link,15.6,0.0
1790354553729768354,1790354553,600000256,wind_sensor_link,15.6,0.0
1790354553920492113,1790354553,800000256,wind_sensor_link,15.6,0.0
1790354554127766739,1790354554,0,wind_sensor_link,15.6,0.0
1790354554319652764,1790354554,200000000,wind_sensor_link,15.6,0.0
1790354554527015686,1790354554,400000000,wind_sensor_link,15.6,0.0
1790354554719567518,1790354554,600000256,wind_sensor_link,15.6,0.0
1790354554926808775,1790354554,800000256,wind_sensor_link,15.6,0.0
1790354555119469995,1790354555,0,wind_sensor_link,15.6,0.0
1790354555326226479,1790354555,200000000,wind_sensor_link,15.6,0.0
1790354555519002420,1790354555,400000000,wind_sensor_link,15.6,0.0
1790354555726436786,1790354555,600000256,wind_sensor_link,15.6,0.0
1790354555919145376,1790354555,800000256,wind_sensor_link,15.6,0.0
1790354556125751083,1790354556,0,wind_sensor_link,15.6,0.0
1790354556318900798,1790354556,200000000,wind_sensor_link,15.6,0.0
1790354556525487673,1790354556,400000000,wind_sensor_link,15.6,0.0
1790354556717857174,1790354556,600000256,wind_sensor_link,15.6,0.0
1790354556925245336,1790354556,800000256,wind_sensor_link,15.6,0.0
1790354557117542356,1790354557,0,wind_sensor_link,15.6,0.0
1790354557324872445,1790354557,200000000,wind_sensor_link,15.6,0.0
1790354557517745386,1790354557,400000000,wind_sensor_link,15.6,0.0
1790354557724752182,1790354557,600000256,wind_sensor_link,15.6,0.0
1790354557932285139,1790354557,800000256,wind_sensor_link,15.6,0.0
1790354558124749028,1790354558,0,wind_sensor_link,15.6,0.0
1790354558331351606,1790354558,200000000,wind_sensor_link,15.6,0.0
1790354558524173732,1790354558,400000000,wind_sensor_link,15.6,0.0
1790354558731262768,1790354558,600000256,wind_sensor_link,15.6,0.0
1790354558923792082,1790354558,800000256,wind_sensor_link,15.6,0.0
1790354559130844600,1790354559,0,wind_sensor_link,15.6,0.0
1790354559323779076,1790354559,200000000,wind_sensor_link,15.6,0.0
1790354559530693336,1790354559,400000000,wind_sensor_link,15.6,0.0
1790354559723341927,1790354559,600000256,wind_sensor_link,15.6,0.0
1790354559930877421,1790354559,800000256,wind_sensor_link,15.6,0.0
1790354560123022406,1790354560,0,wind_sensor_link,15.6,0.0
1790354560329986610,1790354560,200000000,wind_sensor_link,15.6,0.0
1790354560522370092,1790354560,400000000,wind_sensor_link,15.6,0.0
1790354560729905586,1790354560,600000256,wind_sensor_link,15.6,0.0
1790354560922944451,1790354560,800000256,wind_sensor_link,15.6,0.0
1790354561129456122,1790354561,0,wind_sensor_link,15.6,0.0
1790354561322167231,1790354561,200000000,wind_sensor_link,15.6,0.0
1790354561529214341,1790354561,400000000,wind_sensor_link,15.6,0.0
1790354561721639916,1790354561,600000256,wind_sensor_link,15.6,0.0
1790354561929032041,1790354561,800000256,wind_sensor_link,15.6,0.0
1790354562121313858,1790354562,0,wind_sensor_link,15.6,0.0
1790354562328664317,1790354562,200000000,wind_sensor_link,15.6,0.0
1790354562521491313,1790354562,400000000,wind_sensor_link,15.6,0.0
1790354562728504517,1790354562,600000256,wind_sensor_link,15.6,0.0
1790354562920895332,1790354562,800000256,wind_sensor_link,15.6,0.0
1790354563128138478,1790354563,0,wind_sensor_link,15.6,0.0
1790354563321203083,1790354563,200000000,wind_sensor_link,15.6,0.0
1790354563528060210,1790354563,400000000,wind_sensor_link,15.6,0.0
1790354563720573968,1790354563,600000256,wind_sensor_link,15.6,0.0
1790354563927451449,1790354563,800000256,wind_sensor_link,15.6,0.0
1790354564120685773,1790354564,0,wind_sensor_link,15.6,0.0
1790354564327140924,1790354564,200000000,wind_sensor_link,15.6,0.0
1790354564519938642,1790354564,400000000,wind_sensor_link,15.6,0.0
1790354564726951288,1790354564,600000256,wind_sensor_link,15.6,0.0
1790354564919791524,1790354564,800000256,wind_sensor_link,15.6,0.0
1790354565126572894,1790354565,0,wind_sensor_link,15.6,0.0
1790354565319447463,1790354565,200000000,wind_sensor_link,15.6,0.0
1790354565526363850,1790354565,400000000,wind_sensor_link,15.6,0.0
1790354565719495953,1790354565,600000256,wind_sensor_link,15.6,0.0
1790354565926370007,1790354565,800000256,wind_sensor_link,15.6,0.0
1790354566118896450,1790354566,0,wind_sensor_link,15.6,0.0
1790354566326093149,1790354566,200000000,wind_sensor_link,15.6,0.0
1790354566518684314,1790354566,400000000,wind_sensor_link,15.6,0.0
1790354566725683367,1790354566,600000256,wind_sensor_link,15.6,0.0
1790354566918732082,1790354566,800000256,wind_sensor_link,15.6,0.0
1790354567125976854,1790354567,0,wind_sensor_link,15.6,0.0
1790354567318460835,1790354567,200000000,wind_sensor_link,15.6,0.0
1790354567525562442,1790354567,400000000,wind_sensor_link,15.6,0.0
1790354567718276476,1790354567,600000256,wind_sensor_link,15.6,0.0
1790354567924838182,1790354567,800000256,wind_sensor_link,15.6,0.0
1790354568131893456,1790354568,0,wind_sensor_link,15.6,0.0
1790354568324776173,1790354568,200000000,wind_sensor_link,15.6,0.0
1790354568532782936,1790354568,400000000,wind_sensor_link,15.6,0.0
1790354568726762919,1790354568,600000256,wind_sensor_link,15.6,0.0
1790354568931342870,1790354568,800000256,wind_sensor_link,15.6,0.0
1790354569124033922,1790354569,0,wind_sensor_link,15.6,0.0
1790354569331229121,1790354569,200000000,wind_sensor_link,15.6,0.0
1790354569523527456,1790354569,400000000,wind_sensor_link,15.6,0.0
1790354569730982837,1790354569,600000256,wind_sensor_link,15.6,0.0
1790354569923810092,1790354569,800000256,wind_sensor_link,15.6,0.0
1790354570130460037,1790354570,0,wind_sensor_link,15.6,0.0
1790354570323004573,1790354570,200000000,wind_sensor_link,15.6,0.0
1790354570530301807,1790354570,400000000,wind_sensor_link,15.6,0.0
1790354570722727548,1790354570,600000256,wind_sensor_link,15.6,0.0
1790354570930092708,1790354570,800000256,wind_sensor_link,15.6,0.0
1790354571122706576,1790354571,0,wind_sensor_link,15.6,0.0
1790354571329900960,1790354571,200000000,wind_sensor_link,15.6,0.0
1790354571522387404,1790354571,400000000,wind_sensor_link,15.6,0.0
1790354571729367698,1790354571,600000256,wind_sensor_link,15.6,0.0
1790354571922075380,1790354571,800000256,wind_sensor_link,15.6,0.0
1790354572129036174,1790354572,0,wind_sensor_link,15.6,0.0
1790354572321787485,1790354572,200000000,wind_sensor_link,15.6,0.0
1790354572530131078,1790354572,400000000,wind_sensor_link,15.6,0.0
1790354572721843605,1790354572,600000256,wind_sensor_link,15.6,0.0
1790354572928468754,1790354572,800000256,wind_sensor_link,15.6,0.0
1790354573121736948,1790354573,0,wind_sensor_link,15.6,0.0
1790354573328423505,1790354573,200000000,wind_sensor_link,15.6,0.0
1790354573521100743,1790354573,400000000,wind_sensor_link,15.6,0.0
1790354573728167017,1790354573,600000256,wind_sensor_link,15.6,0.0
1790354573921075697,1790354573,800000256,wind_sensor_link,15.6,0.0
1790354574127876140,1790354574,0,wind_sensor_link,15.6,0.0
1790354574320466602,1790354574,200000000,wind_sensor_link,15.6,0.0
1790354574527521320,1790354574,400000000,wind_sensor_link,15.6,0.0
1790354574720522703,1790354574,600000256,wind_sensor_link,15.6,0.0
1790354574927290832,1790354574,800000256,wind_sensor_link,15.6,0.0
1790354575120003033,1790354575,0,wind_sensor_link,15.6,0.0
1790354575326937809,1790354575,200000000,wind_sensor_link,15.6,0.0
1790354575519527381,1790354575,400000000,wind_sensor_link,15.6,0.0
1790354575726802004,1790354575,600000256,wind_sensor_link,15.6,0.0
1790354575919811072,1790354575,800000256,wind_sensor_link,15.6,0.0
1790354576126948253,1790354576,0,wind_sensor_link,15.6,0.0
1790354576319525677,1790354576,200000000,wind_sensor_link,15.6,0.0
1790354576526109161,1790354576,400000000,wind_sensor_link,15.6,0.0
1790354576718994155,1790354576,600000256,wind_sensor_link,15.6,0.0
1790354576925886691,1790354576,800000256,wind_sensor_link,15.6,0.0
1790354577119018146,1790354577,0,wind_sensor_link,15.6,0.0
1790354577325493353,1790354577,200000000,wind_sensor_link,15.6,0.0
1790354577518690122,1790354577,400000000,wind_sensor_link,15.6,0.0
1790354577725334901,1790354577,600000256,wind_sensor_link,15.6,0.0
1790354577918296543,1790354577,800000256,wind_sensor_link,15.6,0.0
1790354578125100431,1790354578,0,wind_sensor_link,15.6,0.0
1790354578318109276,1790354578,200000000,wind_sensor_link,15.6,0.0
1790354578524796092,1790354578,400000000,wind_sensor_link,15.6,0.0
1790354578732218047,1790354578,600000256,wind_sensor_link,15.6,0.0
1790354578924416069,1790354578,800000256,wind_sensor_link,15.6,0.0
1790354579132131391,1790354579,0,wind_sensor_link,15.6,0.0
1790354579324280487,1790354579,200000000,wind_sensor_link,15.6,0.0
1790354579531421334,1790354579,400000000,wind_sensor_link,15.6,0.0
1790354579724829221,1790354579,600000256,wind_sensor_link,15.6,0.0
1790354579930984408,1790354579,800000256,wind_sensor_link,15.6,0.0
1790354580123700598,1790354580,0,wind_sensor_link,15.6,0.0
1790354580330908836,1790354580,200000000,wind_sensor_link,15.6,0.0
1790354580523472805,1790354580,400000000,wind_sensor_link,15.6,0.0
1790354580730562006,1790354580,600000256,wind_sensor_link,15.6,0.0
1790354580923788194,1790354580,800000256,wind_sensor_link,15.6,0.0
1790354581130684563,1790354581,0,wind_sensor_link,15.6,0.0
1790354581323273494,1790354581,200000000,wind_sensor_link,15.6,0.0
1790354581530132271,1790354581,400000000,wind_sensor_link,15.6,0.0
1790354581722560481,1790354581,600000256,wind_sensor_link,15.6,0.0
1790354581929720182,1790354581,800000256,wind_sensor_link,15.6,0.0
1790354582122433021,1790354582,0,wind_sensor_link,15.6,0.0
1790354582329685647,1790354582,200000000,wind_sensor_link,15.6,0.0
1790354582522100765,1790354582,400000000,wind_sensor_link,15.6,0.0
1790354582729148022,1790354582,600000256,wind_sensor_link,15.6,0.0
1790354582921775453,1790354582,800000256,wind_sensor_link,15.6,0.0
1790354583128980173,1790354583,0,wind_sensor_link,15.6,0.0
1790354583322070880,1790354583,200000000,wind_sensor_link,15.6,0.0
1790354583528735620,1790354583,400000000,wind_sensor_link,15.6,0.0
1790354583721767828,1790354583,600000256,wind_sensor_link,15.6,0.0
1790354583928333605,1790354583,800000256,wind_sensor_link,15.6,0.0
1790354584121883125,1790354584,0,wind_sensor_link,15.6,0.0
1790354584328275570,1790354584,200000000,wind_sensor_link,15.6,0.0
1790354584520828428,1790354584,400000000,wind_sensor_link,15.6,0.0
1790354584727897259,1790354584,600000256,wind_sensor_link,15.6,0.0
1790354584920400728,1790354584,800000256,wind_sensor_link,15.6,0.0
1790354585128332611,1790354585,0,wind_sensor_link,15.6,0.0
1790354585320288564,1790354585,200000000,wind_sensor_link,15.6,0.0
1790354585527542857,1790354585,400000000,wind_sensor_link,15.6,0.0
1790354585719898771,1790354585,600000256,wind_sensor_link,15.6,0.0
1790354585927283305,1790354585,800000256,wind_sensor_link,15.6,0.0
1790354586120092698,1790354586,0,wind_sensor_link,15.6,0.0
1790354586326710957,1790354586,200000000,wind_sensor_link,15.6,0.0
1790354586519356815,1790354586,400000000,wind_sensor_link,15.6,0.0
1790354586726476034,1790354586,600000256,wind_sensor_link,15.6,0.0
1790354586920013777,1790354586,800000256,wind_sensor_link,15.6,0.0
1790354587126249389,1790354587,0,wind_sensor_link,15.6,0.0
1790354587318795562,1790354587,200000000,wind_sensor_link,15.6,0.0
1790354587525918522,1790354587,400000000,wind_sensor_link,15.6,0.0
1790354587719001452,1790354587,600000256,wind_sensor_link,15.6,0.0
1790354587925784673,1790354587,800000256,wind_sensor_link,15.6,0.0
1790354588118363049,1790354588,0,wind_sensor_link,15.6,0.0
1790354588325802823,1790354588,200000000,wind_sensor_link,15.6,0.0
1790354588518193626,1790354588,400000000,wind_sensor_link,15.6,0.0
1790354588725476011,1790354588,600000256,wind_sensor_link,15.6,0.0
1790354588917925666,1790354588,800000256,wind_sensor_link,15.6,0.0
1790354589124870590,1790354589,0,wind_sensor_link,15.6,0.0
1790354589332223550,1790354589,200000000,wind_sensor_link,15.6,0.0
1790354589524747889,1790354589,400000000,wind_sensor_link,15.6,0.0
1790354589731748072,1790354589,600000256,wind_sensor_link,15.6,0.0
1790354589924317930,1790354589,800000256,wind_sensor_link,15.6,0.0
1790354590131717426,1790354590,0,wind_sensor_link,15.6,0.0
1790354590324213210,1790354590,200000000,wind_sensor_link,15.6,0.0
1790354590531161634,1790354590,400000000,wind_sensor_link,15.6,0.0
1790354590723951213,1790354590,600000256,wind_sensor_link,15.6,0.0
1790354590931292098,1790354590,800000256,wind_sensor_link,15.6,0.0
1790354591123755216,1790354591,0,wind_sensor_link,15.6,0.0
1790354591330904898,1790354591,200000000,wind_sensor_link,15.6,0.0
1790354591523428441,1790354591,400000000,wind_sensor_link,15.6,0.0
1790354591730342051,1790354591,600000256,wind_sensor_link,15.6,0.0
1790354591922951038,1790354591,800000256,wind_sensor_link,15.6,0.0
1790354592130155757,1790354592,0,wind_sensor_link,15.6,0.0
1790354592322783337,1790354592,200000000,wind_sensor_link,15.6,0.0
1790354592530122389,1790354592,400000000,wind_sensor_link,15.6,0.0
1790354592722553007,1790354592,600000256,wind_sensor_link,15.6,0.0
1790354592929390672,1790354592,800000256,wind_sensor_link,15.6,0.0
1790354593122237751,1790354593,0,wind_sensor_link,15.6,0.0
1790354593329236563,1790354593,200000000,wind_sensor_link,15.6,0.0
1790354593521807384,1790354593,400000000,wind_sensor_link,15.6,0.0
1790354593728880863,1790354593,600000256,wind_sensor_link,15.6,0.0
1790354593921677387,1790354593,800000256,wind_sensor_link,15.6,0.0
1790354594129793454,1790354594,0,wind_sensor_link,15.6,0.0
1790354594322786513,1790354594,200000000,wind_sensor_link,15.6,0.0
1790354594528737109,1790354594,400000000,wind_sensor_link,15.6,0.0
1790354594721311855,1790354594,600000256,wind_sensor_link,15.6,0.0
1790354594928285483,1790354594,800000256,wind_sensor_link,15.6,0.0
1790354595121779281,1790354595,0,wind_sensor_link,15.6,0.0
1790354595327977468,1790354595,200000000,wind_sensor_link,15.6,0.0
1790354595520336178,1790354595,400000000,wind_sensor_link,15.6,0.0
1790354595728799059,1790354595,600000256,wind_sensor_link,15.6,0.0
1790354595920397495,1790354595,800000256,wind_sensor_link,15.6,0.0
1790354596127426474,1790354596,0,wind_sensor_link,15.6,0.0
1790354596320779328,1790354596,200000000,wind_sensor_link,15.6,0.0
1790354596527046811,1790354596,400000000,wind_sensor_link,15.6,0.0
1790354596720055852,1790354596,600000256,wind_sensor_link,15.6,0.0
1790354596926844351,1790354596,800000256,wind_sensor_link,15.6,0.0
1790354597121173701,1790354597,0,wind_sensor_link,15.6,0.0
1790354597326575298,1790354597,200000000,wind_sensor_link,15.6,0.0
1790354597519237359,1790354597,400000000,wind_sensor_link,15.6,0.0
1790354597726716763,1790354597,600000256,wind_sensor_link,15.6,0.0
1790354597919732933,1790354597,800000256,wind_sensor_link,15.6,0.0
1790354598125899379,1790354598,0,wind_sensor_link,15.6,0.0
1790354598319164215,1790354598,200000000,wind_sensor_link,15.6,0.0
1790354598525733715,1790354598,400000000,wind_sensor_link,15.6,0.0
1790354598718880496,1790354598,600000256,wind_sensor_link,15.6,0.0
1790354598925743532,1790354598,800000256,wind_sensor_link,15.6,0.0
1790354599117906706,1790354599,0,wind_sensor_link,15.6,0.0
1790354599325395128,1790354599,200000000,wind_sensor_link,15.6,0.0
1790354599517337803,1790354599,400000000,wind_sensor_link,15.6,0.0
1790354599724985632,1790354599,600000256,wind_sensor_link,15.6,0.0
1790354599918075432,1790354599,800000256,wind_sensor_link,15.6,0.0
1790354600125656705,1790354600,0,wind_sensor_link,15.6,0.0
1790354600331783003,1790354600,200000000,wind_sensor_link,15.6,0.0
1790354600524485379,1790354600,400000000,wind_sensor_link,15.6,0.0
1790354600731558154,1790354600,600000256,wind_sensor_link,15.6,0.0
1790354600924221956,1790354600,800000256,wind_sensor_link,15.6,0.0
1790354601131267453,1790354601,0,wind_sensor_link,15.6,0.0
1790354601324331494,1790354601,200000000,wind_sensor_link,15.6,0.0
1790354601531425473,1790354601,400000000,wind_sensor_link,15.6,0.0
1790354601723850313,1790354601,600000256,wind_sensor_link,15.6,0.0
1790354601930765534,1790354601,800000256,wind_sensor_link,15.6,0.0
1790354602123478650,1790354602,0,wind_sensor_link,15.6,0.0
1790354602330759813,1790354602,200000000,wind_sensor_link,15.6,0.0
1790354602522989821,1790354602,400000000,wind_sensor_link,15.6,0.0
1790354602730149707,1790354602,600000256,wind_sensor_link,15.6,0.0
1790354602923189007,1790354602,800000256,wind_sensor_link,15.6,0.0
1790354603129890117,1790354603,0,wind_sensor_link,15.6,0.0
1790354603322374124,1790354603,200000000,wind_sensor_link,15.6,0.0
1790354603529844138,1790354603,400000000,wind_sensor_link,15.6,0.0
1790354603722361959,1790354603,600000256,wind_sensor_link,15.6,0.0
1790354603929389475,1790354603,800000256,wind_sensor_link,15.6,0.0
1790354604122073351,1790354604,0,wind_sensor_link,15.6,0.0
1790354604328913165,1790354604,200000000,wind_sensor_link,15.6,0.0
1790354604521744725,1790354604,400000000,wind_sensor_link,15.6,0.0
1790354604729333628,1790354604,600000256,wind_sensor_link,15.6,0.0
1790354604921863226,1790354604,800000256,wind_sensor_link,15.6,0.0
1790354605128427096,1790354605,0,wind_sensor_link,15.6,0.0
1790354605321829895,1790354605,200000000,wind_sensor_link,15.6,0.0
1790354605528287136,1790354605,400000000,wind_sensor_link,15.6,0.0
1790354605720660643,1790354605,600000256,wind_sensor_link,15.6,0.0
1790354605928054658,1790354605,800000256,wind_sensor_link,15.6,0.0
1790354606120871755,1790354606,0,wind_sensor_link,15.6,0.0
1790354606327947623,1790354606,200000000,wind_sensor_link,15.6,0.0
1790354606521781808,1790354606,400000000,wind_sensor_link,15.6,0.0
1790354606727453479,1790354606,600000256,wind_sensor_link,15.7,0.0
1790354606920038522,1790354606,800000256,wind_sensor_link,15.7,0.0
1790354607127768720,1790354607,0,wind_sensor_link,15.7,0.0
1790354607320799280,1790354607,200000000,wind_sensor_link,15.7,0.0
1790354607526982966,1790354607,400000000,wind_sensor_link,15.7,0.0
1790354607719703897,1790354607,600000256,wind_sensor_link,15.7,0.0
1790354607926656673,1790354607,800000256,wind_sensor_link,15.7,0.0
1790354608120075361,1790354608,0,wind_sensor_link,15.7,0.0
1790354608326379269,1790354608,200000000,wind_sensor_link,15.7,0.0
1790354608518804276,1790354608,400000000,wind_sensor_link,15.7,0.0
1790354608726214383,1790354608,600000256,wind_sensor_link,15.7,0.0
1790354608919442460,1790354608,800000256,wind_sensor_link,15.7,0.0
1790354609125891071,1790354609,0,wind_sensor_link,15.7,0.0
1790354609318464114,1790354609,200000000,wind_sensor_link,15.7,0.0
1790354609526798940,1790354609,400000000,wind_sensor_link,15.7,0.0
1790354609719785999,1790354609,600000256,wind_sensor_link,15.7,0.0
1790354609925797872,1790354609,800000256,wind_sensor_link,15.7,0.0
1790354610117915044,1790354610,0,wind_sensor_link,15.7,0.0
1790354610324898199,1790354610,200000000,wind_sensor_link,15.7,0.0
1790354610518808347,1790354610,400000000,wind_sensor_link,15.7,0.0
1790354610725800003,1790354610,600000256,wind_sensor_link,15.7,0.0
1790354610932783954,1790354610,800000256,wind_sensor_link,15.7,0.0
1790354611125818687,1790354611,0,wind_sensor_link,15.7,0.0
1790354611331568117,1790354611,200000000,wind_sensor_link,15.7,0.0
1790354611524211965,1790354611,400000000,wind_sensor_link,15.7,0.0
1790354611731273267,1790354611,600000256,wind_sensor_link,15.7,0.0
1790354611923675878,1790354611,800000256,wind_sensor_link,15.7,0.0
1790354612131639336,1790354612,0,wind_sensor_link,15.7,0.0
1790354612323664970,1790354612,200000000,wind_sensor_link,15.7,0.0
1790354612531464615,1790354612,400000000,wind_sensor_link,15.7,0.0
1790354612724363146,1790354612,600000256,wind_sensor_link,15.7,0.0
1790354612930305481,1790354612,800000256,wind_sensor_link,15.7,0.0
1790354613123500081,1790354613,0,wind_sensor_link,15.7,0.0
1790354613330416108,1790354613,200000000,wind_sensor_link,15.7,0.0
1790354613523206436,1790354613,400000000,wind_sensor_link,15.7,0.0
1790354613730055315,1790354613,600000256,wind_sensor_link,15.7,0.0
1790354613922710552,1790354613,800000256,wind_sensor_link,15.7,0.0
1790354614129686393,1790354614,0,wind_sensor_link,15.7,0.0
1790354614322334556,1790354614,200000000,wind_sensor_link,15.7,0.0
1790354614529348619,1790354614,400000000,wind_sensor_link,15.7,0.0
1790354614722010763,1790354614,600000256,wind_sensor_link,15.7,0.0
1790354614928983974,1790354614,800000256,wind_sensor_link,15.7,0.0
1790354615121399084,1790354615,0,wind_sensor_link,15.7,0.0
1790354615328754291,1790354615,200000000,wind_sensor_link,15.8,0.0
1790354615521555804,1790354615,400000000,wind_sensor_link,15.8,0.0
1790354615728693587,1790354615,600000256,wind_sensor_link,15.8,0.0
1790354615920907366,1790354615,800000256,wind_sensor_link,15.8,0.0
1790354616128243518,1790354616,0,wind_sensor_link,15.8,0.0
1790354616320895014,1790354616,200000000,wind_sensor_link,15.8,0.0
1790354616528379515,1790354616,400000000,wind_sensor_link,15.8,0.0
1790354616720448556,1790354616,600000256,wind_sensor_link,15.8,0.0
1790354616927791281,1790354616,800000256,wind_sensor_link,15.8,0.0
1790354617120369500,1790354617,0,wind_sensor_link,15.8,0.0
1790354617327904760,1790354617,200000000,wind_sensor_link,15.8,0.0
1790354617519855894,1790354617,400000000,wind_sensor_link,15.8,0.0
1790354617727258026,1790354617,600000256,wind_sensor_link,15.8,0.0
1790354617919737932,1790354617,800000256,wind_sensor_link,15.8,0.0
1790354618127813982,1790354618,0,wind_sensor_link,15.8,0.0
1790354618319778968,1790354618,200000000,wind_sensor_link,15.8,0.0
1790354618527770130,1790354618,400000000,wind_sensor_link,15.8,0.0
1790354618719322713,1790354618,600000256,wind_sensor_link,15.8,0.0
1790354618926462052,1790354618,800000256,wind_sensor_link,15.7,0.0
1790354619119525636,1790354619,0,wind_sensor_link,15.7,0.0
1790354619325971131,1790354619,200000000,wind_sensor_link,15.7,0.0
1790354619519045641,1790354619,400000000,wind_sensor_link,15.7,0.0
1790354619725673616,1790354619,600000256,wind_sensor_link,15.7,0.0
1790354619918929845,1790354619,800000256,wind_sensor_link,15.7,0.0
1790354620125504561,1790354620,0,wind_sensor_link,15.7,0.0
1790354620318544220,1790354620,200000000,wind_sensor_link,15.7,0.0
1790354620525088714,1790354620,400000000,wind_sensor_link,15.7,0.0
1790354620718324647,1790354620,600000256,wind_sensor_link,15.7,0.0
1790354620925026954,1790354620,800000256,wind_sensor_link,15.7,0.0
1790354621117774172,1790354621,0,wind_sensor_link,15.7,0.0
1790354621324693569,1790354621,200000000,wind_sensor_link,15.7,0.0
1790354621531777297,1790354621,400000000,wind_sensor_link,15.7,0.0
1790354621724468386,1790354621,600000256,wind_sensor_link,15.7,0.0
1790354621931470411,1790354621,800000256,wind_sensor_link,15.7,0.0
1790354622124268591,1790354622,0,wind_sensor_link,15.7,0.0
1790354622331158877,1790354622,200000000,wind_sensor_link,15.7,0.0
1790354622523989186,1790354622,400000000,wind_sensor_link,15.7,0.0
1790354622731141617,1790354622,600000256,wind_sensor_link,15.7,0.0
1790354622923346415,1790354622,800000256,wind_sensor_link,15.7,0.0
1790354623131215042,1790354623,0,wind_sensor_link,15.7,0.0
1790354623323646170,1790354623,200000000,wind_sensor_link,15.7,0.0
1790354623530396643,1790354623,400000000,wind_sensor_link,15.7,0.0
1790354623723112713,1790354623,600000256,wind_sensor_link,15.7,0.0
1790354623930371773,1790354623,800000256,wind_sensor_link,15.7,0.0
1790354624122796253,1790354624,0,wind_sensor_link,15.7,0.0
1790354624329989943,1790354624,200000000,wind_sensor_link,15.7,0.0
1790354624522821641,1790354624,400000000,wind_sensor_link,15.7,0.0
1790354624729695816,1790354624,600000256,wind_sensor_link,15.7,0.0
1790354624922097056,1790354624,800000256,wind_sensor_link,15.7,0.0
1790354625129858462,1790354625,0,wind_sensor_link,15.7,0.0
1790354625322104537,1790354625,200000000,wind_sensor_link,15.7,0.0
1790354625529538057,1790354625,400000000,wind_sensor_link,15.7,0.0
1790354625721475747,1790354625,600000256,wind_sensor_link,15.6,0.0
1790354625928842380,1790354625,800000256,wind_sensor_link,15.6,0.0
1790354626121685892,1790354626,0,wind_sensor_link,15.6,0.0
1790354626328532383,1790354626,200000000,wind_sensor_link,15.6,0.0
1790354626520747847,1790354626,400000000,wind_sensor_link,15.6,0.0
1790354626728716620,1790354626,600000256,wind_sensor_link,15.6,0.0
1790354626920699476,1790354626,800000256,wind_sensor_link,15.6,0.0
1790354627128664491,1790354627,0,wind_sensor_link,15.6,0.0
1790354627320528496,1790354627,200000000,wind_sensor_link,15.6,0.0
1790354627528780303,1790354627,400000000,wind_sensor_link,15.6,0.0
1790354627721032693,1790354627,600000256,wind_sensor_link,15.6,0.0
1790354627927459559,1790354627,800000256,wind_sensor_link,15.6,0.0
1790354628120476287,1790354628,0,wind_sensor_link,15.6,0.0
1790354628327332685,1790354628,200000000,wind_sensor_link,15.6,0.0
1790354628519906990,1790354628,400000000,wind_sensor_link,15.6,0.0
1790354628726789185,1790354628,600000256,wind_sensor_link,15.6,0.0
1790354628919254898,1790354628,800000256,wind_sensor_link,15.6,0.0
1790354629126463052,1790354629,0,wind_sensor_link,15.6,0.0
1790354629319282669,1790354629,200000000,wind_sensor_link,15.6,0.0
1790354629526466082,1790354629,400000000,wind_sensor_link,15.6,0.0
1790354629719059479,1790354629,600000256,wind_sensor_link,15.6,0.0
1790354629926453298,1790354629,800000256,wind_sensor_link,15.6,0.0
1790354630118461016,1790354630,0,wind_sensor_link,15.6,0.0
1790354630326048610,1790354630,200000000,wind_sensor_link,15.6,0.0
1790354630518647915,1790354630,400000000,wind_sensor_link,15.6,0.0
1790354630725328760,1790354630,600000256,wind_sensor_link,15.6,0.0
1790354630917871806,1790354630,800000256,wind_sensor_link,15.6,0.0
1790354631125305975,1790354631,0,wind_sensor_link,15.6,0.0
1790354631318249794,1790354631,200000000,wind_sensor_link,15.6,0.0
1790354631524983509,1790354631,400000000,wind_sensor_link,15.6,0.0
1790354631718148715,1790354631,600000256,wind_sensor_link,15.6,0.0
1790354631924811486,1790354631,800000256,wind_sensor_link,15.6,0.0
1790354632131917159,1790354632,0,wind_sensor_link,15.6,0.0
1790354632324397335,1790354632,200000000,wind_sensor_link,15.6,0.0
1790354632531691081,1790354632,400000000,wind_sensor_link,15.6,0.0
1790354632724280608,1790354632,600000256,wind_sensor_link,15.6,0.0
1790354632931352689,1790354632,800000256,wind_sensor_link,15.6,0.0
1790354633123760829,1790354633,0,wind_sensor_link,15.6,0.0
1790354633330899187,1790354633,200000000,wind_sensor_link,15.6,0.0
1790354633523707600,1790354633,400000000,wind_sensor_link,15.5,0.0
1790354633730836829,1790354633,600000256,wind_sensor_link,15.5,0.0
1790354633923373801,1790354633,800000256,wind_sensor_link,15.5,0.0
1790354634130997783,1790354634,0,wind_sensor_link,15.5,0.0
1790354634323497645,1790354634,200000000,wind_sensor_link,15.5,0.0
1790354634530649410,1790354634,400000000,wind_sensor_link,15.5,0.0
1790354634722847071,1790354634,600000256,wind_sensor_link,15.5,0.0
1790354634930067614,1790354634,800000256,wind_sensor_link,15.5,0.0
1790354635122538660,1790354635,0,wind_sensor_link,15.5,0.0
1790354635330108773,1790354635,200000000,wind_sensor_link,15.5,0.0
1790354635522428081,1790354635,400000000,wind_sensor_link,15.5,0.0
1790354635729455829,1790354635,600000256,wind_sensor_link,15.5,0.0
1790354635922054652,1790354635,800000256,wind_sensor_link,15.5,0.0
1790354636129654135,1790354636,0,wind_sensor_link,15.5,0.0
1790354636321509170,1790354636,200000000,wind_sensor_link,15.5,0.0
1790354636528918562,1790354636,400000000,wind_sensor_link,15.5,0.0
1790354636721539533,1790354636,600000256,wind_sensor_link,15.5,0.0
1790354636928793798,1790354636,800000256,wind_sensor_link,15.5,0.0
1790354637121221771,1790354637,0,wind_sensor_link,15.5,0.0
1790354637328272834,1790354637,200000000,wind_sensor_link,15.5,0.0
1790354637520746955,1790354637,400000000,wind_sensor_link,15.5,0.0
1790354637728168365,1790354637,600000256,wind_sensor_link,15.5,0.0
1790354637920339286,1790354637,800000256,wind_sensor_link,15.5,0.0
1790354638127781826,1790354638,0,wind_sensor_link,15.5,0.0
1790354638321172639,1790354638,200000000,wind_sensor_link,15.5,0.0
1790354638527572266,1790354638,400000000,wind_sensor_link,15.5,0.0
1790354638720122997,1790354638,600000256,wind_sensor_link,15.5,0.0
1790354638927151430,1790354638,800000256,wind_sensor_link,15.5,0.0
1790354639119707735,1790354639,0,wind_sensor_link,15.5,0.0
1790354639327200719,1790354639,200000000,wind_sensor_link,15.5,0.0
1790354639519657099,1790354639,400000000,wind_sensor_link,15.5,0.0
1790354639726709662,1790354639,600000256,wind_sensor_link,15.5,0.0
1790354639919316226,1790354639,800000256,wind_sensor_link,15.5,0.0
1790354640126432288,1790354640,0,wind_sensor_link,15.5,0.0
1790354640319010889,1790354640,200000000,wind_sensor_link,15.5,0.0
1790354640526214506,1790354640,400000000,wind_sensor_link,15.5,0.0
1790354640718950902,1790354640,600000256,wind_sensor_link,15.5,0.0
1790354640925829152,1790354640,800000256,wind_sensor_link,15.5,0.0
1790354641118740545,1790354641,0,wind_sensor_link,15.5,0.0
1790354641325562018,1790354641,200000000,wind_sensor_link,15.5,0.0
1790354641518189767,1790354641,400000000,wind_sensor_link,15.5,0.0
1790354641725451661,1790354641,600000256,wind_sensor_link,15.4,0.0
1790354641918359110,1790354641,800000256,wind_sensor_link,15.4,0.0
1790354642125757187,1790354642,0,wind_sensor_link,15.4,0.0
1790354642318401973,1790354642,200000000,wind_sensor_link,15.4,0.0
1790354642524880024,1790354642,400000000,wind_sensor_link,15.4,0.0
1790354642731979086,1790354642,600000256,wind_sensor_link,15.4,0.0
1790354642926759662,1790354642,800000256,wind_sensor_link,15.4,0.0
1790354643132015301,1790354643,0,wind_sensor_link,15.4,0.0
1790354643324765493,1790354643,200000000,wind_sensor_link,15.4,0.0
1790354643531318358,1790354643,400000000,wind_sensor_link,15.4,0.0
1790354643724007310,1790354643,600000256,wind_sensor_link,15.4,0.0
1790354643931088835,1790354643,800000256,wind_sensor_link,15.4,0.0
1790354644123695714,1790354644,0,wind_sensor_link,15.4,0.0
1790354644330852017,1790354644,200000000,wind_sensor_link,15.4,0.0
1790354644523236016,1790354644,400000000,wind_sensor_link,15.4,0.0
1790354644730838531,1790354644,600000256,wind_sensor_link,15.4,0.0
1790354644923139790,1790354644,800000256,wind_sensor_link,15.4,0.0
1790354645130729434,1790354645,0,wind_sensor_link,15.4,0.0
1790354645322881362,1790354645,200000000,wind_sensor_link,15.4,0.0
1790354645530217769,1790354645,400000000,wind_sensor_link,15.4,0.0
1790354645722699100,1790354645,600000256,wind_sensor_link,15.4,0.0
1790354645929702363,1790354645,800000256,wind_sensor_link,15.4,0.0
1790354646122080936,1790354646,0,wind_sensor_link,15.4,0.0
1790354646329827264,1790354646,200000000,wind_sensor_link,15.4,0.0
1790354646522037932,1790354646,400000000,wind_sensor_link,15.4,0.0
1790354646729229655,1790354646,600000256,wind_sensor_link,15.4,0.0
1790354646921863299,1790354646,800000256,wind_sensor_link,15.4,0.0
1790354647128971357,1790354647,0,wind_sensor_link,15.4,0.0
1790354647321486392,1790354647,200000000,wind_sensor_link,15.4,0.0
1790354647528498358,1790354647,400000000,wind_sensor_link,15.4,0.0
1790354647721290926,1790354647,600000256,wind_sensor_link,15.4,0.0
1790354647928407188,1790354647,800000256,wind_sensor_link,15.4,0.0
1790354648121024406,1790354648,0,wind_sensor_link,15.4,0.0
1790354648328204056,1790354648,200000000,wind_sensor_link,15.4,0.0
1790354648520698627,1790354648,400000000,wind_sensor_link,15.4,0.0
1790354648727879055,1790354648,600000256,wind_sensor_link,15.4,0.0
1790354648920836936,1790354648,800000256,wind_sensor_link,15.4,0.0
1790354649127536258,1790354649,0,wind_sensor_link,15.4,0.0
1790354649320395288,1790354649,200000000,wind_sensor_link,15.4,0.0
1790354649527786213,1790354649,400000000,wind_sensor_link,15.4,0.0
1790354649720273377,1790354649,600000256,wind_sensor_link,15.4,0.0
1790354649927169549,1790354649,800000256,wind_sensor_link,15.4,0.0
1790354650119697379,1790354650,0,wind_sensor_link,15.4,0.0
1790354650326568718,1790354650,200000000,wind_sensor_link,15.4,0.0
1790354650519077845,1790354650,400000000,wind_sensor_link,15.4,0.0
1790354650726432030,1790354650,600000256,wind_sensor_link,15.4,0.0
1790354650919519316,1790354650,800000256,wind_sensor_link,15.4,0.0
1790354651126206676,1790354651,0,wind_sensor_link,15.4,0.0
1790354651318889930,1790354651,200000000,wind_sensor_link,15.4,0.0
1790354651526784904,1790354651,400000000,wind_sensor_link,15.4,0.0
1790354651719819784,1790354651,600000256,wind_sensor_link,15.4,0.0
1790354651925505767,1790354651,800000256,wind_sensor_link,15.4,0.0
1790354652118712608,1790354652,0,wind_sensor_link,15.4,0.0
1790354652325310394,1790354652,200000000,wind_sensor_link,15.4,0.0
1790354652517897761,1790354652,400000000,wind_sensor_link,15.4,0.0
1790354652725070096,1790354652,600000256,wind_sensor_link,15.4,0.0
1790354652917746202,1790354652,800000256,wind_sensor_link,15.4,0.0
1790354653125304588,1790354653,0,wind_sensor_link,15.4,0.0
1790354653332151335,1790354653,200000000,wind_sensor_link,15.4,0.0
1790354653524238893,1790354653,400000000,wind_sensor_link,15.4,0.0
1790354653732082108,1790354653,600000256,wind_sensor_link,15.4,0.0
1790354653924194055,1790354653,800000256,wind_sensor_link,15.4,0.0
1790354654131565184,1790354654,0,wind_sensor_link,15.4,0.0
1790354654324737321,1790354654,200000000,wind_sensor_link,15.4,0.0
1790354654530963834,1790354654,400000000,wind_sensor_link,15.4,0.0
1790354654723679385,1790354654,600000256,wind_sensor_link,15.4,0.0
1790354654931270215,1790354654,800000256,wind_sensor_link,15.4,0.0
1790354655123932895,1790354655,0,wind_sensor_link,15.4,0.0
1790354655330717142,1790354655,200000000,wind_sensor_link,15.4,0.0
1790354655523509803,1790354655,400000000,wind_sensor_link,15.4,0.0
1790354655730610843,1790354655,600000256,wind_sensor_link,15.4,0.0
1790354655922647623,1790354655,800000256,wind_sensor_link,15.4,0.0
1790354656130043882,1790354656,0,wind_sensor_link,15.4,0.0
1790354656322520157,1790354656,200000000,wind_sensor_link,15.4,0.0
1790354656529535161,1790354656,400000000,wind_sensor_link,15.5,0.0
1790354656722148527,1790354656,600000256,wind_sensor_link,15.5,0.0
1790354656931886182,1790354656,800000256,wind_sensor_link,15.5,0.0
1790354657121999228,1790354657,0,wind_sensor_link,15.5,0.0
1790354657329224340,1790354657,200000000,wind_sensor_link,15.5,0.0
1790354657521748374,1790354657,400000000,wind_sensor_link,15.5,0.0
1790354657728952079,1790354657,600000256,wind_sensor_link,15.5,0.0
1790354657921926348,1790354657,800000256,wind_sensor_link,15.5,0.0
1790354658128411544,1790354658,0,wind_sensor_link,15.5,0.0
1790354658321249185,1790354658,200000000,wind_sensor_link,15.5,0.0
1790354658528770479,1790354658,400000000,wind_sensor_link,15.5,0.0
1790354658720897703,1790354658,600000256,wind_sensor_link,15.4,0.0
1790354658928035150,1790354658,800000256,wind_sensor_link,15.4,0.0
1790354659120708645,1790354659,0,wind_sensor_link,15.4,0.0
1790354659327776926,1790354659,200000000,wind_sensor_link,15.4,0.0
1790354659520197832,1790354659,400000000,wind_sensor_link,15.4,0.0
1790354659727513720,1790354659,600000256,wind_sensor_link,15.4,0.0
1790354659920112994,1790354659,800000256,wind_sensor_link,15.4,0.0
1790354660127206312,1790354660,0,wind_sensor_link,15.4,0.0
1790354660319842250,1790354660,200000000,wind_sensor_link,15.4,0.0
1790354660526839798,1790354660,400000000,wind_sensor_link,15.4,0.0
1790354660720069086,1790354660,600000256,wind_sensor_link,15.4,0.0
1790354660926725156,1790354660,800000256,wind_sensor_link,15.4,0.0
1790354661119779391,1790354661,0,wind_sensor_link,15.4,0.0
1790354661326391295,1790354661,200000000,wind_sensor_link,15.4,0.0
1790354661519767155,1790354661,400000000,wind_sensor_link,15.4,0.0
1790354661726029082,1790354661,600000256,wind_sensor_link,15.4,0.0
1790354661918702840,1790354661,800000256,wind_sensor_link,15.4,0.0
1790354662125857349,1790354662,0,wind_sensor_link,15.4,0.0
1790354662319400429,1790354662,200000000,wind_sensor_link,15.4,0.0
1790354662525321583,1790354662,400000000,wind_sensor_link,15.4,0.0
1790354662718832497,1790354662,600000256,wind_sensor_link,15.4,0.0
1790354662925236033,1790354662,800000256,wind_sensor_link,15.4,0.0
1790354663117825607,1790354663,0,wind_sensor_link,15.4,0.0
1790354663325029263,1790354663,200000000,wind_sensor_link,15.4,0.0
1790354663517322988,1790354663,400000000,wind_sensor_link,15.4,0.0
1790354663724879326,1790354663,600000256,wind_sensor_link,15.4,0.0
1790354663931853726,1790354663,800000256,wind_sensor_link,15.4,0.0
1790354664124465243,1790354664,0,wind_sensor_link,15.4,0.0
1790354664331527976,1790354664,200000000,wind_sensor_link,15.4,0.0
1790354664524743412,1790354664,400000000,wind_sensor_link,15.4,0.0
1790354664731153523,1790354664,600000256,wind_sensor_link,15.4,0.0
1790354664923951482,1790354664,800000256,wind_sensor_link,15.4,0.0
1790354665131009141,1790354665,0,wind_sensor_link,15.4,0.0
1790354665323446567,1790354665,200000000,wind_sensor_link,15.4,0.0
1790354665530692483,1790354665,400000000,wind_sensor_link,15.4,0.0
1790354665723117540,1790354665,600000256,wind_sensor_link,15.4,0.0
1790354665930554860,1790354665,800000256,wind_sensor_link,15.4,0.0
1790354666123264450,1790354666,0,wind_sensor_link,15.4,0.0
1790354666330572995,1790354666,200000000,wind_sensor_link,15.4,0.0
1790354666522680518,1790354666,400000000,wind_sensor_link,15.4,0.0
1790354666730156431,1790354666,600000256,wind_sensor_link,15.4,0.0
1790354666922677671,1790354666,800000256,wind_sensor_link,15.4,0.0
1790354667129961401,1790354667,0,wind_sensor_link,15.4,0.0
1790354667322301477,1790354667,200000000,wind_sensor_link,15.4,0.0
1790354667529242656,1790354667,400000000,wind_sensor_link,15.4,0.0
1790354667722447777,1790354667,600000256,wind_sensor_link,15.4,0.0
1790354667929785636,1790354667,800000256,wind_sensor_link,15.4,0.0
1790354668122165712,1790354668,0,wind_sensor_link,15.4,0.0
1790354668328713117,1790354668,200000000,wind_sensor_link,15.4,0.0
1790354668521218728,1790354668,400000000,wind_sensor_link,15.4,0.0
1790354668728801251,1790354668,600000256,wind_sensor_link,15.4,0.0
1790354668921559618,1790354668,800000256,wind_sensor_link,15.4,0.0
1790354669128228281,1790354669,0,wind_sensor_link,15.4,0.0
1790354669320970612,1790354669,200000000,wind_sensor_link,15.4,0.0
1790354669528813002,1790354669,400000000,wind_sensor_link,15.4,0.0
1790354669720708417,1790354669,600000256,wind_sensor_link,15.4,0.0
1790354669927556874,1790354669,800000256,wind_sensor_link,15.4,0.0
1790354670120835587,1790354670,0,wind_sensor_link,15.4,0.0
1790354670327502750,1790354670,200000000,wind_sensor_link,15.4,0.0
1790354670520069435,1790354670,400000000,wind_sensor_link,15.4,0.0
1790354670727191944,1790354670,600000256,wind_sensor_link,15.4,0.0
1790354670920179290,1790354670,800000256,wind_sensor_link,15.4,0.0
1790354671127184005,1790354671,0,wind_sensor_link,15.4,0.0
1790354671319687431,1790354671,200000000,wind_sensor_link,15.4,0.0
1790354671526652868,1790354671,400000000,wind_sensor_link,15.4,0.0
1790354671719287663,1790354671,600000256,wind_sensor_link,15.4,0.0
1790354671926083677,1790354671,800000256,wind_sensor_link,15.4,0.0
1790354672118610028,1790354672,0,wind_sensor_link,15.4,0.0
1790354672326091274,1790354672,200000000,wind_sensor_link,15.4,0.0
1790354672518709495,1790354672,400000000,wind_sensor_link,15.4,0.0
1790354672725875301,1790354672,600000256,wind_sensor_link,15.4,0.0
1790354672918507558,1790354672,800000256,wind_sensor_link,15.4,0.0
1790354673125757104,1790354673,0,wind_sensor_link,15.4,0.0
1790354673318251215,1790354673,200000000,wind_sensor_link,15.4,0.0
1790354673525302355,1790354673,400000000,wind_sensor_link,15.4,0.0
1790354673718217332,1790354673,600000256,wind_sensor_link,15.4,0.0
1790354673924925235,1790354673,800000256,wind_sensor_link,15.4,0.0
1790354674117913396,1790354674,0,wind_sensor_link,15.4,0.0
1790354674324429746,1790354674,200000000,wind_sensor_link,15.4,0.0
1790354674531679402,1790354674,400000000,wind_sensor_link,15.4,0.0
1790354674724304679,1790354674,600000256,wind_sensor_link,15.4,0.0
1790354674931385781,1790354674,800000256,wind_sensor_link,15.4,0.0
1790354675124158723,1790354675,0,wind_sensor_link,15.4,0.0
1790354675331283195,1790354675,200000000,wind_sensor_link,15.4,0.0
1790354675524320911,1790354675,400000000,wind_sensor_link,15.4,0.0
1790354675731372236,1790354675,600000256,wind_sensor_link,15.4,0.0
1790354675923564055,1790354675,800000256,wind_sensor_link,15.4,0.0
1790354676130750823,1790354676,0,wind_sensor_link,15.4,0.0
1790354676323365507,1790354676,200000000,wind_sensor_link,15.4,0.0
1790354676531789297,1790354676,400000000,wind_sensor_link,15.4,0.0
1790354676723875376,1790354676,600000256,wind_sensor_link,15.4,0.0
1790354676930448207,1790354676,800000256,wind_sensor_link,15.4,0.0
1790354677122953985,1790354677,0,wind_sensor_link,15.4,0.0
1790354677329950181,1790354677,200000000,wind_sensor_link,15.4,0.0
1790354677522200537,1790354677,400000000,wind_sensor_link,15.4,0.0
1790354677729701671,1790354677,600000256,wind_sensor_link,15.3,0.0
1790354677921956971,1790354677,800000256,wind_sensor_link,15.3,0.0
1790354678129266589,1790354678,0,wind_sensor_link,15.3,0.0
1790354678321911087,1790354678,200000000,wind_sensor_link,15.3,0.0
1790354678529021708,1790354678,400000000,wind_sensor_link,15.3,0.0
1790354678721684336,1790354678,600000256,wind_sensor_link,15.3,0.0
1790354678928687514,1790354678,800000256,wind_sensor_link,15.3,0.0
1790354679121457844,1790354679,0,wind_sensor_link,15.3,0.0
1790354679328262339,1790354679,200000000,wind_sensor_link,15.3,0.0
1790354679521165816,1790354679,400000000,wind_sensor_link,15.3,0.0
1790354679728367324,1790354679,600000256,wind_sensor_link,15.3,0.0
1790354679920817251,1790354679,800000256,wind_sensor_link,15.3,0.0
1790354680127904946,1790354680,0,wind_sensor_link,15.3,0.0
1790354680320518649,1790354680,200000000,wind_sensor_link,15.3,0.0
1790354680527687750,1790354680,400000000,wind_sensor_link,15.3,0.0
1790354680720089844,1790354680,600000256,wind_sensor_link,15.3,0.0
1790354680927753495,1790354680,800000256,wind_sensor_link,15.3,0.0
1790354681119945647,1790354681,0,wind_sensor_link,15.3,0.0
1790354681327503207,1790354681,200000000,wind_sensor_link,15.3,0.0
1790354681519776543,1790354681,400000000,wind_sensor_link,15.3,0.0
1790354681726954719,1790354681,600000256,wind_sensor_link,15.3,0.0
1790354681919540755,1790354681,800000256,wind_sensor_link,15.3,0.0
1790354682127146666,1790354682,0,wind_sensor_link,15.3,0.0
1790354682319210931,1790354682,200000000,wind_sensor_link,15.3,0.0
1790354682526192312,1790354682,400000000,wind_sensor_link,15.3,0.0
1790354682719027809,1790354682,600000256,wind_sensor_link,15.3,0.0
1790354682926290668,1790354682,800000256,wind_sensor_link,15.3,0.0
1790354683119155220,1790354683,0,wind_sensor_link,15.3,0.0
1790354683325701143,1790354683,200000000,wind_sensor_link,15.3,0.0
1790354683518237791,1790354683,400000000,wind_sensor_link,15.3,0.0
1790354683725291413,1790354683,600000256,wind_sensor_link,15.3,0.0
1790354683918544811,1790354683,800000256,wind_sensor_link,15.3,0.0
1790354684125319066,1790354684,0,wind_sensor_link,15.3,0.0
1790354684318361356,1790354684,200000000,wind_sensor_link,15.3,0.0
1790354684525199850,1790354684,400000000,wind_sensor_link,15.3,0.0
1790354684717334244,1790354684,600000256,wind_sensor_link,15.3,0.0
1790354684925028246,1790354684,800000256,wind_sensor_link,15.3,0.0
1790354685118481365,1790354685,0,wind_sensor_link,15.3,0.0
1790354685324428259,1790354685,200000000,wind_sensor_link,15.3,0.0
1790354685531733636,1790354685,400000000,wind_sensor_link,15.3,0.0
1790354685724304469,1790354685,600000256,wind_sensor_link,15.3,0.0
1790354685931126056,1790354685,800000256,wind_sensor_link,15.3,0.0
1790354686124007959,1790354686,0,wind_sensor_link,15.3,0.0
1790354686331768924,1790354686,200000000,wind_sensor_link,15.3,0.0
1790354686523694172,1790354686,400000000,wind_sensor_link,15.3,0.0
1790354686730678035,1790354686,600000256,wind_sensor_link,15.3,0.0
1790354686923786232,1790354686,800000256,wind_sensor_link,15.3,0.0
1790354687130361674,1790354687,0,wind_sensor_link,15.3,0.0
1790354687323772089,1790354687,200000000,wind_sensor_link,15.3,0.0
1790354687530036905,1790354687,400000000,wind_sensor_link,15.3,0.0
1790354687722866494,1790354687,600000256,wind_sensor_link,15.3,0.0
1790354687929934022,1790354687,800000256,wind_sensor_link,15.3,0.0
1790354688122740908,1790354688,0,wind_sensor_link,15.3,0.0
1790354688329708327,1790354688,200000000,wind_sensor_link,15.3,0.0
1790354688522422102,1790354688,400000000,wind_sensor_link,15.3,0.0
1790354688729391021,1790354688,600000256,wind_sensor_link,15.3,0.0
1790354688921809096,1790354688,800000256,wind_sensor_link,15.3,0.0
1790354689129057308,1790354689,0,wind_sensor_link,15.3,0.0
1790354689322772312,1790354689,200000000,wind_sensor_link,15.3,0.0
1790354689529770249,1790354689,400000000,wind_sensor_link,15.3,0.0
1790354689721212002,1790354689,600000256,wind_sensor_link,15.3,0.0
1790354689928525899,1790354689,800000256,wind_sensor_link,15.3,0.0
1790354690121340247,1790354690,0,wind_sensor_link,15.3,0.0
1790354690328184612,1790354690,200000000,wind_sensor_link,15.3,0.0
1790354690521370381,1790354690,400000000,wind_sensor_link,15.3,0.0
1790354690728020359,1790354690,600000256,wind_sensor_link,15.3,0.0
1790354690921249814,1790354690,800000256,wind_sensor_link,15.3,0.0
1790354691127804960,1790354691,0,wind_sensor_link,15.3,0.0
1790354691320250238,1790354691,200000000,wind_sensor_link,15.3,0.0
1790354691527976685,1790354691,400000000,wind_sensor_link,15.3,0.0
1790354691720056246,1790354691,600000256,wind_sensor_link,15.3,0.0
1790354691927136275,1790354691,800000256,wind_sensor_link,15.3,0.0
1790354692119546831,1790354692,0,wind_sensor_link,15.3,0.0
1790354692327773161,1790354692,200000000,wind_sensor_link,15.3,0.0
1790354692519760667,1790354692,400000000,wind_sensor_link,15.3,0.0
1790354692727792129,1790354692,600000256,wind_sensor_link,15.3,0.0
1790354692919001996,1790354692,800000256,wind_sensor_link,15.3,0.0
1790354693126154783,1790354693,0,wind_sensor_link,15.3,0.0
1790354693319002613,1790354693,200000000,wind_sensor_link,15.3,0.0
1790354693525942384,1790354693,400000000,wind_sensor_link,15.3,0.0
1790354693718733769,1790354693,600000256,wind_sensor_link,15.3,0.0
1790354693925896093,1790354693,800000256,wind_sensor_link,15.3,0.0
1790354694118919883,1790354694,0,wind_sensor_link,15.3,0.0
1790354694325372308,1790354694,200000000,wind_sensor_link,15.3,0.0
1790354694518653466,1790354694,400000000,wind_sensor_link,15.3,0.0
1790354694725168297,1790354694,600000256,wind_sensor_link,15.3,0.0
1790354694918279346,1790354694,800000256,wind_sensor_link,15.3,0.0
1790354695125051711,1790354695,0,wind_sensor_link,15.3,0.0
1790354695318340517,1790354695,200000000,wind_sensor_link,15.3,0.0
1790354695524400076,1790354695,400000000,wind_sensor_link,15.3,0.0
1790354695716899336,1790354695,600000256,wind_sensor_link,15.3,0.0
1790354695924755633,1790354695,800000256,wind_sensor_link,15.3,0.0
1790354696132813112,1790354696,0,wind_sensor_link,15.3,0.0
1790354696324208033,1790354696,200000000,wind_sensor_link,15.3,0.0
1790354696531544485,1790354696,400000000,wind_sensor_link,15.3,0.0
1790354696724038929,1790354696,600000256,wind_sensor_link,15.3,0.0
1790354696930968404,1790354696,800000256,wind_sensor_link,15.3,0.0
1790354697123642699,1790354697,0,wind_sensor_link,15.3,0.0
1790354697330703839,1790354697,200000000,wind_sensor_link,15.3,0.0
1790354697523838405,1790354697,400000000,wind_sensor_link,15.3,0.0
1790354697730817805,1790354697,600000256,wind_sensor_link,15.3,0.0
1790354697923396805,1790354697,800000256,wind_sensor_link,15.3,0.0
1790354698130144448,1790354698,0,wind_sensor_link,15.3,0.0
1790354698323784083,1790354698,200000000,wind_sensor_link,15.3,0.0
1790354698530137916,1790354698,400000000,wind_sensor_link,15.3,0.0
1790354698722652009,1790354698,600000256,wind_sensor_link,15.3,0.0
1790354698929870480,1790354698,800000256,wind_sensor_link,15.3,0.0
1790354699122123446,1790354699,0,wind_sensor_link,15.3,0.0
1790354699329370417,1790354699,200000000,wind_sensor_link,15.3,0.0
1790354699521993638,1790354699,400000000,wind_sensor_link,15.3,0.0
1790354699729186851,1790354699,600000256,wind_sensor_link,15.3,0.0
1790354699921427854,1790354699,800000256,wind_sensor_link,15.3,0.0
1790354700129012914,1790354700,0,wind_sensor_link,15.3,0.0
1790354700321465100,1790354700,200000000,wind_sensor_link,15.3,0.0
1790354700528422111,1790354700,400000000,wind_sensor_link,15.3,0.0
1790354700721238663,1790354700,600000256,wind_sensor_link,15.3,0.0
1790354700929813988,1790354700,800000256,wind_sensor_link,15.3,0.0
1790354701121132281,1790354701,0,wind_sensor_link,15.3,0.0
1790354701328161217,1790354701,200000000,wind_sensor_link,15.3,0.0
1790354701520613551,1790354701,400000000,wind_sensor_link,15.3,0.0
1790354701727748598,1790354701,600000256,wind_sensor_link,15.3,0.0
1790354701920115859,1790354701,800000256,wind_sensor_link,15.3,0.0
1790354702127511865,1790354702,0,wind_sensor_link,15.3,0.0
1790354702320202659,1790354702,200000000,wind_sensor_link,15.3,0.0
1790354702527807626,1790354702,400000000,wind_sensor_link,15.3,0.0
1790354702720070703,1790354702,600000256,wind_sensor_link,15.3,0.0
1790354702927270008,1790354702,800000256,wind_sensor_link,15.3,0.0
1790354703119973006,1790354703,0,wind_sensor_link,15.3,0.0
1790354703326550059,1790354703,200000000,wind_sensor_link,15.3,0.0
1790354703519334333,1790354703,400000000,wind_sensor_link,15.3,0.0
1790354703726471657,1790354703,600000256,wind_sensor_link,15.3,0.0
1790354703919025861,1790354703,800000256,wind_sensor_link,15.3,0.0
1790354704126117093,1790354704,0,wind_sensor_link,15.3,0.0
1790354704319787764,1790354704,200000000,wind_sensor_link,15.3,0.0
1790354704525958174,1790354704,400000000,wind_sensor_link,15.3,0.0
1790354704719777510,1790354704,600000256,wind_sensor_link,15.3,0.0
1790354704926794965,1790354704,800000256,wind_sensor_link,15.3,0.0
1790354705118424717,1790354705,0,wind_sensor_link,15.3,0.0
1790354705325398561,1790354705,200000000,wind_sensor_link,15.3,0.0
1790354705518793236,1790354705,400000000,wind_sensor_link,15.3,0.0
1790354705725127477,1790354705,600000256,wind_sensor_link,15.3,0.0
1790354705918091509,1790354705,800000256,wind_sensor_link,15.3,0.0
1790354706124835930,1790354706,0,wind_sensor_link,15.3,0.0
1790354706318803061,1790354706,200000000,wind_sensor_link,15.3,0.0
1790354706524739807,1790354706,400000000,wind_sensor_link,15.3,0.0
1790354706732142035,1790354706,600000256,wind_sensor_link,15.3,0.0
1790354706925015772,1790354706,800000256,wind_sensor_link,15.3,0.0
1790354707131480604,1790354707,0,wind_sensor_link,15.3,0.0
1790354707324031844,1790354707,200000000,wind_sensor_link,15.3,0.0
1790354707533776193,1790354707,400000000,wind_sensor_link,15.3,0.0
1790354707723688854,1790354707,600000256,wind_sensor_link,15.3,0.0
1790354707931791500,1790354707,800000256,wind_sensor_link,15.3,0.0
1790354708123778395,1790354708,0,wind_sensor_link,15.3,0.0
1790354708330525816,1790354708,200000000,wind_sensor_link,15.3,0.0
1790354708523785807,1790354708,400000000,wind_sensor_link,15.3,0.0
1790354708730278028,1790354708,600000256,wind_sensor_link,15.3,0.0
1790354708923269410,1790354708,800000256,wind_sensor_link,15.3,0.0
1790354709130448546,1790354709,0,wind_sensor_link,15.3,0.0
1790354709323041623,1790354709,200000000,wind_sensor_link,15.3,0.0
1790354709529790223,1790354709,400000000,wind_sensor_link,15.3,0.0
1790354709722712782,1790354709,600000256,wind_sensor_link,15.3,0.0
1790354709929415548,1790354709,800000256,wind_sensor_link,15.3,0.0
1790354710121856996,1790354710,0,wind_sensor_link,15.3,0.0
1790354710329550410,1790354710,200000000,wind_sensor_link,15.3,0.0
1790354710521553006,1790354710,400000000,wind_sensor_link,15.3,0.0
1790354710729013013,1790354710,600000256,wind_sensor_link,15.3,0.0
1790354710921887238,1790354710,800000256,wind_sensor_link,15.3,0.0
1790354711129175263,1790354711,0,wind_sensor_link,15.3,0.0
1790354711321783655,1790354711,200000000,wind_sensor_link,15.3,0.0
1790354711528371033,1790354711,400000000,wind_sensor_link,15.3,0.0
1790354711721022925,1790354711,600000256,wind_sensor_link,15.4,0.0
1790354711928035580,1790354711,800000256,wind_sensor_link,15.4,0.0
1790354712120750120,1790354712,0,wind_sensor_link,15.4,0.0
1790354712327699646,1790354712,200000000,wind_sensor_link,15.4,0.0
1790354712520769019,1790354712,400000000,wind_sensor_link,15.4,0.0
1790354712728771988,1790354712,600000256,wind_sensor_link,15.4,0.0
1790354712920200066,1790354712,800000256,wind_sensor_link,15.4,0.0
1790354713127515832,1790354713,0,wind_sensor_link,15.4,0.0
1790354713320012446,1790354713,200000000,wind_sensor_link,15.4,0.0
1790354713526846546,1790354713,400000000,wind_sensor_link,15.4,0.0
1790354713719572346,1790354713,600000256,wind_sensor_link,15.4,0.0
1790354713927266111,1790354713,800000256,wind_sensor_link,15.4,0.0
1790354714119711392,1790354714,0,wind_sensor_link,15.4,0.0
1790354714326505029,1790354714,200000000,wind_sensor_link,15.4,0.0
1790354714519776032,1790354714,400000000,wind_sensor_link,15.4,0.0
1790354714726782909,1790354714,600000256,wind_sensor_link,15.4,0.0
1790354714919285690,1790354714,800000256,wind_sensor_link,15.4,0.0
1790354715126020864,1790354715,0,wind_sensor_link,15.4,0.0
1790354715319786958,1790354715,200000000,wind_sensor_link,15.4,0.0
1790354715525719281,1790354715,400000000,wind_sensor_link,15.4,0.0
1790354715718344951,1790354715,600000256,wind_sensor_link,15.4,0.0
1790354715925847272,1790354715,800000256,wind_sensor_link,15.4,0.0
1790354716118011850,1790354716,0,wind_sensor_link,15.4,0.0
1790354716325175672,1790354716,200000000,wind_sensor_link,15.4,0.0
1790354716517550175,1790354716,400000000,wind_sensor_link,15.4,0.0
1790354716724899404,1790354716,600000256,wind_sensor_link,15.4,0.0
1790354716918427277,1790354716,800000256,wind_sensor_link,15.4,0.0
1790354717124549136,1790354717,0,wind_sensor_link,15.4,0.0
1790354717331895106,1790354717,200000000,wind_sensor_link,15.4,0.0
1790354717524568683,1790354717,400000000,wind_sensor_link,15.4,0.0
1790354717731472746,1790354717,600000256,wind_sensor_link,15.4,0.0
1790354717924154564,1790354717,800000256,wind_sensor_link,15.4,0.0
1790354718131127496,1790354718,0,wind_sensor_link,15.4,0.0
1790354718323794074,1790354718,200000000,wind_sensor_link,15.4,0.0
1790354718530979321,1790354718,400000000,wind_sensor_link,15.4,0.0
1790354718723511602,1790354718,600000256,wind_sensor_link,15.4,0.0
1790354718930805757,1790354718,800000256,wind_sensor_link,15.4,0.0
1790354719123054927,1790354719,0,wind_sensor_link,15.4,0.0
1790354719330363990,1790354719,200000000,wind_sensor_link,15.4,0.0
1790354719522632993,1790354719,400000000,wind_sensor_link,15.4,0.0
1790354719730099185,1790354719,600000256,wind_sensor_link,15.4,0.0
1790354719923028632,1790354719,800000256,wind_sensor_link,15.4,0.0
1790354720129931584,1790354720,0,wind_sensor_link,15.4,0.0
1790354720322432254,1790354720,200000000,wind_sensor_link,15.4,0.0
1790354720529686482,1790354720,400000000,wind_sensor_link,15.4,0.0
1790354720722054986,1790354720,600000256,wind_sensor_link,15.4,0.0
1790354720929751029,1790354720,800000256,wind_sensor_link,15.4,0.0
1790354721122035366,1790354721,0,wind_sensor_link,15.4,0.0
1790354721329020947,1790354721,200000000,wind_sensor_link,15.4,0.0
1790354721521711543,1790354721,400000000,wind_sensor_link,15.4,0.0
1790354721728817809,1790354721,600000256,wind_sensor_link,15.4,0.0
1790354721921516923,1790354721,800000256,wind_sensor_link,15.4,0.0
1790354722128353912,1790354722,0,wind_sensor_link,15.4,0.0
1790354722320891489,1790354722,200000000,wind_sensor_link,15.4,0.0
1790354722531298493,1790354722,400000000,wind_sensor_link,15.4,0.0
1790354722720881203,1790354722,600000256,wind_sensor_link,15.4,0.0
1790354722928033098,1790354722,800000256,wind_sensor_link,15.4,0.0
1790354723121036972,1790354723,0,wind_sensor_link,15.4,0.0
1790354723328788626,1790354723,200000000,wind_sensor_link,15.4,0.0
1790354723520852796,1790354723,400000000,wind_sensor_link,15.4,0.0
1790354723727472785,1790354723,600000256,wind_sensor_link,15.4,0.0
1790354723921009399,1790354723,800000256,wind_sensor_link,15.4,0.0
1790354724127750035,1790354724,0,wind_sensor_link,15.4,0.0
1790354724319487965,1790354724,200000000,wind_sensor_link,15.4,0.0
1790354724527547860,1790354724,400000000,wind_sensor_link,15.4,0.0
1790354724719708253,1790354724,600000256,wind_sensor_link,15.4,0.0
1790354724926464871,1790354724,800000256,wind_sensor_link,15.4,0.0
1790354725119383652,1790354725,0,wind_sensor_link,15.4,0.0
1790354725326558270,1790354725,200000000,wind_sensor_link,15.4,0.0
1790354725519034773,1790354725,400000000,wind_sensor_link,15.4,0.0
1790354725726177632,1790354725,600000256,wind_sensor_link,15.4,0.0
1790354725918385302,1790354725,800000256,wind_sensor_link,15.4,0.0
1790354726125855401,1790354726,0,wind_sensor_link,15.5,0.0
1790354726319021441,1790354726,200000000,wind_sensor_link,15.5,0.0
1790354726525536948,1790354726,400000000,wind_sensor_link,15.5,0.0
1790354726719309524,1790354726,600000256,wind_sensor_link,15.5,0.0
1790354726925316014,1790354726,800000256,wind_sensor_link,15.5,0.0
1790354727118278498,1790354727,0,wind_sensor_link,15.5,0.0
1790354727325465227,1790354727,200000000,wind_sensor_link,15.5,0.0
1790354727517783138,1790354727,400000000,wind_sensor_link,15.5,0.0
1790354727724740052,1790354727,600000256,wind_sensor_link,15.5,0.0
1790354727931873355,1790354727,800000256,wind_sensor_link,15.5,0.0
1790354728124672840,1790354728,0,wind_sensor_link,15.5,0.0
1790354728332075865,1790354728,200000000,wind_sensor_link,15.5,0.0
1790354728523973665,1790354728,400000000,wind_sensor_link,15.5,0.0
1790354728731249061,1790354728,600000256,wind_sensor_link,15.5,0.0
1790354728923864342,1790354728,800000256,wind_sensor_link,15.5,0.0
1790354729130948237,1790354729,0,wind_sensor_link,15.5,0.0
1790354729323355982,1790354729,200000000,wind_sensor_link,15.5,0.0
1790354729530868284,1790354729,400000000,wind_sensor_link,15.5,0.0
1790354729723318343,1790354729,600000256,wind_sensor_link,15.5,0.0
1790354729930448980,1790354729,800000256,wind_sensor_link,15.5,0.0
1790354730123131446,1790354730,0,wind_sensor_link,15.5,0.0
1790354730330026842,1790354730,200000000,wind_sensor_link,15.5,0.0
1790354730526099175,1790354730,400000000,wind_sensor_link,15.5,0.0
1790354730730780017,1790354730,600000256,wind_sensor_link,15.5,0.0
1790354730922558207,1790354730,800000256,wind_sensor_link,15.5,0.0
1790354731129512602,1790354731,0,wind_sensor_link,15.5,0.0
1790354731322090754,1790354731,200000000,wind_sensor_link,15.5,0.0
1790354731529376075,1790354731,400000000,wind_sensor_link,15.5,0.0
1790354731722106893,1790354731,600000256,wind_sensor_link,15.5,0.0
1790354731929358104,1790354731,800000256,wind_sensor_link,15.5,0.0
1790354732122790106,1790354732,0,wind_sensor_link,15.5,0.0
1790354732329793539,1790354732,200000000,wind_sensor_link,15.5,0.0
1790354732521702821,1790354732,400000000,wind_sensor_link,15.5,0.0
1790354732728409235,1790354732,600000256,wind_sensor_link,15.5,0.0
1790354732921182109,1790354732,800000256,wind_sensor_link,15.5,0.0
1790354733128159356,1790354733,0,wind_sensor_link,15.5,0.0
1790354733320927397,1790354733,200000000,wind_sensor_link,15.5,0.0
1790354733528161088,1790354733,400000000,wind_sensor_link,15.5,0.0
1790354733720832684,1790354733,600000256,wind_sensor_link,15.5,0.0
1790354733927697006,1790354733,800000256,wind_sensor_link,15.5,0.0
1790354734120575287,1790354734,0,wind_sensor_link,15.5,0.0
1790354734327980089,1790354734,200000000,wind_sensor_link,15.5,0.0
1790354734520787926,1790354734,400000000,wind_sensor_link,15.5,0.0
1790354734727211489,1790354734,600000256,wind_sensor_link,15.5,0.0
1790354734920354677,1790354734,800000256,wind_sensor_link,15.5,0.0
1790354735127046203,1790354735,0,wind_sensor_link,15.5,0.0
1790354735319545854,1790354735,200000000,wind_sensor_link,15.5,0.0
1790354735526670842,1790354735,400000000,wind_sensor_link,15.5,0.0
1790354735719468457,1790354735,600000256,wind_sensor_link,15.5,0.0
1790354735926497815,1790354735,800000256,wind_sensor_link,15.5,0.0
1790354736119244670,1790354736,0,wind_sensor_link,15.5,0.0
1790354736326090955,1790354736,200000000,wind_sensor_link,15.5,0.0
1790354736519764291,1790354736,400000000,wind_sensor_link,15.5,0.0
1790354736725771669,1790354736,600000256,wind_sensor_link,15.5,0.0
1790354736919077949,1790354736,800000256,wind_sensor_link,15.5,0.0
1790354737125886549,1790354737,0,wind_sensor_link,15.5,0.0
1790354737318867607,1790354737,200000000,wind_sensor_link,15.5,0.0
1790354737525202170,1790354737,400000000,wind_sensor_link,15.6,0.0
1790354737718670525,1790354737,600000256,wind_sensor_link,15.6,0.0
1790354737925266902,1790354737,800000256,wind_sensor_link,15.6,0.0
1790354738118785757,1790354738,0,wind_sensor_link,15.6,0.0
1790354738325217208,1790354738,200000000,wind_sensor_link,15.6,0.0
1790354738518065378,1790354738,400000000,wind_sensor_link,15.6,0.0
1790354738724664478,1790354738,600000256,wind_sensor_link,15.6,0.0
1790354738931697596,1790354738,800000256,wind_sensor_link,15.6,0.0
1790354739124805117,1790354739,0,wind_sensor_link,15.6,0.0
1790354739331424680,1790354739,200000000,wind_sensor_link,15.6,0.0
1790354739524364776,1790354739,400000000,wind_sensor_link,15.6,0.0
1790354739731374690,1790354739,600000256,wind_sensor_link,15.6,0.0
1790354739923847305,1790354739,800000256,wind_sensor_link,15.6,0.0
1790354740131016293,1790354740,0,wind_sensor_link,15.6,0.0
1790354740324791147,1790354740,200000000,wind_sensor_link,15.6,0.0
1790354740530826766,1790354740,400000000,wind_sensor_link,15.6,0.0
1790354740723362695,1790354740,600000256,wind_sensor_link,15.6,0.0
1790354740930622553,1790354740,800000256,wind_sensor_link,15.6,0.0
1790354741123295131,1790354741,0,wind_sensor_link,15.6,0.0
1790354741329994990,1790354741,200000000,wind_sensor_link,15.6,0.0
1790354741522568937,1790354741,400000000,wind_sensor_link,15.6,0.0
1790354741729948407,1790354741,600000256,wind_sensor_link,15.6,0.0
1790354741922196188,1790354741,800000256,wind_sensor_link,15.6,0.0
1790354742129567084,1790354742,0,wind_sensor_link,15.6,0.0
1790354742322426883,1790354742,200000000,wind_sensor_link,15.6,0.0
1790354742529792538,1790354742,400000000,wind_sensor_link,15.6,0.0
1790354742721954449,1790354742,600000256,wind_sensor_link,15.6,0.0
1790354742928967845,1790354742,800000256,wind_sensor_link,15.6,0.0
1790354743121531255,1790354743,0,wind_sensor_link,15.6,0.0
1790354743329168002,1790354743,200000000,wind_sensor_link,15.6,0.0
1790354743521282043,1790354743,400000000,wind_sensor_link,15.6,0.0
1790354743728372217,1790354743,600000256,wind_sensor_link,15.6,0.0
1790354743921346794,1790354743,800000256,wind_sensor_link,15.6,0.0
1790354744128826096,1790354744,0,wind_sensor_link,15.6,0.0
1790354744322025117,1790354744,200000000,wind_sensor_link,15.6,0.0
1790354744528518329,1790354744,400000000,wind_sensor_link,15.6,0.0
1790354744720743666,1790354744,600000256,wind_sensor_link,15.6,0.0
1790354744928765301,1790354744,800000256,wind_sensor_link,15.6,0.0
1790354745120451231,1790354745,0,wind_sensor_link,15.6,0.0
1790354745327463423,1790354745,200000000,wind_sensor_link,15.6,0.0
1790354745519852334,1790354745,400000000,wind_sensor_link,15.6,0.0
1790354745727274730,1790354745,600000256,wind_sensor_link,15.6,0.0
1790354745919801844,1790354745,800000256,wind_sensor_link,15.6,0.0
1790354746127473832,1790354746,0,wind_sensor_link,15.6,0.0
1790354746319714021,1790354746,200000000,wind_sensor_link,15.6,0.0
1790354746526912935,1790354746,400000000,wind_sensor_link,15.6,0.0
1790354746719797104,1790354746,600000256,wind_sensor_link,15.6,0.0
1790354746926765093,1790354746,800000256,wind_sensor_link,15.6,0.0
1790354747119036300,1790354747,0,wind_sensor_link,15.6,0.0
1790354747326436566,1790354747,200000000,wind_sensor_link,15.6,0.0
1790354747518827866,1790354747,400000000,wind_sensor_link,15.6,0.0
1790354747725911520,1790354747,600000256,wind_sensor_link,15.6,0.0
1790354747918479320,1790354747,800000256,wind_sensor_link,15.6,0.0
1790354748125687086,1790354748,0,wind_sensor_link,15.6,0.0
1790354748318694182,1790354748,200000000,wind_sensor_link,15.6,0.0
1790354748525704688,1790354748,400000000,wind_sensor_link,15.6,0.0
1790354748718321766,1790354748,600000256,wind_sensor_link,15.6,0.0
1790354748924877162,1790354748,800000256,wind_sensor_link,15.6,0.0
1790354749118815108,1790354749,0,wind_sensor_link,15.6,0.0
1790354749324657616,1790354749,200000000,wind_sensor_link,15.6,0.0
1790354749532167234,1790354749,400000000,wind_sensor_link,15.6,0.0
1790354749724453404,1790354749,600000256,wind_sensor_link,15.6,0.0
1790354749931632837,1790354749,800000256,wind_sensor_link,15.6,0.0
1790354750124450321,1790354750,0,wind_sensor_link,15.6,0.0
1790354750331404754,1790354750,200000000,wind_sensor_link,15.6,0.0
1790354750523804424,1790354750,400000000,wind_sensor_link,15.6,0.0
1790354750730970875,1790354750,600000256,wind_sensor_link,15.6,0.0
1790354750923703212,1790354750,800000256,wind_sensor_link,15.6,0.0
1790354751130852459,1790354751,0,wind_sensor_link,15.6,0.0
1790354751323548043,1790354751,200000000,wind_sensor_link,15.6,0.0
1790354751530562223,1790354751,400000000,wind_sensor_link,15.6,0.0
1790354751723214908,1790354751,600000256,wind_sensor_link,15.6,0.0
1790354751930201588,1790354751,800000256,wind_sensor_link,15.6,0.0
1790354752123125159,1790354752,0,wind_sensor_link,15.6,0.0
1790354752330269504,1790354752,200000000,wind_sensor_link,15.6,0.0
1790354752522379269,1790354752,400000000,wind_sensor_link,15.7,0.0
1790354752729978257,1790354752,600000256,wind_sensor_link,15.7,0.0
1790354752922482203,1790354752,800000256,wind_sensor_link,15.7,0.0
1790354753129437088,1790354753,0,wind_sensor_link,15.7,0.0
1790354753322168938,1790354753,200000000,wind_sensor_link,15.7,0.0
1790354753529020453,1790354753,400000000,wind_sensor_link,15.7,0.0
1790354753721574824,1790354753,600000256,wind_sensor_link,15.7,0.0
1790354753928906853,1790354753,800000256,wind_sensor_link,15.7,0.0
1790354754121304818,1790354754,0,wind_sensor_link,15.7,0.0
1790354754328683198,1790354754,200000000,wind_sensor_link,15.7,0.0
1790354754521227236,1790354754,400000000,wind_sensor_link,15.7,0.0
1790354754728383951,1790354754,600000256,wind_sensor_link,15.7,0.0
1790354754921093117,1790354754,800000256,wind_sensor_link,15.7,0.0
1790354755128263295,1790354755,0,wind_sensor_link,15.7,0.0
1790354755320440244,1790354755,200000000,wind_sensor_link,15.7,0.0
1790354755527908586,1790354755,400000000,wind_sensor_link,15.7,0.0
1790354755720352643,1790354755,600000256,wind_sensor_link,15.7,0.0
1790354755927572766,1790354755,800000256,wind_sensor_link,15.7,0.0
1790354756120360245,1790354756,0,wind_sensor_link,15.7,0.0
1790354756327690995,1790354756,200000000,wind_sensor_link,15.7,0.0
1790354756519696780,1790354756,400000000,wind_sensor_link,15.7,0.0
1790354756727808836,1790354756,600000256,wind_sensor_link,15.7,0.0
1790354756920804684,1790354756,800000256,wind_sensor_link,15.7,0.0
1790354757127809882,1790354757,0,wind_sensor_link,15.7,0.0
1790354757319790964,1790354757,200000000,wind_sensor_link,15.7,0.0
1790354757526299922,1790354757,400000000,wind_sensor_link,15.7,0.0
1790354757719661380,1790354757,600000256,wind_sensor_link,15.7,0.0
1790354757926239885,1790354757,800000256,wind_sensor_link,15.7,0.0
1790354758118877296,1790354758,0,wind_sensor_link,15.7,0.0
1790354758325749613,1790354758,200000000,wind_sensor_link,15.7,0.0
1790354758518728742,1790354758,400000000,wind_sensor_link,15.7,0.0
1790354758725340748,1790354758,600000256,wind_sensor_link,15.7,0.0
1790354758918661206,1790354758,800000256,wind_sensor_link,15.7,0.0
1790354759125179620,1790354759,0,wind_sensor_link,15.7,0.0
1790354759317794994,1790354759,200000000,wind_sensor_link,15.7,0.0
1790354759525006511,1790354759,400000000,wind_sensor_link,15.7,0.0
1790354759718247118,1790354759,600000256,wind_sensor_link,15.7,0.0
1790354759925154453,1790354759,800000256,wind_sensor_link,15.7,0.0
1790354760131974790,1790354760,0,wind_sensor_link,15.7,0.0
1790354760324522498,1790354760,200000000,wind_sensor_link,15.7,0.0
1790354760531731385,1790354760,400000000,wind_sensor_link,15.7,0.0
1790354760726774990,1790354760,600000256,wind_sensor_link,15.7,0.0
1790354760931420870,1790354760,800000256,wind_sensor_link,15.7,0.0
1790354761123851339,1790354761,0,wind_sensor_link,15.7,0.0
1790354761331048893,1790354761,200000000,wind_sensor_link,15.7,0.0
1790354761523555806,1790354761,400000000,wind_sensor_link,15.7,0.0
1790354761730843395,1790354761,600000256,wind_sensor_link,15.7,0.0
1790354761923397863,1790354761,800000256,wind_sensor_link,15.7,0.0
1790354762130562251,1790354762,0,wind_sensor_link,15.7,0.0
1790354762323301234,1790354762,200000000,wind_sensor_link,15.7,0.0
1790354762530169014,1790354762,400000000,wind_sensor_link,15.7,0.0
1790354762722984886,1790354762,600000256,wind_sensor_link,15.8,0.0
1790354762930126663,1790354762,800000256,wind_sensor_link,15.8,0.0
1790354763122968072,1790354763,0,wind_sensor_link,15.8,0.0
1790354763330064442,1790354763,200000000,wind_sensor_link,15.8,0.0
1790354763522758278,1790354763,400000000,wind_sensor_link,15.8,0.0
1790354763729558188,1790354763,600000256,wind_sensor_link,15.8,0.0
1790354763922015324,1790354763,800000256,wind_sensor_link,15.8,0.0
1790354764129681983,1790354764,0,wind_sensor_link,15.8,0.0
1790354764321799641,1790354764,200000000,wind_sensor_link,15.8,0.0
1790354764528837456,1790354764,400000000,wind_sensor_link,15.8,0.0
1790354764722053434,1790354764,600000256,wind_sensor_link,15.8,0.0
1790354764928467034,1790354764,800000256,wind_sensor_link,15.8,0.0
1790354765121352887,1790354765,0,wind_sensor_link,15.8,0.0
1790354765328240352,1790354765,200000000,wind_sensor_link,15.8,0.0
1790354765520779949,1790354765,400000000,wind_sensor_link,15.8,0.0
1790354765728205963,1790354765,600000256,wind_sensor_link,15.8,0.0
1790354765920709654,1790354765,800000256,wind_sensor_link,15.8,0.0
1790354766127847708,1790354766,0,wind_sensor_link,15.8,0.0
1790354766320516693,1790354766,200000000,wind_sensor_link,15.8,0.0
1790354766527649729,1790354766,400000000,wind_sensor_link,15.8,0.0
1790354766720148456,1790354766,600000256,wind_sensor_link,15.8,0.0
1790354766927340918,1790354766,800000256,wind_sensor_link,15.8,0.0
1790354767119951144,1790354767,0,wind_sensor_link,15.8,0.0
1790354767326912552,1790354767,200000000,wind_sensor_link,15.8,0.0
1790354767519333781,1790354767,400000000,wind_sensor_link,15.8,0.0
1790354767726780221,1790354767,600000256,wind_sensor_link,15.8,0.0
1790354767921160315,1790354767,800000256,wind_sensor_link,15.8,0.0
1790354768126762017,1790354768,0,wind_sensor_link,15.8,0.0
1790354768319079969,1790354768,200000000,wind_sensor_link,15.8,0.0
1790354768526480150,1790354768,400000000,wind_sensor_link,15.8,0.0
1790354768719156283,1790354768,600000256,wind_sensor_link,15.8,0.0
1790354768925921527,1790354768,800000256,wind_sensor_link,15.8,0.0
1790354769118552012,1790354769,0,wind_sensor_link,15.8,0.0
1790354769325692382,1790354769,200000000,wind_sensor_link,15.8,0.0
1790354769518825842,1790354769,400000000,wind_sensor_link,15.8,0.0
1790354769725681678,1790354769,600000256,wind_sensor_link,15.8,0.0
1790354769918289737,1790354769,800000256,wind_sensor_link,15.8,0.0
1790354770125127259,1790354770,0,wind_sensor_link,15.8,0.0
1790354770317777206,1790354770,200000000,wind_sensor_link,15.8,0.0
1790354770524847354,1790354770,400000000,wind_sensor_link,15.8,0.0
1790354770732365645,1790354770,600000256,wind_sensor_link,15.8,0.0
1790354770924715745,1790354770,800000256,wind_sensor_link,15.8,0.0
1790354771131680431,1790354771,0,wind_sensor_link,15.8,0.0
1790354771324066789,1790354771,200000000,wind_sensor_link,15.8,0.0
1790354771531345750,1790354771,400000000,wind_sensor_link,15.8,0.0
1790354771724054697,1790354771,600000256,wind_sensor_link,15.8,0.0
1790354771931043494,1790354771,800000256,wind_sensor_link,15.8,0.0
1790354772123791904,1790354772,0,wind_sensor_link,15.8,0.0
1790354772330930903,1790354772,200000000,wind_sensor_link,15.8,0.0
1790354772523269465,1790354772,400000000,wind_sensor_link,15.8,0.0
1790354772730690646,1790354772,600000256,wind_sensor_link,15.8,0.0
1790354772924006160,1790354772,800000256,wind_sensor_link,15.8,0.0
1790354773130289095,1790354773,0,wind_sensor_link,15.9,0.0
1790354773322943580,1790354773,200000000,wind_sensor_link,15.9,0.0
1790354773530288123,1790354773,400000000,wind_sensor_link,15.9,0.0
1790354773723082354,1790354773,600000256,wind_sensor_link,15.9,0.0
1790354773930164614,1790354773,800000256,wind_sensor_link,15.9,0.0
1790354774123090788,1790354774,0,wind_sensor_link,15.9,0.0
1790354774329469390,1790354774,200000000,wind_sensor_link,15.9,0.0
1790354774522141714,1790354774,400000000,wind_sensor_link,15.9,0.0
1790354774729254012,1790354774,600000256,wind_sensor_link,15.9,0.0
1790354774922165185,1790354774,800000256,wind_sensor_link,15.9,0.0
1790354775129020337,1790354775,0,wind_sensor_link,15.9,0.0
1790354775321679180,1790354775,200000000,wind_sensor_link,15.9,0.0
1790354775528504944,1790354775,400000000,wind_sensor_link,15.9,0.0
1790354775721377155,1790354775,600000256,wind_sensor_link,15.9,0.0
1790354775928109753,1790354775,800000256,wind_sensor_link,15.9,0.0
1790354776121561865,1790354776,0,wind_sensor_link,15.9,0.0
1790354776327999503,1790354776,200000000,wind_sensor_link,15.9,0.0
1790354776520548014,1790354776,400000000,wind_sensor_link,15.9,0.0
1790354776727971234,1790354776,600000256,wind_sensor_link,15.9,0.0
1790354776920924037,1790354776,800000256,wind_sensor_link,15.9,0.0
1790354777127421545,1790354777,0,wind_sensor_link,15.9,0.0
1790354777320317348,1790354777,200000000,wind_sensor_link,15.9,0.0
1790354777527153501,1790354777,400000000,wind_sensor_link,15.9,0.0
1790354777719981971,1790354777,600000256,wind_sensor_link,15.9,0.0
1790354777926905290,1790354777,800000256,wind_sensor_link,15.9,0.0
1790354778119760575,1790354778,0,wind_sensor_link,15.9,0.0
1790354778326902631,1790354778,200000000,wind_sensor_link,15.9,0.0
1790354778519162719,1790354778,400000000,wind_sensor_link,15.9,0.0
1790354778726481181,1790354778,600000256,wind_sensor_link,15.9,0.0
1790354778919087414,1790354778,800000256,wind_sensor_link,15.9,0.0
1790354779126483782,1790354779,0,wind_sensor_link,15.9,0.0
1790354779319268698,1790354779,200000000,wind_sensor_link,16.0,0.0
1790354779526131239,1790354779,400000000,wind_sensor_link,16.0,0.0
1790354779719044931,1790354779,600000256,wind_sensor_link,16.0,0.0
1790354779926795314,1790354779,800000256,wind_sensor_link,16.0,0.0
1790354780118858923,1790354780,0,wind_sensor_link,16.0,0.0
1790354780325864925,1790354780,200000000,wind_sensor_link,16.0,0.0
1790354780517787795,1790354780,400000000,wind_sensor_link,16.0,0.0
1790354780725280255,1790354780,600000256,wind_sensor_link,16.0,0.0
1790354780917796025,1790354780,800000256,wind_sensor_link,16.0,0.0
1790354781125380707,1790354781,0,wind_sensor_link,16.0,0.0
1790354781318469082,1790354781,200000000,wind_sensor_link,16.0,0.0
1790354781525076311,1790354781,400000000,wind_sensor_link,16.0,0.0
1790354781732478809,1790354781,600000256,wind_sensor_link,16.0,0.0
1790354781925207485,1790354781,800000256,wind_sensor_link,16.0,0.0
1790354782131940657,1790354782,0,wind_sensor_link,16.0,0.0
1790354782324504982,1790354782,200000000,wind_sensor_link,16.0,0.0
1790354782531213488,1790354782,400000000,wind_sensor_link,16.0,0.0
1790354782723764221,1790354782,600000256,wind_sensor_link,16.0,0.0
1790354782931204663,1790354782,800000256,wind_sensor_link,16.0,0.0
1790354783123477973,1790354783,0,wind_sensor_link,16.0,0.0
1790354783330616752,1790354783,200000000,wind_sensor_link,16.0,0.0
1790354783523440093,1790354783,400000000,wind_sensor_link,16.0,0.0
1790354783730385818,1790354783,600000256,wind_sensor_link,16.0,0.0
1790354783923780320,1790354783,800000256,wind_sensor_link,16.0,0.0
1790354784130014220,1790354784,0,wind_sensor_link,16.0,0.0
1790354784323130391,1790354784,200000000,wind_sensor_link,16.0,0.0
1790354784530061913,1790354784,400000000,wind_sensor_link,16.0,0.0
1790354784722869013,1790354784,600000256,wind_sensor_link,16.0,0.0
1790354784929806905,1790354784,800000256,wind_sensor_link,16.0,0.0
1790354785122209270,1790354785,0,wind_sensor_link,16.0,0.0
1790354785329212698,1790354785,200000000,wind_sensor_link,16.0,0.0
1790354785522292388,1790354785,400000000,wind_sensor_link,16.0,0.0
1790354785729034523,1790354785,600000256,wind_sensor_link,16.0,0.0
1790354785921509627,1790354785,800000256,wind_sensor_link,16.0,0.0
1790354786129064254,1790354786,0,wind_sensor_link,16.0,0.0
1790354786321385785,1790354786,200000000,wind_sensor_link,16.0,0.0
1790354786528179623,1790354786,400000000,wind_sensor_link,16.0,0.0
1790354786721036390,1790354786,600000256,wind_sensor_link,16.0,0.0
1790354786927954912,1790354786,800000256,wind_sensor_link,16.0,0.0
1790354787121156323,1790354787,0,wind_sensor_link,16.0,0.0
1790354787327732645,1790354787,200000000,wind_sensor_link,16.0,0.0
1790354787520698855,1790354787,400000000,wind_sensor_link,16.0,0.0
1790354787727780338,1790354787,600000256,wind_sensor_link,16.0,0.0
1790354787919943427,1790354787,800000256,wind_sensor_link,16.0,0.0
1790354788127062114,1790354788,0,wind_sensor_link,16.0,0.0
1790354788320784963,1790354788,200000000,wind_sensor_link,16.0,0.0
1790354788527341897,1790354788,400000000,wind_sensor_link,16.0,0.0
1790354788719678891,1790354788,600000256,wind_sensor_link,16.0,0.0
1790354788926697560,1790354788,800000256,wind_sensor_link,16.0,0.0
1790354789119775899,1790354789,0,wind_sensor_link,16.0,0.0
1790354789326469719,1790354789,200000000,wind_sensor_link,16.0,0.0
1790354789518863158,1790354789,400000000,wind_sensor_link,16.0,0.0
1790354789726224416,1790354789,600000256,wind_sensor_link,16.0,0.0
1790354789918415227,1790354789,800000256,wind_sensor_link,16.0,0.0
1790354790125887428,1790354790,0,wind_sensor_link,16.0,0.0
1790354790318899026,1790354790,200000000,wind_sensor_link,16.0,0.0
1790354790525321313,1790354790,400000000,wind_sensor_link,16.0,0.0
1790354790718798480,1790354790,600000256,wind_sensor_link,16.0,0.0
1790354790925767168,1790354790,800000256,wind_sensor_link,16.1,0.0
1790354791118253476,1790354791,0,wind_sensor_link,16.1,0.0
1790354791325489217,1790354791,200000000,wind_sensor_link,16.1,0.0
1790354791517715897,1790354791,400000000,wind_sensor_link,16.1,0.0
1790354791724785621,1790354791,600000256,wind_sensor_link,16.1,0.0
1790354791931770920,1790354791,800000256,wind_sensor_link,16.1,0.0
1790354792124805685,1790354792,0,wind_sensor_link,16.1,0.0
1790354792331710689,1790354792,200000000,wind_sensor_link,16.1,0.0
1790354792524256181,1790354792,400000000,wind_sensor_link,16.1,0.0
1790354792731924991,1790354792,600000256,wind_sensor_link,16.1,0.0
1790354792924821109,1790354792,800000256,wind_sensor_link,16.1,0.0
1790354793131108657,1790354793,0,wind_sensor_link,16.1,0.0
1790354793323471169,1790354793,200000000,wind_sensor_link,16.1,0.0
1790354793531008740,1790354793,400000000,wind_sensor_link,16.1,0.0
1790354793723399382,1790354793,600000256,wind_sensor_link,16.1,0.0
1790354793931829110,1790354793,800000256,wind_sensor_link,16.1,0.0
1790354794123216096,1790354794,0,wind_sensor_link,16.1,0.0
1790354794330232914,1790354794,200000000,wind_sensor_link,16.1,0.0
1790354794522750851,1790354794,400000000,wind_sensor_link,16.1,0.0
1790354794730326662,1790354794,600000256,wind_sensor_link,16.1,0.0
1790354794922921653,1790354794,800000256,wind_sensor_link,16.1,0.0
1790354795130270245,1790354795,0,wind_sensor_link,16.1,0.0
1790354795322415890,1790354795,200000000,wind_sensor_link,16.1,0.0
1790354795529448984,1790354795,400000000,wind_sensor_link,16.1,0.0
1790354795722113198,1790354795,600000256,wind_sensor_link,16.1,0.0
1790354795929228366,1790354795,800000256,wind_sensor_link,16.1,0.0
1790354796122799291,1790354796,0,wind_sensor_link,16.1,0.0
1790354796329012987,1790354796,200000000,wind_sensor_link,16.1,0.0
1790354796521968438,1790354796,400000000,wind_sensor_link,16.1,0.0
1790354796728710184,1790354796,600000256,wind_sensor_link,16.1,0.0
1790354796921743412,1790354796,800000256,wind_sensor_link,16.1,0.0
1790354797128777396,1790354797,0,wind_sensor_link,16.1,0.0
1790354797321803457,1790354797,200000000,wind_sensor_link,16.1,0.0
1790354797528021320,1790354797,400000000,wind_sensor_link,16.1,0.0
1790354797721122158,1790354797,600000256,wind_sensor_link,16.1,0.0
1790354797927903478,1790354797,800000256,wind_sensor_link,16.1,0.0
1790354798120534117,1790354798,0,wind_sensor_link,16.1,0.0
1790354798327543582,1790354798,200000000,wind_sensor_link,16.2,0.0
1790354798520152944,1790354798,400000000,wind_sensor_link,16.2,0.0
1790354798727803588,1790354798,600000256,wind_sensor_link,16.2,0.0
1790354798920000010,1790354798,800000256,wind_sensor_link,16.2,0.0
1790354799127467156,1790354799,0,wind_sensor_link,16.2,0.0
1790354799319696262,1790354799,200000000,wind_sensor_link,16.2,0.0
1790354799527209408,1790354799,400000000,wind_sensor_link,16.2,0.0
1790354799719373793,1790354799,600000256,wind_sensor_link,16.2,0.0
1790354799926877068,1790354799,800000256,wind_sensor_link,16.2,0.0
1790354800119073490,1790354800,0,wind_sensor_link,16.2,0.0
1790354800326668356,1790354800,200000000,wind_sensor_link,16.2,0.0
1790354800518467319,1790354800,400000000,wind_sensor_link,16.2,0.0
1790354800726399331,1790354800,600000256,wind_sensor_link,16.2,0.0
1790354800918362588,1790354800,800000256,wind_sensor_link,16.2,0.0
1790354801125716235,1790354801,0,wind_sensor_link,16.2,0.0
1790354801318813462,1790354801,200000000,wind_sensor_link,16.2,0.0
1790354801525697336,1790354801,400000000,wind_sensor_link,16.2,0.0
1790354801718053349,1790354801,600000256,wind_sensor_link,16.2,0.0
1790354801925553717,1790354801,800000256,wind_sensor_link,16.2,0.0
1790354802117772527,1790354802,0,wind_sensor_link,16.2,0.0
1790354802324956417,1790354802,200000000,wind_sensor_link,16.2,0.0
1790354802517567279,1790354802,400000000,wind_sensor_link,16.2,0.0
1790354802724523467,1790354802,600000256,wind_sensor_link,16.2,0.0
1790354802931570969,1790354802,800000256,wind_sensor_link,16.2,0.0
1790354803124680548,1790354803,0,wind_sensor_link,16.2,0.0
1790354803331681532,1790354803,200000000,wind_sensor_link,16.2,0.0
1790354803524199006,1790354803,400000000,wind_sensor_link,16.2,0.0
1790354803731099676,1790354803,600000256,wind_sensor_link,16.2,0.0
1790354803924266643,1790354803,800000256,wind_sensor_link,16.2,0.0
1790354804130935649,1790354804,0,wind_sensor_link,16.2,0.0
1790354804324788590,1790354804,200000000,wind_sensor_link,16.2,0.0
1790354804531147563,1790354804,400000000,wind_sensor_link,16.2,0.0
1790354804723104117,1790354804,600000256,wind_sensor_link,16.2,0.0
1790354804930496782,1790354804,800000256,wind_sensor_link,16.2,0.0
1790354805122724130,1790354805,0,wind_sensor_link,16.2,0.0
1790354805330090554,1790354805,200000000,wind_sensor_link,16.2,0.0
1790354805523785330,1790354805,400000000,wind_sensor_link,16.2,0.0
1790354805729855898,1790354805,600000256,wind_sensor_link,16.2,0.0
1790354805922201048,1790354805,800000256,wind_sensor_link,16.2,0.0
1790354806130806153,1790354806,0,wind_sensor_link,16.2,0.0
1790354806322505697,1790354806,200000000,wind_sensor_link,16.2,0.0
1790354806529069307,1790354806,400000000,wind_sensor_link,16.2,0.0
1790354806721977170,1790354806,600000256,wind_sensor_link,16.2,0.0
1790354806928970868,1790354806,800000256,wind_sensor_link,16.2,0.0
1790354807121302164,1790354807,0,wind_sensor_link,16.2,0.0
1790354807328663395,1790354807,200000000,wind_sensor_link,16.2,0.0
1790354807521393816,1790354807,400000000,wind_sensor_link,16.2,0.0
1790354807728319385,1790354807,600000256,wind_sensor_link,16.2,0.0
1790354807921789371,1790354807,800000256,wind_sensor_link,16.2,0.0
1790354808128173483,1790354808,0,wind_sensor_link,16.2,0.0
1790354808320872775,1790354808,200000000,wind_sensor_link,16.2,0.0
1790354808528389337,1790354808,400000000,wind_sensor_link,16.2,0.0
1790354808720560672,1790354808,600000256,wind_sensor_link,16.2,0.0
1790354808927993976,1790354808,800000256,wind_sensor_link,16.2,0.0
1790354809121130077,1790354809,0,wind_sensor_link,16.2,0.0
1790354809327234248,1790354809,200000000,wind_sensor_link,16.2,0.0
1790354809521095748,1790354809,400000000,wind_sensor_link,16.2,0.0
1790354809727013218,1790354809,600000256,wind_sensor_link,16.2,0.0
1790354809919712213,1790354809,800000256,wind_sensor_link,16.2,0.0
1790354810126758966,1790354810,0,wind_sensor_link,16.2,0.0
1790354810319500961,1790354810,200000000,wind_sensor_link,16.2,0.0
1790354810526778748,1790354810,400000000,wind_sensor_link,16.2,0.0
1790354810720132810,1790354810,600000256,wind_sensor_link,16.2,0.0
1790354810926480386,1790354810,800000256,wind_sensor_link,16.2,0.0
1790354811118921273,1790354811,0,wind_sensor_link,16.2,0.0
1790354811326421539,1790354811,200000000,wind_sensor_link,16.2,0.0
1790354811519097368,1790354811,400000000,wind_sensor_link,16.2,0.0
1790354811725761347,1790354811,600000256,wind_sensor_link,16.2,0.0
1790354811918200142,1790354811,800000256,wind_sensor_link,16.2,0.0
1790354812125919498,1790354812,0,wind_sensor_link,16.2,0.0
1790354812318490958,1790354812,200000000,wind_sensor_link,16.2,0.0
1790354812525180307,1790354812,400000000,wind_sensor_link,16.2,0.0
1790354812717840896,1790354812,600000256,wind_sensor_link,16.2,0.0
1790354812925204422,1790354812,800000256,wind_sensor_link,16.2,0.0
1790354813118091323,1790354813,0,wind_sensor_link,16.2,0.0
1790354813324705544,1790354813,200000000,wind_sensor_link,16.2,0.0
1790354813517477890,1790354813,400000000,wind_sensor_link,16.2,0.0
1790354813724450514,1790354813,600000256,wind_sensor_link,16.2,0.0
1790354813931371583,1790354813,800000256,wind_sensor_link,16.2,0.0
1790354814124177522,1790354814,0,wind_sensor_link,16.2,0.0
1790354814331695769,1790354814,200000000,wind_sensor_link,16.2,0.0
1790354814524276358,1790354814,400000000,wind_sensor_link,16.2,0.0
1790354814730870301,1790354814,600000256,wind_sensor_link,16.2,0.0
1790354814923365355,1790354814,800000256,wind_sensor_link,16.2,0.0
1790354815131803628,1790354815,0,wind_sensor_link,16.2,0.0
1790354815323395896,1790354815,200000000,wind_sensor_link,16.2,0.0
1790354815530943383,1790354815,400000000,wind_sensor_link,16.2,0.0
1790354815723415622,1790354815,600000256,wind_sensor_link,16.2,0.0
1790354815930056954,1790354815,800000256,wind_sensor_link,16.2,0.0
1790354816122765597,1790354816,0,wind_sensor_link,16.2,0.0
1790354816330212901,1790354816,200000000,wind_sensor_link,16.2,0.0
1790354816522791916,1790354816,400000000,wind_sensor_link,16.2,0.0
1790354816729532098,1790354816,600000256,wind_sensor_link,16.2,0.0
1790354816922118150,1790354816,800000256,wind_sensor_link,16.2,0.0
1790354817129656175,1790354817,0,wind_sensor_link,16.1,0.0
1790354817322103322,1790354817,200000000,wind_sensor_link,16.1,0.0
1790354817529797122,1790354817,400000000,wind_sensor_link,16.1,0.0
1790354817721693498,1790354817,600000256,wind_sensor_link,16.1,0.0
1790354817928913859,1790354817,800000256,wind_sensor_link,16.1,0.0
1790354818121454468,1790354818,0,wind_sensor_link,16.1,0.0
1790354818328540664,1790354818,200000000,wind_sensor_link,16.1,0.0
1790354818521392251,1790354818,400000000,wind_sensor_link,16.1,0.0
1790354818728251524,1790354818,600000256,wind_sensor_link,16.1,0.0
1790354818920780133,1790354818,800000256,wind_sensor_link,16.1,0.0
1790354819127882236,1790354819,0,wind_sensor_link,16.1,0.0
1790354819320278772,1790354819,200000000,wind_sensor_link,16.1,0.0
1790354819528113145,1790354819,400000000,wind_sensor_link,16.1,0.0
1790354819720671031,1790354819,600000256,wind_sensor_link,16.1,0.0
1790354819927938393,1790354819,800000256,wind_sensor_link,16.1,0.0
1790354820120283151,1790354820,0,wind_sensor_link,16.1,0.0
1790354820327305719,1790354820,200000000,wind_sensor_link,16.1,0.0
1790354820519891827,1790354820,400000000,wind_sensor_link,16.1,0.0
1790354820727029579,1790354820,600000256,wind_sensor_link,16.1,0.0
1790354820919448040,1790354820,800000256,wind_sensor_link,16.1,0.0
1790354821126451257,1790354821,0,wind_sensor_link,16.1,0.0
1790354821319708579,1790354821,200000000,wind_sensor_link,16.1,0.0
1790354821525951822,1790354821,400000000,wind_sensor_link,16.1,0.0
1790354821719036406,1790354821,600000256,wind_sensor_link,16.1,0.0
1790354821927279515,1790354821,800000256,wind_sensor_link,16.1,0.0
1790354822120305155,1790354822,0,wind_sensor_link,16.1,0.0
1790354822325812793,1790354822,200000000,wind_sensor_link,16.1,0.0
1790354822518544488,1790354822,400000000,wind_sensor_link,16.1,0.0
1790354822725459160,1790354822,600000256,wind_sensor_link,16.1,0.0
1790354822918140059,1790354822,800000256,wind_sensor_link,16.1,0.0
1790354823125103158,1790354823,0,wind_sensor_link,16.1,0.0
1790354823318309926,1790354823,200000000,wind_sensor_link,16.1,0.0
1790354823525164951,1790354823,400000000,wind_sensor_link,16.1,0.0
1790354823718787441,1790354823,600000256,wind_sensor_link,16.1,0.0
1790354823924896449,1790354823,800000256,wind_sensor_link,16.1,0.0
1790354824117895958,1790354824,0,wind_sensor_link,16.1,0.0
1790354824324480131,1790354824,200000000,wind_sensor_link,16.1,0.0
1790354824531485434,1790354824,400000000,wind_sensor_link,16.1,0.0
1790354824724216036,1790354824,600000256,wind_sensor_link,16.1,0.0
1790354824931313079,1790354824,800000256,wind_sensor_link,16.1,0.0
1790354825123918274,1790354825,0,wind_sensor_link,16.1,0.0
1790354825330996151,1790354825,200000000,wind_sensor_link,16.1,0.0
1790354825524102086,1790354825,400000000,wind_sensor_link,16.1,0.0
1790354825730695444,1790354825,600000256,wind_sensor_link,16.1,0.0
1790354825923500084,1790354825,800000256,wind_sensor_link,16.1,0.0
1790354826130345738,1790354826,0,wind_sensor_link,16.1,0.0
1790354826323534099,1790354826,200000000,wind_sensor_link,16.1,0.0
1790354826530377180,1790354826,400000000,wind_sensor_link,16.1,0.0
1790354826723233319,1790354826,600000256,wind_sensor_link,16.1,0.0
1790354826929973251,1790354826,800000256,wind_sensor_link,16.1,0.0
1790354827122560891,1790354827,0,wind_sensor_link,16.1,0.0
1790354827330301785,1790354827,200000000,wind_sensor_link,16.1,0.0
1790354827523326202,1790354827,400000000,wind_sensor_link,16.1,0.0
1790354827729167506,1790354827,600000256,wind_sensor_link,16.1,0.0
1790354827922081034,1790354827,800000256,wind_sensor_link,16.1,0.0
1790354828129303928,1790354828,0,wind_sensor_link,16.1,0.0
1790354828321876068,1790354828,200000000,wind_sensor_link,16.1,0.0
1790354828529232963,1790354828,400000000,wind_sensor_link,16.1,0.0
1790354828721530214,1790354828,600000256,wind_sensor_link,16.1,0.0
1790354828928471646,1790354828,800000256,wind_sensor_link,16.1,0.0
1790354829121308822,1790354829,0,wind_sensor_link,16.1,0.0
1790354829328458735,1790354829,200000000,wind_sensor_link,16.1,0.0
1790354829521017857,1790354829,400000000,wind_sensor_link,16.1,0.0
1790354829727998659,1790354829,600000256,wind_sensor_link,16.1,0.0
1790354829920775632,1790354829,800000256,wind_sensor_link,16.1,0.0
1790354830128783377,1790354830,0,wind_sensor_link,16.1,0.0
1790354830320559074,1790354830,200000000,wind_sensor_link,16.1,0.0
1790354830527707857,1790354830,400000000,wind_sensor_link,16.1,0.0
1790354830720695033,1790354830,600000256,wind_sensor_link,16.1,0.0
1790354830927175207,1790354830,800000256,wind_sensor_link,16.1,0.0
1790354831119912884,1790354831,0,wind_sensor_link,16.1,0.0
1790354831327222148,1790354831,200000000,wind_sensor_link,16.1,0.0
1790354831519870325,1790354831,400000000,wind_sensor_link,16.1,0.0
1790354831726821331,1790354831,600000256,wind_sensor_link,16.1,0.0
1790354831919837970,1790354831,800000256,wind_sensor_link,16.1,0.0
1790354832126488717,1790354832,0,wind_sensor_link,16.1,0.0
1790354832319127209,1790354832,200000000,wind_sensor_link,16.1,0.0
1790354832526249326,1790354832,400000000,wind_sensor_link,16.1,0.0
1790354832719784464,1790354832,600000256,wind_sensor_link,16.1,0.0
1790354832925950397,1790354832,800000256,wind_sensor_link,16.1,0.0
1790354833119041259,1790354833,0,wind_sensor_link,16.1,0.0
1790354833325708098,1790354833,200000000,wind_sensor_link,16.1,0.0
1790354833517879109,1790354833,400000000,wind_sensor_link,16.1,0.0
1790354833725357855,1790354833,600000256,wind_sensor_link,16.1,0.0
1790354833918340606,1790354833,800000256,wind_sensor_link,16.1,0.0
1790354834125198982,1790354834,0,wind_sensor_link,16.1,0.0
1790354834318086344,1790354834,200000000,wind_sensor_link,16.1,0.0
1790354834524886776,1790354834,400000000,wind_sensor_link,16.1,0.0
1790354834717997267,1790354834,600000256,wind_sensor_link,16.1,0.0
1790354834924506385,1790354834,800000256,wind_sensor_link,16.1,0.0
1790354835131802631,1790354835,0,wind_sensor_link,16.1,0.0
1790354835324374937,1790354835,200000000,wind_sensor_link,16.0,0.0
1790354835531432721,1790354835,400000000,wind_sensor_link,16.0,0.0
1790354835724184805,1790354835,600000256,wind_sensor_link,16.0,0.0
1790354835931148867,1790354835,800000256,wind_sensor_link,16.0,0.0
1790354836123850617,1790354836,0,wind_sensor_link,16.0,0.0
1790354836330950716,1790354836,200000000,wind_sensor_link,16.0,0.0
1790354836523534004,1790354836,400000000,wind_sensor_link,16.0,0.0
1790354836730775935,1790354836,600000256,wind_sensor_link,16.0,0.0
1790354836923349797,1790354836,800000256,wind_sensor_link,16.0,0.0
1790354837130865839,1790354837,0,wind_sensor_link,16.0,0.0
1790354837323081313,1790354837,200000000,wind_sensor_link,16.0,0.0
1790354837530092578,1790354837,400000000,wind_sensor_link,16.0,0.0
1790354837722771977,1790354837,600000256,wind_sensor_link,16.0,0.0
1790354837929842631,1790354837,800000256,wind_sensor_link,16.0,0.0
1790354838122540252,1790354838,0,wind_sensor_link,16.0,0.0
1790354838329560122,1790354838,200000000,wind_sensor_link,16.0,0.0
1790354838522573834,1790354838,400000000,wind_sensor_link,16.0,0.0
1790354838729781493,1790354838,600000256,wind_sensor_link,16.0,0.0
1790354838921676643,1790354838,800000256,wind_sensor_link,16.0,0.0
1790354839128930987,1790354839,0,wind_sensor_link,16.0,0.0
1790354839322120198,1790354839,200000000,wind_sensor_link,16.0,0.0
1790354839528673826,1790354839,400000000,wind_sensor_link,16.0,0.0
1790354839721437208,1790354839,600000256,wind_sensor_link,16.0,0.0
1790354839928247723,1790354839,800000256,wind_sensor_link,16.0,0.0
1790354840121063030,1790354840,0,wind_sensor_link,16.0,0.0
1790354840328135320,1790354840,200000000,wind_sensor_link,16.0,0.0
1790354840521807767,1790354840,400000000,wind_sensor_link,16.0,0.0
1790354840727846605,1790354840,600000256,wind_sensor_link,16.0,0.0
1790354840920883576,1790354840,800000256,wind_sensor_link,16.0,0.0
1790354841127731924,1790354841,0,wind_sensor_link,16.0,0.0
1790354841320343252,1790354841,200000000,wind_sensor_link,16.0,0.0
1790354841527411375,1790354841,400000000,wind_sensor_link,16.0,0.0
1790354841720058221,1790354841,600000256,wind_sensor_link,16.0,0.0
1790354841927057494,1790354841,800000256,wind_sensor_link,16.0,0.0
1790354842119777802,1790354842,0,wind_sensor_link,16.0,0.0
1790354842326819925,1790354842,200000000,wind_sensor_link,16.0,0.0
1790354842519234200,1790354842,400000000,wind_sensor_link,16.0,0.0
1790354842726520025,1790354842,600000256,wind_sensor_link,16.0,0.0
1790354842920807354,1790354842,800000256,wind_sensor_link,16.0,0.0
1790354843126281623,1790354843,0,wind_sensor_link,16.0,0.0
1790354843318877322,1790354843,200000000,wind_sensor_link,16.0,0.0
1790354843526080406,1790354843,400000000,wind_sensor_link,16.0,0.0
1790354843719093878,1790354843,600000256,wind_sensor_link,16.0,0.0
1790354843925869375,1790354843,800000256,wind_sensor_link,16.0,0.0
1790354844118734441,1790354844,0,wind_sensor_link,16.0,0.0
1790354844325463494,1790354844,200000000,wind_sensor_link,16.0,0.0
1790354844518472892,1790354844,400000000,wind_sensor_link,16.0,0.0
1790354844725024965,1790354844,600000256,wind_sensor_link,16.0,0.0
1790354844918304045,1790354844,800000256,wind_sensor_link,16.0,0.0
1790354845124746175,1790354845,0,wind_sensor_link,16.0,0.0
1790354845317994996,1790354845,200000000,wind_sensor_link,16.0,0.0
1790354845524877103,1790354845,400000000,wind_sensor_link,16.0,0.0
1790354845732789273,1790354845,600000256,wind_sensor_link,16.0,0.0
1790354845924472647,1790354845,800000256,wind_sensor_link,16.0,0.0
1790354846131462438,1790354846,0,wind_sensor_link,16.0,0.0
1790354846324484058,1790354846,200000000,wind_sensor_link,16.0,0.0
1790354846531560422,1790354846,400000000,wind_sensor_link,16.0,0.0
1790354846723820235,1790354846,600000256,wind_sensor_link,16.0,0.0
1790354846931141708,1790354846,800000256,wind_sensor_link,16.0,0.0
1790354847123961922,1790354847,0,wind_sensor_link,16.0,0.0
1790354847331125471,1790354847,200000000,wind_sensor_link,16.0,0.0
1790354847523729076,1790354847,400000000,wind_sensor_link,16.0,0.0
1790354847730553591,1790354847,600000256,wind_sensor_link,16.0,0.0
1790354847923413157,1790354847,800000256,wind_sensor_link,16.0,0.0
1790354848129969064,1790354848,0,wind_sensor_link,16.0,0.0
1790354848322674520,1790354848,200000000,wind_sensor_link,16.0,0.0
1790354848529767884,1790354848,400000000,wind_sensor_link,16.0,0.0
1790354848722516099,1790354848,600000256,wind_sensor_link,16.0,0.0
1790354848929731925,1790354848,800000256,wind_sensor_link,16.0,0.0
1790354849122540436,1790354849,0,wind_sensor_link,16.0,0.0
1790354849329290933,1790354849,200000000,wind_sensor_link,16.0,0.0
1790354849521881816,1790354849,400000000,wind_sensor_link,16.0,0.0
1790354849729139864,1790354849,600000256,wind_sensor_link,16.0,0.0
1790354849921542805,1790354849,800000256,wind_sensor_link,16.0,0.0
1790354850128621706,1790354850,0,wind_sensor_link,16.0,0.0
1790354850321390736,1790354850,200000000,wind_sensor_link,16.0,0.0
1790354850528653302,1790354850,400000000,wind_sensor_link,16.0,0.0
1790354850721177816,1790354850,600000256,wind_sensor_link,16.0,0.0
1790354850928067663,1790354850,800000256,wind_sensor_link,16.0,0.0
1790354851121216467,1790354851,0,wind_sensor_link,16.0,0.0
1790354851327954223,1790354851,200000000,wind_sensor_link,16.0,0.0
1790354851520473867,1790354851,400000000,wind_sensor_link,16.0,0.0
1790354851727397492,1790354851,600000256,wind_sensor_link,16.0,0.0
1790354851919978635,1790354851,800000256,wind_sensor_link,16.0,0.0
1790354852127109220,1790354852,0,wind_sensor_link,16.0,0.0
1790354852319962990,1790354852,200000000,wind_sensor_link,16.0,0.0
1790354852527141242,1790354852,400000000,wind_sensor_link,16.0,0.0
1790354852719684811,1790354852,600000256,wind_sensor_link,16.0,0.0
1790354852926780879,1790354852,800000256,wind_sensor_link,16.0,0.0
1790354853119136969,1790354853,0,wind_sensor_link,16.0,0.0
1790354853326460052,1790354853,200000000,wind_sensor_link,16.0,0.0
1790354853519169972,1790354853,400000000,wind_sensor_link,16.0,0.0
1790354853726223558,1790354853,600000256,wind_sensor_link,16.0,0.0
1790354853919789858,1790354853,800000256,wind_sensor_link,16.0,0.0
1790354854126183525,1790354854,0,wind_sensor_link,16.0,0.0
1790354854318693058,1790354854,200000000,wind_sensor_link,16.0,0.0
1790354854525663126,1790354854,400000000,wind_sensor_link,16.0,0.0
1790354854718689302,1790354854,600000256,wind_sensor_link,16.0,0.0
1790354854925371540,1790354854,800000256,wind_sensor_link,16.0,0.0
1790354855118207070,1790354855,0,wind_sensor_link,16.0,0.0
1790354855325185731,1790354855,200000000,wind_sensor_link,16.0,0.0
1790354855518126055,1790354855,400000000,wind_sensor_link,16.0,0.0
1790354855724864756,1790354855,600000256,wind_sensor_link,16.0,0.0
1790354855918322057,1790354855,800000256,wind_sensor_link,16.0,0.0
1790354856124561503,1790354856,0,wind_sensor_link,16.0,0.0
1790354856331747570,1790354856,200000000,wind_sensor_link,16.0,0.0
1790354856524114160,1790354856,400000000,wind_sensor_link,16.0,0.0
1790354856731358818,1790354856,600000256,wind_sensor_link,16.0,0.0
1790354856924077238,1790354856,800000256,wind_sensor_link,16.0,0.0
1790354857131170157,1790354857,0,wind_sensor_link,16.0,0.0
1790354857323845336,1790354857,200000000,wind_sensor_link,16.0,0.0
1790354857531027458,1790354857,400000000,wind_sensor_link,16.0,0.0
1790354857723458010,1790354857,600000256,wind_sensor_link,16.0,0.0
1790354857930710465,1790354857,800000256,wind_sensor_link,16.0,0.0
1790354858123439143,1790354858,0,wind_sensor_link,16.0,0.0
1790354858330352157,1790354858,200000000,wind_sensor_link,16.0,0.0
1790354858522965967,1790354858,400000000,wind_sensor_link,16.0,0.0
1790354858730044645,1790354858,600000256,wind_sensor_link,16.0,0.0
1790354858922657158,1790354858,800000256,wind_sensor_link,16.0,0.0
1790354859129958927,1790354859,0,wind_sensor_link,16.0,0.0
1790354859323784391,1790354859,200000000,wind_sensor_link,16.0,0.0
1790354859529484695,1790354859,400000000,wind_sensor_link,16.0,0.0
1790354859722164874,1790354859,600000256,wind_sensor_link,16.0,0.0
1790354859929219405,1790354859,800000256,wind_sensor_link,16.0,0.0
1790354860121517718,1790354860,0,wind_sensor_link,16.0,0.0
1790354860329060373,1790354860,200000000,wind_sensor_link,16.0,0.0
1790354860521746774,1790354860,400000000,wind_sensor_link,16.0,0.0
1790354860728508049,1790354860,600000256,wind_sensor_link,16.0,0.0
1790354860921200209,1790354860,800000256,wind_sensor_link,16.0,0.0
1790354861128203111,1790354861,0,wind_sensor_link,16.0,0.0
1790354861321384748,1790354861,200000000,wind_sensor_link,16.0,0.0
1790354861527928025,1790354861,400000000,wind_sensor_link,16.0,0.0
1790354861720066709,1790354861,600000256,wind_sensor_link,16.0,0.0
1790354861927840807,1790354861,800000256,wind_sensor_link,16.0,0.0
1790354862120909723,1790354862,0,wind_sensor_link,16.0,0.0
1790354862328789652,1790354862,200000000,wind_sensor_link,16.0,0.0
1790354862520359750,1790354862,400000000,wind_sensor_link,16.0,0.0
1790354862727180284,1790354862,600000256,wind_sensor_link,16.0,0.0
1790354862920236737,1790354862,800000256,wind_sensor_link,16.0,0.0
1790354863127503747,1790354863,0,wind_sensor_link,16.0,0.0
1790354863320008187,1790354863,200000000,wind_sensor_link,16.0,0.0
1790354863527067532,1790354863,400000000,wind_sensor_link,16.0,0.0
1790354863719388326,1790354863,600000256,wind_sensor_link,16.0,0.0
1790354863926310229,1790354863,800000256,wind_sensor_link,16.0,0.0
1790354864118815373,1790354864,0,wind_sensor_link,16.0,0.0
1790354864326526582,1790354864,200000000,wind_sensor_link,16.0,0.0
1790354864518696859,1790354864,400000000,wind_sensor_link,16.0,0.0
1790354864726234440,1790354864,600000256,wind_sensor_link,16.0,0.0
1790354864918960119,1790354864,800000256,wind_sensor_link,16.0,0.0
1790354865125880318,1790354865,0,wind_sensor_link,16.0,0.0
1790354865318572052,1790354865,200000000,wind_sensor_link,16.0,0.0
1790354865525245791,1790354865,400000000,wind_sensor_link,16.0,0.0
1790354865718399706,1790354865,600000256,wind_sensor_link,16.0,0.0
1790354865925273831,1790354865,800000256,wind_sensor_link,16.0,0.0
1790354866117674698,1790354866,0,wind_sensor_link,16.0,0.0
1790354866325168262,1790354866,200000000,wind_sensor_link,16.0,0.0
1790354866531798371,1790354866,400000000,wind_sensor_link,16.0,0.0
1790354866724839305,1790354866,600000256,wind_sensor_link,16.0,0.0
1790354866931520285,1790354866,800000256,wind_sensor_link,16.0,0.0
1790354867124395091,1790354867,0,wind_sensor_link,16.0,0.0
1790354867331715860,1790354867,200000000,wind_sensor_link,16.0,0.0
1790354867523957729,1790354867,400000000,wind_sensor_link,16.0,0.0
1790354867730943371,1790354867,600000256,wind_sensor_link,16.0,0.0
1790354867923405219,1790354867,800000256,wind_sensor_link,16.0,0.0
1790354868130713377,1790354868,0,wind_sensor_link,16.0,0.0
1790354868323424260,1790354868,200000000,wind_sensor_link,16.0,0.0
1790354868530289978,1790354868,400000000,wind_sensor_link,16.0,0.0
1790354868723041730,1790354868,600000256,wind_sensor_link,16.0,0.0
1790354868930479090,1790354868,800000256,wind_sensor_link,16.0,0.0
1790354869123003104,1790354869,0,wind_sensor_link,16.0,0.0
1790354869329897211,1790354869,200000000,wind_sensor_link,16.0,0.0
1790354869522660648,1790354869,400000000,wind_sensor_link,16.0,0.0
1790354869729826660,1790354869,600000256,wind_sensor_link,16.0,0.0
1790354869921988381,1790354869,800000256,wind_sensor_link,16.0,0.0
1790354870129828719,1790354870,0,wind_sensor_link,16.0,0.0
1790354870321854978,1790354870,200000000,wind_sensor_link,16.0,0.0
1790354870529135988,1790354870,400000000,wind_sensor_link,16.0,0.0
1790354870722193195,1790354870,600000256,wind_sensor_link,16.0,0.0
1790354870929190778,1790354870,800000256,wind_sensor_link,16.0,0.0
1790354871121524819,1790354871,0,wind_sensor_link,16.0,0.0
1790354871328679900,1790354871,200000000,wind_sensor_link,16.0,0.0
1790354871521274123,1790354871,400000000,wind_sensor_link,16.0,0.0
1790354871728184262,1790354871,600000256,wind_sensor_link,16.0,0.0
1790354871921786455,1790354871,800000256,wind_sensor_link,16.0,0.0
1790354872127742198,1790354872,0,wind_sensor_link,16.0,0.0
1790354872320542067,1790354872,200000000,wind_sensor_link,16.0,0.0
1790354872527549205,1790354872,400000000,wind_sensor_link,16.0,0.0
1790354872720236149,1790354872,600000256,wind_sensor_link,16.0,0.0
1790354872927738708,1790354872,800000256,wind_sensor_link,16.0,0.0
1790354873119714938,1790354873,0,wind_sensor_link,16.0,0.0
1790354873326904740,1790354873,200000000,wind_sensor_link,16.0,0.0
1790354873519808830,1790354873,400000000,wind_sensor_link,16.0,0.0
1790354873726850894,1790354873,600000256,wind_sensor_link,16.0,0.0
1790354873919560912,1790354873,800000256,wind_sensor_link,16.0,0.0
1790354874126252813,1790354874,0,wind_sensor_link,16.0,0.0
1790354874319295254,1790354874,200000000,wind_sensor_link,16.0,0.0
1790354874526371354,1790354874,400000000,wind_sensor_link,16.0,0.0
1790354874718286973,1790354874,600000256,wind_sensor_link,16.0,0.0
1790354874925981252,1790354874,800000256,wind_sensor_link,16.0,0.0
1790354875118616660,1790354875,0,wind_sensor_link,16.0,0.0
1790354875325538762,1790354875,200000000,wind_sensor_link,16.0,0.0
1790354875518092337,1790354875,400000000,wind_sensor_link,16.0,0.0
1790354875725552600,1790354875,600000256,wind_sensor_link,16.0,0.0
1790354875918218267,1790354875,800000256,wind_sensor_link,16.0,0.0
1790354876125196720,1790354876,0,wind_sensor_link,16.0,0.0
1790354876318225846,1790354876,200000000,wind_sensor_link,16.0,0.0
1790354876524897543,1790354876,400000000,wind_sensor_link,16.0,0.0
1790354876717261898,1790354876,600000256,wind_sensor_link,16.0,0.0
1790354876924474942,1790354876,800000256,wind_sensor_link,16.0,0.0
1790354877132186701,1790354877,0,wind_sensor_link,16.0,0.0
1790354877324784425,1790354877,200000000,wind_sensor_link,16.0,0.0
1790354877531340142,1790354877,400000000,wind_sensor_link,16.1,0.0
1790354877724021531,1790354877,600000256,wind_sensor_link,16.1,0.0
1790354877930897596,1790354877,800000256,wind_sensor_link,16.1,0.0
1790354878123460597,1790354878,0,wind_sensor_link,16.1,0.0
1790354878331090340,1790354878,200000000,wind_sensor_link,16.1,0.0
1790354878523506435,1790354878,400000000,wind_sensor_link,16.1,0.0
1790354878730780755,1790354878,600000256,wind_sensor_link,16.1,0.0
1790354878923621235,1790354878,800000256,wind_sensor_link,16.1,0.0
1790354879130105268,1790354879,0,wind_sensor_link,16.1,0.0
1790354879322900230,1790354879,200000000,wind_sensor_link,16.1,0.0
1790354879530433436,1790354879,400000000,wind_sensor_link,16.1,0.0
1790354879722865013,1790354879,600000256,wind_sensor_link,16.1,0.0
1790354879929486414,1790354879,800000256,wind_sensor_link,16.1,0.0
1790354880122074341,1790354880,0,wind_sensor_link,16.1,0.0
1790354880329163830,1790354880,200000000,wind_sensor_link,16.1,0.0
1790354880522042495,1790354880,400000000,wind_sensor_link,16.1,0.0
1790354880729066558,1790354880,600000256,wind_sensor_link,16.1,0.0
1790354880921569931,1790354880,800000256,wind_sensor_link,16.1,0.0
1790354881128707771,1790354881,0,wind_sensor_link,16.1,0.0
1790354881321431011,1790354881,200000000,wind_sensor_link,16.1,0.0
1790354881528671017,1790354881,400000000,wind_sensor_link,16.1,0.0
1790354881721222741,1790354881,600000256,wind_sensor_link,16.1,0.0
1790354881928783058,1790354881,800000256,wind_sensor_link,16.1,0.0
1790354882120729696,1790354882,0,wind_sensor_link,16.1,0.0
1790354882328026849,1790354882,200000000,wind_sensor_link,16.1,0.0
1790354882520461481,1790354882,400000000,wind_sensor_link,16.1,0.0
1790354882727713820,1790354882,600000256,wind_sensor_link,16.1,0.0
1790354882920260655,1790354882,800000256,wind_sensor_link,16.1,0.0
1790354883127964304,1790354883,0,wind_sensor_link,16.1,0.0
1790354883320773969,1790354883,200000000,wind_sensor_link,16.1,0.0
1790354883527777459,1790354883,400000000,wind_sensor_link,16.1,0.0
1790354883721784315,1790354883,600000256,wind_sensor_link,16.1,0.0
1790354883926912752,1790354883,800000256,wind_sensor_link,16.1,0.0
1790354884119323236,1790354884,0,wind_sensor_link,16.2,0.0
1790354884326504168,1790354884,200000000,wind_sensor_link,16.2,0.0
1790354884518755970,1790354884,400000000,wind_sensor_link,16.2,0.0
1790354884726065845,1790354884,600000256,wind_sensor_link,16.2,0.0
1790354884918735049,1790354884,800000256,wind_sensor_link,16.2,0.0
1790354885126168423,1790354885,0,wind_sensor_link,16.2,0.0
1790354885318714110,1790354885,200000000,wind_sensor_link,16.2,0.0
1790354885526131725,1790354885,400000000,wind_sensor_link,16.2,0.0
1790354885718230213,1790354885,600000256,wind_sensor_link,16.2,0.0
1790354885925074963,1790354885,800000256,wind_sensor_link,16.2,0.0
1790354886117923184,1790354886,0,wind_sensor_link,16.2,0.0
1790354886324897026,1790354886,200000000,wind_sensor_link,16.2,0.0
1790354886517288881,1790354886,400000000,wind_sensor_link,16.2,0.0
1790354886724939536,1790354886,600000256,wind_sensor_link,16.2,0.0
1790354886917863336,1790354886,800000256,wind_sensor_link,16.2,0.0
1790354887124293843,1790354887,0,wind_sensor_link,16.2,0.0
1790354887331720507,1790354887,200000000,wind_sensor_link,16.2,0.0
1790354887524789268,1790354887,400000000,wind_sensor_link,16.2,0.0
1790354887731378144,1790354887,600000256,wind_sensor_link,16.2,0.0
1790354887923953577,1790354887,800000256,wind_sensor_link,16.2,0.0
1790354888130972115,1790354888,0,wind_sensor_link,16.2,0.0
1790354888323575825,1790354888,200000000,wind_sensor_link,16.2,0.0
1790354888530847528,1790354888,400000000,wind_sensor_link,16.2,0.0
1790354888723390609,1790354888,600000256,wind_sensor_link,16.2,0.0
1790354888930254890,1790354888,800000256,wind_sensor_link,16.2,0.0
1790354889122850137,1790354889,0,wind_sensor_link,16.2,0.0
1790354889329960286,1790354889,200000000,wind_sensor_link,16.2,0.0
1790354889522752420,1790354889,400000000,wind_sensor_link,16.2,0.0
1790354889729772810,1790354889,600000256,wind_sensor_link,16.2,0.0
1790354889922465409,1790354889,800000256,wind_sensor_link,16.2,0.0
1790354890129791092,1790354890,0,wind_sensor_link,16.2,0.0
1790354890322258971,1790354890,200000000,wind_sensor_link,16.2,0.0
1790354890529262879,1790354890,400000000,wind_sensor_link,16.2,0.0
1790354890721736128,1790354890,600000256,wind_sensor_link,16.2,0.0
1790354890928875461,1790354890,800000256,wind_sensor_link,16.2,0.0
1790354891121406487,1790354891,0,wind_sensor_link,16.2,0.0
1790354891328858781,1790354891,200000000,wind_sensor_link,16.2,0.0
1790354891521333789,1790354891,400000000,wind_sensor_link,16.2,0.0
1790354891728396011,1790354891,600000256,wind_sensor_link,16.2,0.0
1790354891921199461,1790354891,800000256,wind_sensor_link,16.2,0.0
1790354892128202147,1790354892,0,wind_sensor_link,16.2,0.0
1790354892320839580,1790354892,200000000,wind_sensor_link,16.2,0.0
1790354892527989635,1790354892,400000000,wind_sensor_link,16.2,0.0
1790354892720211164,1790354892,600000256,wind_sensor_link,16.2,0.0
1790354892927566143,1790354892,800000256,wind_sensor_link,16.2,0.0
1790354893120378815,1790354893,0,wind_sensor_link,16.2,0.0
1790354893327369890,1790354893,200000000,wind_sensor_link,16.2,0.0
1790354893519559031,1790354893,400000000,wind_sensor_link,16.2,0.0
1790354893727542319,1790354893,600000256,wind_sensor_link,16.2,0.0
1790354893920128900,1790354893,800000256,wind_sensor_link,16.2,0.0
1790354894127034606,1790354894,0,wind_sensor_link,16.2,0.0
1790354894319480448,1790354894,200000000,wind_sensor_link,16.2,0.0
1790354894526971481,1790354894,400000000,wind_sensor_link,16.2,0.0
1790354894719098530,1790354894,600000256,wind_sensor_link,16.2,0.0
1790354894926201974,1790354894,800000256,wind_sensor_link,16.2,0.0
1790354895118522206,1790354895,0,wind_sensor_link,16.2,0.0
1790354895325958166,1790354895,200000000,wind_sensor_link,16.2,0.0
1790354895518658765,1790354895,400000000,wind_sensor_link,16.2,0.0
1790354895725717025,1790354895,600000256,wind_sensor_link,16.2,0.0
1790354895918740194,1790354895,800000256,wind_sensor_link,16.2,0.0
1790354896125366680,1790354896,0,wind_sensor_link,16.2,0.0
1790354896317986094,1790354896,200000000,wind_sensor_link,16.2,0.0
1790354896526015216,1790354896,400000000,wind_sensor_link,16.2,0.0
1790354896718546482,1790354896,600000256,wind_sensor_link,16.2,0.0
1790354896924874305,1790354896,800000256,wind_sensor_link,16.2,0.0
1790354897117616829,1790354897,0,wind_sensor_link,16.2,0.0
1790354897324678792,1790354897,200000000,wind_sensor_link,16.2,0.0
1790354897531895440,1790354897,400000000,wind_sensor_link,16.2,0.0
1790354897724048543,1790354897,600000256,wind_sensor_link,16.2,0.0
1790354897931387430,1790354897,800000256,wind_sensor_link,16.2,0.0
1790354898124010196,1790354898,0,wind_sensor_link,16.2,0.0
1790354898331088104,1790354898,200000000,wind_sensor_link,16.3,0.0
1790354898524485715,1790354898,400000000,wind_sensor_link,16.3,0.0
1790354898730945184,1790354898,600000256,wind_sensor_link,16.3,0.0
1790354898923337748,1790354898,800000256,wind_sensor_link,16.3,0.0
1790354899130803671,1790354899,0,wind_sensor_link,16.3,0.0
1790354899323159014,1790354899,200000000,wind_sensor_link,16.3,0.0
1790354899530128849,1790354899,400000000,wind_sensor_link,16.3,0.0
1790354899722557320,1790354899,600000256,wind_sensor_link,16.3,0.0
1790354899929857818,1790354899,800000256,wind_sensor_link,16.3,0.0
1790354900122557991,1790354900,0,wind_sensor_link,16.3,0.0
1790354900329793546,1790354900,200000000,wind_sensor_link,16.3,0.0
1790354900522427422,1790354900,400000000,wind_sensor_link,16.3,0.0
1790354900729550237,1790354900,600000256,wind_sensor_link,16.3,0.0
1790354900921992764,1790354900,800000256,wind_sensor_link,16.3,0.0
1790354901128965303,1790354901,0,wind_sensor_link,16.3,0.0
1790354901321781696,1790354901,200000000,wind_sensor_link,16.3,0.0
1790354901529783096,1790354901,400000000,wind_sensor_link,16.3,0.0
1790354901723758701,1790354901,600000256,wind_sensor_link,16.3,0.0
1790354901928662962,1790354901,800000256,wind_sensor_link,16.3,0.0
1790354902121194674,1790354902,0,wind_sensor_link,16.3,0.0
1790354902328776281,1790354902,200000000,wind_sensor_link,16.3,0.0
1790354902521145475,1790354902,400000000,wind_sensor_link,16.3,0.0
1790354902728131865,1790354902,600000256,wind_sensor_link,16.3,0.0
1790354902920930263,1790354902,800000256,wind_sensor_link,16.3,0.0
1790354903128055999,1790354903,0,wind_sensor_link,16.3,0.0
1790354903320383801,1790354903,200000000,wind_sensor_link,16.3,0.0
1790354903527393834,1790354903,400000000,wind_sensor_link,16.3,0.0
1790354903720090522,1790354903,600000256,wind_sensor_link,16.3,0.0
1790354903927509348,1790354903,800000256,wind_sensor_link,16.3,0.0
1790354904120228628,1790354904,0,wind_sensor_link,16.3,0.0
1790354904326978423,1790354904,200000000,wind_sensor_link,16.3,0.0
1790354904520048644,1790354904,400000000,wind_sensor_link,16.3,0.0
1790354904726807050,1790354904,600000256,wind_sensor_link,16.3,0.0
1790354904919731624,1790354904,800000256,wind_sensor_link,16.3,0.0
1790354905126154904,1790354905,0,wind_sensor_link,16.3,0.0
1790354905319018442,1790354905,200000000,wind_sensor_link,16.3,0.0
1790354905526248936,1790354905,400000000,wind_sensor_link,16.3,0.0
1790354905718709348,1790354905,600000256,wind_sensor_link,16.3,0.0
1790354905925768862,1790354905,800000256,wind_sensor_link,16.3,0.0
1790354906118399680,1790354906,0,wind_sensor_link,16.3,0.0
1790354906325510249,1790354906,200000000,wind_sensor_link,16.3,0.0
1790354906518187215,1790354906,400000000,wind_sensor_link,16.3,0.0
1790354906725058620,1790354906,600000256,wind_sensor_link,16.3,0.0
1790354906918153878,1790354906,800000256,wind_sensor_link,16.3,0.0
1790354907124681619,1790354907,0,wind_sensor_link,16.3,0.0
1790354907318528500,1790354907,200000000,wind_sensor_link,16.3,0.0
1790354907524732263,1790354907,400000000,wind_sensor_link,16.3,0.0
1790354907731688982,1790354907,600000256,wind_sensor_link,16.3,0.0
1790354907924278096,1790354907,800000256,wind_sensor_link,16.3,0.0
1790354908131526498,1790354908,0,wind_sensor_link,16.3,0.0
1790354908324542108,1790354908,200000000,wind_sensor_link,16.3,0.0
1790354908531027961,1790354908,400000000,wind_sensor_link,16.3,0.0
1790354908723865592,1790354908,600000256,wind_sensor_link,16.3,0.0
1790354908930998198,1790354908,800000256,wind_sensor_link,16.3,0.0
1790354909124801153,1790354909,0,wind_sensor_link,16.3,0.0
1790354909331798112,1790354909,200000000,wind_sensor_link,16.3,0.0
1790354909523787492,1790354909,400000000,wind_sensor_link,16.3,0.0
1790354909730811025,1790354909,600000256,wind_sensor_link,16.3,0.0
1790354909922915533,1790354909,800000256,wind_sensor_link,16.3,0.0
1790354910129933789,1790354910,0,wind_sensor_link,16.3,0.0
1790354910323007473,1790354910,200000000,wind_sensor_link,16.3,0.0
1790354910529876970,1790354910,400000000,wind_sensor_link,16.3,0.0
1790354910722331456,1790354910,600000256,wind_sensor_link,16.3,0.0
1790354910929483266,1790354910,800000256,wind_sensor_link,16.3,0.0
1790354911122107269,1790354911,0,wind_sensor_link,16.3,0.0
1790354911328987267,1790354911,200000000,wind_sensor_link,16.3,0.0
1790354911521713473,1790354911,400000000,wind_sensor_link,16.3,0.0
1790354911729055317,1790354911,600000256,wind_sensor_link,16.3,0.0
1790354911921490656,1790354911,800000256,wind_sensor_link,16.3,0.0
1790354912128921555,1790354912,0,wind_sensor_link,16.3,0.0
1790354912321346486,1790354912,200000000,wind_sensor_link,16.3,0.0
1790354912528347112,1790354912,400000000,wind_sensor_link,16.3,0.0
1790354912721012911,1790354912,600000256,wind_sensor_link,16.3,0.0
1790354912928131499,1790354912,800000256,wind_sensor_link,16.3,0.0
1790354913120693077,1790354913,0,wind_sensor_link,16.3,0.0
1790354913327926738,1790354913,200000000,wind_sensor_link,16.3,0.0
1790354913520519815,1790354913,400000000,wind_sensor_link,16.3,0.0
1790354913727295314,1790354913,600000256,wind_sensor_link,16.3,0.0
1790354913920759457,1790354913,800000256,wind_sensor_link,16.3,0.0
1790354914127657751,1790354914,0,wind_sensor_link,16.3,0.0
1790354914319990331,1790354914,200000000,wind_sensor_link,16.3,0.0
1790354914527199954,1790354914,400000000,wind_sensor_link,16.3,0.0
1790354914719505905,1790354914,600000256,wind_sensor_link,16.3,0.0
1790354914926695289,1790354914,800000256,wind_sensor_link,16.3,0.0
1790354915119328588,1790354915,0,wind_sensor_link,16.3,0.0
1790354915326371176,1790354915,200000000,wind_sensor_link,16.3,0.0
1790354915519065920,1790354915,400000000,wind_sensor_link,16.3,0.0
1790354915726078786,1790354915,600000256,wind_sensor_link,16.3,0.0
1790354915918856677,1790354915,800000256,wind_sensor_link,16.3,0.0
1790354916126188133,1790354916,0,wind_sensor_link,16.3,0.0
1790354916318955949,1790354916,200000000,wind_sensor_link,16.3,0.0
1790354916525653134,1790354916,400000000,wind_sensor_link,16.3,0.0
1790354916718773169,1790354916,600000256,wind_sensor_link,16.3,0.0
1790354916925322577,1790354916,800000256,wind_sensor_link,16.3,0.0
1790354917118055931,1790354917,0,wind_sensor_link,16.3,0.0
1790354917325477627,1790354917,200000000,wind_sensor_link,16.3,0.0
1790354917517464988,1790354917,400000000,wind_sensor_link,16.3,0.0
1790354917724775667,1790354917,600000256,wind_sensor_link,16.3,0.0
1790354917917826740,1790354917,800000256,wind_sensor_link,16.3,0.0
1790354918125803134,1790354918,0,wind_sensor_link,16.3,0.0
1790354918332787390,1790354918,200000000,wind_sensor_link,16.3,0.0
1790354918524331922,1790354918,400000000,wind_sensor_link,16.3,0.0
1790354918731338529,1790354918,600000256,wind_sensor_link,16.3,0.0
1790354918923918866,1790354918,800000256,wind_sensor_link,16.3,0.0
1790354919131051849,1790354919,0,wind_sensor_link,16.3,0.0
1790354919323266196,1790354919,200000000,wind_sensor_link,16.3,0.0
1790354919530693066,1790354919,400000000,wind_sensor_link,16.3,0.0
1790354919722934524,1790354919,600000256,wind_sensor_link,16.3,0.0
1790354919930922611,1790354919,800000256,wind_sensor_link,16.3,0.0
1790354920123531861,1790354920,0,wind_sensor_link,16.3,0.0
1790354920330646920,1790354920,200000000,wind_sensor_link,16.3,0.0
1790354920523131338,1790354920,400000000,wind_sensor_link,16.3,0.0
1790354920729785234,1790354920,600000256,wind_sensor_link,16.3,0.0
1790354920922915980,1790354920,800000256,wind_sensor_link,16.3,0.0
1790354921130158130,1790354921,0,wind_sensor_link,16.3,0.0
1790354921322253181,1790354921,200000000,wind_sensor_link,16.3,0.0
1790354921529745199,1790354921,400000000,wind_sensor_link,16.3,0.0
1790354921722177340,1790354921,600000256,wind_sensor_link,16.3,0.0
1790354921929061715,1790354921,800000256,wind_sensor_link,16.3,0.0
1790354922121695577,1790354922,0,wind_sensor_link,16.3,0.0
1790354922329283223,1790354922,200000000,wind_sensor_link,16.3,0.0
1790354922521417348,1790354922,400000000,wind_sensor_link,16.2,0.0
1790354922730760497,1790354922,600000256,wind_sensor_link,16.2,0.0
1790354922921107361,1790354922,800000256,wind_sensor_link,16.2,0.0
1790354923128687601,1790354923,0,wind_sensor_link,16.2,0.0
1790354923320877688,1790354923,200000000,wind_sensor_link,16.2,0.0
1790354923527967673,1790354923,400000000,wind_sensor_link,16.2,0.0
1790354923720522072,1790354923,600000256,wind_sensor_link,16.2,0.0
1790354923927723204,1790354923,800000256,wind_sensor_link,16.2,0.0
1790354924120336787,1790354924,0,wind_sensor_link,16.2,0.0
1790354924328789185,1790354924,200000000,wind_sensor_link,16.2,0.0
1790354924520487018,1790354924,400000000,wind_sensor_link,16.2,0.0
1790354924726985379,1790354924,600000256,wind_sensor_link,16.2,0.0
1790354924919436204,1790354924,800000256,wind_sensor_link,16.2,0.0
1790354925126903778,1790354925,0,wind_sensor_link,16.2,0.0
1790354925320767406,1790354925,200000000,wind_sensor_link,16.3,0.0
1790354925526555125,1790354925,400000000,wind_sensor_link,16.3,0.0
1790354925719858609,1790354925,600000256,wind_sensor_link,16.3,0.0
1790354925926735781,1790354925,800000256,wind_sensor_link,16.3,0.0
1790354926118716408,1790354926,0,wind_sensor_link,16.3,0.0
1790354926326023483,1790354926,200000000,wind_sensor_link,16.3,0.0
1790354926521062303,1790354926,400000000,wind_sensor_link,16.3,0.0
1790354926725748681,1790354926,600000256,wind_sensor_link,16.3,0.0
1790354926919240015,1790354926,800000256,wind_sensor_link,16.3,0.0
1790354927125487267,1790354927,0,wind_sensor_link,16.3,0.0
1790354927318169665,1790354927,200000000,wind_sensor_link,16.3,0.0
1790354927525145947,1790354927,400000000,wind_sensor_link,16.3,0.0
1790354927717841456,1790354927,600000256,wind_sensor_link,16.3,0.0
1790354927925268974,1790354927,800000256,wind_sensor_link,16.3,0.0
1790354928118812697,1790354928,0,wind_sensor_link,16.3,0.0
1790354928324944839,1790354928,200000000,wind_sensor_link,16.3,0.0
1790354928532227285,1790354928,400000000,wind_sensor_link,16.3,0.0
1790354928724723129,1790354928,600000256,wind_sensor_link,16.3,0.0
1790354928931435192,1790354928,800000256,wind_sensor_link,16.3,0.0
1790354929123845740,1790354929,0,wind_sensor_link,16.3,0.0
1790354929331158463,1790354929,200000000,wind_sensor_link,16.3,0.0
1790354929523498364,1790354929,400000000,wind_sensor_link,16.3,0.0
1790354929730691552,1790354929,600000256,wind_sensor_link,16.3,0.0
1790354929924786214,1790354929,800000256,wind_sensor_link,16.3,0.0
1790354930130773135,1790354930,0,wind_sensor_link,16.3,0.0
1790354930323249423,1790354930,200000000,wind_sensor_link,16.3,0.0
1790354930530196113,1790354930,400000000,wind_sensor_link,16.3,0.0
1790354930723023047,1790354930,600000256,wind_sensor_link,16.3,0.0
1790354930929912274,1790354930,800000256,wind_sensor_link,16.3,0.0
1790354931123156796,1790354931,0,wind_sensor_link,16.3,0.0
1790354931330306262,1790354931,200000000,wind_sensor_link,16.3,0.0
1790354931523205546,1790354931,400000000,wind_sensor_link,16.3,0.0
1790354931729562501,1790354931,600000256,wind_sensor_link,16.3,0.0
1790354931922142270,1790354931,800000256,wind_sensor_link,16.3,0.0
1790354932129384179,1790354932,0,wind_sensor_link,16.3,0.0
1790354932321962837,1790354932,200000000,wind_sensor_link,16.3,0.0
1790354932529151191,1790354932,400000000,wind_sensor_link,16.3,0.0
1790354932721668887,1790354932,600000256,wind_sensor_link,16.3,0.0
1790354932928706854,1790354932,800000256,wind_sensor_link,16.3,0.0
1790354933121697286,1790354933,0,wind_sensor_link,16.3,0.0
1790354933328196461,1790354933,200000000,wind_sensor_link,16.3,0.0
1790354933521029876,1790354933,400000000,wind_sensor_link,16.3,0.0
1790354933728349581,1790354933,600000256,wind_sensor_link,16.2,0.0
1790354933920765740,1790354933,800000256,wind_sensor_link,16.2,0.0
1790354934128160537,1790354934,0,wind_sensor_link,16.2,0.0
1790354934320487030,1790354934,200000000,wind_sensor_link,16.2,0.0
1790354934527727736,1790354934,400000000,wind_sensor_link,16.2,0.0
1790354934720245987,1790354934,600000256,wind_sensor_link,16.2,0.0
1790354934927072530,1790354934,800000256,wind_sensor_link,16.2,0.0
1790354935120090328,1790354935,0,wind_sensor_link,16.2,0.0
1790354935327090528,1790354935,200000000,wind_sensor_link,16.2,0.0
1790354935519748221,1790354935,400000000,wind_sensor_link,16.2,0.0
1790354935726749069,1790354935,600000256,wind_sensor_link,16.2,0.0
1790354935919080154,1790354935,800000256,wind_sensor_link,16.2,0.0
1790354936126662256,1790354936,0,wind_sensor_link,16.2,0.0
1790354936319063303,1790354936,200000000,wind_sensor_link,16.2,0.0
1790354936525900356,1790354936,400000000,wind_sensor_link,16.2,0.0
1790354936718827028,1790354936,600000256,wind_sensor_link,16.2,0.0
1790354936926755553,1790354936,800000256,wind_sensor_link,16.2,0.0
1790354937118539495,1790354937,0,wind_sensor_link,16.2,0.0
1790354937325672508,1790354937,200000000,wind_sensor_link,16.2,0.0
1790354937518264387,1790354937,400000000,wind_sensor_link,16.2,0.0
1790354937725764879,1790354937,600000256,wind_sensor_link,16.2,0.0
1790354937918351758,1790354937,800000256,wind_sensor_link,16.2,0.0
1790354938124848536,1790354938,0,wind_sensor_link,16.2,0.0
1790354938317992096,1790354938,200000000,wind_sensor_link,16.2,0.0
1790354938525764751,1790354938,400000000,wind_sensor_link,16.2,0.0
1790354938718254076,1790354938,600000256,wind_sensor_link,16.2,0.0
1790354938924428227,1790354938,800000256,wind_sensor_link,16.2,0.0
1790354939131638388,1790354939,0,wind_sensor_link,16.2,0.0
1790354939324381506,1790354939,200000000,wind_sensor_link,16.2,0.0
1790354939531718981,1790354939,400000000,wind_sensor_link,16.2,0.0
1790354939724210361,1790354939,600000256,wind_sensor_link,16.2,0.0
1790354939930965210,1790354939,800000256,wind_sensor_link,16.2,0.0
1790354940123656755,1790354940,0,wind_sensor_link,16.2,0.0
1790354940331796093,1790354940,200000000,wind_sensor_link,16.2,0.0
1790354940523129539,1790354940,400000000,wind_sensor_link,16.2,0.0
1790354940730496865,1790354940,600000256,wind_sensor_link,16.2,0.0
1790354940923476518,1790354940,800000256,wind_sensor_link,16.2,0.0
1790354941130091221,1790354941,0,wind_sensor_link,16.2,0.0
1790354941322813914,1790354941,200000000,wind_sensor_link,16.2,0.0
1790354941530135018,1790354941,400000000,wind_sensor_link,16.2,0.0
1790354941722541566,1790354941,600000256,wind_sensor_link,16.2,0.0
1790354941929351341,1790354941,800000256,wind_sensor_link,16.2,0.0
1790354942122525548,1790354942,0,wind_sensor_link,16.2,0.0
1790354942329496563,1790354942,200000000,wind_sensor_link,16.2,0.0
1790354942521724908,1790354942,400000000,wind_sensor_link,16.2,0.0
1790354942729132956,1790354942,600000256,wind_sensor_link,16.2,0.0
1790354942921440301,1790354942,800000256,wind_sensor_link,16.2,0.0
1790354943128704609,1790354943,0,wind_sensor_link,16.2,0.0
1790354943321378617,1790354943,200000000,wind_sensor_link,16.2,0.0
1790354943528395835,1790354943,400000000,wind_sensor_link,16.2,0.0
1790354943721777559,1790354943,600000256,wind_sensor_link,16.2,0.0
1790354943928225023,1790354943,800000256,wind_sensor_link,16.2,0.0
1790354944120791495,1790354944,0,wind_sensor_link,16.2,0.0
1790354944327852342,1790354944,200000000,wind_sensor_link,16.2,0.0
1790354944520432980,1790354944,400000000,wind_sensor_link,16.2,0.0
1790354944727533197,1790354944,600000256,wind_sensor_link,16.2,0.0
1790354944920682350,1790354944,800000256,wind_sensor_link,16.2,0.0
1790354945128276618,1790354945,0,wind_sensor_link,16.2,0.0
1790354945320066171,1790354945,200000000,wind_sensor_link,16.2,0.0
1790354945526934297,1790354945,400000000,wind_sensor_link,16.2,0.0
1790354945719752563,1790354945,600000256,wind_sensor_link,16.2,0.0
1790354945926730300,1790354945,800000256,wind_sensor_link,16.2,0.0
1790354946119183495,1790354946,0,wind_sensor_link,16.2,0.0
1790354946326331823,1790354946,200000000,wind_sensor_link,16.2,0.0
1790354946518925776,1790354946,400000000,wind_sensor_link,16.2,0.0
1790354946726186992,1790354946,600000256,wind_sensor_link,16.2,0.0
1790354946918507040,1790354946,800000256,wind_sensor_link,16.2,0.0
1790354947126046143,1790354947,0,wind_sensor_link,16.2,0.0
1790354947318561763,1790354947,200000000,wind_sensor_link,16.2,0.0
1790354947525379113,1790354947,400000000,wind_sensor_link,16.2,0.0
1790354947718254008,1790354947,600000256,wind_sensor_link,16.2,0.0
1790354947925478076,1790354947,800000256,wind_sensor_link,16.2,0.0
1790354948117807161,1790354948,0,wind_sensor_link,16.2,0.0
1790354948325482799,1790354948,200000000,wind_sensor_link,16.1,0.0
1790354948518225158,1790354948,400000000,wind_sensor_link,16.1,0.0
1790354948724970267,1790354948,600000256,wind_sensor_link,16.1,0.0
1790354948918460065,1790354948,800000256,wind_sensor_link,16.1,0.0
1790354949124706012,1790354949,0,wind_sensor_link,16.1,0.0
1790354949331774322,1790354949,200000000,wind_sensor_link,16.1,0.0
1790354949524099129,1790354949,400000000,wind_sensor_link,16.1,0.0
1790354949731551621,1790354949,600000256,wind_sensor_link,16.1,0.0
1790354949924050112,1790354949,800000256,wind_sensor_link,16.1,0.0
1790354950131166607,1790354950,0,wind_sensor_link,16.1,0.0
1790354950323654709,1790354950,200000000,wind_sensor_link,16.1,0.0
1790354950530854129,1790354950,400000000,wind_sensor_link,16.1,0.0
1790354950723376416,1790354950,600000256,wind_sensor_link,16.1,0.0
1790354950930703539,1790354950,800000256,wind_sensor_link,16.1,0.0
1790354951123674489,1790354951,0,wind_sensor_link,16.1,0.0
1790354951330289729,1790354951,200000000,wind_sensor_link,16.1,0.0
1790354951522977255,1790354951,400000000,wind_sensor_link,16.1,0.0
1790354951730657616,1790354951,600000256,wind_sensor_link,16.1,0.0
1790354951922707110,1790354951,800000256,wind_sensor_link,16.1,0.0
1790354952130336175,1790354952,0,wind_sensor_link,16.1,0.0
1790354952322400059,1790354952,200000000,wind_sensor_link,16.1,0.0
1790354952529544405,1790354952,400000000,wind_sensor_link,16.1,0.0
1790354952722188673,1790354952,600000256,wind_sensor_link,16.1,0.0
1790354952929071095,1790354952,800000256,wind_sensor_link,16.1,0.0
1790354953121891658,1790354953,0,wind_sensor_link,16.1,0.0
1790354953328795080,1790354953,200000000,wind_sensor_link,16.1,0.0
1790354953521247998,1790354953,400000000,wind_sensor_link,16.1,0.0
1790354953728529806,1790354953,600000256,wind_sensor_link,16.1,0.0
1790354953921096056,1790354953,800000256,wind_sensor_link,16.0,0.0
1790354954129013692,1790354954,0,wind_sensor_link,16.0,0.0
1790354954320762189,1790354954,200000000,wind_sensor_link,16.0,0.0
1790354954528126756,1790354954,400000000,wind_sensor_link,16.0,0.0
1790354954720833375,1790354954,600000256,wind_sensor_link,16.0,0.0
1790354954927813334,1790354954,800000256,wind_sensor_link,16.0,0.0
1790354955120450509,1790354955,0,wind_sensor_link,16.0,0.0
1790354955327511560,1790354955,200000000,wind_sensor_link,16.0,0.0
1790354955520124309,1790354955,400000000,wind_sensor_link,16.0,0.0
1790354955727340785,1790354955,600000256,wind_sensor_link,16.0,0.0
1790354955919962164,1790354955,800000256,wind_sensor_link,16.0,0.0
1790354956127343712,1790354956,0,wind_sensor_link,16.0,0.0
1790354956319533613,1790354956,200000000,wind_sensor_link,16.0,0.0
1790354956527088696,1790354956,400000000,wind_sensor_link,16.0,0.0
1790354956719524910,1790354956,600000256,wind_sensor_link,16.0,0.0
1790354956926402333,1790354956,800000256,wind_sensor_link,16.0,0.0
1790354957119149989,1790354957,0,wind_sensor_link,16.0,0.0
1790354957326138522,1790354957,200000000,wind_sensor_link,16.0,0.0
1790354957520132703,1790354957,400000000,wind_sensor_link,16.0,0.0
1790354957725971191,1790354957,600000256,wind_sensor_link,16.0,0.0
1790354957918893863,1790354957,800000256,wind_sensor_link,16.0,0.0
1790354958126122839,1790354958,0,wind_sensor_link,16.0,0.0
1790354958319122288,1790354958,200000000,wind_sensor_link,16.0,0.0
1790354958525397142,1790354958,400000000,wind_sensor_link,16.0,0.0
1790354958718391314,1790354958,600000256,wind_sensor_link,16.0,0.0
1790354958925102016,1790354958,800000256,wind_sensor_link,15.9,0.0
1790354959117083956,1790354959,0,wind_sensor_link,15.9,0.0
1790354959325178295,1790354959,200000000,wind_sensor_link,15.9,0.0
1790354959517390695,1790354959,400000000,wind_sensor_link,15.9,0.0
1790354959724865446,1790354959,600000256,wind_sensor_link,15.9,0.0
1790354959932125977,1790354959,800000256,wind_sensor_link,15.9,0.0
1790354960124298064,1790354960,0,wind_sensor_link,15.9,0.0
1790354960331373151,1790354960,200000000,wind_sensor_link,15.9,0.0
1790354960524069141,1790354960,400000000,wind_sensor_link,15.9,0.0
1790354960730992656,1790354960,600000256,wind_sensor_link,15.9,0.0
1790354960923703330,1790354960,800000256,wind_sensor_link,15.9,0.0
1790354961130857677,1790354961,0,wind_sensor_link,15.9,0.0
1790354961323426760,1790354961,200000000,wind_sensor_link,15.9,0.0
1790354961530707105,1790354961,400000000,wind_sensor_link,15.9,0.0
1790354961723251021,1790354961,600000256,wind_sensor_link,15.9,0.0
1790354961930418553,1790354961,800000256,wind_sensor_link,15.9,0.0
1790354962123054746,1790354962,0,wind_sensor_link,15.9,0.0
1790354962330036113,1790354962,200000000,wind_sensor_link,15.9,0.0
1790354962522344643,1790354962,400000000,wind_sensor_link,15.9,0.0
1790354962729699209,1790354962,600000256,wind_sensor_link,15.9,0.0
1790354962922325181,1790354962,800000256,wind_sensor_link,15.9,0.0
1790354963129483583,1790354963,0,wind_sensor_link,15.9,0.0
1790354963322116424,1790354963,200000000,wind_sensor_link,15.9,0.0
1790354963529044662,1790354963,400000000,wind_sensor_link,15.9,0.0
1790354963721900353,1790354963,600000256,wind_sensor_link,15.9,0.0
1790354963928879942,1790354963,800000256,wind_sensor_link,15.9,0.0
1790354964121792818,1790354964,0,wind_sensor_link,15.9,0.0
1790354964328704056,1790354964,200000000,wind_sensor_link,15.9,0.0
1790354964521352712,1790354964,400000000,wind_sensor_link,15.9,0.0
1790354964728276894,1790354964,600000256,wind_sensor_link,15.9,0.0
1790354964921024475,1790354964,800000256,wind_sensor_link,15.9,0.0
1790354965128157655,1790354965,0,wind_sensor_link,15.9,0.0
1790354965320835534,1790354965,200000000,wind_sensor_link,15.9,0.0
1790354965527882881,1790354965,400000000,wind_sensor_link,15.9,0.0
1790354965720534852,1790354965,600000256,wind_sensor_link,15.9,0.0
1790354965927562736,1790354965,800000256,wind_sensor_link,15.9,0.0
1790354966120799147,1790354966,0,wind_sensor_link,15.9,0.0
1790354966327298684,1790354966,200000000,wind_sensor_link,15.9,0.0
1790354966520050932,1790354966,400000000,wind_sensor_link,15.9,0.0
1790354966726981466,1790354966,600000256,wind_sensor_link,15.9,0.0
1790354966920541152,1790354966,800000256,wind_sensor_link,15.9,0.0
1790354967126938153,1790354967,0,wind_sensor_link,15.9,0.0
1790354967319499273,1790354967,200000000,wind_sensor_link,15.8,0.0
1790354967526690637,1790354967,400000000,wind_sensor_link,15.8,0.0
1790354967719770608,1790354967,600000256,wind_sensor_link,15.8,0.0
1790354967926310246,1790354967,800000256,wind_sensor_link,15.8,0.0
1790354968118953988,1790354968,0,wind_sensor_link,15.8,0.0
1790354968326126638,1790354968,200000000,wind_sensor_link,15.8,0.0
1790354968518879101,1790354968,400000000,wind_sensor_link,15.8,0.0
1790354968725690903,1790354968,600000256,wind_sensor_link,15.8,0.0
1790354968919230617,1790354968,800000256,wind_sensor_link,15.8,0.0
1790354969125938753,1790354969,0,wind_sensor_link,15.8,0.0
1790354969318488515,1790354969,200000000,wind_sensor_link,15.8,0.0
1790354969525504500,1790354969,400000000,wind_sensor_link,15.8,0.0
1790354969718272944,1790354969,600000256,wind_sensor_link,15.8,0.0
1790354969924953415,1790354969,800000256,wind_sensor_link,15.8,0.0
1790354970118024263,1790354970,0,wind_sensor_link,15.8,0.0
1790354970324707863,1790354970,200000000,wind_sensor_link,15.8,0.0
1790354970517753415,1790354970,400000000,wind_sensor_link,15.8,0.0
1790354970725782407,1790354970,600000256,wind_sensor_link,15.8,0.0
1790354970933754066,1790354970,800000256,wind_sensor_link,15.8,0.0
1790354971124826363,1790354971,0,wind_sensor_link,15.8,0.0
1790354971331724739,1790354971,200000000,wind_sensor_link,15.8,0.0
1790354971524196668,1790354971,400000000,wind_sensor_link,15.8,0.0
1790354971731759721,1790354971,600000256,wind_sensor_link,15.8,0.0
1790354971923377771,1790354971,800000256,wind_sensor_link,15.8,0.0
1790354972131326264,1790354972,0,wind_sensor_link,15.8,0.0
1790354972323353772,1790354972,200000000,wind_sensor_link,15.8,0.0
1790354972531789407,1790354972,400000000,wind_sensor_link,15.8,0.0
1790354972723472309,1790354972,600000256,wind_sensor_link,15.8,0.0
1790354972930175834,1790354972,800000256,wind_sensor_link,15.8,0.0
1790354973122810169,1790354973,0,wind_sensor_link,15.8,0.0
1790354973329899838,1790354973,200000000,wind_sensor_link,15.8,0.0
1790354973522672134,1790354973,400000000,wind_sensor_link,15.8,0.0
1790354973730236484,1790354973,600000256,wind_sensor_link,15.8,0.0
1790354973922216437,1790354973,800000256,wind_sensor_link,15.8,0.0
1790354974129457660,1790354974,0,wind_sensor_link,15.8,0.0
1790354974321960478,1790354974,200000000,wind_sensor_link,15.8,0.0
1790354974529212608,1790354974,400000000,wind_sensor_link,15.8,0.0
1790354974721701037,1790354974,600000256,wind_sensor_link,15.8,0.0
1790354974928819114,1790354974,800000256,wind_sensor_link,15.8,0.0
1790354975122233180,1790354975,0,wind_sensor_link,15.8,0.0
1790354975328555784,1790354975,200000000,wind_sensor_link,15.8,0.0
1790354975521140749,1790354975,400000000,wind_sensor_link,15.8,0.0
1790354975728778023,1790354975,600000256,wind_sensor_link,15.8,0.0
1790354975921781576,1790354975,800000256,wind_sensor_link,15.8,0.0
1790354976127975867,1790354976,0,wind_sensor_link,15.8,0.0
1790354976320552850,1790354976,200000000,wind_sensor_link,15.8,0.0
1790354976527540132,1790354976,400000000,wind_sensor_link,15.8,0.0
1790354976722776381,1790354976,600000256,wind_sensor_link,15.8,0.0
1790354976927366616,1790354976,800000256,wind_sensor_link,15.8,0.0
1790354977120111839,1790354977,0,wind_sensor_link,15.8,0.0
1790354977327179175,1790354977,200000000,wind_sensor_link,15.8,0.0
1790354977519725381,1790354977,400000000,wind_sensor_link,15.8,0.0
1790354977727026900,1790354977,600000256,wind_sensor_link,15.8,0.0
1790354977919411034,1790354977,800000256,wind_sensor_link,15.7,0.0
1790354978127812281,1790354978,0,wind_sensor_link,15.7,0.0
1790354978319762068,1790354978,200000000,wind_sensor_link,15.7,0.0
1790354978526170226,1790354978,400000000,wind_sensor_link,15.7,0.0
1790354978719035466,1790354978,600000256,wind_sensor_link,15.7,0.0
1790354978925993359,1790354978,800000256,wind_sensor_link,15.7,0.0
1790354979119153002,1790354979,0,wind_sensor_link,15.7,0.0
1790354979325881417,1790354979,200000000,wind_sensor_link,15.7,0.0
1790354979518879525,1790354979,400000000,wind_sensor_link,15.7,0.0
1790354979725720493,1790354979,600000256,wind_sensor_link,15.7,0.0
1790354979918455420,1790354979,800000256,wind_sensor_link,15.7,0.0
1790354980125754809,1790354980,0,wind_sensor_link,15.7,0.0
1790354980317911205,1790354980,200000000,wind_sensor_link,15.7,0.0
1790354980524850394,1790354980,400000000,wind_sensor_link,15.7,0.0
1790354980718310090,1790354980,600000256,wind_sensor_link,15.7,0.0
1790354980924837506,1790354980,800000256,wind_sensor_link,15.7,0.0
1790354981118786048,1790354981,0,wind_sensor_link,15.7,0.0
1790354981324738453,1790354981,200000000,wind_sensor_link,15.7,0.0
1790354981531714179,1790354981,400000000,wind_sensor_link,15.7,0.0
1790354981724265237,1790354981,600000256,wind_sensor_link,15.7,0.0
1790354981931388832,1790354981,800000256,wind_sensor_link,15.7,0.0
1790354982124786232,1790354982,0,wind_sensor_link,15.7,0.0
1790354982331848068,1790354982,200000000,wind_sensor_link,15.7,0.0
1790354982523697764,1790354982,400000000,wind_sensor_link,15.7,0.0
1790354982730796655,1790354982,600000256,wind_sensor_link,15.7,0.0
1790354982923417323,1790354982,800000256,wind_sensor_link,15.7,0.0
1790354983130529511,1790354983,0,wind_sensor_link,15.7,0.0
1790354983323167161,1790354983,200000000,wind_sensor_link,15.7,0.0
1790354983530750028,1790354983,400000000,wind_sensor_link,15.7,0.0
1790354983722928072,1790354983,600000256,wind_sensor_link,15.7,0.0
1790354983929937816,1790354983,800000256,wind_sensor_link,15.7,0.0
1790354984122722297,1790354984,0,wind_sensor_link,15.7,0.0
1790354984329756930,1790354984,200000000,wind_sensor_link,15.7,0.0
1790354984522682965,1790354984,400000000,wind_sensor_link,15.7,0.0
1790354984729329158,1790354984,600000256,wind_sensor_link,15.7,0.0
1790354984922098991,1790354984,800000256,wind_sensor_link,15.7,0.0
1790354985129152235,1790354985,0,wind_sensor_link,15.7,0.0
1790354985321859365,1790354985,200000000,wind_sensor_link,15.7,0.0
1790354985528887517,1790354985,400000000,wind_sensor_link,15.7,0.0
1790354985721479667,1790354985,600000256,wind_sensor_link,15.7,0.0
1790354985928641521,1790354985,800000256,wind_sensor_link,15.7,0.0
1790354986121417169,1790354986,0,wind_sensor_link,15.7,0.0
1790354986328646966,1790354986,200000000,wind_sensor_link,15.7,0.0
1790354986521048359,1790354986,400000000,wind_sensor_link,15.7,0.0
1790354986727963567,1790354986,600000256,wind_sensor_link,15.7,0.0
1790354986921072471,1790354986,800000256,wind_sensor_link,15.7,0.0
1790354987127923347,1790354987,0,wind_sensor_link,15.7,0.0
1790354987320401609,1790354987,200000000,wind_sensor_link,15.7,0.0
1790354987527686480,1790354987,400000000,wind_sensor_link,15.7,0.0
1790354987720723939,1790354987,600000256,wind_sensor_link,15.7,0.0
1790354987927327114,1790354987,800000256,wind_sensor_link,15.7,0.0
1790354988120023467,1790354988,0,wind_sensor_link,15.7,0.0
1790354988327030767,1790354988,200000000,wind_sensor_link,15.7,0.0
1790354988519374346,1790354988,400000000,wind_sensor_link,15.7,0.0
1790354988727077453,1790354988,600000256,wind_sensor_link,15.7,0.0
1790354988919809082,1790354988,800000256,wind_sensor_link,15.7,0.0
1790354989126477497,1790354989,0,wind_sensor_link,15.7,0.0
1790354989319387810,1790354989,200000000,wind_sensor_link,15.7,0.0
1790354989526180335,1790354989,400000000,wind_sensor_link,15.7,0.0
1790354989719207758,1790354989,600000256,wind_sensor_link,15.7,0.0
1790354989925980949,1790354989,800000256,wind_sensor_link,15.7,0.0
1790354990119098575,1790354990,0,wind_sensor_link,15.7,0.0
1790354990325716379,1790354990,200000000,wind_sensor_link,15.7,0.0
1790354990519264389,1790354990,400000000,wind_sensor_link,15.7,0.0
1790354990725266607,1790354990,600000256,wind_sensor_link,15.7,0.0
1790354990918115940,1790354990,800000256,wind_sensor_link,15.7,0.0
1790354991125179591,1790354991,0,wind_sensor_link,15.7,0.0
1790354991318228347,1790354991,200000000,wind_sensor_link,15.7,0.0
1790354991527765673,1790354991,400000000,wind_sensor_link,15.7,0.0
1790354991717991906,1790354991,600000256,wind_sensor_link,15.7,0.0
1790354991924698524,1790354991,800000256,wind_sensor_link,15.7,0.0
1790354992117665318,1790354992,0,wind_sensor_link,15.7,0.0
1790354992324734358,1790354992,200000000,wind_sensor_link,15.7,0.0
1790354992531695881,1790354992,400000000,wind_sensor_link,15.7,0.0
1790354992724404270,1790354992,600000256,wind_sensor_link,15.7,0.0
1790354992931233980,1790354992,800000256,wind_sensor_link,15.7,0.0
1790354993123829815,1790354993,0,wind_sensor_link,15.7,0.0
1790354993330963317,1790354993,200000000,wind_sensor_link,15.7,0.0
1790354993523502023,1790354993,400000000,wind_sensor_link,15.7,0.0
1790354993730639266,1790354993,600000256,wind_sensor_link,15.7,0.0
1790354993923203953,1790354993,800000256,wind_sensor_link,15.7,0.0
1790354994130258160,1790354994,0,wind_sensor_link,15.7,0.0
1790354994323159177,1790354994,200000000,wind_sensor_link,15.7,0.0
1790354994530104441,1790354994,400000000,wind_sensor_link,15.7,0.0
1790354994722768682,1790354994,600000256,wind_sensor_link,15.7,0.0
1790354994929862296,1790354994,800000256,wind_sensor_link,15.7,0.0
1790354995122457705,1790354995,0,wind_sensor_link,15.7,0.0
1790354995329985518,1790354995,200000000,wind_sensor_link,15.7,0.0
1790354995522016767,1790354995,400000000,wind_sensor_link,15.7,0.0
1790354995729291860,1790354995,600000256,wind_sensor_link,15.7,0.0
1790354995921867473,1790354995,800000256,wind_sensor_link,15.7,0.0
1790354996129788411,1790354996,0,wind_sensor_link,15.7,0.0
1790354996321683976,1790354996,200000000,wind_sensor_link,15.7,0.0
1790354996528557241,1790354996,400000000,wind_sensor_link,15.7,0.0
1790354996721267612,1790354996,600000256,wind_sensor_link,15.7,0.0
1790354996928464576,1790354996,800000256,wind_sensor_link,15.7,0.0
1790354997121037930,1790354997,0,wind_sensor_link,15.7,0.0
1790354997328337153,1790354997,200000000,wind_sensor_link,15.7,0.0
1790354997521263058,1790354997,400000000,wind_sensor_link,15.7,0.0
1790354997727846233,1790354997,600000256,wind_sensor_link,15.7,0.0
1790354997920494901,1790354997,800000256,wind_sensor_link,15.7,0.0
1790354998127773494,1790354998,0,wind_sensor_link,15.7,0.0
1790354998320212961,1790354998,200000000,wind_sensor_link,15.7,0.0
1790354998527061448,1790354998,400000000,wind_sensor_link,15.7,0.0
1790354998719977353,1790354998,600000256,wind_sensor_link,15.7,0.0
1790354998926827914,1790354998,800000256,wind_sensor_link,15.7,0.0
1790354999119334769,1790354999,0,wind_sensor_link,15.7,0.0
1790354999327009395,1790354999,200000000,wind_sensor_link,15.7,0.0
1790354999519381529,1790354999,400000000,wind_sensor_link,15.7,0.0
1790354999726468976,1790354999,600000256,wind_sensor_link,15.7,0.0
1790354999918997478,1790354999,800000256,wind_sensor_link,15.7,0.0
1790355000126667771,1790355000,0,wind_sensor_link,15.7,0.0
1790355000318889699,1790355000,200000000,wind_sensor_link,15.7,0.0
1790355000525922284,1790355000,400000000,wind_sensor_link,15.8,0.0
1790355000718465005,1790355000,600000256,wind_sensor_link,15.8,0.0
1790355000925573163,1790355000,800000256,wind_sensor_link,15.8,0.0
1790355001119237593,1790355001,0,wind_sensor_link,15.8,0.0
1790355001325491021,1790355001,200000000,wind_sensor_link,15.8,0.0
1790355001518558328,1790355001,400000000,wind_sensor_link,15.8,0.0
1790355001725487155,1790355001,600000256,wind_sensor_link,15.8,0.0
1790355001918171708,1790355001,800000256,wind_sensor_link,15.8,0.0
1790355002124903426,1790355002,0,wind_sensor_link,15.8,0.0
1790355002317911790,1790355002,200000000,wind_sensor_link,15.8,0.0
1790355002524803099,1790355002,400000000,wind_sensor_link,15.8,0.0
1790355002731723185,1790355002,600000256,wind_sensor_link,15.8,0.0
1790355002924691586,1790355002,800000256,wind_sensor_link,15.8,0.0
1790355003131446915,1790355003,0,wind_sensor_link,15.8,0.0
1790355003324021395,1790355003,200000000,wind_sensor_link,15.8,0.0
1790355003531070702,1790355003,400000000,wind_sensor_link,15.8,0.0
1790355003724155824,1790355003,600000256,wind_sensor_link,15.8,0.0
1790355003931287927,1790355003,800000256,wind_sensor_link,15.8,0.0
1790355004123466874,1790355004,0,wind_sensor_link,15.8,0.0
1790355004330631698,1790355004,200000000,wind_sensor_link,15.8,0.0
1790355004523468805,1790355004,400000000,wind_sensor_link,15.8,0.0
1790355004730487168,1790355004,600000256,wind_sensor_link,15.8,0.0
1790355004923198350,1790355004,800000256,wind_sensor_link,15.8,0.0
1790355005130396174,1790355005,0,wind_sensor_link,15.8,0.0
1790355005322792081,1790355005,200000000,wind_sensor_link,15.8,0.0
1790355005529640872,1790355005,400000000,wind_sensor_link,15.8,0.0
1790355005722170482,1790355005,600000256,wind_sensor_link,15.8,0.0
1790355005929278604,1790355005,800000256,wind_sensor_link,15.8,0.0
1790355006122699722,1790355006,0,wind_sensor_link,15.8,0.0
1790355006329244035,1790355006,200000000,wind_sensor_link,15.8,0.0
1790355006521903069,1790355006,400000000,wind_sensor_link,15.8,0.0
1790355006728759082,1790355006,600000256,wind_sensor_link,15.8,0.0
1790355006921544652,1790355006,800000256,wind_sensor_link,15.8,0.0
1790355007128509757,1790355007,0,wind_sensor_link,15.8,0.0
1790355007321420973,1790355007,200000000,wind_sensor_link,15.8,0.0
1790355007528389411,1790355007,400000000,wind_sensor_link,15.8,0.0
1790355007720981668,1790355007,600000256,wind_sensor_link,15.8,0.0
1790355007928309287,1790355007,800000256,wind_sensor_link,15.8,0.0
1790355008121212096,1790355008,0,wind_sensor_link,15.8,0.0
1790355008327883556,1790355008,200000000,wind_sensor_link,15.8,0.0
1790355008520337797,1790355008,400000000,wind_sensor_link,15.8,0.0
1790355008727475806,1790355008,600000256,wind_sensor_link,15.8,0.0
1790355008920734408,1790355008,800000256,wind_sensor_link,15.8,0.0
1790355009127305239,1790355009,0,wind_sensor_link,15.8,0.0
1790355009319699147,1790355009,200000000,wind_sensor_link,15.8,0.0
1790355009526871897,1790355009,400000000,wind_sensor_link,15.8,0.0
1790355009719838002,1790355009,600000256,wind_sensor_link,15.8,0.0
1790355009927173472,1790355009,800000256,wind_sensor_link,15.8,0.0
1790355010119313031,1790355010,0,wind_sensor_link,15.8,0.0
1790355010326957702,1790355010,200000000,wind_sensor_link,15.8,0.0
1790355010519125483,1790355010,400000000,wind_sensor_link,15.8,0.0
1790355010726409991,1790355010,600000256,wind_sensor_link,15.8,0.0
1790355010918747511,1790355010,800000256,wind_sensor_link,15.8,0.0
1790355011126159369,1790355011,0,wind_sensor_link,15.8,0.0
1790355011318376371,1790355011,200000000,wind_sensor_link,15.8,0.0
1790355011525685250,1790355011,400000000,wind_sensor_link,15.8,0.0
1790355011718178656,1790355011,600000256,wind_sensor_link,15.8,0.0
1790355011925743198,1790355011,800000256,wind_sensor_link,15.8,0.0
1790355012117878850,1790355012,0,wind_sensor_link,15.8,0.0
1790355012325289079,1790355012,200000000,wind_sensor_link,15.8,0.0
1790355012517965502,1790355012,400000000,wind_sensor_link,15.8,0.0
1790355012725385341,1790355012,600000256,wind_sensor_link,15.8,0.0
1790355012917651232,1790355012,800000256,wind_sensor_link,15.8,0.0
1790355013124820242,1790355013,0,wind_sensor_link,15.8,0.0
1790355013317819420,1790355013,200000000,wind_sensor_link,15.8,0.0
1790355013524342826,1790355013,400000000,wind_sensor_link,15.8,0.0
1790355013731389763,1790355013,600000256,wind_sensor_link,15.8,0.0
1790355013924093260,1790355013,800000256,wind_sensor_link,15.8,0.0
1790355014131693820,1790355014,0,wind_sensor_link,15.8,0.0
1790355014324049709,1790355014,200000000,wind_sensor_link,15.8,0.0
1790355014531029869,1790355014,400000000,wind_sensor_link,15.8,0.0
1790355014723395759,1790355014,600000256,wind_sensor_link,15.8,0.0
1790355014930929116,1790355014,800000256,wind_sensor_link,15.8,0.0
1790355015123504762,1790355015,0,wind_sensor_link,15.8,0.0
1790355015330427904,1790355015,200000000,wind_sensor_link,15.8,0.0
1790355015525753444,1790355015,400000000,wind_sensor_link,15.8,0.0
1790355015730766961,1790355015,600000256,wind_sensor_link,15.8,0.0
1790355015923216923,1790355015,800000256,wind_sensor_link,15.8,0.0
1790355016130187676,1790355016,0,wind_sensor_link,15.8,0.0
1790355016322870192,1790355016,200000000,wind_sensor_link,15.8,0.0
1790355016529724594,1790355016,400000000,wind_sensor_link,15.8,0.0
1790355016722058002,1790355016,600000256,wind_sensor_link,15.8,0.0
1790355016929851467,1790355016,800000256,wind_sensor_link,15.8,0.0
1790355017122786572,1790355017,0,wind_sensor_link,15.8,0.0
1790355017329309682,1790355017,200000000,wind_sensor_link,15.8,0.0
1790355017521820348,1790355017,400000000,wind_sensor_link,15.8,0.0
1790355017729777811,1790355017,600000256,wind_sensor_link,15.8,0.0
1790355017922783156,1790355017,800000256,wind_sensor_link,15.8,0.0
1790355018129783834,1790355018,0,wind_sensor_link,15.8,0.0
1790355018321799969,1790355018,200000000,wind_sensor_link,15.8,0.0
1790355018528181339,1790355018,400000000,wind_sensor_link,15.8,0.0
1790355018720934354,1790355018,600000256,wind_sensor_link,15.9,0.0
1790355018927937365,1790355018,800000256,wind_sensor_link,15.9,0.0
1790355019120657473,1790355019,0,wind_sensor_link,15.9,0.0
1790355019327783724,1790355019,200000000,wind_sensor_link,15.9,0.0
1790355019520392629,1790355019,400000000,wind_sensor_link,15.9,0.0
1790355019727704507,1790355019,600000256,wind_sensor_link,15.9,0.0
1790355019920464189,1790355019,800000256,wind_sensor_link,15.9,0.0
1790355020127063964,1790355020,0,wind_sensor_link,15.9,0.0
1790355020320779190,1790355020,200000000,wind_sensor_link,15.9,0.0
1790355020526930470,1790355020,400000000,wind_sensor_link,15.9,0.0
1790355020719914242,1790355020,600000256,wind_sensor_link,15.9,0.0
1790355020926711515,1790355020,800000256,wind_sensor_link,15.9,0.0
1790355021119009257,1790355021,0,wind_sensor_link,15.9,0.0
1790355021326318265,1790355021,200000000,wind_sensor_link,15.9,0.0
1790355021519157223,1790355021,400000000,wind_sensor_link,15.9,0.0
1790355021725886793,1790355021,600000256,wind_sensor_link,15.9,0.0
1790355021919045136,1790355021,800000256,wind_sensor_link,15.9,0.0
1790355022125908464,1790355022,0,wind_sensor_link,15.9,0.0
1790355022318501500,1790355022,200000000,wind_sensor_link,15.9,0.0
1790355022525331050,1790355022,400000000,wind_sensor_link,15.9,0.0
1790355022718207545,1790355022,600000256,wind_sensor_link,15.9,0.0
1790355022925197556,1790355022,800000256,wind_sensor_link,15.9,0.0
1790355023118391973,1790355023,0,wind_sensor_link,15.9,0.0
1790355023324963675,1790355023,200000000,wind_sensor_link,15.9,0.0
1790355023517993761,1790355023,400000000,wind_sensor_link,15.9,0.0
1790355023724640202,1790355023,600000256,wind_sensor_link,15.9,0.0
1790355023917827008,1790355023,800000256,wind_sensor_link,15.9,0.0
1790355024124534115,1790355024,0,wind_sensor_link,15.9,0.0
1790355024317554034,1790355024,200000000,wind_sensor_link,15.9,0.0
1790355024524174810,1790355024,400000000,wind_sensor_link,15.9,0.0
1790355024731790795,1790355024,600000256,wind_sensor_link,15.9,0.0
1790355024924256795,1790355024,800000256,wind_sensor_link,15.9,0.0
1790355025131050568,1790355025,0,wind_sensor_link,15.9,0.0
1790355025323876397,1790355025,200000000,wind_sensor_link,15.9,0.0
1790355025531319069,1790355025,400000000,wind_sensor_link,15.9,0.0
1790355025723475147,1790355025,600000256,wind_sensor_link,15.9,0.0
1790355025930519491,1790355025,800000256,wind_sensor_link,15.9,0.0
1790355026123489022,1790355026,0,wind_sensor_link,15.9,0.0
1790355026330775363,1790355026,200000000,wind_sensor_link,15.9,0.0
1790355026523793708,1790355026,400000000,wind_sensor_link,15.9,0.0
1790355026730041895,1790355026,600000256,wind_sensor_link,15.9,0.0
1790355026922717226,1790355026,800000256,wind_sensor_link,15.9,0.0
1790355027129782959,1790355027,0,wind_sensor_link,15.9,0.0
1790355027322782359,1790355027,200000000,wind_sensor_link,15.9,0.0
1790355027529683427,1790355027,400000000,wind_sensor_link,15.9,0.0
1790355027722136779,1790355027,600000256,wind_sensor_link,15.9,0.0
1790355027929444602,1790355027,800000256,wind_sensor_link,15.9,0.0
1790355028121649086,1790355028,0,wind_sensor_link,15.9,0.0
1790355028328767800,1790355028,200000000,wind_sensor_link,15.9,0.0
1790355028521479130,1790355028,400000000,wind_sensor_link,15.9,0.0
1790355028728997024,1790355028,600000256,wind_sensor_link,15.9,0.0
1790355028921563967,1790355028,800000256,wind_sensor_link,15.9,0.0
1790355029128814382,1790355029,0,wind_sensor_link,15.9,0.0
1790355029321054570,1790355029,200000000,wind_sensor_link,15.9,0.0
1790355029528191746,1790355029,400000000,wind_sensor_link,15.9,0.0
1790355029720839577,1790355029,600000256,wind_sensor_link,15.9,0.0
1790355029927807626,1790355029,800000256,wind_sensor_link,15.9,0.0
1790355030120466346,1790355030,0,wind_sensor_link,15.9,0.0
1790355030327695391,1790355030,200000000,wind_sensor_link,15.9,0.0
1790355030520268056,1790355030,400000000,wind_sensor_link,15.9,0.0
1790355030727677526,1790355030,600000256,wind_sensor_link,15.9,0.0
1790355030920793740,1790355030,800000256,wind_sensor_link,15.9,0.0
1790355031127161278,1790355031,0,wind_sensor_link,15.9,0.0
1790355031319705128,1790355031,200000000,wind_sensor_link,15.9,0.0
1790355031526862101,1790355031,400000000,wind_sensor_link,15.9,0.0
1790355031719438062,1790355031,600000256,wind_sensor_link,15.9,0.0
1790355031926544572,1790355031,800000256,wind_sensor_link,15.9,0.0
1790355032119522973,1790355032,0,wind_sensor_link,15.9,0.0
1790355032326771593,1790355032,200000000,wind_sensor_link,15.9,0.0
1790355032518950522,1790355032,400000000,wind_sensor_link,15.9,0.0
1790355032726299973,1790355032,600000256,wind_sensor_link,15.9,0.0
1790355032918959230,1790355032,800000256,wind_sensor_link,15.9,0.0
1790355033126192627,1790355033,0,wind_sensor_link,15.9,0.0
1790355033319287064,1790355033,200000000,wind_sensor_link,15.9,0.0
1790355033525449160,1790355033,400000000,wind_sensor_link,15.9,0.0
1790355033717947566,1790355033,600000256,wind_sensor_link,15.9,0.0
1790355033925206723,1790355033,800000256,wind_sensor_link,15.9,0.0
1790355034117876553,1790355034,0,wind_sensor_link,15.9,0.0
1790355034324959193,1790355034,200000000,wind_sensor_link,15.9,0.0
1790355034518823713,1790355034,400000000,wind_sensor_link,15.9,0.0
1790355034724913199,1790355034,600000256,wind_sensor_link,15.9,0.0
1790355034917718083,1790355034,800000256,wind_sensor_link,15.9,0.0
1790355035125828507,1790355035,0,wind_sensor_link,15.9,0.0
1790355035332787519,1790355035,200000000,wind_sensor_link,15.9,0.0
1790355035524052200,1790355035,400000000,wind_sensor_link,15.9,0.0
1790355035731220709,1790355035,600000256,wind_sensor_link,15.9,0.0
1790355035924108519,1790355035,800000256,wind_sensor_link,15.9,0.0
1790355036130983365,1790355036,0,wind_sensor_link,15.9,0.0
1790355036323523179,1790355036,200000000,wind_sensor_link,15.9,0.0
1790355036530876019,1790355036,400000000,wind_sensor_link,15.9,0.0
1790355036723660126,1790355036,600000256,wind_sensor_link,15.9,0.0
1790355036930876264,1790355036,800000256,wind_sensor_link,15.9,0.0
1790355037123166914,1790355037,0,wind_sensor_link,15.9,0.0
1790355037330131278,1790355037,200000000,wind_sensor_link,15.9,0.0
1790355037522637092,1790355037,400000000,wind_sensor_link,15.9,0.0
1790355037729702843,1790355037,600000256,wind_sensor_link,15.9,0.0
1790355037922395526,1790355037,800000256,wind_sensor_link,15.9,0.0
1790355038129688867,1790355038,0,wind_sensor_link,15.9,0.0
1790355038322812025,1790355038,200000000,wind_sensor_link,15.9,0.0
1790355038529395245,1790355038,400000000,wind_sensor_link,15.9,0.0
1790355038722001947,1790355038,600000256,wind_sensor_link,15.9,0.0
1790355038928867793,1790355038,800000256,wind_sensor_link,15.9,0.0
1790355039121688974,1790355039,0,wind_sensor_link,15.9,0.0
1790355039328816188,1790355039,200000000,wind_sensor_link,15.9,0.0
1790355039521170855,1790355039,400000000,wind_sensor_link,15.9,0.0
1790355039728655991,1790355039,600000256,wind_sensor_link,15.9,0.0
1790355039920856086,1790355039,800000256,wind_sensor_link,15.9,0.0
1790355040128768661,1790355040,0,wind_sensor_link,15.9,0.0
1790355040320893183,1790355040,200000000,wind_sensor_link,15.9,0.0
1790355040527850750,1790355040,400000000,wind_sensor_link,15.9,0.0
1790355040720487915,1790355040,600000256,wind_sensor_link,15.9,0.0
1790355040927955809,1790355040,800000256,wind_sensor_link,15.9,0.0
1790355041120286996,1790355041,0,wind_sensor_link,15.9,0.0
1790355041327683651,1790355041,200000000,wind_sensor_link,15.9,0.0
1790355041520460110,1790355041,400000000,wind_sensor_link,15.9,0.0
1790355041727195402,1790355041,600000256,wind_sensor_link,15.9,0.0
1790355041919793752,1790355041,800000256,wind_sensor_link,15.9,0.0
1790355042126909132,1790355042,0,wind_sensor_link,15.9,0.0
1790355042319524778,1790355042,200000000,wind_sensor_link,15.9,0.0
1790355042526702343,1790355042,400000000,wind_sensor_link,15.9,0.0
1790355042718973845,1790355042,600000256,wind_sensor_link,15.9,0.0
1790355042926733496,1790355042,800000256,wind_sensor_link,15.9,0.0
1790355043119046071,1790355043,0,wind_sensor_link,15.9,0.0
1790355043326035175,1790355043,200000000,wind_sensor_link,15.9,0.0
1790355043519036113,1790355043,400000000,wind_sensor_link,15.9,0.0
1790355043725894108,1790355043,600000256,wind_sensor_link,15.9,0.0
1790355043918532031,1790355043,800000256,wind_sensor_link,15.9,0.0
1790355044125730651,1790355044,0,wind_sensor_link,15.9,0.0
1790355044318687108,1790355044,200000000,wind_sensor_link,15.9,0.0
1790355044525702545,1790355044,400000000,wind_sensor_link,15.9,0.0
1790355044718090083,1790355044,600000256,wind_sensor_link,15.9,0.0
1790355044925382739,1790355044,800000256,wind_sensor_link,15.9,0.0
1790355045117688222,1790355045,0,wind_sensor_link,15.9,0.0
1790355045324911601,1790355045,200000000,wind_sensor_link,15.9,0.0
1790355045517703264,1790355045,400000000,wind_sensor_link,15.9,0.0
1790355045724651109,1790355045,600000256,wind_sensor_link,15.9,0.0
1790355045917532326,1790355045,800000256,wind_sensor_link,15.9,0.0
1790355046124294414,1790355046,0,wind_sensor_link,15.9,0.0
1790355046331845845,1790355046,200000000,wind_sensor_link,15.9,0.0
1790355046523904294,1790355046,400000000,wind_sensor_link,16.0,0.0
1790355046731395096,1790355046,600000256,wind_sensor_link,16.0,0.0
1790355046923762967,1790355046,800000256,wind_sensor_link,16.0,0.0
1790355047130937680,1790355047,0,wind_sensor_link,16.0,0.0
1790355047324792645,1790355047,200000000,wind_sensor_link,16.0,0.0
1790355047530776464,1790355047,400000000,wind_sensor_link,16.0,0.0
1790355047723198205,1790355047,600000256,wind_sensor_link,16.0,0.0
1790355047930528620,1790355047,800000256,wind_sensor_link,16.0,0.0
1790355048123382912,1790355048,0,wind_sensor_link,16.0,0.0
1790355048329975669,1790355048,200000000,wind_sensor_link,16.0,0.0
1790355048522518630,1790355048,400000000,wind_sensor_link,16.0,0.0
1790355048729652622,1790355048,600000256,wind_sensor_link,16.0,0.0
1790355048922355415,1790355048,800000256,wind_sensor_link,16.0,0.0
1790355049129481462,1790355049,0,wind_sensor_link,16.0,0.0
1790355049322537640,1790355049,200000000,wind_sensor_link,16.0,0.0
1790355049529688612,1790355049,400000000,wind_sensor_link,16.0,0.0
1790355049722364702,1790355049,600000256,wind_sensor_link,16.0,0.0
1790355049928889108,1790355049,800000256,wind_sensor_link,16.0,0.0
1790355050122139765,1790355050,0,wind_sensor_link,16.0,0.0
1790355050329267886,1790355050,200000000,wind_sensor_link,16.0,0.0
1790355050521347631,1790355050,400000000,wind_sensor_link,16.0,0.0
1790355050728825951,1790355050,600000256,wind_sensor_link,16.0,0.0
1790355050921432412,1790355050,800000256,wind_sensor_link,16.0,0.0
1790355051128258666,1790355051,0,wind_sensor_link,16.0,0.0
1790355051321334140,1790355051,200000000,wind_sensor_link,16.0,0.0
1790355051527885972,1790355051,400000000,wind_sensor_link,16.0,0.0
1790355051720707634,1790355051,600000256,wind_sensor_link,16.0,0.0
1790355051927922661,1790355051,800000256,wind_sensor_link,16.0,0.0
1790355052120373754,1790355052,0,wind_sensor_link,16.0,0.0
1790355052327534319,1790355052,200000000,wind_sensor_link,16.0,0.0
1790355052520283815,1790355052,400000000,wind_sensor_link,16.0,0.0
1790355052727517602,1790355052,600000256,wind_sensor_link,16.0,0.0
1790355052920267931,1790355052,800000256,wind_sensor_link,16.0,0.0
1790355053127492347,1790355053,0,wind_sensor_link,16.0,0.0
1790355053319964032,1790355053,200000000,wind_sensor_link,16.0,0.0
1790355053527182374,1790355053,400000000,wind_sensor_link,16.0,0.0
1790355053719342526,1790355053,600000256,wind_sensor_link,16.0,0.0
1790355053926622423,1790355053,800000256,wind_sensor_link,16.0,0.0
1790355054119435566,1790355054,0,wind_sensor_link,16.0,0.0
1790355054326126544,1790355054,200000000,wind_sensor_link,16.0,0.0
1790355054519171370,1790355054,400000000,wind_sensor_link,16.1,0.0
1790355054725909718,1790355054,600000256,wind_sensor_link,16.1,0.0
1790355054918936637,1790355054,800000256,wind_sensor_link,16.1,0.0
1790355055125701485,1790355055,0,wind_sensor_link,16.1,0.0
1790355055319137343,1790355055,200000000,wind_sensor_link,16.1,0.0
1790355055525465826,1790355055,400000000,wind_sensor_link,16.1,0.0
1790355055717957881,1790355055,600000256,wind_sensor_link,16.1,0.0
1790355055925441405,1790355055,800000256,wind_sensor_link,16.1,0.0
1790355056117700740,1790355056,0,wind_sensor_link,16.1,0.0
1790355056325257263,1790355056,200000000,wind_sensor_link,16.1,0.0
1790355056517154603,1790355056,400000000,wind_sensor_link,16.1,0.0
1790355056724905346,1790355056,600000256,wind_sensor_link,16.1,0.0
1790355056917805637,1790355056,800000256,wind_sensor_link,16.1,0.0
1790355057125047349,1790355057,0,wind_sensor_link,16.1,0.0
1790355057331439257,1790355057,200000000,wind_sensor_link,16.1,0.0
1790355057523979867,1790355057,400000000,wind_sensor_link,16.1,0.0
1790355057731507409,1790355057,600000256,wind_sensor_link,16.1,0.0
1790355057924276646,1790355057,800000256,wind_sensor_link,16.1,0.0
1790355058131243417,1790355058,0,wind_sensor_link,16.1,0.0
1790355058323564474,1790355058,200000000,wind_sensor_link,16.1,0.0
1790355058530491394,1790355058,400000000,wind_sensor_link,16.1,0.0
1790355058723506442,1790355058,600000256,wind_sensor_link,16.1,0.0
1790355058930512491,1790355058,800000256,wind_sensor_link,16.1,0.0
1790355059123317394,1790355059,0,wind_sensor_link,16.1,0.0
1790355059330075963,1790355059,200000000,wind_sensor_link,16.1,0.0
1790355059522689517,1790355059,400000000,wind_sensor_link,16.1,0.0
1790355059729793749,1790355059,600000256,wind_sensor_link,16.1,0.0
1790355059922653430,1790355059,800000256,wind_sensor_link,16.1,0.0
1790355060130060029,1790355060,0,wind_sensor_link,16.1,0.0
1790355060322442159,1790355060,200000000,wind_sensor_link,16.1,0.0
1790355060529692853,1790355060,400000000,wind_sensor_link,16.1,0.0
1790355060721989151,1790355060,600000256,wind_sensor_link,16.1,0.0
1790355060929119901,1790355060,800000256,wind_sensor_link,16.1,0.0
1790355061122084913,1790355061,0,wind_sensor_link,16.1,0.0
1790355061328513802,1790355061,200000000,wind_sensor_link,16.1,0.0
1790355061521350668,1790355061,400000000,wind_sensor_link,16.1,0.0
1790355061728860691,1790355061,600000256,wind_sensor_link,16.1,0.0
1790355061921091694,1790355061,800000256,wind_sensor_link,16.1,0.0
1790355062127973559,1790355062,0,wind_sensor_link,16.1,0.0
1790355062321143754,1790355062,200000000,wind_sensor_link,16.1,0.0
1790355062527956730,1790355062,400000000,wind_sensor_link,16.1,0.0
1790355062721010834,1790355062,600000256,wind_sensor_link,16.1,0.0
1790355062928187121,1790355062,800000256,wind_sensor_link,16.1,0.0
1790355063120660861,1790355063,0,wind_sensor_link,16.1,0.0
1790355063327245007,1790355063,200000000,wind_sensor_link,16.1,0.0
1790355063520044707,1790355063,400000000,wind_sensor_link,16.1,0.0
1790355063727178124,1790355063,600000256,wind_sensor_link,16.1,0.0
1790355063920807684,1790355063,800000256,wind_sensor_link,16.1,0.0
1790355064126788707,1790355064,0,wind_sensor_link,16.1,0.0
1790355064319401279,1790355064,200000000,wind_sensor_link,16.1,0.0
1790355064526473846,1790355064,400000000,wind_sensor_link,16.1,0.0
1790355064720119776,1790355064,600000256,wind_sensor_link,16.1,0.0
1790355064926312111,1790355064,800000256,wind_sensor_link,16.1,0.0
1790355065119444659,1790355065,0,wind_sensor_link,16.1,0.0
1790355065325774178,1790355065,200000000,wind_sensor_link,16.1,0.0
1790355065518742579,1790355065,400000000,wind_sensor_link,16.1,0.0
1790355065725853256,1790355065,600000256,wind_sensor_link,16.1,0.0
1790355065918744936,1790355065,800000256,wind_sensor_link,16.1,0.0
1790355066125467006,1790355066,0,wind_sensor_link,16.1,0.0
1790355066318374519,1790355066,200000000,wind_sensor_link,16.1,0.0
1790355066525206588,1790355066,400000000,wind_sensor_link,16.1,0.0
1790355066718765204,1790355066,600000256,wind_sensor_link,16.1,0.0
1790355066924991354,1790355066,800000256,wind_sensor_link,16.1,0.0
1790355067117979163,1790355067,0,wind_sensor_link,16.1,0.0
1790355067324796065,1790355067,200000000,wind_sensor_link,16.1,0.0
1790355067518269942,1790355067,400000000,wind_sensor_link,16.1,0.0
1790355067724199133,1790355067,600000256,wind_sensor_link,16.1,0.0
1790355067917009036,1790355067,800000256,wind_sensor_link,16.1,0.0
1790355068124450320,1790355068,0,wind_sensor_link,16.1,0.0
1790355068331154168,1790355068,200000000,wind_sensor_link,16.1,0.0
1790355068523896812,1790355068,400000000,wind_sensor_link,16.1,0.0
1790355068731035730,1790355068,600000256,wind_sensor_link,16.1,0.0
1790355068923527766,1790355068,800000256,wind_sensor_link,16.1,0.0
1790355069130766571,1790355069,0,wind_sensor_link,16.1,0.0
1790355069323286125,1790355069,200000000,wind_sensor_link,16.1,0.0
1790355069530414802,1790355069,400000000,wind_sensor_link,16.1,0.0
1790355069722990560,1790355069,600000256,wind_sensor_link,16.1,0.0
1790355069930320511,1790355069,800000256,wind_sensor_link,16.1,0.0
1790355070122838344,1790355070,0,wind_sensor_link,16.1,0.0
1790355070330342627,1790355070,200000000,wind_sensor_link,16.1,0.0
1790355070523356972,1790355070,400000000,wind_sensor_link,16.1,0.0
1790355070729549937,1790355070,600000256,wind_sensor_link,16.1,0.0
1790355070922493487,1790355070,800000256,wind_sensor_link,16.1,0.0
1790355071129387203,1790355071,0,wind_sensor_link,16.1,0.0
1790355071322067682,1790355071,200000000,wind_sensor_link,16.1,0.0
1790355071528928232,1790355071,400000000,wind_sensor_link,16.1,0.0
1790355071721967169,1790355071,600000256,wind_sensor_link,16.1,0.0
1790355071928652944,1790355071,800000256,wind_sensor_link,16.1,0.0
1790355072121929860,1790355072,0,wind_sensor_link,16.1,0.0
1790355072328833613,1790355072,200000000,wind_sensor_link,16.1,0.0
1790355072521546480,1790355072,400000000,wind_sensor_link,16.1,0.0
1790355072728761452,1790355072,600000256,wind_sensor_link,16.1,0.0
1790355072921385339,1790355072,800000256,wind_sensor_link,16.1,0.0
1790355073128362498,1790355073,0,wind_sensor_link,16.1,0.0
1790355073320714111,1790355073,200000000,wind_sensor_link,16.1,0.0
1790355073527755659,1790355073,400000000,wind_sensor_link,16.1,0.0
1790355073720496599,1790355073,600000256,wind_sensor_link,16.1,0.0
1790355073927410001,1790355073,800000256,wind_sensor_link,16.1,0.0
1790355074120763805,1790355074,0,wind_sensor_link,16.1,0.0
1790355074327332525,1790355074,200000000,wind_sensor_link,16.1,0.0
1790355074519690359,1790355074,400000000,wind_sensor_link,16.1,0.0
1790355074727127662,1790355074,600000256,wind_sensor_link,16.1,0.0
1790355074919415534,1790355074,800000256,wind_sensor_link,16.1,0.0
1790355075126778856,1790355075,0,wind_sensor_link,16.1,0.0
1790355075319463353,1790355075,200000000,wind_sensor_link,16.1,0.0
1790355075526722972,1790355075,400000000,wind_sensor_link,16.1,0.0
1790355075718851883,1790355075,600000256,wind_sensor_link,16.1,0.0
1790355075926278908,1790355075,800000256,wind_sensor_link,16.1,0.0
1790355076118973053,1790355076,0,wind_sensor_link,16.1,0.0
1790355076326110989,1790355076,200000000,wind_sensor_link,16.1,0.0
1790355076518643340,1790355076,400000000,wind_sensor_link,16.1,0.0
1790355076725809423,1790355076,600000256,wind_sensor_link,16.1,0.0
1790355076918321645,1790355076,800000256,wind_sensor_link,16.1,0.0
1790355077126337162,1790355077,0,wind_sensor_link,16.1,0.0
1790355077318224595,1790355077,200000000,wind_sensor_link,16.1,0.0
1790355077525733063,1790355077,400000000,wind_sensor_link,16.1,0.0
1790355077718368450,1790355077,600000256,wind_sensor_link,16.1,0.0
1790355077924938651,1790355077,800000256,wind_sensor_link,16.1,0.0
1790355078117658630,1790355078,0,wind_sensor_link,16.1,0.0
1790355078325148098,1790355078,200000000,wind_sensor_link,16.1,0.0
1790355078517815114,1790355078,400000000,wind_sensor_link,16.1,0.0
1790355078724507166,1790355078,600000256,wind_sensor_link,16.1,0.0
1790355078917071572,1790355078,800000256,wind_sensor_link,16.1,0.0
1790355079124740075,1790355079,0,wind_sensor_link,16.1,0.0
1790355079331196871,1790355079,200000000,wind_sensor_link,16.1,0.0
1790355079524312067,1790355079,400000000,wind_sensor_link,16.1,0.0
1790355079730918398,1790355079,600000256,wind_sensor_link,16.1,0.0
1790355079923432841,1790355079,800000256,wind_sensor_link,16.1,0.0
1790355080130731442,1790355080,0,wind_sensor_link,16.1,0.0
1790355080323365698,1790355080,200000000,wind_sensor_link,16.1,0.0
1790355080530555300,1790355080,400000000,wind_sensor_link,16.1,0.0
1790355080723163669,1790355080,600000256,wind_sensor_link,16.1,0.0
1790355080930298678,1790355080,800000256,wind_sensor_link,16.1,0.0
1790355081122939546,1790355081,0,wind_sensor_link,16.1,0.0
1790355081329930724,1790355081,200000000,wind_sensor_link,16.1,0.0
1790355081523795004,1790355081,400000000,wind_sensor_link,16.1,0.0
1790355081730779404,1790355081,600000256,wind_sensor_link,16.1,0.0
1790355081922394155,1790355081,800000256,wind_sensor_link,16.1,0.0
1790355082129434240,1790355082,0,wind_sensor_link,16.1,0.0
1790355082321924424,1790355082,200000000,wind_sensor_link,16.1,0.0
1790355082529254302,1790355082,400000000,wind_sensor_link,16.1,0.0
1790355082722108871,1790355082,600000256,wind_sensor_link,16.1,0.0
1790355082928908922,1790355082,800000256,wind_sensor_link,16.1,0.0
1790355083121740214,1790355083,0,wind_sensor_link,16.1,0.0
1790355083329090462,1790355083,200000000,wind_sensor_link,16.1,0.0
1790355083521259113,1790355083,400000000,wind_sensor_link,16.1,0.0
1790355083729324797,1790355083,600000256,wind_sensor_link,16.1,0.0
1790355083921021510,1790355083,800000256,wind_sensor_link,16.1,0.0
1790355084128319758,1790355084,0,wind_sensor_link,16.1,0.0
1790355084320947460,1790355084,200000000,wind_sensor_link,16.1,0.0
1790355084528294282,1790355084,400000000,wind_sensor_link,16.1,0.0
1790355084720756559,1790355084,600000256,wind_sensor_link,16.1,0.0
1790355084927539407,1790355084,800000256,wind_sensor_link,16.1,0.0
1790355085120479456,1790355085,0,wind_sensor_link,16.1,0.0
1790355085328063386,1790355085,200000000,wind_sensor_link,16.1,0.0
1790355085520716217,1790355085,400000000,wind_sensor_link,16.1,0.0
1790355085727150291,1790355085,600000256,wind_sensor_link,16.1,0.0
1790355085920034341,1790355085,800000256,wind_sensor_link,16.1,0.0
1790355086127858750,1790355086,0,wind_sensor_link,16.1,0.0
1790355086319723720,1790355086,200000000,wind_sensor_link,16.1,0.0
1790355086526557789,1790355086,400000000,wind_sensor_link,16.1,0.0
1790355086719837668,1790355086,600000256,wind_sensor_link,16.1,0.0
1790355086926976585,1790355086,800000256,wind_sensor_link,16.1,0.0
1790355087119089644,1790355087,0,wind_sensor_link,16.1,0.0
1790355087326075508,1790355087,200000000,wind_sensor_link,16.1,0.0
1790355087518913596,1790355087,400000000,wind_sensor_link,16.1,0.0
1790355087726783597,1790355087,600000256,wind_sensor_link,16.1,0.0
1790355087919023229,1790355087,800000256,wind_sensor_link,16.1,0.0
1790355088126304829,1790355088,0,wind_sensor_link,16.1,0.0
1790355088318708237,1790355088,200000000,wind_sensor_link,16.1,0.0
1790355088525778026,1790355088,400000000,wind_sensor_link,16.1,0.0
1790355088718211507,1790355088,600000256,wind_sensor_link,16.1,0.0
1790355088925645198,1790355088,800000256,wind_sensor_link,16.1,0.0
1790355089118766209,1790355089,0,wind_sensor_link,16.1,0.0
1790355089324975193,1790355089,200000000,wind_sensor_link,16.1,0.0
1790355089517914261,1790355089,400000000,wind_sensor_link,16.1,0.0
1790355089724782052,1790355089,600000256,wind_sensor_link,16.1,0.0
1790355089918022820,1790355089,800000256,wind_sensor_link,16.1,0.0
1790355090125808451,1790355090,0,wind_sensor_link,16.1,0.0
1790355090317536071,1790355090,200000000,wind_sensor_link,16.1,0.0
1790355090524769172,1790355090,400000000,wind_sensor_link,16.1,0.0
1790355090731255616,1790355090,600000256,wind_sensor_link,16.1,0.0
1790355090923888224,1790355090,800000256,wind_sensor_link,16.1,0.0
1790355091130902199,1790355091,0,wind_sensor_link,16.1,0.0
1790355091323737953,1790355091,200000000,wind_sensor_link,16.1,0.0
1790355091530875704,1790355091,400000000,wind_sensor_link,16.1,0.0
1790355091723318037,1790355091,600000256,wind_sensor_link,16.1,0.0
1790355091930393973,1790355091,800000256,wind_sensor_link,16.1,0.0
1790355092123655371,1790355092,0,wind_sensor_link,16.1,0.0
1790355092330459792,1790355092,200000000,wind_sensor_link,16.1,0.0
1790355092522897051,1790355092,400000000,wind_sensor_link,16.1,0.0
1790355092729962025,1790355092,600000256,wind_sensor_link,16.1,0.0
1790355092922514468,1790355092,800000256,wind_sensor_link,16.1,0.0
1790355093129664181,1790355093,0,wind_sensor_link,16.1,0.0
1790355093322212125,1790355093,200000000,wind_sensor_link,16.1,0.0
1790355093529949442,1790355093,400000000,wind_sensor_link,16.1,0.0
1790355093721941133,1790355093,600000256,wind_sensor_link,16.1,0.0
1790355093929130216,1790355093,800000256,wind_sensor_link,16.1,0.0
1790355094122237819,1790355094,0,wind_sensor_link,16.1,0.0
1790355094329411088,1790355094,200000000,wind_sensor_link,16.1,0.0
1790355094521561332,1790355094,400000000,wind_sensor_link,16.1,0.0
1790355094728699564,1790355094,600000256,wind_sensor_link,16.1,0.0
1790355094921500504,1790355094,800000256,wind_sensor_link,16.2,0.0
1790355095128824752,1790355095,0,wind_sensor_link,16.2,0.0
1790355095321021922,1790355095,200000000,wind_sensor_link,16.2,0.0
1790355095528063784,1790355095,400000000,wind_sensor_link,16.2,0.0
1790355095720773022,1790355095,600000256,wind_sensor_link,16.2,0.0
1790355095927775533,1790355095,800000256,wind_sensor_link,16.2,0.0
1790355096120450401,1790355096,0,wind_sensor_link,16.2,0.0
1790355096328779026,1790355096,200000000,wind_sensor_link,16.2,0.0
1790355096520319703,1790355096,400000000,wind_sensor_link,16.2,0.0
1790355096727329067,1790355096,600000256,wind_sensor_link,16.2,0.0
1790355096919651809,1790355096,800000256,wind_sensor_link,16.2,0.0
1790355097126820670,1790355097,0,wind_sensor_link,16.2,0.0
1790355097318979192,1790355097,200000000,wind_sensor_link,16.2,0.0
1790355097526788379,1790355097,400000000,wind_sensor_link,16.2,0.0
1790355097719342137,1790355097,600000256,wind_sensor_link,16.2,0.0
1790355097927787409,1790355097,800000256,wind_sensor_link,16.2,0.0
1790355098119534528,1790355098,0,wind_sensor_link,16.2,0.0
1790355098326298320,1790355098,200000000,wind_sensor_link,16.2,0.0
1790355098518919521,1790355098,400000000,wind_sensor_link,16.2,0.0
1790355098725924533,1790355098,600000256,wind_sensor_link,16.2,0.0
1790355098918950229,1790355098,800000256,wind_sensor_link,16.2,0.0
1790355099125781613,1790355099,0,wind_sensor_link,16.2,0.0
1790355099318713644,1790355099,200000000,wind_sensor_link,16.2,0.0
1790355099525470325,1790355099,400000000,wind_sensor_link,16.2,0.0
1790355099718079601,1790355099,600000256,wind_sensor_link,16.2,0.0
1790355099925785067,1790355099,800000256,wind_sensor_link,16.2,0.0
1790355100118263789,1790355100,0,wind_sensor_link,16.2,0.0
1790355100324832454,1790355100,200000000,wind_sensor_link,16.2,0.0
1790355100517957371,1790355100,400000000,wind_sensor_link,16.2,0.0
1790355100724704386,1790355100,600000256,wind_sensor_link,16.2,0.0
1790355100917739305,1790355100,800000256,wind_sensor_link,16.2,0.0
1790355101124450430,1790355101,0,wind_sensor_link,16.2,0.0
1790355101317382850,1790355101,200000000,wind_sensor_link,16.2,0.0
1790355101524044107,1790355101,400000000,wind_sensor_link,16.2,0.0
1790355101731188209,1790355101,600000256,wind_sensor_link,16.2,0.0
1790355101923521803,1790355101,800000256,wind_sensor_link,16.2,0.0
1790355102130819533,1790355102,0,wind_sensor_link,16.2,0.0
1790355102323573585,1790355102,200000000,wind_sensor_link,16.2,0.0
1790355102531803081,1790355102,400000000,wind_sensor_link,16.2,0.0
1790355102723253464,1790355102,600000256,wind_sensor_link,16.2,0.0
1790355102930832487,1790355102,800000256,wind_sensor_link,16.2,0.0
1790355103122977935,1790355103,0,wind_sensor_link,16.2,0.0
1790355103330151814,1790355103,200000000,wind_sensor_link,16.2,0.0
1790355103522926421,1790355103,400000000,wind_sensor_link,16.2,0.0
1790355103729855415,1790355103,600000256,wind_sensor_link,16.2,0.0
1790355103922455321,1790355103,800000256,wind_sensor_link,16.2,0.0
1790355104129562627,1790355104,0,wind_sensor_link,16.2,0.0
1790355104322767081,1790355104,200000000,wind_sensor_link,16.2,0.0
1790355104529494096,1790355104,400000000,wind_sensor_link,16.2,0.0
1790355104721969336,1790355104,600000256,wind_sensor_link,16.2,0.0
1790355104928928459,1790355104,800000256,wind_sensor_link,16.2,0.0
1790355105122355429,1790355105,0,wind_sensor_link,16.2,0.0
1790355105328919630,1790355105,200000000,wind_sensor_link,16.2,0.0
1790355105521500406,1790355105,400000000,wind_sensor_link,16.2,0.0
1790355105728533640,1790355105,600000256,wind_sensor_link,16.2,0.0
1790355105921701798,1790355105,800000256,wind_sensor_link,16.2,0.0
1790355106128386220,1790355106,0,wind_sensor_link,16.2,0.0
1790355106320941293,1790355106,200000000,wind_sensor_link,16.2,0.0
1790355106528264689,1790355106,400000000,wind_sensor_link,16.2,0.0
1790355106720802910,1790355106,600000256,wind_sensor_link,16.2,0.0
1790355106927694682,1790355106,800000256,wind_sensor_link,16.2,0.0
1790355107120508307,1790355107,0,wind_sensor_link,16.2,0.0
1790355107327370117,1790355107,200000000,wind_sensor_link,16.2,0.0
1790355107520161113,1790355107,400000000,wind_sensor_link,16.2,0.0
1790355107727362677,1790355107,600000256,wind_sensor_link,16.2,0.0
1790355107919740659,1790355107,800000256,wind_sensor_link,16.2,0.0
1790355108126905502,1790355108,0,wind_sensor_link,16.2,0.0
1790355108319954106,1790355108,200000000,wind_sensor_link,16.2,0.0
1790355108527782533,1790355108,400000000,wind_sensor_link,16.2,0.0
1790355108719765594,1790355108,600000256,wind_sensor_link,16.2,0.0
1790355108926547368,1790355108,800000256,wind_sensor_link,16.2,0.0
1790355109118962961,1790355109,0,wind_sensor_link,16.2,0.0
1790355109326171821,1790355109,200000000,wind_sensor_link,16.2,0.0
1790355109519037983,1790355109,400000000,wind_sensor_link,16.2,0.0
1790355109726130623,1790355109,600000256,wind_sensor_link,16.2,0.0
1790355109919067246,1790355109,800000256,wind_sensor_link,16.1,0.0
1790355110126323736,1790355110,0,wind_sensor_link,16.1,0.0
1790355110318908605,1790355110,200000000,wind_sensor_link,16.1,0.0
1790355110525703619,1790355110,400000000,wind_sensor_link,16.1,0.0
1790355110718693094,1790355110,600000256,wind_sensor_link,16.1,0.0
1790355110925708698,1790355110,800000256,wind_sensor_link,16.1,0.0
1790355111118000551,1790355111,0,wind_sensor_link,16.1,0.0
1790355111325763516,1790355111,200000000,wind_sensor_link,16.1,0.0
1790355111518796120,1790355111,400000000,wind_sensor_link,16.1,0.0
1790355111725224824,1790355111,600000256,wind_sensor_link,16.1,0.0
1790355111917892229,1790355111,800000256,wind_sensor_link,16.1,0.0
1790355112124705964,1790355112,0,wind_sensor_link,16.1,0.0
1790355112316680859,1790355112,200000000,wind_sensor_link,16.1,0.0
1790355112524936411,1790355112,400000000,wind_sensor_link,16.1,0.0
1790355112717532964,1790355112,600000256,wind_sensor_link,16.1,0.0
1790355112924080296,1790355112,800000256,wind_sensor_link,16.1,0.0
1790355113131273379,1790355113,0,wind_sensor_link,16.1,0.0
1790355113323625510,1790355113,200000000,wind_sensor_link,16.1,0.0
1790355113531174904,1790355113,400000000,wind_sensor_link,16.1,0.0
1790355113723691866,1790355113,600000256,wind_sensor_link,16.1,0.0
1790355113930709321,1790355113,800000256,wind_sensor_link,16.1,0.0
1790355114123414744,1790355114,0,wind_sensor_link,16.1,0.0
1790355114330804288,1790355114,200000000,wind_sensor_link,16.1,0.0
1790355114523115382,1790355114,400000000,wind_sensor_link,16.1,0.0
1790355114730367446,1790355114,600000256,wind_sensor_link,16.1,0.0
1790355114922864056,1790355114,800000256,wind_sensor_link,16.1,0.0
1790355115130042399,1790355115,0,wind_sensor_link,16.1,0.0
1790355115322467714,1790355115,200000000,wind_sensor_link,16.1,0.0
1790355115529494651,1790355115,400000000,wind_sensor_link,16.1,0.0
1790355115722471737,1790355115,600000256,wind_sensor_link,16.1,0.0
1790355115929428027,1790355115,800000256,wind_sensor_link,16.1,0.0
1790355116122178875,1790355116,0,wind_sensor_link,16.1,0.0
1790355116329775194,1790355116,200000000,wind_sensor_link,16.1,0.0
1790355116521908772,1790355116,400000000,wind_sensor_link,16.1,0.0
1790355116729101577,1790355116,600000256,wind_sensor_link,16.1,0.0
1790355116921696853,1790355116,800000256,wind_sensor_link,16.1,0.0
1790355117129831240,1790355117,0,wind_sensor_link,16.1,0.0
1790355117321748524,1790355117,200000000,wind_sensor_link,16.1,0.0
1790355117528340725,1790355117,400000000,wind_sensor_link,16.1,0.0
1790355117721110629,1790355117,600000256,wind_sensor_link,16.1,0.0
1790355117928235176,1790355117,800000256,wind_sensor_link,16.1,0.0
1790355118121259335,1790355118,0,wind_sensor_link,16.1,0.0
1790355118328119515,1790355118,200000000,wind_sensor_link,16.1,0.0
1790355118521106360,1790355118,400000000,wind_sensor_link,16.1,0.0
1790355118728787956,1790355118,600000256,wind_sensor_link,16.1,0.0
1790355118921872800,1790355118,800000256,wind_sensor_link,16.1,0.0
1790355119127827972,1790355119,0,wind_sensor_link,16.1,0.0
1790355119319949069,1790355119,200000000,wind_sensor_link,16.1,0.0
1790355119527094930,1790355119,400000000,wind_sensor_link,16.1,0.0
1790355119720039758,1790355119,600000256,wind_sensor_link,16.1,0.0
1790355119927457560,1790355119,800000256,wind_sensor_link,16.1,0.0
1790355120119536176,1790355120,0,wind_sensor_link,16.1,0.0
1790355120327096829,1790355120,200000000,wind_sensor_link,16.1,0.0
1790355120519541254,1790355120,400000000,wind_sensor_link,16.1,0.0
1790355120726561080,1790355120,600000256,wind_sensor_link,16.1,0.0
1790355120919203763,1790355120,800000256,wind_sensor_link,16.1,0.0
1790355121126397013,1790355121,0,wind_sensor_link,16.1,0.0
1790355121319238064,1790355121,200000000,wind_sensor_link,16.1,0.0
1790355121526536738,1790355121,400000000,wind_sensor_link,16.1,0.0
1790355121719324401,1790355121,600000256,wind_sensor_link,16.1,0.0
1790355121926701148,1790355121,800000256,wind_sensor_link,16.1,0.0
1790355122119078223,1790355122,0,wind_sensor_link,16.1,0.0
1790355122325962718,1790355122,200000000,wind_sensor_link,16.1,0.0
1790355122518421977,1790355122,400000000,wind_sensor_link,16.1,0.0
1790355122725498320,1790355122,600000256,wind_sensor_link,16.1,0.0
1790355122918440796,1790355122,800000256,wind_sensor_link,16.1,0.0
1790355123125209551,1790355123,0,wind_sensor_link,16.1,0.0
1790355123317541404,1790355123,200000000,wind_sensor_link,16.1,0.0
1790355123525032132,1790355123,400000000,wind_sensor_link,16.1,0.0
1790355123717575964,1790355123,600000256,wind_sensor_link,16.1,0.0
1790355123925024544,1790355123,800000256,wind_sensor_link,16.1,0.0
1790355124118380125,1790355124,0,wind_sensor_link,16.1,0.0
1790355124324507629,1790355124,200000000,wind_sensor_link,16.1,0.0
1790355124517094479,1790355124,400000000,wind_sensor_link,16.1,0.0
1790355124724272062,1790355124,600000256,wind_sensor_link,16.1,0.0
1790355124917004577,1790355124,800000256,wind_sensor_link,16.1,0.0
1790355125123998589,1790355125,0,wind_sensor_link,16.1,0.0
1790355125331156321,1790355125,200000000,wind_sensor_link,16.1,0.0
1790355125523761911,1790355125,400000000,wind_sensor_link,16.1,0.0
1790355125731852224,1790355125,600000256,wind_sensor_link,16.1,0.0
1790355125924789052,1790355125,800000256,wind_sensor_link,16.1,0.0
1790355126131810155,1790355126,0,wind_sensor_link,16.1,0.0
1790355126323142983,1790355126,200000000,wind_sensor_link,16.1,0.0
1790355126530327733,1790355126,400000000,wind_sensor_link,16.1,0.0
1790355126723816425,1790355126,600000256,wind_sensor_link,16.1,0.0
1790355126930179925,1790355126,800000256,wind_sensor_link,16.1,0.0
1790355127123247566,1790355127,0,wind_sensor_link,16.1,0.0
1790355127329946896,1790355127,200000000,wind_sensor_link,16.1,0.0
1790355127522741965,1790355127,400000000,wind_sensor_link,16.1,0.0
1790355127729724107,1790355127,600000256,wind_sensor_link,16.1,0.0
1790355127922292809,1790355127,800000256,wind_sensor_link,16.1,0.0
1790355128129573206,1790355128,0,wind_sensor_link,16.1,0.0
1790355128321866004,1790355128,200000000,wind_sensor_link,16.1,0.0
1790355128529776986,1790355128,400000000,wind_sensor_link,16.1,0.0
1790355128721842657,1790355128,600000256,wind_sensor_link,16.1,0.0
1790355128928915686,1790355128,800000256,wind_sensor_link,16.1,0.0
1790355129121695256,1790355129,0,wind_sensor_link,16.1,0.0
1790355129328758044,1790355129,200000000,wind_sensor_link,16.1,0.0
1790355129521351709,1790355129,400000000,wind_sensor_link,16.1,0.0
1790355129728478275,1790355129,600000256,wind_sensor_link,16.1,0.0
1790355129921020903,1790355129,800000256,wind_sensor_link,16.1,0.0
1790355130128088506,1790355130,0,wind_sensor_link,16.1,0.0
1790355130320657155,1790355130,200000000,wind_sensor_link,16.1,0.0
1790355130528183391,1790355130,400000000,wind_sensor_link,16.1,0.0
1790355130720714391,1790355130,600000256,wind_sensor_link,16.1,0.0
1790355130927896668,1790355130,800000256,wind_sensor_link,16.1,0.0
1790355131120566185,1790355131,0,wind_sensor_link,16.1,0.0
1790355131327366410,1790355131,200000000,wind_sensor_link,16.1,0.0
1790355131519854577,1790355131,400000000,wind_sensor_link,16.1,0.0
1790355131727400461,1790355131,600000256,wind_sensor_link,16.1,0.0
1790355131919680963,1790355131,800000256,wind_sensor_link,16.1,0.0
1790355132126887351,1790355132,0,wind_sensor_link,16.1,0.0
1790355132319437091,1790355132,200000000,wind_sensor_link,16.1,0.0
1790355132526670330,1790355132,400000000,wind_sensor_link,16.1,0.0
1790355132719425439,1790355132,600000256,wind_sensor_link,16.1,0.0
1790355132926435736,1790355132,800000256,wind_sensor_link,16.1,0.0
1790355133119134678,1790355133,0,wind_sensor_link,16.1,0.0
1790355133326188308,1790355133,200000000,wind_sensor_link,16.1,0.0
1790355133518984768,1790355133,400000000,wind_sensor_link,16.1,0.0
1790355133725886437,1790355133,600000256,wind_sensor_link,16.0,0.0
1790355133919111762,1790355133,800000256,wind_sensor_link,16.0,0.0
1790355134126242706,1790355134,0,wind_sensor_link,16.0,0.0
1790355134318237064,1790355134,200000000,wind_sensor_link,16.0,0.0
1790355134525381915,1790355134,400000000,wind_sensor_link,16.0,0.0
1790355134718566019,1790355134,600000256,wind_sensor_link,16.0,0.0
1790355134925317504,1790355134,800000256,wind_sensor_link,16.0,0.0
1790355135117996632,1790355135,0,wind_sensor_link,16.0,0.0
1790355135324869375,1790355135,200000000,wind_sensor_link,16.0,0.0
1790355135517792537,1790355135,400000000,wind_sensor_link,16.0,0.0
1790355135725335032,1790355135,600000256,wind_sensor_link,16.0,0.0
1790355135917953142,1790355135,800000256,wind_sensor_link,16.0,0.0
1790355136125814189,1790355136,0,wind_sensor_link,16.0,0.0
1790355136316919038,1790355136,200000000,wind_sensor_link,16.0,0.0
1790355136524536347,1790355136,400000000,wind_sensor_link,16.0,0.0
1790355136717211734,1790355136,600000256,wind_sensor_link,16.0,0.0
1790355136923936479,1790355136,800000256,wind_sensor_link,16.0,0.0
1790355137116893141,1790355137,0,wind_sensor_link,16.0,0.0
1790355137324204397,1790355137,200000000,wind_sensor_link,16.0,0.0
1790355137531303156,1790355137,400000000,wind_sensor_link,16.0,0.0
1790355137724172208,1790355137,600000256,wind_sensor_link,16.0,0.0
1790355137931012044,1790355137,800000256,wind_sensor_link,16.0,0.0
1790355138123940891,1790355138,0,wind_sensor_link,16.0,0.0
1790355138330450972,1790355138,200000000,wind_sensor_link,16.0,0.0
1790355138523218858,1790355138,400000000,wind_sensor_link,16.0,0.0
1790355138730346247,1790355138,600000256,wind_sensor_link,16.0,0.0
1790355138922913561,1790355138,800000256,wind_sensor_link,16.0,0.0
1790355139130001376,1790355139,0,wind_sensor_link,16.0,0.0
1790355139323152924,1790355139,200000000,wind_sensor_link,16.0,0.0
1790355139529857132,1790355139,400000000,wind_sensor_link,16.0,0.0
1790355139722537315,1790355139,600000256,wind_sensor_link,16.0,0.0
1790355139929355670,1790355139,800000256,wind_sensor_link,16.0,0.0
1790355140122759105,1790355140,0,wind_sensor_link,16.0,0.0
1790355140329254315,1790355140,200000000,wind_sensor_link,16.0,0.0
1790355140521690724,1790355140,400000000,wind_sensor_link,16.0,0.0
1790355140729189534,1790355140,600000256,wind_sensor_link,16.0,0.0
1790355140921493092,1790355140,800000256,wind_sensor_link,16.0,0.0
1790355141128864718,1790355141,0,wind_sensor_link,16.0,0.0
1790355141321498606,1790355141,200000000,wind_sensor_link,16.0,0.0
1790355141528408274,1790355141,400000000,wind_sensor_link,16.0,0.0
1790355141720971737,1790355141,600000256,wind_sensor_link,16.0,0.0
1790355141928420640,1790355141,800000256,wind_sensor_link,16.0,0.0
1790355142120787216,1790355142,0,wind_sensor_link,16.0,0.0
1790355142328830390,1790355142,200000000,wind_sensor_link,16.0,0.0
1790355142520723768,1790355142,400000000,wind_sensor_link,16.0,0.0
1790355142728120579,1790355142,600000256,wind_sensor_link,16.0,0.0
1790355142920917131,1790355142,800000256,wind_sensor_link,16.0,0.0
1790355143128330183,1790355143,0,wind_sensor_link,16.0,0.0
1790355143320784665,1790355143,200000000,wind_sensor_link,16.0,0.0
1790355143527406467,1790355143,400000000,wind_sensor_link,16.0,0.0
1790355143720005522,1790355143,600000256,wind_sensor_link,16.0,0.0
1790355143927303612,1790355143,800000256,wind_sensor_link,16.0,0.0
1790355144120149219,1790355144,0,wind_sensor_link,16.0,0.0
1790355144326848779,1790355144,200000000,wind_sensor_link,15.9,0.0
1790355144519397686,1790355144,400000000,wind_sensor_link,15.9,0.0
1790355144726392428,1790355144,600000256,wind_sensor_link,15.9,0.0
1790355144918929150,1790355144,800000256,wind_sensor_link,15.9,0.0
1790355145126647439,1790355145,0,wind_sensor_link,15.9,0.0
1790355145318939386,1790355145,200000000,wind_sensor_link,15.9,0.0
1790355145526330401,1790355145,400000000,wind_sensor_link,15.9,0.0
1790355145718694551,1790355145,600000256,wind_sensor_link,15.9,0.0
1790355145925699737,1790355145,800000256,wind_sensor_link,15.9,0.0
1790355146118863841,1790355146,0,wind_sensor_link,15.9,0.0
1790355146325318348,1790355146,200000000,wind_sensor_link,15.9,0.0
1790355146517670610,1790355146,400000000,wind_sensor_link,15.9,0.0
1790355146725562989,1790355146,600000256,wind_sensor_link,15.9,0.0
1790355146917750215,1790355146,800000256,wind_sensor_link,15.9,0.0
1790355147125339154,1790355147,0,wind_sensor_link,15.9,0.0
1790355147318240242,1790355147,200000000,wind_sensor_link,15.9,0.0
1790355147524575195,1790355147,400000000,wind_sensor_link,15.9,0.0
1790355147717506580,1790355147,600000256,wind_sensor_link,15.9,0.0
1790355147924397137,1790355147,800000256,wind_sensor_link,15.9,0.0
1790355148117738165,1790355148,0,wind_sensor_link,15.9,0.0
1790355148324191561,1790355148,200000000,wind_sensor_link,15.9,0.0
1790355148517660698,1790355148,400000000,wind_sensor_link,15.9,0.0
1790355148724792790,1790355148,600000256,wind_sensor_link,15.9,0.0
1790355148916392023,1790355148,800000256,wind_sensor_link,15.9,0.0
1790355149124176219,1790355149,0,wind_sensor_link,15.9,0.0
1790355149330992555,1790355149,200000000,wind_sensor_link,15.9,0.0
1790355149523779275,1790355149,400000000,wind_sensor_link,15.9,0.0
1790355149732829641,1790355149,600000256,wind_sensor_link,15.9,0.0
1790355149923796529,1790355149,800000256,wind_sensor_link,15.9,0.0
1790355150132791581,1790355150,0,wind_sensor_link,15.9,0.0
1790355150322836017,1790355150,200000000,wind_sensor_link,15.9,0.0
1790355150530402030,1790355150,400000000,wind_sensor_link,15.9,0.0
1790355150722787939,1790355150,600000256,wind_sensor_link,15.9,0.0
1790355150929844532,1790355150,800000256,wind_sensor_link,15.9,0.0
1790355151122698954,1790355151,0,wind_sensor_link,15.9,0.0
1790355151329505050,1790355151,200000000,wind_sensor_link,15.9,0.0
1790355151522442008,1790355151,400000000,wind_sensor_link,15.9,0.0
1790355151729414195,1790355151,600000256,wind_sensor_link,15.9,0.0
1790355151921883140,1790355151,800000256,wind_sensor_link,15.9,0.0
1790355152129220822,1790355152,0,wind_sensor_link,15.9,0.0
1790355152321995264,1790355152,200000000,wind_sensor_link,15.9,0.0
1790355152529018542,1790355152,400000000,wind_sensor_link,15.9,0.0
1790355152721790410,1790355152,600000256,wind_sensor_link,15.9,0.0
1790355152928737707,1790355152,800000256,wind_sensor_link,15.9,0.0
1790355153121102228,1790355153,0,wind_sensor_link,15.9,0.0
1790355153328502446,1790355153,200000000,wind_sensor_link,15.9,0.0
1790355153521120390,1790355153,400000000,wind_sensor_link,15.9,0.0
1790355153728291796,1790355153,600000256,wind_sensor_link,15.9,0.0
1790355153920931573,1790355153,800000256,wind_sensor_link,15.9,0.0
1790355154128014517,1790355154,0,wind_sensor_link,15.9,0.0
1790355154320369704,1790355154,200000000,wind_sensor_link,15.9,0.0
1790355154528328472,1790355154,400000000,wind_sensor_link,15.9,0.0
1790355154720419347,1790355154,600000256,wind_sensor_link,15.9,0.0
1790355154927243628,1790355154,800000256,wind_sensor_link,15.9,0.0
1790355155120548452,1790355155,0,wind_sensor_link,15.9,0.0
1790355155327300697,1790355155,200000000,wind_sensor_link,15.9,0.0
1790355155519700421,1790355155,400000000,wind_sensor_link,15.9,0.0
1790355155726979067,1790355155,600000256,wind_sensor_link,15.9,0.0
1790355155919831729,1790355155,800000256,wind_sensor_link,15.9,0.0
1790355156127827793,1790355156,0,wind_sensor_link,15.9,0.0
1790355156319337675,1790355156,200000000,wind_sensor_link,15.9,0.0
1790355156526482434,1790355156,400000000,wind_sensor_link,15.9,0.0
1790355156720132291,1790355156,600000256,wind_sensor_link,15.9,0.0
1790355156926431467,1790355156,800000256,wind_sensor_link,15.9,0.0
1790355157119035651,1790355157,0,wind_sensor_link,15.9,0.0
1790355157326250946,1790355157,200000000,wind_sensor_link,15.9,0.0
1790355157518866667,1790355157,400000000,wind_sensor_link,15.9,0.0
1790355157725667911,1790355157,600000256,wind_sensor_link,15.9,0.0
1790355157918314058,1790355157,800000256,wind_sensor_link,15.9,0.0
1790355158125482260,1790355158,0,wind_sensor_link,15.9,0.0
1790355158318041723,1790355158,200000000,wind_sensor_link,15.9,0.0
1790355158525230518,1790355158,400000000,wind_sensor_link,15.9,0.0
1790355158717921442,1790355158,600000256,wind_sensor_link,15.9,0.0
1790355158924866777,1790355158,800000256,wind_sensor_link,15.9,0.0
1790355159117945326,1790355159,0,wind_sensor_link,15.9,0.0
1790355159325033660,1790355159,200000000,wind_sensor_link,15.9,0.0
1790355159517896063,1790355159,400000000,wind_sensor_link,15.9,0.0
1790355159724992304,1790355159,600000256,wind_sensor_link,15.9,0.0
1790355159917460953,1790355159,800000256,wind_sensor_link,15.9,0.0
1790355160124564971,1790355160,0,wind_sensor_link,15.9,0.0
1790355160316878473,1790355160,200000000,wind_sensor_link,15.9,0.0
1790355160523888993,1790355160,400000000,wind_sensor_link,15.9,0.0
1790355160731128843,1790355160,600000256,wind_sensor_link,15.9,0.0
1790355160925755578,1790355160,800000256,wind_sensor_link,15.9,0.0
1790355161130964155,1790355161,0,wind_sensor_link,15.9,0.0
1790355161323847058,1790355161,200000000,wind_sensor_link,15.9,0.0
1790355161532774185,1790355161,400000000,wind_sensor_link,15.9,0.0
1790355161723795906,1790355161,600000256,wind_sensor_link,15.9,0.0
1790355161930783148,1790355161,800000256,wind_sensor_link,15.9,0.0
1790355162122823746,1790355162,0,wind_sensor_link,15.9,0.0
1790355162330059263,1790355162,200000000,wind_sensor_link,15.9,0.0
1790355162522729206,1790355162,400000000,wind_sensor_link,15.9,0.0
1790355162729703262,1790355162,600000256,wind_sensor_link,15.9,0.0
1790355162922442112,1790355162,800000256,wind_sensor_link,15.9,0.0
1790355163129327244,1790355163,0,wind_sensor_link,15.9,0.0
1790355163322056093,1790355163,200000000,wind_sensor_link,15.9,0.0
1790355163529676828,1790355163,400000000,wind_sensor_link,15.9,0.0
1790355163721788925,1790355163,600000256,wind_sensor_link,15.9,0.0
1790355163928989924,1790355163,800000256,wind_sensor_link,15.9,0.0
1790355164122485005,1790355164,0,wind_sensor_link,15.9,0.0
1790355164328716311,1790355164,200000000,wind_sensor_link,15.9,0.0
1790355164521738417,1790355164,400000000,wind_sensor_link,15.9,0.0
1790355164728433236,1790355164,600000256,wind_sensor_link,15.9,0.0
1790355164921359694,1790355164,800000256,wind_sensor_link,15.9,0.0
1790355165128213179,1790355165,0,wind_sensor_link,15.9,0.0
1790355165321333838,1790355165,200000000,wind_sensor_link,15.9,0.0
1790355165527982510,1790355165,400000000,wind_sensor_link,15.9,0.0
1790355165720671915,1790355165,600000256,wind_sensor_link,15.9,0.0
1790355165927539048,1790355165,800000256,wind_sensor_link,15.9,0.0
1790355166120336896,1790355166,0,wind_sensor_link,15.9,0.0
1790355166327410526,1790355166,200000000,wind_sensor_link,15.9,0.0
1790355166520058469,1790355166,400000000,wind_sensor_link,15.9,0.0
1790355166727293764,1790355166,600000256,wind_sensor_link,15.9,0.0
1790355166919847800,1790355166,800000256,wind_sensor_link,15.9,0.0
1790355167127060114,1790355167,0,wind_sensor_link,15.9,0.0
1790355167319692242,1790355167,200000000,wind_sensor_link,15.9,0.0
1790355167526917870,1790355167,400000000,wind_sensor_link,15.9,0.0
1790355167719359427,1790355167,600000256,wind_sensor_link,15.9,0.0
1790355167926515555,1790355167,800000256,wind_sensor_link,15.9,0.0
1790355168118828650,1790355168,0,wind_sensor_link,15.9,0.0
1790355168326273035,1790355168,200000000,wind_sensor_link,15.9,0.0
1790355168519299900,1790355168,400000000,wind_sensor_link,15.9,0.0
1790355168726410788,1790355168,600000256,wind_sensor_link,15.9,0.0
1790355168918667514,1790355168,800000256,wind_sensor_link,15.9,0.0
1790355169125833439,1790355169,0,wind_sensor_link,15.9,0.0
1790355169318705731,1790355169,200000000,wind_sensor_link,15.9,0.0
1790355169526109524,1790355169,400000000,wind_sensor_link,15.9,0.0
1790355169718034142,1790355169,600000256,wind_sensor_link,15.9,0.0
1790355169925677357,1790355169,800000256,wind_sensor_link,15.9,0.0
1790355170118800017,1790355170,0,wind_sensor_link,15.9,0.0
1790355170324779363,1790355170,200000000,wind_sensor_link,15.9,0.0
1790355170518080910,1790355170,400000000,wind_sensor_link,15.9,0.0
1790355170724787247,1790355170,600000256,wind_sensor_link,15.9,0.0
1790355170918183367,1790355170,800000256,wind_sensor_link,15.9,0.0
1790355171124508357,1790355171,0,wind_sensor_link,15.9,0.0
1790355171317459815,1790355171,200000000,wind_sensor_link,15.9,0.0
1790355171524478316,1790355171,400000000,wind_sensor_link,15.9,0.0
1790355171716964391,1790355171,600000256,wind_sensor_link,15.9,0.0
1790355171923764690,1790355171,800000256,wind_sensor_link,15.9,0.0
1790355172131680218,1790355172,0,wind_sensor_link,15.9,0.0
1790355172324149033,1790355172,200000000,wind_sensor_link,15.9,0.0
1790355172531375550,1790355172,400000000,wind_sensor_link,15.9,0.0
1790355172723498018,1790355172,600000256,wind_sensor_link,15.9,0.0
1790355172930669498,1790355172,800000256,wind_sensor_link,15.9,0.0
1790355173123285219,1790355173,0,wind_sensor_link,15.9,0.0
1790355173330825751,1790355173,200000000,wind_sensor_link,15.9,0.0
1790355173523037644,1790355173,400000000,wind_sensor_link,15.9,0.0
1790355173730162032,1790355173,600000256,wind_sensor_link,15.9,0.0
1790355173922976825,1790355173,800000256,wind_sensor_link,15.9,0.0
1790355174129905679,1790355174,0,wind_sensor_link,15.9,0.0
1790355174322743823,1790355174,200000000,wind_sensor_link,15.9,0.0
1790355174529458883,1790355174,400000000,wind_sensor_link,15.9,0.0
1790355174722200214,1790355174,600000256,wind_sensor_link,15.9,0.0
1790355174929060901,1790355174,800000256,wind_sensor_link,15.9,0.0
1790355175122020656,1790355175,0,wind_sensor_link,15.9,0.0
1790355175328981824,1790355175,200000000,wind_sensor_link,15.9,0.0
1790355175521697118,1790355175,400000000,wind_sensor_link,15.9,0.0
1790355175728862043,1790355175,600000256,wind_sensor_link,15.9,0.0
1790355175921488579,1790355175,800000256,wind_sensor_link,15.9,0.0
1790355176129419921,1790355176,0,wind_sensor_link,15.9,0.0
1790355176321155800,1790355176,200000000,wind_sensor_link,15.9,0.0
1790355176528506316,1790355176,400000000,wind_sensor_link,15.9,0.0
1790355176720933872,1790355176,600000256,wind_sensor_link,15.9,0.0
1790355176927830504,1790355176,800000256,wind_sensor_link,15.9,0.0
1790355177120716704,1790355177,0,wind_sensor_link,15.9,0.0
1790355177327676279,1790355177,200000000,wind_sensor_link,15.9,0.0
1790355177519493732,1790355177,400000000,wind_sensor_link,15.9,0.0
1790355177727317612,1790355177,600000256,wind_sensor_link,15.9,0.0
1790355177919066343,1790355177,800000256,wind_sensor_link,15.9,0.0
1790355178127358848,1790355178,0,wind_sensor_link,15.9,0.0
1790355178319730794,1790355178,200000000,wind_sensor_link,15.9,0.0
1790355178527187420,1790355178,400000000,wind_sensor_link,15.9,0.0
1790355178718723394,1790355178,600000256,wind_sensor_link,15.9,0.0
1790355178926640032,1790355178,800000256,wind_sensor_link,15.9,0.0
1790355179118911906,1790355179,0,wind_sensor_link,15.9,0.0
1790355179326287402,1790355179,200000000,wind_sensor_link,15.9,0.0
1790355179518748459,1790355179,400000000,wind_sensor_link,15.9,0.0
1790355179727185221,1790355179,600000256,wind_sensor_link,15.9,0.0
1790355179919000136,1790355179,800000256,wind_sensor_link,15.9,0.0
1790355180126105118,1790355180,0,wind_sensor_link,15.9,0.0
1790355180319278203,1790355180,200000000,wind_sensor_link,15.9,0.0
1790355180525937652,1790355180,400000000,wind_sensor_link,15.9,0.0
1790355180719008072,1790355180,600000256,wind_sensor_link,15.9,0.0
1790355180925462820,1790355180,800000256,wind_sensor_link,15.9,0.0
1790355181118809070,1790355181,0,wind_sensor_link,15.9,0.0
1790355181325326335,1790355181,200000000,wind_sensor_link,15.9,0.0
1790355181518768362,1790355181,400000000,wind_sensor_link,15.9,0.0
1790355181725827158,1790355181,600000256,wind_sensor_link,15.9,0.0
1790355181917552834,1790355181,800000256,wind_sensor_link,15.9,0.0
1790355182124997312,1790355182,0,wind_sensor_link,15.9,0.0
1790355182318076935,1790355182,200000000,wind_sensor_link,15.9,0.0
1790355182525156231,1790355182,400000000,wind_sensor_link,15.9,0.0
1790355182717439845,1790355182,600000256,wind_sensor_link,15.9,0.0
1790355182924450142,1790355182,800000256,wind_sensor_link,15.9,0.0
1790355183117460100,1790355183,0,wind_sensor_link,15.9,0.0
1790355183324249307,1790355183,200000000,wind_sensor_link,15.9,0.0
1790355183517388429,1790355183,400000000,wind_sensor_link,15.9,0.0
1790355183724049360,1790355183,600000256,wind_sensor_link,15.9,0.0
1790355183931160286,1790355183,800000256,wind_sensor_link,15.9,0.0
1790355184124829217,1790355184,0,wind_sensor_link,15.9,0.0
1790355184330884562,1790355184,200000000,wind_sensor_link,15.9,0.0
1790355184523547172,1790355184,400000000,wind_sensor_link,15.9,0.0
1790355184730430026,1790355184,600000256,wind_sensor_link,15.9,0.0
1790355184923777961,1790355184,800000256,wind_sensor_link,15.9,0.0
1790355185131051681,1790355185,0,wind_sensor_link,15.9,0.0
1790355185322990873,1790355185,200000000,wind_sensor_link,15.9,0.0
1790355185530032781,1790355185,400000000,wind_sensor_link,15.9,0.0
1790355185722712297,1790355185,600000256,wind_sensor_link,15.9,0.0
1790355185929858093,1790355185,800000256,wind_sensor_link,15.9,0.0
1790355186122652534,1790355186,0,wind_sensor_link,15.9,0.0
1790355186329868496,1790355186,200000000,wind_sensor_link,15.9,0.0
1790355186522748344,1790355186,400000000,wind_sensor_link,15.9,0.0
1790355186729761141,1790355186,600000256,wind_sensor_link,15.9,0.0
1790355186922247345,1790355186,800000256,wind_sensor_link,15.9,0.0
1790355187129194495,1790355187,0,wind_sensor_link,15.9,0.0
1790355187321739809,1790355187,200000000,wind_sensor_link,15.9,0.0
1790355187529094695,1790355187,400000000,wind_sensor_link,15.9,0.0
1790355187721722453,1790355187,600000256,wind_sensor_link,15.9,0.0
1790355187928716898,1790355187,800000256,wind_sensor_link,15.9,0.0
1790355188122454107,1790355188,0,wind_sensor_link,15.9,0.0
1790355188328210826,1790355188,200000000,wind_sensor_link,15.9,0.0
1790355188520880287,1790355188,400000000,wind_sensor_link,15.9,0.0
1790355188728164025,1790355188,600000256,wind_sensor_link,15.9,0.0
1790355188920408917,1790355188,800000256,wind_sensor_link,15.9,0.0
1790355189127878820,1790355189,0,wind_sensor_link,15.9,0.0
1790355189320523226,1790355189,200000000,wind_sensor_link,15.9,0.0
1790355189527944037,1790355189,400000000,wind_sensor_link,15.9,0.0
1790355189720293373,1790355189,600000256,wind_sensor_link,15.9,0.0
1790355189927523890,1790355189,800000256,wind_sensor_link,15.9,0.0
1790355190119952687,1790355190,0,wind_sensor_link,15.9,0.0
1790355190327163871,1790355190,200000000,wind_sensor_link,15.9,0.0
1790355190520033737,1790355190,400000000,wind_sensor_link,15.9,0.0
1790355190726921647,1790355190,600000256,wind_sensor_link,15.9,0.0
1790355190919869179,1790355190,800000256,wind_sensor_link,15.9,0.0
1790355191127803503,1790355191,0,wind_sensor_link,15.9,0.0
1790355191319337384,1790355191,200000000,wind_sensor_link,15.9,0.0
1790355191526371459,1790355191,400000000,wind_sensor_link,15.9,0.0
1790355191719164252,1790355191,600000256,wind_sensor_link,15.9,0.0
1790355191926523193,1790355191,800000256,wind_sensor_link,15.9,0.0
1790355192119245376,1790355192,0,wind_sensor_link,15.9,0.0
1790355192326329025,1790355192,200000000,wind_sensor_link,15.9,0.0
1790355192518552769,1790355192,400000000,wind_sensor_link,15.9,0.0
1790355192725632584,1790355192,600000256,wind_sensor_link,15.9,0.0
1790355192917922586,1790355192,800000256,wind_sensor_link,15.9,0.0
1790355193125403785,1790355193,0,wind_sensor_link,15.9,0.0
1790355193318009229,1790355193,200000000,wind_sensor_link,15.9,0.0
1790355193525452725,1790355193,400000000,wind_sensor_link,15.9,0.0
1790355193717766875,1790355193,600000256,wind_sensor_link,15.9,0.0
1790355193925784013,1790355193,800000256,wind_sensor_link,15.9,0.0
1790355194117229136,1790355194,0,wind_sensor_link,15.9,0.0
1790355194324527560,1790355194,200000000,wind_sensor_link,15.9,0.0
1790355194516991894,1790355194,400000000,wind_sensor_link,15.9,0.0
1790355194724178726,1790355194,600000256,wind_sensor_link,15.9,0.0
1790355194917554303,1790355194,800000256,wind_sensor_link,15.9,0.0
1790355195124795457,1790355195,0,wind_sensor_link,15.9,0.0
1790355195317766883,1790355195,200000000,wind_sensor_link,15.9,0.0
1790355195523674015,1790355195,400000000,wind_sensor_link,15.9,0.0
1790355195731783196,1790355195,600000256,wind_sensor_link,15.9,0.0
1790355195923708726,1790355195,800000256,wind_sensor_link,15.9,0.0
1790355196130873436,1790355196,0,wind_sensor_link,15.9,0.0
1790355196323258368,1790355196,200000000,wind_sensor_link,15.9,0.0
1790355196530665391,1790355196,400000000,wind_sensor_link,15.9,0.0
1790355196723146526,1790355196,600000256,wind_sensor_link,15.9,0.0
1790355196930137905,1790355196,800000256,wind_sensor_link,15.9,0.0
1790355197122916647,1790355197,0,wind_sensor_link,15.9,0.0
1790355197330178968,1790355197,200000000,wind_sensor_link,15.9,0.0
1790355197522421772,1790355197,400000000,wind_sensor_link,15.9,0.0
1790355197729697203,1790355197,600000256,wind_sensor_link,15.9,0.0
1790355197922659332,1790355197,800000256,wind_sensor_link,15.9,0.0
1790355198129497880,1790355198,0,wind_sensor_link,15.9,0.0
1790355198322226549,1790355198,200000000,wind_sensor_link,15.9,0.0
1790355198529446536,1790355198,400000000,wind_sensor_link,15.9,0.0
1790355198721918819,1790355198,600000256,wind_sensor_link,15.9,0.0
1790355198929069826,1790355198,800000256,wind_sensor_link,15.9,0.0
1790355199121444740,1790355199,0,wind_sensor_link,15.9,0.0
1790355199328664061,1790355199,200000000,wind_sensor_link,15.9,0.0
1790355199521649060,1790355199,400000000,wind_sensor_link,15.9,0.0
1790355199728433071,1790355199,600000256,wind_sensor_link,15.9,0.0
1790355199920954095,1790355199,800000256,wind_sensor_link,15.9,0.0
1790355200128271174,1790355200,0,wind_sensor_link,15.9,0.0
1790355200321003176,1790355200,200000000,wind_sensor_link,15.9,0.0
1790355200528793379,1790355200,400000000,wind_sensor_link,15.9,0.0
1790355200721785712,1790355200,600000256,wind_sensor_link,15.9,0.0
1790355200928092802,1790355200,800000256,wind_sensor_link,15.9,0.0
1790355201120910248,1790355201,0,wind_sensor_link,15.9,0.0
1790355201327969534,1790355201,200000000,wind_sensor_link,15.9,0.0
1790355201520140302,1790355201,400000000,wind_sensor_link,15.9,0.0
1790355201727710822,1790355201,600000256,wind_sensor_link,15.9,0.0
1790355201920173883,1790355201,800000256,wind_sensor_link,15.9,0.0
1790355202126887654,1790355202,0,wind_sensor_link,15.9,0.0
1790355202319726915,1790355202,200000000,wind_sensor_link,15.9,0.0
1790355202526862514,1790355202,400000000,wind_sensor_link,15.9,0.0
1790355202719377334,1790355202,600000256,wind_sensor_link,15.9,0.0
1790355202926501137,1790355202,800000256,wind_sensor_link,15.9,0.0
1790355203119549414,1790355203,0,wind_sensor_link,15.9,0.0
1790355203326460424,1790355203,200000000,wind_sensor_link,15.9,0.0
1790355203518971817,1790355203,400000000,wind_sensor_link,15.9,0.0
1790355203726474153,1790355203,600000256,wind_sensor_link,15.9,0.0
1790355203918297073,1790355203,800000256,wind_sensor_link,15.9,0.0
1790355204125505413,1790355204,0,wind_sensor_link,15.9,0.0
1790355204320773461,1790355204,200000000,wind_sensor_link,15.9,0.0
1790355204525480014,1790355204,400000000,wind_sensor_link,15.9,0.0
1790355204718262867,1790355204,600000256,wind_sensor_link,15.9,0.0
1790355204925789555,1790355204,800000256,wind_sensor_link,15.9,0.0
1790355205118804480,1790355205,0,wind_sensor_link,15.9,0.0
1790355205325081904,1790355205,200000000,wind_sensor_link,15.9,0.0
1790355205518142718,1790355205,400000000,wind_sensor_link,15.9,0.0
1790355205724795230,1790355205,600000256,wind_sensor_link,15.9,0.0
1790355205918252428,1790355205,800000256,wind_sensor_link,15.9,0.0
1790355206124727461,1790355206,0,wind_sensor_link,15.9,0.0
1790355206317496741,1790355206,200000000,wind_sensor_link,15.9,0.0
1790355206524406787,1790355206,400000000,wind_sensor_link,15.9,0.0
1790355206717681506,1790355206,600000256,wind_sensor_link,15.9,0.0
1790355206923782413,1790355206,800000256,wind_sensor_link,15.9,0.0
1790355207117087835,1790355207,0,wind_sensor_link,15.9,0.0
1790355207323504517,1790355207,200000000,wind_sensor_link,15.9,0.0
1790355207530881836,1790355207,400000000,wind_sensor_link,15.9,0.0
1790355207723320471,1790355207,600000256,wind_sensor_link,15.9,0.0
1790355207930688383,1790355207,800000256,wind_sensor_link,15.9,0.0
1790355208123562310,1790355208,0,wind_sensor_link,15.9,0.0
1790355208330341154,1790355208,200000000,wind_sensor_link,15.9,0.0
1790355208522955732,1790355208,400000000,wind_sensor_link,15.9,0.0
1790355208730297644,1790355208,600000256,wind_sensor_link,15.9,0.0
1790355208922697002,1790355208,800000256,wind_sensor_link,15.9,0.0
1790355209129884416,1790355209,0,wind_sensor_link,15.9,0.0
1790355209322541067,1790355209,200000000,wind_sensor_link,15.9,0.0
1790355209529508613,1790355209,400000000,wind_sensor_link,15.9,0.0
1790355209722572537,1790355209,600000256,wind_sensor_link,15.9,0.0
1790355209929674378,1790355209,800000256,wind_sensor_link,15.9,0.0
1790355210122742969,1790355210,0,wind_sensor_link,15.9,0.0
1790355210328914228,1790355210,200000000,wind_sensor_link,15.9,0.0
1790355210521961653,1790355210,400000000,wind_sensor_link,15.9,0.0
1790355210728643794,1790355210,600000256,wind_sensor_link,15.9,0.0
1790355210921906476,1790355210,800000256,wind_sensor_link,15.9,0.0
1790355211128345065,1790355211,0,wind_sensor_link,15.9,0.0
1790355211321683338,1790355211,200000000,wind_sensor_link,15.9,0.0
1790355211528538145,1790355211,400000000,wind_sensor_link,15.9,0.0
1790355211720395471,1790355211,600000256,wind_sensor_link,15.9,0.0
1790355211928529708,1790355211,800000256,wind_sensor_link,15.9,0.0
1790355212120676069,1790355212,0,wind_sensor_link,15.9,0.0
1790355212328066666,1790355212,200000000,wind_sensor_link,15.9,0.0
1790355212520384154,1790355212,400000000,wind_sensor_link,15.9,0.0
1790355212727962286,1790355212,600000256,wind_sensor_link,15.9,0.0
1790355212920983118,1790355212,800000256,wind_sensor_link,15.9,0.0
1790355213127361337,1790355213,0,wind_sensor_link,15.9,0.0
1790355213319797065,1790355213,200000000,wind_sensor_link,15.9,0.0
1790355213527074534,1790355213,400000000,wind_sensor_link,15.9,0.0
1790355213719699037,1790355213,600000256,wind_sensor_link,15.9,0.0
1790355213926702823,1790355213,800000256,wind_sensor_link,15.9,0.0
1790355214119414178,1790355214,0,wind_sensor_link,15.9,0.0
1790355214326421853,1790355214,200000000,wind_sensor_link,15.9,0.0
1790355214519429945,1790355214,400000000,wind_sensor_link,15.9,0.0
1790355214726243974,1790355214,600000256,wind_sensor_link,15.9,0.0
1790355214919224066,1790355214,800000256,wind_sensor_link,15.9,0.0
1790355215125988040,1790355215,0,wind_sensor_link,15.9,0.0
1790355215318669191,1790355215,200000000,wind_sensor_link,15.9,0.0
1790355215525737847,1790355215,400000000,wind_sensor_link,15.9,0.0
1790355215718460794,1790355215,600000256,wind_sensor_link,15.9,0.0
1790355215925537265,1790355215,800000256,wind_sensor_link,15.9,0.0
1790355216118064343,1790355216,0,wind_sensor_link,15.9,0.0
1790355216325178017,1790355216,200000000,wind_sensor_link,15.9,0.0
1790355216517779188,1790355216,400000000,wind_sensor_link,15.9,0.0
1790355216725056601,1790355216,600000256,wind_sensor_link,15.9,0.0
1790355216918106914,1790355216,800000256,wind_sensor_link,15.9,0.0
1790355217124840611,1790355217,0,wind_sensor_link,15.9,0.0
1790355217317720389,1790355217,200000000,wind_sensor_link,15.9,0.0
1790355217524269033,1790355217,400000000,wind_sensor_link,15.9,0.0
1790355217717535658,1790355217,600000256,wind_sensor_link,15.9,0.0
1790355217924172116,1790355217,800000256,wind_sensor_link,15.9,0.0
1790355218116536270,1790355218,0,wind_sensor_link,15.9,0.0
1790355218323716721,1790355218,200000000,wind_sensor_link,15.9,0.0
1790355218531223483,1790355218,400000000,wind_sensor_link,15.9,0.0
1790355218724072725,1790355218,600000256,wind_sensor_link,15.9,0.0
1790355218931003123,1790355218,800000256,wind_sensor_link,15.9,0.0
1790355219123444981,1790355219,0,wind_sensor_link,15.9,0.0
1790355219330377527,1790355219,200000000,wind_sensor_link,15.9,0.0
1790355219523094789,1790355219,400000000,wind_sensor_link,15.9,0.0
1790355219730519533,1790355219,600000256,wind_sensor_link,15.9,0.0
1790355219923189036,1790355219,800000256,wind_sensor_link,15.9,0.0
1790355220129906048,1790355220,0,wind_sensor_link,15.9,0.0
1790355220322497885,1790355220,200000000,wind_sensor_link,15.9,0.0
1790355220529854464,1790355220,400000000,wind_sensor_link,15.9,0.0
1790355220722065842,1790355220,600000256,wind_sensor_link,15.9,0.0
1790355220929420903,1790355220,800000256,wind_sensor_link,15.9,0.0
1790355221122357995,1790355221,0,wind_sensor_link,15.9,0.0
1790355221329023063,1790355221,200000000,wind_sensor_link,15.9,0.0
1790355221521811509,1790355221,400000000,wind_sensor_link,15.9,0.0
1790355221729831191,1790355221,600000256,wind_sensor_link,15.9,0.0
1790355221921395985,1790355221,800000256,wind_sensor_link,15.9,0.0
1790355222129812107,1790355222,0,wind_sensor_link,16.0,0.0
1790355222321111033,1790355222,200000000,wind_sensor_link,16.0,0.0
1790355222528399168,1790355222,400000000,wind_sensor_link,16.0,0.0
1790355222720995505,1790355222,600000256,wind_sensor_link,16.0,0.0
1790355222928019402,1790355222,800000256,wind_sensor_link,16.0,0.0
1790355223120545481,1790355223,0,wind_sensor_link,16.0,0.0
1790355223327981892,1790355223,200000000,wind_sensor_link,16.0,0.0
1790355223520871263,1790355223,400000000,wind_sensor_link,16.0,0.0
1790355223727501387,1790355223,600000256,wind_sensor_link,16.0,0.0
1790355223919934633,1790355223,800000256,wind_sensor_link,16.0,0.0
1790355224127747151,1790355224,0,wind_sensor_link,16.0,0.0
1790355224319952104,1790355224,200000000,wind_sensor_link,16.0,0.0
1790355224526965001,1790355224,400000000,wind_sensor_link,16.0,0.0
1790355224720142424,1790355224,600000256,wind_sensor_link,16.0,0.0
1790355224926850380,1790355224,800000256,wind_sensor_link,16.0,0.0
1790355225119528124,1790355225,0,wind_sensor_link,16.0,0.0
1790355225326426023,1790355225,200000000,wind_sensor_link,16.0,0.0
1790355225520126736,1790355225,400000000,wind_sensor_link,16.0,0.0
1790355225726543603,1790355225,600000256,wind_sensor_link,16.0,0.0
1790355225919784415,1790355225,800000256,wind_sensor_link,16.0,0.0
1790355226125984710,1790355226,0,wind_sensor_link,16.0,0.0
1790355226318725508,1790355226,200000000,wind_sensor_link,16.0,0.0
1790355226526783505,1790355226,400000000,wind_sensor_link,16.0,0.0
1790355226718508111,1790355226,600000256,wind_sensor_link,16.0,0.0
1790355226925808746,1790355226,800000256,wind_sensor_link,16.0,0.0
1790355227117903607,1790355227,0,wind_sensor_link,16.0,0.0
1790355227325745320,1790355227,200000000,wind_sensor_link,16.0,0.0
1790355227518810676,1790355227,400000000,wind_sensor_link,16.0,0.0
1790355227725112932,1790355227,600000256,wind_sensor_link,16.0,0.0
1790355227917690885,1790355227,800000256,wind_sensor_link,16.0,0.0
1790355228124705967,1790355228,0,wind_sensor_link,16.0,0.0
1790355228317813748,1790355228,200000000,wind_sensor_link,16.0,0.0
1790355228524443982,1790355228,400000000,wind_sensor_link,16.0,0.0
1790355228717163971,1790355228,600000256,wind_sensor_link,16.0,0.0
1790355228924409106,1790355228,800000256,wind_sensor_link,16.0,0.0
1790355229117266260,1790355229,0,wind_sensor_link,16.0,0.0
1790355229324084140,1790355229,200000000,wind_sensor_link,16.0,0.0
1790355229517124199,1790355229,400000000,wind_sensor_link,16.0,0.0
1790355229723715471,1790355229,600000256,wind_sensor_link,16.0,0.0
1790355229930735497,1790355229,800000256,wind_sensor_link,16.0,0.0
1790355230124253792,1790355230,0,wind_sensor_link,16.0,0.0
1790355230330721213,1790355230,200000000,wind_sensor_link,16.0,0.0
1790355230523219834,1790355230,400000000,wind_sensor_link,16.0,0.0
1790355230730315859,1790355230,600000256,wind_sensor_link,16.0,0.0
1790355230923324919,1790355230,800000256,wind_sensor_link,16.0,0.0
1790355231130154836,1790355231,0,wind_sensor_link,16.0,0.0
1790355231323075342,1790355231,200000000,wind_sensor_link,16.0,0.0
1790355231530074924,1790355231,400000000,wind_sensor_link,16.0,0.0
1790355231722908819,1790355231,600000256,wind_sensor_link,16.0,0.0
1790355231929360962,1790355231,800000256,wind_sensor_link,16.0,0.0
1790355232122157617,1790355232,0,wind_sensor_link,16.0,0.0
1790355232329769322,1790355232,200000000,wind_sensor_link,16.0,0.0
1790355232522354183,1790355232,400000000,wind_sensor_link,16.0,0.0
1790355232729054194,1790355232,600000256,wind_sensor_link,16.0,0.0
1790355232921652536,1790355232,800000256,wind_sensor_link,16.0,0.0
1790355233128764302,1790355233,0,wind_sensor_link,16.0,0.0
1790355233321221145,1790355233,200000000,wind_sensor_link,16.0,0.0
1790355233528479909,1790355233,400000000,wind_sensor_link,16.0,0.0
1790355233721200972,1790355233,600000256,wind_sensor_link,16.0,0.0
1790355233928768197,1790355233,800000256,wind_sensor_link,16.0,0.0
1790355234120889266,1790355234,0,wind_sensor_link,16.0,0.0
1790355234328032068,1790355234,200000000,wind_sensor_link,16.0,0.0
1790355234520557467,1790355234,400000000,wind_sensor_link,16.0,0.0
1790355234727537419,1790355234,600000256,wind_sensor_link,16.0,0.0
1790355234920293500,1790355234,800000256,wind_sensor_link,16.0,0.0
1790355235127334489,1790355235,0,wind_sensor_link,16.0,0.0
1790355235319920461,1790355235,200000000,wind_sensor_link,16.0,0.0
1790355235527366538,1790355235,400000000,wind_sensor_link,16.0,0.0
1790355235719702994,1790355235,600000256,wind_sensor_link,16.0,0.0
1790355235927096202,1790355235,800000256,wind_sensor_link,16.0,0.0
1790355236119694951,1790355236,0,wind_sensor_link,16.0,0.0
1790355236326372296,1790355236,200000000,wind_sensor_link,16.0,0.0
1790355236518915286,1790355236,400000000,wind_sensor_link,16.0,0.0
1790355236726310846,1790355236,600000256,wind_sensor_link,16.0,0.0
1790355236918989742,1790355236,800000256,wind_sensor_link,16.0,0.0
1790355237126094101,1790355237,0,wind_sensor_link,16.0,0.0
1790355237320128410,1790355237,200000000,wind_sensor_link,16.0,0.0
1790355237525899801,1790355237,400000000,wind_sensor_link,16.0,0.0
1790355237718411995,1790355237,600000256,wind_sensor_link,16.0,0.0
1790355237925684037,1790355237,800000256,wind_sensor_link,16.0,0.0
1790355238118662264,1790355238,0,wind_sensor_link,16.0,0.0
1790355238325296572,1790355238,200000000,wind_sensor_link,16.0,0.0
1790355238518443723,1790355238,400000000,wind_sensor_link,16.0,0.0
1790355238725794357,1790355238,600000256,wind_sensor_link,16.0,0.0
1790355238917742743,1790355238,800000256,wind_sensor_link,16.0,0.0
1790355239124815176,1790355239,0,wind_sensor_link,16.0,0.0
1790355239317852421,1790355239,200000000,wind_sensor_link,16.0,0.0
1790355239526782668,1790355239,400000000,wind_sensor_link,16.0,0.0
1790355239717493807,1790355239,600000256,wind_sensor_link,16.0,0.0
1790355239924122541,1790355239,800000256,wind_sensor_link,16.0,0.0
1790355240116796568,1790355240,0,wind_sensor_link,16.0,0.0
1790355240324431902,1790355240,200000000,wind_sensor_link,16.0,0.0
1790355240517106855,1790355240,400000000,wind_sensor_link,16.0,0.0
1790355240723761866,1790355240,600000256,wind_sensor_link,16.0,0.0
1790355240930875688,1790355240,800000256,wind_sensor_link,16.0,0.0
1790355241123479993,1790355241,0,wind_sensor_link,16.0,0.0
1790355241330506852,1790355241,200000000,wind_sensor_link,16.0,0.0
1790355241523178008,1790355241,400000000,wind_sensor_link,16.0,0.0
1790355241730745306,1790355241,600000256,wind_sensor_link,16.0,0.0
1790355241923000393,1790355241,800000256,wind_sensor_link,16.0,0.0
1790355242130457618,1790355242,0,wind_sensor_link,16.0,0.0
1790355242322898147,1790355242,200000000,wind_sensor_link,16.0,0.0
1790355242529824822,1790355242,400000000,wind_sensor_link,16.0,0.0
1790355242722403868,1790355242,600000256,wind_sensor_link,16.0,0.0
1790355242929489356,1790355242,800000256,wind_sensor_link,16.0,0.0
1790355243122417954,1790355243,0,wind_sensor_link,16.0,0.0
1790355243329172391,1790355243,200000000,wind_sensor_link,16.0,0.0
1790355243521776177,1790355243,400000000,wind_sensor_link,16.0,0.0
1790355243729064830,1790355243,600000256,wind_sensor_link,16.0,0.0
1790355243921335712,1790355243,800000256,wind_sensor_link,16.0,0.0
1790355244128643273,1790355244,0,wind_sensor_link,16.0,0.0
1790355244321411502,1790355244,200000000,wind_sensor_link,16.0,0.0
1790355244528407936,1790355244,400000000,wind_sensor_link,16.0,0.0
1790355244720804224,1790355244,600000256,wind_sensor_link,16.0,0.0
1790355244928393726,1790355244,800000256,wind_sensor_link,16.0,0.0
1790355245120542424,1790355245,0,wind_sensor_link,16.0,0.0
1790355245328768346,1790355245,200000000,wind_sensor_link,16.0,0.0
1790355245520568788,1790355245,400000000,wind_sensor_link,16.0,0.0
1790355245727481982,1790355245,600000256,wind_sensor_link,16.0,0.0
1790355245920027103,1790355245,800000256,wind_sensor_link,16.0,0.0
1790355246127324922,1790355246,0,wind_sensor_link,16.0,0.0
1790355246320453222,1790355246,200000000,wind_sensor_link,16.0,0.0
1790355246527262287,1790355246,400000000,wind_sensor_link,16.0,0.0
1790355246720074905,1790355246,600000256,wind_sensor_link,16.0,0.0
1790355246926707768,1790355246,800000256,wind_sensor_link,16.0,0.0
1790355247120829224,1790355247,0,wind_sensor_link,16.0,0.0
1790355247326407265,1790355247,200000000,wind_sensor_link,16.0,0.0
1790355247519525231,1790355247,400000000,wind_sensor_link,16.0,0.0
1790355247726234965,1790355247,600000256,wind_sensor_link,16.0,0.0
1790355247918556495,1790355247,800000256,wind_sensor_link,16.0,0.0
1790355248126489548,1790355248,0,wind_sensor_link,16.0,0.0
1790355248319109835,1790355248,200000000,wind_sensor_link,16.0,0.0
1790355248525533682,1790355248,400000000,wind_sensor_link,16.0,0.0
1790355248718514816,1790355248,600000256,wind_sensor_link,16.0,0.0
1790355248925811043,1790355248,800000256,wind_sensor_link,16.0,0.0
1790355249118543439,1790355249,0,wind_sensor_link,16.0,0.0
1790355249325273005,1790355249,200000000,wind_sensor_link,16.0,0.0
1790355249518295880,1790355249,400000000,wind_sensor_link,16.0,0.0
1790355249725034761,1790355249,600000256,wind_sensor_link,16.0,0.0
1790355249917660566,1790355249,800000256,wind_sensor_link,16.0,0.0
1790355250125051921,1790355250,0,wind_sensor_link,16.0,0.0
1790355250318006352,1790355250,200000000,wind_sensor_link,16.0,0.0
1790355250524762844,1790355250,400000000,wind_sensor_link,16.0,0.0
1790355250717662998,1790355250,600000256,wind_sensor_link,16.0,0.0
1790355250924759468,1790355250,800000256,wind_sensor_link,16.0,0.0
1790355251117796953,1790355251,0,wind_sensor_link,16.0,0.0
1790355251323770564,1790355251,200000000,wind_sensor_link,16.0,0.0
1790355251516799865,1790355251,400000000,wind_sensor_link,16.0,0.0
1790355251723736133,1790355251,600000256,wind_sensor_link,16.0,0.0
1790355251930853121,1790355251,800000256,wind_sensor_link,16.0,0.0
1790355252123436518,1790355252,0,wind_sensor_link,16.0,0.0
1790355252332777354,1790355252,200000000,wind_sensor_link,16.0,0.0
1790355252523775398,1790355252,400000000,wind_sensor_link,16.0,0.0
1790355252730788517,1790355252,600000256,wind_sensor_link,16.0,0.0
1790355252923782595,1790355252,800000256,wind_sensor_link,16.0,0.0
1790355253130790381,1790355253,0,wind_sensor_link,16.0,0.0
1790355253323097170,1790355253,200000000,wind_sensor_link,16.0,0.0
1790355253530449878,1790355253,400000000,wind_sensor_link,16.0,0.0
1790355253722387523,1790355253,600000256,wind_sensor_link,16.0,0.0
1790355253929671676,1790355253,800000256,wind_sensor_link,16.0,0.0
1790355254122403128,1790355254,0,wind_sensor_link,16.0,0.0
1790355254329533060,1790355254,200000000,wind_sensor_link,16.0,0.0
1790355254522131458,1790355254,400000000,wind_sensor_link,16.0,0.0
1790355254729194558,1790355254,600000256,wind_sensor_link,16.0,0.0
1790355254921947102,1790355254,800000256,wind_sensor_link,16.0,0.0
1790355255128746279,1790355255,0,wind_sensor_link,16.0,0.0
1790355255321290510,1790355255,200000000,wind_sensor_link,16.0,0.0
1790355255528548997,1790355255,400000000,wind_sensor_link,16.0,0.0
1790355255721066395,1790355255,600000256,wind_sensor_link,16.0,0.0
1790355255928784692,1790355255,800000256,wind_sensor_link,16.0,0.0
1790355256121825418,1790355256,0,wind_sensor_link,16.0,0.0
1790355256328786371,1790355256,200000000,wind_sensor_link,16.0,0.0
1790355256520766071,1790355256,400000000,wind_sensor_link,16.0,0.0
1790355256727721950,1790355256,600000256,wind_sensor_link,16.0,0.0
1790355256920783231,1790355256,800000256,wind_sensor_link,16.0,0.0
1790355257127819128,1790355257,0,wind_sensor_link,16.0,0.0
1790355257319961011,1790355257,200000000,wind_sensor_link,16.0,0.0
1790355257527143092,1790355257,400000000,wind_sensor_link,16.0,0.0
1790355257719728397,1790355257,600000256,wind_sensor_link,16.0,0.0
1790355257926551425,1790355257,800000256,wind_sensor_link,16.0,0.0
1790355258119394653,1790355258,0,wind_sensor_link,16.0,0.0
1790355258326477197,1790355258,200000000,wind_sensor_link,16.0,0.0
1790355258518858134,1790355258,400000000,wind_sensor_link,16.0,0.0
1790355258726557357,1790355258,600000256,wind_sensor_link,16.0,0.0
1790355258918841943,1790355258,800000256,wind_sensor_link,16.0,0.0
1790355259126491611,1790355259,0,wind_sensor_link,16.0,0.0
1790355259318809400,1790355259,200000000,wind_sensor_link,16.0,0.0
1790355259525503856,1790355259,400000000,wind_sensor_link,16.0,0.0
1790355259718329493,1790355259,600000256,wind_sensor_link,16.0,0.0
1790355259925258660,1790355259,800000256,wind_sensor_link,16.0,0.0
1790355260117503941,1790355260,0,wind_sensor_link,16.0,0.0
1790355260325167008,1790355260,200000000,wind_sensor_link,16.0,0.0
1790355260518115670,1790355260,400000000,wind_sensor_link,16.0,0.0
1790355260724939394,1790355260,600000256,wind_sensor_link,16.0,0.0
1790355260917527745,1790355260,800000256,wind_sensor_link,16.0,0.0
1790355261124552615,1790355261,0,wind_sensor_link,16.0,0.0
1790355261317256039,1790355261,200000000,wind_sensor_link,16.0,0.0
1790355261524212113,1790355261,400000000,wind_sensor_link,16.0,0.0
1790355261717325292,1790355261,600000256,wind_sensor_link,16.0,0.0
1790355261923845409,1790355261,800000256,wind_sensor_link,16.0,0.0
1790355262116724108,1790355262,0,wind_sensor_link,16.0,0.0
1790355262323942069,1790355262,200000000,wind_sensor_link,16.0,0.0
1790355262531714023,1790355262,400000000,wind_sensor_link,16.0,0.0
1790355262723716529,1790355262,600000256,wind_sensor_link,16.0,0.0
1790355262930987340,1790355262,800000256,wind_sensor_link,16.0,0.0
1790355263124435922,1790355263,0,wind_sensor_link,16.0,0.0
1790355263330080882,1790355263,200000000,wind_sensor_link,16.0,0.0
1790355263522940138,1790355263,400000000,wind_sensor_link,16.0,0.0
1790355263730067525,1790355263,600000256,wind_sensor_link,16.0,0.0
1790355263922725635,1790355263,800000256,wind_sensor_link,16.0,0.0
1790355264129822134,1790355264,0,wind_sensor_link,16.0,0.0
1790355264322454114,1790355264,200000000,wind_sensor_link,16.0,0.0
1790355264529556094,1790355264,400000000,wind_sensor_link,16.0,0.0
1790355264722193575,1790355264,600000256,wind_sensor_link,16.0,0.0
1790355264929192111,1790355264,800000256,wind_sensor_link,16.0,0.0
1790355265121853999,1790355265,0,wind_sensor_link,16.0,0.0
1790355265329093959,1790355265,200000000,wind_sensor_link,16.0,0.0
1790355265522031214,1790355265,400000000,wind_sensor_link,16.0,0.0
1790355265728519719,1790355265,600000256,wind_sensor_link,16.0,0.0
1790355265921266995,1790355265,800000256,wind_sensor_link,16.0,0.0
1790355266128348846,1790355266,0,wind_sensor_link,16.0,0.0
1790355266321000770,1790355266,200000000,wind_sensor_link,16.0,0.0
1790355266527958585,1790355266,400000000,wind_sensor_link,16.0,0.0
1790355266720772712,1790355266,600000256,wind_sensor_link,16.0,0.0
1790355266927882359,1790355266,800000256,wind_sensor_link,16.0,0.0
1790355267121002296,1790355267,0,wind_sensor_link,16.0,0.0
1790355267327425303,1790355267,200000000,wind_sensor_link,16.0,0.0
1790355267520201411,1790355267,400000000,wind_sensor_link,16.0,0.0
1790355267727283040,1790355267,600000256,wind_sensor_link,16.0,0.0
1790355267919696578,1790355267,800000256,wind_sensor_link,16.0,0.0
1790355268127420699,1790355268,0,wind_sensor_link,16.0,0.0
1790355268319725202,1790355268,200000000,wind_sensor_link,16.0,0.0
1790355268526751646,1790355268,400000000,wind_sensor_link,16.0,0.0
1790355268719176777,1790355268,600000256,wind_sensor_link,16.0,0.0
1790355268926352330,1790355268,800000256,wind_sensor_link,16.0,0.0
1790355269119208827,1790355269,0,wind_sensor_link,16.0,0.0
1790355269326152420,1790355269,200000000,wind_sensor_link,16.0,0.0
1790355269518517959,1790355269,400000000,wind_sensor_link,16.0,0.0
1790355269725907065,1790355269,600000256,wind_sensor_link,16.0,0.0
1790355269918707766,1790355269,800000256,wind_sensor_link,16.1,0.0
1790355270125764988,1790355270,0,wind_sensor_link,16.1,0.0
1790355270318238581,1790355270,200000000,wind_sensor_link,16.1,0.0
1790355270525446430,1790355270,400000000,wind_sensor_link,16.1,0.0
1790355270718049726,1790355270,600000256,wind_sensor_link,16.1,0.0
1790355270925753977,1790355270,800000256,wind_sensor_link,16.1,0.0
1790355271117805427,1790355271,0,wind_sensor_link,16.1,0.0
1790355271325332680,1790355271,200000000,wind_sensor_link,16.1,0.0
1790355271517749311,1790355271,400000000,wind_sensor_link,16.1,0.0
1790355271724676830,1790355271,600000256,wind_sensor_link,16.1,0.0
1790355271917663640,1790355271,800000256,wind_sensor_link,16.1,0.0
1790355272124112683,1790355272,0,wind_sensor_link,16.1,0.0
1790355272317341953,1790355272,200000000,wind_sensor_link,16.1,0.0
1790355272523924013,1790355272,400000000,wind_sensor_link,16.1,0.0
1790355272717424817,1790355272,600000256,wind_sensor_link,16.1,0.0
1790355272923809194,1790355272,800000256,wind_sensor_link,16.1,0.0
1790355273116971391,1790355273,0,wind_sensor_link,16.1,0.0
1790355273323496378,1790355273,200000000,wind_sensor_link,16.1,0.0
1790355273530960928,1790355273,400000000,wind_sensor_link,16.1,0.0
1790355273723498094,1790355273,600000256,wind_sensor_link,16.1,0.0
1790355273930404595,1790355273,800000256,wind_sensor_link,16.1,0.0
1790355274123033853,1790355274,0,wind_sensor_link,16.1,0.0
1790355274329989317,1790355274,200000000,wind_sensor_link,16.1,0.0
1790355274522692796,1790355274,400000000,wind_sensor_link,16.1,0.0
1790355274729856979,1790355274,600000256,wind_sensor_link,16.1,0.0
1790355274922345647,1790355274,800000256,wind_sensor_link,16.1,0.0
1790355275129985769,1790355275,0,wind_sensor_link,16.1,0.0
1790355275322792358,1790355275,200000000,wind_sensor_link,16.1,0.0
1790355275529228920,1790355275,400000000,wind_sensor_link,16.1,0.0
1790355275721791272,1790355275,600000256,wind_sensor_link,16.1,0.0
1790355275928877345,1790355275,800000256,wind_sensor_link,16.1,0.0
1790355276121654157,1790355276,0,wind_sensor_link,16.1,0.0
1790355276329162169,1790355276,200000000,wind_sensor_link,16.1,0.0
1790355276523763386,1790355276,400000000,wind_sensor_link,16.1,0.0
1790355276730754053,1790355276,600000256,wind_sensor_link,16.1,0.0
1790355276920264588,1790355276,800000256,wind_sensor_link,16.1,0.0
1790355277130711067,1790355277,0,wind_sensor_link,16.1,0.0
1790355277319852995,1790355277,200000000,wind_sensor_link,16.1,0.0
1790355277527361378,1790355277,400000000,wind_sensor_link,16.1,0.0
1790355277719750361,1790355277,600000256,wind_sensor_link,16.1,0.0
1790355277927570518,1790355277,800000256,wind_sensor_link,16.1,0.0
1790355278119377137,1790355278,0,wind_sensor_link,16.1,0.0
1790355278329773302,1790355278,200000000,wind_sensor_link,16.1,0.0
1790355278520017458,1790355278,400000000,wind_sensor_link,16.1,0.0
1790355278727154752,1790355278,600000256,wind_sensor_link,16.1,0.0
1790355278919766381,1790355278,800000256,wind_sensor_link,16.1,0.0
1790355279126924564,1790355279,0,wind_sensor_link,16.1,0.0
1790355279319517990,1790355279,200000000,wind_sensor_link,16.1,0.0
1790355279526564230,1790355279,400000000,wind_sensor_link,16.1,0.0
1790355279719716001,1790355279,600000256,wind_sensor_link,16.1,0.0
1790355279926667186,1790355279,800000256,wind_sensor_link,16.1,0.0
1790355280119176983,1790355280,0,wind_sensor_link,16.1,0.0
1790355280326109835,1790355280,200000000,wind_sensor_link,16.1,0.0
1790355280518120545,1790355280,400000000,wind_sensor_link,16.1,0.0
1790355280725805815,1790355280,600000256,wind_sensor_link,16.1,0.0
1790355280918460073,1790355280,800000256,wind_sensor_link,16.1,0.0
1790355281125457073,1790355281,0,wind_sensor_link,16.1,0.0
1790355281318499345,1790355281,200000000,wind_sensor_link,16.1,0.0
1790355281525710749,1790355281,400000000,wind_sensor_link,16.1,0.0
1790355281718979445,1790355281,600000256,wind_sensor_link,16.1,0.0
1790355281925031530,1790355281,800000256,wind_sensor_link,16.1,0.0
1790355282117349403,1790355282,0,wind_sensor_link,16.1,0.0
1790355282324504864,1790355282,200000000,wind_sensor_link,16.1,0.0
1790355282517365341,1790355282,400000000,wind_sensor_link,16.1,0.0
1790355282724143547,1790355282,600000256,wind_sensor_link,16.1,0.0
1790355282916970192,1790355282,800000256,wind_sensor_link,16.1,0.0
1790355283124474334,1790355283,0,wind_sensor_link,16.1,0.0
1790355283317240480,1790355283,200000000,wind_sensor_link,16.1,0.0
1790355283523880540,1790355283,400000000,wind_sensor_link,16.1,0.0
1790355283716491965,1790355283,600000256,wind_sensor_link,16.1,0.0
1790355283923955200,1790355283,800000256,wind_sensor_link,16.1,0.0
1790355284131793153,1790355284,0,wind_sensor_link,16.1,0.0
1790355284323271332,1790355284,200000000,wind_sensor_link,16.1,0.0
1790355284530486459,1790355284,400000000,wind_sensor_link,16.1,0.0
1790355284723089718,1790355284,600000256,wind_sensor_link,16.1,0.0
1790355284930300437,1790355284,800000256,wind_sensor_link,16.1,0.0
1790355285123810519,1790355285,0,wind_sensor_link,16.1,0.0
1790355285329971676,1790355285,200000000,wind_sensor_link,16.1,0.0
1790355285522570064,1790355285,400000000,wind_sensor_link,16.1,0.0
1790355285729719303,1790355285,600000256,wind_sensor_link,16.1,0.0
1790355285922659243,1790355285,800000256,wind_sensor_link,16.1,0.0
1790355286129219230,1790355286,0,wind_sensor_link,16.1,0.0
1790355286322790792,1790355286,200000000,wind_sensor_link,16.1,0.0
1790355286529121522,1790355286,400000000,wind_sensor_link,16.1,0.0
1790355286722208441,1790355286,600000256,wind_sensor_link,16.1,0.0
1790355286928854019,1790355286,800000256,wind_sensor_link,16.1,0.0
1790355287121495962,1790355287,0,wind_sensor_link,16.1,0.0
1790355287328403186,1790355287,200000000,wind_sensor_link,16.1,0.0
1790355287521183164,1790355287,400000000,wind_sensor_link,16.1,0.0
1790355287728302385,1790355287,600000256,wind_sensor_link,16.1,0.0
1790355287921114160,1790355287,800000256,wind_sensor_link,16.1,0.0
1790355288128230991,1790355288,0,wind_sensor_link,16.1,0.0
1790355288320682474,1790355288,200000000,wind_sensor_link,16.1,0.0
1790355288527743066,1790355288,400000000,wind_sensor_link,16.1,0.0
1790355288720150919,1790355288,600000256,wind_sensor_link,16.1,0.0
1790355288927292880,1790355288,800000256,wind_sensor_link,16.1,0.0
1790355289120698463,1790355289,0,wind_sensor_link,16.1,0.0
1790355289327671408,1790355289,200000000,wind_sensor_link,16.1,0.0
1790355289519641062,1790355289,400000000,wind_sensor_link,16.1,0.0
1790355289726881837,1790355289,600000256,wind_sensor_link,16.1,0.0
1790355289920020052,1790355289,800000256,wind_sensor_link,16.1,0.0
1790355290127092626,1790355290,0,wind_sensor_link,16.0,0.0
1790355290319997177,1790355290,200000000,wind_sensor_link,16.0,0.0
1790355290526373758,1790355290,400000000,wind_sensor_link,16.0,0.0
1790355290719175922,1790355290,600000256,wind_sensor_link,16.0,0.0
1790355290926537047,1790355290,800000256,wind_sensor_link,16.0,0.0
1790355291119074640,1790355291,0,wind_sensor_link,16.0,0.0
1790355291326024547,1790355291,200000000,wind_sensor_link,16.0,0.0
1790355291518354087,1790355291,400000000,wind_sensor_link,16.0,0.0
1790355291725470400,1790355291,600000256,wind_sensor_link,16.0,0.0
1790355291918392877,1790355291,800000256,wind_sensor_link,16.0,0.0
1790355292124939216,1790355292,0,wind_sensor_link,16.0,0.0
1790355292318003413,1790355292,200000000,wind_sensor_link,16.0,0.0
1790355292525204318,1790355292,400000000,wind_sensor_link,16.0,0.0
1790355292718054315,1790355292,600000256,wind_sensor_link,16.0,0.0
1790355292925249479,1790355292,800000256,wind_sensor_link,16.0,0.0
1790355293117976144,1790355293,0,wind_sensor_link,16.0,0.0
1790355293325155512,1790355293,200000000,wind_sensor_link,16.0,0.0
1790355293517686549,1790355293,400000000,wind_sensor_link,16.0,0.0
1790355293724537347,1790355293,600000256,wind_sensor_link,16.0,0.0
1790355293917376658,1790355293,800000256,wind_sensor_link,16.0,0.0
1790355294124307751,1790355294,0,wind_sensor_link,16.0,0.0
1790355294317000009,1790355294,200000000,wind_sensor_link,16.0,0.0
1790355294523736882,1790355294,400000000,wind_sensor_link,16.0,0.0
1790355294716956096,1790355294,600000256,wind_sensor_link,16.0,0.0
1790355294923551286,1790355294,800000256,wind_sensor_link,16.0,0.0
1790355295130789672,1790355295,0,wind_sensor_link,16.0,0.0
1790355295323349561,1790355295,200000000,wind_sensor_link,16.0,0.0
1790355295530464707,1790355295,400000000,wind_sensor_link,16.0,0.0
1790355295723104947,1790355295,600000256,wind_sensor_link,16.0,0.0
1790355295929952319,1790355295,800000256,wind_sensor_link,15.9,0.0
1790355296122533615,1790355296,0,wind_sensor_link,15.9,0.0
1790355296329755686,1790355296,200000000,wind_sensor_link,15.9,0.0
1790355296522297816,1790355296,400000000,wind_sensor_link,15.9,0.0
1790355296730771039,1790355296,600000256,wind_sensor_link,15.9,0.0
1790355296922731361,1790355296,800000256,wind_sensor_link,15.9,0.0
1790355297129272144,1790355297,0,wind_sensor_link,15.9,0.0
1790355297322114918,1790355297,200000000,wind_sensor_link,15.9,0.0
1790355297529166547,1790355297,400000000,wind_sensor_link,15.9,0.0
1790355297721381736,1790355297,600000256,wind_sensor_link,15.9,0.0
1790355297929364299,1790355297,800000256,wind_sensor_link,15.9,0.0
1790355298121487433,1790355298,0,wind_sensor_link,15.9,0.0
1790355298329134629,1790355298,200000000,wind_sensor_link,15.9,0.0
1790355298521484039,1790355298,400000000,wind_sensor_link,15.9,0.0
1790355298728450002,1790355298,600000256,wind_sensor_link,15.9,0.0
1790355298920996002,1790355298,800000256,wind_sensor_link,15.9,0.0
1790355299128691105,1790355299,0,wind_sensor_link,15.9,0.0
1790355299320764092,1790355299,200000000,wind_sensor_link,15.9,0.0
1790355299527959571,1790355299,400000000,wind_sensor_link,15.9,0.0
1790355299720647217,1790355299,600000256,wind_sensor_link,15.9,0.0
1790355299927903121,1790355299,800000256,wind_sensor_link,15.9,0.0
1790355300120255698,1790355300,0,wind_sensor_link,15.9,0.0
1790355300327805228,1790355300,200000000,wind_sensor_link,15.9,0.0
1790355300519940196,1790355300,400000000,wind_sensor_link,15.9,0.0
1790355300727150712,1790355300,600000256,wind_sensor_link,15.9,0.0
1790355300920051078,1790355300,800000256,wind_sensor_link,15.9,0.0
1790355301126927246,1790355301,0,wind_sensor_link,15.9,0.0
1790355301318971715,1790355301,200000000,wind_sensor_link,15.9,0.0
1790355301526918037,1790355301,400000000,wind_sensor_link,15.9,0.0
1790355301719255391,1790355301,600000256,wind_sensor_link,15.9,0.0
1790355301926331816,1790355301,800000256,wind_sensor_link,15.9,0.0
1790355302119806787,1790355302,0,wind_sensor_link,15.9,0.0
1790355302326778083,1790355302,200000000,wind_sensor_link,15.9,0.0
1790355302519284232,1790355302,400000000,wind_sensor_link,15.9,0.0
1790355302725983661,1790355302,600000256,wind_sensor_link,15.9,0.0
1790355302919068988,1790355302,800000256,wind_sensor_link,15.9,0.0
1790355303126075673,1790355303,0,wind_sensor_link,15.9,0.0
1790355303318024069,1790355303,200000000,wind_sensor_link,15.9,0.0
1790355303525453823,1790355303,400000000,wind_sensor_link,15.9,0.0
1790355303718789517,1790355303,600000256,wind_sensor_link,15.9,0.0
1790355303924967342,1790355303,800000256,wind_sensor_link,15.9,0.0
1790355304118330943,1790355304,0,wind_sensor_link,15.8,0.0
1790355304325797012,1790355304,200000000,wind_sensor_link,15.8,0.0
1790355304518010293,1790355304,400000000,wind_sensor_link,15.8,0.0
1790355304724680612,1790355304,600000256,wind_sensor_link,15.8,0.0
1790355304917804235,1790355304,800000256,wind_sensor_link,15.8,0.0
1790355305125383302,1790355305,0,wind_sensor_link,15.8,0.0
1790355305317088534,1790355305,200000000,wind_sensor_link,15.8,0.0
1790355305523969609,1790355305,400000000,wind_sensor_link,15.8,0.0
1790355305717292619,1790355305,600000256,wind_sensor_link,15.8,0.0
1790355305924026473,1790355305,800000256,wind_sensor_link,15.8,0.0
1790355306117179800,1790355306,0,wind_sensor_link,15.8,0.0
1790355306323751304,1790355306,200000000,wind_sensor_link,15.8,0.0
1790355306516979889,1790355306,400000000,wind_sensor_link,15.8,0.0
1790355306723505302,1790355306,600000256,wind_sensor_link,15.8,0.0
1790355306930699244,1790355306,800000256,wind_sensor_link,15.8,0.0
1790355307123479611,1790355307,0,wind_sensor_link,15.8,0.0
1790355307330529833,1790355307,200000000,wind_sensor_link,15.8,0.0
1790355307522913279,1790355307,400000000,wind_sensor_link,15.8,0.0
1790355307730242664,1790355307,600000256,wind_sensor_link,15.8,0.0
1790355307922931866,1790355307,800000256,wind_sensor_link,15.8,0.0
1790355308129958292,1790355308,0,wind_sensor_link,15.8,0.0
1790355308322792344,1790355308,200000000,wind_sensor_link,15.8,0.0
1790355308529970730,1790355308,400000000,wind_sensor_link,15.8,0.0
1790355308722440250,1790355308,600000256,wind_sensor_link,15.8,0.0
1790355308929653432,1790355308,800000256,wind_sensor_link,15.8,0.0
1790355309121999527,1790355309,0,wind_sensor_link,15.8,0.0
1790355309329372986,1790355309,200000000,wind_sensor_link,15.8,0.0
1790355309522015984,1790355309,400000000,wind_sensor_link,15.8,0.0
1790355309729128909,1790355309,600000256,wind_sensor_link,15.8,0.0
1790355309921887962,1790355309,800000256,wind_sensor_link,15.8,0.0
1790355310128967535,1790355310,0,wind_sensor_link,15.8,0.0
1790355310322789539,1790355310,200000000,wind_sensor_link,15.8,0.0
1790355310528768606,1790355310,400000000,wind_sensor_link,15.8,0.0
1790355310721818433,1790355310,600000256,wind_sensor_link,15.8,0.0
1790355310928403660,1790355310,800000256,wind_sensor_link,15.8,0.0
1790355311121097251,1790355311,0,wind_sensor_link,15.8,0.0
1790355311328105529,1790355311,200000000,wind_sensor_link,15.8,0.0
1790355311520933766,1790355311,400000000,wind_sensor_link,15.8,0.0
1790355311728029117,1790355311,600000256,wind_sensor_link,15.8,0.0
1790355311921788936,1790355311,800000256,wind_sensor_link,15.8,0.0
1790355312127867817,1790355312,0,wind_sensor_link,15.8,0.0
1790355312320514760,1790355312,200000000,wind_sensor_link,15.8,0.0
1790355312527651351,1790355312,400000000,wind_sensor_link,15.8,0.0
1790355312719944446,1790355312,600000256,wind_sensor_link,15.8,0.0
1790355312927332256,1790355312,800000256,wind_sensor_link,15.8,0.0
1790355313119969274,1790355313,0,wind_sensor_link,15.8,0.0
1790355313327159975,1790355313,200000000,wind_sensor_link,15.8,0.0
1790355313520211506,1790355313,400000000,wind_sensor_link,15.8,0.0
1790355313726964787,1790355313,600000256,wind_sensor_link,15.8,0.0
1790355313919483583,1790355313,800000256,wind_sensor_link,15.8,0.0
1790355314127453053,1790355314,0,wind_sensor_link,15.8,0.0
1790355314319232192,1790355314,200000000,wind_sensor_link,15.8,0.0
1790355314526705020,1790355314,400000000,wind_sensor_link,15.8,0.0
1790355314719768365,1790355314,600000256,wind_sensor_link,15.8,0.0
1790355314926573090,1790355314,800000256,wind_sensor_link,15.8,0.0
1790355315119783527,1790355315,0,wind_sensor_link,15.8,0.0
1790355315326792397,1790355315,200000000,wind_sensor_link,15.8,0.0
1790355315519035289,1790355315,400000000,wind_sensor_link,15.8,0.0
1790355315726192861,1790355315,600000256,wind_sensor_link,15.8,0.0
1790355315918530697,1790355315,800000256,wind_sensor_link,15.8,0.0
1790355316125537937,1790355316,0,wind_sensor_link,15.8,0.0
1790355316318291527,1790355316,200000000,wind_sensor_link,15.8,0.0
1790355316525222232,1790355316,400000000,wind_sensor_link,15.8,0.0
1790355316719100864,1790355316,600000256,wind_sensor_link,15.8,0.0
1790355316925142227,1790355316,800000256,wind_sensor_link,15.8,0.0
1790355317117738430,1790355317,0,wind_sensor_link,15.8,0.0
1790355317325094167,1790355317,200000000,wind_sensor_link,15.8,0.0
1790355317517560908,1790355317,400000000,wind_sensor_link,15.8,0.0
1790355317724910515,1790355317,600000256,wind_sensor_link,15.8,0.0
1790355317917533125,1790355317,800000256,wind_sensor_link,15.8,0.0
1790355318124570606,1790355318,0,wind_sensor_link,15.8,0.0
1790355318318122058,1790355318,200000000,wind_sensor_link,15.8,0.0
1790355318524616526,1790355318,400000000,wind_sensor_link,15.8,0.0
1790355318717389283,1790355318,600000256,wind_sensor_link,15.8,0.0
1790355318924368135,1790355318,800000256,wind_sensor_link,15.8,0.0
1790355319117253372,1790355319,0,wind_sensor_link,15.8,0.0
1790355319324294760,1790355319,200000000,wind_sensor_link,15.8,0.0
1790355319517335532,1790355319,400000000,wind_sensor_link,15.8,0.0
1790355319723741464,1790355319,600000256,wind_sensor_link,15.8,0.0
1790355319916113763,1790355319,800000256,wind_sensor_link,15.8,0.0
1790355320123244335,1790355320,0,wind_sensor_link,15.8,0.0
1790355320330898346,1790355320,200000000,wind_sensor_link,15.8,0.0
1790355320523295866,1790355320,400000000,wind_sensor_link,15.8,0.0
1790355320730485271,1790355320,600000256,wind_sensor_link,15.8,0.0
1790355320923123863,1790355320,800000256,wind_sensor_link,15.8,0.0
1790355321130675949,1790355321,0,wind_sensor_link,15.8,0.0
1790355321322898841,1790355321,200000000,wind_sensor_link,15.8,0.0
1790355321529810638,1790355321,400000000,wind_sensor_link,15.8,0.0
1790355321723799362,1790355321,600000256,wind_sensor_link,15.8,0.0
1790355321930858676,1790355321,800000256,wind_sensor_link,15.8,0.0
1790355322122503631,1790355322,0,wind_sensor_link,15.8,0.0
1790355322329657296,1790355322,200000000,wind_sensor_link,15.8,0.0
1790355322523824296,1790355322,400000000,wind_sensor_link,15.8,0.0
1790355322729442293,1790355322,600000256,wind_sensor_link,15.8,0.0
1790355322922031255,1790355322,800000256,wind_sensor_link,15.8,0.0
1790355323130046984,1790355323,0,wind_sensor_link,15.8,0.0
1790355323321892826,1790355323,200000000,wind_sensor_link,15.8,0.0
1790355323528823771,1790355323,400000000,wind_sensor_link,15.8,0.0
1790355323721694767,1790355323,600000256,wind_sensor_link,15.8,0.0
1790355323928889471,1790355323,800000256,wind_sensor_link,15.8,0.0
1790355324121465846,1790355324,0,wind_sensor_link,15.8,0.0
1790355324329117202,1790355324,200000000,wind_sensor_link,15.8,0.0
1790355324521343135,1790355324,400000000,wind_sensor_link,15.8,0.0
1790355324728362978,1790355324,600000256,wind_sensor_link,15.8,0.0
1790355324921428404,1790355324,800000256,wind_sensor_link,15.8,0.0
1790355325128173305,1790355325,0,wind_sensor_link,15.8,0.0
1790355325320812401,1790355325,200000000,wind_sensor_link,15.8,0.0
1790355325527794689,1790355325,400000000,wind_sensor_link,15.8,0.0
1790355325720552655,1790355325,600000256,wind_sensor_link,15.8,0.0
1790355325927847291,1790355325,800000256,wind_sensor_link,15.8,0.0
1790355326120371537,1790355326,0,wind_sensor_link,15.8,0.0
1790355326327367843,1790355326,200000000,wind_sensor_link,15.8,0.0
1790355326520299974,1790355326,400000000,wind_sensor_link,15.8,0.0
1790355326727393946,1790355326,600000256,wind_sensor_link,15.8,0.0
1790355326919956746,1790355326,800000256,wind_sensor_link,15.8,0.0
1790355327127121958,1790355327,0,wind_sensor_link,15.8,0.0
1790355327319733592,1790355327,200000000,wind_sensor_link,15.8,0.0
1790355327526800046,1790355327,400000000,wind_sensor_link,15.8,0.0
1790355327719660122,1790355327,600000256,wind_sensor_link,15.8,0.0
1790355327926900518,1790355327,800000256,wind_sensor_link,15.8,0.0
1790355328119415375,1790355328,0,wind_sensor_link,15.8,0.0
1790355328326500680,1790355328,200000000,wind_sensor_link,15.8,0.0
1790355328519231516,1790355328,400000000,wind_sensor_link,15.8,0.0
1790355328726115805,1790355328,600000256,wind_sensor_link,15.8,0.0
1790355328919043010,1790355328,800000256,wind_sensor_link,15.8,0.0
1790355329126626329,1790355329,0,wind_sensor_link,15.8,0.0
1790355329318796356,1790355329,200000000,wind_sensor_link,15.8,0.0
1790355329526016845,1790355329,400000000,wind_sensor_link,15.8,0.0
1790355329718544202,1790355329,600000256,wind_sensor_link,15.8,0.0
1790355329925643822,1790355329,800000256,wind_sensor_link,15.8,0.0
1790355330118417287,1790355330,0,wind_sensor_link,15.8,0.0
1790355330325382890,1790355330,200000000,wind_sensor_link,15.8,0.0
1790355330519181847,1790355330,400000000,wind_sensor_link,15.8,0.0
1790355330725314771,1790355330,600000256,wind_sensor_link,15.8,0.0
1790355330917970312,1790355330,800000256,wind_sensor_link,15.8,0.0
1790355331125244578,1790355331,0,wind_sensor_link,15.8,0.0
1790355331317787805,1790355331,200000000,wind_sensor_link,15.8,0.0
1790355331524989961,1790355331,400000000,wind_sensor_link,15.8,0.0
1790355331717544818,1790355331,600000256,wind_sensor_link,15.8,0.0
1790355331924764566,1790355331,800000256,wind_sensor_link,15.8,0.0
1790355332117671605,1790355332,0,wind_sensor_link,15.8,0.0
1790355332324564578,1790355332,200000000,wind_sensor_link,15.8,0.0
1790355332517312674,1790355332,400000000,wind_sensor_link,15.8,0.0
1790355332724342942,1790355332,600000256,wind_sensor_link,15.8,0.0
1790355332916758485,1790355332,800000256,wind_sensor_link,15.8,0.0
1790355333124174639,1790355333,0,wind_sensor_link,15.8,0.0
1790355333316467239,1790355333,200000000,wind_sensor_link,15.8,0.0
1790355333524764108,1790355333,400000000,wind_sensor_link,15.8,0.0
1790355333718760896,1790355333,600000256,wind_sensor_link,15.8,0.0
1790355333924228641,1790355333,800000256,wind_sensor_link,15.8,0.0
1790355334116501093,1790355334,0,wind_sensor_link,15.8,0.0
1790355334323893951,1790355334,200000000,wind_sensor_link,15.8,0.0
1790355334530638796,1790355334,400000000,wind_sensor_link,15.8,0.0
1790355334723561538,1790355334,600000256,wind_sensor_link,15.8,0.0
1790355334930479197,1790355334,800000256,wind_sensor_link,15.8,0.0
1790355335123650437,1790355335,0,wind_sensor_link,15.8,0.0
1790355335330362578,1790355335,200000000,wind_sensor_link,15.8,0.0
1790355335522725807,1790355335,400000000,wind_sensor_link,15.8,0.0
1790355335730070332,1790355335,600000256,wind_sensor_link,15.8,0.0
1790355335923203554,1790355335,800000256,wind_sensor_link,15.8,0.0
1790355336130305822,1790355336,0,wind_sensor_link,15.8,0.0
1790355336322375831,1790355336,200000000,wind_sensor_link,15.8,0.0
1790355336529690726,1790355336,400000000,wind_sensor_link,15.8,0.0
1790355336722046973,1790355336,600000256,wind_sensor_link,15.8,0.0
1790355336929499294,1790355336,800000256,wind_sensor_link,15.8,0.0
1790355337122042706,1790355337,0,wind_sensor_link,15.8,0.0
1790355337329319972,1790355337,200000000,wind_sensor_link,15.8,0.0
1790355337521773348,1790355337,400000000,wind_sensor_link,15.8,0.0
1790355337729185632,1790355337,600000256,wind_sensor_link,15.8,0.0
1790355337922381002,1790355337,800000256,wind_sensor_link,15.8,0.0
1790355338129090588,1790355338,0,wind_sensor_link,15.8,0.0
1790355338321805628,1790355338,200000000,wind_sensor_link,15.8,0.0
1790355338528721657,1790355338,400000000,wind_sensor_link,15.8,0.0
1790355338721357494,1790355338,600000256,wind_sensor_link,15.8,0.0
1790355338928522354,1790355338,800000256,wind_sensor_link,15.8,0.0
1790355339121255579,1790355339,0,wind_sensor_link,15.8,0.0
1790355339328376644,1790355339,200000000,wind_sensor_link,15.8,0.0
1790355339520741798,1790355339,400000000,wind_sensor_link,15.8,0.0
1790355339728166952,1790355339,600000256,wind_sensor_link,15.8,0.0
1790355339920799086,1790355339,800000256,wind_sensor_link,15.8,0.0
1790355340127882817,1790355340,0,wind_sensor_link,15.8,0.0
1790355340320686949,1790355340,200000000,wind_sensor_link,15.8,0.0
1790355340527702773,1790355340,400000000,wind_sensor_link,15.8,0.0
1790355340720350610,1790355340,600000256,wind_sensor_link,15.8,0.0
1790355340927350249,1790355340,800000256,wind_sensor_link,15.8,0.0
1790355341120711451,1790355341,0,wind_sensor_link,15.8,0.0
1790355341327194243,1790355341,200000000,wind_sensor_link,15.8,0.0
1790355341519744303,1790355341,400000000,wind_sensor_link,15.8,0.0
1790355341727176957,1790355341,600000256,wind_sensor_link,15.8,0.0
1790355341919774480,1790355341,800000256,wind_sensor_link,15.8,0.0
1790355342127011746,1790355342,0,wind_sensor_link,15.8,0.0
1790355342319664584,1790355342,200000000,wind_sensor_link,15.8,0.0
1790355342526779111,1790355342,400000000,wind_sensor_link,15.8,0.0
1790355342719455874,1790355342,600000256,wind_sensor_link,15.8,0.0
1790355342927812186,1790355342,800000256,wind_sensor_link,15.8,0.0
1790355343118970592,1790355343,0,wind_sensor_link,15.8,0.0
1790355343326421246,1790355343,200000000,wind_sensor_link,15.8,0.0
1790355343519015602,1790355343,400000000,wind_sensor_link,15.8,0.0
1790355343726226647,1790355343,600000256,wind_sensor_link,15.7,0.0
1790355343919301813,1790355343,800000256,wind_sensor_link,15.7,0.0
1790355344126009714,1790355344,0,wind_sensor_link,15.7,0.0
1790355344319137862,1790355344,200000000,wind_sensor_link,15.7,0.0
1790355344525760320,1790355344,400000000,wind_sensor_link,15.7,0.0
1790355344720165660,1790355344,600000256,wind_sensor_link,15.7,0.0
1790355344925450129,1790355344,800000256,wind_sensor_link,15.7,0.0
1790355345119106087,1790355345,0,wind_sensor_link,15.7,0.0
1790355345325479880,1790355345,200000000,wind_sensor_link,15.7,0.0
1790355345518224383,1790355345,400000000,wind_sensor_link,15.7,0.0
1790355345725338040,1790355345,600000256,wind_sensor_link,15.7,0.0
1790355345918041061,1790355345,800000256,wind_sensor_link,15.7,0.0
1790355346125184977,1790355346,0,wind_sensor_link,15.7,0.0
1790355346317780944,1790355346,200000000,wind_sensor_link,15.7,0.0
1790355346525171488,1790355346,400000000,wind_sensor_link,15.7,0.0
1790355346717527198,1790355346,600000256,wind_sensor_link,15.7,0.0
1790355346925050018,1790355346,800000256,wind_sensor_link,15.7,0.0
1790355347117543800,1790355347,0,wind_sensor_link,15.7,0.0
1790355347324704012,1790355347,200000000,wind_sensor_link,15.7,0.0
1790355347517153870,1790355347,400000000,wind_sensor_link,15.7,0.0
1790355347724422692,1790355347,600000256,wind_sensor_link,15.7,0.0
1790355347917534099,1790355347,800000256,wind_sensor_link,15.7,0.0
1790355348123987706,1790355348,0,wind_sensor_link,15.7,0.0
1790355348317298482,1790355348,200000000,wind_sensor_link,15.7,0.0
1790355348523977439,1790355348,400000000,wind_sensor_link,15.7,0.0
1790355348716349149,1790355348,600000256,wind_sensor_link,15.7,0.0
1790355348923991986,1790355348,800000256,wind_sensor_link,15.7,0.0
1790355349116575194,1790355349,0,wind_sensor_link,15.7,0.0
1790355349323955849,1790355349,200000000,wind_sensor_link,15.7,0.0
1790355349516381854,1790355349,400000000,wind_sensor_link,15.7,0.0
1790355349723896933,1790355349,600000256,wind_sensor_link,15.7,0.0
1790355349931132867,1790355349,800000256,wind_sensor_link,15.7,0.0
1790355350123227801,1790355350,0,wind_sensor_link,15.7,0.0
1790355350330487290,1790355350,200000000,wind_sensor_link,15.7,0.0
1790355350523829344,1790355350,400000000,wind_sensor_link,15.7,0.0
1790355350730514652,1790355350,600000256,wind_sensor_link,15.7,0.0
1790355350923254822,1790355350,800000256,wind_sensor_link,15.7,0.0
1790355351130793105,1790355351,0,wind_sensor_link,15.7,0.0
1790355351322907780,1790355351,200000000,wind_sensor_link,15.7,0.0
1790355351529803901,1790355351,400000000,wind_sensor_link,15.7,0.0
1790355351722664977,1790355351,600000256,wind_sensor_link,15.7,0.0
1790355351929861837,1790355351,800000256,wind_sensor_link,15.7,0.0
1790355352122424638,1790355352,0,wind_sensor_link,15.7,0.0
1790355352330795728,1790355352,200000000,wind_sensor_link,15.7,0.0
1790355352522332964,1790355352,400000000,wind_sensor_link,15.7,0.0
1790355352729704804,1790355352,600000256,wind_sensor_link,15.7,0.0
1790355352922109458,1790355352,800000256,wind_sensor_link,15.7,0.0
1790355353129936386,1790355353,0,wind_sensor_link,15.7,0.0
1790355353321965303,1790355353,200000000,wind_sensor_link,15.7,0.0
1790355353528945146,1790355353,400000000,wind_sensor_link,15.7,0.0
1790355353721764945,1790355353,600000256,wind_sensor_link,15.7,0.0
1790355353929779760,1790355353,800000256,wind_sensor_link,15.7,0.0
1790355354121560031,1790355354,0,wind_sensor_link,15.7,0.0
1790355354328855667,1790355354,200000000,wind_sensor_link,15.7,0.0
1790355354521216544,1790355354,400000000,wind_sensor_link,15.7,0.0
1790355354728432163,1790355354,600000256,wind_sensor_link,15.7,0.0
1790355354921011149,1790355354,800000256,wind_sensor_link,15.7,0.0
1790355355128196083,1790355355,0,wind_sensor_link,15.7,0.0
1790355355321095381,1790355355,200000000,wind_sensor_link,15.7,0.0
1790355355528177519,1790355355,400000000,wind_sensor_link,15.7,0.0
1790355355721022855,1790355355,600000256,wind_sensor_link,15.7,0.0
1790355355928054920,1790355355,800000256,wind_sensor_link,15.7,0.0
1790355356121301992,1790355356,0,wind_sensor_link,15.7,0.0
1790355356327817117,1790355356,200000000,wind_sensor_link,15.7,0.0
1790355356520771169,1790355356,400000000,wind_sensor_link,15.7,0.0
1790355356727775020,1790355356,600000256,wind_sensor_link,15.7,0.0
1790355356920462353,1790355356,800000256,wind_sensor_link,15.7,0.0
1790355357128010927,1790355357,0,wind_sensor_link,15.7,0.0
1790355357320371611,1790355357,200000000,wind_sensor_link,15.7,0.0
1790355357527298555,1790355357,400000000,wind_sensor_link,15.7,0.0
1790355357720160240,1790355357,600000256,wind_sensor_link,15.7,0.0
1790355357927368184,1790355357,800000256,wind_sensor_link,15.7,0.0
1790355358120003295,1790355358,0,wind_sensor_link,15.7,0.0
1790355358327338998,1790355358,200000000,wind_sensor_link,15.7,0.0
1790355358519550904,1790355358,400000000,wind_sensor_link,15.7,0.0
1790355358726873293,1790355358,600000256,wind_sensor_link,15.7,0.0
1790355358919651645,1790355358,800000256,wind_sensor_link,15.7,0.0
1790355359126952774,1790355359,0,wind_sensor_link,15.7,0.0
1790355359319549922,1790355359,200000000,wind_sensor_link,15.7,0.0
1790355359527090311,1790355359,400000000,wind_sensor_link,15.7,0.0
1790355359719467144,1790355359,600000256,wind_sensor_link,15.7,0.0
1790355359926663124,1790355359,800000256,wind_sensor_link,15.7,0.0
1790355360119388347,1790355360,0,wind_sensor_link,15.7,0.0
1790355360326183160,1790355360,200000000,wind_sensor_link,15.7,0.0
1790355360519006549,1790355360,400000000,wind_sensor_link,15.7,0.0
1790355360726116511,1790355360,600000256,wind_sensor_link,15.7,0.0
1790355360919370531,1790355360,800000256,wind_sensor_link,15.7,0.0
1790355361126225992,1790355361,0,wind_sensor_link,15.7,0.0
1790355361318530973,1790355361,200000000,wind_sensor_link,15.7,0.0
1790355361526345140,1790355361,400000000,wind_sensor_link,15.7,0.0
1790355361718299824,1790355361,600000256,wind_sensor_link,15.7,0.0
1790355361926284381,1790355361,800000256,wind_sensor_link,15.7,0.0
1790355362118564324,1790355362,0,wind_sensor_link,15.7,0.0
1790355362325838916,1790355362,200000000,wind_sensor_link,15.7,0.0
1790355362518306582,1790355362,400000000,wind_sensor_link,15.7,0.0
1790355362725665286,1790355362,600000256,wind_sensor_link,15.7,0.0
1790355362918200933,1790355362,800000256,wind_sensor_link,15.7,0.0
1790355363125546840,1790355363,0,wind_sensor_link,15.7,0.0
1790355363318289507,1790355363,200000000,wind_sensor_link,15.7,0.0
1790355363525057487,1790355363,400000000,wind_sensor_link,15.7,0.0
1790355363717777098,1790355363,600000256,wind_sensor_link,15.7,0.0
1790355363924893801,1790355363,800000256,wind_sensor_link,15.7,0.0
1790355364117439541,1790355364,0,wind_sensor_link,15.7,0.0
1790355364324715763,1790355364,200000000,wind_sensor_link,15.7,0.0
1790355364517301744,1790355364,400000000,wind_sensor_link,15.7,0.0
1790355364724762244,1790355364,600000256,wind_sensor_link,15.7,0.0
1790355364917455078,1790355364,800000256,wind_sensor_link,15.7,0.0
1790355365124921818,1790355365,0,wind_sensor_link,15.7,0.0
1790355365317822726,1790355365,200000000,wind_sensor_link,15.7,0.0
1790355365524271131,1790355365,400000000,wind_sensor_link,15.7,0.0
1790355365717550169,1790355365,600000256,wind_sensor_link,15.7,0.0
1790355365924123649,1790355365,800000256,wind_sensor_link,15.7,0.0
1790355366117122149,1790355366,0,wind_sensor_link,15.7,0.0
1790355366324370575,1790355366,200000000,wind_sensor_link,15.7,0.0
1790355366516493907,1790355366,400000000,wind_sensor_link,15.7,0.0
1790355366724115444,1790355366,600000256,wind_sensor_link,15.7,0.0
1790355366917170297,1790355366,800000256,wind_sensor_link,15.7,0.0
1790355367123991425,1790355367,0,wind_sensor_link,15.7,0.0
1790355367317130908,1790355367,200000000,wind_sensor_link,15.7,0.0
1790355367523681479,1790355367,400000000,wind_sensor_link,15.7,0.0
1790355367716936258,1790355367,600000256,wind_sensor_link,15.7,0.0
1790355367923880498,1790355367,800000256,wind_sensor_link,15.7,0.0
1790355368131099793,1790355368,0,wind_sensor_link,15.7,0.0
1790355368323864294,1790355368,200000000,wind_sensor_link,15.7,0.0
1790355368530977700,1790355368,400000000,wind_sensor_link,15.8,0.0
1790355368723412514,1790355368,600000256,wind_sensor_link,15.8,0.0
1790355368930462680,1790355368,800000256,wind_sensor_link,15.8,0.0
1790355369123669792,1790355369,0,wind_sensor_link,15.8,0.0
1790355369330748088,1790355369,200000000,wind_sensor_link,15.8,0.0
1790355369522844623,1790355369,400000000,wind_sensor_link,15.8,0.0
1790355369730175530,1790355369,600000256,wind_sensor_link,15.8,0.0
1790355369923283494,1790355369,800000256,wind_sensor_link,15.8,0.0
1790355370129993233,1790355370,0,wind_sensor_link,15.8,0.0
1790355370322769196,1790355370,200000000,wind_sensor_link,15.8,0.0
1790355370529836843,1790355370,400000000,wind_sensor_link,15.8,0.0
1790355370722956641,1790355370,600000256,wind_sensor_link,15.8,0.0
1790355370929772713,1790355370,800000256,wind_sensor_link,15.8,0.0
1790355371122447361,1790355371,0,wind_sensor_link,15.8,0.0
1790355371330038843,1790355371,200000000,wind_sensor_link,15.8,0.0
1790355371522018304,1790355371,400000000,wind_sensor_link,15.8,0.0
1790355371729141933,1790355371,600000256,wind_sensor_link,15.8,0.0
1790355371922035137,1790355371,800000256,wind_sensor_link,15.8,0.0
1790355372129109895,1790355372,0,wind_sensor_link,15.8,0.0
1790355372321698488,1790355372,200000000,wind_sensor_link,15.8,0.0
1790355372528963413,1790355372,400000000,wind_sensor_link,15.8,0.0
1790355372721791513,1790355372,600000256,wind_sensor_link,15.8,0.0
1790355372928807733,1790355372,800000256,wind_sensor_link,15.8,0.0
1790355373121744994,1790355373,0,wind_sensor_link,15.8,0.0
1790355373328910714,1790355373,200000000,wind_sensor_link,15.8,0.0
1790355373521260399,1790355373,400000000,wind_sensor_link,15.8,0.0
1790355373728869065,1790355373,600000256,wind_sensor_link,15.8,0.0
1790355373921052231,1790355373,800000256,wind_sensor_link,15.8,0.0
1790355374129836493,1790355374,0,wind_sensor_link,15.8,0.0
1790355374321127731,1790355374,200000000,wind_sensor_link,15.8,0.0
1790355374528089229,1790355374,400000000,wind_sensor_link,15.8,0.0
1790355374721001767,1790355374,600000256,wind_sensor_link,15.8,0.0
1790355374928000950,1790355374,800000256,wind_sensor_link,15.8,0.0
1790355375121286712,1790355375,0,wind_sensor_link,15.8,0.0
1790355375327988431,1790355375,200000000,wind_sensor_link,15.8,0.0
1790355375520677043,1790355375,400000000,wind_sensor_link,15.8,0.0
1790355375727865319,1790355375,600000256,wind_sensor_link,15.8,0.0
1790355375920437875,1790355375,800000256,wind_sensor_link,15.8,0.0
1790355376127527632,1790355376,0,wind_sensor_link,15.8,0.0
1790355376320429467,1790355376,200000000,wind_sensor_link,15.8,0.0
1790355376527829558,1790355376,400000000,wind_sensor_link,15.8,0.0
1790355376720235095,1790355376,600000256,wind_sensor_link,15.8,0.0
1790355376927244167,1790355376,800000256,wind_sensor_link,15.8,0.0
1790355377120429280,1790355377,0,wind_sensor_link,15.8,0.0
1790355377327254259,1790355377,200000000,wind_sensor_link,15.8,0.0
1790355377519817037,1790355377,400000000,wind_sensor_link,15.8,0.0
1790355377727185147,1790355377,600000256,wind_sensor_link,15.8,0.0
1790355377919394739,1790355377,800000256,wind_sensor_link,15.8,0.0
1790355378127024331,1790355378,0,wind_sensor_link,15.8,0.0
1790355378320113074,1790355378,200000000,wind_sensor_link,15.8,0.0
1790355378526666293,1790355378,400000000,wind_sensor_link,15.8,0.0
1790355378719889980,1790355378,600000256,wind_sensor_link,15.8,0.0
1790355378926560570,1790355378,800000256,wind_sensor_link,15.8,0.0
1790355379119707979,1790355379,0,wind_sensor_link,15.8,0.0
1790355379326434680,1790355379,200000000,wind_sensor_link,15.8,0.0
1790355379519227514,1790355379,400000000,wind_sensor_link,15.7,0.0
1790355379726776754,1790355379,600000256,wind_sensor_link,15.7,0.0
1790355379919800015,1790355379,800000256,wind_sensor_link,15.7,0.0
1790355380126783994,1790355380,0,wind_sensor_link,15.7,0.0
1790355380318898734,1790355380,200000000,wind_sensor_link,15.7,0.0
1790355380525906491,1790355380,400000000,wind_sensor_link,15.7,0.0
1790355380718559140,1790355380,600000256,wind_sensor_link,15.7,0.0
1790355380926339918,1790355380,800000256,wind_sensor_link,15.7,0.0
1790355381118732862,1790355381,0,wind_sensor_link,15.7,0.0
1790355381326040361,1790355381,200000000,wind_sensor_link,15.7,0.0
1790355381518450120,1790355381,400000000,wind_sensor_link,15.7,0.0
1790355381725904564,1790355381,600000256,wind_sensor_link,15.7,0.0
1790355381918323230,1790355381,800000256,wind_sensor_link,15.7,0.0
1790355382125445895,1790355382,0,wind_sensor_link,15.7,0.0
1790355382318680434,1790355382,200000000,wind_sensor_link,15.7,0.0
1790355382526159452,1790355382,400000000,wind_sensor_link,15.7,0.0
1790355382718031987,1790355382,600000256,wind_sensor_link,15.7,0.0
1790355382925472857,1790355382,800000256,wind_sensor_link,15.7,0.0
1790355383118247135,1790355383,0,wind_sensor_link,15.7,0.0
1790355383325112448,1790355383,200000000,wind_sensor_link,15.7,0.0
1790355383517517485,1790355383,400000000,wind_sensor_link,15.7,0.0
1790355383724751187,1790355383,600000256,wind_sensor_link,15.7,0.0
1790355383917710559,1790355383,800000256,wind_sensor_link,15.7,0.0
1790355384124878039,1790355384,0,wind_sensor_link,15.7,0.0
1790355384318417523,1790355384,200000000,wind_sensor_link,15.7,0.0
1790355384524360870,1790355384,400000000,wind_sensor_link,15.7,0.0
1790355384717872743,1790355384,600000256,wind_sensor_link,15.7,0.0
1790355384924972334,1790355384,800000256,wind_sensor_link,15.7,0.0
1790355385117715335,1790355385,0,wind_sensor_link,15.7,0.0
1790355385324861240,1790355385,200000000,wind_sensor_link,15.7,0.0
1790355385517063721,1790355385,400000000,wind_sensor_link,15.7,0.0
1790355385724692832,1790355385,600000256,wind_sensor_link,15.7,0.0
1790355385917426018,1790355385,800000256,wind_sensor_link,15.7,0.0
1790355386124295423,1790355386,0,wind_sensor_link,15.7,0.0
1790355386317546184,1790355386,200000000,wind_sensor_link,15.7,0.0
1790355386524034199,1790355386,400000000,wind_sensor_link,15.7,0.0
1790355386731181994,1790355386,600000256,wind_sensor_link,15.7,0.0
1790355386923771939,1790355386,800000256,wind_sensor_link,15.7,0.0
1790355387130979567,1790355387,0,wind_sensor_link,15.8,0.0
1790355387323698290,1790355387,200000000,wind_sensor_link,15.8,0.0
1790355387530923066,1790355387,400000000,wind_sensor_link,15.8,0.0
1790355387723741956,1790355387,600000256,wind_sensor_link,15.8,0.0
1790355387930700232,1790355387,800000256,wind_sensor_link,15.8,0.0
1790355388123469084,1790355388,0,wind_sensor_link,15.8,0.0
1790355388330472230,1790355388,200000000,wind_sensor_link,15.8,0.0
1790355388522973879,1790355388,400000000,wind_sensor_link,15.8,0.0
1790355388730397581,1790355388,600000256,wind_sensor_link,15.8,0.0
1790355388923058193,1790355388,800000256,wind_sensor_link,15.8,0.0
1790355389130073654,1790355389,0,wind_sensor_link,15.8,0.0
1790355389323776805,1790355389,200000000,wind_sensor_link,15.8,0.0
1790355389530008098,1790355389,400000000,wind_sensor_link,15.8,0.0
1790355389722745432,1790355389,600000256,wind_sensor_link,15.8,0.0
1790355389930404616,1790355389,800000256,wind_sensor_link,15.8,0.0
1790355390122698783,1790355390,0,wind_sensor_link,15.8,0.0
1790355390330289504,1790355390,200000000,wind_sensor_link,15.8,0.0
1790355390522323392,1790355390,400000000,wind_sensor_link,15.8,0.0
1790355390729970403,1790355390,600000256,wind_sensor_link,15.8,0.0
1790355390922771638,1790355390,800000256,wind_sensor_link,15.8,0.0
1790355391129823767,1790355391,0,wind_sensor_link,15.8,0.0
1790355391322051101,1790355391,200000000,wind_sensor_link,15.8,0.0
1790355391529826667,1790355391,400000000,wind_sensor_link,15.8,0.0
1790355391722167537,1790355391,600000256,wind_sensor_link,15.8,0.0
1790355391929319406,1790355391,800000256,wind_sensor_link,15.8,0.0
1790355392122032049,1790355392,0,wind_sensor_link,15.8,0.0
1790355392329245343,1790355392,200000000,wind_sensor_link,15.8,0.0
1790355392522269057,1790355392,400000000,wind_sensor_link,15.8,0.0
1790355392729062245,1790355392,600000256,wind_sensor_link,15.8,0.0
1790355392921715667,1790355392,800000256,wind_sensor_link,15.8,0.0
1790355393128690019,1790355393,0,wind_sensor_link,15.8,0.0
1790355393321569772,1790355393,200000000,wind_sensor_link,15.8,0.0
1790355393529198487,1790355393,400000000,wind_sensor_link,15.8,0.0
1790355393721855409,1790355393,600000256,wind_sensor_link,15.8,0.0
1790355393928986945,1790355393,800000256,wind_sensor_link,15.8,0.0
1790355394121687774,1790355394,0,wind_sensor_link,15.8,0.0
1790355394328838254,1790355394,200000000,wind_sensor_link,15.8,0.0
1790355394521237734,1790355394,400000000,wind_sensor_link,15.8,0.0
1790355394728382807,1790355394,600000256,wind_sensor_link,15.8,0.0
1790355394920910045,1790355394,800000256,wind_sensor_link,15.8,0.0
1790355395128240893,1790355395,0,wind_sensor_link,15.8,0.0
1790355395320829094,1790355395,200000000,wind_sensor_link,15.8,0.0
1790355395527874408,1790355395,400000000,wind_sensor_link,15.8,0.0
1790355395720936863,1790355395,600000256,wind_sensor_link,15.8,0.0
1790355395927722069,1790355395,800000256,wind_sensor_link,15.8,0.0
1790355396120651414,1790355396,0,wind_sensor_link,15.8,0.0
1790355396327546471,1790355396,200000000,wind_sensor_link,15.8,0.0
1790355396520391169,1790355396,400000000,wind_sensor_link,15.8,0.0
1790355396727405965,1790355396,600000256,wind_sensor_link,15.8,0.0
1790355396920191293,1790355396,800000256,wind_sensor_link,15.8,0.0
1790355397127207645,1790355397,0,wind_sensor_link,15.8,0.0
1790355397320185156,1790355397,200000000,wind_sensor_link,15.8,0.0
1790355397527369691,1790355397,400000000,wind_sensor_link,15.8,0.0
1790355397720018946,1790355397,600000256,wind_sensor_link,15.8,0.0
1790355397927178630,1790355397,800000256,wind_sensor_link,15.8,0.0
1790355398120232881,1790355398,0,wind_sensor_link,15.8,0.0
1790355398326859514,1790355398,200000000,wind_sensor_link,15.8,0.0
1790355398520128041,1790355398,400000000,wind_sensor_link,15.8,0.0
1790355398726942395,1790355398,600000256,wind_sensor_link,15.8,0.0
1790355398919499836,1790355398,800000256,wind_sensor_link,15.8,0.0
1790355399126810148,1790355399,0,wind_sensor_link,15.8,0.0
1790355399319172333,1790355399,200000000,wind_sensor_link,15.8,0.0
1790355399526554754,1790355399,400000000,wind_sensor_link,15.8,0.0
1790355399719369008,1790355399,600000256,wind_sensor_link,15.8,0.0
1790355399926641079,1790355399,800000256,wind_sensor_link,15.8,0.0
1790355400118817617,1790355400,0,wind_sensor_link,15.8,0.0
1790355400326437722,1790355400,200000000,wind_sensor_link,15.8,0.0
1790355400519050940,1790355400,400000000,wind_sensor_link,15.8,0.0
1790355400726205198,1790355400,600000256,wind_sensor_link,15.8,0.0
1790355400918650771,1790355400,800000256,wind_sensor_link,15.8,0.0
1790355401126119006,1790355401,0,wind_sensor_link,15.8,0.0
1790355401318764280,1790355401,200000000,wind_sensor_link,15.8,0.0
1790355401525728651,1790355401,400000000,wind_sensor_link,15.8,0.0
1790355401718679625,1790355401,600000256,wind_sensor_link,15.8,0.0
1790355401925877790,1790355401,800000256,wind_sensor_link,15.8,0.0
1790355402118456417,1790355402,0,wind_sensor_link,15.8,0.0
1790355402325548749,1790355402,200000000,wind_sensor_link,15.8,0.0
1790355402518671481,1790355402,400000000,wind_sensor_link,15.8,0.0
1790355402725998921,1790355402,600000256,wind_sensor_link,15.8,0.0
1790355402918555733,1790355402,800000256,wind_sensor_link,15.8,0.0
1790355403125215515,1790355403,0,wind_sensor_link,15.8,0.0
1790355403318031287,1790355403,200000000,wind_sensor_link,15.8,0.0
1790355403524987121,1790355403,400000000,wind_sensor_link,15.8,0.0
1790355403717934355,1790355403,600000256,wind_sensor_link,15.7,0.0
1790355403925076649,1790355403,800000256,wind_sensor_link,15.7,0.0
1790355404118052494,1790355404,0,wind_sensor_link,15.7,0.0
1790355404325774949,1790355404,200000000,wind_sensor_link,15.7,0.0
1790355404518004413,1790355404,400000000,wind_sensor_link,15.7,0.0
1790355404724995024,1790355404,600000256,wind_sensor_link,15.7,0.0
1790355404917320357,1790355404,800000256,wind_sensor_link,15.7,0.0
1790355405124869690,1790355405,0,wind_sensor_link,15.7,0.0
1790355405317699968,1790355405,200000000,wind_sensor_link,15.7,0.0
1790355405524469124,1790355405,400000000,wind_sensor_link,15.7,0.0
1790355405717565658,1790355405,600000256,wind_sensor_link,15.7,0.0
1790355405924393499,1790355405,800000256,wind_sensor_link,15.7,0.0
1790355406117012760,1790355406,0,wind_sensor_link,15.7,0.0
1790355406324230800,1790355406,200000000,wind_sensor_link,15.7,0.0
1790355406517319815,1790355406,400000000,wind_sensor_link,15.7,0.0
1790355406724100250,1790355406,600000256,wind_sensor_link,15.7,0.0
1790355406916430922,1790355406,800000256,wind_sensor_link,15.7,0.0
1790355407124061772,1790355407,0,wind_sensor_link,15.7,0.0
1790355407331138073,1790355407,200000000,wind_sensor_link,15.7,0.0
1790355407524180978,1790355407,400000000,wind_sensor_link,15.7,0.0
1790355407730830858,1790355407,600000256,wind_sensor_link,15.7,0.0
1790355407923565340,1790355407,800000256,wind_sensor_link,15.7,0.0
1790355408131778850,1790355408,0,wind_sensor_link,15.7,0.0
1790355408323495270,1790355408,200000000,wind_sensor_link,15.7,0.0
1790355408530535312,1790355408,400000000,wind_sensor_link,15.7,0.0
1790355408723376941,1790355408,600000256,wind_sensor_link,15.7,0.0
1790355408930430965,1790355408,800000256,wind_sensor_link,15.7,0.0
1790355409123217891,1790355409,0,wind_sensor_link,15.7,0.0
1790355409330701965,1790355409,200000000,wind_sensor_link,15.7,0.0
1790355409523124044,1790355409,400000000,wind_sensor_link,15.7,0.0
1790355409730223382,1790355409,600000256,wind_sensor_link,15.7,0.0
1790355409923794447,1790355409,800000256,wind_sensor_link,15.7,0.0
1790355410131079412,1790355410,0,wind_sensor_link,15.7,0.0
1790355410323795987,1790355410,200000000,wind_sensor_link,15.7,0.0
1790355410530785067,1790355410,400000000,wind_sensor_link,15.7,0.0
1790355410722719392,1790355410,600000256,wind_sensor_link,15.7,0.0
1790355410929843581,1790355410,800000256,wind_sensor_link,15.7,0.0
1790355411123801235,1790355411,0,wind_sensor_link,15.7,0.0
1790355411329886343,1790355411,200000000,wind_sensor_link,15.7,0.0
1790355411522143220,1790355411,400000000,wind_sensor_link,15.7,0.0
1790355411729535925,1790355411,600000256,wind_sensor_link,15.7,0.0
1790355411922378906,1790355411,800000256,wind_sensor_link,15.7,0.0
1790355412129400708,1790355412,0,wind_sensor_link,15.7,0.0
1790355412322119820,1790355412,200000000,wind_sensor_link,15.7,0.0
1790355412529245213,1790355412,400000000,wind_sensor_link,15.7,0.0
1790355412722012176,1790355412,600000256,wind_sensor_link,15.7,0.0
1790355412929209846,1790355412,800000256,wind_sensor_link,15.7,0.0
1790355413121844644,1790355413,0,wind_sensor_link,15.7,0.0
1790355413329072592,1790355413,200000000,wind_sensor_link,15.7,0.0
1790355413521691501,1790355413,400000000,wind_sensor_link,15.7,0.0
1790355413728942726,1790355413,600000256,wind_sensor_link,15.7,0.0
1790355413921671597,1790355413,800000256,wind_sensor_link,15.7,0.0
1790355414129284004,1790355414,0,wind_sensor_link,15.7,0.0
1790355414321723971,1790355414,200000000,wind_sensor_link,15.7,0.0
1790355414528727236,1790355414,400000000,wind_sensor_link,15.7,0.0
1790355414721334645,1790355414,600000256,wind_sensor_link,15.7,0.0
1790355414928915866,1790355414,800000256,wind_sensor_link,15.7,0.0
1790355415120887505,1790355415,0,wind_sensor_link,15.7,0.0
1790355415328287932,1790355415,200000000,wind_sensor_link,15.7,0.0
1790355415521106821,1790355415,400000000,wind_sensor_link,15.7,0.0
1790355415728311417,1790355415,600000256,wind_sensor_link,15.7,0.0
1790355415920841920,1790355415,800000256,wind_sensor_link,15.7,0.0
1790355416128420734,1790355416,0,wind_sensor_link,15.7,0.0
1790355416321784728,1790355416,200000000,wind_sensor_link,15.7,0.0
1790355416528445200,1790355416,400000000,wind_sensor_link,15.7,0.0
1790355416720760335,1790355416,600000256,wind_sensor_link,15.7,0.0
1790355416927865599,1790355416,800000256,wind_sensor_link,15.7,0.0
1790355417120486249,1790355417,0,wind_sensor_link,15.7,0.0
1790355417327497532,1790355417,200000000,wind_sensor_link,15.7,0.0
1790355417520773842,1790355417,400000000,wind_sensor_link,15.7,0.0
1790355417727372371,1790355417,600000256,wind_sensor_link,15.7,0.0
1790355417920255499,1790355417,800000256,wind_sensor_link,15.7,0.0
1790355418127924479,1790355418,0,wind_sensor_link,15.7,0.0
1790355418320172781,1790355418,200000000,wind_sensor_link,15.7,0.0
1790355418527357618,1790355418,400000000,wind_sensor_link,15.7,0.0
1790355418719956028,1790355418,600000256,wind_sensor_link,15.7,0.0
1790355418927227234,1790355418,800000256,wind_sensor_link,15.7,0.0
1790355419119897513,1790355419,0,wind_sensor_link,15.7,0.0
1790355419327067665,1790355419,200000000,wind_sensor_link,15.7,0.0
1790355419520250272,1790355419,400000000,wind_sensor_link,15.7,0.0
1790355419726882560,1790355419,600000256,wind_sensor_link,15.7,0.0
1790355419920004686,1790355419,800000256,wind_sensor_link,15.7,0.0
1790355420127175671,1790355420,0,wind_sensor_link,15.7,0.0
1790355420319477843,1790355420,200000000,wind_sensor_link,15.7,0.0
1790355420526672476,1790355420,400000000,wind_sensor_link,15.7,0.0
1790355420719347867,1790355420,600000256,wind_sensor_link,15.6,0.0
1790355420926552981,1790355420,800000256,wind_sensor_link,15.6,0.0
1790355421119173428,1790355421,0,wind_sensor_link,15.6,0.0
1790355421326403838,1790355421,200000000,wind_sensor_link,15.6,0.0
1790355421519853071,1790355421,400000000,wind_sensor_link,15.6,0.0
1790355421726268973,1790355421,600000256,wind_sensor_link,15.6,0.0
1790355421919123898,1790355421,800000256,wind_sensor_link,15.6,0.0
1790355422125953961,1790355422,0,wind_sensor_link,15.6,0.0
1790355422319413139,1790355422,200000000,wind_sensor_link,15.6,0.0
1790355422526016797,1790355422,400000000,wind_sensor_link,15.6,0.0
1790355422719238533,1790355422,600000256,wind_sensor_link,15.6,0.0
1790355422925713137,1790355422,800000256,wind_sensor_link,15.6,0.0
1790355423119807326,1790355423,0,wind_sensor_link,15.6,0.0
1790355423325924638,1790355423,200000000,wind_sensor_link,15.6,0.0
1790355423518862137,1790355423,400000000,wind_sensor_link,15.6,0.0
1790355423725530424,1790355423,600000256,wind_sensor_link,15.6,0.0
1790355423918721549,1790355423,800000256,wind_sensor_link,15.6,0.0
1790355424125409243,1790355424,0,wind_sensor_link,15.6,0.0
1790355424318651683,1790355424,200000000,wind_sensor_link,15.6,0.0
1790355424525389284,1790355424,400000000,wind_sensor_link,15.6,0.0
1790355424718344838,1790355424,600000256,wind_sensor_link,15.6,0.0
1790355424925375102,1790355424,800000256,wind_sensor_link,15.6,0.0
1790355425117673441,1790355425,0,wind_sensor_link,15.6,0.0
1790355425325035110,1790355425,200000000,wind_sensor_link,15.6,0.0
1790355425517702463,1790355425,400000000,wind_sensor_link,15.6,0.0
1790355425724904948,1790355425,600000256,wind_sensor_link,15.6,0.0
1790355425917948815,1790355425,800000256,wind_sensor_link,15.6,0.0
1790355426125156911,1790355426,0,wind_sensor_link,15.6,0.0
1790355426317454732,1790355426,200000000,wind_sensor_link,15.6,0.0
1790355426524389275,1790355426,400000000,wind_sensor_link,15.6,0.0
1790355426717317737,1790355426,600000256,wind_sensor_link,15.6,0.0
1790355426924446778,1790355426,800000256,wind_sensor_link,15.6,0.0
1790355427117560404,1790355427,0,wind_sensor_link,15.6,0.0
1790355427324410078,1790355427,200000000,wind_sensor_link,15.6,0.0
1790355427517387854,1790355427,400000000,wind_sensor_link,15.6,0.0
1790355427724759522,1790355427,600000256,wind_sensor_link,15.6,0.0
1790355427917333062,1790355427,800000256,wind_sensor_link,15.6,0.0
1790355428123811258,1790355428,0,wind_sensor_link,15.6,0.0
1790355428317247177,1790355428,200000000,wind_sensor_link,15.6,0.0
1790355428523906187,1790355428,400000000,wind_sensor_link,15.6,0.0
1790355428717232403,1790355428,600000256,wind_sensor_link,15.6,0.0
1790355428924207409,1790355428,800000256,wind_sensor_link,15.6,0.0
1790355429131096416,1790355429,0,wind_sensor_link,15.6,0.0
1790355429323676437,1790355429,200000000,wind_sensor_link,15.6,0.0
1790355429530896792,1790355429,400000000,wind_sensor_link,15.6,0.0
1790355429724020566,1790355429,600000256,wind_sensor_link,15.6,0.0
1790355429931130126,1790355429,800000256,wind_sensor_link,15.6,0.0
1790355430123393780,1790355430,0,wind_sensor_link,15.6,0.0
1790355430330460507,1790355430,200000000,wind_sensor_link,15.6,0.0
1790355430523237285,1790355430,400000000,wind_sensor_link,15.6,0.0
1790355430730768877,1790355430,600000256,wind_sensor_link,15.6,0.0
1790355430923778671,1790355430,800000256,wind_sensor_link,15.6,0.0
1790355431130642327,1790355431,0,wind_sensor_link,15.6,0.0
1790355431323024609,1790355431,200000000,wind_sensor_link,15.6,0.0
1790355431530188113,1790355431,400000000,wind_sensor_link,15.6,0.0
1790355431722803967,1790355431,600000256,wind_sensor_link,15.6,0.0
1790355431929987545,1790355431,800000256,wind_sensor_link,15.6,0.0
1790355432122658565,1790355432,0,wind_sensor_link,15.6,0.0
1790355432329927067,1790355432,200000000,wind_sensor_link,15.6,0.0
1790355432522738863,1790355432,400000000,wind_sensor_link,15.6,0.0
1790355432730234512,1790355432,600000256,wind_sensor_link,15.6,0.0
1790355432922190391,1790355432,800000256,wind_sensor_link,15.6,0.0
1790355433129624207,1790355433,0,wind_sensor_link,15.6,0.0
1790355433322768999,1790355433,200000000,wind_sensor_link,15.6,0.0
1790355433529782875,1790355433,400000000,wind_sensor_link,15.6,0.0
1790355433724770573,1790355433,600000256,wind_sensor_link,15.6,0.0
1790355433929787749,1790355433,800000256,wind_sensor_link,15.6,0.0
1790355434122007441,1790355434,0,wind_sensor_link,15.6,0.0
1790355434329295739,1790355434,200000000,wind_sensor_link,15.6,0.0
1790355434521844687,1790355434,400000000,wind_sensor_link,15.6,0.0
1790355434729036135,1790355434,600000256,wind_sensor_link,15.6,0.0
1790355434921746432,1790355434,800000256,wind_sensor_link,15.6,0.0
1790355435128764900,1790355435,0,wind_sensor_link,15.6,0.0
1790355435321474346,1790355435,200000000,wind_sensor_link,15.6,0.0
1790355435528560869,1790355435,400000000,wind_sensor_link,15.6,0.0
1790355435721508775,1790355435,600000256,wind_sensor_link,15.6,0.0
1790355435928676408,1790355435,800000256,wind_sensor_link,15.6,0.0
1790355436121295484,1790355436,0,wind_sensor_link,15.6,0.0
1790355436328351230,1790355436,200000000,wind_sensor_link,15.6,0.0
1790355436521620299,1790355436,400000000,wind_sensor_link,15.6,0.0
1790355436728745470,1790355436,600000256,wind_sensor_link,15.6,0.0
1790355436920787015,1790355436,800000256,wind_sensor_link,15.6,0.0
1790355437128564049,1790355437,0,wind_sensor_link,15.6,0.0
1790355437320899110,1790355437,200000000,wind_sensor_link,15.6,0.0
1790355437528163831,1790355437,400000000,wind_sensor_link,15.6,0.0
1790355437721261798,1790355437,600000256,wind_sensor_link,15.6,0.0
1790355437928147786,1790355437,800000256,wind_sensor_link,15.6,0.0
1790355438120761533,1790355438,0,wind_sensor_link,15.6,0.0
1790355438327913149,1790355438,200000000,wind_sensor_link,15.6,0.0
1790355438521793892,1790355438,400000000,wind_sensor_link,15.6,0.0
1790355438727701568,1790355438,600000256,wind_sensor_link,15.5,0.0
1790355438920328667,1790355438,800000256,wind_sensor_link,15.5,0.0
1790355439128017152,1790355439,0,wind_sensor_link,15.5,0.0
1790355439320267160,1790355439,200000000,wind_sensor_link,15.5,0.0
1790355439527363684,1790355439,400000000,wind_sensor_link,15.5,0.0
1790355439720169949,1790355439,600000256,wind_sensor_link,15.5,0.0
1790355439927320417,1790355439,800000256,wind_sensor_link,15.5,0.0
1790355440120378033,1790355440,0,wind_sensor_link,15.5,0.0
1790355440327305483,1790355440,200000000,wind_sensor_link,15.5,0.0
1790355440520794745,1790355440,400000000,wind_sensor_link,15.5,0.0
1790355440727148846,1790355440,600000256,wind_sensor_link,15.5,0.0
1790355440920109277,1790355440,800000256,wind_sensor_link,15.5,0.0
1790355441126775210,1790355441,0,wind_sensor_link,15.5,0.0
1790355441319982048,1790355441,200000000,wind_sensor_link,15.5,0.0
1790355441527798606,1790355441,400000000,wind_sensor_link,15.5,0.0
1790355441719913207,1790355441,600000256,wind_sensor_link,15.5,0.0
1790355441926560140,1790355441,800000256,wind_sensor_link,15.5,0.0
1790355442119761144,1790355442,0,wind_sensor_link,15.5,0.0
1790355442326688169,1790355442,200000000,wind_sensor_link,15.5,0.0
1790355442519496360,1790355442,400000000,wind_sensor_link,15.5,0.0
1790355442726453180,1790355442,600000256,wind_sensor_link,15.5,0.0
1790355442919281667,1790355442,800000256,wind_sensor_link,15.5,0.0
1790355443126170896,1790355443,0,wind_sensor_link,15.5,0.0
1790355443319285826,1790355443,200000000,wind_sensor_link,15.5,0.0
1790355443526139351,1790355443,400000000,wind_sensor_link,15.5,0.0
1790355443719206671,1790355443,600000256,wind_sensor_link,15.5,0.0
1790355443925901696,1790355443,800000256,wind_sensor_link,15.5,0.0
1790355444119527069,1790355444,0,wind_sensor_link,15.5,0.0
1790355444325931077,1790355444,200000000,wind_sensor_link,15.5,0.0
1790355444518864453,1790355444,400000000,wind_sensor_link,15.5,0.0
1790355444725560737,1790355444,600000256,wind_sensor_link,15.5,0.0
1790355444919783219,1790355444,800000256,wind_sensor_link,15.5,0.0
1790355445125302434,1790355445,0,wind_sensor_link,15.5,0.0
1790355445318536123,1790355445,200000000,wind_sensor_link,15.5,0.0
1790355445525386074,1790355445,400000000,wind_sensor_link,15.5,0.0
1790355445718051377,1790355445,600000256,wind_sensor_link,15.5,0.0
1790355445925676028,1790355445,800000256,wind_sensor_link,15.5,0.0
1790355446118152757,1790355446,0,wind_sensor_link,15.5,0.0
1790355446325788575,1790355446,200000000,wind_sensor_link,15.5,0.0
1790355446518768636,1790355446,400000000,wind_sensor_link,15.5,0.0
1790355446725020256,1790355446,600000256,wind_sensor_link,15.5,0.0
1790355446917732836,1790355446,800000256,wind_sensor_link,15.5,0.0
1790355447124730453,1790355447,0,wind_sensor_link,15.5,0.0
1790355447317501940,1790355447,200000000,wind_sensor_link,15.5,0.0
1790355447524435280,1790355447,400000000,wind_sensor_link,15.5,0.0
1790355447718085652,1790355447,600000256,wind_sensor_link,15.5,0.0
1790355447925237454,1790355447,800000256,wind_sensor_link,15.5,0.0
1790355448117675554,1790355448,0,wind_sensor_link,15.5,0.0
1790355448324466171,1790355448,200000000,wind_sensor_link,15.5,0.0
1790355448517493954,1790355448,400000000,wind_sensor_link,15.5,0.0
1790355448724329053,1790355448,600000256,wind_sensor_link,15.5,0.0
1790355448917373058,1790355448,800000256,wind_sensor_link,15.5,0.0
1790355449126794887,1790355449,0,wind_sensor_link,15.5,0.0
1790355449317342531,1790355449,200000000,wind_sensor_link,15.5,0.0
1790355449524064631,1790355449,400000000,wind_sensor_link,15.5,0.0
1790355449717239376,1790355449,600000256,wind_sensor_link,15.5,0.0
1790355449923883161,1790355449,800000256,wind_sensor_link,15.5,0.0
1790355450131197758,1790355450,0,wind_sensor_link,15.5,0.0
1790355450323810468,1790355450,200000000,wind_sensor_link,15.5,0.0
1790355450530986473,1790355450,400000000,wind_sensor_link,15.5,0.0
1790355450723729572,1790355450,600000256,wind_sensor_link,15.5,0.0
1790355450931783110,1790355450,800000256,wind_sensor_link,15.5,0.0
1790355451124054822,1790355451,0,wind_sensor_link,15.5,0.0
1790355451331143512,1790355451,200000000,wind_sensor_link,15.5,0.0
1790355451523168854,1790355451,400000000,wind_sensor_link,15.5,0.0
1790355451730657692,1790355451,600000256,wind_sensor_link,15.5,0.0
1790355451923336568,1790355451,800000256,wind_sensor_link,15.5,0.0
1790355452130341648,1790355452,0,wind_sensor_link,15.5,0.0
1790355452323250690,1790355452,200000000,wind_sensor_link,15.5,0.0
1790355452530484066,1790355452,400000000,wind_sensor_link,15.5,0.0
1790355452723014683,1790355452,600000256,wind_sensor_link,15.5,0.0
1790355452930139985,1790355452,800000256,wind_sensor_link,15.5,0.0
1790355453122634955,1790355453,0,wind_sensor_link,15.5,0.0
1790355453330775993,1790355453,200000000,wind_sensor_link,15.5,0.0
1790355453522760224,1790355453,400000000,wind_sensor_link,15.5,0.0
1790355453729911618,1790355453,600000256,wind_sensor_link,15.5,0.0
1790355453923793805,1790355453,800000256,wind_sensor_link,15.5,0.0
1790355454129828315,1790355454,0,wind_sensor_link,15.6,0.0
1790355454322235303,1790355454,200000000,wind_sensor_link,15.6,0.0
1790355454529702733,1790355454,400000000,wind_sensor_link,15.6,0.0
1790355454722358221,1790355454,600000256,wind_sensor_link,15.6,0.0
1790355454930791332,1790355454,800000256,wind_sensor_link,15.6,0.0
1790355455121975604,1790355455,0,wind_sensor_link,15.6,0.0
1790355455329264201,1790355455,200000000,wind_sensor_link,15.6,0.0
1790355455522007799,1790355455,400000000,wind_sensor_link,15.6,0.0
1790355455729248915,1790355455,600000256,wind_sensor_link,15.6,0.0
1790355455921955088,1790355455,800000256,wind_sensor_link,15.6,0.0
1790355456129110815,1790355456,0,wind_sensor_link,15.6,0.0
1790355456322795947,1790355456,200000000,wind_sensor_link,15.6,0.0
1790355456528972104,1790355456,400000000,wind_sensor_link,15.6,0.0
1790355456721644351,1790355456,600000256,wind_sensor_link,15.6,0.0
1790355456928803153,1790355456,800000256,wind_sensor_link,15.6,0.0
1790355457121988694,1790355457,0,wind_sensor_link,15.6,0.0
1790355457329062181,1790355457,200000000,wind_sensor_link,15.6,0.0
1790355457521372744,1790355457,400000000,wind_sensor_link,15.6,0.0
1790355457728317880,1790355457,600000256,wind_sensor_link,15.6,0.0
1790355457921189311,1790355457,800000256,wind_sensor_link,15.6,0.0
1790355458128372761,1790355458,0,wind_sensor_link,15.6,0.0
1790355458321174359,1790355458,200000000,wind_sensor_link,15.6,0.0
1790355458528181050,1790355458,400000000,wind_sensor_link,15.6,0.0
1790355458720963630,1790355458,600000256,wind_sensor_link,15.6,0.0
1790355458928152357,1790355458,800000256,wind_sensor_link,15.6,0.0
1790355459120499272,1790355459,0,wind_sensor_link,15.6,0.0
1790355459328066276,1790355459,200000000,wind_sensor_link,15.6,0.0
1790355459520702263,1790355459,400000000,wind_sensor_link,15.6,0.0
1790355459728188230,1790355459,600000256,wind_sensor_link,15.6,0.0
1790355459920729941,1790355459,800000256,wind_sensor_link,15.6,0.0
1790355460127703465,1790355460,0,wind_sensor_link,15.6,0.0
1790355460320839432,1790355460,200000000,wind_sensor_link,15.6,0.0
1790355460527678457,1790355460,400000000,wind_sensor_link,15.6,0.0
1790355460720224983,1790355460,600000256,wind_sensor_link,15.6,0.0
1790355460927425321,1790355460,800000256,wind_sensor_link,15.6,0.0
1790355461119882791,1790355461,0,wind_sensor_link,15.6,0.0
1790355461327515590,1790355461,200000000,wind_sensor_link,15.6,0.0
1790355461520783428,1790355461,400000000,wind_sensor_link,15.6,0.0
1790355461727138788,1790355461,600000256,wind_sensor_link,15.6,0.0
1790355461919761294,1790355461,800000256,wind_sensor_link,15.6,0.0
1790355462126922966,1790355462,0,wind_sensor_link,15.6,0.0
1790355462319885730,1790355462,200000000,wind_sensor_link,15.6,0.0
1790355462526944588,1790355462,400000000,wind_sensor_link,15.6,0.0
1790355462719727334,1790355462,600000256,wind_sensor_link,15.6,0.0
1790355462926815043,1790355462,800000256,wind_sensor_link,15.6,0.0
1790355463119245365,1790355463,0,wind_sensor_link,15.6,0.0
1790355463326702573,1790355463,200000000,wind_sensor_link,15.6,0.0
1790355463519038062,1790355463,400000000,wind_sensor_link,15.6,0.0
1790355463726299641,1790355463,600000256,wind_sensor_link,15.6,0.0
1790355463918932851,1790355463,800000256,wind_sensor_link,15.6,0.0
1790355464127024612,1790355464,0,wind_sensor_link,15.6,0.0
1790355464319153157,1790355464,200000000,wind_sensor_link,15.6,0.0
1790355464526746309,1790355464,400000000,wind_sensor_link,15.6,0.0
1790355464719188427,1790355464,600000256,wind_sensor_link,15.6,0.0
1790355464926110785,1790355464,800000256,wind_sensor_link,15.6,0.0
1790355465118514514,1790355465,0,wind_sensor_link,15.6,0.0
1790355465326000370,1790355465,200000000,wind_sensor_link,15.6,0.0
1790355465518931690,1790355465,400000000,wind_sensor_link,15.6,0.0
1790355465725894455,1790355465,600000256,wind_sensor_link,15.6,0.0
1790355465918785072,1790355465,800000256,wind_sensor_link,15.6,0.0
1790355466125981521,1790355466,0,wind_sensor_link,15.6,0.0
1790355466318783545,1790355466,200000000,wind_sensor_link,15.6,0.0
1790355466525469534,1790355466,400000000,wind_sensor_link,15.6,0.0
1790355466719144258,1790355466,600000256,wind_sensor_link,15.6,0.0
1790355466925935432,1790355466,800000256,wind_sensor_link,15.6,0.0
1790355467117877330,1790355467,0,wind_sensor_link,15.6,0.0
1790355467325364963,1790355467,200000000,wind_sensor_link,15.6,0.0
1790355467518038599,1790355467,400000000,wind_sensor_link,15.6,0.0
1790355467725115567,1790355467,600000256,wind_sensor_link,15.6,0.0
1790355467918822125,1790355467,800000256,wind_sensor_link,15.6,0.0
1790355468125221448,1790355468,0,wind_sensor_link,15.6,0.0
1790355468318527433,1790355468,200000000,wind_sensor_link,15.6,0.0
1790355468524668276,1790355468,400000000,wind_sensor_link,15.6,0.0
1790355468718077649,1790355468,600000256,wind_sensor_link,15.6,0.0
1790355468924950489,1790355468,800000256,wind_sensor_link,15.6,0.0
1790355469117514736,1790355469,0,wind_sensor_link,15.6,0.0
1790355469324419502,1790355469,200000000,wind_sensor_link,15.6,0.0
1790355469517241526,1790355469,400000000,wind_sensor_link,15.6,0.0
1790355469724798400,1790355469,600000256,wind_sensor_link,15.6,0.0
1790355469917529165,1790355469,800000256,wind_sensor_link,15.6,0.0
1790355470125817610,1790355470,0,wind_sensor_link,15.6,0.0
1790355470318042683,1790355470,200000000,wind_sensor_link,15.6,0.0
1790355470524732341,1790355470,400000000,wind_sensor_link,15.5,0.0
1790355470717897632,1790355470,600000256,wind_sensor_link,15.5,0.0
1790355470924371459,1790355470,800000256,wind_sensor_link,15.5,0.0
1790355471117737451,1790355471,0,wind_sensor_link,15.5,0.0
1790355471323987262,1790355471,200000000,wind_sensor_link,15.5,0.0
1790355471531191155,1790355471,400000000,wind_sensor_link,15.5,0.0
1790355471723743971,1790355471,600000256,wind_sensor_link,15.5,0.0
1790355471931040567,1790355471,800000256,wind_sensor_link,15.5,0.0
1790355472123441700,1790355472,0,wind_sensor_link,15.5,0.0
1790355472330681111,1790355472,200000000,wind_sensor_link,15.5,0.0
1790355472523510480,1790355472,400000000,wind_sensor_link,15.5,0.0
1790355472730567078,1790355472,600000256,wind_sensor_link,15.5,0.0
1790355472923358114,1790355472,800000256,wind_sensor_link,15.5,0.0
1790355473130910818,1790355473,0,wind_sensor_link,15.5,0.0
1790355473323321746,1790355473,200000000,wind_sensor_link,15.5,0.0
1790355473530359308,1790355473,400000000,wind_sensor_link,15.5,0.0
1790355473723168399,1790355473,600000256,wind_sensor_link,15.5,0.0
1790355473930274108,1790355473,800000256,wind_sensor_link,15.5,0.0
1790355474122711629,1790355474,0,wind_sensor_link,15.5,0.0
1790355474330138576,1790355474,200000000,wind_sensor_link,15.5,0.0
1790355474522843982,1790355474,400000000,wind_sensor_link,15.5,0.0
1790355474730019098,1790355474,600000256,wind_sensor_link,15.5,0.0
1790355474924773723,1790355474,800000256,wind_sensor_link,15.5,0.0
1790355475130795111,1790355475,0,wind_sensor_link,15.5,0.0
1790355475322492399,1790355475,200000000,wind_sensor_link,15.5,0.0
1790355475529865179,1790355475,400000000,wind_sensor_link,15.5,0.0
1790355475722397699,1790355475,600000256,wind_sensor_link,15.5,0.0
1790355475929802701,1790355475,800000256,wind_sensor_link,15.5,0.0
1790355476122761531,1790355476,0,wind_sensor_link,15.5,0.0
1790355476329375283,1790355476,200000000,wind_sensor_link,15.5,0.0
1790355476522109819,1790355476,400000000,wind_sensor_link,15.5,0.0
1790355476729368804,1790355476,600000256,wind_sensor_link,15.5,0.0
1790355476921950287,1790355476,800000256,wind_sensor_link,15.5,0.0
1790355477129430825,1790355477,0,wind_sensor_link,15.5,0.0
1790355477321865661,1790355477,200000000,wind_sensor_link,15.5,0.0
1790355477529067202,1790355477,400000000,wind_sensor_link,15.5,0.0
1790355477721776979,1790355477,600000256,wind_sensor_link,15.5,0.0
1790355477928964502,1790355477,800000256,wind_sensor_link,15.5,0.0
1790355478121420468,1790355478,0,wind_sensor_link,15.5,0.0
1790355478329780366,1790355478,200000000,wind_sensor_link,15.5,0.0
1790355478521504895,1790355478,400000000,wind_sensor_link,15.5,0.0
1790355478728695141,1790355478,600000256,wind_sensor_link,15.5,0.0
1790355478921737136,1790355478,800000256,wind_sensor_link,15.5,0.0
1790355479128849808,1790355479,0,wind_sensor_link,15.5,0.0
1790355479321160442,1790355479,200000000,wind_sensor_link,15.5,0.0
1790355479528467815,1790355479,400000000,wind_sensor_link,15.5,0.0
1790355479721096186,1790355479,600000256,wind_sensor_link,15.5,0.0
1790355479928281172,1790355479,800000256,wind_sensor_link,15.5,0.0
1790355480120634805,1790355480,0,wind_sensor_link,15.5,0.0
1790355480328190361,1790355480,200000000,wind_sensor_link,15.5,0.0
1790355480521554909,1790355480,400000000,wind_sensor_link,15.5,0.0
1790355480727775498,1790355480,600000256,wind_sensor_link,15.4,0.0
1790355480920437276,1790355480,800000256,wind_sensor_link,15.4,0.0
1790355481127612355,1790355481,0,wind_sensor_link,15.4,0.0
1790355481320669924,1790355481,200000000,wind_sensor_link,15.4,0.0
1790355481527709634,1790355481,400000000,wind_sensor_link,15.4,0.0
1790355481720743778,1790355481,600000256,wind_sensor_link,15.4,0.0
1790355481927919671,1790355481,800000256,wind_sensor_link,15.4,0.0
1790355482120309248,1790355482,0,wind_sensor_link,15.4,0.0
1790355482327406810,1790355482,200000000,wind_sensor_link,15.4,0.0
1790355482519997236,1790355482,400000000,wind_sensor_link,15.4,0.0
1790355482727288425,1790355482,600000256,wind_sensor_link,15.4,0.0
1790355482919927518,1790355482,800000256,wind_sensor_link,15.4,0.0
1790355483126958876,1790355483,0,wind_sensor_link,15.4,0.0
1790355483320019945,1790355483,200000000,wind_sensor_link,15.4,0.0
1790355483527056859,1790355483,400000000,wind_sensor_link,15.4,0.0
1790355483719690341,1790355483,600000256,wind_sensor_link,15.4,0.0
1790355483926766439,1790355483,800000256,wind_sensor_link,15.4,0.0
1790355484118995203,1790355484,0,wind_sensor_link,15.4,0.0
1790355484326763886,1790355484,200000000,wind_sensor_link,15.4,0.0
1790355484519034983,1790355484,400000000,wind_sensor_link,15.4,0.0
1790355484726519873,1790355484,600000256,wind_sensor_link,15.4,0.0
1790355484919473388,1790355484,800000256,wind_sensor_link,15.4,0.0
1790355485126208676,1790355485,0,wind_sensor_link,15.4,0.0
1790355485319022970,1790355485,200000000,wind_sensor_link,15.4,0.0
1790355485526273159,1790355485,400000000,wind_sensor_link,15.4,0.0
1790355485718983622,1790355485,600000256,wind_sensor_link,15.4,0.0
1790355485926032683,1790355485,800000256,wind_sensor_link,15.4,0.0
1790355486118534703,1790355486,0,wind_sensor_link,15.4,0.0
1790355486325971687,1790355486,200000000,wind_sensor_link,15.4,0.0
1790355486518494077,1790355486,400000000,wind_sensor_link,15.4,0.0
1790355486725790432,1790355486,600000256,wind_sensor_link,15.4,0.0
1790355486918969130,1790355486,800000256,wind_sensor_link,15.4,0.0
1790355487126201190,1790355487,0,wind_sensor_link,15.4,0.0
1790355487318151716,1790355487,200000000,wind_sensor_link,15.4,0.0
1790355487525500682,1790355487,400000000,wind_sensor_link,15.4,0.0
1790355487718542844,1790355487,600000256,wind_sensor_link,15.4,0.0
1790355487925372001,1790355487,800000256,wind_sensor_link,15.4,0.0
1790355488117768856,1790355488,0,wind_sensor_link,15.4,0.0
1790355488325339967,1790355488,200000000,wind_sensor_link,15.4,0.0
1790355488518001411,1790355488,400000000,wind_sensor_link,15.4,0.0
1790355488725778594,1790355488,600000256,wind_sensor_link,15.4,0.0
1790355488918259300,1790355488,800000256,wind_sensor_link,15.4,0.0
1790355489124968347,1790355489,0,wind_sensor_link,15.4,0.0
1790355489318147897,1790355489,200000000,wind_sensor_link,15.4,0.0
1790355489524849573,1790355489,400000000,wind_sensor_link,15.4,0.0
1790355489717964198,1790355489,600000256,wind_sensor_link,15.4,0.0
1790355489924731133,1790355489,800000256,wind_sensor_link,15.4,0.0
1790355490117482669,1790355490,0,wind_sensor_link,15.4,0.0
1790355490324712358,1790355490,200000000,wind_sensor_link,15.4,0.0
1790355490517312637,1790355490,400000000,wind_sensor_link,15.4,0.0
1790355490724522808,1790355490,600000256,wind_sensor_link,15.4,0.0
1790355490917253140,1790355490,800000256,wind_sensor_link,15.4,0.0
1790355491124641328,1790355491,0,wind_sensor_link,15.4,0.0
1790355491317517658,1790355491,200000000,wind_sensor_link,15.4,0.0
1790355491524250335,1790355491,400000000,wind_sensor_link,15.4,0.0
1790355491717294645,1790355491,600000256,wind_sensor_link,15.4,0.0
1790355491924051506,1790355491,800000256,wind_sensor_link,15.4,0.0
1790355492116411121,1790355492,0,wind_sensor_link,15.4,0.0
1790355492323663013,1790355492,200000000,wind_sensor_link,15.4,0.0
1790355492531520122,1790355492,400000000,wind_sensor_link,15.4,0.0
1790355492723682312,1790355492,600000256,wind_sensor_link,15.4,0.0
1790355492931002426,1790355492,800000256,wind_sensor_link,15.4,0.0
1790355493123660778,1790355493,0,wind_sensor_link,15.4,0.0
1790355493330788746,1790355493,200000000,wind_sensor_link,15.4,0.0
1790355493524789028,1790355493,400000000,wind_sensor_link,15.4,0.0
1790355493730726861,1790355493,600000256,wind_sensor_link,15.4,0.0
1790355493923375491,1790355493,800000256,wind_sensor_link,15.4,0.0
1790355494130369868,1790355494,0,wind_sensor_link,15.4,0.0
1790355494323499288,1790355494,200000000,wind_sensor_link,15.4,0.0
1790355494530417592,1790355494,400000000,wind_sensor_link,15.4,0.0
1790355494723064092,1790355494,600000256,wind_sensor_link,15.4,0.0
1790355494930149135,1790355494,800000256,wind_sensor_link,15.4,0.0
1790355495122696581,1790355495,0,wind_sensor_link,15.4,0.0
1790355495330149397,1790355495,200000000,wind_sensor_link,15.4,0.0
1790355495523215633,1790355495,400000000,wind_sensor_link,15.4,0.0
1790355495730076234,1790355495,600000256,wind_sensor_link,15.4,0.0
1790355495922497070,1790355495,800000256,wind_sensor_link,15.4,0.0
1790355496129737389,1790355496,0,wind_sensor_link,15.4,0.0
1790355496323067622,1790355496,200000000,wind_sensor_link,15.4,0.0
1790355496529799502,1790355496,400000000,wind_sensor_link,15.4,0.0
1790355496722422299,1790355496,600000256,wind_sensor_link,15.4,0.0
1790355496929739098,1790355496,800000256,wind_sensor_link,15.4,0.0
1790355497122059416,1790355497,0,wind_sensor_link,15.4,0.0
1790355497329278939,1790355497,200000000,wind_sensor_link,15.4,0.0
1790355497521873773,1790355497,400000000,wind_sensor_link,15.4,0.0
1790355497729133888,1790355497,600000256,wind_sensor_link,15.4,0.0
1790355497922008830,1790355497,800000256,wind_sensor_link,15.4,0.0
1790355498129195835,1790355498,0,wind_sensor_link,15.4,0.0
1790355498322199738,1790355498,200000000,wind_sensor_link,15.4,0.0
1790355498529105838,1790355498,400000000,wind_sensor_link,15.4,0.0
1790355498722185463,1790355498,600000256,wind_sensor_link,15.4,0.0
1790355498928744493,1790355498,800000256,wind_sensor_link,15.4,0.0
