Min-Sec  , RTC_UTC            , GPS_UTC                   , GPS_Synced, Battery_Temp_C, PM_Voltage_V, PM_Current_A, PM_Power_W, PM_Consumed_mAh, PM_Remaining_Pct, IMU_Roll_Rads, IMU_Pitch_Rads, IMU_Yaw_Rads, IMU_Roll_Speed_Rads/s, IMU_Pitch_Speed_Rads/s, IMU_Yaw_Speed_Rads/s, IMU_X_acc_cm/s^2, IMU_Y_acc_cm/s^2, IMU_Z_acc_cm/s^2, IMU_X_gyro_Rad/s, IMU_Y_gyro_Rad/s, IMU_Z_gyro_Rad/s, IMU_X_mag_Rad/s, IMU_Y_mag_Rad/s, IMU_Z_mag_Rad/s, RawGPS_Lat, RawGPS_Lon  , RawGPS_alt_mm, RawGPS_vel_m/s, RawGPS_sats, FusedGPS_Lat, FusedGPS_Lon, FusedGPS_alt_msl_mm, FusedGPS_alt_rel_mm, FusedGPS_velx_cm/s, FusedGPS_vely_cm/s, FusedGPS_velz_cm/s, FusedGPS_head
03-17.521, 2026-04-01 14:44:00, 2026-03-18 21:03:17.521660, False     ,22.75,0,0,0,0,-1,0,0,0,0,0,0,1,0,0,0,0,0,0,0,0,0,0,0,0,0,0,0,0,0,0,0,0,0
03-17.589, 2026-04-01 14:44:00, 2026-03-18 21:03:17.589925, False     ,22.75,0,0,0,0,-1,-0.04,0.026,3.023,0,0,-0.002,14,20,-1001,0,0,0,-224,-64,450,39.018744,-104.8934948,2160960,3,29,39.018744,-104.8934947,2160000,-450,0,1,-1,173.18
03-17.661, 2026-04-01 14:44:00, 2026-04-08 16:57:12.090196, True      ,22.75,0,0,0,0,-1,-0.04,0.026,3.023,0,0,0,16,21,-1000,0,0,0,-224,-64,450,39.018744,-104.8934948,2160960,3,29,39.018744,-104.8934947,2160010,-448,0,0,-1,173.18
03-17.736, 2026-04-01 14:44:00, 2026-04-08 16:57:12.190164, True      ,23,16.434,0.01,0.164,0,99,-0.04,0.026,3.023,0,0,0.001,12,20,-1000,0,0,0,-223,-64,449,39.0187439,-104.8934948,2160970,3,29,39.018744,-104.8934947,2160010,-445,0,0,-1,173.18
03-17.816, 2026-04-01 14:44:00, 2026-04-08 16:57:12.190164, True      ,22.75,16.434,0.01,0.164,0,99,-0.04,0.026,3.023,0,0.001,0,12,19,-1000,0,0,0,-223,-64,450,39.0187439,-104.8934948,2160970,3,29,39.018744,-104.8934947,2160010,-441,0,0,-1,173.18
03-17.915, 2026-04-01 14:44:01, 2026-04-08 16:57:12.190164, True      ,22.75,16.434,0.01,0.164,0,99,-0.04,0.026,3.023,0,0,0,14,19,-1001,0,0,0,-223,-64,449,39.0187439,-104.8934948,2160970,4,29,39.018744,-104.8934947,2160020,-439,0,0,-1,173.18
03-17.993, 2026-04-01 14:44:01, 2026-04-08 16:57:12.190164, True      ,23,16.434,0.01,0.164,0,99,-0.04,0.026,3.023,0,0,-0.001,14,20,-1002,0,0,-1,-224,-64,450,39.0187439,-104.8934948,2160970,4,29,39.018744,-104.8934947,2160020,-436,0,0,-1,173.18
03-18.070, 2026-04-01 14:44:01, 2026-04-08 16:57:12.490566, True      ,23,16.434,0.01,0.164,0,99,-0.04,0.026,3.023,0,0,0,14,20,-1001,0,0,0,-224,-64,450,39.0187439,-104.8934948,2160970,4,29,39.018744,-104.8934947,2160020,-433,0,0,-2,173.18
03-18.144, 2026-04-01 14:44:01, 2026-04-08 16:57:12.590175, True      ,23,16.422,0.01,0.164,0,99,-0.04,0.026,3.023,0,0,0,14,21,-1001,0,0,0,-223,-64,450,39.018744,-104.8934948,2160980,3,29,39.018744,-104.8934947,2160030,-428,0,0,-2,173.18
03-18.228, 2026-04-01 14:44:01, 2026-04-08 16:57:12.690579, True      ,22.75,16.422,0.01,0.164,0,99,-0.04,0.026,3.023,0,0,0.001,14,20,-1001,0,0,0,-224,-64,450,39.018744,-104.8934948,2160980,3,29,39.018744,-104.8934947,2160030,-425,0,0,-2,173.18
03-18.306, 2026-04-01 14:44:01, 2026-04-08 16:57:12.690579, True      ,22.75,16.422,0.01,0.164,0,99,-0.04,0.026,3.023,0,0,0.001,15,21,-1000,0,0,0,-223,-64,449,39.018744,-104.8934949,2160970,0,29,39.018744,-104.8934947,2160030,-421,0,0,-2,173.18
03-18.373, 2026-04-01 14:44:01, 2026-04-08 16:57:12.790138, True      ,23,16.43,0.01,0.164,0,99,-0.04,0.026,3.023,-0.001,0,-0.001,14,20,-999,0,0,-1,-224,-64,450,39.018744,-104.8934949,2160970,0,29,39.018744,-104.8934947,2160030,-420,0,0,-2,173.18
03-18.453, 2026-04-01 14:44:01, 2026-04-08 16:57:12.892544, True      ,23,16.43,0.01,0.164,0,99,-0.04,0.026,3.023,0,0,0.001,15,21,-1000,0,0,0,-224,-64,450,39.018744,-104.8934949,2160970,0,29,39.018744,-104.8934947,2160040,-419,0,0,-2,173.18
03-18.521, 2026-04-01 14:44:01, 2026-04-08 16:57:12.892544, True      ,23,16.43,0.01,0.164,0,99,-0.04,0.026,3.023,0.001,0,0.001,14,20,-1000,0,0,0,-224,-64,449,39.018744,-104.8934949,2160960,0,29,39.018744,-104.8934947,2160040,-418,0,0,-2,173.18
03-18.591, 2026-04-01 14:44:01, 2026-04-08 16:57:12.892544, True      ,22.75,16.43,0.01,0.164,0,99,-0.04,0.026,3.023,-0.001,0,0,14,21,-1000,0,0,0,-224,-64,450,39.018744,-104.8934949,2160960,0,29,39.018744,-104.8934947,2160040,-418,0,0,-1,173.18
03-18.660, 2026-04-01 14:44:01, 2026-04-08 16:57:13.090166, True      ,23,16.43,0.01,0.164,0,99,-0.04,0.026,3.023,0,0,-0.001,14,22,-999,0,0,-1,-224,-64,450,39.018744,-104.8934949,2160960,0,29,39.018744,-104.8934947,2160040,-418,0,0,-1,173.18
03-18.729, 2026-04-01 14:44:01, 2026-04-08 16:57:13.190189, True      ,22.75,16.437,0.01,0.164,0,99,-0.04,0.026,3.023,0,0,0,15,20,-1001,0,0,0,-223,-64,450,39.018744,-104.8934949,2160970,0,29,39.018744,-104.8934947,2160040,-417,0,0,-1,173.18
03-18.798, 2026-04-01 14:44:01, 2026-04-08 16:57:13.190189, True      ,22.75,16.437,0.01,0.164,0,99,-0.04,0.026,3.023,0,0,0.001,14,19,-1001,0,0,0,-224,-64,450,39.018744,-104.8934949,2160970,0,29,39.018744,-104.8934947,2160040,-415,0,0,-1,173.18
03-18.867, 2026-04-01 14:44:02, 2026-04-08 16:57:13.290604, True      ,22.75,16.437,0.01,0.164,0,99,-0.04,0.026,3.023,-0.001,0,0,14,20,-1000,0,0,0,-224,-64,450,39.018744,-104.8934949,2160970,0,29,39.018744,-104.8934947,2160040,-413,0,0,-1,173.18
03-18.939, 2026-04-01 14:44:02, 2026-04-08 16:57:13.392558, True      ,22.75,16.435,0.01,0.164,0,99,-0.04,0.026,3.023,0,0,0,15,21,-1000,0,0,0,-223,-64,450,39.018744,-104.8934949,2160970,0,29,39.018744,-104.8934947,2160040,-412,0,0,-1,173.18
03-19.008, 2026-04-01 14:44:02, 2026-04-08 16:57:13.392558, True      ,23,16.435,0.01,0.164,0,99,-0.04,0.026,3.023,0,0,0.001,14,21,-1001,0,0,0,-224,-64,450,39.018744,-104.8934949,2160970,0,29,39.018744,-104.8934947,2160040,-412,0,0,-1,173.18
03-19.081, 2026-04-01 14:44:02, 2026-04-08 16:57:13.490601, True      ,23,16.435,0.01,0.164,0,99,-0.04,0.026,3.023,0,0.001,0,14,20,-1001,0,0,0,-223,-64,450,39.018744,-104.893495,2160960,2,29,39.018744,-104.8934947,2160040,-412,0,0,-1,173.18
03-19.149, 2026-04-01 14:44:02, 2026-04-08 16:57:13.590221, True      ,23,16.422,0,0,0,99,-0.04,0.026,3.023,0,0,0,14,20,-1002,0,0,0,-223,-64,450,39.018744,-104.893495,2160960,2,29,39.018744,-104.8934947,2160040,-413,0,0,-1,173.18
03-19.227, 2026-04-01 14:44:02, 2026-04-08 16:57:13.690579, True      ,22.75,16.422,0,0,0,99,-0.04,0.026,3.023,0,0,0,14,21,-1001,0,0,0,-224,-64,450,39.018744,-104.893495,2160960,2,29,39.018744,-104.8934947,2160040,-413,0,0,-1,173.18
03-19.298, 2026-04-01 14:44:02, 2026-04-08 16:57:13.690579, True      ,22.75,16.422,0,0,0,99,-0.04,0.026,3.023,0,0,0.001,14,22,-1000,0,0,0,-224,-64,449,39.018744,-104.893495,2160960,3,29,39.018744,-104.8934948,2160040,-416,0,0,-1,173.18
03-19.362, 2026-04-01 14:44:02, 2026-04-08 16:57:13.790182, True      ,23,16.431,0.01,0.164,0,99,-0.04,0.026,3.023,0,0,0,14,20,-1000,0,0,0,-224,-64,449,39.018744,-104.893495,2160960,3,29,39.018744,-104.8934948,2160040,-416,0,0,-1,173.18
03-19.435, 2026-04-01 14:44:02, 2026-04-08 16:57:13.890867, True      ,23,16.431,0.01,0.164,0,99,-0.04,0.026,3.023,0,0,0,14,22,-1000,0,0,0,-224,-64,450,39.018744,-104.893495,2160960,3,29,39.018744,-104.8934948,2160040,-417,0,0,-1,173.18
03-19.507, 2026-04-01 14:44:02, 2026-04-08 16:57:13.890867, True      ,22.75,16.431,0.01,0.164,0,99,-0.04,0.026,3.023,0,0,0,13,21,-1000,0,0,0,-224,-64,450,39.0187439,-104.893495,2160960,1,29,39.018744,-104.8934948,2160040,-414,0,0,-1,173.18
03-19.570, 2026-04-01 14:44:02, 2026-04-08 16:57:13.990255, True      ,23,16.436,0.01,0.164,0,99,-0.04,0.026,3.023,0,0,0,15,21,-1000,0,0,0,-224,-64,450,39.0187439,-104.893495,2160960,1,29,39.018744,-104.8934948,2160040,-413,0,0,-1,173.18
03-19.671, 2026-04-01 14:44:02, 2026-04-08 16:57:14.090255, True      ,22.75,16.436,0.01,0.164,0,99,-0.04,0.026,3.023,-0.001,0,0,14,21,-1001,0,0,0,-224,-64,450,39.0187439,-104.893495,2160960,1,29,39.018744,-104.8934948,2160040,-413,0,0,-1,173.18
03-19.744, 2026-04-01 14:44:02, 2026-04-08 16:57:14.190185, True      ,23,16.439,0.01,0.164,0,99,-0.04,0.026,3.023,0,0,0.001,13,20,-1001,0,0,0,-223,-64,450,39.0187439,-104.893495,2160970,2,29,39.018744,-104.8934948,2160040,-413,0,0,-1,173.19
03-19.818, 2026-04-01 14:44:02, 2026-04-08 16:57:14.190185, True      ,22.75,16.439,0.01,0.164,0,99,-0.04,0.026,3.023,0,0,0.001,15,20,-1001,0,0,0,-223,-64,450,39.0187439,-104.893495,2160970,2,29,39.018744,-104.8934948,2160040,-414,0,0,-1,173.19
03-19.891, 2026-04-01 14:44:03, 2026-04-08 16:57:14.190185, True      ,23,16.439,0.01,0.164,0,99,-0.04,0.026,3.023,0,0,-0.001,15,20,-1001,0,0,-1,-223,-64,450,39.0187439,-104.8934951,2160970,1,29,39.018744,-104.8934948,2160040,-416,0,0,-1,173.19
03-19.961, 2026-04-01 14:44:03, 2026-04-08 16:57:14.392517, True      ,23,16.432,0.01,0.164,0,99,-0.04,0.026,3.023,0,0,0.001,15,20,-1002,0,0,0,-223,-64,450,39.0187439,-104.8934951,2160970,1,29,39.018744,-104.8934948,2160040,-417,0,0,-1,173.19
03-20.052, 2026-04-01 14:44:03, 2026-04-08 16:57:14.490735, True      ,23,16.432,0.01,0.164,0,99,-0.04,0.026,3.023,0,0,0,13,21,-1001,0,0,0,-224,-64,450,39.0187439,-104.8934951,2160970,1,29,39.018744,-104.8934948,2160040,-418,0,0,-1,173.18
03-20.131, 2026-04-01 14:44:03, 2026-04-08 16:57:14.590252, True      ,23,16.422,0.01,0.164,0,99,-0.04,0.026,3.023,0,0,0,14,21,-1001,0,0,0,-223,-64,450,39.0187439,-104.8934951,2160960,4,29,39.018744,-104.8934949,2160040,-419,0,0,-1,173.18
03-20.209, 2026-04-01 14:44:03, 2026-04-08 16:57:14.590252, True      ,22.75,16.422,0.01,0.164,0,99,-0.04,0.026,3.023,0,0.001,0.001,15,21,-1000,0,0,0,-224,-64,450,39.0187439,-104.8934951,2160960,4,29,39.018744,-104.8934949,2160030,-421,0,0,-1,173.19
03-20.290, 2026-04-01 14:44:03, 2026-04-08 16:57:14.690581, True      ,22.75,16.422,0.01,0.164,0,99,-0.04,0.026,3.023,0,0.001,0,14,20,-1001,0,0,0,-223,-64,450,39.0187439,-104.8934952,2160950,2,29,39.018744,-104.8934949,2160030,-423,0,0,-1,173.19
03-20.362, 2026-04-01 14:44:03, 2026-04-08 16:57:14.790197, True      ,23,16.434,0.01,0.164,0,99,-0.04,0.026,3.023,0,0,0,14,21,-1000,0,0,0,-223,-64,450,39.0187439,-104.8934952,2160950,2,29,39.018744,-104.8934949,2160030,-427,0,0,-1,173.19
03-20.448, 2026-04-01 14:44:03, 2026-04-08 16:57:14.892577, True      ,23,16.434,0.01,0.164,0,99,-0.04,0.026,3.023,0,0,0,13,20,-1001,0,0,0,-224,-64,450,39.0187439,-104.8934952,2160950,2,29,39.018744,-104.893495,2160030,-429,0,0,0,173.18
03-20.528, 2026-04-01 14:44:03, 2026-04-08 16:57:14.990235, True      ,23,16.444,0.01,0.164,0,99,-0.04,0.026,3.023,0,0,-0.001,14,20,-1001,0,0,0,-224,-64,450,39.0187439,-104.8934952,2160940,2,29,39.018744,-104.893495,2160020,-434,0,0,0,173.18
03-20.602, 2026-04-01 14:44:03, 2026-04-08 16:57:14.990235, True      ,23,16.444,0.01,0.164,0,99,-0.04,0.026,3.023,0,0,0,14,20,-1001,0,0,0,-224,-64,450,39.0187439,-104.8934952,2160940,2,29,39.018744,-104.893495,2160020,-435,0,0,0,173.18
03-20.681, 2026-04-01 14:44:03, 2026-04-08 16:57:15.090203, True      ,23,16.444,0.01,0.164,0,99,-0.04,0.026,3.023,0,-0.001,0,13,20,-1001,0,-1,0,-224,-64,450,39.0187439,-104.8934952,2160940,2,29,39.018744,-104.893495,2160020,-438,0,0,0,173.18
03-20.754, 2026-04-01 14:44:03, 2026-04-08 16:57:15.190253, True      ,22.75,16.432,0.01,0.164,0,99,-0.04,0.026,3.023,-0.001,0.001,0,14,20,-1001,0,0,0,-223,-64,450,39.0187439,-104.8934952,2160950,3,29,39.018744,-104.893495,2160010,-441,0,0,0,173.18
03-20.831, 2026-04-01 14:44:04, 2026-04-08 16:57:15.290638, True      ,22.75,16.432,0.01,0.164,0,99,-0.04,0.026,3.023,0,0,0,14,20,-1001,0,0,0,-224,-64,450,39.0187439,-104.8934952,2160950,3,29,39.018744,-104.893495,2160010,-443,0,0,0,173.18
03-20.909, 2026-04-01 14:44:04, 2026-04-08 16:57:15.290638, True      ,23,16.432,0.01,0.164,0,99,-0.04,0.026,3.023,0,0,0,14,21,-1001,0,0,0,-223,-64,450,39.018744,-104.8934952,2160960,1,29,39.018744,-104.893495,2160010,-442,0,0,0,173.18
03-20.971, 2026-04-01 14:44:04, 2026-04-08 16:57:15.392478, True      ,23,16.435,0.01,0.164,0,99,-0.04,0.026,3.023,-0.001,0,0.001,14,19,-1001,0,0,0,-224,-64,450,39.018744,-104.8934952,2160960,1,29,39.018744,-104.893495,2160010,-444,0,0,0,173.18
03-21.046, 2026-04-01 14:44:04, 2026-04-08 16:57:15.490576, True      ,22.75,16.435,0.01,0.164,0,99,-0.04,0.026,3.023,0,0,0.001,15,21,-1000,0,0,0,-224,-64,450,39.018744,-104.8934952,2160960,1,29,39.018744,-104.893495,2160010,-445,0,0,0,173.18
03-21.114, 2026-04-01 14:44:04, 2026-04-08 16:57:15.490576, True      ,23,16.435,0.01,0.164,0,99,-0.04,0.026,3.023,0,0,0,14,20,-1000,0,0,0,-223,-64,450,39.018744,-104.8934952,2160950,0,29,39.018744,-104.893495,2160010,-445,0,0,0,173.18
03-21.185, 2026-04-01 14:44:04, 2026-04-08 16:57:15.490576, True      ,23,16.435,0.01,0.164,0,99,-0.04,0.026,3.023,-0.001,0,-0.001,14,20,-1000,0,0,-1,-224,-64,450,39.018744,-104.8934952,2160950,0,29,39.018744,-104.893495,2160010,-446,0,0,0,173.18
03-21.265, 2026-04-01 14:44:04, 2026-04-08 16:57:15.690551, True      ,23,16.435,0.01,0.164,0,99,-0.04,0.026,3.023,0,0,0,15,20,-1001,0,0,0,-224,-64,450,39.018744,-104.8934952,2160950,0,29,39.018744,-104.893495,2160010,-444,0,0,0,173.18
03-21.336, 2026-04-01 14:44:04, 2026-04-08 16:57:15.790195, True      ,23,16.439,0.01,0.164,0,99,-0.04,0.026,3.023,0,0.001,-0.001,14,20,-1001,0,0,0,-223,-64,450,39.018744,-104.8934952,2160950,1,29,39.018744,-104.893495,2160010,-441,0,0,0,173.18
03-21.410, 2026-04-01 14:44:04, 2026-04-08 16:57:15.790195, True      ,22.75,16.439,0.01,0.164,0,99,-0.04,0.026,3.023,0,0,-0.001,13,21,-1001,0,0,-1,-224,-64,450,39.018744,-104.8934952,2160950,1,29,39.018744,-104.893495,2160020,-439,0,0,0,173.18
03-21.481, 2026-04-01 14:44:04, 2026-04-08 16:57:15.892495, True      ,23,16.439,0.01,0.164,0,99,-0.04,0.026,3.023,0,0,0,14,20,-1001,0,0,0,-223,-64,450,39.0187439,-104.8934952,2160950,3,29,39.018744,-104.893495,2160020,-434,0,0,0,173.18
03-21.552, 2026-04-01 14:44:04, 2026-04-08 16:57:15.990247, True      ,23,16.435,0.01,0.164,0,99,-0.04,0.026,3.023,0,0,0,14,19,-1001,0,0,0,-223,-64,450,39.0187439,-104.8934952,2160950,3,29,39.018744,-104.893495,2160030,-428,0,0,0,173.18
03-21.630, 2026-04-01 14:44:04, 2026-04-08 16:57:16.090238, True      ,23,16.435,0.01,0.164,0,99,-0.04,0.026,3.023,0,0,0,15,21,-1000,0,0,0,-224,-64,450,39.0187439,-104.8934952,2160950,3,29,39.018744,-104.893495,2160030,-424,0,0,0,173.18
03-21.701, 2026-04-01 14:44:04, 2026-04-08 16:57:16.090238, True      ,23,16.435,0.01,0.164,0,99,-0.04,0.026,3.023,0,-0.001,0,15,21,-1001,0,0,0,-223,-64,450,39.0187439,-104.8934951,2160950,2,29,39.018744,-104.893495,2160040,-417,0,0,0,173.18
03-21.768, 2026-04-01 14:44:04, 2026-04-08 16:57:16.190257, True      ,23,16.44,0,0,0,99,-0.04,0.026,3.023,0,-0.001,0.001,13,21,-1002,0,0,0,-223,-64,450,39.0187439,-104.8934951,2160950,2,29,39.018744,-104.893495,2160040,-413,0,0,0,173.18
03-21.854, 2026-04-01 14:44:05, 2026-04-08 16:57:16.290637, True      ,22.75,16.44,0,0,0,99,-0.04,0.026,3.023,0,0,-0.001,15,21,-1001,0,0,-1,-224,-64,450,39.0187439,-104.8934951,2160950,2,29,39.018744,-104.893495,2160040,-411,0,0,0,173.18
03-21.929, 2026-04-01 14:44:05, 2026-04-08 16:57:16.392488, True      ,23,16.436,0.01,0.164,0,99,-0.04,0.026,3.023,0,0,-0.002,15,21,-1001,0,0,-2,-223,-64,450,39.018744,-104.8934951,2160960,0,29,39.018744,-104.893495,2160050,-403,0,0,-1,173.18
03-22.000, 2026-04-01 14:44:05, 2026-04-08 16:57:16.392488, True      ,23,16.436,0.01,0.164,0,99,-0.04,0.026,3.023,0,0,0,16,20,-1000,0,0,0,-224,-64,450,39.018744,-104.8934951,2160960,0,29,39.018744,-104.893495,2160060,-398,0,0,-1,173.18
03-22.069, 2026-04-01 14:44:05, 2026-04-08 16:57:16.490688, True      ,23,16.436,0.01,0.164,0,99,-0.04,0.026,3.023,0,0,0.002,14,22,-1001,0,0,1,-224,-64,450,39.018744,-104.8934951,2160960,0,29,39.018744,-104.893495,2160060,-396,0,0,-1,173.18
03-22.137, 2026-04-01 14:44:05, 2026-04-08 16:57:16.590242, True      ,23,16.427,0.01,0.164,0,99,-0.04,0.026,3.023,-0.001,-0.001,0,12,19,-1001,0,0,0,-223,-64,450,39.018744,-104.8934951,2160960,1,29,39.018744,-104.893495,2160060,-392,0,0,-1,173.18
03-22.206, 2026-04-01 14:44:05, 2026-04-08 16:57:16.590242, True      ,23,16.427,0.01,0.164,0,99,-0.04,0.026,3.023,0,0,-0.001,15,21,-1001,0,0,-1,-224,-64,450,39.018744,-104.8934951,2160960,1,29,39.018744,-104.893495,2160070,-389,0,0,-1,173.18
03-22.274, 2026-04-01 14:44:05, 2026-04-08 16:57:16.690681, True      ,23,16.427,0.01,0.164,0,99,-0.04,0.026,3.023,-0.001,0,-0.001,16,25,-1000,0,0,-1,-223,-64,450,39.018744,-104.8934951,2160960,2,29,39.018744,-104.893495,2160070,-385,0,0,-1,173.18
03-22.345, 2026-04-01 14:44:05, 2026-04-08 16:57:16.790245, True      ,23,16.434,0.01,0.164,0,99,-0.04,0.026,3.023,-0.001,-0.001,0.002,16,21,-1001,0,0,1,-223,-64,450,39.018744,-104.8934951,2160960,2,29,39.018744,-104.893495,2160070,-380,0,0,-1,173.18
03-22.416, 2026-04-01 14:44:05, 2026-04-08 16:57:16.790245, True      ,22.75,16.434,0.01,0.164,0,99,-0.04,0.026,3.023,0,0,-0.002,14,20,-1000,0,0,-2,-224,-64,450,39.018744,-104.8934951,2160960,2,29,39.018744,-104.893495,2160080,-378,0,0,-1,173.18
03-22.484, 2026-04-01 14:44:05, 2026-04-08 16:57:16.790245, True      ,22.75,16.434,0.01,0.164,0,99,-0.04,0.026,3.023,0,0,-0.001,12,19,-1000,0,0,-1,-222,-65,450,39.018744,-104.8934951,2160970,1,29,39.018744,-104.893495,2160080,-376,0,0,-1,173.17
03-22.550, 2026-04-01 14:44:05, 2026-04-08 16:57:16.990332, True      ,23,16.431,0.01,0.164,0,99,-0.04,0.026,3.023,-0.001,0,-0.002,15,22,-1001,0,0,-2,-222,-65,450,39.018744,-104.8934951,2160970,1,29,39.018744,-104.893495,2160080,-376,0,0,-1,173.18
03-22.621, 2026-04-01 14:44:05, 2026-04-08 16:57:16.990332, True      ,23,16.431,0.01,0.164,0,99,-0.04,0.026,3.023,0,0,0,12,20,-1000,0,0,0,-224,-64,450,39.018744,-104.8934951,2160970,1,29,39.018744,-104.893495,2160080,-376,0,0,-1,173.18
03-22.697, 2026-04-01 14:44:05, 2026-04-08 16:57:16.990332, True      ,23,16.431,0.01,0.164,0,99,-0.04,0.026,3.023,0,0,-0.001,11,20,-1000,0,0,0,-223,-64,450,39.018744,-104.8934951,2160970,1,29,39.018744,-104.893495,2160080,-376,0,0,-1,173.18
03-22.764, 2026-04-01 14:44:05, 2026-04-08 16:57:17.190267, True      ,23,16.439,0.01,0.164,0,99,-0.04,0.026,3.023,0,0,0,12,20,-1000,0,0,0,-223,-64,450,39.018744,-104.8934952,2160960,0,29,39.018744,-104.893495,2160080,-374,0,0,-1,173.18
03-22.840, 2026-04-01 14:44:06, 2026-04-08 16:57:17.290712, True      ,22.75,16.439,0.01,0.164,0,99,-0.04,0.026,3.023,0,0,-0.001,13,20,-1001,0,0,0,-224,-64,450,39.018744,-104.8934952,2160960,0,29,39.018744,-104.893495,2160080,-373,0,0,-1,173.18
03-22.919, 2026-04-01 14:44:06, 2026-04-08 16:57:17.290712, True      ,23,16.439,0.01,0.164,0,99,-0.04,0.026,3.023,0,0,-0.001,15,22,-1001,0,0,-1,-223,-64,449,39.018744,-104.8934952,2160960,1,29,39.018744,-104.893495,2160080,-371,0,0,-1,173.18
03-22.992, 2026-04-01 14:44:06, 2026-04-08 16:57:17.290712, True      ,23,16.439,0.01,0.164,0,99,-0.04,0.026,3.023,0,0,0.003,13,22,-1001,0,0,2,-224,-64,450,39.018744,-104.8934952,2160960,1,29,39.018744,-104.893495,2160090,-368,0,0,-1,173.18
03-23.067, 2026-04-01 14:44:06, 2026-04-08 16:57:17.490703, True      ,23,16.439,0.01,0.164,0,99,-0.04,0.026,3.023,0.001,0,0.001,13,17,-1001,0,0,0,-224,-64,450,39.018744,-104.8934952,2160960,1,29,39.018744,-104.893495,2160090,-364,0,0,-1,173.18
03-23.139, 2026-04-01 14:44:06, 2026-04-08 16:57:17.590287, True      ,23,16.423,0.01,0.164,0,99,-0.04,0.026,3.023,-0.001,0,-0.001,15,18,-1000,0,0,-1,-223,-64,449,39.018744,-104.8934952,2160950,1,29,39.018744,-104.893495,2160100,-358,0,0,-1,173.18
03-23.209, 2026-04-01 14:44:06, 2026-04-08 16:57:17.590287, True      ,23,16.423,0.01,0.164,0,99,-0.04,0.026,3.023,0,0,-0.001,14,26,-1001,0,0,0,-224,-64,450,39.018744,-104.8934952,2160950,1,29,39.018744,-104.893495,2160100,-353,0,0,-1,173.18
03-23.277, 2026-04-01 14:44:06, 2026-04-08 16:57:17.690671, True      ,22.75,16.423,0.01,0.164,0,99,-0.04,0.026,3.023,-0.001,0,0,15,21,-1000,0,0,0,-223,-64,450,39.018744,-104.8934952,2160960,1,29,39.018744,-104.893495,2160110,-349,0,0,-1,173.18
03-23.344, 2026-04-01 14:44:06, 2026-04-08 16:57:17.790239, True      ,23,16.433,0.01,0.164,0,99,-0.04,0.026,3.023,0,0,0,14,17,-1000,0,0,0,-223,-64,450,39.018744,-104.8934952,2160960,1,29,39.018744,-104.893495,2160110,-346,0,0,-1,173.18
03-23.419, 2026-04-01 14:44:06, 2026-04-08 16:57:17.790239, True      ,23,16.433,0.01,0.164,0,99,-0.04,0.026,3.023,0,0,0,14,23,-1001,0,0,0,-224,-64,450,39.018744,-104.8934952,2160960,1,29,39.0187441,-104.893495,2160110,-344,0,0,-1,173.18
03-23.487, 2026-04-01 14:44:06, 2026-04-08 16:57:17.790239, True      ,23,16.433,0.01,0.164,0,99,-0.04,0.026,3.023,-0.001,0,0,15,23,-1000,0,0,0,-223,-64,450,39.018744,-104.8934952,2160960,1,29,39.0187441,-104.893495,2160110,-341,0,0,-1,173.18
03-23.551, 2026-04-01 14:44:06, 2026-04-08 16:57:17.990251, True      ,23,16.436,0.01,0.164,0,99,-0.04,0.026,3.023,0,0,0.001,16,22,-1001,0,0,0,-223,-64,450,39.018744,-104.8934952,2160960,1,29,39.0187441,-104.893495,2160110,-341,0,0,-2,173.18
03-23.625, 2026-04-01 14:44:06, 2026-04-08 16:57:18.090318, True      ,23,16.436,0.01,0.164,0,99,-0.04,0.026,3.023,0,0,-0.001,14,21,-1000,0,0,-1,-224,-64,450,39.018744,-104.8934952,2160960,1,29,39.0187441,-104.893495,2160110,-341,0,0,-1,173.18
03-23.692, 2026-04-01 14:44:06, 2026-04-08 16:57:18.090318, True      ,23,16.436,0.01,0.164,0,99,-0.04,0.026,3.023,0,0,-0.002,12,20,-1002,0,0,-2,-223,-64,450,39.0187441,-104.8934952,2160970,3,29,39.0187441,-104.893495,2160110,-341,0,0,-1,173.18
03-23.759, 2026-04-01 14:44:06, 2026-04-08 16:57:18.190302, True      ,23,16.433,0.01,0.164,0,99,-0.04,0.026,3.023,0,0,-0.001,16,22,-1001,0,0,-1,-223,-64,450,39.0187441,-104.8934952,2160970,3,29,39.0187441,-104.893495,2160110,-340,1,0,-1,173.18
03-23.836, 2026-04-01 14:44:07, 2026-04-08 16:57:18.290626, True      ,23,16.433,0.01,0.164,0,99,-0.04,0.026,3.023,0,-0.001,-0.001,13,19,-1000,0,0,0,-224,-64,450,39.0187441,-104.8934952,2160970,3,29,39.0187441,-104.893495,2160120,-339,1,0,-1,173.18
03-23.909, 2026-04-01 14:44:07, 2026-04-08 16:57:18.290626, True      ,23,16.433,0.01,0.164,0,99,-0.04,0.026,3.023,0,0,0,13,20,-1000,0,0,0,-224,-64,450,39.0187441,-104.8934952,2160970,2,29,39.0187441,-104.893495,2160110,-341,1,0,-1,173.18
03-23.978, 2026-04-01 14:44:07, 2026-04-08 16:57:18.392653, True      ,22.75,16.434,0.01,0.164,0,99,-0.04,0.026,3.023,0,0,-0.002,14,19,-1001,0,0,-2,-224,-64,450,39.0187441,-104.8934952,2160970,2,29,39.0187441,-104.893495,2160110,-341,1,0,-1,173.18
03-24.059, 2026-04-01 14:44:07, 2026-04-08 16:57:18.490669, True      ,23,16.434,0.01,0.164,0,99,-0.04,0.026,3.023,0,0,0,14,20,-1001,0,0,0,-224,-64,450,39.0187441,-104.8934952,2160970,2,29,39.0187441,-104.893495,2160110,-341,1,0,-1,173.18
03-24.133, 2026-04-01 14:44:07, 2026-04-08 16:57:18.590297, True      ,23,16.417,0.01,0.164,0,99,-0.04,0.026,3.023,0,0,0.001,14,21,-1001,0,0,0,-223,-64,450,39.0187441,-104.8934951,2160960,2,29,39.0187441,-104.893495,2160120,-339,1,0,-1,173.18
03-24.207, 2026-04-01 14:44:07, 2026-04-08 16:57:18.590297, True      ,23,16.417,0.01,0.164,0,99,-0.04,0.026,3.023,0,0,0,14,19,-1001,0,0,0,-224,-64,450,39.0187441,-104.8934951,2160960,2,29,39.0187441,-104.893495,2160120,-337,1,0,-1,173.18
03-24.281, 2026-04-01 14:44:07, 2026-04-08 16:57:18.690709, True      ,22.75,16.417,0.01,0.164,0,99,-0.04,0.026,3.023,0,0,-0.001,14,19,-1000,0,0,-1,-223,-64,450,39.0187441,-104.8934951,2160970,1,29,39.0187441,-104.893495,2160120,-335,0,0,-1,173.18
03-24.359, 2026-04-01 14:44:07, 2026-04-08 16:57:18.790346, True      ,22.75,16.426,0,0,0,99,-0.04,0.026,3.023,0,0.001,0,13,22,-1000,0,0,0,-223,-64,450,39.0187441,-104.8934951,2160970,1,29,39.0187441,-104.893495,2160120,-334,0,0,-1,173.18
03-24.435, 2026-04-01 14:44:07, 2026-04-08 16:57:18.892625, True      ,23,16.426,0,0,0,99,-0.04,0.026,3.023,0,0,0,15,20,-1001,0,0,0,-224,-64,450,39.0187441,-104.8934951,2160970,1,29,39.0187441,-104.893495,2160120,-333,0,0,-1,173.18
03-24.502, 2026-04-01 14:44:07, 2026-04-08 16:57:18.892625, True      ,23,16.426,0,0,0,99,-0.04,0.026,3.023,0,0,0,15,20,-1000,0,0,0,-223,-64,449,39.018744,-104.8934952,2160960,2,29,39.0187441,-104.893495,2160130,-328,0,0,-1,173.18
03-24.574, 2026-04-01 14:44:07, 2026-04-08 16:57:18.990328, True      ,23,16.429,0,0,0,99,-0.04,0.026,3.023,0,0,0,14,21,-1000,0,0,0,-223,-64,449,39.018744,-104.8934952,2160960,2,29,39.0187441,-104.893495,2160130,-326,0,0,-1,173.18
03-24.650, 2026-04-01 14:44:07, 2026-04-08 16:57:19.090694, True      ,23,16.429,0,0,0,99,-0.04,0.026,3.023,0,0,-0.001,15,20,-1001,0,0,-1,-224,-64,450,39.018744,-104.8934952,2160960,2,29,39.0187441,-104.893495,2160130,-325,0,0,-1,173.17
03-24.719, 2026-04-01 14:44:07, 2026-04-08 16:57:19.090694, True      ,23,16.429,0,0,0,99,-0.04,0.026,3.023,0,0,-0.001,14,20,-1000,0,0,-1,-223,-64,449,39.018744,-104.8934952,2160960,2,29,39.0187441,-104.893495,2160130,-320,0,0,-1,173.17
03-24.789, 2026-04-01 14:44:07, 2026-04-08 16:57:19.090694, True      ,23,16.429,0,0,0,99,-0.04,0.026,3.023,0,0,0,14,20,-1001,0,0,0,-224,-64,450,39.018744,-104.8934952,2160960,2,29,39.0187441,-104.893495,2160140,-317,0,0,-1,173.17
03-24.856, 2026-04-01 14:44:08, 2026-04-08 16:57:19.290737, True      ,23,16.429,0,0,0,99,-0.04,0.026,3.023,0,0.001,0,14,20,-1000,0,0,0,-224,-64,450,39.018744,-104.8934952,2160960,2,29,39.0187441,-104.893495,2160140,-314,0,0,-1,173.17
03-24.927, 2026-04-01 14:44:08, 2026-04-08 16:57:19.290737, True      ,23,16.429,0,0,0,99,-0.04,0.026,3.023,0,0,0,13,20,-1001,0,0,0,-224,-64,450,39.018744,-104.8934952,2160950,1,29,39.018744,-104.893495,2160140,-314,0,0,-1,173.17
03-24.996, 2026-04-01 14:44:08, 2026-04-08 16:57:19.290737, True      ,22.75,16.429,0,0,0,99,-0.04,0.026,3.022,0,0,-0.001,15,20,-1000,0,0,0,-224,-64,450,39.018744,-104.8934952,2160950,1,29,39.018744,-104.893495,2160140,-315,0,0,-1,173.17
03-25.065, 2026-04-01 14:44:08, 2026-04-08 16:57:19.490735, True      ,23,16.429,0,0,0,99,-0.04,0.026,3.022,0,0,0,14,22,-1001,0,0,0,-224,-64,450,39.018744,-104.8934952,2160950,1,29,39.018744,-104.893495,2160140,-317,0,0,-1,173.17
03-25.142, 2026-04-01 14:44:08, 2026-04-08 16:57:19.590332, True      ,23,16.422,0.01,0.164,0,99,-0.04,0.026,3.022,0,0,0,15,19,-1000,0,0,0,-223,-64,450,39.018744,-104.8934952,2160950,0,29,39.018744,-104.893495,2160140,-318,0,0,-1,173.17
03-25.217, 2026-04-01 14:44:08, 2026-04-08 16:57:19.590332, True      ,23,16.422,0.01,0.164,0,99,-0.04,0.026,3.022,0,0.001,0.001,13,22,-1001,0,0,0,-224,-64,450,39.018744,-104.8934952,2160950,0,29,39.018744,-104.893495,2160140,-317,0,0,-1,173.17
03-25.294, 2026-04-01 14:44:08, 2026-04-08 16:57:19.590332, True      ,23,16.422,0.01,0.164,0,99,-0.04,0.026,3.022,0,0,-0.001,14,22,-1000,0,0,-1,-223,-64,450,39.018744,-104.8934952,2160950,1,29,39.018744,-104.893495,2160140,-317,0,0,-1,173.17
03-25.365, 2026-04-01 14:44:08, 2026-04-08 16:57:19.790320, True      ,22.75,16.43,0.01,0.164,0,99,-0.04,0.026,3.022,0,0,0.001,14,21,-1001,0,0,0,-223,-64,450,39.018744,-104.8934952,2160950,1,29,39.018744,-104.893495,2160140,-317,0,0,-1,173.17
03-25.444, 2026-04-01 14:44:08, 2026-04-08 16:57:19.892650, True      ,23,16.43,0.01,0.164,0,99,-0.04,0.026,3.022,0,0,-0.002,13,22,-1000,0,0,-2,-224,-64,450,39.018744,-104.8934952,2160950,1,29,39.018744,-104.893495,2160140,-317,0,0,-1,173.17
03-25.517, 2026-04-01 14:44:08, 2026-04-08 16:57:19.892650, True      ,23,16.43,0.01,0.164,0,99,-0.04,0.026,3.022,0,0,-0.002,14,21,-1001,0,0,-1,-223,-64,449,39.018744,-104.8934952,2160960,0,29,39.018744,-104.893495,2160140,-315,0,0,-1,173.17
03-25.591, 2026-04-01 14:44:08, 2026-04-08 16:57:19.892650, True      ,23,16.43,0.01,0.164,0,99,-0.04,0.026,3.022,0,0,0,14,23,-1000,0,0,0,-224,-64,450,39.018744,-104.8934952,2160960,0,29,39.018744,-104.893495,2160140,-317,0,0,-1,173.17
03-25.672, 2026-04-01 14:44:08, 2026-04-08 16:57:20.090705, True      ,23,16.43,0.01,0.164,0,99,-0.04,0.026,3.023,0,0,0.002,15,22,-1001,0,0,1,-224,-64,450,39.018744,-104.8934952,2160960,0,29,39.018744,-104.893495,2160140,-318,0,0,-1,173.17
03-25.744, 2026-04-01 14:44:08, 2026-04-08 16:57:20.190282, True      ,22.75,16.432,0.01,0.164,0,99,-0.04,0.026,3.023,0,0,0,15,21,-1001,0,0,0,-223,-64,449,39.0187439,-104.8934952,2160960,2,29,39.018744,-104.893495,2160140,-318,0,0,-1,173.17
03-25.819, 2026-04-01 14:44:08, 2026-04-08 16:57:20.190282, True      ,22.75,16.432,0.01,0.164,0,99,-0.04,0.026,3.022,0,0,-0.001,13,21,-1000,0,0,0,-224,-64,450,39.0187439,-104.8934952,2160960,2,29,39.018744,-104.893495,2160140,-318,0,0,-1,173.17
03-25.891, 2026-04-01 14:44:09, 2026-04-08 16:57:20.190282, True      ,22.75,16.432,0.01,0.164,0,99,-0.04,0.026,3.022,0,0,0.001,15,21,-1000,0,0,0,-223,-64,449,39.0187439,-104.8934952,2160960,2,29,39.018744,-104.893495,2160140,-317,0,0,-1,173.17
03-25.960, 2026-04-01 14:44:09, 2026-04-08 16:57:20.392651, True      ,22.75,16.434,0.01,0.164,0,99,-0.04,0.026,3.022,0,0,-0.001,12,21,-1001,0,0,-1,-223,-64,449,39.0187439,-104.8934952,2160960,2,29,39.018744,-104.893495,2160140,-316,0,0,-1,173.17
03-26.039, 2026-04-01 14:44:09, 2026-04-08 16:57:20.490757, True      ,23,16.434,0.01,0.164,0,99,-0.04,0.026,3.022,0,0,0,14,21,-1001,0,0,0,-224,-64,450,39.0187439,-104.8934952,2160960,2,29,39.018744,-104.893495,2160140,-316,0,0,-1,173.17
03-26.112, 2026-04-01 14:44:09, 2026-04-08 16:57:20.490757, True      ,23,16.434,0.01,0.164,0,99,-0.04,0.026,3.022,0,0,0.001,14,21,-1001,0,0,0,-223,-64,450,39.0187439,-104.8934952,2160960,1,29,39.018744,-104.893495,2160140,-314,0,0,-1,173.17
03-26.178, 2026-04-01 14:44:09, 2026-04-08 16:57:20.590363, True      ,23,16.426,0.01,0.164,0,99,-0.04,0.026,3.022,0.001,0,-0.001,14,20,-1000,0,0,0,-224,-64,450,39.0187439,-104.8934952,2160960,1,29,39.018744,-104.893495,2160140,-314,0,0,-1,173.17
03-26.270, 2026-04-01 14:44:09, 2026-04-08 16:57:20.690755, True      ,22.75,16.426,0.01,0.164,0,99,-0.04,0.026,3.022,0,0,-0.001,14,22,-1000,0,0,-1,-224,-64,450,39.0187439,-104.8934952,2160960,1,29,39.018744,-104.893495,2160140,-314,0,0,-1,173.17
03-26.340, 2026-04-01 14:44:09, 2026-04-08 16:57:20.790432, True      ,23,16.428,0.01,0.164,0,99,-0.04,0.026,3.022,0,0,0,14,19,-1000,0,0,0,-223,-64,450,39.0187439,-104.8934952,2160960,3,29,39.018744,-104.893495,2160140,-311,0,0,-1,173.17
03-26.411, 2026-04-01 14:44:09, 2026-04-08 16:57:20.790432, True      ,22.75,16.428,0.01,0.164,0,99,-0.04,0.026,3.022,-0.001,0,0,15,21,-1000,0,0,0,-224,-64,450,39.0187439,-104.8934952,2160960,3,29,39.018744,-104.893495,2160140,-310,0,0,-1,173.16
03-26.484, 2026-04-01 14:44:09, 2026-04-08 16:57:20.892635, True      ,23,16.428,0.01,0.164,0,99,-0.04,0.026,3.022,0,0,0,15,21,-1002,0,0,0,-222,-64,450,39.0187439,-104.8934952,2160970,1,29,39.018744,-104.893495,2160150,-309,0,0,-1,173.17
03-26.550, 2026-04-01 14:44:09, 2026-04-08 16:57:20.990332, True      ,22.75,16.434,0,0,0,99,-0.04,0.026,3.022,0,0,0.001,15,21,-1001,0,0,0,-222,-64,450,39.0187439,-104.8934952,2160970,1,29,39.018744,-104.893495,2160150,-308,0,0,-1,173.17
03-26.626, 2026-04-01 14:44:09, 2026-04-08 16:57:21.090403, True      ,22.75,16.434,0,0,0,99,-0.04,0.026,3.022,0,0,-0.001,15,21,-1001,0,0,-1,-224,-64,450,39.0187439,-104.8934952,2160970,1,29,39.018744,-104.893495,2160150,-308,0,0,-1,173.17
03-26.693, 2026-04-01 14:44:09, 2026-04-08 16:57:21.090403, True      ,22.75,16.434,0,0,0,99,-0.04,0.026,3.022,0,0,0,14,21,-1000,0,0,0,-223,-64,450,39.0187439,-104.8934952,2160990,2,29,39.018744,-104.893495,2160150,-308,0,0,-1,173.17
03-26.764, 2026-04-01 14:44:09, 2026-04-08 16:57:21.190365, True      ,23,16.438,0.01,0.164,0,99,-0.04,0.026,3.022,0,0,-0.001,14,21,-1001,0,0,-1,-223,-64,450,39.0187439,-104.8934952,2160990,2,29,39.018744,-104.893495,2160150,-308,0,0,-1,173.17
03-26.840, 2026-04-01 14:44:10, 2026-04-08 16:57:21.290332, True      ,22.75,16.438,0.01,0.164,0,99,-0.04,0.026,3.022,0,0,0.001,13,20,-1001,0,0,0,-224,-64,449,39.0187439,-104.8934952,2160990,2,29,39.018744,-104.893495,2160150,-308,0,0,-1,173.17
03-26.909, 2026-04-01 14:44:10, 2026-04-08 16:57:21.290332, True      ,22.75,16.438,0.01,0.164,0,99,-0.04,0.026,3.022,0,0,0.001,12,19,-1001,0,0,0,-223,-64,450,39.0187439,-104.8934953,2160980,2,29,39.018744,-104.893495,2160150,-307,0,0,-1,173.17
03-26.975, 2026-04-01 14:44:10, 2026-04-08 16:57:21.392701, True      ,22.75,16.434,0.01,0.164,0,99,-0.04,0.026,3.022,0.001,0,-0.001,15,19,-1001,0,0,0,-223,-64,450,39.0187439,-104.8934953,2160980,2,29,39.018744,-104.893495,2160150,-308,0,0,-1,173.17
03-27.058, 2026-04-01 14:44:10, 2026-04-08 16:57:21.490797, True      ,23,16.434,0.01,0.164,0,99,-0.04,0.026,3.022,0,0,-0.001,13,19,-1000,0,0,-1,-223,-64,450,39.0187439,-104.8934953,2160980,2,29,39.018744,-104.893495,2160150,-308,0,0,-1,173.17
03-27.131, 2026-04-01 14:44:10, 2026-04-08 16:57:21.590380, True      ,22.75,16.421,0.01,0.164,0,99,-0.04,0.026,3.022,0,0,0.001,14,21,-1001,0,0,0,-223,-64,450,39.0187439,-104.8934953,2160980,0,29,39.018744,-104.8934951,2160150,-307,0,0,-1,173.17
03-27.208, 2026-04-01 14:44:10, 2026-04-08 16:57:21.590380, True      ,22.75,16.421,0.01,0.164,0,99,-0.04,0.026,3.022,0,0,0.001,13,21,-1000,0,0,0,-224,-64,450,39.0187439,-104.8934953,2160980,0,29,39.018744,-104.8934951,2160150,-308,0,0,-1,173.17
03-27.288, 2026-04-01 14:44:10, 2026-04-08 16:57:21.690790, True      ,22.75,16.421,0.01,0.164,0,99,-0.04,0.026,3.022,0,0.001,-0.001,14,19,-1001,0,0,-1,-223,-64,450,39.0187439,-104.8934953,2160980,2,29,39.018744,-104.8934951,2160140,-312,0,0,-1,173.16
03-27.361, 2026-04-01 14:44:10, 2026-04-08 16:57:21.790377, True      ,23,16.426,0.01,0.164,0,99,-0.04,0.026,3.022,0,0,0,14,19,-1001,0,0,0,-223,-64,450,39.0187439,-104.8934953,2160980,2,29,39.018744,-104.8934951,2160140,-313,0,0,-1,173.16
03-27.441, 2026-04-01 14:44:10, 2026-04-08 16:57:21.892702, True      ,22.75,16.426,0.01,0.164,0,99,-0.04,0.026,3.022,0,0,0,15,21,-1001,0,0,0,-224,-64,450,39.0187439,-104.8934953,2160980,2,29,39.018744,-104.8934951,2160140,-312,0,0,-1,173.16
03-27.516, 2026-04-01 14:44:10, 2026-04-08 16:57:21.892702, True      ,22.75,16.426,0.01,0.164,0,99,-0.04,0.026,3.022,0,0,0,13,22,-1001,0,0,0,-223,-64,450,39.0187439,-104.8934953,2160970,2,29,39.018744,-104.8934951,2160140,-312,0,0,-1,173.16
03-27.592, 2026-04-01 14:44:10, 2026-04-08 16:57:21.892702, True      ,22.75,16.426,0.01,0.164,0,99,-0.04,0.026,3.022,0,0,0,16,21,-1000,0,0,0,-224,-64,450,39.0187439,-104.8934953,2160970,2,29,39.018744,-104.8934951,2160150,-309,0,0,-1,173.16
03-27.669, 2026-04-01 14:44:10, 2026-04-08 16:57:22.090354, True      ,23,16.426,0.01,0.164,0,99,-0.04,0.026,3.022,0,0,0,14,17,-1001,0,0,0,-224,-64,450,39.0187439,-104.8934953,2160970,2,29,39.018744,-104.8934951,2160150,-308,0,0,-1,173.16
03-27.742, 2026-04-01 14:44:10, 2026-04-08 16:57:22.190342, True      ,22.75,16.44,0.01,0.164,0,99,-0.04,0.026,3.022,0,0,-0.001,12,20,-1001,0,0,-1,-223,-64,450,39.0187439,-104.8934952,2160970,1,29,39.018744,-104.8934951,2160150,-306,0,0,-1,173.16
03-27.817, 2026-04-01 14:44:10, 2026-04-08 16:57:22.190342, True      ,22.75,16.44,0.01,0.164,0,99,-0.04,0.026,3.022,0,0,-0.001,16,21,-1000,0,0,-1,-223,-64,450,39.0187439,-104.8934952,2160970,1,29,39.018744,-104.893495,2160150,-304,0,0,-1,173.16
03-27.890, 2026-04-01 14:44:11, 2026-04-08 16:57:22.190342, True      ,22.75,16.44,0.01,0.164,0,99,-0.04,0.026,3.022,0,0,0,16,20,-1001,0,0,0,-223,-64,450,39.0187439,-104.8934952,2160960,2,29,39.018744,-104.893495,2160150,-301,0,0,-1,173.16
03-27.969, 2026-04-01 14:44:11, 2026-04-08 16:57:22.392553, True      ,23,16.434,0.01,0.164,0,99,-0.04,0.026,3.022,0,0,0,15,21,-1000,0,0,0,-223,-64,450,39.0187439,-104.8934952,2160960,2,29,39.018744,-104.893495,2160150,-301,0,0,-1,173.16
03-28.051, 2026-04-01 14:44:11, 2026-04-08 16:57:22.490763, True      ,22.75,16.434,0.01,0.164,0,99,-0.04,0.026,3.022,0,0,0,14,19,-1001,0,0,0,-224,-64,450,39.0187439,-104.8934952,2160960,2,29,39.018744,-104.893495,2160150,-301,0,0,-1,173.16
03-28.128, 2026-04-01 14:44:11, 2026-04-08 16:57:22.590428, True      ,22.75,16.422,0.01,0.164,0,99,-0.04,0.026,3.022,0,0,0,13,20,-1001,0,0,0,-223,-64,450,39.0187439,-104.8934952,2160950,0,29,39.018744,-104.893495,2160150,-301,0,0,-1,173.16
03-28.200, 2026-04-01 14:44:11, 2026-04-08 16:57:22.590428, True      ,22.75,16.422,0.01,0.164,0,99,-0.04,0.026,3.022,-0.001,0,0,14,20,-1001,0,0,0,-224,-64,450,39.0187439,-104.8934952,2160950,0,29,39.018744,-104.893495,2160160,-299,0,0,-1,173.16
03-28.271, 2026-04-01 14:44:11, 2026-04-08 16:57:22.690772, True      ,22.75,16.422,0.01,0.164,0,99,-0.04,0.026,3.022,0,0,0,14,22,-1001,0,0,0,-224,-64,450,39.0187439,-104.8934952,2160950,0,29,39.018744,-104.893495,2160160,-298,0,0,-1,173.16
03-28.341, 2026-04-01 14:44:11, 2026-04-08 16:57:22.790375, True      ,22.75,16.432,0.01,0.164,0,99,-0.04,0.026,3.022,0,0,0,14,20,-1001,0,0,0,-224,-64,450,39.0187439,-104.8934952,2160940,4,29,39.018744,-104.893495,2160160,-298,0,0,-1,173.16
03-28.415, 2026-04-01 14:44:11, 2026-04-08 16:57:22.790375, True      ,23,16.432,0.01,0.164,0,99,-0.04,0.026,3.022,0,0,-0.001,14,19,-1001,0,0,-1,-224,-64,450,39.0187439,-104.8934952,2160940,4,29,39.018744,-104.893495,2160160,-299,0,0,-1,173.16
03-28.485, 2026-04-01 14:44:11, 2026-04-08 16:57:22.790375, True      ,23,16.432,0.01,0.164,0,99,-0.04,0.026,3.022,0,0,0,12,19,-1000,0,0,0,-223,-64,450,39.0187439,-104.8934952,2160940,3,29,39.018744,-104.893495,2160160,-298,0,0,-1,173.16
03-28.556, 2026-04-01 14:44:11, 2026-04-08 16:57:22.990357, True      ,23,16.429,0.01,0.164,0,99,-0.04,0.026,3.022,-0.001,0,0,15,21,-1001,0,0,0,-223,-64,450,39.0187439,-104.8934952,2160940,3,29,39.018744,-104.893495,2160160,-297,0,0,-1,173.16
03-28.635, 2026-04-01 14:44:11, 2026-04-08 16:57:23.090427, True      ,22.75,16.429,0.01,0.164,0,99,-0.04,0.026,3.022,0,0,0.001,13,19,-1001,0,0,0,-224,-64,450,39.0187439,-104.8934952,2160940,3,29,39.018744,-104.893495,2160160,-297,0,0,-1,173.17
03-28.708, 2026-04-01 14:44:11, 2026-04-08 16:57:23.090427, True      ,22.75,16.429,0.01,0.164,0,99,-0.04,0.026,3.022,0,0,0.002,13,19,-1001,0,0,1,-223,-64,450,39.0187439,-104.8934952,2160940,0,29,39.018744,-104.893495,2160160,-296,0,0,-1,173.17
03-28.773, 2026-04-01 14:44:11, 2026-04-08 16:57:23.190386, True      ,23,16.431,0,0,0,99,-0.04,0.026,3.022,0,0,0,13,19,-1001,0,0,0,-224,-64,450,39.0187439,-104.8934952,2160940,0,29,39.018744,-104.893495,2160160,-298,0,0,-1,173.16
03-28.851, 2026-04-01 14:44:12, 2026-04-08 16:57:23.290803, True      ,23,16.431,0,0,0,99,-0.04,0.026,3.022,0,0,0.001,14,18,-1000,0,0,0,-224,-64,450,39.0187439,-104.8934952,2160940,0,29,39.018744,-104.893495,2160160,-298,0,0,-1,173.16
03-28.922, 2026-04-01 14:44:12, 2026-04-08 16:57:23.290803, True      ,22.75,16.431,0,0,0,99,-0.04,0.026,3.022,0,0,0,14,22,-1001,0,0,0,-223,-64,450,39.0187439,-104.8934952,2160950,1,29,39.018744,-104.893495,2160160,-299,0,0,0,173.16
03-28.992, 2026-04-01 14:44:12, 2026-04-08 16:57:23.290803, True      ,22.75,16.431,0,0,0,99,-0.04,0.026,3.022,0,0,0.001,14,21,-1000,0,0,0,-224,-64,450,39.0187439,-104.8934952,2160950,1,29,39.018744,-104.893495,2160150,-300,0,0,0,173.16
03-29.069, 2026-04-01 14:44:12, 2026-04-08 16:57:23.490842, True      ,22.75,16.431,0,0,0,99,-0.04,0.026,3.022,0,0,0,13,19,-1000,0,0,0,-224,-64,450,39.0187439,-104.8934952,2160950,1,29,39.018744,-104.893495,2160160,-299,0,0,0,173.16
03-29.140, 2026-04-01 14:44:12, 2026-04-08 16:57:23.590370, True      ,23,16.426,0.01,0.164,0,99,-0.04,0.026,3.022,0,0,0,14,20,-1000,0,0,0,-223,-64,450,39.0187439,-104.8934952,2160950,3,29,39.018744,-104.893495,2160160,-299,0,0,0,173.16
03-29.215, 2026-04-01 14:44:12, 2026-04-08 16:57:23.590370, True      ,23,16.426,0.01,0.164,0,99,-0.04,0.026,3.022,0,0,0.001,15,21,-1000,0,0,0,-224,-64,450,39.0187439,-104.8934952,2160950,3,29,39.018744,-104.893495,2160160,-299,0,0,0,173.17
03-29.287, 2026-04-01 14:44:12, 2026-04-08 16:57:23.590370, True      ,23,16.426,0.01,0.164,0,99,-0.04,0.026,3.022,0,0,0,14,21,-1001,0,0,0,-223,-64,450,39.0187439,-104.8934952,2160950,2,29,39.018744,-104.893495,2160160,-299,0,1,0,173.17
03-29.356, 2026-04-01 14:44:12, 2026-04-08 16:57:23.790402, True      ,22.75,16.428,0.01,0.164,0,99,-0.04,0.026,3.022,0,0,0.001,13,20,-999,0,0,0,-223,-64,450,39.0187439,-104.8934952,2160950,2,29,39.018744,-104.893495,2160160,-299,0,1,0,173.17
03-29.425, 2026-04-01 14:44:12, 2026-04-08 16:57:23.790402, True      ,22.75,16.428,0.01,0.164,0,99,-0.04,0.026,3.022,-0.001,0,0,15,22,-1001,0,0,0,-224,-64,450,39.0187439,-104.8934952,2160950,2,29,39.018744,-104.893495,2160160,-299,0,0,0,173.16
03-29.491, 2026-04-01 14:44:12, 2026-04-08 16:57:23.790402, True      ,23,16.428,0.01,0.164,0,99,-0.04,0.026,3.022,0,0,-0.001,14,20,-1000,0,0,0,-223,-64,450,39.0187439,-104.8934952,2160960,1,29,39.018744,-104.893495,2160150,-300,0,1,0,173.16
03-29.556, 2026-04-01 14:44:12, 2026-04-08 16:57:23.990393, True      ,23,16.432,0.01,0.164,0,99,-0.04,0.026,3.022,-0.001,0,0,14,21,-1001,0,0,0,-223,-64,450,39.0187439,-104.8934952,2160960,1,29,39.018744,-104.893495,2160160,-300,0,1,0,173.17
03-29.634, 2026-04-01 14:44:12, 2026-04-08 16:57:24.090383, True      ,23,16.432,0.01,0.164,0,99,-0.04,0.026,3.022,0,0,0,14,20,-1000,0,0,0,-224,-64,450,39.0187439,-104.8934952,2160960,1,29,39.018744,-104.893495,2160160,-299,0,1,0,173.17
03-29.701, 2026-04-01 14:44:12, 2026-04-08 16:57:24.090383, True      ,22.75,16.432,0.01,0.164,0,99,-0.04,0.026,3.022,0,0,0.001,13,21,-1001,0,0,0,-223,-64,450,39.0187439,-104.8934952,2160950,3,29,39.018744,-104.893495,2160160,-298,0,1,0,173.17
03-29.765, 2026-04-01 14:44:12, 2026-04-08 16:57:24.190372, True      ,22.75,16.43,0.01,0.164,0,99,-0.04,0.026,3.022,0,0,0.001,15,21,-1000,0,0,0,-223,-64,450,39.0187439,-104.8934952,2160950,3,29,39.018744,-104.893495,2160160,-297,0,0,0,173.17
03-29.837, 2026-04-01 14:44:13, 2026-04-08 16:57:24.290788, True      ,23,16.43,0.01,0.164,0,99,-0.04,0.026,3.022,0,0,-0.001,13,21,-1001,0,0,-1,-223,-64,450,39.0187439,-104.8934952,2160950,3,29,39.018744,-104.893495,2160160,-296,0,0,0,173.17
03-29.906, 2026-04-01 14:44:13, 2026-04-08 16:57:24.290788, True      ,23,16.43,0.01,0.164,0,99,-0.04,0.026,3.022,0,0,-0.001,11,23,-1000,0,0,-1,-223,-64,449,39.0187438,-104.8934952,2160950,3,29,39.018744,-104.893495,2160160,-294,0,0,0,173.17
03-29.971, 2026-04-01 14:44:13, 2026-04-08 16:57:24.392697, True      ,23,16.437,0.01,0.164,0,99,-0.04,0.026,3.022,0,0,0,15,18,-1002,0,0,0,-223,-64,450,39.0187438,-104.8934952,2160950,3,29,39.018744,-104.893495,2160160,-296,0,0,0,173.17
03-30.052, 2026-04-01 14:44:13, 2026-04-08 16:57:24.490851, True      ,22.75,16.437,0.01,0.164,0,99,-0.04,0.026,3.022,0,0,0.001,13,21,-1001,0,0,0,-223,-64,450,39.0187438,-104.8934952,2160950,3,29,39.018744,-104.893495,2160160,-296,0,0,0,173.17
03-30.130, 2026-04-01 14:44:13, 2026-04-08 16:57:24.590451, True      ,23,16.426,0.01,0.164,0,99,-0.04,0.026,3.022,0,0,0.001,13,23,-1000,0,0,0,-223,-64,450,39.0187439,-104.8934953,2160940,3,29,39.018744,-104.893495,2160160,-296,0,0,0,173.17
03-30.202, 2026-04-01 14:44:13, 2026-04-08 16:57:24.590451, True      ,23,16.426,0.01,0.164,0,99,-0.04,0.026,3.022,0,-0.001,0,14,20,-1000,0,0,0,-224,-64,450,39.0187439,-104.8934953,2160940,3,29,39.018744,-104.893495,2160160,-295,0,0,0,173.17
03-30.272, 2026-04-01 14:44:13, 2026-04-08 16:57:24.690862, True      ,23,16.426,0.01,0.164,0,99,-0.04,0.026,3.022,0,0,0,15,17,-1001,0,0,0,-224,-64,450,39.0187439,-104.8934953,2160940,3,29,39.018744,-104.893495,2160160,-292,0,0,0,173.17
03-30.342, 2026-04-01 14:44:13, 2026-04-08 16:57:24.790402, True      ,22.75,16.427,0.01,0.164,0,99,-0.04,0.026,3.022,0,0,0,13,21,-1001,0,0,0,-223,-64,450,39.0187439,-104.8934952,2160940,2,29,39.018744,-104.893495,2160170,-289,0,0,0,173.17
03-30.418, 2026-04-01 14:44:13, 2026-04-08 16:57:24.790402, True      ,22.75,16.427,0.01,0.164,0,99,-0.04,0.026,3.022,0,0,0,17,22,-1001,0,0,0,-224,-64,450,39.0187439,-104.8934952,2160940,2,29,39.018744,-104.893495,2160170,-286,0,0,0,173.17
03-30.489, 2026-04-01 14:44:13, 2026-04-08 16:57:24.790402, True      ,22.75,16.427,0.01,0.164,0,99,-0.04,0.026,3.022,0,0,0,17,22,-1001,0,0,0,-223,-64,449,39.0187439,-104.8934952,2160940,2,29,39.018744,-104.893495,2160170,-283,0,0,0,173.17
03-30.556, 2026-04-01 14:44:13, 2026-04-08 16:57:24.990493, True      ,23,16.43,0.01,0.164,0,99,-0.04,0.026,3.022,0,0,0,13,19,-1000,0,0,0,-223,-64,449,39.0187438,-104.8934952,2160930,1,29,39.018744,-104.893495,2160170,-283,0,0,0,173.17
03-30.638, 2026-04-01 14:44:13, 2026-04-08 16:57:25.090435, True      ,23,16.43,0.01,0.164,0,99,-0.04,0.026,3.022,0,0,0,17,21,-999,0,0,0,-224,-64,450,39.0187438,-104.8934952,2160930,1,29,39.018744,-104.893495,2160170,-283,0,0,0,173.17
03-30.717, 2026-04-01 14:44:13, 2026-04-08 16:57:25.090435, True      ,23,16.43,0.01,0.164,0,99,-0.04,0.026,3.022,0,0,-0.001,14,20,-1001,0,0,-1,-223,-64,450,39.0187438,-104.8934952,2160930,1,29,39.018744,-104.893495,2160170,-283,0,0,0,173.17
03-30.785, 2026-04-01 14:44:13, 2026-04-08 16:57:25.090435, True      ,23,16.43,0.01,0.164,0,99,-0.04,0.026,3.022,-0.001,-0.001,0,16,20,-1001,0,0,0,-224,-64,450,39.0187438,-104.8934952,2160930,1,29,39.018744,-104.893495,2160170,-281,0,0,0,173.17
03-30.850, 2026-04-01 14:44:14, 2026-04-08 16:57:25.290496, True      ,23,16.43,0.01,0.164,0,99,-0.04,0.026,3.022,-0.001,0,0.001,15,21,-1000,0,0,0,-224,-64,450,39.0187438,-104.8934952,2160930,1,29,39.018744,-104.893495,2160180,-279,0,0,0,173.17
03-30.919, 2026-04-01 14:44:14, 2026-04-08 16:57:25.290496, True      ,23,16.43,0.01,0.164,0,99,-0.04,0.026,3.022,0,0.001,0,13,19,-1001,0,0,0,-223,-64,450,39.0187439,-104.8934952,2160940,3,29,39.018744,-104.893495,2160180,-277,0,0,0,173.17
03-30.996, 2026-04-01 14:44:14, 2026-04-08 16:57:25.290496, True      ,23,16.43,0.01,0.164,0,99,-0.04,0.026,3.022,0,0,0,14,19,-1001,0,0,0,-224,-64,450,39.0187439,-104.8934952,2160940,3,29,39.018744,-104.893495,2160180,-276,0,0,0,173.17
03-31.075, 2026-04-01 14:44:14, 2026-04-08 16:57:25.490802, True      ,23,16.43,0.01,0.164,0,99,-0.04,0.026,3.022,0,0,0,14,20,-1000,0,0,0,-224,-64,450,39.0187439,-104.8934952,2160940,3,29,39.018744,-104.893495,2160180,-274,0,0,0,173.17
03-31.147, 2026-04-01 14:44:14, 2026-04-08 16:57:25.590420, True      ,23,16.427,0.01,0.164,0,99,-0.04,0.026,3.022,-0.001,0,-0.001,14,24,-1001,0,0,0,-223,-64,450,39.0187439,-104.8934952,2160950,0,29,39.018744,-104.893495,2160180,-270,0,0,0,173.17
03-31.222, 2026-04-01 14:44:14, 2026-04-08 16:57:25.590420, True      ,23,16.427,0.01,0.164,0,99,-0.04,0.026,3.022,0,0,-0.001,15,18,-1000,0,0,-1,-224,-64,450,39.0187439,-104.8934952,2160950,0,29,39.018744,-104.893495,2160190,-267,0,0,0,173.17
03-31.294, 2026-04-01 14:44:14, 2026-04-08 16:57:25.590420, True      ,23,16.427,0.01,0.164,0,99,-0.04,0.026,3.022,0,0,0,14,19,-1000,0,0,0,-223,-64,450,39.0187439,-104.8934952,2160950,1,29,39.018744,-104.893495,2160190,-261,0,0,-1,173.17
03-31.365, 2026-04-01 14:44:14, 2026-04-08 16:57:25.790485, True      ,23,16.437,0.01,0.164,0,99,-0.04,0.026,3.022,0,0,0,13,21,-1000,0,0,0,-223,-64,450,39.0187439,-104.8934952,2160950,1,29,39.018744,-104.893495,2160200,-257,0,0,-1,173.17
03-31.451, 2026-04-01 14:44:14, 2026-04-08 16:57:25.892812, True      ,23,16.437,0.01,0.164,0,99,-0.04,0.026,3.023,0,0,0.001,15,19,-1000,0,0,0,-224,-64,450,39.0187439,-104.8934952,2160950,1,29,39.018744,-104.893495,2160200,-255,0,0,-1,173.17
03-31.529, 2026-04-01 14:44:14, 2026-04-08 16:57:25.990473, True      ,23,16.432,0.01,0.164,0,99,-0.04,0.026,3.022,0,-0.001,0.001,15,20,-1002,0,-1,0,-223,-64,449,39.0187439,-104.8934952,2160960,1,29,39.018744,-104.893495,2160200,-251,0,0,-1,173.17
03-31.607, 2026-04-01 14:44:14, 2026-04-08 16:57:25.990473, True      ,23,16.432,0.01,0.164,0,99,-0.04,0.026,3.022,0,0,0,15,21,-1001,0,0,0,-224,-64,450,39.0187439,-104.8934952,2160960,1,29,39.018744,-104.893495,2160200,-250,0,0,-1,173.17
03-31.693, 2026-04-01 14:44:14, 2026-04-08 16:57:26.090458, True      ,23,16.432,0.01,0.164,0,99,-0.04,0.026,3.023,0,0,0.001,14,19,-1000,0,0,0,-223,-64,450,39.0187439,-104.8934952,2160960,1,29,39.018744,-104.893495,2160200,-251,0,0,-1,173.17
03-31.766, 2026-04-01 14:44:14, 2026-04-08 16:57:26.190514, True      ,23,16.437,0.01,0.164,0,99,-0.04,0.026,3.023,0,0,-0.001,13,20,-1001,0,0,-1,-223,-64,450,39.0187438,-104.8934952,2160950,1,29,39.018744,-104.893495,2160200,-252,0,0,-1,173.17
03-31.853, 2026-04-01 14:44:15, 2026-04-08 16:57:26.290787, True      ,23,16.437,0.01,0.164,0,99,-0.04,0.026,3.023,0,0.001,0,15,21,-1001,0,0,0,-223,-64,450,39.0187438,-104.8934952,2160950,1,29,39.018744,-104.893495,2160200,-253,0,0,-1,173.17
03-31.931, 2026-04-01 14:44:15, 2026-04-08 16:57:26.392799, True      ,23,16.435,0,0,0,99,-0.04,0.026,3.022,0,0,0,13,22,-1001,0,0,0,-223,-65,450,39.0187438,-104.8934952,2160950,1,29,39.018744,-104.893495,2160200,-254,0,0,-1,173.17
03-32.009, 2026-04-01 14:44:15, 2026-04-08 16:57:26.392799, True      ,23,16.435,0,0,0,99,-0.04,0.026,3.022,0,0,0,15,20,-1001,0,0,0,-224,-64,450,39.0187438,-104.8934952,2160950,1,29,39.018744,-104.893495,2160200,-254,0,0,-1,173.17
03-32.088, 2026-04-01 14:44:15, 2026-04-08 16:57:26.490900, True      ,22.75,16.435,0,0,0,99,-0.04,0.025,3.022,0.001,0,0,15,19,-1000,0,0,0,-223,-64,450,39.0187438,-104.8934952,2160940,0,29,39.018744,-104.893495,2160200,-256,0,0,-1,173.17
03-32.160, 2026-04-01 14:44:15, 2026-04-08 16:57:26.590437, True      ,23,16.429,0.01,0.164,0,99,-0.04,0.025,3.022,0,0,0,14,21,-1001,0,0,0,-223,-64,450,39.0187438,-104.8934952,2160940,0,29,39.0187439,-104.893495,2160200,-258,0,0,0,173.17
03-32.254, 2026-04-01 14:44:15, 2026-04-08 16:57:26.690864, True      ,23,16.429,0.01,0.164,0,99,-0.04,0.025,3.022,0,0,0,14,20,-1000,0,0,0,-224,-64,450,39.0187438,-104.8934952,2160940,0,29,39.0187439,-104.893495,2160200,-259,0,0,0,173.17
03-32.328, 2026-04-01 14:44:15, 2026-04-08 16:57:26.790491, True      ,23,16.432,0.01,0.164,0,99,-0.04,0.025,3.022,0,0,0,14,20,-1001,0,0,0,-223,-64,450,39.0187438,-104.8934951,2160930,3,29,39.0187439,-104.893495,2160190,-261,0,0,0,173.17
03-32.401, 2026-04-01 14:44:15, 2026-04-08 16:57:26.790491, True      ,23,16.432,0.01,0.164,0,99,-0.04,0.025,3.022,0,0,0,13,20,-1002,0,0,0,-224,-64,450,39.0187438,-104.8934951,2160930,3,29,39.0187439,-104.893495,2160190,-263,0,0,0,173.17
03-32.469, 2026-04-01 14:44:15, 2026-04-08 16:57:26.892720, True      ,23,16.432,0.01,0.164,0,99,-0.04,0.025,3.022,0,0,0,14,21,-1001,0,0,0,-224,-64,450,39.0187438,-104.8934951,2160930,3,29,39.0187439,-104.893495,2160190,-263,0,0,0,173.17
03-34.381, 2026-04-01 14:44:17, 2026-04-08 16:57:26.990490, True      ,22.75,16.433,0,0,0,99,-0.04,0.026,3.022,0,0.001,0.001,15,20,-1000,0,0,0,-223,-64,450,39.0187438,-104.8934951,2160930,3,29,39.0187439,-104.893495,2160190,-266,0,1,0,173.17
03-34.474, 2026-04-01 14:44:17, 2026-04-08 16:57:27.090493, True      ,22.75,16.435,0,0,0,99,-0.04,0.026,3.022,0,0,0,14,19,-1002,0,0,0,-224,-64,450,39.0187438,-104.8934951,2160930,3,29,39.0187439,-104.893495,2160190,-268,0,1,0,173.17
03-34.560, 2026-04-01 14:44:17, 2026-04-08 16:57:27.290891, True      ,22.75,16.44,0.01,0.164,0,99,-0.04,0.026,3.022,0,0,0,14,19,-1000,0,0,0,-224,-64,450,39.0187438,-104.893495,2160930,1,29,39.0187439,-104.893495,2160190,-268,0,1,0,173.16
03-34.644, 2026-04-01 14:44:17, 2026-04-08 16:57:27.490841, True      ,22.75,16.417,0,0,0,99,-0.04,0.025,3.022,0,0,0.001,13,21,-1001,0,0,0,-224,-64,450,39.0187438,-104.8934951,2160930,4,29,39.0187439,-104.893495,2160180,5,0,1,0,173.16
03-34.738, 2026-04-01 14:44:17, 2026-04-08 16:57:27.690864, True      ,22.75,16.424,0.01,0.164,0,99,-0.04,0.025,3.022,0,0,0,14,21,-1001,0,0,0,-224,-64,450,39.0187438,-104.8934951,2160940,0,29,39.0187439,-104.893495,2160170,0,0,0,0,173.16
03-34.821, 2026-04-01 14:44:17, 2026-04-08 16:57:27.892756, True      ,22.75,16.424,0,0,0,99,-0.04,0.025,3.022,0,0,0,15,20,-1000,0,0,0,-224,-64,450,39.0187437,-104.8934951,2160930,3,29,39.0187438,-104.893495,2160170,-3,0,1,0,173.16
03-34.907, 2026-04-01 14:44:18, 2026-04-08 16:57:28.090850, True      ,22.75,16.422,0.01,0.164,0,99,-0.04,0.025,3.022,0,0,0,14,20,-1001,0,0,0,-224,-64,450,39.0187437,-104.8934951,2160930,3,29,39.0187438,-104.893495,2160170,-5,0,0,0,173.16
03-34.993, 2026-04-01 14:44:18, 2026-04-08 16:57:28.290859, True      ,23,16.427,0.01,0.164,0,99,-0.04,0.025,3.022,0,0,0.001,13,19,-1001,0,0,0,-224,-64,450,39.0187437,-104.8934951,2160930,2,29,39.0187438,-104.893495,2160170,-6,0,0,0,173.16
03-35.083, 2026-04-01 14:44:18, 2026-04-08 16:57:28.490893, True      ,22.75,16.424,0.01,0.164,0,99,-0.04,0.025,3.022,0,0,0,14,20,-1000,0,0,0,-224,-64,450,39.0187437,-104.8934951,2160930,1,29,39.0187438,-104.893495,2160170,-5,0,0,0,173.16
03-35.170, 2026-04-01 14:44:18, 2026-04-08 16:57:28.690848, True      ,23,16.423,0.01,0.164,0,99,-0.04,0.025,3.022,0,0,0,13,20,-1001,0,0,0,-224,-64,450,39.0187437,-104.8934951,2160940,0,29,39.0187438,-104.893495,2160170,-6,0,0,0,173.16
03-35.255, 2026-04-01 14:44:18, 2026-04-08 16:57:28.892729, True      ,23,16.426,0.01,0.164,0,99,-0.04,0.025,3.022,0,-0.001,-0.001,14,20,-1001,0,0,-1,-224,-64,450,39.0187437,-104.8934951,2160940,2,29,39.0187438,-104.893495,2160160,-10,0,0,0,173.16
03-35.360, 2026-04-01 14:44:18, 2026-04-08 16:57:29.090499, True      ,23,16.423,0.01,0.164,0,99,-0.04,0.025,3.022,-0.001,0,0.001,13,21,-1001,0,0,0,-224,-64,450,39.0187437,-104.8934951,2160950,0,29,39.0187438,-104.893495,2160160,-12,0,0,0,173.16
03-35.456, 2026-04-01 14:44:18, 2026-04-08 16:57:29.290794, True      ,22.75,16.429,0,0,0,99,-0.04,0.025,3.022,0,0,-0.001,13,21,-1001,0,0,-1,-223,-64,450,39.0187436,-104.8934951,2160950,2,29,39.0187438,-104.893495,2160160,-12,0,0,0,173.16
03-35.558, 2026-04-01 14:44:18, 2026-04-08 16:57:29.490890, True      ,23,16.422,0.01,0.164,0,99,-0.04,0.025,3.022,0,0.001,0,13,20,-1000,0,0,0,-224,-64,450,39.0187436,-104.893495,2160950,2,29,39.0187437,-104.893495,2160160,-13,0,0,0,173.16
03-35.650, 2026-04-01 14:44:18, 2026-04-08 16:57:29.690841, True      ,22.75,16.429,0.01,0.164,0,99,-0.04,0.025,3.022,0,0,-0.001,14,22,-1000,0,0,-1,-224,-64,450,39.0187436,-104.893495,2160940,1,29,39.0187437,-104.8934949,2160160,-16,0,1,0,173.17
03-35.742, 2026-04-01 14:44:18, 2026-04-08 16:57:29.892798, True      ,22.75,16.169,0.19,3.072,0,99,-0.04,0.025,3.022,0,0,0.001,14,22,-1000,0,0,0,-224,-64,450,39.0187436,-104.893495,2160950,1,29,39.0187437,-104.8934949,2160150,-23,0,0,0,173.17
03-35.830, 2026-04-01 14:44:19, 2026-04-08 16:57:30.090477, True      ,22.75,16.284,0,0,0,99,-0.04,0.025,3.023,-0.004,0,0.017,34,9,-1010,-3,0,16,-225,-64,445,39.0187436,-104.893495,2160940,3,29,39.0187437,-104.8934949,2160150,-27,0,0,0,173.18
03-35.916, 2026-04-01 14:44:19, 2026-04-08 16:57:30.290819, True      ,22.75,16.284,0,0,0,99,-0.04,0.025,3.023,-0.012,0.002,0.007,6,25,-995,-11,1,7,-225,-65,446,39.0187436,-104.8934949,2160940,1,29,39.0187437,-104.8934949,2160140,-30,0,0,0,173.16
03-35.988, 2026-04-01 14:44:19, 2026-04-08 16:57:30.290819, True      ,23,16.284,0,0,0,99,-0.04,0.026,3.022,-0.009,0.006,-0.009,0,13,-995,-9,6,-9,-225,-64,446,39.0187436,-104.893495,2160940,3,29,39.0187437,-104.8934949,2160140,-32,0,0,0,173.16
03-36.066, 2026-04-01 14:44:19, 2026-04-08 16:57:30.490894, True      ,23,16.284,0,0,0,99,-0.041,0.025,3.022,0,-0.003,-0.008,13,-18,-989,0,-3,-8,-225,-64,446,39.0187436,-104.893495,2160940,3,29,39.0187437,-104.8934949,2160140,-33,0,0,0,173.18
03-36.138, 2026-04-01 14:44:19, 2026-04-08 16:57:30.590456, True      ,22.75,16.308,0,0,0,99,-0.039,0.025,3.023,0,0.008,0.006,32,44,-1016,0,7,5,-224,-64,446,39.0187435,-104.893495,2160940,3,29,39.0187436,-104.8934949,2160140,-34,0,1,0,173.19
03-36.212, 2026-04-01 14:44:19, 2026-04-08 16:57:30.590456, True      ,22.75,16.308,0,0,0,99,-0.04,0.026,3.022,-0.008,0.003,0.006,-10,24,-999,-7,2,5,-225,-65,446,39.0187435,-104.893495,2160940,3,29,39.0187436,-104.8934949,2160140,-35,0,2,0,173.18
03-36.330, 2026-04-01 14:44:19, 2026-04-08 16:57:30.690925, True      ,23,16.324,0,0,0,99,-0.04,0.025,3.022,-0.004,0.007,-0.004,17,27,-1013,-3,7,-3,-224,-64,446,39.0187435,-104.8934949,2160950,2,29,39.0187436,-104.8934949,2160140,-36,-2,1,0,173.17
03-36.408, 2026-04-01 14:44:19, 2026-04-08 16:57:30.690925, True      ,22.75,16.324,0,0,0,99,-0.04,0.026,3.022,-0.012,0.002,-0.002,-7,1,-998,-12,1,-2,-226,-64,446,39.0187435,-104.8934949,2160950,2,29,39.0187436,-104.8934948,2160140,-35,-2,1,0,173.17
03-36.486, 2026-04-01 14:44:19, 2026-04-08 16:57:30.892737, True      ,22.75,16.324,0,0,0,99,-0.039,0.025,3.022,-0.002,0.008,-0.007,0,48,-1008,-1,7,-7,-224,-65,446,39.0187435,-104.8934949,2160940,3,29,39.0187435,-104.8934948,2160140,-34,0,1,0,173.18
03-36.558, 2026-04-01 14:44:19, 2026-04-08 16:57:30.990473, True      ,23,16.319,0,0,0,99,-0.04,0.025,3.023,-0.01,-0.007,0.004,-6,7,-990,-9,-7,4,-224,-65,446,39.0187435,-104.8934949,2160940,3,29,39.0187435,-104.8934948,2160140,-31,-1,0,0,173.17
03-36.641, 2026-04-01 14:44:19, 2026-04-08 16:57:31.090893, True      ,22.75,16.319,0,0,0,99,-0.04,0.025,3.022,0,0.008,-0.003,9,37,-1004,0,7,-2,-225,-64,446,39.0187435,-104.8934949,2160940,3,29,39.0187435,-104.8934948,2160140,-30,0,1,0,173.19
03-36.728, 2026-04-01 14:44:19, 2026-04-08 16:57:31.190487, True      ,22.75,16.321,0,0,0,99,-0.04,0.025,3.023,-0.01,0.002,-0.002,18,33,-1019,-9,2,-1,-224,-64,446,39.0187434,-104.8934948,2160930,1,29,39.0187435,-104.8934948,2160150,-28,-1,1,0,173.18
03-36.799, 2026-04-01 14:44:19, 2026-04-08 16:57:31.190487, True      ,23,16.321,0,0,0,99,-0.04,0.025,3.023,0.01,0.003,0.002,25,46,-1003,10,2,1,-224,-65,446,39.0187434,-104.8934948,2160930,1,29,39.0187435,-104.8934947,2160150,-26,0,1,0,173.17
03-36.871, 2026-04-01 14:44:20, 2026-04-08 16:57:31.290933, True      ,22.75,16.321,0,0,0,99,-0.04,0.025,3.023,-0.001,-0.006,-0.003,0,-6,-988,0,-5,-3,-224,-65,446,39.0187434,-104.8934948,2160930,1,29,39.0187435,-104.8934947,2160150,-24,0,2,0,173.17
03-36.941, 2026-04-01 14:44:20, 2026-04-08 16:57:31.392743, True      ,22.75,16.321,0,0,0,99,-0.04,0.025,3.023,-0.002,-0.012,0.001,29,-9,-996,-1,-12,0,-224,-64,446,39.0187434,-104.8934948,2160930,1,29,39.0187435,-104.8934947,2160150,-23,0,1,0,173.18
03-37.019, 2026-04-01 14:44:20, 2026-04-08 16:57:31.392743, True      ,22.75,16.321,0,0,0,99,-0.04,0.025,3.023,0.008,-0.003,-0.004,12,0,-989,7,-2,-4,-225,-64,446,39.0187434,-104.8934948,2160930,1,29,39.0187435,-104.8934947,2160150,-22,-2,0,0,173.17
03-37.090, 2026-04-01 14:44:20, 2026-04-08 16:57:31.392743, True      ,23,16.321,0,0,0,99,-0.04,0.025,3.023,-0.013,0.003,0.003,2,27,-1010,-13,2,2,-224,-64,446,39.0187435,-104.8934949,2160920,4,29,39.0187435,-104.8934947,2160150,-21,-1,1,0,173.18
03-37.157, 2026-04-01 14:44:20, 2026-04-08 16:57:31.590475, True      ,22.75,16.321,0,0,0,99,-0.04,0.025,3.023,0.011,-0.005,-0.005,21,23,-991,10,-5,-5,-224,-64,446,39.0187435,-104.8934949,2160920,4,29,39.0187435,-104.8934947,2160150,-20,0,1,0,173.17
03-37.239, 2026-04-01 14:44:20, 2026-04-08 16:57:31.690873, True      ,22.75,16.321,0,0,0,99,-0.04,0.026,3.023,-0.011,0.003,0.007,-4,22,-998,-11,2,6,-225,-64,446,39.0187435,-104.8934949,2160920,4,29,39.0187435,-104.8934948,2160150,-20,-1,1,0,173.18
03-37.309, 2026-04-01 14:44:20, 2026-04-08 16:57:31.690873, True      ,22.75,16.321,0,0,0,99,-0.04,0.026,3.023,-0.007,0.005,0.005,-5,31,-997,-7,4,4,-224,-65,446,39.0187435,-104.8934949,2160920,2,29,39.0187435,-104.8934948,2160160,-19,-1,0,0,173.18
03-37.373, 2026-04-01 14:44:20, 2026-04-08 16:57:31.790459, True      ,23,16.324,0,0,0,99,-0.04,0.025,3.023,-0.015,-0.002,0.005,16,-3,-1005,-14,-2,4,-225,-65,446,39.0187435,-104.8934949,2160920,2,29,39.0187436,-104.8934948,2160160,-17,0,0,0,173.18
03-37.451, 2026-04-01 14:44:20, 2026-04-08 16:57:31.892831, True      ,22.75,16.324,0,0,0,99,-0.04,0.025,3.023,0.004,0,-0.004,32,33,-1020,3,0,-4,-225,-65,446,39.0187435,-104.8934949,2160920,2,29,39.0187436,-104.8934948,2160160,-17,0,0,0,173.17
03-37.521, 2026-04-01 14:44:20, 2026-04-08 16:57:31.892831, True      ,23,16.324,0,0,0,99,-0.04,0.025,3.023,0.014,-0.003,0,32,35,-995,13,-3,0,-223,-64,446,39.0187435,-104.8934949,2160920,2,29,39.0187436,-104.8934948,2160160,-14,-1,0,0,173.18
03-37.592, 2026-04-01 14:44:20, 2026-04-08 16:57:31.892831, True      ,22.75,16.324,0,0,0,99,-0.04,0.025,3.023,0.002,-0.003,0,21,23,-1006,2,-3,0,-225,-64,446,39.0187435,-104.8934949,2160920,2,29,39.0187436,-104.8934948,2160160,-13,0,1,0,173.17
03-37.665, 2026-04-01 14:44:20, 2026-04-08 16:57:32.090829, True      ,22.75,16.324,0,0,0,99,-0.041,0.025,3.023,-0.004,-0.012,0.001,7,-3,-988,-3,-12,0,-225,-64,446,39.0187435,-104.8934949,2160920,2,29,39.0187436,-104.8934948,2160160,-11,0,0,0,173.17
03-37.735, 2026-04-01 14:44:20, 2026-04-08 16:57:32.190462, True      ,22.75,16.316,0,0,0,99,-0.04,0.025,3.023,0.01,-0.005,0.002,37,21,-982,10,-5,2,-224,-64,446,39.0187435,-104.8934948,2160910,2,29,39.0187436,-104.8934947,2160170,-8,0,1,0,173.17
03-37.829, 2026-04-01 14:44:21, 2026-04-08 16:57:32.290818, True      ,23,16.316,0,0,0,99,-0.04,0.025,3.023,0.008,-0.003,0,19,23,-994,8,-2,0,-224,-64,446,39.0187435,-104.8934948,2160910,2,29,39.0187436,-104.8934947,2160170,-5,0,0,0,173.17
03-37.904, 2026-04-01 14:44:21, 2026-04-08 16:57:32.290818, True      ,23,16.316,0,0,0,99,-0.04,0.025,3.023,-0.014,-0.001,0.003,-10,10,-996,-14,-1,2,-224,-65,446,39.0187434,-104.8934948,2160910,1,29,39.0187435,-104.8934947,2160180,0,-1,1,0,173.17
03-37.969, 2026-04-01 14:44:21, 2026-04-08 16:57:32.392862, True      ,22.75,16.324,0,0,0,99,-0.04,0.025,3.023,0,0.006,0.001,26,35,-1021,0,5,0,-224,-65,446,39.0187434,-104.8934948,2160910,1,29,39.0187435,-104.8934947,2160180,5,-2,0,0,173.17
03-38.068, 2026-04-01 14:44:21, 2026-04-08 16:57:32.490902, True      ,23,16.324,0,0,0,99,-0.04,0.025,3.023,0.009,0.001,-0.004,44,34,-1015,9,0,-4,-225,-64,446,39.0187434,-104.8934948,2160910,1,29,39.0187435,-104.8934947,2160180,7,0,0,0,173.17
03-38.138, 2026-04-01 14:44:21, 2026-04-08 16:57:32.590438, True      ,22.75,16.319,0,0,0,99,-0.04,0.025,3.023,0.006,-0.006,0.003,21,22,-994,6,-5,3,-224,-65,446,39.0187434,-104.8934948,2160910,3,29,39.0187435,-104.8934948,2160190,14,0,0,0,173.17
03-38.211, 2026-04-01 14:44:21, 2026-04-08 16:57:32.590438, True      ,22.75,16.319,0,0,0,99,-0.04,0.025,3.023,0,-0.008,0.001,17,23,-1001,0,-8,0,-225,-64,446,39.0187434,-104.8934948,2160910,3,29,39.0187435,-104.8934948,2160190,17,-1,0,0,173.16
03-38.285, 2026-04-01 14:44:21, 2026-04-08 16:57:32.690804, True      ,23,16.319,0,0,0,99,-0.04,0.025,3.022,-0.015,-0.003,0.001,5,30,-1011,-14,-3,0,-223,-65,444,39.0187435,-104.8934949,2160910,2,29,39.0187435,-104.8934948,2160190,19,0,0,0,173.17
03-38.358, 2026-04-01 14:44:21, 2026-04-08 16:57:32.790474, True      ,22.75,15.945,1.61,25.671,0,99,-0.041,0.025,3.022,-0.001,-0.006,-0.004,23,-10,-1020,-1,-5,-3,-223,-65,444,39.0187435,-104.8934949,2160910,2,29,39.0187435,-104.8934948,2160200,21,-1,0,0,173.17
03-38.437, 2026-04-01 14:44:21, 2026-04-08 16:57:32.892818, True      ,23,15.945,1.61,25.671,0,99,-0.04,0.025,3.022,0,-0.002,0.003,-22,36,-978,0,-1,2,-221,-66,442,39.0187435,-104.8934949,2160910,2,29,39.0187435,-104.8934948,2160200,22,-1,0,0,173.17
03-38.507, 2026-04-01 14:44:21, 2026-04-08 16:57:32.892818, True      ,22.75,15.945,1.61,25.671,0,99,-0.041,0.025,3.023,-0.007,0.002,0.001,26,17,-1004,-7,2,0,-217,-68,440,39.0187435,-104.8934948,2160910,0,29,39.0187435,-104.8934948,2160200,23,-1,0,0,173.17
03-38.572, 2026-04-01 14:44:21, 2026-04-08 16:57:32.990483, True      ,22.75,15.545,7.77,120.785,0,99,-0.041,0.024,3.023,-0.01,-0.006,-0.003,31,39,-1008,-9,-6,-3,-217,-69,438,39.0187435,-104.8934948,2160910,0,29,39.0187435,-104.8934948,2160200,24,-1,0,-1,173.17
03-38.650, 2026-04-01 14:44:21, 2026-04-08 16:57:33.090453, True      ,23,15.545,7.77,120.785,0,99,-0.041,0.024,3.022,-0.019,-0.003,-0.004,24,54,-1005,-18,-3,-4,-217,-69,438,39.0187435,-104.8934948,2160910,0,29,39.0187435,-104.8934948,2160200,25,0,1,0,173.18
03-38.725, 2026-04-01 14:44:21, 2026-04-08 16:57:33.090453, True      ,22.75,15.545,7.77,120.785,0,99,-0.043,0.022,3.022,-0.046,-0.024,-0.005,0,40,-1039,-46,-24,-5,-212,-70,435,39.0187435,-104.8934948,2160920,0,29,39.0187435,-104.8934948,2160200,28,-1,0,-2,173.17
03-38.798, 2026-04-01 14:44:21, 2026-04-08 16:57:33.090453, True      ,23,15.545,7.77,120.785,0,99,-0.049,0.017,3.024,-0.07,-0.134,0.01,35,34,-1091,-69,-133,9,-209,-73,432,39.0187435,-104.8934948,2160920,0,29,39.0187435,-104.8934948,2160210,37,-2,6,-11,173.23
03-38.869, 2026-04-01 14:44:22, 2026-04-08 16:57:33.290862, True      ,22.75,15.545,7.77,120.785,0,99,-0.062,0.012,3.028,-0.098,-0.081,0.074,18,-1,-1166,-98,-81,73,-209,-73,432,39.0187435,-104.8934948,2160920,0,29,39.0187435,-104.8934947,2160220,47,-1,11,-19,173.51
03-38.945, 2026-04-01 14:44:22, 2026-04-08 16:57:33.392877, True      ,22.75,15.328,10.46,160.331,2,99,-0.059,0.007,3.032,0.064,-0.028,0.06,-26,12,-1084,63,-27,59,-207,-78,433,39.0187435,-104.8934948,2160930,6,29,39.0187435,-104.8934946,2160240,67,0,16,-26,173.76
03-39.022, 2026-04-01 14:44:22, 2026-04-08 16:57:33.392877, True      ,22.75,15.328,10.46,160.331,2,99,-0.05,0.008,3.035,0.214,-0.003,0.043,-29,1,-1080,214,-3,43,-207,-77,439,39.0187435,-104.8934948,2160930,6,29,39.0187436,-104.8934945,2160260,88,0,19,-32,173.9
03-39.093, 2026-04-01 14:44:22, 2026-04-08 16:57:33.392877, True      ,22.75,15.328,10.46,160.331,2,99,-0.028,-0.002,3.036,0.25,-0.158,-0.011,-8,-34,-1078,250,-158,-11,-204,-68,439,39.0187435,-104.8934946,2160970,11,29,39.0187436,-104.8934943,2160300,122,0,23,-38,173.94
03-39.163, 2026-04-01 14:44:22, 2026-04-08 16:57:33.590523, True      ,22.75,15.244,11.86,180.794,2,99,-0.008,-0.004,3.033,0.277,0.066,-0.069,17,-61,-1085,277,66,-69,-204,-68,439,39.0187435,-104.8934946,2160970,11,29,39.0187436,-104.8934941,2160330,155,2,24,-43,173.71
03-39.240, 2026-04-01 14:44:22, 2026-04-08 16:57:33.690941, True      ,23,15.244,11.86,180.794,2,99,0.003,-0.004,3.029,0.277,-0.053,-0.11,16,-9,-1106,277,-53,-109,-201,-56,444,39.0187435,-104.8934946,2160970,11,29,39.0187436,-104.8934939,2160350,176,0,24,-47,173.43
03-39.312, 2026-04-01 14:44:22, 2026-04-08 16:57:33.690941, True      ,22.75,15.244,11.86,180.794,2,99,0.02,-0.01,3.009,0.066,0.032,-0.212,-4,-59,-1110,65,32,-212,-197,-49,445,39.0187435,-104.8934942,2161080,28,29,39.0187436,-104.8934936,2160410,237,0,28,-57,172.32
03-39.377, 2026-04-01 14:44:22, 2026-04-08 16:57:33.790484, True      ,22.75,15.249,12.09,184.36,3,99,0.033,-0.015,2.996,0.262,-0.148,-0.184,-12,-9,-1096,261,-147,-184,-197,-45,448,39.0187435,-104.8934942,2161080,28,29,39.0187436,-104.8934933,2160460,285,-1,28,-64,171.53
03-39.462, 2026-04-01 14:44:22, 2026-04-08 16:57:33.892845, True      ,22.75,15.249,12.09,184.36,3,99,0.037,-0.016,2.992,0.233,-0.081,-0.187,-42,-74,-1091,233,-81,-186,-197,-45,448,39.0187435,-104.8934942,2161080,28,29,39.0187436,-104.8934933,2160480,301,-1,26,-66,171.27
03-39.535, 2026-04-01 14:44:22, 2026-04-08 16:57:33.990471, True      ,22.75,15.29,11.57,176.905,4,99,0.058,0.002,2.966,0.12,0.008,-0.213,-8,-64,-1074,120,8,-213,-197,-38,449,39.0187435,-104.8934937,2161220,15,29,39.0187435,-104.8934929,2160580,406,-5,24,-79,169.78
03-39.607, 2026-04-01 14:44:22, 2026-04-08 16:57:33.990471, True      ,22.75,15.29,11.57,176.905,4,99,0.057,0.008,2.951,-0.03,0.128,-0.214,9,-63,-1096,-29,128,-214,-202,-38,446,39.0187435,-104.8934937,2161220,15,29,39.0187435,-104.8934927,2160650,474,-4,22,-84,168.93
03-39.678, 2026-04-01 14:44:22, 2026-04-08 16:57:34.090488, True      ,22.75,15.29,11.57,176.905,4,99,0.068,0.02,2.936,0.221,0.145,-0.172,-11,-49,-1064,221,144,-172,-206,-40,445,39.0187435,-104.8934937,2161220,15,29,39.0187434,-104.8934926,2160720,549,-6,20,-93,168.14
03-39.749, 2026-04-01 14:44:22, 2026-04-08 16:57:34.190463, True      ,22.75,15.295,12.53,191.646,4,99,0.074,0.026,2.926,0.021,0.018,-0.143,-19,-125,-1084,21,18,-143,-206,-40,445,39.0187434,-104.8934933,2161370,23,29,39.0187434,-104.8934925,2160800,628,-6,16,-100,167.59
03-39.823, 2026-04-01 14:44:22, 2026-04-08 16:57:34.190463, True      ,22.75,15.295,12.53,191.646,4,99,0.07,0.029,2.921,-0.104,0.065,-0.099,-24,-61,-1069,-103,64,-99,-210,-37,442,39.0187434,-104.8934933,2161370,23,29,39.0187434,-104.8934924,2160860,685,-4,14,-104,167.3
03-39.894, 2026-04-01 14:44:23, 2026-04-08 16:57:34.190463, True      ,22.75,15.295,12.53,191.646,4,99,0.064,0.034,2.917,-0.009,0.052,-0.007,-18,-80,-1107,-9,51,-7,-212,-42,441,39.0187433,-104.8934929,2161610,24,29,39.0187433,-104.8934923,2160970,798,-3,9,-112,167.15
03-39.963, 2026-04-01 14:44:23, 2026-04-08 16:57:34.392828, True      ,22.75,15.285,11.97,182.961,5,99,0.063,0.035,2.92,-0.089,-0.059,0.062,3,-71,-1110,-88,-59,62,-212,-42,441,39.0187433,-104.8934929,2161610,24,29,39.0187433,-104.8934922,2161070,897,0,12,-118,167.33
03-40.067, 2026-04-01 14:44:23, 2026-04-08 16:57:34.490905, True      ,22.75,15.285,11.97,182.961,5,99,0.056,0.032,2.922,-0.178,-0.1,0.067,-18,-106,-1112,-177,-100,66,-214,-45,439,39.0187433,-104.8934929,2161610,24,29,39.0187433,-104.8934922,2161130,956,0,9,-122,167.47
03-40.138, 2026-04-01 14:44:23, 2026-04-08 16:57:34.590503, True      ,22.75,15.321,10.99,168.378,6,99,0.057,0.022,2.932,0.056,-0.049,0.054,4,-86,-1074,56,-49,53,-211,-48,441,39.0187432,-104.8934926,2161850,8,29,39.0187433,-104.8934921,2161350,1172,3,9,-137,167.98
03-40.212, 2026-04-01 14:44:23, 2026-04-08 16:57:34.590503, True      ,23,15.321,10.99,168.378,6,99,0.057,0.021,2.933,0.038,-0.053,0.023,-25,-91,-1085,38,-53,23,-209,-46,443,39.0187432,-104.8934926,2161850,8,29,39.0187434,-104.893492,2161450,1275,4,6,-142,168.06
03-40.286, 2026-04-01 14:44:23, 2026-04-08 16:57:34.690877, True      ,23,15.321,10.99,168.378,6,99,0.067,0.012,2.933,0.114,-0.144,0.009,3,-62,-1043,114,-144,8,-207,-43,444,39.0187432,-104.8934926,2162150,6,29,39.0187434,-104.893492,2161590,1412,6,8,-145,168.06
03-40.354, 2026-04-01 14:44:23, 2026-04-08 16:57:34.790494, True      ,23,15.231,12.05,183.534,6,99,0.075,0.004,2.932,0.05,-0.055,-0.02,-25,-89,-1109,49,-54,-20,-207,-43,444,39.0187432,-104.8934926,2162150,6,29,39.0187435,-104.893492,2161740,1568,7,8,-151,167.95
03-40.430, 2026-04-01 14:44:23, 2026-04-08 16:57:34.892820, True      ,22.75,15.231,12.05,183.534,6,99,0.076,0.003,2.93,0.013,-0.01,-0.045,-14,-91,-1089,13,-10,-45,-201,-38,447,39.0187432,-104.8934926,2162150,6,29,39.0187435,-104.893492,2161820,1649,5,5,-157,167.82
03-40.502, 2026-04-01 14:44:23, 2026-04-08 16:57:34.892820, True      ,22.75,15.231,12.05,183.534,6,99,0.087,-0.009,2.92,0.135,-0.164,-0.101,-2,-111,-1038,134,-164,-101,-198,-37,449,39.0187433,-104.8934924,2162420,16,29,39.0187435,-104.8934919,2162030,1855,1,3,-165,167.2
03-40.575, 2026-04-01 14:44:23, 2026-04-08 16:57:34.990535, True      ,22.75,15.298,11.21,171.491,7,99,0.087,-0.012,2.913,-0.023,-0.012,-0.07,37,-33,-1077,-22,-12,-69,-198,-37,449,39.0187433,-104.8934924,2162420,16,29,39.0187435,-104.8934919,2162170,1994,0,1,-168,166.88
03-40.654, 2026-04-01 14:44:23, 2026-04-08 16:57:35.090927, True      ,22.75,15.298,11.21,171.491,7,99,0.087,-0.012,2.912,0.045,-0.022,-0.032,9,-71,-1033,44,-21,-32,-193,-35,451,39.0187433,-104.8934924,2162420,16,29,39.0187435,-104.8934919,2162240,2062,-3,0,-171,166.84
03-40.728, 2026-04-01 14:44:23, 2026-04-08 16:57:35.190493, True      ,22.75,15.237,11.65,177.511,8,99,0.084,-0.004,2.921,-0.078,0.096,0.11,44,-42,-1088,-77,96,109,-193,-35,450,39.0187434,-104.8934923,2162780,3,29,39.0187435,-104.8934919,2162480,2309,-8,-1,-179,167.4
03-40.801, 2026-04-01 14:44:23, 2026-04-08 16:57:35.190493, True      ,22.75,15.237,11.65,177.511,8,99,0.087,0.002,2.928,0.13,0.1,0.083,0,-69,-1050,129,100,82,-197,-36,448,39.0187434,-104.8934923,2162780,3,29,39.0187434,-104.8934919,2162660,2485,-11,-5,-183,167.85
03-40.875, 2026-04-01 14:44:24, 2026-04-08 16:57:35.290900, True      ,22.75,15.237,11.65,177.511,8,99,0.094,0.01,2.936,0.071,0.065,0.095,66,-35,-1042,70,64,94,-197,-36,448,39.0187434,-104.8934923,2162780,3,29,39.0187433,-104.893492,2162800,2627,-14,-7,-186,168.25
03-40.944, 2026-04-01 14:44:24, 2026-04-08 16:57:35.392872, True      ,22.75,15.093,13.49,203.605,8,99,0.086,0.016,2.942,-0.121,0.122,0.057,4,-102,-1062,-120,122,56,-201,-30,446,39.0187433,-104.8934925,2163140,8,29,39.0187432,-104.893492,2162980,2805,-15,-9,-191,168.61
03-41.019, 2026-04-01 14:44:24, 2026-04-08 16:57:35.392872, True      ,23,15.093,13.49,203.605,8,99,0.083,0.024,2.945,-0.053,0.162,0.041,15,-65,-1091,-53,161,40,-204,-30,444,39.0187433,-104.8934925,2163140,8,29,39.0187431,-104.8934921,2163090,2912,-18,-11,-195,168.78
03-41.100, 2026-04-01 14:44:24, 2026-04-08 16:57:35.392872, True      ,23,15.093,13.49,203.605,8,99,0.078,0.033,2.921,-0.105,0.145,0.037,17,-73,-1089,-105,144,36,-210,-32,441,39.0187431,-104.8934927,2163530,13,29,39.018743,-104.8934923,2163280,3106,-16,-16,-202,167.37
03-41.168, 2026-04-01 14:44:24, 2026-04-08 16:57:35.590498, True      ,22.75,15.139,14.05,212.703,9,99,0.07,0.048,2.922,-0.109,0.138,0.007,1,-51,-1086,-109,138,6,-210,-32,441,39.0187431,-104.8934927,2163530,13,29,39.0187429,-104.8934924,2163460,3285,-16,-20,-209,167.42
03-41.248, 2026-04-01 14:44:24, 2026-04-08 16:57:35.690909, True      ,22.75,15.139,14.05,212.703,9,99,0.066,0.052,2.921,-0.138,0.129,-0.021,4,-37,-1084,-137,129,-21,-218,-35,437,39.0187431,-104.8934927,2163530,13,29,39.0187428,-104.8934925,2163530,3358,-15,-19,-213,167.34
03-41.320, 2026-04-01 14:44:24, 2026-04-08 16:57:35.690909, True      ,22.75,15.139,14.05,212.703,9,99,0.036,0.064,2.911,-0.2,0.055,-0.077,31,-60,-1088,-200,54,-77,-224,-43,433,39.0187428,-104.8934932,2163970,31,29,39.0187427,-104.8934929,2163800,3629,-9,-20,-222,166.72
03-41.402, 2026-04-01 14:44:24, 2026-04-08 16:57:35.690909, True      ,23,15.139,14.05,212.703,9,99,0.027,0.065,2.903,-0.104,-0.057,-0.072,-16,-114,-1037,-103,-57,-72,-230,-54,433,39.0187428,-104.8934932,2163970,31,29,39.0187427,-104.8934931,2163970,3792,-7,-20,-228,166.26
03-41.476, 2026-04-01 14:44:24, 2026-04-08 16:57:35.892880, True      ,23,15.139,14.05,212.703,9,99,0.026,0.061,2.895,0.135,-0.071,-0.04,-24,-89,-986,135,-71,-40,-230,-54,433,39.0187428,-104.8934932,2163970,31,29,39.0187426,-104.8934933,2164150,3975,0,-17,-228,165.84
03-41.541, 2026-04-01 14:44:24, 2026-04-08 16:57:35.990528, True      ,22.75,15.223,12.46,189.679,10,99,0.035,0.056,2.891,0.046,-0.086,-0.017,-7,-123,-969,46,-86,-16,-226,-59,433,39.0187426,-104.8934938,2164420,15,29,39.0187427,-104.8934935,2164340,4164,3,-17,-226,165.61
03-41.610, 2026-04-01 14:44:24, 2026-04-08 16:57:35.990528, True      ,22.75,15.223,12.46,189.679,10,99,0.035,0.052,2.889,0.033,-0.132,-0.016,-17,-107,-1010,33,-132,-16,-222,-56,434,39.0187426,-104.8934938,2164420,15,29,39.0187427,-104.8934936,2164450,4277,4,-18,-228,165.5
03-41.685, 2026-04-01 14:44:24, 2026-04-08 16:57:36.090517, True      ,22.75,15.223,12.46,189.679,10,99,0.035,0.036,2.888,-0.078,-0.247,0.032,51,-66,-1082,-78,-247,31,-215,-56,437,39.0187426,-104.8934938,2164420,15,29,39.0187428,-104.8934938,2164630,4455,8,-13,-232,165.49
03-41.750, 2026-04-01 14:44:24, 2026-04-08 16:57:36.190518, True      ,22.75,15.285,10.75,164.314,11,99,0.031,0.012,2.891,-0.012,-0.259,0.032,1,-56,-1048,-11,-259,31,-215,-56,437,39.0187425,-104.8934942,2164870,10,29,39.0187428,-104.8934939,2164820,4646,8,-10,-237,165.68
03-41.820, 2026-04-01 14:44:24, 2026-04-08 16:57:36.190518, True      ,22.75,15.285,10.75,164.314,11,99,0.031,0.01,2.893,0.025,-0.025,0.029,-24,-84,-971,25,-24,28,-204,-57,444,39.0187425,-104.8934942,2164870,10,29,39.0187428,-104.8934939,2164910,4737,8,-11,-238,165.81
03-41.888, 2026-04-01 14:44:25, 2026-04-08 16:57:36.190518, True      ,22.75,15.285,10.75,164.314,11,99,0.05,0.015,2.901,0.373,0.004,0.052,25,-30,-973,373,3,51,-202,-54,447,39.0187425,-104.8934945,2165320,5,29,39.0187429,-104.893494,2165110,4936,9,-7,-233,166.24
03-41.953, 2026-04-01 14:44:25, 2026-04-08 16:57:36.392898, True      ,22.75,15.143,13.18,199.585,12,99,0.059,0.017,2.907,0.009,0.086,0.007,6,-140,-1006,9,86,6,-202,-54,447,39.0187425,-104.8934945,2165320,5,29,39.0187429,-104.8934941,2165280,5100,7,-6,-233,166.58
03-42.024, 2026-04-01 14:44:25, 2026-04-08 16:57:36.392898, True      ,22.75,15.143,13.18,199.585,12,99,0.058,0.018,2.909,-0.086,0.073,-0.013,36,-66,-1050,-86,72,-13,-202,-44,444,39.0187425,-104.8934945,2165320,5,29,39.0187429,-104.8934941,2165370,5192,6,-5,-234,166.69
03-42.092, 2026-04-01 14:44:25, 2026-04-08 16:57:36.392898, True      ,22.75,15.143,13.18,199.585,12,99,0.072,0.025,2.912,0.232,0.086,-0.049,62,-29,-989,232,86,-49,-205,-43,444,39.0187425,-104.8934948,2165800,7,29,39.0187429,-104.8934941,2165600,5420,4,-5,-234,166.81
03-42.163, 2026-04-01 14:44:25, 2026-04-08 16:57:36.590478, True      ,22.75,15.1,14.18,214.118,13,99,0.075,0.025,2.912,-0.008,-0.018,-0.039,-16,-96,-971,-7,-18,-39,-205,-43,444,39.0187425,-104.8934948,2165800,7,29,39.0187429,-104.8934941,2165730,5556,1,-6,-234,166.83
03-42.242, 2026-04-01 14:44:25, 2026-04-08 16:57:36.690902, True      ,22.75,15.1,14.18,214.118,13,99,0.073,0.024,2.912,-0.099,0.021,-0.04,38,-29,-1011,-99,21,-39,-207,-38,442,39.0187425,-104.8934948,2165800,7,29,39.0187429,-104.8934942,2165820,5645,1,-6,-236,166.83
03-42.312, 2026-04-01 14:44:25, 2026-04-08 16:57:36.690902, True      ,22.75,15.1,14.18,214.118,13,99,0.065,0.019,2.912,-0.016,-0.11,-0.019,17,-60,-1032,-15,-110,-19,-207,-41,441,39.0187424,-104.893495,2166260,4,29,39.0187429,-104.8934942,2166070,5890,-2,-6,-239,166.84
03-42.377, 2026-04-01 14:44:25, 2026-04-08 16:57:36.790550, True      ,22.75,15.14,13.19,199.697,13,99,0.061,0.017,2.914,-0.091,0.048,0.019,12,-108,-1018,-90,48,18,-205,-44,444,39.0187424,-104.893495,2166260,4,29,39.0187428,-104.8934943,2166220,6044,-3,-7,-241,166.96
03-42.460, 2026-04-01 14:44:25, 2026-04-08 16:57:36.892930, True      ,22.75,15.14,13.19,199.697,13,99,0.06,0.019,2.915,-0.083,0.094,0.013,4,-71,-1043,-83,94,12,-205,-44,444,39.0187424,-104.893495,2166260,4,29,39.0187428,-104.8934943,2166270,6095,-5,-7,-240,167.01
03-42.529, 2026-04-01 14:44:25, 2026-04-08 16:57:36.990539, True      ,22.75,15.081,13.4,202.085,14,99,0.062,0.024,2.919,-0.018,-0.002,0.039,48,-105,-1052,-17,-2,38,-206,-45,442,39.0187423,-104.8934952,2166750,11,29,39.0187426,-104.8934944,2166560,6381,-7,-5,-245,167.28
03-42.594, 2026-04-01 14:44:25, 2026-04-08 16:57:36.990539, True      ,22.75,15.081,13.4,202.085,14,99,0.056,0.024,2.923,-0.053,-0.005,0.044,41,-33,-1013,-52,-4,44,-209,-45,440,39.0187423,-104.8934952,2166750,11,29,39.0187426,-104.8934945,2166720,6547,-10,-7,-247,167.51
03-42.663, 2026-04-01 14:44:25, 2026-04-08 16:57:37.090471, True      ,22.75,15.081,13.4,202.085,14,99,0.056,0.027,2.928,0.009,0.105,0.071,14,-66,-1036,9,104,70,-209,-45,440,39.0187423,-104.8934952,2166750,11,29,39.0187425,-104.8934945,2166860,6688,-11,-6,-247,167.79
03-42.736, 2026-04-01 14:44:25, 2026-04-08 16:57:37.190505, True      ,22.75,15.093,13.81,208.434,15,99,0.056,0.038,2.935,-0.026,0.177,0.1,25,-39,-1023,-26,176,99,-209,-45,440,39.018742,-104.8934956,2167240,20,29,39.0187423,-104.8934946,2167020,6844,-15,-6,-249,168.22
03-42.803, 2026-04-01 14:44:25, 2026-04-08 16:57:37.190505, True      ,22.75,15.093,13.81,208.434,15,99,0.057,0.045,2.944,0.029,0.095,0.131,28,-99,-1033,28,94,130,-215,-43,437,39.018742,-104.8934956,2167240,20,29,39.0187422,-104.8934947,2167190,7015,-15,-6,-251,168.79
03-42.871, 2026-04-01 14:44:26, 2026-04-08 16:57:37.290916, True      ,22.75,15.093,13.81,208.434,15,99,0.052,0.058,2.954,-0.162,0.264,0.106,28,-87,-1027,-161,263,106,-215,-43,437,39.018742,-104.8934956,2167240,20,29,39.018742,-104.8934948,2167350,7174,-16,-7,-254,169.29
03-42.939, 2026-04-01 14:44:26, 2026-04-08 16:57:37.390557, True      ,22.75,15.059,13.22,199.08,16,99,0.041,0.072,2.96,-0.204,0.166,0.058,37,-67,-1039,-203,165,58,-221,-40,434,39.0187417,-104.893496,2167740,19,29,39.0187419,-104.8934949,2167520,7341,-15,-9,-256,169.62
03-43.009, 2026-04-01 14:44:26, 2026-04-08 16:57:37.390557, True      ,22.75,15.059,13.22,199.08,16,99,0.029,0.076,2.961,-0.168,0.03,-0.009,37,-29,-1034,-167,29,-9,-232,-46,427,39.0187417,-104.893496,2167740,19,29,39.0187417,-104.8934951,2167660,7487,-14,-10,-259,169.62
03-43.076, 2026-04-01 14:44:26, 2026-04-08 16:57:37.490949, True      ,22.75,15.059,13.22,199.08,16,99,0.021,0.078,2.958,-0.069,0.013,-0.04,35,-48,-1009,-69,12,-40,-234,-53,426,39.0187414,-104.8934963,2168240,13,29,39.0187416,-104.8934952,2167850,7672,-13,-9,-260,169.45
03-43.144, 2026-04-01 14:44:26, 2026-04-08 16:57:37.590569, True      ,23,15.148,12.1,183.291,16,99,0.015,0.078,2.954,-0.073,-0.01,-0.065,59,-92,-1034,-72,-9,-64,-234,-53,426,39.0187414,-104.8934963,2168240,13,29,39.0187415,-104.8934953,2168020,7845,-11,-8,-262,169.15
03-43.226, 2026-04-01 14:44:26, 2026-04-08 16:57:37.590569, True      ,22.75,15.148,12.1,183.291,16,99,0.014,0.08,2.95,0.023,0.038,-0.066,14,-45,-999,22,38,-66,-236,-57,426,39.0187414,-104.8934963,2168240,13,29,39.0187415,-104.8934954,2168140,7965,-8,-6,-263,168.97
03-43.299, 2026-04-01 14:44:26, 2026-04-08 16:57:37.590569, True      ,22.75,15.148,12.1,183.291,16,99,0.021,0.081,2.944,-0.011,-0.025,-0.035,44,-52,-1047,-11,-24,-34,-237,-58,426,39.0187412,-104.8934965,2168740,9,29,39.0187414,-104.8934955,2168380,8204,-6,-5,-264,168.66
03-43.364, 2026-04-01 14:44:26, 2026-04-08 16:57:37.790461, True      ,22.75,15.176,12.1,183.63,17,99,0.019,0.085,2.941,-0.013,0.099,-0.037,76,-29,-1024,-12,99,-37,-237,-58,426,39.0187412,-104.8934965,2168740,9,29,39.0187414,-104.8934956,2168540,8367,-4,-3,-265,168.51
03-43.442, 2026-04-01 14:44:26, 2026-04-08 16:57:37.892896, True      ,22.75,15.176,12.1,183.63,17,99,0.019,0.088,2.94,0.05,0.093,-0.036,36,-63,-990,50,92,-36,-238,-58,425,39.0187412,-104.8934965,2168740,9,29,39.0187414,-104.8934956,2168620,8446,0,-4,-266,168.42
03-43.516, 2026-04-01 14:44:26, 2026-04-08 16:57:37.892896, True      ,23,15.176,12.1,183.63,17,99,0.025,0.094,2.933,0.03,0.02,-0.063,73,-35,-1013,30,20,-63,-241,-57,424,39.0187411,-104.8934967,2169290,0,29,39.0187414,-104.8934957,2168890,8718,5,-1,-267,168.03
03-43.587, 2026-04-01 14:44:26, 2026-04-08 16:57:37.892896, True      ,22.75,15.176,12.1,183.63,17,99,0.027,0.091,2.93,0.053,-0.087,-0.021,30,-61,-1007,53,-87,-21,-243,-56,424,39.0187411,-104.8934967,2169290,0,29,39.0187415,-104.8934957,2169080,8907,9,-2,-268,167.85
03-43.658, 2026-04-01 14:44:26, 2026-04-08 16:57:38.090476, True      ,22.75,15.176,12.1,183.63,17,99,0.031,0.083,2.928,0.043,-0.115,-0.01,45,-32,-985,43,-114,-10,-243,-56,424,39.0187411,-104.8934967,2169290,0,29,39.0187415,-104.8934958,2169270,9090,11,-2,-266,167.78
03-43.729, 2026-04-01 14:44:26, 2026-04-08 16:57:38.190506, True      ,22.75,15.293,10.29,157.365,18,99,0.029,0.076,2.929,-0.087,-0.111,0.012,51,-20,-990,-86,-110,11,-239,-55,427,39.0187411,-104.8934968,2169820,9,29,39.0187415,-104.8934958,2169430,9254,14,-3,-266,167.78
03-43.808, 2026-04-01 14:44:26, 2026-04-08 16:57:38.190506, True      ,22.75,15.293,10.29,157.365,18,99,0.024,0.067,2.927,-0.056,-0.121,-0.006,51,-6,-975,-56,-121,-6,-234,-56,429,39.0187411,-104.8934968,2169820,9,29,39.0187417,-104.8934959,2169600,9427,18,-1,-264,167.71
03-43.878, 2026-04-01 14:44:27, 2026-04-08 16:57:38.290921, True      ,22.75,15.293,10.29,157.365,18,99,0.022,0.059,2.927,0.036,-0.112,0.008,10,-38,-946,36,-111,7,-229,-58,433,39.0187413,-104.893497,2170330,20,29,39.0187418,-104.893496,2169790,9613,20,-2,-261,167.66
03-43.948, 2026-04-01 14:44:27, 2026-04-08 16:57:38.392823, True      ,23,15.389,9.54,146.811,19,99,0.026,0.052,2.926,0.066,-0.089,0.01,0,-65,-928,65,-89,9,-229,-58,433,39.0187413,-104.893497,2170330,20,29,39.018742,-104.893496,2169960,9782,21,-4,-257,167.65
03-44.025, 2026-04-01 14:44:27, 2026-04-08 16:57:38.392823, True      ,22.75,15.389,9.54,146.811,19,99,0.027,0.049,2.926,0.001,-0.052,0.007,25,-31,-946,1,-52,7,-226,-56,437,39.0187413,-104.893497,2170330,20,29,39.0187421,-104.8934961,2170070,9898,24,-1,-253,167.64
03-44.099, 2026-04-01 14:44:27, 2026-04-08 16:57:38.392823, True      ,23,15.389,9.54,146.811,19,99,0.023,0.037,2.926,-0.069,-0.174,0.006,30,0,-979,-69,-174,6,-222,-57,437,39.0187416,-104.8934972,2170850,16,29,39.0187423,-104.8934962,2170300,10124,24,-2,-250,167.62
03-44.164, 2026-04-01 14:44:27, 2026-04-08 16:57:38.590544, True      ,22.75,15.35,9.42,144.597,19,99,0.017,0.027,2.926,-0.065,-0.115,0.025,-2,-53,-943,-64,-114,24,-222,-57,437,39.0187416,-104.8934972,2170850,16,29,39.0187425,-104.8934962,2170450,10276,26,0,-245,167.69
03-44.237, 2026-04-01 14:44:27, 2026-04-08 16:57:38.690914, True      ,23,15.35,9.42,144.597,19,99,0.013,0.025,2.927,-0.101,-0.079,0.038,7,-82,-937,-100,-78,37,-215,-59,440,39.0187416,-104.8934972,2170850,16,29,39.0187426,-104.8934962,2170520,10346,25,-1,-245,167.78
03-44.310, 2026-04-01 14:44:27, 2026-04-08 16:57:38.690914, True      ,22.75,15.35,9.42,144.597,19,99,0.012,0.017,2.936,0.021,-0.011,0.085,-1,-66,-917,21,-11,84,-210,-62,442,39.0187419,-104.8934972,2171330,21,29,39.0187428,-104.8934963,2170760,10587,25,2,-238,168.29
03-44.374, 2026-04-01 14:44:27, 2026-04-08 16:57:38.790515, True      ,22.75,15.37,9.1,139.867,20,99,0.013,0.021,2.944,0.028,0.053,0.103,6,-29,-953,28,52,102,-211,-60,443,39.0187419,-104.8934972,2171330,21,29,39.0187429,-104.8934962,2170900,10728,25,6,-233,168.75
03-44.448, 2026-04-01 14:44:27, 2026-04-08 16:57:38.892902, True      ,22.75,15.37,9.1,139.867,20,99,0.015,0.021,2.946,0.103,0.022,0.1,21,-66,-950,102,21,99,-211,-60,443,39.0187419,-104.8934972,2171330,21,29,39.018743,-104.8934962,2170950,10775,24,5,-230,168.91
03-44.515, 2026-04-01 14:44:27, 2026-04-08 16:57:38.892902, True      ,23,15.37,9.1,139.867,20,99,0.023,0.022,2.962,0.045,-0.005,0.118,-8,-56,-942,44,-5,117,-211,-56,441,39.0187423,-104.8934972,2171780,29,29,39.0187432,-104.8934962,2171190,11019,27,10,-223,169.78
03-44.585, 2026-04-01 14:44:27, 2026-04-08 16:57:38.892902, True      ,23,15.37,9.1,139.867,20,99,0.029,0.017,2.969,0.101,-0.074,0.075,-4,-30,-957,100,-74,75,-212,-51,441,39.0187423,-104.8934972,2171780,29,29,39.0187434,-104.8934961,2171330,11158,28,14,-219,170.15
03-44.651, 2026-04-01 14:44:27, 2026-04-08 16:57:39.090543, True      ,22.75,15.37,9.1,139.867,20,99,0.034,0.013,2.972,0.058,-0.064,0.026,11,-116,-938,57,-63,25,-212,-51,441,39.0187423,-104.8934972,2171780,29,29,39.0187436,-104.893496,2171480,11306,25,14,-216,170.33
03-44.719, 2026-04-01 14:44:27, 2026-04-08 16:57:39.090543, True      ,22.75,15.37,9.1,139.867,20,99,0.037,0.007,2.974,0.051,-0.104,0.005,13,-115,-937,50,-103,4,-209,-45,443,39.0187427,-104.8934971,2172210,27,29,39.0187437,-104.8934959,2171590,11419,25,18,-212,170.37
03-44.787, 2026-04-01 14:44:27, 2026-04-08 16:57:39.090543, True      ,22.75,15.37,9.1,139.867,20,99,0.041,0.003,2.975,0.113,-0.04,0.011,3,-113,-908,113,-40,10,-206,-42,445,39.0187427,-104.8934971,2172210,27,29,39.0187438,-104.8934958,2171730,11550,24,17,-209,170.47
03-44.867, 2026-04-01 14:44:28, 2026-04-08 16:57:39.290890, True      ,22.75,15.37,9.1,139.867,20,99,0.054,0.001,2.978,0.139,0.013,0.033,24,-41,-915,139,13,32,-206,-42,445,39.0187427,-104.8934971,2172210,27,29,39.018744,-104.8934956,2171860,11688,26,20,-202,170.64
03-44.937, 2026-04-01 14:44:28, 2026-04-08 16:57:39.390805, True      ,22.75,15.225,10.52,160.167,21,99,0.063,0.001,2.981,0.095,-0.027,0.026,25,-38,-935,95,-26,26,-204,-36,447,39.0187431,-104.8934968,2172640,26,29,39.0187441,-104.8934954,2172000,11829,25,23,-197,170.83
03-45.009, 2026-04-01 14:44:28, 2026-04-08 16:57:39.390805, True      ,22.75,15.225,10.52,160.167,21,99,0.068,-0.001,2.983,0.088,-0.046,0.013,-22,-47,-955,88,-46,12,-203,-30,446,39.0187431,-104.8934968,2172640,26,29,39.0187442,-104.8934953,2172120,11942,23,22,-194,170.92
03-45.080, 2026-04-01 14:44:28, 2026-04-08 16:57:39.490914, True      ,22.75,15.225,10.52,160.167,21,99,0.077,-0.003,2.983,0.204,-0.035,-0.02,-18,-111,-938,204,-34,-20,-202,-26,447,39.0187434,-104.8934964,2173040,27,29,39.0187443,-104.8934951,2172260,12080,21,19,-187,170.91
03-45.149, 2026-04-01 14:44:28, 2026-04-08 16:57:39.590461, True      ,22.75,15.211,11.12,169.146,22,99,0.09,-0.008,2.98,0.058,-0.103,-0.069,34,-42,-989,58,-103,-69,-202,-26,447,39.0187434,-104.8934964,2173040,27,29,39.0187444,-104.8934949,2172380,12206,21,20,-185,170.68
03-45.227, 2026-04-01 14:44:28, 2026-04-08 16:57:39.690561, True      ,22.75,15.211,11.12,169.146,22,99,0.092,-0.013,2.974,0.076,-0.151,-0.122,22,-42,-966,76,-151,-122,-200,-19,449,39.0187434,-104.8934964,2173040,27,29,39.0187445,-104.8934949,2172470,12292,18,18,-181,170.34
03-45.298, 2026-04-01 14:44:28, 2026-04-08 16:57:39.690561, True      ,23,15.211,11.12,169.146,22,99,0.077,-0.028,2.961,-0.356,-0.11,-0.162,73,-59,-1032,-356,-109,-162,-191,-21,451,39.0187438,-104.8934961,2173430,25,29,39.0187446,-104.8934947,2172640,12460,11,18,-180,169.54
03-45.369, 2026-04-01 14:44:28, 2026-04-08 16:57:39.790474, True      ,22.75,15.212,10.21,155.315,23,99,0.065,-0.044,2.947,-0.058,-0.264,-0.164,51,-51,-973,-57,-264,-164,-191,-21,451,39.0187438,-104.8934961,2173430,25,29,39.0187446,-104.8934946,2172750,12577,2,16,-180,168.8
03-45.452, 2026-04-01 14:44:28, 2026-04-08 16:57:39.891001, True      ,22.75,15.212,10.21,155.315,23,99,0.067,-0.05,2.943,0.056,-0.22,-0.132,39,-85,-945,55,-220,-132,-184,-34,455,39.0187438,-104.8934961,2173430,25,29,39.0187445,-104.8934945,2172810,12632,0,17,-179,168.55
03-45.525, 2026-04-01 14:44:28, 2026-04-08 16:57:39.891001, True      ,23,15.212,10.21,155.315,23,99,0.077,-0.032,2.936,0.13,0.321,-0.035,59,-36,-908,129,320,-35,-178,-36,459,39.0187439,-104.8934957,2173780,19,29,39.0187444,-104.8934943,2173000,12821,-11,21,-168,168.23
03-45.597, 2026-04-01 14:44:28, 2026-04-08 16:57:39.891001, True      ,22.75,15.212,10.21,155.315,23,99,0.092,-0.003,2.939,0.22,0.355,0.003,28,-62,-928,219,354,2,-190,-32,455,39.0187439,-104.8934957,2173780,19,29,39.0187442,-104.8934941,2173120,12949,-16,21,-162,168.45
03-45.668, 2026-04-01 14:44:28, 2026-04-08 16:57:40.090483, True      ,22.75,15.212,10.21,155.315,23,99,0.1,0.023,2.944,0.095,0.376,0.024,3,-123,-954,95,376,23,-190,-32,455,39.0187439,-104.8934957,2173780,19,29,39.0187442,-104.893494,2173230,13052,-17,22,-158,168.72
03-45.738, 2026-04-01 14:44:28, 2026-04-08 16:57:40.190492, True      ,23,15.346,9.81,150.544,24,99,0.105,0.045,2.95,0.066,0.31,0.051,31,-95,-958,65,309,50,-205,-23,446,39.0187438,-104.8934952,2174130,24,29,39.018744,-104.8934939,2173330,13155,-19,17,-155,169.08
03-45.810, 2026-04-01 14:44:28, 2026-04-08 16:57:40.190492, True      ,22.75,15.346,9.81,150.544,24,99,0.109,0.058,2.955,0.01,0.2,0.049,11,-96,-929,10,199,49,-223,-18,440,39.0187438,-104.8934952,2174130,24,29,39.0187439,-104.8934938,2173420,13246,-18,16,-152,169.35
03-45.881, 2026-04-01 14:44:29, 2026-04-08 16:57:40.290928, True      ,23,15.346,9.81,150.544,24,99,0.1,0.066,2.96,-0.092,0.024,0.058,38,-128,-930,-92,23,57,-229,-18,433,39.0187436,-104.8934949,2174470,18,29,39.0187437,-104.8934937,2173530,13358,-17,13,-147,169.64
03-45.955, 2026-04-01 14:44:29, 2026-04-08 16:57:40.390551, True      ,22.75,15.273,9.48,144.788,24,99,0.096,0.066,2.966,-0.076,0.028,0.073,-10,-164,-923,-75,27,72,-229,-18,433,39.0187436,-104.8934949,2174470,18,29,39.0187436,-104.8934936,2173640,13460,-14,13,-142,170
03-46.032, 2026-04-01 14:44:29, 2026-04-08 16:57:40.490912, True      ,23,15.273,9.48,144.788,24,99,0.092,0.067,2.97,-0.085,0.015,0.04,7,-143,-934,-85,14,39,-232,-20,432,39.0187436,-104.8934949,2174470,18,29,39.0187435,-104.8934936,2173710,13530,-13,13,-141,170.18
03-46.107, 2026-04-01 14:44:29, 2026-04-08 16:57:40.490912, True      ,22.75,15.273,9.48,144.788,24,99,0.094,0.062,2.973,0.055,-0.061,0.023,6,-107,-905,55,-61,22,-232,-21,433,39.0187433,-104.8934946,2174780,22,29,39.0187434,-104.8934935,2173840,13663,-13,12,-134,170.34
03-46.168, 2026-04-01 14:44:29, 2026-04-08 16:57:40.590531, True      ,23,15.291,9.29,142.053,25,99,0.095,0.064,2.976,-0.072,0.072,0.024,33,-94,-945,-71,72,23,-231,-20,434,39.0187433,-104.8934946,2174780,22,29,39.0187433,-104.8934934,2173940,13763,-8,13,-128,170.51
03-46.245, 2026-04-01 14:44:29, 2026-04-08 16:57:40.690893, True      ,23,15.291,9.29,142.053,25,99,0.094,0.065,2.977,-0.057,0.064,0.035,34,-97,-945,-56,63,34,-231,-20,434,39.0187433,-104.8934946,2174780,22,29,39.0187433,-104.8934934,2173970,13791,-8,12,-130,170.57
03-46.310, 2026-04-01 14:44:29, 2026-04-08 16:57:40.690893, True      ,22.75,15.291,9.29,142.053,25,99,0.101,0.068,2.982,0.165,-0.078,0.033,13,-125,-912,165,-77,32,-234,-20,433,39.0187431,-104.8934942,2175070,20,29,39.0187432,-104.8934933,2174110,13937,-4,10,-120,170.84
03-46.373, 2026-04-01 14:44:29, 2026-04-08 16:57:40.790518, True      ,23,15.361,8.36,128.418,25,99,0.105,0.063,2.983,0.035,-0.07,0.049,40,-114,-918,35,-70,48,-234,-15,433,39.0187431,-104.8934942,2175070,20,29,39.0187432,-104.8934932,2174190,14010,-4,11,-116,170.94
03-46.452, 2026-04-01 14:44:29, 2026-04-08 16:57:40.890966, True      ,22.75,15.361,8.36,128.418,25,99,0.104,0.062,2.984,-0.023,-0.06,0.048,21,-129,-897,-22,-60,47,-234,-15,433,39.0187431,-104.8934942,2175070,20,29,39.0187432,-104.8934932,2174210,14036,-4,9,-115,170.98
03-46.521, 2026-04-01 14:44:29, 2026-04-08 16:57:40.890966, True      ,23,15.361,8.36,128.418,25,99,0.104,0.05,2.986,-0.019,-0.045,0.025,44,-74,-962,-19,-45,24,-228,-14,434,39.0187429,-104.893494,2175320,7,29,39.0187432,-104.8934931,2174350,14172,-4,8,-108,171.07
03-46.589, 2026-04-01 14:44:29, 2026-04-08 16:57:40.890966, True      ,22.75,15.361,8.36,128.418,25,99,0.099,0.05,2.988,-0.054,0.006,0.037,55,-72,-942,-53,6,36,-227,-14,436,39.0187429,-104.893494,2175320,7,29,39.0187431,-104.8934931,2174420,14248,-3,8,-101,171.2
03-46.654, 2026-04-01 14:44:29, 2026-04-08 16:57:41.090467, True      ,23,15.361,8.36,128.418,25,99,0.097,0.052,2.991,0.01,0.032,0.032,76,-95,-945,9,31,31,-227,-14,436,39.0187429,-104.893494,2175320,7,29,39.0187431,-104.893493,2174500,14324,-3,5,-97,171.38
03-46.722, 2026-04-01 14:44:29, 2026-04-08 16:57:41.090467, True      ,22.75,15.361,8.36,128.418,25,99,0.101,0.05,2.993,0.056,-0.028,0.042,83,-96,-941,55,-27,41,-227,-15,436,39.0187428,-104.8934939,2175520,4,29,39.0187431,-104.893493,2174560,14382,-5,5,-94,171.5
03-46.791, 2026-04-01 14:44:29, 2026-04-08 16:57:41.090467, True      ,22.75,15.361,8.36,128.418,25,99,0.105,0.046,2.997,0.017,-0.042,0.065,65,-82,-953,17,-41,64,-227,-12,437,39.0187428,-104.8934939,2175520,4,29,39.0187431,-104.893493,2174630,14452,-3,5,-90,171.73
03-46.866, 2026-04-01 14:44:30, 2026-04-08 16:57:41.290946, True      ,23,15.361,8.36,128.418,25,99,0.102,0.047,3.002,-0.037,0.023,0.066,18,-159,-916,-37,22,65,-227,-12,437,39.0187428,-104.8934939,2175520,4,29,39.018743,-104.893493,2174700,14524,-6,1,-86,172.02
03-46.936, 2026-04-01 14:44:30, 2026-04-08 16:57:41.390573, True      ,23,15.374,7.18,110.385,26,99,0.099,0.047,3.007,-0.051,0.047,0.046,66,-123,-911,-50,46,46,-225,-10,437,39.0187426,-104.8934939,2175720,9,29,39.018743,-104.8934931,2174780,14600,-5,1,-79,172.31
03-47.151, 2026-04-01 14:44:30, 2026-04-08 16:57:41.490965, True      ,22.75,15.403,7.21,111.056,27,99,0.102,0.05,3.01,0.034,0.067,0.03,45,-67,-951,34,66,29,-227,-10,437,39.0187426,-104.8934939,2175720,9,29,39.0187429,-104.8934931,2174830,14659,-3,1,-74,172.47
03-47.229, 2026-04-01 14:44:30, 2026-04-08 16:57:41.690974, True      ,23,15.403,7.21,111.056,27,99,0.099,0.07,3.017,0.016,0.047,0.005,21,-160,-900,16,46,4,-236,-9,433,39.0187425,-104.8934939,2175880,3,29,39.0187428,-104.8934933,2175010,14838,-2,-1,-60,172.87
03-47.295, 2026-04-01 14:44:30, 2026-04-08 16:57:41.690974, True      ,22.75,15.403,7.21,111.056,27,99,0.098,0.067,3.015,0.029,-0.108,-0.051,73,-52,-901,29,-107,-51,-237,-10,430,39.0187424,-104.8934939,2176010,6,29,39.0187428,-104.8934933,2175090,14918,0,1,-51,172.68
03-47.360, 2026-04-01 14:44:30, 2026-04-08 16:57:41.790478, True      ,22.75,15.369,7.02,107.89,27,99,0.101,0.055,3.008,0.089,-0.239,-0.114,11,-97,-898,88,-239,-114,-237,-10,430,39.0187424,-104.8934939,2176010,6,29,39.0187428,-104.8934933,2175140,14962,0,0,-45,172.23
03-47.432, 2026-04-01 14:44:30, 2026-04-08 16:57:41.892901, True      ,23,15.369,7.02,107.89,27,99,0.103,0.046,3.002,0.062,-0.24,-0.128,27,-101,-931,61,-240,-128,-232,-11,435,39.0187424,-104.8934939,2176010,6,29,39.0187428,-104.8934934,2175170,14996,1,1,-41,171.89
03-47.500, 2026-04-01 14:44:30, 2026-04-08 16:57:41.892901, True      ,22.75,15.369,7.02,107.89,27,99,0.098,0.022,2.983,-0.064,-0.278,-0.169,19,-111,-932,-64,-278,-169,-221,-13,440,39.0187424,-104.8934938,2176100,7,29,39.0187428,-104.8934934,2175250,15070,-2,-2,-36,170.77
03-47.564, 2026-04-01 14:44:30, 2026-04-08 16:57:41.990527, True      ,23,15.496,5.47,84.763,28,99,0.093,0.01,2.97,-0.122,-0.124,-0.146,24,-89,-915,-122,-124,-146,-221,-13,440,39.0187424,-104.8934938,2176100,7,29,39.0187427,-104.8934933,2175290,15117,-3,-3,-31,170.12
03-47.642, 2026-04-01 14:44:30, 2026-04-08 16:57:42.090488, True      ,22.75,15.496,5.47,84.763,28,99,0.091,0.011,2.966,-0.106,0.04,-0.127,-2,-54,-854,-106,39,-127,-212,-18,446,39.0187424,-104.8934938,2176100,7,29,39.0187427,-104.8934933,2175310,15139,-6,-2,-28,169.88
03-47.711, 2026-04-01 14:44:30, 2026-04-08 16:57:42.090488, True      ,22.75,15.496,5.47,84.763,28,99,0.098,0.04,2.956,0.216,0.223,-0.134,74,-112,-900,216,222,-133,-213,-23,447,39.0187423,-104.8934937,2176160,3,29,39.0187426,-104.8934934,2175380,15201,-7,-5,-15,169.29
03-47.774, 2026-04-01 14:44:30, 2026-04-08 16:57:42.190506, True      ,22.75,15.592,5.52,86.068,28,99,0.115,0.053,2.95,0.168,0.179,-0.103,34,-88,-846,168,179,-103,-225,-18,442,39.0187423,-104.8934937,2176160,3,29,39.0187426,-104.8934934,2175410,15233,-8,-3,-6,168.96
03-47.847, 2026-04-01 14:44:31, 2026-04-08 16:57:42.290878, True      ,23,15.592,5.52,86.068,28,99,0.114,0.057,2.948,0.094,0.216,-0.105,21,-135,-843,94,216,-105,-225,-18,442,39.0187423,-104.8934937,2176160,3,29,39.0187426,-104.8934934,2175420,15242,-8,-5,-3,168.88
03-47.916, 2026-04-01 14:44:31, 2026-04-08 16:57:42.290878, True      ,22.75,15.592,5.52,86.068,28,99,0.105,0.092,2.941,-0.048,0.182,-0.063,56,-43,-835,-48,181,-62,-235,-17,436,39.0187423,-104.8934938,2176190,9,29,39.0187425,-104.8934935,2175440,15269,-8,-10,15,168.5
03-47.989, 2026-04-01 14:44:31, 2026-04-08 16:57:42.290878, True      ,23,15.592,5.52,86.068,28,99,0.107,0.099,2.939,0.01,0.083,-0.025,34,-64,-853,9,82,-25,-245,-22,431,39.0187423,-104.8934938,2176190,9,29,39.0187424,-104.8934936,2175450,15275,-6,-10,24,168.39
03-48.059, 2026-04-01 14:44:31, 2026-04-08 16:57:42.490938, True      ,23,15.592,5.52,86.068,28,99,0.108,0.099,2.939,0.041,-0.049,0.008,56,-78,-907,40,-48,7,-245,-22,431,39.0187423,-104.8934938,2176190,9,29,39.0187424,-104.8934937,2175450,15271,-5,-13,31,168.37
03-48.132, 2026-04-01 14:44:31, 2026-04-08 16:57:42.590521, True      ,22.75,15.348,9.18,140.895,29,99,0.108,0.096,2.942,-0.047,-0.042,0.072,47,-49,-951,-47,-42,71,-245,-23,427,39.0187422,-104.893494,2176150,10,29,39.0187423,-104.8934938,2175440,15262,-3,-15,35,168.6
03-48.211, 2026-04-01 14:44:31, 2026-04-08 16:57:42.590521, True      ,23,15.348,9.18,140.895,29,99,0.107,0.091,2.948,0.054,-0.07,0.092,34,-98,-906,53,-70,91,-245,-22,429,39.0187422,-104.893494,2176150,10,29,39.0187423,-104.893494,2175430,15250,-2,-20,41,168.97
03-48.286, 2026-04-01 14:44:31, 2026-04-08 16:57:42.690488, True      ,22.75,15.348,9.18,140.895,29,99,0.098,0.094,2.961,-0.299,0.121,0.189,19,-121,-962,-299,120,189,-241,-21,425,39.0187422,-104.893494,2176150,10,29,39.0187423,-104.8934942,2175410,15230,0,-21,43,169.76
03-48.353, 2026-04-01 14:44:31, 2026-04-08 16:57:42.790562, True      ,22.75,15.169,11.22,170.196,29,99,0.08,0.089,2.978,-0.109,-0.132,0.188,37,-60,-1057,-109,-132,187,-241,-21,425,39.0187422,-104.8934943,2176050,21,29,39.0187423,-104.8934944,2175380,15206,3,-23,38,170.74
03-48.431, 2026-04-01 14:44:31, 2026-04-08 16:57:42.892913, True      ,22.75,15.169,11.22,170.196,29,99,0.078,0.081,2.985,-0.058,-0.209,0.187,36,-114,-1066,-57,-209,186,-243,-26,425,39.0187422,-104.8934943,2176050,21,29,39.0187424,-104.8934945,2175370,15197,6,-23,37,171.18
03-48.502, 2026-04-01 14:44:31, 2026-04-08 16:57:42.892913, True      ,22.75,15.169,11.22,170.196,29,99,0.063,0.048,3.001,-0.157,-0.397,0.139,40,-69,-1028,-157,-396,138,-234,-28,429,39.0187424,-104.8934948,2175950,25,29,39.0187425,-104.8934949,2175350,15172,7,-24,31,172
03-48.569, 2026-04-01 14:44:31, 2026-04-08 16:57:42.990515, True      ,22.75,15.237,8.67,132.105,30,99,0.063,0.016,3.008,0.063,-0.445,0.086,5,-53,-1012,62,-444,85,-234,-28,429,39.0187424,-104.8934948,2175950,25,29,39.0187426,-104.8934951,2175330,15159,6,-25,30,172.36
03-48.658, 2026-04-01 14:44:31, 2026-04-08 16:57:43.090510, True      ,22.75,15.237,8.67,132.105,30,99,0.065,0.005,3.01,0.074,-0.4,0.076,36,-96,-1020,74,-400,75,-217,-31,439,39.0187424,-104.8934948,2175950,25,29,39.0187426,-104.8934952,2175330,15154,5,-26,30,172.5
03-48.736, 2026-04-01 14:44:31, 2026-04-08 16:57:43.190478, True      ,22.75,15.191,9.81,149.024,30,99,0.067,-0.032,3.021,-0.055,-0.161,0.102,17,-48,-1015,-54,-161,101,-198,-27,448,39.0187425,-104.8934954,2175850,28,29,39.0187426,-104.8934956,2175320,15142,0,-25,27,173.13
03-48.807, 2026-04-01 14:44:31, 2026-04-08 16:57:43.190478, True      ,22.75,15.191,9.81,149.024,30,99,0.068,-0.043,3.027,0.053,-0.14,0.099,16,-63,-1020,53,-140,98,-188,-24,453,39.0187425,-104.8934954,2175850,28,29,39.0187426,-104.8934959,2175310,15139,-5,-27,22,173.47
03-48.876, 2026-04-01 14:44:32, 2026-04-08 16:57:43.290952, True      ,22.75,15.191,9.81,149.024,30,99,0.068,-0.052,3.032,-0.047,-0.105,0.063,11,-51,-1013,-46,-105,63,-182,-23,456,39.0187425,-104.893496,2175790,19,29,39.0187426,-104.8934962,2175310,15137,-12,-26,21,173.71
03-48.942, 2026-04-01 14:44:32, 2026-04-08 16:57:43.390547, True      ,22.75,15.202,9.06,137.73,31,99,0.062,-0.064,3.034,-0.027,-0.222,0.05,40,-29,-1032,-27,-222,50,-182,-23,456,39.0187425,-104.893496,2175790,19,29,39.0187425,-104.8934964,2175310,15137,-18,-27,19,173.87
03-49.012, 2026-04-01 14:44:32, 2026-04-08 16:57:43.390547, True      ,23,15.202,9.06,137.73,31,99,0.064,-0.074,3.036,0.024,-0.188,0.056,2,-55,-1019,24,-187,55,-176,-24,458,39.0187425,-104.893496,2175790,19,29,39.0187424,-104.8934966,2175310,15137,-25,-27,18,173.96
03-49.082, 2026-04-01 14:44:32, 2026-04-08 16:57:43.490935, True      ,23,15.202,9.06,137.73,31,99,0.067,-0.086,3.04,0.086,-0.146,0.091,57,-74,-1020,86,-145,90,-168,-21,463,39.0187423,-104.8934966,2175710,37,29,39.0187422,-104.8934968,2175310,15139,-32,-25,16,174.25
03-49.148, 2026-04-01 14:44:32, 2026-04-08 16:57:43.590495, True      ,23,15.268,10.79,164.742,31,99,0.066,-0.102,3.049,-0.051,-0.265,0.224,0,-123,-1012,-50,-265,223,-168,-21,463,39.0187423,-104.8934966,2175710,37,29,39.0187419,-104.893497,2175320,15141,-44,-25,13,174.87
03-49.219, 2026-04-01 14:44:32, 2026-04-08 16:57:43.590495, True      ,22.75,15.268,10.79,164.742,31,99,0.054,-0.115,3.064,-0.298,-0.202,0.362,22,-124,-1049,-297,-202,361,-160,-17,467,39.0187423,-104.8934966,2175710,37,29,39.0187417,-104.8934972,2175320,15144,-52,-25,11,175.8
03-49.292, 2026-04-01 14:44:32, 2026-04-08 16:57:43.590495, True      ,22.75,15.268,10.79,164.742,31,99,0.045,-0.137,3.106,0.15,-0.162,0.578,-10,-96,-1032,150,-162,577,-149,-20,472,39.0187416,-104.8934971,2175650,55,29,39.0187411,-104.8934974,2175330,15153,-67,-22,9,178.24
03-49.358, 2026-04-01 14:44:32, 2026-04-08 16:57:43.790487, True      ,22.75,15.52,8.12,126.022,32,99,0.056,-0.123,-3.133,0.314,0.429,0.66,-25,-94,-948,313,428,659,-149,-20,472,39.0187416,-104.8934971,2175650,55,29,39.0187406,-104.8934976,2175330,15156,-75,-21,11,180.89
03-49.435, 2026-04-01 14:44:32, 2026-04-08 16:57:43.891083, True      ,23,15.52,8.12,126.022,32,99,0.069,-0.104,-3.108,0.458,0.559,0.649,-23,-102,-959,458,559,649,-151,-3,474,39.0187416,-104.8934971,2175650,55,29,39.0187403,-104.8934977,2175330,15159,-79,-19,13,182.4
03-49.508, 2026-04-01 14:44:32, 2026-04-08 16:57:43.891083, True      ,23,15.52,8.12,126.022,32,99,0.091,-0.066,-3.04,0.068,0.223,0.555,-7,-87,-1015,68,223,554,-170,24,465,39.0187405,-104.8934978,2175610,80,29,39.0187393,-104.8934979,2175340,15163,-89,-20,13,186.11
03-49.572, 2026-04-01 14:44:32, 2026-04-08 16:57:43.990546, True      ,22.75,15.407,8.56,131.884,32,99,0.091,-0.069,-3.007,0.02,-0.068,0.46,-62,-129,-985,19,-68,459,-181,40,459,39.0187405,-104.8934978,2175610,80,29,39.0187387,-104.8934981,2175340,15168,-93,-21,13,188.01
03-49.651, 2026-04-01 14:44:32, 2026-04-08 16:57:44.090959, True      ,22.75,15.407,8.56,131.884,32,99,0.091,-0.072,-2.998,-0.035,-0.09,0.43,-57,-78,-984,-34,-90,429,-181,40,459,39.0187405,-104.8934978,2175610,80,29,39.0187385,-104.8934982,2175350,15170,-95,-20,14,188.54
03-49.725, 2026-04-01 14:44:32, 2026-04-08 16:57:44.090959, True      ,22.75,15.407,8.56,131.884,32,99,0.083,-0.098,-2.961,-0.009,-0.29,0.205,-62,-104,-954,-8,-290,204,-175,48,460,39.0187389,-104.8934985,2175550,99,29,39.0187374,-104.8934985,2175350,15171,-100,-25,16,190.44
03-49.807, 2026-04-01 14:44:32, 2026-04-08 16:57:44.090959, True      ,22.75,15.407,8.56,131.884,32,99,0.075,-0.12,-2.952,-0.146,-0.244,0.073,-26,-101,-1008,-145,-243,72,-163,50,463,39.0187389,-104.8934985,2175550,99,29,39.0187365,-104.8934989,2175350,15173,-106,-30,18,190.91
03-49.879, 2026-04-01 14:44:33, 2026-04-08 16:57:44.290877, True      ,22.75,15.407,8.56,131.884,32,99,0.067,-0.144,-2.95,-0.073,-0.313,-0.001,-25,-3,-1017,-72,-313,0,-148,46,468,39.0187372,-104.8934991,2175500,99,29,39.0187357,-104.8934992,2175350,15175,-116,-31,16,190.97
03-49.949, 2026-04-01 14:44:33, 2026-04-08 16:57:44.392860, True      ,22.75,15.421,8.77,135.242,33,98,0.064,-0.161,-2.952,-0.023,-0.171,-0.038,-65,-41,-1014,-22,-170,-38,-148,46,468,39.0187372,-104.8934991,2175500,99,29,39.0187349,-104.8934995,2175350,15173,-124,-33,17,190.84
03-50.026, 2026-04-01 14:44:33, 2026-04-08 16:57:44.392860, True      ,22.75,15.421,8.77,135.242,33,98,0.059,-0.163,-2.953,-0.039,-0.02,-0.047,-63,-133,-1011,-38,-20,-46,-138,43,475,39.0187372,-104.8934991,2175500,99,29,39.0187343,-104.8934997,2175350,15172,-130,-38,16,190.79
03-50.098, 2026-04-01 14:44:33, 2026-04-08 16:57:44.392860, True      ,22.75,15.421,8.77,135.242,33,98,0.04,-0.164,-2.954,-0.24,-0.094,0.001,-29,-69,-1026,-239,-94,1,-135,38,475,39.0187351,-104.8934999,2175420,130,29,39.018733,-104.8935002,2175350,15172,-143,-36,13,190.78
03-50.165, 2026-04-01 14:44:33, 2026-04-08 16:57:44.590479, True      ,22.75,15.481,7.91,122.455,34,98,0.033,-0.178,-2.951,0.012,-0.255,0.026,-30,-120,-995,12,-254,25,-135,38,475,39.0187351,-104.8934999,2175420,130,29,39.0187321,-104.8935006,2175350,15175,-153,-37,12,190.92
03-50.242, 2026-04-01 14:44:33, 2026-04-08 16:57:44.690872, True      ,22.75,15.481,7.91,122.455,34,98,0.037,-0.186,-2.951,0.094,-0.303,0.024,-55,-111,-990,94,-303,23,-133,29,478,39.0187351,-104.8934999,2175420,130,29,39.0187316,-104.8935008,2175350,15177,-157,-41,13,190.97
03-50.317, 2026-04-01 14:44:33, 2026-04-08 16:57:44.690872, True      ,22.75,15.481,7.91,122.455,34,98,0.046,-0.218,-2.946,0.116,-0.258,0.054,-74,-75,-973,115,-258,53,-118,31,481,39.0187327,-104.8935009,2175390,154,29,39.0187299,-104.8935013,2175360,15184,-174,-42,16,191.23
03-50.393, 2026-04-01 14:44:33, 2026-04-08 16:57:44.690872, True      ,23,15.481,7.91,122.455,34,98,0.05,-0.237,-2.942,0.002,-0.241,0.062,-48,-108,-971,2,-241,61,-106,36,483,39.0187327,-104.8935009,2175390,154,29,39.0187286,-104.8935018,2175370,15190,-187,-41,17,191.49
03-50.471, 2026-04-01 14:44:33, 2026-04-08 16:57:44.892838, True      ,22.75,15.481,7.91,122.455,34,98,0.05,-0.26,-2.94,0.033,-0.354,0.024,-43,-116,-991,33,-354,23,-106,36,483,39.0187327,-104.8935009,2175390,154,29,39.0187273,-104.8935022,2175370,15191,-202,-43,18,191.57
03-50.543, 2026-04-01 14:44:33, 2026-04-08 16:57:44.990588, True      ,22.75,15.313,10.31,157.877,35,98,0.059,-0.282,-2.94,0.139,-0.206,-0.006,-110,-107,-976,138,-206,-6,-90,37,484,39.0187298,-104.8935019,2175320,174,29,39.0187257,-104.8935026,2175370,15192,-217,-47,22,191.54
03-50.618, 2026-04-01 14:44:33, 2026-04-08 16:57:44.990588, True      ,22.75,15.313,10.31,157.877,35,98,0.07,-0.29,-2.942,0.188,-0.102,-0.027,-60,-120,-990,188,-101,-26,-77,41,488,39.0187298,-104.8935019,2175320,174,29,39.0187245,-104.893503,2175360,15189,-230,-47,22,191.43
03-50.691, 2026-04-01 14:44:33, 2026-04-08 16:57:44.990588, True      ,22.75,15.313,10.31,157.877,35,98,0.075,-0.3,-2.946,0.018,-0.133,-0.04,-78,-113,-1023,17,-133,-40,-68,47,487,39.0187298,-104.8935019,2175320,174,29,39.0187225,-104.8935035,2175360,15185,-249,-49,20,191.18
03-50.759, 2026-04-01 14:44:33, 2026-04-08 16:57:45.190524, True      ,23,15.342,10.19,156.335,35,98,0.079,-0.305,-2.948,0.033,-0.024,-0.035,-108,-106,-1028,32,-24,-35,-68,47,487,39.0187262,-104.8935031,2175270,231,29,39.0187208,-104.893504,2175350,15175,-265,-53,20,191.11
03-50.837, 2026-04-01 14:44:34, 2026-04-08 16:57:45.290927, True      ,22.75,15.342,10.19,156.335,35,98,0.077,-0.304,-2.948,-0.065,0.034,-0.045,-110,-99,-1030,-64,33,-45,-65,48,489,39.0187262,-104.8935031,2175270,231,29,39.0187198,-104.8935043,2175350,15170,-276,-56,17,191.07
03-50.916, 2026-04-01 14:44:34, 2026-04-08 16:57:45.290927, True      ,22.75,15.342,10.19,156.335,35,98,0.067,-0.308,-2.954,-0.035,-0.018,-0.092,-54,-135,-1048,-35,-17,-92,-63,45,490,39.0187218,-104.8935044,2175200,266,29,39.0187168,-104.8935052,2175330,15159,-303,-62,14,190.68
03-50.989, 2026-04-01 14:44:34, 2026-04-08 16:57:45.290927, True      ,22.75,15.342,10.19,156.335,35,98,0.072,-0.305,-2.959,0.007,0.053,-0.047,-101,-55,-1024,7,52,-47,-65,42,491,39.0187218,-104.8935044,2175200,266,29,39.0187146,-104.8935058,2175330,15154,-322,-65,13,190.44
03-51.063, 2026-04-01 14:44:34, 2026-04-08 16:57:45.490957, True      ,22.75,15.342,10.19,156.335,35,98,0.079,-0.301,-2.96,0.098,0.034,-0.01,-106,-65,-1012,98,33,-9,-65,42,491,39.0187218,-104.8935044,2175200,266,29,39.0187123,-104.8935064,2175320,15149,-339,-69,16,190.42
03-51.137, 2026-04-01 14:44:34, 2026-04-08 16:57:45.590483, True      ,22.75,15.326,10.55,161.689,37,98,0.088,-0.296,-2.957,0.097,0.121,0.03,-69,-121,-1020,97,120,29,-66,44,490,39.0187165,-104.8935059,2175150,326,29,39.0187101,-104.893507,2175320,15141,-353,-72,18,190.63
03-51.208, 2026-04-01 14:44:34, 2026-04-08 16:57:45.590483, True      ,22.75,15.326,10.55,161.689,37,98,0.089,-0.292,-2.951,0.018,0.025,0.085,-108,-66,-1031,18,25,84,-70,50,489,39.0187165,-104.8935059,2175150,326,29,39.0187077,-104.8935077,2175310,15131,-369,-75,15,191.02
03-51.277, 2026-04-01 14:44:34, 2026-04-08 16:57:45.690947, True      ,22.75,15.326,10.55,161.689,37,98,0.091,-0.29,-2.943,0.08,0.073,0.074,-115,-77,-979,80,72,73,-71,52,487,39.0187105,-104.8935077,2175120,353,29,39.0187049,-104.8935085,2175300,15122,-386,-78,14,191.43
03-51.347, 2026-04-01 14:44:34, 2026-04-08 16:57:45.790521, True      ,22.75,15.346,10.38,159.291,37,98,0.09,-0.283,-2.934,0.009,0.104,0.102,-133,-117,-1038,8,103,101,-71,52,487,39.0187105,-104.8935077,2175120,353,29,39.0187023,-104.8935093,2175290,15111,-400,-82,13,191.97
03-51.418, 2026-04-01 14:44:34, 2026-04-08 16:57:45.790521, True      ,23,15.346,10.38,159.291,37,98,0.091,-0.28,-2.928,0.046,0.068,0.105,-89,-126,-1046,45,68,104,-76,56,487,39.0187105,-104.8935077,2175120,353,29,39.0187004,-104.8935098,2175280,15104,-406,-87,13,192.38
03-51.492, 2026-04-01 14:44:34, 2026-04-08 16:57:45.790521, True      ,22.75,15.346,10.38,159.291,37,98,0.084,-0.281,-2.914,-0.089,-0.013,0.128,-96,-111,-1018,-89,-12,127,-76,57,485,39.0187038,-104.8935098,2175020,405,29,39.018697,-104.8935108,2175270,15096,-424,-91,12,193.12
03-51.559, 2026-04-01 14:44:34, 2026-04-08 16:57:45.990566, True      ,22.75,15.288,10.06,153.797,38,98,0.078,-0.281,-2.902,-0.034,0.016,0.138,-117,-97,-1003,-33,16,137,-76,57,485,39.0187038,-104.8935098,2175020,405,29,39.0186941,-104.8935117,2175260,15087,-437,-93,11,193.86
03-51.634, 2026-04-01 14:44:34, 2026-04-08 16:57:46.090970, True      ,23,15.288,10.06,153.797,38,98,0.074,-0.283,-2.895,-0.026,0.001,0.136,-121,-104,-1010,-25,1,135,-77,54,486,39.0187038,-104.8935098,2175020,405,29,39.0186925,-104.8935122,2175260,15082,-442,-96,11,194.25
03-51.703, 2026-04-01 14:44:34, 2026-04-08 16:57:46.090970, True      ,22.75,15.288,10.06,153.797,38,98,0.067,-0.288,-2.876,0.008,-0.048,0.137,-142,-112,-1008,7,-47,136,-74,54,486,39.0186964,-104.8935121,2174980,432,29,39.018688,-104.8935136,2175240,15067,-462,-99,9,195.32
03-51.769, 2026-04-01 14:44:34, 2026-04-08 16:57:46.190489, True      ,22.75,15.278,10,152.78,38,98,0.064,-0.293,-2.868,0.032,-0.069,0.092,-132,-134,-1016,31,-68,91,-74,54,486,39.0186964,-104.8935121,2174980,432,29,39.0186855,-104.8935144,2175230,15056,-472,-101,9,195.75
03-51.844, 2026-04-01 14:44:35, 2026-04-08 16:57:46.290917, True      ,22.75,15.278,10,152.78,38,98,0.064,-0.295,-2.865,0.029,-0.069,0.077,-122,-137,-1018,29,-69,76,-71,54,486,39.0186964,-104.8935121,2174980,432,29,39.0186841,-104.8935148,2175230,15050,-475,-103,9,195.96
03-51.918, 2026-04-01 14:44:35, 2026-04-08 16:57:46.290917, True      ,22.75,15.278,10,152.78,38,98,0.066,-0.305,-2.857,0.017,-0.103,0.018,-150,-54,-1027,16,-102,17,-66,55,486,39.0186885,-104.8935146,2174940,465,29,39.0186792,-104.8935163,2175210,15032,-496,-105,8,196.29
03-52.001, 2026-04-01 14:44:35, 2026-04-08 16:57:46.290917, True      ,22.75,15.278,10,152.78,38,98,0.067,-0.313,-2.857,-0.005,-0.093,-0.018,-158,-104,-1012,-4,-92,-18,-62,56,488,39.0186885,-104.8935146,2174940,465,29,39.0186757,-104.8935174,2175190,15014,-510,-108,8,196.31
03-52.078, 2026-04-01 14:44:35, 2026-04-08 16:57:46.490976, True      ,22.75,15.278,10,152.78,38,98,0.067,-0.32,-2.859,0.001,-0.099,-0.054,-182,-128,-1016,1,-99,-54,-62,56,488,39.0186885,-104.8935146,2174940,465,29,39.018672,-104.8935185,2175180,15001,-522,-112,6,196.15
03-52.148, 2026-04-01 14:44:35, 2026-04-08 16:57:46.590532, True      ,23,15.195,11.57,175.806,39,98,0.07,-0.327,-2.864,-0.03,-0.085,-0.083,-151,-105,-1016,-29,-84,-83,-56,56,488,39.0186801,-104.8935171,2174900,495,29,39.018668,-104.8935197,2175160,14981,-537,-113,5,195.84
03-52.226, 2026-04-01 14:44:35, 2026-04-08 16:57:46.590532, True      ,22.75,15.195,11.57,175.806,39,98,0.071,-0.331,-2.868,0,-0.075,-0.082,-149,-147,-1027,0,-75,-82,-53,56,488,39.0186801,-104.8935171,2174900,495,29,39.0186656,-104.8935205,2175150,14971,-547,-118,4,195.59
03-52.300, 2026-04-01 14:44:35, 2026-04-08 16:57:46.590532, True      ,22.75,15.195,11.57,175.806,39,98,0.077,-0.339,-2.877,0.061,-0.108,-0.072,-132,-118,-1045,60,-107,-72,-49,55,489,39.018671,-104.8935198,2174880,537,29,39.0186605,-104.893522,2175130,14955,-566,-121,0,195.14
03-52.368, 2026-04-01 14:44:35, 2026-04-08 16:57:46.790517, True      ,22.75,15.228,11.45,174.361,40,98,0.08,-0.345,-2.881,0.019,-0.084,-0.053,-164,-112,-1013,19,-84,-53,-49,55,489,39.018671,-104.8935198,2174880,537,29,39.0186571,-104.893523,2175120,14946,-581,-122,0,194.9
03-52.451, 2026-04-01 14:44:35, 2026-04-08 16:57:46.892867, True      ,22.75,15.228,11.45,174.361,40,98,0.079,-0.347,-2.882,0.019,-0.086,-0.047,-177,-153,-1020,19,-86,-47,-46,57,490,39.018671,-104.8935198,2174880,537,29,39.0186553,-104.8935235,2175120,14941,-585,-125,0,194.82
03-52.525, 2026-04-01 14:44:35, 2026-04-08 16:57:46.892867, True      ,22.75,15.228,11.45,174.361,40,98,0.081,-0.359,-2.888,0.012,-0.096,-0.047,-168,-141,-1007,12,-96,-47,-40,56,489,39.0186612,-104.8935226,2174850,570,29,39.018649,-104.8935253,2175100,14929,-609,-128,-2,194.49
03-52.604, 2026-04-01 14:44:35, 2026-04-08 16:57:46.892867, True      ,23,15.228,11.45,174.361,40,98,0.086,-0.362,-2.892,0.032,-0.032,-0.061,-192,-137,-1019,32,-31,-61,-36,56,490,39.0186612,-104.8935226,2174850,570,29,39.0186444,-104.8935266,2175100,14922,-626,-131,-3,194.25
03-52.681, 2026-04-01 14:44:35, 2026-04-08 16:57:47.090496, True      ,23,15.228,11.45,174.361,40,98,0.088,-0.364,-2.896,0,0.001,-0.057,-161,-115,-1059,0,1,-57,-36,56,490,39.0186612,-104.8935226,2174850,570,29,39.0186406,-104.8935277,2175100,14922,-642,-135,-6,194.02
03-52.756, 2026-04-01 14:44:35, 2026-04-08 16:57:47.190525, True      ,22.75,15.24,11.69,178.156,41,98,0.092,-0.362,-2.9,0.041,0.008,-0.058,-182,-72,-1029,40,8,-58,-33,56,490,39.0186508,-104.8935256,2174820,614,29,39.0186358,-104.8935291,2175100,14920,-659,-139,-8,193.76
03-52.829, 2026-04-01 14:44:36, 2026-04-08 16:57:47.290966, True      ,22.75,15.24,11.69,178.156,41,98,0.095,-0.362,-2.903,0.016,0.009,-0.06,-161,-150,-1030,16,9,-60,-36,58,491,39.0186508,-104.8935256,2174820,614,29,39.0186329,-104.89353,2175100,14921,-666,-142,-8,193.63
03-52.899, 2026-04-01 14:44:36, 2026-04-08 16:57:47.290966, True      ,22.75,15.24,11.69,178.156,41,98,0.098,-0.36,-2.907,0.019,0.002,-0.036,-136,-128,-1037,19,2,-35,-36,59,490,39.0186396,-104.8935288,2174820,652,29,39.0186268,-104.8935317,2175100,14923,-686,-147,-10,193.44
03-52.963, 2026-04-01 14:44:36, 2026-04-08 16:57:47.392992, True      ,23,15.24,11.31,172.364,42,98,0.096,-0.359,-2.909,-0.062,0,-0.042,-168,-151,-1045,-61,0,-42,-36,59,490,39.0186396,-104.8935288,2174820,652,29,39.0186226,-104.8935329,2175100,14927,-701,-147,-13,193.3
03-53.042, 2026-04-01 14:44:36, 2026-04-08 16:57:47.490897, True      ,22.75,15.24,11.31,172.364,42,98,0.094,-0.359,-2.91,-0.022,0.012,-0.036,-172,-155,-1035,-22,11,-36,-37,59,490,39.0186396,-104.8935288,2174820,652,29,39.0186206,-104.8935335,2175100,14929,-705,-151,-13,193.25
03-53.120, 2026-04-01 14:44:36, 2026-04-08 16:57:47.490897, True      ,22.75,15.24,11.31,172.364,42,98,0.105,-0.357,-2.913,0.108,-0.024,-0.013,-189,-150,-977,107,-23,-13,-39,59,491,39.0186277,-104.8935321,2174850,688,29,39.0186135,-104.8935354,2175120,14942,-725,-153,-14,193.1
03-53.191, 2026-04-01 14:44:36, 2026-04-08 16:57:47.490897, True      ,23,15.24,11.31,172.364,42,98,0.112,-0.359,-2.914,0.08,-0.059,0.006,-208,-146,-954,79,-58,5,-39,64,491,39.0186277,-104.8935321,2174850,688,29,39.0186085,-104.8935368,2175130,14952,-740,-155,-12,193.05
03-53.261, 2026-04-01 14:44:36, 2026-04-08 16:57:47.690902, True      ,22.75,15.24,11.31,172.364,42,98,0.12,-0.364,-2.913,0.093,-0.046,0.032,-210,-153,-950,92,-46,31,-39,64,491,39.0186277,-104.8935321,2174850,688,29,39.0186036,-104.8935381,2175140,14962,-749,-156,-11,193.11
03-53.332, 2026-04-01 14:44:36, 2026-04-08 16:57:47.790549, True      ,23,15.263,11.04,168.504,43,98,0.124,-0.363,-2.91,0.095,0.023,0.049,-212,-118,-987,95,22,48,-35,67,490,39.0186152,-104.8935354,2174840,725,29,39.0185991,-104.8935393,2175140,14967,-762,-160,-10,193.31
03-53.403, 2026-04-01 14:44:36, 2026-04-08 16:57:47.790549, True      ,22.75,15.263,11.04,168.504,43,98,0.13,-0.362,-2.906,0.128,0.039,0.044,-166,-156,-981,127,38,44,-35,73,490,39.0186152,-104.8935354,2174840,725,29,39.0185941,-104.8935407,2175150,14974,-772,-165,-10,193.5
03-53.475, 2026-04-01 14:44:36, 2026-04-08 16:57:47.892961, True      ,22.75,15.263,11.04,168.504,43,98,0.135,-0.358,-2.903,0.013,0.102,0.043,-221,-145,-982,13,101,43,-35,73,490,39.0186152,-104.8935354,2174840,725,29,39.0185894,-104.893542,2175160,14981,-782,-166,-10,193.72
03-53.546, 2026-04-01 14:44:36, 2026-04-08 16:57:47.990520, True      ,23,15.338,9.84,150.926,44,98,0.139,-0.356,-2.898,0.051,0.013,0.041,-187,-117,-995,51,13,40,-37,79,488,39.0186021,-104.893539,2174850,756,29,39.0185836,-104.8935436,2175160,14989,-794,-172,-10,194.01
03-53.630, 2026-04-01 14:44:36, 2026-04-08 16:57:48.090578, True      ,22.75,15.338,9.84,150.926,44,98,0.138,-0.355,-2.896,0.024,0.017,0.022,-214,-142,-970,23,17,21,-40,81,488,39.0186021,-104.893539,2174850,756,29,39.01858,-104.8935447,2175170,14994,-801,-177,-10,194.08
03-53.704, 2026-04-01 14:44:36, 2026-04-08 16:57:48.090578, True      ,22.75,15.338,9.84,150.926,44,98,0.143,-0.353,-2.895,0.006,0.011,0.01,-217,-83,-968,6,10,9,-40,84,488,39.0185885,-104.8935429,2174860,789,29,39.0185728,-104.8935467,2175180,15008,-814,-182,-9,194.16
03-53.771, 2026-04-01 14:44:36, 2026-04-08 16:57:48.190505, True      ,22.75,15.339,9.81,150.476,44,98,0.141,-0.354,-2.894,-0.027,-0.038,-0.008,-175,-112,-966,-27,-37,-8,-40,84,488,39.0185885,-104.8935429,2174860,789,29,39.0185679,-104.8935482,2175190,15017,-823,-187,-7,194.17
03-53.852, 2026-04-01 14:44:37, 2026-04-08 16:57:48.290900, True      ,23,15.339,9.81,150.476,44,98,0.139,-0.356,-2.895,-0.094,-0.087,-0.036,-191,-137,-967,-94,-87,-36,-41,84,488,39.0185885,-104.8935429,2174860,789,29,39.0185656,-104.8935489,2175200,15022,-825,-188,-7,194.09
03-53.925, 2026-04-01 14:44:37, 2026-04-08 16:57:48.290900, True      ,22.75,15.339,9.81,150.476,44,98,0.134,-0.365,-2.9,-0.049,-0.037,-0.026,-220,-133,-960,-49,-36,-26,-36,81,489,39.0185744,-104.893547,2174860,816,29,39.0185569,-104.8935515,2175200,15027,-841,-195,-2,193.8
03-54.000, 2026-04-01 14:44:37, 2026-04-08 16:57:48.290900, True      ,22.75,15.339,9.81,150.476,44,98,0.136,-0.365,-2.902,0.033,0.032,-0.005,-246,-133,-951,33,32,-5,-33,79,488,39.0185744,-104.893547,2174860,816,29,39.0185517,-104.8935531,2175200,15026,-852,-199,0,193.76
03-54.078, 2026-04-01 14:44:37, 2026-04-08 16:57:48.490973, True      ,22.75,15.339,9.81,150.476,44,98,0.134,-0.358,-2.902,-0.056,0.059,-0.027,-238,-122,-955,-55,58,-27,-33,79,488,39.0185744,-104.893547,2174860,816,29,39.0185456,-104.893555,2175200,15024,-861,-204,1,193.75
03-54.150, 2026-04-01 14:44:37, 2026-04-08 16:57:48.590527, True      ,23,15.18,11.99,182.008,46,98,0.132,-0.356,-2.903,-0.023,0.077,-0.031,-223,-155,-929,-23,76,-31,-35,79,487,39.0185597,-104.8935513,2174840,851,29,39.0185392,-104.893557,2175190,15015,-870,-208,4,193.64
03-54.236, 2026-04-01 14:44:37, 2026-04-08 16:57:48.690946, True      ,22.75,15.18,11.99,182.008,46,98,0.133,-0.351,-2.905,0.012,0.062,-0.036,-222,-116,-962,11,61,-36,-38,77,487,39.0185597,-104.8935513,2174840,851,29,39.0185353,-104.8935582,2175190,15010,-875,-208,5,193.57
03-54.309, 2026-04-01 14:44:37, 2026-04-08 16:57:48.690946, True      ,22.75,15.18,11.99,182.008,46,98,0.125,-0.342,-2.908,-0.097,0.113,-0.054,-226,-182,-996,-96,112,-54,-39,75,486,39.0185445,-104.8935558,2174830,872,29,39.0185267,-104.8935609,2175180,15002,-887,-214,4,193.38
03-54.376, 2026-04-01 14:44:37, 2026-04-08 16:57:48.790547, True      ,22.75,15.163,12.83,194.541,46,98,0.121,-0.334,-2.911,-0.026,0.118,-0.059,-249,-168,-997,-25,117,-59,-46,72,488,39.0185445,-104.8935558,2174830,872,29,39.0185213,-104.8935626,2175170,14999,-897,-213,0,193.22
03-54.462, 2026-04-01 14:44:37, 2026-04-08 16:57:48.891000, True      ,23,15.163,12.83,194.541,46,98,0.121,-0.332,-2.911,-0.019,0.114,-0.056,-228,-166,-1028,-18,113,-56,-46,72,488,39.0185445,-104.8935558,2174830,872,29,39.0185195,-104.8935631,2175170,14998,-896,-214,0,193.16
03-54.536, 2026-04-01 14:44:37, 2026-04-08 16:57:48.990552, True      ,23,15.251,11.35,173.099,47,98,0.124,-0.318,-2.916,-0.009,0.077,-0.036,-279,-133,-988,-9,76,-36,-52,71,489,39.018529,-104.8935605,2174780,892,29,39.0185092,-104.8935663,2175180,15005,-907,-216,-1,192.94
03-54.613, 2026-04-01 14:44:37, 2026-04-08 16:57:48.990552, True      ,23,15.251,11.35,173.099,47,98,0.124,-0.314,-2.917,-0.015,0.047,-0.031,-239,-142,-988,-15,46,-31,-58,71,488,39.018529,-104.8935605,2174780,892,29,39.0185034,-104.8935681,2175190,15011,-913,-215,-4,192.85
03-54.691, 2026-04-01 14:44:37, 2026-04-08 16:57:49.090539, True      ,22.75,15.251,11.35,173.099,47,98,0.126,-0.31,-2.918,0.05,0.036,-0.003,-251,-193,-967,50,35,-3,-60,71,487,39.018529,-104.8935605,2174780,892,29,39.018497,-104.89357,2175200,15020,-917,-218,-5,192.84
03-54.765, 2026-04-01 14:44:37, 2026-04-08 16:57:49.190496, True      ,22.75,15.267,10.91,166.563,48,98,0.13,-0.309,-2.917,0.057,0.029,0.011,-258,-192,-945,57,28,10,-60,71,487,39.0185132,-104.8935653,2174780,904,29,39.0184903,-104.8935721,2175200,15029,-922,-219,-4,192.91
03-54.844, 2026-04-01 14:44:38, 2026-04-08 16:57:49.290945, True      ,23,15.267,10.91,166.563,48,98,0.131,-0.307,-2.916,0.055,0.074,0.016,-243,-172,-961,54,73,15,-62,73,486,39.0185132,-104.8935653,2174780,904,29,39.0184871,-104.893573,2175210,15036,-921,-220,-4,192.98
03-54.917, 2026-04-01 14:44:38, 2026-04-08 16:57:49.290945, True      ,22.75,15.267,10.91,166.563,48,98,0.13,-0.301,-2.912,-0.073,0.048,0.024,-263,-181,-1002,-73,47,23,-64,76,486,39.0184972,-104.8935701,2174750,923,29,39.0184781,-104.8935758,2175230,15052,-928,-220,-9,193.18
03-54.993, 2026-04-01 14:44:38, 2026-04-08 16:57:49.290945, True      ,22.75,15.267,10.91,166.563,48,98,0.126,-0.302,-2.91,0.018,-0.067,0.034,-263,-102,-906,17,-67,33,-68,75,487,39.0184972,-104.8935701,2174750,923,29,39.0184718,-104.8935777,2175240,15068,-930,-220,-8,193.31
03-55.068, 2026-04-01 14:44:38, 2026-04-08 16:57:49.490891, True      ,23,15.267,10.91,166.563,48,98,0.133,-0.302,-2.908,0.127,0.076,0.027,-296,-100,-909,127,75,27,-68,75,487,39.0184972,-104.8935701,2174750,923,29,39.0184658,-104.8935795,2175260,15081,-933,-221,-5,193.43
03-55.137, 2026-04-01 14:44:38, 2026-04-08 16:57:49.590555, True      ,22.75,15.341,10.06,154.33,49,98,0.136,-0.296,-2.904,0.063,0.005,0.054,-279,-135,-974,63,4,53,-66,76,487,39.0184808,-104.8935752,2174730,935,29,39.0184594,-104.8935815,2175270,15093,-935,-225,-4,193.68
03-55.204, 2026-04-01 14:44:38, 2026-04-08 16:57:49.590555, True      ,23,15.341,10.06,154.33,49,98,0.14,-0.297,-2.901,0.028,-0.015,0.038,-263,-136,-930,28,-14,37,-68,81,487,39.0184808,-104.8935752,2174730,935,29,39.0184542,-104.8935831,2175280,15103,-935,-226,-3,193.85
03-55.275, 2026-04-01 14:44:38, 2026-04-08 16:57:49.690954, True      ,22.75,15.341,10.06,154.33,49,98,0.139,-0.299,-2.897,-0.035,-0.002,0.059,-266,-127,-892,-34,-2,58,-68,81,487,39.0184808,-104.8935752,2174730,935,29,39.0184486,-104.8935849,2175290,15110,-936,-227,0,194.06
03-55.347, 2026-04-01 14:44:38, 2026-04-08 16:57:49.790527, True      ,23,15.21,11,167.31,49,98,0.131,-0.303,-2.892,-0.065,-0.066,0.068,-280,-157,-914,-64,-66,67,-66,82,485,39.0184644,-104.8935803,2174710,940,29,39.0184417,-104.8935871,2175290,15110,-938,-229,4,194.34
03-55.419, 2026-04-01 14:44:38, 2026-04-08 16:57:49.790527, True      ,23,15.21,11,167.31,49,98,0.129,-0.304,-2.889,-0.017,-0.022,0.058,-314,-148,-923,-16,-22,57,-64,80,484,39.0184644,-104.8935803,2174710,940,29,39.0184376,-104.8935884,2175280,15109,-939,-229,5,194.51
03-55.488, 2026-04-01 14:44:38, 2026-04-08 16:57:49.790527, True      ,22.75,15.21,11,167.31,49,98,0.124,-0.305,-2.884,-0.03,-0.016,0.059,-288,-156,-941,-29,-15,58,-61,79,485,39.0184478,-104.8935854,2174670,942,29,39.0184302,-104.8935907,2175280,15106,-941,-229,5,194.79
03-55.554, 2026-04-01 14:44:38, 2026-04-08 16:57:49.990543, True      ,23,15.204,10.93,166.18,50,98,0.12,-0.307,-2.88,-0.043,-0.035,0.059,-313,-131,-898,-42,-35,58,-61,79,485,39.0184478,-104.8935854,2174670,942,29,39.0184242,-104.8935926,2175280,15100,-943,-229,7,195.04
03-55.627, 2026-04-01 14:44:38, 2026-04-08 16:57:50.090543, True      ,22.75,15.204,10.93,166.18,50,98,0.118,-0.309,-2.878,-0.028,-0.042,0.045,-304,-165,-924,-28,-42,44,-61,78,484,39.0184478,-104.8935854,2174670,942,29,39.0184209,-104.8935936,2175270,15096,-945,-230,9,195.14
03-55.697, 2026-04-01 14:44:38, 2026-04-08 16:57:50.090543, True      ,22.75,15.204,10.93,166.18,50,98,0.117,-0.31,-2.874,-0.028,0.009,0.038,-266,-157,-979,-27,8,38,-57,77,485,39.0184312,-104.8935905,2174600,954,29,39.0184125,-104.8935962,2175260,15089,-945,-230,8,195.39
03-55.762, 2026-04-01 14:44:38, 2026-04-08 16:57:50.190545, True      ,22.75,15.188,11.67,177.244,50,98,0.114,-0.307,-2.87,-0.053,0.054,0.04,-286,-119,-991,-53,54,39,-57,77,485,39.0184312,-104.8935905,2174600,954,29,39.0184068,-104.893598,2175260,15085,-950,-230,5,195.59
03-55.851, 2026-04-01 14:44:39, 2026-04-08 16:57:50.290918, True      ,22.75,15.188,11.67,177.244,50,98,0.112,-0.307,-2.869,-0.047,0.004,0.042,-275,-120,-971,-46,3,42,-58,75,485,39.0184312,-104.8935905,2174600,954,29,39.0184041,-104.8935988,2175260,15085,-951,-228,3,195.67
03-55.924, 2026-04-01 14:44:39, 2026-04-08 16:57:50.290918, True      ,23,15.188,11.67,177.244,50,98,0.105,-0.307,-2.865,-0.043,0.043,0.014,-266,-138,-977,-43,42,13,-58,74,486,39.0184143,-104.8935958,2174540,967,29,39.0183941,-104.8936019,2175260,15085,-955,-226,1,195.85
03-55.998, 2026-04-01 14:44:39, 2026-04-08 16:57:50.290918, True      ,22.75,15.188,11.67,177.244,50,98,0.109,-0.297,-2.863,0.074,0.203,-0.001,-302,-114,-1071,73,202,-1,-62,73,487,39.0184143,-104.8935958,2174540,967,29,39.0183882,-104.8936037,2175270,15089,-956,-227,-2,195.95
03-56.071, 2026-04-01 14:44:39, 2026-04-08 16:57:50.490990, True      ,22.75,15.188,11.67,177.244,50,98,0.119,-0.28,-2.865,0.205,0.243,-0.062,-310,-110,-1045,205,242,-62,-62,73,487,39.0184143,-104.8935958,2174540,967,29,39.0183814,-104.8936058,2175280,15102,-956,-230,-12,195.86
03-56.143, 2026-04-01 14:44:39, 2026-04-08 16:57:50.590489, True      ,22.75,15.643,5.75,89.947,51,98,0.131,-0.259,-2.87,0.079,0.263,-0.135,-301,-107,-1018,79,262,-135,-71,79,487,39.0183973,-104.8936011,2174510,969,29,39.0183754,-104.8936077,2175290,15118,-955,-232,-16,195.52
03-56.219, 2026-04-01 14:44:39, 2026-04-08 16:57:50.590489, True      ,22.75,15.643,5.75,89.947,51,98,0.129,-0.249,-2.878,-0.08,0.079,-0.17,-262,-134,-974,-79,78,-170,-87,86,486,39.0183973,-104.8936011,2174510,969,29,39.0183701,-104.8936094,2175310,15136,-954,-236,-17,194.98
03-56.291, 2026-04-01 14:44:39, 2026-04-08 16:57:50.590489, True      ,23,15.643,5.75,89.947,51,98,0.132,-0.268,-2.896,-0.001,-0.396,-0.16,-257,-93,-842,0,-396,-160,-90,83,485,39.0183804,-104.8936064,2174510,966,29,39.0183626,-104.8936118,2175340,15163,-952,-239,-11,193.95
03-56.361, 2026-04-01 14:44:39, 2026-04-08 16:57:50.790486, True      ,22.75,15.55,6.04,93.922,52,98,0.142,-0.297,-2.912,0.119,-0.41,-0.131,-292,-83,-802,119,-410,-131,-90,83,485,39.0183804,-104.8936064,2174510,966,29,39.0183565,-104.8936138,2175350,15177,-952,-240,-1,193.06
03-56.450, 2026-04-01 14:44:39, 2026-04-08 16:57:50.891033, True      ,23,15.55,6.04,93.922,52,98,0.144,-0.311,-2.919,-0.043,-0.364,-0.118,-257,-123,-817,-43,-364,-117,-73,82,487,39.0183804,-104.8936064,2174510,966,29,39.0183531,-104.8936149,2175360,15185,-951,-240,1,192.65
03-56.525, 2026-04-01 14:44:39, 2026-04-08 16:57:50.891033, True      ,22.75,15.55,6.04,93.922,52,98,0.131,-0.334,-2.933,-0.034,-0.153,-0.094,-268,-155,-924,-33,-153,-94,-53,78,487,39.0183635,-104.893612,2174460,962,29,39.0183432,-104.8936182,2175370,15192,-953,-244,6,191.9
03-56.599, 2026-04-01 14:44:39, 2026-04-08 16:57:50.891033, True      ,23,15.55,6.04,93.922,52,98,0.12,-0.338,-2.94,-0.235,-0.015,-0.034,-282,-124,-933,-235,-15,-34,-48,71,491,39.0183635,-104.893612,2174460,962,29,39.0183362,-104.8936206,2175360,15184,-958,-248,11,191.55
03-56.676, 2026-04-01 14:44:39, 2026-04-08 16:57:51.090542, True      ,22.75,15.55,6.04,93.922,52,98,0.119,-0.329,-2.94,0.043,0.109,-0.012,-239,-142,-960,43,108,-12,-48,71,491,39.0183635,-104.893612,2174460,962,29,39.0183305,-104.8936226,2175350,15179,-962,-251,11,191.53
03-56.749, 2026-04-01 14:44:39, 2026-04-08 16:57:51.190518, True      ,22.75,15.335,9.79,150.13,53,98,0.105,-0.323,-2.938,-0.28,0.061,0.056,-275,-89,-934,-279,60,55,-47,64,492,39.0183466,-104.8936177,2174420,978,29,39.0183234,-104.893625,2175340,15167,-968,-250,12,191.75
03-56.828, 2026-04-01 14:44:40, 2026-04-08 16:57:51.290964, True      ,22.75,15.335,9.79,150.13,53,98,0.092,-0.323,-2.934,-0.227,0.005,0.062,-242,-152,-908,-227,4,61,-52,58,491,39.0183466,-104.8936177,2174420,978,29,39.0183191,-104.8936265,2175330,15158,-968,-252,16,191.95
03-56.902, 2026-04-01 14:44:40, 2026-04-08 16:57:51.290964, True      ,22.75,15.335,9.79,150.13,53,98,0.069,-0.317,-2.926,-0.239,0.133,0.075,-295,-130,-998,-238,132,74,-50,47,489,39.0183293,-104.8936234,2174360,997,29,39.0183104,-104.8936294,2175310,15135,-976,-247,16,192.4
03-56.976, 2026-04-01 14:44:40, 2026-04-08 16:57:51.392872, True      ,22.75,15.242,11.68,178.027,53,98,0.063,-0.301,-2.92,0.042,0.25,0.056,-300,-119,-1042,42,249,55,-50,47,489,39.0183293,-104.8936234,2174360,997,29,39.0183045,-104.8936313,2175300,15121,-979,-246,10,192.71
03-57.061, 2026-04-01 14:44:40, 2026-04-08 16:57:51.490972, True      ,22.75,15.242,11.68,178.027,53,98,0.065,-0.295,-2.919,0.117,0.257,0.035,-297,-130,-1036,116,257,35,-59,40,491,39.0183293,-104.8936234,2174360,997,29,39.0183017,-104.8936322,2175290,15116,-981,-245,7,192.8
03-57.135, 2026-04-01 14:44:40, 2026-04-08 16:57:51.590489, True      ,22.75,15.447,7.87,121.568,54,98,0.076,-0.268,-2.915,0.046,0.105,0.006,-280,-153,-972,45,104,5,-72,45,490,39.0183119,-104.893629,2174340,988,29,39.0182904,-104.8936357,2175280,15109,-985,-239,3,193.01
03-57.209, 2026-04-01 14:44:40, 2026-04-08 16:57:51.590489, True      ,22.75,15.447,7.87,121.568,54,98,0.081,-0.27,-2.914,0.117,-0.048,0.002,-254,-120,-930,117,-48,1,-80,49,488,39.0183119,-104.893629,2174340,988,29,39.018284,-104.8936377,2175280,15106,-985,-232,6,193.06
03-57.286, 2026-04-01 14:44:40, 2026-04-08 16:57:51.690923, True      ,22.75,15.447,7.87,121.568,54,98,0.094,-0.273,-2.914,0.15,-0.049,-0.002,-267,-113,-945,149,-49,-1,-77,54,487,39.0182943,-104.8936345,2174270,1016,29,39.0182772,-104.8936397,2175280,15103,-986,-228,8,193.05
03-57.355, 2026-04-01 14:44:40, 2026-04-08 16:57:51.790538, True      ,22.75,15.261,10.95,167.108,55,98,0.104,-0.275,-2.913,0.113,0.005,0.018,-311,-164,-963,113,4,17,-77,54,487,39.0182943,-104.8936345,2174270,1016,29,39.0182699,-104.8936419,2175270,15096,-985,-228,9,193.13
03-57.437, 2026-04-01 14:44:40, 2026-04-08 16:57:51.892932, True      ,22.75,15.261,10.95,167.108,55,98,0.109,-0.274,-2.912,0.107,0.045,0.013,-295,-137,-965,107,44,12,-75,61,486,39.0182943,-104.8936345,2174270,1016,29,39.0182663,-104.8936429,2175270,15092,-986,-227,7,193.17
03-57.510, 2026-04-01 14:44:40, 2026-04-08 16:57:51.892932, True      ,22.75,15.261,10.95,167.108,55,98,0.117,-0.269,-2.909,0.115,0.047,0.011,-298,-185,-959,115,46,10,-76,66,485,39.0182766,-104.8936399,2174220,1000,29,39.0182566,-104.8936457,2175260,15083,-985,-224,5,193.34
03-57.582, 2026-04-01 14:44:40, 2026-04-08 16:57:51.990559, True      ,22.75,15.28,10.63,162.426,55,98,0.124,-0.265,-2.907,0.082,0.059,0.022,-296,-164,-966,81,58,21,-79,72,485,39.0182766,-104.8936399,2174220,1000,29,39.0182506,-104.8936474,2175250,15075,-983,-222,5,193.48
03-57.667, 2026-04-01 14:44:40, 2026-04-08 16:57:52.090922, True      ,22.75,15.28,10.63,162.426,55,98,0.126,-0.265,-2.906,0.055,0.043,0.035,-286,-147,-979,55,42,34,-79,72,485,39.0182766,-104.8936399,2174220,1000,29,39.0182486,-104.893648,2175250,15072,-984,-222,4,193.54
03-57.739, 2026-04-01 14:44:40, 2026-04-08 16:57:52.190510, True      ,23,15.24,11.1,169.164,56,98,0.133,-0.264,-2.901,0.1,0.023,0.037,-282,-167,-964,100,22,36,-80,76,482,39.018259,-104.8936452,2174140,1010,29,39.0182365,-104.8936515,2175240,15060,-982,-222,4,193.8
03-57.818, 2026-04-01 14:44:40, 2026-04-08 16:57:52.190510, True      ,23,15.24,11.1,169.164,56,98,0.136,-0.26,-2.899,0.056,0.049,0.033,-301,-156,-972,55,48,33,-80,80,482,39.018259,-104.8936452,2174140,1010,29,39.018231,-104.8936532,2175230,15055,-982,-222,2,193.93
03-57.892, 2026-04-01 14:44:41, 2026-04-08 16:57:52.190510, True      ,22.75,15.24,11.1,169.164,56,98,0.137,-0.258,-2.895,-0.033,0.042,0.06,-273,-111,-989,-32,41,59,-81,82,481,39.0182414,-104.8936506,2174100,989,29,39.0182233,-104.8936555,2175230,15053,-980,-223,0,194.17
03-57.960, 2026-04-01 14:44:41, 2026-04-08 16:57:52.392867, True      ,22.75,15.265,10.55,161.046,56,98,0.134,-0.256,-2.891,-0.036,0.058,0.06,-294,-125,-973,-35,57,59,-81,82,481,39.0182414,-104.8936506,2174100,989,29,39.0182169,-104.8936574,2175230,15051,-978,-225,0,194.41
03-58.035, 2026-04-01 14:44:41, 2026-04-08 16:57:52.490973, True      ,22.75,15.265,10.55,161.046,56,98,0.131,-0.254,-2.888,-0.04,0.042,0.073,-294,-158,-976,-40,41,73,-84,82,482,39.0182414,-104.8936506,2174100,989,29,39.0182134,-104.8936584,2175230,15051,-977,-225,-2,194.58
03-58.110, 2026-04-01 14:44:41, 2026-04-08 16:57:52.490973, True      ,22.75,15.265,10.55,161.046,56,98,0.129,-0.257,-2.882,-0.008,-0.027,0.055,-277,-125,-946,-7,-27,54,-83,81,482,39.0182239,-104.8936558,2174060,1008,29,39.0182038,-104.8936614,2175230,15055,-975,-227,-2,194.91
03-58.182, 2026-04-01 14:44:41, 2026-04-08 16:57:52.590507, True      ,22.75,15.275,10.01,152.903,57,98,0.129,-0.259,-2.879,0.004,-0.008,0.043,-282,-98,-966,3,-8,42,-83,81,482,39.0182239,-104.8936558,2174060,1008,29,39.0181979,-104.8936632,2175230,15056,-972,-224,-3,195.06
03-58.257, 2026-04-01 14:44:41, 2026-04-08 16:57:52.690982, True      ,22.75,15.275,10.01,152.903,57,98,0.128,-0.259,-2.879,-0.001,-0.012,0.036,-308,-154,-971,0,-12,35,-83,81,482,39.0182239,-104.8936558,2174060,1008,29,39.0181959,-104.8936638,2175230,15056,-973,-227,-3,195.09
03-58.322, 2026-04-01 14:44:41, 2026-04-08 16:57:52.690982, True      ,22.75,15.275,10.01,152.903,57,98,0.129,-0.257,-2.876,0.037,0.002,0.013,-298,-141,-969,37,1,12,-81,82,481,39.0182063,-104.8936611,2174020,990,29,39.0181848,-104.8936672,2175240,15062,-971,-229,-5,195.2
03-58.391, 2026-04-01 14:44:41, 2026-04-08 16:57:52.690982, True      ,22.75,15.275,10.01,152.903,57,98,0.13,-0.259,-2.876,0.002,-0.007,0.011,-266,-125,-960,1,-7,10,-84,83,482,39.0182063,-104.8936611,2174020,990,29,39.0181796,-104.8936688,2175240,15065,-969,-229,-5,195.2
03-58.458, 2026-04-01 14:44:41, 2026-04-08 16:57:52.892875, True      ,22.75,15.275,10.01,152.903,57,98,0.128,-0.261,-2.877,-0.038,-0.066,-0.008,-277,-151,-926,-37,-66,-8,-84,83,482,39.0182063,-104.8936611,2174020,990,29,39.0181733,-104.8936708,2175250,15070,-966,-229,-5,195.15
03-58.525, 2026-04-01 14:44:41, 2026-04-08 16:57:52.892875, True      ,22.75,15.275,10.01,152.903,57,98,0.126,-0.265,-2.879,-0.009,-0.065,-0.018,-288,-153,-949,-9,-65,-18,-80,83,481,39.0181889,-104.8936665,2174010,997,29,39.0181675,-104.8936726,2175250,15072,-966,-231,-3,195.04
03-58.591, 2026-04-01 14:44:41, 2026-04-08 16:57:52.892875, True      ,22.75,15.275,10.01,152.903,57,98,0.127,-0.27,-2.881,0,-0.066,-0.025,-241,-113,-946,0,-66,-25,-78,81,483,39.0181889,-104.8936665,2174010,997,29,39.0181614,-104.8936745,2175250,15076,-965,-230,-3,194.89
03-58.670, 2026-04-01 14:44:41, 2026-04-08 16:57:53.090532, True      ,23,15.275,10.01,152.903,57,98,0.124,-0.272,-2.884,-0.064,-0.043,-0.033,-306,-129,-918,-63,-43,-33,-78,81,483,39.0181889,-104.8936665,2174010,997,29,39.018156,-104.8936762,2175250,15079,-964,-233,-1,194.76
03-58.740, 2026-04-01 14:44:41, 2026-04-08 16:57:53.190519, True      ,22.75,15.22,11.45,174.269,59,98,0.123,-0.273,-2.885,-0.027,0.025,-0.006,-284,-132,-980,-26,24,-6,-74,79,483,39.0181715,-104.8936719,2173970,987,29,39.0181493,-104.8936783,2175260,15080,-962,-233,0,194.7
03-58.816, 2026-04-01 14:44:41, 2026-04-08 16:57:53.190519, True      ,22.75,15.22,11.45,174.269,59,98,0.121,-0.271,-2.885,-0.002,0.022,-0.004,-301,-113,-955,-1,21,-4,-74,78,484,39.0181715,-104.8936719,2173970,987,29,39.0181439,-104.8936801,2175260,15080,-963,-233,-3,194.68
03-58.887, 2026-04-01 14:44:42, 2026-04-08 16:57:53.190519, True      ,22.75,15.22,11.45,174.269,59,98,0.118,-0.272,-2.885,-0.043,0,0.01,-268,-139,-958,-43,0,9,-75,77,483,39.0181542,-104.8936773,2173940,987,29,39.0181364,-104.8936824,2175260,15082,-962,-231,-3,194.68
03-58.957, 2026-04-01 14:44:42, 2026-04-08 16:57:53.392878, True      ,23,15.275,9.99,152.597,59,98,0.114,-0.275,-2.886,-0.066,-0.066,0.01,-261,-124,-937,-65,-66,9,-75,77,483,39.0181542,-104.8936773,2173940,987,29,39.0181302,-104.8936844,2175260,15081,-962,-233,-1,194.68
03-59.036, 2026-04-01 14:44:42, 2026-04-08 16:57:53.490939, True      ,22.75,15.275,9.99,152.597,59,98,0.112,-0.277,-2.885,-0.05,-0.086,0.018,-287,-153,-946,-49,-86,17,-74,74,484,39.0181542,-104.8936773,2173940,987,29,39.0181267,-104.8936855,2175260,15080,-962,-232,0,194.68
03-59.108, 2026-04-01 14:44:42, 2026-04-08 16:57:53.490939, True      ,22.75,15.275,9.99,152.597,59,98,0.112,-0.281,-2.884,0.052,-0.033,0.031,-298,-145,-953,52,-33,30,-69,73,484,39.0181368,-104.8936827,2173910,994,29,39.0181172,-104.8936885,2175250,15075,-963,-230,1,194.77
03-59.175, 2026-04-01 14:44:42, 2026-04-08 16:57:53.590532, True      ,22.75,15.17,11.82,179.309,60,98,0.115,-0.281,-2.882,0.016,0.059,0.032,-292,-126,-967,15,58,31,-69,74,485,39.0181368,-104.8936827,2173910,994,29,39.0181114,-104.8936903,2175240,15068,-964,-229,0,194.9
03-59.249, 2026-04-01 14:44:42, 2026-04-08 16:57:53.690907, True      ,22.75,15.17,11.82,179.309,60,98,0.117,-0.28,-2.881,0.035,0.065,0.035,-285,-132,-1000,34,64,35,-69,74,485,39.0181368,-104.8936827,2173910,994,29,39.0181094,-104.8936909,2175240,15067,-962,-229,0,194.96
03-59.316, 2026-04-01 14:44:42, 2026-04-08 16:57:53.690907, True      ,22.75,15.17,11.82,179.309,60,98,0.118,-0.274,-2.875,0,0.026,0.043,-320,-119,-949,0,25,42,-70,76,484,39.0181194,-104.893688,2173870,991,29,39.0180992,-104.8936941,2175230,15056,-962,-230,-1,195.28
03-59.382, 2026-04-01 14:44:42, 2026-04-08 16:57:53.690907, True      ,22.75,15.17,11.82,179.309,60,98,0.116,-0.274,-2.873,-0.024,0.001,0.03,-300,-85,-957,-23,0,30,-73,77,484,39.0181194,-104.893688,2173870,991,29,39.0180932,-104.8936959,2175220,15048,-962,-230,-4,195.41
03-59.450, 2026-04-01 14:44:42, 2026-04-08 16:57:53.890982, True      ,22.75,15.17,11.82,179.309,60,98,0.115,-0.276,-2.871,0.017,-0.03,0.023,-310,-154,-957,17,-30,22,-73,77,484,39.0181194,-104.893688,2173870,991,29,39.0180877,-104.8936976,2175220,15045,-961,-231,-3,195.48
03-59.519, 2026-04-01 14:44:42, 2026-04-08 16:57:53.890982, True      ,22.75,15.17,11.82,179.309,60,98,0.116,-0.278,-2.872,0.024,-0.015,0.006,-279,-101,-961,23,-16,5,-71,77,483,39.0181021,-104.8936935,2173840,986,29,39.0180819,-104.8936994,2175220,15043,-960,-228,-2,195.48
03-59.588, 2026-04-01 14:44:42, 2026-04-08 16:57:53.890982, True      ,23,15.17,11.82,179.309,60,98,0.119,-0.278,-2.872,0.038,0.007,-0.007,-266,-135,-975,38,6,-6,-71,78,484,39.0181021,-104.8936935,2173840,986,29,39.0180758,-104.8937014,2175220,15042,-959,-229,-5,195.43
03-59.654, 2026-04-01 14:44:42, 2026-04-08 16:57:54.090534, True      ,23,15.17,11.82,179.309,60,98,0.119,-0.279,-2.873,-0.028,-0.027,-0.002,-297,-114,-979,-27,-27,-2,-71,78,484,39.0181021,-104.8936935,2173840,986,29,39.0180696,-104.8937033,2175220,15045,-960,-231,-6,195.38
03-59.729, 2026-04-01 14:44:42, 2026-04-08 16:57:54.190532, True      ,23,15.215,10.85,165.083,62,98,0.118,-0.28,-2.874,-0.035,-0.036,0.001,-312,-113,-931,-35,-36,0,-70,80,483,39.0180847,-104.893699,2173810,997,29,39.0180644,-104.893705,2175220,15047,-961,-230,-8,195.34
03-59.798, 2026-04-01 14:44:42, 2026-04-08 16:57:54.190532, True      ,22.75,15.215,10.85,165.083,62,98,0.115,-0.285,-2.875,-0.043,-0.056,-0.004,-282,-91,-944,-42,-56,-3,-68,78,484,39.0180847,-104.893699,2173810,997,29,39.0180575,-104.8937071,2175230,15052,-959,-230,-5,195.29
03-59.869, 2026-04-01 14:44:43, 2026-04-08 16:57:54.290922, True      ,22.75,15.215,10.85,165.083,62,98,0.114,-0.289,-2.876,-0.009,-0.038,-0.014,-266,-119,-952,-8,-38,-13,-68,78,484,39.0180847,-104.893699,2173810,997,29,39.0180517,-104.893709,2175230,15056,-961,-231,-4,195.22
03-59.940, 2026-04-01 14:44:43, 2026-04-08 16:57:54.392914, True      ,22.75,15.179,11.59,175.925,62,98,0.111,-0.288,-2.877,-0.045,-0.017,-0.009,-289,-176,-954,-45,-17,-9,-65,76,484,39.0180672,-104.8937043,2173780,993,29,39.0180456,-104.8937109,2175230,15055,-962,-232,-6,195.18
04-00.012, 2026-04-01 14:44:43, 2026-04-08 16:57:54.392914, True      ,22.75,15.179,11.59,175.925,62,98,0.106,-0.288,-2.876,-0.093,0.023,0.019,-298,-129,-988,-92,22,18,-64,74,485,39.0180672,-104.8937043,2173780,993,29,39.0180402,-104.8937126,2175230,15057,-963,-231,-9,195.21
04-00.085, 2026-04-01 14:44:43, 2026-04-08 16:57:54.490939, True      ,22.75,15.179,11.59,175.925,62,98,0.106,-0.281,-2.876,0.056,0.085,-0.008,-277,-126,-986,55,84,-8,-66,72,486,39.0180498,-104.8937098,2173760,990,29,39.0180334,-104.8937147,2175240,15060,-963,-229,-9,195.24
04-00.151, 2026-04-01 14:44:43, 2026-04-08 16:57:54.590477, True      ,22.75,15.299,9.55,146.105,63,98,0.11,-0.278,-2.876,0.053,0.01,-0.012,-270,-141,-954,53,9,-12,-66,72,486,39.0180498,-104.8937098,2173760,990,29,39.0180262,-104.8937169,2175240,15062,-965,-229,-9,195.21
04-00.236, 2026-04-01 14:44:43, 2026-04-08 16:57:54.690975, True      ,22.75,15.299,9.55,146.105,63,98,0.111,-0.278,-2.877,0.023,0.013,-0.024,-284,-103,-957,23,12,-23,-71,74,485,39.0180498,-104.8937098,2173760,990,29,39.0180227,-104.893718,2175240,15063,-966,-229,-9,195.14
04-00.311, 2026-04-01 14:44:43, 2026-04-08 16:57:54.690975, True      ,22.75,15.299,9.55,146.105,63,98,0.118,-0.278,-2.882,0.116,-0.067,-0.051,-262,-107,-899,116,-67,-50,-71,75,484,39.0180324,-104.8937151,2173760,996,29,39.0180131,-104.8937209,2175240,15066,-966,-225,-7,194.84
04-00.374, 2026-04-01 14:44:43, 2026-04-08 16:57:54.790507, True      ,22.75,15.206,10.31,156.774,63,98,0.121,-0.283,-2.885,0.002,-0.042,-0.039,-315,-171,-911,1,-42,-39,-69,78,483,39.0180324,-104.8937151,2173760,996,29,39.0180072,-104.8937227,2175240,15061,-966,-227,-4,194.66
04-00.447, 2026-04-01 14:44:43, 2026-04-08 16:57:54.892923, True      ,22.75,15.206,10.31,156.774,63,98,0.121,-0.283,-2.886,-0.003,0.004,-0.039,-293,-120,-934,-2,3,-39,-69,78,483,39.0180324,-104.8937151,2173760,996,29,39.0180052,-104.8937233,2175240,15060,-965,-225,-4,194.61
04-00.515, 2026-04-01 14:44:43, 2026-04-08 16:57:54.892923, True      ,22.75,15.206,10.31,156.774,63,98,0.129,-0.28,-2.891,0.061,0.027,-0.03,-307,-141,-956,60,26,-30,-66,79,483,39.0180149,-104.8937205,2173730,999,29,39.0179949,-104.8937264,2175230,15052,-967,-225,-4,194.38
04-00.582, 2026-04-01 14:44:43, 2026-04-08 16:57:54.892923, True      ,22.75,15.206,10.31,156.774,63,98,0.13,-0.275,-2.891,0.011,0.112,-0.012,-320,-112,-969,10,111,-12,-69,81,484,39.0180149,-104.8937205,2173730,999,29,39.0179888,-104.8937283,2175220,15045,-969,-228,-5,194.37
04-00.650, 2026-04-01 14:44:43, 2026-04-08 16:57:55.090514, True      ,22.75,15.206,10.31,156.774,63,98,0.132,-0.271,-2.891,0.032,0.047,-0.001,-276,-160,-990,31,46,-1,-69,81,484,39.0180149,-104.8937205,2173730,999,29,39.0179833,-104.8937299,2175220,15044,-967,-228,-7,194.41
04-00.718, 2026-04-01 14:44:43, 2026-04-08 16:57:55.090514, True      ,22.75,15.206,10.31,156.774,63,98,0.131,-0.267,-2.889,-0.011,0.049,0.011,-326,-135,-954,-10,48,10,-73,82,482,39.0179974,-104.8937258,2173710,996,29,39.0179774,-104.8937317,2175220,15045,-965,-228,-7,194.47
04-00.828, 2026-04-01 14:44:44, 2026-04-08 16:57:55.290974, True      ,22.75,15.206,10.31,156.774,63,98,0.131,-0.263,-2.888,0.004,0.08,-0.001,-304,-98,-980,3,79,0,-77,83,483,39.0179974,-104.8937258,2173710,996,29,39.0179713,-104.8937336,2175220,15046,-966,-230,-11,194.52
04-00.897, 2026-04-01 14:44:44, 2026-04-08 16:57:55.290974, True      ,22.75,15.206,10.31,156.774,63,98,0.132,-0.253,-2.89,0.027,0.055,-0.061,-330,-103,-964,26,54,-60,-82,83,483,39.0179799,-104.8937311,2173710,994,29,39.0179615,-104.8937366,2175230,15057,-963,-235,-14,194.36
04-00.965, 2026-04-01 14:44:44, 2026-04-08 16:57:55.392935, True      ,22.75,15.423,8.39,129.399,65,98,0.133,-0.251,-2.897,-0.038,0.007,-0.1,-257,-112,-964,-37,6,-100,-82,83,483,39.0179799,-104.8937311,2173710,994,29,39.0179557,-104.8937385,2175240,15064,-962,-237,-16,193.99
04-01.037, 2026-04-01 14:44:44, 2026-04-08 16:57:55.490918, True      ,23,15.423,8.39,129.399,65,98,0.133,-0.251,-2.9,-0.014,-0.027,-0.107,-291,-101,-954,-13,-27,-106,-86,83,483,39.0179799,-104.8937311,2173710,994,29,39.0179529,-104.8937394,2175240,15067,-961,-238,-14,193.77
04-01.110, 2026-04-01 14:44:44, 2026-04-08 16:57:55.490918, True      ,22.75,15.423,8.39,129.399,65,98,0.128,-0.257,-2.915,-0.105,-0.097,-0.13,-240,-112,-969,-105,-97,-130,-85,81,484,39.0179625,-104.8937364,2173710,992,29,39.0179433,-104.8937425,2175250,15076,-959,-239,-14,192.88
04-01.175, 2026-04-01 14:44:44, 2026-04-08 16:57:55.590481, True      ,22.75,15.375,8.49,130.534,66,97,0.122,-0.271,-2.926,-0.153,-0.238,-0.112,-303,-81,-873,-153,-238,-112,-80,73,485,39.0179625,-104.8937364,2173710,992,29,39.0179375,-104.8937443,2175250,15079,-957,-240,-9,192.26
04-01.258, 2026-04-01 14:44:44, 2026-04-08 16:57:55.690989, True      ,22.75,15.375,8.49,130.534,66,97,0.12,-0.275,-2.929,-0.136,-0.194,-0.087,-317,-124,-876,-135,-194,-87,-80,73,485,39.0179625,-104.8937364,2173710,992,29,39.0179355,-104.893745,2175260,15080,-957,-241,-9,192.13
04-01.336, 2026-04-01 14:44:44, 2026-04-08 16:57:55.790559, True      ,22.75,15.322,10.18,155.978,66,97,0.11,-0.283,-2.938,-0.056,-0.05,-0.051,-328,-179,-939,-56,-50,-51,-71,66,486,39.0179451,-104.8937419,2173690,992,29,39.0179245,-104.8937486,2175250,15078,-955,-239,-8,191.62
04-01.403, 2026-04-01 14:44:44, 2026-04-08 16:57:55.790559, True      ,22.75,15.322,10.18,155.978,66,97,0.104,-0.284,-2.941,-0.061,-0.011,-0.035,-316,-151,-962,-60,-11,-35,-70,62,487,39.0179451,-104.8937419,2173690,992,29,39.0179182,-104.8937506,2175250,15077,-957,-235,-9,191.44
04-01.471, 2026-04-01 14:44:44, 2026-04-08 16:57:55.892920, True      ,23,15.322,10.18,155.978,66,97,0.105,-0.284,-2.944,-0.007,-0.003,-0.031,-298,-157,-966,-6,-3,-30,-70,62,487,39.0179451,-104.8937419,2173690,992,29,39.0179123,-104.8937524,2175250,15079,-956,-234,-10,191.31
04-01.539, 2026-04-01 14:44:44, 2026-04-08 16:57:55.990576, True      ,23,15.375,8.97,137.914,67,97,0.109,-0.284,-2.947,0.068,0.007,-0.044,-296,-186,-959,67,6,-43,-69,60,488,39.0179278,-104.8937475,2173660,990,29,39.0179063,-104.8937543,2175250,15076,-956,-233,-8,191.13
04-01.613, 2026-04-01 14:44:44, 2026-04-08 16:57:55.990576, True      ,22.75,15.375,8.97,137.914,67,97,0.116,-0.283,-2.949,0.064,0.029,-0.032,-304,-163,-962,63,28,-32,-71,61,489,39.0179278,-104.8937475,2173660,990,29,39.0179008,-104.893756,2175250,15077,-958,-231,-9,191.02
04-01.681, 2026-04-01 14:44:44, 2026-04-08 16:57:56.090478, True      ,22.75,15.375,8.97,137.914,67,97,0.118,-0.285,-2.95,-0.013,-0.069,0.006,-304,-95,-921,-12,-69,5,-70,64,487,39.0179278,-104.8937475,2173660,990,29,39.0178942,-104.8937581,2175250,15079,-959,-230,-9,190.97
04-01.747, 2026-04-01 14:44:44, 2026-04-08 16:57:56.190515, True      ,23,15.354,9.3,142.792,67,97,0.122,-0.288,-2.95,0.106,-0.012,-0.005,-282,-130,-921,106,-12,-5,-70,64,487,39.0179105,-104.893753,2173640,986,29,39.0178879,-104.8937601,2175250,15077,-959,-231,-7,190.97
04-01.822, 2026-04-01 14:44:44, 2026-04-08 16:57:56.190515, True      ,22.75,15.354,9.3,142.792,67,97,0.124,-0.288,-2.951,0.027,-0.046,-0.017,-292,-176,-927,27,-46,-17,-69,66,488,39.0179105,-104.893753,2173640,986,29,39.0178836,-104.8937614,2175250,15076,-960,-231,-5,190.9
04-01.890, 2026-04-01 14:44:45, 2026-04-08 16:57:56.190515, True      ,22.75,15.354,9.3,142.792,67,97,0.122,-0.296,-2.952,-0.087,-0.096,0.012,-308,-163,-913,-86,-96,12,-63,66,487,39.0178932,-104.8937584,2173630,994,29,39.017876,-104.8937637,2175250,15071,-961,-226,-3,190.84
04-01.956, 2026-04-01 14:44:45, 2026-04-08 16:57:56.392910, True      ,22.75,15.185,11.71,177.816,68,97,0.121,-0.3,-2.952,0.042,-0.009,0.006,-296,-141,-949,41,-9,5,-63,66,487,39.0178932,-104.8937584,2173630,994,29,39.0178697,-104.8937657,2175240,15064,-963,-227,-2,190.87
04-02.026, 2026-04-01 14:44:45, 2026-04-08 16:57:56.392910, True      ,22.75,15.185,11.71,177.816,68,97,0.123,-0.297,-2.951,0.058,0.081,0.015,-319,-119,-955,58,80,14,-60,64,488,39.0178932,-104.8937584,2173630,994,29,39.0178662,-104.8937667,2175230,15059,-965,-225,-2,190.93
04-02.100, 2026-04-01 14:44:45, 2026-04-08 16:57:56.392910, True      ,22.75,15.185,11.71,177.816,68,97,0.126,-0.287,-2.946,0.01,0.095,0.049,-289,-126,-985,9,94,48,-63,67,487,39.0178757,-104.8937638,2173620,997,29,39.0178575,-104.8937693,2175220,15049,-969,-226,-4,191.27
04-02.165, 2026-04-01 14:44:45, 2026-04-08 16:57:56.590519, True      ,22.75,15.285,10.29,157.283,68,97,0.124,-0.281,-2.941,0.038,0.089,0.053,-276,-137,-974,37,88,53,-63,67,487,39.0178757,-104.8937638,2173620,997,29,39.0178515,-104.8937711,2175220,15044,-971,-227,-6,191.52
04-02.247, 2026-04-01 14:44:45, 2026-04-08 16:57:56.690934, True      ,22.75,15.285,10.29,157.283,68,97,0.125,-0.28,-2.939,0.061,0.06,0.05,-268,-154,-974,61,59,49,-70,68,487,39.0178757,-104.8937638,2173620,997,29,39.0178486,-104.893772,2175220,15041,-970,-228,-7,191.65
04-02.318, 2026-04-01 14:44:45, 2026-04-08 16:57:56.690934, True      ,22.75,15.285,10.29,157.283,68,97,0.13,-0.272,-2.931,0.04,0.004,0.065,-266,-136,-953,40,3,64,-72,72,485,39.0178581,-104.893769,2173600,1003,29,39.0178382,-104.8937751,2175210,15033,-972,-227,-7,192.11
04-02.395, 2026-04-01 14:44:45, 2026-04-08 16:57:56.690934, True      ,22.75,15.285,10.29,157.283,68,97,0.132,-0.275,-2.926,0.035,-0.011,0.08,-275,-122,-925,34,-11,80,-74,74,484,39.0178581,-104.893769,2173600,1003,29,39.0178321,-104.8937769,2175200,15022,-969,-226,-5,192.41
04-02.487, 2026-04-01 14:44:45, 2026-04-08 16:57:56.892885, True      ,22.75,15.285,10.29,157.283,68,97,0.134,-0.272,-2.919,0.057,0.086,0.091,-265,-143,-945,56,85,90,-74,74,484,39.0178581,-104.893769,2173600,1003,29,39.0178257,-104.8937788,2175190,15015,-971,-227,-5,192.83
04-02.556, 2026-04-01 14:44:45, 2026-04-08 16:57:56.990548, True      ,22.75,15.166,12.2,185.025,70,97,0.133,-0.265,-2.907,0.012,0.074,0.104,-316,-130,-997,12,73,103,-72,77,483,39.0178406,-104.8937744,2173600,999,29,39.0178169,-104.8937815,2175180,15003,-968,-228,-7,193.47
04-02.636, 2026-04-01 14:44:45, 2026-04-08 16:57:57.090541, True      ,22.75,15.166,12.2,185.025,70,97,0.133,-0.262,-2.904,0,0.112,0.081,-311,-142,-1017,0,111,80,-76,79,483,39.0178406,-104.8937744,2173600,999,29,39.0178134,-104.8937826,2175170,14999,-967,-226,-10,193.7
04-02.708, 2026-04-01 14:44:45, 2026-04-08 16:57:57.090541, True      ,22.75,15.166,12.2,185.025,70,97,0.125,-0.263,-2.896,0.016,-0.082,0.05,-312,-152,-943,16,-82,50,-79,80,482,39.0178231,-104.8937796,2173600,996,29,39.0178038,-104.8937855,2175180,15001,-964,-226,-11,194.1
04-02.772, 2026-04-01 14:44:45, 2026-04-08 16:57:57.190526, True      ,22.75,15.222,10.2,155.264,70,97,0.127,-0.271,-2.895,0.034,-0.132,0.014,-304,-146,-871,34,-132,13,-76,79,482,39.0178231,-104.8937796,2173600,996,29,39.0177979,-104.8937873,2175180,15003,-964,-227,-9,194.11
04-02.850, 2026-04-01 14:44:46, 2026-04-08 16:57:57.290949, True      ,22.75,15.222,10.2,155.264,70,97,0.128,-0.274,-2.896,0.033,-0.14,0.002,-288,-139,-921,32,-140,1,-76,79,482,39.0178231,-104.8937796,2173600,996,29,39.0177959,-104.8937879,2175180,15004,-964,-223,-8,194.06
04-02.931, 2026-04-01 14:44:46, 2026-04-08 16:57:57.392817, True      ,23,15.051,13.93,209.66,71,97,0.135,-0.285,-2.9,0.049,0,-0.04,-341,-154,-937,49,0,-40,-68,81,481,39.0178056,-104.8937849,2173600,994,29,39.0177857,-104.8937909,2175180,15008,-962,-224,-7,193.82
04-03.003, 2026-04-01 14:44:46, 2026-04-08 16:57:57.392817, True      ,22.75,15.051,13.93,209.66,71,97,0.142,-0.282,-2.903,0.085,0.04,-0.045,-318,-169,-950,85,39,-45,-67,84,482,39.0178056,-104.8937849,2173600,994,29,39.0177786,-104.8937931,2175190,15013,-961,-225,-8,193.64
04-03.076, 2026-04-01 14:44:46, 2026-04-08 16:57:57.490991, True      ,22.75,15.051,13.93,209.66,71,97,0.141,-0.283,-2.906,-0.082,-0.029,-0.039,-287,-173,-1000,-81,-28,-39,-67,84,482,39.0178056,-104.8937849,2173600,994,29,39.0177728,-104.8937948,2175200,15020,-964,-223,-13,193.46
04-03.146, 2026-04-01 14:44:46, 2026-04-08 16:57:57.590529, True      ,22.75,15.166,11.03,167.281,72,97,0.134,-0.285,-2.91,-0.133,-0.058,-0.038,-272,-179,-992,-133,-58,-38,-67,85,481,39.0177882,-104.8937902,2173610,988,29,39.0177655,-104.893797,2175200,15027,-965,-224,-15,193.21
04-03.221, 2026-04-01 14:44:46, 2026-04-08 16:57:57.590529, True      ,22.75,15.166,11.03,167.281,72,97,0.131,-0.287,-2.913,-0.064,-0.03,-0.049,-312,-142,-957,-63,-30,-49,-67,80,483,39.0177882,-104.8937902,2173610,988,29,39.0177612,-104.8937983,2175210,15033,-968,-224,-15,193.04
04-03.293, 2026-04-01 14:44:46, 2026-04-08 16:57:57.590529, True      ,22.75,15.166,11.03,167.281,72,97,0.139,-0.278,-2.919,0.162,0.121,-0.09,-267,-182,-959,162,120,-90,-68,78,485,39.0177708,-104.8937954,2173610,997,29,39.0177535,-104.8938006,2175220,15045,-969,-223,-17,192.69
04-03.362, 2026-04-01 14:44:46, 2026-04-08 16:57:57.790507, True      ,23,15.259,10.7,163.271,72,97,0.151,-0.273,-2.924,0.088,0.035,-0.065,-263,-149,-927,87,34,-64,-68,78,485,39.0177708,-104.8937954,2173610,997,29,39.0177471,-104.8938025,2175230,15054,-971,-224,-16,192.43
04-03.441, 2026-04-01 14:44:46, 2026-04-08 16:57:57.892934, True      ,22.75,15.259,10.7,163.271,72,97,0.152,-0.272,-2.926,0.037,-0.003,-0.058,-290,-177,-909,36,-3,-57,-74,84,483,39.0177708,-104.8937954,2173610,997,29,39.0177436,-104.8938035,2175230,15058,-971,-225,-15,192.3
04-03.519, 2026-04-01 14:44:46, 2026-04-08 16:57:57.892934, True      ,23,15.259,10.7,163.271,72,97,0.163,-0.272,-2.934,0.043,0,-0.066,-279,-142,-921,42,0,-66,-73,87,481,39.0177532,-104.8938006,2173630,1004,29,39.0177339,-104.8938064,2175240,15063,-972,-224,-12,191.85
04-03.592, 2026-04-01 14:44:46, 2026-04-08 16:57:57.892934, True      ,22.75,15.259,10.7,163.271,72,97,0.162,-0.268,-2.937,-0.013,0.085,-0.035,-292,-205,-983,-12,84,-35,-74,89,480,39.0177532,-104.8938006,2173630,1004,29,39.017727,-104.8938085,2175240,15061,-970,-226,-11,191.71
04-03.669, 2026-04-01 14:44:46, 2026-04-08 16:57:58.090955, True      ,22.75,15.259,10.7,163.271,72,97,0.159,-0.263,-2.939,-0.021,0.022,-0.015,-271,-209,-993,-21,21,-15,-74,89,480,39.0177532,-104.8938006,2173630,1004,29,39.0177207,-104.8938104,2175240,15063,-970,-226,-11,191.65
04-03.742, 2026-04-01 14:44:46, 2026-04-08 16:57:58.190502, True      ,23,15.251,10.5,160.136,74,97,0.163,-0.259,-2.938,0.054,0.038,0.001,-319,-150,-918,54,38,0,-77,88,480,39.0177356,-104.8938059,2173630,995,29,39.0177139,-104.8938125,2175230,15059,-969,-227,-14,191.68
04-03.818, 2026-04-01 14:44:46, 2026-04-08 16:57:58.190502, True      ,22.75,15.251,10.5,160.136,74,97,0.167,-0.261,-2.939,0.023,0,-0.011,-248,-172,-947,22,0,-10,-81,89,481,39.0177356,-104.8938059,2173630,995,29,39.0177083,-104.8938142,2175230,15058,-967,-226,-11,191.63
04-03.887, 2026-04-01 14:44:47, 2026-04-08 16:57:58.190502, True      ,22.75,15.251,10.5,160.136,74,97,0.166,-0.261,-2.94,0.041,-0.035,0.004,-290,-134,-945,41,-35,3,-80,90,480,39.0177182,-104.8938113,2173620,996,29,39.0177007,-104.8938165,2175230,15056,-968,-227,-11,191.56
04-03.954, 2026-04-01 14:44:47, 2026-04-08 16:57:58.390578, True      ,22.75,15.16,11.68,177.069,74,97,0.168,-0.262,-2.94,0.01,-0.001,0.012,-324,-189,-938,10,-1,12,-80,90,480,39.0177182,-104.8938113,2173620,996,29,39.0176944,-104.8938184,2175230,15056,-966,-228,-12,191.58
04-04.036, 2026-04-01 14:44:47, 2026-04-08 16:57:58.490885, True      ,22.75,15.16,11.68,177.069,74,97,0.169,-0.262,-2.939,-0.006,0.022,0.024,-299,-142,-962,-5,21,23,-79,90,480,39.0177182,-104.8938113,2173620,996,29,39.0176909,-104.8938195,2175230,15054,-967,-227,-11,191.65
04-04.128, 2026-04-01 14:44:47, 2026-04-08 16:57:58.590571, True      ,22.75,15.161,11.66,176.777,75,97,0.169,-0.262,-2.936,-0.003,0.005,0.039,-296,-113,-953,-2,4,38,-79,92,479,39.0177007,-104.8938166,2173620,994,29,39.0176813,-104.8938224,2175230,15054,-966,-228,-11,191.84
04-04.199, 2026-04-01 14:44:47, 2026-04-08 16:57:58.590571, True      ,22.75,15.161,11.66,176.777,75,97,0.168,-0.26,-2.931,0.01,0.022,0.051,-290,-189,-960,10,21,50,-79,92,480,39.0177007,-104.8938166,2173620,994,29,39.0176734,-104.8938249,2175220,15048,-962,-231,-13,192.11
04-04.269, 2026-04-01 14:44:47, 2026-04-08 16:57:58.690987, True      ,22.75,15.161,11.66,176.777,75,97,0.165,-0.26,-2.927,-0.057,0.036,0.045,-294,-192,-964,-56,35,44,-79,92,480,39.0177007,-104.8938166,2173620,994,29,39.0176676,-104.8938267,2175220,15049,-962,-231,-12,192.32
04-04.339, 2026-04-01 14:44:47, 2026-04-08 16:57:58.790527, True      ,22.75,15.239,10.6,161.533,76,97,0.16,-0.262,-2.923,-0.019,-0.042,0.056,-269,-157,-964,-19,-42,55,-79,92,479,39.0176833,-104.893822,2173630,991,29,39.0176614,-104.8938287,2175220,15048,-960,-232,-16,192.54
04-04.411, 2026-04-01 14:44:47, 2026-04-08 16:57:58.790527, True      ,22.75,15.239,10.6,161.533,76,97,0.161,-0.261,-2.92,0.025,0.058,0.051,-340,-166,-958,25,58,50,-80,91,481,39.0176833,-104.893822,2173630,991,29,39.017656,-104.8938304,2175230,15051,-960,-234,-16,192.74
04-04.481, 2026-04-01 14:44:47, 2026-04-08 16:57:58.892839, True      ,22.75,15.239,10.6,161.533,76,97,0.161,-0.26,-2.915,-0.023,-0.057,0.062,-277,-183,-976,-23,-57,61,-80,93,480,39.0176659,-104.8938274,2173650,989,29,39.0176494,-104.8938325,2175230,15058,-958,-233,-17,192.98
04-04.550, 2026-04-01 14:44:47, 2026-04-08 16:57:58.990505, True      ,22.75,15.219,9.53,145.037,76,97,0.153,-0.27,-2.913,-0.097,-0.173,0.049,-285,-193,-881,-96,-173,48,-80,93,480,39.0176659,-104.8938274,2173650,989,29,39.0176431,-104.8938345,2175240,15064,-957,-232,-16,193.12
04-04.630, 2026-04-01 14:44:47, 2026-04-08 16:57:59.090919, True      ,22.75,15.219,9.53,145.037,76,97,0.148,-0.278,-2.913,-0.082,-0.135,0,-283,-154,-900,-82,-135,0,-75,89,481,39.0176659,-104.8938274,2173650,989,29,39.0176388,-104.8938359,2175240,15067,-956,-230,-13,193.05
04-04.702, 2026-04-01 14:44:47, 2026-04-08 16:57:59.090919, True      ,22.75,15.219,9.53,145.037,76,97,0.154,-0.285,-2.92,0.055,-0.08,-0.065,-282,-169,-894,55,-80,-64,-68,87,482,39.0176486,-104.8938327,2173650,984,29,39.0176301,-104.8938386,2175250,15071,-957,-228,-11,192.67
04-04.769, 2026-04-01 14:44:47, 2026-04-08 16:57:59.190503, True      ,22.75,15.09,12.24,184.702,77,97,0.16,-0.29,-2.926,0.08,-0.084,-0.072,-289,-196,-910,80,-84,-72,-68,87,482,39.0176486,-104.8938327,2173650,984,29,39.0176243,-104.8938404,2175250,15071,-958,-226,-8,192.31
04-04.849, 2026-04-01 14:44:48, 2026-04-08 16:57:59.290943, True      ,22.75,15.09,12.24,184.702,77,97,0.162,-0.292,-2.928,0.072,-0.061,-0.071,-299,-184,-921,72,-61,-71,-65,88,481,39.0176486,-104.8938327,2173650,984,29,39.0176215,-104.8938412,2175250,15070,-956,-226,-7,192.17
04-04.917, 2026-04-01 14:44:48, 2026-04-08 16:57:59.290943, True      ,22.75,15.09,12.24,184.702,77,97,0.169,-0.296,-2.939,0.033,-0.039,-0.049,-277,-195,-924,33,-39,-49,-62,91,481,39.0176314,-104.893838,2173650,986,29,39.0176113,-104.8938443,2175250,15072,-960,-223,-7,191.6
04-04.986, 2026-04-01 14:44:48, 2026-04-08 16:57:59.290943, True      ,22.75,15.09,12.24,184.702,77,97,0.176,-0.291,-2.94,0.138,0.116,-0.017,-291,-235,-928,137,115,-17,-61,92,481,39.0176314,-104.893838,2173650,986,29,39.0176053,-104.8938461,2175250,15073,-960,-221,-6,191.55
04-05.052, 2026-04-01 14:44:48, 2026-04-08 16:57:59.490998, True      ,22.75,15.09,12.24,184.702,77,97,0.184,-0.286,-2.939,0.087,0.044,0.016,-304,-158,-968,87,43,15,-61,92,481,39.0176314,-104.893838,2173650,986,29,39.017599,-104.8938479,2175250,15075,-961,-220,-8,191.65
04-05.127, 2026-04-01 14:44:48, 2026-04-08 16:57:59.590493, True      ,22.75,15.127,12.46,188.482,78,97,0.186,-0.282,-2.936,0.03,0.055,0.023,-290,-159,-976,30,55,22,-65,98,479,39.0176141,-104.8938434,2173650,987,29,39.0175939,-104.8938495,2175250,15077,-961,-225,-9,191.77
04-05.194, 2026-04-01 14:44:48, 2026-04-08 16:57:59.590493, True      ,22.75,15.127,12.46,188.482,78,97,0.187,-0.28,-2.933,0.03,0.049,0.04,-303,-210,-949,29,48,39,-69,101,480,39.0176141,-104.8938434,2173650,987,29,39.0175868,-104.8938516,2175260,15083,-960,-226,-11,191.98
04-05.261, 2026-04-01 14:44:48, 2026-04-08 16:57:59.690897, True      ,22.75,15.127,12.46,188.482,78,97,0.186,-0.276,-2.93,-0.032,0.096,0.028,-313,-191,-992,-31,95,27,-69,101,480,39.0176141,-104.8938434,2173650,987,29,39.0175816,-104.8938532,2175270,15090,-961,-226,-14,192.18
04-05.330, 2026-04-01 14:44:48, 2026-04-08 16:57:59.790528, True      ,22.75,15.259,9.95,151.827,79,97,0.183,-0.275,-2.926,-0.009,-0.008,0.055,-262,-176,-1010,-8,-8,54,-70,102,478,39.0175967,-104.8938486,2173670,995,29,39.0175757,-104.893855,2175270,15097,-960,-226,-17,192.4
04-05.399, 2026-04-01 14:44:48, 2026-04-08 16:57:59.790528, True      ,22.75,15.259,9.95,151.827,79,97,0.184,-0.274,-2.922,0.018,0.05,0.047,-337,-152,-928,17,50,46,-73,102,480,39.0175967,-104.8938486,2173670,995,29,39.0175694,-104.8938569,2175280,15105,-961,-229,-16,192.64
04-05.466, 2026-04-01 14:44:48, 2026-04-08 16:57:59.891016, True      ,22.75,15.259,9.95,151.827,79,97,0.181,-0.272,-2.919,-0.058,-0.044,0.029,-287,-216,-929,-58,-44,28,-73,102,480,39.0175967,-104.8938486,2173670,995,29,39.0175635,-104.8938587,2175290,15111,-960,-230,-15,192.76
04-05.533, 2026-04-01 14:44:48, 2026-04-08 16:57:59.990553, True      ,22.75,15.152,10.85,164.399,79,97,0.181,-0.272,-2.918,0.027,0.044,-0.007,-289,-167,-921,26,44,-7,-74,103,478,39.0175793,-104.8938539,2173660,990,29,39.0175574,-104.8938607,2175290,15114,-958,-232,-13,192.81
04-05.604, 2026-04-01 14:44:48, 2026-04-08 16:57:59.990553, True      ,22.75,15.152,10.85,164.399,79,97,0.182,-0.27,-2.92,-0.028,0.052,-0.049,-304,-182,-914,-27,51,-49,-73,102,478,39.0175793,-104.8938539,2173660,990,29,39.017552,-104.8938624,2175290,15116,-957,-232,-10,192.7
04-05.682, 2026-04-01 14:44:48, 2026-04-08 16:58:00.090870, True      ,22.75,15.152,10.85,164.399,79,97,0.179,-0.265,-2.923,-0.031,0.08,-0.059,-289,-188,-931,-30,79,-58,-73,102,478,39.0175793,-104.8938539,2173660,990,29,39.0175462,-104.8938642,2175290,15117,-957,-233,-9,192.52
04-05.752, 2026-04-01 14:44:48, 2026-04-08 16:58:00.190544, True      ,22.75,15.155,11.88,180.041,80,97,0.181,-0.252,-2.927,-0.026,0.133,-0.076,-298,-222,-960,-26,132,-76,-74,101,476,39.0175619,-104.8938593,2173680,984,29,39.0175391,-104.8938665,2175290,15115,-955,-234,-10,192.29
04-05.829, 2026-04-01 14:44:49, 2026-04-08 16:58:00.290950, True      ,22.75,15.155,11.88,180.041,80,97,0.179,-0.248,-2.929,-0.071,0.042,-0.063,-289,-173,-912,-71,41,-63,-83,100,477,39.0175619,-104.8938593,2173680,984,29,39.0175348,-104.8938678,2175290,15116,-954,-231,-8,192.12
04-05.899, 2026-04-01 14:44:49, 2026-04-08 16:58:00.290950, True      ,22.75,15.155,11.88,180.041,80,97,0.178,-0.231,-2.931,0.083,0.211,-0.043,-306,-157,-941,82,211,-43,-87,97,476,39.0175447,-104.8938646,2173690,983,29,39.0175262,-104.8938706,2175290,15113,-951,-233,-6,192.04
04-05.967, 2026-04-01 14:44:49, 2026-04-08 16:58:00.390634, True      ,22.75,15.139,12.98,196.504,81,97,0.181,-0.211,-2.93,0.003,0.267,-0.019,-314,-169,-1004,2,266,-19,-87,97,476,39.0175447,-104.8938646,2173690,983,29,39.0175204,-104.8938724,2175290,15113,-946,-235,-8,192.15
04-06.043, 2026-04-01 14:44:49, 2026-04-08 16:58:00.490899, True      ,22.75,15.139,12.98,196.504,81,97,0.179,-0.203,-2.928,-0.062,0.287,0,-312,-147,-1024,-61,286,0,-100,99,474,39.0175447,-104.8938646,2173690,983,29,39.0175176,-104.8938733,2175290,15114,-946,-234,-11,192.26
04-06.113, 2026-04-01 14:44:49, 2026-04-08 16:58:00.490899, True      ,22.75,15.139,12.98,196.504,81,97,0.166,-0.176,-2.922,-0.086,0.218,-0.007,-320,-153,-996,-85,217,-7,-114,97,472,39.0175277,-104.8938701,2173710,971,29,39.0175083,-104.8938763,2175300,15124,-937,-235,-19,192.62
04-06.186, 2026-04-01 14:44:49, 2026-04-08 16:58:00.590654, True      ,22.75,15.396,8.01,123.322,81,97,0.166,-0.166,-2.921,0.031,0.1,-0.015,-286,-127,-913,31,99,-15,-126,94,472,39.0175277,-104.8938701,2173710,971,29,39.0175026,-104.8938782,2175300,15128,-930,-236,-16,192.64
04-06.270, 2026-04-01 14:44:49, 2026-04-08 16:58:00.690970, True      ,22.75,15.396,8.01,123.322,81,97,0.167,-0.166,-2.921,0.076,0.069,-0.015,-282,-127,-884,75,68,-14,-126,94,472,39.0175277,-104.8938701,2173710,971,29,39.0175007,-104.8938788,2175300,15129,-929,-236,-15,192.63
04-06.342, 2026-04-01 14:44:49, 2026-04-08 16:58:00.790553, True      ,22.75,15.017,12.73,191.166,82,97,0.162,-0.173,-2.921,-0.137,-0.052,0.01,-261,-186,-923,-137,-52,10,-126,96,469,39.0175108,-104.8938754,2173740,956,29,39.0174894,-104.8938825,2175300,15128,-915,-232,-5,192.63
04-06.411, 2026-04-01 14:44:49, 2026-04-08 16:58:00.790553, True      ,22.75,15.017,12.73,191.166,82,97,0.155,-0.174,-2.921,-0.141,-0.01,0.005,-286,-190,-931,-141,-10,5,-122,90,468,39.0175108,-104.8938754,2173740,956,29,39.0174843,-104.8938842,2175300,15125,-911,-229,-4,192.65
04-06.480, 2026-04-01 14:44:49, 2026-04-08 16:58:00.892865, True      ,22.75,15.017,12.73,191.166,82,97,0.142,-0.168,-2.919,-0.158,0.108,0.015,-268,-214,-982,-157,107,15,-122,85,469,39.0174943,-104.8938808,2173740,937,29,39.017478,-104.8938863,2175300,15120,-904,-229,-6,192.75
04-06.545, 2026-04-01 14:44:49, 2026-04-08 16:58:00.990549, True      ,22.75,15.18,11.11,168.65,82,97,0.13,-0.162,-2.917,-0.206,0.082,0.025,-279,-133,-1006,-206,81,24,-122,85,469,39.0174943,-104.8938808,2173740,937,29,39.0174722,-104.8938882,2175290,15112,-899,-226,-8,192.88
04-06.616, 2026-04-01 14:44:49, 2026-04-08 16:58:00.990549, True      ,22.75,15.18,11.11,168.65,82,97,0.12,-0.158,-2.915,-0.192,0.096,0.037,-239,-150,-1013,-192,95,37,-128,76,471,39.0174943,-104.8938808,2173740,937,29,39.0174681,-104.8938895,2175280,15109,-894,-224,-8,193.01
04-06.682, 2026-04-01 14:44:49, 2026-04-08 16:58:00.990549, True      ,22.75,15.18,11.11,168.65,82,97,0.111,-0.144,-2.911,-0.049,0.19,0.016,-260,-148,-1027,-48,189,15,-133,70,471,39.0174943,-104.8938808,2173740,937,29,39.0174612,-104.8938917,2175280,15106,-887,-222,-12,193.26
04-06.755, 2026-04-01 14:44:49, 2026-04-08 16:58:01.190491, True      ,22.75,15.353,9.04,138.791,83,97,0.105,-0.132,-2.908,-0.094,0.183,0.028,-262,-143,-1022,-93,182,27,-133,70,471,39.0174781,-104.8938861,2173730,929,29,39.0174563,-104.8938933,2175280,15104,-882,-220,-18,193.41
04-06.826, 2026-04-01 14:44:50, 2026-04-08 16:58:01.190491, True      ,22.75,15.353,9.04,138.791,83,97,0.101,-0.126,-2.907,-0.059,0.068,0.014,-274,-168,-971,-59,67,13,-143,68,470,39.0174781,-104.8938861,2173730,929,29,39.0174524,-104.8938946,2175280,15104,-878,-217,-18,193.47
04-06.892, 2026-04-01 14:44:50, 2026-04-08 16:58:01.190491, True      ,22.75,15.353,9.04,138.791,83,97,0.089,-0.127,-2.908,-0.15,-0.068,-0.024,-257,-153,-934,-149,-68,-23,-147,63,469,39.0174621,-104.8938913,2173750,904,29,39.0174446,-104.893897,2175280,15100,-866,-211,-17,193.37
04-06.960, 2026-04-01 14:44:50, 2026-04-08 16:58:01.392880, True      ,22.75,15.28,8.58,131.102,83,97,0.082,-0.133,-2.91,-0.106,-0.113,-0.032,-255,-142,-928,-106,-113,-32,-147,63,469,39.0174621,-104.8938913,2173750,904,29,39.01744,-104.8938985,2175280,15100,-861,-205,-14,193.21
04-07.039, 2026-04-01 14:44:50, 2026-04-08 16:58:01.490901, True      ,22.75,15.28,8.58,131.102,83,97,0.079,-0.136,-2.913,-0.067,-0.098,-0.051,-261,-162,-945,-67,-98,-51,-144,56,469,39.0174621,-104.8938913,2173750,904,29,39.0174369,-104.8938994,2175270,15096,-856,-202,-13,193.09
04-07.110, 2026-04-01 14:44:50, 2026-04-08 16:58:01.490901, True      ,22.75,15.28,8.58,131.102,83,97,0.076,-0.139,-2.92,-0.084,-0.017,-0.074,-243,-165,-968,-84,-17,-74,-139,52,471,39.0174464,-104.8938961,2173780,882,29,39.0174286,-104.8939018,2175270,15090,-847,-192,-12,192.63
04-07.175, 2026-04-01 14:44:50, 2026-04-08 16:58:01.590477, True      ,22.75,15.217,9.71,147.757,84,97,0.068,-0.14,-2.926,-0.159,-0.011,-0.085,-207,-136,-954,-158,-11,-85,-139,48,472,39.0174464,-104.8938961,2173780,882,29,39.0174235,-104.8939033,2175260,15081,-844,-187,-12,192.31
04-07.263, 2026-04-01 14:44:50, 2026-04-08 16:58:01.690930, True      ,22.75,15.217,9.71,147.757,84,97,0.065,-0.139,-2.928,-0.124,0.003,-0.091,-231,-162,-960,-123,2,-91,-139,48,472,39.0174464,-104.8938961,2173780,882,29,39.0174218,-104.8939037,2175250,15078,-841,-186,-10,192.19
04-07.335, 2026-04-01 14:44:50, 2026-04-08 16:58:01.790552, True      ,22.75,15.243,10.23,155.936,85,97,0.059,-0.129,-2.942,-0.131,0.141,-0.12,-232,-186,-1045,-130,140,-120,-140,41,472,39.017431,-104.8939006,2173800,873,29,39.0174122,-104.8939063,2175240,15063,-832,-176,-12,191.39
04-07.408, 2026-04-01 14:44:50, 2026-04-08 16:58:01.790552, True      ,23,15.243,10.23,155.936,85,97,0.054,-0.114,-2.949,-0.056,0.215,-0.108,-236,-112,-1043,-55,214,-108,-147,37,471,39.017431,-104.8939006,2173800,873,29,39.0174068,-104.8939077,2175230,15058,-830,-167,-18,190.99
04-07.480, 2026-04-01 14:44:50, 2026-04-08 16:58:01.891060, True      ,22.75,15.243,10.23,155.936,85,97,0.058,-0.097,-2.955,0.049,0.177,-0.093,-230,-135,-999,48,176,-93,-157,34,470,39.0174158,-104.8939046,2173830,849,29,39.0174009,-104.8939092,2175230,15055,-822,-161,-20,190.62
04-07.549, 2026-04-01 14:44:50, 2026-04-08 16:58:01.990529, True      ,22.75,15.422,7.37,113.66,85,97,0.053,-0.086,-2.961,-0.086,0.136,-0.083,-218,-165,-989,-85,135,-83,-157,34,470,39.0174158,-104.8939046,2173830,849,29,39.0173958,-104.8939103,2175230,15051,-815,-153,-22,190.33
04-07.625, 2026-04-01 14:44:50, 2026-04-08 16:58:01.990529, True      ,22.75,15.422,7.37,113.66,85,97,0.049,-0.082,-2.964,-0.105,0.06,-0.059,-224,-126,-972,-104,59,-59,-166,32,466,39.0174158,-104.8939046,2173830,849,29,39.0173921,-104.8939112,2175230,15050,-810,-151,-22,190.16
04-07.695, 2026-04-01 14:44:50, 2026-04-08 16:58:01.990529, True      ,22.75,15.422,7.37,113.66,85,97,0.037,-0.083,-2.971,-0.116,-0.029,-0.079,-208,-158,-976,-115,-29,-79,-168,26,465,39.0174009,-104.8939084,2173860,831,29,39.0173849,-104.8939127,2175220,15042,-800,-139,-20,189.74
04-07.764, 2026-04-01 14:44:50, 2026-04-08 16:58:02.190544, True      ,22.75,15.329,8.13,124.625,85,97,0.033,-0.08,-2.976,-0.094,0.063,-0.096,-233,-160,-1013,-93,62,-96,-168,26,465,39.0174009,-104.8939084,2173860,831,29,39.0173806,-104.8939136,2175210,15039,-794,-133,-21,189.42
04-07.848, 2026-04-01 14:44:51, 2026-04-08 16:58:02.290966, True      ,22.75,15.329,8.13,124.625,85,97,0.03,-0.078,-2.98,-0.041,0.052,-0.115,-236,-124,-1000,-40,51,-115,-168,19,465,39.0174009,-104.8939084,2173860,831,29,39.0173778,-104.8939142,2175210,15033,-791,-126,-22,189.16
04-07.920, 2026-04-01 14:44:51, 2026-04-08 16:58:02.290966, True      ,22.75,15.329,8.13,124.625,85,97,0.025,-0.078,-3.001,-0.043,-0.04,-0.194,-219,-147,-985,-42,-40,-194,-170,14,466,39.0173863,-104.8939117,2173900,811,29,39.0173695,-104.8939157,2175200,15025,-778,-114,-23,187.98
04-07.994, 2026-04-01 14:44:51, 2026-04-08 16:58:02.290966, True      ,22.75,15.329,8.13,124.625,85,97,0.029,-0.081,-3.015,0.05,-0.076,-0.21,-185,-153,-1012,50,-76,-210,-171,9,467,39.0173863,-104.8939117,2173900,811,29,39.0173646,-104.8939166,2175190,15018,-773,-106,-26,187.13
04-08.070, 2026-04-01 14:44:51, 2026-04-08 16:58:02.490952, True      ,23,15.329,8.13,124.625,85,97,0.024,-0.095,-3.032,-0.16,-0.261,-0.225,-222,-153,-969,-160,-261,-224,-171,9,467,39.0173863,-104.8939117,2173900,811,29,39.0173596,-104.8939174,2175190,15016,-768,-98,-23,186.16
04-08.137, 2026-04-01 14:44:51, 2026-04-08 16:58:02.590540, True      ,22.75,15.318,8,122.544,86,97,0.013,-0.111,-3.051,-0.13,-0.151,-0.243,-172,-143,-906,-129,-151,-242,-165,4,467,39.0173719,-104.8939145,2173940,794,29,39.0173542,-104.8939181,2175180,15005,-766,-88,-20,185.05
04-08.204, 2026-04-01 14:44:51, 2026-04-08 16:58:02.590540, True      ,22.75,15.318,8,122.544,86,97,0.009,-0.115,-3.066,-0.114,-0.054,-0.258,-170,-139,-981,-113,-54,-258,-155,-6,470,39.0173719,-104.8939145,2173940,794,29,39.0173499,-104.8939187,2175170,14996,-762,-80,-17,184.12
04-08.272, 2026-04-01 14:44:51, 2026-04-08 16:58:02.690858, True      ,23,15.318,8,122.544,86,97,0.003,-0.113,-3.086,-0.08,0.04,-0.264,-184,-165,-1007,-79,39,-263,-155,-6,470,39.0173719,-104.8939145,2173940,794,29,39.0173453,-104.8939192,2175160,14985,-760,-72,-19,183.1
04-08.349, 2026-04-01 14:44:51, 2026-04-08 16:58:02.790537, True      ,22.75,15.344,9.32,143.006,87,97,0,-0.106,-3.102,-0.012,0.109,-0.235,-196,-136,-1053,-12,108,-235,-151,-16,471,39.0173579,-104.8939168,2173980,776,29,39.0173405,-104.8939197,2175150,14970,-754,-63,-20,182.17
04-08.420, 2026-04-01 14:44:51, 2026-04-08 16:58:02.790537, True      ,22.75,15.344,9.32,143.006,87,97,0.001,-0.104,-3.114,0.03,-0.044,-0.198,-156,-161,-1039,30,-44,-198,-156,-22,471,39.0173579,-104.8939168,2173980,776,29,39.0173363,-104.8939201,2175140,14961,-752,-56,-21,181.45
04-08.488, 2026-04-01 14:44:51, 2026-04-08 16:58:02.790537, True      ,22.75,15.344,9.32,143.006,87,97,-0.012,-0.117,-3.129,-0.282,-0.149,-0.142,-178,-146,-961,-282,-149,-142,-153,-28,470,39.0173441,-104.8939185,2174030,766,29,39.0173303,-104.8939205,2175130,14950,-748,-43,-22,180.68
04-08.553, 2026-04-01 14:44:51, 2026-04-08 16:58:02.990535, True      ,22.75,15.248,9.38,143.026,87,97,-0.022,-0.121,-3.139,-0.082,0,-0.148,-159,-115,-999,-81,0,-148,-153,-28,470,39.0173441,-104.8939185,2174030,766,29,39.0173254,-104.8939207,2175120,14948,-747,-34,-23,180.07
04-08.627, 2026-04-01 14:44:51, 2026-04-08 16:58:03.090522, True      ,22.75,15.248,9.38,143.026,87,97,-0.019,-0.119,3.138,0.064,0.045,-0.164,-162,-134,-1013,64,44,-164,-149,-41,471,39.0173441,-104.8939185,2174030,766,29,39.0173227,-104.8939208,2175120,14943,-745,-28,-23,179.69
04-08.693, 2026-04-01 14:44:51, 2026-04-08 16:58:03.090522, True      ,22.75,15.248,9.38,143.026,87,97,-0.024,-0.122,3.124,-0.062,-0.064,-0.126,-150,-176,-1008,-61,-64,-126,-148,-44,470,39.0173304,-104.8939196,2174080,756,29,39.017316,-104.893921,2175110,14939,-743,-14,-24,178.89
04-08.758, 2026-04-01 14:44:51, 2026-04-08 16:58:03.190531, True      ,22.75,15.281,8.6,131.417,88,97,-0.028,-0.129,3.117,-0.095,-0.142,-0.113,-182,-157,-976,-95,-142,-113,-148,-44,470,39.0173304,-104.8939196,2174080,756,29,39.017312,-104.893921,2175120,14940,-740,-5,-24,178.5
04-08.837, 2026-04-01 14:44:52, 2026-04-08 16:58:03.290893, True      ,22.75,15.281,8.6,131.417,88,97,-0.031,-0.134,3.113,-0.124,-0.128,-0.112,-181,-160,-1000,-123,-128,-112,-144,-49,471,39.0173304,-104.8939196,2174080,756,29,39.0173093,-104.893921,2175110,14936,-741,1,-23,178.23
04-08.913, 2026-04-01 14:44:52, 2026-04-08 16:58:03.290893, True      ,22.75,15.281,8.6,131.417,88,97,-0.034,-0.141,3.098,-0.028,-0.014,-0.139,-182,-161,-979,-27,-14,-139,-136,-56,471,39.0173167,-104.8939202,2174120,755,29,39.017302,-104.8939208,2175120,14942,-739,19,-22,177.4
04-08.982, 2026-04-01 14:44:52, 2026-04-08 16:58:03.392833, True      ,23,15.187,10.1,153.389,88,97,-0.033,-0.141,3.089,-0.021,0.028,-0.137,-161,-130,-1010,-21,27,-137,-135,-60,472,39.0173167,-104.8939202,2174120,755,29,39.0172971,-104.8939205,2175120,14945,-737,31,-23,176.85
04-09.062, 2026-04-01 14:44:52, 2026-04-08 16:58:03.490906, True      ,22.75,15.187,10.1,153.389,88,97,-0.032,-0.141,3.086,0.022,0.031,-0.139,-152,-130,-1003,22,30,-139,-135,-60,472,39.0173167,-104.8939202,2174120,755,29,39.0172959,-104.8939204,2175120,14946,-736,35,-24,176.72
04-09.135, 2026-04-01 14:44:52, 2026-04-08 16:58:03.590486, True      ,22.75,15.272,9.2,140.502,89,97,-0.029,-0.129,3.072,0.051,0.092,-0.098,-184,-166,-1006,51,91,-98,-136,-61,471,39.0173032,-104.8939201,2174180,748,29,39.0172874,-104.8939196,2175140,14961,-734,54,-26,175.96
04-09.210, 2026-04-01 14:44:52, 2026-04-08 16:58:03.590486, True      ,22.75,15.272,9.2,140.502,89,97,-0.023,-0.127,3.066,0.084,-0.021,-0.09,-184,-157,-961,84,-21,-90,-142,-61,471,39.0173032,-104.8939201,2174180,748,29,39.0172826,-104.8939192,2175150,14973,-733,67,-27,175.58
04-09.286, 2026-04-01 14:44:52, 2026-04-08 16:58:03.690899, True      ,22.75,15.272,9.2,140.502,89,97,-0.018,-0.133,3.057,-0.016,-0.08,-0.11,-184,-154,-944,-16,-80,-110,-139,-59,469,39.0172897,-104.8939192,2174250,742,29,39.0172774,-104.8939184,2175160,14986,-729,81,-23,175.1
04-09.351, 2026-04-01 14:44:52, 2026-04-08 16:58:03.790553, True      ,22.75,15.137,10.56,159.847,89,97,-0.019,-0.132,3.047,0.023,0.059,-0.132,-196,-143,-1043,23,58,-132,-139,-59,469,39.0172897,-104.8939192,2174250,742,29,39.017272,-104.8939175,2175180,15001,-728,91,-24,174.53
04-09.429, 2026-04-01 14:44:52, 2026-04-08 16:58:03.892862, True      ,22.75,15.137,10.56,159.847,89,97,-0.013,-0.129,3.042,0.125,0.11,-0.142,-173,-133,-1036,125,109,-142,-138,-61,471,39.0172897,-104.8939192,2174250,742,29,39.0172693,-104.8939171,2175180,15009,-727,96,-27,174.2
04-09.495, 2026-04-01 14:44:52, 2026-04-08 16:58:03.892862, True      ,22.75,15.137,10.56,159.847,89,97,0.003,-0.129,3.03,0.089,-0.114,-0.114,-148,-123,-979,89,-114,-114,-141,-56,472,39.0172764,-104.8939177,2174290,746,29,39.0172627,-104.8939158,2175210,15033,-724,111,-28,173.53
04-09.562, 2026-04-01 14:44:52, 2026-04-08 16:58:03.990557, True      ,22.75,15.31,7.46,114.213,90,97,0.009,-0.141,3.024,0.075,-0.24,-0.096,-164,-132,-928,74,-240,-96,-141,-56,472,39.0172764,-104.8939177,2174290,746,29,39.0172587,-104.8939149,2175220,15046,-722,118,-24,173.19
04-09.635, 2026-04-01 14:44:52, 2026-04-08 16:58:04.090936, True      ,22.75,15.31,7.46,114.213,90,97,0.01,-0.151,3.02,0.085,-0.267,-0.103,-116,-156,-937,84,-267,-103,-136,-54,473,39.0172764,-104.8939177,2174290,746,29,39.0172561,-104.8939144,2175230,15053,-722,121,-22,172.95
04-09.704, 2026-04-01 14:44:52, 2026-04-08 16:58:04.090936, True      ,22.75,15.31,7.46,114.213,90,97,0.02,-0.177,3.004,0.065,-0.206,-0.175,-106,-157,-950,64,-206,-175,-120,-53,475,39.0172632,-104.8939154,2174410,731,29,39.0172488,-104.8939127,2175240,15065,-725,133,-14,172.03
04-09.768, 2026-04-01 14:44:52, 2026-04-08 16:58:04.190567, True      ,22.75,15.054,11.19,168.454,90,97,0.024,-0.19,2.992,-0.045,-0.213,-0.214,-109,-132,-984,-45,-213,-214,-120,-53,475,39.0172632,-104.8939154,2174410,731,29,39.017245,-104.8939117,2175240,15068,-730,139,-13,171.31
04-09.841, 2026-04-01 14:44:53, 2026-04-08 16:58:04.290963, True      ,22.75,15.054,11.19,168.454,90,97,0.023,-0.194,2.986,-0.039,-0.162,-0.224,-126,-127,-967,-38,-162,-224,-109,-54,477,39.0172632,-104.8939154,2174410,731,29,39.0172428,-104.8939112,2175240,15069,-731,144,-13,170.88
04-09.916, 2026-04-01 14:44:53, 2026-04-08 16:58:04.290963, True      ,22.75,15.054,11.19,168.454,90,97,0.028,-0.204,2.953,-0.032,-0.139,-0.313,-153,-169,-968,-32,-139,-313,-101,-56,479,39.01725,-104.8939126,2174450,745,29,39.0172355,-104.8939092,2175240,15068,-741,155,-12,169
04-09.986, 2026-04-01 14:44:53, 2026-04-08 16:58:04.290963, True      ,22.75,15.054,11.19,168.454,90,97,0.028,-0.212,2.927,-0.109,-0.069,-0.335,-88,-146,-1028,-108,-69,-335,-94,-61,480,39.01725,-104.8939126,2174450,745,29,39.0172303,-104.8939077,2175240,15062,-746,166,-11,167.52
04-10.059, 2026-04-01 14:44:53, 2026-04-08 16:58:04.490870, True      ,22.75,15.054,11.19,168.454,90,97,0.03,-0.21,2.902,-0.01,0.031,-0.336,-148,-171,-1001,-9,30,-336,-94,-61,480,39.01725,-104.8939126,2174450,745,29,39.0172253,-104.8939062,2175230,15059,-754,176,-12,166.11
04-10.132, 2026-04-01 14:44:53, 2026-04-08 16:58:04.590531, True      ,22.5,15.171,11.04,167.488,92,97,0.032,-0.207,2.881,-0.018,0.033,-0.307,-124,-205,-1008,-18,32,-307,-90,-68,481,39.0172367,-104.8939093,2174480,763,29,39.0172207,-104.8939048,2175230,15056,-759,183,-14,164.89
04-10.205, 2026-04-01 14:44:53, 2026-04-08 16:58:04.590531, True      ,22.75,15.171,11.04,167.488,92,97,0.038,-0.204,2.861,0.033,0.036,-0.276,-117,-173,-1024,32,35,-276,-91,-71,482,39.0172367,-104.8939093,2174480,763,29,39.0172156,-104.8939032,2175230,15053,-764,191,-14,163.73
04-10.278, 2026-04-01 14:44:53, 2026-04-08 16:58:04.690932, True      ,22.75,15.171,11.04,167.488,92,97,0.045,-0.203,2.843,0.02,-0.012,-0.237,-100,-171,-1024,20,-12,-237,-91,-71,482,39.0172367,-104.8939093,2174480,763,29,39.0172109,-104.8939016,2175230,15049,-772,202,-16,162.77
04-10.351, 2026-04-01 14:44:53, 2026-04-08 16:58:04.790550, True      ,22.75,15.177,10.55,160.117,92,97,0.047,-0.201,2.827,-0.017,0.038,-0.195,-170,-145,-996,-16,37,-195,-90,-72,481,39.017223,-104.8939057,2174510,786,29,39.017205,-104.8938997,2175230,15051,-777,211,-17,161.82
04-10.431, 2026-04-01 14:44:53, 2026-04-08 16:58:04.891063, True      ,22.75,15.177,10.55,160.117,92,97,0.052,-0.197,2.818,0.092,0.088,-0.18,-107,-183,-1003,91,87,-180,-90,-74,482,39.017223,-104.8939057,2174510,786,29,39.0172015,-104.8938985,2175230,15053,-780,215,-18,161.34
04-10.511, 2026-04-01 14:44:53, 2026-04-08 16:58:04.891063, True      ,22.75,15.177,10.55,160.117,92,97,0.064,-0.19,2.806,0.073,0.006,-0.101,-91,-209,-991,73,5,-101,-92,-71,482,39.0172089,-104.8939015,2174580,809,29,39.0171943,-104.893896,2175230,15056,-788,226,-18,160.68
04-10.577, 2026-04-01 14:44:53, 2026-04-08 16:58:04.990497, True      ,22.75,15.162,10.35,156.927,93,97,0.068,-0.192,2.8,0.016,-0.048,-0.076,-103,-156,-999,15,-48,-76,-92,-71,481,39.0172089,-104.8939015,2174580,809,29,39.0171887,-104.8938939,2175240,15061,-792,236,-17,160.35
04-10.658, 2026-04-01 14:44:53, 2026-04-08 16:58:05.090930, True      ,22.75,15.162,10.35,156.927,93,97,0.065,-0.194,2.798,-0.013,-0.045,-0.07,-114,-184,-972,-12,-45,-70,-92,-71,481,39.0172089,-104.8939015,2174580,809,29,39.0171871,-104.8938933,2175240,15062,-796,237,-18,160.26
04-10.731, 2026-04-01 14:44:53, 2026-04-08 16:58:05.190512, True      ,22.75,15.222,9.85,149.937,93,97,0.072,-0.188,2.79,0.034,0.058,-0.069,-120,-130,-972,34,58,-69,-90,-71,481,39.0171947,-104.8938968,2174610,820,29,39.0171777,-104.8938898,2175250,15073,-805,249,-20,159.79
04-10.804, 2026-04-01 14:44:53, 2026-04-08 16:58:05.190512, True      ,22.75,15.222,9.85,149.937,93,97,0.071,-0.185,2.787,0.01,0.035,-0.032,-139,-186,-996,10,34,-33,-92,-70,483,39.0171947,-104.8938968,2174610,820,29,39.0171724,-104.8938878,2175250,15078,-809,256,-17,159.65
04-10.877, 2026-04-01 14:44:54, 2026-04-08 16:58:05.290963, True      ,22.75,15.222,9.85,149.937,93,97,0.079,-0.185,2.787,0.108,-0.021,0.025,-117,-154,-981,108,-21,24,-92,-70,483,39.0171947,-104.8938968,2174610,820,29,39.0171674,-104.8938858,2175260,15083,-812,259,-18,159.73
04-10.950, 2026-04-01 14:44:54, 2026-04-08 16:58:05.392961, True      ,22.75,15.205,10.33,157.068,94,97,0.088,-0.182,2.791,0.101,0.043,0.037,-140,-143,-954,100,42,36,-93,-69,482,39.0171803,-104.8938918,2174670,837,29,39.0171613,-104.8938835,2175260,15089,-817,265,-16,159.96
04-11.032, 2026-04-01 14:44:54, 2026-04-08 16:58:05.490924, True      ,22.75,15.205,10.33,157.068,94,97,0.091,-0.182,2.794,0.082,0.021,0.054,-77,-164,-1024,82,20,53,-95,-63,483,39.0171803,-104.8938918,2174670,837,29,39.0171575,-104.893882,2175270,15094,-819,266,-16,160.12
04-11.108, 2026-04-01 14:44:54, 2026-04-08 16:58:05.490924, True      ,22.75,15.205,10.33,157.068,94,97,0.094,-0.186,2.797,-0.048,-0.02,0.026,-98,-127,-989,-47,-20,25,-95,-59,481,39.0171656,-104.8938864,2174730,852,29,39.01715,-104.893879,2175280,15105,-827,271,-17,160.3
04-11.172, 2026-04-01 14:44:54, 2026-04-08 16:58:05.590547, True      ,22.75,15.198,9.57,145.445,95,97,0.088,-0.188,2.8,-0.059,-0.046,0.027,-148,-114,-981,-59,-45,26,-94,-60,482,39.0171656,-104.8938864,2174730,852,29,39.0171442,-104.8938767,2175290,15114,-831,275,-15,160.41
04-11.254, 2026-04-01 14:44:54, 2026-04-08 16:58:05.690910, True      ,22.75,15.198,9.57,145.445,95,97,0.088,-0.188,2.8,0.016,-0.018,0.036,-167,-110,-963,15,-18,35,-94,-60,482,39.0171656,-104.8938864,2174730,852,29,39.0171424,-104.893876,2175290,15116,-834,277,-16,160.48
04-11.329, 2026-04-01 14:44:54, 2026-04-08 16:58:05.790511, True      ,22.75,15.241,9.33,142.199,95,97,0.091,-0.19,2.807,-0.007,-0.068,0.065,-139,-113,-978,-7,-68,64,-93,-60,483,39.0171507,-104.8938808,2174750,871,29,39.0171335,-104.8938724,2175300,15126,-841,279,-15,160.84
04-11.401, 2026-04-01 14:44:54, 2026-04-08 16:58:05.790511, True      ,22.75,15.241,9.33,142.199,95,97,0.088,-0.198,2.813,-0.044,-0.106,0.088,-158,-138,-973,-43,-106,87,-92,-59,484,39.0171507,-104.8938808,2174750,871,29,39.0171272,-104.8938699,2175310,15133,-846,283,-14,161.23
04-11.476, 2026-04-01 14:44:54, 2026-04-08 16:58:05.892871, True      ,22.75,15.241,9.33,142.199,95,97,0.084,-0.208,2.82,-0.024,-0.108,0.1,-140,-137,-961,-23,-107,99,-92,-59,484,39.0171507,-104.8938808,2174750,871,29,39.017122,-104.8938678,2175310,15136,-850,286,-13,161.59
04-11.544, 2026-04-01 14:44:54, 2026-04-08 16:58:05.990524, True      ,22.75,15.169,9.91,150.325,96,97,0.082,-0.217,2.827,-0.012,-0.119,0.086,-155,-128,-954,-12,-118,85,-85,-60,483,39.0171357,-104.8938751,2174780,871,29,39.0171156,-104.8938653,2175310,15137,-856,289,-12,162.01
04-11.630, 2026-04-01 14:44:54, 2026-04-08 16:58:06.090462, True      ,22.75,15.169,9.91,150.325,96,97,0.08,-0.225,2.83,-0.031,-0.144,0.06,-122,-108,-955,-30,-144,58,-81,-61,485,39.0171357,-104.8938751,2174780,871,29,39.0171117,-104.8938637,2175310,15137,-859,291,-10,162.16
04-11.703, 2026-04-01 14:44:54, 2026-04-08 16:58:06.090462, True      ,22.75,15.169,9.91,150.325,96,97,0.076,-0.237,2.831,-0.05,-0.096,-0.003,-132,-186,-997,-49,-96,-3,-73,-62,484,39.0171204,-104.8938692,2174810,892,29,39.0171039,-104.8938605,2175310,15131,-866,296,-6,162.2
04-11.769, 2026-04-01 14:44:54, 2026-04-08 16:58:06.190490, True      ,22.75,15.069,11.5,173.294,96,97,0.077,-0.242,2.829,0,-0.068,-0.037,-147,-119,-996,0,-68,-37,-73,-62,484,39.0171204,-104.8938692,2174810,892,29,39.0170986,-104.8938584,2175300,15125,-873,299,-7,162.08
04-11.843, 2026-04-01 14:44:55, 2026-04-08 16:58:06.290962, True      ,22.75,15.069,11.5,173.294,96,97,0.076,-0.243,2.827,0.017,-0.07,-0.052,-180,-166,-995,16,-70,-52,-69,-63,485,39.0171204,-104.8938692,2174810,892,29,39.017096,-104.8938574,2175300,15122,-878,301,-8,161.96
04-11.916, 2026-04-01 14:44:55, 2026-04-08 16:58:06.290962, True      ,22.75,15.069,11.5,173.294,96,97,0.079,-0.242,2.82,0.02,0.043,-0.081,-179,-113,-997,19,42,-81,-66,-64,486,39.0171049,-104.8938629,2174840,914,29,39.0170873,-104.8938538,2175290,15113,-889,306,-8,161.49
04-11.986, 2026-04-01 14:44:55, 2026-04-08 16:58:06.290962, True      ,22.75,15.069,11.5,173.294,96,97,0.079,-0.237,2.813,-0.088,0.082,-0.091,-144,-146,-1023,-88,81,-91,-68,-64,486,39.0171049,-104.8938629,2174840,914,29,39.0170811,-104.8938512,2175280,15108,-895,311,-10,161.13
04-12.055, 2026-04-01 14:44:55, 2026-04-08 16:58:06.490970, True      ,22.75,15.069,11.5,173.294,96,97,0.077,-0.228,2.808,-0.03,0.132,-0.08,-145,-105,-1045,-29,131,-80,-68,-64,486,39.0171049,-104.8938629,2174840,914,29,39.0170752,-104.8938487,2175280,15108,-902,313,-12,160.86
04-12.131, 2026-04-01 14:44:55, 2026-04-08 16:58:06.590516, True      ,22.75,15.261,9.43,143.911,97,97,0.076,-0.222,2.805,-0.013,0.09,-0.07,-129,-150,-1030,-12,89,-70,-71,-67,486,39.0170891,-104.8938564,2174860,933,29,39.0170704,-104.8938468,2175280,15109,-907,317,-14,160.66
04-12.200, 2026-04-01 14:44:55, 2026-04-08 16:58:06.590516, True      ,22.75,15.261,9.43,143.911,97,97,0.078,-0.218,2.8,-0.025,0.043,-0.062,-168,-162,-973,-25,42,-62,-77,-68,487,39.0170891,-104.8938564,2174860,933,29,39.0170636,-104.893844,2175280,15109,-913,320,-14,160.39
04-12.271, 2026-04-01 14:44:55, 2026-04-08 16:58:06.690996, True      ,22.75,15.261,9.43,143.911,97,97,0.072,-0.214,2.797,-0.106,0.029,-0.036,-153,-151,-979,-105,28,-37,-77,-68,487,39.0170891,-104.8938564,2174860,933,29,39.0170581,-104.8938416,2175280,15109,-917,323,-13,160.26
04-12.341, 2026-04-01 14:44:55, 2026-04-08 16:58:06.790544, True      ,22.75,15.203,10.17,154.615,98,97,0.068,-0.209,2.797,-0.043,0.088,-0.019,-153,-129,-999,-43,87,-19,-78,-70,484,39.0170729,-104.8938497,2174900,948,29,39.0170522,-104.8938391,2175290,15110,-922,323,-14,160.21
04-12.416, 2026-04-01 14:44:55, 2026-04-08 16:58:06.790544, True      ,23,15.203,10.17,154.615,98,97,0.07,-0.201,2.796,0.005,0.122,-0.029,-174,-128,-977,5,121,-29,-83,-74,484,39.0170729,-104.8938497,2174900,948,29,39.0170471,-104.8938369,2175290,15111,-927,327,-14,160.18
04-12.490, 2026-04-01 14:44:55, 2026-04-08 16:58:06.790544, True      ,22.75,15.203,10.17,154.615,98,97,0.066,-0.19,2.796,-0.046,0.148,-0.007,-177,-145,-989,-46,148,-7,-87,-75,482,39.0170565,-104.8938427,2174960,968,29,39.0170397,-104.8938337,2175290,15112,-930,329,-14,160.19
04-12.560, 2026-04-01 14:44:55, 2026-04-08 16:58:06.990581, True      ,22.75,15.265,9.49,144.865,98,97,0.067,-0.179,2.797,0.02,0.152,0.005,-138,-140,-991,19,151,4,-87,-75,482,39.0170565,-104.8938427,2174960,968,29,39.0170336,-104.8938311,2175290,15115,-933,334,-15,160.29
04-12.642, 2026-04-01 14:44:55, 2026-04-08 16:58:07.090533, True      ,22.75,15.265,9.49,144.865,98,97,0.067,-0.174,2.799,0.029,0.14,0.027,-134,-159,-980,28,139,26,-95,-75,481,39.0170565,-104.8938427,2174960,968,29,39.0170302,-104.8938296,2175290,15116,-935,334,-14,160.38
04-12.721, 2026-04-01 14:44:55, 2026-04-08 16:58:07.090533, True      ,22.75,15.265,9.49,144.865,98,97,0.071,-0.162,2.805,0.019,0.105,0.048,-130,-107,-966,19,104,47,-102,-74,480,39.01704,-104.8938356,2175010,966,29,39.017021,-104.8938255,2175290,15119,-937,338,-14,160.74
04-12.798, 2026-04-01 14:44:55, 2026-04-08 16:58:07.090533, True      ,22.75,15.265,9.49,144.865,98,97,0.07,-0.155,2.81,0.005,0.07,0.046,-127,-98,-995,4,69,45,-107,-73,479,39.01704,-104.8938356,2175010,966,29,39.0170145,-104.8938227,2175300,15123,-936,340,-14,161.01
04-12.870, 2026-04-01 14:44:56, 2026-04-08 16:58:07.290906, True      ,22.75,15.265,9.49,144.865,98,97,0.066,-0.153,2.814,-0.002,-0.016,0.056,-166,-113,-975,-1,-16,55,-107,-73,479,39.01704,-104.8938356,2175010,966,29,39.0170078,-104.8938197,2175300,15126,-937,339,-13,161.27
04-12.942, 2026-04-01 14:44:56, 2026-04-08 16:58:07.392879, True      ,22.75,15.25,9.29,141.672,99,96,0.067,-0.154,2.819,0.03,-0.012,0.059,-184,-118,-953,30,-12,58,-110,-73,478,39.0170235,-104.8938282,2175050,972,29,39.017002,-104.8938171,2175300,15128,-937,341,-14,161.53
04-13.019, 2026-04-01 14:44:56, 2026-04-08 16:58:07.392879, True      ,22.75,15.25,9.29,141.672,99,96,0.071,-0.156,2.822,0.076,-0.044,0.048,-152,-90,-975,75,-44,47,-111,-72,478,39.0170235,-104.8938282,2175050,972,29,39.0169968,-104.8938147,2175300,15129,-937,341,-12,161.69
04-13.094, 2026-04-01 14:44:56, 2026-04-08 16:58:07.392879, True      ,22.75,15.25,9.29,141.672,99,96,0.072,-0.162,2.825,0.025,-0.067,0.035,-138,-95,-987,25,-67,34,-108,-70,477,39.017007,-104.8938205,2175100,985,29,39.0169895,-104.8938114,2175300,15128,-937,344,-11,161.88
04-13.163, 2026-04-01 14:44:56, 2026-04-08 16:58:07.590564, True      ,22.75,15.203,9.54,145.037,100,96,0.074,-0.166,2.826,0.019,-0.066,0.012,-171,-101,-963,18,-65,11,-108,-70,477,39.017007,-104.8938205,2175100,985,29,39.0169835,-104.8938086,2175300,15128,-937,344,-11,161.92
04-13.252, 2026-04-01 14:44:56, 2026-04-08 16:58:07.690944, True      ,22.75,15.203,9.54,145.037,100,96,0.075,-0.168,2.826,0.011,-0.06,-0.002,-155,-109,-982,11,-60,-2,-105,-68,479,39.017007,-104.8938205,2175100,985,29,39.0169801,-104.893807,2175300,15126,-937,346,-10,161.91
04-13.329, 2026-04-01 14:44:56, 2026-04-08 16:58:07.790502, True      ,22.75,15.203,10.35,157.351,101,96,0.079,-0.173,2.822,0.031,0.002,-0.042,-148,-128,-991,30,1,-43,-101,-67,480,39.0169902,-104.8938127,2175160,992,29,39.0169702,-104.8938024,2175300,15124,-938,349,-9,161.69
04-13.401, 2026-04-01 14:44:56, 2026-04-08 16:58:07.790502, True      ,22.75,15.203,10.35,157.351,101,96,0.083,-0.17,2.819,0.084,0.009,-0.055,-182,-144,-1006,83,8,-56,-101,-66,481,39.0169902,-104.8938127,2175160,992,29,39.0169633,-104.8937992,2175300,15122,-940,347,-10,161.47
04-13.476, 2026-04-01 14:44:56, 2026-04-08 16:58:07.891176, True      ,22.75,15.203,10.35,157.351,101,96,0.088,-0.168,2.815,0.042,0.032,-0.053,-159,-97,-999,41,31,-53,-101,-66,481,39.0169902,-104.8938127,2175160,992,29,39.0169577,-104.8937965,2175300,15121,-941,348,-11,161.25
04-13.547, 2026-04-01 14:44:56, 2026-04-08 16:58:07.990529, True      ,22.75,15.271,9.14,139.577,101,96,0.091,-0.166,2.811,0.018,0.025,-0.047,-150,-97,-997,17,24,-47,-102,-64,482,39.0169734,-104.8938048,2175210,997,29,39.0169507,-104.8937932,2175300,15123,-942,349,-14,161.03
04-13.626, 2026-04-01 14:44:56, 2026-04-08 16:58:07.990529, True      ,22.75,15.271,9.14,139.577,101,96,0.092,-0.165,2.809,0.025,0.006,-0.042,-132,-104,-999,24,5,-43,-105,-62,481,39.0169734,-104.8938048,2175210,997,29,39.0169465,-104.8937912,2175300,15126,-942,348,-13,160.93
04-13.699, 2026-04-01 14:44:56, 2026-04-08 16:58:07.990529, True      ,22.75,15.271,9.14,139.577,101,96,0.092,-0.166,2.807,-0.006,-0.02,-0.016,-183,-124,-976,-6,-20,-16,-104,-62,481,39.0169566,-104.8937969,2175250,986,29,39.016938,-104.8937873,2175300,15129,-944,350,-12,160.79
04-13.767, 2026-04-01 14:44:56, 2026-04-08 16:58:08.190530, True      ,22.75,15.262,9.45,144.226,102,96,0.096,-0.166,2.806,0.041,0.004,-0.018,-164,-114,-982,41,3,-18,-104,-62,481,39.0169566,-104.8937969,2175250,986,29,39.0169323,-104.8937846,2175310,15130,-945,349,-11,160.74
04-13.855, 2026-04-01 14:44:57, 2026-04-08 16:58:08.290954, True      ,22.75,15.262,9.45,144.226,102,96,0.096,-0.166,2.805,0.037,0,-0.011,-159,-140,-974,36,0,-12,-103,-61,481,39.0169566,-104.8937969,2175250,986,29,39.0169296,-104.8937833,2175310,15131,-945,348,-13,160.72
04-13.932, 2026-04-01 14:44:57, 2026-04-08 16:58:08.392932, True      ,22.75,15.294,8.9,136.117,102,96,0.094,-0.165,2.807,-0.004,0.003,0.033,-192,-121,-967,-4,2,32,-102,-61,482,39.0169399,-104.8937893,2175300,982,29,39.0169196,-104.8937787,2175310,15135,-945,347,-13,160.86
04-14.002, 2026-04-01 14:44:57, 2026-04-08 16:58:08.392932, True      ,22.75,15.294,8.9,136.117,102,96,0.094,-0.164,2.81,0.001,0.031,0.027,-187,-103,-990,0,30,26,-103,-61,482,39.0169399,-104.8937893,2175300,982,29,39.0169127,-104.8937756,2175310,15135,-948,345,-13,161.03
04-14.075, 2026-04-01 14:44:57, 2026-04-08 16:58:08.490992, True      ,22.75,15.294,8.9,136.117,102,96,0.091,-0.165,2.813,-0.046,-0.03,0.029,-170,-119,-1005,-45,-30,28,-103,-61,482,39.0169399,-104.8937893,2175300,982,29,39.016907,-104.893773,2175310,15135,-947,345,-14,161.15
04-14.145, 2026-04-01 14:44:57, 2026-04-08 16:58:08.590499, True      ,22.75,15.306,8.32,127.346,103,96,0.088,-0.168,2.816,-0.028,-0.033,0.035,-169,-131,-984,-28,-33,34,-104,-62,481,39.0169231,-104.8937817,2175330,992,29,39.0169,-104.8937698,2175310,15135,-947,343,-13,161.35
04-14.216, 2026-04-01 14:44:57, 2026-04-08 16:58:08.590499, True      ,22.75,15.306,8.32,127.346,103,96,0.086,-0.169,2.818,-0.022,-0.032,0.043,-176,-141,-973,-21,-32,42,-104,-63,482,39.0169231,-104.8937817,2175330,992,29,39.0168958,-104.8937679,2175310,15134,-947,344,-12,161.47
04-14.285, 2026-04-01 14:44:57, 2026-04-08 16:58:08.590499, True      ,22.75,15.306,8.32,127.346,103,96,0.084,-0.177,2.82,-0.048,-0.11,0.01,-167,-83,-961,-47,-110,9,-100,-64,480,39.0169062,-104.893774,2175380,994,29,39.0168883,-104.8937646,2175310,15130,-946,343,-10,161.54
04-14.358, 2026-04-01 14:44:57, 2026-04-08 16:58:08.790488, True      ,22.75,15.225,9.49,144.485,103,96,0.085,-0.181,2.819,0.014,-0.026,-0.021,-178,-87,-974,13,-26,-21,-100,-64,480,39.0169062,-104.893774,2175380,994,29,39.0168822,-104.8937618,2175300,15128,-950,345,-10,161.46
04-14.432, 2026-04-01 14:44:57, 2026-04-08 16:58:08.892827, True      ,22.75,15.225,9.49,144.485,103,96,0.085,-0.181,2.817,-0.032,0.005,-0.035,-170,-94,-997,-32,4,-35,-96,-65,483,39.0169062,-104.893774,2175380,994,29,39.0168788,-104.8937603,2175300,15124,-949,345,-9,161.41
04-14.505, 2026-04-01 14:44:57, 2026-04-08 16:58:08.892827, True      ,22.75,15.225,9.49,144.485,103,96,0.083,-0.181,2.814,0.006,0.017,-0.034,-188,-122,-985,5,16,-34,-94,-66,482,39.0168893,-104.8937663,2175400,994,29,39.0168704,-104.8937565,2175290,15114,-951,344,-10,161.23
04-14.570, 2026-04-01 14:44:57, 2026-04-08 16:58:08.990526, True      ,22.75,15.262,9.3,141.937,104,96,0.084,-0.178,2.813,-0.01,0.043,-0.019,-194,-101,-970,-10,42,-19,-94,-66,482,39.0168893,-104.8937663,2175400,994,29,39.0168646,-104.8937539,2175280,15109,-951,345,-9,161.16
04-14.691, 2026-04-01 14:44:57, 2026-04-08 16:58:09.090498, True      ,22.75,15.262,9.3,141.937,104,96,0.083,-0.177,2.813,-0.023,0.028,-0.012,-200,-142,-981,-23,27,-13,-96,-67,483,39.0168893,-104.8937663,2175400,994,29,39.0168619,-104.8937527,2175280,15106,-954,343,-11,161.15
04-14.761, 2026-04-01 14:44:57, 2026-04-08 16:58:09.190535, True      ,22.75,15.253,9.29,141.7,104,96,0.082,-0.174,2.812,0.001,0.011,-0.002,-172,-115,-993,0,10,-2,-97,-68,482,39.0168723,-104.8937585,2175440,1010,29,39.0168482,-104.8937465,2175270,15096,-954,345,-12,161.14
04-14.837, 2026-04-01 14:44:58, 2026-04-08 16:58:09.290905, True      ,22.75,15.253,9.29,141.7,104,96,0.082,-0.173,2.812,0.03,0.027,-0.014,-154,-133,-1006,29,26,-15,-99,-68,482,39.0168723,-104.8937585,2175440,1010,29,39.0168449,-104.893745,2175270,15091,-953,344,-12,161.11
04-14.907, 2026-04-01 14:44:58, 2026-04-08 16:58:09.290905, True      ,22.75,15.253,9.29,141.7,104,96,0.084,-0.173,2.81,-0.027,-0.014,-0.015,-185,-86,-1002,-27,-14,-16,-98,-68,481,39.0168552,-104.8937507,2175480,1000,29,39.0168355,-104.8937407,2175260,15084,-955,345,-12,161.01
04-14.976, 2026-04-01 14:44:58, 2026-04-08 16:58:09.390578, True      ,22.75,15.232,9.73,148.207,105,96,0.085,-0.174,2.81,0.007,-0.013,-0.015,-165,-82,-1008,6,-13,-15,-98,-67,482,39.0168552,-104.8937507,2175480,1000,29,39.0168295,-104.893738,2175260,15080,-954,344,-11,160.96
04-15.058, 2026-04-01 14:44:58, 2026-04-08 16:58:09.490973, True      ,22.75,15.232,9.73,148.207,105,96,0.085,-0.174,2.809,0.036,0,-0.013,-179,-95,-1000,35,0,-13,-98,-67,482,39.0168552,-104.8937507,2175480,1000,29,39.0168279,-104.8937372,2175250,15078,-955,345,-13,160.94
04-15.131, 2026-04-01 14:44:58, 2026-04-08 16:58:09.590582, True      ,22.75,15.239,9.55,145.532,105,96,0.088,-0.174,2.809,0.013,0.004,0.005,-198,-117,-978,13,3,4,-96,-67,481,39.0168382,-104.8937428,2175500,1009,29,39.016817,-104.8937323,2175250,15073,-954,345,-14,160.92
04-15.201, 2026-04-01 14:44:58, 2026-04-08 16:58:09.590582, True      ,22.75,15.239,9.55,145.532,105,96,0.086,-0.172,2.81,-0.007,0.068,0.022,-188,-105,-1009,-7,67,20,-98,-67,482,39.0168382,-104.8937428,2175500,1009,29,39.0168108,-104.8937294,2175250,15071,-954,346,-14,161.01
04-15.269, 2026-04-01 14:44:58, 2026-04-08 16:58:09.690900, True      ,22.75,15.239,9.55,145.532,105,96,0.09,-0.167,2.812,0.054,0.053,0.016,-197,-97,-1005,53,52,15,-98,-67,482,39.0168382,-104.8937428,2175500,1009,29,39.016805,-104.8937267,2175250,15072,-955,345,-16,161.11
04-15.336, 2026-04-01 14:44:58, 2026-04-08 16:58:09.790530, True      ,22.75,15.302,8.9,136.188,106,96,0.092,-0.164,2.813,0.013,0.072,0.016,-180,-106,-1005,12,71,15,-100,-66,482,39.0168211,-104.8937348,2175560,1012,29,39.016799,-104.893724,2175250,15076,-955,344,-16,161.2
04-15.403, 2026-04-01 14:44:58, 2026-04-08 16:58:09.790530, True      ,22.75,15.302,8.9,136.188,106,96,0.094,-0.16,2.815,0.013,0.035,0.027,-211,-80,-992,12,34,26,-104,-63,482,39.0168211,-104.8937348,2175560,1012,29,39.0167937,-104.8937215,2175260,15081,-956,344,-19,161.3
04-15.476, 2026-04-01 14:44:58, 2026-04-08 16:58:09.892847, True      ,22.75,15.302,8.9,136.188,106,96,0.091,-0.159,2.817,-0.04,0.002,0.021,-155,-124,-999,-39,1,20,-104,-63,482,39.0168211,-104.8937348,2175560,1012,29,39.0167878,-104.8937189,2175260,15086,-956,343,-20,161.4
04-15.541, 2026-04-01 14:44:58, 2026-04-08 16:58:09.990515, True      ,22.5,15.291,8.45,129.209,106,96,0.091,-0.162,2.818,-0.003,-0.038,0.015,-155,-96,-984,-3,-38,14,-106,-63,481,39.0168039,-104.8937268,2175620,1013,29,39.0167808,-104.8937156,2175270,15094,-953,343,-17,161.49
04-15.610, 2026-04-01 14:44:58, 2026-04-08 16:58:09.990515, True      ,22.75,15.291,8.45,129.209,106,96,0.094,-0.164,2.818,0.087,-0.069,0,-186,-92,-965,87,-69,0,-105,-63,481,39.0168039,-104.8937268,2175620,1013,29,39.0167765,-104.8937137,2175270,15097,-954,342,-15,161.48
04-15.678, 2026-04-01 14:44:58, 2026-04-08 16:58:10.090489, True      ,22.75,15.291,8.45,129.209,106,96,0.098,-0.168,2.817,0.018,-0.03,-0.02,-161,-105,-970,18,-30,-20,-101,-61,481,39.0168039,-104.8937268,2175620,1013,29,39.0167699,-104.8937106,2175270,15099,-954,343,-13,161.4
04-15.743, 2026-04-01 14:44:58, 2026-04-08 16:58:10.190463, True      ,22.75,15.221,9.86,150.079,107,96,0.097,-0.169,2.816,0.013,0.015,-0.015,-170,-121,-979,13,14,-15,-101,-61,481,39.0167868,-104.8937189,2175670,1002,29,39.0167637,-104.8937078,2175280,15100,-954,340,-14,161.33
04-15.812, 2026-04-01 14:44:58, 2026-04-08 16:58:10.190463, True      ,22.75,15.221,9.86,150.079,107,96,0.099,-0.168,2.816,0.009,0.004,-0.02,-180,-100,-981,8,3,-20,-100,-60,482,39.0167868,-104.8937189,2175670,1002,29,39.0167595,-104.8937059,2175280,15100,-953,341,-13,161.29
04-15.887, 2026-04-01 14:44:59, 2026-04-08 16:58:10.290938, True      ,22.5,15.221,9.86,150.079,107,96,0.101,-0.169,2.814,0.024,-0.042,-0.021,-208,-107,-969,23,-42,-21,-100,-60,482,39.0167697,-104.893711,2175700,1015,29,39.0167529,-104.8937028,2175280,15100,-952,340,-14,161.18
04-15.954, 2026-04-01 14:44:59, 2026-04-08 16:58:10.392807, True      ,22.75,15.261,9.19,140.249,107,96,0.102,-0.172,2.812,0.02,-0.006,-0.012,-147,-100,-981,19,-6,-12,-100,-60,482,39.0167697,-104.893711,2175700,1015,29,39.0167458,-104.8936996,2175280,15100,-952,340,-13,161.1
04-16.037, 2026-04-01 14:44:59, 2026-04-08 16:58:10.490971, True      ,22.75,15.261,9.19,140.249,107,96,0.102,-0.17,2.811,0.042,0.02,-0.013,-174,-109,-994,41,19,-13,-100,-60,483,39.0167697,-104.893711,2175700,1015,29,39.0167424,-104.893698,2175270,15099,-952,338,-13,161.09
04-16.108, 2026-04-01 14:44:59, 2026-04-08 16:58:10.490971, True      ,22.75,15.261,9.19,140.249,107,96,0.103,-0.168,2.81,-0.024,0.003,-0.007,-193,-107,-995,-24,1,-7,-99,-59,482,39.0167525,-104.893703,2175730,1014,29,39.016733,-104.8936937,2175280,15103,-954,337,-13,161
04-16.175, 2026-04-01 14:44:59, 2026-04-08 16:58:10.590492, True      ,22.75,15.262,8.98,137.053,108,96,0.101,-0.168,2.809,-0.014,-0.013,-0.013,-207,-130,-974,-14,-13,-13,-101,-59,483,39.0167525,-104.893703,2175730,1014,29,39.0167272,-104.8936911,2175280,15103,-954,336,-13,160.95
04-16.253, 2026-04-01 14:44:59, 2026-04-08 16:58:10.690908, True      ,22.75,15.262,8.98,137.053,108,96,0.102,-0.167,2.809,-0.044,0.002,-0.021,-213,-101,-977,-44,1,-21,-101,-59,483,39.0167525,-104.893703,2175730,1014,29,39.0167253,-104.8936902,2175280,15104,-955,337,-14,160.93
04-16.342, 2026-04-01 14:44:59, 2026-04-08 16:58:10.790526, True      ,22.75,15.278,9.18,140.252,108,96,0.101,-0.163,2.807,0.041,0.066,0,-191,-132,-967,40,65,0,-100,-60,482,39.0167354,-104.8936951,2175760,1005,29,39.0167152,-104.8936856,2175290,15111,-953,337,-13,160.85
04-16.418, 2026-04-01 14:44:59, 2026-04-08 16:58:10.790526, True      ,22.75,15.278,9.18,140.252,108,96,0.103,-0.164,2.808,0.019,-0.046,0.001,-162,-145,-953,18,-47,0,-103,-60,483,39.0167354,-104.8936951,2175760,1005,29,39.0167082,-104.8936824,2175290,15116,-953,336,-12,160.84
04-16.489, 2026-04-01 14:44:59, 2026-04-08 16:58:10.790526, True      ,22.5,15.278,9.18,140.252,108,96,0.104,-0.167,2.807,0.022,-0.015,-0.013,-208,-103,-959,21,-15,-13,-100,-60,481,39.0167183,-104.8936873,2175820,1009,29,39.0167006,-104.893679,2175300,15122,-952,334,-10,160.79
04-16.563, 2026-04-01 14:44:59, 2026-04-08 16:58:10.990520, True      ,22.75,15.225,10.11,153.925,109,96,0.11,-0.166,2.805,0.054,0.002,-0.03,-158,-104,-979,53,1,-30,-100,-60,481,39.0167183,-104.8936873,2175820,1009,29,39.0166945,-104.8936762,2175300,15128,-952,337,-10,160.69
04-16.641, 2026-04-01 14:44:59, 2026-04-08 16:58:11.090514, True      ,22.75,15.225,10.11,153.925,109,96,0.109,-0.167,2.804,-0.013,-0.037,-0.021,-177,-115,-965,-13,-37,-21,-101,-58,483,39.0167183,-104.8936873,2175820,1009,29,39.016691,-104.8936746,2175310,15131,-953,334,-9,160.63
04-16.711, 2026-04-01 14:44:59, 2026-04-08 16:58:11.090514, True      ,22.5,15.225,10.11,153.925,109,96,0.106,-0.166,2.802,0.017,0.05,-0.02,-205,-136,-960,16,49,-20,-98,-59,481,39.0167012,-104.8936795,2175860,1009,29,39.0166816,-104.8936703,2175310,15139,-954,333,-10,160.52
04-16.776, 2026-04-01 14:44:59, 2026-04-08 16:58:11.190566, True      ,22.75,15.23,10.04,152.909,109,96,0.11,-0.163,2.801,0.036,0.033,-0.015,-184,-102,-969,35,32,-15,-100,-58,482,39.0167012,-104.8936795,2175860,1009,29,39.0166759,-104.8936678,2175320,15147,-954,335,-10,160.47
04-16.854, 2026-04-01 14:45:00, 2026-04-08 16:58:11.290937, True      ,23,15.23,10.04,152.909,109,96,0.11,-0.163,2.801,0.017,0.032,-0.005,-170,-105,-996,16,31,-5,-100,-58,482,39.0167012,-104.8936795,2175860,1009,29,39.016674,-104.8936669,2175330,15150,-951,335,-9,160.48
04-16.924, 2026-04-01 14:45:00, 2026-04-08 16:58:11.290937, True      ,22.75,15.23,10.04,152.909,109,96,0.11,-0.16,2.803,0.012,0.02,0.019,-209,-110,-966,12,19,18,-101,-58,482,39.016684,-104.8936718,2175900,1012,29,39.0166639,-104.8936624,2175340,15167,-950,334,-8,160.61
04-16.999, 2026-04-01 14:45:00, 2026-04-08 16:58:11.290937, True      ,22.75,15.23,10.04,152.909,109,96,0.112,-0.159,2.805,0.047,0.018,0.027,-180,-134,-976,46,17,26,-103,-57,482,39.016684,-104.8936718,2175900,1012,29,39.016658,-104.8936597,2175350,15179,-951,333,-10,160.72
04-17.069, 2026-04-01 14:45:00, 2026-04-08 16:58:11.490960, True      ,22.75,15.23,10.04,152.909,109,96,0.114,-0.154,2.808,0.084,0.049,0.027,-182,-165,-969,83,48,25,-103,-57,482,39.016684,-104.8936718,2175900,1012,29,39.0166512,-104.8936566,2175370,15191,-949,333,-10,160.92
04-17.144, 2026-04-01 14:45:00, 2026-04-08 16:58:11.590494, True      ,22.75,15.255,8.35,127.379,110,96,0.115,-0.157,2.81,-0.008,-0.06,0.031,-177,-129,-942,-8,-60,30,-105,-55,482,39.0166668,-104.8936639,2175950,1015,29,39.0166451,-104.8936539,2175380,15204,-950,333,-9,161
04-17.222, 2026-04-01 14:45:00, 2026-04-08 16:58:11.590494, True      ,22.75,15.255,8.35,127.379,110,96,0.113,-0.162,2.811,-0.006,-0.061,0.029,-180,-109,-932,-5,-61,28,-106,-54,481,39.0166668,-104.8936639,2175950,1015,29,39.0166398,-104.8936515,2175390,15210,-949,331,-7,161.08
04-17.295, 2026-04-01 14:45:00, 2026-04-08 16:58:11.590494, True      ,22.75,15.255,8.35,127.379,110,96,0.114,-0.163,2.812,0.039,0.022,0.003,-151,-156,-994,38,21,2,-102,-54,482,39.0166496,-104.893656,2175990,1009,29,39.0166323,-104.8936481,2175390,15218,-950,329,-4,161.12
04-17.364, 2026-04-01 14:45:00, 2026-04-08 16:58:11.790526, True      ,22.75,15.268,9.57,146.115,111,96,0.119,-0.158,2.813,0.06,0.085,0.01,-192,-92,-981,59,84,9,-102,-54,482,39.0166496,-104.893656,2175990,1009,29,39.0166261,-104.8936453,2175400,15225,-949,329,-5,161.2
04-17.443, 2026-04-01 14:45:00, 2026-04-08 16:58:11.892845, True      ,22.75,15.268,9.57,146.115,111,96,0.12,-0.155,2.814,0.03,0.036,0.018,-205,-146,-973,30,35,17,-105,-51,483,39.0166496,-104.893656,2175990,1009,29,39.0166226,-104.8936437,2175400,15229,-948,329,-6,161.25
04-17.511, 2026-04-01 14:45:00, 2026-04-08 16:58:11.892845, True      ,22.75,15.268,9.57,146.115,111,96,0.117,-0.159,2.816,-0.059,-0.002,0.017,-170,-120,-982,-59,-2,16,-105,-50,482,39.0166325,-104.8936482,2176030,1006,29,39.0166132,-104.8936395,2175410,15235,-950,326,-2,161.36
04-17.575, 2026-04-01 14:45:00, 2026-04-08 16:58:11.990542, True      ,22.75,15.229,9.25,140.868,111,96,0.118,-0.158,2.817,0.019,0.008,0.005,-183,-108,-972,18,7,4,-105,-51,483,39.0166325,-104.8936482,2176030,1006,29,39.0166074,-104.8936369,2175410,15238,-949,325,-3,161.4
04-17.653, 2026-04-01 14:45:00, 2026-04-08 16:58:12.090642, True      ,22.75,15.229,9.25,140.868,111,96,0.118,-0.158,2.817,0.005,0.019,-0.002,-198,-93,-988,4,18,-2,-105,-51,483,39.0166325,-104.8936482,2176030,1006,29,39.0166055,-104.8936361,2175410,15239,-950,325,-2,161.4
04-17.721, 2026-04-01 14:45:00, 2026-04-08 16:58:12.090642, True      ,22.75,15.229,9.25,140.868,111,96,0.117,-0.153,2.818,0.007,0.025,0.001,-170,-130,-967,6,24,0,-106,-50,482,39.0166154,-104.8936404,2176050,1008,29,39.0165955,-104.8936316,2175420,15244,-948,323,-2,161.46
04-17.790, 2026-04-01 14:45:00, 2026-04-08 16:58:12.090642, True      ,22.75,15.229,9.25,140.868,111,96,0.117,-0.154,2.817,-0.027,-0.015,-0.02,-154,-108,-957,-27,-15,-20,-109,-50,482,39.0166154,-104.8936404,2176050,1008,29,39.0165896,-104.893629,2175420,15246,-950,321,-2,161.39
04-17.861, 2026-04-01 14:45:01, 2026-04-08 16:58:12.290898, True      ,22.75,15.229,9.25,140.868,111,96,0.113,-0.155,2.815,-0.033,-0.034,-0.023,-198,-144,-959,-33,-34,-23,-109,-50,482,39.0166154,-104.8936404,2176050,1008,29,39.0165834,-104.8936263,2175420,15247,-949,322,-2,161.28
04-17.932, 2026-04-01 14:45:01, 2026-04-08 16:58:12.392844, True      ,22.75,15.239,9.16,139.589,112,96,0.113,-0.157,2.814,-0.008,-0.029,-0.009,-176,-144,-941,-8,-29,-9,-107,-52,481,39.0165982,-104.8936328,2176050,1006,29,39.0165776,-104.8936237,2175420,15247,-950,320,0,161.23
04-18.000, 2026-04-01 14:45:01, 2026-04-08 16:58:12.392844, True      ,22.75,15.239,9.16,139.589,112,96,0.113,-0.159,2.814,-0.002,-0.014,-0.007,-166,-126,-971,-2,-14,-7,-106,-54,482,39.0165982,-104.8936328,2176050,1006,29,39.0165714,-104.893621,2175420,15246,-949,318,2,161.19
04-18.066, 2026-04-01 14:45:01, 2026-04-08 16:58:12.490918, True      ,22.75,15.239,9.16,139.589,112,96,0.11,-0.157,2.813,-0.052,0.027,-0.007,-182,-113,-993,-52,26,-7,-106,-54,482,39.0165982,-104.8936328,2176050,1006,29,39.0165656,-104.8936185,2175420,15245,-949,318,0,161.17
04-18.133, 2026-04-01 14:45:01, 2026-04-08 16:58:12.590495, True      ,22.75,15.241,9.19,140.065,113,96,0.109,-0.156,2.813,-0.002,0.012,0.006,-197,-135,-988,-2,11,5,-104,-55,482,39.0165811,-104.8936252,2176070,1004,29,39.0165596,-104.8936159,2175420,15247,-947,317,1,161.19
04-18.213, 2026-04-01 14:45:01, 2026-04-08 16:58:12.590495, True      ,22.75,15.241,9.19,140.065,113,96,0.108,-0.157,2.814,-0.018,-0.022,0.004,-199,-132,-961,-18,-22,3,-106,-56,482,39.0165811,-104.8936252,2176070,1004,29,39.0165543,-104.8936135,2175420,15248,-948,319,2,161.2
04-18.305, 2026-04-01 14:45:01, 2026-04-08 16:58:12.690921, True      ,22.75,15.241,9.19,140.065,113,96,0.109,-0.158,2.813,0.015,-0.029,-0.004,-185,-99,-963,14,-29,-4,-105,-56,481,39.016564,-104.8936177,2176080,1001,29,39.0165477,-104.8936106,2175420,15248,-947,319,3,161.17
04-18.371, 2026-04-01 14:45:01, 2026-04-08 16:58:12.790542, True      ,22.75,15.164,10.14,153.763,113,96,0.106,-0.16,2.813,-0.043,-0.004,-0.005,-197,-186,-991,-43,-4,-5,-105,-56,481,39.016564,-104.8936177,2176080,1001,29,39.0165399,-104.8936073,2175420,15248,-946,319,3,161.15
04-18.454, 2026-04-01 14:45:01, 2026-04-08 16:58:12.892875, True      ,22.5,15.164,10.14,153.763,113,96,0.107,-0.159,2.813,-0.071,0.03,-0.009,-180,-136,-994,-71,29,-9,-104,-57,481,39.016564,-104.8936177,2176080,1001,29,39.0165372,-104.8936061,2175420,15248,-947,318,3,161.15
04-18.522, 2026-04-01 14:45:01, 2026-04-08 16:58:12.892875, True      ,22.75,15.164,10.14,153.763,113,96,0.107,-0.163,2.809,0.045,-0.141,-0.042,-174,-106,-924,44,-141,-42,-104,-59,480,39.0165469,-104.8936103,2176090,1006,29,39.0165271,-104.8936017,2175420,15248,-947,319,3,160.89
04-18.594, 2026-04-01 14:45:01, 2026-04-08 16:58:12.892875, True      ,22.75,15.164,10.14,153.763,113,96,0.11,-0.167,2.805,0.039,0.019,-0.044,-167,-104,-899,38,18,-44,-101,-59,481,39.0165469,-104.8936103,2176090,1006,29,39.0165211,-104.8935991,2175420,15247,-947,320,9,160.7
04-18.662, 2026-04-01 14:45:01, 2026-04-08 16:58:13.090531, True      ,22.75,15.164,10.14,153.763,113,96,0.111,-0.162,2.801,-0.017,0.071,-0.066,-178,-111,-984,-17,70,-66,-101,-59,481,39.0165469,-104.8936103,2176090,1006,29,39.0165149,-104.8935963,2175420,15241,-948,321,11,160.47
04-18.736, 2026-04-01 14:45:01, 2026-04-08 16:58:13.190514, True      ,22.75,15.074,12.33,185.862,115,96,0.109,-0.158,2.797,-0.05,0.072,-0.074,-169,-152,-1045,-49,71,-74,-97,-58,479,39.0165297,-104.8936027,2176090,1009,29,39.0165092,-104.8935938,2175410,15238,-949,320,8,160.21
04-18.805, 2026-04-01 14:45:01, 2026-04-08 16:58:13.190514, True      ,22.75,15.074,12.33,185.862,115,96,0.114,-0.152,2.792,0.065,0.086,-0.081,-148,-88,-999,64,85,-81,-102,-59,480,39.0165297,-104.8936027,2176090,1009,29,39.016503,-104.8935911,2175410,15237,-948,322,7,159.93
04-18.872, 2026-04-01 14:45:02, 2026-04-08 16:58:13.291004, True      ,22.5,15.074,12.33,185.862,115,96,0.119,-0.145,2.787,0,0.136,-0.077,-178,-129,-981,0,135,-78,-102,-59,480,39.0165297,-104.8936027,2176090,1009,29,39.0164972,-104.8935885,2175410,15234,-948,320,7,159.68
04-18.940, 2026-04-01 14:45:02, 2026-04-08 16:58:13.390583, True      ,22.75,15.08,11.83,178.396,115,96,0.114,-0.14,2.784,-0.063,0.017,-0.058,-145,-134,-1007,-63,16,-58,-106,-57,480,39.0165126,-104.8935952,2176080,1003,29,39.0164912,-104.8935859,2175410,15233,-947,320,5,159.48
04-19.009, 2026-04-01 14:45:02, 2026-04-08 16:58:13.390583, True      ,22.75,15.08,11.83,178.396,115,96,0.115,-0.138,2.781,0.036,0.051,-0.048,-163,-129,-1008,35,50,-48,-110,-60,478,39.0165126,-104.8935952,2176080,1003,29,39.0164859,-104.8935835,2175410,15233,-946,321,3,159.32
04-19.075, 2026-04-01 14:45:02, 2026-04-08 16:58:13.490958, True      ,22.75,15.08,11.83,178.396,115,96,0.12,-0.134,2.78,0.068,0.05,-0.007,-208,-113,-977,67,49,-7,-111,-59,478,39.0164955,-104.8935876,2176080,999,29,39.0164793,-104.8935806,2175410,15232,-946,322,1,159.27
04-19.141, 2026-04-01 14:45:02, 2026-04-08 16:58:13.590490, True      ,22.5,15.157,11.36,172.184,116,96,0.122,-0.132,2.781,0.062,0.035,0.014,-218,-154,-987,62,34,13,-111,-59,478,39.0164955,-104.8935876,2176080,999,29,39.0164731,-104.8935778,2175410,15232,-945,321,1,159.34
04-19.228, 2026-04-01 14:45:02, 2026-04-08 16:58:13.590490, True      ,22.75,15.157,11.36,172.184,116,96,0.125,-0.132,2.782,0.045,-0.007,0.014,-151,-161,-1003,44,-7,13,-114,-55,479,39.0164955,-104.8935876,2176080,999,29,39.0164688,-104.8935759,2175410,15232,-941,318,1,159.4
04-19.300, 2026-04-01 14:45:02, 2026-04-08 16:58:13.590490, True      ,22.75,15.157,11.36,172.184,116,96,0.129,-0.139,2.783,0.023,-0.066,0.023,-179,-154,-972,22,-66,22,-113,-53,479,39.0164785,-104.8935801,2176090,1001,29,39.0164603,-104.8935722,2175410,15233,-940,316,3,159.45
04-19.367, 2026-04-01 14:45:02, 2026-04-08 16:58:13.790519, True      ,22.75,15.057,12.27,184.749,117,96,0.127,-0.142,2.784,-0.106,-0.037,0.014,-152,-133,-1014,-106,-37,13,-113,-53,479,39.0164785,-104.8935801,2176090,1001,29,39.0164546,-104.8935697,2175410,15233,-941,315,1,159.49
04-19.444, 2026-04-01 14:45:02, 2026-04-08 16:58:13.892854, True      ,22.75,15.057,12.27,184.749,117,96,0.122,-0.143,2.784,-0.116,-0.025,0.023,-152,-159,-1022,-116,-25,22,-109,-53,478,39.0164785,-104.8935801,2176090,1001,29,39.0164518,-104.8935685,2175410,15234,-939,312,1,159.54
04-19.517, 2026-04-01 14:45:02, 2026-04-08 16:58:13.892854, True      ,22.75,15.057,12.27,184.749,117,96,0.116,-0.143,2.786,-0.059,0.001,0.018,-187,-87,-1011,-59,0,17,-108,-55,479,39.0164615,-104.8935726,2176090,993,29,39.0164425,-104.8935645,2175410,15238,-939,311,-1,159.63
04-19.590, 2026-04-01 14:45:02, 2026-04-08 16:58:13.892854, True      ,22.75,15.057,12.27,184.749,117,96,0.118,-0.145,2.787,0.048,-0.039,0.018,-161,-119,-974,48,-39,17,-110,-57,481,39.0164615,-104.8935726,2176090,993,29,39.016436,-104.8935616,2175420,15245,-938,312,-3,159.67
04-19.665, 2026-04-01 14:45:02, 2026-04-08 16:58:14.090932, True      ,22.5,15.057,12.27,184.749,117,96,0.116,-0.153,2.787,-0.077,-0.159,0.016,-137,-85,-941,-77,-159,15,-110,-57,481,39.0164615,-104.8935726,2176090,993,29,39.0164298,-104.893559,2175430,15250,-940,311,0,159.68
04-19.735, 2026-04-01 14:45:02, 2026-04-08 16:58:14.190500, True      ,22.75,15.021,12.15,182.505,118,96,0.108,-0.162,2.787,-0.083,-0.087,-0.002,-148,-140,-957,-83,-87,-2,-105,-59,479,39.0164446,-104.8935651,2176110,992,29,39.016424,-104.8935565,2175430,15255,-940,308,3,159.63
04-19.808, 2026-04-01 14:45:02, 2026-04-08 16:58:14.190500, True      ,22.75,15.021,12.15,182.505,118,96,0.106,-0.163,2.785,-0.024,0.014,-0.023,-157,-139,-994,-24,13,-23,-98,-62,480,39.0164446,-104.8935651,2176110,992,29,39.0164179,-104.8935539,2175430,15258,-940,309,2,159.56
04-19.879, 2026-04-01 14:45:03, 2026-04-08 16:58:14.290956, True      ,22.75,15.021,12.15,182.505,118,96,0.102,-0.16,2.785,-0.011,0.048,-0.008,-183,-137,-994,-11,47,-8,-99,-63,480,39.0164277,-104.8935579,2176120,987,29,39.0164113,-104.893551,2175440,15260,-943,309,1,159.54
04-19.945, 2026-04-01 14:45:03, 2026-04-08 16:58:14.392914, True      ,22.75,15.132,11.06,167.36,118,96,0.102,-0.16,2.784,-0.052,0.011,-0.018,-179,-102,-982,-51,10,-18,-99,-63,480,39.0164277,-104.8935579,2176120,987,29,39.0164052,-104.8935484,2175440,15260,-941,313,0,159.48
04-20.013, 2026-04-01 14:45:03, 2026-04-08 16:58:14.392914, True      ,22.75,15.132,11.06,167.36,118,96,0.1,-0.159,2.783,-0.027,0.015,-0.025,-160,-161,-987,-27,14,-26,-101,-65,480,39.0164277,-104.8935579,2176120,987,29,39.0164009,-104.8935465,2175440,15260,-941,310,1,159.41
04-20.081, 2026-04-01 14:45:03, 2026-04-08 16:58:14.490901, True      ,22.5,15.132,11.06,167.36,118,96,0.101,-0.16,2.781,0.053,-0.013,-0.011,-167,-131,-968,53,-13,-12,-99,-66,480,39.0164107,-104.8935506,2176120,995,29,39.0163944,-104.8935437,2175430,15258,-941,314,1,159.33
04-20.150, 2026-04-01 14:45:03, 2026-04-08 16:58:14.590508, True      ,22.75,15.112,11.44,172.881,119,96,0.104,-0.158,2.781,0.038,0.037,0.014,-192,-90,-961,37,36,13,-99,-66,480,39.0164107,-104.8935506,2176120,995,29,39.0163882,-104.893541,2175430,15259,-943,313,2,159.37
04-20.221, 2026-04-01 14:45:03, 2026-04-08 16:58:14.590508, True      ,22.5,15.112,11.44,172.881,119,96,0.105,-0.156,2.782,0.07,0.058,0.013,-150,-145,-983,69,57,12,-102,-65,481,39.0164107,-104.8935506,2176120,995,29,39.0163839,-104.8935392,2175430,15259,-942,311,2,159.41
04-20.298, 2026-04-01 14:45:03, 2026-04-08 16:58:14.590508, True      ,22.5,15.112,11.44,172.881,119,96,0.105,-0.155,2.783,-0.084,0.005,0.009,-142,-141,-1004,-84,4,8,-102,-63,480,39.0163937,-104.8935433,2176120,998,29,39.0163765,-104.893536,2175430,15259,-942,313,2,159.47
04-20.362, 2026-04-01 14:45:03, 2026-04-08 16:58:14.790523, True      ,22.5,15.111,11.13,168.185,120,96,0.102,-0.155,2.784,0.002,0.013,0.008,-131,-154,-994,2,13,7,-102,-63,480,39.0163937,-104.8935433,2176120,998,29,39.0163696,-104.893533,2175430,15259,-944,314,1,159.53
04-20.443, 2026-04-01 14:45:03, 2026-04-08 16:58:14.892930, True      ,22.75,15.111,11.13,168.185,120,96,0.105,-0.155,2.785,0.012,0.026,0.013,-139,-121,-988,11,25,12,-103,-64,480,39.0163937,-104.8935433,2176120,998,29,39.0163669,-104.8935318,2175430,15259,-943,314,1,159.55
04-20.511, 2026-04-01 14:45:03, 2026-04-08 16:58:14.892930, True      ,22.5,15.111,11.13,168.185,120,96,0.102,-0.151,2.787,-0.026,0.026,0.024,-189,-88,-975,-26,26,23,-103,-64,479,39.0163767,-104.8935359,2176110,998,29,39.0163575,-104.8935278,2175430,15259,-945,315,1,159.69
04-20.576, 2026-04-01 14:45:03, 2026-04-08 16:58:14.990542, True      ,22.75,15.105,11.32,170.989,120,96,0.099,-0.15,2.789,-0.016,0.034,0.022,-149,-142,-985,-16,33,21,-106,-65,479,39.0163767,-104.8935359,2176110,998,29,39.0163517,-104.8935253,2175430,15257,-943,316,2,159.81
04-20.650, 2026-04-01 14:45:03, 2026-04-08 16:58:15.090499, True      ,22.75,15.105,11.32,170.989,120,96,0.099,-0.148,2.79,-0.018,0.045,0.03,-175,-174,-979,-18,44,28,-106,-65,479,39.0163767,-104.8935359,2176110,998,29,39.0163498,-104.8935244,2175430,15257,-945,315,1,159.86
04-20.719, 2026-04-01 14:45:03, 2026-04-08 16:58:15.090499, True      ,22.75,15.105,11.32,170.989,120,96,0.1,-0.146,2.793,0.012,0.013,0.023,-174,-103,-981,12,12,22,-107,-65,478,39.0163596,-104.8935285,2176120,1001,29,39.0163396,-104.89352,2175430,15253,-944,317,1,160.02
04-20.788, 2026-04-01 14:45:03, 2026-04-08 16:58:15.090499, True      ,22.75,15.105,11.32,170.989,120,96,0.099,-0.146,2.795,-0.028,0.026,0.023,-131,-103,-996,-28,25,22,-108,-64,479,39.0163596,-104.8935285,2176120,1001,29,39.0163339,-104.8935175,2175430,15251,-944,316,0,160.14
04-20.861, 2026-04-01 14:45:04, 2026-04-08 16:58:15.290907, True      ,22.75,15.105,11.32,170.989,120,96,0.099,-0.146,2.796,0.031,-0.004,0.019,-161,-110,-985,30,-4,18,-108,-64,479,39.0163596,-104.8935285,2176120,1001,29,39.0163277,-104.8935148,2175430,15251,-944,317,0,160.21
04-20.932, 2026-04-01 14:45:04, 2026-04-08 16:58:15.392996, True      ,22.75,15.105,10.99,166.004,122,96,0.099,-0.147,2.798,0.02,-0.004,0.025,-156,-179,-984,19,-4,24,-108,-64,478,39.0163426,-104.8935211,2176110,997,29,39.016322,-104.8935123,2175430,15251,-945,315,1,160.31
04-21.003, 2026-04-01 14:45:04, 2026-04-08 16:58:15.392996, True      ,22.75,15.105,10.99,166.004,122,96,0.1,-0.147,2.799,-0.001,0.005,0.026,-198,-103,-984,-1,4,25,-108,-64,479,39.0163426,-104.8935211,2176110,997,29,39.0163158,-104.8935096,2175430,15251,-944,317,0,160.41
04-21.072, 2026-04-01 14:45:04, 2026-04-08 16:58:15.490969, True      ,22.75,15.105,10.99,166.004,122,96,0.1,-0.147,2.801,0.006,-0.006,0.022,-201,-126,-967,5,-6,21,-108,-64,479,39.0163426,-104.8935211,2176110,997,29,39.0163101,-104.8935071,2175430,15250,-944,316,0,160.5
04-21.144, 2026-04-01 14:45:04, 2026-04-08 16:58:15.590463, True      ,22.75,15.125,10.85,164.106,122,96,0.102,-0.147,2.802,0.035,0.031,0.013,-188,-100,-968,35,30,12,-108,-63,478,39.0163255,-104.8935137,2176110,1000,29,39.0163041,-104.8935045,2175430,15251,-945,318,0,160.55
04-21.221, 2026-04-01 14:45:04, 2026-04-08 16:58:15.590463, True      ,22.75,15.125,10.85,164.106,122,96,0.1,-0.145,2.802,-0.003,0.033,-0.003,-165,-133,-1002,-2,32,-3,-110,-62,479,39.0163255,-104.8935137,2176110,1000,29,39.0162988,-104.8935022,2175430,15250,-944,317,0,160.56
04-21.298, 2026-04-01 14:45:04, 2026-04-08 16:58:15.590463, True      ,22.5,15.125,10.85,164.106,122,96,0.106,-0.14,2.802,0.065,0.052,-0.015,-147,-118,-991,64,51,-15,-112,-61,478,39.0163085,-104.8935063,2176120,1001,29,39.0162913,-104.893499,2175430,15250,-943,317,-1,160.53
04-21.370, 2026-04-01 14:45:04, 2026-04-08 16:58:15.790515, True      ,22.5,15.19,10.4,157.976,123,96,0.105,-0.137,2.802,-0.027,0.015,0.004,-170,-88,-999,-27,14,2,-112,-61,478,39.0163085,-104.8935063,2176120,1001,29,39.0162845,-104.893496,2175430,15250,-943,314,-1,160.56
04-21.452, 2026-04-01 14:45:04, 2026-04-08 16:58:15.892890, True      ,22.5,15.19,10.4,157.976,123,96,0.105,-0.137,2.802,-0.01,-0.016,0.012,-196,-82,-983,-10,-16,11,-115,-60,478,39.0163085,-104.8935063,2176120,1001,29,39.0162817,-104.8934948,2175430,15250,-941,314,-1,160.57
04-21.526, 2026-04-01 14:45:04, 2026-04-08 16:58:15.892890, True      ,22.75,15.19,10.4,157.976,123,96,0.103,-0.145,2.803,-0.022,-0.052,-0.001,-169,-101,-970,-21,-52,-1,-113,-60,479,39.0162915,-104.8934989,2176110,991,29,39.0162717,-104.8934905,2175430,15254,-940,313,0,160.56
04-21.598, 2026-04-01 14:45:04, 2026-04-08 16:58:15.892890, True      ,22.5,15.19,10.4,157.976,123,96,0.102,-0.152,2.802,-0.021,-0.089,0.002,-159,-124,-964,-21,-89,1,-110,-62,479,39.0162915,-104.8934989,2176110,991,29,39.0162647,-104.8934875,2175430,15254,-938,311,1,160.49
04-21.671, 2026-04-01 14:45:04, 2026-04-08 16:58:16.090940, True      ,22.5,15.19,10.4,157.976,123,96,0.099,-0.155,2.801,-0.058,-0.033,-0.001,-163,-115,-983,-57,-33,-1,-110,-62,479,39.0162915,-104.8934989,2176110,991,29,39.016259,-104.893485,2175430,15252,-939,312,2,160.48
04-21.743, 2026-04-01 14:45:04, 2026-04-08 16:58:16.190479, True      ,22.75,15.106,11.29,170.547,124,96,0.095,-0.157,2.8,-0.062,-0.049,-0.008,-174,-155,-981,-62,-49,-8,-105,-63,479,39.0162746,-104.8934916,2176110,987,29,39.0162531,-104.8934825,2175420,15249,-937,312,2,160.42
04-21.818, 2026-04-01 14:45:04, 2026-04-08 16:58:16.190479, True      ,22.75,15.106,11.29,170.547,124,96,0.094,-0.16,2.799,-0.039,-0.023,-0.019,-167,-59,-980,-39,-23,-19,-104,-66,479,39.0162746,-104.8934916,2176110,987,29,39.0162479,-104.8934802,2175420,15246,-937,315,1,160.35
04-21.890, 2026-04-01 14:45:05, 2026-04-08 16:58:16.190479, True      ,22.75,15.106,11.29,170.547,124,96,0.09,-0.16,2.797,-0.059,0.002,-0.028,-195,-96,-1011,-58,1,-28,-102,-67,479,39.0162577,-104.8934842,2176130,998,29,39.0162405,-104.8934769,2175420,15242,-938,314,1,160.23
04-21.964, 2026-04-01 14:45:05, 2026-04-08 16:58:16.392879, True      ,22.75,15.168,10.83,164.269,125,96,0.09,-0.158,2.796,0.045,0.027,-0.002,-190,-101,-1013,44,26,-2,-102,-67,479,39.0162577,-104.8934842,2176130,998,29,39.0162343,-104.8934743,2175420,15241,-938,314,-1,160.19
04-22.045, 2026-04-01 14:45:05, 2026-04-08 16:58:16.490930, True      ,22.5,15.168,10.83,164.269,125,96,0.092,-0.157,2.796,0.053,-0.006,-0.011,-200,-101,-1003,52,-6,-11,-104,-68,481,39.0162577,-104.8934842,2176130,998,29,39.0162309,-104.8934728,2175420,15241,-939,314,-2,160.16
04-22.118, 2026-04-01 14:45:05, 2026-04-08 16:58:16.490930, True      ,22.75,15.168,10.83,164.269,125,96,0.093,-0.156,2.794,-0.017,0.01,0.007,-202,-99,-963,-17,9,5,-104,-66,481,39.0162407,-104.8934767,2176130,989,29,39.0162216,-104.8934687,2175420,15247,-939,314,-2,160.12
04-22.190, 2026-04-01 14:45:05, 2026-04-08 16:58:16.490930, True      ,22.75,15.168,10.83,164.269,125,96,0.094,-0.159,2.795,0.002,-0.048,0.014,-154,-105,-966,1,-48,13,-105,-66,481,39.0162407,-104.8934767,2176130,989,29,39.0162151,-104.8934658,2175430,15252,-940,316,-1,160.16
04-22.263, 2026-04-01 14:45:05, 2026-04-08 16:58:16.690896, True      ,22.75,15.168,10.83,164.269,125,96,0.091,-0.162,2.797,-0.066,-0.031,0.023,-214,-98,-988,-66,-31,22,-105,-66,481,39.0162407,-104.8934767,2176130,989,29,39.0162089,-104.8934631,2175430,15255,-940,314,0,160.24
04-22.336, 2026-04-01 14:45:05, 2026-04-08 16:58:16.790529, True      ,22.75,15.184,10.47,158.976,126,96,0.092,-0.162,2.798,0.013,0.029,0.007,-154,-123,-992,12,28,6,-101,-68,480,39.0162239,-104.8934694,2176140,989,29,39.0162032,-104.8934606,2175430,15259,-940,315,-1,160.29
04-22.412, 2026-04-01 14:45:05, 2026-04-08 16:58:16.790529, True      ,22.75,15.184,10.47,158.976,126,96,0.089,-0.161,2.798,-0.065,0.002,0.009,-185,-134,-1003,-65,1,8,-103,-67,481,39.0162239,-104.8934694,2176140,989,29,39.016197,-104.893458,2175440,15262,-940,316,-1,160.34
04-22.491, 2026-04-01 14:45:05, 2026-04-08 16:58:16.892863, True      ,22.75,15.184,10.47,158.976,126,96,0.086,-0.161,2.799,-0.031,0.022,0.003,-185,-125,-976,-31,21,2,-103,-68,480,39.0162069,-104.8934621,2176150,994,29,39.01619,-104.8934549,2175440,15265,-939,315,-1,160.36
04-22.559, 2026-04-01 14:45:05, 2026-04-08 16:58:16.990512, True      ,22.75,15.265,9.12,139.217,126,96,0.09,-0.161,2.799,0.055,0.006,-0.004,-203,-107,-979,55,5,-5,-103,-68,480,39.0162069,-104.8934621,2176150,994,29,39.0161835,-104.8934521,2175440,15267,-937,315,-1,160.37
04-22.632, 2026-04-01 14:45:05, 2026-04-08 16:58:17.090943, True      ,22.75,15.265,9.12,139.217,126,96,0.093,-0.16,2.799,0.067,0.025,0.006,-201,-97,-963,66,24,5,-104,-68,482,39.0162069,-104.8934621,2176150,994,29,39.0161801,-104.8934506,2175440,15268,-940,316,-2,160.37
04-22.701, 2026-04-01 14:45:05, 2026-04-08 16:58:17.090943, True      ,22.5,15.265,9.12,139.217,126,96,0.099,-0.164,2.801,0.022,-0.097,0.03,-147,-103,-935,21,-97,29,-103,-64,482,39.01619,-104.8934548,2176140,988,29,39.0161716,-104.8934469,2175440,15268,-937,316,0,160.49
04-22.765, 2026-04-01 14:45:05, 2026-04-08 16:58:17.190563, True      ,22.5,15.139,9.8,148.362,127,96,0.091,-0.171,2.802,-0.144,-0.091,0.031,-198,-111,-936,-144,-91,29,-103,-64,482,39.01619,-104.8934548,2176140,988,29,39.0161659,-104.8934444,2175440,15266,-937,316,2,160.57
04-22.840, 2026-04-01 14:45:06, 2026-04-08 16:58:17.290980, True      ,22.75,15.139,9.8,148.362,127,96,0.086,-0.173,2.803,-0.141,-0.065,0.023,-215,-115,-959,-140,-65,22,-99,-65,480,39.01619,-104.8934548,2176140,988,29,39.0161631,-104.8934432,2175440,15264,-939,317,3,160.6
04-22.908, 2026-04-01 14:45:06, 2026-04-08 16:58:17.290980, True      ,22.75,15.139,9.8,148.362,127,96,0.086,-0.169,2.802,-0.017,0.044,-0.024,-200,-92,-1002,-17,44,-24,-97,-69,481,39.0161732,-104.8934475,2176140,985,29,39.0161538,-104.8934392,2175430,15257,-939,315,1,160.51
04-22.971, 2026-04-01 14:45:06, 2026-04-08 16:58:17.392871, True      ,22.5,15.227,9.89,150.595,127,96,0.085,-0.168,2.801,-0.044,0.014,-0.013,-176,-63,-994,-44,13,-13,-100,-69,482,39.0161732,-104.8934475,2176140,985,29,39.0161477,-104.8934365,2175430,15252,-940,316,0,160.45
04-23.051, 2026-04-01 14:45:06, 2026-04-08 16:58:17.491019, True      ,22.75,15.227,9.89,150.595,127,96,0.084,-0.168,2.801,-0.012,-0.008,0.002,-190,-89,-982,-12,-8,1,-100,-69,482,39.0161732,-104.8934475,2176140,985,29,39.0161462,-104.8934358,2175430,15251,-940,316,0,160.44
04-23.120, 2026-04-01 14:45:06, 2026-04-08 16:58:17.491019, True      ,22.75,15.227,9.89,150.595,127,96,0.088,-0.173,2.802,0.05,-0.092,0.019,-211,-92,-952,49,-92,17,-100,-70,481,39.0161563,-104.8934401,2176150,995,29,39.0161363,-104.8934315,2175430,15251,-939,317,1,160.52
04-23.192, 2026-04-01 14:45:06, 2026-04-08 16:58:17.491019, True      ,22.5,15.227,9.89,150.595,127,96,0.089,-0.174,2.804,0.035,0.027,0.044,-218,-123,-975,34,26,43,-97,-67,482,39.0161563,-104.8934401,2176150,995,29,39.0161304,-104.8934289,2175420,15249,-940,318,4,160.67
04-23.269, 2026-04-01 14:45:06, 2026-04-08 16:58:17.690945, True      ,22.75,15.227,9.89,150.595,127,96,0.089,-0.173,2.807,-0.062,-0.019,0.037,-211,-93,-989,-62,-19,36,-97,-67,482,39.0161563,-104.8934401,2176150,995,29,39.0161242,-104.8934262,2175420,15248,-939,318,0,160.84
04-23.341, 2026-04-01 14:45:06, 2026-04-08 16:58:17.790517, True      ,22.75,15.22,9.47,144.133,128,96,0.084,-0.172,2.808,0.006,-0.001,0.005,-217,-134,-970,6,-1,4,-96,-67,481,39.0161394,-104.8934326,2176150,994,29,39.0161177,-104.8934233,2175420,15246,-942,317,0,160.89
04-23.420, 2026-04-01 14:45:06, 2026-04-08 16:58:17.790517, True      ,22.75,15.22,9.47,144.133,128,96,0.084,-0.176,2.808,-0.025,-0.048,-0.001,-156,-124,-960,-25,-48,-1,-98,-68,482,39.0161394,-104.8934326,2176150,994,29,39.0161124,-104.893421,2175420,15244,-939,319,3,160.9
04-23.493, 2026-04-01 14:45:06, 2026-04-08 16:58:17.790517, True      ,22.5,15.22,9.47,144.133,128,96,0.082,-0.178,2.809,0.017,0.022,0.02,-160,-137,-990,16,21,19,-95,-69,481,39.0161225,-104.8934252,2176130,990,29,39.016105,-104.8934177,2175420,15240,-942,320,2,160.94
04-23.568, 2026-04-01 14:45:06, 2026-04-08 16:58:17.990550, True      ,22.75,15.13,11.08,167.64,129,96,0.081,-0.177,2.811,0,-0.001,0.03,-167,-102,-1023,0,-1,29,-95,-69,481,39.0161225,-104.8934252,2176130,990,29,39.0160988,-104.893415,2175410,15238,-940,321,1,161.1
04-23.652, 2026-04-01 14:45:06, 2026-04-08 16:58:18.090510, True      ,22.75,15.13,11.08,167.64,129,96,0.082,-0.178,2.812,0.052,-0.032,0.017,-184,-143,-1005,52,-31,16,-96,-69,481,39.0161225,-104.8934252,2176130,990,29,39.0160954,-104.8934134,2175410,15237,-940,321,1,161.12
04-23.728, 2026-04-01 14:45:06, 2026-04-08 16:58:18.190575, True      ,22.75,15.14,10.72,162.301,130,96,0.087,-0.178,2.813,0.023,-0.02,-0.008,-190,-152,-956,23,-20,-8,-96,-67,482,39.0161056,-104.8934178,2176130,992,29,39.0160853,-104.893409,2175410,15238,-940,324,0,161.12
04-23.800, 2026-04-01 14:45:06, 2026-04-08 16:58:18.190575, True      ,22.75,15.14,10.72,162.301,130,96,0.089,-0.178,2.811,-0.003,0.006,-0.011,-208,-135,-988,-2,5,-11,-95,-66,482,39.0161056,-104.8934178,2176130,992,29,39.0160785,-104.893406,2175410,15237,-941,324,2,161.09
04-23.873, 2026-04-01 14:45:07, 2026-04-08 16:58:18.290887, True      ,22.75,15.14,10.72,162.301,130,96,0.09,-0.178,2.811,0.016,0.006,-0.01,-180,-137,-1015,16,6,-10,-95,-66,482,39.0161056,-104.8934178,2176130,992,29,39.0160729,-104.8934035,2175410,15236,-942,326,0,161.05
04-23.949, 2026-04-01 14:45:07, 2026-04-08 16:58:18.392901, True      ,22.5,15.208,10.23,155.578,130,96,0.089,-0.175,2.81,0.025,0.008,-0.022,-215,-132,-993,25,7,-22,-95,-65,482,39.0160887,-104.8934103,2176120,996,29,39.016067,-104.8934008,2175410,15236,-941,322,0,160.97
04-24.030, 2026-04-01 14:45:07, 2026-04-08 16:58:18.490952, True      ,22.75,15.208,10.23,155.578,130,96,0.094,-0.175,2.808,0.057,-0.006,-0.035,-190,-74,-983,57,-6,-35,-98,-65,483,39.0160887,-104.8934103,2176120,996,29,39.0160617,-104.8933985,2175410,15235,-940,324,-1,160.84
04-24.102, 2026-04-01 14:45:07, 2026-04-08 16:58:18.490952, True      ,22.75,15.208,10.23,155.578,130,96,0.096,-0.178,2.804,-0.055,-0.035,-0.039,-191,-112,-985,-55,-35,-39,-95,-62,483,39.0160718,-104.8934028,2176100,991,29,39.0160532,-104.8933947,2175410,15235,-943,323,-1,160.6
04-24.174, 2026-04-01 14:45:07, 2026-04-08 16:58:18.590484, True      ,22.5,15.175,10.5,159.338,131,96,0.095,-0.179,2.8,0.018,0.002,-0.057,-180,-141,-991,18,1,-57,-95,-62,483,39.0160718,-104.8934028,2176100,991,29,39.0160475,-104.8933922,2175410,15234,-944,322,-1,160.39
04-24.250, 2026-04-01 14:45:07, 2026-04-08 16:58:18.690909, True      ,22.75,15.175,10.5,159.338,131,96,0.096,-0.179,2.798,-0.001,-0.018,-0.063,-154,-103,-987,-1,-18,-63,-95,-64,484,39.0160718,-104.8934028,2176100,991,29,39.0160448,-104.893391,2175410,15234,-943,320,-1,160.28
04-24.320, 2026-04-01 14:45:07, 2026-04-08 16:58:18.690909, True      ,22.75,15.175,10.5,159.338,131,96,0.091,-0.18,2.792,-0.058,0.042,-0.031,-191,-160,-991,-57,41,-31,-92,-65,483,39.0160548,-104.8933953,2176100,1004,29,39.0160345,-104.8933865,2175400,15229,-947,319,0,159.98
04-24.393, 2026-04-01 14:45:07, 2026-04-08 16:58:18.690909, True      ,22.75,15.175,10.5,159.338,131,96,0.09,-0.178,2.791,-0.033,0.006,-0.023,-206,-111,-981,-33,5,-23,-94,-67,483,39.0160548,-104.8933953,2176100,1004,29,39.0160288,-104.893384,2175400,15227,-949,318,-2,159.89
04-24.466, 2026-04-01 14:45:07, 2026-04-08 16:58:18.892887, True      ,22.75,15.175,10.5,159.338,131,96,0.085,-0.176,2.791,-0.103,0.046,0.002,-180,-91,-988,-102,45,1,-94,-67,483,39.0160548,-104.8933953,2176100,1004,29,39.0160228,-104.8933815,2175400,15226,-951,319,-1,159.89
04-24.535, 2026-04-01 14:45:07, 2026-04-08 16:58:18.990533, True      ,22.75,15.228,9.66,147.102,132,95,0.082,-0.172,2.792,0.012,0.036,0.005,-181,-74,-969,12,35,3,-94,-71,482,39.0160377,-104.8933877,2176110,1001,29,39.0160159,-104.8933784,2175400,15225,-953,320,-2,159.95
04-24.605, 2026-04-01 14:45:07, 2026-04-08 16:58:18.990533, True      ,22.5,15.228,9.66,147.102,132,95,0.082,-0.174,2.791,0.013,-0.037,-0.007,-134,-119,-957,13,-37,-7,-98,-73,482,39.0160377,-104.8933877,2176110,1001,29,39.0160105,-104.8933761,2175400,15222,-954,318,0,159.89
04-24.682, 2026-04-01 14:45:07, 2026-04-08 16:58:19.090981, True      ,22.75,15.228,9.66,147.102,132,95,0.078,-0.175,2.791,-0.106,0.036,0.012,-147,-124,-971,-106,35,11,-98,-73,482,39.0160377,-104.8933877,2176110,1001,29,39.0160047,-104.8933736,2175390,15218,-956,322,1,159.91
04-24.751, 2026-04-01 14:45:07, 2026-04-08 16:58:19.190553, True      ,22.75,15.122,11.84,179.044,132,95,0.076,-0.163,2.794,0.011,0.135,0.027,-168,-54,-1016,10,134,26,-94,-74,480,39.0160207,-104.8933802,2176100,1001,29,39.0159976,-104.8933705,2175390,15212,-956,323,0,160.12
04-24.832, 2026-04-01 14:45:08, 2026-04-08 16:58:19.290932, True      ,22.75,15.122,11.84,179.044,132,95,0.073,-0.159,2.796,-0.043,0.11,0.026,-151,-133,-1026,-43,109,25,-100,-76,481,39.0160207,-104.8933802,2176100,1001,29,39.0159933,-104.8933686,2175390,15210,-957,320,-2,160.24
04-24.908, 2026-04-01 14:45:08, 2026-04-08 16:58:19.290932, True      ,22.75,15.122,11.84,179.044,132,95,0.067,-0.148,2.801,-0.029,0.108,0.03,-142,-84,-1003,-28,107,28,-106,-77,479,39.0160035,-104.8933727,2176120,1011,29,39.0159846,-104.8933648,2175380,15205,-957,321,-3,160.51
04-24.973, 2026-04-01 14:45:08, 2026-04-08 16:58:19.392934, True      ,22.5,15.213,9.38,142.698,133,95,0.067,-0.149,2.802,0.027,-0.088,0.012,-199,-78,-931,26,-88,11,-111,-78,478,39.0160035,-104.8933727,2176120,1011,29,39.0159775,-104.8933617,2175380,15202,-957,323,0,160.56
04-25.049, 2026-04-01 14:45:08, 2026-04-08 16:58:19.490891, True      ,22.75,15.213,9.38,142.698,133,95,0.067,-0.15,2.802,0.013,-0.078,0.004,-172,-81,-943,12,-78,3,-111,-78,478,39.0160035,-104.8933727,2176120,1011,29,39.015976,-104.893361,2175380,15201,-956,323,0,160.56
04-25.118, 2026-04-01 14:45:08, 2026-04-08 16:58:19.490891, True      ,22.75,15.213,9.38,142.698,133,95,0.07,-0.151,2.801,0.048,0.045,-0.037,-153,-66,-985,47,44,-38,-106,-79,476,39.0159863,-104.8933651,2176120,1009,29,39.0159659,-104.8933566,2175370,15190,-958,323,2,160.44
04-25.188, 2026-04-01 14:45:08, 2026-04-08 16:58:19.490891, True      ,22.75,15.213,9.38,142.698,133,95,0.07,-0.147,2.798,0.003,0.039,-0.047,-165,-112,-1009,3,38,-47,-108,-78,476,39.0159863,-104.8933651,2176120,1009,29,39.0159598,-104.8933539,2175360,15181,-959,320,1,160.28
04-25.267, 2026-04-01 14:45:08, 2026-04-08 16:58:19.690934, True      ,22.5,15.213,9.38,142.698,133,95,0.072,-0.143,2.795,-0.003,0.081,-0.049,-167,-46,-998,-3,80,-49,-108,-78,476,39.0159863,-104.8933651,2176120,1009,29,39.0159536,-104.8933512,2175350,15174,-958,320,0,160.08
04-25.337, 2026-04-01 14:45:08, 2026-04-08 16:58:19.790524, True      ,22.5,15.138,11.91,180.294,134,95,0.075,-0.132,2.791,0.026,0.097,-0.056,-158,-107,-1003,25,96,-56,-110,-77,477,39.0159691,-104.8933576,2176100,1008,29,39.0159469,-104.8933483,2175340,15166,-959,318,-1,159.87
04-25.409, 2026-04-01 14:45:08, 2026-04-08 16:58:19.790524, True      ,22.5,15.138,11.91,180.294,134,95,0.075,-0.13,2.788,-0.04,0.023,-0.045,-129,-72,-1024,-39,23,-45,-115,-76,477,39.0159691,-104.8933576,2176100,1008,29,39.0159415,-104.8933459,2175340,15162,-959,317,-1,159.71
04-25.479, 2026-04-01 14:45:08, 2026-04-08 16:58:19.890997, True      ,22.75,15.138,11.91,180.294,134,95,0.07,-0.127,2.785,-0.068,0.033,-0.035,-136,-84,-1003,-68,32,-35,-116,-78,475,39.0159518,-104.8933502,2176100,1010,29,39.0159346,-104.893343,2175330,15157,-959,316,-3,159.56
04-25.550, 2026-04-01 14:45:08, 2026-04-08 16:58:19.990563, True      ,22.75,15.117,11.38,172.031,135,95,0.064,-0.128,2.784,-0.084,0.003,-0.018,-139,-78,-994,-84,3,-18,-116,-78,475,39.0159518,-104.8933502,2176100,1010,29,39.0159285,-104.8933404,2175330,15151,-960,313,-3,159.48
04-25.620, 2026-04-01 14:45:08, 2026-04-08 16:58:19.990563, True      ,22.75,15.117,11.38,172.031,135,95,0.06,-0.123,2.783,-0.07,0.106,-0.019,-174,-53,-990,-70,105,-19,-118,-83,475,39.0159518,-104.8933502,2176100,1010,29,39.0159242,-104.8933386,2175320,15148,-960,313,-4,159.44
04-25.691, 2026-04-01 14:45:08, 2026-04-08 16:58:19.990563, True      ,22.75,15.117,11.38,172.031,135,95,0.054,-0.115,2.783,-0.08,0.033,0.013,-121,-50,-1065,-80,32,12,-122,-87,473,39.0159346,-104.8933429,2176100,1003,29,39.0159166,-104.8933354,2175320,15141,-957,313,-9,159.48
04-25.764, 2026-04-01 14:45:08, 2026-04-08 16:58:20.190509, True      ,22.75,15.224,9.56,145.541,136,95,0.046,-0.118,2.786,-0.065,-0.043,0.042,-118,-65,-990,-65,-43,41,-122,-87,473,39.0159346,-104.8933429,2176100,1003,29,39.0159104,-104.8933328,2175320,15140,-956,311,-9,159.66
04-25.843, 2026-04-01 14:45:09, 2026-04-08 16:58:20.290916, True      ,22.5,15.224,9.56,145.541,136,95,0.044,-0.119,2.787,-0.034,-0.05,0.046,-165,-96,-952,-34,-50,44,-125,-90,472,39.0159346,-104.8933429,2176100,1003,29,39.015907,-104.8933314,2175310,15137,-956,310,-8,159.74
04-25.920, 2026-04-01 14:45:09, 2026-04-08 16:58:20.290916, True      ,22.5,15.224,9.56,145.541,136,95,0.038,-0.123,2.793,-0.085,-0.028,0.066,-154,-35,-996,-85,-28,64,-121,-93,471,39.0159175,-104.8933357,2176120,1002,29,39.0158976,-104.8933274,2175310,15132,-955,313,-8,160.09
04-25.994, 2026-04-01 14:45:09, 2026-04-08 16:58:20.290916, True      ,22.75,15.224,9.56,145.541,136,95,0.03,-0.127,2.798,-0.068,-0.037,0.065,-189,-74,-987,-68,-37,64,-119,-96,471,39.0159175,-104.8933357,2176120,1002,29,39.015891,-104.8933246,2175300,15127,-951,313,-8,160.37
04-26.062, 2026-04-01 14:45:09, 2026-04-08 16:58:20.490960, True      ,22.75,15.224,9.56,145.541,136,95,0.028,-0.128,2.802,-0.026,0.011,0.043,-159,-15,-995,-26,10,42,-119,-96,471,39.0159175,-104.8933357,2176120,1002,29,39.0158848,-104.893322,2175300,15127,-950,313,-7,160.58
04-26.131, 2026-04-01 14:45:09, 2026-04-08 16:58:20.590516, True      ,22.75,15.114,11.61,175.474,137,95,0.028,-0.126,2.805,0.034,0.034,0.027,-145,-107,-1010,34,33,26,-117,-97,470,39.0159002,-104.8933284,2176140,1010,29,39.015879,-104.8933195,2175300,15125,-949,313,-9,160.7
04-26.198, 2026-04-01 14:45:09, 2026-04-08 16:58:20.590516, True      ,22.75,15.114,11.61,175.474,137,95,0.027,-0.125,2.806,-0.001,0.005,0.015,-156,-23,-995,-1,4,14,-120,-97,471,39.0159002,-104.8933284,2176140,1010,29,39.0158728,-104.8933168,2175300,15126,-947,314,-10,160.8
04-26.264, 2026-04-01 14:45:09, 2026-04-08 16:58:20.690955, True      ,22.75,15.114,11.61,175.474,137,95,0.025,-0.12,2.808,-0.018,0.114,0.022,-163,-32,-1021,-17,113,21,-120,-97,471,39.0159002,-104.8933284,2176140,1010,29,39.0158671,-104.8933144,2175300,15128,-947,314,-11,160.9
04-26.342, 2026-04-01 14:45:09, 2026-04-08 16:58:20.790532, True      ,22.5,15.259,9.82,149.843,137,95,0.024,-0.115,2.81,0.064,0.091,0.025,-160,-90,-1044,64,90,24,-120,-98,471,39.0158831,-104.8933212,2176170,997,29,39.015862,-104.8933122,2175310,15132,-944,316,-15,161.01
04-26.414, 2026-04-01 14:45:09, 2026-04-08 16:58:20.790532, True      ,22.5,15.259,9.82,149.843,137,95,0.028,-0.112,2.812,0.038,0.012,0.036,-187,-72,-1053,38,11,35,-127,-96,471,39.0158831,-104.8933212,2176170,997,29,39.0158558,-104.8933095,2175310,15138,-942,317,-20,161.16
04-26.481, 2026-04-01 14:45:09, 2026-04-08 16:58:20.892893, True      ,22.75,15.259,9.82,149.843,137,95,0.031,-0.115,2.817,0.057,-0.019,0.059,-135,-77,-1000,56,-19,58,-129,-93,472,39.015866,-104.893314,2176200,992,29,39.0158492,-104.8933066,2175320,15148,-937,318,-21,161.42
04-26.548, 2026-04-01 14:45:09, 2026-04-08 16:58:20.990556, True      ,22.5,15.34,7.62,116.891,138,95,0.032,-0.118,2.821,-0.008,-0.09,0.069,-165,-105,-984,-8,-90,67,-129,-93,472,39.015866,-104.893314,2176200,992,29,39.0158432,-104.893304,2175340,15161,-936,317,-20,161.66
04-26.617, 2026-04-01 14:45:09, 2026-04-08 16:58:20.990556, True      ,22.75,15.34,7.62,116.891,138,95,0.029,-0.125,2.824,-0.069,-0.151,0.072,-155,-64,-973,-69,-150,71,-128,-91,472,39.015866,-104.893314,2176200,992,29,39.0158389,-104.8933021,2175350,15170,-935,317,-20,161.83
04-26.689, 2026-04-01 14:45:09, 2026-04-08 16:58:20.990556, True      ,22.75,15.34,7.62,116.891,138,95,0.027,-0.14,2.83,0.027,-0.164,0.075,-129,-109,-959,26,-164,74,-121,-92,473,39.015866,-104.893314,2176200,992,29,39.0158316,-104.8932989,2175360,15188,-933,319,-16,162.17
04-26.755, 2026-04-01 14:45:09, 2026-04-08 16:58:21.190535, True      ,22.75,15.27,8.33,127.199,138,95,0.029,-0.147,2.833,-0.01,-0.087,0.049,-176,-66,-962,-9,-87,48,-121,-92,473,39.0158491,-104.8933067,2176260,989,29,39.0158256,-104.8932962,2175380,15202,-932,322,-14,162.35
04-26.838, 2026-04-01 14:45:10, 2026-04-08 16:58:21.290942, True      ,22.75,15.27,8.33,127.199,138,95,0.027,-0.151,2.835,0.02,-0.115,0.056,-139,-88,-981,20,-115,55,-115,-90,475,39.0158491,-104.8933067,2176260,989,29,39.0158223,-104.8932947,2175380,15209,-933,322,-13,162.47
04-26.909, 2026-04-01 14:45:10, 2026-04-08 16:58:21.290942, True      ,22.75,15.27,8.33,127.199,138,95,0.03,-0.164,2.838,0.021,-0.083,0.008,-155,-107,-958,21,-83,7,-110,-89,476,39.0158323,-104.8932993,2176300,986,29,39.0158131,-104.8932906,2175400,15226,-935,323,-8,162.59
04-26.973, 2026-04-01 14:45:10, 2026-04-08 16:58:21.392910, True      ,22.75,15.22,8.64,131.501,139,95,0.031,-0.166,2.837,-0.004,0.033,-0.018,-139,-94,-977,-3,32,-18,-105,-89,477,39.0158323,-104.8932993,2176300,986,29,39.015807,-104.8932879,2175410,15236,-935,326,-7,162.54
04-27.055, 2026-04-01 14:45:10, 2026-04-08 16:58:21.490948, True      ,22.75,15.22,8.64,131.501,139,95,0.033,-0.164,2.837,0.004,0.078,-0.017,-124,-62,-983,3,78,-17,-105,-89,477,39.0158323,-104.8932993,2176300,986,29,39.0158055,-104.8932872,2175410,15238,-934,326,-7,162.54
04-27.129, 2026-04-01 14:45:10, 2026-04-08 16:58:21.590474, True      ,22.5,15.332,7.86,120.51,139,95,0.038,-0.146,2.839,0.108,0.169,0.022,-181,-96,-979,107,168,20,-108,-88,477,39.0158154,-104.8932919,2176320,991,29,39.0157956,-104.8932828,2175430,15250,-935,328,-7,162.65
04-27.195, 2026-04-01 14:45:10, 2026-04-08 16:58:21.590474, True      ,22.75,15.332,7.86,120.51,139,95,0.043,-0.131,2.841,0.074,0.185,0.017,-151,-110,-984,73,184,16,-118,-84,477,39.0158154,-104.8932919,2176320,991,29,39.0157887,-104.8932797,2175430,15259,-935,329,-6,162.81
04-27.263, 2026-04-01 14:45:10, 2026-04-08 16:58:21.691003, True      ,22.75,15.332,7.86,120.51,139,95,0.046,-0.124,2.843,0.011,0.113,0.022,-136,-62,-960,11,112,21,-118,-84,477,39.0158154,-104.8932919,2176320,991,29,39.0157836,-104.8932774,2175440,15263,-933,329,-4,162.92
04-27.332, 2026-04-01 14:45:10, 2026-04-08 16:58:21.790506, True      ,22.5,15.293,7.77,118.827,140,95,0.047,-0.116,2.845,0.017,0.13,0.005,-151,-59,-966,16,129,3,-124,-80,474,39.0157985,-104.8932843,2176340,992,29,39.015778,-104.8932748,2175440,15269,-931,329,-3,162.99
04-27.408, 2026-04-01 14:45:10, 2026-04-08 16:58:21.790506, True      ,22.75,15.293,7.77,118.827,140,95,0.049,-0.108,2.844,0.004,0.127,-0.023,-152,-88,-965,3,126,-23,-131,-79,473,39.0157985,-104.8932843,2176340,992,29,39.0157719,-104.893272,2175450,15271,-928,331,-2,162.92
04-27.475, 2026-04-01 14:45:10, 2026-04-08 16:58:21.891007, True      ,22.75,15.293,7.77,118.827,140,95,0.051,-0.102,2.841,0.1,0.017,-0.054,-156,-53,-957,100,16,-54,-134,-79,470,39.0157817,-104.8932767,2176370,989,29,39.0157652,-104.8932689,2175450,15273,-926,328,0,162.73
04-27.541, 2026-04-01 14:45:10, 2026-04-08 16:58:21.990525, True      ,22.5,15.27,8.22,125.519,140,95,0.059,-0.097,2.838,0.124,0.097,-0.024,-162,-111,-920,124,96,-24,-134,-79,470,39.0157817,-104.8932767,2176370,989,29,39.0157594,-104.8932663,2175450,15275,-923,329,3,162.61
04-27.609, 2026-04-01 14:45:10, 2026-04-08 16:58:21.990525, True      ,22.75,15.27,8.22,125.519,140,95,0.062,-0.091,2.837,0.029,0.127,-0.021,-165,-80,-950,28,127,-21,-138,-76,470,39.0157817,-104.8932767,2176370,989,29,39.0157552,-104.8932643,2175450,15274,-920,328,5,162.57
04-27.678, 2026-04-01 14:45:10, 2026-04-08 16:58:22.090533, True      ,22.5,15.27,8.22,125.519,140,95,0.063,-0.077,2.836,0.055,0.195,-0.042,-137,-88,-1022,55,194,-43,-143,-74,468,39.0157817,-104.8932767,2176370,989,29,39.0157489,-104.8932614,2175440,15269,-917,327,5,162.47
04-27.743, 2026-04-01 14:45:10, 2026-04-08 16:58:22.190511, True      ,22.5,15.267,8.94,136.487,141,95,0.069,-0.062,2.834,0.063,0.221,-0.049,-136,-93,-1015,62,220,-49,-143,-74,468,39.015765,-104.8932691,2176360,975,29,39.0157429,-104.8932587,2175440,15263,-910,326,2,162.37
04-27.811, 2026-04-01 14:45:10, 2026-04-08 16:58:22.190511, True      ,22.75,15.267,8.94,136.487,141,95,0.069,-0.053,2.833,-0.03,0.174,-0.035,-125,-74,-1014,-29,173,-35,-153,-71,467,39.015765,-104.8932691,2176360,975,29,39.0157388,-104.8932568,2175440,15261,-906,326,1,162.31
04-27.893, 2026-04-01 14:45:11, 2026-04-08 16:58:22.290943, True      ,22.75,15.267,8.94,136.487,141,95,0.067,-0.04,2.831,-0.006,0.135,-0.044,-155,-97,-1013,-6,134,-45,-161,-72,463,39.0157486,-104.8932617,2176370,961,29,39.0157326,-104.8932539,2175430,15256,-901,324,0,162.16
04-27.961, 2026-04-01 14:45:11, 2026-04-08 16:58:22.392926, True      ,22.75,15.321,7.56,115.827,141,95,0.068,-0.031,2.827,0.049,0.067,-0.068,-142,-121,-983,49,67,-68,-161,-72,463,39.0157486,-104.8932617,2176370,961,29,39.015726,-104.8932509,2175430,15255,-891,319,2,161.92
04-28.040, 2026-04-01 14:45:11, 2026-04-08 16:58:22.490923, True      ,22.75,15.321,7.56,115.827,141,95,0.073,-0.028,2.824,0.078,0.059,-0.064,-147,-51,-955,77,58,-64,-169,-73,462,39.0157486,-104.8932617,2176370,961,29,39.0157228,-104.8932495,2175430,15253,-887,319,1,161.77
04-28.110, 2026-04-01 14:45:11, 2026-04-08 16:58:22.490923, True      ,22.75,15.321,7.56,115.827,141,95,0.075,-0.022,2.818,-0.014,0.033,-0.066,-138,-93,-989,-13,32,-66,-170,-71,459,39.0157324,-104.8932543,2176370,947,29,39.0157142,-104.8932455,2175420,15244,-877,314,4,161.4
04-28.175, 2026-04-01 14:45:11, 2026-04-08 16:58:22.590500, True      ,22.75,15.215,9.03,137.391,142,95,0.077,-0.015,2.814,0.05,0.128,-0.062,-136,-100,-966,50,127,-62,-172,-72,459,39.0157324,-104.8932543,2176370,947,29,39.0157088,-104.8932431,2175410,15234,-870,311,3,161.18
04-28.255, 2026-04-01 14:45:11, 2026-04-08 16:58:22.690997, True      ,22.75,15.215,9.03,137.391,142,95,0.077,-0.012,2.813,0.028,0.14,-0.066,-124,-105,-1006,27,139,-66,-172,-72,459,39.0157324,-104.8932543,2176370,947,29,39.0157071,-104.8932423,2175410,15230,-867,309,4,161.13
04-28.329, 2026-04-01 14:45:11, 2026-04-08 16:58:22.790528, True      ,22.75,15.186,9.66,146.697,142,95,0.078,0.006,2.808,-0.019,0.147,-0.064,-142,-92,-997,-18,146,-65,-176,-72,456,39.0157165,-104.893247,2176380,922,29,39.015698,-104.8932382,2175390,15211,-854,303,5,160.83
04-28.439, 2026-04-01 14:45:11, 2026-04-08 16:58:22.892905, True      ,22.5,15.186,9.66,146.697,142,95,0.072,0.02,2.804,-0.111,0.225,-0.059,-112,-121,-1056,-111,224,-59,-184,-74,453,39.0157165,-104.893247,2176380,922,29,39.0156918,-104.8932353,2175370,15192,-842,300,3,160.65
04-28.508, 2026-04-01 14:45:11, 2026-04-08 16:58:22.892905, True      ,22.75,15.186,9.66,146.697,142,95,0.064,0.046,2.8,-0.023,0.185,-0.06,-135,-73,-1063,-22,184,-61,-191,-78,449,39.015701,-104.89324,2176360,903,29,39.0156836,-104.8932316,2175350,15177,-828,295,-3,160.39
04-28.573, 2026-04-01 14:45:11, 2026-04-08 16:58:22.990535, True      ,22.75,15.294,8.18,125.105,143,95,0.064,0.055,2.798,0.012,0.128,-0.029,-129,-64,-1016,12,127,-29,-203,-82,446,39.015701,-104.89324,2176360,903,29,39.0156786,-104.8932294,2175340,15169,-816,291,-4,160.29
04-28.645, 2026-04-01 14:45:11, 2026-04-08 16:58:23.090533, True      ,22.75,15.294,8.18,125.105,143,95,0.063,0.057,2.797,0.004,0.132,-0.022,-130,-83,-995,3,131,-22,-203,-82,446,39.015701,-104.89324,2176360,903,29,39.015677,-104.8932286,2175340,15166,-812,291,-4,160.27
04-28.712, 2026-04-01 14:45:11, 2026-04-08 16:58:23.090533, True      ,22.5,15.294,8.18,125.105,143,95,0.07,0.07,2.797,0.078,0.059,0.002,-122,-117,-990,78,58,1,-208,-81,441,39.015686,-104.8932332,2176360,868,29,39.0156691,-104.893225,2175330,15159,-794,283,-3,160.25
04-28.776, 2026-04-01 14:45:11, 2026-04-08 16:58:23.190543, True      ,22.5,15.164,9.43,142.997,143,95,0.074,0.076,2.798,0.074,0.111,0.003,-135,-93,-983,73,110,2,-211,-79,439,39.015686,-104.8932332,2176360,868,29,39.0156644,-104.8932229,2175330,15156,-784,280,-1,160.3
04-28.849, 2026-04-01 14:45:12, 2026-04-08 16:58:23.290955, True      ,22.75,15.164,9.43,142.997,143,95,0.074,0.078,2.798,0.055,0.138,0.011,-133,-104,-998,55,137,10,-211,-79,439,39.015686,-104.8932332,2176360,868,29,39.0156628,-104.8932222,2175330,15155,-779,279,-2,160.33
04-28.916, 2026-04-01 14:45:12, 2026-04-08 16:58:23.290955, True      ,22.75,15.164,9.43,142.997,143,95,0.079,0.099,2.803,0.014,0.204,0.039,-124,-83,-1018,13,203,38,-215,-76,436,39.0156715,-104.8932267,2176360,834,29,39.0156548,-104.8932185,2175330,15150,-757,269,-1,160.62
04-28.990, 2026-04-01 14:45:12, 2026-04-08 16:58:23.290955, True      ,22.5,15.164,9.43,142.997,143,95,0.083,0.113,2.808,0.07,0.185,0.059,-149,-73,-1035,70,184,58,-225,-73,433,39.0156715,-104.8932267,2176360,834,29,39.0156501,-104.8932164,2175330,15150,-744,264,-5,160.92
04-29.060, 2026-04-01 14:45:12, 2026-04-08 16:58:23.490925, True      ,22.5,15.164,9.43,142.997,143,95,0.082,0.125,2.815,-0.061,0.168,0.095,-120,-93,-1051,-61,167,94,-225,-73,433,39.0156715,-104.8932267,2176360,834,29,39.0156454,-104.8932143,2175330,15155,-727,257,-7,161.35
04-29.134, 2026-04-01 14:45:12, 2026-04-08 16:58:23.590562, True      ,22.5,15.254,8.55,130.422,144,95,0.079,0.135,2.822,-0.02,0.143,0.076,-138,-76,-1058,-20,142,75,-232,-72,429,39.0156576,-104.8932204,2176380,801,29,39.0156411,-104.8932124,2175340,15166,-713,249,-10,161.7
04-29.204, 2026-04-01 14:45:12, 2026-04-08 16:58:23.590562, True      ,22.5,15.254,8.55,130.422,144,95,0.081,0.145,2.825,0.049,0.169,0.018,-118,-77,-1043,48,168,17,-242,-71,426,39.0156576,-104.8932204,2176380,801,29,39.0156365,-104.8932104,2175360,15181,-696,240,-12,161.87
04-29.279, 2026-04-01 14:45:12, 2026-04-08 16:58:23.690855, True      ,22.75,15.254,8.55,130.422,144,95,0.084,0.156,2.824,0.021,0.125,-0.048,-140,-86,-1033,21,124,-48,-242,-71,426,39.0156576,-104.8932204,2176380,801,29,39.0156324,-104.8932086,2175370,15195,-679,233,-13,161.79
04-29.349, 2026-04-01 14:45:12, 2026-04-08 16:58:23.790541, True      ,22.5,15.34,7.28,111.675,145,95,0.08,0.161,2.819,-0.054,0.011,-0.073,-120,-97,-1027,-53,10,-73,-249,-68,422,39.0156444,-104.8932145,2176410,749,29,39.0156275,-104.8932065,2175390,15214,-660,224,-13,161.46
04-29.423, 2026-04-01 14:45:12, 2026-04-08 16:58:23.790541, True      ,22.75,15.34,7.28,111.675,145,95,0.078,0.16,2.814,-0.028,-0.07,-0.1,-112,-85,-1008,-27,-70,-100,-254,-70,420,39.0156444,-104.8932145,2176410,749,29,39.0156246,-104.8932053,2175400,15223,-649,217,-12,161.17
04-29.501, 2026-04-01 14:45:12, 2026-04-08 16:58:23.790541, True      ,22.5,15.34,7.28,111.675,145,95,0.068,0.152,2.805,-0.119,-0.107,-0.081,-136,-87,-983,-161,-95,-84,-250,-74,420,39.0156321,-104.8932092,2176440,700,29,39.0156197,-104.8932032,2175410,15235,-628,211,-8,160.71
04-29.569, 2026-04-01 14:45:12, 2026-04-08 16:58:23.990542, True      ,22.5,15.256,8.21,125.252,145,95,0.058,0.152,2.799,-0.068,0.062,-0.077,-81,-79,-996,-68,61,-77,-250,-74,420,39.0156321,-104.8932092,2176440,700,29,39.0156153,-104.8932014,2175410,15238,-612,204,-4,160.33
04-29.646, 2026-04-01 14:45:12, 2026-04-08 16:58:24.090508, True      ,22.75,15.256,8.21,125.252,145,95,0.059,0.155,2.797,-0.022,0.095,-0.075,-89,-73,-989,-22,94,-75,-247,-82,421,39.0156321,-104.8932092,2176440,700,29,39.0156135,-104.8932007,2175410,15238,-602,199,-4,160.2
04-29.718, 2026-04-01 14:45:12, 2026-04-08 16:58:24.090508, True      ,22.75,15.256,8.21,125.252,145,95,0.057,0.164,2.79,-0.077,0.115,-0.058,-105,-90,-1005,-77,114,-58,-248,-84,420,39.0156206,-104.8932043,2176460,648,29,39.0156077,-104.8931983,2175400,15229,-579,188,0,159.8
04-29.791, 2026-04-01 14:45:12, 2026-04-08 16:58:24.090508, True      ,22.75,15.256,8.21,125.252,145,95,0.048,0.173,2.788,-0.138,0.095,-0.021,-90,-89,-1010,-138,94,-21,-251,-88,417,39.0156206,-104.8932043,2176460,648,29,39.0156039,-104.8931967,2175390,15219,-561,183,-1,159.71
04-29.868, 2026-04-01 14:45:13, 2026-04-08 16:58:24.290949, True      ,22.5,15.256,8.21,125.252,145,95,0.043,0.176,2.787,-0.08,0.038,-0.01,-71,-58,-1013,-79,37,-10,-251,-88,417,39.0156206,-104.8932043,2176460,648,29,39.0156004,-104.8931952,2175390,15213,-544,178,0,159.68
04-29.944, 2026-04-01 14:45:13, 2026-04-08 16:58:24.390582, True      ,22.5,15.19,9.17,139.292,146,95,0.034,0.181,2.786,-0.168,0.071,-0.005,-80,-47,-1003,-168,70,-5,-254,-93,414,39.0156099,-104.8931998,2176470,602,29,39.0155967,-104.8931938,2175380,15206,-526,172,1,159.62
04-30.012, 2026-04-01 14:45:13, 2026-04-08 16:58:24.390582, True      ,22.5,15.19,9.17,139.292,146,95,0.022,0.185,2.785,-0.138,0.066,-0.023,-65,-100,-1038,-138,65,-23,-256,-98,410,39.0156099,-104.8931998,2176470,602,29,39.0155939,-104.8931926,2175380,15203,-511,166,1,159.55
04-30.104, 2026-04-01 14:45:13, 2026-04-08 16:58:24.490540, True      ,22.5,15.19,9.17,139.292,146,95,0.008,0.19,2.78,-0.193,0.07,-0.09,-92,-49,-1041,-192,69,-90,-257,-106,406,39.0156099,-104.8931998,2176470,602,29,39.0155905,-104.8931912,2175370,15199,-492,160,2,159.25
04-30.169, 2026-04-01 14:45:13, 2026-04-08 16:58:24.590472, True      ,22.75,15.179,9.57,145.263,146,95,-0.007,0.198,2.769,-0.17,0.066,-0.147,-76,-83,-1030,-170,65,-147,-257,-106,406,39.0155999,-104.8931957,2176470,559,32,39.0155867,-104.8931896,2175370,15197,-468,156,0,158.57
04-30.246, 2026-04-01 14:45:13, 2026-04-08 16:58:24.690976, True      ,22.5,15.179,9.57,145.263,146,95,-0.012,0.199,2.765,-0.188,0.017,-0.145,-53,-97,-1043,-188,16,-145,-261,-115,403,39.0155999,-104.8931957,2176470,559,32,39.0155854,-104.8931891,2175370,15196,-461,153,1,158.27
04-30.313, 2026-04-01 14:45:13, 2026-04-08 16:58:24.690976, True      ,22.5,15.179,9.57,145.263,146,95,-0.048,0.198,2.738,-0.217,0.056,-0.27,-110,-49,-1006,-217,55,-270,-257,-129,398,39.0155908,-104.8931918,2176470,510,32,39.0155808,-104.8931871,2175370,15192,-428,150,3,156.77
04-30.376, 2026-04-01 14:45:13, 2026-04-08 16:58:24.790539, True      ,22.5,15.097,10.72,161.84,147,95,-0.056,0.202,2.72,-0.083,0.109,-0.325,-60,-52,-1064,-83,108,-325,-256,-143,397,39.0155908,-104.8931918,2176470,510,32,39.0155785,-104.893186,2175360,15189,-411,153,2,155.64
04-30.451, 2026-04-01 14:45:13, 2026-04-08 16:58:24.890558, True      ,22.75,15.097,10.72,161.84,147,95,-0.062,0.205,2.713,-0.083,0.123,-0.329,-66,-133,-1045,-83,122,-329,-256,-143,397,39.0155908,-104.8931918,2176470,510,32,39.0155777,-104.8931856,2175360,15188,-407,150,2,155.21
04-30.520, 2026-04-01 14:45:13, 2026-04-08 16:58:24.890558, True      ,22.5,15.097,10.72,161.84,147,95,-0.08,0.212,2.668,-0.066,0.037,-0.385,-62,-80,-1054,-66,36,-385,-255,-157,391,39.0155826,-104.8931882,2176500,453,32,39.0155737,-104.8931836,2175370,15189,-371,153,0,152.69
04-30.599, 2026-04-01 14:45:13, 2026-04-08 16:58:24.890558, True      ,22.5,15.097,10.72,161.84,147,95,-0.092,0.212,2.641,-0.095,0.035,-0.397,-9,-59,-1048,-95,34,-398,-253,-170,389,39.0155826,-104.8931882,2176500,453,32,39.0155715,-104.8931824,2175370,15194,-350,154,0,151.1
04-30.669, 2026-04-01 14:45:13, 2026-04-08 16:58:25.090499, True      ,22.5,15.097,10.72,161.84,147,95,-0.105,0.215,2.606,-0.001,0.088,-0.423,-48,-106,-1065,0,87,-423,-253,-170,389,39.0155826,-104.8931882,2176500,453,32,39.0155691,-104.893181,2175370,15199,-328,156,-2,149.14
04-30.740, 2026-04-01 14:45:13, 2026-04-08 16:58:25.190530, True      ,22.5,15.156,10.04,152.166,148,95,-0.109,0.22,2.578,0.044,0.113,-0.41,-5,-75,-1074,43,112,-410,-247,-183,386,39.0155754,-104.8931846,2176520,406,31,39.0155672,-104.8931797,2175380,15209,-309,157,-1,147.43
04-30.812, 2026-04-01 14:45:13, 2026-04-08 16:58:25.190530, True      ,22.75,15.156,10.04,152.166,148,95,-0.116,0.225,2.552,-0.063,0.119,-0.424,-31,-97,-1038,-62,118,-424,-245,-194,384,39.0155754,-104.8931846,2176520,406,31,39.0155655,-104.8931786,2175400,15220,-291,157,-3,145.87
04-30.886, 2026-04-01 14:45:14, 2026-04-08 16:58:25.290878, True      ,22.5,15.156,10.04,152.166,148,95,-0.132,0.235,2.515,-0.077,0.181,-0.424,0,-62,-1044,-76,180,-424,-240,-207,378,39.0155691,-104.8931809,2176540,358,31,39.0155636,-104.8931772,2175410,15233,-271,159,-3,143.86
04-30.955, 2026-04-01 14:45:14, 2026-04-08 16:58:25.392941, True      ,22.5,15.07,9.73,146.631,149,95,-0.146,0.247,2.477,-0.047,0.206,-0.441,-18,-84,-1009,-46,205,-441,-240,-207,378,39.0155691,-104.8931809,2176540,358,31,39.0155617,-104.8931756,2175420,15244,-247,162,0,141.65
04-31.030, 2026-04-01 14:45:14, 2026-04-08 16:58:25.490966, True      ,22.5,15.07,9.73,146.631,149,95,-0.155,0.253,2.459,-0.126,0.248,-0.455,-18,-79,-1016,-125,247,-455,-239,-220,371,39.0155691,-104.8931809,2176540,358,31,39.0155609,-104.8931749,2175420,15249,-235,162,0,140.51
04-31.100, 2026-04-01 14:45:14, 2026-04-08 16:58:25.490966, True      ,22.75,15.07,9.73,146.631,149,95,-0.181,0.27,2.402,-0.114,0.213,-0.561,-14,-86,-1009,-114,212,-561,-236,-235,362,39.0155639,-104.8931772,2176590,307,32,39.015559,-104.893173,2175430,15255,-206,161,0,137.22
04-31.174, 2026-04-01 14:45:14, 2026-04-08 16:58:25.590551, True      ,22.75,14.879,10.47,155.783,149,95,-0.205,0.274,2.354,-0.184,0.16,-0.661,34,-54,-1036,-184,158,-661,-236,-235,362,39.0155639,-104.8931772,2176590,307,32,39.0155578,-104.8931717,2175430,15251,-181,162,2,134.59
04-31.256, 2026-04-01 14:45:14, 2026-04-08 16:58:25.690953, True      ,22.75,14.879,10.47,155.783,149,95,-0.216,0.275,2.334,-0.199,0.143,-0.701,13,-49,-1023,-198,142,-701,-231,-256,351,39.0155639,-104.8931772,2176590,307,32,39.0155573,-104.8931711,2175420,15249,-171,162,2,133.16
04-31.325, 2026-04-01 14:45:14, 2026-04-08 16:58:25.690953, True      ,22.75,14.879,10.47,155.783,149,95,-0.257,0.262,2.232,-0.093,0.051,-0.865,46,-55,-1050,-92,50,-865,-219,-276,344,39.0155597,-104.8931735,2176590,257,32,39.0155558,-104.8931688,2175410,15235,-130,163,3,127.4
04-31.393, 2026-04-01 14:45:14, 2026-04-08 16:58:25.690953, True      ,22.5,14.879,10.47,155.783,149,95,-0.288,0.246,2.162,-0.2,0.023,-0.934,53,-52,-1072,-199,22,-934,-197,-301,339,39.0155597,-104.8931735,2176590,257,32,39.015555,-104.8931673,2175390,15219,-100,164,2,123.18
04-31.467, 2026-04-01 14:45:14, 2026-04-08 16:58:25.892849, True      ,22.5,14.879,10.47,155.783,149,95,-0.312,0.232,2.101,-0.145,0.031,-1.01,18,-35,-1081,-145,30,-1010,-197,-301,339,39.0155597,-104.8931735,2176590,257,32,39.0155546,-104.8931661,2175380,15207,-77,166,2,119.76
04-31.534, 2026-04-01 14:45:14, 2026-04-08 16:58:25.990495, True      ,22.75,14.856,11.66,173.221,151,95,-0.336,0.209,2.02,-0.081,0.02,-1.094,25,-46,-1099,-81,18,-1094,-170,-325,333,39.0155568,-104.8931697,2176590,206,31,39.0155542,-104.8931646,2175360,15187,-46,167,1,115.02
04-31.603, 2026-04-01 14:45:14, 2026-04-08 16:58:25.990495, True      ,22.5,14.856,11.66,173.221,151,95,-0.355,0.189,1.952,-0.078,0.015,-1.156,14,-24,-1085,-78,14,-1156,-139,-346,330,39.0155568,-104.8931697,2176590,206,31,39.0155541,-104.8931634,2175350,15172,-22,168,0,111.05
04-31.695, 2026-04-01 14:45:14, 2026-04-08 16:58:26.090603, True      ,22.5,14.856,11.66,173.221,151,95,-0.37,0.159,1.869,0.009,-0.017,-1.222,60,-35,-1127,8,-18,-1222,-139,-346,330,39.0155568,-104.8931697,2176590,206,31,39.0155541,-104.8931621,2175330,15156,5,170,-2,106.57
04-31.761, 2026-04-01 14:45:14, 2026-04-08 16:58:26.190484, True      ,22.75,14.942,11.82,176.614,151,95,-0.377,0.116,1.765,0.074,-0.07,-1.248,30,-3,-1096,73,-70,-1248,-100,-362,330,39.0155551,-104.8931659,2176580,175,31,39.0155544,-104.8931603,2175310,15138,44,172,-4,100.43
04-31.837, 2026-04-01 14:45:15, 2026-04-08 16:58:26.290945, True      ,22.75,14.942,11.82,176.614,151,95,-0.379,0.096,1.722,0.071,-0.055,-1.25,58,-16,-1116,71,-55,-1251,-55,-372,333,39.0155551,-104.8931659,2176580,175,31,39.0155546,-104.8931595,2175310,15130,57,173,-5,97.78
04-31.903, 2026-04-01 14:45:15, 2026-04-08 16:58:26.290945, True      ,22.5,14.942,11.82,176.614,151,95,-0.379,0.04,1.599,0.026,-0.122,-1.145,52,42,-1095,26,-122,-1145,-10,-373,338,39.0155549,-104.8931621,2176600,167,32,39.0155555,-104.8931573,2175290,15116,100,174,-6,91.02
04-31.968, 2026-04-01 14:45:15, 2026-04-08 16:58:26.392854, True      ,22.5,14.999,11.85,177.738,152,95,-0.379,0.012,1.538,0.026,-0.084,-1.084,33,56,-1060,25,-84,-1084,-10,-373,338,39.0155549,-104.8931621,2176600,167,32,39.0155562,-104.8931562,2175280,15109,119,176,-7,87.75
04-32.050, 2026-04-01 14:45:15, 2026-04-08 16:58:26.490525, True      ,22.5,14.999,11.85,177.738,152,95,-0.381,0,1.511,0.033,-0.06,-1.069,13,15,-1040,32,-61,-1069,34,-372,341,39.0155549,-104.8931621,2176600,167,32,39.0155565,-104.8931555,2175280,15105,131,178,-8,85.91
04-32.122, 2026-04-01 14:45:15, 2026-04-08 16:58:26.490525, True      ,22.75,14.999,11.85,177.738,152,95,-0.378,-0.053,1.395,-0.079,-0.074,-1.022,57,62,-1097,-79,-74,-1022,75,-366,342,39.0155559,-104.8931583,2176620,193,32,39.0155582,-104.8931531,2175270,15093,172,185,-11,79.5
04-32.195, 2026-04-01 14:45:15, 2026-04-08 16:58:26.490525, True      ,22.75,14.999,11.85,177.738,152,95,-0.378,-0.082,1.333,-0.065,-0.054,-0.994,55,79,-1091,-65,-54,-994,114,-359,341,39.0155559,-104.8931583,2176620,193,32,39.0155594,-104.8931517,2175260,15081,196,187,-9,75.82
04-32.276, 2026-04-01 14:45:15, 2026-04-08 16:58:26.690910, True      ,22.5,14.999,11.85,177.738,152,95,-0.376,-0.11,1.266,-0.05,-0.05,-0.981,12,26,-1055,-50,-50,-981,114,-359,341,39.0155559,-104.8931583,2176620,193,32,39.0155608,-104.8931501,2175250,15070,222,193,-12,71.99
04-32.346, 2026-04-01 14:45:15, 2026-04-08 16:58:26.790524, True      ,22.75,14.984,13.03,195.242,153,95,-0.367,-0.143,1.184,-0.007,-0.001,-1.009,49,61,-1103,-7,-2,-1009,151,-349,338,39.0155582,-104.8931543,2176660,239,32,39.0155627,-104.8931482,2175220,15042,249,196,-10,67.14
04-32.423, 2026-04-01 14:45:15, 2026-04-08 16:58:26.790524, True      ,22.5,14.984,13.03,195.242,153,95,-0.359,-0.16,1.135,-0.002,-0.002,-1.017,-4,50,-1061,-2,-2,-1017,182,-334,339,39.0155582,-104.8931543,2176660,239,32,39.0155639,-104.893147,2175200,15026,268,200,-11,64.32
04-32.495, 2026-04-01 14:45:15, 2026-04-08 16:58:26.790524, True      ,22.5,14.984,13.03,195.242,153,95,-0.349,-0.194,1.048,-0.091,-0.061,-1.015,49,106,-1077,-90,-62,-1015,217,-315,338,39.0155618,-104.8931502,2176710,291,32,39.0155662,-104.8931451,2175160,14985,297,205,-11,59.5
04-32.564, 2026-04-01 14:45:15, 2026-04-08 16:58:26.990495, True      ,22.5,14.862,14.38,213.716,154,95,-0.34,-0.22,0.977,-0.055,-0.017,-1.015,-13,76,-1057,-54,-17,-1015,217,-315,338,39.0155618,-104.8931502,2176710,291,32,39.0155682,-104.8931434,2175130,14956,323,212,-13,55.39
04-32.695, 2026-04-01 14:45:15, 2026-04-08 16:58:27.090530, True      ,22.75,14.862,14.38,213.716,154,95,-0.331,-0.232,0.94,-0.041,0.007,-1.017,38,108,-1096,-40,6,-1017,247,-295,336,39.0155618,-104.8931502,2176710,291,32,39.0155694,-104.8931424,2175110,14931,335,212,-12,53.13
04-32.761, 2026-04-01 14:45:15, 2026-04-08 16:58:27.190552, True      ,22.5,14.806,16.44,243.411,155,95,-0.284,-0.268,0.767,0.119,0.078,-1.065,-48,78,-1086,118,77,-1065,276,-272,335,39.0155664,-104.8931458,2176770,343,32,39.0155746,-104.8931386,2175030,14855,389,223,-19,43.34
04-32.840, 2026-04-01 14:45:16, 2026-04-08 16:58:27.290922, True      ,22.75,14.806,16.44,243.411,155,95,-0.268,-0.276,0.726,0.098,0.08,-1.08,-16,136,-1130,98,79,-1080,296,-241,341,39.0155664,-104.8931458,2176770,343,32,39.0155761,-104.8931376,2175010,14830,401,224,-20,40.74
04-32.909, 2026-04-01 14:45:16, 2026-04-08 16:58:27.290922, True      ,22.5,14.806,16.44,243.411,155,95,-0.222,-0.297,0.601,0.098,0.056,-1.036,-44,110,-1098,97,55,-1036,316,-206,346,39.0155722,-104.8931413,2176850,408,32,39.0155801,-104.8931349,2174960,14787,434,231,-24,33.78
04-32.972, 2026-04-01 14:45:16, 2026-04-08 16:58:27.392880, True      ,22.5,14.907,16.62,247.754,156,95,-0.194,-0.305,0.532,0.115,0.07,-0.906,-46,138,-1105,114,69,-906,330,-170,353,39.0155722,-104.8931413,2176850,408,32,39.015583,-104.8931331,2174930,14753,455,236,-29,29.69
04-33.045, 2026-04-01 14:45:16, 2026-04-08 16:58:27.490915, True      ,22.5,14.907,16.62,247.754,156,95,-0.186,-0.306,0.514,0.144,0.059,-0.862,-61,117,-1118,143,58,-862,330,-170,353,39.0155722,-104.8931413,2176850,408,32,39.0155837,-104.8931326,2174920,14742,461,236,-30,28.82
04-33.113, 2026-04-01 14:45:16, 2026-04-08 16:58:27.490915, True      ,22.5,14.907,16.62,247.754,156,95,-0.14,-0.31,0.429,0.15,0.103,-0.596,-97,114,-1129,149,102,-596,339,-137,358,39.015579,-104.8931365,2176930,455,32,39.0155883,-104.8931297,2174890,14710,489,244,-39,24.23
04-33.178, 2026-04-01 14:45:16, 2026-04-08 16:58:27.590526, True      ,22.75,15.061,15.75,237.211,157,95,-0.12,-0.306,0.392,0.134,0.09,-0.444,-83,121,-1106,134,89,-444,341,-108,365,39.015579,-104.8931365,2176930,455,32,39.0155913,-104.8931279,2174860,14683,506,250,-44,22.23
04-33.254, 2026-04-01 14:45:16, 2026-04-08 16:58:27.690893, True      ,22.75,15.061,15.75,237.211,157,95,-0.114,-0.306,0.384,0.132,0.057,-0.398,-79,94,-1112,132,55,-398,341,-108,365,39.015579,-104.8931365,2176930,455,32,39.0155923,-104.8931273,2174850,14677,511,252,-45,21.7
04-33.322, 2026-04-01 14:45:16, 2026-04-08 16:58:27.690893, True      ,22.75,15.061,15.75,237.211,157,95,-0.105,-0.308,0.353,-0.072,-0.052,-0.122,-99,76,-1041,-72,-52,-122,342,-90,369,39.0155867,-104.8931313,2177070,515,32,39.0155979,-104.8931238,2174830,14656,538,263,-48,20.21
04-33.403, 2026-04-01 14:45:16, 2026-04-08 16:58:27.690893, True      ,22.5,15.061,15.75,237.211,157,95,-0.11,-0.318,0.352,-0.096,-0.176,0.015,-81,120,-1048,-96,-176,14,346,-86,366,39.0155867,-104.8931313,2177070,515,32,39.015601,-104.8931219,2174810,14635,551,267,-49,20.21
04-33.479, 2026-04-01 14:45:16, 2026-04-08 16:58:27.891014, True      ,22.5,15.061,15.75,237.211,157,95,-0.121,-0.33,0.361,-0.092,-0.149,0.116,-104,96,-1065,-92,-149,115,346,-86,366,39.0155867,-104.8931313,2177070,515,32,39.015605,-104.8931194,2174790,14619,568,274,-49,20.72
04-33.550, 2026-04-01 14:45:16, 2026-04-08 16:58:27.990582, True      ,22.5,14.865,16.84,250.327,159,95,-0.129,-0.339,0.374,-0.029,-0.126,0.173,-97,90,-1060,-29,-126,172,354,-91,358,39.0155953,-104.8931257,2177200,558,32,39.0156091,-104.8931169,2174780,14604,587,281,-50,21.55
04-33.628, 2026-04-01 14:45:16, 2026-04-08 16:58:28.090555, True      ,22.5,14.865,16.84,250.327,159,95,-0.134,-0.343,0.385,-0.01,-0.113,0.215,-103,102,-1049,-9,-113,214,357,-98,353,39.0155953,-104.8931257,2177200,558,32,39.0156117,-104.8931153,2174770,14599,598,284,-51,22.22
04-33.701, 2026-04-01 14:45:16, 2026-04-08 16:58:28.090555, True      ,22.5,14.865,16.84,250.327,159,95,-0.139,-0.346,0.411,0.077,-0.026,0.259,-116,115,-1069,76,-26,258,361,-106,349,39.0156046,-104.8931196,2177360,593,32,39.015617,-104.893112,2174760,14585,621,293,-55,23.76
04-33.769, 2026-04-01 14:45:16, 2026-04-08 16:58:28.190514, True      ,22.5,14.811,17.25,255.49,160,95,-0.141,-0.348,0.432,0.039,-0.075,0.267,-141,81,-1033,38,-75,266,361,-106,349,39.0156046,-104.8931196,2177360,593,32,39.0156206,-104.8931098,2174760,14581,636,298,-55,24.9
04-33.846, 2026-04-01 14:45:17, 2026-04-08 16:58:28.290983, True      ,22.5,14.811,17.25,255.49,160,95,-0.144,-0.348,0.44,-0.008,-0.046,0.263,-121,81,-1014,-8,-46,262,360,-113,347,39.0156046,-104.8931196,2177360,593,32,39.0156224,-104.8931087,2174750,14577,643,301,-55,25.43
04-33.925, 2026-04-01 14:45:17, 2026-04-08 16:58:28.290983, True      ,22.75,14.811,17.25,255.49,160,95,-0.148,-0.353,0.469,0.108,-0.08,0.205,-136,104,-1063,107,-80,204,361,-122,344,39.0156146,-104.8931133,2177520,644,32,39.0156286,-104.8931049,2174750,14575,668,311,-58,27
04-34.000, 2026-04-01 14:45:17, 2026-04-08 16:58:28.290983, True      ,22.75,14.811,17.25,255.49,160,95,-0.152,-0.347,0.485,0.028,0.052,0.163,-105,126,-1063,28,51,162,358,-127,344,39.0156146,-104.8931133,2177520,644,32,39.015633,-104.8931022,2174740,14566,684,317,-62,27.83
04-34.073, 2026-04-01 14:45:17, 2026-04-08 16:58:28.490975, True      ,22.75,14.811,17.25,255.49,160,95,-0.144,-0.341,0.492,0.059,0.054,0.058,-135,51,-1085,59,53,58,358,-127,344,39.0156146,-104.8931133,2177520,644,32,39.0156379,-104.8930993,2174740,14567,704,324,-66,28.21
04-34.144, 2026-04-01 14:45:17, 2026-04-08 16:58:28.590482, True      ,22.75,14.889,14.6,217.379,161,95,-0.152,-0.337,0.496,-0.095,0.047,0.054,-96,128,-1031,-95,46,53,355,-128,347,39.0156255,-104.8931066,2177680,705,32,39.0156421,-104.8930967,2174750,14571,717,331,-66,28.45
04-34.222, 2026-04-01 14:45:17, 2026-04-08 16:58:28.590482, True      ,22.75,14.889,14.6,217.379,161,95,-0.146,-0.342,0.499,0.174,-0.126,0.018,-96,119,-1004,174,-126,17,352,-132,347,39.0156255,-104.8931066,2177680,705,32,39.015646,-104.8930943,2174750,14576,729,337,-64,28.58
04-34.295, 2026-04-01 14:45:17, 2026-04-08 16:58:28.590482, True      ,22.75,14.889,14.6,217.379,161,95,-0.134,-0.343,0.499,0.064,0.073,-0.003,-112,125,-1061,64,72,-3,355,-129,346,39.0156374,-104.8930993,2177910,749,32,39.0156516,-104.8930909,2174750,14579,746,347,-65,28.58
04-34.364, 2026-04-01 14:45:17, 2026-04-08 16:58:28.790517, True      ,22.75,14.899,15.98,238.086,162,95,-0.13,-0.337,0.498,0.028,0.064,-0.005,-117,139,-1067,27,63,-5,355,-129,346,39.0156374,-104.8930993,2177910,749,32,39.0156564,-104.893088,2174770,14593,761,356,-67,28.52
04-34.442, 2026-04-01 14:45:17, 2026-04-08 16:58:28.891025, True      ,22.75,14.899,15.98,238.086,162,95,-0.128,-0.335,0.497,0.05,0.041,-0.009,-139,132,-1017,49,40,-9,351,-125,349,39.0156374,-104.8930993,2177910,749,32,39.015659,-104.8930864,2174770,14594,768,360,-68,28.47
04-34.522, 2026-04-01 14:45:17, 2026-04-08 16:58:28.891025, True      ,22.75,14.899,15.98,238.086,162,95,-0.128,-0.323,0.493,0.028,0.119,-0.044,-148,103,-1041,27,118,-44,351,-124,351,39.0156499,-104.8930917,2178110,794,32,39.0156665,-104.8930818,2174790,14613,786,371,-69,28.21
04-34.599, 2026-04-01 14:45:17, 2026-04-08 16:58:28.891025, True      ,22.75,14.899,15.98,238.086,162,95,-0.123,-0.318,0.486,-0.028,0.104,-0.088,-159,95,-1006,-28,103,-88,346,-122,357,39.0156499,-104.8930917,2178110,794,32,39.0156718,-104.8930784,2174800,14621,798,378,-69,27.81
04-34.678, 2026-04-01 14:45:17, 2026-04-08 16:58:29.090493, True      ,22.75,14.899,15.98,238.086,162,95,-0.123,-0.303,0.479,-0.025,0.189,-0.069,-170,111,-995,-25,188,-69,346,-122,357,39.0156499,-104.8930917,2178110,794,32,39.0156774,-104.8930749,2174810,14635,808,384,-69,27.39
04-34.745, 2026-04-01 14:45:17, 2026-04-08 16:58:29.190509, True      ,22.75,15.078,13.01,196.165,164,95,-0.122,-0.296,0.473,0.019,0.01,-0.061,-154,93,-984,18,8,-61,342,-119,361,39.0156632,-104.8930836,2178350,829,32,39.0156832,-104.8930713,2174830,14651,818,390,-68,27.03
04-34.816, 2026-04-01 14:45:17, 2026-04-08 16:58:29.190509, True      ,22.75,15.078,13.01,196.165,164,95,-0.118,-0.299,0.47,0.072,-0.071,-0.047,-165,103,-962,71,-71,-47,337,-118,366,39.0156632,-104.8930836,2178350,829,32,39.0156867,-104.8930692,2174840,14662,822,393,-66,26.91
04-34.885, 2026-04-01 14:45:18, 2026-04-08 16:58:29.190509, True      ,22.75,15.078,13.01,196.165,164,95,-0.115,-0.3,0.466,-0.032,0.006,-0.046,-180,83,-992,-31,4,-46,339,-114,365,39.015677,-104.8930753,2178550,870,32,39.015693,-104.8930653,2174860,14686,832,397,-66,26.67
04-34.952, 2026-04-01 14:45:18, 2026-04-08 16:58:29.392865, True      ,22.75,15.091,12.62,190.448,164,95,-0.114,-0.303,0.464,0.065,-0.056,-0.04,-166,84,-1003,64,-56,-40,339,-114,365,39.015677,-104.8930753,2178550,870,32,39.0156983,-104.893062,2174890,14717,840,403,-65,26.52
04-35.030, 2026-04-01 14:45:18, 2026-04-08 16:58:29.490918, True      ,22.75,15.091,12.62,190.448,164,95,-0.109,-0.304,0.462,0.119,-0.019,-0.044,-162,70,-996,118,-19,-44,339,-113,365,39.015677,-104.8930753,2178550,870,32,39.0157012,-104.8930602,2174910,14731,845,406,-64,26.43
04-35.099, 2026-04-01 14:45:18, 2026-04-08 16:58:29.490918, True      ,22.75,15.091,12.62,190.448,164,95,-0.1,-0.302,0.46,0.072,0.048,-0.016,-156,100,-954,71,47,-16,341,-108,366,39.0156914,-104.8930666,2178790,885,32,39.0157086,-104.8930556,2174950,14777,854,413,-63,26.31
04-35.164, 2026-04-01 14:45:18, 2026-04-08 16:58:29.590495, True      ,22.75,15.143,11.94,180.807,165,94,-0.099,-0.294,0.459,0.013,0.093,0.005,-168,89,-964,12,91,4,341,-108,366,39.0156914,-104.8930666,2178790,885,32,39.0157136,-104.8930525,2174990,14812,860,417,-59,26.28
04-35.237, 2026-04-01 14:45:18, 2026-04-08 16:58:29.690934, True      ,22.5,15.143,11.94,180.807,165,94,-0.098,-0.292,0.459,0.055,0.078,-0.006,-136,121,-975,54,77,-6,337,-106,368,39.0156914,-104.8930666,2178790,885,32,39.015716,-104.893051,2175000,14828,862,418,-58,26.26
04-35.305, 2026-04-01 14:45:18, 2026-04-08 16:58:29.690934, True      ,22.75,15.143,11.94,180.807,165,94,-0.092,-0.286,0.458,0.016,0.04,-0.008,-172,76,-917,15,39,-8,335,-104,371,39.015706,-104.8930576,2178990,922,32,39.0157244,-104.8930458,2175060,14883,871,426,-55,26.24
04-35.371, 2026-04-01 14:45:18, 2026-04-08 16:58:29.790491, True      ,22.75,15.206,10.47,159.207,166,94,-0.092,-0.282,0.457,0.009,0.08,-0.02,-200,92,-918,8,78,-20,335,-104,371,39.015706,-104.8930576,2178990,922,32,39.0157288,-104.8930431,2175090,14911,876,429,-52,26.16
04-35.454, 2026-04-01 14:45:18, 2026-04-08 16:58:29.891040, True      ,22.75,15.206,10.47,159.207,166,94,-0.092,-0.28,0.456,0.013,0.095,-0.042,-164,55,-965,12,94,-42,333,-103,373,39.015706,-104.8930576,2178990,922,32,39.0157313,-104.8930415,2175100,14926,877,430,-51,26.07
04-35.529, 2026-04-01 14:45:18, 2026-04-08 16:58:29.990481, True      ,22.75,15.267,9.56,145.953,166,94,-0.091,-0.268,0.451,0.039,0.015,-0.022,-186,83,-922,38,13,-22,330,-102,377,39.0157211,-104.8930483,2179170,944,32,39.0157404,-104.8930358,2175160,14984,884,435,-46,25.83
04-35.611, 2026-04-01 14:45:18, 2026-04-08 16:58:29.990481, True      ,22.75,15.267,9.56,145.953,166,94,-0.086,-0.268,0.451,0.058,0.037,0.001,-176,92,-935,58,36,0,327,-102,379,39.0157211,-104.8930483,2179170,944,32,39.0157469,-104.8930317,2175200,15026,887,437,-41,25.81
04-35.690, 2026-04-01 14:45:18, 2026-04-08 16:58:30.090576, True      ,22.75,15.267,9.56,145.953,166,94,-0.083,-0.271,0.452,0.023,-0.076,0.025,-199,91,-866,22,-77,24,328,-100,379,39.0157211,-104.8930483,2179170,944,32,39.0157529,-104.8930279,2175240,15064,890,438,-35,25.95
04-35.756, 2026-04-01 14:45:18, 2026-04-08 16:58:30.190484, True      ,22.75,15.208,10.69,162.574,167,94,-0.082,-0.268,0.457,0.014,0.07,0.052,-189,107,-923,13,69,51,328,-100,379,39.0157365,-104.8930386,2179330,960,32,39.0157593,-104.8930238,2175280,15106,893,441,-31,26.19
04-35.830, 2026-04-01 14:45:19, 2026-04-08 16:58:30.290937, True      ,22.75,15.208,10.69,162.574,167,94,-0.083,-0.267,0.459,0.055,0.013,0.052,-200,69,-916,54,12,51,328,-100,378,39.0157365,-104.8930386,2179330,960,32,39.0157624,-104.8930218,2175300,15127,893,443,-29,26.3
04-35.901, 2026-04-01 14:45:19, 2026-04-08 16:58:30.290937, True      ,22.75,15.208,10.69,162.574,167,94,-0.079,-0.27,0.463,0.009,-0.007,0.027,-178,71,-917,8,-7,26,327,-99,379,39.0157521,-104.8930287,2179460,971,32,39.0157703,-104.8930168,2175350,15176,895,449,-23,26.5
04-35.967, 2026-04-01 14:45:19, 2026-04-08 16:58:30.392872, True      ,22.75,15.23,9.99,152.148,167,94,-0.079,-0.268,0.464,-0.003,0.027,0.023,-189,112,-920,-3,25,22,327,-99,379,39.0157521,-104.8930287,2179460,971,32,39.0157755,-104.8930134,2175380,15205,897,452,-20,26.62
04-36.040, 2026-04-01 14:45:19, 2026-04-08 16:58:30.490955, True      ,22.5,15.23,9.99,152.148,167,94,-0.078,-0.267,0.465,0.071,0.032,0.021,-218,79,-934,71,31,19,326,-99,379,39.0157521,-104.8930287,2179460,971,32,39.0157781,-104.8930117,2175390,15219,897,454,-19,26.66
04-36.116, 2026-04-01 14:45:19, 2026-04-08 16:58:30.490955, True      ,22.5,15.23,9.99,152.148,167,94,-0.07,-0.257,0.464,0.038,0.114,-0.016,-189,38,-952,38,113,-16,325,-98,380,39.0157678,-104.8930187,2179590,973,32,39.0157868,-104.8930061,2175440,15261,900,456,-14,26.57
04-36.187, 2026-04-01 14:45:19, 2026-04-08 16:58:30.490955, True      ,22.5,15.23,9.99,152.148,167,94,-0.068,-0.249,0.462,0.032,0.087,-0.043,-164,69,-935,32,86,-43,320,-96,385,39.0157678,-104.8930187,2179590,973,32,39.015793,-104.8930021,2175470,15294,902,459,-12,26.43
04-36.254, 2026-04-01 14:45:19, 2026-04-08 16:58:30.690899, True      ,22.5,15.23,9.99,152.148,167,94,-0.064,-0.244,0.458,0.011,0.07,-0.05,-183,103,-933,10,69,-50,320,-96,385,39.0157678,-104.8930187,2179590,973,32,39.0157987,-104.8929983,2175490,15316,905,464,-7,26.21
04-36.323, 2026-04-01 14:45:19, 2026-04-08 16:58:30.690899, True      ,22.5,15.23,9.99,152.148,167,94,-0.06,-0.241,0.454,0.029,0.038,-0.061,-190,78,-922,28,36,-61,318,-93,388,39.0157837,-104.8930085,2179670,995,32,39.0158033,-104.8929952,2175510,15336,905,467,-4,26.01
04-36.394, 2026-04-01 14:45:19, 2026-04-08 16:58:30.690899, True      ,22.5,15.23,9.99,152.148,167,94,-0.062,-0.235,0.451,-0.054,0.085,-0.042,-196,69,-913,-54,84,-42,315,-91,390,39.0157837,-104.8930085,2179670,995,32,39.0158089,-104.8929915,2175530,15357,906,469,0,25.78
04-36.471, 2026-04-01 14:45:19, 2026-04-08 16:58:30.892877, True      ,22.5,15.23,9.99,152.148,167,94,-0.062,-0.231,0.448,0.042,0.048,-0.04,-141,91,-948,41,46,-40,315,-91,390,39.0157837,-104.8930085,2179670,995,32,39.0158147,-104.8929876,2175550,15370,908,471,3,25.63
04-36.543, 2026-04-01 14:45:19, 2026-04-08 16:58:30.990570, True      ,22.75,15.288,9.65,147.529,169,94,-0.059,-0.228,0.445,0.029,0.035,-0.022,-183,57,-942,29,34,-22,314,-90,392,39.0157998,-104.892998,2179740,1009,32,39.015821,-104.8929835,2175560,15388,909,477,6,25.49
04-36.618, 2026-04-01 14:45:19, 2026-04-08 16:58:30.990570, True      ,22.5,15.288,9.65,147.529,169,94,-0.057,-0.222,0.444,0.021,0.072,-0.014,-217,73,-925,20,71,-14,311,-89,394,39.0157998,-104.892998,2179740,1009,32,39.0158261,-104.89298,2175570,15396,911,479,8,25.43
04-36.700, 2026-04-01 14:45:19, 2026-04-08 16:58:30.990570, True      ,22.75,15.288,9.65,147.529,169,94,-0.06,-0.215,0.443,-0.067,0.055,0.005,-197,57,-942,-67,54,4,309,-87,395,39.0157998,-104.892998,2179740,1009,32,39.0158332,-104.8929752,2175580,15404,913,486,10,25.38
04-36.769, 2026-04-01 14:45:19, 2026-04-08 16:58:31.190523, True      ,22.5,15.273,9.72,148.454,170,94,-0.063,-0.209,0.445,-0.039,0.07,0.031,-202,73,-949,-39,69,30,309,-87,395,39.015816,-104.8929874,2179780,1015,32,39.0158397,-104.8929708,2175590,15411,912,490,12,25.49
04-36.852, 2026-04-01 14:45:20, 2026-04-08 16:58:31.290966, True      ,22.5,15.273,9.72,148.454,170,94,-0.064,-0.207,0.445,-0.06,0.085,0.029,-169,93,-953,-60,84,28,306,-89,398,39.015816,-104.8929874,2179780,1015,32,39.0158423,-104.8929691,2175590,15414,913,490,14,25.56
04-36.925, 2026-04-01 14:45:20, 2026-04-08 16:58:31.290966, True      ,22.5,15.273,9.72,148.454,170,94,-0.08,-0.202,0.451,-0.197,0.054,0.049,-193,68,-915,-197,53,48,304,-93,398,39.0158323,-104.8929764,2179800,1028,32,39.015852,-104.8929623,2175590,15416,914,496,18,25.86
04-37.001, 2026-04-01 14:45:20, 2026-04-08 16:58:31.290966, True      ,22.75,15.273,9.72,148.454,170,94,-0.086,-0.198,0.454,-0.012,0.046,0.045,-187,102,-962,-11,45,43,302,-100,398,39.0158323,-104.8929764,2179800,1028,32,39.0158575,-104.8929585,2175590,15416,915,497,19,26.05
04-37.077, 2026-04-01 14:45:20, 2026-04-08 16:58:31.490923, True      ,22.5,15.273,9.72,148.454,170,94,-0.09,-0.191,0.457,-0.084,0.131,0.035,-148,81,-1004,-84,130,34,302,-100,398,39.0158323,-104.8929764,2179800,1028,32,39.015864,-104.8929539,2175590,15411,916,500,20,26.18
04-37.144, 2026-04-01 14:45:20, 2026-04-08 16:58:31.590489, True      ,22.5,15.197,11.02,167.471,171,94,-0.095,-0.179,0.458,-0.074,0.132,0.023,-185,102,-974,-74,130,22,300,-104,399,39.0158487,-104.8929651,2179820,1036,32,39.0158708,-104.8929492,2175580,15409,915,502,22,26.24
04-37.226, 2026-04-01 14:45:20, 2026-04-08 16:58:31.590489, True      ,22.5,15.197,11.02,167.471,171,94,-0.098,-0.172,0.458,-0.043,0.157,0.007,-172,73,-991,-43,156,6,293,-107,403,39.0158487,-104.8929651,2179820,1036,32,39.0158749,-104.8929463,2175580,15406,914,504,20,26.23
04-37.299, 2026-04-01 14:45:20, 2026-04-08 16:58:31.590489, True      ,22.75,15.197,11.02,167.471,171,94,-0.102,-0.159,0.456,-0.041,0.115,-0.008,-159,107,-981,-40,113,-8,288,-110,406,39.0158651,-104.8929537,2179840,1039,32,39.0158831,-104.8929405,2175580,15400,914,502,21,26.11
04-37.362, 2026-04-01 14:45:20, 2026-04-08 16:58:31.790486, True      ,22.5,15.174,11.53,174.956,171,94,-0.105,-0.152,0.455,-0.059,0.092,-0.004,-176,96,-980,-59,91,-4,288,-110,406,39.0158651,-104.8929537,2179840,1039,32,39.0158887,-104.8929366,2175570,15397,914,503,20,26.06
04-37.436, 2026-04-01 14:45:20, 2026-04-08 16:58:31.892910, True      ,22.5,15.174,11.53,174.956,171,94,-0.108,-0.149,0.455,-0.069,0.078,-0.002,-197,77,-970,-69,77,-2,282,-112,408,39.0158651,-104.8929537,2179840,1039,32,39.0158913,-104.8929347,2175570,15396,912,502,20,26.04
04-37.501, 2026-04-01 14:45:20, 2026-04-08 16:58:31.892910, True      ,22.5,15.174,11.53,174.956,171,94,-0.115,-0.143,0.454,-0.013,0.029,0,-196,73,-969,-13,28,-1,280,-114,409,39.0158815,-104.8929422,2179840,1039,32,39.0159003,-104.8929284,2175570,15394,910,501,20,26.02
04-37.566, 2026-04-01 14:45:20, 2026-04-08 16:58:31.990514, True      ,22.5,15.138,12.35,186.954,172,94,-0.115,-0.14,0.454,-0.002,0.055,0.01,-189,73,-989,-2,54,9,280,-114,409,39.0158815,-104.8929422,2179840,1039,32,39.015905,-104.8929251,2175570,15398,906,497,20,26.03
04-37.638, 2026-04-01 14:45:20, 2026-04-08 16:58:32.090902, True      ,22.5,15.138,12.35,186.954,172,94,-0.116,-0.138,0.454,-0.035,0.043,0.004,-185,104,-980,-34,42,3,277,-116,410,39.0158815,-104.8929422,2179840,1039,32,39.0159076,-104.8929233,2175580,15399,904,497,19,26.03
04-37.710, 2026-04-01 14:45:20, 2026-04-08 16:58:32.090902, True      ,22.5,15.138,12.35,186.954,172,94,-0.117,-0.134,0.455,0.04,0.022,0.015,-199,91,-982,39,21,14,276,-117,411,39.015898,-104.8929308,2179850,1035,32,39.0159166,-104.892917,2175580,15406,901,496,18,26.09
04-37.772, 2026-04-01 14:45:20, 2026-04-08 16:58:32.190541, True      ,22.5,15.179,11.81,179.264,173,94,-0.116,-0.134,0.456,0.005,0.021,0.009,-175,95,-986,4,20,7,274,-117,413,39.015898,-104.8929308,2179850,1035,32,39.0159221,-104.8929132,2175590,15416,898,493,17,26.16
04-37.844, 2026-04-01 14:45:21, 2026-04-08 16:58:32.290939, True      ,22.5,15.179,11.81,179.264,173,94,-0.116,-0.133,0.457,-0.002,0.008,0.012,-206,89,-991,-2,7,11,274,-117,413,39.015898,-104.8929308,2179850,1035,32,39.0159239,-104.8929119,2175590,15418,897,494,17,26.17
04-37.911, 2026-04-01 14:45:21, 2026-04-08 16:58:32.290939, True      ,22.75,15.179,11.81,179.264,173,94,-0.118,-0.134,0.457,-0.04,-0.019,-0.012,-183,113,-992,-40,-19,-12,275,-117,413,39.0159143,-104.8929195,2179870,1027,32,39.0159327,-104.8929057,2175600,15426,892,492,16,26.16
04-37.973, 2026-04-01 14:45:21, 2026-04-08 16:58:32.392941, True      ,22.5,15.215,10.98,167.061,173,94,-0.121,-0.136,0.456,-0.046,-0.029,-0.026,-187,99,-983,-45,-30,-26,274,-118,413,39.0159143,-104.8929195,2179870,1027,32,39.0159386,-104.8929016,2175610,15434,888,490,16,26.07
04-38.054, 2026-04-01 14:45:21, 2026-04-08 16:58:32.490963, True      ,22.75,15.215,10.98,167.061,173,94,-0.122,-0.135,0.455,-0.058,-0.009,-0.031,-179,136,-972,-58,-9,-32,274,-118,413,39.0159143,-104.8929195,2179870,1027,32,39.0159399,-104.8929006,2175610,15437,886,489,16,26.04
04-38.128, 2026-04-01 14:45:21, 2026-04-08 16:58:32.590582, True      ,22.75,15.215,10.98,167.061,173,94,-0.129,-0.141,0.451,-0.085,-0.078,-0.039,-186,83,-981,-85,-78,-39,275,-119,411,39.0159305,-104.8929082,2179870,1021,32,39.0159493,-104.892894,2175620,15441,883,488,17,25.83
04-38.199, 2026-04-01 14:45:21, 2026-04-08 16:58:32.590582, True      ,22.5,15.215,10.98,167.061,173,94,-0.134,-0.146,0.449,-0.069,-0.046,-0.026,-177,122,-950,-69,-46,-26,277,-121,408,39.0159305,-104.8929082,2179870,1021,32,39.0159559,-104.8928895,2175620,15440,880,485,18,25.69
04-38.277, 2026-04-01 14:45:21, 2026-04-08 16:58:32.690902, True      ,22.5,15.215,10.98,167.061,173,94,-0.135,-0.151,0.448,-0.007,-0.06,-0.024,-195,113,-956,-7,-60,-24,277,-121,408,39.0159305,-104.8929082,2179870,1021,32,39.0159612,-104.8928857,2175610,15437,878,483,20,25.64
04-38.345, 2026-04-01 14:45:21, 2026-04-08 16:58:32.790575, True      ,22.5,15.186,11.65,176.917,175,94,-0.139,-0.155,0.447,-0.06,-0.052,-0.016,-200,122,-972,-60,-52,-16,281,-122,406,39.0159466,-104.892897,2179870,1011,32,39.0159678,-104.8928812,2175610,15438,877,481,19,25.6
04-38.418, 2026-04-01 14:45:21, 2026-04-08 16:58:32.790575, True      ,22.75,15.186,11.65,176.917,175,94,-0.139,-0.159,0.447,-0.001,-0.065,-0.006,-173,136,-963,-1,-65,-6,283,-123,404,39.0159466,-104.892897,2179870,1011,32,39.0159718,-104.8928784,2175610,15437,876,478,19,25.59
04-38.489, 2026-04-01 14:45:21, 2026-04-08 16:58:32.790575, True      ,22.5,15.186,11.65,176.917,175,94,-0.138,-0.162,0.448,-0.014,-0.016,0.016,-186,119,-974,-13,-16,15,287,-123,403,39.0159625,-104.8928859,2179860,1006,32,39.0159787,-104.8928737,2175610,15434,874,477,20,25.67
04-38.555, 2026-04-01 14:45:21, 2026-04-08 16:58:32.990492, True      ,22.5,15.154,11.95,181.09,175,94,-0.142,-0.164,0.45,-0.028,-0.044,0.038,-182,94,-974,-27,-44,37,287,-123,403,39.0159625,-104.8928859,2179860,1006,32,39.0159844,-104.8928697,2175610,15430,875,477,20,25.81
04-38.634, 2026-04-01 14:45:21, 2026-04-08 16:58:33.090536, True      ,22.75,15.154,11.95,181.09,175,94,-0.142,-0.166,0.452,-0.002,-0.027,0.049,-173,100,-983,-2,-27,48,288,-124,402,39.0159625,-104.8928859,2179860,1006,32,39.0159876,-104.8928675,2175600,15429,874,475,20,25.93
04-38.712, 2026-04-01 14:45:21, 2026-04-08 16:58:33.090536, True      ,22.5,15.154,11.95,181.09,175,94,-0.142,-0.165,0.456,0.027,-0.005,0.03,-200,102,-970,26,-5,29,289,-126,400,39.0159785,-104.8928749,2179860,1004,32,39.0159955,-104.8928621,2175600,15421,874,473,19,26.18
04-38.780, 2026-04-01 14:45:21, 2026-04-08 16:58:33.190551, True      ,22.5,15.158,11.88,180.077,176,94,-0.141,-0.165,0.459,0.015,0.011,0.029,-158,101,-997,14,9,27,288,-126,401,39.0159785,-104.8928749,2179860,1004,32,39.0160016,-104.8928579,2175590,15418,874,471,19,26.33
04-38.853, 2026-04-01 14:45:22, 2026-04-08 16:58:33.290910, True      ,22.75,15.158,11.88,180.077,176,94,-0.141,-0.165,0.46,0.018,-0.006,0.024,-187,96,-992,17,-7,23,288,-126,401,39.0159785,-104.8928749,2179860,1004,32,39.0160033,-104.8928567,2175590,15417,875,470,18,26.35
04-38.921, 2026-04-01 14:45:22, 2026-04-08 16:58:33.290910, True      ,22.5,15.158,11.88,180.077,176,94,-0.136,-0.165,0.461,0.059,-0.033,-0.001,-171,112,-996,58,-33,-1,288,-126,401,39.0159944,-104.8928639,2179870,1001,32,39.0160126,-104.8928504,2175590,15417,876,467,15,26.39
04-38.989, 2026-04-01 14:45:22, 2026-04-08 16:58:33.290910, True      ,22.5,15.158,11.88,180.077,176,94,-0.13,-0.164,0.46,0.096,0.021,-0.014,-187,98,-996,95,20,-15,287,-123,402,39.0159944,-104.8928639,2179870,1001,32,39.0160182,-104.8928467,2175590,15417,874,465,15,26.34
04-39.054, 2026-04-01 14:45:22, 2026-04-08 16:58:33.490971, True      ,22.75,15.158,11.88,180.077,176,94,-0.131,-0.163,0.459,-0.029,-0.006,-0.015,-145,134,-970,-29,-6,-15,287,-123,402,39.0159944,-104.8928639,2179870,1001,32,39.0160239,-104.8928428,2175590,15414,875,466,16,26.27
04-39.122, 2026-04-01 14:45:22, 2026-04-08 16:58:33.490971, True      ,22.5,15.158,11.88,180.077,176,94,-0.129,-0.168,0.458,0.044,-0.118,-0.008,-207,81,-951,43,-118,-8,288,-122,402,39.0160103,-104.892853,2179850,1005,32,39.0160285,-104.8928397,2175590,15417,875,467,15,26.27
04-39.191, 2026-04-01 14:45:22, 2026-04-08 16:58:33.490971, True      ,22.5,15.158,11.88,180.077,176,94,-0.129,-0.171,0.459,-0.023,0.01,0.005,-192,133,-969,-23,9,4,290,-121,401,39.0160103,-104.892853,2179850,1005,32,39.0160341,-104.8928359,2175590,15419,875,466,16,26.29
04-39.260, 2026-04-01 14:45:22, 2026-04-08 16:58:33.690964, True      ,22.5,15.158,11.88,180.077,176,94,-0.131,-0.17,0.459,-0.014,0.017,-0.005,-159,120,-989,-14,16,-5,290,-121,401,39.0160103,-104.892853,2179850,1005,32,39.0160398,-104.892832,2175590,15415,875,467,14,26.26
04-39.336, 2026-04-01 14:45:22, 2026-04-08 16:58:33.790561, True      ,22.75,15.189,10.92,165.864,178,94,-0.134,-0.169,0.458,-0.027,-0.002,-0.008,-182,107,-971,-27,-3,-8,290,-121,401,39.0160263,-104.8928421,2179850,1006,32,39.0160452,-104.8928284,2175590,15413,875,468,15,26.22
04-39.403, 2026-04-01 14:45:22, 2026-04-08 16:58:33.790561, True      ,22.75,15.189,10.92,165.864,178,94,-0.133,-0.169,0.457,0.054,0.001,-0.005,-190,99,-965,53,0,-5,289,-122,401,39.0160263,-104.8928421,2179850,1006,32,39.016051,-104.8928244,2175580,15406,876,468,16,26.21
04-39.477, 2026-04-01 14:45:22, 2026-04-08 16:58:33.892868, True      ,22.5,15.189,10.92,165.864,178,94,-0.132,-0.166,0.457,-0.013,0.056,0.006,-172,95,-1016,-13,55,4,289,-122,401,39.0160263,-104.8928421,2179850,1006,32,39.0160564,-104.8928207,2175570,15397,876,469,17,26.19
04-39.545, 2026-04-01 14:45:22, 2026-04-08 16:58:33.990522, True      ,22.5,15.197,11.3,171.726,178,94,-0.134,-0.163,0.457,-0.019,0.042,-0.001,-172,102,-1006,-19,40,-1,289,-122,401,39.0160424,-104.8928313,2179850,1006,32,39.016063,-104.8928163,2175560,15387,876,467,15,26.15
04-39.618, 2026-04-01 14:45:22, 2026-04-08 16:58:33.990522, True      ,22.75,15.197,11.3,171.726,178,94,-0.134,-0.159,0.456,-0.019,0.086,-0.008,-174,111,-999,-19,85,-8,286,-122,403,39.0160424,-104.8928313,2179850,1006,32,39.016067,-104.8928136,2175560,15380,878,467,13,26.1
04-39.692, 2026-04-01 14:45:22, 2026-04-08 16:58:33.990522, True      ,22.5,15.197,11.3,171.726,178,94,-0.132,-0.154,0.454,0.003,0.029,-0.012,-186,100,-1003,2,28,-12,284,-122,405,39.0160424,-104.8928313,2179850,1006,32,39.016074,-104.8928088,2175540,15364,878,465,12,25.99
04-39.759, 2026-04-01 14:45:22, 2026-04-08 16:58:34.190489, True      ,22.5,15.224,10.65,162.136,179,94,-0.132,-0.154,0.454,-0.015,-0.007,0.018,-186,99,-976,-14,-7,17,284,-122,405,39.0160584,-104.8928205,2179840,1004,32,39.0160798,-104.892805,2175530,15355,878,463,11,26.03
04-39.840, 2026-04-01 14:45:23, 2026-04-08 16:58:34.290985, True      ,22.5,15.224,10.65,162.136,179,94,-0.132,-0.154,0.455,-0.003,-0.019,0.034,-192,92,-985,-3,-19,32,283,-121,406,39.0160584,-104.8928205,2179840,1004,32,39.016083,-104.8928028,2175520,15349,879,463,11,26.12
04-39.911, 2026-04-01 14:45:23, 2026-04-08 16:58:34.290985, True      ,22.75,15.224,10.65,162.136,179,94,-0.13,-0.153,0.459,0.045,-0.015,0.026,-191,86,-1025,44,-15,25,284,-122,406,39.0160743,-104.8928097,2179840,1002,32,39.0160917,-104.892797,2175510,15336,877,464,9,26.28
04-39.977, 2026-04-01 14:45:23, 2026-04-08 16:58:34.392901, True      ,22.5,15.243,10.44,159.137,180,94,-0.13,-0.153,0.461,-0.019,0.016,0.032,-176,121,-995,-18,15,31,281,-123,407,39.0160743,-104.8928097,2179840,1002,32,39.0160975,-104.8927931,2175510,15332,876,463,7,26.43
04-40.055, 2026-04-01 14:45:23, 2026-04-08 16:58:34.490977, True      ,22.5,15.243,10.44,159.137,180,94,-0.131,-0.152,0.461,0.005,0.011,0.029,-188,81,-991,4,10,27,281,-123,407,39.0160743,-104.8928097,2179840,1002,32,39.0160989,-104.8927922,2175510,15332,877,461,6,26.46
04-40.127, 2026-04-01 14:45:23, 2026-04-08 16:58:34.490977, True      ,22.75,15.243,10.44,159.137,180,94,-0.13,-0.152,0.463,0.04,-0.02,0.002,-194,107,-970,39,-21,1,281,-123,406,39.0160903,-104.8927989,2179840,1004,32,39.0161082,-104.8927859,2175500,15329,875,460,6,26.53
04-40.199, 2026-04-01 14:45:23, 2026-04-08 16:58:34.490977, True      ,22.5,15.243,10.44,159.137,180,94,-0.125,-0.153,0.464,0.07,-0.006,0.013,-206,74,-979,69,-6,12,281,-122,407,39.0160903,-104.8927989,2179840,1004,32,39.0161148,-104.8927815,2175500,15327,876,459,5,26.58
04-40.270, 2026-04-01 14:45:23, 2026-04-08 16:58:34.690964, True      ,22.5,15.243,10.44,159.137,180,94,-0.124,-0.154,0.465,-0.003,-0.023,0.015,-177,100,-973,-3,-23,14,281,-122,407,39.0160903,-104.8927989,2179840,1004,32,39.0161202,-104.8927779,2175500,15323,874,458,5,26.63
04-40.340, 2026-04-01 14:45:23, 2026-04-08 16:58:34.790512, True      ,22.5,15.226,10.01,152.412,181,94,-0.126,-0.157,0.466,-0.009,-0.068,0.023,-182,89,-957,-9,-68,22,282,-120,407,39.0161063,-104.8927881,2179860,1003,32,39.0161259,-104.8927742,2175500,15320,874,459,7,26.75
04-40.420, 2026-04-01 14:45:23, 2026-04-08 16:58:34.790512, True      ,22.75,15.226,10.01,152.412,181,94,-0.125,-0.162,0.468,0.003,-0.064,0.02,-152,148,-967,3,-64,19,283,-122,406,39.0161063,-104.8927881,2179860,1003,32,39.0161308,-104.8927709,2175490,15315,875,458,9,26.83
04-40.492, 2026-04-01 14:45:23, 2026-04-08 16:58:34.790512, True      ,22.5,15.226,10.01,152.412,181,94,-0.126,-0.161,0.471,0.017,0.011,0.025,-201,68,-979,17,10,24,287,-123,403,39.0161223,-104.8927774,2179860,1001,32,39.0161378,-104.8927662,2175480,15306,874,458,9,26.98
04-40.560, 2026-04-01 14:45:23, 2026-04-08 16:58:34.990531, True      ,22.75,15.188,11.21,170.257,181,94,-0.125,-0.161,0.471,0.003,0.01,0,-168,74,-995,3,9,0,287,-123,403,39.0161223,-104.8927774,2179860,1001,32,39.0161436,-104.8927624,2175480,15300,875,459,8,26.99
04-40.640, 2026-04-01 14:45:23, 2026-04-08 16:58:35.090473, True      ,22.75,15.188,11.21,170.257,181,94,-0.124,-0.16,0.471,0.015,0.04,-0.003,-179,141,-988,14,39,-3,284,-123,404,39.0161223,-104.8927774,2179860,1001,32,39.0161468,-104.8927602,2175470,15298,875,459,7,26.95
04-40.713, 2026-04-01 14:45:23, 2026-04-08 16:58:35.090473, True      ,22.75,15.188,11.21,170.257,181,94,-0.119,-0.152,0.467,0.053,0.073,-0.036,-167,86,-1021,52,72,-36,283,-121,406,39.0161383,-104.8927668,2179860,1000,32,39.0161556,-104.8927543,2175470,15291,874,460,5,26.7
04-40.779, 2026-04-01 14:45:23, 2026-04-08 16:58:35.190494, True      ,22.5,15.249,10.41,158.742,182,94,-0.117,-0.149,0.465,-0.008,0.029,-0.01,-188,100,-993,-7,28,-10,280,-118,409,39.0161383,-104.8927668,2179860,1000,32,39.0161609,-104.8927508,2175460,15289,875,460,4,26.63
04-40.861, 2026-04-01 14:45:24, 2026-04-08 16:58:35.290535, True      ,22.75,15.249,10.41,158.742,182,94,-0.116,-0.15,0.465,-0.003,0.003,-0.01,-170,94,-994,-3,1,-10,280,-118,409,39.0161383,-104.8927668,2179860,1000,32,39.0161627,-104.8927496,2175460,15288,874,460,3,26.61
04-40.937, 2026-04-01 14:45:24, 2026-04-08 16:58:35.392877, True      ,22.75,15.224,10.81,164.571,183,94,-0.118,-0.153,0.466,0.008,-0.044,0.02,-192,106,-999,8,-44,19,281,-118,408,39.0161542,-104.8927561,2179870,999,32,39.0161728,-104.8927428,2175460,15285,872,460,3,26.7
04-41.010, 2026-04-01 14:45:24, 2026-04-08 16:58:35.392877, True      ,22.5,15.224,10.81,164.571,183,94,-0.117,-0.152,0.467,-0.011,0.029,0.011,-165,117,-1014,-11,28,10,281,-118,408,39.0161542,-104.8927561,2179870,999,32,39.0161785,-104.892739,2175460,15286,871,460,2,26.73
04-41.082, 2026-04-01 14:45:24, 2026-04-08 16:58:35.490982, True      ,22.5,15.224,10.81,164.571,183,94,-0.122,-0.152,0.468,-0.062,-0.028,0.016,-156,100,-986,-61,-28,15,280,-120,408,39.0161701,-104.8927454,2179870,995,32,39.0161846,-104.8927348,2175460,15285,870,458,2,26.81
04-41.150, 2026-04-01 14:45:24, 2026-04-08 16:58:35.590539, True      ,22.5,15.252,9.68,147.639,183,94,-0.126,-0.156,0.47,-0.023,-0.065,0.028,-187,104,-952,-23,-65,27,280,-120,408,39.0161701,-104.8927454,2179870,995,32,39.0161903,-104.892731,2175460,15286,871,459,3,26.95
04-41.224, 2026-04-01 14:45:24, 2026-04-08 16:58:35.590539, True      ,22.75,15.252,9.68,147.639,183,94,-0.126,-0.157,0.472,-0.021,0.005,0.035,-171,135,-975,-21,4,34,282,-122,407,39.0161701,-104.8927454,2179870,995,32,39.0161943,-104.8927283,2175460,15285,869,460,3,27.06
04-41.299, 2026-04-01 14:45:24, 2026-04-08 16:58:35.590539, True      ,22.75,15.252,9.68,147.639,183,94,-0.126,-0.159,0.474,0.013,-0.05,0.017,-147,125,-979,12,-50,16,283,-123,405,39.016186,-104.8927346,2179880,997,32,39.0162012,-104.8927236,2175460,15281,871,461,2,27.19
04-41.364, 2026-04-01 14:45:24, 2026-04-08 16:58:35.790540, True      ,22.5,15.238,10.28,156.647,184,94,-0.123,-0.162,0.477,0.035,-0.022,0.044,-153,71,-979,34,-22,43,283,-123,405,39.016186,-104.8927346,2179880,997,32,39.0162076,-104.8927193,2175450,15279,872,460,3,27.35
04-41.444, 2026-04-01 14:45:24, 2026-04-08 16:58:35.892734, True      ,22.5,15.238,10.28,156.647,184,94,-0.124,-0.162,0.478,-0.054,-0.022,0.051,-167,106,-956,-54,-22,50,283,-123,405,39.016186,-104.8927346,2179880,997,32,39.0162102,-104.8927175,2175450,15278,873,461,4,27.46
04-41.523, 2026-04-01 14:45:24, 2026-04-08 16:58:35.892734, True      ,22.75,15.238,10.28,156.647,184,94,-0.134,-0.159,0.484,0.007,0.047,0.032,-181,121,-983,6,46,31,285,-126,402,39.0162018,-104.8927239,2179880,1000,32,39.0162189,-104.8927117,2175450,15272,872,462,7,27.72
04-41.596, 2026-04-01 14:45:24, 2026-04-08 16:58:35.892734, True      ,22.75,15.238,10.28,156.647,184,94,-0.131,-0.156,0.484,0.016,0.036,0,-210,82,-958,15,35,-1,282,-128,404,39.0162018,-104.8927239,2179880,1000,32,39.0162251,-104.8927075,2175450,15270,874,462,7,27.71
04-41.669, 2026-04-01 14:45:24, 2026-04-08 16:58:36.090564, True      ,22.5,15.238,10.28,156.647,184,94,-0.133,-0.155,0.484,0.013,0.012,0.011,-182,101,-967,12,11,10,282,-128,404,39.0162018,-104.8927239,2179880,1000,32,39.0162309,-104.8927036,2175440,15266,873,460,8,27.76
04-41.740, 2026-04-01 14:45:24, 2026-04-08 16:58:36.190520, True      ,22.5,15.125,12.55,189.819,185,94,-0.127,-0.154,0.485,0.117,0.043,0.014,-202,114,-991,116,42,13,283,-129,404,39.0162178,-104.8927131,2179890,1000,32,39.016237,-104.8926994,2175440,15265,873,462,6,27.8
04-41.813, 2026-04-01 14:45:24, 2026-04-08 16:58:36.190520, True      ,22.75,15.125,12.55,189.819,185,94,-0.121,-0.15,0.485,0.081,0.065,-0.017,-187,114,-1036,80,63,-18,281,-127,406,39.0162178,-104.8927131,2179890,1000,32,39.016242,-104.8926961,2175440,15265,872,461,4,27.72
04-41.887, 2026-04-01 14:45:25, 2026-04-08 16:58:36.290935, True      ,22.75,15.125,12.55,189.819,185,94,-0.12,-0.145,0.48,-0.043,0.058,-0.053,-191,122,-1012,-43,57,-53,279,-124,408,39.0162337,-104.8927024,2179900,1000,32,39.0162481,-104.8926919,2175440,15267,872,460,0,27.48
04-41.955, 2026-04-01 14:45:25, 2026-04-08 16:58:36.392881, True      ,22.5,15.267,9.75,148.853,186,94,-0.121,-0.144,0.476,-0.009,-0.002,-0.048,-193,91,-990,-8,-2,-48,279,-124,408,39.0162337,-104.8927024,2179900,1000,32,39.0162547,-104.8926875,2175450,15273,870,461,0,27.24
04-42.078, 2026-04-01 14:45:25, 2026-04-08 16:58:36.490912, True      ,22.5,15.267,9.75,148.853,186,94,-0.119,-0.145,0.474,0.042,0.001,-0.053,-159,120,-982,41,0,-53,275,-122,410,39.0162337,-104.8927024,2179900,1000,32,39.0162578,-104.8926854,2175450,15276,869,461,0,27.12
04-42.148, 2026-04-01 14:45:25, 2026-04-08 16:58:36.590491, True      ,22.5,15.259,9.77,149.08,186,94,-0.124,-0.149,0.469,-0.064,-0.062,-0.026,-191,116,-954,-63,-62,-26,277,-121,410,39.0162496,-104.8926917,2179910,993,32,39.0162697,-104.8926773,2175460,15289,866,459,0,26.85
04-42.223, 2026-04-01 14:45:25, 2026-04-08 16:58:36.590491, True      ,22.5,15.259,9.77,149.08,186,94,-0.126,-0.153,0.468,-0.051,-0.068,-0.029,-186,110,-943,-51,-68,-29,277,-122,408,39.0162496,-104.8926917,2179910,993,32,39.0162737,-104.8926747,2175470,15294,865,458,1,26.79
04-42.295, 2026-04-01 14:45:25, 2026-04-08 16:58:36.590491, True      ,22.5,15.259,9.77,149.08,186,94,-0.13,-0.161,0.468,-0.022,-0.113,-0.005,-199,128,-901,-22,-113,-5,283,-123,405,39.0162654,-104.8926811,2179940,990,32,39.0162806,-104.89267,2175470,15299,866,455,6,26.8
04-42.362, 2026-04-01 14:45:25, 2026-04-08 16:58:36.790535, True      ,22.75,15.123,12.21,184.652,187,94,-0.132,-0.167,0.469,-0.014,-0.072,0.011,-166,127,-936,-14,-72,10,283,-123,405,39.0162654,-104.8926811,2179940,990,32,39.0162863,-104.8926662,2175480,15301,865,456,8,26.88
04-42.441, 2026-04-01 14:45:25, 2026-04-08 16:58:36.892895, True      ,22.75,15.123,12.21,184.652,187,94,-0.132,-0.17,0.47,0.043,-0.127,0.03,-207,111,-943,42,-127,29,287,-126,402,39.0162654,-104.8926811,2179940,990,32,39.0162895,-104.892664,2175480,15302,865,457,9,26.97
04-42.512, 2026-04-01 14:45:25, 2026-04-08 16:58:36.892895, True      ,22.75,15.123,12.21,184.652,187,94,-0.133,-0.178,0.477,-0.038,-0.023,0.07,-179,130,-967,-38,-23,69,292,-126,399,39.0162811,-104.8926703,2179950,987,32,39.0162981,-104.8926582,2175480,15304,865,457,10,27.38
04-42.578, 2026-04-01 14:45:25, 2026-04-08 16:58:36.990480, True      ,22.5,15.082,12.79,192.899,187,94,-0.13,-0.18,0.482,0.113,-0.059,0.066,-174,115,-995,113,-59,65,291,-127,398,39.0162811,-104.8926703,2179950,987,32,39.0163034,-104.8926546,2175490,15310,865,457,9,27.66
04-42.676, 2026-04-01 14:45:25, 2026-04-08 16:58:37.090610, True      ,22.5,15.082,12.79,192.899,187,94,-0.128,-0.181,0.484,0.097,-0.055,0.06,-170,112,-1006,96,-55,59,291,-127,398,39.0162811,-104.8926703,2179950,987,32,39.0163051,-104.8926534,2175490,15312,865,459,11,27.74
04-42.747, 2026-04-01 14:45:25, 2026-04-08 16:58:37.190498, True      ,22.75,15.087,12.3,185.57,188,94,-0.13,-0.183,0.493,0.003,0.008,0.065,-180,97,-962,2,7,64,293,-127,396,39.0162968,-104.8926596,2179940,991,32,39.0163169,-104.8926454,2175490,15313,868,460,10,28.31
04-42.817, 2026-04-01 14:45:25, 2026-04-08 16:58:37.190498, True      ,22.75,15.087,12.3,185.57,188,94,-0.13,-0.183,0.497,0.003,0.007,0.066,-172,97,-975,2,6,65,293,-128,396,39.0162968,-104.8926596,2179940,991,32,39.0163208,-104.8926428,2175490,15312,871,462,10,28.49
04-42.886, 2026-04-01 14:45:26, 2026-04-08 16:58:37.190498, True      ,22.75,15.087,12.3,185.57,188,94,-0.127,-0.18,0.5,0.02,0.034,0.029,-167,112,-1004,19,33,28,292,-130,397,39.0163125,-104.8926489,2179940,993,32,39.0163277,-104.8926381,2175480,15308,871,461,9,28.68
04-42.952, 2026-04-01 14:45:26, 2026-04-08 16:58:37.390662, True      ,22.75,15.11,11.96,180.716,189,94,-0.13,-0.176,0.501,-0.007,0.046,0.009,-165,103,-982,-7,45,8,292,-130,397,39.0163125,-104.8926489,2179940,993,32,39.0163334,-104.8926342,2175480,15306,872,464,9,28.71
04-43.025, 2026-04-01 14:45:26, 2026-04-08 16:58:37.390662, True      ,22.75,15.11,11.96,180.716,189,94,-0.129,-0.174,0.501,0.016,0.032,-0.003,-161,104,-991,15,31,-3,290,-131,399,39.0163125,-104.8926489,2179940,993,32,39.0163366,-104.892632,2175480,15305,873,463,8,28.68
04-43.093, 2026-04-01 14:45:26, 2026-04-08 16:58:37.390662, True      ,22.5,15.11,11.96,180.716,189,94,-0.131,-0.169,0.499,-0.031,0.055,-0.006,-174,109,-972,-31,54,-7,289,-131,400,39.0163284,-104.8926382,2179930,996,32,39.0163446,-104.8926266,2175480,15304,875,465,8,28.57
04-43.164, 2026-04-01 14:45:26, 2026-04-08 16:58:37.590495, True      ,22.5,15.08,12.65,190.762,189,94,-0.131,-0.167,0.499,0.016,0.028,0.007,-176,114,-968,15,27,6,289,-131,400,39.0163284,-104.8926382,2179930,996,32,39.0163494,-104.8926233,2175480,15301,878,465,8,28.57
04-43.238, 2026-04-01 14:45:26, 2026-04-08 16:58:37.690905, True      ,22.75,15.08,12.65,190.762,189,94,-0.129,-0.166,0.499,0.037,0.023,0.004,-189,100,-976,37,22,3,286,-132,401,39.0163284,-104.8926382,2179930,996,32,39.0163525,-104.8926212,2175480,15300,878,465,8,28.56
04-43.305, 2026-04-01 14:45:26, 2026-04-08 16:58:37.690905, True      ,22.75,15.08,12.65,190.762,189,94,-0.128,-0.158,0.497,-0.006,0.084,-0.013,-156,142,-1008,-5,83,-13,284,-130,402,39.0163443,-104.8926275,2179920,1000,32,39.0163613,-104.8926152,2175480,15301,877,466,7,28.44
04-43.370, 2026-04-01 14:45:26, 2026-04-08 16:58:37.790483, True      ,22.75,15.134,11.78,178.279,190,94,-0.129,-0.155,0.495,-0.013,0.035,-0.03,-148,119,-1001,-12,34,-30,284,-130,402,39.0163443,-104.8926275,2179920,1000,32,39.016366,-104.8926121,2175480,15302,876,467,6,28.34
04-43.444, 2026-04-01 14:45:26, 2026-04-08 16:58:37.892951, True      ,22.5,15.134,11.78,178.279,190,94,-0.129,-0.152,0.494,-0.015,0.127,-0.032,-177,107,-998,-15,126,-32,280,-130,404,39.0163443,-104.8926275,2179920,1000,32,39.0163686,-104.8926103,2175480,15303,876,467,6,28.24
04-43.520, 2026-04-01 14:45:26, 2026-04-08 16:58:37.892951, True      ,22.75,15.134,11.78,178.279,190,94,-0.129,-0.143,0.486,-0.02,-0.02,-0.077,-177,76,-987,-20,-20,-77,276,-129,407,39.0163602,-104.8926167,2179920,1007,32,39.0163773,-104.8926043,2175480,15303,876,467,2,27.8
04-43.592, 2026-04-01 14:45:26, 2026-04-08 16:58:37.892951, True      ,22.75,15.134,11.78,178.279,190,94,-0.13,-0.138,0.48,0.012,0.062,-0.073,-161,84,-1006,11,61,-73,274,-128,409,39.0163602,-104.8926167,2179920,1007,32,39.0163835,-104.8926002,2175480,15308,877,466,1,27.45
04-43.670, 2026-04-01 14:45:26, 2026-04-08 16:58:38.090508, True      ,22.75,15.134,11.78,178.279,190,94,-0.128,-0.143,0.474,0.006,-0.074,-0.088,-199,81,-939,5,-74,-88,274,-128,409,39.0163602,-104.8926167,2179920,1007,32,39.0163893,-104.8925963,2175490,15312,876,465,3,27.1
04-43.747, 2026-04-01 14:45:26, 2026-04-08 16:58:38.190556, True      ,22.75,15.175,11.41,173.147,191,94,-0.127,-0.147,0.468,0.018,-0.052,-0.065,-169,79,-955,17,-52,-65,276,-126,409,39.0163762,-104.8926059,2179920,1001,32,39.0163954,-104.8925921,2175490,15319,876,462,4,26.77
04-43.821, 2026-04-01 14:45:26, 2026-04-08 16:58:38.190556, True      ,22.5,15.175,11.41,173.147,191,94,-0.125,-0.153,0.465,0.031,-0.099,-0.073,-149,95,-969,30,-99,-73,278,-124,408,39.0163762,-104.8926059,2179920,1001,32,39.0164004,-104.8925888,2175500,15324,875,463,5,26.57
04-43.895, 2026-04-01 14:45:27, 2026-04-08 16:58:38.190556, True      ,22.5,15.175,11.41,173.147,191,94,-0.124,-0.162,0.461,-0.043,-0.049,-0.031,-144,136,-961,-43,-49,-31,284,-122,406,39.0163762,-104.8926059,2179920,1001,32,39.0164073,-104.8925842,2175510,15332,877,462,6,26.38
04-43.980, 2026-04-01 14:45:27, 2026-04-08 16:58:38.392916, True      ,22.75,15.139,12.03,182.122,192,94,-0.125,-0.166,0.46,0.026,-0.055,-0.01,-152,112,-993,25,-55,-10,284,-122,406,39.0163922,-104.8925952,2179930,999,32,39.016413,-104.8925803,2175510,15339,876,463,7,26.35
04-44.063, 2026-04-01 14:45:27, 2026-04-08 16:58:38.490503, True      ,22.75,15.139,12.03,182.122,192,94,-0.124,-0.164,0.459,0.024,0.065,-0.026,-195,122,-978,23,64,-26,286,-122,405,39.0163922,-104.8925952,2179930,999,32,39.0164162,-104.8925782,2175520,15345,875,463,8,26.28
04-44.136, 2026-04-01 14:45:27, 2026-04-08 16:58:38.590520, True      ,22.5,15.257,10.25,156.384,193,94,-0.119,-0.156,0.456,0.057,-0.002,-0.007,-178,97,-1003,57,-2,-7,284,-119,406,39.0164081,-104.8925845,2179930,996,32,39.0164263,-104.8925714,2175540,15362,876,465,4,26.15
04-44.211, 2026-04-01 14:45:27, 2026-04-08 16:58:38.590520, True      ,22.5,15.257,10.25,156.384,193,94,-0.116,-0.154,0.457,-0.016,0.063,0.017,-170,129,-1018,-16,62,16,281,-117,408,39.0164081,-104.8925845,2179930,996,32,39.016432,-104.8925675,2175550,15371,875,467,3,26.18
04-44.292, 2026-04-01 14:45:27, 2026-04-08 16:58:38.690508, True      ,22.5,15.257,10.25,156.384,193,94,-0.126,-0.144,0.459,-0.15,0.13,0.043,-163,150,-1001,-150,129,42,278,-118,410,39.0164081,-104.8925845,2179930,996,32,39.0164381,-104.8925634,2175550,15379,875,465,0,26.28
04-44.362, 2026-04-01 14:45:27, 2026-04-08 16:58:38.790496, True      ,22.75,15.355,8.14,124.99,193,94,-0.129,-0.147,0.462,0.014,-0.192,0.019,-114,135,-912,13,-192,18,278,-118,410,39.0164239,-104.8925738,2179910,998,32,39.0164446,-104.892559,2175560,15385,873,466,4,26.48
04-44.442, 2026-04-01 14:45:27, 2026-04-08 16:58:38.892895, True      ,22.75,15.355,8.14,124.99,193,94,-0.128,-0.156,0.463,0.054,-0.279,0.021,-191,116,-879,53,-279,20,274,-122,410,39.0164239,-104.8925738,2179910,998,32,39.0164477,-104.8925568,2175560,15388,871,468,8,26.6
04-44.511, 2026-04-01 14:45:27, 2026-04-08 16:58:38.892895, True      ,22.75,15.355,8.14,124.99,193,94,-0.141,-0.18,0.472,-0.254,-0.181,0.087,-154,113,-908,-253,-181,86,286,-124,403,39.0164398,-104.8925629,2179910,996,32,39.0164564,-104.8925509,2175560,15385,871,467,16,27.12
04-44.576, 2026-04-01 14:45:27, 2026-04-08 16:58:38.990493, True      ,22.5,14.995,12.74,191.036,194,94,-0.154,-0.186,0.479,-0.032,-0.04,0.092,-174,138,-958,-32,-40,91,295,-133,394,39.0164398,-104.8925629,2179910,996,32,39.0164617,-104.8925472,2175550,15373,871,471,19,27.5
04-44.650, 2026-04-01 14:45:27, 2026-04-08 16:58:39.090616, True      ,22.5,14.995,12.74,191.036,194,94,-0.153,-0.184,0.481,0.019,0.039,0.075,-182,139,-964,18,38,74,295,-133,394,39.0164398,-104.8925629,2179910,996,32,39.0164635,-104.8925459,2175540,15369,871,470,20,27.59
04-44.719, 2026-04-01 14:45:27, 2026-04-08 16:58:39.090616, True      ,22.75,14.995,12.74,191.036,194,94,-0.153,-0.172,0.487,0.009,0.092,0.058,-176,124,-999,8,91,57,293,-136,395,39.0164556,-104.8925521,2179870,998,32,39.0164728,-104.8925396,2175510,15337,874,471,18,27.92
04-44.788, 2026-04-01 14:45:27, 2026-04-08 16:58:39.090616, True      ,22.75,14.995,12.74,191.036,194,94,-0.148,-0.163,0.489,0.101,0.163,0.029,-188,122,-1035,100,162,28,287,-137,399,39.0164556,-104.8925521,2179870,998,32,39.0164783,-104.8925357,2175490,15315,874,472,14,27.99
04-44.863, 2026-04-01 14:45:28, 2026-04-08 16:58:39.290964, True      ,22.75,14.995,12.74,191.036,194,94,-0.144,-0.156,0.489,0.029,0.07,0.013,-168,144,-1030,28,69,12,287,-137,399,39.0164556,-104.8925521,2179870,998,32,39.0164841,-104.8925318,2175470,15298,873,472,13,28
04-44.935, 2026-04-01 14:45:28, 2026-04-08 16:58:39.392873, True      ,22.75,15.165,11.3,171.364,195,94,-0.146,-0.153,0.489,-0.042,0.008,-0.001,-193,131,-1003,-42,7,-1,281,-135,402,39.0164714,-104.8925412,2179830,999,32,39.0164895,-104.8925281,2175460,15281,874,470,11,28
04-45.004, 2026-04-01 14:45:28, 2026-04-08 16:58:39.392873, True      ,22.5,15.165,11.3,171.364,195,94,-0.148,-0.156,0.488,-0.04,-0.051,-0.014,-171,141,-975,-40,-51,-14,279,-136,403,39.0164714,-104.8925412,2179830,999,32,39.0164952,-104.8925241,2175440,15264,873,471,10,27.96
04-45.072, 2026-04-01 14:45:28, 2026-04-08 16:58:39.490900, True      ,22.75,15.165,11.3,171.364,195,94,-0.154,-0.157,0.488,-0.085,0,-0.004,-181,114,-995,-85,0,-4,279,-136,403,39.0164714,-104.8925412,2179830,999,32,39.0165005,-104.8925204,2175420,15246,872,470,11,27.94
04-45.142, 2026-04-01 14:45:28, 2026-04-08 16:58:39.590492, True      ,22.75,15.073,12.83,193.387,196,94,-0.158,-0.158,0.488,-0.041,-0.008,-0.004,-145,132,-1031,-40,-8,-4,281,-138,401,39.0164873,-104.8925303,2179820,1000,32,39.0165062,-104.8925166,2175410,15230,873,470,8,27.94
04-45.219, 2026-04-01 14:45:28, 2026-04-08 16:58:39.590492, True      ,22.75,15.073,12.83,193.387,196,94,-0.16,-0.156,0.487,-0.017,0.055,-0.012,-194,135,-1027,-17,54,-12,281,-141,400,39.0164873,-104.8925303,2179820,1000,32,39.0165111,-104.8925132,2175390,15215,874,469,5,27.88
04-45.293, 2026-04-01 14:45:28, 2026-04-08 16:58:39.590492, True      ,22.75,15.073,12.83,193.387,196,94,-0.156,-0.152,0.483,0.021,0.067,-0.052,-211,112,-1032,20,66,-52,281,-140,402,39.0165032,-104.8925194,2179820,1000,32,39.0165181,-104.8925084,2175370,15198,875,463,0,27.61
04-45.367, 2026-04-01 14:45:28, 2026-04-08 16:58:39.790542, True      ,22.75,15.198,11.03,167.634,197,94,-0.154,-0.148,0.477,0.034,0.053,-0.065,-177,142,-1031,33,52,-65,281,-140,402,39.0165032,-104.8925194,2179820,1000,32,39.0165239,-104.8925045,2175370,15193,875,463,-3,27.29
04-45.446, 2026-04-01 14:45:28, 2026-04-08 16:58:39.890536, True      ,22.75,15.198,11.03,167.634,197,94,-0.15,-0.147,0.474,0.106,0.015,-0.072,-184,136,-1013,105,14,-72,277,-138,405,39.0165032,-104.8925194,2179820,1000,32,39.0165272,-104.8925023,2175370,15190,876,463,-4,27.12
04-45.520, 2026-04-01 14:45:28, 2026-04-08 16:58:39.890536, True      ,22.5,15.198,11.03,167.634,197,94,-0.143,-0.152,0.469,0.002,-0.025,-0.038,-165,84,-996,1,-25,-38,277,-133,407,39.0165191,-104.8925086,2179830,997,32,39.0165359,-104.8924965,2175370,15192,875,460,-5,26.85
04-45.593, 2026-04-01 14:45:28, 2026-04-08 16:58:39.890536, True      ,22.75,15.198,11.03,167.634,197,94,-0.144,-0.157,0.468,-0.023,-0.068,-0.024,-159,129,-975,-22,-68,-24,279,-131,405,39.0165191,-104.8925086,2179830,997,32,39.0165421,-104.8924924,2175380,15202,875,458,-5,26.78
04-45.668, 2026-04-01 14:45:28, 2026-04-08 16:58:40.090552, True      ,22.75,15.198,11.03,167.634,197,94,-0.143,-0.162,0.466,0.003,-0.058,-0.034,-182,130,-993,2,-58,-34,279,-131,405,39.0165191,-104.8925086,2179830,997,32,39.0165478,-104.8924885,2175390,15212,874,456,-6,26.69
04-45.758, 2026-04-01 14:45:28, 2026-04-08 16:58:40.190507, True      ,22.75,15.179,11.34,172.13,198,93,-0.142,-0.167,0.464,0.008,-0.057,-0.027,-184,115,-971,7,-57,-27,283,-130,403,39.0165349,-104.892498,2179850,988,32,39.0165539,-104.8924845,2175400,15224,874,458,-4,26.58
04-45.838, 2026-04-01 14:45:29, 2026-04-08 16:58:40.290490, True      ,22.75,15.179,11.34,172.13,198,93,-0.14,-0.17,0.464,0.093,-0.067,-0.007,-170,105,-1001,93,-66,-7,286,-129,402,39.0165349,-104.892498,2179850,988,32,39.0165589,-104.8924812,2175410,15233,875,458,-4,26.56
04-45.911, 2026-04-01 14:45:29, 2026-04-08 16:58:40.290490, True      ,22.75,15.179,11.34,172.13,198,93,-0.131,-0.174,0.463,0.032,0.012,0.003,-169,109,-996,32,11,2,288,-126,401,39.0165507,-104.8924875,2179880,989,32,39.0165675,-104.8924754,2175420,15249,875,457,-5,26.53
04-45.985, 2026-04-01 14:45:29, 2026-04-08 16:58:40.392807, True      ,22.5,15.264,10.01,152.793,198,93,-0.132,-0.169,0.464,0.003,0.068,0.022,-200,87,-978,2,67,21,287,-124,403,39.0165507,-104.8924875,2179880,989,32,39.016573,-104.8924718,2175440,15262,876,455,-8,26.59
04-46.070, 2026-04-01 14:45:29, 2026-04-08 16:58:40.490934, True      ,22.5,15.264,10.01,152.793,198,93,-0.131,-0.168,0.464,-0.007,0.059,0.023,-167,125,-993,-6,58,22,287,-124,403,39.0165507,-104.8924875,2179880,989,32,39.0165746,-104.8924707,2175440,15266,876,456,-7,26.58
04-46.142, 2026-04-01 14:45:29, 2026-04-08 16:58:40.590562, True      ,22.5,15.336,8.5,130.356,199,93,-0.127,-0.166,0.468,0.062,0.027,0.028,-167,92,-964,61,26,27,286,-124,404,39.0165665,-104.892477,2179920,990,32,39.0165855,-104.8924636,2175470,15292,874,456,-7,26.81
04-46.219, 2026-04-01 14:45:29, 2026-04-08 16:58:40.590562, True      ,22.75,15.336,8.5,130.356,199,93,-0.123,-0.163,0.468,0.084,0.039,0.012,-207,99,-966,83,39,11,283,-123,406,39.0165665,-104.892477,2179920,990,32,39.0165904,-104.8924603,2175480,15304,877,455,-8,26.83
04-46.294, 2026-04-01 14:45:29, 2026-04-08 16:58:40.590562, True      ,22.75,15.336,8.5,130.356,199,93,-0.123,-0.16,0.468,-0.024,-0.008,0.002,-153,90,-977,-23,-8,1,281,-121,407,39.0165823,-104.8924664,2179920,994,32,39.0165974,-104.8924557,2175500,15323,878,456,-7,26.83
04-46.364, 2026-04-01 14:45:29, 2026-04-08 16:58:40.790474, True      ,22.75,15.41,7.09,109.257,199,93,-0.125,-0.165,0.47,-0.025,-0.071,0.032,-159,69,-934,-25,-71,32,281,-121,407,39.0165823,-104.8924664,2179920,994,32,39.0166032,-104.8924518,2175510,15336,877,457,-6,26.96
04-46.443, 2026-04-01 14:45:29, 2026-04-08 16:58:40.892889, True      ,22.75,15.41,7.09,109.257,199,93,-0.127,-0.166,0.472,-0.094,-0.023,0.041,-167,117,-914,-94,-23,40,280,-122,406,39.0165823,-104.8924664,2179920,994,32,39.0166064,-104.8924497,2175520,15342,878,455,-2,27.07
04-46.523, 2026-04-01 14:45:29, 2026-04-08 16:58:40.892889, True      ,22.75,15.41,7.09,109.257,199,93,-0.138,-0.172,0.475,-0.058,-0.085,0.009,-167,130,-921,-58,-85,8,283,-125,403,39.0165982,-104.8924558,2179950,997,32,39.0166152,-104.8924438,2175520,15349,879,457,3,27.22
04-46.599, 2026-04-01 14:45:29, 2026-04-08 16:58:40.892889, True      ,22.75,15.41,7.09,109.257,199,93,-0.137,-0.175,0.475,0.015,-0.02,-0.018,-175,102,-962,15,-19,-18,286,-129,401,39.0165982,-104.8924558,2179950,997,32,39.0166214,-104.8924397,2175530,15350,882,457,6,27.16
04-46.673, 2026-04-01 14:45:29, 2026-04-08 16:58:41.090907, True      ,22.75,15.41,7.09,109.257,199,93,-0.134,-0.175,0.473,0.048,0.02,-0.007,-141,63,-968,48,19,-7,286,-129,401,39.0165982,-104.8924558,2179950,997,32,39.0166278,-104.8924355,2175520,15349,884,456,8,27.11
04-46.745, 2026-04-01 14:45:29, 2026-04-08 16:58:41.190538, True      ,22.75,15.292,9.18,140.381,200,93,-0.129,-0.173,0.474,0.087,0.063,0.003,-157,110,-956,86,62,2,288,-127,401,39.0166142,-104.8924452,2179950,996,32,39.0166335,-104.8924317,2175520,15347,886,456,8,27.13
04-46.822, 2026-04-01 14:45:29, 2026-04-08 16:58:41.190538, True      ,22.5,15.292,9.18,140.381,200,93,-0.122,-0.167,0.472,0.12,0.087,-0.019,-175,102,-964,119,86,-19,286,-125,403,39.0166142,-104.8924452,2179950,996,32,39.0166385,-104.8924284,2175520,15345,888,457,9,27.01
04-46.895, 2026-04-01 14:45:30, 2026-04-08 16:58:41.190538, True      ,22.75,15.292,9.18,140.381,200,93,-0.112,-0.157,0.468,0.043,0.133,-0.039,-119,90,-997,43,132,-39,282,-119,407,39.0166301,-104.8924346,2179940,994,32,39.0166456,-104.8924238,2175520,15342,888,457,9,26.79
04-46.967, 2026-04-01 14:45:30, 2026-04-08 16:58:41.392822, True      ,22.5,15.312,9.24,141.483,201,93,-0.105,-0.152,0.465,0.112,0.057,-0.038,-179,100,-967,112,56,-38,282,-119,407,39.0166301,-104.8924346,2179940,994,32,39.0166514,-104.8924199,2175510,15338,889,459,10,26.62
04-47.046, 2026-04-01 14:45:30, 2026-04-08 16:58:41.490954, True      ,22.5,15.312,9.24,141.483,201,93,-0.101,-0.15,0.463,0.109,0.052,-0.035,-162,91,-997,108,51,-35,277,-115,412,39.0166301,-104.8924346,2179940,994,32,39.0166547,-104.8924178,2175510,15337,888,459,9,26.52
04-47.129, 2026-04-01 14:45:30, 2026-04-08 16:58:41.590503, True      ,22.75,15.318,9.13,139.853,201,93,-0.096,-0.142,0.459,-0.018,0.08,-0.029,-156,98,-1014,-17,79,-29,276,-111,413,39.0166461,-104.8924242,2179940,1000,32,39.0166636,-104.8924119,2175510,15334,885,460,9,26.31
04-47.202, 2026-04-01 14:45:30, 2026-04-08 16:58:41.590503, True      ,22.5,15.318,9.13,139.853,201,93,-0.097,-0.139,0.458,0.001,-0.006,-0.012,-194,96,-975,0,-5,-12,272,-109,416,39.0166461,-104.8924242,2179940,1000,32,39.0166708,-104.8924071,2175510,15335,884,462,8,26.25
04-47.278, 2026-04-01 14:45:30, 2026-04-08 16:58:41.690927, True      ,22.5,15.318,9.13,139.853,201,93,-0.097,-0.143,0.459,0.011,-0.077,0.013,-159,76,-988,11,-77,12,272,-109,416,39.0166461,-104.8924242,2179940,1000,32,39.0166761,-104.8924035,2175510,15334,882,463,8,26.31
04-47.348, 2026-04-01 14:45:30, 2026-04-08 16:58:41.790563, True      ,22.75,15.293,9.27,141.766,202,93,-0.101,-0.149,0.461,-0.084,-0.083,0.018,-188,115,-955,-84,-82,17,273,-109,416,39.0166621,-104.8924136,2179910,999,32,39.0166828,-104.892399,2175510,15333,879,466,10,26.43
04-47.427, 2026-04-01 14:45:30, 2026-04-08 16:58:41.790563, True      ,22.75,15.293,9.27,141.766,202,93,-0.104,-0.154,0.463,-0.079,-0.084,0.038,-183,119,-965,-78,-84,37,276,-111,413,39.0166621,-104.8924136,2179910,999,32,39.0166867,-104.8923963,2175510,15332,879,467,11,26.57
04-47.500, 2026-04-01 14:45:30, 2026-04-08 16:58:41.790563, True      ,22.75,15.293,9.27,141.766,202,93,-0.109,-0.161,0.47,-0.026,-0.02,0.067,-160,146,-1007,-26,-20,66,281,-115,410,39.0166781,-104.8924029,2179890,997,32,39.0166947,-104.8923909,2175500,15320,876,472,10,26.96
04-47.576, 2026-04-01 14:45:30, 2026-04-08 16:58:41.990532, True      ,22.75,15.274,9.88,150.907,202,93,-0.113,-0.158,0.474,-0.091,0.07,0.066,-169,121,-993,-91,69,65,281,-115,410,39.0166781,-104.8924029,2179890,997,32,39.0167,-104.8923872,2175480,15309,876,475,8,27.19
04-47.668, 2026-04-01 14:45:30, 2026-04-08 16:58:42.090474, True      ,22.75,15.274,9.88,150.907,202,93,-0.115,-0.156,0.476,-0.085,0.071,0.077,-150,146,-1017,-85,71,76,280,-118,409,39.0166781,-104.8924029,2179890,997,32,39.0167026,-104.8923854,2175480,15303,875,477,9,27.31
04-47.742, 2026-04-01 14:45:30, 2026-04-08 16:58:42.190561, True      ,22.75,15.299,8.92,136.467,203,93,-0.128,-0.149,0.484,-0.093,0.017,0.068,-160,94,-990,-92,17,67,278,-123,409,39.0166939,-104.8923921,2179850,996,32,39.0167135,-104.8923778,2175450,15274,876,479,7,27.79
04-47.819, 2026-04-01 14:45:30, 2026-04-08 16:58:42.190561, True      ,22.75,15.299,8.92,136.467,203,93,-0.137,-0.148,0.488,-0.123,0.014,0.053,-130,107,-984,-123,13,52,275,-128,409,39.0166939,-104.8923921,2179850,996,32,39.0167184,-104.8923744,2175430,15258,874,479,7,27.99
04-47.892, 2026-04-01 14:45:31, 2026-04-08 16:58:42.190561, True      ,22.75,15.299,8.92,136.467,203,93,-0.146,-0.152,0.491,-0.104,-0.049,0.001,-171,119,-978,-103,-49,0,275,-134,406,39.0167097,-104.8923811,2179850,998,32,39.0167253,-104.8923696,2175410,15237,874,479,9,28.12
04-47.961, 2026-04-01 14:45:31, 2026-04-08 16:58:42.392996, True      ,22.75,15.176,10.86,164.811,203,93,-0.152,-0.157,0.491,-0.105,-0.06,0.002,-181,110,-978,-104,-60,1,275,-134,406,39.0167097,-104.8923811,2179850,998,32,39.016731,-104.8923656,2175390,15219,875,478,8,28.17
04-48.041, 2026-04-01 14:45:31, 2026-04-08 16:58:42.490972, True      ,22.75,15.176,10.86,164.811,203,93,-0.155,-0.159,0.492,-0.08,-0.083,0.019,-204,128,-982,-80,-83,18,279,-139,403,39.0167097,-104.8923811,2179850,998,32,39.0167342,-104.8923633,2175380,15206,875,477,8,28.23
04-48.117, 2026-04-01 14:45:31, 2026-04-08 16:58:42.490972, True      ,22.75,15.176,10.86,164.811,203,93,-0.154,-0.163,0.495,0.094,0.02,0.027,-201,102,-1029,93,19,26,283,-142,400,39.0167255,-104.8923701,2179840,996,32,39.0167429,-104.8923573,2175350,15177,874,477,5,28.35
04-48.200, 2026-04-01 14:45:31, 2026-04-08 16:58:42.490972, True      ,22.75,15.176,10.86,164.811,203,93,-0.15,-0.16,0.496,0.052,0.048,0.015,-200,120,-1026,51,47,14,281,-140,402,39.0167255,-104.8923701,2179840,996,32,39.016749,-104.892353,2175330,15158,875,476,2,28.39
04-48.273, 2026-04-01 14:45:31, 2026-04-08 16:58:42.690512, True      ,22.75,15.176,10.86,164.811,203,93,-0.15,-0.156,0.496,0.012,0.034,0.011,-131,134,-1012,12,33,10,281,-140,402,39.0167255,-104.8923701,2179840,996,32,39.0167553,-104.8923486,2175320,15148,877,475,0,28.43
04-48.339, 2026-04-01 14:45:31, 2026-04-08 16:58:42.790546, True      ,22.75,15.188,10.66,161.904,205,93,-0.148,-0.157,0.497,0.031,-0.032,0.026,-158,136,-1006,30,-32,25,278,-140,403,39.0167412,-104.8923592,2179830,993,32,39.0167609,-104.8923448,2175320,15142,877,474,-3,28.53
04-48.408, 2026-04-01 14:45:31, 2026-04-08 16:58:42.790546, True      ,22.75,15.188,10.66,161.904,205,93,-0.148,-0.155,0.5,-0.018,0.043,0.044,-169,98,-1015,-17,42,43,278,-139,404,39.0167412,-104.8923592,2179830,993,32,39.0167658,-104.8923415,2175310,15139,877,474,-4,28.66
04-48.476, 2026-04-01 14:45:31, 2026-04-08 16:58:42.892932, True      ,22.75,15.188,10.66,161.904,205,93,-0.15,-0.153,0.502,-0.001,0.01,0.016,-162,102,-1001,0,9,16,278,-140,404,39.0167412,-104.8923592,2179830,993,32,39.0167722,-104.892337,2175310,15137,877,473,-4,28.75
04-48.547, 2026-04-01 14:45:31, 2026-04-08 16:58:42.990514, True      ,22.75,15.229,10.34,157.468,205,93,-0.15,-0.152,0.502,0.02,0.036,-0.014,-168,125,-1048,19,35,-14,278,-140,404,39.016757,-104.8923484,2179850,996,32,39.0167776,-104.8923334,2175310,15137,878,473,-9,28.69
04-48.616, 2026-04-01 14:45:31, 2026-04-08 16:58:42.990514, True      ,22.75,15.229,10.34,157.468,205,93,-0.151,-0.147,0.499,-0.055,0.084,-0.046,-193,101,-1015,-54,83,-46,275,-141,405,39.016757,-104.8923484,2179850,996,32,39.0167815,-104.8923307,2175320,15140,878,471,-9,28.53
04-48.682, 2026-04-01 14:45:31, 2026-04-08 16:58:42.990514, True      ,22.75,15.229,10.34,157.468,205,93,-0.154,-0.145,0.492,-0.019,-0.015,-0.071,-153,120,-993,-19,-15,-71,274,-141,406,39.016757,-104.8923484,2179850,996,32,39.0167884,-104.892326,2175320,15149,878,470,-11,28.16
04-48.753, 2026-04-01 14:45:31, 2026-04-08 16:58:43.190481, True      ,22.75,15.282,9.19,140.442,206,93,-0.152,-0.149,0.488,0.035,-0.06,-0.073,-176,119,-964,34,-60,-73,274,-141,406,39.0167728,-104.8923375,2179860,994,32,39.0167932,-104.8923227,2175330,15158,878,468,-11,27.94
04-48.826, 2026-04-01 14:45:32, 2026-04-08 16:58:43.190481, True      ,22.75,15.282,9.19,140.442,206,93,-0.148,-0.15,0.484,0.056,-0.004,-0.1,-197,108,-959,55,-4,-99,274,-139,406,39.0167728,-104.8923375,2179860,994,32,39.0167972,-104.8923201,2175340,15165,877,466,-12,27.66
04-48.892, 2026-04-01 14:45:32, 2026-04-08 16:58:43.190481, True      ,22.75,15.282,9.19,140.442,206,93,-0.144,-0.153,0.474,0.04,-0.014,-0.113,-134,133,-988,40,-14,-112,276,-135,406,39.0167886,-104.8923267,2179880,996,32,39.0168051,-104.8923148,2175350,15179,879,466,-12,27.05
04-48.955, 2026-04-01 14:45:32, 2026-04-08 16:58:43.392885, True      ,22.75,15.334,9.18,140.766,206,93,-0.14,-0.15,0.465,0.059,0.065,-0.124,-191,81,-1012,58,64,-124,276,-135,406,39.0167886,-104.8923267,2179880,996,32,39.0168098,-104.8923116,2175360,15189,879,466,-15,26.59
04-49.033, 2026-04-01 14:45:32, 2026-04-08 16:58:43.490490, True      ,22.75,15.334,9.18,140.766,206,93,-0.134,-0.149,0.462,0.118,0.06,-0.083,-150,127,-1023,117,59,-83,277,-130,408,39.0167886,-104.8923267,2179880,996,32,39.016813,-104.8923095,2175370,15196,879,465,-14,26.37
04-49.104, 2026-04-01 14:45:32, 2026-04-08 16:58:43.490490, True      ,22.75,15.334,9.18,140.766,206,93,-0.128,-0.147,0.455,0.009,-0.022,-0.054,-128,100,-965,8,-22,-54,275,-123,411,39.0168045,-104.8923161,2179920,995,32,39.0168209,-104.8923042,2175390,15216,880,464,-12,26.03
04-49.171, 2026-04-01 14:45:32, 2026-04-08 16:58:43.590578, True      ,22.75,15.355,7.98,122.533,207,93,-0.131,-0.157,0.453,-0.077,-0.182,-0.024,-170,120,-931,-76,-182,-24,275,-123,411,39.0168045,-104.8923161,2179920,995,32,39.0168262,-104.8923006,2175400,15225,879,465,-8,25.98
04-49.257, 2026-04-01 14:45:32, 2026-04-08 16:58:43.690876, True      ,22.75,15.355,7.98,122.533,207,93,-0.134,-0.163,0.454,-0.09,-0.17,-0.003,-161,127,-926,-89,-170,-3,277,-123,410,39.0168045,-104.8923161,2179920,995,32,39.0168288,-104.8922989,2175400,15229,879,463,-7,26.01
04-49.327, 2026-04-01 14:45:32, 2026-04-08 16:58:43.690876, True      ,22.75,15.355,7.98,122.533,207,93,-0.138,-0.174,0.457,0.001,-0.087,0.019,-175,167,-962,1,-87,18,285,-125,404,39.0168204,-104.8923055,2179940,994,32,39.0168389,-104.8922922,2175410,15235,877,464,-3,26.2
04-49.399, 2026-04-01 14:45:32, 2026-04-08 16:58:43.690876, True      ,22.75,15.355,7.98,122.533,207,93,-0.145,-0.178,0.459,-0.078,-0.08,0.024,-184,97,-955,-78,-80,23,287,-127,402,39.0168204,-104.8923055,2179940,994,32,39.0168447,-104.8922883,2175410,15232,878,467,-2,26.35
04-49.470, 2026-04-01 14:45:32, 2026-04-08 16:58:43.892964, True      ,22.75,15.355,7.98,122.533,207,93,-0.145,-0.187,0.462,0.007,-0.137,0.011,-163,131,-942,6,-137,10,287,-127,402,39.0168204,-104.8923055,2179940,994,32,39.01685,-104.8922847,2175400,15226,877,468,1,26.47
04-49.539, 2026-04-01 14:45:32, 2026-04-08 16:58:43.990513, True      ,22.75,15.178,11.3,171.511,208,93,-0.146,-0.192,0.465,-0.016,-0.041,0.047,-175,184,-974,-15,-41,46,292,-129,397,39.0168362,-104.8922948,2179970,996,32,39.0168556,-104.8922809,2175390,15215,878,469,3,26.64
04-49.613, 2026-04-01 14:45:32, 2026-04-08 16:58:43.990513, True      ,22.75,15.178,11.3,171.511,208,93,-0.144,-0.189,0.467,0.078,0.071,0.042,-213,125,-1011,77,70,41,295,-130,395,39.0168362,-104.8922948,2179970,996,32,39.0168606,-104.8922775,2175380,15203,877,471,1,26.76
04-49.687, 2026-04-01 14:45:32, 2026-04-08 16:58:44.090563, True      ,22.75,15.178,11.3,171.511,208,93,-0.143,-0.17,0.468,-0.009,0.277,0.043,-150,110,-1098,-9,276,42,290,-129,399,39.0168362,-104.8922948,2179970,996,32,39.0168668,-104.8922733,2175370,15191,880,472,-3,26.79
04-49.752, 2026-04-01 14:45:32, 2026-04-08 16:58:44.190531, True      ,22.5,15.41,7.75,119.427,208,93,-0.141,-0.157,0.47,0.018,0.078,0.055,-168,123,-996,17,77,54,290,-129,399,39.016852,-104.8922839,2179970,998,32,39.0168733,-104.8922688,2175360,15186,882,473,-8,26.97
04-49.829, 2026-04-01 14:45:33, 2026-04-08 16:58:44.290956, True      ,22.75,15.41,7.75,119.427,208,93,-0.142,-0.155,0.473,-0.035,0.044,0.076,-153,121,-977,-35,43,75,280,-130,407,39.016852,-104.8922839,2179970,998,32,39.0168765,-104.8922666,2175360,15182,882,473,-7,27.14
04-49.895, 2026-04-01 14:45:33, 2026-04-08 16:58:44.290956, True      ,22.75,15.41,7.75,119.427,208,93,-0.152,-0.156,0.484,-0.075,-0.052,0.139,-151,127,-970,-75,-52,138,279,-134,406,39.0168679,-104.892273,2179970,1001,32,39.0168844,-104.8922611,2175350,15171,883,474,-6,27.86
04-49.959, 2026-04-01 14:45:33, 2026-04-08 16:58:44.392875, True      ,22.75,15.26,9.37,142.986,209,93,-0.16,-0.16,0.495,-0.098,-0.074,0.161,-159,141,-967,-98,-74,160,279,-134,406,39.0168679,-104.892273,2179970,1001,32,39.0168892,-104.8922579,2175340,15167,882,474,-4,28.45
04-50.029, 2026-04-01 14:45:33, 2026-04-08 16:58:44.490973, True      ,22.75,15.26,9.37,142.986,209,93,-0.165,-0.162,0.501,-0.1,-0.05,0.163,-170,106,-965,-99,-50,163,279,-141,402,39.0168679,-104.892273,2179970,1001,32,39.0168924,-104.8922557,2175340,15162,883,475,-5,28.82
04-50.095, 2026-04-01 14:45:33, 2026-04-08 16:58:44.490973, True      ,22.75,15.26,9.37,142.986,209,93,-0.175,-0.163,0.514,-0.016,-0.072,0.11,-184,119,-940,-16,-72,109,280,-150,398,39.0168838,-104.8922621,2179990,1002,32,39.0169004,-104.8922502,2175330,15154,884,472,-3,29.56
04-50.161, 2026-04-01 14:45:33, 2026-04-08 16:58:44.590477, True      ,22.75,15.162,10.57,160.262,209,93,-0.175,-0.162,0.52,0.051,0.045,0.062,-176,150,-1018,51,44,61,280,-150,398,39.0168838,-104.8922621,2179990,1002,32,39.0169051,-104.8922469,2175320,15148,883,471,-2,29.77
04-50.231, 2026-04-01 14:45:33, 2026-04-08 16:58:44.690910, True      ,22.75,15.162,10.57,160.262,209,93,-0.175,-0.156,0.52,0.047,0.145,0.035,-179,117,-1030,46,144,34,278,-154,398,39.0168838,-104.8922621,2179990,1002,32,39.0169084,-104.8922447,2175320,15143,885,469,-5,29.8
04-50.304, 2026-04-01 14:45:33, 2026-04-08 16:58:44.690910, True      ,22.75,15.162,10.57,160.262,209,93,-0.166,-0.144,0.517,0.088,0.091,-0.051,-158,134,-1000,87,90,-51,274,-153,401,39.0168996,-104.8922512,2180000,997,32,39.0169164,-104.8922393,2175310,15134,887,468,-7,29.54
04-50.369, 2026-04-01 14:45:33, 2026-04-08 16:58:44.790550, True      ,22.75,15.293,8.93,136.566,210,93,-0.161,-0.142,0.511,0.057,0.049,-0.082,-123,123,-1003,56,48,-82,274,-153,401,39.0168996,-104.8922512,2180000,997,32,39.0169218,-104.8922357,2175310,15130,888,466,-8,29.22
04-50.449, 2026-04-01 14:45:33, 2026-04-08 16:58:44.890987, True      ,22.75,15.293,8.93,136.566,210,93,-0.158,-0.141,0.508,0.076,0.031,-0.084,-161,122,-960,76,30,-84,270,-149,406,39.0168996,-104.8922512,2180000,997,32,39.0169244,-104.8922339,2175300,15128,888,465,-8,29.05
04-50.519, 2026-04-01 14:45:33, 2026-04-08 16:58:44.890987, True      ,22.75,15.293,8.93,136.566,210,93,-0.151,-0.143,0.497,0.028,-0.058,-0.095,-170,136,-978,27,-58,-95,270,-144,407,39.0169155,-104.8922404,2180020,1001,32,39.0169338,-104.8922276,2175300,15122,886,465,-7,28.42
04-50.591, 2026-04-01 14:45:33, 2026-04-08 16:58:44.890987, True      ,22.75,15.293,8.93,136.566,210,93,-0.148,-0.144,0.491,0.022,-0.003,-0.08,-165,125,-1006,22,-3,-80,272,-140,408,39.0169155,-104.8922404,2180020,1001,32,39.0169394,-104.8922238,2175300,15120,884,463,-6,28.06
04-50.663, 2026-04-01 14:45:33, 2026-04-08 16:58:45.090524, True      ,22.75,15.293,8.93,136.566,210,93,-0.147,-0.145,0.486,0.002,0.025,-0.058,-186,108,-984,1,24,-58,272,-140,408,39.0169155,-104.8922404,2180020,1001,32,39.0169452,-104.89222,2175290,15119,883,460,-5,27.78
04-50.736, 2026-04-01 14:45:33, 2026-04-08 16:58:45.190512, True      ,22.75,15.236,10.57,161.045,211,93,-0.147,-0.141,0.482,0.034,0.06,-0.033,-215,103,-990,33,59,-33,275,-138,407,39.0169315,-104.8922297,2180050,997,32,39.0169506,-104.8922164,2175290,15119,883,459,-7,27.59
04-50.809, 2026-04-01 14:45:33, 2026-04-08 16:58:45.190512, True      ,22.75,15.236,10.57,161.045,211,93,-0.144,-0.137,0.48,0.041,0.061,-0.015,-187,139,-975,41,60,-15,271,-136,409,39.0169315,-104.8922297,2180050,997,32,39.0169563,-104.8922126,2175300,15123,881,457,-9,27.49
04-50.887, 2026-04-01 14:45:34, 2026-04-08 16:58:45.290886, True      ,23,15.236,10.57,161.045,211,93,-0.14,-0.131,0.479,0.032,0.082,-0.011,-171,139,-980,32,81,-11,269,-134,411,39.0169473,-104.8922192,2180070,988,32,39.0169624,-104.8922086,2175310,15132,876,454,-8,27.41
04-50.954, 2026-04-01 14:45:34, 2026-04-08 16:58:45.392881, True      ,22.75,15.239,9.78,149.037,212,93,-0.14,-0.132,0.479,0.023,-0.073,0.023,-175,117,-956,23,-73,22,269,-134,411,39.0169473,-104.8922192,2180070,988,32,39.0169689,-104.8922043,2175320,15145,876,453,-9,27.46
04-51.030, 2026-04-01 14:45:34, 2026-04-08 16:58:45.490877, True      ,22.75,15.239,9.78,149.037,212,93,-0.139,-0.131,0.481,0.059,0.036,0.044,-169,139,-976,58,35,43,267,-134,412,39.0169473,-104.8922192,2180070,988,32,39.0169721,-104.8922022,2175330,15152,875,453,-9,27.55
04-51.099, 2026-04-01 14:45:34, 2026-04-08 16:58:45.490877, True      ,22.75,15.239,9.78,149.037,212,93,-0.127,-0.113,0.484,0.172,0.196,0.054,-139,103,-1038,171,195,53,265,-132,414,39.0169631,-104.8922087,2180100,985,32,39.0169799,-104.892197,2175350,15175,872,453,-13,27.78
04-51.165, 2026-04-01 14:45:34, 2026-04-08 16:58:45.590471, True      ,22.75,15.368,8.22,126.325,212,93,-0.119,-0.101,0.487,0.086,0.147,0.052,-137,108,-961,85,146,51,265,-132,414,39.0169631,-104.8922087,2180100,985,32,39.0169852,-104.8921935,2175370,15193,871,451,-14,27.9
04-51.244, 2026-04-01 14:45:34, 2026-04-08 16:58:45.690845, True      ,22.75,15.368,8.22,126.325,212,93,-0.12,-0.095,0.488,-0.008,0.178,0.055,-142,89,-954,-7,177,54,255,-128,422,39.0169631,-104.8922087,2180100,985,32,39.0169878,-104.8921918,2175380,15202,869,451,-11,27.98
04-51.318, 2026-04-01 14:45:34, 2026-04-08 16:58:45.690845, True      ,22.75,15.368,8.22,126.325,212,93,-0.128,-0.081,0.493,-0.037,0.06,0.061,-119,125,-915,-37,59,60,249,-129,425,39.0169788,-104.8921982,2180140,985,32,39.0169963,-104.8921861,2175410,15230,863,451,-6,28.26
04-51.395, 2026-04-01 14:45:34, 2026-04-08 16:58:45.690845, True      ,22.75,15.368,8.22,126.325,212,93,-0.131,-0.068,0.497,-0.045,0.185,0.062,-152,117,-945,-44,184,62,243,-134,427,39.0169788,-104.8921982,2180140,985,32,39.0170024,-104.8921821,2175430,15255,860,450,-3,28.49
04-51.470, 2026-04-01 14:45:34, 2026-04-08 16:58:45.891034, True      ,22.5,15.368,8.22,126.325,212,93,-0.133,-0.052,0.498,-0.007,0.24,0.032,-165,115,-988,-7,239,31,243,-134,427,39.0169788,-104.8921982,2180140,985,32,39.017008,-104.8921783,2175450,15272,856,448,-5,28.53
04-51.540, 2026-04-01 14:45:34, 2026-04-08 16:58:45.990489, True      ,22.75,15.335,8.64,132.494,213,93,-0.131,-0.03,0.497,0.018,0.305,0.017,-134,159,-970,18,304,16,235,-137,430,39.0169944,-104.8921878,2180170,968,32,39.0170139,-104.8921743,2175470,15294,848,444,-3,28.46
04-51.611, 2026-04-01 14:45:34, 2026-04-08 16:58:45.990489, True      ,22.75,15.335,8.64,132.494,213,93,-0.131,-0.014,0.495,0.04,0.222,-0.018,-144,107,-965,40,221,-18,221,-136,437,39.0169944,-104.8921878,2180170,968,32,39.0170187,-104.8921711,2175480,15308,841,443,-4,28.33
04-51.683, 2026-04-01 14:45:34, 2026-04-08 16:58:46.090559, True      ,22.75,15.335,8.64,132.494,213,93,-0.133,-0.002,0.49,-0.056,0.147,-0.051,-127,85,-964,-56,146,-51,211,-136,441,39.0169944,-104.8921878,2180170,968,32,39.0170246,-104.8921672,2175500,15326,832,439,-1,28.04
04-51.754, 2026-04-01 14:45:34, 2026-04-08 16:58:46.190501, True      ,22.75,15.344,8.45,129.657,214,93,-0.133,0.006,0.485,0.051,0.107,-0.07,-133,140,-972,50,106,-70,211,-136,441,39.0170098,-104.8921776,2180180,952,32,39.0170299,-104.8921636,2175510,15339,826,433,-1,27.71
04-51.829, 2026-04-01 14:45:35, 2026-04-08 16:58:46.290969, True      ,22.75,15.344,8.45,129.657,214,93,-0.128,0.011,0.481,0.073,0.13,-0.058,-99,110,-1013,72,129,-58,204,-135,444,39.0170098,-104.8921776,2180180,952,32,39.0170335,-104.8921611,2175520,15347,820,431,-1,27.51
04-51.900, 2026-04-01 14:45:35, 2026-04-08 16:58:46.290969, True      ,23,15.344,8.45,129.657,214,93,-0.125,0.023,0.478,-0.036,0.091,-0.015,-74,105,-968,-35,90,-14,200,-131,448,39.0170247,-104.8921675,2180180,923,32,39.0170408,-104.8921563,2175540,15360,806,424,1,27.35
04-51.971, 2026-04-01 14:45:35, 2026-04-08 16:58:46.392754, True      ,22.75,15.381,7.15,109.974,214,93,-0.13,0.028,0.477,-0.06,0.055,0.008,-147,80,-930,-60,54,8,200,-131,448,39.0170247,-104.8921675,2180180,923,32,39.0170456,-104.892153,2175540,15369,798,419,4,27.35
04-52.053, 2026-04-01 14:45:35, 2026-04-08 16:58:46.490932, True      ,22.75,15.381,7.15,109.974,214,93,-0.13,0.03,0.478,-0.048,0.069,0.022,-133,113,-967,-47,68,21,195,-131,450,39.0170247,-104.8921675,2180180,923,32,39.017048,-104.8921514,2175550,15373,795,417,5,27.38
04-52.128, 2026-04-01 14:45:35, 2026-04-08 16:58:46.590529, True      ,22.75,15.381,7.15,109.974,214,93,-0.134,0.041,0.481,-0.015,0.098,0.044,-123,129,-985,-14,97,43,193,-135,450,39.0170392,-104.8921577,2180190,902,32,39.0170562,-104.8921459,2175570,15393,779,410,10,27.56
04-52.194, 2026-04-01 14:45:35, 2026-04-08 16:58:46.590529, True      ,23,15.381,7.15,109.974,214,93,-0.133,0.054,0.481,0.02,0.166,0.007,-150,119,-982,20,165,6,188,-136,451,39.0170392,-104.8921577,2180190,902,32,39.0170619,-104.892142,2175590,15414,769,403,10,27.51
04-52.267, 2026-04-01 14:45:35, 2026-04-08 16:58:46.690942, True      ,22.75,15.381,7.15,109.974,214,93,-0.13,0.064,0.478,0.064,0.174,-0.024,-113,109,-978,63,173,-24,188,-136,451,39.0170392,-104.8921577,2180190,902,32,39.017066,-104.8921393,2175600,15426,760,396,11,27.4
04-52.334, 2026-04-01 14:45:35, 2026-04-08 16:58:46.790555, True      ,22.75,15.345,7.55,115.855,215,93,-0.13,0.07,0.477,-0.029,0.058,-0.008,-98,118,-937,-28,57,-8,180,-135,455,39.0170534,-104.8921482,2180160,875,32,39.0170712,-104.8921358,2175630,15452,749,388,14,27.33
04-52.406, 2026-04-01 14:45:35, 2026-04-08 16:58:46.790555, True      ,22.75,15.345,7.55,115.855,215,93,-0.131,0.072,0.477,0.027,0.013,0,-110,124,-944,26,12,0,175,-135,456,39.0170534,-104.8921482,2180160,875,32,39.0170753,-104.8921331,2175650,15470,738,386,17,27.3
04-52.480, 2026-04-01 14:45:35, 2026-04-08 16:58:46.891071, True      ,22.75,15.345,7.55,115.855,215,93,-0.127,0.08,0.476,0.041,0.144,-0.004,-143,87,-977,40,143,-4,175,-135,456,39.0170534,-104.8921482,2180160,875,32,39.0170797,-104.8921301,2175670,15491,728,379,19,27.24
04-52.548, 2026-04-01 14:45:35, 2026-04-08 16:58:46.990565, True      ,22.75,15.301,8.96,137.097,215,93,-0.126,0.09,0.474,0.016,0.139,-0.011,-119,108,-971,15,138,-10,174,-134,457,39.0170671,-104.8921391,2180130,841,32,39.017085,-104.8921266,2175690,15514,715,370,22,27.15
04-52.617, 2026-04-01 14:45:35, 2026-04-08 16:58:46.990565, True      ,22.75,15.301,8.96,137.097,215,93,-0.123,0.097,0.472,0.08,0.162,-0.024,-117,102,-983,79,161,-23,167,-132,459,39.0170671,-104.8921391,2180130,841,32,39.0170882,-104.8921245,2175700,15525,706,365,23,27.05
04-52.683, 2026-04-01 14:45:35, 2026-04-08 16:58:46.990565, True      ,22.75,15.301,8.96,137.097,215,93,-0.115,0.113,0.469,0.086,0.177,-0.022,-129,95,-992,86,176,-22,161,-128,463,39.0170671,-104.8921391,2180130,841,32,39.0170936,-104.8921209,2175720,15549,691,360,23,26.84
04-52.749, 2026-04-01 14:45:35, 2026-04-08 16:58:47.190540, True      ,22.75,15.328,8.51,130.441,216,93,-0.11,0.123,0.467,0.058,0.191,-0.013,-106,96,-987,58,190,-13,161,-128,463,39.0170802,-104.8921304,2180080,801,32,39.0170974,-104.8921184,2175740,15567,677,352,24,26.76
04-52.820, 2026-04-01 14:45:35, 2026-04-08 16:58:47.190540, True      ,22.75,15.328,8.51,130.441,216,93,-0.108,0.13,0.467,0.029,0.133,0.007,-92,111,-1000,28,132,6,152,-124,467,39.0170802,-104.8921304,2180080,801,32,39.0171004,-104.8921165,2175760,15581,667,347,26,26.75
04-52.893, 2026-04-01 14:45:36, 2026-04-08 16:58:47.190540, True      ,22.75,15.328,8.51,130.441,216,93,-0.106,0.137,0.469,0.022,0.065,0.042,-134,85,-944,22,64,41,147,-123,469,39.0170927,-104.892122,2180020,764,32,39.0171055,-104.8921131,2175790,15617,650,342,27,26.86
04-52.959, 2026-04-01 14:45:36, 2026-04-08 16:58:47.392923, True      ,22.75,15.336,8.09,124.068,216,93,-0.107,0.145,0.472,-0.037,0.108,0.063,-102,118,-966,-37,107,62,147,-123,469,39.0170927,-104.892122,2180020,764,32,39.0171096,-104.8921103,2175820,15646,635,335,30,27.09
04-53.043, 2026-04-01 14:45:36, 2026-04-08 16:58:47.490909, True      ,23,15.336,8.09,124.068,216,93,-0.108,0.149,0.475,-0.002,0.085,0.074,-75,86,-966,-2,84,73,141,-123,470,39.0170927,-104.892122,2180020,764,32,39.0171118,-104.8921088,2175850,15676,627,332,33,27.23
04-53.118, 2026-04-01 14:45:36, 2026-04-08 16:58:47.490909, True      ,22.75,15.336,8.09,124.068,216,93,-0.114,0.156,0.483,-0.109,0.07,0.074,-82,75,-966,-108,69,73,137,-126,470,39.0171045,-104.892114,2179960,722,32,39.0171178,-104.8921047,2175920,15740,603,324,35,27.72
04-53.189, 2026-04-01 14:45:36, 2026-04-08 16:58:47.490909, True      ,22.75,15.336,8.09,124.068,216,93,-0.117,0.163,0.487,-0.038,0.067,0.046,-49,75,-988,-38,66,45,133,-130,470,39.0171045,-104.892114,2179960,722,32,39.0171219,-104.8921019,2175980,15807,587,316,41,27.91
04-53.262, 2026-04-01 14:45:36, 2026-04-08 16:58:47.690867, True      ,22.75,15.336,8.09,124.068,216,93,-0.118,0.168,0.489,-0.063,0.091,0.025,-62,126,-947,-62,90,24,133,-130,470,39.0171045,-104.892114,2179960,722,32,39.0171256,-104.8920993,2176020,15848,573,309,45,28
04-53.336, 2026-04-01 14:45:36, 2026-04-08 16:58:47.790510, True      ,22.75,15.325,7.79,119.382,217,93,-0.123,0.176,0.489,-0.056,0.137,0.008,-57,104,-949,-55,136,7,130,-132,470,39.0171155,-104.8921063,2179860,675,32,39.017129,-104.8920969,2176070,15896,559,302,48,28.01
04-53.410, 2026-04-01 14:45:36, 2026-04-08 16:58:47.790510, True      ,22.75,15.325,7.79,119.382,217,93,-0.125,0.186,0.488,-0.016,0.132,0.008,-109,129,-929,-16,131,7,124,-135,471,39.0171155,-104.8921063,2179860,675,32,39.0171324,-104.8920945,2176120,15942,545,296,51,27.98
04-53.482, 2026-04-01 14:45:36, 2026-04-08 16:58:47.892915, True      ,23,15.325,7.79,119.382,217,93,-0.129,0.196,0.488,-0.037,0.117,0.02,-70,86,-933,-36,116,19,119,-137,472,39.0171259,-104.8920991,2179750,636,32,39.0171361,-104.8920919,2176160,15987,528,288,57,27.98
04-53.556, 2026-04-01 14:45:36, 2026-04-08 16:58:47.990485, True      ,22.75,15.3,8.02,122.706,218,93,-0.129,0.201,0.489,0,0.037,0.016,-97,119,-935,0,36,15,119,-137,472,39.0171259,-104.8920991,2179750,636,32,39.0171394,-104.8920895,2176200,16027,513,281,62,28.03
04-53.633, 2026-04-01 14:45:36, 2026-04-08 16:58:48.090504, True      ,23,15.3,8.02,122.706,218,93,-0.13,0.202,0.489,0.006,0.011,-0.003,-30,69,-931,6,9,-3,113,-139,473,39.0171259,-104.8920991,2179750,636,32,39.0171417,-104.8920879,2176230,16050,500,276,64,28.01
04-53.705, 2026-04-01 14:45:36, 2026-04-08 16:58:48.090504, True      ,22.75,15.3,8.02,122.706,218,93,-0.133,0.21,0.486,-0.055,0.12,-0.034,-23,114,-943,-54,119,-34,112,-139,473,39.0171356,-104.8920922,2179610,595,32,39.017146,-104.8920848,2176280,16100,481,264,72,27.81
04-53.770, 2026-04-01 14:45:36, 2026-04-08 16:58:48.190524, True      ,22.75,15.279,8.74,133.538,218,93,-0.135,0.22,0.482,-0.018,0.136,-0.037,-42,131,-951,-18,135,-37,112,-139,473,39.0171356,-104.8920922,2179610,595,32,39.0171488,-104.8920828,2176300,16126,465,258,76,27.61
04-53.849, 2026-04-01 14:45:37, 2026-04-08 16:58:48.290911, True      ,22.75,15.279,8.74,133.538,218,93,-0.135,0.224,0.48,-0.004,0.132,-0.045,-87,116,-954,-4,131,-45,106,-141,474,39.0171356,-104.8920922,2179610,595,32,39.0171501,-104.8920819,2176320,16142,459,254,77,27.45
04-53.922, 2026-04-01 14:45:37, 2026-04-08 16:58:48.290911, True      ,23,15.279,8.74,133.538,218,93,-0.14,0.239,0.472,-0.043,0.087,-0.054,-32,80,-951,-43,86,-54,100,-140,475,39.0171445,-104.8920859,2179430,547,32,39.0171547,-104.8920786,2176350,16177,431,240,81,27.02
04-53.993, 2026-04-01 14:45:37, 2026-04-08 16:58:48.290911, True      ,22.75,15.279,8.74,133.538,218,93,-0.14,0.244,0.468,0.009,0.082,-0.059,-51,118,-963,-1,68,-52,93,-140,476,39.0171445,-104.8920859,2179430,547,32,39.0171573,-104.8920767,2176380,16206,415,231,86,26.75
04-54.066, 2026-04-01 14:45:37, 2026-04-08 16:58:48.490863, True      ,22.75,15.279,8.74,133.538,218,93,-0.144,0.249,0.465,-0.076,0.079,-0.021,-22,110,-972,-75,78,-21,93,-140,476,39.0171445,-104.8920859,2179430,547,32,39.0171599,-104.8920748,2176390,16217,395,221,89,26.61
04-54.143, 2026-04-01 14:45:37, 2026-04-08 16:58:48.590507, True      ,23,15.257,9.47,144.484,219,93,-0.145,0.254,0.462,0.017,0.06,-0.043,-42,144,-992,17,59,-43,92,-141,476,39.0171527,-104.8920801,2179220,492,32,39.0171625,-104.8920729,2176420,16243,377,211,91,26.42
04-54.220, 2026-04-01 14:45:37, 2026-04-08 16:58:48.590507, True      ,22.75,15.257,9.47,144.484,219,93,-0.148,0.254,0.459,-0.071,-0.004,-0.047,-49,136,-979,-71,-4,-47,89,-142,476,39.0171527,-104.8920801,2179220,492,32,39.0171645,-104.8920715,2176430,16253,361,204,92,26.23
04-54.295, 2026-04-01 14:45:37, 2026-04-08 16:58:48.590507, True      ,22.75,15.257,9.47,144.484,219,93,-0.154,0.258,0.455,-0.078,0.103,-0.026,-53,76,-973,-77,102,-26,90,-143,475,39.01716,-104.8920749,2178980,439,32,39.0171672,-104.8920695,2176440,16263,340,193,98,26.05
04-54.364, 2026-04-01 14:45:37, 2026-04-08 16:58:48.790532, True      ,22.75,15.208,10.47,159.228,220,93,-0.158,0.261,0.454,-0.04,0.017,-0.015,-16,137,-1001,-40,15,-15,90,-143,475,39.01716,-104.8920749,2178980,439,32,39.0171693,-104.892068,2176430,16254,321,180,101,25.98
04-54.443, 2026-04-01 14:45:37, 2026-04-08 16:58:48.892932, True      ,22.75,15.208,10.47,159.228,220,93,-0.158,0.26,0.452,0.063,-0.072,-0.039,-45,93,-1030,63,-72,-39,86,-147,475,39.01716,-104.8920749,2178980,439,32,39.0171704,-104.8920672,2176440,16261,311,176,100,25.9
04-54.518, 2026-04-01 14:45:37, 2026-04-08 16:58:48.892932, True      ,22.75,15.208,10.47,159.228,220,93,-0.164,0.253,0.448,-0.12,-0.053,-0.037,-42,84,-997,-119,-53,-37,89,-146,475,39.0171665,-104.8920702,2178710,385,32,39.0171733,-104.8920651,2176430,16250,286,158,100,25.66
04-54.591, 2026-04-01 14:45:37, 2026-04-08 16:58:48.892932, True      ,22.75,15.208,10.47,159.228,220,93,-0.173,0.251,0.448,-0.114,0.005,0.007,-10,93,-1005,-113,3,6,91,-149,473,39.0171665,-104.8920702,2178710,385,32,39.0171752,-104.8920638,2176430,16253,268,146,102,25.67
04-54.670, 2026-04-01 14:45:37, 2026-04-08 16:58:49.090894, True      ,22.75,15.208,10.47,159.228,220,93,-0.17,0.247,0.45,0.116,-0.1,0.014,-20,131,-1030,116,-100,13,91,-149,473,39.0171665,-104.8920702,2178710,385,32,39.0171769,-104.8920627,2176410,16239,253,135,103,25.78
04-54.744, 2026-04-01 14:45:37, 2026-04-08 16:58:49.190517, True      ,23,15.198,10.7,162.619,221,93,-0.157,0.242,0.451,0.154,-0.065,-0.001,-20,104,-1062,154,-65,-1,94,-153,471,39.0171721,-104.8920663,2178430,329,32,39.0171785,-104.8920616,2176410,16233,236,122,101,25.84
04-54.814, 2026-04-01 14:45:37, 2026-04-08 16:58:49.190517, True      ,22.75,15.198,10.7,162.619,221,93,-0.149,0.233,0.451,0.098,-0.204,-0.027,21,125,-1065,98,-204,-27,96,-146,473,39.0171721,-104.8920663,2178430,329,32,39.0171798,-104.8920608,2176400,16221,224,113,98,25.86
04-54.882, 2026-04-01 14:45:38, 2026-04-08 16:58:49.290959, True      ,22.75,15.198,10.7,162.619,221,93,-0.142,0.211,0.453,0.035,-0.311,-0.014,-30,107,-1009,35,-312,-14,105,-140,473,39.0171769,-104.8920631,2178150,282,32,39.0171813,-104.8920598,2176380,16205,213,103,95,25.96
04-54.950, 2026-04-01 14:45:38, 2026-04-08 16:58:49.390545, True      ,22.75,15.212,8.77,133.409,221,93,-0.145,0.192,0.453,-0.05,-0.213,-0.048,-38,128,-988,-50,-213,-48,105,-140,473,39.0171769,-104.8920631,2178150,282,32,39.0171826,-104.8920591,2176360,16187,202,95,96,25.94
04-55.022, 2026-04-01 14:45:38, 2026-04-08 16:58:49.390545, True      ,22.75,15.212,8.77,133.409,221,93,-0.146,0.186,0.451,0.06,-0.073,-0.055,27,82,-972,60,-73,-55,119,-139,470,39.0171769,-104.8920631,2178150,282,32,39.0171835,-104.8920585,2176350,16173,193,92,99,25.82
04-55.092, 2026-04-01 14:45:38, 2026-04-08 16:58:49.390545, True      ,22.75,15.212,8.77,133.409,221,93,-0.136,0.186,0.448,0.134,0.033,-0.034,45,78,-997,134,32,-33,126,-137,470,39.0171812,-104.8920603,2177910,249,32,39.0171849,-104.8920577,2176320,16148,182,85,97,25.65
04-55.159, 2026-04-01 14:45:38, 2026-04-08 16:58:49.590511, True      ,22.75,15.159,10.75,162.959,222,93,-0.129,0.193,0.446,0.094,0.129,-0.023,22,83,-1018,93,128,-23,126,-137,470,39.0171812,-104.8920603,2177910,249,32,39.0171861,-104.892057,2176290,16116,171,80,96,25.52
04-55.237, 2026-04-01 14:45:38, 2026-04-08 16:58:49.690962, True      ,22.75,15.159,10.75,162.959,222,93,-0.124,0.2,0.444,0.132,0.179,-0.041,17,103,-1088,131,177,-41,123,-131,472,39.0171812,-104.8920603,2177910,249,32,39.0171867,-104.8920567,2176280,16106,162,76,94,25.38
04-55.308, 2026-04-01 14:45:38, 2026-04-08 16:58:49.690962, True      ,22.75,15.159,10.75,162.959,222,93,-0.103,0.224,0.437,0.114,0.18,-0.027,-34,103,-1069,114,178,-26,114,-123,477,39.0171849,-104.892058,2177640,218,32,39.0171882,-104.8920557,2176230,16055,142,69,87,25.05
04-55.371, 2026-04-01 14:45:38, 2026-04-08 16:58:49.790473, True      ,23,15.282,9.45,144.415,222,93,-0.105,0.225,0.438,-0.067,-0.076,0.01,16,114,-1057,-66,-76,10,105,-116,481,39.0171849,-104.892058,2177640,218,32,39.0171891,-104.8920552,2176210,16032,127,65,85,25.09
04-55.446, 2026-04-01 14:45:38, 2026-04-08 16:58:49.892902, True      ,22.75,15.282,9.45,144.415,222,93,-0.105,0.222,0.438,-0.073,-0.132,0.026,-2,131,-1018,-72,-132,25,105,-116,481,39.0171849,-104.892058,2177640,218,32,39.0171894,-104.8920551,2176200,16022,125,62,82,25.14
04-55.522, 2026-04-01 14:45:38, 2026-04-08 16:58:49.892902, True      ,22.75,15.282,9.45,144.415,222,93,-0.117,0.204,0.449,-0.114,-0.174,0.108,34,91,-1050,-114,-174,107,111,-121,478,39.0171881,-104.892056,2177390,174,32,39.0171905,-104.8920543,2176160,15983,103,55,82,25.8
04-55.596, 2026-04-01 14:45:38, 2026-04-08 16:58:49.892902, True      ,23,15.282,9.45,144.415,222,93,-0.125,0.192,0.461,-0.141,-0.174,0.156,-23,134,-1054,-140,-175,155,117,-128,474,39.0171881,-104.892056,2177390,174,32,39.0171912,-104.8920538,2176140,15967,90,50,79,26.51
04-55.671, 2026-04-01 14:45:38, 2026-04-08 16:58:50.090529, True      ,22.75,15.282,9.45,144.415,222,93,-0.133,0.179,0.474,-0.163,-0.196,0.154,36,87,-1045,-163,-196,153,117,-128,474,39.0171881,-104.892056,2177390,174,32,39.0171918,-104.8920534,2176120,15947,81,44,76,27.21
04-55.748, 2026-04-01 14:45:38, 2026-04-08 16:58:50.190533, True      ,22.75,15.104,9.67,146.056,224,93,-0.139,0.17,0.487,-0.037,-0.105,0.147,4,99,-1020,-37,-106,146,126,-136,469,39.0171905,-104.8920543,2177120,133,32,39.0171924,-104.892053,2176110,15929,72,38,74,27.95
04-55.827, 2026-04-01 14:45:39, 2026-04-08 16:58:50.190533, True      ,22.75,15.104,9.67,146.056,224,93,-0.136,0.166,0.495,0.008,-0.06,0.128,51,113,-1036,7,-60,127,131,-143,466,39.0171905,-104.8920543,2177120,133,32,39.0171928,-104.8920527,2176090,15911,65,33,73,28.46
04-55.899, 2026-04-01 14:45:39, 2026-04-08 16:58:50.190533, True      ,22.75,15.104,9.67,146.056,224,93,-0.137,0.163,0.505,0.021,-0.051,0.063,40,82,-1045,20,-52,62,133,-145,464,39.0171923,-104.8920528,2176910,109,32,39.0171934,-104.8920522,2176050,15876,56,27,70,28.95
04-55.966, 2026-04-01 14:45:39, 2026-04-08 16:58:50.392848, True      ,22.75,15.129,9.67,146.297,224,93,-0.133,0.16,0.508,0.038,-0.026,0.03,25,71,-1035,38,-26,29,133,-145,464,39.0171923,-104.8920528,2176910,109,32,39.0171938,-104.892052,2176020,15841,53,21,69,29.08
04-56.080, 2026-04-01 14:45:39, 2026-04-08 16:58:50.490965, True      ,23,15.129,9.67,146.297,224,93,-0.132,0.16,0.508,-0.015,-0.027,0.023,14,93,-1030,-15,-27,22,133,-145,464,39.0171923,-104.8920528,2176910,109,32,39.017194,-104.8920519,2176000,15825,51,18,65,29.16
04-56.152, 2026-04-01 14:45:39, 2026-04-08 16:58:50.590495, True      ,23,15.074,8.9,134.159,225,93,-0.133,0.143,0.515,-0.012,-0.187,0.013,38,59,-1063,-11,-187,12,136,-145,464,39.0171939,-104.8920517,2176690,94,32,39.0171947,-104.8920515,2175890,15714,41,8,58,29.51
04-56.229, 2026-04-01 14:45:39, 2026-04-08 16:58:50.690918, True      ,22.75,15.074,8.9,134.159,225,93,-0.129,0.137,0.515,0.105,-0.072,-0.024,48,97,-1046,105,-72,-24,142,-147,461,39.0171939,-104.8920517,2176690,94,32,39.017195,-104.8920514,2175850,15675,38,5,54,29.49
04-56.301, 2026-04-01 14:45:39, 2026-04-08 16:58:50.690918, True      ,22.75,15.074,8.9,134.159,225,93,-0.121,0.152,0.51,0.081,0.234,-0.022,44,69,-1029,81,233,-22,144,-142,463,39.0171953,-104.892051,2176490,71,32,39.0171954,-104.8920513,2175760,15589,33,1,54,29.22
04-56.373, 2026-04-01 14:45:39, 2026-04-08 16:58:50.790620, True      ,22.75,15.014,10.42,156.446,225,93,-0.114,0.161,0.508,0.069,0.088,-0.02,63,84,-1041,69,87,-20,144,-142,463,39.0171953,-104.892051,2176490,71,32,39.0171957,-104.8920512,2175690,15512,29,-2,51,29.1
04-56.455, 2026-04-01 14:45:39, 2026-04-08 16:58:50.892769, True      ,22.75,15.014,10.42,156.446,225,93,-0.114,0.163,0.507,0.034,0.066,-0.033,54,89,-1063,34,65,-33,137,-139,465,39.0171953,-104.892051,2176490,71,32,39.0171958,-104.8920512,2175650,15476,28,-4,49,29.02
04-56.533, 2026-04-01 14:45:39, 2026-04-08 16:58:50.990518, True      ,23,14.972,10.99,164.542,226,93,-0.104,0.163,0.5,0.087,-0.064,-0.069,94,113,-1144,86,-64,-69,135,-135,466,39.0171964,-104.8920507,2176300,59,32,39.0171963,-104.8920511,2175520,15340,20,-7,36,28.63
04-56.605, 2026-04-01 14:45:39, 2026-04-08 16:58:50.990518, True      ,23,14.972,10.99,164.542,226,93,-0.096,0.16,0.495,0.104,0.025,-0.064,84,109,-1129,104,24,-64,135,-131,467,39.0171964,-104.8920507,2176300,59,32,39.0171965,-104.8920512,2175410,15230,14,-12,30,28.33
04-56.681, 2026-04-01 14:45:39, 2026-04-08 16:58:51.090581, True      ,22.75,14.972,10.99,164.542,226,93,-0.091,0.16,0.49,0.035,-0.042,-0.082,78,99,-1147,34,-42,-82,135,-131,467,39.0171964,-104.8920507,2176300,59,32,39.0171967,-104.8920512,2175320,15149,8,-13,22,28.01
04-56.751, 2026-04-01 14:45:39, 2026-04-08 16:58:51.190517, True      ,23,14.995,10.61,159.097,226,93,-0.092,0.155,0.482,0.034,-0.04,-0.112,40,89,-1100,34,-40,-112,137,-124,467,39.0171973,-104.8920506,2176120,41,32,39.0171969,-104.8920513,2175220,15044,3,-15,12,27.52
04-56.829, 2026-04-01 14:45:40, 2026-04-08 16:58:51.290470, True      ,22.75,14.995,10.61,159.097,226,93,-0.092,0.154,0.476,0.074,0.014,-0.103,69,87,-1105,73,13,-103,139,-122,468,39.0171973,-104.8920506,2176120,41,32,39.017197,-104.8920513,2175160,14987,0,-16,7,27.22
04-56.906, 2026-04-01 14:45:40, 2026-04-08 16:58:51.290470, True      ,22.75,14.995,10.61,159.097,226,93,-0.087,0.147,0.468,-0.006,-0.115,-0.085,110,103,-1171,-5,-115,-85,142,-118,468,39.0171979,-104.8920506,2176030,30,32,39.0171971,-104.8920514,2175050,14877,-6,-19,-4,26.77
04-56.974, 2026-04-01 14:45:40, 2026-04-08 16:58:51.392885, True      ,22.75,14.986,10.94,163.947,227,93,-0.086,0.139,0.463,0.041,-0.077,-0.072,58,105,-1086,41,-77,-72,142,-118,468,39.0171979,-104.8920506,2176030,30,32,39.0171971,-104.8920515,2174990,14814,-11,-18,-10,26.49
04-57.055, 2026-04-01 14:45:40, 2026-04-08 16:58:51.490505, True      ,22.75,14.986,10.94,163.947,227,93,-0.087,0.138,0.461,0.018,-0.028,-0.065,75,77,-1136,18,-28,-64,146,-115,468,39.0171979,-104.8920506,2176030,30,32,39.0171972,-104.8920515,2174960,14781,-12,-18,-14,26.36
04-57.129, 2026-04-01 14:45:40, 2026-04-08 16:58:51.590534, True      ,22.75,14.985,11.17,167.382,228,93,-0.086,0.134,0.453,0.008,-0.025,-0.063,112,109,-1135,7,-25,-63,150,-113,467,39.0171983,-104.8920506,2175960,10,32,39.0171972,-104.8920516,2174870,14691,-19,-15,-30,25.92
04-57.201, 2026-04-01 14:45:40, 2026-04-08 16:58:51.590534, True      ,23,14.985,11.17,167.382,228,93,-0.085,0.132,0.448,-0.02,-0.011,-0.07,104,124,-1154,-20,-11,-70,151,-112,468,39.0171983,-104.8920506,2175960,10,32,39.0171971,-104.8920517,2174820,14648,-24,-17,-37,25.61
04-57.277, 2026-04-01 14:45:40, 2026-04-08 16:58:51.690938, True      ,22.75,14.985,11.17,167.382,228,93,-0.09,0.13,0.443,-0.103,-0.061,-0.064,60,94,-1090,-102,-61,-64,151,-112,468,39.0171983,-104.8920506,2175960,10,32,39.0171971,-104.8920517,2174810,14635,-28,-15,-43,25.38
04-57.347, 2026-04-01 14:45:40, 2026-04-08 16:58:51.790502, True      ,23,15.02,10.43,156.659,228,93,-0.102,0.125,0.44,-0.15,-0.041,-0.046,64,115,-1081,-150,-41,-46,153,-112,467,39.0171984,-104.8920507,2175950,3,32,39.017197,-104.8920517,2174800,14626,-30,-15,-49,25.15
04-57.422, 2026-04-01 14:45:40, 2026-04-08 16:58:51.790502, True      ,23,15.02,10.43,156.659,228,93,-0.109,0.124,0.438,-0.139,-0.036,-0.042,68,122,-1089,-138,-36,-42,155,-116,465,39.0171984,-104.8920507,2175950,3,32,39.017197,-104.8920517,2174800,14629,-32,-15,-51,25.06
04-57.504, 2026-04-01 14:45:40, 2026-04-08 16:58:51.790502, True      ,22.75,15.02,10.43,156.659,228,93,-0.123,0.116,0.435,-0.124,-0.076,-0.041,77,81,-1045,-124,-76,-41,158,-122,463,39.0171984,-104.8920508,2175970,8,32,39.0171968,-104.8920518,2174820,14644,-35,-15,-57,24.91
04-57.572, 2026-04-01 14:45:40, 2026-04-08 16:58:51.990481, True      ,23,15.102,9.55,144.224,229,93,-0.13,0.107,0.432,-0.119,-0.062,-0.06,84,82,-1049,-119,-62,-60,158,-122,463,39.0171984,-104.8920508,2175970,8,32,39.0171968,-104.8920518,2174840,14667,-36,-15,-61,24.71
04-57.652, 2026-04-01 14:45:40, 2026-04-08 16:58:52.090509, True      ,22.75,15.102,9.55,144.224,229,93,-0.131,0.106,0.43,-0.144,-0.035,-0.061,58,139,-1018,-143,-35,-61,161,-126,462,39.0171984,-104.8920508,2175970,8,32,39.0171967,-104.8920518,2174850,14677,-37,-15,-60,24.6
04-57.727, 2026-04-01 14:45:40, 2026-04-08 16:58:52.090509, True      ,22.75,15.102,9.55,144.224,229,93,-0.155,0.099,0.423,-0.187,-0.078,-0.065,76,125,-942,-186,-78,-65,165,-130,459,39.0171982,-104.8920509,2176010,18,32,39.0171965,-104.8920519,2174900,14720,-38,-17,-58,24.21
04-57.820, 2026-04-01 14:45:40, 2026-04-08 16:58:52.090509, True      ,23,15.102,9.55,144.224,229,93,-0.166,0.091,0.418,-0.111,-0.082,-0.082,59,127,-971,-111,-82,-81,168,-139,457,39.0171982,-104.8920509,2176010,18,32,39.0171964,-104.892052,2174920,14746,-38,-19,-57,23.9
04-57.891, 2026-04-01 14:45:41, 2026-04-08 16:58:52.090509, True      ,22.75,15.102,9.55,144.224,229,93,-0.182,0.081,0.412,-0.165,-0.093,-0.086,54,105,-966,-165,-93,-86,173,-144,453,39.0171982,-104.8920509,2176010,18,32,39.0171962,-104.8920521,2174950,14778,-37,-19,-56,23.55
04-57.962, 2026-04-01 14:45:41, 2026-04-08 16:58:52.390611, True      ,22.75,15.165,8.89,134.817,230,93,-0.193,0.072,0.407,-0.131,-0.116,-0.081,51,113,-953,-130,-116,-81,173,-144,453,39.0171978,-104.8920511,2176090,20,32,39.0171961,-104.8920522,2174980,14803,-34,-24,-54,23.28
04-58.045, 2026-04-01 14:45:41, 2026-04-08 16:58:52.490974, True      ,23,15.165,8.89,134.817,230,93,-0.2,0.067,0.405,-0.167,-0.12,-0.076,65,95,-970,-167,-120,-76,179,-149,449,39.0171978,-104.8920511,2176090,20,32,39.017196,-104.8920523,2174990,14814,-33,-25,-50,23.18
04-58.120, 2026-04-01 14:45:41, 2026-04-08 16:58:52.490974, True      ,22.75,15.165,8.89,134.817,230,93,-0.215,0.045,0.401,-0.142,-0.201,-0.083,89,116,-1002,-141,-201,-82,187,-154,445,39.0171975,-104.8920515,2176130,30,32,39.0171959,-104.8920526,2175020,14847,-26,-31,-48,22.93
04-58.194, 2026-04-01 14:45:41, 2026-04-08 16:58:52.490974, True      ,23,15.165,8.89,134.817,230,93,-0.228,0.026,0.399,-0.204,-0.221,-0.046,65,72,-970,-203,-221,-45,196,-160,438,39.0171975,-104.8920515,2176130,30,32,39.0171959,-104.8920528,2175040,14864,-18,-37,-45,22.85
04-58.269, 2026-04-01 14:45:41, 2026-04-08 16:58:52.690959, True      ,22.75,15.165,8.89,134.817,230,93,-0.242,0.016,0.396,-0.136,-0.083,-0.081,57,108,-956,-136,-82,-81,196,-160,438,39.0171975,-104.8920515,2176130,30,32,39.0171959,-104.8920531,2175060,14883,-14,-42,-40,22.65
04-58.340, 2026-04-01 14:45:41, 2026-04-08 16:58:52.790485, True      ,22.75,15.067,10.39,156.546,231,92,-0.244,0.011,0.388,0.029,-0.049,-0.151,48,106,-979,29,-49,-150,207,-167,431,39.0171973,-104.8920521,2176170,31,32,39.017196,-104.8920535,2175070,14894,-5,-45,-39,22.1
04-58.419, 2026-04-01 14:45:41, 2026-04-08 16:58:52.790485, True      ,23,15.067,10.39,156.546,231,92,-0.238,0.003,0.375,0.068,-0.13,-0.259,33,109,-988,68,-130,-259,211,-166,431,39.0171973,-104.8920521,2176170,31,32,39.0171961,-104.8920538,2175080,14904,1,-49,-38,21.32
04-58.492, 2026-04-01 14:45:41, 2026-04-08 16:58:52.790485, True      ,22.75,15.067,10.39,156.546,231,92,-0.232,-0.021,0.339,0.146,-0.192,-0.55,66,166,-1013,145,-192,-550,223,-159,426,39.0171974,-104.892053,2176210,47,32,39.0171963,-104.8920544,2175090,14919,11,-51,-37,19.26
04-58.566, 2026-04-01 14:45:41, 2026-04-08 16:58:52.990488, True      ,22.75,15.005,9.77,146.599,231,92,-0.222,-0.043,0.295,0.071,-0.141,-0.768,78,141,-1016,71,-141,-768,223,-159,426,39.0171974,-104.892053,2176210,47,32,39.0171965,-104.8920548,2175110,14931,19,-58,-35,16.45
04-58.643, 2026-04-01 14:45:41, 2026-04-08 16:58:53.090558, True      ,23,15.005,9.77,146.599,231,92,-0.224,-0.053,0.264,-0.103,-0.091,-0.868,41,109,-954,-102,-91,-868,235,-142,426,39.0171974,-104.892053,2176210,47,32,39.0171967,-104.8920551,2175110,14935,25,-58,-34,14.5
04-58.714, 2026-04-01 14:45:41, 2026-04-08 16:58:53.090558, True      ,23,15.005,9.77,146.599,231,92,-0.232,-0.069,0.149,-0.167,0.164,-1.122,71,164,-997,-166,164,-1122,248,-124,425,39.0171978,-104.8920543,2176230,72,32,39.0171971,-104.8920558,2175130,14954,40,-63,-29,7.78
04-58.778, 2026-04-01 14:45:41, 2026-04-08 16:58:53.190560, True      ,22.75,15.084,9.57,144.354,232,92,-0.238,-0.073,0.067,-0.159,0.189,-1.177,37,185,-1001,-158,188,-1177,252,-104,428,39.0171978,-104.8920543,2176230,72,32,39.0171976,-104.8920564,2175130,14958,49,-66,-27,3.16
04-58.853, 2026-04-01 14:45:42, 2026-04-08 16:58:53.290940, True      ,22.75,15.084,9.57,144.354,232,92,-0.238,-0.074,0.043,-0.094,0.194,-1.185,14,162,-943,-93,194,-1185,252,-104,428,39.0171978,-104.8920543,2176230,72,32,39.0171977,-104.8920565,2175140,14960,52,-64,-29,1.62
04-58.924, 2026-04-01 14:45:42, 2026-04-08 16:58:53.290940, True      ,22.75,15.084,9.57,144.354,232,92,-0.226,-0.093,-0.101,-0.028,0.074,-1.18,-24,196,-979,-27,74,-1180,253,-77,433,39.0171987,-104.8920558,2176240,94,32,39.0171986,-104.8920575,2175150,14971,66,-72,-26,353.65
04-58.994, 2026-04-01 14:45:42, 2026-04-08 16:58:53.290940, True      ,22.75,15.084,9.57,144.354,232,92,-0.216,-0.103,-0.186,0.072,0.16,-1.199,-18,181,-1000,72,159,-1199,254,-48,437,39.0171987,-104.8920558,2176240,94,32,39.0171992,-104.8920582,2175150,14977,73,-76,-26,348.8
04-59.064, 2026-04-01 14:45:42, 2026-04-08 16:58:53.490997, True      ,23,15.084,9.57,144.354,232,92,-0.201,-0.111,-0.271,0.087,0.06,-1.21,-35,145,-1011,87,60,-1210,254,-48,437,39.0171987,-104.8920558,2176240,94,32,39.0171998,-104.8920589,2175170,14995,79,-78,-27,343.7
04-59.140, 2026-04-01 14:45:42, 2026-04-08 16:58:53.590475, True      ,23,15.209,9.03,137.337,233,92,-0.186,-0.127,-0.354,0.032,-0.066,-1.236,-57,137,-981,32,-66,-1236,250,-14,441,39.0171999,-104.8920576,2176260,111,32,39.0172005,-104.8920596,2175190,15013,85,-80,-26,338.97
04-59.214, 2026-04-01 14:45:42, 2026-04-08 16:58:53.590475, True      ,22.75,15.209,9.03,137.337,233,92,-0.17,-0.149,-0.44,0.043,-0.146,-1.205,-101,165,-951,43,-146,-1205,246,19,442,39.0171999,-104.8920576,2176260,111,32,39.0172012,-104.8920603,2175210,15039,90,-85,-24,334.02
04-59.290, 2026-04-01 14:45:42, 2026-04-08 16:58:53.690900, True      ,23,15.209,9.03,137.337,233,92,-0.148,-0.175,-0.528,0.092,-0.134,-1.074,-93,186,-984,91,-134,-1074,247,50,439,39.0172014,-104.8920595,2176280,124,32,39.0172019,-104.8920612,2175250,15075,96,-89,-24,329.1
04-59.357, 2026-04-01 14:45:42, 2026-04-08 16:58:53.790517, True      ,23,15.338,9.99,153.227,233,92,-0.121,-0.192,-0.61,0.199,-0.097,-0.922,-127,110,-990,199,-97,-922,247,50,439,39.0172014,-104.8920595,2176280,124,32,39.0172028,-104.8920621,2175290,15113,103,-91,-25,324.52
04-59.428, 2026-04-01 14:45:42, 2026-04-08 16:58:53.790517, True      ,23,15.338,9.99,153.227,233,92,-0.106,-0.199,-0.643,0.221,-0.088,-0.845,-96,120,-999,220,-88,-845,241,81,439,39.0172014,-104.8920595,2176280,124,32,39.0172032,-104.8920625,2175310,15136,106,-93,-25,322.61
04-59.500, 2026-04-01 14:45:42, 2026-04-08 16:58:53.790517, True      ,23,15.338,9.99,153.227,233,92,-0.082,-0.22,-0.709,0.069,-0.23,-0.596,-117,81,-974,69,-230,-595,237,111,435,39.0172031,-104.8920616,2176280,136,32,39.0172042,-104.8920636,2175350,15174,116,-97,-25,319.21
04-59.568, 2026-04-01 14:45:42, 2026-04-08 16:58:53.990509, True      ,23,15.489,7.79,120.659,234,92,-0.071,-0.247,-0.746,-0.044,-0.4,-0.409,-84,88,-1007,-43,-400,-409,237,111,435,39.0172031,-104.8920616,2176280,136,32,39.0172052,-104.8920646,2175370,15198,128,-101,-23,317.11
04-59.669, 2026-04-01 14:45:42, 2026-04-08 16:58:54.090551, True      ,22.75,15.489,7.79,120.659,234,92,-0.071,-0.26,-0.756,-0.057,-0.463,-0.347,-130,117,-889,-57,-463,-346,237,128,430,39.0172031,-104.8920616,2176280,136,32,39.0172056,-104.892065,2175380,15206,132,-104,-23,316.52
04-59.736, 2026-04-01 14:45:42, 2026-04-08 16:58:54.190560, True      ,22.75,15.195,9.9,150.43,234,92,-0.099,-0.355,-0.771,-0.236,-0.813,-0.012,-118,110,-898,-235,-813,-12,253,133,419,39.0172051,-104.8920638,2176300,156,32,39.0172075,-104.8920668,2175390,15217,151,-112,-3,315.85
04-59.803, 2026-04-01 14:45:42, 2026-04-08 16:58:54.190560, True      ,22.75,15.195,9.9,150.43,234,92,-0.107,-0.397,-0.763,-0.052,-0.642,0.103,-187,112,-869,-51,-642,102,284,125,400,39.0172051,-104.8920638,2176300,156,32,39.0172084,-104.8920676,2175380,15205,162,-118,5,316.4
04-59.871, 2026-04-01 14:45:43, 2026-04-08 16:58:54.290931, True      ,22.75,15.195,9.9,150.43,234,92,-0.109,-0.423,-0.748,0.101,-0.214,0.197,-154,148,-953,101,-213,196,284,125,400,39.0172051,-104.8920638,2176300,156,32,39.0172094,-104.8920686,2175350,15174,175,-126,10,317.26
04-59.937, 2026-04-01 14:45:43, 2026-04-08 16:58:54.392915, True      ,23,14.954,16.1,240.759,235,92,-0.106,-0.429,-0.73,0.159,-0.115,0.26,-176,153,-1041,158,-114,260,311,119,383,39.0172076,-104.8920662,2176290,185,32,39.0172107,-104.8920697,2175290,15117,190,-136,9,318.39
05-00.004, 2026-04-01 14:45:43, 2026-04-08 16:58:54.392915, True      ,22.75,14.954,16.1,240.759,235,92,-0.107,-0.435,-0.71,0.129,-0.152,0.301,-170,112,-1054,128,-151,300,321,117,377,39.0172076,-104.8920662,2176290,185,32,39.0172118,-104.8920707,2175230,15058,208,-148,8,319.59
05-00.078, 2026-04-01 14:45:43, 2026-04-08 16:58:54.490913, True      ,23,14.954,16.1,240.759,235,92,-0.112,-0.442,-0.683,0.099,-0.089,0.352,-205,143,-1041,99,-89,352,321,117,377,39.0172076,-104.8920662,2176290,185,32,39.0172132,-104.8920719,2175160,14988,225,-157,8,321.07
05-00.146, 2026-04-01 14:45:43, 2026-04-08 16:58:54.590489, True      ,23,14.817,16.55,245.221,236,92,-0.12,-0.439,-0.653,0.024,0.054,0.341,-166,143,-1104,24,54,341,331,112,369,39.0172107,-104.892069,2176210,236,32,39.0172151,-104.8920735,2175060,14885,248,-172,4,322.85
05-00.229, 2026-04-01 14:45:43, 2026-04-08 16:58:54.690477, True      ,23,14.817,16.55,245.221,236,92,-0.126,-0.435,-0.635,0.025,0.043,0.33,-167,152,-1121,25,42,329,336,103,366,39.0172107,-104.892069,2176210,236,32,39.0172163,-104.8920746,2175000,14829,261,-180,1,323.88
05-00.300, 2026-04-01 14:45:43, 2026-04-08 16:58:54.690477, True      ,22.75,14.817,16.55,245.221,236,92,-0.136,-0.421,-0.603,0.003,0.161,0.307,-188,157,-1107,3,161,307,340,93,367,39.0172146,-104.8920724,2176160,294,32,39.0172187,-104.8920767,2174900,14727,287,-195,-6,325.65
05-00.363, 2026-04-01 14:45:43, 2026-04-08 16:58:54.790536, True      ,23,14.723,17.69,260.45,237,92,-0.148,-0.408,-0.581,-0.049,0.12,0.28,-162,183,-1164,-48,119,280,340,93,367,39.0172146,-104.8920724,2176160,294,32,39.0172207,-104.8920784,2174820,14643,307,-204,-14,326.84
05-00.437, 2026-04-01 14:45:43, 2026-04-08 16:58:54.892889, True      ,23,14.723,17.69,260.45,237,92,-0.153,-0.404,-0.573,-0.046,0.124,0.263,-151,177,-1184,-45,123,263,338,83,370,39.0172146,-104.8920724,2176160,294,32,39.0172216,-104.8920792,2174780,14607,315,-211,-19,327.33
05-00.502, 2026-04-01 14:45:43, 2026-04-08 16:58:54.892889, True      ,23,14.723,17.69,260.45,237,92,-0.163,-0.382,-0.549,0.013,0.19,0.2,-183,158,-1167,12,189,199,336,73,374,39.0172195,-104.8920766,2176160,359,32,39.017225,-104.8920819,2174690,14515,344,-226,-32,328.62
05-00.568, 2026-04-01 14:45:43, 2026-04-08 16:58:54.990547, True      ,23,14.81,16.58,245.55,238,92,-0.169,-0.375,-0.539,-0.059,0.081,0.168,-186,154,-1143,-58,81,167,336,73,374,39.0172195,-104.8920766,2176160,359,32,39.0172269,-104.8920835,2174630,14457,357,-235,-39,329.18
05-00.642, 2026-04-01 14:45:43, 2026-04-08 16:58:55.090526, True      ,23,14.81,16.58,245.55,238,92,-0.172,-0.372,-0.535,-0.055,0.095,0.146,-196,166,-1114,-55,94,146,330,65,381,39.0172195,-104.8920766,2176160,359,32,39.0172279,-104.8920844,2174600,14427,364,-239,-43,329.42
05-00.717, 2026-04-01 14:45:43, 2026-04-08 16:58:55.090526, True      ,22.75,14.81,16.58,245.55,238,92,-0.178,-0.356,-0.526,-0.034,0.069,0.054,-178,143,-1155,-34,69,54,328,59,385,39.0172254,-104.8920814,2176230,413,32,39.0172316,-104.8920875,2174530,14354,386,-255,-57,329.87
05-00.789, 2026-04-01 14:45:43, 2026-04-08 16:58:55.090526, True      ,23,14.81,16.58,245.55,238,92,-0.186,-0.354,-0.525,-0.117,0.037,0.007,-195,165,-1070,-116,36,6,324,55,388,39.0172254,-104.8920814,2176230,413,32,39.0172345,-104.8920899,2174470,14296,401,-266,-64,329.93
05-00.856, 2026-04-01 14:45:44, 2026-04-08 16:58:55.291040, True      ,23,14.81,16.58,245.55,238,92,-0.193,-0.349,-0.526,-0.065,0.042,-0.007,-184,172,-1123,-64,41,-7,324,55,388,39.0172254,-104.8920814,2176230,413,32,39.0172372,-104.8920921,2174440,14269,413,-274,-70,329.86
05-00.923, 2026-04-01 14:45:44, 2026-04-08 16:58:55.291040, True      ,23,14.81,16.58,245.55,238,92,-0.197,-0.347,-0.528,-0.085,0.037,-0.037,-194,151,-1105,-85,37,-36,322,51,391,39.0172319,-104.892087,2176340,458,32,39.0172395,-104.892094,2174420,14244,423,-282,-75,329.73
05-00.990, 2026-04-01 14:45:44, 2026-04-08 16:58:55.291040, True      ,23,14.81,16.58,245.55,238,92,-0.2,-0.345,-0.532,-0.063,0.05,-0.05,-207,157,-1079,-63,50,-49,319,49,392,39.0172319,-104.892087,2176340,458,32,39.0172422,-104.8920964,2174390,14210,434,-291,-78,329.51
05-01.062, 2026-04-01 14:45:44, 2026-04-08 16:58:55.490891, True      ,23,14.81,16.58,245.55,238,92,-0.198,-0.343,-0.536,-0.005,0.031,-0.047,-192,178,-1119,-4,30,-46,319,49,392,39.0172319,-104.892087,2176340,458,32,39.0172451,-104.8920989,2174380,14200,445,-301,-86,329.23
05-01.133, 2026-04-01 14:45:44, 2026-04-08 16:58:55.590516, True      ,23,14.874,15.1,224.597,241,92,-0.201,-0.344,-0.541,-0.075,-0.023,-0.06,-195,159,-1041,-74,-23,-59,317,49,393,39.0172389,-104.8920932,2176510,489,32,39.0172478,-104.8921013,2174360,14184,455,-309,-89,328.98
05-01.204, 2026-04-01 14:45:44, 2026-04-08 16:58:55.590516, True      ,22.75,14.874,15.1,224.597,241,92,-0.205,-0.344,-0.546,-0.087,0.056,-0.071,-209,145,-1040,-86,55,-70,316,49,394,39.0172389,-104.8920932,2176510,489,32,39.0172508,-104.8921039,2174350,14172,463,-318,-93,328.64
05-01.285, 2026-04-01 14:45:44, 2026-04-08 16:58:55.690941, True      ,23,14.874,15.1,224.597,241,92,-0.206,-0.341,-0.552,-0.012,-0.021,-0.062,-212,146,-1034,-12,-21,-62,316,49,394,39.0172389,-104.8920932,2176510,489,32,39.0172537,-104.8921065,2174350,14170,471,-327,-94,328.35
05-01.355, 2026-04-01 14:45:44, 2026-04-08 16:58:55.790488, True      ,23,14.854,15.66,232.614,242,92,-0.205,-0.351,-0.556,0.032,-0.136,-0.067,-192,166,-1023,32,-136,-67,315,49,395,39.0172465,-104.8920999,2176690,533,32,39.0172572,-104.8921097,2174340,14165,483,-337,-97,328.13
05-01.431, 2026-04-01 14:45:44, 2026-04-08 16:58:55.891231, True      ,23,14.854,15.66,232.614,242,92,-0.2,-0.356,-0.558,0.057,-0.075,-0.056,-213,156,-1044,56,-75,-56,317,50,394,39.0172465,-104.8920999,2176690,533,32,39.0172594,-104.8921116,2174340,14167,488,-342,-97,327.99
05-01.502, 2026-04-01 14:45:44, 2026-04-08 16:58:55.891231, True      ,22.75,14.854,15.66,232.614,242,92,-0.193,-0.357,-0.565,-0.002,-0.001,-0.069,-241,153,-1000,-2,-1,-68,320,55,392,39.0172546,-104.8921072,2176900,571,32,39.0172638,-104.8921157,2174350,14179,500,-351,-101,327.59
05-01.570, 2026-04-01 14:45:44, 2026-04-08 16:58:55.990558, True      ,23,14.949,14.64,218.853,242,92,-0.189,-0.362,-0.571,0.052,-0.049,-0.102,-225,158,-995,52,-48,-101,320,55,392,39.0172546,-104.8921072,2176900,571,32,39.0172669,-104.8921185,2174370,14189,508,-357,-103,327.24
05-01.651, 2026-04-01 14:45:44, 2026-04-08 16:58:56.090576, True      ,23,14.949,14.64,218.853,242,92,-0.188,-0.362,-0.574,0.04,0.004,-0.09,-262,128,-1038,39,3,-90,318,59,393,39.0172546,-104.8921072,2176900,571,32,39.0172683,-104.8921198,2174370,14191,513,-360,-102,327.08
05-01.722, 2026-04-01 14:45:44, 2026-04-08 16:58:56.090576, True      ,23,14.949,14.64,218.853,242,92,-0.175,-0.37,-0.582,0.127,-0.099,-0.08,-252,155,-1037,127,-99,-79,318,63,392,39.0172632,-104.892115,2177110,602,32,39.0172738,-104.8921248,2174390,14214,529,-371,-111,326.65
05-01.801, 2026-04-01 14:45:44, 2026-04-08 16:58:56.090576, True      ,23,14.949,14.64,218.853,242,92,-0.17,-0.378,-0.585,-0.03,-0.109,-0.062,-251,193,-924,-29,-108,-62,318,70,391,39.0172632,-104.892115,2177110,602,32,39.0172771,-104.8921279,2174400,14223,538,-376,-110,326.44
05-01.871, 2026-04-01 14:45:45, 2026-04-08 16:58:56.290952, True      ,23,14.949,14.64,218.853,242,92,-0.18,-0.393,-0.585,-0.165,-0.182,0,-255,151,-917,-164,-182,0,318,70,391,39.0172632,-104.892115,2177110,602,32,39.017281,-104.8921313,2174420,14244,546,-378,-105,326.51
05-01.943, 2026-04-01 14:45:45, 2026-04-08 16:58:56.392937, True      ,23,14.971,13.35,199.863,244,92,-0.196,-0.406,-0.581,-0.226,-0.215,0.031,-272,146,-913,-226,-215,31,325,70,385,39.0172722,-104.8921232,2177350,625,32,39.0172844,-104.8921344,2174430,14259,554,-383,-101,326.79
05-02.019, 2026-04-01 14:45:45, 2026-04-08 16:58:56.392937, True      ,23,14.971,13.35,199.863,244,92,-0.21,-0.417,-0.575,-0.146,-0.216,0.043,-274,169,-915,-145,-215,42,334,62,378,39.0172722,-104.8921232,2177350,625,32,39.0172875,-104.8921371,2174450,14272,561,-390,-98,327.11
05-02.092, 2026-04-01 14:45:45, 2026-04-08 16:58:56.392937, True      ,23,14.971,13.35,199.863,244,92,-0.211,-0.434,-0.568,0.036,-0.131,0.044,-254,150,-969,36,-131,43,344,56,373,39.0172722,-104.8921232,2177350,625,32,39.0172919,-104.8921411,2174460,14282,572,-398,-94,327.51
05-02.161, 2026-04-01 14:45:45, 2026-04-08 16:58:56.590484, True      ,23,14.911,14.74,219.788,245,92,-0.216,-0.439,-0.563,-0.04,-0.102,0.049,-247,165,-961,-39,-102,49,344,56,373,39.0172816,-104.8921317,2177600,645,32,39.0172956,-104.8921444,2174480,14300,581,-406,-92,327.8
05-02.238, 2026-04-01 14:45:45, 2026-04-08 16:58:56.690922, True      ,23,14.911,14.74,219.788,245,92,-0.217,-0.443,-0.559,0.006,-0.148,0.054,-254,169,-929,6,-148,53,348,54,368,39.0172816,-104.8921317,2177600,645,32,39.0172976,-104.8921462,2174480,14301,587,-411,-89,328
05-02.309, 2026-04-01 14:45:45, 2026-04-08 16:58:56.690922, True      ,23,14.911,14.74,219.788,245,92,-0.218,-0.445,-0.555,0.038,-0.001,0.006,-292,143,-932,38,0,5,352,52,364,39.0172913,-104.8921405,2177840,671,32,39.0173034,-104.8921514,2174510,14330,600,-422,-84,328.21
05-03.957, 2026-04-01 14:45:47, 2026-04-08 16:58:56.790472, True      ,23,14.781,16.31,241.078,246,92,-0.218,-0.451,-0.554,0.028,-0.105,-0.005,-266,151,-905,28,-105,-5,354,52,362,39.0172913,-104.8921405,2177840,671,32,39.0173069,-104.8921547,2174520,14341,609,-429,-80,328.29
05-04.057, 2026-04-01 14:45:47, 2026-04-08 16:58:56.892866, True      ,23,14.696,18.98,278.93,247,92,-0.216,-0.453,-0.554,0.045,-0.113,-0.023,-254,166,-907,45,-112,-23,354,52,362,39.0172913,-104.8921405,2177840,671,32,39.0173081,-104.8921558,2174520,14347,610,-433,-79,328.29
05-04.139, 2026-04-01 14:45:47, 2026-04-08 16:58:57.090549, True      ,23,14.878,15.22,226.443,247,92,-0.195,-0.458,-0.557,0.027,0.116,-0.017,-252,170,-1013,27,115,-17,360,59,356,39.0173015,-104.8921497,2178060,711,32,39.0173192,-104.8921659,2174580,14403,642,-454,-75,328.08
05-04.237, 2026-04-01 14:45:47, 2026-04-08 16:58:57.290930, True      ,23,14.567,21.86,318.435,249,92,-0.183,-0.458,-0.565,-0.097,-0.192,-0.027,-265,179,-822,-97,-191,-27,353,68,361,39.0173122,-104.8921596,2178270,752,32,39.0173308,-104.8921765,2174650,14472,674,-468,-66,327.63
05-04.329, 2026-04-01 14:45:47, 2026-04-08 16:58:57.490914, True      ,23,14.663,18.95,277.864,250,92,-0.196,-0.45,-0.573,-0.057,0.115,-0.029,-293,146,-980,-56,114,-29,358,62,358,39.0173235,-104.8921699,2178480,786,32,39.0173429,-104.8921874,2174680,14503,703,-485,-60,327.16
05-04.415, 2026-04-01 14:45:47, 2026-04-08 16:58:57.690885, True      ,23,14.711,17.91,263.474,251,92,-0.191,-0.436,-0.574,0.031,0.138,0.032,-287,173,-993,31,138,32,350,62,363,39.0173353,-104.8921807,2178670,817,32,39.0173555,-104.8921988,2174690,14510,725,-506,-58,327.1
05-04.504, 2026-04-01 14:45:47, 2026-04-08 16:58:57.892889, True      ,23,14.804,16.76,248.115,252,92,-0.191,-0.416,-0.579,-0.053,0.12,-0.036,-316,192,-977,-52,120,-35,343,64,370,39.0173476,-104.8921918,2178830,861,32,39.0173686,-104.8922106,2174720,14541,747,-518,-59,326.78
05-05.527, 2026-04-01 14:45:48, 2026-04-08 16:58:58.090510, True      ,23,14.81,16.3,241.403,253,92,-0.192,-0.404,-0.579,0.029,-0.029,0.041,-315,176,-903,29,-29,41,335,63,378,39.0173604,-104.8922035,2179030,877,32,39.0173821,-104.8922227,2174780,14606,765,-524,-59,326.84
05-05.616, 2026-04-01 14:45:48, 2026-04-08 16:58:58.290906, True      ,23,14.772,15.76,232.807,253,92,-0.209,-0.393,-0.567,-0.078,0.117,0.105,-325,164,-941,-78,116,105,335,58,378,39.0173736,-104.8922152,2179200,909,32,39.0173957,-104.8922348,2174840,14668,778,-533,-58,327.62
05-05.700, 2026-04-01 14:45:48, 2026-04-08 16:58:58.490948, True      ,23,14.605,18.85,275.304,255,92,-0.232,-0.395,-0.542,-0.072,-0.031,0.099,-331,206,-791,-71,-31,98,336,45,379,39.017387,-104.8922273,2179390,908,32,39.0174095,-104.892247,2174920,14742,787,-533,-45,329.04
05-05.784, 2026-04-01 14:45:48, 2026-04-08 16:58:58.690991, True      ,23,14.658,19.5,285.831,256,92,-0.242,-0.39,-0.531,-0.047,0.048,0.014,-278,216,-867,-46,48,14,339,35,378,39.0174006,-104.8922393,2179550,926,32,39.0174235,-104.8922593,2174970,14797,795,-540,-32,329.58
05-05.869, 2026-04-01 14:45:49, 2026-04-08 16:58:58.892759, True      ,23.25,15.024,12.11,181.941,256,92,-0.23,-0.363,-0.537,0.105,0.204,-0.025,-315,209,-1026,105,203,-25,333,36,383,39.0174146,-104.8922514,2179680,947,32,39.0174377,-104.8922717,2174990,14811,806,-550,-36,329.16
05-05.952, 2026-04-01 14:45:49, 2026-04-08 16:58:59.090539, True      ,23,14.644,17.77,260.224,257,92,-0.226,-0.341,-0.553,-0.068,0.021,-0.045,-317,177,-907,-67,20,-44,315,43,397,39.0174288,-104.8922638,2179830,957,32,39.0174521,-104.8922844,2175020,14844,813,-558,-40,328.3
05-06.039, 2026-04-01 14:45:49, 2026-04-08 16:58:59.290896, True      ,23,14.873,15.12,224.88,258,92,-0.243,-0.346,-0.558,-0.01,0.126,-0.029,-311,190,-922,-9,125,-28,321,36,392,39.0174431,-104.8922764,2179970,970,32,39.0174666,-104.8922973,2175050,14872,815,-565,-29,327.98
05-06.127, 2026-04-01 14:45:49, 2026-04-08 16:58:59.491022, True      ,23,14.582,19.16,279.391,259,92,-0.237,-0.334,-0.566,-0.012,-0.064,-0.019,-293,166,-843,-11,-64,-19,310,40,399,39.0174576,-104.8922893,2180100,984,32,39.0174811,-104.8923104,2175090,14914,815,-573,-22,327.55
05-06.216, 2026-04-01 14:45:49, 2026-04-08 16:58:59.690892, True      ,23,14.848,15.96,236.974,260,92,-0.222,-0.33,-0.569,0.078,0.109,-0.021,-296,165,-938,78,108,-21,313,42,396,39.017472,-104.8923024,2180210,983,32,39.0174956,-104.8923238,2175140,14960,812,-585,-15,327.33
05-06.307, 2026-04-01 14:45:49, 2026-04-08 16:58:59.892818, True      ,23,14.87,15.32,227.808,261,92,-0.187,-0.295,-0.586,0.093,0.13,-0.046,-289,171,-932,93,129,-45,297,57,407,39.0174864,-104.8923157,2180310,992,32,39.01751,-104.8923375,2175190,15018,811,-592,-17,326.4
05-06.397, 2026-04-01 14:45:49, 2026-04-08 16:59:00.090511, True      ,23,14.853,15.57,231.261,262,92,-0.165,-0.296,-0.599,0.003,-0.071,-0.045,-291,130,-909,3,-71,-45,291,70,410,39.0175009,-104.8923293,2180390,996,32,39.0175244,-104.8923512,2175270,15094,809,-591,-12,325.68
05-06.482, 2026-04-01 14:45:49, 2026-04-08 16:59:00.290912, True      ,23,15.075,12.34,186.025,263,92,-0.155,-0.3,-0.604,0.07,0.012,-0.022,-273,164,-932,70,10,-22,293,75,406,39.0175153,-104.8923428,2180480,990,32,39.0175387,-104.8923647,2175350,15172,809,-586,-8,325.37
05-06.572, 2026-04-01 14:45:49, 2026-04-08 16:59:00.490988, True      ,23,15.154,9.41,142.599,263,92,-0.138,-0.295,-0.6,0.014,0.037,0.068,-292,159,-927,14,36,67,289,84,408,39.0175297,-104.8923563,2180530,991,32,39.0175531,-104.8923781,2175440,15260,812,-578,-10,325.68
05-06.657, 2026-04-01 14:45:49, 2026-04-08 16:59:00.690951, True      ,23,15.048,11.81,177.717,264,91,-0.161,-0.309,-0.577,-0.204,-0.193,0.121,-292,192,-770,-204,-193,121,292,78,407,39.0175442,-104.8923697,2180600,991,32,39.0175677,-104.8923912,2175520,15344,818,-567,5,327.07
05-06.741, 2026-04-01 14:45:49, 2026-04-08 16:59:00.892955, True      ,23,15.223,8.72,132.745,264,91,-0.186,-0.306,-0.55,-0.031,0.098,0.112,-266,223,-914,-30,97,112,302,62,403,39.0175588,-104.8923829,2180650,991,32,39.0175824,-104.8924042,2175540,15368,827,-562,9,328.52
05-06.832, 2026-04-01 14:45:50, 2026-04-08 16:59:01.090515, True      ,23.25,15.123,9.92,150.02,265,91,-0.193,-0.279,-0.546,-0.043,0.084,0.028,-294,187,-925,-42,83,27,291,55,413,39.0175736,-104.892396,2180680,999,32,39.0175973,-104.892417,2175530,15358,831,-559,10,328.7
05-06.912, 2026-04-01 14:45:50, 2026-04-08 16:59:01.290890, True      ,23,15.123,9.92,150.02,265,91,-0.215,-0.272,-0.552,-0.012,0.029,-0.063,-287,168,-942,-11,28,-62,287,45,415,39.0175885,-104.892409,2180710,999,32,39.0176122,-104.8924299,2175500,15323,826,-563,17,328.3
05-06.973, 2026-04-01 14:45:50, 2026-04-08 16:59:01.390562, True      ,23,15.176,9.75,147.966,265,91,-0.199,-0.272,-0.568,-0.002,0,-0.054,-278,155,-884,-1,0,-53,284,51,418,39.0176034,-104.8924219,2180710,997,32,39.0176255,-104.8924416,2175480,15309,825,-568,21,327.47
05-07.044, 2026-04-01 14:45:50, 2026-04-08 16:59:01.490947, True      ,23,15.176,9.75,147.966,265,91,-0.199,-0.272,-0.568,-0.015,-0.006,-0.041,-257,168,-890,-14,-6,-41,284,51,418,39.0176034,-104.8924219,2180710,997,32,39.017627,-104.8924429,2175480,15309,827,-565,22,327.43
05-07.114, 2026-04-01 14:45:50, 2026-04-08 16:59:01.490947, True      ,23,15.176,9.75,147.966,265,91,-0.199,-0.273,-0.567,-0.005,-0.015,0.029,-282,150,-912,-4,-15,28,286,51,416,39.0176182,-104.892435,2180700,1005,32,39.0176351,-104.8924501,2175480,15301,826,-567,27,327.55
05-07.180, 2026-04-01 14:45:50, 2026-04-08 16:59:01.590576, True      ,23,14.928,13.7,204.514,266,91,-0.201,-0.271,-0.564,0.027,0.049,0.03,-250,162,-980,26,48,29,287,50,414,39.0176182,-104.892435,2180700,1005,32,39.0176401,-104.8924545,2175480,15301,826,-566,27,327.69
05-07.259, 2026-04-01 14:45:50, 2026-04-08 16:59:01.690906, True      ,23,14.928,13.7,204.514,266,91,-0.2,-0.269,-0.564,0.008,0.076,0.038,-290,170,-952,8,75,37,287,50,414,39.0176182,-104.892435,2180700,1005,32,39.0176418,-104.892456,2175480,15300,825,-566,27,327.7
05-07.330, 2026-04-01 14:45:50, 2026-04-08 16:59:01.790542, True      ,23,14.987,12.86,192.733,267,91,-0.204,-0.256,-0.565,0.117,0.014,0.003,-283,201,-933,116,13,2,284,50,417,39.0176331,-104.8924482,2180660,1004,32,39.0176512,-104.8924644,2175460,15289,823,-566,28,327.63
05-07.406, 2026-04-01 14:45:50, 2026-04-08 16:59:01.790542, True      ,23,14.987,12.86,192.733,267,91,-0.197,-0.252,-0.566,0.047,0.09,0.002,-267,174,-977,47,89,1,279,49,420,39.0176331,-104.8924482,2180660,1004,32,39.0176566,-104.8924692,2175460,15286,823,-565,27,327.58
05-07.479, 2026-04-01 14:45:50, 2026-04-08 16:59:01.892880, True      ,23,14.987,12.86,192.733,267,91,-0.192,-0.248,-0.567,0.077,0.054,0.007,-273,183,-1016,77,53,6,279,49,420,39.0176331,-104.8924482,2180660,1004,32,39.0176616,-104.8924736,2175460,15286,823,-565,23,327.53
05-07.547, 2026-04-01 14:45:50, 2026-04-08 16:59:01.990531, True      ,23,15.117,10.51,158.88,267,91,-0.188,-0.244,-0.568,-0.066,0.071,-0.022,-259,163,-950,-65,70,-22,278,53,421,39.017648,-104.8924614,2180630,1002,32,39.0176677,-104.892479,2175470,15291,821,-567,22,327.4
05-07.623, 2026-04-01 14:45:50, 2026-04-08 16:59:01.990531, True      ,23,15.117,10.51,158.88,267,91,-0.194,-0.239,-0.569,-0.132,0.069,0.015,-284,169,-947,-131,67,15,273,56,424,39.017648,-104.8924614,2180630,1002,32,39.0176715,-104.8924824,2175470,15291,821,-565,21,327.39
05-07.696, 2026-04-01 14:45:50, 2026-04-08 16:59:01.990531, True      ,23,15.117,10.51,158.88,267,91,-0.193,-0.236,-0.57,0.064,-0.04,-0.006,-256,159,-955,63,-41,-6,271,53,426,39.017648,-104.8924614,2180630,1002,32,39.0176779,-104.8924881,2175460,15288,819,-562,22,327.35
05-07.761, 2026-04-01 14:45:50, 2026-04-08 16:59:02.190479, True      ,23,15.058,11.42,171.962,268,91,-0.193,-0.241,-0.569,-0.061,-0.041,0.003,-255,135,-914,-60,-41,2,271,53,426,39.0176628,-104.8924745,2180600,998,32,39.0176832,-104.8924928,2175450,15279,816,-562,24,327.4
05-07.830, 2026-04-01 14:45:51, 2026-04-08 16:59:02.290989, True      ,23,15.058,11.42,171.962,268,91,-0.196,-0.239,-0.569,-0.06,0.056,0.009,-274,191,-982,-60,55,8,272,54,425,39.0176628,-104.8924745,2180600,998,32,39.0176861,-104.8924954,2175450,15274,814,-561,24,327.39
05-07.901, 2026-04-01 14:45:51, 2026-04-08 16:59:02.290989, True      ,23,15.058,11.42,171.962,268,91,-0.201,-0.247,-0.571,-0.093,-0.141,-0.031,-305,183,-869,-93,-141,-31,273,52,424,39.0176775,-104.8924876,2180580,985,32,39.0176934,-104.8925019,2175440,15267,811,-560,25,327.24
05-07.964, 2026-04-01 14:45:51, 2026-04-08 16:59:02.392846, True      ,23,14.991,12.85,192.634,269,91,-0.197,-0.238,-0.574,0.129,0.221,-0.015,-295,179,-1122,128,219,-15,273,52,424,39.0176775,-104.8924876,2180580,985,32,39.0176983,-104.8925063,2175440,15262,810,-559,19,327.08
05-08.036, 2026-04-01 14:45:51, 2026-04-08 16:59:02.490946, True      ,23.25,14.991,12.85,192.634,269,91,-0.191,-0.233,-0.576,0.197,0.192,-0.04,-264,164,-1155,197,191,-39,272,52,424,39.0176775,-104.8924876,2180580,985,32,39.0177006,-104.8925083,2175440,15262,810,-561,13,326.95
05-08.102, 2026-04-01 14:45:51, 2026-04-08 16:59:02.490946, True      ,23,14.991,12.85,192.634,269,91,-0.18,-0.22,-0.584,-0.095,0.141,-0.039,-263,132,-1014,-94,140,-38,264,61,430,39.0176921,-104.8925005,2180560,983,32,39.0177086,-104.8925155,2175450,15276,803,-564,2,326.53
05-08.165, 2026-04-01 14:45:51, 2026-04-08 16:59:02.590526, True      ,23,15.416,5.45,84.017,269,91,-0.191,-0.216,-0.586,-0.167,0.006,-0.013,-265,151,-919,-166,4,-13,264,61,430,39.0176921,-104.8925005,2180560,983,32,39.0177128,-104.8925193,2175470,15291,802,-562,3,326.45
05-08.239, 2026-04-01 14:45:51, 2026-04-08 16:59:02.690869, True      ,23,15.416,5.45,84.017,269,91,-0.193,-0.219,-0.585,-0.116,-0.126,-0.008,-241,163,-890,-115,-126,-8,257,61,433,39.0176921,-104.8925005,2180560,983,32,39.0177151,-104.8925214,2175470,15298,801,-563,7,326.49
05-08.304, 2026-04-01 14:45:51, 2026-04-08 16:59:02.690869, True      ,23.25,15.416,5.45,84.017,269,91,-0.201,-0.255,-0.582,-0.084,-0.331,-0.027,-251,113,-828,-83,-331,-26,265,55,430,39.0177065,-104.8925136,2180570,984,32,39.017723,-104.8925285,2175490,15315,798,-563,20,326.69
05-08.369, 2026-04-01 14:45:51, 2026-04-08 16:59:02.790484, True      ,23,15.02,10.94,164.319,270,91,-0.205,-0.273,-0.58,-0.062,-0.286,-0.03,-276,111,-833,-61,-287,-29,265,55,430,39.0177065,-104.8925136,2180570,984,32,39.0177271,-104.8925323,2175500,15325,795,-561,24,326.77
05-08.453, 2026-04-01 14:45:51, 2026-04-08 16:59:02.891004, True      ,23,15.02,10.94,164.319,270,91,-0.206,-0.278,-0.58,-0.051,-0.169,-0.031,-277,155,-852,-50,-169,-30,280,53,419,39.0177065,-104.8925136,2180570,984,32,39.0177294,-104.8925344,2175510,15329,793,-564,28,326.76
05-08.524, 2026-04-01 14:45:51, 2026-04-08 16:59:02.891004, True      ,23,15.02,10.94,164.319,270,91,-0.182,-0.285,-0.588,0.31,0.001,-0.115,-263,111,-998,310,0,-115,289,53,414,39.0177209,-104.8925267,2180570,974,32,39.0177378,-104.8925422,2175510,15332,794,-568,27,326.26
05-08.595, 2026-04-01 14:45:51, 2026-04-08 16:59:02.891004, True      ,23.25,15.02,10.94,164.319,270,91,-0.164,-0.277,-0.599,0.162,0.173,-0.139,-278,143,-990,162,172,-138,286,66,414,39.0177209,-104.8925267,2180570,974,32,39.0177428,-104.8925468,2175510,15337,796,-572,24,325.59
05-08.668, 2026-04-01 14:45:51, 2026-04-08 16:59:03.090517, True      ,23,15.02,10.94,164.319,270,91,-0.149,-0.269,-0.612,0.16,0.098,-0.167,-245,101,-968,160,97,-167,286,66,414,39.0177209,-104.8925267,2180570,974,32,39.0177479,-104.8925516,2175520,15339,797,-573,24,324.83
05-08.738, 2026-04-01 14:45:51, 2026-04-08 16:59:03.190499, True      ,23,15.229,9.34,142.239,271,91,-0.137,-0.261,-0.626,0.043,0.121,-0.164,-253,100,-954,43,120,-163,278,79,417,39.0177353,-104.8925399,2180520,991,32,39.0177535,-104.8925568,2175530,15352,796,-576,24,324
05-08.811, 2026-04-01 14:45:51, 2026-04-08 16:59:03.190499, True      ,23,15.229,9.34,142.239,271,91,-0.136,-0.263,-0.633,0.038,-0.078,-0.076,-265,126,-911,38,-78,-76,272,88,419,39.0177353,-104.8925399,2180520,991,32,39.0177579,-104.8925609,2175540,15360,798,-574,27,323.69
05-08.882, 2026-04-01 14:45:52, 2026-04-08 16:59:03.290928, True      ,23,15.229,9.34,142.239,271,91,-0.126,-0.266,-0.639,0.01,0.016,-0.08,-262,107,-973,10,15,-79,272,93,418,39.0177498,-104.8925533,2180490,992,32,39.0177635,-104.8925661,2175550,15370,796,-574,27,323.35
05-08.955, 2026-04-01 14:45:52, 2026-04-08 16:59:03.392870, True      ,23,15.227,9.68,147.397,271,91,-0.124,-0.267,-0.644,0.109,-0.048,-0.064,-270,122,-965,109,-48,-63,272,93,418,39.0177498,-104.8925533,2180490,992,32,39.0177687,-104.8925709,2175560,15383,801,-572,26,323.09
05-09.032, 2026-04-01 14:45:52, 2026-04-08 16:59:03.490905, True      ,23.25,15.227,9.68,147.397,271,91,-0.119,-0.27,-0.647,0.07,-0.055,-0.061,-307,86,-910,69,-55,-60,271,97,418,39.0177498,-104.8925533,2180490,992,32,39.0177724,-104.8925743,2175570,15391,799,-572,28,322.92
05-09.102, 2026-04-01 14:45:52, 2026-04-08 16:59:03.490905, True      ,23.25,15.227,9.68,147.397,271,91,-0.114,-0.273,-0.649,0.031,-0.112,-0.001,-277,100,-890,31,-113,-1,272,101,417,39.0177643,-104.8925667,2180480,989,32,39.0177796,-104.892581,2175580,15409,802,-569,31,322.87
05-09.166, 2026-04-01 14:45:52, 2026-04-08 16:59:03.590540, True      ,23.25,15.182,9.81,148.935,272,91,-0.119,-0.281,-0.646,-0.078,-0.081,0.041,-251,113,-899,-77,-81,40,272,101,417,39.0177643,-104.8925667,2180480,989,32,39.0177845,-104.8925854,2175590,15418,802,-568,36,323.04
05-09.237, 2026-04-01 14:45:52, 2026-04-08 16:59:03.691012, True      ,23.25,15.182,9.81,148.935,272,91,-0.123,-0.282,-0.644,-0.106,-0.056,0.054,-299,99,-903,-105,-56,53,275,101,413,39.0177643,-104.8925667,2180480,989,32,39.0177868,-104.8925876,2175600,15424,804,-566,36,323.14
05-09.305, 2026-04-01 14:45:52, 2026-04-08 16:59:03.691012, True      ,23,15.182,9.81,148.935,272,91,-0.127,-0.284,-0.64,-0.032,-0.039,0.024,-248,167,-952,-31,-39,23,278,97,411,39.0177788,-104.89258,2180390,989,32,39.0177948,-104.8925948,2175610,15432,804,-564,37,323.32
05-09.368, 2026-04-01 14:45:52, 2026-04-08 16:59:03.790524, True      ,23,15.168,10.25,155.472,273,91,-0.129,-0.287,-0.64,0.017,-0.059,0.012,-283,101,-914,17,-59,11,278,97,411,39.0177788,-104.89258,2180390,989,32,39.0177991,-104.8925986,2175620,15441,804,-563,39,323.37
05-09.447, 2026-04-01 14:45:52, 2026-04-08 16:59:03.892824, True      ,23,15.168,10.25,155.472,273,91,-0.128,-0.286,-0.64,-0.013,0.016,0.006,-317,121,-886,-12,15,6,279,95,412,39.0177788,-104.89258,2180390,989,32,39.0178015,-104.8926007,2175620,15444,805,-561,40,323.37
05-09.515, 2026-04-01 14:45:52, 2026-04-08 16:59:03.892824, True      ,23.25,15.168,10.25,155.472,273,91,-0.131,-0.287,-0.637,0.012,-0.038,0.036,-297,95,-907,12,-38,35,281,94,412,39.0177933,-104.8925931,2180280,993,32,39.0178095,-104.8926079,2175620,15445,809,-559,44,323.5
05-09.576, 2026-04-01 14:45:52, 2026-04-08 16:59:03.990520, True      ,23,15.087,11.86,178.932,273,91,-0.135,-0.286,-0.634,-0.076,0.05,0.056,-299,121,-937,-75,49,55,282,92,412,39.0177933,-104.8925931,2180280,993,32,39.0178145,-104.8926123,2175630,15452,810,-560,44,323.71
05-09.646, 2026-04-01 14:45:52, 2026-04-08 16:59:04.090582, True      ,23,15.087,11.86,178.932,273,91,-0.136,-0.285,-0.633,-0.082,0.047,0.055,-283,111,-963,-82,45,54,282,92,412,39.0177933,-104.8925931,2180280,993,32,39.0178161,-104.8926138,2175630,15453,811,-559,44,323.75
05-09.714, 2026-04-01 14:45:52, 2026-04-08 16:59:04.090582, True      ,23,15.087,11.86,178.932,273,91,-0.143,-0.274,-0.633,0.025,0.066,-0.009,-273,128,-976,25,65,-9,280,88,413,39.017808,-104.8926061,2180220,980,32,39.0178242,-104.8926209,2175630,15453,812,-560,42,323.73
05-09.778, 2026-04-01 14:45:52, 2026-04-08 16:59:04.190564, True      ,23.25,15.181,10.22,155.15,274,91,-0.137,-0.272,-0.636,0.085,0.062,-0.048,-249,111,-971,85,61,-48,275,89,417,39.017808,-104.8926061,2180220,980,32,39.0178291,-104.8926253,2175630,15457,812,-559,41,323.55
05-09.859, 2026-04-01 14:45:53, 2026-04-08 16:59:04.290945, True      ,23,15.181,10.22,155.15,274,91,-0.135,-0.271,-0.637,0.085,0.041,-0.049,-290,81,-975,85,40,-48,275,89,417,39.017808,-104.8926061,2180220,980,32,39.0178308,-104.8926267,2175630,15458,813,-559,39,323.45
05-09.928, 2026-04-01 14:45:53, 2026-04-08 16:59:04.290945, True      ,23,15.181,10.22,155.15,274,91,-0.124,-0.271,-0.646,0.051,-0.007,-0.057,-273,113,-954,51,-7,-57,273,93,417,39.0178227,-104.892619,2180150,993,32,39.0178401,-104.8926349,2175630,15459,812,-555,40,322.99
05-10.006, 2026-04-01 14:45:53, 2026-04-08 16:59:04.290945, True      ,23,15.181,10.22,155.15,274,91,-0.124,-0.269,-0.649,-0.011,0.035,-0.056,-268,112,-953,-10,33,-56,271,97,417,39.0178227,-104.892619,2180150,993,32,39.0178445,-104.8926388,2175640,15462,814,-555,40,322.77
05-10.078, 2026-04-01 14:45:53, 2026-04-08 16:59:04.490969, True      ,23.25,15.181,10.22,155.15,274,91,-0.128,-0.269,-0.654,-0.094,-0.003,-0.034,-289,76,-957,-93,-3,-33,271,97,417,39.0178227,-104.892619,2180150,993,32,39.0178504,-104.8926439,2175640,15460,812,-554,39,322.55
05-10.146, 2026-04-01 14:45:53, 2026-04-08 16:59:04.590492, True      ,23.25,15.25,9.17,139.843,275,91,-0.134,-0.274,-0.654,-0.037,-0.078,-0.007,-269,102,-928,-36,-78,-7,271,97,417,39.0178374,-104.892632,2180060,989,32,39.0178565,-104.8926492,2175640,15460,810,-555,38,322.52
05-10.219, 2026-04-01 14:45:53, 2026-04-08 16:59:04.590492, True      ,23.25,15.25,9.17,139.843,275,91,-0.135,-0.278,-0.654,-0.032,-0.082,0.009,-280,107,-946,-31,-82,9,271,95,418,39.0178374,-104.892632,2180060,989,32,39.0178602,-104.8926524,2175630,15458,809,-554,40,322.57
05-10.290, 2026-04-01 14:45:53, 2026-04-08 16:59:04.590492, True      ,23.25,15.25,9.17,139.843,275,91,-0.14,-0.282,-0.652,-0.013,-0.015,0.021,-313,100,-977,-12,-15,20,275,93,416,39.0178521,-104.8926449,2179980,993,32,39.0178666,-104.892658,2175640,15460,811,-553,40,322.65
05-10.358, 2026-04-01 14:45:53, 2026-04-08 16:59:04.790539, True      ,23.25,15.296,8.9,136.134,275,91,-0.14,-0.281,-0.65,-0.026,-0.031,0.032,-291,101,-970,-25,-31,31,275,93,416,39.0178521,-104.8926449,2179980,993,32,39.0178719,-104.8926627,2175640,15463,809,-553,38,322.75
05-10.438, 2026-04-01 14:45:53, 2026-04-08 16:59:04.892874, True      ,23.25,15.296,8.9,136.134,275,91,-0.141,-0.282,-0.649,-0.028,-0.044,0.03,-307,106,-945,-27,-44,29,275,92,417,39.0178521,-104.8926449,2179980,993,32,39.0178749,-104.8926653,2175650,15472,808,-553,37,322.86
05-10.519, 2026-04-01 14:45:53, 2026-04-08 16:59:04.892874, True      ,23.25,15.296,8.9,136.134,275,91,-0.14,-0.292,-0.643,0.025,-0.093,0.047,-292,118,-940,25,-93,46,277,91,415,39.0178668,-104.8926578,2179890,988,32,39.017883,-104.8926724,2175660,15486,808,-555,38,323.23
05-10.587, 2026-04-01 14:45:53, 2026-04-08 16:59:04.892874, True      ,23,15.296,8.9,136.134,275,91,-0.14,-0.297,-0.639,0.005,-0.057,0.05,-309,110,-927,5,-57,49,280,90,413,39.0178668,-104.8926578,2179890,988,32,39.0178886,-104.8926773,2175680,15507,810,-555,40,323.46
05-10.652, 2026-04-01 14:45:53, 2026-04-08 16:59:05.090927, True      ,23,15.296,8.9,136.134,275,91,-0.142,-0.301,-0.633,-0.035,-0.064,0.07,-272,95,-912,-34,-64,69,280,90,413,39.0178668,-104.8926578,2179890,988,32,39.017894,-104.892682,2175690,15514,809,-557,42,323.78
05-10.720, 2026-04-01 14:45:53, 2026-04-08 16:59:05.090927, True      ,23.25,15.296,8.9,136.134,275,91,-0.15,-0.303,-0.628,-0.102,-0.026,0.091,-261,122,-916,-101,-26,91,285,90,410,39.0178816,-104.8926706,2179800,986,32,39.0178982,-104.8926857,2175700,15521,811,-556,45,324.08
05-10.789, 2026-04-01 14:45:53, 2026-04-08 16:59:05.090927, True      ,23.25,15.296,8.9,136.134,275,91,-0.156,-0.304,-0.622,-0.034,-0.014,0.075,-311,129,-913,-33,-14,75,288,84,408,39.0178816,-104.8926706,2179800,986,32,39.0179034,-104.8926903,2175710,15533,811,-558,46,324.44
05-10.859, 2026-04-01 14:45:54, 2026-04-08 16:59:05.290828, True      ,23.25,15.296,8.9,136.134,275,91,-0.154,-0.299,-0.617,0.047,0.099,0.063,-304,156,-940,47,98,62,288,84,408,39.0178816,-104.8926706,2179800,986,32,39.0179088,-104.892695,2175710,15533,812,-560,46,324.68
05-10.925, 2026-04-01 14:45:54, 2026-04-08 16:59:05.290828, True      ,23.25,15.296,8.9,136.134,275,91,-0.152,-0.291,-0.614,0.092,0.079,0.049,-321,98,-971,92,78,48,289,81,410,39.0178962,-104.8926835,2179700,986,32,39.0179137,-104.8926994,2175710,15536,813,-559,43,324.82
05-10.994, 2026-04-01 14:45:54, 2026-04-08 16:59:05.290828, True      ,23.25,15.296,8.9,136.134,275,91,-0.148,-0.286,-0.612,0.052,0.08,0.056,-278,145,-984,52,79,55,283,82,413,39.0178962,-104.8926835,2179700,986,32,39.0179182,-104.8927033,2175720,15541,813,-559,42,324.96
05-11.069, 2026-04-01 14:45:54, 2026-04-08 16:59:05.490952, True      ,23.25,15.296,8.9,136.134,275,91,-0.149,-0.283,-0.607,0,0.009,0.078,-222,81,-936,0,8,77,283,82,413,39.0178962,-104.8926835,2179700,986,32,39.0179235,-104.892708,2175720,15540,813,-561,44,325.29
05-11.136, 2026-04-01 14:45:54, 2026-04-08 16:59:05.590517, True      ,23.25,15.361,6.08,93.395,277,91,-0.152,-0.285,-0.599,-0.061,-0.074,0.091,-273,118,-894,-60,-74,91,282,83,415,39.0179109,-104.8926965,2179580,997,32,39.0179292,-104.8927131,2175720,15542,812,-562,48,325.72
05-11.203, 2026-04-01 14:45:54, 2026-04-08 16:59:05.590517, True      ,23,15.361,6.08,93.395,277,91,-0.156,-0.29,-0.593,-0.04,-0.075,0.098,-240,111,-913,-39,-75,98,283,79,414,39.0179109,-104.8926965,2179580,997,32,39.0179339,-104.8927172,2175710,15537,813,-563,50,326.14
05-11.274, 2026-04-01 14:45:54, 2026-04-08 16:59:05.690905, True      ,23.25,15.361,6.08,93.395,277,91,-0.159,-0.294,-0.585,0.024,-0.041,0.098,-306,150,-901,23,-41,97,283,79,414,39.0179109,-104.8926965,2179580,997,32,39.0179388,-104.8927217,2175700,15526,814,-563,54,326.54
05-11.344, 2026-04-01 14:45:54, 2026-04-08 16:59:05.790547, True      ,23.25,15.252,8.48,129.337,278,91,-0.157,-0.294,-0.579,0.056,0.044,0.07,-253,91,-977,56,43,70,289,75,410,39.0179256,-104.8927096,2179450,993,32,39.017944,-104.8927263,2175690,15510,815,-568,53,326.88
05-11.418, 2026-04-01 14:45:54, 2026-04-08 16:59:05.790547, True      ,23.25,15.252,8.48,129.337,278,91,-0.161,-0.289,-0.575,-0.059,0.056,0.074,-286,160,-948,-58,55,73,290,74,410,39.0179256,-104.8927096,2179450,993,32,39.0179487,-104.8927304,2175670,15496,816,-568,53,327.1
05-11.492, 2026-04-01 14:45:54, 2026-04-08 16:59:05.790547, True      ,23,15.252,8.48,129.337,278,91,-0.159,-0.282,-0.572,0.041,0.092,0.024,-282,126,-956,41,91,24,289,71,411,39.0179404,-104.8927226,2179280,1003,32,39.0179551,-104.8927362,2175650,15477,818,-569,53,327.22
05-11.564, 2026-04-01 14:45:54, 2026-04-08 16:59:05.990513, True      ,23,15.265,8.12,123.952,278,91,-0.159,-0.277,-0.573,0.034,0.081,-0.007,-288,71,-951,34,80,-6,289,71,411,39.0179404,-104.8927226,2179280,1003,32,39.0179605,-104.892741,2175630,15454,818,-569,53,327.16
05-11.644, 2026-04-01 14:45:54, 2026-04-08 16:59:06.090613, True      ,23.25,15.265,8.12,123.952,278,91,-0.156,-0.274,-0.574,0.022,0.075,-0.011,-265,108,-968,22,74,-11,285,72,413,39.0179404,-104.8927226,2179280,1003,32,39.0179635,-104.8927437,2175620,15446,818,-573,52,327.11
05-11.718, 2026-04-01 14:45:54, 2026-04-08 16:59:06.090613, True      ,23.25,15.265,8.12,123.952,278,91,-0.143,-0.268,-0.577,0.081,0.068,-0.028,-312,112,-978,81,67,-27,284,74,414,39.0179552,-104.8927358,2179140,999,32,39.0179717,-104.892751,2175580,15408,820,-575,52,326.88
05-11.783, 2026-04-01 14:45:54, 2026-04-08 16:59:06.090613, True      ,23.25,15.265,8.12,123.952,278,91,-0.14,-0.261,-0.581,-0.001,0.094,-0.044,-253,114,-989,0,93,-44,280,78,415,39.0179552,-104.8927358,2179140,999,32,39.0179774,-104.8927561,2175560,15381,818,-573,50,326.67
05-11.852, 2026-04-01 14:45:55, 2026-04-08 16:59:06.290930, True      ,23.25,15.265,8.12,123.952,278,91,-0.138,-0.257,-0.585,0.055,0.068,-0.07,-251,99,-1006,55,67,-70,280,78,415,39.0179552,-104.8927358,2179140,999,32,39.017982,-104.8927603,2175530,15357,819,-572,47,326.39
05-11.922, 2026-04-01 14:45:55, 2026-04-08 16:59:06.290930, True      ,23.25,15.265,8.12,123.952,278,91,-0.131,-0.254,-0.592,0.083,0.04,-0.097,-252,75,-997,83,39,-97,276,81,418,39.0179701,-104.8927492,2179000,1013,32,39.017987,-104.8927647,2175500,15328,816,-574,46,326.01
05-11.990, 2026-04-01 14:45:55, 2026-04-08 16:59:06.290930, True      ,23.25,15.265,8.12,123.952,278,91,-0.128,-0.248,-0.6,-0.035,0.098,-0.082,-269,95,-1000,-34,97,-82,271,86,420,39.0179701,-104.8927492,2179000,1013,32,39.0179922,-104.8927694,2175470,15296,816,-575,43,325.58
05-12.059, 2026-04-01 14:45:55, 2026-04-08 16:59:06.490918, True      ,23.25,15.265,8.12,123.952,278,91,-0.13,-0.243,-0.607,0.008,0.078,-0.094,-258,75,-1022,8,77,-94,271,86,420,39.0179701,-104.8927492,2179000,1013,32,39.0179975,-104.8927742,2175440,15267,815,-573,43,325.18
05-12.131, 2026-04-01 14:45:55, 2026-04-08 16:59:06.590480, True      ,23.25,15.283,8.89,135.866,279,91,-0.126,-0.237,-0.614,0.013,0.092,-0.09,-330,105,-1014,13,91,-90,268,88,421,39.017985,-104.8927625,2178900,1004,32,39.0180025,-104.8927788,2175420,15242,814,-576,37,324.75
05-12.199, 2026-04-01 14:45:55, 2026-04-08 16:59:06.590480, True      ,23.25,15.283,8.89,135.866,279,91,-0.122,-0.237,-0.62,0.019,-0.043,-0.078,-276,110,-971,19,-43,-78,262,91,424,39.017985,-104.8927625,2178900,1004,32,39.0180079,-104.8927836,2175400,15221,812,-576,36,324.39
05-12.264, 2026-04-01 14:45:55, 2026-04-08 16:59:06.690477, True      ,23.25,15.283,8.89,135.866,279,91,-0.118,-0.24,-0.625,0.027,-0.037,-0.053,-317,99,-971,27,-37,-53,262,91,424,39.017985,-104.8927625,2178900,1004,32,39.0180128,-104.8927881,2175380,15208,810,-574,33,324.19
05-12.333, 2026-04-01 14:45:55, 2026-04-08 16:59:06.790503, True      ,23.25,15.243,9.45,144.046,280,91,-0.115,-0.242,-0.628,0.021,-0.002,-0.046,-278,56,-1017,21,-2,-45,263,94,422,39.0179997,-104.8927757,2178810,987,32,39.0180172,-104.8927921,2175380,15200,806,-574,33,324.01
05-12.400, 2026-04-01 14:45:55, 2026-04-08 16:59:06.790503, True      ,23,15.243,9.45,144.046,280,91,-0.109,-0.25,-0.63,0.149,-0.153,-0.05,-259,105,-986,148,-153,-49,263,97,422,39.0179997,-104.8927757,2178810,987,32,39.0180224,-104.8927969,2175370,15195,804,-573,29,323.85
05-12.474, 2026-04-01 14:45:55, 2026-04-08 16:59:06.892824, True      ,23.25,15.243,9.45,144.046,280,91,-0.097,-0.26,-0.634,0.1,-0.125,-0.049,-304,93,-970,100,-125,-49,263,97,422,39.0179997,-104.8927757,2178810,987,32,39.0180273,-104.8928013,2175370,15192,804,-570,28,323.69
05-12.544, 2026-04-01 14:45:55, 2026-04-08 16:59:06.990513, True      ,23.25,15.28,8.84,135.075,280,91,-0.092,-0.268,-0.636,0.044,-0.107,-0.047,-288,83,-967,44,-107,-46,268,103,418,39.0180142,-104.892789,2178690,995,32,39.0180324,-104.892806,2175370,15190,805,-567,27,323.56
05-12.622, 2026-04-01 14:45:55, 2026-04-08 16:59:06.990513, True      ,23.25,15.28,8.84,135.075,280,91,-0.093,-0.272,-0.637,-0.049,-0.044,-0.019,-264,102,-977,-48,-44,-18,272,108,414,39.0180142,-104.892789,2178690,995,32,39.0180369,-104.8928101,2175360,15188,805,-566,26,323.48
05-12.695, 2026-04-01 14:45:55, 2026-04-08 16:59:06.990513, True      ,23.25,15.28,8.84,135.075,280,91,-0.089,-0.282,-0.638,0.032,-0.126,-0.014,-272,107,-968,32,-126,-14,276,108,412,39.0180142,-104.892789,2178690,995,32,39.0180432,-104.8928158,2175360,15189,807,-566,25,323.47
05-12.763, 2026-04-01 14:45:55, 2026-04-08 16:59:07.190516, True      ,23.25,15.252,8.81,134.37,281,91,-0.092,-0.289,-0.637,-0.065,-0.079,0.006,-272,101,-930,-64,-79,5,276,108,412,39.0180287,-104.8928024,2178590,990,32,39.0180484,-104.8928205,2175360,15184,808,-563,26,323.49
05-12.878, 2026-04-01 14:45:56, 2026-04-08 16:59:07.290908, True      ,23,15.252,8.81,134.37,281,91,-0.097,-0.29,-0.637,-0.166,-0.022,0.008,-275,106,-936,-165,-22,8,280,109,409,39.0180287,-104.8928024,2178590,990,32,39.0180513,-104.8928231,2175360,15183,809,-562,27,323.55
05-12.946, 2026-04-01 14:45:56, 2026-04-08 16:59:07.390564, True      ,23.25,15.285,8.67,132.521,281,91,-0.105,-0.287,-0.636,-0.021,-0.05,0.008,-288,91,-972,-20,-50,7,282,105,408,39.0180433,-104.8928155,2178490,990,32,39.0180624,-104.8928329,2175360,15180,814,-563,24,323.57
05-13.020, 2026-04-01 14:45:56, 2026-04-08 16:59:07.390564, True      ,23.25,15.285,8.67,132.521,281,91,-0.106,-0.288,-0.636,-0.031,0.022,0.013,-282,84,-973,-30,21,12,280,104,410,39.0180433,-104.8928155,2178490,990,32,39.018066,-104.8928361,2175350,15178,816,-561,24,323.61
05-13.090, 2026-04-01 14:45:56, 2026-04-08 16:59:07.390564, True      ,23.25,15.285,8.67,132.521,281,91,-0.106,-0.278,-0.634,0.01,0.142,0.023,-273,97,-1022,10,141,23,280,103,411,39.0180582,-104.8928286,2178370,1008,32,39.0180725,-104.8928418,2175350,15174,819,-561,19,323.69
05-13.156, 2026-04-01 14:45:56, 2026-04-08 16:59:07.590477, True      ,23.25,15.34,7.21,110.601,282,91,-0.115,-0.279,-0.632,-0.18,-0.01,0.026,-246,81,-931,-179,-10,25,280,103,411,39.0180582,-104.8928286,2178370,1008,32,39.0180779,-104.8928466,2175340,15167,818,-560,22,323.84
05-13.234, 2026-04-01 14:45:56, 2026-04-08 16:59:07.690907, True      ,23.25,15.34,7.21,110.601,282,91,-0.124,-0.28,-0.63,-0.197,-0.064,0.068,-279,77,-889,-197,-64,67,276,101,413,39.0180582,-104.8928286,2178370,1008,32,39.0180809,-104.8928492,2175340,15164,821,-561,25,323.99
05-13.305, 2026-04-01 14:45:56, 2026-04-08 16:59:07.690907, True      ,23.25,15.34,7.21,110.601,282,91,-0.136,-0.293,-0.62,-0.107,-0.03,0.069,-306,130,-896,-106,-30,68,283,91,410,39.018073,-104.8928417,2178270,992,32,39.0180884,-104.8928557,2175320,15141,820,-560,30,324.52
05-13.370, 2026-04-01 14:45:56, 2026-04-08 16:59:07.790525, True      ,23,15.049,12.81,192.778,283,91,-0.142,-0.286,-0.615,0,0.11,0.079,-334,134,-1003,0,109,78,283,91,410,39.018073,-104.8928417,2178270,992,32,39.0180934,-104.8928601,2175300,15123,821,-557,29,324.79
05-13.450, 2026-04-01 14:45:56, 2026-04-08 16:59:07.892919, True      ,23.25,15.049,12.81,192.778,283,91,-0.139,-0.284,-0.614,0.085,0.107,0.064,-287,162,-1033,85,106,64,286,85,410,39.018073,-104.8928417,2178270,992,32,39.0180959,-104.8928622,2175290,15116,822,-557,27,324.88
05-13.521, 2026-04-01 14:45:56, 2026-04-08 16:59:07.892919, True      ,23.25,15.049,12.81,192.778,283,91,-0.138,-0.271,-0.612,-0.065,0.149,0.023,-329,127,-975,-64,148,22,283,86,413,39.0180878,-104.8928547,2178150,1003,32,39.0181046,-104.8928698,2175270,15090,820,-558,21,324.96
05-13.589, 2026-04-01 14:45:56, 2026-04-08 16:59:07.892919, True      ,23.25,15.049,12.81,192.778,283,91,-0.139,-0.265,-0.611,-0.005,0.024,0.018,-322,113,-953,-5,23,18,276,86,416,39.0180878,-104.8928547,2178150,1003,32,39.0181099,-104.8928744,2175250,15071,820,-556,20,324.99
05-13.659, 2026-04-01 14:45:56, 2026-04-08 16:59:08.090561, True      ,23.25,15.049,12.81,192.778,283,91,-0.139,-0.268,-0.61,-0.007,-0.038,0.016,-334,125,-950,-6,-38,15,276,86,416,39.0180878,-104.8928547,2178150,1003,32,39.0181153,-104.8928791,2175230,15052,819,-556,19,325.07
05-13.752, 2026-04-01 14:45:56, 2026-04-08 16:59:08.190477, True      ,23.25,15.186,9.83,149.278,284,91,-0.146,-0.272,-0.608,-0.095,-0.081,0.015,-292,115,-948,-94,-81,14,276,85,417,39.0181026,-104.8928676,2178070,983,32,39.0181203,-104.8928834,2175210,15031,819,-553,19,325.18
05-13.822, 2026-04-01 14:45:56, 2026-04-08 16:59:08.190477, True      ,23.25,15.186,9.83,149.278,284,91,-0.149,-0.281,-0.606,-0.014,-0.08,0.012,-327,118,-966,-13,-80,11,280,81,415,39.0181026,-104.8928676,2178070,983,32,39.0181256,-104.892888,2175180,15008,817,-550,19,325.28
05-13.889, 2026-04-01 14:45:57, 2026-04-08 16:59:08.190477, True      ,23.25,15.186,9.83,149.278,284,91,-0.159,-0.287,-0.605,-0.091,-0.114,0.006,-323,102,-975,-90,-114,5,285,79,413,39.0181174,-104.8928803,2177980,991,32,39.018132,-104.8928935,2175160,14985,816,-552,18,325.35
05-13.953, 2026-04-01 14:45:57, 2026-04-08 16:59:08.392962, True      ,23.25,15.15,11.02,166.953,284,91,-0.159,-0.288,-0.607,-0.047,0.045,-0.046,-294,41,-1036,-46,44,-46,285,79,413,39.0181174,-104.8928803,2177980,991,32,39.0181374,-104.8928982,2175140,14967,812,-554,13,325.2
05-14.023, 2026-04-01 14:45:57, 2026-04-08 16:59:08.392962, True      ,23.25,15.15,11.02,166.953,284,91,-0.163,-0.289,-0.609,-0.148,-0.021,-0.059,-284,79,-971,-147,-21,-59,286,76,413,39.0181174,-104.8928803,2177980,991,32,39.0181403,-104.8929007,2175130,14958,812,-556,14,325.08
05-14.096, 2026-04-01 14:45:57, 2026-04-08 16:59:08.392962, True      ,23.25,15.15,11.02,166.953,284,91,-0.171,-0.305,-0.612,-0.003,-0.052,-0.084,-300,105,-952,-2,-52,-83,291,72,408,39.0181322,-104.8928931,2177890,992,32,39.0181467,-104.8929064,2175110,14938,806,-556,19,324.86
05-14.159, 2026-04-01 14:45:57, 2026-04-08 16:59:08.590492, True      ,23.25,14.927,15.15,226.144,285,91,-0.166,-0.31,-0.619,0.056,-0.086,-0.087,-294,99,-978,56,-86,-87,291,72,408,39.0181322,-104.8928931,2177890,992,32,39.018152,-104.892911,2175100,14920,805,-558,19,324.52
05-14.250, 2026-04-01 14:45:57, 2026-04-08 16:59:08.690909, True      ,23.25,14.927,15.15,226.144,285,91,-0.161,-0.312,-0.621,0.134,-0.026,-0.077,-345,118,-995,134,-26,-76,293,73,407,39.0181322,-104.8928931,2177890,992,32,39.018155,-104.8929136,2175090,14912,806,-560,18,324.33
05-14.322, 2026-04-01 14:45:57, 2026-04-08 16:59:08.690909, True      ,23.25,14.927,15.15,226.144,285,91,-0.14,-0.302,-0.635,0.129,0.136,-0.099,-345,97,-1043,129,135,-98,293,82,406,39.0181469,-104.8929061,2177830,988,32,39.0181636,-104.8929213,2175070,14892,805,-563,6,323.56
05-14.393, 2026-04-01 14:45:57, 2026-04-08 16:59:08.690909, True      ,23.25,14.927,15.15,226.144,285,91,-0.126,-0.296,-0.644,0.168,0.079,-0.124,-326,75,-1022,168,78,-123,286,91,409,39.0181469,-104.8929061,2177830,988,32,39.0181686,-104.8929259,2175060,14886,805,-565,3,323.02
05-14.463, 2026-04-01 14:45:57, 2026-04-08 16:59:08.892864, True      ,23.25,14.927,15.15,226.144,285,91,-0.115,-0.292,-0.653,0.075,0.053,-0.098,-333,89,-1003,75,52,-97,286,91,409,39.0181469,-104.8929061,2177830,988,32,39.0181739,-104.8929307,2175060,14882,805,-565,-1,322.54
05-14.538, 2026-04-01 14:45:57, 2026-04-08 16:59:08.990515, True      ,23.25,15.254,9.81,149.642,286,91,-0.106,-0.294,-0.657,0.099,-0.069,-0.048,-287,112,-987,99,-69,-47,282,100,411,39.0181615,-104.8929191,2177770,989,32,39.0181788,-104.8929351,2175050,14878,806,-563,-2,322.33
05-14.614, 2026-04-01 14:45:57, 2026-04-08 16:59:08.990515, True      ,23.25,15.254,9.81,149.642,286,91,-0.107,-0.3,-0.659,-0.038,-0.131,-0.017,-309,108,-936,-37,-130,-17,279,105,410,39.0181615,-104.8929191,2177770,989,32,39.0181842,-104.8929399,2175050,14876,805,-563,-3,322.24
05-14.687, 2026-04-01 14:45:57, 2026-04-08 16:59:09.090560, True      ,23.25,15.254,9.81,149.642,286,91,-0.113,-0.314,-0.657,-0.043,-0.169,0.016,-295,93,-911,-42,-169,16,285,104,406,39.0181615,-104.8929191,2177770,989,32,39.0181898,-104.8929449,2175050,14874,805,-561,0,322.4
05-14.753, 2026-04-01 14:45:57, 2026-04-08 16:59:09.190509, True      ,23.25,15.068,12.09,182.172,287,91,-0.124,-0.326,-0.652,-0.173,-0.141,0.063,-306,96,-927,-172,-140,63,285,104,406,39.0181761,-104.8929322,2177720,989,32,39.0181958,-104.8929503,2175040,14868,806,-561,3,322.71
05-14.831, 2026-04-01 14:45:58, 2026-04-08 16:59:09.290953, True      ,23.25,15.068,12.09,182.172,287,91,-0.13,-0.33,-0.649,-0.13,-0.129,0.057,-313,130,-939,-129,-129,57,294,99,401,39.0181761,-104.8929322,2177720,989,32,39.0181987,-104.8929529,2175040,14864,806,-562,4,322.88
05-14.900, 2026-04-01 14:45:58, 2026-04-08 16:59:09.290953, True      ,23.25,15.068,12.09,182.172,287,91,-0.14,-0.338,-0.644,0.001,-0.035,0.024,-321,119,-967,1,-35,23,300,93,398,39.0181906,-104.8929452,2177670,975,32,39.0182059,-104.8929594,2175030,14857,808,-563,2,323.14
05-14.965, 2026-04-01 14:45:58, 2026-04-08 16:59:09.392859, True      ,23.25,15.045,13.06,196.488,288,91,-0.135,-0.338,-0.641,0.101,-0.007,0.031,-306,103,-979,101,-7,30,300,93,398,39.0181906,-104.8929452,2177670,975,32,39.0182109,-104.8929638,2175030,14851,807,-565,1,323.27
05-15.042, 2026-04-01 14:45:58, 2026-04-08 16:59:09.490924, True      ,23.25,15.045,13.06,196.488,288,91,-0.133,-0.337,-0.641,0.084,-0.023,0.026,-347,78,-954,84,-23,25,301,92,398,39.0181906,-104.8929452,2177670,975,32,39.0182132,-104.8929659,2175020,14848,807,-567,1,323.32
05-15.110, 2026-04-01 14:45:58, 2026-04-08 16:59:09.490924, True      ,23.25,15.045,13.06,196.488,288,91,-0.132,-0.337,-0.635,0.035,-0.017,0.061,-308,103,-928,35,-17,60,303,93,397,39.0182051,-104.8929583,2177640,988,32,39.0182213,-104.8929732,2175020,14842,810,-568,2,323.66
05-15.177, 2026-04-01 14:45:58, 2026-04-08 16:59:09.590525, True      ,23.25,15.013,12.91,193.818,288,91,-0.129,-0.338,-0.63,0.06,0.013,0.076,-305,97,-953,60,12,76,303,92,397,39.0182051,-104.8929583,2177640,988,32,39.0182262,-104.8929776,2175010,14837,811,-569,3,323.97
05-15.249, 2026-04-01 14:45:58, 2026-04-08 16:59:09.690533, True      ,23.25,15.013,12.91,193.818,288,91,-0.13,-0.336,-0.628,-0.002,0.06,0.075,-312,81,-944,-2,59,75,303,92,397,39.0182051,-104.8929583,2177640,988,32,39.0182279,-104.8929791,2175010,14835,811,-571,2,324.07
05-15.314, 2026-04-01 14:45:58, 2026-04-08 16:59:09.690533, True      ,23.25,15.013,12.91,193.818,288,91,-0.131,-0.326,-0.617,0.069,0.133,0.091,-313,70,-1032,68,132,91,304,91,396,39.0182197,-104.8929713,2177590,993,32,39.0182366,-104.8929871,2175010,14830,814,-576,-1,324.66
05-15.376, 2026-04-01 14:45:58, 2026-04-08 16:59:09.790491, True      ,23.25,15.063,12.46,187.685,289,91,-0.134,-0.313,-0.615,-0.121,0.249,0.064,-301,55,-1027,-120,248,63,298,90,400,39.0182197,-104.8929713,2177590,993,32,39.0182409,-104.8929909,2175000,14827,814,-581,-5,324.82
05-15.451, 2026-04-01 14:45:58, 2026-04-08 16:59:09.890642, True      ,23.25,15.063,12.46,187.685,289,91,-0.138,-0.308,-0.614,-0.176,0.246,0.058,-283,33,-1077,-175,245,58,298,90,400,39.0182197,-104.8929713,2177590,993,32,39.0182425,-104.8929924,2175000,14827,815,-581,-7,324.84
05-15.519, 2026-04-01 14:45:58, 2026-04-08 16:59:09.890642, True      ,23.25,15.063,12.46,187.685,289,91,-0.123,-0.282,-0.616,0.35,0.202,-0.058,-309,64,-1024,350,201,-57,290,85,407,39.0182344,-104.8929847,2177550,1007,32,39.0182511,-104.8930003,2175010,14830,815,-586,-15,324.66
05-15.587, 2026-04-01 14:45:58, 2026-04-08 16:59:09.890642, True      ,23.25,15.063,12.46,187.685,289,91,-0.096,-0.265,-0.624,0.379,0.322,-0.089,-297,65,-1061,379,321,-89,279,96,414,39.0182344,-104.8929847,2177550,1007,32,39.0182562,-104.8930051,2175010,14835,814,-589,-21,324.21
05-15.659, 2026-04-01 14:45:58, 2026-04-08 16:59:10.090498, True      ,23,15.063,12.46,187.685,289,91,-0.076,-0.247,-0.631,0.198,0.204,-0.083,-251,28,-1023,198,203,-82,279,96,414,39.0182344,-104.8929847,2177550,1007,32,39.0182615,-104.89301,2175030,14850,815,-588,-28,323.81
05-15.726, 2026-04-01 14:45:58, 2026-04-08 16:59:10.090498, True      ,23,15.063,12.46,187.685,289,91,-0.074,-0.245,-0.635,-0.085,-0.041,-0.034,-297,47,-883,-84,-41,-33,266,113,419,39.0182491,-104.8929982,2177550,1004,32,39.0182664,-104.8930146,2175040,14867,813,-590,-30,323.66
05-15.819, 2026-04-01 14:45:58, 2026-04-08 16:59:10.090498, True      ,23.25,15.063,12.46,187.685,289,91,-0.089,-0.263,-0.634,-0.235,-0.363,0.013,-288,82,-836,-234,-363,12,262,115,419,39.0182491,-104.8929982,2177550,1004,32,39.0182717,-104.8930195,2175060,14883,813,-588,-24,323.77
05-15.889, 2026-04-01 14:45:59, 2026-04-08 16:59:10.090498, True      ,23.25,15.063,12.46,187.685,289,91,-0.11,-0.307,-0.629,-0.19,-0.461,0.008,-278,39,-877,-189,-461,8,279,104,410,39.0182638,-104.8930118,2177540,1009,32,39.0182781,-104.8930255,2175080,14904,808,-589,-11,323.99
05-15.956, 2026-04-01 14:45:59, 2026-04-08 16:59:10.390575, True      ,23.25,15.233,8.07,122.93,290,91,-0.111,-0.32,-0.626,0.136,-0.031,0.032,-313,64,-921,136,-31,32,279,104,410,39.0182638,-104.8930118,2177540,1009,32,39.0182833,-104.8930305,2175090,14916,809,-591,-6,324.15
05-16.030, 2026-04-01 14:45:59, 2026-04-08 16:59:10.490950, True      ,23.25,15.233,8.07,122.93,290,91,-0.099,-0.317,-0.625,0.375,0.066,0.018,-320,64,-934,375,65,18,293,99,401,39.0182638,-104.8930118,2177540,1009,32,39.0182862,-104.8930332,2175100,14924,809,-592,-5,324.19
05-16.103, 2026-04-01 14:45:59, 2026-04-08 16:59:10.490950, True      ,23.25,15.233,8.07,122.93,290,91,-0.056,-0.304,-0.626,0.338,0.143,0.004,-262,29,-955,338,142,4,292,112,401,39.0182785,-104.8930256,2177500,1012,32,39.0182936,-104.8930401,2175120,14942,811,-593,-5,324.14
05-16.170, 2026-04-01 14:45:59, 2026-04-08 16:59:10.590550, True      ,23.25,15.431,5.99,92.432,290,91,-0.041,-0.294,-0.624,0.12,0.109,0.057,-262,78,-883,120,108,57,292,112,401,39.0182785,-104.8930256,2177500,1012,32,39.0182986,-104.8930448,2175130,14958,814,-594,-3,324.31
05-16.253, 2026-04-01 14:45:59, 2026-04-08 16:59:10.690944, True      ,23.25,15.431,5.99,92.432,290,91,-0.042,-0.292,-0.622,0.041,0.046,0.074,-238,58,-954,41,45,74,284,126,401,39.0182785,-104.8930256,2177500,1012,32,39.018301,-104.8930471,2175140,14967,815,-593,-4,324.47
05-16.323, 2026-04-01 14:45:59, 2026-04-08 16:59:10.690944, True      ,23.25,15.431,5.99,92.432,290,91,-0.054,-0.303,-0.608,-0.082,-0.04,0.116,-290,91,-883,-81,-40,116,286,126,399,39.0182932,-104.8930393,2177490,1008,32,39.0183099,-104.8930553,2175170,14990,821,-591,8,325.24
05-16.395, 2026-04-01 14:45:59, 2026-04-08 16:59:10.690944, True      ,23.25,15.431,5.99,92.432,290,91,-0.054,-0.302,-0.6,0.111,0.077,0.097,-265,65,-950,111,76,96,291,119,397,39.0182932,-104.8930393,2177490,1008,32,39.0183149,-104.8930599,2175180,15003,825,-588,10,325.65
05-16.467, 2026-04-01 14:45:59, 2026-04-08 16:59:10.892772, True      ,23.25,15.431,5.99,92.432,290,91,-0.049,-0.289,-0.595,0.016,0.188,0.073,-276,89,-966,16,187,73,291,119,397,39.0182932,-104.8930393,2177490,1008,32,39.0183204,-104.8930649,2175190,15010,828,-588,11,325.96
05-16.538, 2026-04-01 14:45:59, 2026-04-08 16:59:10.990509, True      ,23.25,15.356,6.69,102.732,291,91,-0.052,-0.274,-0.589,-0.04,0.169,0.08,-250,64,-964,-39,168,80,290,119,400,39.0183079,-104.8930529,2177410,1011,32,39.0183262,-104.8930701,2175190,15014,829,-584,11,326.32
05-16.609, 2026-04-01 14:45:59, 2026-04-08 16:59:10.990509, True      ,23.25,15.356,6.69,102.732,291,91,-0.055,-0.27,-0.584,-0.056,-0.009,0.078,-283,107,-879,-55,-9,77,281,117,406,39.0183079,-104.8930529,2177410,1011,32,39.018331,-104.8930744,2175190,15015,833,-582,15,326.56
05-16.682, 2026-04-01 14:45:59, 2026-04-08 16:59:11.090581, True      ,23.25,15.356,6.69,102.732,291,91,-0.062,-0.265,-0.579,-0.012,0.137,0.062,-270,60,-958,-11,137,62,281,113,406,39.0183079,-104.8930529,2177410,1011,32,39.0183368,-104.8930796,2175190,15015,833,-578,18,326.85
05-16.757, 2026-04-01 14:45:59, 2026-04-08 16:59:11.190496, True      ,23.25,15.256,8.51,129.829,292,91,-0.067,-0.257,-0.575,-0.084,0.077,0.063,-293,95,-951,-83,76,63,281,113,406,39.0183229,-104.8930664,2177370,1018,32,39.0183422,-104.8930843,2175190,15010,834,-576,18,327.08
05-16.832, 2026-04-01 14:46:00, 2026-04-08 16:59:11.290955, True      ,23.25,15.256,8.51,129.829,292,91,-0.066,-0.252,-0.573,0.062,0.139,0.05,-302,138,-1003,62,138,50,278,108,410,39.0183229,-104.8930664,2177370,1018,32,39.018346,-104.8930877,2175180,15005,834,-572,15,327.22
05-16.902, 2026-04-01 14:46:00, 2026-04-08 16:59:11.290955, True      ,23.25,15.256,8.51,129.829,292,91,-0.073,-0.241,-0.572,-0.178,0.066,-0.001,-273,61,-970,-177,65,-1,273,108,414,39.018338,-104.8930797,2177300,1014,32,39.0183536,-104.8930942,2175170,14995,836,-569,11,327.2
05-16.968, 2026-04-01 14:46:00, 2026-04-08 16:59:11.392873, True      ,23.25,15.382,5.7,87.677,292,91,-0.091,-0.239,-0.573,-0.238,0.032,-0.015,-263,75,-927,-237,31,-14,273,108,414,39.018338,-104.8930797,2177300,1014,32,39.0183587,-104.8930985,2175160,14988,836,-566,14,327.15
05-17.044, 2026-04-01 14:46:00, 2026-04-08 16:59:11.490972, True      ,23.25,15.382,5.7,87.677,292,91,-0.095,-0.239,-0.574,-0.198,0.01,-0.019,-268,95,-935,-197,9,-18,269,102,417,39.018338,-104.8930797,2177300,1014,32,39.0183612,-104.8931007,2175160,14984,835,-566,15,327.1
05-17.114, 2026-04-01 14:46:00, 2026-04-08 16:59:11.490972, True      ,23.25,15.382,5.7,87.677,292,91,-0.104,-0.253,-0.576,-0.022,-0.118,-0.036,-269,36,-919,-21,-118,-35,272,94,417,39.018353,-104.8930929,2177230,1005,32,39.0183695,-104.8931078,2175140,14968,834,-562,21,326.97
05-17.178, 2026-04-01 14:46:00, 2026-04-08 16:59:11.590482, True      ,23.25,15.17,9.66,146.542,293,91,-0.107,-0.256,-0.578,-0.049,-0.01,-0.038,-288,47,-953,-48,-10,-37,276,92,414,39.018353,-104.8930929,2177230,1005,32,39.0183746,-104.8931122,2175130,14955,831,-560,23,326.84
05-17.256, 2026-04-01 14:46:00, 2026-04-08 16:59:11.690946, True      ,23.25,15.17,9.66,146.542,293,91,-0.106,-0.255,-0.58,-0.028,0.004,-0.043,-310,103,-961,-27,3,-42,276,92,414,39.018353,-104.8930929,2177230,1005,32,39.0183763,-104.8931136,2175130,14951,831,-563,22,326.78
05-17.334, 2026-04-01 14:46:00, 2026-04-08 16:59:11.790559, True      ,23.25,15.242,8.45,128.795,293,91,-0.102,-0.251,-0.588,-0.031,-0.01,-0.079,-264,36,-955,-31,-10,-78,276,93,415,39.018368,-104.8931059,2177150,1005,32,39.0183851,-104.8931212,2175100,14929,828,-560,20,326.29
05-17.405, 2026-04-01 14:46:00, 2026-04-08 16:59:11.790559, True      ,23.25,15.242,8.45,128.795,293,91,-0.108,-0.255,-0.592,-0.041,-0.023,-0.029,-283,154,-936,-40,-23,-29,273,95,416,39.018368,-104.8931059,2177150,1005,32,39.0183913,-104.8931266,2175080,14908,827,-559,21,326.09
05-17.477, 2026-04-01 14:46:00, 2026-04-08 16:59:11.891009, True      ,23.25,15.242,8.45,128.795,293,91,-0.095,-0.255,-0.595,0.18,0.028,-0.047,-291,116,-1016,180,27,-47,273,95,416,39.018368,-104.8931059,2177150,1005,32,39.0183963,-104.8931309,2175070,14889,829,-556,17,325.9
05-17.546, 2026-04-01 14:46:00, 2026-04-08 16:59:11.990536, True      ,23.25,15.264,9.31,142.108,294,91,-0.093,-0.25,-0.599,-0.06,0.091,-0.039,-256,87,-1051,-59,90,-38,276,95,415,39.0183829,-104.8931187,2177070,992,32,39.0184025,-104.8931362,2175040,14862,829,-554,13,325.64
05-17.619, 2026-04-01 14:46:00, 2026-04-08 16:59:11.990536, True      ,23.25,15.264,9.31,142.108,294,91,-0.095,-0.244,-0.602,-0.056,0.086,-0.051,-281,89,-1021,-55,85,-50,271,100,417,39.0183829,-104.8931187,2177070,992,32,39.0184062,-104.8931394,2175020,14848,827,-553,10,325.49
05-17.689, 2026-04-01 14:46:00, 2026-04-08 16:59:11.990536, True      ,23.5,15.264,9.31,142.108,294,91,-0.094,-0.239,-0.61,-0.044,0.046,-0.111,-248,31,-1010,-43,45,-110,266,101,420,39.0183829,-104.8931187,2177070,992,32,39.0184127,-104.8931449,2175000,14823,829,-552,7,324.99
05-17.757, 2026-04-01 14:46:00, 2026-04-08 16:59:12.190555, True      ,23.25,15.301,8.11,124.091,294,91,-0.102,-0.24,-0.616,-0.172,-0.057,-0.071,-268,49,-980,-171,-57,-70,266,101,420,39.0183977,-104.8931316,2177010,995,32,39.0184181,-104.8931495,2174980,14805,828,-551,6,324.63
05-17.950, 2026-04-01 14:46:01, 2026-04-08 16:59:12.290896, True      ,23.25,15.097,10.95,165.312,295,91,-0.109,-0.244,-0.619,-0.194,-0.126,-0.057,-267,81,-945,-193,-126,-56,263,101,421,39.0183977,-104.8931316,2177010,995,32,39.0184211,-104.8931521,2174970,14793,826,-555,6,324.52
05-18.023, 2026-04-01 14:46:01, 2026-04-08 16:59:12.290896, True      ,23.25,15.097,10.95,165.312,295,91,-0.137,-0.264,-0.629,0.046,-0.05,-0.075,-298,53,-974,45,-50,-74,272,86,417,39.0184127,-104.8931444,2176910,1010,32,39.0184359,-104.8931649,2174910,14733,819,-562,9,323.89
05-18.094, 2026-04-01 14:46:01, 2026-04-08 16:59:12.290896, True      ,23.5,15.097,10.95,165.312,295,91,-0.122,-0.262,-0.637,0.213,0.081,-0.082,-250,58,-1060,213,80,-82,274,89,417,39.0184276,-104.8931574,2176840,992,32,39.0184424,-104.8931706,2174890,14719,816,-567,4,323.45
05-18.161, 2026-04-01 14:46:01, 2026-04-08 16:59:12.590477, True      ,23.25,15.215,10.66,162.192,295,91,-0.101,-0.253,-0.646,0.259,0.188,-0.109,-255,36,-1062,259,187,-109,274,89,417,39.0184276,-104.8931574,2176840,992,32,39.0184477,-104.8931755,2174890,14716,815,-570,-2,322.95
05-18.238, 2026-04-01 14:46:01, 2026-04-08 16:59:12.690890, True      ,23.25,15.215,10.66,162.192,295,91,-0.091,-0.247,-0.651,0.231,0.157,-0.11,-279,28,-1042,231,156,-109,267,101,419,39.0184276,-104.8931574,2176840,992,32,39.0184507,-104.8931781,2174900,14720,815,-570,-6,322.66
05-18.312, 2026-04-01 14:46:01, 2026-04-08 16:59:12.690890, True      ,23.25,15.215,10.66,162.192,295,91,-0.07,-0.226,-0.663,0.043,0.182,-0.086,-285,27,-1043,42,181,-86,259,114,422,39.0184423,-104.8931705,2176810,990,32,39.0184587,-104.8931854,2174910,14737,813,-574,-13,321.95
05-18.386, 2026-04-01 14:46:01, 2026-04-08 16:59:12.790480, True      ,23.25,15.419,7.15,110.246,296,91,-0.065,-0.22,-0.668,0.059,0.064,-0.039,-264,84,-1037,59,63,-38,248,122,425,39.0184423,-104.8931705,2176810,990,32,39.0184637,-104.89319,2174940,14762,813,-571,-15,321.72
05-18.490, 2026-04-01 14:46:01, 2026-04-08 16:59:12.892944, True      ,23.25,15.419,7.15,110.246,296,91,-0.062,-0.219,-0.668,0.124,0.061,-0.021,-274,72,-963,124,60,-21,248,122,425,39.0184423,-104.8931705,2176810,990,32,39.0184653,-104.8931915,2174950,14771,812,-570,-16,321.71
05-18.557, 2026-04-01 14:46:01, 2026-04-08 16:59:12.990563, True      ,23.25,15.487,4.28,66.284,296,91,-0.075,-0.242,-0.658,-0.32,-0.375,0.103,-230,52,-947,-319,-375,102,245,126,426,39.0184568,-104.8931836,2176810,984,32,39.018477,-104.8932021,2175010,14836,811,-570,-16,322.35
05-18.633, 2026-04-01 14:46:01, 2026-04-08 16:59:13.090946, True      ,23.5,15.487,4.28,66.284,296,91,-0.092,-0.255,-0.653,-0.384,-0.363,0.119,-243,104,-855,-383,-363,118,252,121,422,39.0184568,-104.8931836,2176810,984,32,39.0184799,-104.8932048,2175030,14852,812,-570,-16,322.71
05-18.704, 2026-04-01 14:46:01, 2026-04-08 16:59:13.090946, True      ,23.5,15.487,4.28,66.284,296,91,-0.108,-0.289,-0.638,0.132,-0.262,0.12,-310,83,-873,131,-262,120,271,104,414,39.0184714,-104.8931968,2176780,997,32,39.0184872,-104.8932113,2175050,14873,811,-569,-5,323.55
05-18.768, 2026-04-01 14:46:01, 2026-04-08 16:59:13.190491, True      ,23.25,15.293,8.16,124.791,296,91,-0.101,-0.291,-0.627,0.212,0.057,0.133,-248,69,-954,212,56,133,271,104,414,39.0184714,-104.8931968,2176780,997,32,39.0184922,-104.8932158,2175050,14875,810,-568,1,324.1
05-18.844, 2026-04-01 14:46:02, 2026-04-08 16:59:13.290989, True      ,23.25,15.293,8.16,124.791,296,91,-0.096,-0.29,-0.624,0.228,0.064,0.136,-258,36,-963,228,63,136,282,103,409,39.0184714,-104.8931968,2176780,997,32,39.0184945,-104.8932179,2175050,14875,811,-570,-2,324.34
05-18.917, 2026-04-01 14:46:02, 2026-04-08 16:59:13.290989, True      ,23.5,15.293,8.16,124.791,296,91,-0.085,-0.282,-0.608,0.057,0.012,0.15,-252,76,-939,57,11,150,283,107,408,39.018486,-104.8932099,2176760,986,32,39.0185025,-104.8932252,2175050,14872,813,-569,3,325.25
05-18.997, 2026-04-01 14:46:02, 2026-04-08 16:59:13.290989, True      ,23.25,15.293,8.16,124.791,296,91,-0.085,-0.283,-0.597,0.043,-0.018,0.123,-213,58,-918,43,-18,123,283,105,408,39.018486,-104.8932099,2176760,986,32,39.0185082,-104.8932303,2175040,14865,817,-571,6,325.86
05-19.069, 2026-04-01 14:46:02, 2026-04-08 16:59:13.490962, True      ,23.5,15.293,8.16,124.791,296,91,-0.089,-0.282,-0.588,-0.075,0.01,0.114,-241,100,-911,-74,9,114,283,105,408,39.018486,-104.8932099,2176760,986,32,39.0185136,-104.893235,2175030,14858,817,-569,11,326.36
05-19.137, 2026-04-01 14:46:02, 2026-04-08 16:59:13.590465, True      ,23.25,15.145,9.84,149.027,297,90,-0.087,-0.284,-0.579,0.187,-0.055,0.111,-203,147,-938,187,-55,110,287,102,405,39.0185006,-104.893223,2176700,999,32,39.0185193,-104.8932402,2175020,14840,824,-570,14,326.91
05-19.206, 2026-04-01 14:46:02, 2026-04-08 16:59:13.590465, True      ,23.25,15.145,9.84,149.027,297,90,-0.086,-0.283,-0.571,0,0.076,0.138,-227,149,-974,0,75,138,289,99,405,39.0185006,-104.893223,2176700,999,32,39.018524,-104.8932443,2175000,14823,827,-566,15,327.4
05-19.279, 2026-04-01 14:46:02, 2026-04-08 16:59:13.690904, True      ,23.5,15.145,9.84,149.027,297,90,-0.096,-0.267,-0.561,-0.124,0.239,0.134,-271,155,-991,-123,238,134,289,99,405,39.0185006,-104.893223,2176700,999,32,39.018529,-104.8932487,2174980,14806,831,-565,14,327.89
05-19.351, 2026-04-01 14:46:02, 2026-04-08 16:59:13.790516, True      ,23.25,15.184,9.27,140.756,298,90,-0.109,-0.249,-0.556,-0.158,0.209,0.069,-270,104,-950,-157,208,69,288,96,406,39.0185155,-104.8932362,2176620,1007,32,39.0185353,-104.8932541,2174940,14767,834,-563,15,328.18
05-19.424, 2026-04-01 14:46:02, 2026-04-08 16:59:13.790516, True      ,23.25,15.184,9.27,140.756,298,90,-0.115,-0.236,-0.555,-0.063,0.27,0.047,-240,149,-1005,-62,269,46,279,88,414,39.0185155,-104.8932362,2176620,1007,32,39.0185391,-104.8932573,2174920,14741,834,-559,13,328.26
05-19.494, 2026-04-01 14:46:02, 2026-04-08 16:59:13.790516, True      ,23.25,15.184,9.27,140.756,298,90,-0.124,-0.206,-0.556,-0.178,0.348,-0.006,-273,101,-1068,-178,347,-5,269,82,421,39.0185305,-104.8932492,2176520,1006,32,39.0185458,-104.893263,2174860,14686,834,-557,7,328.15
05-19.562, 2026-04-01 14:46:02, 2026-04-08 16:59:13.990512, True      ,23.25,15.248,8.66,132.048,298,90,-0.134,-0.187,-0.559,-0.129,0.26,-0.035,-284,108,-1058,-128,259,-34,269,82,421,39.0185305,-104.8932492,2176520,1006,32,39.0185512,-104.8932676,2174820,14643,832,-556,2,327.9
05-19.639, 2026-04-01 14:46:02, 2026-04-08 16:59:14.090492, True      ,23.25,15.248,8.66,132.048,298,90,-0.135,-0.177,-0.562,-0.076,0.282,-0.036,-296,141,-1048,-76,281,-35,254,76,431,39.0185305,-104.8932492,2176520,1006,32,39.0185542,-104.8932702,2174790,14613,829,-556,0,327.75
05-19.715, 2026-04-01 14:46:02, 2026-04-08 16:59:14.090492, True      ,23.25,15.248,8.66,132.048,298,90,-0.131,-0.152,-0.566,0.099,0.117,0.015,-218,103,-1074,98,116,14,241,74,439,39.0185455,-104.8932621,2176490,998,32,39.0185624,-104.8932772,2174730,14553,822,-555,-10,327.56
05-19.780, 2026-04-01 14:46:02, 2026-04-08 16:59:14.190557, True      ,23.5,15.341,7.03,107.847,299,90,-0.134,-0.147,-0.563,-0.085,0.027,0.074,-243,41,-1036,-85,26,73,233,75,444,39.0185455,-104.8932621,2176490,998,32,39.0185673,-104.8932815,2174690,14511,817,-554,-14,327.76
05-19.856, 2026-04-01 14:46:03, 2026-04-08 16:59:14.290896, True      ,23.5,15.341,7.03,107.847,299,90,-0.135,-0.146,-0.562,-0.122,0.009,0.076,-244,95,-1009,-122,8,76,233,75,444,39.0185455,-104.8932621,2176490,998,32,39.018569,-104.8932829,2174670,14499,815,-553,-13,327.87
05-19.927, 2026-04-01 14:46:03, 2026-04-08 16:59:14.290896, True      ,23.25,15.341,7.03,107.847,299,90,-0.15,-0.145,-0.551,-0.105,0.048,0.081,-255,107,-996,-104,47,81,234,70,443,39.0185603,-104.893275,2176480,986,32,39.0185776,-104.8932904,2174630,14455,804,-551,-15,328.47
05-19.997, 2026-04-01 14:46:03, 2026-04-08 16:59:14.290896, True      ,23.25,15.341,7.03,107.847,299,90,-0.15,-0.146,-0.548,0.046,-0.024,0.008,-268,120,-1049,45,-24,8,235,64,443,39.0185603,-104.893275,2176480,986,32,39.0185835,-104.8932956,2174600,14424,796,-547,-19,328.64
05-20.073, 2026-04-01 14:46:03, 2026-04-08 16:59:14.490915, True      ,23.25,15.341,7.03,107.847,299,90,-0.142,-0.145,-0.549,0.121,0.037,-0.023,-272,157,-1044,121,36,-23,235,64,443,39.0185603,-104.893275,2176480,986,32,39.0185877,-104.8932993,2174590,14414,791,-545,-21,328.54
05-20.143, 2026-04-01 14:46:03, 2026-04-08 16:59:14.590533, True      ,23.25,15.245,8.57,130.65,300,90,-0.135,-0.137,-0.551,0.048,0.127,-0.021,-230,102,-1037,47,126,-20,236,66,443,39.0185748,-104.8932877,2176480,968,32,39.0185931,-104.8933042,2174580,14400,783,-542,-28,328.38
05-20.213, 2026-04-01 14:46:03, 2026-04-08 16:59:14.590533, True      ,23.5,15.245,8.57,130.65,300,90,-0.131,-0.13,-0.555,0.045,0.115,-0.037,-243,92,-1029,45,114,-36,230,71,444,39.0185748,-104.8932877,2176480,968,32,39.0185975,-104.8933081,2174570,14398,778,-539,-28,328.23
05-20.284, 2026-04-01 14:46:03, 2026-04-08 16:59:14.690896, True      ,23.25,15.245,8.57,130.65,300,90,-0.128,-0.121,-0.558,0.055,0.105,-0.028,-287,115,-1004,55,104,-28,226,74,446,39.018589,-104.8933003,2176500,952,32,39.0186029,-104.8933129,2174560,14389,772,-537,-31,328
05-20.355, 2026-04-01 14:46:03, 2026-04-08 16:59:14.790534, True      ,23.25,15.281,8.15,124.54,300,90,-0.125,-0.11,-0.561,-0.01,0.173,-0.029,-211,89,-1057,-9,172,-28,226,74,446,39.018589,-104.8933003,2176500,952,32,39.0186079,-104.8933174,2174550,14376,765,-532,-35,327.8
05-20.433, 2026-04-01 14:46:03, 2026-04-08 16:59:14.892871, True      ,23.25,15.281,8.15,124.54,300,90,-0.125,-0.101,-0.563,-0.009,0.173,-0.006,-228,107,-1058,-9,172,-5,218,76,450,39.018589,-104.8933003,2176500,952,32,39.0186113,-104.8933205,2174540,14368,759,-528,-37,327.76
05-20.503, 2026-04-01 14:46:03, 2026-04-08 16:59:14.892871, True      ,23.25,15.281,8.15,124.54,300,90,-0.129,-0.088,-0.561,-0.051,0.087,0.06,-253,71,-1022,-50,86,60,211,76,453,39.0186029,-104.8933127,2176540,932,32,39.018618,-104.8933265,2174520,14344,749,-525,-39,327.9
05-20.568, 2026-04-01 14:46:03, 2026-04-08 16:59:14.990560, True      ,23.25,15.313,6.89,105.507,301,90,-0.129,-0.082,-0.555,0.003,0.06,0.107,-201,95,-1022,3,59,106,211,76,453,39.0186029,-104.8933127,2176540,932,32,39.0186225,-104.8933306,2174500,14328,741,-521,-41,328.23
05-20.646, 2026-04-01 14:46:03, 2026-04-08 16:59:15.090561, True      ,23.25,15.313,6.89,105.507,301,90,-0.132,-0.082,-0.552,0.002,-0.013,0.117,-207,63,-1013,2,-13,117,206,73,456,39.0186029,-104.8933127,2176540,932,32,39.0186247,-104.8933326,2174490,14319,737,-518,-41,328.49
05-20.720, 2026-04-01 14:46:03, 2026-04-08 16:59:15.090561, True      ,23.25,15.313,6.89,105.507,301,90,-0.13,-0.081,-0.537,0.05,0.06,0.133,-215,126,-982,49,59,133,208,70,454,39.0186164,-104.8933249,2176560,907,32,39.0186319,-104.8933391,2174480,14308,726,-514,-40,329.31
05-20.794, 2026-04-01 14:46:03, 2026-04-08 16:59:15.090561, True      ,23.25,15.313,6.89,105.507,301,90,-0.126,-0.073,-0.527,0.042,0.106,0.142,-211,153,-1008,41,105,142,208,68,455,39.0186164,-104.8933249,2176560,907,32,39.0186368,-104.8933436,2174470,14295,716,-512,-41,329.86
05-20.869, 2026-04-01 14:46:04, 2026-04-08 16:59:15.290957, True      ,23.25,15.313,6.89,105.507,301,90,-0.121,-0.063,-0.52,0.163,0.181,0.098,-156,88,-1048,163,180,98,208,68,455,39.0186164,-104.8933249,2176560,907,32,39.0186414,-104.8933478,2174470,14298,708,-505,-42,330.28
05-20.938, 2026-04-01 14:46:04, 2026-04-08 16:59:15.392893, True      ,23.25,15.309,6.58,100.733,301,90,-0.11,-0.047,-0.514,0.127,0.153,0.09,-206,76,-1064,127,152,90,205,69,456,39.0186295,-104.8933369,2176630,877,32,39.0186462,-104.8933523,2174470,14297,701,-500,-48,330.59
05-21.012, 2026-04-01 14:46:04, 2026-04-08 16:59:15.392893, True      ,23.25,15.309,6.58,100.733,301,90,-0.105,-0.039,-0.509,0.038,0.148,0.099,-175,112,-1002,38,147,99,196,73,459,39.0186295,-104.8933369,2176630,877,32,39.01865,-104.8933559,2174470,14299,694,-497,-47,330.9
05-21.084, 2026-04-01 14:46:04, 2026-04-08 16:59:15.490964, True      ,23.25,15.309,6.58,100.733,301,90,-0.101,-0.03,-0.502,0.038,0.138,0.084,-191,71,-916,38,137,84,192,75,460,39.0186422,-104.8933486,2176700,860,32,39.0186548,-104.8933602,2174470,14295,687,-488,-43,331.25
05-21.157, 2026-04-01 14:46:04, 2026-04-08 16:59:15.590524, True      ,23.25,15.173,8.59,130.336,302,90,-0.095,-0.011,-0.5,0.081,0.34,0.045,-174,152,-991,80,339,44,192,75,460,39.0186422,-104.8933486,2176700,860,32,39.0186592,-104.8933643,2174460,14283,676,-480,-40,331.38
05-21.232, 2026-04-01 14:46:04, 2026-04-08 16:59:15.690954, True      ,23.25,15.173,8.59,130.336,302,90,-0.093,0.007,-0.499,0.008,0.355,0.031,-165,82,-1045,8,353,30,184,77,463,39.0186422,-104.8933486,2176700,860,32,39.0186622,-104.893367,2174450,14275,669,-474,-42,331.42
05-21.302, 2026-04-01 14:46:04, 2026-04-08 16:59:15.690954, True      ,23.5,15.173,8.59,130.336,302,90,-0.097,0.035,-0.499,0.041,0.282,-0.003,-181,91,-1018,41,281,-3,170,76,467,39.0186545,-104.8933598,2176790,818,32,39.0186679,-104.8933723,2174430,14258,654,-462,-43,331.4
05-21.368, 2026-04-01 14:46:04, 2026-04-08 16:59:15.790508, True      ,23.25,15.256,7.35,112.132,302,90,-0.096,0.056,-0.503,0.019,0.274,-0.052,-176,82,-1066,19,273,-52,170,76,467,39.0186545,-104.8933598,2176790,818,32,39.0186719,-104.8933759,2174410,14234,641,-453,-47,331.11
05-21.447, 2026-04-01 14:46:04, 2026-04-08 16:59:15.892963, True      ,23.25,15.256,7.35,112.132,302,90,-0.093,0.062,-0.506,0.092,0.243,-0.074,-149,84,-1076,92,242,-73,155,76,473,39.0186545,-104.8933598,2176790,818,32,39.0186737,-104.8933776,2174400,14224,635,-446,-47,330.95
05-21.521, 2026-04-01 14:46:04, 2026-04-08 16:59:15.892963, True      ,23.5,15.256,7.35,112.132,302,90,-0.092,0.073,-0.516,-0.063,0.081,-0.08,-173,114,-1026,-62,80,-79,144,80,476,39.0186663,-104.8933705,2176850,785,32,39.0186798,-104.8933831,2174380,14201,612,-433,-48,330.38
05-21.594, 2026-04-01 14:46:04, 2026-04-08 16:59:15.892963, True      ,23.5,15.256,7.35,112.132,302,90,-0.09,0.083,-0.523,0.078,0.098,-0.073,-168,49,-1045,78,97,-72,138,82,477,39.0186663,-104.8933705,2176850,785,32,39.0186839,-104.8933868,2174350,14173,599,-422,-51,329.99
05-21.665, 2026-04-01 14:46:04, 2026-04-08 16:59:16.090955, True      ,23.5,15.256,7.35,112.132,302,90,-0.078,0.091,-0.527,0.159,0.112,-0.031,-167,107,-1187,158,111,-31,138,82,477,39.0186663,-104.8933705,2176850,785,32,39.0186877,-104.8933902,2174340,14167,582,-415,-59,329.79
05-21.739, 2026-04-01 14:46:04, 2026-04-08 16:59:16.190530, True      ,23.5,15.417,3.99,61.514,303,90,-0.081,0.092,-0.526,-0.098,-0.061,0.027,-118,66,-1103,-97,-61,26,132,86,478,39.0186775,-104.8933808,2176950,745,32,39.0186912,-104.8933934,2174340,14161,569,-406,-65,329.86
05-21.812, 2026-04-01 14:46:04, 2026-04-08 16:59:16.190530, True      ,23.5,15.417,3.99,61.514,303,90,-0.083,0.083,-0.523,0.032,-0.166,0.044,-126,80,-983,32,-166,43,130,87,479,39.0186775,-104.8933808,2176950,745,32,39.0186947,-104.8933967,2174330,14159,557,-397,-64,330.11
05-21.889, 2026-04-01 14:46:05, 2026-04-08 16:59:16.291005, True      ,23.25,15.417,3.99,61.514,303,90,-0.071,0.082,-0.518,0.143,0.083,0.059,-155,37,-966,142,82,58,136,88,477,39.018688,-104.8933905,2177090,694,32,39.0186985,-104.8934001,2174340,14167,544,-386,-58,330.35
05-21.957, 2026-04-01 14:46:05, 2026-04-08 16:59:16.390634, True      ,23.25,15.215,7.42,112.895,303,90,-0.073,0.106,-0.512,-0.166,0.401,0.104,-120,69,-1045,-165,400,104,136,88,477,39.018688,-104.8933905,2177090,694,32,39.0187024,-104.8934037,2174360,14184,526,-377,-57,330.73
05-22.034, 2026-04-01 14:46:05, 2026-04-08 16:59:16.490881, True      ,23.25,15.215,7.42,112.895,303,90,-0.078,0.117,-0.508,-0.128,0.263,0.115,-91,65,-1041,-127,261,114,131,90,477,39.018688,-104.8933905,2177090,694,32,39.0187042,-104.8934054,2174370,14190,519,-371,-58,330.94
05-22.105, 2026-04-01 14:46:05, 2026-04-08 16:59:16.490881, True      ,23.25,15.215,7.42,112.895,303,90,-0.079,0.148,-0.504,0.087,0.281,0.026,-127,94,-1051,87,280,25,117,84,481,39.0186977,-104.8933996,2177190,647,32,39.0187087,-104.8934096,2174390,14215,498,-362,-58,331.15
05-22.172, 2026-04-01 14:46:05, 2026-04-08 16:59:16.590503, True      ,23.25,15.34,5.52,84.677,304,90,-0.07,0.16,-0.504,0.192,0.055,-0.009,-145,85,-992,191,54,-8,117,84,481,39.0186977,-104.8933996,2177190,647,32,39.0187116,-104.8934123,2174410,14234,482,-349,-56,331.11
05-22.255, 2026-04-01 14:46:05, 2026-04-08 16:59:16.690938, True      ,23.25,15.34,5.52,84.677,304,90,-0.067,0.164,-0.506,0.171,0.203,-0.078,-150,22,-1058,170,202,-77,102,86,485,39.0186977,-104.8933996,2177190,647,32,39.0187129,-104.8934137,2174420,14242,472,-345,-56,330.91
05-22.329, 2026-04-01 14:46:05, 2026-04-08 16:59:16.790529, True      ,23.25,15.558,2.7,42.007,304,90,-0.055,0.205,-0.52,0.294,-0.076,-0.079,-37,70,-1059,294,-76,-79,89,93,486,39.0187068,-104.8934083,2177310,618,32,39.0187176,-104.8934182,2174460,14281,443,-330,-67,330.18
05-22.403, 2026-04-01 14:46:05, 2026-04-08 16:59:16.790529, True      ,23.25,15.558,2.7,42.007,304,90,-0.036,0.176,-0.524,0.171,-0.447,-0.046,-103,-6,-940,171,-447,-45,77,103,488,39.0187068,-104.8934083,2177310,618,32,39.0187207,-104.8934213,2174480,14303,423,-320,-59,329.95
05-22.474, 2026-04-01 14:46:05, 2026-04-08 16:59:16.892906, True      ,23.5,15.558,2.7,42.007,304,90,-0.035,0.149,-0.525,0,-0.318,-0.02,-107,59,-827,0,-318,-19,77,103,488,39.0187068,-104.8934083,2177310,618,32,39.0187232,-104.8934238,2174500,14328,410,-312,-47,329.89
05-22.545, 2026-04-01 14:46:05, 2026-04-08 16:59:16.990491, True      ,23.5,15.083,8.7,131.222,304,90,-0.038,0.151,-0.525,-0.098,0.203,0.006,-103,30,-889,-97,202,5,97,109,480,39.0187153,-104.8934164,2177470,557,32,39.0187256,-104.8934263,2174530,14351,396,-302,-34,329.93
05-22.620, 2026-04-01 14:46:05, 2026-04-08 16:59:16.990491, True      ,23.25,15.083,8.7,131.222,304,90,-0.037,0.17,-0.525,0.094,0.341,-0.016,-95,92,-970,94,339,-16,105,108,478,39.0187153,-104.8934164,2177470,557,32,39.0187278,-104.8934284,2174550,14370,382,-292,-30,329.85
05-22.693, 2026-04-01 14:46:05, 2026-04-08 16:59:16.990491, True      ,23.25,15.083,8.7,131.222,304,90,-0.028,0.191,-0.533,0.083,0.144,-0.097,-109,72,-1024,82,143,-96,91,111,481,39.0187153,-104.8934164,2177470,557,32,39.0187307,-104.8934313,2174570,14392,362,-277,-31,329.42
05-22.761, 2026-04-01 14:46:05, 2026-04-08 16:59:17.190535, True      ,23.25,15.304,7.16,109.577,305,90,-0.017,0.201,-0.54,0.221,0.166,-0.11,-79,63,-1074,220,165,-109,91,111,481,39.0187228,-104.8934239,2177560,503,32,39.0187329,-104.8934335,2174580,14407,344,-259,-31,329
05-22.843, 2026-04-01 14:46:06, 2026-04-08 16:59:17.290937, True      ,23.5,15.304,7.16,109.577,305,90,-0.008,0.205,-0.545,0.329,0.071,-0.118,-123,57,-1096,329,70,-118,79,119,482,39.0187228,-104.8934239,2177560,503,32,39.018734,-104.8934347,2174590,14413,337,-252,-36,328.71
05-22.919, 2026-04-01 14:46:06, 2026-04-08 16:59:17.290937, True      ,23.25,15.304,7.16,109.577,305,90,0.029,0.19,-0.557,0.319,-0.241,-0.092,-55,49,-1100,319,-241,-91,75,133,481,39.0187295,-104.8934308,2177620,453,32,39.0187371,-104.8934377,2174610,14437,313,-224,-39,328.06
05-22.991, 2026-04-01 14:46:06, 2026-04-08 16:59:17.290937, True      ,23.25,15.304,7.16,109.577,305,90,0.036,0.17,-0.563,-0.125,-0.276,-0.059,-137,19,-1014,-124,-276,-59,80,149,475,39.0187295,-104.8934308,2177620,453,32,39.0187392,-104.8934396,2174620,14447,298,-207,-37,327.69
05-23.065, 2026-04-01 14:46:06, 2026-04-08 16:59:17.490916, True      ,23.25,15.304,7.16,109.577,305,90,0.01,0.158,-0.567,-0.458,-0.111,-0.038,-101,61,-979,-457,-112,-37,80,149,475,39.0187295,-104.8934308,2177620,453,32,39.018741,-104.8934413,2174630,14457,287,-196,-34,327.51
05-23.138, 2026-04-01 14:46:06, 2026-04-08 16:59:17.590566, True      ,23.25,15.32,5.95,91.154,305,90,-0.026,0.164,-0.569,-0.563,0.23,-0.035,-126,52,-989,-562,229,-35,92,143,473,39.0187356,-104.8934368,2177700,396,32,39.0187427,-104.8934428,2174640,14461,274,-184,-32,327.39
05-23.211, 2026-04-01 14:46:06, 2026-04-08 16:59:17.590566, True      ,23.25,15.32,5.95,91.154,305,90,-0.05,0.191,-0.57,-0.137,0.417,-0.005,-45,82,-1094,-136,415,-4,89,122,479,39.0187356,-104.8934368,2177700,396,32,39.0187443,-104.8934443,2174640,14466,255,-170,-34,327.3
05-23.282, 2026-04-01 14:46:06, 2026-04-08 16:59:17.690909, True      ,23.25,15.32,5.95,91.154,305,90,-0.039,0.194,-0.571,0.198,-0.149,-0.005,-63,31,-991,198,-149,-5,75,114,485,39.0187409,-104.8934416,2177780,332,32,39.018746,-104.8934458,2174650,14474,241,-159,-35,327.28
05-23.353, 2026-04-01 14:46:06, 2026-04-08 16:59:17.790550, True      ,23.25,15.457,3.8,58.737,305,90,-0.024,0.174,-0.57,0.236,-0.341,0.034,-96,52,-923,236,-341,33,75,114,485,39.0187409,-104.8934416,2177780,332,32,39.0187475,-104.8934471,2174660,14484,227,-148,-29,327.38
05-23.428, 2026-04-01 14:46:06, 2026-04-08 16:59:17.790550, True      ,23.25,15.457,3.8,58.737,305,90,-0.019,0.157,-0.567,0.13,-0.303,0.08,-155,-32,-884,130,-303,80,82,122,482,39.0187409,-104.8934416,2177780,332,32,39.0187485,-104.8934479,2174670,14490,217,-142,-20,327.62
05-23.501, 2026-04-01 14:46:06, 2026-04-08 16:59:17.790550, True      ,23.5,15.457,3.8,58.737,305,90,-0.036,0.164,-0.557,-0.413,0.315,0.1,-174,13,-967,-412,314,100,98,124,475,39.0187456,-104.8934458,2177850,299,32,39.01875,-104.8934493,2174670,14498,195,-131,-15,328.14
05-23.568, 2026-04-01 14:46:06, 2026-04-08 16:59:17.990484, True      ,23.25,15.106,11.01,166.317,306,90,-0.063,0.194,-0.552,-0.229,0.304,0.029,-91,41,-1046,-229,303,28,98,124,475,39.0187456,-104.8934458,2177850,299,32,39.0187513,-104.8934505,2174680,14501,177,-119,-13,328.34
05-23.650, 2026-04-01 14:46:06, 2026-04-08 16:59:18.090519, True      ,23.25,15.106,11.01,166.317,306,90,-0.065,0.198,-0.553,-0.122,0.139,-0.024,-75,67,-1067,-121,137,-23,88,108,481,39.0187456,-104.8934458,2177850,299,32,39.0187518,-104.893451,2174680,14502,169,-114,-14,328.26
05-23.723, 2026-04-01 14:46:06, 2026-04-08 16:59:18.090519, True      ,23.25,15.106,11.01,166.317,306,90,-0.061,0.193,-0.572,0.106,-0.07,-0.227,-110,64,-1050,106,-70,-227,77,101,486,39.0187495,-104.8934493,2177920,234,32,39.0187535,-104.8934525,2174690,14516,136,-97,-13,327.1
05-23.794, 2026-04-01 14:46:06, 2026-04-08 16:59:18.090519, True      ,23.25,15.106,11.01,166.317,306,90,-0.057,0.186,-0.589,0.178,-0.19,-0.273,-97,1,-1099,178,-190,-273,76,107,485,39.0187495,-104.8934493,2177920,234,32,39.0187542,-104.8934532,2174700,14528,121,-88,-14,326.07
05-23.866, 2026-04-01 14:46:07, 2026-04-08 16:59:18.290974, True      ,23.5,15.106,11.01,166.317,306,90,-0.037,0.166,-0.609,0.379,-0.269,-0.259,-95,44,-1040,379,-269,-258,76,107,485,39.0187495,-104.8934493,2177920,234,32,39.0187549,-104.8934539,2174720,14543,104,-76,-15,324.98
05-23.936, 2026-04-01 14:46:07, 2026-04-08 16:59:18.392958, True      ,23.25,15.389,7.53,115.879,307,90,-0.009,0.137,-0.626,0.398,-0.405,-0.197,-104,-23,-1019,398,-405,-197,81,120,483,39.0187525,-104.8934522,2177980,184,32,39.0187556,-104.8934546,2174740,14564,91,-68,-14,324.02
05-24.005, 2026-04-01 14:46:07, 2026-04-08 16:59:18.392958, True      ,23.5,15.389,7.53,115.879,307,90,0.011,0.115,-0.635,0.314,-0.412,-0.126,-60,-12,-1056,314,-412,-126,93,139,477,39.0187525,-104.8934522,2177980,184,32,39.018756,-104.8934551,2174760,14583,81,-61,-17,323.54
05-24.074, 2026-04-01 14:46:07, 2026-04-08 16:59:18.490964, True      ,23.25,15.389,7.53,115.879,307,90,0.028,0.07,-0.642,0.309,-0.688,-0.055,-80,-35,-985,309,-688,-54,93,139,477,39.0187525,-104.8934522,2177980,184,32,39.0187565,-104.8934556,2174780,14606,74,-53,-18,323.19
05-24.143, 2026-04-01 14:46:07, 2026-04-08 16:59:18.590500, True      ,23.25,15.414,6.25,96.337,307,90,0.046,0.031,-0.644,0.163,-0.507,0.033,-113,54,-962,162,-507,33,115,156,466,39.0187548,-104.8934545,2178020,142,32,39.0187569,-104.8934561,2174810,14634,69,-45,-19,323.14
05-24.215, 2026-04-01 14:46:07, 2026-04-08 16:59:18.590500, True      ,23.25,15.414,6.25,96.337,307,90,0.044,0.008,-0.641,-0.123,-0.352,0.076,-63,9,-1075,-122,-352,76,139,167,455,39.0187548,-104.8934545,2178020,142,32,39.0187573,-104.8934564,2174830,14656,67,-39,-18,323.32
05-24.284, 2026-04-01 14:46:07, 2026-04-08 16:59:18.691005, True      ,23.5,15.414,6.25,96.337,307,90,0.031,-0.016,-0.632,-0.171,-0.268,0.142,-75,76,-919,-170,-269,141,159,164,450,39.0187567,-104.8934563,2178070,116,32,39.0187578,-104.8934568,2174860,14680,67,-32,-13,323.83
05-24.352, 2026-04-01 14:46:07, 2026-04-08 16:59:18.790501, True      ,23.5,15.29,6.39,97.703,308,90,0.006,-0.029,-0.624,-0.425,-0.009,0.116,-165,20,-853,-424,-9,116,159,164,450,39.0187567,-104.8934563,2178070,116,32,39.0187583,-104.8934571,2174880,14700,65,-26,-4,324.34
05-24.426, 2026-04-01 14:46:07, 2026-04-08 16:59:18.790501, True      ,23.5,15.29,6.39,97.703,308,90,-0.023,-0.017,-0.618,-0.564,0.305,0.113,-80,-17,-974,-563,304,112,172,150,449,39.0187567,-104.8934563,2178070,116,32,39.0187587,-104.8934572,2174880,14709,63,-19,-3,324.67
05-24.501, 2026-04-01 14:46:07, 2026-04-08 16:59:18.790501, True      ,23.5,15.29,6.39,97.703,308,90,-0.051,0,-0.608,-0.185,0.039,0.107,-54,45,-998,-184,38,106,168,127,457,39.0187584,-104.8934575,2178110,96,32,39.0187592,-104.8934575,2174900,14721,60,-18,-1,325.22
05-24.567, 2026-04-01 14:46:07, 2026-04-08 16:59:18.990478, True      ,23.5,15.217,7.08,107.736,308,90,-0.057,-0.007,-0.607,-0.014,-0.095,-0.064,-119,27,-943,-13,-95,-64,168,127,457,39.0187584,-104.8934575,2178110,96,32,39.0187597,-104.8934578,2174900,14729,55,-14,3,325.2
05-24.647, 2026-04-01 14:46:07, 2026-04-08 16:59:19.090517, True      ,23.5,15.217,7.08,107.736,308,90,-0.057,-0.009,-0.61,-0.055,-0.004,-0.14,-67,16,-934,-54,-4,-140,166,116,461,39.0187584,-104.8934575,2178110,96,32,39.0187599,-104.8934579,2174910,14732,53,-11,5,324.91
05-24.723, 2026-04-01 14:46:07, 2026-04-08 16:59:19.090517, True      ,23.5,15.217,7.08,107.736,308,90,-0.081,0.003,-0.648,-0.257,0.185,-0.462,-108,82,-984,-256,184,-461,168,113,459,39.0187599,-104.8934584,2178130,92,32,39.0187605,-104.8934581,2174910,14737,44,-9,8,322.56
05-24.794, 2026-04-01 14:46:07, 2026-04-08 16:59:19.090517, True      ,23.25,15.217,7.08,107.736,308,90,-0.088,0.015,-0.698,0.023,0.206,-0.71,-64,35,-1011,23,205,-709,154,111,464,39.0187599,-104.8934584,2178130,92,32,39.0187609,-104.8934584,2174920,14743,41,-7,9,319.57
05-24.863, 2026-04-01 14:46:08, 2026-04-08 16:59:19.290962, True      ,23.25,15.217,7.08,107.736,308,90,-0.074,0.021,-0.759,0.268,0.106,-0.886,-79,-11,-1023,268,105,-886,154,111,464,39.0187599,-104.8934584,2178130,92,32,39.0187612,-104.8934585,2174920,14745,34,-5,8,315.99
05-24.928, 2026-04-01 14:46:08, 2026-04-08 16:59:19.290962, True      ,23.25,15.217,7.08,107.736,308,90,-0.059,0.024,-0.821,0.167,0.102,-0.908,-112,36,-1021,167,101,-907,135,124,468,39.0187612,-104.8934593,2178120,69,32,39.0187615,-104.8934587,2174930,14751,27,-2,5,312.46
05-24.995, 2026-04-01 14:46:08, 2026-04-08 16:59:19.290962, True      ,23.25,15.217,7.08,107.736,308,90,-0.043,0.024,-0.881,0.352,0.007,-0.923,-69,21,-1059,351,6,-923,117,146,467,39.0187612,-104.8934593,2178120,69,32,39.0187617,-104.8934588,2174930,14757,24,1,2,309.3
05-25.064, 2026-04-01 14:46:08, 2026-04-08 16:59:19.490919, True      ,23.25,15.217,7.08,107.736,308,90,-0.01,0.018,-0.946,0.581,-0.107,-1.003,-53,21,-1009,581,-107,-1002,117,146,467,39.0187612,-104.8934593,2178120,69,32,39.0187619,-104.8934589,2174940,14766,21,5,1,305.22
05-25.131, 2026-04-01 14:46:08, 2026-04-08 16:59:19.590578, True      ,23.25,15.372,7.87,120.978,309,90,0.025,0.008,-1.015,0.442,-0.142,-0.99,-80,4,-946,441,-142,-989,99,174,462,39.0187621,-104.89346,2178110,46,32,39.0187622,-104.893459,2174960,14782,19,10,1,301.33
05-25.196, 2026-04-01 14:46:08, 2026-04-08 16:59:19.590578, True      ,23.25,15.372,7.87,120.978,309,90,0.036,0.002,-1.08,-0.062,-0.116,-0.875,-120,-50,-974,-61,-116,-875,85,206,452,39.0187621,-104.89346,2178110,46,32,39.0187624,-104.893459,2174970,14797,19,13,1,297.53
05-25.263, 2026-04-01 14:46:08, 2026-04-08 16:59:19.690875, True      ,23.25,15.372,7.87,120.978,309,90,0.017,-0.012,-1.13,-0.385,-0.399,-0.761,-40,-30,-1017,-384,-399,-761,85,206,452,39.0187621,-104.89346,2178110,46,32,39.0187625,-104.893459,2174980,14806,19,19,2,294.81
05-25.332, 2026-04-01 14:46:08, 2026-04-08 16:59:19.790520, True      ,23.25,15.178,6.95,105.487,310,90,-0.01,-0.048,-1.181,-0.469,-0.581,-0.734,-137,-11,-913,-468,-581,-733,74,214,449,39.0187628,-104.8934604,2178120,39,32,39.0187627,-104.893459,2174990,14818,19,21,6,291.94
05-25.399, 2026-04-01 14:46:08, 2026-04-08 16:59:19.790520, True      ,23.25,15.178,6.95,105.487,310,90,-0.043,-0.075,-1.231,-0.53,-0.285,-0.711,-107,63,-910,-529,-285,-710,79,200,451,39.0187628,-104.8934604,2178120,39,32,39.0187629,-104.893459,2175000,14826,19,22,11,288.96
05-25.470, 2026-04-01 14:46:08, 2026-04-08 16:59:19.892938, True      ,23.5,15.178,6.95,105.487,310,90,-0.067,-0.093,-1.284,-0.302,-0.17,-0.773,-89,19,-971,-302,-170,-772,79,200,451,39.0187628,-104.8934604,2178120,39,32,39.0187631,-104.8934589,2175000,14828,20,21,13,286.09
05-25.540, 2026-04-01 14:46:08, 2026-04-08 16:59:19.990477, True      ,23.5,15.123,9.71,146.844,310,90,-0.07,-0.103,-1.338,-0.084,-0.118,-0.788,-84,43,-1026,-83,-118,-788,81,183,458,39.0187635,-104.8934605,2178120,35,32,39.0187633,-104.893459,2175000,14829,16,22,13,282.94
05-25.610, 2026-04-01 14:46:08, 2026-04-08 16:59:19.990477, True      ,23.25,15.123,9.71,146.844,310,90,-0.064,-0.114,-1.384,0.01,-0.183,-0.766,-142,15,-992,10,-183,-766,70,179,462,39.0187635,-104.8934605,2178120,35,32,39.0187635,-104.8934589,2175000,14829,14,18,12,280.16
05-25.682, 2026-04-01 14:46:08, 2026-04-08 16:59:20.090554, True      ,23.25,15.123,9.71,146.844,310,90,-0.06,-0.127,-1.446,-0.109,-0.081,-0.781,-86,-37,-1000,-108,-82,-780,64,183,461,39.0187635,-104.8934605,2178120,35,32,39.0187636,-104.8934589,2175000,14829,11,17,11,276.69
05-25.752, 2026-04-01 14:46:08, 2026-04-08 16:59:20.190541, True      ,23.25,15.083,9.06,136.652,311,90,-0.071,-0.123,-1.499,-0.295,0.153,-0.726,-121,-56,-975,-294,152,-725,64,183,461,39.0187641,-104.8934604,2178100,33,32,39.0187638,-104.8934589,2175010,14830,5,11,13,273.6
05-25.825, 2026-04-01 14:46:09, 2026-04-08 16:59:20.190541, True      ,23.5,15.083,9.06,136.652,311,90,-0.079,-0.115,-1.535,-0.241,0.245,-0.678,-118,-58,-987,-240,244,-677,49,180,463,39.0187641,-104.8934604,2178100,33,32,39.0187639,-104.8934589,2175010,14831,3,10,12,271.6
05-25.895, 2026-04-01 14:46:09, 2026-04-08 16:59:20.190541, True      ,23.5,15.083,9.06,136.652,311,90,-0.075,-0.1,-1.592,0.09,0.141,-0.598,-77,-29,-1011,90,141,-597,27,173,466,39.0187646,-104.8934603,2178070,22,32,39.018764,-104.893459,2175010,14834,-5,5,12,268.43
05-25.961, 2026-04-01 14:46:09, 2026-04-08 16:59:20.392832, True      ,23.5,15.105,8.36,126.278,311,90,-0.058,-0.096,-1.637,0.188,0.075,-0.629,-56,-38,-998,188,74,-628,27,173,466,39.0187646,-104.8934603,2178070,22,32,39.018764,-104.8934591,2175010,14838,-10,5,13,265.82
05-26.037, 2026-04-01 14:46:09, 2026-04-08 16:59:20.491038, True      ,23.5,15.105,8.36,126.278,311,90,-0.052,-0.093,-1.661,0.082,0.076,-0.628,-117,-48,-981,82,75,-628,7,177,466,39.0187646,-104.8934603,2178070,22,32,39.018764,-104.8934592,2175020,14842,-12,3,13,264.34
05-26.106, 2026-04-01 14:46:09, 2026-04-08 16:59:20.491038, True      ,23.25,15.105,8.36,126.278,311,90,-0.041,-0.08,-1.736,0.112,0.184,-0.687,-94,-27,-953,112,183,-687,-7,182,462,39.0187648,-104.8934604,2178050,7,32,39.018764,-104.8934593,2175020,14846,-20,4,17,260.13
05-26.170, 2026-04-01 14:46:09, 2026-04-08 16:59:20.590509, True      ,23.5,15.238,6.01,91.58,312,90,-0.031,-0.067,-1.781,0.143,0.243,-0.771,-103,-52,-916,143,242,-770,-7,182,462,39.0187648,-104.8934604,2178050,7,32,39.0187639,-104.8934594,2175020,14848,-22,4,20,257.6
05-26.248, 2026-04-01 14:46:09, 2026-04-08 16:59:20.690947, True      ,23.5,15.238,6.01,91.58,312,90,-0.024,-0.06,-1.803,0.132,0.252,-0.797,-81,-42,-924,132,251,-796,-33,184,462,39.0187648,-104.8934604,2178050,7,32,39.0187639,-104.8934594,2175020,14847,-23,4,23,256.13
05-26.318, 2026-04-01 14:46:09, 2026-04-08 16:59:20.690947, True      ,23.5,15.238,6.01,91.58,312,90,0.011,-0.046,-1.912,0.303,0.071,-0.945,-60,-81,-846,303,70,-945,-58,188,458,39.0187648,-104.8934604,2178020,7,32,39.0187638,-104.8934595,2175010,14830,-26,4,38,250.05
05-26.392, 2026-04-01 14:46:09, 2026-04-08 16:59:20.690947, True      ,23.5,15.238,6.01,91.58,312,90,0.032,-0.041,-1.978,0.253,0.033,-0.982,-101,-50,-870,253,32,-981,-81,194,452,39.0187648,-104.8934604,2178020,7,32,39.0187637,-104.8934595,2174990,14813,-24,4,47,246.11
05-26.462, 2026-04-01 14:46:09, 2026-04-08 16:59:20.892878, True      ,23.5,15.238,6.01,91.58,312,90,0.048,-0.034,-2.048,0.117,0.043,-0.959,-67,-28,-873,117,42,-958,-81,194,452,39.0187648,-104.8934604,2178020,7,32,39.0187636,-104.8934595,2174960,14785,-26,8,57,242.11
05-26.532, 2026-04-01 14:46:09, 2026-04-08 16:59:20.990513, True      ,23.5,15.251,5.71,87.083,312,90,0.054,-0.034,-2.113,0.051,-0.12,-0.966,-86,-34,-860,51,-120,-965,-102,195,446,39.0187646,-104.8934603,2177950,13,32,39.0187636,-104.8934595,2174930,14751,-21,8,64,238.34
05-26.603, 2026-04-01 14:46:09, 2026-04-08 16:59:20.990513, True      ,23.5,15.251,5.71,87.083,312,90,0.052,-0.039,-2.185,-0.187,-0.2,-1.045,-82,-71,-887,-186,-200,-1045,-121,188,445,39.0187646,-104.8934603,2177950,13,32,39.0187635,-104.8934595,2174880,14709,-21,9,72,234.06
05-26.673, 2026-04-01 14:46:09, 2026-04-08 16:59:21.091031, True      ,23.5,15.251,5.71,87.083,312,90,0.045,-0.043,-2.265,-0.128,-0.025,-1.107,-89,-48,-899,-127,-24,-1106,-121,188,445,39.0187646,-104.8934603,2177950,13,32,39.0187635,-104.8934595,2174840,14663,-17,9,80,229.77
05-26.742, 2026-04-01 14:46:09, 2026-04-08 16:59:21.190512, True      ,23.5,15.252,5.79,88.309,313,90,0.04,-0.038,-2.339,-0.175,0.012,-1.111,-99,-41,-906,-174,11,-1111,-131,170,446,39.0187644,-104.8934602,2177840,12,32,39.0187635,-104.8934595,2174780,14608,-16,9,86,225.34
05-26.818, 2026-04-01 14:46:09, 2026-04-08 16:59:21.190512, True      ,23.5,15.252,5.79,88.309,313,90,0.029,-0.042,-2.407,-0.219,-0.21,-1.116,-39,-85,-889,-218,-210,-1116,-151,147,450,39.0187644,-104.8934602,2177840,12,32,39.0187634,-104.8934594,2174730,14554,-16,10,93,221.34
05-26.888, 2026-04-01 14:46:10, 2026-04-08 16:59:21.190512, True      ,23.5,15.252,5.79,88.309,313,90,0.011,-0.065,-2.507,-0.291,-0.241,-1.099,-49,-50,-869,-290,-241,-1098,-157,118,453,39.0187642,-104.89346,2177690,17,32,39.0187634,-104.8934593,2174650,14473,-16,13,103,215.73
05-26.954, 2026-04-01 14:46:10, 2026-04-08 16:59:21.390637, True      ,23.5,15.174,6.07,92.106,313,90,0.004,-0.071,-2.587,-0.103,-0.058,-1.108,-63,-64,-873,-102,-58,-1107,-157,118,453,39.0187642,-104.89346,2177690,17,32,39.0187633,-104.8934593,2174570,14398,-17,10,112,211.15
05-27.029, 2026-04-01 14:46:10, 2026-04-08 16:59:21.390637, True      ,23.5,15.174,6.07,92.106,313,90,0.006,-0.07,-2.628,-0.004,0.012,-1.106,-68,-80,-881,-3,11,-1105,-162,89,460,39.0187642,-104.89346,2177690,17,32,39.0187633,-104.8934592,2174530,14356,-19,11,117,208.66
05-27.097, 2026-04-01 14:46:10, 2026-04-08 16:59:21.390637, True      ,23.5,15.174,6.07,92.106,313,90,0.014,-0.066,-2.732,-0.04,-0.078,-1.001,-3,-75,-899,-39,-78,-1000,-170,69,459,39.0187642,-104.8934596,2177510,21,32,39.0187632,-104.893459,2174430,14252,-23,13,128,202.75
05-27.162, 2026-04-01 14:46:10, 2026-04-08 16:59:21.590540, True      ,23.5,15.057,7.15,107.658,313,90,0.006,-0.066,-2.791,-0.238,0.039,-0.914,-24,-108,-914,-237,38,-913,-170,69,459,39.0187642,-104.8934596,2177510,21,32,39.0187632,-104.8934589,2174370,14194,-26,16,134,199.56
05-27.237, 2026-04-01 14:46:10, 2026-04-08 16:59:21.690967, True      ,23.5,15.057,7.15,107.658,313,90,0.001,-0.06,-2.824,-0.199,0.138,-0.866,-12,-48,-917,-199,137,-865,-176,46,457,39.0187642,-104.8934596,2177510,21,32,39.0187631,-104.8934588,2174340,14163,-29,18,134,197.58
05-27.306, 2026-04-01 14:46:10, 2026-04-08 16:59:21.690967, True      ,23.25,15.057,7.15,107.658,313,90,-0.004,-0.047,-2.912,-0.055,0.068,-0.775,7,-58,-904,-54,67,-774,-185,23,457,39.018764,-104.8934591,2177250,30,32,39.0187629,-104.8934585,2174250,14076,-35,23,143,192.6
05-27.371, 2026-04-01 14:46:10, 2026-04-08 16:59:21.790524, True      ,23.5,15.228,4.48,68.221,314,90,-0.002,-0.039,-2.96,0.119,0.182,-0.757,-44,-71,-866,119,182,-757,-185,23,457,39.018764,-104.8934591,2177250,30,32,39.0187628,-104.8934583,2174220,14048,-37,25,148,190.1
05-27.450, 2026-04-01 14:46:10, 2026-04-08 16:59:21.891022, True      ,23.25,15.228,4.48,68.221,314,90,0.004,-0.031,-2.98,0.186,0.25,-0.74,-11,-111,-887,186,249,-740,-193,6,455,39.018764,-104.8934591,2177250,30,32,39.0187627,-104.8934582,2174210,14030,-37,25,154,188.76
05-27.519, 2026-04-01 14:46:10, 2026-04-08 16:59:21.891022, True      ,23.5,15.228,4.48,68.221,314,90,0.05,-0.02,-3.061,0.469,-0.111,-0.605,-10,-62,-855,469,-111,-605,-202,0,451,39.0187635,-104.8934585,2176970,39,32,39.0187624,-104.8934578,2174130,13957,-41,28,167,184.39
05-27.590, 2026-04-01 14:46:10, 2026-04-08 16:59:21.891022, True      ,23.5,15.228,4.48,68.221,314,90,0.076,-0.007,-3.094,0.27,0.312,-0.483,2,-101,-880,270,311,-483,-206,4,452,39.0187635,-104.8934585,2176970,39,32,39.0187621,-104.8934575,2174110,13933,-42,28,172,182.48
05-27.659, 2026-04-01 14:46:10, 2026-04-08 16:59:22.090532, True      ,23.5,15.228,4.48,68.221,314,90,0.095,0.017,-3.122,0.288,0.226,-0.374,50,-94,-965,288,225,-374,-206,4,452,39.0187635,-104.8934585,2176970,39,32,39.0187619,-104.8934572,2174060,13882,-42,26,178,180.98
05-27.730, 2026-04-01 14:46:10, 2026-04-08 16:59:22.190528, True      ,23.5,15.352,5.11,78.449,314,90,0.109,0.034,-3.14,0.137,0.197,-0.278,24,-89,-930,137,196,-277,-217,9,447,39.0187629,-104.8934578,2176640,45,32,39.0187617,-104.893457,2174020,13841,-41,27,183,179.95
05-27.800, 2026-04-01 14:46:10, 2026-04-08 16:59:22.190528, True      ,23.25,15.352,5.11,78.449,314,90,0.109,0.05,3.131,-0.016,0.179,-0.172,27,-103,-940,-15,178,-171,-229,12,442,39.0187629,-104.8934578,2176640,45,32,39.0187615,-104.8934568,2173950,13778,-41,25,190,179.27
05-27.872, 2026-04-01 14:46:11, 2026-04-08 16:59:22.290961, True      ,23.5,15.352,5.11,78.449,314,90,0.118,0.061,3.125,0.145,0.147,-0.047,-8,-124,-791,145,146,-46,-229,12,442,39.0187629,-104.8934578,2176640,45,32,39.0187613,-104.8934566,2173880,13707,-38,23,199,179.07
05-27.941, 2026-04-01 14:46:11, 2026-04-08 16:59:22.390558, True      ,23.25,15.271,6.1,93.153,315,90,0.124,0.072,3.128,0.082,0.173,0.044,45,-81,-911,82,173,44,-237,12,437,39.0187623,-104.8934572,2176300,44,32,39.0187611,-104.8934564,2173800,13626,-34,18,208,179.3
05-28.012, 2026-04-01 14:46:11, 2026-04-08 16:59:22.390558, True      ,23.5,15.271,6.1,93.153,315,90,0.137,0.079,3.134,0.26,0.091,0.086,32,-63,-909,260,90,85,-244,15,433,39.0187623,-104.8934572,2176300,44,32,39.0187609,-104.8934563,2173720,13540,-34,13,211,179.64
05-28.082, 2026-04-01 14:46:11, 2026-04-08 16:59:22.490499, True      ,23.5,15.271,6.1,93.153,315,90,0.144,0.091,-3.138,-0.037,0.179,0.125,59,-84,-959,-36,179,124,-247,24,427,39.0187623,-104.8934572,2176300,44,32,39.0187608,-104.8934562,2173600,13428,-29,10,223,180.3
05-28.150, 2026-04-01 14:46:11, 2026-04-08 16:59:22.590592, True      ,23.5,15.052,9.05,136.221,315,90,0.141,0.1,-3.125,-0.029,0.116,0.178,24,-101,-951,-28,115,177,-247,24,427,39.0187618,-104.8934567,2175880,24,32,39.0187607,-104.8934561,2173490,13313,-25,6,224,181.1
05-28.221, 2026-04-01 14:46:11, 2026-04-08 16:59:22.590592, True      ,23.5,15.052,9.05,136.221,315,90,0.139,0.104,-3.114,-0.122,0.109,0.211,31,-118,-976,-121,108,210,-254,27,422,39.0187618,-104.8934567,2175880,24,32,39.0187606,-104.8934561,2173400,13228,-21,3,226,181.73
05-28.291, 2026-04-01 14:46:11, 2026-04-08 16:59:22.590592, True      ,23.5,15.052,9.05,136.221,315,90,0.129,0.106,-3.093,-0.143,0.072,0.232,49,-124,-985,-143,71,232,-257,28,418,39.0187615,-104.8934564,2175420,20,32,39.0187606,-104.8934561,2173260,13080,-14,0,225,182.95
05-28.363, 2026-04-01 14:46:11, 2026-04-08 16:59:22.790507, True      ,23.5,14.984,8.85,132.608,316,90,0.117,0.105,-3.077,-0.128,-0.037,0.19,18,-97,-995,-127,-37,189,-257,28,418,39.0187615,-104.8934564,2175420,20,32,39.0187606,-104.8934561,2173120,12944,-10,-2,227,183.78
05-28.440, 2026-04-01 14:46:11, 2026-04-08 16:59:22.891025, True      ,23.5,14.984,8.85,132.608,316,90,0.116,0.1,-3.071,0.004,-0.125,0.162,35,-106,-994,4,-125,161,-257,27,417,39.0187615,-104.8934564,2175420,20,32,39.0187606,-104.8934562,2173050,12876,-6,-5,228,184.13
05-28.510, 2026-04-01 14:46:11, 2026-04-08 16:59:22.891025, True      ,23.5,14.984,8.85,132.608,316,90,0.11,0.085,-3.053,-0.141,-0.119,0.194,26,-100,-1076,-140,-119,193,-251,29,419,39.0187613,-104.8934561,2174940,9,32,39.0187607,-104.8934562,2172850,12677,2,-8,223,185.18
05-28.572, 2026-04-01 14:46:11, 2026-04-08 16:59:22.990506, True      ,23.5,14.945,9.13,136.448,316,90,0.1,0.076,-3.042,-0.162,-0.171,0.162,46,-88,-1056,-161,-170,162,-247,27,423,39.0187613,-104.8934561,2174940,9,32,39.0187608,-104.8934562,2172740,12566,6,-10,222,185.8
05-28.650, 2026-04-01 14:46:11, 2026-04-08 16:59:23.090506, True      ,23.5,14.945,9.13,136.448,316,90,0.097,0.072,-3.039,-0.1,-0.164,0.152,-13,-76,-1014,-99,-164,152,-247,27,423,39.0187613,-104.8934561,2174940,9,32,39.0187608,-104.8934562,2172700,12528,6,-11,220,185.96
05-28.721, 2026-04-01 14:46:11, 2026-04-08 16:59:23.090506, True      ,23.5,14.945,9.13,136.448,316,90,0.079,0.065,-3.024,-0.162,0.03,0.121,-19,-137,-1053,-162,30,120,-240,25,426,39.0187613,-104.893456,2174480,6,32,39.018761,-104.8934563,2172500,12325,13,-10,218,186.82
05-28.791, 2026-04-01 14:46:11, 2026-04-08 16:59:23.090506, True      ,23.5,14.945,9.13,136.448,316,90,0.077,0.069,-3.016,-0.009,0.05,0.103,-5,-152,-1023,-9,49,103,-240,22,428,39.0187613,-104.893456,2174480,6,32,39.0187611,-104.8934564,2172390,12215,15,-9,215,187.28
05-28.868, 2026-04-01 14:46:12, 2026-04-08 16:59:23.290936, True      ,23.5,14.945,9.13,136.448,316,90,0.073,0.063,-3.011,-0.05,-0.105,0.038,1,-65,-1041,-49,-104,37,-240,22,428,39.0187613,-104.893456,2174480,6,32,39.0187613,-104.8934564,2172270,12098,21,-6,210,187.49
05-28.937, 2026-04-01 14:46:12, 2026-04-08 16:59:23.390584, True      ,23.5,15.021,7.31,109.804,317,90,0.071,0.045,-3.015,0.021,-0.361,-0.063,14,-84,-1093,21,-360,-63,-240,22,427,39.0187615,-104.893456,2174010,17,32,39.0187615,-104.8934564,2172160,11986,23,-4,203,187.2
05-29.007, 2026-04-01 14:46:12, 2026-04-08 16:59:23.390584, True      ,23.5,15.021,7.31,109.804,317,90,0.07,0.018,-3.022,0.01,-0.508,-0.082,47,-123,-1098,10,-507,-82,-232,20,433,39.0187615,-104.893456,2174010,17,32,39.0187617,-104.8934563,2172070,11896,22,-4,198,186.77
05-29.075, 2026-04-01 14:46:12, 2026-04-08 16:59:23.490480, True      ,23.5,15.021,7.31,109.804,317,90,0.079,-0.012,-3.029,0.168,-0.38,-0.04,-7,-108,-975,168,-379,-39,-232,20,433,39.0187615,-104.893456,2174010,17,32,39.0187618,-104.8934563,2171980,11808,22,-4,199,186.44
05-29.143, 2026-04-01 14:46:12, 2026-04-08 16:59:23.590502, True      ,23.5,15.103,6.3,95.149,317,90,0.086,-0.022,-3.029,0.063,-0.01,0.023,23,-97,-949,62,-10,23,-212,20,445,39.0187618,-104.8934558,2173560,23,32,39.018762,-104.8934563,2171890,11716,18,-2,200,186.48
05-29.213, 2026-04-01 14:46:12, 2026-04-08 16:59:23.590502, True      ,23.5,15.103,6.3,95.149,317,90,0.091,-0.013,-3.024,0.107,0.22,0.082,1,-26,-958,107,219,82,-202,25,450,39.0187618,-104.8934558,2173560,23,32,39.0187621,-104.8934562,2171800,11628,18,-3,202,186.83
05-29.282, 2026-04-01 14:46:12, 2026-04-08 16:59:23.690903, True      ,23.5,15.103,6.3,95.149,317,90,0.093,0.011,-3.013,-0.049,0.404,0.114,30,-132,-986,-48,403,113,-210,30,445,39.0187622,-104.8934555,2173130,23,32,39.0187623,-104.8934561,2171690,11515,17,-4,204,187.5
05-29.349, 2026-04-01 14:46:12, 2026-04-08 16:59:23.790467, True      ,23.5,15.098,7.65,115.5,318,90,0.096,0.039,-3.002,0.175,0.312,0.103,45,-101,-978,175,311,103,-210,30,445,39.0187622,-104.8934555,2173130,23,32,39.0187624,-104.8934561,2171580,11407,16,-6,203,188.11
05-29.421, 2026-04-01 14:46:12, 2026-04-08 16:59:23.790467, True      ,23.5,15.098,7.65,115.5,318,90,0.107,0.04,-2.997,0.188,-0.053,0.077,8,-84,-997,188,-53,76,-226,35,437,39.0187622,-104.8934555,2173130,23,32,39.0187625,-104.893456,2171510,11331,13,-4,204,188.32
05-29.491, 2026-04-01 14:46:12, 2026-04-08 16:59:23.790467, True      ,23.5,15.098,7.65,115.5,318,90,0.106,0.032,-2.993,-0.033,-0.061,0.05,11,-147,-1028,-33,-61,49,-224,40,432,39.0187626,-104.8934554,2172680,18,32,39.0187626,-104.893456,2171370,11198,15,-4,204,188.55
05-29.557, 2026-04-01 14:46:12, 2026-04-08 16:59:23.990556, True      ,23.5,14.85,9.87,146.569,318,90,0.105,0.029,-2.989,0.03,0.004,0.041,43,-124,-1066,30,4,40,-224,40,432,39.0187626,-104.8934554,2172680,18,32,39.0187627,-104.8934559,2171260,11083,16,-6,200,188.77
05-29.630, 2026-04-01 14:46:12, 2026-04-08 16:59:24.090538, True      ,23.5,14.85,9.87,146.569,318,90,0.106,0.029,-2.987,-0.026,-0.012,0.051,15,-115,-1064,-25,-12,50,-222,40,434,39.0187626,-104.8934554,2172680,18,32,39.0187628,-104.8934559,2171200,11027,16,-7,194,188.87
05-29.700, 2026-04-01 14:46:12, 2026-04-08 16:59:24.090538, True      ,23.5,14.85,9.87,146.569,318,90,0.102,0.021,-2.984,-0.006,-0.191,0.027,11,-134,-1122,-5,-191,26,-220,40,433,39.0187628,-104.8934553,2172230,13,32,39.018763,-104.8934559,2171060,10887,13,-7,186,188.99
05-29.764, 2026-04-01 14:46:12, 2026-04-08 16:59:24.190528, True      ,23.5,14.84,9.97,147.955,319,90,0.105,0.009,-2.987,0.035,-0.134,-0.043,14,-139,-1062,35,-134,-43,-220,40,433,39.0187628,-104.8934553,2172230,13,32,39.0187631,-104.8934559,2170970,10798,14,-10,177,188.81
05-29.839, 2026-04-01 14:46:13, 2026-04-08 16:59:24.290526, True      ,23.5,14.84,9.97,147.955,319,90,0.106,0.007,-2.99,-0.058,-0.06,-0.074,24,-70,-1093,-58,-59,-74,-214,41,438,39.0187628,-104.8934553,2172230,13,32,39.0187631,-104.8934559,2170930,10759,13,-11,174,188.66
05-29.910, 2026-04-01 14:46:13, 2026-04-08 16:59:24.290526, True      ,23.25,14.84,9.97,147.955,319,90,0.095,0.011,-2.999,-0.221,0.087,-0.101,24,-103,-1079,-221,86,-100,-211,40,438,39.018763,-104.8934552,2171810,10,32,39.0187632,-104.8934559,2170800,10623,11,-13,163,188.12
05-29.971, 2026-04-01 14:46:13, 2026-04-08 16:59:24.392820, True      ,23.5,14.793,11.11,164.35,319,90,0.084,0.021,-3.006,-0.12,0.15,-0.129,19,-68,-1079,-120,149,-128,-214,32,437,39.018763,-104.8934552,2171810,10,32,39.0187633,-104.893456,2170710,10538,10,-15,153,187.67
05-30.046, 2026-04-01 14:46:13, 2026-04-08 16:59:24.490905, True      ,23.5,14.793,11.11,164.35,319,90,0.082,0.023,-3.008,-0.082,0.14,-0.134,30,-103,-1103,-81,140,-134,-214,32,437,39.018763,-104.8934552,2171810,10,32,39.0187633,-104.893456,2170690,10516,12,-13,152,187.56
05-30.114, 2026-04-01 14:46:13, 2026-04-08 16:59:24.490905, True      ,23.5,14.793,11.11,164.35,319,90,0.081,0.034,-3.021,0.004,0.03,-0.104,25,-115,-1098,3,29,-104,-221,25,436,39.0187632,-104.8934551,2171430,14,32,39.0187634,-104.893456,2170560,10380,10,-15,140,186.88
05-30.178, 2026-04-01 14:46:13, 2026-04-08 16:59:24.590520, True      ,23.5,14.793,11.76,173.966,320,90,0.077,0.038,-3.027,-0.062,0.069,-0.087,13,-140,-1113,-61,68,-87,-224,22,435,39.0187632,-104.8934551,2171430,14,32,39.0187635,-104.893456,2170480,10304,11,-13,129,186.55
05-30.254, 2026-04-01 14:46:13, 2026-04-08 16:59:24.690933, True      ,23.5,14.793,11.76,173.966,320,90,0.077,0.039,-3.028,-0.046,0.057,-0.079,42,-84,-1137,-46,56,-79,-224,22,435,39.0187632,-104.8934551,2171430,14,32,39.0187635,-104.893456,2170450,10279,12,-15,127,186.45
05-30.322, 2026-04-01 14:46:13, 2026-04-08 16:59:24.690933, True      ,23.5,14.793,11.76,173.966,320,90,0.082,0.033,-3.037,-0.04,-0.011,-0.061,23,-81,-1129,-40,-10,-61,-224,19,434,39.0187634,-104.8934552,2171090,8,32,39.0187636,-104.8934561,2170330,10154,14,-14,112,185.97
05-30.393, 2026-04-01 14:46:13, 2026-04-08 16:59:24.690933, True      ,23.5,14.793,11.76,173.966,320,90,0.08,0.031,-3.041,-0.016,-0.096,-0.064,40,-86,-1137,-16,-96,-64,-224,20,436,39.0187634,-104.8934552,2171090,8,32,39.0187637,-104.8934561,2170260,10086,16,-12,104,185.73
05-30.463, 2026-04-01 14:46:13, 2026-04-08 16:59:24.892841, True      ,23.5,14.793,11.76,173.966,320,90,0.08,0.024,-3.046,0.025,-0.079,-0.054,14,-116,-1081,25,-79,-54,-224,20,436,39.0187634,-104.8934552,2171090,8,32,39.0187638,-104.8934562,2170190,10018,16,-14,98,185.43
05-30.532, 2026-04-01 14:46:13, 2026-04-08 16:59:24.990503, True      ,23.5,14.903,10.4,154.991,321,90,0.08,0.019,-3.051,-0.025,-0.066,-0.065,14,-76,-1065,-24,-66,-64,-220,18,438,39.0187636,-104.8934554,2170790,21,32,39.0187639,-104.8934562,2170130,9957,16,-14,91,185.16
05-30.601, 2026-04-01 14:46:13, 2026-04-08 16:59:24.990503, True      ,23.5,14.903,10.4,154.991,321,90,0.08,0.011,-3.058,0.01,-0.204,-0.107,52,-26,-1113,9,-203,-106,-218,16,440,39.0187636,-104.8934554,2170790,21,32,39.018764,-104.8934563,2170070,9892,16,-15,85,184.7
05-30.670, 2026-04-01 14:46:13, 2026-04-08 16:59:25.090501, True      ,23.5,14.903,10.4,154.991,321,90,0.078,-0.001,-3.067,-0.083,-0.111,-0.117,-6,-73,-1057,-82,-111,-117,-218,16,440,39.0187636,-104.8934554,2170790,21,32,39.0187641,-104.8934564,2170010,9836,16,-17,82,184.2
05-30.739, 2026-04-01 14:46:13, 2026-04-08 16:59:25.190511, True      ,23.5,14.985,9.59,143.706,322,90,0.073,-0.007,-3.078,-0.027,-0.145,-0.153,5,-56,-1091,-26,-145,-153,-211,14,444,39.0187639,-104.8934557,2170520,20,32,39.0187642,-104.8934565,2169950,9773,14,-19,76,183.56
05-30.810, 2026-04-01 14:46:13, 2026-04-08 16:59:25.190511, True      ,23.5,14.985,9.59,143.706,322,90,0.07,-0.021,-3.088,-0.113,-0.297,-0.133,33,-52,-1082,-112,-297,-133,-206,8,447,39.0187639,-104.8934557,2170520,20,32,39.0187643,-104.8934566,2169900,9721,12,-21,74,183
05-30.880, 2026-04-01 14:46:14, 2026-04-08 16:59:25.290896, True      ,23.5,14.985,9.59,143.706,322,90,0.051,-0.039,-3.096,-0.257,-0.143,-0.061,10,-33,-1015,-256,-143,-60,-193,0,450,39.0187641,-104.893456,2170290,12,32,39.0187644,-104.8934568,2169830,9655,8,-21,72,182.61
05-30.946, 2026-04-01 14:46:14, 2026-04-08 16:59:25.392811, True      ,23.5,14.964,10.21,152.782,322,90,0.043,-0.035,-3.096,0.035,0.116,0.019,-8,-66,-1009,35,116,18,-193,0,450,39.0187641,-104.893456,2170290,12,32,39.0187644,-104.8934569,2169770,9590,3,-24,71,182.64
05-31.019, 2026-04-01 14:46:14, 2026-04-08 16:59:25.392811, True      ,23.5,14.964,10.21,152.782,322,90,0.05,-0.025,-3.092,0.151,0.24,0.087,1,-35,-992,151,239,86,-192,-8,455,39.0187641,-104.893456,2170290,12,32,39.0187644,-104.893457,2169720,9545,1,-22,71,182.92
05-31.087, 2026-04-01 14:46:14, 2026-04-08 16:59:25.392811, True      ,23.5,14.964,10.21,152.782,322,90,0.058,0.002,-3.079,0.088,0.28,0.143,33,-69,-1024,88,279,142,-201,-2,449,39.0187641,-104.8934563,2170110,18,32,39.0187644,-104.8934572,2169640,9468,-1,-20,71,183.69
05-31.153, 2026-04-01 14:46:14, 2026-04-08 16:59:25.590550, True      ,23.5,14.85,11.57,171.815,323,90,0.059,0.02,-3.066,0.038,0.275,0.17,4,-144,-1017,38,274,169,-201,-2,449,39.0187641,-104.8934563,2170110,18,32,39.0187643,-104.8934573,2169580,9405,-4,-20,68,184.46
05-31.225, 2026-04-01 14:46:14, 2026-04-08 16:59:25.590550, True      ,23.5,14.85,11.57,171.815,323,90,0.061,0.028,-3.058,-0.004,0.238,0.19,28,-99,-1072,-3,237,190,-214,3,442,39.0187641,-104.8934563,2170110,18,32,39.0187642,-104.8934573,2169540,9369,-4,-17,67,184.94
05-31.294, 2026-04-01 14:46:14, 2026-04-08 16:59:25.590550, True      ,23.5,14.85,11.57,171.815,323,90,0.062,0.038,-3.039,0.009,0.073,0.206,-9,-89,-1031,8,72,205,-222,8,435,39.018764,-104.8934566,2169950,12,32,39.0187641,-104.8934575,2169470,9296,-3,-16,62,186
05-31.360, 2026-04-01 14:46:14, 2026-04-08 16:59:25.790529, True      ,23.5,14.841,10.65,158.057,324,90,0.059,0.04,-3.024,-0.095,0.01,0.2,26,-102,-1083,-94,9,199,-222,8,435,39.018764,-104.8934566,2169950,12,32,39.0187641,-104.8934576,2169410,9239,-3,-16,59,186.87
05-31.433, 2026-04-01 14:46:14, 2026-04-08 16:59:25.892863, True      ,23.75,14.841,10.65,158.057,324,90,0.055,0.038,-3.016,-0.107,-0.066,0.203,-11,-100,-1053,-106,-66,202,-226,12,434,39.018764,-104.8934566,2169950,12,32,39.018764,-104.8934576,2169380,9207,-4,-17,55,187.32
05-31.543, 2026-04-01 14:46:14, 2026-04-08 16:59:25.990532, True      ,23.5,14.914,9.5,141.683,324,90,0.042,0.034,-2.996,-0.087,0.031,0.2,-53,-103,-1049,-87,30,200,-223,12,434,39.0187639,-104.8934568,2169760,8,32,39.018764,-104.8934577,2169310,9138,0,-13,51,188.47
05-31.612, 2026-04-01 14:46:14, 2026-04-08 16:59:25.990532, True      ,23.5,14.914,9.5,141.683,324,90,0.034,0.042,-2.98,-0.045,0.088,0.134,-41,-113,-1051,-44,87,133,-226,12,435,39.0187639,-104.8934568,2169760,8,32,39.018764,-104.8934577,2169250,9073,2,-9,47,189.38
05-31.682, 2026-04-01 14:46:14, 2026-04-08 16:59:26.090525, True      ,23.5,14.914,9.5,141.683,324,90,0.046,0.052,-2.972,0.169,0.174,0.053,-22,-56,-1014,169,173,52,-230,16,435,39.0187639,-104.8934568,2169760,8,32,39.018764,-104.8934577,2169200,9028,7,-5,44,189.75
05-31.750, 2026-04-01 14:46:14, 2026-04-08 16:59:26.190489, True      ,23.5,14.992,9.52,142.724,325,90,0.054,0.061,-2.971,0.115,0.014,-0.033,-24,-122,-1015,114,13,-32,-230,16,435,39.0187638,-104.893457,2169610,7,32,39.018764,-104.8934577,2169160,8985,10,-4,43,189.72
05-31.821, 2026-04-01 14:46:14, 2026-04-08 16:59:26.190489, True      ,23.5,14.992,9.52,142.724,325,90,0.057,0.049,-2.976,0.018,-0.324,-0.099,38,-88,-1019,18,-324,-99,-236,23,431,39.0187638,-104.893457,2169610,7,32,39.0187641,-104.8934577,2169130,8957,14,-2,42,189.39
05-31.893, 2026-04-01 14:46:15, 2026-04-08 16:59:26.190489, True      ,23.5,14.992,9.52,142.724,325,90,0.04,0.015,-2.991,-0.132,-0.357,-0.165,-34,-138,-1009,-132,-356,-164,-223,18,434,39.0187638,-104.893457,2169610,7,32,39.0187642,-104.8934576,2169090,8912,15,-1,40,188.53
05-31.958, 2026-04-01 14:46:15, 2026-04-08 16:59:26.392917, True      ,23.5,14.97,9.12,136.526,325,90,0.042,-0.008,-3.003,0.018,-0.303,-0.132,-4,-55,-1008,18,-303,-132,-223,18,434,39.0187638,-104.8934571,2169490,2,32,39.0187642,-104.8934576,2169050,8875,15,2,39,187.88
05-32.032, 2026-04-01 14:46:15, 2026-04-08 16:59:26.490532, True      ,23.5,14.97,9.12,136.526,325,90,0.037,-0.016,-3.007,-0.05,-0.212,-0.107,-9,-139,-1005,-49,-212,-106,-210,11,446,39.0187638,-104.8934571,2169490,2,32,39.0187643,-104.8934575,2169030,8853,15,1,38,187.63
05-32.102, 2026-04-01 14:46:15, 2026-04-08 16:59:26.490532, True      ,23.5,14.97,9.12,136.526,325,90,0.045,-0.033,-3.015,0.118,-0.134,-0.047,-27,-82,-999,118,-134,-47,-199,8,450,39.0187639,-104.8934569,2169360,14,32,39.0187643,-104.8934574,2168980,8803,9,5,40,187.21
05-32.165, 2026-04-01 14:46:15, 2026-04-08 16:59:26.590499, True      ,23.5,14.985,8.66,129.77,326,90,0.052,-0.037,-3.017,0.126,-0.027,-0.006,16,-132,-960,126,-27,-6,-199,8,450,39.0187639,-104.8934569,2169360,14,32,39.0187644,-104.8934573,2168940,8767,5,7,40,187.13
05-32.240, 2026-04-01 14:46:15, 2026-04-08 16:59:26.690496, True      ,23.5,14.985,8.66,129.77,326,90,0.055,-0.037,-3.017,0.097,-0.015,-0.005,13,-100,-990,97,-15,-5,-194,11,452,39.0187639,-104.8934569,2169360,14,32,39.0187644,-104.8934572,2168920,8749,4,7,40,187.14
05-32.310, 2026-04-01 14:46:15, 2026-04-08 16:59:26.690496, True      ,23.5,14.985,8.66,129.77,326,90,0.07,-0.034,-3.018,0.151,0.046,-0.022,4,-86,-974,151,45,-22,-191,16,452,39.0187641,-104.8934566,2169280,22,32,39.0187643,-104.8934571,2168870,8693,-2,7,41,187.08
05-32.378, 2026-04-01 14:46:15, 2026-04-08 16:59:26.790541, True      ,23.5,14.943,9.22,137.774,326,90,0.078,-0.028,-3.019,0.13,0.072,-0.019,-18,-105,-983,129,71,-19,-194,22,451,39.0187641,-104.8934566,2169280,22,32,39.0187643,-104.893457,2168830,8656,-6,9,43,187.02
05-32.454, 2026-04-01 14:46:15, 2026-04-08 16:59:26.892921, True      ,23.5,14.943,9.22,137.774,326,90,0.08,-0.028,-3.019,0.111,0.082,-0.027,14,-121,-1009,110,81,-27,-194,22,451,39.0187641,-104.8934566,2169280,22,32,39.0187643,-104.8934569,2168820,8644,-6,8,43,187.01
05-32.522, 2026-04-01 14:46:15, 2026-04-08 16:59:26.892921, True      ,23.5,14.943,9.22,137.774,326,90,0.094,-0.02,-3.019,0.092,0.088,0.003,40,-75,-1014,92,87,2,-196,27,449,39.0187641,-104.8934562,2169140,15,32,39.0187641,-104.8934567,2168750,8578,-12,7,45,187.05
05-32.593, 2026-04-01 14:46:15, 2026-04-08 16:59:26.892921, True      ,23.5,14.943,9.22,137.774,326,90,0.098,-0.009,-3.016,0.025,0.187,0.011,29,-116,-1033,25,186,11,-201,32,447,39.0187641,-104.8934562,2169140,15,32,39.0187641,-104.8934565,2168710,8539,-14,6,44,187.19
05-32.663, 2026-04-01 14:46:15, 2026-04-08 16:59:27.090561, True      ,23.5,14.943,9.22,137.774,326,90,0.104,0.004,-3.014,0.129,0.182,0.005,10,-118,-1020,129,181,5,-201,32,447,39.0187641,-104.8934562,2169140,15,32,39.0187639,-104.8934564,2168680,8500,-16,7,44,187.33
05-32.733, 2026-04-01 14:46:15, 2026-04-08 16:59:27.190513, True      ,23.5,14.873,10.22,152.002,327,90,0.107,0.015,-3.013,0.002,0.121,0,39,-71,-1018,2,120,0,-208,36,443,39.0187637,-104.893456,2169020,22,32,39.0187638,-104.8934563,2168640,8461,-18,7,46,187.41
05-32.802, 2026-04-01 14:46:15, 2026-04-08 16:59:27.190513, True      ,23.5,14.873,10.22,152.002,327,90,0.102,0.019,-3.012,-0.079,0.007,0.017,-1,-104,-1039,-78,6,16,-215,37,439,39.0187637,-104.893456,2169020,22,32,39.0187636,-104.8934562,2168590,8419,-19,3,39,187.48
05-32.871, 2026-04-01 14:46:16, 2026-04-08 16:59:27.290898, True      ,23.5,14.873,10.22,152.002,327,90,0.096,0.019,-3.011,-0.074,0.01,0.002,34,-83,-1034,-74,9,1,-215,37,439,39.0187637,-104.893456,2169020,22,32,39.0187634,-104.8934562,2168560,8385,-20,2,38,187.51
05-32.941, 2026-04-01 14:46:16, 2026-04-08 16:59:27.392854, True      ,23.5,14.97,8.7,130.239,328,90,0.094,0.022,-3.011,-0.017,0.061,-0.011,9,-93,-1021,-16,60,-11,-217,34,438,39.0187633,-104.8934559,2168880,26,32,39.0187633,-104.8934561,2168520,8344,-20,3,39,187.49
05-33.011, 2026-04-01 14:46:16, 2026-04-08 16:59:27.392854, True      ,23.5,14.97,8.7,130.239,328,90,0.097,0.025,-3.011,0.046,0.074,-0.016,11,-72,-967,45,73,-16,-220,33,438,39.0187633,-104.8934559,2168880,26,32,39.0187631,-104.8934561,2168480,8309,-19,4,40,187.47
05-33.082, 2026-04-01 14:46:16, 2026-04-08 16:59:27.490962, True      ,23.5,14.97,8.7,130.239,328,90,0.1,0.036,-3.011,0.056,0.152,-0.017,19,-115,-1009,56,152,-17,-222,35,436,39.0187629,-104.8934558,2168780,17,32,39.0187629,-104.893456,2168440,8268,-18,2,42,187.49
05-33.165, 2026-04-01 14:46:16, 2026-04-08 16:59:27.590550, True      ,23.75,14.889,10.59,157.675,328,90,0.105,0.045,-3.011,0.079,0.062,-0.016,3,-145,-998,79,61,-16,-222,35,436,39.0187629,-104.8934558,2168780,17,32,39.0187628,-104.893456,2168400,8228,-18,0,40,187.49
05-33.242, 2026-04-01 14:46:16, 2026-04-08 16:59:27.690542, True      ,23.5,14.889,10.59,157.675,328,90,0.108,0.042,-3.012,0.034,-0.108,-0.029,6,-86,-1028,33,-107,-29,-229,37,433,39.0187629,-104.8934558,2168780,17,32,39.0187627,-104.893456,2168380,8203,-17,0,38,187.37
05-33.311, 2026-04-01 14:46:16, 2026-04-08 16:59:27.690542, True      ,23.5,14.889,10.59,157.675,328,90,0.107,0.037,-3.017,-0.005,0.008,-0.025,-10,-131,-981,-4,7,-25,-226,38,434,39.0187626,-104.8934557,2168670,23,32,39.0187625,-104.8934559,2168330,8151,-14,0,39,187.16
05-33.375, 2026-04-01 14:46:16, 2026-04-08 16:59:27.790532, True      ,23.5,14.929,9.75,145.558,329,90,0.102,0.04,-3.017,-0.039,0.043,-0.01,7,-62,-1002,-38,42,-10,-226,36,434,39.0187626,-104.8934557,2168670,23,32,39.0187624,-104.8934559,2168290,8119,-13,-1,41,187.12
05-33.451, 2026-04-01 14:46:16, 2026-04-08 16:59:27.890613, True      ,23.5,14.929,9.75,145.558,329,90,0.101,0.041,-3.017,-0.041,0.025,-0.007,21,-97,-1007,-40,25,-7,-226,36,434,39.0187626,-104.8934557,2168670,23,32,39.0187624,-104.893456,2168280,8108,-12,-2,38,187.12
05-33.520, 2026-04-01 14:46:16, 2026-04-08 16:59:27.890613, True      ,23.75,14.929,9.75,145.558,329,90,0.097,0.043,-3.012,-0.009,0.003,0.081,-2,-157,-973,-8,2,80,-227,34,433,39.0187622,-104.8934556,2168580,17,32,39.0187622,-104.8934559,2168230,8057,-12,-3,39,187.49
05-33.590, 2026-04-01 14:46:16, 2026-04-08 16:59:27.890613, True      ,23.5,14.929,9.75,145.558,329,90,0.09,0.043,-3.004,-0.153,0.036,0.121,2,-130,-1040,-152,35,120,-228,34,432,39.0187622,-104.8934556,2168580,17,32,39.0187621,-104.8934559,2168200,8024,-9,-3,37,187.97
05-33.664, 2026-04-01 14:46:16, 2026-04-08 16:59:28.090488, True      ,23.5,14.929,9.75,145.558,329,90,0.09,0.045,-2.996,0.062,0.024,0.076,-11,-89,-1030,62,23,75,-228,34,432,39.0187622,-104.8934556,2168580,17,32,39.0187621,-104.8934559,2168170,7993,-7,0,37,188.35
05-33.734, 2026-04-01 14:46:16, 2026-04-08 16:59:28.190539, True      ,23.5,14.966,9.01,134.844,330,89,0.097,0.051,-2.993,0.108,0.101,0.038,11,-79,-977,108,100,37,-229,33,433,39.018762,-104.8934556,2168480,6,32,39.018762,-104.8934559,2168140,7960,-4,0,39,188.58
05-33.802, 2026-04-01 14:46:16, 2026-04-08 16:59:28.190539, True      ,23.5,14.966,9.01,134.844,330,89,0.098,0.056,-2.99,-0.008,0.042,0.007,2,-89,-1003,-7,41,6,-233,37,431,39.018762,-104.8934556,2168480,6,32,39.018762,-104.8934559,2168100,7924,0,-1,38,188.68
05-33.871, 2026-04-01 14:46:17, 2026-04-08 16:59:28.290469, True      ,23.75,14.966,9.01,134.844,330,89,0.096,0.053,-2.992,0.037,-0.068,-0.022,11,-125,-972,36,-67,-22,-233,37,431,39.018762,-104.8934556,2168480,6,32,39.018762,-104.8934559,2168070,7893,0,-1,40,188.59
05-33.941, 2026-04-01 14:46:17, 2026-04-08 16:59:28.392860, True      ,23.5,14.948,9.61,143.65,331,89,0.103,0.045,-2.995,0.099,-0.116,-0.035,-12,-90,-987,99,-115,-35,-234,37,429,39.0187619,-104.8934556,2168370,11,32,39.018762,-104.8934559,2168030,7858,3,-3,40,188.41
05-34.011, 2026-04-01 14:46:17, 2026-04-08 16:59:28.392860, True      ,23.75,14.948,9.61,143.65,331,89,0.108,0.035,-2.997,0.07,-0.225,-0.005,42,-82,-995,70,-225,-5,-231,40,432,39.0187619,-104.8934556,2168370,11,32,39.018762,-104.8934559,2168000,7829,4,-5,40,188.28
05-34.080, 2026-04-01 14:46:17, 2026-04-08 16:59:28.490890, True      ,23.5,14.948,9.61,143.65,331,89,0.103,0.011,-2.999,-0.127,-0.268,0.007,-2,-100,-995,-126,-268,6,-218,40,435,39.0187618,-104.8934557,2168310,5,32,39.0187621,-104.8934559,2167970,7794,3,-7,40,188.15
05-34.147, 2026-04-01 14:46:17, 2026-04-08 16:59:28.590526, True      ,23.5,14.89,9.82,146.22,331,89,0.093,0.006,-2.999,-0.154,0.05,0.023,22,-82,-1015,-153,49,22,-218,40,435,39.0187618,-104.8934557,2168310,5,32,39.0187621,-104.8934559,2167940,7762,2,-6,42,188.22
05-34.219, 2026-04-01 14:46:17, 2026-04-08 16:59:28.590526, True      ,23.5,14.89,9.82,146.22,331,89,0.091,0.011,-2.996,-0.029,0.101,0.033,31,-101,-1006,-28,100,32,-213,37,441,39.0187618,-104.8934557,2168310,5,32,39.0187621,-104.893456,2167910,7739,2,-8,42,188.35
05-34.288, 2026-04-01 14:46:17, 2026-04-08 16:59:28.590526, True      ,23.5,14.89,9.82,146.22,331,89,0.089,0.016,-2.993,-0.051,0.03,0.022,13,-114,-994,-50,29,21,-215,35,439,39.0187618,-104.8934557,2168200,5,32,39.0187621,-104.893456,2167870,7698,1,-9,42,188.49
05-34.352, 2026-04-01 14:46:17, 2026-04-08 16:59:28.790504, True      ,23.5,14.896,9.76,145.385,332,89,0.091,0.018,-2.991,0.02,0.053,0.036,12,-86,-979,20,53,35,-215,35,439,39.0187618,-104.8934557,2168200,5,32,39.0187621,-104.8934561,2167840,7661,3,-8,44,188.65
05-34.425, 2026-04-01 14:46:17, 2026-04-08 16:59:28.790504, True      ,23.75,14.896,9.76,145.385,332,89,0.088,0.022,-2.99,-0.036,0.116,0.019,-27,-116,-979,-35,115,18,-217,35,439,39.0187618,-104.8934557,2168200,5,32,39.0187621,-104.8934561,2167810,7639,3,-7,45,188.73
05-34.494, 2026-04-01 14:46:17, 2026-04-08 16:59:28.790504, True      ,23.75,14.896,9.76,145.385,332,89,0.088,0.032,-2.988,-0.018,0.075,0.009,-13,-101,-982,-17,74,9,-221,36,437,39.0187618,-104.8934558,2168090,11,32,39.0187621,-104.8934562,2167770,7592,5,-10,44,188.84
05-34.561, 2026-04-01 14:46:17, 2026-04-08 16:59:28.990522, True      ,23.5,14.881,9.88,147.024,332,89,0.086,0.03,-2.987,-0.05,-0.068,0.003,-24,-116,-1021,-49,-68,2,-221,36,437,39.0187618,-104.8934558,2168090,11,32,39.0187621,-104.8934563,2167730,7553,5,-9,42,188.83
05-34.634, 2026-04-01 14:46:17, 2026-04-08 16:59:29.090916, True      ,23.5,14.881,9.88,147.024,332,89,0.084,0.026,-2.988,-0.067,-0.096,-0.014,6,-86,-1020,-66,-96,-14,-223,35,436,39.0187618,-104.8934558,2168090,11,32,39.0187621,-104.8934563,2167710,7530,6,-8,42,188.78
05-34.705, 2026-04-01 14:46:17, 2026-04-08 16:59:29.090916, True      ,23.75,14.881,9.88,147.024,332,89,0.079,0.018,-2.992,-0.006,-0.082,-0.045,16,-99,-1027,-5,-82,-44,-220,32,437,39.0187618,-104.893456,2168030,2,32,39.0187621,-104.8934564,2167650,7477,9,-10,42,188.54
05-34.769, 2026-04-01 14:46:17, 2026-04-08 16:59:29.190498, True      ,23.5,14.895,10.38,154.61,333,89,0.08,0.014,-2.995,-0.011,-0.075,-0.021,7,-96,-998,-10,-74,-21,-220,32,437,39.0187618,-104.893456,2168030,2,32,39.0187621,-104.8934564,2167620,7443,8,-9,42,188.42
05-34.846, 2026-04-01 14:46:18, 2026-04-08 16:59:29.290536, True      ,23.75,14.895,10.38,154.61,333,89,0.078,0.01,-2.995,-0.091,-0.112,-0.005,27,-98,-1034,-90,-112,-5,-217,30,440,39.0187618,-104.893456,2168030,2,32,39.0187622,-104.8934565,2167600,7427,9,-8,42,188.41
05-34.919, 2026-04-01 14:46:18, 2026-04-08 16:59:29.290536, True      ,23.5,14.895,10.38,154.61,333,89,0.065,0.001,-2.993,-0.172,-0.026,0.024,31,-79,-1039,-172,-26,24,-211,27,440,39.0187618,-104.893456,2167930,8,32,39.0187622,-104.8934565,2167550,7374,8,-7,39,188.51
05-34.989, 2026-04-01 14:46:18, 2026-04-08 16:59:29.290536, True      ,23.5,14.895,10.38,154.61,333,89,0.052,0.002,-2.992,-0.095,0.001,0.014,-7,-88,-993,-95,1,13,-210,22,442,39.0187618,-104.893456,2167930,8,32,39.0187622,-104.8934566,2167510,7334,5,-9,37,188.61
05-35.077, 2026-04-01 14:46:18, 2026-04-08 16:59:29.490568, True      ,23.5,14.895,10.38,154.61,333,89,0.052,0.001,-2.991,0.019,0.003,0.002,25,-25,-1020,19,2,1,-210,22,442,39.0187618,-104.893456,2167930,8,32,39.0187622,-104.8934566,2167480,7301,4,-5,39,188.64
05-35.141, 2026-04-01 14:46:18, 2026-04-08 16:59:29.590526, True      ,23.75,14.9,8.83,131.567,334,89,0.053,0.002,-2.99,0.015,-0.016,0.026,-13,-92,-991,15,-16,25,-209,19,444,39.0187619,-104.8934562,2167840,13,32,39.0187622,-104.8934567,2167430,7257,1,-6,37,188.73
05-35.206, 2026-04-01 14:46:18, 2026-04-08 16:59:29.590526, True      ,23.75,14.9,8.83,131.567,334,89,0.053,0.001,-2.988,0.063,-0.002,0.048,-20,-74,-978,63,-2,47,-210,18,443,39.0187619,-104.8934562,2167840,13,32,39.0187622,-104.8934567,2167410,7233,0,-5,38,188.85
05-35.271, 2026-04-01 14:46:18, 2026-04-08 16:59:29.690496, True      ,23.5,14.9,8.83,131.567,334,89,0.058,0.004,-2.985,0.031,0.064,0.02,25,-94,-1003,31,63,19,-210,18,443,39.0187619,-104.8934562,2167840,13,32,39.0187622,-104.8934567,2167380,7201,0,-4,40,188.99
05-35.336, 2026-04-01 14:46:18, 2026-04-08 16:59:29.790531, True      ,23.5,14.913,9.26,138.094,334,89,0.062,0.01,-2.984,0.05,0.096,-0.007,35,-78,-1027,50,95,-7,-210,21,443,39.0187619,-104.8934563,2167760,5,32,39.0187622,-104.8934567,2167340,7169,0,-1,39,189.04
05-35.403, 2026-04-01 14:46:18, 2026-04-08 16:59:29.790531, True      ,23.75,14.913,9.26,138.094,334,89,0.064,0.016,-2.984,0.046,0.114,-0.021,14,-123,-989,46,113,-21,-214,24,441,39.0187619,-104.8934563,2167760,5,32,39.0187622,-104.8934567,2167320,7140,0,-1,40,189.01
05-35.470, 2026-04-01 14:46:18, 2026-04-08 16:59:29.890937, True      ,23.5,14.913,9.26,138.094,334,89,0.066,0.029,-2.986,0.053,0.168,-0.043,-39,-121,-987,53,168,-43,-214,24,441,39.0187619,-104.8934563,2167760,5,32,39.0187621,-104.8934566,2167290,7110,1,0,41,188.92
05-35.539, 2026-04-01 14:46:18, 2026-04-08 16:59:29.990557, True      ,23.75,14.968,9.25,138.454,335,89,0.074,0.036,-2.988,0.108,0.051,-0.056,-18,-132,-1006,108,50,-56,-220,27,438,39.0187619,-104.8934563,2167690,2,32,39.0187621,-104.8934566,2167260,7081,2,1,40,188.76
05-35.613, 2026-04-01 14:46:18, 2026-04-08 16:59:29.990557, True      ,23.5,14.968,9.25,138.454,335,89,0.077,0.036,-2.993,0.027,-0.026,-0.078,-8,-133,-999,27,-26,-78,-227,29,436,39.0187619,-104.8934563,2167690,2,32,39.0187621,-104.8934566,2167230,7055,4,0,39,188.48
05-35.682, 2026-04-01 14:46:18, 2026-04-08 16:59:30.090529, True      ,23.5,14.968,9.25,138.454,335,89,0.074,0.03,-3,-0.034,-0.108,-0.095,-15,-123,-1019,-33,-108,-95,-225,28,435,39.0187619,-104.8934563,2167690,2,32,39.0187621,-104.8934566,2167200,7023,6,1,39,188.04
05-35.749, 2026-04-01 14:46:18, 2026-04-08 16:59:30.190556, True      ,23.5,15.013,8.65,129.862,335,89,0.076,0.023,-3.008,0.119,-0.111,-0.093,-19,-110,-1005,119,-111,-93,-225,28,435,39.0187618,-104.8934564,2167570,3,32,39.0187622,-104.8934565,2167170,6991,7,1,39,187.6
05-35.821, 2026-04-01 14:46:18, 2026-04-08 16:59:30.190556, True      ,23.75,15.013,8.65,129.862,335,89,0.086,0.016,-3.012,0.147,-0.18,-0.055,1,-61,-986,146,-180,-55,-222,28,440,39.0187618,-104.8934564,2167570,3,32,39.0187622,-104.8934565,2167150,6970,8,0,38,187.39
05-35.890, 2026-04-01 14:46:19, 2026-04-08 16:59:30.190556, True      ,23.5,15.013,8.65,129.862,335,89,0.078,-0.001,-3.02,-0.152,-0.246,-0.072,26,-54,-1017,-151,-246,-72,-213,28,441,39.0187619,-104.8934563,2167470,6,32,39.0187622,-104.8934565,2167110,6935,9,0,39,186.94
05-35.956, 2026-04-01 14:46:19, 2026-04-08 16:59:30.392858, True      ,23.5,14.986,8.1,121.387,336,89,0.068,-0.011,-3.027,-0.154,-0.071,-0.087,-18,-77,-967,-153,-71,-87,-213,28,441,39.0187619,-104.8934563,2167470,6,32,39.0187623,-104.8934566,2167080,6906,6,-5,39,186.53
05-36.060, 2026-04-01 14:46:19, 2026-04-08 16:59:30.490907, True      ,23.75,14.986,8.1,121.387,336,89,0.064,-0.016,-3.03,-0.07,-0.11,-0.07,43,-53,-990,-69,-109,-70,-206,21,447,39.0187619,-104.8934563,2167470,6,32,39.0187623,-104.8934566,2167060,6889,6,-4,43,186.35
05-36.151, 2026-04-01 14:46:19, 2026-04-08 16:59:30.590490, True      ,23.75,14.925,8.9,132.833,336,89,0.066,-0.032,-3.036,-0.089,-0.013,-0.025,19,-72,-965,-88,-13,-25,-199,17,449,39.018762,-104.8934563,2167390,4,32,39.0187623,-104.8934566,2167000,6827,0,-9,45,186.09
05-36.270, 2026-04-01 14:46:19, 2026-04-08 16:59:30.690958, True      ,23.75,14.925,8.9,132.833,336,89,0.062,-0.023,-3.035,0.008,0.214,0.002,-5,-40,-982,8,214,2,-195,15,451,39.018762,-104.8934563,2167390,4,32,39.0187622,-104.8934566,2166960,6789,-1,-9,47,186.16
05-36.348, 2026-04-01 14:46:19, 2026-04-08 16:59:30.790519, True      ,23.75,14.863,10.34,153.683,337,89,0.07,0.009,-3.03,0.078,0.097,0.031,31,-52,-972,78,96,31,-204,16,448,39.0187618,-104.8934564,2167280,19,32,39.0187621,-104.8934568,2166880,6707,-9,-13,51,186.43
05-36.432, 2026-04-01 14:46:19, 2026-04-08 16:59:30.891029, True      ,23.75,14.863,10.34,153.683,337,89,0.07,0.01,-3.027,-0.026,0.034,0.057,15,-120,-973,-25,33,56,-213,18,442,39.0187618,-104.8934564,2167280,19,32,39.0187621,-104.8934569,2166840,6668,-10,-15,52,186.63
05-36.512, 2026-04-01 14:46:19, 2026-04-08 16:59:30.891029, True      ,23.5,14.863,10.34,153.683,337,89,0.059,0.019,-3.016,-0.131,0.204,0.134,-2,-62,-996,-130,203,133,-213,18,439,39.0187616,-104.8934568,2167190,23,32,39.0187619,-104.8934571,2166780,6605,-13,-17,51,187.3
05-36.585, 2026-04-01 14:46:19, 2026-04-08 16:59:30.990541, True      ,23.75,14.844,10.33,153.339,337,89,0.051,0.037,-3.003,-0.152,0.275,0.139,16,-14,-1058,-151,274,138,-222,15,437,39.0187616,-104.8934568,2167190,23,32,39.0187618,-104.8934573,2166730,6558,-10,-17,51,188.05
05-36.681, 2026-04-01 14:46:19, 2026-04-08 16:59:31.090515, True      ,23.75,14.844,10.33,153.339,337,89,0.049,0.044,-3,-0.059,0.331,0.118,-16,-59,-1015,-58,330,117,-222,15,437,39.0187616,-104.8934568,2167190,23,32,39.0187617,-104.8934574,2166720,6544,-10,-18,48,188.22
05-36.757, 2026-04-01 14:46:19, 2026-04-08 16:59:31.190515, True      ,23.75,14.854,9.32,138.439,338,89,0.047,0.067,-2.986,-0.132,-0.054,0.057,49,-49,-1049,-131,-54,56,-235,17,431,39.0187614,-104.8934573,2167120,22,32,39.0187616,-104.8934577,2166640,6463,-6,-18,45,188.93
05-36.842, 2026-04-01 14:46:20, 2026-04-08 16:59:31.290966, True      ,23.75,14.854,9.32,138.439,338,89,0.041,0.059,-2.984,-0.109,-0.175,0.051,47,-59,-1040,-109,-175,50,-239,17,427,39.0187614,-104.8934573,2167120,22,32,39.0187615,-104.8934578,2166610,6439,-3,-17,45,189.07
05-36.922, 2026-04-01 14:46:20, 2026-04-08 16:59:31.290966, True      ,23.5,14.854,9.32,138.439,338,89,0.02,0.042,-2.975,-0.19,-0.058,0.108,-30,-36,-988,-189,-58,107,-231,12,430,39.0187612,-104.8934576,2167020,16,32,39.0187614,-104.8934581,2166560,6387,-1,-15,40,189.61
05-37.003, 2026-04-01 14:46:20, 2026-04-08 16:59:31.290966, True      ,23.5,14.854,9.32,138.439,338,89,0.02,0.046,-2.968,0.123,0.083,0.062,-21,-85,-1000,123,82,62,-230,7,436,39.0187612,-104.8934576,2167020,16,32,39.0187614,-104.8934582,2166530,6351,1,-15,41,189.95
05-37.084, 2026-04-01 14:46:20, 2026-04-08 16:59:31.490952, True      ,23.75,14.854,9.32,138.439,338,89,0.019,0.048,-2.963,-0.078,-0.022,0.067,-14,-71,-989,-77,-22,66,-230,7,436,39.0187612,-104.8934576,2167020,16,32,39.0187614,-104.8934583,2166490,6313,3,-13,40,190.25
05-37.167, 2026-04-01 14:46:20, 2026-04-08 16:59:31.590515, True      ,23.75,14.798,9.13,135.106,339,89,0.013,0.037,-2.958,-0.087,-0.177,0.08,43,-36,-1004,-86,-177,79,-231,9,433,39.0187611,-104.8934579,2166940,17,32,39.0187614,-104.8934584,2166450,6278,3,-9,40,190.59
05-37.257, 2026-04-01 14:46:20, 2026-04-08 16:59:31.690873, True      ,23.75,14.798,9.13,135.106,339,89,0.011,0.029,-2.954,-0.024,-0.147,0.077,43,-42,-991,-23,-147,76,-226,7,434,39.0187611,-104.8934579,2166940,17,32,39.0187615,-104.8934585,2166430,6256,3,-8,40,190.8
05-37.340, 2026-04-01 14:46:20, 2026-04-08 16:59:31.790486, True      ,23.75,14.903,9.27,138.151,339,89,0.013,0.024,-2.949,0.097,0.083,0.003,-4,-38,-1012,96,82,2,-220,7,437,39.0187611,-104.8934582,2166890,9,32,39.0187615,-104.8934585,2166380,6201,4,-5,43,191.02
05-37.422, 2026-04-01 14:46:20, 2026-04-08 16:59:31.790486, True      ,23.75,14.903,9.27,138.151,339,89,0.018,0.035,-2.949,0.078,0.118,-0.009,2,-46,-987,78,117,-9,-223,11,438,39.0187611,-104.8934582,2166890,9,32,39.0187615,-104.8934586,2166340,6161,4,-2,44,191.01
05-37.502, 2026-04-01 14:46:20, 2026-04-08 16:59:31.790486, True      ,23.5,14.903,9.27,138.151,339,89,0.026,0.037,-2.953,0.029,0.005,-0.068,58,-19,-1010,61,-4,-66,-225,13,435,39.0187612,-104.8934584,2166780,9,32,39.0187615,-104.8934586,2166290,6117,4,-3,42,190.75
05-37.576, 2026-04-01 14:46:20, 2026-04-08 16:59:31.990535, True      ,23.75,14.867,9.2,136.776,340,89,0.028,0.031,-2.96,0.043,-0.125,-0.082,-4,-50,-970,43,-125,-81,-225,13,435,39.0187612,-104.8934584,2166780,9,32,39.0187615,-104.8934586,2166250,6075,6,-2,43,190.38
05-37.671, 2026-04-01 14:46:20, 2026-04-08 16:59:32.090519, True      ,23.75,14.867,9.2,136.776,340,89,0.029,0.029,-2.963,0.042,-0.052,-0.09,-5,-60,-985,42,-52,-90,-225,14,436,39.0187612,-104.8934584,2166780,9,32,39.0187615,-104.8934586,2166230,6058,6,-1,44,190.22
05-37.750, 2026-04-01 14:46:20, 2026-04-08 16:59:32.190573, True      ,23.75,14.89,9.75,145.178,340,89,0.042,0.031,-2.972,0.056,-0.002,-0.062,-8,-45,-962,56,-2,-62,-223,16,438,39.0187612,-104.8934586,2166680,9,32,39.0187615,-104.8934587,2166160,5986,5,-3,43,189.71
05-37.834, 2026-04-01 14:46:21, 2026-04-08 16:59:32.290878, True      ,23.75,14.89,9.75,145.178,340,89,0.046,0.034,-2.976,0.091,0.066,-0.076,9,-61,-1020,91,65,-76,-223,18,438,39.0187612,-104.8934586,2166680,9,32,39.0187615,-104.8934587,2166130,5954,5,-6,43,189.46
05-37.915, 2026-04-01 14:46:21, 2026-04-08 16:59:32.290878, True      ,23.75,14.89,9.75,145.178,340,89,0.045,0.029,-2.979,-0.11,-0.135,-0.011,40,-60,-1001,-109,-135,-11,-225,19,436,39.0187613,-104.8934588,2166590,7,32,39.0187616,-104.8934588,2166080,5903,5,-6,44,189.32
05-37.990, 2026-04-01 14:46:21, 2026-04-08 16:59:32.392891, True      ,23.5,14.832,9.65,143.129,341,89,0.032,0.023,-2.98,-0.194,-0.009,-0.009,15,-33,-993,-193,-9,-8,-221,14,438,39.0187613,-104.8934588,2166590,7,32,39.0187616,-104.8934589,2166040,5861,5,-7,44,189.24
05-38.084, 2026-04-01 14:46:21, 2026-04-08 16:59:32.490954, True      ,23.75,14.832,9.65,143.129,341,89,0.027,0.024,-2.98,-0.214,0.058,-0.001,-2,-60,-992,-214,57,-1,-221,14,438,39.0187613,-104.8934588,2166590,7,32,39.0187616,-104.8934589,2166030,5851,7,-6,44,189.24
05-38.162, 2026-04-01 14:46:21, 2026-04-08 16:59:32.590484, True      ,23.75,14.865,9.84,146.272,342,89,0.012,0.039,-2.976,-0.067,0.088,0.045,15,-59,-962,-66,87,44,-222,7,438,39.0187614,-104.893459,2166520,13,32,39.0187617,-104.8934591,2165950,5774,4,-7,45,189.5
05-38.246, 2026-04-01 14:46:21, 2026-04-08 16:59:32.690924, True      ,23.75,14.865,9.84,146.272,342,89,0.006,0.042,-2.974,-0.128,0.061,0.039,5,-58,-992,-128,61,38,-227,3,435,39.0187614,-104.893459,2166520,13,32,39.0187617,-104.8934591,2165920,5748,4,-5,45,189.62
05-38.330, 2026-04-01 14:46:21, 2026-04-08 16:59:32.790500, True      ,23.5,14.858,10.39,154.375,342,89,0.001,0.047,-2.973,0.009,0.032,-0.01,34,-58,-1001,9,31,-10,-229,0,433,39.0187615,-104.8934592,2166450,8,32,39.0187618,-104.8934592,2165870,5693,7,-4,45,189.66
05-38.411, 2026-04-01 14:46:21, 2026-04-08 16:59:32.790500, True      ,23.5,14.858,10.39,154.375,342,89,0.004,0.045,-2.975,0.036,-0.075,-0.036,63,-11,-1032,36,-75,-36,-232,0,433,39.0187615,-104.8934592,2166450,8,32,39.0187618,-104.8934592,2165820,5648,7,1,44,189.49
05-38.493, 2026-04-01 14:46:21, 2026-04-08 16:59:32.892879, True      ,23.75,14.858,10.39,154.375,342,89,0.003,0.042,-2.98,-0.013,-0.025,-0.06,-9,-84,-1002,-12,-25,-59,-228,0,433,39.0187616,-104.8934593,2166350,9,32,39.0187619,-104.8934592,2165780,5608,8,4,44,189.24
05-38.570, 2026-04-01 14:46:21, 2026-04-08 16:59:32.990536, True      ,23.75,14.871,9.98,148.413,343,89,0.007,0.033,-2.986,0.098,-0.179,-0.089,10,-19,-978,98,-179,-89,-228,0,433,39.0187616,-104.8934593,2166350,9,32,39.0187619,-104.8934593,2165740,5569,7,4,43,188.85
05-38.661, 2026-04-01 14:46:21, 2026-04-08 16:59:33.090541, True      ,23.75,14.871,9.98,148.413,343,89,0.007,0.027,-2.99,0.036,-0.129,-0.098,16,-72,-1003,36,-129,-98,-226,-1,437,39.0187616,-104.8934593,2166350,9,32,39.018762,-104.8934593,2165720,5549,8,5,44,188.63
05-38.742, 2026-04-01 14:46:21, 2026-04-08 16:59:33.190537, True      ,23.75,14.927,10.07,150.315,343,89,0.015,0.024,-3.003,0.056,-0.01,-0.086,42,-9,-1028,55,-10,-86,-221,-1,439,39.0187618,-104.8934593,2166260,6,32,39.018762,-104.8934592,2165660,5485,7,4,43,187.91
05-38.824, 2026-04-01 14:46:22, 2026-04-08 16:59:33.190537, True      ,23.5,14.927,10.07,150.315,343,89,0.018,0.021,-3.007,0.028,-0.08,-0.048,46,5,-1007,28,-80,-48,-221,-1,440,39.0187618,-104.8934593,2166260,6,32,39.0187621,-104.8934592,2165620,5448,6,6,41,187.66
05-38.906, 2026-04-01 14:46:22, 2026-04-08 16:59:33.190537, True      ,23.75,14.927,10.07,150.315,343,89,0.019,0.012,-3.011,0.017,-0.096,-0.028,5,-23,-976,17,-96,-28,-216,0,441,39.0187619,-104.8934593,2166180,9,32,39.0187621,-104.8934591,2165580,5405,4,5,42,187.5
05-38.982, 2026-04-01 14:46:22, 2026-04-08 16:59:33.390525, True      ,23.75,14.862,10.56,156.943,344,89,0.023,0.008,-3.012,0.074,-0.004,-0.017,34,-9,-1015,74,-3,-17,-216,0,441,39.0187619,-104.8934593,2166180,9,32,39.0187621,-104.8934591,2165540,5366,2,2,43,187.42
05-39.074, 2026-04-01 14:46:22, 2026-04-08 16:59:33.490963, True      ,23.5,14.862,10.56,156.943,344,89,0.025,0.009,-3.012,0.085,0.069,-0.006,32,-2,-1031,85,68,-6,-214,0,444,39.0187619,-104.8934593,2166180,9,32,39.0187621,-104.8934591,2165530,5350,3,5,42,187.42
05-39.152, 2026-04-01 14:46:22, 2026-04-08 16:59:33.590510, True      ,23.75,14.861,9.86,146.529,344,89,0.027,0.02,-3.006,-0.064,-0.062,0.088,46,-6,-1002,-63,-62,87,-217,4,442,39.018762,-104.8934592,2166110,0,32,39.0187622,-104.8934591,2165460,5286,1,2,41,187.86
05-39.238, 2026-04-01 14:46:22, 2026-04-08 16:59:33.690918, True      ,23.75,14.861,9.86,146.529,344,89,0.022,0.017,-2.998,-0.108,-0.01,0.145,-21,-45,-974,-107,-9,144,-219,3,440,39.018762,-104.8934592,2166110,0,32,39.0187621,-104.8934591,2165430,5257,1,3,43,188.33
05-39.320, 2026-04-01 14:46:22, 2026-04-08 16:59:33.690918, True      ,23.75,14.861,9.86,146.529,344,89,0.017,0.026,-2.978,0.027,0.09,0.195,25,-54,-1014,27,90,194,-217,2,439,39.018762,-104.8934592,2166040,0,32,39.0187621,-104.8934591,2165380,5202,2,2,45,189.52
05-39.401, 2026-04-01 14:46:22, 2026-04-08 16:59:33.690918, True      ,23.5,14.861,9.86,146.529,344,89,0.015,0.032,-2.961,-0.12,0.081,0.207,23,-15,-1019,-119,81,206,-222,6,437,39.018762,-104.8934592,2166040,0,32,39.0187621,-104.893459,2165340,5160,2,5,46,190.46
05-39.483, 2026-04-01 14:46:22, 2026-04-08 16:59:33.892767, True      ,23.5,14.861,9.86,146.529,344,89,0.004,0.036,-2.946,-0.175,0.048,0.16,18,-14,-1033,-174,48,159,-222,6,437,39.018762,-104.8934592,2166040,0,32,39.0187621,-104.893459,2165290,5119,3,4,43,191.27
05-39.563, 2026-04-01 14:46:22, 2026-04-08 16:59:33.990520, True      ,23.75,14.819,9.72,144.041,346,89,-0.006,0.036,-2.936,-0.078,-0.035,0.101,7,-43,-997,-77,-34,100,-223,6,434,39.018762,-104.8934593,2165960,5,32,39.0187622,-104.893459,2165260,5082,4,5,41,191.82
05-39.646, 2026-04-01 14:46:22, 2026-04-08 16:59:34.090545, True      ,23.75,14.819,9.72,144.041,346,89,-0.009,0.033,-2.933,-0.042,-0.064,0.042,-5,-62,-1009,-41,-64,41,-225,3,435,39.018762,-104.8934593,2165960,5,32,39.0187622,-104.893459,2165230,5059,5,6,42,191.94
05-39.723, 2026-04-01 14:46:22, 2026-04-08 16:59:34.090545, True      ,23.75,14.819,9.72,144.041,346,89,-0.005,0.032,-2.938,0.108,0.051,-0.073,-1,-68,-1014,108,50,-73,-223,2,437,39.0187621,-104.8934592,2165920,8,32,39.0187623,-104.8934589,2165180,5009,9,10,43,191.64
05-39.803, 2026-04-01 14:46:22, 2026-04-08 16:59:34.090545, True      ,23.5,14.819,9.72,144.041,346,89,0.002,0.036,-2.945,0.073,0.003,-0.092,-18,-52,-984,73,3,-92,-226,5,438,39.0187621,-104.8934592,2165920,8,32,39.0187623,-104.8934588,2165150,4977,9,11,40,191.24
05-39.879, 2026-04-01 14:46:23, 2026-04-08 16:59:34.290903, True      ,23.75,14.819,9.72,144.041,346,89,0.005,0.033,-2.952,0.036,-0.048,-0.086,23,1,-981,36,-48,-86,-226,5,438,39.0187621,-104.8934592,2165920,8,32,39.0187624,-104.8934587,2165120,4942,11,10,42,190.84
05-39.953, 2026-04-01 14:46:23, 2026-04-08 16:59:34.390613, True      ,23.75,14.901,9.92,147.818,347,89,0.009,0.029,-2.958,0.005,-0.091,-0.074,-15,-16,-1015,5,-90,-74,-225,6,437,39.0187622,-104.8934591,2165850,10,32,39.0187625,-104.8934586,2165090,4910,12,13,43,190.44
05-40.034, 2026-04-01 14:46:23, 2026-04-08 16:59:34.490975, True      ,23.5,14.901,9.92,147.818,347,89,0.006,0.026,-2.963,-0.055,-0.061,-0.097,-40,-51,-991,-54,-61,-96,-224,6,439,39.0187622,-104.8934591,2165850,10,32,39.0187626,-104.8934586,2165060,4889,13,14,42,190.18
05-40.111, 2026-04-01 14:46:23, 2026-04-08 16:59:34.490975, True      ,23.75,14.901,9.92,147.818,347,89,0.005,0.018,-2.972,0.02,-0.081,-0.072,-5,7,-997,20,-81,-72,-220,2,440,39.0187624,-104.8934589,2165790,18,32,39.0187627,-104.8934584,2165020,4848,14,15,43,189.68
05-40.181, 2026-04-01 14:46:23, 2026-04-08 16:59:34.590511, True      ,23.75,14.935,9.77,145.915,347,89,0.005,0.017,-2.977,-0.023,0.006,-0.06,0,-35,-999,-22,5,-60,-219,1,442,39.0187624,-104.8934589,2165790,18,32,39.0187628,-104.8934583,2164990,4814,17,16,45,189.42
05-40.267, 2026-04-01 14:46:23, 2026-04-08 16:59:34.690976, True      ,23.75,14.935,9.77,145.915,347,89,0.003,0.018,-2.978,-0.041,-0.005,-0.069,-38,-74,-972,-41,-4,-69,-219,1,442,39.0187624,-104.8934589,2165790,18,32,39.0187629,-104.8934583,2164980,4805,16,15,44,189.34
05-40.347, 2026-04-01 14:46:23, 2026-04-08 16:59:34.790554, True      ,23.5,14.939,10.1,150.884,348,89,0.002,0.018,-2.991,-0.026,-0.016,-0.09,0,-51,-1020,-25,-16,-90,-217,0,441,39.0187627,-104.8934586,2165730,20,32,39.0187631,-104.893458,2164920,4744,21,19,47,188.61
05-40.432, 2026-04-01 14:46:23, 2026-04-08 16:59:34.892812, True      ,23.5,14.939,10.1,150.884,348,89,0.004,0.014,-2.996,0.067,-0.088,-0.091,-14,-44,-966,67,-88,-91,-220,-3,442,39.0187627,-104.8934586,2165730,20,32,39.0187632,-104.8934579,2164890,4716,21,21,46,188.28
05-40.514, 2026-04-01 14:46:23, 2026-04-08 16:59:34.892812, True      ,23.75,14.939,10.1,150.884,348,89,0.01,-0.001,-3.002,0.049,-0.182,-0.049,-28,-86,-1011,48,-182,-48,-214,-2,444,39.018763,-104.8934582,2165660,28,32,39.0187635,-104.8934576,2164840,4669,22,22,47,187.95
05-40.589, 2026-04-01 14:46:23, 2026-04-08 16:59:34.990490, True      ,23.75,14.941,9.63,143.882,348,89,0.013,-0.017,-3.005,-0.002,-0.207,-0.028,-23,-19,-971,-1,-206,-28,-208,-1,446,39.018763,-104.8934582,2165660,28,32,39.0187636,-104.8934574,2164810,4632,23,24,46,187.78
05-40.684, 2026-04-01 14:46:23, 2026-04-08 16:59:35.090566, True      ,23.75,14.941,9.63,143.882,348,89,0.013,-0.022,-3.006,-0.002,-0.217,-0.028,-9,-45,-990,-1,-217,-28,-208,-1,446,39.018763,-104.8934582,2165660,28,32,39.0187637,-104.8934574,2164800,4621,23,25,47,187.72
05-40.765, 2026-04-01 14:46:23, 2026-04-08 16:59:35.190544, True      ,23.75,14.951,10.08,150.706,349,89,0.025,-0.039,-3.008,0.201,-0.005,0.005,-31,-82,-965,201,-5,4,-197,-1,451,39.0187634,-104.8934577,2165570,31,32,39.018764,-104.8934569,2164720,4544,21,23,50,187.64
05-40.850, 2026-04-01 14:46:24, 2026-04-08 16:59:35.290958, True      ,23.75,14.951,10.08,150.706,349,89,0.04,-0.039,-3.008,0.257,0.005,0.017,-33,0,-974,257,5,16,-193,3,455,39.0187634,-104.8934577,2165570,31,32,39.0187641,-104.8934568,2164690,4518,20,25,50,187.68
05-40.938, 2026-04-01 14:46:24, 2026-04-08 16:59:35.392865, True      ,23.75,14.894,10.31,153.557,349,89,0.043,-0.042,-3.008,-0.023,-0.124,-0.018,-31,-66,-1012,-22,-123,-17,-192,11,453,39.0187638,-104.8934573,2165520,24,32,39.0187643,-104.8934565,2164630,4457,19,22,50,187.64
05-41.029, 2026-04-01 14:46:24, 2026-04-08 16:59:35.392865, True      ,23.75,14.894,10.31,153.557,349,89,0.044,-0.053,-3.01,-0.009,-0.114,-0.015,-34,-4,-995,-8,-113,-15,-189,11,455,39.0187638,-104.8934573,2165520,24,32,39.0187644,-104.8934564,2164590,4414,16,20,49,187.52
05-41.115, 2026-04-01 14:46:24, 2026-04-08 16:59:35.392865, True      ,23.75,14.894,10.31,153.557,349,89,0.044,-0.066,-3.014,0.033,-0.137,-0.052,-45,-55,-1026,33,-137,-52,-183,10,457,39.0187641,-104.8934569,2165450,28,32,39.0187645,-104.8934562,2164540,4364,10,16,50,187.27
05-41.197, 2026-04-01 14:46:24, 2026-04-08 16:59:35.590516, True      ,23.75,14.915,10.16,151.536,350,89,0.048,-0.07,-3.02,0.06,-0.019,-0.065,-8,3,-980,60,-19,-65,-179,11,460,39.0187641,-104.8934569,2165450,28,32,39.0187646,-104.8934561,2164500,4327,7,15,48,186.95
05-41.294, 2026-04-01 14:46:24, 2026-04-08 16:59:35.690944, True      ,23.75,14.915,10.16,151.536,350,89,0.048,-0.071,-3.021,0.054,-0.03,-0.063,-12,-51,-985,53,-30,-63,-179,11,460,39.0187641,-104.8934569,2165450,28,32,39.0187646,-104.893456,2164490,4317,4,13,50,186.85
05-41.378, 2026-04-01 14:46:24, 2026-04-08 16:59:35.790550, True      ,23.75,14.923,10.57,157.736,351,89,0.052,-0.067,-3.031,-0.015,0.104,-0.061,-20,-61,-999,-14,103,-61,-177,11,460,39.0187642,-104.8934564,2165360,14,32,39.0187645,-104.8934559,2164410,4239,-3,7,48,186.3
05-41.473, 2026-04-01 14:46:24, 2026-04-08 16:59:35.892808, True      ,23.75,14.923,10.57,157.736,351,89,0.051,-0.062,-3.033,-0.05,0.126,-0.057,-15,-23,-996,-49,125,-57,-179,11,460,39.0187642,-104.8934564,2165360,14,32,39.0187645,-104.8934559,2164400,4220,-6,5,48,186.18
05-41.562, 2026-04-01 14:46:24, 2026-04-08 16:59:35.990515, True      ,23.75,14.983,9.62,144.136,351,89,0.05,-0.048,-3.039,-0.034,0.095,-0.036,0,-63,-1006,-33,94,-36,-184,9,459,39.0187642,-104.8934562,2165290,3,32,39.0187643,-104.8934559,2164330,4155,-13,-2,48,185.89
05-41.663, 2026-04-01 14:46:24, 2026-04-08 16:59:36.090534, True      ,23.75,14.983,9.62,144.136,351,89,0.05,-0.044,-3.04,-0.047,0.076,-0.025,19,-4,-998,-46,75,-25,-189,8,457,39.0187642,-104.8934562,2165290,3,32,39.0187642,-104.893456,2164300,4125,-14,-3,48,185.82
05-41.755, 2026-04-01 14:46:24, 2026-04-08 16:59:36.190517, True      ,23.75,14.9,10.19,151.831,352,89,0.04,-0.035,-3.04,-0.154,0.031,0.012,-9,-28,-1020,-153,30,12,-192,7,454,39.018764,-104.8934563,2165210,18,32,39.018764,-104.8934561,2164240,4062,-20,-7,47,185.82
05-41.854, 2026-04-01 14:46:25, 2026-04-08 16:59:36.290926, True      ,23.75,14.9,10.19,151.831,352,89,0.03,-0.033,-3.04,-0.12,0.019,0.002,-33,-67,-1012,-120,19,1,-194,2,452,39.018764,-104.8934563,2165210,18,32,39.0187638,-104.8934562,2164200,4027,-24,-11,48,185.85
05-41.946, 2026-04-01 14:46:25, 2026-04-08 16:59:36.392923, True      ,23.75,14.923,9.89,147.588,352,89,0.016,-0.022,-3.038,-0.127,0.126,0.012,20,-9,-1008,-127,125,11,-196,-3,452,39.0187637,-104.8934565,2165150,20,32,39.0187635,-104.8934564,2164150,3970,-27,-12,49,185.93
05-42.043, 2026-04-01 14:46:25, 2026-04-08 16:59:36.490964, True      ,23.75,14.923,9.89,147.588,352,89,0.006,-0.012,-3.037,-0.068,0.112,0.013,-9,-64,-985,-67,111,12,-202,-9,450,39.0187637,-104.8934565,2165150,20,32,39.0187633,-104.8934565,2164110,3930,-27,-13,50,186.03
05-42.137, 2026-04-01 14:46:25, 2026-04-08 16:59:36.590547, True      ,23.5,14.967,9.69,145.03,353,89,0.001,0.004,-3.036,-0.061,0.206,-0.009,0,-5,-1008,-60,206,-9,-207,-12,446,39.0187633,-104.8934567,2165060,32,32,39.018763,-104.8934567,2164050,3875,-28,-8,49,186.05
05-42.233, 2026-04-01 14:46:25, 2026-04-08 16:59:36.690551, True      ,23.75,14.967,9.69,145.03,353,89,0.004,0.016,-3.036,0.054,0.122,0.005,-8,-25,-985,53,122,4,-215,-14,445,39.0187633,-104.8934567,2165060,32,32,39.0187627,-104.8934569,2164010,3830,-26,-8,48,186.04
05-42.325, 2026-04-01 14:46:25, 2026-04-08 16:59:36.690551, True      ,23.75,14.967,9.69,145.03,353,89,-0.007,0.029,-3.033,-0.142,0.079,0.049,-31,-63,-979,-141,79,48,-219,-13,439,39.0187628,-104.893457,2164990,26,32,39.0187624,-104.893457,2163950,3778,-26,-4,50,186.27
05-42.424, 2026-04-01 14:46:25, 2026-04-08 16:59:36.690551, True      ,23.75,14.967,9.69,145.03,353,89,-0.015,0.032,-3.031,-0.022,0.023,-0.011,-52,-76,-1013,-22,23,-10,-224,-19,437,39.0187628,-104.893457,2164990,26,32,39.0187623,-104.893457,2163910,3734,-22,-1,50,186.34
05-42.518, 2026-04-01 14:46:25, 2026-04-08 16:59:36.690551, True      ,23.75,14.967,9.69,145.03,353,89,-0.011,0.032,-3.037,0.051,-0.138,-0.106,34,-17,-995,51,-137,-106,-226,-20,437,39.0187623,-104.8934571,2164920,29,32,39.0187621,-104.893457,2163860,3681,-21,2,52,185.93
05-42.614, 2026-04-01 14:46:25, 2026-04-08 16:59:36.690551, True      ,23.75,14.967,9.69,145.03,353,89,-0.007,0.005,-3.051,0.047,-0.256,-0.154,-17,-50,-988,47,-256,-154,-217,-21,438,39.0187623,-104.8934571,2164920,29,32,39.0187619,-104.8934569,2163800,3628,-20,6,53,185.1
05-42.706, 2026-04-01 14:46:25, 2026-04-08 16:59:37.090520, True      ,23.75,14.967,9.69,145.03,353,89,-0.002,0.001,-3.068,0.074,-0.008,-0.217,46,-39,-1056,74,-7,-216,-210,-21,444,39.0187623,-104.8934571,2164920,29,32,39.0187617,-104.8934569,2163750,3579,-21,9,52,184.09
05-42.792, 2026-04-01 14:46:25, 2026-04-08 16:59:37.190480, True      ,23.75,14.953,10.01,149.68,354,89,0.017,-0.004,-3.091,0.313,-0.03,-0.252,-14,-72,-1023,313,-30,-252,-210,-21,444,39.0187619,-104.893457,2164850,16,32,39.0187615,-104.8934568,2163710,3536,-22,11,46,182.8
05-42.897, 2026-04-01 14:46:26, 2026-04-08 16:59:37.290549, True      ,23.75,14.953,10.01,149.68,354,89,0.025,-0.002,-3.097,0.24,0.097,-0.247,-11,-36,-1009,239,96,-247,-209,-20,448,39.0187619,-104.893457,2164850,16,32,39.0187614,-104.8934568,2163700,3521,-22,11,46,182.36
05-42.982, 2026-04-01 14:46:26, 2026-04-08 16:59:37.392831, True      ,23.75,15.034,9.98,150.039,355,89,0.067,0.027,-3.131,0.076,0.048,-0.155,-12,-85,-993,76,47,-155,-213,-13,447,39.0187616,-104.8934569,2164760,20,32,39.0187611,-104.8934566,2163620,3447,-22,7,46,180.54
05-43.083, 2026-04-01 14:46:26, 2026-04-08 16:59:37.490917, True      ,23.75,15.034,9.98,150.039,355,89,0.06,0.03,-3.135,-0.289,0.072,-0.114,-10,-62,-1002,-288,71,-114,-222,-4,444,39.0187616,-104.8934569,2164760,20,32,39.018761,-104.8934566,2163600,3428,-20,6,47,180.3
05-43.171, 2026-04-01 14:46:26, 2026-04-08 16:59:37.590533, True      ,23.75,15.04,9.32,140.173,356,89,0.037,0.035,3.138,0.114,-0.031,-0.013,-30,-58,-983,114,-30,-13,-224,-16,438,39.0187612,-104.8934568,2164690,19,32,39.0187608,-104.8934566,2163530,3359,-15,2,46,179.8
05-43.272, 2026-04-01 14:46:26, 2026-04-08 16:59:37.690477, True      ,23.75,15.04,9.32,140.173,356,89,0.035,0.037,3.139,-0.071,0.05,0.042,5,-48,-973,-70,49,41,-227,-20,441,39.0187612,-104.8934568,2164690,19,32,39.0187608,-104.8934566,2163510,3335,-14,2,47,179.91
05-43.361, 2026-04-01 14:46:26, 2026-04-08 16:59:37.790517, True      ,23.75,14.941,10.16,151.801,356,89,0.026,0.032,-3.13,-0.047,0.051,0.133,-21,-13,-970,-46,50,132,-223,-21,439,39.0187609,-104.8934568,2164620,15,32,39.0187606,-104.8934566,2163440,3266,-8,2,51,180.77
05-43.464, 2026-04-01 14:46:26, 2026-04-08 16:59:37.892825, True      ,23.75,14.941,10.16,151.801,356,89,0.038,0.034,-3.121,0.287,0.023,0.146,-11,-36,-979,286,22,146,-224,-21,440,39.0187609,-104.8934568,2164620,15,32,39.0187606,-104.8934566,2163410,3234,-5,0,52,181.29
05-43.555, 2026-04-01 14:46:26, 2026-04-08 16:59:37.990521, True      ,23.75,14.837,10.96,162.614,357,89,0.035,0.051,-3.096,-0.137,0.042,0.209,-10,-29,-981,-137,41,208,-228,-12,436,39.0187608,-104.8934569,2164570,4,32,39.0187606,-104.8934567,2163340,3166,-1,-1,52,182.73
05-43.656, 2026-04-01 14:46:26, 2026-04-08 16:59:38.090596, True      ,23.75,14.837,10.96,162.614,357,89,0.024,0.05,-3.082,-0.131,-0.047,0.199,2,-55,-1008,-131,-46,198,-232,-11,432,39.0187608,-104.8934569,2164570,4,32,39.0187607,-104.8934567,2163310,3131,2,-1,51,183.58
05-43.745, 2026-04-01 14:46:26, 2026-04-08 16:59:38.190499, True      ,23.75,14.765,10.82,159.757,357,89,0.016,0.037,-3.051,-0.202,0.002,0.271,2,-70,-993,-201,1,270,-229,-11,434,39.0187608,-104.8934569,2164480,3,32,39.0187608,-104.8934568,2163250,3071,8,1,54,185.33
05-43.837, 2026-04-01 14:46:27, 2026-04-08 16:59:38.290989, True      ,23.75,14.765,10.82,159.757,357,89,0.013,0.031,-3.03,-0.019,-0.08,0.271,-7,-68,-1013,-19,-80,270,-225,-10,434,39.0187608,-104.8934569,2164480,3,32,39.0187608,-104.8934568,2163200,3026,12,1,54,186.61
05-43.925, 2026-04-01 14:46:27, 2026-04-08 16:59:38.290989, True      ,23.75,14.765,10.82,159.757,357,89,0.021,0.015,-3.002,0.126,-0.114,0.233,17,1,-986,126,-114,232,-220,-5,436,39.0187609,-104.8934569,2164410,15,32,39.018761,-104.8934568,2163140,2966,15,3,55,188.11
05-44.014, 2026-04-01 14:46:27, 2026-04-08 16:59:38.290989, True      ,23.75,14.765,10.82,159.757,357,89,0.025,0.017,-2.986,-0.004,0.086,0.202,-56,-72,-1021,-3,85,201,-215,3,440,39.0187609,-104.8934569,2164410,15,32,39.0187611,-104.8934568,2163100,2923,17,4,55,189.04
05-44.103, 2026-04-01 14:46:27, 2026-04-08 16:59:38.490544, True      ,23.75,14.765,10.82,159.757,357,89,0.02,0.028,-2.969,-0.06,0.088,0.164,40,-19,-1073,-59,87,163,-218,7,438,39.0187609,-104.8934569,2164410,15,32,39.0187613,-104.8934567,2163050,2874,17,5,49,189.97
05-44.187, 2026-04-01 14:46:27, 2026-04-08 16:59:38.590523, True      ,23.75,14.839,8.92,132.364,358,89,0.021,0.013,-2.962,0.044,-0.273,0.027,32,9,-1048,44,-273,26,-218,7,438,39.0187611,-104.8934569,2164320,10,32,39.0187614,-104.8934567,2163010,2833,17,3,46,190.31
05-44.283, 2026-04-01 14:46:27, 2026-04-08 16:59:38.690934, True      ,23.75,14.839,8.92,132.364,358,89,0.024,0.004,-2.962,0.202,-0.354,-0.015,0,-15,-995,202,-354,-15,-219,8,439,39.0187611,-104.8934569,2164320,10,32,39.0187615,-104.8934567,2162990,2818,17,1,45,190.23
05-44.368, 2026-04-01 14:46:27, 2026-04-08 16:59:38.790497, True      ,23.75,14.727,11.06,162.881,359,89,0.06,-0.03,-2.967,0.006,-0.141,-0.036,-4,-25,-1021,5,-141,-36,-206,17,447,39.0187614,-104.8934568,2164220,16,32,39.0187617,-104.8934567,2162920,2743,16,0,51,189.96
05-44.462, 2026-04-01 14:46:27, 2026-04-08 16:59:38.892850, True      ,23.75,14.727,11.06,162.881,359,89,0.054,-0.026,-2.972,-0.212,0.163,-0.126,21,0,-1045,-212,163,-125,-195,25,448,39.0187614,-104.8934568,2164220,16,32,39.0187618,-104.8934567,2162890,2717,15,-1,48,189.66
05-44.551, 2026-04-01 14:46:27, 2026-04-08 16:59:38.990554, True      ,23.75,14.789,9.02,133.397,360,89,0.007,-0.017,-2.978,-0.516,0.042,-0.02,5,-50,-1011,-516,41,-20,-198,18,447,39.0187617,-104.8934567,2164160,17,32,39.018762,-104.8934566,2162830,2659,8,-3,44,189.35
05-44.641, 2026-04-01 14:46:27, 2026-04-08 16:59:39.090472, True      ,23.75,14.789,9.02,133.397,360,89,-0.013,-0.018,-2.98,-0.125,-0.046,-0.043,6,-18,-984,-124,-46,-43,-200,0,446,39.0187617,-104.8934567,2164160,17,32,39.018762,-104.8934567,2162800,2627,6,-2,44,189.23
05-44.730, 2026-04-01 14:46:27, 2026-04-08 16:59:39.190528, True      ,23.75,14.886,9.78,145.585,360,89,0.01,-0.024,-2.985,0.243,0.105,-0.051,12,-38,-968,243,104,-51,-199,-6,450,39.0187619,-104.8934567,2164100,8,32,39.0187621,-104.8934567,2162750,2575,4,-1,49,188.96
05-44.832, 2026-04-01 14:46:28, 2026-04-08 16:59:39.290506, True      ,23.75,14.886,9.78,145.585,360,89,0.024,-0.005,-2.989,0.102,0.164,-0.057,1,-43,-1024,101,164,-57,-202,2,449,39.0187619,-104.8934567,2164100,8,32,39.018762,-104.8934567,2162710,2536,0,-3,48,188.72
05-44.907, 2026-04-01 14:46:28, 2026-04-08 16:59:39.290506, True      ,23.75,14.886,9.78,145.585,360,89,0.021,0.002,-2.999,-0.039,0.079,-0.121,-17,-71,-1008,-39,78,-121,-207,4,444,39.0187619,-104.8934569,2164050,4,32,39.018762,-104.8934568,2162670,2490,0,-2,48,188.11
05-44.970, 2026-04-01 14:46:28, 2026-04-08 16:59:39.392856, True      ,23.75,14.967,9.31,139.343,361,89,0.022,0.019,-3.007,-0.007,0.312,-0.124,6,10,-1013,-6,311,-124,-207,4,444,39.0187619,-104.8934569,2164050,4,32,39.018762,-104.8934568,2162640,2463,0,-4,48,187.68
05-45.052, 2026-04-01 14:46:28, 2026-04-08 16:59:39.490525, True      ,23.75,14.967,9.31,139.343,361,89,0.021,0.028,-3.01,0.046,0.326,-0.123,32,-47,-989,46,325,-123,-215,2,444,39.0187619,-104.8934569,2164050,4,32,39.018762,-104.8934568,2162620,2449,0,-3,49,187.48
05-45.124, 2026-04-01 14:46:28, 2026-04-08 16:59:39.490525, True      ,23.75,14.967,9.31,139.343,361,89,0.029,0.023,-3.021,0.002,-0.248,-0.082,-15,-36,-967,2,-248,-82,-225,1,439,39.0187619,-104.893457,2163970,5,32,39.018762,-104.8934569,2162570,2396,1,-4,49,186.86
05-45.192, 2026-04-01 14:46:28, 2026-04-08 16:59:39.490525, True      ,23.75,14.967,9.31,139.343,361,89,0.02,0.013,-3.028,-0.179,-0.072,-0.091,29,-17,-1006,-178,-72,-91,-219,0,440,39.0187619,-104.893457,2163970,5,32,39.018762,-104.8934569,2162540,2366,1,-5,49,186.48
05-45.264, 2026-04-01 14:46:28, 2026-04-08 16:59:39.690467, True      ,23.75,14.967,9.31,139.343,361,89,0.018,0.009,-3.035,-0.011,-0.056,-0.092,36,0,-1001,-10,-56,-92,-219,0,440,39.0187619,-104.893457,2163970,5,32,39.018762,-104.893457,2162510,2331,1,-5,50,186.08
05-45.333, 2026-04-01 14:46:28, 2026-04-08 16:59:39.790530, True      ,23.75,14.912,9.54,142.26,362,89,0.019,0.005,-3.04,0.05,-0.106,-0.056,-18,-58,-1001,49,-106,-56,-214,-5,444,39.0187619,-104.8934571,2163920,5,32,39.018762,-104.893457,2162480,2300,0,-5,50,185.81
05-45.405, 2026-04-01 14:46:28, 2026-04-08 16:59:39.790530, True      ,23.75,14.912,9.54,142.26,362,89,0.021,-0.002,-3.042,-0.023,-0.059,-0.008,2,-25,-985,-22,-58,-8,-212,-7,445,39.0187619,-104.8934571,2163920,5,32,39.0187619,-104.8934571,2162440,2266,-1,-4,51,185.72
05-45.473, 2026-04-01 14:46:28, 2026-04-08 16:59:39.892867, True      ,23.75,14.912,9.54,142.26,362,89,0.014,0,-3.041,-0.077,0.058,0.019,0,-11,-988,-76,58,18,-212,-7,445,39.0187619,-104.8934571,2163920,5,32,39.0187619,-104.8934572,2162410,2232,-1,-5,51,185.8
05-45.560, 2026-04-01 14:46:28, 2026-04-08 16:59:39.990519, True      ,23.75,14.896,9.38,139.724,362,89,0.011,0.005,-3.039,-0.043,0.102,0.014,2,-55,-1002,-43,101,13,-208,-9,445,39.0187618,-104.8934572,2163820,8,32,39.0187619,-104.8934572,2162370,2195,-2,-5,54,185.89
05-45.645, 2026-04-01 14:46:28, 2026-04-08 16:59:40.090519, True      ,23.75,14.896,9.38,139.724,362,89,0.006,0.014,-3.038,-0.065,0.155,0.029,-6,-54,-979,-65,154,28,-212,-10,444,39.0187618,-104.8934572,2163820,8,32,39.0187618,-104.8934572,2162340,2161,-1,-3,53,185.99
05-45.715, 2026-04-01 14:46:28, 2026-04-08 16:59:40.090519, True      ,23.75,14.896,9.38,139.724,362,89,0.009,0.031,-3.034,0.124,0.099,0.046,18,-7,-985,124,98,45,-218,-12,441,39.0187617,-104.8934573,2163760,5,32,39.0187618,-104.8934573,2162270,2099,-2,0,55,186.19
05-45.780, 2026-04-01 14:46:28, 2026-04-08 16:59:40.190555, True      ,23.75,14.918,9.64,143.81,363,88,0.018,0.027,-3.03,0.135,-0.123,0.084,15,-59,-982,134,-123,83,-223,-8,439,39.0187617,-104.8934573,2163760,5,32,39.0187618,-104.8934573,2162240,2066,-3,-1,53,186.48
05-45.856, 2026-04-01 14:46:29, 2026-04-08 16:59:40.290953, True      ,23.75,14.918,9.64,143.81,363,88,0.019,0.025,-3.028,0.085,-0.124,0.091,3,-69,-995,85,-124,91,-223,-8,439,39.0187617,-104.8934573,2163760,5,32,39.0187618,-104.8934573,2162230,2055,-2,0,55,186.58
05-45.925, 2026-04-01 14:46:29, 2026-04-08 16:59:40.290953, True      ,23.75,14.918,9.64,143.81,363,88,0.022,0.042,-3.018,0.027,0.258,0.079,30,-35,-1034,26,257,78,-221,-3,439,39.0187616,-104.8934574,2163690,5,32,39.0187618,-104.8934573,2162170,1994,-1,-1,53,187.11
05-45.995, 2026-04-01 14:46:29, 2026-04-08 16:59:40.290953, True      ,23.75,14.918,9.64,143.81,363,88,0.023,0.052,-3.011,-0.038,0.055,0.105,4,-58,-1005,-37,54,104,-231,0,436,39.0187616,-104.8934574,2163690,5,32,39.0187618,-104.8934573,2162130,1959,0,-3,51,187.51
05-46.063, 2026-04-01 14:46:29, 2026-04-08 16:59:40.490936, True      ,23.75,14.918,9.64,143.81,363,88,0.015,0.047,-3.004,-0.156,-0.111,0.097,37,-3,-1004,-155,-111,96,-231,0,436,39.0187616,-104.8934574,2163690,5,32,39.0187618,-104.8934574,2162100,1922,1,-2,52,187.9
05-46.149, 2026-04-01 14:46:29, 2026-04-08 16:59:40.590549, True      ,23.75,14.883,9.65,143.621,364,88,0.009,0.041,-3,-0.052,-0.061,0.069,-20,-6,-973,-51,-61,69,-231,-1,432,39.0187617,-104.8934575,2163610,3,32,39.0187618,-104.8934574,2162060,1889,2,-3,52,188.17
05-46.218, 2026-04-01 14:46:29, 2026-04-08 16:59:40.590549, True      ,23.75,14.883,9.65,143.621,364,88,0.015,0.039,-2.994,0.12,0.005,0.08,3,-36,-977,120,4,79,-229,-2,436,39.0187617,-104.8934575,2163610,3,32,39.0187618,-104.8934574,2162030,1851,5,-1,52,188.49
05-46.287, 2026-04-01 14:46:29, 2026-04-08 16:59:40.590549, True      ,23.75,14.883,9.65,143.621,364,88,0.02,0.034,-2.985,-0.02,-0.112,0.116,-4,-75,-1019,-20,-112,115,-227,2,436,39.0187617,-104.8934575,2163520,7,32,39.0187618,-104.8934574,2161980,1804,7,-2,53,189.03
05-46.351, 2026-04-01 14:46:29, 2026-04-08 16:59:40.790545, True      ,23.75,14.804,10.24,151.593,364,88,0.018,0.026,-2.977,-0.064,-0.094,0.121,14,6,-1001,-63,-94,120,-227,2,436,39.0187617,-104.8934575,2163520,7,32,39.0187619,-104.8934575,2161940,1765,9,-2,54,189.52
05-46.421, 2026-04-01 14:46:29, 2026-04-08 16:59:40.790545, True      ,23.75,14.804,10.24,151.593,364,88,0.016,0.023,-2.972,-0.066,-0.067,0.131,13,-34,-994,-65,-67,130,-222,4,437,39.0187617,-104.8934575,2163520,7,32,39.0187619,-104.8934575,2161920,1744,9,-2,51,189.8
05-46.489, 2026-04-01 14:46:29, 2026-04-08 16:59:40.790545, True      ,23.75,14.804,10.24,151.593,364,88,0.013,0.014,-2.962,0.038,-0.096,0.109,-22,-30,-1021,38,-96,108,-217,5,439,39.0187618,-104.8934576,2163440,2,32,39.018762,-104.8934575,2161870,1695,10,0,53,190.39
05-46.558, 2026-04-01 14:46:29, 2026-04-08 16:59:40.990506, True      ,23.75,14.845,10.03,148.895,365,88,0.012,0.017,-2.956,-0.027,0.079,0.048,-9,-25,-976,-27,78,47,-217,5,439,39.0187618,-104.8934576,2163440,2,32,39.0187621,-104.8934575,2161830,1654,9,0,52,190.64
05-46.639, 2026-04-01 14:46:29, 2026-04-08 16:59:41.090574, True      ,23.75,14.845,10.03,148.895,365,88,0.008,0.019,-2.955,-0.085,0.077,0.017,28,-52,-1036,-84,77,16,-217,7,441,39.0187618,-104.8934576,2163440,2,32,39.0187621,-104.8934575,2161810,1631,11,1,53,190.68
05-46.711, 2026-04-01 14:46:29, 2026-04-08 16:59:41.090574, True      ,23.75,14.845,10.03,148.895,365,88,0.008,0.018,-2.958,-0.035,-0.057,-0.052,15,-51,-1034,-35,-57,-52,-218,6,440,39.0187619,-104.8934577,2163350,11,32,39.0187622,-104.8934576,2161750,1572,11,0,50,190.47
05-46.774, 2026-04-01 14:46:29, 2026-04-08 16:59:41.190532, True      ,24,14.875,9.24,137.445,365,88,0.001,0.014,-2.963,-0.081,-0.079,-0.077,-15,-84,-1010,-80,-79,-77,-217,4,441,39.0187619,-104.8934577,2163350,11,32,39.0187623,-104.8934576,2161720,1540,10,0,49,190.2
05-46.857, 2026-04-01 14:46:30, 2026-04-08 16:59:41.290885, True      ,23.75,14.875,9.24,137.445,365,88,0.001,0.011,-2.964,-0.097,-0.082,-0.082,3,-21,-1022,-97,-82,-82,-217,4,441,39.0187619,-104.8934577,2163350,11,32,39.0187623,-104.8934576,2161700,1529,10,2,49,190.09
05-46.932, 2026-04-01 14:46:30, 2026-04-08 16:59:41.390551, True      ,23.75,14.923,9.49,141.619,366,88,0.003,0.004,-2.977,0.064,-0.067,-0.106,-19,-41,-1022,63,-66,-106,-214,0,444,39.0187621,-104.8934577,2163290,11,32,39.0187624,-104.8934576,2161650,1472,12,1,48,189.37
05-47.003, 2026-04-01 14:46:30, 2026-04-08 16:59:41.390551, True      ,23.75,14.923,9.49,141.619,366,88,0.003,-0.001,-2.986,-0.016,-0.066,-0.112,-13,-98,-991,-15,-66,-112,-212,-1,445,39.0187621,-104.8934577,2163290,11,32,39.0187625,-104.8934575,2161610,1432,10,0,48,188.86
05-47.078, 2026-04-01 14:46:30, 2026-04-08 16:59:41.491015, True      ,23.75,14.923,9.49,141.619,366,88,-0.002,-0.006,-2.993,-0.059,-0.075,-0.091,-21,-24,-973,-58,-75,-91,-212,-1,445,39.0187621,-104.8934577,2163290,11,32,39.0187625,-104.8934575,2161570,1397,8,2,48,188.46
05-47.147, 2026-04-01 14:46:30, 2026-04-08 16:59:41.590488, True      ,23.75,14.899,9.92,147.798,367,88,0.002,-0.008,-2.998,0.064,-0.012,-0.045,-12,0,-985,64,-11,-45,-207,-5,445,39.0187623,-104.8934576,2163190,7,32,39.0187626,-104.8934575,2161530,1356,7,4,49,188.18
05-47.221, 2026-04-01 14:46:30, 2026-04-08 16:59:41.590488, True      ,23.75,14.899,9.92,147.798,367,88,0.006,-0.009,-3,0.097,-0.006,-0.033,20,5,-995,96,-6,-33,-207,-6,448,39.0187623,-104.8934576,2163190,7,32,39.0187626,-104.8934575,2161510,1329,8,6,49,188.08
05-47.297, 2026-04-01 14:46:30, 2026-04-08 16:59:41.590488, True      ,23.75,14.899,9.92,147.798,367,88,0.011,-0.004,-3.002,0.053,0.101,-0.011,0,-5,-995,53,100,-11,-206,-4,447,39.0187624,-104.8934575,2163120,11,32,39.0187626,-104.8934574,2161460,1284,6,6,50,188
05-47.365, 2026-04-01 14:46:30, 2026-04-08 16:59:41.790541, True      ,24,14.93,9.96,148.703,367,88,0.017,0.005,-3.001,0.112,0.094,0.019,-7,-71,-1011,111,94,18,-206,-4,447,39.0187624,-104.8934575,2163120,11,32,39.0187627,-104.8934574,2161420,1248,5,4,50,188.08
05-47.443, 2026-04-01 14:46:30, 2026-04-08 16:59:41.892862, True      ,23.75,14.93,9.96,148.703,367,88,0.02,0.006,-3,0.054,0.011,0.044,-9,-49,-1012,54,10,43,-211,0,446,39.0187624,-104.8934575,2163120,11,32,39.0187627,-104.8934574,2161400,1228,5,4,51,188.2
05-47.514, 2026-04-01 14:46:30, 2026-04-08 16:59:41.892862, True      ,23.75,14.93,9.96,148.703,367,88,0.017,0,-2.991,-0.026,-0.031,0.099,-21,-35,-972,-26,-31,98,-210,2,444,39.0187626,-104.8934574,2163060,6,32,39.0187627,-104.8934573,2161350,1174,5,6,50,188.7
05-47.580, 2026-04-01 14:46:30, 2026-04-08 16:59:41.990489, True      ,23.75,14.828,10.3,152.728,368,88,0.016,0.002,-2.984,-0.023,0.038,0.103,-3,-10,-1013,-22,38,102,-211,2,445,39.0187626,-104.8934574,2163060,6,32,39.0187627,-104.8934572,2161320,1141,5,5,51,189.1
05-47.670, 2026-04-01 14:46:30, 2026-04-08 16:59:42.090540, True      ,23.75,14.828,10.3,152.728,368,88,0.016,0.003,-2.982,0.035,0.034,0.099,-10,-19,-1022,35,34,98,-211,2,445,39.0187626,-104.8934574,2163060,6,32,39.0187627,-104.8934572,2161310,1130,4,4,50,189.22
05-47.738, 2026-04-01 14:46:30, 2026-04-08 16:59:42.190483, True      ,23.75,14.844,9.8,145.471,368,88,0.017,0.007,-2.968,-0.018,-0.032,0.129,4,-26,-1031,-17,-32,128,-211,5,444,39.0187626,-104.8934573,2162990,9,32,39.0187628,-104.8934572,2161240,1061,5,7,50,190.05
05-47.804, 2026-04-01 14:46:30, 2026-04-08 16:59:42.190483, True      ,23.75,14.844,9.8,145.471,368,88,0.017,0.005,-2.96,0.012,-0.01,0.125,0,-6,-999,12,-10,124,-212,7,443,39.0187626,-104.8934573,2162990,9,32,39.0187628,-104.8934571,2161200,1029,4,6,50,190.5
05-47.871, 2026-04-01 14:46:31, 2026-04-08 16:59:42.290961, True      ,23.75,14.844,9.8,145.471,368,88,0.021,0.002,-2.951,0.027,-0.068,0.128,0,-9,-1008,26,-68,127,-212,7,443,39.0187626,-104.8934573,2162990,9,32,39.0187628,-104.8934571,2161170,993,4,4,51,191
05-47.938, 2026-04-01 14:46:31, 2026-04-08 16:59:42.392848, True      ,23.75,14.798,10.09,149.312,369,88,0.018,-0.002,-2.943,-0.077,-0.032,0.113,2,-22,-1021,-77,-31,112,-211,10,444,39.0187626,-104.8934572,2162890,1,32,39.0187628,-104.8934571,2161130,956,5,7,51,191.46
05-48.006, 2026-04-01 14:46:31, 2026-04-08 16:59:42.392848, True      ,23.75,14.798,10.09,149.312,369,88,0.017,-0.001,-2.937,-0.001,0.031,0.082,-12,7,-1008,0,30,81,-208,12,444,39.0187626,-104.8934572,2162890,1,32,39.0187628,-104.893457,2161100,923,4,6,50,191.77
05-48.089, 2026-04-01 14:46:31, 2026-04-08 16:59:42.490900, True      ,23.75,14.798,10.09,149.312,369,88,0.02,-0.001,-2.932,0.079,-0.02,0.073,-39,-36,-978,79,-19,72,-208,12,444,39.0187626,-104.8934572,2162890,1,32,39.0187628,-104.893457,2161060,886,6,5,51,192.06
05-49.717, 2026-04-01 14:46:32, 2026-04-08 16:59:42.590494, True      ,23.75,14.787,10.06,148.757,369,88,0.016,-0.001,-2.927,-0.081,-0.01,0.034,26,-26,-1023,-81,-9,33,-208,14,444,39.0187626,-104.8934572,2162820,3,32,39.0187628,-104.893457,2161020,840,5,6,50,192.29
05-50.350, 2026-04-01 14:46:33, 2026-04-08 16:59:42.690984, True      ,24,14.81,10.29,152.395,370,88,0.014,-0.002,-2.927,-0.017,-0.05,0.012,-27,-48,-994,-17,-50,11,-209,15,444,39.0187626,-104.8934572,2162820,3,32,39.0187628,-104.8934569,2161000,820,5,3,49,192.31
05-50.440, 2026-04-01 14:46:33, 2026-04-08 16:59:42.892972, True      ,23.75,14.866,9.93,147.619,370,88,0.017,-0.01,-2.934,-0.048,-0.028,-0.069,-43,-64,-1014,-47,-28,-69,-206,15,446,39.0187627,-104.8934571,2162760,7,32,39.0187629,-104.8934569,2160900,721,4,4,49,191.86
05-50.530, 2026-04-01 14:46:33, 2026-04-08 16:59:43.090485, True      ,23.75,14.837,10.4,154.305,371,88,0.019,-0.007,-2.952,-0.047,0.008,-0.097,-13,-55,-995,-46,7,-97,-206,14,447,39.0187628,-104.893457,2162670,4,32,39.0187629,-104.8934568,2160800,621,2,2,48,190.82
05-50.623, 2026-04-01 14:46:33, 2026-04-08 16:59:43.290933, True      ,23.75,14.86,9.76,145.034,372,88,0.01,-0.005,-2.966,0.009,0.01,-0.052,-17,-5,-1032,8,10,-52,-206,6,447,39.0187628,-104.893457,2162580,3,32,39.0187629,-104.8934568,2160690,519,1,2,49,190.02
05-50.720, 2026-04-01 14:46:33, 2026-04-08 16:59:43.490933, True      ,23.75,14.798,10.63,157.303,372,88,0.01,-0.014,-2.967,-0.028,-0.063,0.039,-15,-1,-971,-27,-63,38,-205,4,447,39.0187629,-104.893457,2162530,6,32,39.0187629,-104.8934568,2160600,424,1,3,46,190.03
05-50.810, 2026-04-01 14:46:33, 2026-04-08 16:59:43.690925, True      ,23.75,14.833,10.02,148.627,373,88,0.005,-0.015,-2.953,0.024,0.029,0.097,38,4,-1023,23,28,96,-202,3,448,39.0187629,-104.893457,2162460,2,32,39.018763,-104.8934568,2160500,328,0,3,48,190.88
05-50.909, 2026-04-01 14:46:34, 2026-04-08 16:59:43.890658, True      ,23.75,14.802,10.35,153.201,373,88,0.004,0.003,-2.936,-0.037,0.101,0.076,-2,-9,-1007,-37,100,75,-207,9,446,39.0187629,-104.893457,2162370,1,32,39.0187629,-104.8934568,2160410,230,0,3,48,191.82
05-51.005, 2026-04-01 14:46:34, 2026-04-08 16:59:44.090503, True      ,23.75,14.92,9.89,147.559,374,88,-0.005,-0.014,-2.927,-0.065,-0.033,0.022,0,-15,-1025,-65,-33,21,-204,4,447,39.0187629,-104.8934569,2162310,4,32,39.018763,-104.8934567,2160310,129,-2,6,49,192.28
05-51.105, 2026-04-01 14:46:34, 2026-04-08 16:59:44.290951, True      ,24,14.859,10.96,162.855,374,88,0.015,-0.016,-2.948,0.101,-0.11,-0.14,-19,-26,-968,101,-110,-139,-204,6,450,39.0187629,-104.8934568,2162240,7,32,39.018763,-104.8934566,2160210,31,-3,7,52,191.01
05-51.202, 2026-04-01 14:46:34, 2026-04-08 16:59:44.490493, True      ,23.75,15.477,1.04,16.096,375,88,-0.002,-0.003,-2.977,-0.157,0.244,-0.097,-42,-42,-1138,-157,243,-97,-204,0,448,39.0187629,-104.8934568,2162160,4,32,39.0187629,-104.8934565,2160110,-68,-2,8,44,189.4
05-51.298, 2026-04-01 14:46:34, 2026-04-08 16:59:44.690837, True      ,23.75,15.464,0.57,8.814,375,88,-0.039,0.02,-2.966,0.044,0.106,0.058,52,96,-919,43,105,57,-225,-14,448,39.0187628,-104.8934566,2162090,11,32,39.0187629,-104.8934563,2160070,-104,0,0,20,190.08
05-51.391, 2026-04-01 14:46:34, 2026-04-08 16:59:44.891009, True      ,23.75,15.616,0,0,375,88,-0.031,0.022,-2.967,0.005,0.002,-0.005,-22,39,-991,4,1,-5,-227,-11,447,39.0187629,-104.8934564,2162070,8,32,39.018763,-104.8934564,2160050,-126,0,0,15,190.01
05-51.483, 2026-04-01 14:46:34, 2026-04-08 16:59:45.090916, True      ,23.75,15.715,0,0,375,88,-0.031,0.022,-2.967,0.001,0.009,-0.001,30,29,-1018,0,8,-1,-228,-9,449,39.0187629,-104.8934564,2162090,1,32,39.018763,-104.8934563,2160030,-146,0,0,13,190.02
05-51.579, 2026-04-01 14:46:34, 2026-04-08 16:59:45.290966, True      ,23.75,15.719,0,0,375,88,-0.032,0.024,-2.966,-0.01,0,0.005,13,31,-1003,-10,0,4,-230,-9,449,39.018763,-104.8934564,2162080,2,32,39.018763,-104.8934563,2160000,-171,0,0,14,190.04
05-51.672, 2026-04-01 14:46:34, 2026-04-08 16:59:45.490923, True      ,23.75,15.709,0,0,375,88,-0.032,0.025,-2.966,0.007,0.004,0,9,4,-1006,7,3,0,-230,-10,449,39.018763,-104.8934564,2162080,1,32,39.018763,-104.8934563,2159980,-198,0,1,15,190.07
05-51.769, 2026-04-01 14:46:34, 2026-04-08 16:59:45.691021, True      ,23.75,15.73,0,0,375,88,-0.033,0.025,-2.966,-0.002,0.001,0.002,8,12,-1003,-1,0,1,-231,-9,449,39.018763,-104.8934564,2162080,3,32,39.018763,-104.8934563,2159950,-224,0,1,14,190.08
05-51.859, 2026-04-01 14:46:35, 2026-04-08 16:59:45.892865, True      ,23.75,15.729,0,0,375,88,-0.033,0.026,-2.965,0.006,0,0.001,22,10,-1004,5,0,0,-231,-10,449,39.0187631,-104.8934564,2162080,3,32,39.0187631,-104.8934563,2159930,-248,1,0,15,190.1
05-51.970, 2026-04-01 14:46:35, 2026-04-08 16:59:46.090513, True      ,24,15.728,0,0,375,88,-0.033,0.026,-2.965,0.005,0.001,0.002,17,-3,-998,4,0,1,-231,-10,449,39.0187631,-104.8934563,2162080,1,32,39.0187631,-104.8934563,2159900,-273,1,1,15,190.12
05-52.060, 2026-04-01 14:46:35, 2026-04-08 16:59:46.290885, True      ,23.75,15.728,0,0,375,88,-0.033,0.026,-2.965,-0.006,-0.001,0.003,13,9,-998,-6,-1,2,-230,-9,448,39.0187631,-104.8934564,2162070,3,32,39.0187631,-104.8934563,2159880,-297,1,0,14,190.13
05-52.151, 2026-04-01 14:46:35, 2026-04-08 16:59:46.490949, True      ,23.75,15.722,0,0,375,88,-0.033,0.026,-2.965,0.003,0.003,-0.001,21,0,-1011,3,2,0,-230,-9,448,39.0187631,-104.8934563,2162070,3,32,39.0187632,-104.8934563,2159860,-313,1,0,14,190.14
05-52.229, 2026-04-01 14:46:35, 2026-04-08 16:59:46.490949, True      ,24,15.722,0,0,375,88,-0.033,0.027,-2.965,-0.006,0.002,0,30,8,-1011,-5,2,0,-231,-10,448,39.0187631,-104.8934563,2162070,1,32,39.0187632,-104.8934563,2159840,-330,2,0,15,190.15
05-52.304, 2026-04-01 14:46:35, 2026-04-08 16:59:46.490949, True      ,23.75,15.722,0,0,375,88,-0.034,0.027,-2.964,-0.003,-0.003,0.002,17,0,-1004,-3,-2,1,-231,-9,449,39.0187631,-104.8934563,2162070,0,32,39.0187632,-104.8934563,2159830,-347,1,0,14,190.16
05-52.378, 2026-04-01 14:46:35, 2026-04-08 16:59:46.793399, True      ,23.75,15.844,0.01,0.158,375,88,-0.034,0.027,-2.964,0,0.003,-0.005,18,8,-1002,0,2,-5,-231,-9,449,39.0187631,-104.8934563,2162070,0,32,39.0187632,-104.8934563,2159810,-365,2,0,15,190.16
05-52.461, 2026-04-01 14:46:35, 2026-04-08 16:59:46.895720, True      ,23.75,15.844,0.01,0.158,375,88,-0.034,0.027,-2.964,-0.004,0,0.005,19,6,-1000,-3,0,4,-232,-9,449,39.0187631,-104.8934563,2162070,0,32,39.0187632,-104.8934563,2159800,-374,1,0,14,190.16
05-52.537, 2026-04-01 14:46:35, 2026-04-08 16:59:46.993465, True      ,24,15.863,0.02,0.317,375,88,-0.034,0.027,-2.964,-0.004,0.004,-0.002,16,22,-1001,-3,4,-2,-231,-10,449,39.0187631,-104.8934562,2162070,2,32,39.0187632,-104.8934563,2159770,-407,1,0,15,190.16
05-52.615, 2026-04-01 14:46:35, 2026-04-08 16:59:46.993465, True      ,23.75,15.863,0.02,0.317,375,88,-0.034,0.027,-2.964,-0.004,0.002,-0.003,10,16,-1002,-4,2,-3,-233,-10,449,39.0187631,-104.8934562,2162070,2,32,39.0187632,-104.8934563,2159750,-423,1,1,15,190.16
05-52.694, 2026-04-01 14:46:35, 2026-04-08 16:59:47.093420, True      ,23.75,15.863,0.02,0.317,375,88,-0.034,0.028,-2.964,-0.001,0.002,0.002,11,12,-1002,0,1,1,-231,-10,449,39.0187631,-104.8934562,2162070,2,32,39.0187632,-104.8934563,2159730,-446,1,0,15,190.15
05-52.771, 2026-04-01 14:46:35, 2026-04-08 16:59:47.193427, True      ,24,15.851,0.01,0.159,375,88,-0.035,0.028,-2.965,-0.003,-0.001,-0.002,10,6,-999,-3,-1,-1,-231,-10,449,39.0187631,-104.8934562,2162070,1,32,39.0187632,-104.8934563,2159710,-463,1,0,15,190.16
05-52.857, 2026-04-01 14:46:36, 2026-04-08 16:59:47.293830, True      ,23.75,15.851,0.01,0.159,375,88,-0.035,0.028,-2.965,-0.002,0.002,-0.006,19,10,-1001,-2,2,-6,-232,-10,449,39.0187631,-104.8934562,2162070,1,32,39.0187632,-104.8934563,2159700,-472,2,0,15,190.15
05-52.939, 2026-04-01 14:46:36, 2026-04-08 16:59:47.395733, True      ,23.75,15.862,0.01,0.159,375,88,-0.035,0.028,-2.965,0,0,-0.006,20,12,-1003,0,0,-6,-232,-10,449,39.0187631,-104.8934562,2162070,1,32,39.0187632,-104.8934562,2159680,-497,1,1,15,190.14
05-53.021, 2026-04-01 14:46:36, 2026-04-08 16:59:47.395733, True      ,24,15.862,0.01,0.159,375,88,-0.035,0.028,-2.965,0.001,-0.001,0.005,15,2,-1004,1,-1,4,-233,-10,450,39.0187631,-104.8934562,2162070,1,32,39.0187632,-104.8934562,2159660,-515,1,0,15,190.14
05-53.102, 2026-04-01 14:46:36, 2026-04-08 16:59:47.395733, True      ,23.75,15.862,0.01,0.159,375,88,-0.035,0.028,-2.965,0.001,0,-0.005,12,12,-1002,0,0,-5,-232,-11,449,39.0187631,-104.8934561,2162070,1,32,39.0187632,-104.8934562,2159640,-534,1,1,15,190.14
05-53.177, 2026-04-01 14:46:36, 2026-04-08 16:59:47.593442, True      ,23.75,15.85,0,0,375,88,-0.035,0.028,-2.965,-0.002,0.001,0.008,21,16,-1004,-2,0,7,-232,-11,449,39.0187631,-104.8934561,2162070,1,32,39.0187632,-104.8934562,2159620,-550,1,1,15,190.13
05-53.268, 2026-04-01 14:46:36, 2026-04-08 16:59:47.693817, True      ,23.75,15.85,0,0,375,88,-0.035,0.028,-2.965,-0.002,-0.001,-0.009,18,10,-1005,-1,-1,-9,-233,-10,450,39.0187631,-104.8934561,2162070,1,32,39.0187632,-104.8934562,2159620,-556,1,1,15,190.13
05-53.347, 2026-04-01 14:46:36, 2026-04-08 16:59:47.793449, True      ,23.75,15.872,0.01,0.159,375,88,-0.035,0.028,-2.965,-0.001,0.001,0.013,17,11,-1004,0,0,12,-232,-10,449,39.0187632,-104.8934561,2162060,2,32,39.0187632,-104.8934562,2159600,-578,1,1,15,190.12
05-53.429, 2026-04-01 14:46:36, 2026-04-08 16:59:47.793449, True      ,23.75,15.872,0.01,0.159,375,88,-0.035,0.028,-2.965,-0.002,0.001,0.008,16,10,-1001,-1,0,7,-233,-10,449,39.0187632,-104.8934561,2162060,2,32,39.0187632,-104.8934562,2159590,-587,1,1,15,190.12
05-53.512, 2026-04-01 14:46:36, 2026-04-08 16:59:47.793449, True      ,23.75,15.872,0.01,0.159,375,88,-0.035,0.028,-2.965,-0.001,0.002,0.002,19,10,-1006,-1,1,1,-232,-10,449,39.0187632,-104.8934561,2162050,2,32,39.0187632,-104.8934562,2159580,-597,1,1,15,190.11
05-53.586, 2026-04-01 14:46:36, 2026-04-08 16:59:47.993396, True      ,24,15.876,0.01,0.159,375,88,-0.035,0.028,-2.965,0,0,-0.001,17,22,-1000,0,0,-1,-233,-10,449,39.0187632,-104.8934561,2162050,2,32,39.0187632,-104.8934562,2159570,-607,1,1,15,190.11
05-53.680, 2026-04-01 14:46:36, 2026-04-08 16:59:48.093383, True      ,24,15.876,0.01,0.159,375,88,-0.035,0.028,-2.965,-0.001,0,-0.001,14,15,-999,-1,0,-1,-233,-10,449,39.0187632,-104.8934561,2162050,2,32,39.0187632,-104.8934562,2159560,-610,1,1,15,190.11
05-53.757, 2026-04-01 14:46:36, 2026-04-08 16:59:48.193449, True      ,24,15.869,0.01,0.159,375,88,-0.035,0.028,-2.966,-0.002,0.001,-0.002,18,15,-1003,-1,0,-2,-232,-10,449,39.0187632,-104.8934561,2162040,0,32,39.0187632,-104.8934562,2159550,-629,1,1,15,190.1
05-53.845, 2026-04-01 14:46:37, 2026-04-08 16:59:48.293861, True      ,24,15.869,0.01,0.159,375,88,-0.035,0.028,-2.966,-0.002,0.001,-0.002,16,13,-1002,-1,0,-2,-232,-11,448,39.0187632,-104.8934561,2162040,0,32,39.0187632,-104.8934561,2159540,-635,1,1,15,190.09
05-53.927, 2026-04-01 14:46:37, 2026-04-08 16:59:48.293861, True      ,24,15.869,0.01,0.159,375,88,-0.035,0.029,-2.966,-0.002,0.002,-0.002,16,6,-1001,-1,1,-1,-232,-10,448,39.0187632,-104.8934561,2162030,1,32,39.0187633,-104.8934561,2159520,-651,1,1,15,190.09
05-54.012, 2026-04-01 14:46:37, 2026-04-08 16:59:48.293861, True      ,24,15.869,0.01,0.159,375,88,-0.035,0.028,-2.966,0.001,-0.001,0.001,13,8,-1004,1,-1,0,-233,-10,449,39.0187632,-104.8934561,2162030,1,32,39.0187633,-104.8934561,2159510,-660,1,1,15,190.08
05-54.096, 2026-04-01 14:46:37, 2026-04-08 16:59:48.493869, True      ,24,15.869,0.01,0.159,375,88,-0.035,0.028,-2.966,0,0.001,-0.001,19,15,-1002,0,0,-1,-233,-11,448,39.0187632,-104.8934561,2162020,1,32,39.0187633,-104.8934561,2159500,-671,1,1,15,190.07
05-54.173, 2026-04-01 14:46:37, 2026-04-08 16:59:48.593419, True      ,24,15.875,0.01,0.159,375,88,-0.035,0.028,-2.966,-0.002,0,0,17,16,-1000,-1,0,0,-233,-11,448,39.0187632,-104.8934561,2162020,1,32,39.0187633,-104.8934561,2159500,-679,1,0,15,190.07
05-54.268, 2026-04-01 14:46:37, 2026-04-08 16:59:48.693827, True      ,24,15.875,0.01,0.159,375,88,-0.035,0.029,-2.966,0,0.001,0.003,14,12,-1002,0,0,2,-233,-10,449,39.0187632,-104.8934561,2162020,1,32,39.0187633,-104.8934561,2159490,-683,1,0,15,190.07
05-54.346, 2026-04-01 14:46:37, 2026-04-08 16:59:48.793465, True      ,24,15.885,0.01,0.159,375,88,-0.035,0.028,-2.966,0,0,-0.002,17,16,-1002,0,0,-2,-233,-10,449,39.0187632,-104.8934561,2162010,3,32,39.0187632,-104.8934561,2159470,-701,1,1,15,190.06
05-54.433, 2026-04-01 14:46:37, 2026-04-08 16:59:48.895801, True      ,24,15.885,0.01,0.159,375,88,-0.035,0.028,-2.966,-0.001,-0.001,-0.001,17,14,-1003,0,-1,-1,-234,-10,450,39.0187632,-104.8934561,2162010,3,32,39.0187632,-104.8934561,2159460,-711,0,0,15,190.05
05-54.514, 2026-04-01 14:46:37, 2026-04-08 16:59:48.895801, True      ,24,15.885,0.01,0.159,375,88,-0.035,0.028,-2.966,-0.001,0,-0.001,17,18,-1002,0,0,-1,-232,-10,448,39.0187632,-104.8934561,2162010,2,32,39.0187632,-104.8934561,2159450,-726,0,1,16,190.04
05-54.589, 2026-04-01 14:46:37, 2026-04-08 16:59:48.993447, True      ,24,15.888,0.01,0.159,375,88,-0.035,0.028,-2.966,-0.002,0.001,0.003,19,16,-1001,-1,0,2,-233,-10,449,39.0187632,-104.8934561,2162010,2,32,39.0187632,-104.8934561,2159440,-736,0,0,16,190.04
05-54.682, 2026-04-01 14:46:37, 2026-04-08 16:59:49.093433, True      ,24,15.888,0.01,0.159,375,88,-0.035,0.028,-2.966,-0.002,0,-0.001,18,20,-1001,-1,0,-1,-233,-10,449,39.0187632,-104.8934561,2162010,2,32,39.0187632,-104.8934561,2159440,-738,0,0,16,190.04
05-54.758, 2026-04-01 14:46:37, 2026-04-08 16:59:49.193467, True      ,23.75,15.892,0.01,0.159,375,88,-0.035,0.028,-2.967,0.001,0,0.001,16,15,-1002,1,0,0,-232,-10,449,39.0187632,-104.8934562,2162010,3,32,39.0187632,-104.8934562,2159420,-750,0,0,15,190.03
05-54.847, 2026-04-01 14:46:38, 2026-04-08 16:59:49.293814, True      ,24,15.892,0.01,0.159,375,88,-0.035,0.028,-2.967,0,0,0.003,18,15,-1003,0,0,2,-232,-10,449,39.0187632,-104.8934562,2162010,3,32,39.0187632,-104.8934562,2159420,-753,0,0,15,190.03
05-54.927, 2026-04-01 14:46:38, 2026-04-08 16:59:49.293814, True      ,24,15.892,0.01,0.159,375,88,-0.035,0.028,-2.967,-0.001,0.001,0,16,14,-1001,0,0,0,-232,-10,448,39.0187632,-104.8934562,2162010,2,32,39.0187632,-104.8934562,2159410,-762,0,0,15,190.02
05-55.011, 2026-04-01 14:46:38, 2026-04-08 16:59:49.293814, True      ,24,15.892,0.01,0.159,375,88,-0.035,0.028,-2.967,0,0,0.001,17,15,-1001,0,0,0,-233,-9,449,39.0187632,-104.8934562,2162010,2,32,39.0187632,-104.8934562,2159410,-766,0,0,15,190.02
05-55.092, 2026-04-01 14:46:38, 2026-04-08 16:59:49.493865, True      ,24,15.892,0.01,0.159,375,88,-0.035,0.029,-2.967,-0.001,0,-0.002,17,14,-1003,0,0,-2,-231,-9,449,39.0187632,-104.8934562,2162000,3,32,39.0187632,-104.8934562,2159400,-773,0,0,15,190.01
05-55.168, 2026-04-01 14:46:38, 2026-04-08 16:59:49.593413, True      ,23.75,15.876,0,0,375,88,-0.035,0.029,-2.967,0,0,0.001,17,15,-1002,0,0,0,-231,-9,449,39.0187632,-104.8934562,2162000,3,32,39.0187632,-104.8934562,2159400,-777,0,0,15,190.01
05-55.262, 2026-04-01 14:46:38, 2026-04-08 16:59:49.693809, True      ,24,15.876,0,0,375,88,-0.035,0.029,-2.967,-0.001,0,-0.001,16,15,-1001,0,0,-1,-233,-10,449,39.0187632,-104.8934562,2162000,3,32,39.0187632,-104.8934562,2159400,-779,0,0,15,190
05-55.342, 2026-04-01 14:46:38, 2026-04-08 16:59:49.793436, True      ,24,15.897,0.01,0.159,375,88,-0.035,0.029,-2.967,0,0,0,16,15,-1001,0,0,0,-232,-10,448,39.0187633,-104.8934562,2162010,2,32,39.0187632,-104.8934562,2159390,-781,0,0,15,190
05-55.427, 2026-04-01 14:46:38, 2026-04-08 16:59:49.793436, True      ,24,15.897,0.01,0.159,375,88,-0.035,0.029,-2.967,0,0,-0.001,16,14,-1001,0,0,-1,-232,-10,449,39.0187633,-104.8934562,2162010,2,32,39.0187632,-104.8934562,2159390,-782,0,0,15,189.99
05-55.511, 2026-04-01 14:46:38, 2026-04-08 16:59:49.793436, True      ,23.75,15.897,0.01,0.159,375,88,-0.035,0.029,-2.967,0,0,0,18,14,-1001,0,0,-1,-231,-10,448,39.0187633,-104.8934561,2162020,2,32,39.0187633,-104.8934562,2159390,-783,0,0,14,189.99
05-55.584, 2026-04-01 14:46:38, 2026-04-08 16:59:49.993483, True      ,24,15.9,0.01,0.159,375,88,-0.035,0.029,-2.967,0,0.001,0.001,18,14,-1001,0,0,0,-233,-10,449,39.0187633,-104.8934561,2162020,2,32,39.0187633,-104.8934562,2159390,-784,0,0,14,189.98
05-55.685, 2026-04-01 14:46:38, 2026-04-08 16:59:50.093430, True      ,24,15.9,0.01,0.159,375,88,-0.035,0.029,-2.967,0,0,0,17,14,-1002,0,0,0,-233,-10,449,39.0187633,-104.8934561,2162020,2,32,39.0187633,-104.8934562,2159390,-785,0,0,14,189.98
05-55.760, 2026-04-01 14:46:38, 2026-04-08 16:59:50.193500, True      ,24,15.906,0.01,0.159,375,88,-0.035,0.029,-2.968,0,0,0.001,17,14,-1002,0,0,0,-232,-10,448,39.0187633,-104.8934561,2162020,1,32,39.0187633,-104.8934562,2159390,-785,0,0,14,189.97
05-55.840, 2026-04-01 14:46:39, 2026-04-08 16:59:50.293914, True      ,24,15.906,0.01,0.159,375,88,-0.035,0.029,-2.968,0,0.001,0,17,14,-1002,0,0,0,-232,-10,448,39.0187633,-104.8934561,2162020,1,32,39.0187633,-104.8934562,2159390,-786,0,0,14,189.97
05-55.916, 2026-04-01 14:46:39, 2026-04-08 16:59:50.293914, True      ,24,15.906,0.01,0.159,375,88,-0.035,0.029,-2.968,0,0,0,16,15,-1001,0,0,0,-232,-10,448,39.0187633,-104.8934561,2162010,2,32,39.0187633,-104.8934562,2159390,-788,0,0,14,189.96
05-55.987, 2026-04-01 14:46:39, 2026-04-08 16:59:50.395775, True      ,24,15.901,0.01,0.159,375,88,-0.035,0.029,-2.968,0,0,-0.001,17,14,-1001,0,0,0,-233,-10,449,39.0187633,-104.8934561,2162010,2,32,39.0187633,-104.8934562,2159390,-788,0,0,13,189.96
05-56.073, 2026-04-01 14:46:39, 2026-04-08 16:59:50.493911, True      ,24,15.901,0.01,0.159,375,88,-0.035,0.029,-2.968,0,0,0,18,15,-1003,0,0,0,-233,-10,449,39.0187633,-104.8934561,2162010,2,32,39.0187633,-104.8934562,2159390,-787,0,0,13,189.96
05-56.149, 2026-04-01 14:46:39, 2026-04-08 16:59:50.593484, True      ,24,15.899,0.01,0.159,375,88,-0.035,0.029,-2.968,0,0,0,17,15,-1001,0,0,0,-231,-10,448,39.0187633,-104.8934562,2162010,4,32,39.0187633,-104.8934562,2159390,-789,0,0,13,189.95
05-56.230, 2026-04-01 14:46:39, 2026-04-08 16:59:50.693898, True      ,24,15.899,0.01,0.159,375,88,-0.035,0.029,-2.968,0,0,0,17,14,-1002,0,0,0,-232,-10,449,39.0187633,-104.8934562,2162010,4,32,39.0187633,-104.8934562,2159380,-791,0,0,13,189.95
05-56.306, 2026-04-01 14:46:39, 2026-04-08 16:59:50.693898, True      ,23.75,15.899,0.01,0.159,375,88,-0.035,0.029,-2.968,0,0,0,17,14,-1002,0,0,0,-232,-10,448,39.0187634,-104.8934562,2162010,1,32,39.0187633,-104.8934562,2159380,-794,0,0,13,189.94
05-56.383, 2026-04-01 14:46:39, 2026-04-08 16:59:50.793471, True      ,24,15.91,0.01,0.159,375,88,-0.035,0.029,-2.968,0,0,0,16,15,-1001,0,0,0,-232,-10,448,39.0187634,-104.8934562,2162010,1,32,39.0187633,-104.8934562,2159380,-794,1,0,13,189.93
05-56.478, 2026-04-01 14:46:39, 2026-04-08 16:59:50.895847, True      ,24,15.91,0.01,0.159,375,88,-0.035,0.029,-2.968,0,0,0,18,14,-1001,0,0,0,-232,-10,449,39.0187634,-104.8934562,2162010,1,32,39.0187633,-104.8934562,2159380,-794,1,0,13,189.93
05-56.555, 2026-04-01 14:46:39, 2026-04-08 16:59:50.993485, True      ,24,15.905,0.01,0.159,375,88,-0.035,0.029,-2.968,0,0,0,16,15,-1002,0,0,0,-231,-10,448,39.0187634,-104.8934562,2162010,2,32,39.0187634,-104.8934562,2159380,-797,1,0,13,189.92
05-56.644, 2026-04-01 14:46:39, 2026-04-08 16:59:51.093456, True      ,24,15.905,0.01,0.159,375,88,-0.035,0.029,-2.969,0,0,-0.001,17,15,-1002,0,0,-1,-233,-10,449,39.0187634,-104.8934562,2162010,2,32,39.0187634,-104.8934562,2159380,-798,1,0,13,189.92
05-56.728, 2026-04-01 14:46:39, 2026-04-08 16:59:51.093456, True      ,24,15.905,0.01,0.159,375,88,-0.035,0.029,-2.969,0,0,0,17,14,-1002,0,0,0,-232,-10,448,39.0187634,-104.8934562,2162010,1,32,39.0187634,-104.8934562,2159370,-804,1,0,13,189.91
05-56.811, 2026-04-01 14:46:39, 2026-04-08 16:59:51.093456, True      ,24.25,15.905,0.01,0.159,375,88,-0.035,0.029,-2.969,0,0,0,18,14,-1002,0,0,0,-232,-10,449,39.0187634,-104.8934562,2162010,1,32,39.0187634,-104.8934562,2159370,-804,1,0,12,189.9
05-56.892, 2026-04-01 14:46:40, 2026-04-08 16:59:51.293830, True      ,24,15.905,0.01,0.159,375,88,-0.035,0.029,-2.969,0,0.001,0,17,14,-1002,0,0,0,-232,-10,448,39.0187634,-104.8934562,2162000,2,32,39.0187634,-104.8934562,2159370,-807,1,0,12,189.9
05-56.967, 2026-04-01 14:46:40, 2026-04-08 16:59:51.395854, True      ,24,15.913,0.01,0.159,375,88,-0.035,0.029,-2.969,0,0,0,17,14,-1001,0,0,0,-232,-10,448,39.0187634,-104.8934562,2162000,2,32,39.0187634,-104.8934562,2159360,-810,1,0,12,189.89
05-57.057, 2026-04-01 14:46:40, 2026-04-08 16:59:51.493910, True      ,24,15.913,0.01,0.159,375,88,-0.035,0.029,-2.969,0,0.001,0,17,14,-1002,0,0,0,-233,-10,449,39.0187634,-104.8934562,2162000,2,32,39.0187634,-104.8934562,2159360,-810,1,0,12,189.89
05-57.138, 2026-04-01 14:46:40, 2026-04-08 16:59:51.593494, True      ,23.75,15.908,0.01,0.159,375,88,-0.035,0.029,-2.969,0,0,0,17,15,-1001,0,0,0,-232,-10,448,39.0187634,-104.8934561,2161990,2,32,39.0187634,-104.8934562,2159360,-813,1,0,12,189.88
05-57.220, 2026-04-01 14:46:40, 2026-04-08 16:59:51.593494, True      ,24,15.908,0.01,0.159,375,88,-0.035,0.029,-2.969,0,0.001,0,18,15,-1001,0,0,0,-232,-10,449,39.0187634,-104.8934561,2161990,2,32,39.0187634,-104.8934562,2159360,-814,1,0,12,189.88
05-57.302, 2026-04-01 14:46:40, 2026-04-08 16:59:51.593494, True      ,24,15.908,0.01,0.159,375,88,-0.035,0.029,-2.969,0,0,0,17,14,-1001,0,0,0,-232,-10,449,39.0187635,-104.8934561,2162010,2,32,39.0187634,-104.8934562,2159360,-815,1,0,12,189.87
05-57.377, 2026-04-01 14:46:40, 2026-04-08 16:59:51.793522, True      ,24,15.915,0.01,0.159,375,88,-0.035,0.029,-2.969,0,0,0,17,14,-1002,0,0,0,-232,-10,449,39.0187635,-104.8934561,2162010,2,32,39.0187634,-104.8934562,2159360,-817,1,0,12,189.87
05-57.471, 2026-04-01 14:46:40, 2026-04-08 16:59:51.895800, True      ,24,15.915,0.01,0.159,375,88,-0.035,0.029,-2.969,0,0,0,17,15,-1002,0,0,0,-232,-10,449,39.0187635,-104.8934561,2162010,2,32,39.0187634,-104.8934562,2159360,-817,1,0,12,189.87
05-57.550, 2026-04-01 14:46:40, 2026-04-08 16:59:51.993568, True      ,24,15.918,0.01,0.159,375,88,-0.035,0.029,-2.97,-0.001,0.001,0,18,15,-1002,0,0,0,-231,-10,448,39.0187635,-104.8934561,2162000,2,32,39.0187635,-104.8934562,2159350,-821,1,0,12,189.86
