time_utc,sensor_stamp_utc,time_local,elapsed_s,wind_speed_m_s,wind_dir_deg,wind_z,temperature_c,source
2026-09-29T16:43:09.920Z,2026-09-29T16:43:09.800Z,2026-09-29T10:43:09.920-06:00,-4.942,2.7,323.0,0.0,16.3,wind_drone_20260929
2026-09-29T16:43:10.127Z,2026-09-29T16:43:10.000Z,2026-09-29T10:43:10.127-06:00,-4.734,2.8,323.0,0.0,16.3,wind_drone_20260929
2026-09-29T16:43:10.320Z,2026-09-29T16:43:10.200Z,2026-09-29T10:43:10.320-06:00,-4.542,2.9,323.0,0.0,16.3,wind_drone_20260929
2026-09-29T16:43:10.527Z,2026-09-29T16:43:10.400Z,2026-09-29T10:43:10.527-06:00,-4.335,3.0,308.0,0.0,16.3,wind_drone_20260929
2026-09-29T16:43:10.720Z,2026-09-29T16:43:10.600Z,2026-09-29T10:43:10.720-06:00,-4.142,3.1,305.0,0.0,16.3,wind_drone_20260929
2026-09-29T16:43:10.927Z,2026-09-29T16:43:10.800Z,2026-09-29T10:43:10.927-06:00,-3.935,3.2,311.0,0.0,16.3,wind_drone_20260929
2026-09-29T16:43:11.120Z,2026-09-29T16:43:11.000Z,2026-09-29T10:43:11.120-06:00,-3.742,3.4,316.0,0.0,16.3,wind_drone_20260929
2026-09-29T16:43:11.327Z,2026-09-29T16:43:11.200Z,2026-09-29T10:43:11.327-06:00,-3.535,3.6,317.0,0.0,16.3,wind_drone_20260929
2026-09-29T16:43:11.520Z,2026-09-29T16:43:11.400Z,2026-09-29T10:43:11.520-06:00,-3.342,3.6,319.0,0.0,16.3,wind_drone_20260929
2026-09-29T16:43:11.727Z,2026-09-29T16:43:11.600Z,2026-09-29T10:43:11.727-06:00,-3.135,3.7,321.0,0.0,16.3,wind_drone_20260929
2026-09-29T16:43:11.920Z,2026-09-29T16:43:11.800Z,2026-09-29T10:43:11.920-06:00,-2.942,3.7,320.0,0.0,16.3,wind_drone_20260929
2026-09-29T16:43:12.127Z,2026-09-29T16:43:12.000Z,2026-09-29T10:43:12.127-06:00,-2.735,3.7,316.0,0.0,16.3,wind_drone_20260929
2026-09-29T16:43:12.319Z,2026-09-29T16:43:12.200Z,2026-09-29T10:43:12.319-06:00,-2.542,3.7,317.0,0.0,16.3,wind_drone_20260929
2026-09-29T16:43:12.526Z,2026-09-29T16:43:12.400Z,2026-09-29T10:43:12.526-06:00,-2.335,3.7,321.0,0.0,16.3,wind_drone_20260929
2026-09-29T16:43:12.719Z,2026-09-29T16:43:12.600Z,2026-09-29T10:43:12.719-06:00,-2.143,3.6,319.0,0.0,16.3,wind_drone_20260929
2026-09-29T16:43:12.926Z,2026-09-29T16:43:12.800Z,2026-09-29T10:43:12.926-06:00,-1.936,3.6,315.0,0.0,16.3,wind_drone_20260929
2026-09-29T16:43:13.119Z,2026-09-29T16:43:13.000Z,2026-09-29T10:43:13.119-06:00,-1.743,3.5,316.0,0.0,16.3,wind_drone_20260929
2026-09-29T16:43:13.326Z,2026-09-29T16:43:13.200Z,2026-09-29T10:43:13.326-06:00,-1.535,3.5,318.0,0.0,16.3,wind_drone_20260929
2026-09-29T16:43:13.519Z,2026-09-29T16:43:13.400Z,2026-09-29T10:43:13.519-06:00,-1.343,3.5,316.0,0.0,16.3,wind_drone_20260929
2026-09-29T16:43:13.726Z,2026-09-29T16:43:13.600Z,2026-09-29T10:43:13.726-06:00,-1.136,3.5,315.0,0.0,16.3,wind_drone_20260929
2026-09-29T16:43:13.919Z,2026-09-29T16:43:13.800Z,2026-09-29T10:43:13.919-06:00,-0.943,3.5,316.0,0.0,16.3,wind_drone_20260929
2026-09-29T16:43:14.126Z,2026-09-29T16:43:14.000Z,2026-09-29T10:43:14.126-06:00,-0.736,3.6,314.0,0.0,16.3,wind_drone_20260929
2026-09-29T16:43:14.319Z,2026-09-29T16:43:14.200Z,2026-09-29T10:43:14.319-06:00,-0.543,3.6,311.0,0.0,16.3,wind_drone_20260929
2026-09-29T16:43:14.526Z,2026-09-29T16:43:14.400Z,2026-09-29T10:43:14.526-06:00,-0.336,3.7,311.0,0.0,16.3,wind_drone_20260929
2026-09-29T16:43:14.718Z,2026-09-29T16:43:14.600Z,2026-09-29T10:43:14.718-06:00,-0.143,3.8,316.0,0.0,16.3,wind_drone_20260929
2026-09-29T16:43:14.926Z,2026-09-29T16:43:14.800Z,2026-09-29T10:43:14.926-06:00,0.064,3.9,316.0,0.0,16.3,wind_drone_20260929
2026-09-29T16:43:15.118Z,2026-09-29T16:43:15.000Z,2026-09-29T10:43:15.118-06:00,0.257,4.0,320.0,0.0,16.3,wind_drone_20260929
2026-09-29T16:43:15.326Z,2026-09-29T16:43:15.200Z,2026-09-29T10:43:15.326-06:00,0.464,4.1,318.0,0.0,16.3,wind_drone_20260929
2026-09-29T16:43:15.518Z,2026-09-29T16:43:15.400Z,2026-09-29T10:43:15.518-06:00,0.656,4.1,320.0,0.0,16.3,wind_drone_20260929
2026-09-29T16:43:15.725Z,2026-09-29T16:43:15.600Z,2026-09-29T10:43:15.725-06:00,0.864,4.1,319.0,0.0,16.3,wind_drone_20260929
2026-09-29T16:43:15.918Z,2026-09-29T16:43:15.800Z,2026-09-29T10:43:15.918-06:00,1.056,4.0,316.0,0.0,16.3,wind_drone_20260929
2026-09-29T16:43:16.125Z,2026-09-29T16:43:16.000Z,2026-09-29T10:43:16.125-06:00,1.264,4.0,318.0,0.0,16.3,wind_drone_20260929
2026-09-29T16:43:16.318Z,2026-09-29T16:43:16.200Z,2026-09-29T10:43:16.318-06:00,1.456,3.9,318.0,0.0,16.3,wind_drone_20260929
2026-09-29T16:43:16.525Z,2026-09-29T16:43:16.400Z,2026-09-29T10:43:16.525-06:00,1.663,3.9,318.0,0.0,16.3,wind_drone_20260929
2026-09-29T16:43:16.718Z,2026-09-29T16:43:16.600Z,2026-09-29T10:43:16.718-06:00,1.856,3.8,315.0,0.0,16.3,wind_drone_20260929
2026-09-29T16:43:16.925Z,2026-09-29T16:43:16.800Z,2026-09-29T10:43:16.925-06:00,2.063,3.6,315.0,0.0,16.3,wind_drone_20260929
2026-09-29T16:43:17.118Z,2026-09-29T16:43:17.000Z,2026-09-29T10:43:17.118-06:00,2.256,3.5,315.0,0.0,16.3,wind_drone_20260929
2026-09-29T16:43:17.325Z,2026-09-29T16:43:17.200Z,2026-09-29T10:43:17.325-06:00,2.463,3.4,310.0,0.0,16.3,wind_drone_20260929
2026-09-29T16:43:17.518Z,2026-09-29T16:43:17.400Z,2026-09-29T10:43:17.518-06:00,2.656,3.5,306.0,0.0,16.3,wind_drone_20260929
2026-09-29T16:43:17.725Z,2026-09-29T16:43:17.600Z,2026-09-29T10:43:17.725-06:00,2.863,3.5,310.0,0.0,16.3,wind_drone_20260929
2026-09-29T16:43:17.917Z,2026-09-29T16:43:17.800Z,2026-09-29T10:43:17.917-06:00,3.056,3.6,308.0,0.0,16.3,wind_drone_20260929
2026-09-29T16:43:18.125Z,2026-09-29T16:43:18.000Z,2026-09-29T10:43:18.125-06:00,3.263,3.7,305.0,0.0,16.3,wind_drone_20260929
2026-09-29T16:43:18.318Z,2026-09-29T16:43:18.200Z,2026-09-29T10:43:18.318-06:00,3.456,3.7,304.0,0.0,16.3,wind_drone_20260929
2026-09-29T16:43:18.524Z,2026-09-29T16:43:18.400Z,2026-09-29T10:43:18.524-06:00,3.663,3.8,300.0,0.0,16.3,wind_drone_20260929
2026-09-29T16:43:18.717Z,2026-09-29T16:43:18.600Z,2026-09-29T10:43:18.717-06:00,3.855,3.8,302.0,0.0,16.3,wind_drone_20260929
2026-09-29T16:43:18.924Z,2026-09-29T16:43:18.800Z,2026-09-29T10:43:18.924-06:00,4.062,3.9,305.0,0.0,16.3,wind_drone_20260929
2026-09-29T16:43:19.117Z,2026-09-29T16:43:19.000Z,2026-09-29T10:43:19.117-06:00,4.255,3.9,309.0,0.0,16.3,wind_drone_20260929
2026-09-29T16:43:19.324Z,2026-09-29T16:43:19.200Z,2026-09-29T10:43:19.324-06:00,4.462,3.9,310.0,0.0,16.3,wind_drone_20260929
2026-09-29T16:43:19.517Z,2026-09-29T16:43:19.400Z,2026-09-29T10:43:19.517-06:00,4.655,3.9,314.0,0.0,16.3,wind_drone_20260929
2026-09-29T16:43:19.724Z,2026-09-29T16:43:19.600Z,2026-09-29T10:43:19.724-06:00,4.862,3.9,312.0,0.0,16.3,wind_drone_20260929
2026-09-29T16:43:19.917Z,2026-09-29T16:43:19.800Z,2026-09-29T10:43:19.917-06:00,5.055,3.9,310.0,0.0,16.3,wind_drone_20260929
2026-09-29T16:43:20.124Z,2026-09-29T16:43:20.000Z,2026-09-29T10:43:20.124-06:00,5.262,3.9,315.0,0.0,16.3,wind_drone_20260929
2026-09-29T16:43:20.316Z,2026-09-29T16:43:20.200Z,2026-09-29T10:43:20.316-06:00,5.455,3.9,313.0,0.0,16.3,wind_drone_20260929
2026-09-29T16:43:20.524Z,2026-09-29T16:43:20.400Z,2026-09-29T10:43:20.524-06:00,5.662,4.0,312.0,0.0,16.3,wind_drone_20260929
2026-09-29T16:43:20.717Z,2026-09-29T16:43:20.600Z,2026-09-29T10:43:20.717-06:00,5.855,4.0,310.0,0.0,16.3,wind_drone_20260929
2026-09-29T16:43:20.924Z,2026-09-29T16:43:20.800Z,2026-09-29T10:43:20.924-06:00,6.062,4.0,307.0,0.0,16.3,wind_drone_20260929
2026-09-29T16:43:21.117Z,2026-09-29T16:43:21.000Z,2026-09-29T10:43:21.117-06:00,6.255,4.0,308.0,0.0,16.3,wind_drone_20260929
2026-09-29T16:43:21.323Z,2026-09-29T16:43:21.200Z,2026-09-29T10:43:21.323-06:00,6.462,4.0,307.0,0.0,16.3,wind_drone_20260929
2026-09-29T16:43:21.516Z,2026-09-29T16:43:21.400Z,2026-09-29T10:43:21.516-06:00,6.654,3.9,310.0,0.0,16.3,wind_drone_20260929
2026-09-29T16:43:21.723Z,2026-09-29T16:43:21.600Z,2026-09-29T10:43:21.723-06:00,6.861,3.8,314.0,0.0,16.3,wind_drone_20260929
2026-09-29T16:43:21.916Z,2026-09-29T16:43:21.800Z,2026-09-29T10:43:21.916-06:00,7.054,3.7,312.0,0.0,16.3,wind_drone_20260929
2026-09-29T16:43:22.123Z,2026-09-29T16:43:22.000Z,2026-09-29T10:43:22.123-06:00,7.261,3.6,309.0,0.0,16.3,wind_drone_20260929
2026-09-29T16:43:22.316Z,2026-09-29T16:43:22.200Z,2026-09-29T10:43:22.316-06:00,7.454,3.5,308.0,0.0,16.3,wind_drone_20260929
2026-09-29T16:43:22.523Z,2026-09-29T16:43:22.400Z,2026-09-29T10:43:22.523-06:00,7.661,3.4,309.0,0.0,16.3,wind_drone_20260929
2026-09-29T16:43:22.716Z,2026-09-29T16:43:22.600Z,2026-09-29T10:43:22.716-06:00,7.854,3.4,311.0,0.0,16.3,wind_drone_20260929
2026-09-29T16:43:22.923Z,2026-09-29T16:43:22.800Z,2026-09-29T10:43:22.923-06:00,8.061,3.3,308.0,0.0,16.3,wind_drone_20260929
2026-09-29T16:43:23.116Z,2026-09-29T16:43:23.000Z,2026-09-29T10:43:23.116-06:00,8.254,3.4,306.0,0.0,16.3,wind_drone_20260929
2026-09-29T16:43:23.323Z,2026-09-29T16:43:23.200Z,2026-09-29T10:43:23.323-06:00,8.461,3.5,302.0,0.0,16.3,wind_drone_20260929
2026-09-29T16:43:23.515Z,2026-09-29T16:43:23.400Z,2026-09-29T10:43:23.515-06:00,8.654,3.6,306.0,0.0,16.3,wind_drone_20260929
2026-09-29T16:43:23.723Z,2026-09-29T16:43:23.600Z,2026-09-29T10:43:23.723-06:00,8.861,3.7,314.0,0.0,16.3,wind_drone_20260929
2026-09-29T16:43:23.915Z,2026-09-29T16:43:23.800Z,2026-09-29T10:43:23.915-06:00,9.053,3.8,314.0,0.0,16.3,wind_drone_20260929
2026-09-29T16:43:24.123Z,2026-09-29T16:43:24.000Z,2026-09-29T10:43:24.123-06:00,9.261,3.8,315.0,0.0,16.3,wind_drone_20260929
2026-09-29T16:43:24.315Z,2026-09-29T16:43:24.200Z,2026-09-29T10:43:24.315-06:00,9.453,3.9,311.0,0.0,16.3,wind_drone_20260929
2026-09-29T16:43:24.522Z,2026-09-29T16:43:24.400Z,2026-09-29T10:43:24.522-06:00,9.661,4.0,315.0,0.0,16.3,wind_drone_20260929
2026-09-29T16:43:24.715Z,2026-09-29T16:43:24.600Z,2026-09-29T10:43:24.715-06:00,9.854,4.0,314.0,0.0,16.3,wind_drone_20260929
2026-09-29T16:43:24.922Z,2026-09-29T16:43:24.800Z,2026-09-29T10:43:24.922-06:00,10.061,4.0,315.0,0.0,16.3,wind_drone_20260929
2026-09-29T16:43:25.115Z,2026-09-29T16:43:25.000Z,2026-09-29T10:43:25.115-06:00,10.253,3.9,319.0,0.0,16.3,wind_drone_20260929
2026-09-29T16:43:25.322Z,2026-09-29T16:43:25.200Z,2026-09-29T10:43:25.322-06:00,10.46,3.9,319.0,0.0,16.3,wind_drone_20260929
2026-09-29T16:43:25.515Z,2026-09-29T16:43:25.400Z,2026-09-29T10:43:25.515-06:00,10.653,3.9,320.0,0.0,16.3,wind_drone_20260929
2026-09-29T16:43:25.722Z,2026-09-29T16:43:25.600Z,2026-09-29T10:43:25.722-06:00,10.86,3.9,323.0,0.0,16.3,wind_drone_20260929
2026-09-29T16:43:25.915Z,2026-09-29T16:43:25.800Z,2026-09-29T10:43:25.915-06:00,11.053,3.8,323.0,0.0,16.3,wind_drone_20260929
2026-09-29T16:43:26.122Z,2026-09-29T16:43:26.000Z,2026-09-29T10:43:26.122-06:00,11.26,3.6,324.0,0.0,16.3,wind_drone_20260929
2026-09-29T16:43:26.315Z,2026-09-29T16:43:26.200Z,2026-09-29T10:43:26.315-06:00,11.453,3.5,321.0,0.0,16.3,wind_drone_20260929
2026-09-29T16:43:26.522Z,2026-09-29T16:43:26.400Z,2026-09-29T10:43:26.522-06:00,11.66,3.4,324.0,0.0,16.3,wind_drone_20260929
2026-09-29T16:43:26.714Z,2026-09-29T16:43:26.600Z,2026-09-29T10:43:26.714-06:00,11.853,3.4,324.0,0.0,16.3,wind_drone_20260929
2026-09-29T16:43:26.922Z,2026-09-29T16:43:26.800Z,2026-09-29T10:43:26.922-06:00,12.06,3.4,324.0,0.0,16.3,wind_drone_20260929
2026-09-29T16:43:27.114Z,2026-09-29T16:43:27.000Z,2026-09-29T10:43:27.114-06:00,12.252,3.4,326.0,0.0,16.3,wind_drone_20260929
2026-09-29T16:43:27.321Z,2026-09-29T16:43:27.200Z,2026-09-29T10:43:27.321-06:00,12.46,3.4,327.0,0.0,16.3,wind_drone_20260929
2026-09-29T16:43:27.514Z,2026-09-29T16:43:27.400Z,2026-09-29T10:43:27.514-06:00,12.652,3.5,330.0,0.0,16.3,wind_drone_20260929
2026-09-29T16:43:27.721Z,2026-09-29T16:43:27.600Z,2026-09-29T10:43:27.721-06:00,12.86,3.7,328.0,0.0,16.3,wind_drone_20260929
2026-09-29T16:43:27.914Z,2026-09-29T16:43:27.800Z,2026-09-29T10:43:27.914-06:00,13.052,3.9,326.0,0.0,16.3,wind_drone_20260929
2026-09-29T16:43:28.121Z,2026-09-29T16:43:28.000Z,2026-09-29T10:43:28.121-06:00,13.259,4.0,326.0,0.0,16.3,wind_drone_20260929
2026-09-29T16:43:28.314Z,2026-09-29T16:43:28.200Z,2026-09-29T10:43:28.314-06:00,13.452,4.1,328.0,0.0,16.3,wind_drone_20260929
2026-09-29T16:43:28.521Z,2026-09-29T16:43:28.400Z,2026-09-29T10:43:28.521-06:00,13.659,4.1,332.0,0.0,16.3,wind_drone_20260929
2026-09-29T16:43:28.714Z,2026-09-29T16:43:28.600Z,2026-09-29T10:43:28.714-06:00,13.852,4.1,330.0,0.0,16.3,wind_drone_20260929
2026-09-29T16:43:28.921Z,2026-09-29T16:43:28.800Z,2026-09-29T10:43:28.921-06:00,14.059,4.1,332.0,0.0,16.3,wind_drone_20260929
2026-09-29T16:43:29.128Z,2026-09-29T16:43:29.000Z,2026-09-29T10:43:29.128-06:00,14.266,4.1,329.0,0.0,16.3,wind_drone_20260929
2026-09-29T16:43:29.321Z,2026-09-29T16:43:29.200Z,2026-09-29T10:43:29.321-06:00,14.459,4.0,326.0,0.0,16.3,wind_drone_20260929
2026-09-29T16:43:29.528Z,2026-09-29T16:43:29.400Z,2026-09-29T10:43:29.528-06:00,14.666,4.0,327.0,0.0,16.3,wind_drone_20260929
2026-09-29T16:43:29.721Z,2026-09-29T16:43:29.600Z,2026-09-29T10:43:29.721-06:00,14.859,4.0,324.0,0.0,16.3,wind_drone_20260929
2026-09-29T16:43:29.928Z,2026-09-29T16:43:29.800Z,2026-09-29T10:43:29.928-06:00,15.066,3.9,320.0,0.0,16.3,wind_drone_20260929
2026-09-29T16:43:30.121Z,2026-09-29T16:43:30.000Z,2026-09-29T10:43:30.121-06:00,15.259,3.9,317.0,0.0,16.3,wind_drone_20260929
2026-09-29T16:43:30.328Z,2026-09-29T16:43:30.200Z,2026-09-29T10:43:30.328-06:00,15.466,3.9,318.0,0.0,16.3,wind_drone_20260929
2026-09-29T16:43:30.520Z,2026-09-29T16:43:30.400Z,2026-09-29T10:43:30.520-06:00,15.659,3.9,324.0,0.0,16.3,wind_drone_20260929
2026-09-29T16:43:30.728Z,2026-09-29T16:43:30.600Z,2026-09-29T10:43:30.728-06:00,15.866,4.1,327.0,0.0,16.3,wind_drone_20260929
2026-09-29T16:43:30.920Z,2026-09-29T16:43:30.800Z,2026-09-29T10:43:30.920-06:00,16.059,4.2,324.0,0.0,16.3,wind_drone_20260929
2026-09-29T16:43:31.127Z,2026-09-29T16:43:31.000Z,2026-09-29T10:43:31.127-06:00,16.265,4.2,326.0,0.0,16.3,wind_drone_20260929
2026-09-29T16:43:31.320Z,2026-09-29T16:43:31.200Z,2026-09-29T10:43:31.320-06:00,16.458,4.2,331.0,0.0,16.3,wind_drone_20260929
2026-09-29T16:43:31.527Z,2026-09-29T16:43:31.400Z,2026-09-29T10:43:31.527-06:00,16.665,4.4,332.0,0.0,16.3,wind_drone_20260929
2026-09-29T16:43:31.720Z,2026-09-29T16:43:31.600Z,2026-09-29T10:43:31.720-06:00,16.858,4.5,331.0,0.0,16.3,wind_drone_20260929
2026-09-29T16:43:31.927Z,2026-09-29T16:43:31.800Z,2026-09-29T10:43:31.927-06:00,17.065,4.6,331.0,0.0,16.3,wind_drone_20260929
2026-09-29T16:43:32.120Z,2026-09-29T16:43:32.000Z,2026-09-29T10:43:32.120-06:00,17.258,4.7,329.0,0.0,16.3,wind_drone_20260929
2026-09-29T16:43:32.327Z,2026-09-29T16:43:32.200Z,2026-09-29T10:43:32.327-06:00,17.465,4.7,328.0,0.0,16.3,wind_drone_20260929
2026-09-29T16:43:32.520Z,2026-09-29T16:43:32.400Z,2026-09-29T10:43:32.520-06:00,17.658,4.7,329.0,0.0,16.3,wind_drone_20260929
2026-09-29T16:43:32.727Z,2026-09-29T16:43:32.600Z,2026-09-29T10:43:32.727-06:00,17.865,4.8,331.0,0.0,16.3,wind_drone_20260929
2026-09-29T16:43:32.919Z,2026-09-29T16:43:32.800Z,2026-09-29T10:43:32.919-06:00,18.058,4.8,330.0,0.0,16.3,wind_drone_20260929
2026-09-29T16:43:33.127Z,2026-09-29T16:43:33.000Z,2026-09-29T10:43:33.127-06:00,18.265,4.8,330.0,0.0,16.3,wind_drone_20260929
2026-09-29T16:43:33.319Z,2026-09-29T16:43:33.200Z,2026-09-29T10:43:33.319-06:00,18.458,4.9,329.0,0.0,16.3,wind_drone_20260929
2026-09-29T16:43:33.526Z,2026-09-29T16:43:33.400Z,2026-09-29T10:43:33.526-06:00,18.665,4.7,330.0,0.0,16.3,wind_drone_20260929
2026-09-29T16:43:33.719Z,2026-09-29T16:43:33.600Z,2026-09-29T10:43:33.719-06:00,18.857,4.7,326.0,0.0,16.3,wind_drone_20260929
2026-09-29T16:43:33.926Z,2026-09-29T16:43:33.800Z,2026-09-29T10:43:33.926-06:00,19.065,4.7,323.0,0.0,16.3,wind_drone_20260929
2026-09-29T16:43:34.119Z,2026-09-29T16:43:34.000Z,2026-09-29T10:43:34.119-06:00,19.257,4.8,323.0,0.0,16.3,wind_drone_20260929
2026-09-29T16:43:34.326Z,2026-09-29T16:43:34.200Z,2026-09-29T10:43:34.326-06:00,19.464,4.7,329.0,0.0,16.3,wind_drone_20260929
2026-09-29T16:43:34.519Z,2026-09-29T16:43:34.400Z,2026-09-29T10:43:34.519-06:00,19.657,4.7,329.0,0.0,16.3,wind_drone_20260929
2026-09-29T16:43:34.726Z,2026-09-29T16:43:34.600Z,2026-09-29T10:43:34.726-06:00,19.864,4.5,330.0,0.0,16.3,wind_drone_20260929
2026-09-29T16:43:34.919Z,2026-09-29T16:43:34.800Z,2026-09-29T10:43:34.919-06:00,20.057,4.4,330.0,0.0,16.3,wind_drone_20260929
2026-09-29T16:43:35.126Z,2026-09-29T16:43:35.000Z,2026-09-29T10:43:35.126-06:00,20.264,4.2,333.0,0.0,16.3,wind_drone_20260929
2026-09-29T16:43:35.319Z,2026-09-29T16:43:35.200Z,2026-09-29T10:43:35.319-06:00,20.457,4.0,328.0,0.0,16.3,wind_drone_20260929
2026-09-29T16:43:35.526Z,2026-09-29T16:43:35.400Z,2026-09-29T10:43:35.526-06:00,20.664,3.9,323.0,0.0,16.3,wind_drone_20260929
2026-09-29T16:43:35.718Z,2026-09-29T16:43:35.600Z,2026-09-29T10:43:35.718-06:00,20.857,3.6,322.0,0.0,16.3,wind_drone_20260929
2026-09-29T16:43:35.926Z,2026-09-29T16:43:35.800Z,2026-09-29T10:43:35.926-06:00,21.064,3.4,319.0,0.0,16.3,wind_drone_20260929
2026-09-29T16:43:36.118Z,2026-09-29T16:43:36.000Z,2026-09-29T10:43:36.118-06:00,21.257,3.4,319.0,0.0,16.3,wind_drone_20260929
2026-09-29T16:43:36.326Z,2026-09-29T16:43:36.200Z,2026-09-29T10:43:36.326-06:00,21.464,3.3,323.0,0.0,16.3,wind_drone_20260929
2026-09-29T16:43:36.518Z,2026-09-29T16:43:36.400Z,2026-09-29T10:43:36.518-06:00,21.656,3.3,324.0,0.0,16.3,wind_drone_20260929
2026-09-29T16:43:36.725Z,2026-09-29T16:43:36.600Z,2026-09-29T10:43:36.725-06:00,21.864,3.4,328.0,0.0,16.3,wind_drone_20260929
2026-09-29T16:43:36.918Z,2026-09-29T16:43:36.800Z,2026-09-29T10:43:36.918-06:00,22.056,3.4,329.0,0.0,16.3,wind_drone_20260929
2026-09-29T16:43:37.125Z,2026-09-29T16:43:37.000Z,2026-09-29T10:43:37.125-06:00,22.263,3.5,329.0,0.0,16.3,wind_drone_20260929
2026-09-29T16:43:37.318Z,2026-09-29T16:43:37.200Z,2026-09-29T10:43:37.318-06:00,22.456,3.6,330.0,0.0,16.3,wind_drone_20260929
2026-09-29T16:43:37.525Z,2026-09-29T16:43:37.400Z,2026-09-29T10:43:37.525-06:00,22.663,3.8,326.0,0.0,16.3,wind_drone_20260929
2026-09-29T16:43:37.718Z,2026-09-29T16:43:37.600Z,2026-09-29T10:43:37.718-06:00,22.856,3.7,323.0,0.0,16.3,wind_drone_20260929
2026-09-29T16:43:37.925Z,2026-09-29T16:43:37.800Z,2026-09-29T10:43:37.925-06:00,23.063,3.8,325.0,0.0,16.3,wind_drone_20260929
2026-09-29T16:43:38.118Z,2026-09-29T16:43:38.000Z,2026-09-29T10:43:38.118-06:00,23.256,3.8,329.0,0.0,16.3,wind_drone_20260929
2026-09-29T16:43:38.325Z,2026-09-29T16:43:38.200Z,2026-09-29T10:43:38.325-06:00,23.463,3.8,324.0,0.0,16.3,wind_drone_20260929
2026-09-29T16:43:38.517Z,2026-09-29T16:43:38.400Z,2026-09-29T10:43:38.517-06:00,23.656,3.8,325.0,0.0,16.3,wind_drone_20260929
2026-09-29T16:43:38.724Z,2026-09-29T16:43:38.600Z,2026-09-29T10:43:38.724-06:00,23.863,3.9,328.0,0.0,16.3,wind_drone_20260929
2026-09-29T16:43:38.917Z,2026-09-29T16:43:38.800Z,2026-09-29T10:43:38.917-06:00,24.056,4.0,325.0,0.0,16.3,wind_drone_20260929
2026-09-29T16:43:39.124Z,2026-09-29T16:43:39.000Z,2026-09-29T10:43:39.124-06:00,24.262,4.0,325.0,0.0,16.3,wind_drone_20260929
2026-09-29T16:43:39.317Z,2026-09-29T16:43:39.200Z,2026-09-29T10:43:39.317-06:00,24.455,4.0,326.0,0.0,16.3,wind_drone_20260929
2026-09-29T16:43:39.524Z,2026-09-29T16:43:39.400Z,2026-09-29T10:43:39.524-06:00,24.663,4.2,325.0,0.0,16.3,wind_drone_20260929
2026-09-29T16:43:39.717Z,2026-09-29T16:43:39.600Z,2026-09-29T10:43:39.717-06:00,24.856,4.2,329.0,0.0,16.3,wind_drone_20260929
2026-09-29T16:43:39.924Z,2026-09-29T16:43:39.800Z,2026-09-29T10:43:39.924-06:00,25.062,4.2,326.0,0.0,16.3,wind_drone_20260929
2026-09-29T16:43:40.117Z,2026-09-29T16:43:40.000Z,2026-09-29T10:43:40.117-06:00,25.255,4.2,321.0,0.0,16.3,wind_drone_20260929
2026-09-29T16:43:40.324Z,2026-09-29T16:43:40.200Z,2026-09-29T10:43:40.324-06:00,25.462,4.3,321.0,0.0,16.3,wind_drone_20260929
2026-09-29T16:43:40.517Z,2026-09-29T16:43:40.400Z,2026-09-29T10:43:40.517-06:00,25.655,4.3,327.0,0.0,16.3,wind_drone_20260929
2026-09-29T16:43:40.724Z,2026-09-29T16:43:40.600Z,2026-09-29T10:43:40.724-06:00,25.862,4.3,329.0,0.0,16.3,wind_drone_20260929
2026-09-29T16:43:40.917Z,2026-09-29T16:43:40.800Z,2026-09-29T10:43:40.917-06:00,26.055,4.3,329.0,0.0,16.3,wind_drone_20260929
2026-09-29T16:43:41.124Z,2026-09-29T16:43:41.000Z,2026-09-29T10:43:41.124-06:00,26.262,4.4,327.0,0.0,16.3,wind_drone_20260929
2026-09-29T16:43:41.316Z,2026-09-29T16:43:41.200Z,2026-09-29T10:43:41.316-06:00,26.455,4.4,330.0,0.0,16.3,wind_drone_20260929
2026-09-29T16:43:41.524Z,2026-09-29T16:43:41.400Z,2026-09-29T10:43:41.524-06:00,26.662,4.4,330.0,0.0,16.3,wind_drone_20260929
2026-09-29T16:43:41.716Z,2026-09-29T16:43:41.600Z,2026-09-29T10:43:41.716-06:00,26.854,4.4,327.0,0.0,16.3,wind_drone_20260929
2026-09-29T16:43:41.924Z,2026-09-29T16:43:41.800Z,2026-09-29T10:43:41.924-06:00,27.062,4.4,326.0,0.0,16.3,wind_drone_20260929
2026-09-29T16:43:42.116Z,2026-09-29T16:43:42.000Z,2026-09-29T10:43:42.116-06:00,27.254,4.4,330.0,0.0,16.3,wind_drone_20260929
2026-09-29T16:43:42.323Z,2026-09-29T16:43:42.200Z,2026-09-29T10:43:42.323-06:00,27.462,4.4,333.0,0.0,16.3,wind_drone_20260929
2026-09-29T16:43:42.516Z,2026-09-29T16:43:42.400Z,2026-09-29T10:43:42.516-06:00,27.654,4.4,329.0,0.0,16.3,wind_drone_20260929
2026-09-29T16:43:42.723Z,2026-09-29T16:43:42.600Z,2026-09-29T10:43:42.723-06:00,27.862,4.4,323.0,0.0,16.3,wind_drone_20260929
2026-09-29T16:43:42.916Z,2026-09-29T16:43:42.800Z,2026-09-29T10:43:42.916-06:00,28.054,4.5,326.0,0.0,16.3,wind_drone_20260929
2026-09-29T16:43:43.123Z,2026-09-29T16:43:43.000Z,2026-09-29T10:43:43.123-06:00,28.261,4.5,330.0,0.0,16.3,wind_drone_20260929
2026-09-29T16:43:43.316Z,2026-09-29T16:43:43.200Z,2026-09-29T10:43:43.316-06:00,28.454,4.7,334.0,0.0,16.3,wind_drone_20260929
2026-09-29T16:43:43.523Z,2026-09-29T16:43:43.400Z,2026-09-29T10:43:43.523-06:00,28.661,4.8,335.0,0.0,16.3,wind_drone_20260929
2026-09-29T16:43:43.715Z,2026-09-29T16:43:43.600Z,2026-09-29T10:43:43.715-06:00,28.854,4.9,335.0,0.0,16.3,wind_drone_20260929
2026-09-29T16:43:43.923Z,2026-09-29T16:43:43.800Z,2026-09-29T10:43:43.923-06:00,29.061,5.0,338.0,0.0,16.3,wind_drone_20260929
2026-09-29T16:43:44.115Z,2026-09-29T16:43:44.000Z,2026-09-29T10:43:44.115-06:00,29.254,5.2,342.0,0.0,16.3,wind_drone_20260929
2026-09-29T16:43:44.323Z,2026-09-29T16:43:44.200Z,2026-09-29T10:43:44.323-06:00,29.461,5.3,339.0,0.0,16.3,wind_drone_20260929
2026-09-29T16:43:44.515Z,2026-09-29T16:43:44.400Z,2026-09-29T10:43:44.515-06:00,29.654,5.4,333.0,0.0,16.3,wind_drone_20260929
2026-09-29T16:43:44.723Z,2026-09-29T16:43:44.600Z,2026-09-29T10:43:44.723-06:00,29.861,5.6,331.0,0.0,16.2,wind_drone_20260929
2026-09-29T16:43:44.915Z,2026-09-29T16:43:44.800Z,2026-09-29T10:43:44.915-06:00,30.054,5.7,332.0,0.0,16.2,wind_drone_20260929
2026-09-29T16:43:45.122Z,2026-09-29T16:43:45.000Z,2026-09-29T10:43:45.122-06:00,30.261,5.8,336.0,0.0,16.2,wind_drone_20260929
2026-09-29T16:43:45.315Z,2026-09-29T16:43:45.200Z,2026-09-29T10:43:45.315-06:00,30.453,5.9,328.0,0.0,16.2,wind_drone_20260929
2026-09-29T16:43:45.523Z,2026-09-29T16:43:45.400Z,2026-09-29T10:43:45.523-06:00,30.661,6.0,331.0,0.0,16.2,wind_drone_20260929
2026-09-29T16:43:45.715Z,2026-09-29T16:43:45.600Z,2026-09-29T10:43:45.715-06:00,30.853,6.1,333.0,0.0,16.2,wind_drone_20260929
2026-09-29T16:43:45.922Z,2026-09-29T16:43:45.800Z,2026-09-29T10:43:45.922-06:00,31.06,6.2,332.0,0.0,16.2,wind_drone_20260929
2026-09-29T16:43:46.115Z,2026-09-29T16:43:46.000Z,2026-09-29T10:43:46.115-06:00,31.253,6.3,333.0,0.0,16.2,wind_drone_20260929
2026-09-29T16:43:46.322Z,2026-09-29T16:43:46.200Z,2026-09-29T10:43:46.322-06:00,31.46,6.4,337.0,0.0,16.2,wind_drone_20260929
2026-09-29T16:43:46.515Z,2026-09-29T16:43:46.400Z,2026-09-29T10:43:46.515-06:00,31.653,6.6,337.0,0.0,16.2,wind_drone_20260929
2026-09-29T16:43:46.722Z,2026-09-29T16:43:46.600Z,2026-09-29T10:43:46.722-06:00,31.86,6.8,337.0,0.0,16.2,wind_drone_20260929
2026-09-29T16:43:46.914Z,2026-09-29T16:43:46.800Z,2026-09-29T10:43:46.914-06:00,32.052,6.8,339.0,0.0,16.2,wind_drone_20260929
2026-09-29T16:43:47.122Z,2026-09-29T16:43:47.000Z,2026-09-29T10:43:47.122-06:00,32.26,6.9,337.0,0.0,16.2,wind_drone_20260929
2026-09-29T16:43:47.315Z,2026-09-29T16:43:47.200Z,2026-09-29T10:43:47.315-06:00,32.453,6.9,340.0,0.0,16.2,wind_drone_20260929
2026-09-29T16:43:47.521Z,2026-09-29T16:43:47.400Z,2026-09-29T10:43:47.521-06:00,32.66,6.8,343.0,0.0,16.2,wind_drone_20260929
2026-09-29T16:43:47.714Z,2026-09-29T16:43:47.600Z,2026-09-29T10:43:47.714-06:00,32.852,6.8,340.0,0.0,16.2,wind_drone_20260929
2026-09-29T16:43:47.922Z,2026-09-29T16:43:47.800Z,2026-09-29T10:43:47.922-06:00,33.06,6.9,338.0,0.0,16.2,wind_drone_20260929
2026-09-29T16:43:48.114Z,2026-09-29T16:43:48.000Z,2026-09-29T10:43:48.114-06:00,33.253,6.7,336.0,0.0,16.2,wind_drone_20260929
2026-09-29T16:43:48.321Z,2026-09-29T16:43:48.200Z,2026-09-29T10:43:48.321-06:00,33.459,6.6,331.0,0.0,16.2,wind_drone_20260929
2026-09-29T16:43:48.514Z,2026-09-29T16:43:48.400Z,2026-09-29T10:43:48.514-06:00,33.653,6.6,331.0,0.0,16.2,wind_drone_20260929
2026-09-29T16:43:48.721Z,2026-09-29T16:43:48.600Z,2026-09-29T10:43:48.721-06:00,33.859,6.6,328.0,0.0,16.2,wind_drone_20260929
2026-09-29T16:43:48.914Z,2026-09-29T16:43:48.800Z,2026-09-29T10:43:48.914-06:00,34.052,6.6,330.0,0.0,16.2,wind_drone_20260929
2026-09-29T16:43:49.121Z,2026-09-29T16:43:49.000Z,2026-09-29T10:43:49.121-06:00,34.259,6.6,334.0,0.0,16.2,wind_drone_20260929
2026-09-29T16:43:49.313Z,2026-09-29T16:43:49.200Z,2026-09-29T10:43:49.313-06:00,34.451,6.6,333.0,0.0,16.2,wind_drone_20260929
2026-09-29T16:43:49.521Z,2026-09-29T16:43:49.400Z,2026-09-29T10:43:49.521-06:00,34.659,6.4,338.0,0.0,16.2,wind_drone_20260929
2026-09-29T16:43:49.714Z,2026-09-29T16:43:49.600Z,2026-09-29T10:43:49.714-06:00,34.852,6.5,334.0,0.0,16.2,wind_drone_20260929
2026-09-29T16:43:49.921Z,2026-09-29T16:43:49.800Z,2026-09-29T10:43:49.921-06:00,35.059,6.5,331.0,0.0,16.2,wind_drone_20260929
2026-09-29T16:43:50.128Z,2026-09-29T16:43:50.000Z,2026-09-29T10:43:50.128-06:00,35.266,6.4,331.0,0.0,16.2,wind_drone_20260929
2026-09-29T16:43:50.321Z,2026-09-29T16:43:50.200Z,2026-09-29T10:43:50.321-06:00,35.459,6.3,330.0,0.0,16.2,wind_drone_20260929
2026-09-29T16:43:50.528Z,2026-09-29T16:43:50.400Z,2026-09-29T10:43:50.528-06:00,35.666,6.3,326.0,0.0,16.2,wind_drone_20260929
2026-09-29T16:43:50.721Z,2026-09-29T16:43:50.600Z,2026-09-29T10:43:50.721-06:00,35.859,6.3,327.0,0.0,16.2,wind_drone_20260929
2026-09-29T16:43:50.928Z,2026-09-29T16:43:50.800Z,2026-09-29T10:43:50.928-06:00,36.066,6.2,331.0,0.0,16.2,wind_drone_20260929
2026-09-29T16:43:51.120Z,2026-09-29T16:43:51.000Z,2026-09-29T10:43:51.120-06:00,36.259,6.2,332.0,0.0,16.2,wind_drone_20260929
2026-09-29T16:43:51.327Z,2026-09-29T16:43:51.200Z,2026-09-29T10:43:51.327-06:00,36.466,6.2,326.0,0.0,16.2,wind_drone_20260929
2026-09-29T16:43:51.520Z,2026-09-29T16:43:51.400Z,2026-09-29T10:43:51.520-06:00,36.658,6.1,325.0,0.0,16.2,wind_drone_20260929
2026-09-29T16:43:51.728Z,2026-09-29T16:43:51.600Z,2026-09-29T10:43:51.728-06:00,36.866,6.1,325.0,0.0,16.2,wind_drone_20260929
2026-09-29T16:43:51.920Z,2026-09-29T16:43:51.800Z,2026-09-29T10:43:51.920-06:00,37.059,5.9,327.0,0.0,16.2,wind_drone_20260929
2026-09-29T16:43:52.127Z,2026-09-29T16:43:52.000Z,2026-09-29T10:43:52.127-06:00,37.265,5.8,326.0,0.0,16.2,wind_drone_20260929
2026-09-29T16:43:52.320Z,2026-09-29T16:43:52.200Z,2026-09-29T10:43:52.320-06:00,37.458,5.9,328.0,0.0,16.2,wind_drone_20260929
2026-09-29T16:43:52.527Z,2026-09-29T16:43:52.400Z,2026-09-29T10:43:52.527-06:00,37.665,5.9,328.0,0.0,16.1,wind_drone_20260929
2026-09-29T16:43:52.720Z,2026-09-29T16:43:52.600Z,2026-09-29T10:43:52.720-06:00,37.858,5.9,330.0,0.0,16.1,wind_drone_20260929
2026-09-29T16:43:52.927Z,2026-09-29T16:43:52.800Z,2026-09-29T10:43:52.927-06:00,38.065,6.0,330.0,0.0,16.1,wind_drone_20260929
2026-09-29T16:43:53.120Z,2026-09-29T16:43:53.000Z,2026-09-29T10:43:53.120-06:00,38.258,6.1,332.0,0.0,16.1,wind_drone_20260929
2026-09-29T16:43:53.327Z,2026-09-29T16:43:53.200Z,2026-09-29T10:43:53.327-06:00,38.465,6.1,332.0,0.0,16.1,wind_drone_20260929
2026-09-29T16:43:53.520Z,2026-09-29T16:43:53.400Z,2026-09-29T10:43:53.520-06:00,38.658,6.1,333.0,0.0,16.1,wind_drone_20260929
2026-09-29T16:43:53.727Z,2026-09-29T16:43:53.600Z,2026-09-29T10:43:53.727-06:00,38.865,6.2,337.0,0.0,16.1,wind_drone_20260929
2026-09-29T16:43:53.919Z,2026-09-29T16:43:53.800Z,2026-09-29T10:43:53.919-06:00,39.058,6.0,342.0,0.0,16.1,wind_drone_20260929
2026-09-29T16:43:54.127Z,2026-09-29T16:43:54.000Z,2026-09-29T10:43:54.127-06:00,39.265,6.0,342.0,0.0,16.1,wind_drone_20260929
2026-09-29T16:43:54.319Z,2026-09-29T16:43:54.200Z,2026-09-29T10:43:54.319-06:00,39.458,5.9,333.0,0.0,16.1,wind_drone_20260929
2026-09-29T16:43:54.526Z,2026-09-29T16:43:54.400Z,2026-09-29T10:43:54.526-06:00,39.665,5.8,334.0,0.0,16.1,wind_drone_20260929
2026-09-29T16:43:54.719Z,2026-09-29T16:43:54.600Z,2026-09-29T10:43:54.719-06:00,39.857,5.7,343.0,0.0,16.1,wind_drone_20260929
2026-09-29T16:43:54.926Z,2026-09-29T16:43:54.800Z,2026-09-29T10:43:54.926-06:00,40.064,5.6,341.0,0.0,16.1,wind_drone_20260929
2026-09-29T16:43:55.119Z,2026-09-29T16:43:55.000Z,2026-09-29T10:43:55.119-06:00,40.258,5.5,337.0,0.0,16.1,wind_drone_20260929
2026-09-29T16:43:55.326Z,2026-09-29T16:43:55.200Z,2026-09-29T10:43:55.326-06:00,40.464,5.5,340.0,0.0,16.1,wind_drone_20260929
2026-09-29T16:43:55.519Z,2026-09-29T16:43:55.400Z,2026-09-29T10:43:55.519-06:00,40.657,5.5,347.0,0.0,16.1,wind_drone_20260929
2026-09-29T16:43:55.726Z,2026-09-29T16:43:55.600Z,2026-09-29T10:43:55.726-06:00,40.864,5.6,340.0,0.0,16.1,wind_drone_20260929
2026-09-29T16:43:55.919Z,2026-09-29T16:43:55.800Z,2026-09-29T10:43:55.919-06:00,41.057,5.6,336.0,0.0,16.1,wind_drone_20260929
2026-09-29T16:43:56.126Z,2026-09-29T16:43:56.000Z,2026-09-29T10:43:56.126-06:00,41.264,5.6,348.0,0.0,16.1,wind_drone_20260929
2026-09-29T16:43:56.319Z,2026-09-29T16:43:56.200Z,2026-09-29T10:43:56.319-06:00,41.457,5.7,347.0,0.0,16.1,wind_drone_20260929
2026-09-29T16:43:56.526Z,2026-09-29T16:43:56.400Z,2026-09-29T10:43:56.526-06:00,41.664,5.7,338.0,0.0,16.1,wind_drone_20260929
2026-09-29T16:43:56.718Z,2026-09-29T16:43:56.600Z,2026-09-29T10:43:56.718-06:00,41.857,5.8,343.0,0.0,16.1,wind_drone_20260929
2026-09-29T16:43:56.926Z,2026-09-29T16:43:56.800Z,2026-09-29T10:43:56.926-06:00,42.064,5.8,352.0,0.0,16.1,wind_drone_20260929
2026-09-29T16:43:57.118Z,2026-09-29T16:43:57.000Z,2026-09-29T10:43:57.118-06:00,42.257,5.8,352.0,0.0,16.1,wind_drone_20260929
2026-09-29T16:43:57.325Z,2026-09-29T16:43:57.200Z,2026-09-29T10:43:57.325-06:00,42.464,5.6,344.0,0.0,16.1,wind_drone_20260929
2026-09-29T16:43:57.518Z,2026-09-29T16:43:57.400Z,2026-09-29T10:43:57.518-06:00,42.656,5.4,353.0,0.0,16.1,wind_drone_20260929
2026-09-29T16:43:57.725Z,2026-09-29T16:43:57.600Z,2026-09-29T10:43:57.725-06:00,42.863,5.3,357.0,0.0,16.1,wind_drone_20260929
2026-09-29T16:43:57.918Z,2026-09-29T16:43:57.800Z,2026-09-29T10:43:57.918-06:00,43.056,5.2,354.0,0.0,16.1,wind_drone_20260929
2026-09-29T16:43:58.125Z,2026-09-29T16:43:58.000Z,2026-09-29T10:43:58.125-06:00,43.263,5.2,346.0,0.0,16.1,wind_drone_20260929
2026-09-29T16:43:58.318Z,2026-09-29T16:43:58.200Z,2026-09-29T10:43:58.318-06:00,43.456,5.0,348.0,0.0,16.1,wind_drone_20260929
2026-09-29T16:43:58.525Z,2026-09-29T16:43:58.400Z,2026-09-29T10:43:58.525-06:00,43.663,5.0,344.0,0.0,16.1,wind_drone_20260929
2026-09-29T16:43:58.717Z,2026-09-29T16:43:58.600Z,2026-09-29T10:43:58.717-06:00,43.856,5.0,338.0,0.0,16.1,wind_drone_20260929
2026-09-29T16:43:58.925Z,2026-09-29T16:43:58.800Z,2026-09-29T10:43:58.925-06:00,44.063,5.1,336.0,0.0,16.1,wind_drone_20260929
2026-09-29T16:43:59.118Z,2026-09-29T16:43:59.000Z,2026-09-29T10:43:59.118-06:00,44.256,5.1,335.0,0.0,16.1,wind_drone_20260929
2026-09-29T16:43:59.325Z,2026-09-29T16:43:59.200Z,2026-09-29T10:43:59.325-06:00,44.463,5.3,339.0,0.0,16.1,wind_drone_20260929
2026-09-29T16:43:59.517Z,2026-09-29T16:43:59.400Z,2026-09-29T10:43:59.517-06:00,44.656,5.3,338.0,0.0,16.1,wind_drone_20260929
2026-09-29T16:43:59.725Z,2026-09-29T16:43:59.600Z,2026-09-29T10:43:59.725-06:00,44.863,5.3,331.0,0.0,16.1,wind_drone_20260929
2026-09-29T16:43:59.917Z,2026-09-29T16:43:59.800Z,2026-09-29T10:43:59.917-06:00,45.055,5.4,329.0,0.0,16.1,wind_drone_20260929
2026-09-29T16:44:00.124Z,2026-09-29T16:44:00.000Z,2026-09-29T10:44:00.124-06:00,45.263,5.5,327.0,0.0,16.1,wind_drone_20260929
2026-09-29T16:44:00.317Z,2026-09-29T16:44:00.200Z,2026-09-29T10:44:00.317-06:00,45.455,5.5,329.0,0.0,16.1,wind_drone_20260929
2026-09-29T16:44:00.524Z,2026-09-29T16:44:00.400Z,2026-09-29T10:44:00.524-06:00,45.662,5.6,330.0,0.0,16.1,wind_drone_20260929
2026-09-29T16:44:00.717Z,2026-09-29T16:44:00.600Z,2026-09-29T10:44:00.717-06:00,45.855,5.7,329.0,0.0,16.1,wind_drone_20260929
2026-09-29T16:44:00.924Z,2026-09-29T16:44:00.800Z,2026-09-29T10:44:00.924-06:00,46.062,5.8,327.0,0.0,16.1,wind_drone_20260929
2026-09-29T16:44:01.117Z,2026-09-29T16:44:01.000Z,2026-09-29T10:44:01.117-06:00,46.255,5.9,327.0,0.0,16.1,wind_drone_20260929
2026-09-29T16:44:01.324Z,2026-09-29T16:44:01.200Z,2026-09-29T10:44:01.324-06:00,46.462,6.0,327.0,0.0,16.1,wind_drone_20260929
2026-09-29T16:44:01.517Z,2026-09-29T16:44:01.400Z,2026-09-29T10:44:01.517-06:00,46.655,6.1,327.0,0.0,16.1,wind_drone_20260929
2026-09-29T16:44:01.724Z,2026-09-29T16:44:01.600Z,2026-09-29T10:44:01.724-06:00,46.862,6.2,326.0,0.0,16.1,wind_drone_20260929
2026-09-29T16:44:01.917Z,2026-09-29T16:44:01.800Z,2026-09-29T10:44:01.917-06:00,47.055,6.3,329.0,0.0,16.1,wind_drone_20260929
2026-09-29T16:44:02.124Z,2026-09-29T16:44:02.000Z,2026-09-29T10:44:02.124-06:00,47.262,6.3,326.0,0.0,16.1,wind_drone_20260929
2026-09-29T16:44:02.316Z,2026-09-29T16:44:02.200Z,2026-09-29T10:44:02.316-06:00,47.455,6.3,320.0,0.0,16.1,wind_drone_20260929
2026-09-29T16:44:02.524Z,2026-09-29T16:44:02.400Z,2026-09-29T10:44:02.524-06:00,47.662,6.2,313.0,0.0,16.1,wind_drone_20260929
2026-09-29T16:44:02.716Z,2026-09-29T16:44:02.600Z,2026-09-29T10:44:02.716-06:00,47.854,6.0,312.0,0.0,16.1,wind_drone_20260929
2026-09-29T16:44:02.923Z,2026-09-29T16:44:02.800Z,2026-09-29T10:44:02.923-06:00,48.062,5.9,311.0,0.0,16.1,wind_drone_20260929
2026-09-29T16:44:03.116Z,2026-09-29T16:44:03.000Z,2026-09-29T10:44:03.116-06:00,48.255,5.7,313.0,0.0,16.0,wind_drone_20260929
2026-09-29T16:44:03.323Z,2026-09-29T16:44:03.200Z,2026-09-29T10:44:03.323-06:00,48.462,5.6,320.0,0.0,16.0,wind_drone_20260929
2026-09-29T16:44:03.516Z,2026-09-29T16:44:03.400Z,2026-09-29T10:44:03.516-06:00,48.654,5.3,332.0,0.0,16.0,wind_drone_20260929
2026-09-29T16:44:03.723Z,2026-09-29T16:44:03.600Z,2026-09-29T10:44:03.723-06:00,48.861,5.1,329.0,0.0,16.0,wind_drone_20260929
2026-09-29T16:44:03.916Z,2026-09-29T16:44:03.800Z,2026-09-29T10:44:03.916-06:00,49.054,5.0,320.0,0.0,16.0,wind_drone_20260929
2026-09-29T16:44:04.123Z,2026-09-29T16:44:04.000Z,2026-09-29T10:44:04.123-06:00,49.261,4.9,316.0,0.0,16.0,wind_drone_20260929
2026-09-29T16:44:04.316Z,2026-09-29T16:44:04.200Z,2026-09-29T10:44:04.316-06:00,49.454,4.8,319.0,0.0,16.0,wind_drone_20260929
2026-09-29T16:44:04.523Z,2026-09-29T16:44:04.400Z,2026-09-29T10:44:04.523-06:00,49.661,4.6,315.0,0.0,16.0,wind_drone_20260929
2026-09-29T16:44:04.716Z,2026-09-29T16:44:04.600Z,2026-09-29T10:44:04.716-06:00,49.854,4.5,313.0,0.0,16.0,wind_drone_20260929
2026-09-29T16:44:04.923Z,2026-09-29T16:44:04.800Z,2026-09-29T10:44:04.923-06:00,50.061,4.3,317.0,0.0,16.0,wind_drone_20260929
2026-09-29T16:44:05.115Z,2026-09-29T16:44:05.000Z,2026-09-29T10:44:05.115-06:00,50.254,4.2,322.0,0.0,16.0,wind_drone_20260929
2026-09-29T16:44:05.322Z,2026-09-29T16:44:05.200Z,2026-09-29T10:44:05.322-06:00,50.461,4.2,320.0,0.0,16.0,wind_drone_20260929
2026-09-29T16:44:05.515Z,2026-09-29T16:44:05.400Z,2026-09-29T10:44:05.515-06:00,50.654,4.1,320.0,0.0,16.0,wind_drone_20260929
2026-09-29T16:44:05.722Z,2026-09-29T16:44:05.600Z,2026-09-29T10:44:05.722-06:00,50.861,4.1,318.0,0.0,16.0,wind_drone_20260929
2026-09-29T16:44:05.915Z,2026-09-29T16:44:05.800Z,2026-09-29T10:44:05.915-06:00,51.053,4.0,313.0,0.0,16.0,wind_drone_20260929
2026-09-29T16:44:06.122Z,2026-09-29T16:44:06.000Z,2026-09-29T10:44:06.122-06:00,51.26,4.0,314.0,0.0,16.0,wind_drone_20260929
2026-09-29T16:44:06.315Z,2026-09-29T16:44:06.200Z,2026-09-29T10:44:06.315-06:00,51.453,4.1,317.0,0.0,16.0,wind_drone_20260929
2026-09-29T16:44:06.522Z,2026-09-29T16:44:06.400Z,2026-09-29T10:44:06.522-06:00,51.66,4.1,313.0,0.0,16.0,wind_drone_20260929
2026-09-29T16:44:06.715Z,2026-09-29T16:44:06.600Z,2026-09-29T10:44:06.715-06:00,51.853,4.1,308.0,0.0,16.0,wind_drone_20260929
2026-09-29T16:44:06.922Z,2026-09-29T16:44:06.800Z,2026-09-29T10:44:06.922-06:00,52.06,4.1,305.0,0.0,16.0,wind_drone_20260929
2026-09-29T16:44:07.115Z,2026-09-29T16:44:07.000Z,2026-09-29T10:44:07.115-06:00,52.253,4.0,306.0,0.0,16.0,wind_drone_20260929
2026-09-29T16:44:07.322Z,2026-09-29T16:44:07.200Z,2026-09-29T10:44:07.322-06:00,52.46,4.0,310.0,0.0,16.0,wind_drone_20260929
2026-09-29T16:44:07.515Z,2026-09-29T16:44:07.400Z,2026-09-29T10:44:07.515-06:00,52.653,4.0,314.0,0.0,16.0,wind_drone_20260929
2026-09-29T16:44:07.722Z,2026-09-29T16:44:07.600Z,2026-09-29T10:44:07.722-06:00,52.86,4.0,311.0,0.0,16.0,wind_drone_20260929
2026-09-29T16:44:07.915Z,2026-09-29T16:44:07.800Z,2026-09-29T10:44:07.915-06:00,53.053,3.9,303.0,0.0,16.0,wind_drone_20260929
2026-09-29T16:44:08.122Z,2026-09-29T16:44:08.000Z,2026-09-29T10:44:08.122-06:00,53.26,3.9,303.0,0.0,16.0,wind_drone_20260929
2026-09-29T16:44:08.315Z,2026-09-29T16:44:08.200Z,2026-09-29T10:44:08.315-06:00,53.453,3.8,305.0,0.0,16.0,wind_drone_20260929
2026-09-29T16:44:08.521Z,2026-09-29T16:44:08.400Z,2026-09-29T10:44:08.521-06:00,53.66,3.8,301.0,0.0,16.0,wind_drone_20260929
2026-09-29T16:44:08.715Z,2026-09-29T16:44:08.600Z,2026-09-29T10:44:08.715-06:00,53.853,3.8,307.0,0.0,16.0,wind_drone_20260929
2026-09-29T16:44:08.921Z,2026-09-29T16:44:08.800Z,2026-09-29T10:44:08.921-06:00,54.06,3.8,308.0,0.0,16.0,wind_drone_20260929
2026-09-29T16:44:09.114Z,2026-09-29T16:44:09.000Z,2026-09-29T10:44:09.114-06:00,54.253,3.8,312.0,0.0,16.0,wind_drone_20260929
2026-09-29T16:44:09.321Z,2026-09-29T16:44:09.200Z,2026-09-29T10:44:09.321-06:00,54.459,3.8,304.0,0.0,16.0,wind_drone_20260929
2026-09-29T16:44:09.514Z,2026-09-29T16:44:09.400Z,2026-09-29T10:44:09.514-06:00,54.653,3.9,299.0,0.0,16.0,wind_drone_20260929
2026-09-29T16:44:09.721Z,2026-09-29T16:44:09.600Z,2026-09-29T10:44:09.721-06:00,54.859,3.9,292.0,0.0,16.0,wind_drone_20260929
2026-09-29T16:44:09.914Z,2026-09-29T16:44:09.800Z,2026-09-29T10:44:09.914-06:00,55.052,3.8,297.0,0.0,16.0,wind_drone_20260929
2026-09-29T16:44:10.121Z,2026-09-29T16:44:10.000Z,2026-09-29T10:44:10.121-06:00,55.259,3.8,312.0,0.0,16.0,wind_drone_20260929
2026-09-29T16:44:10.314Z,2026-09-29T16:44:10.200Z,2026-09-29T10:44:10.314-06:00,55.452,3.8,314.0,0.0,16.0,wind_drone_20260929
2026-09-29T16:44:10.521Z,2026-09-29T16:44:10.400Z,2026-09-29T10:44:10.521-06:00,55.659,3.7,309.0,0.0,16.0,wind_drone_20260929
2026-09-29T16:44:10.728Z,2026-09-29T16:44:10.600Z,2026-09-29T10:44:10.728-06:00,55.866,3.6,312.0,0.0,16.0,wind_drone_20260929
2026-09-29T16:44:10.921Z,2026-09-29T16:44:10.800Z,2026-09-29T10:44:10.921-06:00,56.059,3.5,314.0,0.0,16.0,wind_drone_20260929
2026-09-29T16:44:11.128Z,2026-09-29T16:44:11.000Z,2026-09-29T10:44:11.128-06:00,56.266,3.4,319.0,0.0,16.0,wind_drone_20260929
2026-09-29T16:44:11.321Z,2026-09-29T16:44:11.200Z,2026-09-29T10:44:11.321-06:00,56.459,3.3,339.0,0.0,16.0,wind_drone_20260929
2026-09-29T16:44:11.528Z,2026-09-29T16:44:11.400Z,2026-09-29T10:44:11.528-06:00,56.666,3.2,356.0,0.0,16.0,wind_drone_20260929
2026-09-29T16:44:11.720Z,2026-09-29T16:44:11.600Z,2026-09-29T10:44:11.720-06:00,56.858,3.1,6.0,0.0,16.0,wind_drone_20260929
2026-09-29T16:44:11.928Z,2026-09-29T16:44:11.800Z,2026-09-29T10:44:11.928-06:00,57.066,3.0,30.0,0.0,16.0,wind_drone_20260929
2026-09-29T16:44:12.120Z,2026-09-29T16:44:12.000Z,2026-09-29T10:44:12.120-06:00,57.259,3.0,40.0,0.0,16.0,wind_drone_20260929
2026-09-29T16:44:12.328Z,2026-09-29T16:44:12.200Z,2026-09-29T10:44:12.328-06:00,57.466,2.9,52.0,0.0,16.0,wind_drone_20260929
2026-09-29T16:44:12.520Z,2026-09-29T16:44:12.400Z,2026-09-29T10:44:12.520-06:00,57.658,2.8,50.0,0.0,16.0,wind_drone_20260929
2026-09-29T16:44:12.727Z,2026-09-29T16:44:12.600Z,2026-09-29T10:44:12.727-06:00,57.866,2.9,46.0,0.0,16.0,wind_drone_20260929
2026-09-29T16:44:12.920Z,2026-09-29T16:44:12.800Z,2026-09-29T10:44:12.920-06:00,58.058,3.0,61.0,0.0,16.0,wind_drone_20260929
2026-09-29T16:44:13.127Z,2026-09-29T16:44:13.000Z,2026-09-29T10:44:13.127-06:00,58.265,3.2,60.0,0.0,16.0,wind_drone_20260929
2026-09-29T16:44:13.320Z,2026-09-29T16:44:13.200Z,2026-09-29T10:44:13.320-06:00,58.458,3.4,79.0,0.0,16.0,wind_drone_20260929
2026-09-29T16:44:13.527Z,2026-09-29T16:44:13.400Z,2026-09-29T10:44:13.527-06:00,58.665,3.6,84.0,0.0,16.0,wind_drone_20260929
2026-09-29T16:44:13.720Z,2026-09-29T16:44:13.600Z,2026-09-29T10:44:13.720-06:00,58.858,3.8,93.0,0.0,16.0,wind_drone_20260929
2026-09-29T16:44:13.927Z,2026-09-29T16:44:13.800Z,2026-09-29T10:44:13.927-06:00,59.065,4.1,93.0,0.0,16.0,wind_drone_20260929
2026-09-29T16:44:14.120Z,2026-09-29T16:44:14.000Z,2026-09-29T10:44:14.120-06:00,59.258,4.2,97.0,0.0,16.0,wind_drone_20260929
2026-09-29T16:44:14.327Z,2026-09-29T16:44:14.200Z,2026-09-29T10:44:14.327-06:00,59.465,4.5,102.0,0.0,16.0,wind_drone_20260929
2026-09-29T16:44:14.520Z,2026-09-29T16:44:14.400Z,2026-09-29T10:44:14.520-06:00,59.658,4.7,98.0,0.0,16.0,wind_drone_20260929
2026-09-29T16:44:14.727Z,2026-09-29T16:44:14.600Z,2026-09-29T10:44:14.727-06:00,59.865,4.9,96.0,0.0,16.0,wind_drone_20260929
2026-09-29T16:44:14.919Z,2026-09-29T16:44:14.800Z,2026-09-29T10:44:14.919-06:00,60.058,5.0,98.0,0.0,16.0,wind_drone_20260929
2026-09-29T16:44:15.126Z,2026-09-29T16:44:15.000Z,2026-09-29T10:44:15.126-06:00,60.265,5.1,101.0,0.0,16.0,wind_drone_20260929
2026-09-29T16:44:15.319Z,2026-09-29T16:44:15.200Z,2026-09-29T10:44:15.319-06:00,60.457,5.2,102.0,0.0,16.0,wind_drone_20260929
2026-09-29T16:44:15.526Z,2026-09-29T16:44:15.400Z,2026-09-29T10:44:15.526-06:00,60.664,5.3,107.0,0.0,16.0,wind_drone_20260929
2026-09-29T16:44:15.719Z,2026-09-29T16:44:15.600Z,2026-09-29T10:44:15.719-06:00,60.857,5.3,104.0,0.0,16.0,wind_drone_20260929
2026-09-29T16:44:15.926Z,2026-09-29T16:44:15.800Z,2026-09-29T10:44:15.926-06:00,61.064,5.3,104.0,0.0,16.0,wind_drone_20260929
2026-09-29T16:44:16.119Z,2026-09-29T16:44:16.000Z,2026-09-29T10:44:16.119-06:00,61.257,5.3,102.0,0.0,16.0,wind_drone_20260929
2026-09-29T16:44:16.326Z,2026-09-29T16:44:16.200Z,2026-09-29T10:44:16.326-06:00,61.464,5.2,100.0,0.0,16.0,wind_drone_20260929
2026-09-29T16:44:16.519Z,2026-09-29T16:44:16.400Z,2026-09-29T10:44:16.519-06:00,61.657,5.1,101.0,0.0,16.0,wind_drone_20260929
2026-09-29T16:44:16.726Z,2026-09-29T16:44:16.600Z,2026-09-29T10:44:16.726-06:00,61.864,5.0,97.0,0.0,16.0,wind_drone_20260929
2026-09-29T16:44:16.919Z,2026-09-29T16:44:16.800Z,2026-09-29T10:44:16.919-06:00,62.057,4.9,97.0,0.0,16.0,wind_drone_20260929
2026-09-29T16:44:17.126Z,2026-09-29T16:44:17.000Z,2026-09-29T10:44:17.126-06:00,62.264,4.9,95.0,0.0,16.0,wind_drone_20260929
2026-09-29T16:44:17.319Z,2026-09-29T16:44:17.200Z,2026-09-29T10:44:17.319-06:00,62.457,5.0,90.0,0.0,16.0,wind_drone_20260929
2026-09-29T16:44:17.526Z,2026-09-29T16:44:17.400Z,2026-09-29T10:44:17.526-06:00,62.664,4.9,88.0,0.0,16.0,wind_drone_20260929
2026-09-29T16:44:17.718Z,2026-09-29T16:44:17.600Z,2026-09-29T10:44:17.718-06:00,62.857,4.9,90.0,0.0,16.0,wind_drone_20260929
2026-09-29T16:44:17.925Z,2026-09-29T16:44:17.800Z,2026-09-29T10:44:17.925-06:00,63.064,4.8,92.0,0.0,16.0,wind_drone_20260929
2026-09-29T16:44:18.118Z,2026-09-29T16:44:18.000Z,2026-09-29T10:44:18.118-06:00,63.256,4.9,91.0,0.0,16.0,wind_drone_20260929
2026-09-29T16:44:18.325Z,2026-09-29T16:44:18.200Z,2026-09-29T10:44:18.325-06:00,63.464,5.0,86.0,0.0,16.0,wind_drone_20260929
2026-09-29T16:44:18.518Z,2026-09-29T16:44:18.400Z,2026-09-29T10:44:18.518-06:00,63.656,5.1,89.0,0.0,16.0,wind_drone_20260929
2026-09-29T16:44:18.725Z,2026-09-29T16:44:18.600Z,2026-09-29T10:44:18.725-06:00,63.863,5.1,96.0,0.0,16.0,wind_drone_20260929
2026-09-29T16:44:18.918Z,2026-09-29T16:44:18.800Z,2026-09-29T10:44:18.918-06:00,64.056,5.1,96.0,0.0,16.0,wind_drone_20260929
2026-09-29T16:44:19.125Z,2026-09-29T16:44:19.000Z,2026-09-29T10:44:19.125-06:00,64.263,5.1,97.0,0.0,16.0,wind_drone_20260929
2026-09-29T16:44:19.318Z,2026-09-29T16:44:19.200Z,2026-09-29T10:44:19.318-06:00,64.456,5.1,96.0,0.0,16.0,wind_drone_20260929
2026-09-29T16:44:19.525Z,2026-09-29T16:44:19.400Z,2026-09-29T10:44:19.525-06:00,64.663,5.1,99.0,0.0,16.0,wind_drone_20260929
2026-09-29T16:44:19.717Z,2026-09-29T16:44:19.600Z,2026-09-29T10:44:19.717-06:00,64.856,5.0,96.0,0.0,16.0,wind_drone_20260929
2026-09-29T16:44:19.925Z,2026-09-29T16:44:19.800Z,2026-09-29T10:44:19.925-06:00,65.063,4.9,95.0,0.0,16.0,wind_drone_20260929
2026-09-29T16:44:20.118Z,2026-09-29T16:44:20.000Z,2026-09-29T10:44:20.118-06:00,65.256,4.8,100.0,0.0,16.0,wind_drone_20260929
2026-09-29T16:44:20.325Z,2026-09-29T16:44:20.200Z,2026-09-29T10:44:20.325-06:00,65.463,4.7,97.0,0.0,16.0,wind_drone_20260929
2026-09-29T16:44:20.517Z,2026-09-29T16:44:20.400Z,2026-09-29T10:44:20.517-06:00,65.656,4.6,97.0,0.0,16.0,wind_drone_20260929
2026-09-29T16:44:20.724Z,2026-09-29T16:44:20.600Z,2026-09-29T10:44:20.724-06:00,65.863,4.5,97.0,0.0,16.0,wind_drone_20260929
2026-09-29T16:44:20.917Z,2026-09-29T16:44:20.800Z,2026-09-29T10:44:20.917-06:00,66.055,4.4,97.0,0.0,16.0,wind_drone_20260929
2026-09-29T16:44:21.124Z,2026-09-29T16:44:21.000Z,2026-09-29T10:44:21.124-06:00,66.263,4.3,97.0,0.0,16.0,wind_drone_20260929
2026-09-29T16:44:21.317Z,2026-09-29T16:44:21.200Z,2026-09-29T10:44:21.317-06:00,66.455,4.3,92.0,0.0,16.0,wind_drone_20260929
2026-09-29T16:44:21.524Z,2026-09-29T16:44:21.400Z,2026-09-29T10:44:21.524-06:00,66.662,4.3,97.0,0.0,16.0,wind_drone_20260929
2026-09-29T16:44:21.717Z,2026-09-29T16:44:21.600Z,2026-09-29T10:44:21.717-06:00,66.855,4.3,98.0,0.0,15.9,wind_drone_20260929
2026-09-29T16:44:21.924Z,2026-09-29T16:44:21.800Z,2026-09-29T10:44:21.924-06:00,67.062,4.2,94.0,0.0,15.9,wind_drone_20260929
2026-09-29T16:44:22.117Z,2026-09-29T16:44:22.000Z,2026-09-29T10:44:22.117-06:00,67.255,4.2,92.0,0.0,15.9,wind_drone_20260929
2026-09-29T16:44:22.324Z,2026-09-29T16:44:22.200Z,2026-09-29T10:44:22.324-06:00,67.462,4.1,90.0,0.0,15.9,wind_drone_20260929
2026-09-29T16:44:22.517Z,2026-09-29T16:44:22.400Z,2026-09-29T10:44:22.517-06:00,67.655,4.1,90.0,0.0,15.9,wind_drone_20260929
2026-09-29T16:44:22.724Z,2026-09-29T16:44:22.600Z,2026-09-29T10:44:22.724-06:00,67.862,4.0,92.0,0.0,15.9,wind_drone_20260929
2026-09-29T16:44:22.916Z,2026-09-29T16:44:22.800Z,2026-09-29T10:44:22.916-06:00,68.054,4.0,93.0,0.0,15.9,wind_drone_20260929
2026-09-29T16:44:23.124Z,2026-09-29T16:44:23.000Z,2026-09-29T10:44:23.124-06:00,68.262,3.9,94.0,0.0,15.9,wind_drone_20260929
2026-09-29T16:44:23.316Z,2026-09-29T16:44:23.200Z,2026-09-29T10:44:23.316-06:00,68.454,3.8,94.0,0.0,15.9,wind_drone_20260929
2026-09-29T16:44:23.524Z,2026-09-29T16:44:23.400Z,2026-09-29T10:44:23.524-06:00,68.662,3.7,96.0,0.0,15.9,wind_drone_20260929
2026-09-29T16:44:23.716Z,2026-09-29T16:44:23.600Z,2026-09-29T10:44:23.716-06:00,68.854,3.6,95.0,0.0,15.9,wind_drone_20260929
2026-09-29T16:44:23.923Z,2026-09-29T16:44:23.800Z,2026-09-29T10:44:23.923-06:00,69.061,3.6,98.0,0.0,15.9,wind_drone_20260929
2026-09-29T16:44:24.117Z,2026-09-29T16:44:24.000Z,2026-09-29T10:44:24.117-06:00,69.255,3.5,96.0,0.0,15.9,wind_drone_20260929
2026-09-29T16:44:24.323Z,2026-09-29T16:44:24.200Z,2026-09-29T10:44:24.323-06:00,69.461,3.5,93.0,0.0,15.9,wind_drone_20260929
2026-09-29T16:44:24.516Z,2026-09-29T16:44:24.400Z,2026-09-29T10:44:24.516-06:00,69.654,3.4,95.0,0.0,15.9,wind_drone_20260929
2026-09-29T16:44:24.723Z,2026-09-29T16:44:24.600Z,2026-09-29T10:44:24.723-06:00,69.862,3.3,97.0,0.0,15.9,wind_drone_20260929
2026-09-29T16:44:24.916Z,2026-09-29T16:44:24.800Z,2026-09-29T10:44:24.916-06:00,70.054,3.3,95.0,0.0,15.9,wind_drone_20260929
2026-09-29T16:44:25.123Z,2026-09-29T16:44:25.000Z,2026-09-29T10:44:25.123-06:00,70.261,3.2,99.0,0.0,15.9,wind_drone_20260929
2026-09-29T16:44:25.316Z,2026-09-29T16:44:25.200Z,2026-09-29T10:44:25.316-06:00,70.454,3.2,97.0,0.0,15.9,wind_drone_20260929
2026-09-29T16:44:25.523Z,2026-09-29T16:44:25.400Z,2026-09-29T10:44:25.523-06:00,70.661,3.2,96.0,0.0,15.9,wind_drone_20260929
2026-09-29T16:44:25.716Z,2026-09-29T16:44:25.600Z,2026-09-29T10:44:25.716-06:00,70.854,3.2,95.0,0.0,15.9,wind_drone_20260929
2026-09-29T16:44:25.923Z,2026-09-29T16:44:25.800Z,2026-09-29T10:44:25.923-06:00,71.061,3.3,98.0,0.0,15.9,wind_drone_20260929
2026-09-29T16:44:26.115Z,2026-09-29T16:44:26.000Z,2026-09-29T10:44:26.115-06:00,71.254,3.4,99.0,0.0,15.9,wind_drone_20260929
2026-09-29T16:44:26.323Z,2026-09-29T16:44:26.200Z,2026-09-29T10:44:26.323-06:00,71.461,3.4,97.0,0.0,15.9,wind_drone_20260929
2026-09-29T16:44:26.515Z,2026-09-29T16:44:26.400Z,2026-09-29T10:44:26.515-06:00,71.654,3.5,94.0,0.0,15.9,wind_drone_20260929
2026-09-29T16:44:26.722Z,2026-09-29T16:44:26.600Z,2026-09-29T10:44:26.722-06:00,71.861,3.6,97.0,0.0,15.9,wind_drone_20260929
2026-09-29T16:44:26.916Z,2026-09-29T16:44:26.800Z,2026-09-29T10:44:26.916-06:00,72.054,3.8,95.0,0.0,15.9,wind_drone_20260929
2026-09-29T16:44:27.122Z,2026-09-29T16:44:27.000Z,2026-09-29T10:44:27.122-06:00,72.261,3.9,95.0,0.0,15.9,wind_drone_20260929
2026-09-29T16:44:27.315Z,2026-09-29T16:44:27.200Z,2026-09-29T10:44:27.315-06:00,72.454,4.0,92.0,0.0,15.9,wind_drone_20260929
2026-09-29T16:44:27.522Z,2026-09-29T16:44:27.400Z,2026-09-29T10:44:27.522-06:00,72.66,4.1,86.0,0.0,15.9,wind_drone_20260929
2026-09-29T16:44:27.715Z,2026-09-29T16:44:27.600Z,2026-09-29T10:44:27.715-06:00,72.853,4.1,87.0,0.0,15.9,wind_drone_20260929
2026-09-29T16:44:27.922Z,2026-09-29T16:44:27.800Z,2026-09-29T10:44:27.922-06:00,73.06,4.2,81.0,0.0,15.9,wind_drone_20260929
2026-09-29T16:44:28.115Z,2026-09-29T16:44:28.000Z,2026-09-29T10:44:28.115-06:00,73.253,4.3,82.0,0.0,15.9,wind_drone_20260929
2026-09-29T16:44:28.322Z,2026-09-29T16:44:28.200Z,2026-09-29T10:44:28.322-06:00,73.46,4.5,82.0,0.0,15.9,wind_drone_20260929
2026-09-29T16:44:28.514Z,2026-09-29T16:44:28.400Z,2026-09-29T10:44:28.514-06:00,73.653,4.5,80.0,0.0,15.9,wind_drone_20260929
2026-09-29T16:44:28.722Z,2026-09-29T16:44:28.600Z,2026-09-29T10:44:28.722-06:00,73.86,4.6,73.0,0.0,15.9,wind_drone_20260929
2026-09-29T16:44:28.914Z,2026-09-29T16:44:28.800Z,2026-09-29T10:44:28.914-06:00,74.053,4.7,70.0,0.0,15.9,wind_drone_20260929
2026-09-29T16:44:29.122Z,2026-09-29T16:44:29.000Z,2026-09-29T10:44:29.122-06:00,74.26,4.7,72.0,0.0,15.9,wind_drone_20260929
2026-09-29T16:44:29.315Z,2026-09-29T16:44:29.200Z,2026-09-29T10:44:29.315-06:00,74.453,4.8,76.0,0.0,15.9,wind_drone_20260929
2026-09-29T16:44:29.522Z,2026-09-29T16:44:29.400Z,2026-09-29T10:44:29.522-06:00,74.66,4.8,79.0,0.0,15.9,wind_drone_20260929
2026-09-29T16:44:29.714Z,2026-09-29T16:44:29.600Z,2026-09-29T10:44:29.714-06:00,74.852,4.8,73.0,0.0,15.9,wind_drone_20260929
2026-09-29T16:44:29.921Z,2026-09-29T16:44:29.800Z,2026-09-29T10:44:29.921-06:00,75.059,4.8,75.0,0.0,15.9,wind_drone_20260929
2026-09-29T16:44:30.114Z,2026-09-29T16:44:30.000Z,2026-09-29T10:44:30.114-06:00,75.252,4.8,75.0,0.0,15.9,wind_drone_20260929
2026-09-29T16:44:30.321Z,2026-09-29T16:44:30.200Z,2026-09-29T10:44:30.321-06:00,75.459,4.8,74.0,0.0,15.9,wind_drone_20260929
2026-09-29T16:44:30.513Z,2026-09-29T16:44:30.400Z,2026-09-29T10:44:30.513-06:00,75.652,4.8,73.0,0.0,15.9,wind_drone_20260929
2026-09-29T16:44:30.721Z,2026-09-29T16:44:30.600Z,2026-09-29T10:44:30.721-06:00,75.859,4.8,73.0,0.0,15.9,wind_drone_20260929
2026-09-29T16:44:30.914Z,2026-09-29T16:44:30.800Z,2026-09-29T10:44:30.914-06:00,76.052,4.9,73.0,0.0,15.9,wind_drone_20260929
2026-09-29T16:44:31.121Z,2026-09-29T16:44:31.000Z,2026-09-29T10:44:31.121-06:00,76.259,4.9,70.0,0.0,15.9,wind_drone_20260929
2026-09-29T16:44:31.314Z,2026-09-29T16:44:31.200Z,2026-09-29T10:44:31.314-06:00,76.452,5.0,71.0,0.0,15.9,wind_drone_20260929
2026-09-29T16:44:31.521Z,2026-09-29T16:44:31.400Z,2026-09-29T10:44:31.521-06:00,76.659,5.0,71.0,0.0,15.9,wind_drone_20260929
2026-09-29T16:44:31.713Z,2026-09-29T16:44:31.600Z,2026-09-29T10:44:31.713-06:00,76.852,5.0,68.0,0.0,15.9,wind_drone_20260929
2026-09-29T16:44:31.921Z,2026-09-29T16:44:31.800Z,2026-09-29T10:44:31.921-06:00,77.059,5.0,73.0,0.0,15.9,wind_drone_20260929
2026-09-29T16:44:32.128Z,2026-09-29T16:44:32.000Z,2026-09-29T10:44:32.128-06:00,77.266,5.1,73.0,0.0,15.9,wind_drone_20260929
2026-09-29T16:44:32.321Z,2026-09-29T16:44:32.200Z,2026-09-29T10:44:32.321-06:00,77.459,5.1,71.0,0.0,15.9,wind_drone_20260929
2026-09-29T16:44:32.528Z,2026-09-29T16:44:32.400Z,2026-09-29T10:44:32.528-06:00,77.666,5.1,69.0,0.0,15.9,wind_drone_20260929
2026-09-29T16:44:32.720Z,2026-09-29T16:44:32.600Z,2026-09-29T10:44:32.720-06:00,77.859,5.2,74.0,0.0,15.9,wind_drone_20260929
2026-09-29T16:44:32.928Z,2026-09-29T16:44:32.800Z,2026-09-29T10:44:32.928-06:00,78.066,5.2,78.0,0.0,15.9,wind_drone_20260929
2026-09-29T16:44:33.120Z,2026-09-29T16:44:33.000Z,2026-09-29T10:44:33.120-06:00,78.258,5.3,77.0,0.0,15.9,wind_drone_20260929
2026-09-29T16:44:33.327Z,2026-09-29T16:44:33.200Z,2026-09-29T10:44:33.327-06:00,78.466,5.3,77.0,0.0,15.9,wind_drone_20260929
2026-09-29T16:44:33.520Z,2026-09-29T16:44:33.400Z,2026-09-29T10:44:33.520-06:00,78.658,5.3,77.0,0.0,15.9,wind_drone_20260929
2026-09-29T16:44:33.727Z,2026-09-29T16:44:33.600Z,2026-09-29T10:44:33.727-06:00,78.866,5.3,74.0,0.0,15.9,wind_drone_20260929
2026-09-29T16:44:33.920Z,2026-09-29T16:44:33.800Z,2026-09-29T10:44:33.920-06:00,79.058,5.3,79.0,0.0,15.9,wind_drone_20260929
2026-09-29T16:44:34.127Z,2026-09-29T16:44:34.000Z,2026-09-29T10:44:34.127-06:00,79.265,5.3,78.0,0.0,15.9,wind_drone_20260929
2026-09-29T16:44:34.320Z,2026-09-29T16:44:34.200Z,2026-09-29T10:44:34.320-06:00,79.458,5.3,76.0,0.0,15.9,wind_drone_20260929
2026-09-29T16:44:34.527Z,2026-09-29T16:44:34.400Z,2026-09-29T10:44:34.527-06:00,79.665,5.3,76.0,0.0,15.9,wind_drone_20260929
2026-09-29T16:44:34.720Z,2026-09-29T16:44:34.600Z,2026-09-29T10:44:34.720-06:00,79.858,5.3,76.0,0.0,15.9,wind_drone_20260929
2026-09-29T16:44:34.927Z,2026-09-29T16:44:34.800Z,2026-09-29T10:44:34.927-06:00,80.065,5.4,73.0,0.0,15.9,wind_drone_20260929
2026-09-29T16:44:35.120Z,2026-09-29T16:44:35.000Z,2026-09-29T10:44:35.120-06:00,80.258,5.5,76.0,0.0,15.9,wind_drone_20260929
2026-09-29T16:44:35.327Z,2026-09-29T16:44:35.200Z,2026-09-29T10:44:35.327-06:00,80.465,5.6,75.0,0.0,15.9,wind_drone_20260929
2026-09-29T16:44:35.519Z,2026-09-29T16:44:35.400Z,2026-09-29T10:44:35.519-06:00,80.658,5.7,75.0,0.0,15.9,wind_drone_20260929
2026-09-29T16:44:35.727Z,2026-09-29T16:44:35.600Z,2026-09-29T10:44:35.727-06:00,80.865,5.7,74.0,0.0,15.9,wind_drone_20260929
2026-09-29T16:44:35.919Z,2026-09-29T16:44:35.800Z,2026-09-29T10:44:35.919-06:00,81.058,5.8,78.0,0.0,15.9,wind_drone_20260929
2026-09-29T16:44:36.126Z,2026-09-29T16:44:36.000Z,2026-09-29T10:44:36.126-06:00,81.265,5.7,73.0,0.0,15.9,wind_drone_20260929
2026-09-29T16:44:36.319Z,2026-09-29T16:44:36.200Z,2026-09-29T10:44:36.319-06:00,81.457,5.6,70.0,0.0,15.9,wind_drone_20260929
2026-09-29T16:44:36.526Z,2026-09-29T16:44:36.400Z,2026-09-29T10:44:36.526-06:00,81.665,5.5,72.0,0.0,15.9,wind_drone_20260929
2026-09-29T16:44:36.719Z,2026-09-29T16:44:36.600Z,2026-09-29T10:44:36.719-06:00,81.857,5.3,73.0,0.0,15.9,wind_drone_20260929
2026-09-29T16:44:36.926Z,2026-09-29T16:44:36.800Z,2026-09-29T10:44:36.926-06:00,82.064,5.2,77.0,0.0,15.9,wind_drone_20260929
2026-09-29T16:44:37.119Z,2026-09-29T16:44:37.000Z,2026-09-29T10:44:37.119-06:00,82.257,5.2,76.0,0.0,15.9,wind_drone_20260929
2026-09-29T16:44:37.326Z,2026-09-29T16:44:37.200Z,2026-09-29T10:44:37.326-06:00,82.464,5.0,71.0,0.0,15.9,wind_drone_20260929
2026-09-29T16:44:37.519Z,2026-09-29T16:44:37.400Z,2026-09-29T10:44:37.519-06:00,82.657,4.8,66.0,0.0,15.9,wind_drone_20260929
2026-09-29T16:44:37.726Z,2026-09-29T16:44:37.600Z,2026-09-29T10:44:37.726-06:00,82.864,4.8,70.0,0.0,15.9,wind_drone_20260929
2026-09-29T16:44:37.919Z,2026-09-29T16:44:37.800Z,2026-09-29T10:44:37.919-06:00,83.057,4.8,73.0,0.0,15.9,wind_drone_20260929
2026-09-29T16:44:38.126Z,2026-09-29T16:44:38.000Z,2026-09-29T10:44:38.126-06:00,83.264,4.7,72.0,0.0,15.9,wind_drone_20260929
2026-09-29T16:44:38.319Z,2026-09-29T16:44:38.200Z,2026-09-29T10:44:38.319-06:00,83.457,4.7,68.0,0.0,15.9,wind_drone_20260929
2026-09-29T16:44:38.526Z,2026-09-29T16:44:38.400Z,2026-09-29T10:44:38.526-06:00,83.664,4.6,67.0,0.0,15.9,wind_drone_20260929
2026-09-29T16:44:38.718Z,2026-09-29T16:44:38.600Z,2026-09-29T10:44:38.718-06:00,83.856,4.6,68.0,0.0,15.9,wind_drone_20260929
2026-09-29T16:44:38.926Z,2026-09-29T16:44:38.800Z,2026-09-29T10:44:38.926-06:00,84.064,4.5,70.0,0.0,15.9,wind_drone_20260929
2026-09-29T16:44:39.118Z,2026-09-29T16:44:39.000Z,2026-09-29T10:44:39.118-06:00,84.256,4.5,71.0,0.0,15.9,wind_drone_20260929
2026-09-29T16:44:39.326Z,2026-09-29T16:44:39.200Z,2026-09-29T10:44:39.326-06:00,84.464,4.6,71.0,0.0,15.9,wind_drone_20260929
2026-09-29T16:44:39.518Z,2026-09-29T16:44:39.400Z,2026-09-29T10:44:39.518-06:00,84.656,4.7,73.0,0.0,15.9,wind_drone_20260929
2026-09-29T16:44:39.725Z,2026-09-29T16:44:39.600Z,2026-09-29T10:44:39.725-06:00,84.863,4.8,70.0,0.0,15.9,wind_drone_20260929
2026-09-29T16:44:39.918Z,2026-09-29T16:44:39.800Z,2026-09-29T10:44:39.918-06:00,85.056,4.8,71.0,0.0,15.9,wind_drone_20260929
2026-09-29T16:44:40.125Z,2026-09-29T16:44:40.000Z,2026-09-29T10:44:40.125-06:00,85.263,4.9,72.0,0.0,15.9,wind_drone_20260929
2026-09-29T16:44:40.318Z,2026-09-29T16:44:40.200Z,2026-09-29T10:44:40.318-06:00,85.456,4.9,73.0,0.0,15.9,wind_drone_20260929
2026-09-29T16:44:40.525Z,2026-09-29T16:44:40.400Z,2026-09-29T10:44:40.525-06:00,85.663,5.1,75.0,0.0,15.9,wind_drone_20260929
2026-09-29T16:44:40.717Z,2026-09-29T16:44:40.600Z,2026-09-29T10:44:40.717-06:00,85.856,5.1,68.0,0.0,15.9,wind_drone_20260929
2026-09-29T16:44:40.925Z,2026-09-29T16:44:40.800Z,2026-09-29T10:44:40.925-06:00,86.063,5.1,60.0,0.0,15.9,wind_drone_20260929
2026-09-29T16:44:41.117Z,2026-09-29T16:44:41.000Z,2026-09-29T10:44:41.117-06:00,86.256,4.8,58.0,0.0,15.9,wind_drone_20260929
2026-09-29T16:44:41.325Z,2026-09-29T16:44:41.200Z,2026-09-29T10:44:41.325-06:00,86.463,4.5,62.0,0.0,15.9,wind_drone_20260929
2026-09-29T16:44:41.517Z,2026-09-29T16:44:41.400Z,2026-09-29T10:44:41.517-06:00,86.656,4.3,63.0,0.0,15.9,wind_drone_20260929
2026-09-29T16:44:41.725Z,2026-09-29T16:44:41.600Z,2026-09-29T10:44:41.725-06:00,86.863,4.2,61.0,0.0,15.9,wind_drone_20260929
2026-09-29T16:44:41.917Z,2026-09-29T16:44:41.800Z,2026-09-29T10:44:41.917-06:00,87.055,3.9,60.0,0.0,15.9,wind_drone_20260929
2026-09-29T16:44:42.124Z,2026-09-29T16:44:42.000Z,2026-09-29T10:44:42.124-06:00,87.262,3.6,64.0,0.0,15.9,wind_drone_20260929
2026-09-29T16:44:42.317Z,2026-09-29T16:44:42.200Z,2026-09-29T10:44:42.317-06:00,87.455,3.5,66.0,0.0,15.9,wind_drone_20260929
2026-09-29T16:44:42.524Z,2026-09-29T16:44:42.400Z,2026-09-29T10:44:42.524-06:00,87.662,3.5,67.0,0.0,15.9,wind_drone_20260929
2026-09-29T16:44:42.717Z,2026-09-29T16:44:42.600Z,2026-09-29T10:44:42.717-06:00,87.855,3.6,56.0,0.0,15.9,wind_drone_20260929
2026-09-29T16:44:42.924Z,2026-09-29T16:44:42.800Z,2026-09-29T10:44:42.924-06:00,88.062,3.6,45.0,0.0,15.9,wind_drone_20260929
2026-09-29T16:44:43.117Z,2026-09-29T16:44:43.000Z,2026-09-29T10:44:43.117-06:00,88.255,3.7,43.0,0.0,15.9,wind_drone_20260929
2026-09-29T16:44:43.324Z,2026-09-29T16:44:43.200Z,2026-09-29T10:44:43.324-06:00,88.462,3.9,42.0,0.0,15.9,wind_drone_20260929
2026-09-29T16:44:43.517Z,2026-09-29T16:44:43.400Z,2026-09-29T10:44:43.517-06:00,88.655,4.2,42.0,0.0,15.9,wind_drone_20260929
2026-09-29T16:44:43.724Z,2026-09-29T16:44:43.600Z,2026-09-29T10:44:43.724-06:00,88.862,4.4,42.0,0.0,15.9,wind_drone_20260929
2026-09-29T16:44:43.916Z,2026-09-29T16:44:43.800Z,2026-09-29T10:44:43.916-06:00,89.054,4.4,39.0,0.0,15.9,wind_drone_20260929
2026-09-29T16:44:44.124Z,2026-09-29T16:44:44.000Z,2026-09-29T10:44:44.124-06:00,89.262,4.4,44.0,0.0,15.9,wind_drone_20260929
2026-09-29T16:44:44.316Z,2026-09-29T16:44:44.200Z,2026-09-29T10:44:44.316-06:00,89.455,4.5,42.0,0.0,15.9,wind_drone_20260929
2026-09-29T16:44:44.524Z,2026-09-29T16:44:44.400Z,2026-09-29T10:44:44.524-06:00,89.662,4.7,41.0,0.0,15.9,wind_drone_20260929
2026-09-29T16:44:44.716Z,2026-09-29T16:44:44.600Z,2026-09-29T10:44:44.716-06:00,89.854,4.8,42.0,0.0,15.9,wind_drone_20260929
2026-09-29T16:44:44.923Z,2026-09-29T16:44:44.800Z,2026-09-29T10:44:44.923-06:00,90.061,5.0,45.0,0.0,15.9,wind_drone_20260929
2026-09-29T16:44:45.116Z,2026-09-29T16:44:45.000Z,2026-09-29T10:44:45.116-06:00,90.254,4.9,48.0,0.0,15.9,wind_drone_20260929
2026-09-29T16:44:45.323Z,2026-09-29T16:44:45.200Z,2026-09-29T10:44:45.323-06:00,90.461,4.8,49.0,0.0,15.9,wind_drone_20260929
2026-09-29T16:44:45.516Z,2026-09-29T16:44:45.400Z,2026-09-29T10:44:45.516-06:00,90.654,4.7,51.0,0.0,15.9,wind_drone_20260929
2026-09-29T16:44:45.723Z,2026-09-29T16:44:45.600Z,2026-09-29T10:44:45.723-06:00,90.861,4.7,53.0,0.0,15.9,wind_drone_20260929
2026-09-29T16:44:45.916Z,2026-09-29T16:44:45.800Z,2026-09-29T10:44:45.916-06:00,91.054,4.7,52.0,0.0,15.9,wind_drone_20260929
2026-09-29T16:44:46.123Z,2026-09-29T16:44:46.000Z,2026-09-29T10:44:46.123-06:00,91.262,4.7,58.0,0.0,15.9,wind_drone_20260929
2026-09-29T16:44:46.315Z,2026-09-29T16:44:46.200Z,2026-09-29T10:44:46.315-06:00,91.454,4.7,64.0,0.0,15.9,wind_drone_20260929
2026-09-29T16:44:46.523Z,2026-09-29T16:44:46.400Z,2026-09-29T10:44:46.523-06:00,91.661,4.5,60.0,0.0,15.9,wind_drone_20260929
2026-09-29T16:44:46.715Z,2026-09-29T16:44:46.600Z,2026-09-29T10:44:46.715-06:00,91.853,4.5,61.0,0.0,15.9,wind_drone_20260929
2026-09-29T16:44:46.923Z,2026-09-29T16:44:46.800Z,2026-09-29T10:44:46.923-06:00,92.061,4.4,60.0,0.0,15.9,wind_drone_20260929
2026-09-29T16:44:47.115Z,2026-09-29T16:44:47.000Z,2026-09-29T10:44:47.115-06:00,92.253,4.5,66.0,0.0,15.9,wind_drone_20260929
2026-09-29T16:44:47.322Z,2026-09-29T16:44:47.200Z,2026-09-29T10:44:47.322-06:00,92.461,4.4,65.0,0.0,15.9,wind_drone_20260929
2026-09-29T16:44:47.515Z,2026-09-29T16:44:47.400Z,2026-09-29T10:44:47.515-06:00,92.653,4.4,65.0,0.0,15.9,wind_drone_20260929
2026-09-29T16:44:47.722Z,2026-09-29T16:44:47.600Z,2026-09-29T10:44:47.722-06:00,92.86,4.4,67.0,0.0,15.9,wind_drone_20260929
2026-09-29T16:44:47.915Z,2026-09-29T16:44:47.800Z,2026-09-29T10:44:47.915-06:00,93.053,4.3,67.0,0.0,15.9,wind_drone_20260929
2026-09-29T16:44:48.122Z,2026-09-29T16:44:48.000Z,2026-09-29T10:44:48.122-06:00,93.26,4.3,65.0,0.0,15.9,wind_drone_20260929
2026-09-29T16:44:48.315Z,2026-09-29T16:44:48.200Z,2026-09-29T10:44:48.315-06:00,93.453,4.3,62.0,0.0,15.9,wind_drone_20260929
2026-09-29T16:44:48.522Z,2026-09-29T16:44:48.400Z,2026-09-29T10:44:48.522-06:00,93.66,4.3,61.0,0.0,15.9,wind_drone_20260929
2026-09-29T16:44:48.715Z,2026-09-29T16:44:48.600Z,2026-09-29T10:44:48.715-06:00,93.853,4.2,59.0,0.0,15.9,wind_drone_20260929
2026-09-29T16:44:48.922Z,2026-09-29T16:44:48.800Z,2026-09-29T10:44:48.922-06:00,94.06,4.3,59.0,0.0,15.9,wind_drone_20260929
2026-09-29T16:44:49.115Z,2026-09-29T16:44:49.000Z,2026-09-29T10:44:49.115-06:00,94.253,4.2,60.0,0.0,15.9,wind_drone_20260929
2026-09-29T16:44:49.322Z,2026-09-29T16:44:49.200Z,2026-09-29T10:44:49.322-06:00,94.46,4.1,58.0,0.0,15.9,wind_drone_20260929
2026-09-29T16:44:49.515Z,2026-09-29T16:44:49.400Z,2026-09-29T10:44:49.515-06:00,94.653,4.2,58.0,0.0,15.9,wind_drone_20260929
2026-09-29T16:44:49.722Z,2026-09-29T16:44:49.600Z,2026-09-29T10:44:49.722-06:00,94.86,4.3,55.0,0.0,15.9,wind_drone_20260929
2026-09-29T16:44:49.914Z,2026-09-29T16:44:49.800Z,2026-09-29T10:44:49.914-06:00,95.052,4.3,53.0,0.0,15.9,wind_drone_20260929
2026-09-29T16:44:50.122Z,2026-09-29T16:44:50.000Z,2026-09-29T10:44:50.122-06:00,95.26,4.4,55.0,0.0,15.9,wind_drone_20260929
2026-09-29T16:44:50.314Z,2026-09-29T16:44:50.200Z,2026-09-29T10:44:50.314-06:00,95.452,4.5,64.0,0.0,15.9,wind_drone_20260929
2026-09-29T16:44:50.521Z,2026-09-29T16:44:50.400Z,2026-09-29T10:44:50.521-06:00,95.66,4.6,57.0,0.0,15.9,wind_drone_20260929
2026-09-29T16:44:50.714Z,2026-09-29T16:44:50.600Z,2026-09-29T10:44:50.714-06:00,95.852,4.7,55.0,0.0,15.9,wind_drone_20260929
2026-09-29T16:44:50.921Z,2026-09-29T16:44:50.800Z,2026-09-29T10:44:50.921-06:00,96.06,4.9,60.0,0.0,15.9,wind_drone_20260929
2026-09-29T16:44:51.114Z,2026-09-29T16:44:51.000Z,2026-09-29T10:44:51.114-06:00,96.252,4.9,63.0,0.0,15.9,wind_drone_20260929
2026-09-29T16:44:51.321Z,2026-09-29T16:44:51.200Z,2026-09-29T10:44:51.321-06:00,96.459,4.9,64.0,0.0,15.9,wind_drone_20260929
2026-09-29T16:44:51.514Z,2026-09-29T16:44:51.400Z,2026-09-29T10:44:51.514-06:00,96.653,4.9,61.0,0.0,15.9,wind_drone_20260929
2026-09-29T16:44:51.721Z,2026-09-29T16:44:51.600Z,2026-09-29T10:44:51.721-06:00,96.859,4.9,62.0,0.0,15.9,wind_drone_20260929
2026-09-29T16:44:51.913Z,2026-09-29T16:44:51.800Z,2026-09-29T10:44:51.913-06:00,97.052,4.7,62.0,0.0,15.9,wind_drone_20260929
2026-09-29T16:44:52.121Z,2026-09-29T16:44:52.000Z,2026-09-29T10:44:52.121-06:00,97.259,4.6,62.0,0.0,15.9,wind_drone_20260929
2026-09-29T16:44:52.314Z,2026-09-29T16:44:52.200Z,2026-09-29T10:44:52.314-06:00,97.452,4.5,61.0,0.0,15.9,wind_drone_20260929
2026-09-29T16:44:52.521Z,2026-09-29T16:44:52.400Z,2026-09-29T10:44:52.521-06:00,97.659,4.4,61.0,0.0,15.9,wind_drone_20260929
2026-09-29T16:44:52.714Z,2026-09-29T16:44:52.600Z,2026-09-29T10:44:52.714-06:00,97.852,4.3,58.0,0.0,15.9,wind_drone_20260929
2026-09-29T16:44:52.920Z,2026-09-29T16:44:52.800Z,2026-09-29T10:44:52.920-06:00,98.059,4.2,63.0,0.0,15.9,wind_drone_20260929
2026-09-29T16:44:53.113Z,2026-09-29T16:44:53.000Z,2026-09-29T10:44:53.113-06:00,98.251,4.3,64.0,0.0,15.9,wind_drone_20260929
2026-09-29T16:44:53.321Z,2026-09-29T16:44:53.200Z,2026-09-29T10:44:53.321-06:00,98.459,4.4,64.0,0.0,15.9,wind_drone_20260929
2026-09-29T16:44:53.528Z,2026-09-29T16:44:53.400Z,2026-09-29T10:44:53.528-06:00,98.666,4.5,63.0,0.0,15.9,wind_drone_20260929
2026-09-29T16:44:53.720Z,2026-09-29T16:44:53.600Z,2026-09-29T10:44:53.720-06:00,98.859,4.6,64.0,0.0,15.9,wind_drone_20260929
2026-09-29T16:44:53.928Z,2026-09-29T16:44:53.800Z,2026-09-29T10:44:53.928-06:00,99.066,4.6,59.0,0.0,15.9,wind_drone_20260929
2026-09-29T16:44:54.120Z,2026-09-29T16:44:54.000Z,2026-09-29T10:44:54.120-06:00,99.258,4.8,59.0,0.0,15.9,wind_drone_20260929
2026-09-29T16:44:54.327Z,2026-09-29T16:44:54.200Z,2026-09-29T10:44:54.327-06:00,99.466,4.9,60.0,0.0,15.9,wind_drone_20260929
2026-09-29T16:44:54.520Z,2026-09-29T16:44:54.400Z,2026-09-29T10:44:54.520-06:00,99.658,4.9,59.0,0.0,15.9,wind_drone_20260929
2026-09-29T16:44:54.727Z,2026-09-29T16:44:54.600Z,2026-09-29T10:44:54.727-06:00,99.865,4.8,62.0,0.0,15.9,wind_drone_20260929
2026-09-29T16:44:54.920Z,2026-09-29T16:44:54.800Z,2026-09-29T10:44:54.920-06:00,100.058,4.9,67.0,0.0,15.9,wind_drone_20260929
2026-09-29T16:44:55.127Z,2026-09-29T16:44:55.000Z,2026-09-29T10:44:55.127-06:00,100.265,5.0,62.0,0.0,15.9,wind_drone_20260929
2026-09-29T16:44:55.320Z,2026-09-29T16:44:55.200Z,2026-09-29T10:44:55.320-06:00,100.458,5.1,59.0,0.0,15.9,wind_drone_20260929
2026-09-29T16:44:55.527Z,2026-09-29T16:44:55.400Z,2026-09-29T10:44:55.527-06:00,100.665,5.2,62.0,0.0,15.9,wind_drone_20260929
2026-09-29T16:44:55.720Z,2026-09-29T16:44:55.600Z,2026-09-29T10:44:55.720-06:00,100.858,5.2,66.0,0.0,15.9,wind_drone_20260929
2026-09-29T16:44:55.927Z,2026-09-29T16:44:55.800Z,2026-09-29T10:44:55.927-06:00,101.065,5.4,67.0,0.0,15.9,wind_drone_20260929
2026-09-29T16:44:56.120Z,2026-09-29T16:44:56.000Z,2026-09-29T10:44:56.120-06:00,101.258,5.5,64.0,0.0,15.9,wind_drone_20260929
2026-09-29T16:44:56.327Z,2026-09-29T16:44:56.200Z,2026-09-29T10:44:56.327-06:00,101.465,5.5,63.0,0.0,15.9,wind_drone_20260929
2026-09-29T16:44:56.519Z,2026-09-29T16:44:56.400Z,2026-09-29T10:44:56.519-06:00,101.658,5.5,66.0,0.0,15.9,wind_drone_20260929
2026-09-29T16:44:56.727Z,2026-09-29T16:44:56.600Z,2026-09-29T10:44:56.727-06:00,101.865,5.6,67.0,0.0,15.9,wind_drone_20260929
2026-09-29T16:44:56.919Z,2026-09-29T16:44:56.800Z,2026-09-29T10:44:56.919-06:00,102.058,5.7,63.0,0.0,15.9,wind_drone_20260929
2026-09-29T16:44:57.126Z,2026-09-29T16:44:57.000Z,2026-09-29T10:44:57.126-06:00,102.265,5.7,58.0,0.0,15.9,wind_drone_20260929
2026-09-29T16:44:57.319Z,2026-09-29T16:44:57.200Z,2026-09-29T10:44:57.319-06:00,102.457,5.7,60.0,0.0,15.9,wind_drone_20260929
2026-09-29T16:44:57.526Z,2026-09-29T16:44:57.400Z,2026-09-29T10:44:57.526-06:00,102.665,5.7,62.0,0.0,15.9,wind_drone_20260929
2026-09-29T16:44:57.719Z,2026-09-29T16:44:57.600Z,2026-09-29T10:44:57.719-06:00,102.857,5.8,62.0,0.0,15.9,wind_drone_20260929
2026-09-29T16:44:57.926Z,2026-09-29T16:44:57.800Z,2026-09-29T10:44:57.926-06:00,103.065,5.8,62.0,0.0,15.9,wind_drone_20260929
2026-09-29T16:44:58.119Z,2026-09-29T16:44:58.000Z,2026-09-29T10:44:58.119-06:00,103.257,5.8,60.0,0.0,15.9,wind_drone_20260929
2026-09-29T16:44:58.326Z,2026-09-29T16:44:58.200Z,2026-09-29T10:44:58.326-06:00,103.464,5.7,61.0,0.0,15.9,wind_drone_20260929
2026-09-29T16:44:58.519Z,2026-09-29T16:44:58.400Z,2026-09-29T10:44:58.519-06:00,103.657,5.6,59.0,0.0,15.9,wind_drone_20260929
2026-09-29T16:44:58.726Z,2026-09-29T16:44:58.600Z,2026-09-29T10:44:58.726-06:00,103.864,5.5,55.0,0.0,15.9,wind_drone_20260929
2026-09-29T16:44:58.919Z,2026-09-29T16:44:58.800Z,2026-09-29T10:44:58.919-06:00,104.057,5.4,53.0,0.0,15.9,wind_drone_20260929
2026-09-29T16:44:59.126Z,2026-09-29T16:44:59.000Z,2026-09-29T10:44:59.126-06:00,104.264,5.4,57.0,0.0,15.9,wind_drone_20260929
2026-09-29T16:44:59.318Z,2026-09-29T16:44:59.200Z,2026-09-29T10:44:59.318-06:00,104.457,5.4,60.0,0.0,15.9,wind_drone_20260929
2026-09-29T16:44:59.526Z,2026-09-29T16:44:59.400Z,2026-09-29T10:44:59.526-06:00,104.664,5.5,59.0,0.0,15.9,wind_drone_20260929
2026-09-29T16:44:59.718Z,2026-09-29T16:44:59.600Z,2026-09-29T10:44:59.718-06:00,104.857,5.5,68.0,0.0,15.9,wind_drone_20260929
2026-09-29T16:44:59.926Z,2026-09-29T16:44:59.800Z,2026-09-29T10:44:59.926-06:00,105.064,5.5,64.0,0.0,15.9,wind_drone_20260929
2026-09-29T16:45:00.118Z,2026-09-29T16:45:00.000Z,2026-09-29T10:45:00.118-06:00,105.256,5.4,61.0,0.0,15.9,wind_drone_20260929
2026-09-29T16:45:00.325Z,2026-09-29T16:45:00.200Z,2026-09-29T10:45:00.325-06:00,105.464,5.3,60.0,0.0,15.9,wind_drone_20260929
2026-09-29T16:45:00.518Z,2026-09-29T16:45:00.400Z,2026-09-29T10:45:00.518-06:00,105.656,5.1,60.0,0.0,15.9,wind_drone_20260929
2026-09-29T16:45:00.725Z,2026-09-29T16:45:00.600Z,2026-09-29T10:45:00.725-06:00,105.863,5.0,60.0,0.0,15.9,wind_drone_20260929
2026-09-29T16:45:00.918Z,2026-09-29T16:45:00.800Z,2026-09-29T10:45:00.918-06:00,106.056,4.9,56.0,0.0,15.9,wind_drone_20260929
2026-09-29T16:45:01.125Z,2026-09-29T16:45:01.000Z,2026-09-29T10:45:01.125-06:00,106.263,4.8,55.0,0.0,15.9,wind_drone_20260929
2026-09-29T16:45:01.318Z,2026-09-29T16:45:01.200Z,2026-09-29T10:45:01.318-06:00,106.456,4.7,49.0,0.0,15.9,wind_drone_20260929
2026-09-29T16:45:01.525Z,2026-09-29T16:45:01.400Z,2026-09-29T10:45:01.525-06:00,106.663,4.6,44.0,0.0,15.9,wind_drone_20260929
2026-09-29T16:45:01.718Z,2026-09-29T16:45:01.600Z,2026-09-29T10:45:01.718-06:00,106.856,4.6,48.0,0.0,15.9,wind_drone_20260929
2026-09-29T16:45:01.925Z,2026-09-29T16:45:01.800Z,2026-09-29T10:45:01.925-06:00,107.063,4.6,50.0,0.0,15.9,wind_drone_20260929
2026-09-29T16:45:02.118Z,2026-09-29T16:45:02.000Z,2026-09-29T10:45:02.118-06:00,107.256,4.6,38.0,0.0,15.9,wind_drone_20260929
2026-09-29T16:45:02.325Z,2026-09-29T16:45:02.200Z,2026-09-29T10:45:02.325-06:00,107.463,4.5,26.0,0.0,15.9,wind_drone_20260929
2026-09-29T16:45:02.517Z,2026-09-29T16:45:02.400Z,2026-09-29T10:45:02.517-06:00,107.656,4.5,35.0,0.0,15.9,wind_drone_20260929
2026-09-29T16:45:02.725Z,2026-09-29T16:45:02.600Z,2026-09-29T10:45:02.725-06:00,107.863,4.5,39.0,0.0,15.9,wind_drone_20260929
2026-09-29T16:45:02.917Z,2026-09-29T16:45:02.800Z,2026-09-29T10:45:02.917-06:00,108.055,4.5,27.0,0.0,15.9,wind_drone_20260929
2026-09-29T16:45:03.124Z,2026-09-29T16:45:03.000Z,2026-09-29T10:45:03.124-06:00,108.263,4.4,16.0,0.0,15.9,wind_drone_20260929
2026-09-29T16:45:03.317Z,2026-09-29T16:45:03.200Z,2026-09-29T10:45:03.317-06:00,108.455,4.3,19.0,0.0,15.9,wind_drone_20260929
2026-09-29T16:45:03.524Z,2026-09-29T16:45:03.400Z,2026-09-29T10:45:03.524-06:00,108.662,4.2,17.0,0.0,15.9,wind_drone_20260929
2026-09-29T16:45:03.717Z,2026-09-29T16:45:03.600Z,2026-09-29T10:45:03.717-06:00,108.855,4.1,14.0,0.0,15.9,wind_drone_20260929
2026-09-29T16:45:03.924Z,2026-09-29T16:45:03.800Z,2026-09-29T10:45:03.924-06:00,109.062,4.0,17.0,0.0,15.9,wind_drone_20260929
2026-09-29T16:45:04.117Z,2026-09-29T16:45:04.000Z,2026-09-29T10:45:04.117-06:00,109.255,4.0,22.0,0.0,15.9,wind_drone_20260929
2026-09-29T16:45:04.324Z,2026-09-29T16:45:04.200Z,2026-09-29T10:45:04.324-06:00,109.462,4.0,16.0,0.0,15.9,wind_drone_20260929
2026-09-29T16:45:04.517Z,2026-09-29T16:45:04.400Z,2026-09-29T10:45:04.517-06:00,109.655,4.0,12.0,0.0,15.9,wind_drone_20260929
2026-09-29T16:45:04.724Z,2026-09-29T16:45:04.600Z,2026-09-29T10:45:04.724-06:00,109.862,4.1,10.0,0.0,15.9,wind_drone_20260929
2026-09-29T16:45:04.916Z,2026-09-29T16:45:04.800Z,2026-09-29T10:45:04.916-06:00,110.055,4.3,20.0,0.0,15.9,wind_drone_20260929
2026-09-29T16:45:05.124Z,2026-09-29T16:45:05.000Z,2026-09-29T10:45:05.124-06:00,110.262,4.6,28.0,0.0,15.9,wind_drone_20260929
2026-09-29T16:45:05.316Z,2026-09-29T16:45:05.200Z,2026-09-29T10:45:05.316-06:00,110.455,4.8,21.0,0.0,15.9,wind_drone_20260929
2026-09-29T16:45:05.523Z,2026-09-29T16:45:05.400Z,2026-09-29T10:45:05.523-06:00,110.662,4.9,14.0,0.0,15.9,wind_drone_20260929
2026-09-29T16:45:05.716Z,2026-09-29T16:45:05.600Z,2026-09-29T10:45:05.716-06:00,110.854,4.9,20.0,0.0,15.9,wind_drone_20260929
2026-09-29T16:45:05.923Z,2026-09-29T16:45:05.800Z,2026-09-29T10:45:05.923-06:00,111.062,5.0,25.0,0.0,15.9,wind_drone_20260929
2026-09-29T16:45:06.116Z,2026-09-29T16:45:06.000Z,2026-09-29T10:45:06.116-06:00,111.255,5.0,27.0,0.0,15.9,wind_drone_20260929
2026-09-29T16:45:06.323Z,2026-09-29T16:45:06.200Z,2026-09-29T10:45:06.323-06:00,111.462,4.9,31.0,0.0,15.9,wind_drone_20260929
2026-09-29T16:45:06.516Z,2026-09-29T16:45:06.400Z,2026-09-29T10:45:06.516-06:00,111.654,4.9,40.0,0.0,15.9,wind_drone_20260929
2026-09-29T16:45:06.723Z,2026-09-29T16:45:06.600Z,2026-09-29T10:45:06.723-06:00,111.861,4.8,39.0,0.0,15.9,wind_drone_20260929
2026-09-29T16:45:06.916Z,2026-09-29T16:45:06.800Z,2026-09-29T10:45:06.916-06:00,112.054,4.8,36.0,0.0,15.9,wind_drone_20260929
2026-09-29T16:45:07.123Z,2026-09-29T16:45:07.000Z,2026-09-29T10:45:07.123-06:00,112.261,5.0,37.0,0.0,15.9,wind_drone_20260929
2026-09-29T16:45:07.316Z,2026-09-29T16:45:07.200Z,2026-09-29T10:45:07.316-06:00,112.454,5.1,29.0,0.0,15.9,wind_drone_20260929
2026-09-29T16:45:07.523Z,2026-09-29T16:45:07.400Z,2026-09-29T10:45:07.523-06:00,112.661,5.1,23.0,0.0,15.9,wind_drone_20260929
2026-09-29T16:45:07.716Z,2026-09-29T16:45:07.600Z,2026-09-29T10:45:07.716-06:00,112.854,5.0,22.0,0.0,15.9,wind_drone_20260929
2026-09-29T16:45:07.923Z,2026-09-29T16:45:07.800Z,2026-09-29T10:45:07.923-06:00,113.061,4.9,23.0,0.0,15.9,wind_drone_20260929
2026-09-29T16:45:08.115Z,2026-09-29T16:45:08.000Z,2026-09-29T10:45:08.115-06:00,113.253,4.8,42.0,0.0,15.9,wind_drone_20260929
2026-09-29T16:45:08.323Z,2026-09-29T16:45:08.200Z,2026-09-29T10:45:08.323-06:00,113.461,4.8,45.0,0.0,15.9,wind_drone_20260929
2026-09-29T16:45:08.515Z,2026-09-29T16:45:08.400Z,2026-09-29T10:45:08.515-06:00,113.653,4.6,31.0,0.0,15.9,wind_drone_20260929
2026-09-29T16:45:08.722Z,2026-09-29T16:45:08.600Z,2026-09-29T10:45:08.722-06:00,113.861,4.3,23.0,0.0,15.9,wind_drone_20260929
2026-09-29T16:45:08.915Z,2026-09-29T16:45:08.800Z,2026-09-29T10:45:08.915-06:00,114.053,4.4,30.0,0.0,15.9,wind_drone_20260929
2026-09-29T16:45:09.122Z,2026-09-29T16:45:09.000Z,2026-09-29T10:45:09.122-06:00,114.261,4.3,43.0,0.0,15.9,wind_drone_20260929
2026-09-29T16:45:09.315Z,2026-09-29T16:45:09.200Z,2026-09-29T10:45:09.315-06:00,114.453,4.5,48.0,0.0,15.9,wind_drone_20260929
2026-09-29T16:45:09.522Z,2026-09-29T16:45:09.400Z,2026-09-29T10:45:09.522-06:00,114.66,4.6,46.0,0.0,15.9,wind_drone_20260929
2026-09-29T16:45:09.715Z,2026-09-29T16:45:09.600Z,2026-09-29T10:45:09.715-06:00,114.853,4.6,42.0,0.0,15.9,wind_drone_20260929
2026-09-29T16:45:09.922Z,2026-09-29T16:45:09.800Z,2026-09-29T10:45:09.922-06:00,115.06,4.5,41.0,0.0,15.9,wind_drone_20260929
2026-09-29T16:45:10.114Z,2026-09-29T16:45:10.000Z,2026-09-29T10:45:10.114-06:00,115.253,4.7,44.0,0.0,15.9,wind_drone_20260929
2026-09-29T16:45:10.322Z,2026-09-29T16:45:10.200Z,2026-09-29T10:45:10.322-06:00,115.46,4.7,48.0,0.0,15.9,wind_drone_20260929
2026-09-29T16:45:10.514Z,2026-09-29T16:45:10.400Z,2026-09-29T10:45:10.514-06:00,115.653,4.6,46.0,0.0,15.9,wind_drone_20260929
2026-09-29T16:45:10.722Z,2026-09-29T16:45:10.600Z,2026-09-29T10:45:10.722-06:00,115.86,4.5,39.0,0.0,15.9,wind_drone_20260929
2026-09-29T16:45:10.914Z,2026-09-29T16:45:10.800Z,2026-09-29T10:45:10.914-06:00,116.053,4.6,33.0,0.0,15.9,wind_drone_20260929
2026-09-29T16:45:11.122Z,2026-09-29T16:45:11.000Z,2026-09-29T10:45:11.122-06:00,116.26,4.5,40.0,0.0,15.9,wind_drone_20260929
2026-09-29T16:45:11.314Z,2026-09-29T16:45:11.200Z,2026-09-29T10:45:11.314-06:00,116.452,4.4,39.0,0.0,15.9,wind_drone_20260929
2026-09-29T16:45:11.521Z,2026-09-29T16:45:11.400Z,2026-09-29T10:45:11.521-06:00,116.66,4.4,36.0,0.0,15.9,wind_drone_20260929
2026-09-29T16:45:11.714Z,2026-09-29T16:45:11.600Z,2026-09-29T10:45:11.714-06:00,116.852,4.5,41.0,0.0,15.9,wind_drone_20260929
2026-09-29T16:45:11.921Z,2026-09-29T16:45:11.800Z,2026-09-29T10:45:11.921-06:00,117.06,4.5,41.0,0.0,15.9,wind_drone_20260929
2026-09-29T16:45:12.114Z,2026-09-29T16:45:12.000Z,2026-09-29T10:45:12.114-06:00,117.252,4.6,39.0,0.0,15.9,wind_drone_20260929
2026-09-29T16:45:12.321Z,2026-09-29T16:45:12.200Z,2026-09-29T10:45:12.321-06:00,117.459,4.7,39.0,0.0,15.9,wind_drone_20260929
2026-09-29T16:45:12.514Z,2026-09-29T16:45:12.400Z,2026-09-29T10:45:12.514-06:00,117.652,4.6,43.0,0.0,15.9,wind_drone_20260929
2026-09-29T16:45:12.721Z,2026-09-29T16:45:12.600Z,2026-09-29T10:45:12.721-06:00,117.859,4.5,48.0,0.0,15.9,wind_drone_20260929
2026-09-29T16:45:12.914Z,2026-09-29T16:45:12.800Z,2026-09-29T10:45:12.914-06:00,118.052,4.6,45.0,0.0,15.9,wind_drone_20260929
2026-09-29T16:45:13.121Z,2026-09-29T16:45:13.000Z,2026-09-29T10:45:13.121-06:00,118.259,4.6,45.0,0.0,15.9,wind_drone_20260929
2026-09-29T16:45:13.314Z,2026-09-29T16:45:13.200Z,2026-09-29T10:45:13.314-06:00,118.452,4.6,49.0,0.0,15.9,wind_drone_20260929
2026-09-29T16:45:13.521Z,2026-09-29T16:45:13.400Z,2026-09-29T10:45:13.521-06:00,118.659,4.6,48.0,0.0,15.9,wind_drone_20260929
2026-09-29T16:45:13.714Z,2026-09-29T16:45:13.600Z,2026-09-29T10:45:13.714-06:00,118.852,4.6,46.0,0.0,15.9,wind_drone_20260929
2026-09-29T16:45:13.920Z,2026-09-29T16:45:13.800Z,2026-09-29T10:45:13.920-06:00,119.059,4.7,48.0,0.0,15.9,wind_drone_20260929
2026-09-29T16:45:14.113Z,2026-09-29T16:45:14.000Z,2026-09-29T10:45:14.113-06:00,119.251,4.8,47.0,0.0,15.9,wind_drone_20260929
2026-09-29T16:45:14.320Z,2026-09-29T16:45:14.200Z,2026-09-29T10:45:14.320-06:00,119.459,5.0,50.0,0.0,15.9,wind_drone_20260929
2026-09-29T16:45:14.528Z,2026-09-29T16:45:14.400Z,2026-09-29T10:45:14.528-06:00,119.666,5.0,54.0,0.0,15.9,wind_drone_20260929
2026-09-29T16:45:14.720Z,2026-09-29T16:45:14.600Z,2026-09-29T10:45:14.720-06:00,119.859,5.1,50.0,0.0,15.9,wind_drone_20260929
2026-09-29T16:45:14.928Z,2026-09-29T16:45:14.800Z,2026-09-29T10:45:14.928-06:00,120.066,5.1,49.0,0.0,15.9,wind_drone_20260929
2026-09-29T16:45:15.120Z,2026-09-29T16:45:15.000Z,2026-09-29T10:45:15.120-06:00,120.258,5.2,49.0,0.0,15.9,wind_drone_20260929
2026-09-29T16:45:15.328Z,2026-09-29T16:45:15.200Z,2026-09-29T10:45:15.328-06:00,120.466,5.2,51.0,0.0,15.9,wind_drone_20260929
2026-09-29T16:45:15.520Z,2026-09-29T16:45:15.400Z,2026-09-29T10:45:15.520-06:00,120.658,5.2,55.0,0.0,15.9,wind_drone_20260929
2026-09-29T16:45:15.727Z,2026-09-29T16:45:15.600Z,2026-09-29T10:45:15.727-06:00,120.866,5.3,51.0,0.0,15.9,wind_drone_20260929
2026-09-29T16:45:15.920Z,2026-09-29T16:45:15.800Z,2026-09-29T10:45:15.920-06:00,121.058,5.3,53.0,0.0,15.9,wind_drone_20260929
2026-09-29T16:45:16.127Z,2026-09-29T16:45:16.000Z,2026-09-29T10:45:16.127-06:00,121.265,5.3,52.0,0.0,15.9,wind_drone_20260929
2026-09-29T16:45:16.320Z,2026-09-29T16:45:16.200Z,2026-09-29T10:45:16.320-06:00,121.458,5.4,54.0,0.0,15.9,wind_drone_20260929
2026-09-29T16:45:16.527Z,2026-09-29T16:45:16.400Z,2026-09-29T10:45:16.527-06:00,121.665,5.4,55.0,0.0,15.9,wind_drone_20260929
2026-09-29T16:45:16.720Z,2026-09-29T16:45:16.600Z,2026-09-29T10:45:16.720-06:00,121.858,5.6,57.0,0.0,15.9,wind_drone_20260929
2026-09-29T16:45:16.927Z,2026-09-29T16:45:16.800Z,2026-09-29T10:45:16.927-06:00,122.065,5.6,54.0,0.0,15.9,wind_drone_20260929
2026-09-29T16:45:17.120Z,2026-09-29T16:45:17.000Z,2026-09-29T10:45:17.120-06:00,122.258,5.7,56.0,0.0,15.9,wind_drone_20260929
2026-09-29T16:45:17.327Z,2026-09-29T16:45:17.200Z,2026-09-29T10:45:17.327-06:00,122.465,5.7,57.0,0.0,15.9,wind_drone_20260929
2026-09-29T16:45:17.519Z,2026-09-29T16:45:17.400Z,2026-09-29T10:45:17.519-06:00,122.658,5.7,56.0,0.0,15.9,wind_drone_20260929
2026-09-29T16:45:17.727Z,2026-09-29T16:45:17.600Z,2026-09-29T10:45:17.727-06:00,122.865,5.7,56.0,0.0,15.9,wind_drone_20260929
2026-09-29T16:45:17.919Z,2026-09-29T16:45:17.800Z,2026-09-29T10:45:17.919-06:00,123.058,5.8,58.0,0.0,15.9,wind_drone_20260929
2026-09-29T16:45:18.126Z,2026-09-29T16:45:18.000Z,2026-09-29T10:45:18.126-06:00,123.265,5.7,57.0,0.0,15.9,wind_drone_20260929
2026-09-29T16:45:18.319Z,2026-09-29T16:45:18.200Z,2026-09-29T10:45:18.319-06:00,123.457,5.7,58.0,0.0,15.9,wind_drone_20260929
2026-09-29T16:45:18.526Z,2026-09-29T16:45:18.400Z,2026-09-29T10:45:18.526-06:00,123.664,5.7,56.0,0.0,15.9,wind_drone_20260929
2026-09-29T16:45:18.719Z,2026-09-29T16:45:18.600Z,2026-09-29T10:45:18.719-06:00,123.857,5.7,57.0,0.0,15.9,wind_drone_20260929
2026-09-29T16:45:18.926Z,2026-09-29T16:45:18.800Z,2026-09-29T10:45:18.926-06:00,124.064,5.7,58.0,0.0,15.9,wind_drone_20260929
2026-09-29T16:45:19.119Z,2026-09-29T16:45:19.000Z,2026-09-29T10:45:19.119-06:00,124.257,5.8,58.0,0.0,15.9,wind_drone_20260929
2026-09-29T16:45:19.326Z,2026-09-29T16:45:19.200Z,2026-09-29T10:45:19.326-06:00,124.464,5.9,59.0,0.0,15.9,wind_drone_20260929
2026-09-29T16:45:19.519Z,2026-09-29T16:45:19.400Z,2026-09-29T10:45:19.519-06:00,124.657,5.9,56.0,0.0,15.9,wind_drone_20260929
2026-09-29T16:45:19.726Z,2026-09-29T16:45:19.600Z,2026-09-29T10:45:19.726-06:00,124.864,6.0,60.0,0.0,15.9,wind_drone_20260929
2026-09-29T16:45:19.918Z,2026-09-29T16:45:19.800Z,2026-09-29T10:45:19.918-06:00,125.057,6.2,56.0,0.0,15.9,wind_drone_20260929
2026-09-29T16:45:20.126Z,2026-09-29T16:45:20.000Z,2026-09-29T10:45:20.126-06:00,125.264,6.2,58.0,0.0,15.9,wind_drone_20260929
2026-09-29T16:45:20.318Z,2026-09-29T16:45:20.200Z,2026-09-29T10:45:20.318-06:00,125.457,6.2,60.0,0.0,15.9,wind_drone_20260929
2026-09-29T16:45:20.526Z,2026-09-29T16:45:20.400Z,2026-09-29T10:45:20.526-06:00,125.664,6.2,62.0,0.0,15.9,wind_drone_20260929
2026-09-29T16:45:20.718Z,2026-09-29T16:45:20.600Z,2026-09-29T10:45:20.718-06:00,125.857,6.1,61.0,0.0,15.9,wind_drone_20260929
2026-09-29T16:45:20.926Z,2026-09-29T16:45:20.800Z,2026-09-29T10:45:20.926-06:00,126.064,6.0,60.0,0.0,15.9,wind_drone_20260929
2026-09-29T16:45:21.118Z,2026-09-29T16:45:21.000Z,2026-09-29T10:45:21.118-06:00,126.257,6.0,60.0,0.0,15.9,wind_drone_20260929
2026-09-29T16:45:21.325Z,2026-09-29T16:45:21.200Z,2026-09-29T10:45:21.325-06:00,126.464,5.9,61.0,0.0,15.9,wind_drone_20260929
2026-09-29T16:45:21.518Z,2026-09-29T16:45:21.400Z,2026-09-29T10:45:21.518-06:00,126.656,5.8,62.0,0.0,15.9,wind_drone_20260929
2026-09-29T16:45:21.725Z,2026-09-29T16:45:21.600Z,2026-09-29T10:45:21.725-06:00,126.864,5.7,66.0,0.0,15.9,wind_drone_20260929
2026-09-29T16:45:21.918Z,2026-09-29T16:45:21.800Z,2026-09-29T10:45:21.918-06:00,127.056,5.7,67.0,0.0,15.9,wind_drone_20260929
2026-09-29T16:45:22.125Z,2026-09-29T16:45:22.000Z,2026-09-29T10:45:22.125-06:00,127.264,5.8,70.0,0.0,15.9,wind_drone_20260929
2026-09-29T16:45:22.318Z,2026-09-29T16:45:22.200Z,2026-09-29T10:45:22.318-06:00,127.456,5.8,60.0,0.0,15.8,wind_drone_20260929
2026-09-29T16:45:22.525Z,2026-09-29T16:45:22.400Z,2026-09-29T10:45:22.525-06:00,127.663,5.9,59.0,0.0,15.8,wind_drone_20260929
2026-09-29T16:45:22.718Z,2026-09-29T16:45:22.600Z,2026-09-29T10:45:22.718-06:00,127.856,5.9,64.0,0.0,15.8,wind_drone_20260929
2026-09-29T16:45:22.925Z,2026-09-29T16:45:22.800Z,2026-09-29T10:45:22.925-06:00,128.063,5.9,62.0,0.0,15.8,wind_drone_20260929
2026-09-29T16:45:23.117Z,2026-09-29T16:45:23.000Z,2026-09-29T10:45:23.117-06:00,128.256,5.9,55.0,0.0,15.8,wind_drone_20260929
2026-09-29T16:45:23.325Z,2026-09-29T16:45:23.200Z,2026-09-29T10:45:23.325-06:00,128.463,6.0,46.0,0.0,15.8,wind_drone_20260929
2026-09-29T16:45:23.518Z,2026-09-29T16:45:23.400Z,2026-09-29T10:45:23.518-06:00,128.656,6.0,47.0,0.0,15.8,wind_drone_20260929
2026-09-29T16:45:23.724Z,2026-09-29T16:45:23.600Z,2026-09-29T10:45:23.724-06:00,128.863,6.1,53.0,0.0,15.8,wind_drone_20260929
2026-09-29T16:45:23.917Z,2026-09-29T16:45:23.800Z,2026-09-29T10:45:23.917-06:00,129.055,6.3,57.0,0.0,15.8,wind_drone_20260929
2026-09-29T16:45:24.124Z,2026-09-29T16:45:24.000Z,2026-09-29T10:45:24.124-06:00,129.263,6.4,63.0,0.0,15.8,wind_drone_20260929
2026-09-29T16:45:24.317Z,2026-09-29T16:45:24.200Z,2026-09-29T10:45:24.317-06:00,129.455,6.5,66.0,0.0,15.8,wind_drone_20260929
2026-09-29T16:45:24.524Z,2026-09-29T16:45:24.400Z,2026-09-29T10:45:24.524-06:00,129.662,6.7,62.0,0.0,15.8,wind_drone_20260929
2026-09-29T16:45:24.717Z,2026-09-29T16:45:24.600Z,2026-09-29T10:45:24.717-06:00,129.856,6.7,57.0,0.0,15.8,wind_drone_20260929
2026-09-29T16:45:24.924Z,2026-09-29T16:45:24.800Z,2026-09-29T10:45:24.924-06:00,130.062,6.9,57.0,0.0,15.8,wind_drone_20260929
2026-09-29T16:45:25.117Z,2026-09-29T16:45:25.000Z,2026-09-29T10:45:25.117-06:00,130.255,6.9,59.0,0.0,15.8,wind_drone_20260929
2026-09-29T16:45:25.324Z,2026-09-29T16:45:25.200Z,2026-09-29T10:45:25.324-06:00,130.462,6.8,59.0,0.0,15.8,wind_drone_20260929
2026-09-29T16:45:25.517Z,2026-09-29T16:45:25.400Z,2026-09-29T10:45:25.517-06:00,130.655,6.8,58.0,0.0,15.8,wind_drone_20260929
2026-09-29T16:45:25.724Z,2026-09-29T16:45:25.600Z,2026-09-29T10:45:25.724-06:00,130.862,6.7,55.0,0.0,15.8,wind_drone_20260929
2026-09-29T16:45:25.917Z,2026-09-29T16:45:25.800Z,2026-09-29T10:45:25.917-06:00,131.055,6.6,55.0,0.0,15.8,wind_drone_20260929
2026-09-29T16:45:26.124Z,2026-09-29T16:45:26.000Z,2026-09-29T10:45:26.124-06:00,131.262,6.5,56.0,0.0,15.8,wind_drone_20260929
2026-09-29T16:45:26.316Z,2026-09-29T16:45:26.200Z,2026-09-29T10:45:26.316-06:00,131.455,6.5,54.0,0.0,15.8,wind_drone_20260929
2026-09-29T16:45:26.524Z,2026-09-29T16:45:26.400Z,2026-09-29T10:45:26.524-06:00,131.662,6.5,58.0,0.0,15.8,wind_drone_20260929
2026-09-29T16:45:26.716Z,2026-09-29T16:45:26.600Z,2026-09-29T10:45:26.716-06:00,131.855,6.6,61.0,0.0,15.8,wind_drone_20260929
2026-09-29T16:45:26.923Z,2026-09-29T16:45:26.800Z,2026-09-29T10:45:26.923-06:00,132.062,6.5,59.0,0.0,15.8,wind_drone_20260929
2026-09-29T16:45:27.116Z,2026-09-29T16:45:27.000Z,2026-09-29T10:45:27.116-06:00,132.254,6.6,60.0,0.0,15.8,wind_drone_20260929
2026-09-29T16:45:27.323Z,2026-09-29T16:45:27.200Z,2026-09-29T10:45:27.323-06:00,132.462,6.6,62.0,0.0,15.8,wind_drone_20260929
2026-09-29T16:45:27.516Z,2026-09-29T16:45:27.400Z,2026-09-29T10:45:27.516-06:00,132.654,6.6,59.0,0.0,15.8,wind_drone_20260929
2026-09-29T16:45:27.723Z,2026-09-29T16:45:27.600Z,2026-09-29T10:45:27.723-06:00,132.861,6.6,59.0,0.0,15.8,wind_drone_20260929
2026-09-29T16:45:27.916Z,2026-09-29T16:45:27.800Z,2026-09-29T10:45:27.916-06:00,133.054,6.5,59.0,0.0,15.8,wind_drone_20260929
2026-09-29T16:45:28.123Z,2026-09-29T16:45:28.000Z,2026-09-29T10:45:28.123-06:00,133.261,6.5,60.0,0.0,15.8,wind_drone_20260929
2026-09-29T16:45:28.316Z,2026-09-29T16:45:28.200Z,2026-09-29T10:45:28.316-06:00,133.454,6.4,59.0,0.0,15.8,wind_drone_20260929
2026-09-29T16:45:28.523Z,2026-09-29T16:45:28.400Z,2026-09-29T10:45:28.523-06:00,133.661,6.4,57.0,0.0,15.8,wind_drone_20260929
2026-09-29T16:45:28.716Z,2026-09-29T16:45:28.600Z,2026-09-29T10:45:28.716-06:00,133.854,6.4,58.0,0.0,15.8,wind_drone_20260929
2026-09-29T16:45:28.923Z,2026-09-29T16:45:28.800Z,2026-09-29T10:45:28.923-06:00,134.061,6.4,56.0,0.0,15.8,wind_drone_20260929
2026-09-29T16:45:29.115Z,2026-09-29T16:45:29.000Z,2026-09-29T10:45:29.115-06:00,134.254,6.5,57.0,0.0,15.8,wind_drone_20260929
2026-09-29T16:45:29.323Z,2026-09-29T16:45:29.200Z,2026-09-29T10:45:29.323-06:00,134.461,6.5,59.0,0.0,15.8,wind_drone_20260929
2026-09-29T16:45:29.515Z,2026-09-29T16:45:29.400Z,2026-09-29T10:45:29.515-06:00,134.654,6.5,61.0,0.0,15.8,wind_drone_20260929
2026-09-29T16:45:29.723Z,2026-09-29T16:45:29.600Z,2026-09-29T10:45:29.723-06:00,134.861,6.5,58.0,0.0,15.8,wind_drone_20260929
2026-09-29T16:45:29.915Z,2026-09-29T16:45:29.800Z,2026-09-29T10:45:29.915-06:00,135.053,6.5,60.0,0.0,15.8,wind_drone_20260929
2026-09-29T16:45:30.122Z,2026-09-29T16:45:30.000Z,2026-09-29T10:45:30.122-06:00,135.261,6.5,60.0,0.0,15.8,wind_drone_20260929
2026-09-29T16:45:30.315Z,2026-09-29T16:45:30.200Z,2026-09-29T10:45:30.315-06:00,135.453,6.5,58.0,0.0,15.8,wind_drone_20260929
2026-09-29T16:45:30.522Z,2026-09-29T16:45:30.400Z,2026-09-29T10:45:30.522-06:00,135.66,6.6,57.0,0.0,15.8,wind_drone_20260929
2026-09-29T16:45:30.715Z,2026-09-29T16:45:30.600Z,2026-09-29T10:45:30.715-06:00,135.853,6.6,65.0,0.0,15.8,wind_drone_20260929
2026-09-29T16:45:30.922Z,2026-09-29T16:45:30.800Z,2026-09-29T10:45:30.922-06:00,136.06,6.6,62.0,0.0,15.8,wind_drone_20260929
2026-09-29T16:45:31.115Z,2026-09-29T16:45:31.000Z,2026-09-29T10:45:31.115-06:00,136.253,6.6,64.0,0.0,15.8,wind_drone_20260929
2026-09-29T16:45:31.322Z,2026-09-29T16:45:31.200Z,2026-09-29T10:45:31.322-06:00,136.46,6.6,61.0,0.0,15.8,wind_drone_20260929
2026-09-29T16:45:31.515Z,2026-09-29T16:45:31.400Z,2026-09-29T10:45:31.515-06:00,136.653,6.6,62.0,0.0,15.8,wind_drone_20260929
2026-09-29T16:45:31.722Z,2026-09-29T16:45:31.600Z,2026-09-29T10:45:31.722-06:00,136.86,6.6,67.0,0.0,15.8,wind_drone_20260929
2026-09-29T16:45:31.915Z,2026-09-29T16:45:31.800Z,2026-09-29T10:45:31.915-06:00,137.053,6.5,66.0,0.0,15.8,wind_drone_20260929
2026-09-29T16:45:32.122Z,2026-09-29T16:45:32.000Z,2026-09-29T10:45:32.122-06:00,137.26,6.3,65.0,0.0,15.8,wind_drone_20260929
2026-09-29T16:45:32.314Z,2026-09-29T16:45:32.200Z,2026-09-29T10:45:32.314-06:00,137.453,6.3,62.0,0.0,15.8,wind_drone_20260929
2026-09-29T16:45:32.521Z,2026-09-29T16:45:32.400Z,2026-09-29T10:45:32.521-06:00,137.66,6.2,65.0,0.0,15.8,wind_drone_20260929
2026-09-29T16:45:32.715Z,2026-09-29T16:45:32.600Z,2026-09-29T10:45:32.715-06:00,137.853,6.2,68.0,0.0,15.8,wind_drone_20260929
2026-09-29T16:45:32.921Z,2026-09-29T16:45:32.800Z,2026-09-29T10:45:32.921-06:00,138.06,6.1,73.0,0.0,15.8,wind_drone_20260929
2026-09-29T16:45:33.114Z,2026-09-29T16:45:33.000Z,2026-09-29T10:45:33.114-06:00,138.253,6.0,71.0,0.0,15.8,wind_drone_20260929
2026-09-29T16:45:33.321Z,2026-09-29T16:45:33.200Z,2026-09-29T10:45:33.321-06:00,138.459,6.1,69.0,0.0,15.8,wind_drone_20260929
2026-09-29T16:45:33.514Z,2026-09-29T16:45:33.400Z,2026-09-29T10:45:33.514-06:00,138.652,6.2,66.0,0.0,15.8,wind_drone_20260929
2026-09-29T16:45:33.721Z,2026-09-29T16:45:33.600Z,2026-09-29T10:45:33.721-06:00,138.859,6.2,68.0,0.0,15.8,wind_drone_20260929
2026-09-29T16:45:33.914Z,2026-09-29T16:45:33.800Z,2026-09-29T10:45:33.914-06:00,139.052,6.2,67.0,0.0,15.8,wind_drone_20260929
2026-09-29T16:45:34.121Z,2026-09-29T16:45:34.000Z,2026-09-29T10:45:34.121-06:00,139.259,6.2,67.0,0.0,15.8,wind_drone_20260929
2026-09-29T16:45:34.314Z,2026-09-29T16:45:34.200Z,2026-09-29T10:45:34.314-06:00,139.452,6.1,63.0,0.0,15.7,wind_drone_20260929
2026-09-29T16:45:34.521Z,2026-09-29T16:45:34.400Z,2026-09-29T10:45:34.521-06:00,139.659,6.1,61.0,0.0,15.7,wind_drone_20260929
2026-09-29T16:45:34.714Z,2026-09-29T16:45:34.600Z,2026-09-29T10:45:34.714-06:00,139.852,6.1,61.0,0.0,15.7,wind_drone_20260929
2026-09-29T16:45:34.921Z,2026-09-29T16:45:34.800Z,2026-09-29T10:45:34.921-06:00,140.059,5.9,63.0,0.0,15.7,wind_drone_20260929
2026-09-29T16:45:35.114Z,2026-09-29T16:45:35.000Z,2026-09-29T10:45:35.114-06:00,140.252,5.8,61.0,0.0,15.7,wind_drone_20260929
2026-09-29T16:45:35.321Z,2026-09-29T16:45:35.200Z,2026-09-29T10:45:35.321-06:00,140.459,5.7,61.0,0.0,15.7,wind_drone_20260929
2026-09-29T16:45:35.514Z,2026-09-29T16:45:35.400Z,2026-09-29T10:45:35.514-06:00,140.652,5.5,64.0,0.0,15.7,wind_drone_20260929
2026-09-29T16:45:35.720Z,2026-09-29T16:45:35.600Z,2026-09-29T10:45:35.720-06:00,140.859,5.4,64.0,0.0,15.7,wind_drone_20260929
2026-09-29T16:45:35.928Z,2026-09-29T16:45:35.800Z,2026-09-29T10:45:35.928-06:00,141.066,5.3,64.0,0.0,15.7,wind_drone_20260929
2026-09-29T16:45:36.120Z,2026-09-29T16:45:36.000Z,2026-09-29T10:45:36.120-06:00,141.258,5.0,66.0,0.0,15.7,wind_drone_20260929
2026-09-29T16:45:36.327Z,2026-09-29T16:45:36.200Z,2026-09-29T10:45:36.327-06:00,141.466,4.8,69.0,0.0,15.7,wind_drone_20260929
2026-09-29T16:45:36.520Z,2026-09-29T16:45:36.400Z,2026-09-29T10:45:36.520-06:00,141.658,4.7,71.0,0.0,15.7,wind_drone_20260929
2026-09-29T16:45:36.727Z,2026-09-29T16:45:36.600Z,2026-09-29T10:45:36.727-06:00,141.866,4.5,75.0,0.0,15.7,wind_drone_20260929
2026-09-29T16:45:36.920Z,2026-09-29T16:45:36.800Z,2026-09-29T10:45:36.920-06:00,142.058,4.3,77.0,0.0,15.7,wind_drone_20260929
2026-09-29T16:45:37.127Z,2026-09-29T16:45:37.000Z,2026-09-29T10:45:37.127-06:00,142.265,4.1,84.0,0.0,15.7,wind_drone_20260929
2026-09-29T16:45:37.320Z,2026-09-29T16:45:37.200Z,2026-09-29T10:45:37.320-06:00,142.458,4.1,93.0,0.0,15.7,wind_drone_20260929
2026-09-29T16:45:37.527Z,2026-09-29T16:45:37.400Z,2026-09-29T10:45:37.527-06:00,142.665,4.2,93.0,0.0,15.7,wind_drone_20260929
2026-09-29T16:45:37.720Z,2026-09-29T16:45:37.600Z,2026-09-29T10:45:37.720-06:00,142.858,4.4,95.0,0.0,15.7,wind_drone_20260929
2026-09-29T16:45:37.927Z,2026-09-29T16:45:37.800Z,2026-09-29T10:45:37.927-06:00,143.065,4.6,90.0,0.0,15.7,wind_drone_20260929
2026-09-29T16:45:38.119Z,2026-09-29T16:45:38.000Z,2026-09-29T10:45:38.119-06:00,143.258,4.8,89.0,0.0,15.7,wind_drone_20260929
2026-09-29T16:45:38.327Z,2026-09-29T16:45:38.200Z,2026-09-29T10:45:38.327-06:00,143.465,5.0,87.0,0.0,15.7,wind_drone_20260929
2026-09-29T16:45:38.519Z,2026-09-29T16:45:38.400Z,2026-09-29T10:45:38.519-06:00,143.658,5.2,85.0,0.0,15.7,wind_drone_20260929
2026-09-29T16:45:38.727Z,2026-09-29T16:45:38.600Z,2026-09-29T10:45:38.727-06:00,143.865,5.3,85.0,0.0,15.7,wind_drone_20260929
2026-09-29T16:45:38.919Z,2026-09-29T16:45:38.800Z,2026-09-29T10:45:38.919-06:00,144.058,5.4,84.0,0.0,15.7,wind_drone_20260929
2026-09-29T16:45:39.127Z,2026-09-29T16:45:39.000Z,2026-09-29T10:45:39.127-06:00,144.265,5.4,86.0,0.0,15.7,wind_drone_20260929
2026-09-29T16:45:39.319Z,2026-09-29T16:45:39.200Z,2026-09-29T10:45:39.319-06:00,144.457,5.4,87.0,0.0,15.7,wind_drone_20260929
2026-09-29T16:45:39.526Z,2026-09-29T16:45:39.400Z,2026-09-29T10:45:39.526-06:00,144.665,5.4,89.0,0.0,15.7,wind_drone_20260929
2026-09-29T16:45:39.719Z,2026-09-29T16:45:39.600Z,2026-09-29T10:45:39.719-06:00,144.857,5.4,90.0,0.0,15.7,wind_drone_20260929
2026-09-29T16:45:39.926Z,2026-09-29T16:45:39.800Z,2026-09-29T10:45:39.926-06:00,145.064,5.4,85.0,0.0,15.7,wind_drone_20260929
2026-09-29T16:45:40.119Z,2026-09-29T16:45:40.000Z,2026-09-29T10:45:40.119-06:00,145.257,5.5,84.0,0.0,15.7,wind_drone_20260929
2026-09-29T16:45:40.326Z,2026-09-29T16:45:40.200Z,2026-09-29T10:45:40.326-06:00,145.464,5.7,87.0,0.0,15.7,wind_drone_20260929
2026-09-29T16:45:40.519Z,2026-09-29T16:45:40.400Z,2026-09-29T10:45:40.519-06:00,145.657,5.9,89.0,0.0,15.7,wind_drone_20260929
2026-09-29T16:45:40.726Z,2026-09-29T16:45:40.600Z,2026-09-29T10:45:40.726-06:00,145.864,6.0,85.0,0.0,15.7,wind_drone_20260929
2026-09-29T16:45:40.918Z,2026-09-29T16:45:40.800Z,2026-09-29T10:45:40.918-06:00,146.057,6.2,82.0,0.0,15.7,wind_drone_20260929
2026-09-29T16:45:41.126Z,2026-09-29T16:45:41.000Z,2026-09-29T10:45:41.126-06:00,146.264,6.4,81.0,0.0,15.7,wind_drone_20260929
2026-09-29T16:45:41.319Z,2026-09-29T16:45:41.200Z,2026-09-29T10:45:41.319-06:00,146.457,6.6,79.0,0.0,15.7,wind_drone_20260929
2026-09-29T16:45:41.526Z,2026-09-29T16:45:41.400Z,2026-09-29T10:45:41.526-06:00,146.664,6.8,74.0,0.0,15.7,wind_drone_20260929
2026-09-29T16:45:41.718Z,2026-09-29T16:45:41.600Z,2026-09-29T10:45:41.718-06:00,146.857,7.1,76.0,0.0,15.7,wind_drone_20260929
2026-09-29T16:45:41.926Z,2026-09-29T16:45:41.800Z,2026-09-29T10:45:41.926-06:00,147.064,7.3,78.0,0.0,15.7,wind_drone_20260929
2026-09-29T16:45:42.118Z,2026-09-29T16:45:42.000Z,2026-09-29T10:45:42.118-06:00,147.257,7.5,72.0,0.0,15.7,wind_drone_20260929
2026-09-29T16:45:42.325Z,2026-09-29T16:45:42.200Z,2026-09-29T10:45:42.325-06:00,147.464,7.6,68.0,0.0,15.7,wind_drone_20260929
2026-09-29T16:45:42.518Z,2026-09-29T16:45:42.400Z,2026-09-29T10:45:42.518-06:00,147.656,7.7,67.0,0.0,15.7,wind_drone_20260929
2026-09-29T16:45:42.725Z,2026-09-29T16:45:42.600Z,2026-09-29T10:45:42.725-06:00,147.864,7.6,68.0,0.0,15.7,wind_drone_20260929
2026-09-29T16:45:42.918Z,2026-09-29T16:45:42.800Z,2026-09-29T10:45:42.918-06:00,148.056,7.6,69.0,0.0,15.7,wind_drone_20260929
2026-09-29T16:45:43.125Z,2026-09-29T16:45:43.000Z,2026-09-29T10:45:43.125-06:00,148.263,7.4,66.0,0.0,15.7,wind_drone_20260929
2026-09-29T16:45:43.318Z,2026-09-29T16:45:43.200Z,2026-09-29T10:45:43.318-06:00,148.456,7.1,68.0,0.0,15.7,wind_drone_20260929
2026-09-29T16:45:43.525Z,2026-09-29T16:45:43.400Z,2026-09-29T10:45:43.525-06:00,148.663,6.9,71.0,0.0,15.7,wind_drone_20260929
2026-09-29T16:45:43.718Z,2026-09-29T16:45:43.600Z,2026-09-29T10:45:43.718-06:00,148.856,6.8,72.0,0.0,15.7,wind_drone_20260929
2026-09-29T16:45:43.925Z,2026-09-29T16:45:43.800Z,2026-09-29T10:45:43.925-06:00,149.063,6.8,70.0,0.0,15.7,wind_drone_20260929
2026-09-29T16:45:44.118Z,2026-09-29T16:45:44.000Z,2026-09-29T10:45:44.118-06:00,149.256,6.6,75.0,0.0,15.7,wind_drone_20260929
2026-09-29T16:45:44.325Z,2026-09-29T16:45:44.200Z,2026-09-29T10:45:44.325-06:00,149.463,6.6,77.0,0.0,15.7,wind_drone_20260929
2026-09-29T16:45:44.517Z,2026-09-29T16:45:44.400Z,2026-09-29T10:45:44.517-06:00,149.656,6.6,74.0,0.0,15.7,wind_drone_20260929
2026-09-29T16:45:44.725Z,2026-09-29T16:45:44.600Z,2026-09-29T10:45:44.725-06:00,149.863,6.6,78.0,0.0,15.7,wind_drone_20260929
2026-09-29T16:45:44.917Z,2026-09-29T16:45:44.800Z,2026-09-29T10:45:44.917-06:00,150.055,6.6,80.0,0.0,15.7,wind_drone_20260929
2026-09-29T16:45:45.125Z,2026-09-29T16:45:45.000Z,2026-09-29T10:45:45.125-06:00,150.263,6.6,81.0,0.0,15.7,wind_drone_20260929
2026-09-29T16:45:45.317Z,2026-09-29T16:45:45.200Z,2026-09-29T10:45:45.317-06:00,150.456,6.6,80.0,0.0,15.7,wind_drone_20260929
2026-09-29T16:45:45.524Z,2026-09-29T16:45:45.400Z,2026-09-29T10:45:45.524-06:00,150.662,6.4,74.0,0.0,15.7,wind_drone_20260929
2026-09-29T16:45:45.717Z,2026-09-29T16:45:45.600Z,2026-09-29T10:45:45.717-06:00,150.855,6.3,82.0,0.0,15.7,wind_drone_20260929
2026-09-29T16:45:45.924Z,2026-09-29T16:45:45.800Z,2026-09-29T10:45:45.924-06:00,151.062,6.2,75.0,0.0,15.7,wind_drone_20260929
2026-09-29T16:45:46.117Z,2026-09-29T16:45:46.000Z,2026-09-29T10:45:46.117-06:00,151.255,6.2,73.0,0.0,15.7,wind_drone_20260929
2026-09-29T16:45:46.324Z,2026-09-29T16:45:46.200Z,2026-09-29T10:45:46.324-06:00,151.462,6.2,81.0,0.0,15.7,wind_drone_20260929
2026-09-29T16:45:46.517Z,2026-09-29T16:45:46.400Z,2026-09-29T10:45:46.517-06:00,151.655,6.3,86.0,0.0,15.7,wind_drone_20260929
2026-09-29T16:45:46.724Z,2026-09-29T16:45:46.600Z,2026-09-29T10:45:46.724-06:00,151.862,6.3,81.0,0.0,15.7,wind_drone_20260929
2026-09-29T16:45:46.916Z,2026-09-29T16:45:46.800Z,2026-09-29T10:45:46.916-06:00,152.055,6.3,82.0,0.0,15.7,wind_drone_20260929
2026-09-29T16:45:47.124Z,2026-09-29T16:45:47.000Z,2026-09-29T10:45:47.124-06:00,152.262,6.5,81.0,0.0,15.7,wind_drone_20260929
2026-09-29T16:45:47.316Z,2026-09-29T16:45:47.200Z,2026-09-29T10:45:47.316-06:00,152.455,6.5,82.0,0.0,15.7,wind_drone_20260929
2026-09-29T16:45:47.523Z,2026-09-29T16:45:47.400Z,2026-09-29T10:45:47.523-06:00,152.662,6.6,80.0,0.0,15.7,wind_drone_20260929
2026-09-29T16:45:47.716Z,2026-09-29T16:45:47.600Z,2026-09-29T10:45:47.716-06:00,152.854,6.6,78.0,0.0,15.7,wind_drone_20260929
2026-09-29T16:45:47.923Z,2026-09-29T16:45:47.800Z,2026-09-29T10:45:47.923-06:00,153.062,6.6,77.0,0.0,15.7,wind_drone_20260929
2026-09-29T16:45:48.116Z,2026-09-29T16:45:48.000Z,2026-09-29T10:45:48.116-06:00,153.254,6.6,75.0,0.0,15.7,wind_drone_20260929
2026-09-29T16:45:48.323Z,2026-09-29T16:45:48.200Z,2026-09-29T10:45:48.323-06:00,153.461,6.6,77.0,0.0,15.7,wind_drone_20260929
2026-09-29T16:45:48.516Z,2026-09-29T16:45:48.400Z,2026-09-29T10:45:48.516-06:00,153.654,6.6,73.0,0.0,15.7,wind_drone_20260929
2026-09-29T16:45:48.723Z,2026-09-29T16:45:48.600Z,2026-09-29T10:45:48.723-06:00,153.861,6.6,73.0,0.0,15.7,wind_drone_20260929
2026-09-29T16:45:48.916Z,2026-09-29T16:45:48.800Z,2026-09-29T10:45:48.916-06:00,154.054,6.6,70.0,0.0,15.7,wind_drone_20260929
2026-09-29T16:45:49.123Z,2026-09-29T16:45:49.000Z,2026-09-29T10:45:49.123-06:00,154.261,6.6,69.0,0.0,15.7,wind_drone_20260929
2026-09-29T16:45:49.316Z,2026-09-29T16:45:49.200Z,2026-09-29T10:45:49.316-06:00,154.454,6.6,66.0,0.0,15.7,wind_drone_20260929
2026-09-29T16:45:49.523Z,2026-09-29T16:45:49.400Z,2026-09-29T10:45:49.523-06:00,154.661,6.6,64.0,0.0,15.6,wind_drone_20260929
2026-09-29T16:45:49.716Z,2026-09-29T16:45:49.600Z,2026-09-29T10:45:49.716-06:00,154.854,6.6,67.0,0.0,15.6,wind_drone_20260929
2026-09-29T16:45:49.923Z,2026-09-29T16:45:49.800Z,2026-09-29T10:45:49.923-06:00,155.061,6.6,68.0,0.0,15.6,wind_drone_20260929
2026-09-29T16:45:50.116Z,2026-09-29T16:45:50.000Z,2026-09-29T10:45:50.116-06:00,155.254,6.6,67.0,0.0,15.6,wind_drone_20260929
2026-09-29T16:45:50.323Z,2026-09-29T16:45:50.200Z,2026-09-29T10:45:50.323-06:00,155.461,6.6,64.0,0.0,15.6,wind_drone_20260929
2026-09-29T16:45:50.515Z,2026-09-29T16:45:50.400Z,2026-09-29T10:45:50.515-06:00,155.654,6.6,64.0,0.0,15.6,wind_drone_20260929
2026-09-29T16:45:50.723Z,2026-09-29T16:45:50.600Z,2026-09-29T10:45:50.723-06:00,155.861,6.6,67.0,0.0,15.6,wind_drone_20260929
2026-09-29T16:45:50.915Z,2026-09-29T16:45:50.800Z,2026-09-29T10:45:50.915-06:00,156.054,6.7,68.0,0.0,15.6,wind_drone_20260929
2026-09-29T16:45:51.122Z,2026-09-29T16:45:51.000Z,2026-09-29T10:45:51.122-06:00,156.261,6.6,66.0,0.0,15.6,wind_drone_20260929
2026-09-29T16:45:51.315Z,2026-09-29T16:45:51.200Z,2026-09-29T10:45:51.315-06:00,156.453,6.6,67.0,0.0,15.6,wind_drone_20260929
2026-09-29T16:45:51.522Z,2026-09-29T16:45:51.400Z,2026-09-29T10:45:51.522-06:00,156.661,6.5,65.0,0.0,15.6,wind_drone_20260929
2026-09-29T16:45:51.715Z,2026-09-29T16:45:51.600Z,2026-09-29T10:45:51.715-06:00,156.853,6.5,68.0,0.0,15.6,wind_drone_20260929
2026-09-29T16:45:51.922Z,2026-09-29T16:45:51.800Z,2026-09-29T10:45:51.922-06:00,157.061,6.4,66.0,0.0,15.6,wind_drone_20260929
2026-09-29T16:45:52.114Z,2026-09-29T16:45:52.000Z,2026-09-29T10:45:52.114-06:00,157.253,6.3,67.0,0.0,15.6,wind_drone_20260929
2026-09-29T16:45:52.322Z,2026-09-29T16:45:52.200Z,2026-09-29T10:45:52.322-06:00,157.46,6.2,69.0,0.0,15.6,wind_drone_20260929
2026-09-29T16:45:52.514Z,2026-09-29T16:45:52.400Z,2026-09-29T10:45:52.514-06:00,157.653,6.1,69.0,0.0,15.6,wind_drone_20260929
2026-09-29T16:45:52.722Z,2026-09-29T16:45:52.600Z,2026-09-29T10:45:52.722-06:00,157.86,6.1,66.0,0.0,15.6,wind_drone_20260929
2026-09-29T16:45:52.914Z,2026-09-29T16:45:52.800Z,2026-09-29T10:45:52.914-06:00,158.052,6.1,66.0,0.0,15.6,wind_drone_20260929
2026-09-29T16:45:53.122Z,2026-09-29T16:45:53.000Z,2026-09-29T10:45:53.122-06:00,158.26,6.0,69.0,0.0,15.6,wind_drone_20260929
2026-09-29T16:45:53.314Z,2026-09-29T16:45:53.200Z,2026-09-29T10:45:53.314-06:00,158.453,6.0,71.0,0.0,15.6,wind_drone_20260929
2026-09-29T16:45:53.522Z,2026-09-29T16:45:53.400Z,2026-09-29T10:45:53.522-06:00,158.66,6.0,72.0,0.0,15.6,wind_drone_20260929
2026-09-29T16:45:53.714Z,2026-09-29T16:45:53.600Z,2026-09-29T10:45:53.714-06:00,158.852,6.0,70.0,0.0,15.6,wind_drone_20260929
2026-09-29T16:45:53.921Z,2026-09-29T16:45:53.800Z,2026-09-29T10:45:53.921-06:00,159.06,5.9,69.0,0.0,15.6,wind_drone_20260929
2026-09-29T16:45:54.114Z,2026-09-29T16:45:54.000Z,2026-09-29T10:45:54.114-06:00,159.252,6.0,73.0,0.0,15.6,wind_drone_20260929
2026-09-29T16:45:54.321Z,2026-09-29T16:45:54.200Z,2026-09-29T10:45:54.321-06:00,159.459,6.0,69.0,0.0,15.6,wind_drone_20260929
2026-09-29T16:45:54.514Z,2026-09-29T16:45:54.400Z,2026-09-29T10:45:54.514-06:00,159.652,6.0,70.0,0.0,15.6,wind_drone_20260929
2026-09-29T16:45:54.721Z,2026-09-29T16:45:54.600Z,2026-09-29T10:45:54.721-06:00,159.859,6.0,70.0,0.0,15.6,wind_drone_20260929
2026-09-29T16:45:54.914Z,2026-09-29T16:45:54.800Z,2026-09-29T10:45:54.914-06:00,160.052,5.9,72.0,0.0,15.6,wind_drone_20260929
2026-09-29T16:45:55.121Z,2026-09-29T16:45:55.000Z,2026-09-29T10:45:55.121-06:00,160.259,5.9,71.0,0.0,15.6,wind_drone_20260929
2026-09-29T16:45:55.314Z,2026-09-29T16:45:55.200Z,2026-09-29T10:45:55.314-06:00,160.452,5.9,74.0,0.0,15.6,wind_drone_20260929
2026-09-29T16:45:55.521Z,2026-09-29T16:45:55.400Z,2026-09-29T10:45:55.521-06:00,160.659,5.9,73.0,0.0,15.6,wind_drone_20260929
2026-09-29T16:45:55.713Z,2026-09-29T16:45:55.600Z,2026-09-29T10:45:55.713-06:00,160.852,5.9,71.0,0.0,15.6,wind_drone_20260929
2026-09-29T16:45:55.920Z,2026-09-29T16:45:55.800Z,2026-09-29T10:45:55.920-06:00,161.059,5.9,73.0,0.0,15.6,wind_drone_20260929
2026-09-29T16:45:56.113Z,2026-09-29T16:45:56.000Z,2026-09-29T10:45:56.113-06:00,161.251,5.8,72.0,0.0,15.6,wind_drone_20260929
2026-09-29T16:45:56.320Z,2026-09-29T16:45:56.200Z,2026-09-29T10:45:56.320-06:00,161.459,5.8,73.0,0.0,15.6,wind_drone_20260929
2026-09-29T16:45:56.513Z,2026-09-29T16:45:56.400Z,2026-09-29T10:45:56.513-06:00,161.651,5.7,75.0,0.0,15.6,wind_drone_20260929
2026-09-29T16:45:56.720Z,2026-09-29T16:45:56.600Z,2026-09-29T10:45:56.720-06:00,161.858,5.7,73.0,0.0,15.6,wind_drone_20260929
2026-09-29T16:45:56.928Z,2026-09-29T16:45:56.800Z,2026-09-29T10:45:56.928-06:00,162.066,5.7,71.0,0.0,15.6,wind_drone_20260929
2026-09-29T16:45:57.120Z,2026-09-29T16:45:57.000Z,2026-09-29T10:45:57.120-06:00,162.258,5.7,69.0,0.0,15.6,wind_drone_20260929
2026-09-29T16:45:57.328Z,2026-09-29T16:45:57.200Z,2026-09-29T10:45:57.328-06:00,162.466,5.7,72.0,0.0,15.6,wind_drone_20260929
2026-09-29T16:45:57.520Z,2026-09-29T16:45:57.400Z,2026-09-29T10:45:57.520-06:00,162.658,5.7,72.0,0.0,15.6,wind_drone_20260929
2026-09-29T16:45:57.727Z,2026-09-29T16:45:57.600Z,2026-09-29T10:45:57.727-06:00,162.866,5.8,73.0,0.0,15.6,wind_drone_20260929
2026-09-29T16:45:57.920Z,2026-09-29T16:45:57.800Z,2026-09-29T10:45:57.920-06:00,163.058,5.8,71.0,0.0,15.6,wind_drone_20260929
2026-09-29T16:45:58.127Z,2026-09-29T16:45:58.000Z,2026-09-29T10:45:58.127-06:00,163.265,5.8,69.0,0.0,15.6,wind_drone_20260929
2026-09-29T16:45:58.320Z,2026-09-29T16:45:58.200Z,2026-09-29T10:45:58.320-06:00,163.458,5.7,71.0,0.0,15.6,wind_drone_20260929
2026-09-29T16:45:58.527Z,2026-09-29T16:45:58.400Z,2026-09-29T10:45:58.527-06:00,163.665,5.8,72.0,0.0,15.6,wind_drone_20260929
2026-09-29T16:45:58.720Z,2026-09-29T16:45:58.600Z,2026-09-29T10:45:58.720-06:00,163.858,5.7,74.0,0.0,15.6,wind_drone_20260929
2026-09-29T16:45:58.927Z,2026-09-29T16:45:58.800Z,2026-09-29T10:45:58.927-06:00,164.065,5.7,75.0,0.0,15.6,wind_drone_20260929
2026-09-29T16:45:59.119Z,2026-09-29T16:45:59.000Z,2026-09-29T10:45:59.119-06:00,164.258,5.6,77.0,0.0,15.6,wind_drone_20260929
2026-09-29T16:45:59.327Z,2026-09-29T16:45:59.200Z,2026-09-29T10:45:59.327-06:00,164.465,5.5,75.0,0.0,15.6,wind_drone_20260929
2026-09-29T16:45:59.519Z,2026-09-29T16:45:59.400Z,2026-09-29T10:45:59.519-06:00,164.658,5.5,72.0,0.0,15.6,wind_drone_20260929
2026-09-29T16:45:59.727Z,2026-09-29T16:45:59.600Z,2026-09-29T10:45:59.727-06:00,164.865,5.5,74.0,0.0,15.6,wind_drone_20260929
2026-09-29T16:45:59.920Z,2026-09-29T16:45:59.800Z,2026-09-29T10:45:59.920-06:00,165.058,5.5,70.0,0.0,15.6,wind_drone_20260929
2026-09-29T16:46:00.126Z,2026-09-29T16:46:00.000Z,2026-09-29T10:46:00.126-06:00,165.265,5.4,68.0,0.0,15.6,wind_drone_20260929
2026-09-29T16:46:00.319Z,2026-09-29T16:46:00.200Z,2026-09-29T10:46:00.319-06:00,165.457,5.4,67.0,0.0,15.6,wind_drone_20260929
2026-09-29T16:46:00.526Z,2026-09-29T16:46:00.400Z,2026-09-29T10:46:00.526-06:00,165.664,5.2,68.0,0.0,15.6,wind_drone_20260929
2026-09-29T16:46:00.719Z,2026-09-29T16:46:00.600Z,2026-09-29T10:46:00.719-06:00,165.857,5.0,66.0,0.0,15.6,wind_drone_20260929
2026-09-29T16:46:00.926Z,2026-09-29T16:46:00.800Z,2026-09-29T10:46:00.926-06:00,166.064,5.0,67.0,0.0,15.6,wind_drone_20260929
2026-09-29T16:46:01.119Z,2026-09-29T16:46:01.000Z,2026-09-29T10:46:01.119-06:00,166.257,5.0,68.0,0.0,15.6,wind_drone_20260929
2026-09-29T16:46:01.326Z,2026-09-29T16:46:01.200Z,2026-09-29T10:46:01.326-06:00,166.464,5.0,72.0,0.0,15.6,wind_drone_20260929
2026-09-29T16:46:01.519Z,2026-09-29T16:46:01.400Z,2026-09-29T10:46:01.519-06:00,166.657,5.2,79.0,0.0,15.6,wind_drone_20260929
2026-09-29T16:46:01.726Z,2026-09-29T16:46:01.600Z,2026-09-29T10:46:01.726-06:00,166.864,5.2,78.0,0.0,15.6,wind_drone_20260929
2026-09-29T16:46:01.919Z,2026-09-29T16:46:01.800Z,2026-09-29T10:46:01.919-06:00,167.057,5.3,78.0,0.0,15.6,wind_drone_20260929
2026-09-29T16:46:02.126Z,2026-09-29T16:46:02.000Z,2026-09-29T10:46:02.126-06:00,167.264,5.3,82.0,0.0,15.6,wind_drone_20260929
2026-09-29T16:46:02.318Z,2026-09-29T16:46:02.200Z,2026-09-29T10:46:02.318-06:00,167.457,5.5,83.0,0.0,15.6,wind_drone_20260929
2026-09-29T16:46:02.526Z,2026-09-29T16:46:02.400Z,2026-09-29T10:46:02.526-06:00,167.664,5.5,86.0,0.0,15.6,wind_drone_20260929
2026-09-29T16:46:02.718Z,2026-09-29T16:46:02.600Z,2026-09-29T10:46:02.718-06:00,167.856,5.4,83.0,0.0,15.6,wind_drone_20260929
2026-09-29T16:46:02.925Z,2026-09-29T16:46:02.800Z,2026-09-29T10:46:02.925-06:00,168.064,5.4,83.0,0.0,15.6,wind_drone_20260929
2026-09-29T16:46:03.118Z,2026-09-29T16:46:03.000Z,2026-09-29T10:46:03.118-06:00,168.256,5.3,85.0,0.0,15.5,wind_drone_20260929
2026-09-29T16:46:03.325Z,2026-09-29T16:46:03.200Z,2026-09-29T10:46:03.325-06:00,168.464,5.2,87.0,0.0,15.5,wind_drone_20260929
2026-09-29T16:46:03.518Z,2026-09-29T16:46:03.400Z,2026-09-29T10:46:03.518-06:00,168.656,5.2,88.0,0.0,15.5,wind_drone_20260929
2026-09-29T16:46:03.725Z,2026-09-29T16:46:03.600Z,2026-09-29T10:46:03.725-06:00,168.863,5.3,88.0,0.0,15.5,wind_drone_20260929
2026-09-29T16:46:03.918Z,2026-09-29T16:46:03.800Z,2026-09-29T10:46:03.918-06:00,169.056,5.3,88.0,0.0,15.5,wind_drone_20260929
2026-09-29T16:46:04.125Z,2026-09-29T16:46:04.000Z,2026-09-29T10:46:04.125-06:00,169.263,5.4,84.0,0.0,15.5,wind_drone_20260929
2026-09-29T16:46:04.318Z,2026-09-29T16:46:04.200Z,2026-09-29T10:46:04.318-06:00,169.456,5.5,77.0,0.0,15.5,wind_drone_20260929
2026-09-29T16:46:04.525Z,2026-09-29T16:46:04.400Z,2026-09-29T10:46:04.525-06:00,169.663,5.5,79.0,0.0,15.5,wind_drone_20260929
2026-09-29T16:46:04.718Z,2026-09-29T16:46:04.600Z,2026-09-29T10:46:04.718-06:00,169.856,5.6,80.0,0.0,15.5,wind_drone_20260929
2026-09-29T16:46:04.925Z,2026-09-29T16:46:04.800Z,2026-09-29T10:46:04.925-06:00,170.063,5.7,80.0,0.0,15.5,wind_drone_20260929
2026-09-29T16:46:05.117Z,2026-09-29T16:46:05.000Z,2026-09-29T10:46:05.117-06:00,170.256,5.7,81.0,0.0,15.5,wind_drone_20260929
2026-09-29T16:46:05.325Z,2026-09-29T16:46:05.200Z,2026-09-29T10:46:05.325-06:00,170.463,5.6,81.0,0.0,15.5,wind_drone_20260929
2026-09-29T16:46:05.517Z,2026-09-29T16:46:05.400Z,2026-09-29T10:46:05.517-06:00,170.656,5.6,84.0,0.0,15.5,wind_drone_20260929
2026-09-29T16:46:05.724Z,2026-09-29T16:46:05.600Z,2026-09-29T10:46:05.724-06:00,170.863,5.7,87.0,0.0,15.5,wind_drone_20260929
2026-09-29T16:46:05.917Z,2026-09-29T16:46:05.800Z,2026-09-29T10:46:05.917-06:00,171.055,5.8,89.0,0.0,15.5,wind_drone_20260929
2026-09-29T16:46:06.125Z,2026-09-29T16:46:06.000Z,2026-09-29T10:46:06.125-06:00,171.263,6.0,94.0,0.0,15.5,wind_drone_20260929
2026-09-29T16:46:06.317Z,2026-09-29T16:46:06.200Z,2026-09-29T10:46:06.317-06:00,171.455,6.2,92.0,0.0,15.5,wind_drone_20260929
2026-09-29T16:46:06.524Z,2026-09-29T16:46:06.400Z,2026-09-29T10:46:06.524-06:00,171.662,6.3,96.0,0.0,15.5,wind_drone_20260929
2026-09-29T16:46:06.717Z,2026-09-29T16:46:06.600Z,2026-09-29T10:46:06.717-06:00,171.855,6.5,91.0,0.0,15.5,wind_drone_20260929
2026-09-29T16:46:06.924Z,2026-09-29T16:46:06.800Z,2026-09-29T10:46:06.924-06:00,172.062,6.6,90.0,0.0,15.5,wind_drone_20260929
2026-09-29T16:46:07.117Z,2026-09-29T16:46:07.000Z,2026-09-29T10:46:07.117-06:00,172.255,6.7,94.0,0.0,15.5,wind_drone_20260929
2026-09-29T16:46:07.324Z,2026-09-29T16:46:07.200Z,2026-09-29T10:46:07.324-06:00,172.462,6.6,89.0,0.0,15.5,wind_drone_20260929
2026-09-29T16:46:07.517Z,2026-09-29T16:46:07.400Z,2026-09-29T10:46:07.517-06:00,172.655,6.5,83.0,0.0,15.5,wind_drone_20260929
2026-09-29T16:46:07.724Z,2026-09-29T16:46:07.600Z,2026-09-29T10:46:07.724-06:00,172.862,6.4,82.0,0.0,15.5,wind_drone_20260929
2026-09-29T16:46:07.917Z,2026-09-29T16:46:07.800Z,2026-09-29T10:46:07.917-06:00,173.055,6.2,82.0,0.0,15.5,wind_drone_20260929
2026-09-29T16:46:08.124Z,2026-09-29T16:46:08.000Z,2026-09-29T10:46:08.124-06:00,173.262,6.0,83.0,0.0,15.5,wind_drone_20260929
2026-09-29T16:46:08.316Z,2026-09-29T16:46:08.200Z,2026-09-29T10:46:08.316-06:00,173.455,6.0,88.0,0.0,15.5,wind_drone_20260929
2026-09-29T16:46:08.523Z,2026-09-29T16:46:08.400Z,2026-09-29T10:46:08.523-06:00,173.662,6.1,86.0,0.0,15.5,wind_drone_20260929
2026-09-29T16:46:08.717Z,2026-09-29T16:46:08.600Z,2026-09-29T10:46:08.717-06:00,173.855,6.1,77.0,0.0,15.5,wind_drone_20260929
2026-09-29T16:46:08.923Z,2026-09-29T16:46:08.800Z,2026-09-29T10:46:08.923-06:00,174.062,6.1,77.0,0.0,15.5,wind_drone_20260929
2026-09-29T16:46:09.116Z,2026-09-29T16:46:09.000Z,2026-09-29T10:46:09.116-06:00,174.254,6.1,73.0,0.0,15.5,wind_drone_20260929
2026-09-29T16:46:09.323Z,2026-09-29T16:46:09.200Z,2026-09-29T10:46:09.323-06:00,174.462,6.1,72.0,0.0,15.5,wind_drone_20260929
2026-09-29T16:46:09.516Z,2026-09-29T16:46:09.400Z,2026-09-29T10:46:09.516-06:00,174.654,6.2,72.0,0.0,15.5,wind_drone_20260929
2026-09-29T16:46:09.723Z,2026-09-29T16:46:09.600Z,2026-09-29T10:46:09.723-06:00,174.861,6.3,72.0,0.0,15.5,wind_drone_20260929
2026-09-29T16:46:09.916Z,2026-09-29T16:46:09.800Z,2026-09-29T10:46:09.916-06:00,175.054,6.2,75.0,0.0,15.5,wind_drone_20260929
2026-09-29T16:46:10.123Z,2026-09-29T16:46:10.000Z,2026-09-29T10:46:10.123-06:00,175.261,6.1,74.0,0.0,15.5,wind_drone_20260929
2026-09-29T16:46:10.315Z,2026-09-29T16:46:10.200Z,2026-09-29T10:46:10.315-06:00,175.454,6.0,73.0,0.0,15.5,wind_drone_20260929
2026-09-29T16:46:10.523Z,2026-09-29T16:46:10.400Z,2026-09-29T10:46:10.523-06:00,175.661,6.0,74.0,0.0,15.5,wind_drone_20260929
2026-09-29T16:46:10.716Z,2026-09-29T16:46:10.600Z,2026-09-29T10:46:10.716-06:00,175.854,6.1,74.0,0.0,15.5,wind_drone_20260929
2026-09-29T16:46:10.923Z,2026-09-29T16:46:10.800Z,2026-09-29T10:46:10.923-06:00,176.061,6.0,73.0,0.0,15.5,wind_drone_20260929
2026-09-29T16:46:11.115Z,2026-09-29T16:46:11.000Z,2026-09-29T10:46:11.115-06:00,176.254,6.0,73.0,0.0,15.5,wind_drone_20260929
2026-09-29T16:46:11.323Z,2026-09-29T16:46:11.200Z,2026-09-29T10:46:11.323-06:00,176.461,5.9,75.0,0.0,15.5,wind_drone_20260929
2026-09-29T16:46:11.515Z,2026-09-29T16:46:11.400Z,2026-09-29T10:46:11.515-06:00,176.653,5.9,75.0,0.0,15.5,wind_drone_20260929
2026-09-29T16:46:11.722Z,2026-09-29T16:46:11.600Z,2026-09-29T10:46:11.722-06:00,176.86,5.9,75.0,0.0,15.5,wind_drone_20260929
2026-09-29T16:46:11.915Z,2026-09-29T16:46:11.800Z,2026-09-29T10:46:11.915-06:00,177.053,5.9,75.0,0.0,15.5,wind_drone_20260929
2026-09-29T16:46:12.123Z,2026-09-29T16:46:12.000Z,2026-09-29T10:46:12.123-06:00,177.261,5.8,74.0,0.0,15.5,wind_drone_20260929
2026-09-29T16:46:12.315Z,2026-09-29T16:46:12.200Z,2026-09-29T10:46:12.315-06:00,177.453,5.8,74.0,0.0,15.5,wind_drone_20260929
2026-09-29T16:46:12.522Z,2026-09-29T16:46:12.400Z,2026-09-29T10:46:12.522-06:00,177.66,5.9,77.0,0.0,15.5,wind_drone_20260929
2026-09-29T16:46:12.715Z,2026-09-29T16:46:12.600Z,2026-09-29T10:46:12.715-06:00,177.853,5.9,77.0,0.0,15.5,wind_drone_20260929
2026-09-29T16:46:12.922Z,2026-09-29T16:46:12.800Z,2026-09-29T10:46:12.922-06:00,178.06,5.9,78.0,0.0,15.5,wind_drone_20260929
2026-09-29T16:46:13.115Z,2026-09-29T16:46:13.000Z,2026-09-29T10:46:13.115-06:00,178.253,6.0,80.0,0.0,15.5,wind_drone_20260929
2026-09-29T16:46:13.322Z,2026-09-29T16:46:13.200Z,2026-09-29T10:46:13.322-06:00,178.46,6.0,81.0,0.0,15.5,wind_drone_20260929
2026-09-29T16:46:13.515Z,2026-09-29T16:46:13.400Z,2026-09-29T10:46:13.515-06:00,178.653,6.0,80.0,0.0,15.5,wind_drone_20260929
2026-09-29T16:46:13.722Z,2026-09-29T16:46:13.600Z,2026-09-29T10:46:13.722-06:00,178.86,6.0,83.0,0.0,15.5,wind_drone_20260929
2026-09-29T16:46:13.914Z,2026-09-29T16:46:13.800Z,2026-09-29T10:46:13.914-06:00,179.053,5.9,78.0,0.0,15.5,wind_drone_20260929
2026-09-29T16:46:14.122Z,2026-09-29T16:46:14.000Z,2026-09-29T10:46:14.122-06:00,179.26,5.8,79.0,0.0,15.5,wind_drone_20260929
2026-09-29T16:46:14.314Z,2026-09-29T16:46:14.200Z,2026-09-29T10:46:14.314-06:00,179.453,5.8,80.0,0.0,15.5,wind_drone_20260929
2026-09-29T16:46:14.522Z,2026-09-29T16:46:14.400Z,2026-09-29T10:46:14.522-06:00,179.66,5.8,83.0,0.0,15.5,wind_drone_20260929
2026-09-29T16:46:14.715Z,2026-09-29T16:46:14.600Z,2026-09-29T10:46:14.715-06:00,179.853,5.7,81.0,0.0,15.5,wind_drone_20260929
2026-09-29T16:46:14.921Z,2026-09-29T16:46:14.800Z,2026-09-29T10:46:14.921-06:00,180.059,5.8,82.0,0.0,15.5,wind_drone_20260929
2026-09-29T16:46:15.114Z,2026-09-29T16:46:15.000Z,2026-09-29T10:46:15.114-06:00,180.252,5.8,82.0,0.0,15.5,wind_drone_20260929
2026-09-29T16:46:15.321Z,2026-09-29T16:46:15.200Z,2026-09-29T10:46:15.321-06:00,180.459,5.8,81.0,0.0,15.5,wind_drone_20260929
2026-09-29T16:46:15.514Z,2026-09-29T16:46:15.400Z,2026-09-29T10:46:15.514-06:00,180.652,5.9,79.0,0.0,15.5,wind_drone_20260929
2026-09-29T16:46:15.721Z,2026-09-29T16:46:15.600Z,2026-09-29T10:46:15.721-06:00,180.859,5.9,74.0,0.0,15.5,wind_drone_20260929
2026-09-29T16:46:15.914Z,2026-09-29T16:46:15.800Z,2026-09-29T10:46:15.914-06:00,181.052,6.0,75.0,0.0,15.5,wind_drone_20260929
2026-09-29T16:46:16.121Z,2026-09-29T16:46:16.000Z,2026-09-29T10:46:16.121-06:00,181.259,6.2,75.0,0.0,15.5,wind_drone_20260929
2026-09-29T16:46:16.314Z,2026-09-29T16:46:16.200Z,2026-09-29T10:46:16.314-06:00,181.452,6.3,76.0,0.0,15.5,wind_drone_20260929
2026-09-29T16:46:16.521Z,2026-09-29T16:46:16.400Z,2026-09-29T10:46:16.521-06:00,181.659,6.4,70.0,0.0,15.5,wind_drone_20260929
2026-09-29T16:46:16.714Z,2026-09-29T16:46:16.600Z,2026-09-29T10:46:16.714-06:00,181.852,6.5,70.0,0.0,15.5,wind_drone_20260929
2026-09-29T16:46:16.920Z,2026-09-29T16:46:16.800Z,2026-09-29T10:46:16.920-06:00,182.059,6.6,68.0,0.0,15.5,wind_drone_20260929
2026-09-29T16:46:17.113Z,2026-09-29T16:46:17.000Z,2026-09-29T10:46:17.113-06:00,182.252,6.7,67.0,0.0,15.5,wind_drone_20260929
2026-09-29T16:46:17.321Z,2026-09-29T16:46:17.200Z,2026-09-29T10:46:17.321-06:00,182.459,6.7,68.0,0.0,15.5,wind_drone_20260929
2026-09-29T16:46:17.514Z,2026-09-29T16:46:17.400Z,2026-09-29T10:46:17.514-06:00,182.652,6.8,71.0,0.0,15.5,wind_drone_20260929
2026-09-29T16:46:17.720Z,2026-09-29T16:46:17.600Z,2026-09-29T10:46:17.720-06:00,182.858,6.8,72.0,0.0,15.5,wind_drone_20260929
2026-09-29T16:46:17.913Z,2026-09-29T16:46:17.800Z,2026-09-29T10:46:17.913-06:00,183.051,6.8,73.0,0.0,15.5,wind_drone_20260929
2026-09-29T16:46:18.120Z,2026-09-29T16:46:18.000Z,2026-09-29T10:46:18.120-06:00,183.259,6.8,81.0,0.0,15.5,wind_drone_20260929
2026-09-29T16:46:18.327Z,2026-09-29T16:46:18.200Z,2026-09-29T10:46:18.327-06:00,183.466,6.9,75.0,0.0,15.5,wind_drone_20260929
2026-09-29T16:46:18.520Z,2026-09-29T16:46:18.400Z,2026-09-29T10:46:18.520-06:00,183.658,7.1,78.0,0.0,15.5,wind_drone_20260929
2026-09-29T16:46:18.727Z,2026-09-29T16:46:18.600Z,2026-09-29T10:46:18.727-06:00,183.865,7.2,77.0,0.0,15.5,wind_drone_20260929
2026-09-29T16:46:18.920Z,2026-09-29T16:46:18.800Z,2026-09-29T10:46:18.920-06:00,184.058,7.3,76.0,0.0,15.5,wind_drone_20260929
2026-09-29T16:46:19.127Z,2026-09-29T16:46:19.000Z,2026-09-29T10:46:19.127-06:00,184.265,7.3,76.0,0.0,15.4,wind_drone_20260929
2026-09-29T16:46:19.320Z,2026-09-29T16:46:19.200Z,2026-09-29T10:46:19.320-06:00,184.458,7.3,80.0,0.0,15.4,wind_drone_20260929
2026-09-29T16:46:19.527Z,2026-09-29T16:46:19.400Z,2026-09-29T10:46:19.527-06:00,184.665,7.3,76.0,0.0,15.4,wind_drone_20260929
2026-09-29T16:46:19.720Z,2026-09-29T16:46:19.600Z,2026-09-29T10:46:19.720-06:00,184.858,7.1,75.0,0.0,15.4,wind_drone_20260929
2026-09-29T16:46:19.927Z,2026-09-29T16:46:19.800Z,2026-09-29T10:46:19.927-06:00,185.065,6.9,74.0,0.0,15.4,wind_drone_20260929
2026-09-29T16:46:20.120Z,2026-09-29T16:46:20.000Z,2026-09-29T10:46:20.120-06:00,185.258,6.7,73.0,0.0,15.4,wind_drone_20260929
2026-09-29T16:46:20.327Z,2026-09-29T16:46:20.200Z,2026-09-29T10:46:20.327-06:00,185.465,6.6,80.0,0.0,15.4,wind_drone_20260929
2026-09-29T16:46:20.519Z,2026-09-29T16:46:20.400Z,2026-09-29T10:46:20.519-06:00,185.658,6.5,78.0,0.0,15.4,wind_drone_20260929
2026-09-29T16:46:20.726Z,2026-09-29T16:46:20.600Z,2026-09-29T10:46:20.726-06:00,185.865,6.3,73.0,0.0,15.4,wind_drone_20260929
2026-09-29T16:46:20.919Z,2026-09-29T16:46:20.800Z,2026-09-29T10:46:20.919-06:00,186.057,6.3,73.0,0.0,15.4,wind_drone_20260929
2026-09-29T16:46:21.126Z,2026-09-29T16:46:21.000Z,2026-09-29T10:46:21.126-06:00,186.265,6.3,77.0,0.0,15.4,wind_drone_20260929
2026-09-29T16:46:21.319Z,2026-09-29T16:46:21.200Z,2026-09-29T10:46:21.319-06:00,186.457,6.3,75.0,0.0,15.4,wind_drone_20260929
2026-09-29T16:46:21.526Z,2026-09-29T16:46:21.400Z,2026-09-29T10:46:21.526-06:00,186.665,6.2,82.0,0.0,15.4,wind_drone_20260929
2026-09-29T16:46:21.719Z,2026-09-29T16:46:21.600Z,2026-09-29T10:46:21.719-06:00,186.857,6.1,83.0,0.0,15.4,wind_drone_20260929
2026-09-29T16:46:21.926Z,2026-09-29T16:46:21.800Z,2026-09-29T10:46:21.926-06:00,187.064,6.0,75.0,0.0,15.4,wind_drone_20260929
2026-09-29T16:46:22.119Z,2026-09-29T16:46:22.000Z,2026-09-29T10:46:22.119-06:00,187.257,6.0,78.0,0.0,15.4,wind_drone_20260929
2026-09-29T16:46:22.326Z,2026-09-29T16:46:22.200Z,2026-09-29T10:46:22.326-06:00,187.464,6.1,81.0,0.0,15.4,wind_drone_20260929
2026-09-29T16:46:22.519Z,2026-09-29T16:46:22.400Z,2026-09-29T10:46:22.519-06:00,187.657,6.1,80.0,0.0,15.4,wind_drone_20260929
2026-09-29T16:46:22.726Z,2026-09-29T16:46:22.600Z,2026-09-29T10:46:22.726-06:00,187.864,6.1,76.0,0.0,15.4,wind_drone_20260929
2026-09-29T16:46:22.918Z,2026-09-29T16:46:22.800Z,2026-09-29T10:46:22.918-06:00,188.057,6.2,73.0,0.0,15.4,wind_drone_20260929
2026-09-29T16:46:23.126Z,2026-09-29T16:46:23.000Z,2026-09-29T10:46:23.126-06:00,188.264,6.4,78.0,0.0,15.4,wind_drone_20260929
2026-09-29T16:46:23.319Z,2026-09-29T16:46:23.200Z,2026-09-29T10:46:23.319-06:00,188.457,6.6,80.0,0.0,15.4,wind_drone_20260929
2026-09-29T16:46:23.526Z,2026-09-29T16:46:23.400Z,2026-09-29T10:46:23.526-06:00,188.664,6.8,77.0,0.0,15.4,wind_drone_20260929
2026-09-29T16:46:23.718Z,2026-09-29T16:46:23.600Z,2026-09-29T10:46:23.718-06:00,188.856,6.9,73.0,0.0,15.4,wind_drone_20260929
2026-09-29T16:46:23.925Z,2026-09-29T16:46:23.800Z,2026-09-29T10:46:23.925-06:00,189.064,6.9,73.0,0.0,15.4,wind_drone_20260929
2026-09-29T16:46:24.118Z,2026-09-29T16:46:24.000Z,2026-09-29T10:46:24.118-06:00,189.256,6.8,71.0,0.0,15.4,wind_drone_20260929
2026-09-29T16:46:24.325Z,2026-09-29T16:46:24.200Z,2026-09-29T10:46:24.325-06:00,189.463,6.8,66.0,0.0,15.4,wind_drone_20260929
2026-09-29T16:46:24.518Z,2026-09-29T16:46:24.400Z,2026-09-29T10:46:24.518-06:00,189.656,6.8,70.0,0.0,15.4,wind_drone_20260929
2026-09-29T16:46:24.725Z,2026-09-29T16:46:24.600Z,2026-09-29T10:46:24.725-06:00,189.863,6.8,71.0,0.0,15.4,wind_drone_20260929
2026-09-29T16:46:24.918Z,2026-09-29T16:46:24.800Z,2026-09-29T10:46:24.918-06:00,190.056,6.7,71.0,0.0,15.4,wind_drone_20260929
2026-09-29T16:46:25.125Z,2026-09-29T16:46:25.000Z,2026-09-29T10:46:25.125-06:00,190.263,6.7,73.0,0.0,15.4,wind_drone_20260929
2026-09-29T16:46:25.318Z,2026-09-29T16:46:25.200Z,2026-09-29T10:46:25.318-06:00,190.456,6.7,74.0,0.0,15.4,wind_drone_20260929
2026-09-29T16:46:25.525Z,2026-09-29T16:46:25.400Z,2026-09-29T10:46:25.525-06:00,190.663,6.7,74.0,0.0,15.4,wind_drone_20260929
2026-09-29T16:46:25.717Z,2026-09-29T16:46:25.600Z,2026-09-29T10:46:25.717-06:00,190.856,6.7,77.0,0.0,15.4,wind_drone_20260929
2026-09-29T16:46:25.925Z,2026-09-29T16:46:25.800Z,2026-09-29T10:46:25.925-06:00,191.063,6.8,76.0,0.0,15.4,wind_drone_20260929
2026-09-29T16:46:26.117Z,2026-09-29T16:46:26.000Z,2026-09-29T10:46:26.117-06:00,191.256,6.8,77.0,0.0,15.4,wind_drone_20260929
2026-09-29T16:46:26.325Z,2026-09-29T16:46:26.200Z,2026-09-29T10:46:26.325-06:00,191.463,6.8,75.0,0.0,15.4,wind_drone_20260929
2026-09-29T16:46:26.517Z,2026-09-29T16:46:26.400Z,2026-09-29T10:46:26.517-06:00,191.655,6.8,75.0,0.0,15.4,wind_drone_20260929
2026-09-29T16:46:26.724Z,2026-09-29T16:46:26.600Z,2026-09-29T10:46:26.724-06:00,191.863,6.7,78.0,0.0,15.4,wind_drone_20260929
2026-09-29T16:46:26.917Z,2026-09-29T16:46:26.800Z,2026-09-29T10:46:26.917-06:00,192.055,6.7,78.0,0.0,15.4,wind_drone_20260929
2026-09-29T16:46:27.124Z,2026-09-29T16:46:27.000Z,2026-09-29T10:46:27.124-06:00,192.263,6.8,77.0,0.0,15.4,wind_drone_20260929
2026-09-29T16:46:27.317Z,2026-09-29T16:46:27.200Z,2026-09-29T10:46:27.317-06:00,192.456,6.7,80.0,0.0,15.4,wind_drone_20260929
2026-09-29T16:46:27.524Z,2026-09-29T16:46:27.400Z,2026-09-29T10:46:27.524-06:00,192.662,6.6,76.0,0.0,15.4,wind_drone_20260929
2026-09-29T16:46:27.717Z,2026-09-29T16:46:27.600Z,2026-09-29T10:46:27.717-06:00,192.855,6.5,78.0,0.0,15.4,wind_drone_20260929
2026-09-29T16:46:27.924Z,2026-09-29T16:46:27.800Z,2026-09-29T10:46:27.924-06:00,193.062,6.6,82.0,0.0,15.4,wind_drone_20260929
2026-09-29T16:46:28.117Z,2026-09-29T16:46:28.000Z,2026-09-29T10:46:28.117-06:00,193.255,6.6,82.0,0.0,15.4,wind_drone_20260929
2026-09-29T16:46:28.324Z,2026-09-29T16:46:28.200Z,2026-09-29T10:46:28.324-06:00,193.462,6.5,78.0,0.0,15.4,wind_drone_20260929
2026-09-29T16:46:28.517Z,2026-09-29T16:46:28.400Z,2026-09-29T10:46:28.517-06:00,193.655,6.5,76.0,0.0,15.4,wind_drone_20260929
2026-09-29T16:46:28.724Z,2026-09-29T16:46:28.600Z,2026-09-29T10:46:28.724-06:00,193.862,6.4,76.0,0.0,15.4,wind_drone_20260929
2026-09-29T16:46:28.916Z,2026-09-29T16:46:28.800Z,2026-09-29T10:46:28.916-06:00,194.055,6.4,75.0,0.0,15.4,wind_drone_20260929
2026-09-29T16:46:29.124Z,2026-09-29T16:46:29.000Z,2026-09-29T10:46:29.124-06:00,194.262,6.5,73.0,0.0,15.4,wind_drone_20260929
2026-09-29T16:46:29.316Z,2026-09-29T16:46:29.200Z,2026-09-29T10:46:29.316-06:00,194.454,6.6,74.0,0.0,15.4,wind_drone_20260929
2026-09-29T16:46:29.524Z,2026-09-29T16:46:29.400Z,2026-09-29T10:46:29.524-06:00,194.662,6.6,73.0,0.0,15.4,wind_drone_20260929
2026-09-29T16:46:29.716Z,2026-09-29T16:46:29.600Z,2026-09-29T10:46:29.716-06:00,194.854,6.6,75.0,0.0,15.4,wind_drone_20260929
2026-09-29T16:46:29.923Z,2026-09-29T16:46:29.800Z,2026-09-29T10:46:29.923-06:00,195.062,6.6,74.0,0.0,15.4,wind_drone_20260929
2026-09-29T16:46:30.116Z,2026-09-29T16:46:30.000Z,2026-09-29T10:46:30.116-06:00,195.254,6.6,74.0,0.0,15.4,wind_drone_20260929
2026-09-29T16:46:30.323Z,2026-09-29T16:46:30.200Z,2026-09-29T10:46:30.323-06:00,195.462,6.5,75.0,0.0,15.4,wind_drone_20260929
2026-09-29T16:46:30.516Z,2026-09-29T16:46:30.400Z,2026-09-29T10:46:30.516-06:00,195.654,6.5,73.0,0.0,15.4,wind_drone_20260929
2026-09-29T16:46:30.723Z,2026-09-29T16:46:30.600Z,2026-09-29T10:46:30.723-06:00,195.861,6.4,73.0,0.0,15.4,wind_drone_20260929
2026-09-29T16:46:30.916Z,2026-09-29T16:46:30.800Z,2026-09-29T10:46:30.916-06:00,196.054,6.4,71.0,0.0,15.4,wind_drone_20260929
2026-09-29T16:46:31.123Z,2026-09-29T16:46:31.000Z,2026-09-29T10:46:31.123-06:00,196.261,6.4,73.0,0.0,15.4,wind_drone_20260929
2026-09-29T16:46:31.316Z,2026-09-29T16:46:31.200Z,2026-09-29T10:46:31.316-06:00,196.454,6.3,73.0,0.0,15.4,wind_drone_20260929
2026-09-29T16:46:31.523Z,2026-09-29T16:46:31.400Z,2026-09-29T10:46:31.523-06:00,196.661,6.3,70.0,0.0,15.4,wind_drone_20260929
2026-09-29T16:46:31.716Z,2026-09-29T16:46:31.600Z,2026-09-29T10:46:31.716-06:00,196.854,6.2,68.0,0.0,15.4,wind_drone_20260929
2026-09-29T16:46:31.923Z,2026-09-29T16:46:31.800Z,2026-09-29T10:46:31.923-06:00,197.061,6.2,73.0,0.0,15.4,wind_drone_20260929
2026-09-29T16:46:32.115Z,2026-09-29T16:46:32.000Z,2026-09-29T10:46:32.115-06:00,197.253,6.1,76.0,0.0,15.4,wind_drone_20260929
2026-09-29T16:46:32.323Z,2026-09-29T16:46:32.200Z,2026-09-29T10:46:32.323-06:00,197.461,6.0,76.0,0.0,15.4,wind_drone_20260929
2026-09-29T16:46:32.515Z,2026-09-29T16:46:32.400Z,2026-09-29T10:46:32.515-06:00,197.653,5.9,75.0,0.0,15.4,wind_drone_20260929
2026-09-29T16:46:32.722Z,2026-09-29T16:46:32.600Z,2026-09-29T10:46:32.722-06:00,197.861,5.8,73.0,0.0,15.4,wind_drone_20260929
2026-09-29T16:46:32.915Z,2026-09-29T16:46:32.800Z,2026-09-29T10:46:32.915-06:00,198.053,5.8,72.0,0.0,15.4,wind_drone_20260929
2026-09-29T16:46:33.122Z,2026-09-29T16:46:33.000Z,2026-09-29T10:46:33.122-06:00,198.261,5.7,78.0,0.0,15.4,wind_drone_20260929
2026-09-29T16:46:33.315Z,2026-09-29T16:46:33.200Z,2026-09-29T10:46:33.315-06:00,198.453,5.7,73.0,0.0,15.4,wind_drone_20260929
2026-09-29T16:46:33.522Z,2026-09-29T16:46:33.400Z,2026-09-29T10:46:33.522-06:00,198.66,5.7,71.0,0.0,15.4,wind_drone_20260929
2026-09-29T16:46:33.715Z,2026-09-29T16:46:33.600Z,2026-09-29T10:46:33.715-06:00,198.853,5.7,70.0,0.0,15.4,wind_drone_20260929
2026-09-29T16:46:33.922Z,2026-09-29T16:46:33.800Z,2026-09-29T10:46:33.922-06:00,199.06,5.7,69.0,0.0,15.4,wind_drone_20260929
2026-09-29T16:46:34.115Z,2026-09-29T16:46:34.000Z,2026-09-29T10:46:34.115-06:00,199.253,5.8,68.0,0.0,15.4,wind_drone_20260929
2026-09-29T16:46:34.322Z,2026-09-29T16:46:34.200Z,2026-09-29T10:46:34.322-06:00,199.46,5.8,66.0,0.0,15.4,wind_drone_20260929
2026-09-29T16:46:34.515Z,2026-09-29T16:46:34.400Z,2026-09-29T10:46:34.515-06:00,199.653,5.7,70.0,0.0,15.4,wind_drone_20260929
2026-09-29T16:46:34.722Z,2026-09-29T16:46:34.600Z,2026-09-29T10:46:34.722-06:00,199.86,5.7,77.0,0.0,15.4,wind_drone_20260929
2026-09-29T16:46:34.915Z,2026-09-29T16:46:34.800Z,2026-09-29T10:46:34.915-06:00,200.053,5.8,80.0,0.0,15.4,wind_drone_20260929
2026-09-29T16:46:35.122Z,2026-09-29T16:46:35.000Z,2026-09-29T10:46:35.122-06:00,200.26,5.8,83.0,0.0,15.4,wind_drone_20260929
2026-09-29T16:46:35.315Z,2026-09-29T16:46:35.200Z,2026-09-29T10:46:35.315-06:00,200.453,5.8,83.0,0.0,15.4,wind_drone_20260929
2026-09-29T16:46:35.521Z,2026-09-29T16:46:35.400Z,2026-09-29T10:46:35.521-06:00,200.66,5.8,82.0,0.0,15.4,wind_drone_20260929
2026-09-29T16:46:35.715Z,2026-09-29T16:46:35.600Z,2026-09-29T10:46:35.715-06:00,200.853,5.8,82.0,0.0,15.4,wind_drone_20260929
2026-09-29T16:46:35.921Z,2026-09-29T16:46:35.800Z,2026-09-29T10:46:35.921-06:00,201.06,5.9,82.0,0.0,15.4,wind_drone_20260929
2026-09-29T16:46:36.114Z,2026-09-29T16:46:36.000Z,2026-09-29T10:46:36.114-06:00,201.253,6.1,80.0,0.0,15.4,wind_drone_20260929
2026-09-29T16:46:36.321Z,2026-09-29T16:46:36.200Z,2026-09-29T10:46:36.321-06:00,201.459,6.2,86.0,0.0,15.4,wind_drone_20260929
2026-09-29T16:46:36.514Z,2026-09-29T16:46:36.400Z,2026-09-29T10:46:36.514-06:00,201.652,6.3,80.0,0.0,15.4,wind_drone_20260929
2026-09-29T16:46:36.721Z,2026-09-29T16:46:36.600Z,2026-09-29T10:46:36.721-06:00,201.859,6.3,77.0,0.0,15.4,wind_drone_20260929
2026-09-29T16:46:36.914Z,2026-09-29T16:46:36.800Z,2026-09-29T10:46:36.914-06:00,202.052,6.4,75.0,0.0,15.4,wind_drone_20260929
2026-09-29T16:46:37.121Z,2026-09-29T16:46:37.000Z,2026-09-29T10:46:37.121-06:00,202.259,6.5,75.0,0.0,15.4,wind_drone_20260929
2026-09-29T16:46:37.314Z,2026-09-29T16:46:37.200Z,2026-09-29T10:46:37.314-06:00,202.452,6.7,74.0,0.0,15.4,wind_drone_20260929
2026-09-29T16:46:37.521Z,2026-09-29T16:46:37.400Z,2026-09-29T10:46:37.521-06:00,202.659,6.7,75.0,0.0,15.4,wind_drone_20260929
2026-09-29T16:46:37.714Z,2026-09-29T16:46:37.600Z,2026-09-29T10:46:37.714-06:00,202.852,6.7,72.0,0.0,15.4,wind_drone_20260929
2026-09-29T16:46:37.921Z,2026-09-29T16:46:37.800Z,2026-09-29T10:46:37.921-06:00,203.059,6.7,74.0,0.0,15.4,wind_drone_20260929
2026-09-29T16:46:38.114Z,2026-09-29T16:46:38.000Z,2026-09-29T10:46:38.114-06:00,203.252,6.7,73.0,0.0,15.4,wind_drone_20260929
2026-09-29T16:46:38.321Z,2026-09-29T16:46:38.200Z,2026-09-29T10:46:38.321-06:00,203.459,6.7,76.0,0.0,15.4,wind_drone_20260929
2026-09-29T16:46:38.514Z,2026-09-29T16:46:38.400Z,2026-09-29T10:46:38.514-06:00,203.652,6.6,74.0,0.0,15.4,wind_drone_20260929
2026-09-29T16:46:38.721Z,2026-09-29T16:46:38.600Z,2026-09-29T10:46:38.721-06:00,203.859,6.6,76.0,0.0,15.4,wind_drone_20260929
2026-09-29T16:46:38.914Z,2026-09-29T16:46:38.800Z,2026-09-29T10:46:38.914-06:00,204.052,6.5,77.0,0.0,15.3,wind_drone_20260929
2026-09-29T16:46:39.120Z,2026-09-29T16:46:39.000Z,2026-09-29T10:46:39.120-06:00,204.259,6.4,77.0,0.0,15.3,wind_drone_20260929
2026-09-29T16:46:39.327Z,2026-09-29T16:46:39.200Z,2026-09-29T10:46:39.327-06:00,204.466,6.3,85.0,0.0,15.3,wind_drone_20260929
2026-09-29T16:46:39.520Z,2026-09-29T16:46:39.400Z,2026-09-29T10:46:39.520-06:00,204.658,6.2,89.0,0.0,15.3,wind_drone_20260929
2026-09-29T16:46:39.727Z,2026-09-29T16:46:39.600Z,2026-09-29T10:46:39.727-06:00,204.866,6.1,84.0,0.0,15.3,wind_drone_20260929
2026-09-29T16:46:39.920Z,2026-09-29T16:46:39.800Z,2026-09-29T10:46:39.920-06:00,205.058,6.0,83.0,0.0,15.3,wind_drone_20260929
2026-09-29T16:46:40.127Z,2026-09-29T16:46:40.000Z,2026-09-29T10:46:40.127-06:00,205.265,5.9,86.0,0.0,15.3,wind_drone_20260929
2026-09-29T16:46:40.320Z,2026-09-29T16:46:40.200Z,2026-09-29T10:46:40.320-06:00,205.458,5.8,87.0,0.0,15.3,wind_drone_20260929
2026-09-29T16:46:40.527Z,2026-09-29T16:46:40.400Z,2026-09-29T10:46:40.527-06:00,205.665,5.7,92.0,0.0,15.3,wind_drone_20260929
2026-09-29T16:46:40.720Z,2026-09-29T16:46:40.600Z,2026-09-29T10:46:40.720-06:00,205.858,5.6,90.0,0.0,15.3,wind_drone_20260929
2026-09-29T16:46:40.927Z,2026-09-29T16:46:40.800Z,2026-09-29T10:46:40.927-06:00,206.065,5.5,88.0,0.0,15.3,wind_drone_20260929
2026-09-29T16:46:41.119Z,2026-09-29T16:46:41.000Z,2026-09-29T10:46:41.119-06:00,206.258,5.4,85.0,0.0,15.3,wind_drone_20260929
2026-09-29T16:46:41.327Z,2026-09-29T16:46:41.200Z,2026-09-29T10:46:41.327-06:00,206.465,5.4,85.0,0.0,15.3,wind_drone_20260929
2026-09-29T16:46:41.520Z,2026-09-29T16:46:41.400Z,2026-09-29T10:46:41.520-06:00,206.658,5.4,84.0,0.0,15.3,wind_drone_20260929
2026-09-29T16:46:41.727Z,2026-09-29T16:46:41.600Z,2026-09-29T10:46:41.727-06:00,206.865,5.5,86.0,0.0,15.3,wind_drone_20260929
2026-09-29T16:46:41.919Z,2026-09-29T16:46:41.800Z,2026-09-29T10:46:41.919-06:00,207.057,5.6,86.0,0.0,15.3,wind_drone_20260929
2026-09-29T16:46:42.127Z,2026-09-29T16:46:42.000Z,2026-09-29T10:46:42.127-06:00,207.265,5.8,82.0,0.0,15.3,wind_drone_20260929
2026-09-29T16:46:42.319Z,2026-09-29T16:46:42.200Z,2026-09-29T10:46:42.319-06:00,207.457,6.0,80.0,0.0,15.3,wind_drone_20260929
2026-09-29T16:46:42.526Z,2026-09-29T16:46:42.400Z,2026-09-29T10:46:42.526-06:00,207.664,6.3,78.0,0.0,15.3,wind_drone_20260929
2026-09-29T16:46:42.719Z,2026-09-29T16:46:42.600Z,2026-09-29T10:46:42.719-06:00,207.857,6.5,79.0,0.0,15.3,wind_drone_20260929
2026-09-29T16:46:42.926Z,2026-09-29T16:46:42.800Z,2026-09-29T10:46:42.926-06:00,208.064,6.7,78.0,0.0,15.3,wind_drone_20260929
2026-09-29T16:46:43.119Z,2026-09-29T16:46:43.000Z,2026-09-29T10:46:43.119-06:00,208.257,6.8,76.0,0.0,15.3,wind_drone_20260929
2026-09-29T16:46:43.326Z,2026-09-29T16:46:43.200Z,2026-09-29T10:46:43.326-06:00,208.464,6.9,81.0,0.0,15.3,wind_drone_20260929
2026-09-29T16:46:43.519Z,2026-09-29T16:46:43.400Z,2026-09-29T10:46:43.519-06:00,208.657,6.9,80.0,0.0,15.3,wind_drone_20260929
2026-09-29T16:46:43.726Z,2026-09-29T16:46:43.600Z,2026-09-29T10:46:43.726-06:00,208.864,7.0,82.0,0.0,15.3,wind_drone_20260929
2026-09-29T16:46:43.919Z,2026-09-29T16:46:43.800Z,2026-09-29T10:46:43.919-06:00,209.057,7.0,81.0,0.0,15.3,wind_drone_20260929
2026-09-29T16:46:44.126Z,2026-09-29T16:46:44.000Z,2026-09-29T10:46:44.126-06:00,209.264,7.0,77.0,0.0,15.3,wind_drone_20260929
2026-09-29T16:46:44.318Z,2026-09-29T16:46:44.200Z,2026-09-29T10:46:44.318-06:00,209.457,6.9,78.0,0.0,15.3,wind_drone_20260929
2026-09-29T16:46:44.526Z,2026-09-29T16:46:44.400Z,2026-09-29T10:46:44.526-06:00,209.664,6.8,80.0,0.0,15.3,wind_drone_20260929
2026-09-29T16:46:44.718Z,2026-09-29T16:46:44.600Z,2026-09-29T10:46:44.718-06:00,209.856,6.8,83.0,0.0,15.3,wind_drone_20260929
2026-09-29T16:46:44.926Z,2026-09-29T16:46:44.800Z,2026-09-29T10:46:44.926-06:00,210.064,6.8,82.0,0.0,15.3,wind_drone_20260929
2026-09-29T16:46:45.118Z,2026-09-29T16:46:45.000Z,2026-09-29T10:46:45.118-06:00,210.256,6.7,81.0,0.0,15.3,wind_drone_20260929
2026-09-29T16:46:45.325Z,2026-09-29T16:46:45.200Z,2026-09-29T10:46:45.325-06:00,210.464,6.7,78.0,0.0,15.3,wind_drone_20260929
2026-09-29T16:46:45.518Z,2026-09-29T16:46:45.400Z,2026-09-29T10:46:45.518-06:00,210.656,6.6,78.0,0.0,15.3,wind_drone_20260929
2026-09-29T16:46:45.725Z,2026-09-29T16:46:45.600Z,2026-09-29T10:46:45.725-06:00,210.863,6.6,76.0,0.0,15.3,wind_drone_20260929
2026-09-29T16:46:45.918Z,2026-09-29T16:46:45.800Z,2026-09-29T10:46:45.918-06:00,211.056,6.6,78.0,0.0,15.3,wind_drone_20260929
2026-09-29T16:46:46.125Z,2026-09-29T16:46:46.000Z,2026-09-29T10:46:46.125-06:00,211.263,6.6,77.0,0.0,15.3,wind_drone_20260929
2026-09-29T16:46:46.318Z,2026-09-29T16:46:46.200Z,2026-09-29T10:46:46.318-06:00,211.456,6.6,73.0,0.0,15.3,wind_drone_20260929
2026-09-29T16:46:46.525Z,2026-09-29T16:46:46.400Z,2026-09-29T10:46:46.525-06:00,211.663,6.7,76.0,0.0,15.3,wind_drone_20260929
2026-09-29T16:46:46.718Z,2026-09-29T16:46:46.600Z,2026-09-29T10:46:46.718-06:00,211.856,6.8,78.0,0.0,15.3,wind_drone_20260929
2026-09-29T16:46:46.925Z,2026-09-29T16:46:46.800Z,2026-09-29T10:46:46.925-06:00,212.063,6.8,78.0,0.0,15.3,wind_drone_20260929
2026-09-29T16:46:47.117Z,2026-09-29T16:46:47.000Z,2026-09-29T10:46:47.117-06:00,212.256,6.9,75.0,0.0,15.3,wind_drone_20260929
2026-09-29T16:46:47.325Z,2026-09-29T16:46:47.200Z,2026-09-29T10:46:47.325-06:00,212.463,6.9,74.0,0.0,15.3,wind_drone_20260929
2026-09-29T16:46:47.517Z,2026-09-29T16:46:47.400Z,2026-09-29T10:46:47.517-06:00,212.655,7.1,77.0,0.0,15.3,wind_drone_20260929
2026-09-29T16:46:47.725Z,2026-09-29T16:46:47.600Z,2026-09-29T10:46:47.725-06:00,212.863,7.2,75.0,0.0,15.3,wind_drone_20260929
2026-09-29T16:46:47.917Z,2026-09-29T16:46:47.800Z,2026-09-29T10:46:47.917-06:00,213.055,7.3,72.0,0.0,15.3,wind_drone_20260929
2026-09-29T16:46:48.124Z,2026-09-29T16:46:48.000Z,2026-09-29T10:46:48.124-06:00,213.262,7.4,71.0,0.0,15.3,wind_drone_20260929
2026-09-29T16:46:48.317Z,2026-09-29T16:46:48.200Z,2026-09-29T10:46:48.317-06:00,213.455,7.4,71.0,0.0,15.3,wind_drone_20260929
2026-09-29T16:46:48.524Z,2026-09-29T16:46:48.400Z,2026-09-29T10:46:48.524-06:00,213.662,7.4,72.0,0.0,15.3,wind_drone_20260929
2026-09-29T16:46:48.717Z,2026-09-29T16:46:48.600Z,2026-09-29T10:46:48.717-06:00,213.855,7.4,73.0,0.0,15.3,wind_drone_20260929
2026-09-29T16:46:48.924Z,2026-09-29T16:46:48.800Z,2026-09-29T10:46:48.924-06:00,214.062,7.3,72.0,0.0,15.3,wind_drone_20260929
2026-09-29T16:46:49.117Z,2026-09-29T16:46:49.000Z,2026-09-29T10:46:49.117-06:00,214.255,7.2,73.0,0.0,15.3,wind_drone_20260929
2026-09-29T16:46:49.324Z,2026-09-29T16:46:49.200Z,2026-09-29T10:46:49.324-06:00,214.462,7.0,70.0,0.0,15.3,wind_drone_20260929
2026-09-29T16:46:49.517Z,2026-09-29T16:46:49.400Z,2026-09-29T10:46:49.517-06:00,214.655,6.9,71.0,0.0,15.3,wind_drone_20260929
2026-09-29T16:46:49.724Z,2026-09-29T16:46:49.600Z,2026-09-29T10:46:49.724-06:00,214.862,6.7,71.0,0.0,15.3,wind_drone_20260929
2026-09-29T16:46:49.916Z,2026-09-29T16:46:49.800Z,2026-09-29T10:46:49.916-06:00,215.055,6.6,71.0,0.0,15.3,wind_drone_20260929
2026-09-29T16:46:50.124Z,2026-09-29T16:46:50.000Z,2026-09-29T10:46:50.124-06:00,215.262,6.5,71.0,0.0,15.3,wind_drone_20260929
2026-09-29T16:46:50.316Z,2026-09-29T16:46:50.200Z,2026-09-29T10:46:50.316-06:00,215.455,6.5,73.0,0.0,15.3,wind_drone_20260929
2026-09-29T16:46:50.524Z,2026-09-29T16:46:50.400Z,2026-09-29T10:46:50.524-06:00,215.662,6.4,76.0,0.0,15.3,wind_drone_20260929
2026-09-29T16:46:50.716Z,2026-09-29T16:46:50.600Z,2026-09-29T10:46:50.716-06:00,215.854,6.4,77.0,0.0,15.3,wind_drone_20260929
2026-09-29T16:46:50.923Z,2026-09-29T16:46:50.800Z,2026-09-29T10:46:50.923-06:00,216.062,6.4,75.0,0.0,15.3,wind_drone_20260929
2026-09-29T16:46:51.116Z,2026-09-29T16:46:51.000Z,2026-09-29T10:46:51.116-06:00,216.254,6.4,74.0,0.0,15.3,wind_drone_20260929
2026-09-29T16:46:51.323Z,2026-09-29T16:46:51.200Z,2026-09-29T10:46:51.323-06:00,216.461,6.5,74.0,0.0,15.3,wind_drone_20260929
2026-09-29T16:46:51.516Z,2026-09-29T16:46:51.400Z,2026-09-29T10:46:51.516-06:00,216.654,6.4,77.0,0.0,15.3,wind_drone_20260929
2026-09-29T16:46:51.723Z,2026-09-29T16:46:51.600Z,2026-09-29T10:46:51.723-06:00,216.861,6.3,76.0,0.0,15.3,wind_drone_20260929
2026-09-29T16:46:51.916Z,2026-09-29T16:46:51.800Z,2026-09-29T10:46:51.916-06:00,217.054,6.2,72.0,0.0,15.3,wind_drone_20260929
2026-09-29T16:46:52.123Z,2026-09-29T16:46:52.000Z,2026-09-29T10:46:52.123-06:00,217.261,6.0,71.0,0.0,15.3,wind_drone_20260929
2026-09-29T16:46:52.316Z,2026-09-29T16:46:52.200Z,2026-09-29T10:46:52.316-06:00,217.454,5.9,73.0,0.0,15.3,wind_drone_20260929
2026-09-29T16:46:52.523Z,2026-09-29T16:46:52.400Z,2026-09-29T10:46:52.523-06:00,217.661,5.8,74.0,0.0,15.3,wind_drone_20260929
2026-09-29T16:46:52.715Z,2026-09-29T16:46:52.600Z,2026-09-29T10:46:52.715-06:00,217.853,5.8,74.0,0.0,15.3,wind_drone_20260929
2026-09-29T16:46:52.923Z,2026-09-29T16:46:52.800Z,2026-09-29T10:46:52.923-06:00,218.061,5.8,78.0,0.0,15.3,wind_drone_20260929
2026-09-29T16:46:53.115Z,2026-09-29T16:46:53.000Z,2026-09-29T10:46:53.115-06:00,218.254,5.8,77.0,0.0,15.3,wind_drone_20260929
2026-09-29T16:46:53.323Z,2026-09-29T16:46:53.200Z,2026-09-29T10:46:53.323-06:00,218.461,5.8,74.0,0.0,15.3,wind_drone_20260929
2026-09-29T16:46:53.515Z,2026-09-29T16:46:53.400Z,2026-09-29T10:46:53.515-06:00,218.653,5.9,71.0,0.0,15.3,wind_drone_20260929
2026-09-29T16:46:53.722Z,2026-09-29T16:46:53.600Z,2026-09-29T10:46:53.722-06:00,218.861,6.0,76.0,0.0,15.3,wind_drone_20260929
2026-09-29T16:46:53.915Z,2026-09-29T16:46:53.800Z,2026-09-29T10:46:53.915-06:00,219.053,6.0,74.0,0.0,15.3,wind_drone_20260929
2026-09-29T16:46:54.122Z,2026-09-29T16:46:54.000Z,2026-09-29T10:46:54.122-06:00,219.261,6.1,75.0,0.0,15.3,wind_drone_20260929
2026-09-29T16:46:54.315Z,2026-09-29T16:46:54.200Z,2026-09-29T10:46:54.315-06:00,219.454,6.1,78.0,0.0,15.3,wind_drone_20260929
2026-09-29T16:46:54.522Z,2026-09-29T16:46:54.400Z,2026-09-29T10:46:54.522-06:00,219.66,6.1,74.0,0.0,15.3,wind_drone_20260929
2026-09-29T16:46:54.715Z,2026-09-29T16:46:54.600Z,2026-09-29T10:46:54.715-06:00,219.853,6.2,72.0,0.0,15.3,wind_drone_20260929
2026-09-29T16:46:54.922Z,2026-09-29T16:46:54.800Z,2026-09-29T10:46:54.922-06:00,220.06,6.3,74.0,0.0,15.3,wind_drone_20260929
2026-09-29T16:46:55.114Z,2026-09-29T16:46:55.000Z,2026-09-29T10:46:55.114-06:00,220.253,6.4,76.0,0.0,15.3,wind_drone_20260929
2026-09-29T16:46:55.322Z,2026-09-29T16:46:55.200Z,2026-09-29T10:46:55.322-06:00,220.46,6.4,72.0,0.0,15.3,wind_drone_20260929
2026-09-29T16:46:55.514Z,2026-09-29T16:46:55.400Z,2026-09-29T10:46:55.514-06:00,220.653,6.5,72.0,0.0,15.3,wind_drone_20260929
2026-09-29T16:46:55.722Z,2026-09-29T16:46:55.600Z,2026-09-29T10:46:55.722-06:00,220.86,6.7,76.0,0.0,15.3,wind_drone_20260929
2026-09-29T16:46:55.915Z,2026-09-29T16:46:55.800Z,2026-09-29T10:46:55.915-06:00,221.053,6.8,75.0,0.0,15.3,wind_drone_20260929
2026-09-29T16:46:56.122Z,2026-09-29T16:46:56.000Z,2026-09-29T10:46:56.122-06:00,221.26,6.8,76.0,0.0,15.3,wind_drone_20260929
2026-09-29T16:46:56.315Z,2026-09-29T16:46:56.200Z,2026-09-29T10:46:56.315-06:00,221.453,6.8,75.0,0.0,15.3,wind_drone_20260929
2026-09-29T16:46:56.521Z,2026-09-29T16:46:56.400Z,2026-09-29T10:46:56.521-06:00,221.66,6.8,74.0,0.0,15.3,wind_drone_20260929
2026-09-29T16:46:56.715Z,2026-09-29T16:46:56.600Z,2026-09-29T10:46:56.715-06:00,221.853,6.7,75.0,0.0,15.3,wind_drone_20260929
2026-09-29T16:46:56.921Z,2026-09-29T16:46:56.800Z,2026-09-29T10:46:56.921-06:00,222.06,6.7,77.0,0.0,15.3,wind_drone_20260929
2026-09-29T16:46:57.114Z,2026-09-29T16:46:57.000Z,2026-09-29T10:46:57.114-06:00,222.252,6.6,79.0,0.0,15.3,wind_drone_20260929
2026-09-29T16:46:57.322Z,2026-09-29T16:46:57.200Z,2026-09-29T10:46:57.322-06:00,222.46,6.6,82.0,0.0,15.3,wind_drone_20260929
2026-09-29T16:46:57.514Z,2026-09-29T16:46:57.400Z,2026-09-29T10:46:57.514-06:00,222.652,6.5,81.0,0.0,15.3,wind_drone_20260929
2026-09-29T16:46:57.721Z,2026-09-29T16:46:57.600Z,2026-09-29T10:46:57.721-06:00,222.859,6.5,79.0,0.0,15.3,wind_drone_20260929
2026-09-29T16:46:57.913Z,2026-09-29T16:46:57.800Z,2026-09-29T10:46:57.913-06:00,223.051,6.5,81.0,0.0,15.3,wind_drone_20260929
2026-09-29T16:46:58.121Z,2026-09-29T16:46:58.000Z,2026-09-29T10:46:58.121-06:00,223.259,6.5,76.0,0.0,15.3,wind_drone_20260929
2026-09-29T16:46:58.314Z,2026-09-29T16:46:58.200Z,2026-09-29T10:46:58.314-06:00,223.452,6.5,78.0,0.0,15.3,wind_drone_20260929
2026-09-29T16:46:58.521Z,2026-09-29T16:46:58.400Z,2026-09-29T10:46:58.521-06:00,223.659,6.6,76.0,0.0,15.3,wind_drone_20260929
2026-09-29T16:46:58.713Z,2026-09-29T16:46:58.600Z,2026-09-29T10:46:58.713-06:00,223.852,6.5,72.0,0.0,15.3,wind_drone_20260929
2026-09-29T16:46:58.921Z,2026-09-29T16:46:58.800Z,2026-09-29T10:46:58.921-06:00,224.059,6.5,73.0,0.0,15.3,wind_drone_20260929
2026-09-29T16:46:59.113Z,2026-09-29T16:46:59.000Z,2026-09-29T10:46:59.113-06:00,224.252,6.6,75.0,0.0,15.3,wind_drone_20260929
2026-09-29T16:46:59.321Z,2026-09-29T16:46:59.200Z,2026-09-29T10:46:59.321-06:00,224.459,6.5,75.0,0.0,15.3,wind_drone_20260929
2026-09-29T16:46:59.513Z,2026-09-29T16:46:59.400Z,2026-09-29T10:46:59.513-06:00,224.651,6.5,70.0,0.0,15.3,wind_drone_20260929
2026-09-29T16:46:59.720Z,2026-09-29T16:46:59.600Z,2026-09-29T10:46:59.720-06:00,224.859,6.5,70.0,0.0,15.3,wind_drone_20260929
2026-09-29T16:46:59.913Z,2026-09-29T16:46:59.800Z,2026-09-29T10:46:59.913-06:00,225.052,6.6,69.0,0.0,15.3,wind_drone_20260929
2026-09-29T16:47:00.120Z,2026-09-29T16:47:00.000Z,2026-09-29T10:47:00.120-06:00,225.259,6.6,69.0,0.0,15.3,wind_drone_20260929
2026-09-29T16:47:00.313Z,2026-09-29T16:47:00.200Z,2026-09-29T10:47:00.313-06:00,225.451,6.7,70.0,0.0,15.3,wind_drone_20260929
2026-09-29T16:47:00.520Z,2026-09-29T16:47:00.400Z,2026-09-29T10:47:00.520-06:00,225.658,6.8,68.0,0.0,15.3,wind_drone_20260929
2026-09-29T16:47:00.727Z,2026-09-29T16:47:00.600Z,2026-09-29T10:47:00.727-06:00,225.866,6.8,72.0,0.0,15.3,wind_drone_20260929
2026-09-29T16:47:00.920Z,2026-09-29T16:47:00.800Z,2026-09-29T10:47:00.920-06:00,226.058,6.9,73.0,0.0,15.3,wind_drone_20260929
2026-09-29T16:47:01.127Z,2026-09-29T16:47:01.000Z,2026-09-29T10:47:01.127-06:00,226.265,7.0,74.0,0.0,15.3,wind_drone_20260929
2026-09-29T16:47:01.320Z,2026-09-29T16:47:01.200Z,2026-09-29T10:47:01.320-06:00,226.458,7.0,71.0,0.0,15.3,wind_drone_20260929
2026-09-29T16:47:01.527Z,2026-09-29T16:47:01.400Z,2026-09-29T10:47:01.527-06:00,226.665,6.9,76.0,0.0,15.3,wind_drone_20260929
2026-09-29T16:47:01.719Z,2026-09-29T16:47:01.600Z,2026-09-29T10:47:01.719-06:00,226.858,6.8,76.0,0.0,15.3,wind_drone_20260929
2026-09-29T16:47:01.927Z,2026-09-29T16:47:01.800Z,2026-09-29T10:47:01.927-06:00,227.065,6.7,77.0,0.0,15.3,wind_drone_20260929
2026-09-29T16:47:02.119Z,2026-09-29T16:47:02.000Z,2026-09-29T10:47:02.119-06:00,227.258,6.6,74.0,0.0,15.3,wind_drone_20260929
2026-09-29T16:47:02.327Z,2026-09-29T16:47:02.200Z,2026-09-29T10:47:02.327-06:00,227.465,6.7,72.0,0.0,15.3,wind_drone_20260929
2026-09-29T16:47:02.519Z,2026-09-29T16:47:02.400Z,2026-09-29T10:47:02.519-06:00,227.657,6.8,74.0,0.0,15.3,wind_drone_20260929
2026-09-29T16:47:02.727Z,2026-09-29T16:47:02.600Z,2026-09-29T10:47:02.727-06:00,227.865,6.9,70.0,0.0,15.3,wind_drone_20260929
2026-09-29T16:47:02.919Z,2026-09-29T16:47:02.800Z,2026-09-29T10:47:02.919-06:00,228.057,7.0,72.0,0.0,15.3,wind_drone_20260929
2026-09-29T16:47:03.126Z,2026-09-29T16:47:03.000Z,2026-09-29T10:47:03.126-06:00,228.265,7.1,71.0,0.0,15.3,wind_drone_20260929
2026-09-29T16:47:03.319Z,2026-09-29T16:47:03.200Z,2026-09-29T10:47:03.319-06:00,228.457,7.3,69.0,0.0,15.3,wind_drone_20260929
2026-09-29T16:47:03.526Z,2026-09-29T16:47:03.400Z,2026-09-29T10:47:03.526-06:00,228.664,7.4,70.0,0.0,15.3,wind_drone_20260929
2026-09-29T16:47:03.719Z,2026-09-29T16:47:03.600Z,2026-09-29T10:47:03.719-06:00,228.857,7.5,68.0,0.0,15.3,wind_drone_20260929
2026-09-29T16:47:03.926Z,2026-09-29T16:47:03.800Z,2026-09-29T10:47:03.926-06:00,229.064,7.5,67.0,0.0,15.3,wind_drone_20260929
2026-09-29T16:47:04.119Z,2026-09-29T16:47:04.000Z,2026-09-29T10:47:04.119-06:00,229.257,7.6,67.0,0.0,15.3,wind_drone_20260929
2026-09-29T16:47:04.326Z,2026-09-29T16:47:04.200Z,2026-09-29T10:47:04.326-06:00,229.464,7.6,69.0,0.0,15.3,wind_drone_20260929
2026-09-29T16:47:04.519Z,2026-09-29T16:47:04.400Z,2026-09-29T10:47:04.519-06:00,229.657,7.6,68.0,0.0,15.3,wind_drone_20260929
2026-09-29T16:47:04.726Z,2026-09-29T16:47:04.600Z,2026-09-29T10:47:04.726-06:00,229.864,7.6,67.0,0.0,15.3,wind_drone_20260929
2026-09-29T16:47:04.919Z,2026-09-29T16:47:04.800Z,2026-09-29T10:47:04.919-06:00,230.057,7.6,69.0,0.0,15.3,wind_drone_20260929
2026-09-29T16:47:05.126Z,2026-09-29T16:47:05.000Z,2026-09-29T10:47:05.126-06:00,230.264,7.7,68.0,0.0,15.3,wind_drone_20260929
2026-09-29T16:47:05.318Z,2026-09-29T16:47:05.200Z,2026-09-29T10:47:05.318-06:00,230.457,7.7,71.0,0.0,15.3,wind_drone_20260929
2026-09-29T16:47:05.525Z,2026-09-29T16:47:05.400Z,2026-09-29T10:47:05.525-06:00,230.664,7.7,66.0,0.0,15.3,wind_drone_20260929
2026-09-29T16:47:05.718Z,2026-09-29T16:47:05.600Z,2026-09-29T10:47:05.718-06:00,230.856,7.7,63.0,0.0,15.3,wind_drone_20260929
2026-09-29T16:47:05.925Z,2026-09-29T16:47:05.800Z,2026-09-29T10:47:05.925-06:00,231.063,7.7,64.0,0.0,15.3,wind_drone_20260929
2026-09-29T16:47:06.118Z,2026-09-29T16:47:06.000Z,2026-09-29T10:47:06.118-06:00,231.256,7.7,64.0,0.0,15.3,wind_drone_20260929
2026-09-29T16:47:06.325Z,2026-09-29T16:47:06.200Z,2026-09-29T10:47:06.325-06:00,231.463,7.6,63.0,0.0,15.3,wind_drone_20260929
2026-09-29T16:47:06.518Z,2026-09-29T16:47:06.400Z,2026-09-29T10:47:06.518-06:00,231.656,7.6,60.0,0.0,15.3,wind_drone_20260929
2026-09-29T16:47:06.725Z,2026-09-29T16:47:06.600Z,2026-09-29T10:47:06.725-06:00,231.863,7.5,57.0,0.0,15.3,wind_drone_20260929
2026-09-29T16:47:06.918Z,2026-09-29T16:47:06.800Z,2026-09-29T10:47:06.918-06:00,232.056,7.4,57.0,0.0,15.3,wind_drone_20260929
2026-09-29T16:47:07.125Z,2026-09-29T16:47:07.000Z,2026-09-29T10:47:07.125-06:00,232.263,7.2,53.0,0.0,15.3,wind_drone_20260929
2026-09-29T16:47:07.318Z,2026-09-29T16:47:07.200Z,2026-09-29T10:47:07.318-06:00,232.456,7.1,60.0,0.0,15.3,wind_drone_20260929
2026-09-29T16:47:07.525Z,2026-09-29T16:47:07.400Z,2026-09-29T10:47:07.525-06:00,232.663,7.0,59.0,0.0,15.3,wind_drone_20260929
2026-09-29T16:47:07.717Z,2026-09-29T16:47:07.600Z,2026-09-29T10:47:07.717-06:00,232.856,6.9,60.0,0.0,15.3,wind_drone_20260929
2026-09-29T16:47:07.924Z,2026-09-29T16:47:07.800Z,2026-09-29T10:47:07.924-06:00,233.063,6.8,61.0,0.0,15.3,wind_drone_20260929
2026-09-29T16:47:08.117Z,2026-09-29T16:47:08.000Z,2026-09-29T10:47:08.117-06:00,233.255,6.8,61.0,0.0,15.3,wind_drone_20260929
2026-09-29T16:47:08.324Z,2026-09-29T16:47:08.200Z,2026-09-29T10:47:08.324-06:00,233.463,6.7,56.0,0.0,15.3,wind_drone_20260929
2026-09-29T16:47:08.517Z,2026-09-29T16:47:08.400Z,2026-09-29T10:47:08.517-06:00,233.655,6.8,54.0,0.0,15.3,wind_drone_20260929
2026-09-29T16:47:08.724Z,2026-09-29T16:47:08.600Z,2026-09-29T10:47:08.724-06:00,233.863,6.7,53.0,0.0,15.3,wind_drone_20260929
2026-09-29T16:47:08.917Z,2026-09-29T16:47:08.800Z,2026-09-29T10:47:08.917-06:00,234.055,6.7,53.0,0.0,15.3,wind_drone_20260929
2026-09-29T16:47:09.124Z,2026-09-29T16:47:09.000Z,2026-09-29T10:47:09.124-06:00,234.262,6.8,55.0,0.0,15.3,wind_drone_20260929
2026-09-29T16:47:09.317Z,2026-09-29T16:47:09.200Z,2026-09-29T10:47:09.317-06:00,234.455,6.8,58.0,0.0,15.3,wind_drone_20260929
2026-09-29T16:47:09.524Z,2026-09-29T16:47:09.400Z,2026-09-29T10:47:09.524-06:00,234.662,6.8,56.0,0.0,15.3,wind_drone_20260929
2026-09-29T16:47:09.716Z,2026-09-29T16:47:09.600Z,2026-09-29T10:47:09.716-06:00,234.855,6.8,53.0,0.0,15.3,wind_drone_20260929
2026-09-29T16:47:09.924Z,2026-09-29T16:47:09.800Z,2026-09-29T10:47:09.924-06:00,235.062,6.7,52.0,0.0,15.3,wind_drone_20260929
2026-09-29T16:47:10.117Z,2026-09-29T16:47:10.000Z,2026-09-29T10:47:10.117-06:00,235.255,6.6,51.0,0.0,15.3,wind_drone_20260929
2026-09-29T16:47:10.324Z,2026-09-29T16:47:10.200Z,2026-09-29T10:47:10.324-06:00,235.462,6.7,54.0,0.0,15.3,wind_drone_20260929
2026-09-29T16:47:10.516Z,2026-09-29T16:47:10.400Z,2026-09-29T10:47:10.516-06:00,235.655,6.8,52.0,0.0,15.3,wind_drone_20260929
2026-09-29T16:47:10.724Z,2026-09-29T16:47:10.600Z,2026-09-29T10:47:10.724-06:00,235.862,6.7,53.0,0.0,15.3,wind_drone_20260929
2026-09-29T16:47:10.916Z,2026-09-29T16:47:10.800Z,2026-09-29T10:47:10.916-06:00,236.054,6.7,51.0,0.0,15.3,wind_drone_20260929
2026-09-29T16:47:11.123Z,2026-09-29T16:47:11.000Z,2026-09-29T10:47:11.123-06:00,236.262,6.6,51.0,0.0,15.3,wind_drone_20260929
2026-09-29T16:47:11.316Z,2026-09-29T16:47:11.200Z,2026-09-29T10:47:11.316-06:00,236.454,6.5,47.0,0.0,15.3,wind_drone_20260929
2026-09-29T16:47:11.523Z,2026-09-29T16:47:11.400Z,2026-09-29T10:47:11.523-06:00,236.662,6.5,46.0,0.0,15.3,wind_drone_20260929
2026-09-29T16:47:11.716Z,2026-09-29T16:47:11.600Z,2026-09-29T10:47:11.716-06:00,236.854,6.5,48.0,0.0,15.3,wind_drone_20260929
2026-09-29T16:47:11.923Z,2026-09-29T16:47:11.800Z,2026-09-29T10:47:11.923-06:00,237.061,6.5,50.0,0.0,15.3,wind_drone_20260929
2026-09-29T16:47:12.116Z,2026-09-29T16:47:12.000Z,2026-09-29T10:47:12.116-06:00,237.254,6.5,50.0,0.0,15.3,wind_drone_20260929
2026-09-29T16:47:12.323Z,2026-09-29T16:47:12.200Z,2026-09-29T10:47:12.323-06:00,237.461,6.5,54.0,0.0,15.3,wind_drone_20260929
2026-09-29T16:47:12.515Z,2026-09-29T16:47:12.400Z,2026-09-29T10:47:12.515-06:00,237.654,6.5,50.0,0.0,15.3,wind_drone_20260929
2026-09-29T16:47:12.723Z,2026-09-29T16:47:12.600Z,2026-09-29T10:47:12.723-06:00,237.861,6.5,55.0,0.0,15.3,wind_drone_20260929
2026-09-29T16:47:12.916Z,2026-09-29T16:47:12.800Z,2026-09-29T10:47:12.916-06:00,238.054,6.5,56.0,0.0,15.3,wind_drone_20260929
2026-09-29T16:47:13.123Z,2026-09-29T16:47:13.000Z,2026-09-29T10:47:13.123-06:00,238.261,6.4,56.0,0.0,15.3,wind_drone_20260929
2026-09-29T16:47:13.315Z,2026-09-29T16:47:13.200Z,2026-09-29T10:47:13.315-06:00,238.454,6.3,60.0,0.0,15.3,wind_drone_20260929
2026-09-29T16:47:13.523Z,2026-09-29T16:47:13.400Z,2026-09-29T10:47:13.523-06:00,238.661,6.2,69.0,0.0,15.3,wind_drone_20260929
2026-09-29T16:47:13.715Z,2026-09-29T16:47:13.600Z,2026-09-29T10:47:13.715-06:00,238.853,6.1,67.0,0.0,15.3,wind_drone_20260929
2026-09-29T16:47:13.922Z,2026-09-29T16:47:13.800Z,2026-09-29T10:47:13.922-06:00,239.06,6.0,61.0,0.0,15.3,wind_drone_20260929
2026-09-29T16:47:14.115Z,2026-09-29T16:47:14.000Z,2026-09-29T10:47:14.115-06:00,239.253,5.8,61.0,0.0,15.3,wind_drone_20260929
2026-09-29T16:47:14.322Z,2026-09-29T16:47:14.200Z,2026-09-29T10:47:14.322-06:00,239.46,5.6,63.0,0.0,15.3,wind_drone_20260929
2026-09-29T16:47:14.515Z,2026-09-29T16:47:14.400Z,2026-09-29T10:47:14.515-06:00,239.653,5.4,66.0,0.0,15.3,wind_drone_20260929
2026-09-29T16:47:14.722Z,2026-09-29T16:47:14.600Z,2026-09-29T10:47:14.722-06:00,239.86,5.5,68.0,0.0,15.3,wind_drone_20260929
2026-09-29T16:47:14.915Z,2026-09-29T16:47:14.800Z,2026-09-29T10:47:14.915-06:00,240.053,5.5,72.0,0.0,15.3,wind_drone_20260929
2026-09-29T16:47:15.122Z,2026-09-29T16:47:15.000Z,2026-09-29T10:47:15.122-06:00,240.26,5.4,71.0,0.0,15.3,wind_drone_20260929
2026-09-29T16:47:15.314Z,2026-09-29T16:47:15.200Z,2026-09-29T10:47:15.314-06:00,240.453,5.3,71.0,0.0,15.3,wind_drone_20260929
2026-09-29T16:47:15.522Z,2026-09-29T16:47:15.400Z,2026-09-29T10:47:15.522-06:00,240.66,5.2,69.0,0.0,15.3,wind_drone_20260929
2026-09-29T16:47:15.715Z,2026-09-29T16:47:15.600Z,2026-09-29T10:47:15.715-06:00,240.853,5.1,72.0,0.0,15.3,wind_drone_20260929
2026-09-29T16:47:15.922Z,2026-09-29T16:47:15.800Z,2026-09-29T10:47:15.922-06:00,241.06,5.1,70.0,0.0,15.3,wind_drone_20260929
2026-09-29T16:47:16.115Z,2026-09-29T16:47:16.000Z,2026-09-29T10:47:16.115-06:00,241.253,5.1,71.0,0.0,15.3,wind_drone_20260929
2026-09-29T16:47:16.322Z,2026-09-29T16:47:16.200Z,2026-09-29T10:47:16.322-06:00,241.46,4.9,73.0,0.0,15.3,wind_drone_20260929
2026-09-29T16:47:16.514Z,2026-09-29T16:47:16.400Z,2026-09-29T10:47:16.514-06:00,241.653,4.9,68.0,0.0,15.3,wind_drone_20260929
2026-09-29T16:47:16.721Z,2026-09-29T16:47:16.600Z,2026-09-29T10:47:16.721-06:00,241.859,4.9,69.0,0.0,15.3,wind_drone_20260929
2026-09-29T16:47:16.914Z,2026-09-29T16:47:16.800Z,2026-09-29T10:47:16.914-06:00,242.052,5.0,70.0,0.0,15.3,wind_drone_20260929
2026-09-29T16:47:17.121Z,2026-09-29T16:47:17.000Z,2026-09-29T10:47:17.121-06:00,242.26,5.2,71.0,0.0,15.3,wind_drone_20260929
2026-09-29T16:47:17.314Z,2026-09-29T16:47:17.200Z,2026-09-29T10:47:17.314-06:00,242.452,5.4,65.0,0.0,15.3,wind_drone_20260929
2026-09-29T16:47:17.521Z,2026-09-29T16:47:17.400Z,2026-09-29T10:47:17.521-06:00,242.659,5.5,73.0,0.0,15.3,wind_drone_20260929
2026-09-29T16:47:17.714Z,2026-09-29T16:47:17.600Z,2026-09-29T10:47:17.714-06:00,242.852,5.5,75.0,0.0,15.3,wind_drone_20260929
2026-09-29T16:47:17.921Z,2026-09-29T16:47:17.800Z,2026-09-29T10:47:17.921-06:00,243.059,5.5,74.0,0.0,15.3,wind_drone_20260929
2026-09-29T16:47:18.113Z,2026-09-29T16:47:18.000Z,2026-09-29T10:47:18.113-06:00,243.252,5.5,72.0,0.0,15.3,wind_drone_20260929
2026-09-29T16:47:18.321Z,2026-09-29T16:47:18.200Z,2026-09-29T10:47:18.321-06:00,243.459,5.4,78.0,0.0,15.3,wind_drone_20260929
2026-09-29T16:47:18.513Z,2026-09-29T16:47:18.400Z,2026-09-29T10:47:18.513-06:00,243.652,5.1,79.0,0.0,15.3,wind_drone_20260929
2026-09-29T16:47:18.721Z,2026-09-29T16:47:18.600Z,2026-09-29T10:47:18.721-06:00,243.859,4.9,79.0,0.0,15.3,wind_drone_20260929
2026-09-29T16:47:18.914Z,2026-09-29T16:47:18.800Z,2026-09-29T10:47:18.914-06:00,244.052,4.7,88.0,0.0,15.3,wind_drone_20260929
2026-09-29T16:47:19.121Z,2026-09-29T16:47:19.000Z,2026-09-29T10:47:19.121-06:00,244.259,4.5,85.0,0.0,15.3,wind_drone_20260929
2026-09-29T16:47:19.314Z,2026-09-29T16:47:19.200Z,2026-09-29T10:47:19.314-06:00,244.452,4.3,75.0,0.0,15.3,wind_drone_20260929
2026-09-29T16:47:19.520Z,2026-09-29T16:47:19.400Z,2026-09-29T10:47:19.520-06:00,244.659,4.1,61.0,0.0,15.3,wind_drone_20260929
2026-09-29T16:47:19.713Z,2026-09-29T16:47:19.600Z,2026-09-29T10:47:19.713-06:00,244.852,4.0,72.0,0.0,15.3,wind_drone_20260929
2026-09-29T16:47:19.921Z,2026-09-29T16:47:19.800Z,2026-09-29T10:47:19.921-06:00,245.059,3.9,90.0,0.0,15.4,wind_drone_20260929
2026-09-29T16:47:20.113Z,2026-09-29T16:47:20.000Z,2026-09-29T10:47:20.113-06:00,245.251,4.0,75.0,0.0,15.4,wind_drone_20260929
2026-09-29T16:47:20.320Z,2026-09-29T16:47:20.200Z,2026-09-29T10:47:20.320-06:00,245.458,4.0,73.0,0.0,15.4,wind_drone_20260929
2026-09-29T16:47:20.513Z,2026-09-29T16:47:20.400Z,2026-09-29T10:47:20.513-06:00,245.651,4.1,82.0,0.0,15.4,wind_drone_20260929
2026-09-29T16:47:20.720Z,2026-09-29T16:47:20.600Z,2026-09-29T10:47:20.720-06:00,245.858,4.2,79.0,0.0,15.4,wind_drone_20260929
2026-09-29T16:47:20.912Z,2026-09-29T16:47:20.800Z,2026-09-29T10:47:20.912-06:00,246.051,4.4,72.0,0.0,15.4,wind_drone_20260929
2026-09-29T16:47:21.120Z,2026-09-29T16:47:21.000Z,2026-09-29T10:47:21.120-06:00,246.258,4.8,78.0,0.0,15.4,wind_drone_20260929
2026-09-29T16:47:21.312Z,2026-09-29T16:47:21.200Z,2026-09-29T10:47:21.312-06:00,246.45,5.0,81.0,0.0,15.4,wind_drone_20260929
2026-09-29T16:47:21.520Z,2026-09-29T16:47:21.400Z,2026-09-29T10:47:21.520-06:00,246.658,5.1,76.0,0.0,15.4,wind_drone_20260929
2026-09-29T16:47:21.727Z,2026-09-29T16:47:21.600Z,2026-09-29T10:47:21.727-06:00,246.865,5.2,66.0,0.0,15.4,wind_drone_20260929
2026-09-29T16:47:21.920Z,2026-09-29T16:47:21.800Z,2026-09-29T10:47:21.920-06:00,247.058,5.4,77.0,0.0,15.4,wind_drone_20260929
2026-09-29T16:47:22.127Z,2026-09-29T16:47:22.000Z,2026-09-29T10:47:22.127-06:00,247.265,5.6,85.0,0.0,15.4,wind_drone_20260929
2026-09-29T16:47:22.319Z,2026-09-29T16:47:22.200Z,2026-09-29T10:47:22.319-06:00,247.458,5.6,73.0,0.0,15.4,wind_drone_20260929
2026-09-29T16:47:22.527Z,2026-09-29T16:47:22.400Z,2026-09-29T10:47:22.527-06:00,247.665,5.8,79.0,0.0,15.4,wind_drone_20260929
2026-09-29T16:47:22.719Z,2026-09-29T16:47:22.600Z,2026-09-29T10:47:22.719-06:00,247.858,5.8,83.0,0.0,15.4,wind_drone_20260929
2026-09-29T16:47:22.926Z,2026-09-29T16:47:22.800Z,2026-09-29T10:47:22.926-06:00,248.065,5.8,84.0,0.0,15.4,wind_drone_20260929
2026-09-29T16:47:23.119Z,2026-09-29T16:47:23.000Z,2026-09-29T10:47:23.119-06:00,248.257,5.8,82.0,0.0,15.4,wind_drone_20260929
2026-09-29T16:47:23.326Z,2026-09-29T16:47:23.200Z,2026-09-29T10:47:23.326-06:00,248.464,6.0,93.0,0.0,15.4,wind_drone_20260929
2026-09-29T16:47:23.519Z,2026-09-29T16:47:23.400Z,2026-09-29T10:47:23.519-06:00,248.657,6.0,101.0,0.0,15.4,wind_drone_20260929
2026-09-29T16:47:23.726Z,2026-09-29T16:47:23.600Z,2026-09-29T10:47:23.726-06:00,248.864,5.8,100.0,0.0,15.4,wind_drone_20260929
2026-09-29T16:47:23.919Z,2026-09-29T16:47:23.800Z,2026-09-29T10:47:23.919-06:00,249.057,5.8,95.0,0.0,15.4,wind_drone_20260929
2026-09-29T16:47:24.126Z,2026-09-29T16:47:24.000Z,2026-09-29T10:47:24.126-06:00,249.264,5.8,98.0,0.0,15.4,wind_drone_20260929
2026-09-29T16:47:24.319Z,2026-09-29T16:47:24.200Z,2026-09-29T10:47:24.319-06:00,249.457,5.8,100.0,0.0,15.4,wind_drone_20260929
2026-09-29T16:47:24.526Z,2026-09-29T16:47:24.400Z,2026-09-29T10:47:24.526-06:00,249.664,5.9,91.0,0.0,15.4,wind_drone_20260929
2026-09-29T16:47:24.718Z,2026-09-29T16:47:24.600Z,2026-09-29T10:47:24.718-06:00,249.857,5.8,83.0,0.0,15.4,wind_drone_20260929
2026-09-29T16:47:24.926Z,2026-09-29T16:47:24.800Z,2026-09-29T10:47:24.926-06:00,250.064,5.9,95.0,0.0,15.4,wind_drone_20260929
2026-09-29T16:47:25.118Z,2026-09-29T16:47:25.000Z,2026-09-29T10:47:25.118-06:00,250.257,5.8,102.0,0.0,15.4,wind_drone_20260929
2026-09-29T16:47:25.326Z,2026-09-29T16:47:25.200Z,2026-09-29T10:47:25.326-06:00,250.464,5.9,95.0,0.0,15.4,wind_drone_20260929
2026-09-29T16:47:25.518Z,2026-09-29T16:47:25.400Z,2026-09-29T10:47:25.518-06:00,250.656,6.0,89.0,0.0,15.4,wind_drone_20260929
2026-09-29T16:47:25.725Z,2026-09-29T16:47:25.600Z,2026-09-29T10:47:25.725-06:00,250.864,6.1,93.0,0.0,15.4,wind_drone_20260929
2026-09-29T16:47:25.918Z,2026-09-29T16:47:25.800Z,2026-09-29T10:47:25.918-06:00,251.056,5.9,94.0,0.0,15.4,wind_drone_20260929
2026-09-29T16:47:26.125Z,2026-09-29T16:47:26.000Z,2026-09-29T10:47:26.125-06:00,251.264,5.6,92.0,0.0,15.4,wind_drone_20260929
2026-09-29T16:47:26.318Z,2026-09-29T16:47:26.200Z,2026-09-29T10:47:26.318-06:00,251.456,5.5,90.0,0.0,15.4,wind_drone_20260929
2026-09-29T16:47:26.525Z,2026-09-29T16:47:26.400Z,2026-09-29T10:47:26.525-06:00,251.663,5.5,94.0,0.0,15.4,wind_drone_20260929
2026-09-29T16:47:26.718Z,2026-09-29T16:47:26.600Z,2026-09-29T10:47:26.718-06:00,251.856,5.5,94.0,0.0,15.4,wind_drone_20260929
2026-09-29T16:47:26.925Z,2026-09-29T16:47:26.800Z,2026-09-29T10:47:26.925-06:00,252.063,5.4,85.0,0.0,15.4,wind_drone_20260929
2026-09-29T16:47:27.117Z,2026-09-29T16:47:27.000Z,2026-09-29T10:47:27.117-06:00,252.256,5.3,81.0,0.0,15.4,wind_drone_20260929
2026-09-29T16:47:27.325Z,2026-09-29T16:47:27.200Z,2026-09-29T10:47:27.325-06:00,252.463,5.3,84.0,0.0,15.4,wind_drone_20260929
2026-09-29T16:47:27.517Z,2026-09-29T16:47:27.400Z,2026-09-29T10:47:27.517-06:00,252.655,5.3,86.0,0.0,15.4,wind_drone_20260929
2026-09-29T16:47:27.725Z,2026-09-29T16:47:27.600Z,2026-09-29T10:47:27.725-06:00,252.863,5.4,84.0,0.0,15.4,wind_drone_20260929
2026-09-29T16:47:27.917Z,2026-09-29T16:47:27.800Z,2026-09-29T10:47:27.917-06:00,253.056,5.5,87.0,0.0,15.4,wind_drone_20260929
2026-09-29T16:47:28.125Z,2026-09-29T16:47:28.000Z,2026-09-29T10:47:28.125-06:00,253.263,5.5,87.0,0.0,15.4,wind_drone_20260929
2026-09-29T16:47:28.317Z,2026-09-29T16:47:28.200Z,2026-09-29T10:47:28.317-06:00,253.456,5.4,87.0,0.0,15.4,wind_drone_20260929
2026-09-29T16:47:28.524Z,2026-09-29T16:47:28.400Z,2026-09-29T10:47:28.524-06:00,253.663,5.5,88.0,0.0,15.4,wind_drone_20260929
2026-09-29T16:47:28.717Z,2026-09-29T16:47:28.600Z,2026-09-29T10:47:28.717-06:00,253.856,5.5,94.0,0.0,15.4,wind_drone_20260929
2026-09-29T16:47:28.924Z,2026-09-29T16:47:28.800Z,2026-09-29T10:47:28.924-06:00,254.062,5.5,91.0,0.0,15.4,wind_drone_20260929
2026-09-29T16:47:29.117Z,2026-09-29T16:47:29.000Z,2026-09-29T10:47:29.117-06:00,254.255,5.6,91.0,0.0,15.4,wind_drone_20260929
2026-09-29T16:47:29.324Z,2026-09-29T16:47:29.200Z,2026-09-29T10:47:29.324-06:00,254.462,5.6,91.0,0.0,15.4,wind_drone_20260929
2026-09-29T16:47:29.517Z,2026-09-29T16:47:29.400Z,2026-09-29T10:47:29.517-06:00,254.655,5.6,90.0,0.0,15.4,wind_drone_20260929
2026-09-29T16:47:29.724Z,2026-09-29T16:47:29.600Z,2026-09-29T10:47:29.724-06:00,254.862,5.6,89.0,0.0,15.4,wind_drone_20260929
2026-09-29T16:47:29.917Z,2026-09-29T16:47:29.800Z,2026-09-29T10:47:29.917-06:00,255.055,5.5,87.0,0.0,15.4,wind_drone_20260929
2026-09-29T16:47:30.124Z,2026-09-29T16:47:30.000Z,2026-09-29T10:47:30.124-06:00,255.262,5.4,86.0,0.0,15.4,wind_drone_20260929
2026-09-29T16:47:30.317Z,2026-09-29T16:47:30.200Z,2026-09-29T10:47:30.317-06:00,255.455,5.4,88.0,0.0,15.4,wind_drone_20260929
2026-09-29T16:47:30.524Z,2026-09-29T16:47:30.400Z,2026-09-29T10:47:30.524-06:00,255.662,5.2,86.0,0.0,15.4,wind_drone_20260929
2026-09-29T16:47:30.716Z,2026-09-29T16:47:30.600Z,2026-09-29T10:47:30.716-06:00,255.855,5.1,86.0,0.0,15.4,wind_drone_20260929
2026-09-29T16:47:30.923Z,2026-09-29T16:47:30.800Z,2026-09-29T10:47:30.923-06:00,256.062,4.9,85.0,0.0,15.4,wind_drone_20260929
2026-09-29T16:47:31.116Z,2026-09-29T16:47:31.000Z,2026-09-29T10:47:31.116-06:00,256.255,4.8,87.0,0.0,15.4,wind_drone_20260929
2026-09-29T16:47:31.323Z,2026-09-29T16:47:31.200Z,2026-09-29T10:47:31.323-06:00,256.462,4.9,87.0,0.0,15.4,wind_drone_20260929
2026-09-29T16:47:31.516Z,2026-09-29T16:47:31.400Z,2026-09-29T10:47:31.516-06:00,256.654,5.0,89.0,0.0,15.4,wind_drone_20260929
2026-09-29T16:47:31.723Z,2026-09-29T16:47:31.600Z,2026-09-29T10:47:31.723-06:00,256.861,5.0,93.0,0.0,15.4,wind_drone_20260929
2026-09-29T16:47:31.916Z,2026-09-29T16:47:31.800Z,2026-09-29T10:47:31.916-06:00,257.054,5.1,92.0,0.0,15.4,wind_drone_20260929
2026-09-29T16:47:32.123Z,2026-09-29T16:47:32.000Z,2026-09-29T10:47:32.123-06:00,257.261,5.1,90.0,0.0,15.4,wind_drone_20260929
2026-09-29T16:47:32.316Z,2026-09-29T16:47:32.200Z,2026-09-29T10:47:32.316-06:00,257.454,5.2,91.0,0.0,15.4,wind_drone_20260929
2026-09-29T16:47:32.523Z,2026-09-29T16:47:32.400Z,2026-09-29T10:47:32.523-06:00,257.661,5.3,95.0,0.0,15.4,wind_drone_20260929
2026-09-29T16:47:32.715Z,2026-09-29T16:47:32.600Z,2026-09-29T10:47:32.715-06:00,257.854,5.2,95.0,0.0,15.4,wind_drone_20260929
2026-09-29T16:47:32.923Z,2026-09-29T16:47:32.800Z,2026-09-29T10:47:32.923-06:00,258.061,5.0,93.0,0.0,15.4,wind_drone_20260929
2026-09-29T16:47:33.115Z,2026-09-29T16:47:33.000Z,2026-09-29T10:47:33.115-06:00,258.254,4.8,97.0,0.0,15.4,wind_drone_20260929
2026-09-29T16:47:33.323Z,2026-09-29T16:47:33.200Z,2026-09-29T10:47:33.323-06:00,258.461,4.7,92.0,0.0,15.4,wind_drone_20260929
2026-09-29T16:47:33.515Z,2026-09-29T16:47:33.400Z,2026-09-29T10:47:33.515-06:00,258.653,4.6,89.0,0.0,15.4,wind_drone_20260929
2026-09-29T16:47:33.722Z,2026-09-29T16:47:33.600Z,2026-09-29T10:47:33.722-06:00,258.861,4.6,87.0,0.0,15.4,wind_drone_20260929
2026-09-29T16:47:33.915Z,2026-09-29T16:47:33.800Z,2026-09-29T10:47:33.915-06:00,259.054,4.7,91.0,0.0,15.4,wind_drone_20260929
2026-09-29T16:47:34.122Z,2026-09-29T16:47:34.000Z,2026-09-29T10:47:34.122-06:00,259.261,4.8,84.0,0.0,15.4,wind_drone_20260929
2026-09-29T16:47:34.315Z,2026-09-29T16:47:34.200Z,2026-09-29T10:47:34.315-06:00,259.453,4.9,77.0,0.0,15.4,wind_drone_20260929
2026-09-29T16:47:34.522Z,2026-09-29T16:47:34.400Z,2026-09-29T10:47:34.522-06:00,259.66,5.1,76.0,0.0,15.4,wind_drone_20260929
2026-09-29T16:47:34.715Z,2026-09-29T16:47:34.600Z,2026-09-29T10:47:34.715-06:00,259.853,5.2,76.0,0.0,15.4,wind_drone_20260929
2026-09-29T16:47:34.922Z,2026-09-29T16:47:34.800Z,2026-09-29T10:47:34.922-06:00,260.06,5.3,75.0,0.0,15.4,wind_drone_20260929
2026-09-29T16:47:35.115Z,2026-09-29T16:47:35.000Z,2026-09-29T10:47:35.115-06:00,260.253,5.4,74.0,0.0,15.4,wind_drone_20260929
2026-09-29T16:47:35.322Z,2026-09-29T16:47:35.200Z,2026-09-29T10:47:35.322-06:00,260.46,5.5,80.0,0.0,15.4,wind_drone_20260929
2026-09-29T16:47:35.514Z,2026-09-29T16:47:35.400Z,2026-09-29T10:47:35.514-06:00,260.653,5.4,74.0,0.0,15.4,wind_drone_20260929
2026-09-29T16:47:35.722Z,2026-09-29T16:47:35.600Z,2026-09-29T10:47:35.722-06:00,260.86,5.4,76.0,0.0,15.4,wind_drone_20260929
2026-09-29T16:47:35.915Z,2026-09-29T16:47:35.800Z,2026-09-29T10:47:35.915-06:00,261.053,5.3,73.0,0.0,15.4,wind_drone_20260929
2026-09-29T16:47:36.122Z,2026-09-29T16:47:36.000Z,2026-09-29T10:47:36.122-06:00,261.26,5.3,73.0,0.0,15.4,wind_drone_20260929
2026-09-29T16:47:36.314Z,2026-09-29T16:47:36.200Z,2026-09-29T10:47:36.314-06:00,261.453,5.3,72.0,0.0,15.4,wind_drone_20260929
2026-09-29T16:47:36.522Z,2026-09-29T16:47:36.400Z,2026-09-29T10:47:36.522-06:00,261.66,5.2,75.0,0.0,15.4,wind_drone_20260929
2026-09-29T16:47:36.714Z,2026-09-29T16:47:36.600Z,2026-09-29T10:47:36.714-06:00,261.852,5.1,68.0,0.0,15.4,wind_drone_20260929
2026-09-29T16:47:36.921Z,2026-09-29T16:47:36.800Z,2026-09-29T10:47:36.921-06:00,262.06,5.0,71.0,0.0,15.4,wind_drone_20260929
2026-09-29T16:47:37.114Z,2026-09-29T16:47:37.000Z,2026-09-29T10:47:37.114-06:00,262.252,4.9,70.0,0.0,15.4,wind_drone_20260929
2026-09-29T16:47:37.321Z,2026-09-29T16:47:37.200Z,2026-09-29T10:47:37.321-06:00,262.459,4.8,73.0,0.0,15.4,wind_drone_20260929
2026-09-29T16:47:37.514Z,2026-09-29T16:47:37.400Z,2026-09-29T10:47:37.514-06:00,262.652,4.8,72.0,0.0,15.4,wind_drone_20260929
2026-09-29T16:47:37.721Z,2026-09-29T16:47:37.600Z,2026-09-29T10:47:37.721-06:00,262.859,4.7,79.0,0.0,15.4,wind_drone_20260929
2026-09-29T16:47:37.914Z,2026-09-29T16:47:37.800Z,2026-09-29T10:47:37.914-06:00,263.052,4.7,80.0,0.0,15.4,wind_drone_20260929
2026-09-29T16:47:38.121Z,2026-09-29T16:47:38.000Z,2026-09-29T10:47:38.121-06:00,263.259,4.6,75.0,0.0,15.4,wind_drone_20260929
2026-09-29T16:47:38.314Z,2026-09-29T16:47:38.200Z,2026-09-29T10:47:38.314-06:00,263.452,4.5,68.0,0.0,15.4,wind_drone_20260929
2026-09-29T16:47:38.521Z,2026-09-29T16:47:38.400Z,2026-09-29T10:47:38.521-06:00,263.659,4.5,70.0,0.0,15.4,wind_drone_20260929
2026-09-29T16:47:38.714Z,2026-09-29T16:47:38.600Z,2026-09-29T10:47:38.714-06:00,263.852,4.5,75.0,0.0,15.4,wind_drone_20260929
2026-09-29T16:47:38.921Z,2026-09-29T16:47:38.800Z,2026-09-29T10:47:38.921-06:00,264.059,4.4,72.0,0.0,15.4,wind_drone_20260929
2026-09-29T16:47:39.114Z,2026-09-29T16:47:39.000Z,2026-09-29T10:47:39.114-06:00,264.252,4.3,69.0,0.0,15.4,wind_drone_20260929
2026-09-29T16:47:39.321Z,2026-09-29T16:47:39.200Z,2026-09-29T10:47:39.321-06:00,264.459,4.3,67.0,0.0,15.4,wind_drone_20260929
2026-09-29T16:47:39.514Z,2026-09-29T16:47:39.400Z,2026-09-29T10:47:39.514-06:00,264.652,4.4,61.0,0.0,15.4,wind_drone_20260929
2026-09-29T16:47:39.720Z,2026-09-29T16:47:39.600Z,2026-09-29T10:47:39.720-06:00,264.859,4.6,61.0,0.0,15.4,wind_drone_20260929
2026-09-29T16:47:39.913Z,2026-09-29T16:47:39.800Z,2026-09-29T10:47:39.913-06:00,265.052,4.8,65.0,0.0,15.4,wind_drone_20260929
2026-09-29T16:47:40.120Z,2026-09-29T16:47:40.000Z,2026-09-29T10:47:40.120-06:00,265.258,4.9,71.0,0.0,15.4,wind_drone_20260929
2026-09-29T16:47:40.313Z,2026-09-29T16:47:40.200Z,2026-09-29T10:47:40.313-06:00,265.451,5.0,81.0,0.0,15.4,wind_drone_20260929
2026-09-29T16:47:40.520Z,2026-09-29T16:47:40.400Z,2026-09-29T10:47:40.520-06:00,265.658,5.0,79.0,0.0,15.4,wind_drone_20260929
2026-09-29T16:47:40.713Z,2026-09-29T16:47:40.600Z,2026-09-29T10:47:40.713-06:00,265.851,5.0,80.0,0.0,15.4,wind_drone_20260929
2026-09-29T16:47:40.920Z,2026-09-29T16:47:40.800Z,2026-09-29T10:47:40.920-06:00,266.058,5.0,84.0,0.0,15.4,wind_drone_20260929
2026-09-29T16:47:41.113Z,2026-09-29T16:47:41.000Z,2026-09-29T10:47:41.113-06:00,266.251,4.9,87.0,0.0,15.4,wind_drone_20260929
2026-09-29T16:47:41.320Z,2026-09-29T16:47:41.200Z,2026-09-29T10:47:41.320-06:00,266.458,4.7,88.0,0.0,15.4,wind_drone_20260929
2026-09-29T16:47:41.513Z,2026-09-29T16:47:41.400Z,2026-09-29T10:47:41.513-06:00,266.651,4.5,83.0,0.0,15.4,wind_drone_20260929
2026-09-29T16:47:41.720Z,2026-09-29T16:47:41.600Z,2026-09-29T10:47:41.720-06:00,266.858,4.3,84.0,0.0,15.4,wind_drone_20260929
2026-09-29T16:47:41.913Z,2026-09-29T16:47:41.800Z,2026-09-29T10:47:41.913-06:00,267.051,4.2,83.0,0.0,15.4,wind_drone_20260929
2026-09-29T16:47:42.120Z,2026-09-29T16:47:42.000Z,2026-09-29T10:47:42.120-06:00,267.258,4.1,84.0,0.0,15.4,wind_drone_20260929
2026-09-29T16:47:42.313Z,2026-09-29T16:47:42.200Z,2026-09-29T10:47:42.313-06:00,267.451,4.1,86.0,0.0,15.4,wind_drone_20260929
2026-09-29T16:47:42.519Z,2026-09-29T16:47:42.400Z,2026-09-29T10:47:42.519-06:00,267.657,4.0,81.0,0.0,15.4,wind_drone_20260929
2026-09-29T16:47:42.712Z,2026-09-29T16:47:42.600Z,2026-09-29T10:47:42.712-06:00,267.851,3.9,75.0,0.0,15.4,wind_drone_20260929
2026-09-29T16:47:42.919Z,2026-09-29T16:47:42.800Z,2026-09-29T10:47:42.919-06:00,268.057,3.8,73.0,0.0,15.4,wind_drone_20260929
2026-09-29T16:47:43.126Z,2026-09-29T16:47:43.000Z,2026-09-29T10:47:43.126-06:00,268.265,3.8,76.0,0.0,15.4,wind_drone_20260929
2026-09-29T16:47:43.319Z,2026-09-29T16:47:43.200Z,2026-09-29T10:47:43.319-06:00,268.457,3.8,73.0,0.0,15.4,wind_drone_20260929
2026-09-29T16:47:43.526Z,2026-09-29T16:47:43.400Z,2026-09-29T10:47:43.526-06:00,268.664,3.8,72.0,0.0,15.4,wind_drone_20260929
2026-09-29T16:47:43.719Z,2026-09-29T16:47:43.600Z,2026-09-29T10:47:43.719-06:00,268.857,3.8,73.0,0.0,15.4,wind_drone_20260929
2026-09-29T16:47:43.926Z,2026-09-29T16:47:43.800Z,2026-09-29T10:47:43.926-06:00,269.064,3.9,71.0,0.0,15.4,wind_drone_20260929
2026-09-29T16:47:44.119Z,2026-09-29T16:47:44.000Z,2026-09-29T10:47:44.119-06:00,269.257,4.0,72.0,0.0,15.4,wind_drone_20260929
2026-09-29T16:47:44.326Z,2026-09-29T16:47:44.200Z,2026-09-29T10:47:44.326-06:00,269.464,4.0,73.0,0.0,15.4,wind_drone_20260929
2026-09-29T16:47:44.519Z,2026-09-29T16:47:44.400Z,2026-09-29T10:47:44.519-06:00,269.657,4.1,77.0,0.0,15.4,wind_drone_20260929
2026-09-29T16:47:44.726Z,2026-09-29T16:47:44.600Z,2026-09-29T10:47:44.726-06:00,269.864,4.1,79.0,0.0,15.4,wind_drone_20260929
2026-09-29T16:47:44.919Z,2026-09-29T16:47:44.800Z,2026-09-29T10:47:44.919-06:00,270.057,4.1,82.0,0.0,15.4,wind_drone_20260929
2026-09-29T16:47:45.126Z,2026-09-29T16:47:45.000Z,2026-09-29T10:47:45.126-06:00,270.264,4.1,81.0,0.0,15.4,wind_drone_20260929
2026-09-29T16:47:45.318Z,2026-09-29T16:47:45.200Z,2026-09-29T10:47:45.318-06:00,270.457,4.0,84.0,0.0,15.4,wind_drone_20260929
2026-09-29T16:47:45.526Z,2026-09-29T16:47:45.400Z,2026-09-29T10:47:45.526-06:00,270.664,4.0,81.0,0.0,15.4,wind_drone_20260929
2026-09-29T16:47:45.718Z,2026-09-29T16:47:45.600Z,2026-09-29T10:47:45.718-06:00,270.856,4.1,85.0,0.0,15.4,wind_drone_20260929
2026-09-29T16:47:45.925Z,2026-09-29T16:47:45.800Z,2026-09-29T10:47:45.925-06:00,271.064,4.1,89.0,0.0,15.4,wind_drone_20260929
2026-09-29T16:47:46.118Z,2026-09-29T16:47:46.000Z,2026-09-29T10:47:46.118-06:00,271.256,4.1,87.0,0.0,15.4,wind_drone_20260929
2026-09-29T16:47:46.325Z,2026-09-29T16:47:46.200Z,2026-09-29T10:47:46.325-06:00,271.463,4.0,83.0,0.0,15.4,wind_drone_20260929
2026-09-29T16:47:46.518Z,2026-09-29T16:47:46.400Z,2026-09-29T10:47:46.518-06:00,271.656,4.0,87.0,0.0,15.4,wind_drone_20260929
2026-09-29T16:47:46.725Z,2026-09-29T16:47:46.600Z,2026-09-29T10:47:46.725-06:00,271.863,4.1,89.0,0.0,15.4,wind_drone_20260929
2026-09-29T16:47:46.918Z,2026-09-29T16:47:46.800Z,2026-09-29T10:47:46.918-06:00,272.056,4.1,87.0,0.0,15.4,wind_drone_20260929
2026-09-29T16:47:47.125Z,2026-09-29T16:47:47.000Z,2026-09-29T10:47:47.125-06:00,272.263,4.1,88.0,0.0,15.4,wind_drone_20260929
2026-09-29T16:47:47.318Z,2026-09-29T16:47:47.200Z,2026-09-29T10:47:47.318-06:00,272.456,4.1,88.0,0.0,15.4,wind_drone_20260929
2026-09-29T16:47:47.525Z,2026-09-29T16:47:47.400Z,2026-09-29T10:47:47.525-06:00,272.663,4.1,86.0,0.0,15.4,wind_drone_20260929
2026-09-29T16:47:47.718Z,2026-09-29T16:47:47.600Z,2026-09-29T10:47:47.718-06:00,272.856,4.2,87.0,0.0,15.4,wind_drone_20260929
2026-09-29T16:47:47.925Z,2026-09-29T16:47:47.800Z,2026-09-29T10:47:47.925-06:00,273.063,4.2,82.0,0.0,15.4,wind_drone_20260929
2026-09-29T16:47:48.117Z,2026-09-29T16:47:48.000Z,2026-09-29T10:47:48.117-06:00,273.255,4.2,81.0,0.0,15.4,wind_drone_20260929
2026-09-29T16:47:48.324Z,2026-09-29T16:47:48.200Z,2026-09-29T10:47:48.324-06:00,273.463,4.2,81.0,0.0,15.4,wind_drone_20260929
2026-09-29T16:47:48.517Z,2026-09-29T16:47:48.400Z,2026-09-29T10:47:48.517-06:00,273.655,4.1,78.0,0.0,15.4,wind_drone_20260929
2026-09-29T16:47:48.724Z,2026-09-29T16:47:48.600Z,2026-09-29T10:47:48.724-06:00,273.862,4.1,79.0,0.0,15.4,wind_drone_20260929
2026-09-29T16:47:48.917Z,2026-09-29T16:47:48.800Z,2026-09-29T10:47:48.917-06:00,274.055,4.0,80.0,0.0,15.4,wind_drone_20260929
2026-09-29T16:47:49.124Z,2026-09-29T16:47:49.000Z,2026-09-29T10:47:49.124-06:00,274.263,4.0,82.0,0.0,15.4,wind_drone_20260929
2026-09-29T16:47:49.317Z,2026-09-29T16:47:49.200Z,2026-09-29T10:47:49.317-06:00,274.455,3.9,81.0,0.0,15.4,wind_drone_20260929
2026-09-29T16:47:49.524Z,2026-09-29T16:47:49.400Z,2026-09-29T10:47:49.524-06:00,274.662,3.9,84.0,0.0,15.4,wind_drone_20260929
2026-09-29T16:47:49.717Z,2026-09-29T16:47:49.600Z,2026-09-29T10:47:49.717-06:00,274.855,3.9,83.0,0.0,15.4,wind_drone_20260929
2026-09-29T16:47:49.924Z,2026-09-29T16:47:49.800Z,2026-09-29T10:47:49.924-06:00,275.062,3.9,86.0,0.0,15.4,wind_drone_20260929
2026-09-29T16:47:50.117Z,2026-09-29T16:47:50.000Z,2026-09-29T10:47:50.117-06:00,275.255,3.9,85.0,0.0,15.4,wind_drone_20260929
2026-09-29T16:47:50.324Z,2026-09-29T16:47:50.200Z,2026-09-29T10:47:50.324-06:00,275.462,3.9,85.0,0.0,15.4,wind_drone_20260929
2026-09-29T16:47:50.517Z,2026-09-29T16:47:50.400Z,2026-09-29T10:47:50.517-06:00,275.655,3.9,81.0,0.0,15.4,wind_drone_20260929
2026-09-29T16:47:50.724Z,2026-09-29T16:47:50.600Z,2026-09-29T10:47:50.724-06:00,275.862,3.9,76.0,0.0,15.4,wind_drone_20260929
2026-09-29T16:47:50.916Z,2026-09-29T16:47:50.800Z,2026-09-29T10:47:50.916-06:00,276.055,3.9,79.0,0.0,15.4,wind_drone_20260929
2026-09-29T16:47:51.124Z,2026-09-29T16:47:51.000Z,2026-09-29T10:47:51.124-06:00,276.262,3.8,79.0,0.0,15.4,wind_drone_20260929
2026-09-29T16:47:51.316Z,2026-09-29T16:47:51.200Z,2026-09-29T10:47:51.316-06:00,276.454,3.8,74.0,0.0,15.4,wind_drone_20260929
2026-09-29T16:47:51.524Z,2026-09-29T16:47:51.400Z,2026-09-29T10:47:51.524-06:00,276.662,3.8,74.0,0.0,15.4,wind_drone_20260929
2026-09-29T16:47:51.716Z,2026-09-29T16:47:51.600Z,2026-09-29T10:47:51.716-06:00,276.854,3.7,74.0,0.0,15.4,wind_drone_20260929
2026-09-29T16:47:51.923Z,2026-09-29T16:47:51.800Z,2026-09-29T10:47:51.923-06:00,277.062,3.7,73.0,0.0,15.4,wind_drone_20260929
2026-09-29T16:47:52.116Z,2026-09-29T16:47:52.000Z,2026-09-29T10:47:52.116-06:00,277.254,3.7,72.0,0.0,15.4,wind_drone_20260929
2026-09-29T16:47:52.323Z,2026-09-29T16:47:52.200Z,2026-09-29T10:47:52.323-06:00,277.461,3.7,70.0,0.0,15.4,wind_drone_20260929
2026-09-29T16:47:52.516Z,2026-09-29T16:47:52.400Z,2026-09-29T10:47:52.516-06:00,277.654,3.8,73.0,0.0,15.4,wind_drone_20260929
2026-09-29T16:47:52.723Z,2026-09-29T16:47:52.600Z,2026-09-29T10:47:52.723-06:00,277.861,3.8,73.0,0.0,15.4,wind_drone_20260929
2026-09-29T16:47:52.915Z,2026-09-29T16:47:52.800Z,2026-09-29T10:47:52.915-06:00,278.054,3.9,74.0,0.0,15.4,wind_drone_20260929
2026-09-29T16:47:53.123Z,2026-09-29T16:47:53.000Z,2026-09-29T10:47:53.123-06:00,278.261,3.9,76.0,0.0,15.4,wind_drone_20260929
2026-09-29T16:47:53.315Z,2026-09-29T16:47:53.200Z,2026-09-29T10:47:53.315-06:00,278.454,4.0,76.0,0.0,15.4,wind_drone_20260929
2026-09-29T16:47:53.523Z,2026-09-29T16:47:53.400Z,2026-09-29T10:47:53.523-06:00,278.661,4.1,77.0,0.0,15.4,wind_drone_20260929
2026-09-29T16:47:53.715Z,2026-09-29T16:47:53.600Z,2026-09-29T10:47:53.715-06:00,278.854,4.2,75.0,0.0,15.4,wind_drone_20260929
2026-09-29T16:47:53.923Z,2026-09-29T16:47:53.800Z,2026-09-29T10:47:53.923-06:00,279.061,4.2,78.0,0.0,15.4,wind_drone_20260929
2026-09-29T16:47:54.115Z,2026-09-29T16:47:54.000Z,2026-09-29T10:47:54.115-06:00,279.253,4.2,78.0,0.0,15.4,wind_drone_20260929
2026-09-29T16:47:54.323Z,2026-09-29T16:47:54.200Z,2026-09-29T10:47:54.323-06:00,279.461,4.2,76.0,0.0,15.4,wind_drone_20260929
2026-09-29T16:47:54.515Z,2026-09-29T16:47:54.400Z,2026-09-29T10:47:54.515-06:00,279.653,4.1,75.0,0.0,15.4,wind_drone_20260929
2026-09-29T16:47:54.722Z,2026-09-29T16:47:54.600Z,2026-09-29T10:47:54.722-06:00,279.86,4.1,72.0,0.0,15.4,wind_drone_20260929
2026-09-29T16:47:54.915Z,2026-09-29T16:47:54.800Z,2026-09-29T10:47:54.915-06:00,280.053,4.1,74.0,0.0,15.4,wind_drone_20260929
2026-09-29T16:47:55.122Z,2026-09-29T16:47:55.000Z,2026-09-29T10:47:55.122-06:00,280.26,4.0,72.0,0.0,15.4,wind_drone_20260929
2026-09-29T16:47:55.315Z,2026-09-29T16:47:55.200Z,2026-09-29T10:47:55.315-06:00,280.453,4.0,77.0,0.0,15.4,wind_drone_20260929
2026-09-29T16:47:55.522Z,2026-09-29T16:47:55.400Z,2026-09-29T10:47:55.522-06:00,280.66,4.0,74.0,0.0,15.4,wind_drone_20260929
2026-09-29T16:47:55.715Z,2026-09-29T16:47:55.600Z,2026-09-29T10:47:55.715-06:00,280.853,4.0,72.0,0.0,15.4,wind_drone_20260929
2026-09-29T16:47:55.922Z,2026-09-29T16:47:55.800Z,2026-09-29T10:47:55.922-06:00,281.06,4.0,68.0,0.0,15.4,wind_drone_20260929
2026-09-29T16:47:56.114Z,2026-09-29T16:47:56.000Z,2026-09-29T10:47:56.114-06:00,281.253,4.0,72.0,0.0,15.4,wind_drone_20260929
2026-09-29T16:47:56.322Z,2026-09-29T16:47:56.200Z,2026-09-29T10:47:56.322-06:00,281.46,4.1,72.0,0.0,15.4,wind_drone_20260929
2026-09-29T16:47:56.514Z,2026-09-29T16:47:56.400Z,2026-09-29T10:47:56.514-06:00,281.653,4.2,69.0,0.0,15.4,wind_drone_20260929
2026-09-29T16:47:56.721Z,2026-09-29T16:47:56.600Z,2026-09-29T10:47:56.721-06:00,281.86,4.3,70.0,0.0,15.4,wind_drone_20260929
2026-09-29T16:47:56.915Z,2026-09-29T16:47:56.800Z,2026-09-29T10:47:56.915-06:00,282.053,4.4,75.0,0.0,15.4,wind_drone_20260929
2026-09-29T16:47:57.121Z,2026-09-29T16:47:57.000Z,2026-09-29T10:47:57.121-06:00,282.26,4.4,76.0,0.0,15.4,wind_drone_20260929
2026-09-29T16:47:57.314Z,2026-09-29T16:47:57.200Z,2026-09-29T10:47:57.314-06:00,282.452,4.4,74.0,0.0,15.4,wind_drone_20260929
2026-09-29T16:47:57.522Z,2026-09-29T16:47:57.400Z,2026-09-29T10:47:57.522-06:00,282.66,4.6,72.0,0.0,15.4,wind_drone_20260929
2026-09-29T16:47:57.714Z,2026-09-29T16:47:57.600Z,2026-09-29T10:47:57.714-06:00,282.853,4.7,73.0,0.0,15.4,wind_drone_20260929
2026-09-29T16:47:57.921Z,2026-09-29T16:47:57.800Z,2026-09-29T10:47:57.921-06:00,283.059,4.7,75.0,0.0,15.4,wind_drone_20260929
2026-09-29T16:47:58.114Z,2026-09-29T16:47:58.000Z,2026-09-29T10:47:58.114-06:00,283.252,4.8,77.0,0.0,15.4,wind_drone_20260929
2026-09-29T16:47:58.321Z,2026-09-29T16:47:58.200Z,2026-09-29T10:47:58.321-06:00,283.459,5.0,75.0,0.0,15.4,wind_drone_20260929
2026-09-29T16:47:58.514Z,2026-09-29T16:47:58.400Z,2026-09-29T10:47:58.514-06:00,283.652,5.1,73.0,0.0,15.4,wind_drone_20260929
2026-09-29T16:47:58.721Z,2026-09-29T16:47:58.600Z,2026-09-29T10:47:58.721-06:00,283.859,5.3,70.0,0.0,15.4,wind_drone_20260929
2026-09-29T16:47:58.914Z,2026-09-29T16:47:58.800Z,2026-09-29T10:47:58.914-06:00,284.052,5.4,72.0,0.0,15.4,wind_drone_20260929
2026-09-29T16:47:59.121Z,2026-09-29T16:47:59.000Z,2026-09-29T10:47:59.121-06:00,284.259,5.5,75.0,0.0,15.4,wind_drone_20260929
2026-09-29T16:47:59.314Z,2026-09-29T16:47:59.200Z,2026-09-29T10:47:59.314-06:00,284.452,5.5,73.0,0.0,15.4,wind_drone_20260929
2026-09-29T16:47:59.521Z,2026-09-29T16:47:59.400Z,2026-09-29T10:47:59.521-06:00,284.659,5.6,72.0,0.0,15.4,wind_drone_20260929
2026-09-29T16:47:59.714Z,2026-09-29T16:47:59.600Z,2026-09-29T10:47:59.714-06:00,284.852,5.6,66.0,0.0,15.4,wind_drone_20260929
2026-09-29T16:47:59.921Z,2026-09-29T16:47:59.800Z,2026-09-29T10:47:59.921-06:00,285.059,5.5,67.0,0.0,15.4,wind_drone_20260929
2026-09-29T16:48:00.113Z,2026-09-29T16:48:00.000Z,2026-09-29T10:48:00.113-06:00,285.252,5.6,71.0,0.0,15.4,wind_drone_20260929
2026-09-29T16:48:00.321Z,2026-09-29T16:48:00.200Z,2026-09-29T10:48:00.321-06:00,285.459,5.6,71.0,0.0,15.4,wind_drone_20260929
2026-09-29T16:48:00.514Z,2026-09-29T16:48:00.400Z,2026-09-29T10:48:00.514-06:00,285.652,5.7,68.0,0.0,15.4,wind_drone_20260929
2026-09-29T16:48:00.720Z,2026-09-29T16:48:00.600Z,2026-09-29T10:48:00.720-06:00,285.858,5.8,68.0,0.0,15.4,wind_drone_20260929
2026-09-29T16:48:00.913Z,2026-09-29T16:48:00.800Z,2026-09-29T10:48:00.913-06:00,286.051,6.0,64.0,0.0,15.4,wind_drone_20260929
2026-09-29T16:48:01.120Z,2026-09-29T16:48:01.000Z,2026-09-29T10:48:01.120-06:00,286.258,6.2,65.0,0.0,15.4,wind_drone_20260929
2026-09-29T16:48:01.313Z,2026-09-29T16:48:01.200Z,2026-09-29T10:48:01.313-06:00,286.451,6.5,64.0,0.0,15.4,wind_drone_20260929
2026-09-29T16:48:01.520Z,2026-09-29T16:48:01.400Z,2026-09-29T10:48:01.520-06:00,286.658,6.7,65.0,0.0,15.4,wind_drone_20260929
2026-09-29T16:48:01.713Z,2026-09-29T16:48:01.600Z,2026-09-29T10:48:01.713-06:00,286.851,7.0,75.0,0.0,15.4,wind_drone_20260929
2026-09-29T16:48:01.920Z,2026-09-29T16:48:01.800Z,2026-09-29T10:48:01.920-06:00,287.058,7.1,74.0,0.0,15.4,wind_drone_20260929
2026-09-29T16:48:02.112Z,2026-09-29T16:48:02.000Z,2026-09-29T10:48:02.112-06:00,287.25,7.2,70.0,0.0,15.4,wind_drone_20260929
2026-09-29T16:48:02.320Z,2026-09-29T16:48:02.200Z,2026-09-29T10:48:02.320-06:00,287.458,7.3,69.0,0.0,15.4,wind_drone_20260929
2026-09-29T16:48:02.512Z,2026-09-29T16:48:02.400Z,2026-09-29T10:48:02.512-06:00,287.65,7.1,66.0,0.0,15.4,wind_drone_20260929
2026-09-29T16:48:02.720Z,2026-09-29T16:48:02.600Z,2026-09-29T10:48:02.720-06:00,287.858,7.0,62.0,0.0,15.4,wind_drone_20260929
2026-09-29T16:48:02.912Z,2026-09-29T16:48:02.800Z,2026-09-29T10:48:02.912-06:00,288.05,6.9,71.0,0.0,15.4,wind_drone_20260929
2026-09-29T16:48:03.119Z,2026-09-29T16:48:03.000Z,2026-09-29T10:48:03.119-06:00,288.257,6.7,73.0,0.0,15.4,wind_drone_20260929
2026-09-29T16:48:03.312Z,2026-09-29T16:48:03.200Z,2026-09-29T10:48:03.312-06:00,288.45,6.4,67.0,0.0,15.4,wind_drone_20260929
2026-09-29T16:48:03.519Z,2026-09-29T16:48:03.400Z,2026-09-29T10:48:03.519-06:00,288.657,6.4,61.0,0.0,15.4,wind_drone_20260929
2026-09-29T16:48:03.712Z,2026-09-29T16:48:03.600Z,2026-09-29T10:48:03.712-06:00,288.85,6.3,66.0,0.0,15.4,wind_drone_20260929
2026-09-29T16:48:03.919Z,2026-09-29T16:48:03.800Z,2026-09-29T10:48:03.919-06:00,289.057,6.4,71.0,0.0,15.4,wind_drone_20260929
2026-09-29T16:48:04.126Z,2026-09-29T16:48:04.000Z,2026-09-29T10:48:04.126-06:00,289.265,6.5,71.0,0.0,15.4,wind_drone_20260929
2026-09-29T16:48:04.319Z,2026-09-29T16:48:04.200Z,2026-09-29T10:48:04.319-06:00,289.457,6.6,67.0,0.0,15.4,wind_drone_20260929
2026-09-29T16:48:04.526Z,2026-09-29T16:48:04.400Z,2026-09-29T10:48:04.526-06:00,289.664,6.7,68.0,0.0,15.4,wind_drone_20260929
2026-09-29T16:48:04.719Z,2026-09-29T16:48:04.600Z,2026-09-29T10:48:04.719-06:00,289.857,6.7,73.0,0.0,15.4,wind_drone_20260929
2026-09-29T16:48:04.926Z,2026-09-29T16:48:04.800Z,2026-09-29T10:48:04.926-06:00,290.064,6.8,73.0,0.0,15.4,wind_drone_20260929
2026-09-29T16:48:05.119Z,2026-09-29T16:48:05.000Z,2026-09-29T10:48:05.119-06:00,290.257,6.7,71.0,0.0,15.4,wind_drone_20260929
2026-09-29T16:48:05.326Z,2026-09-29T16:48:05.200Z,2026-09-29T10:48:05.326-06:00,290.464,6.7,71.0,0.0,15.4,wind_drone_20260929
2026-09-29T16:48:05.519Z,2026-09-29T16:48:05.400Z,2026-09-29T10:48:05.519-06:00,290.657,6.6,70.0,0.0,15.4,wind_drone_20260929
2026-09-29T16:48:05.726Z,2026-09-29T16:48:05.600Z,2026-09-29T10:48:05.726-06:00,290.864,6.6,70.0,0.0,15.4,wind_drone_20260929
2026-09-29T16:48:05.918Z,2026-09-29T16:48:05.800Z,2026-09-29T10:48:05.918-06:00,291.056,6.5,69.0,0.0,15.4,wind_drone_20260929
2026-09-29T16:48:06.126Z,2026-09-29T16:48:06.000Z,2026-09-29T10:48:06.126-06:00,291.264,6.4,69.0,0.0,15.4,wind_drone_20260929
2026-09-29T16:48:06.318Z,2026-09-29T16:48:06.200Z,2026-09-29T10:48:06.318-06:00,291.456,6.3,68.0,0.0,15.4,wind_drone_20260929
2026-09-29T16:48:06.525Z,2026-09-29T16:48:06.400Z,2026-09-29T10:48:06.525-06:00,291.664,6.1,67.0,0.0,15.4,wind_drone_20260929
2026-09-29T16:48:06.718Z,2026-09-29T16:48:06.600Z,2026-09-29T10:48:06.718-06:00,291.856,6.0,65.0,0.0,15.4,wind_drone_20260929
2026-09-29T16:48:06.925Z,2026-09-29T16:48:06.800Z,2026-09-29T10:48:06.925-06:00,292.064,6.0,66.0,0.0,15.4,wind_drone_20260929
2026-09-29T16:48:07.118Z,2026-09-29T16:48:07.000Z,2026-09-29T10:48:07.118-06:00,292.256,5.8,66.0,0.0,15.4,wind_drone_20260929
2026-09-29T16:48:07.325Z,2026-09-29T16:48:07.200Z,2026-09-29T10:48:07.325-06:00,292.464,5.6,66.0,0.0,15.4,wind_drone_20260929
2026-09-29T16:48:07.518Z,2026-09-29T16:48:07.400Z,2026-09-29T10:48:07.518-06:00,292.656,5.5,66.0,0.0,15.4,wind_drone_20260929
2026-09-29T16:48:07.725Z,2026-09-29T16:48:07.600Z,2026-09-29T10:48:07.725-06:00,292.863,5.4,68.0,0.0,15.4,wind_drone_20260929
2026-09-29T16:48:07.918Z,2026-09-29T16:48:07.800Z,2026-09-29T10:48:07.918-06:00,293.056,5.4,73.0,0.0,15.4,wind_drone_20260929
2026-09-29T16:48:08.125Z,2026-09-29T16:48:08.000Z,2026-09-29T10:48:08.125-06:00,293.263,5.4,70.0,0.0,15.4,wind_drone_20260929
2026-09-29T16:48:08.318Z,2026-09-29T16:48:08.200Z,2026-09-29T10:48:08.318-06:00,293.456,5.5,71.0,0.0,15.4,wind_drone_20260929
2026-09-29T16:48:08.525Z,2026-09-29T16:48:08.400Z,2026-09-29T10:48:08.525-06:00,293.663,5.7,74.0,0.0,15.4,wind_drone_20260929
2026-09-29T16:48:08.718Z,2026-09-29T16:48:08.600Z,2026-09-29T10:48:08.718-06:00,293.856,5.9,75.0,0.0,15.4,wind_drone_20260929
2026-09-29T16:48:08.925Z,2026-09-29T16:48:08.800Z,2026-09-29T10:48:08.925-06:00,294.063,6.2,75.0,0.0,15.4,wind_drone_20260929
2026-09-29T16:48:09.117Z,2026-09-29T16:48:09.000Z,2026-09-29T10:48:09.117-06:00,294.256,6.3,74.0,0.0,15.4,wind_drone_20260929
2026-09-29T16:48:09.325Z,2026-09-29T16:48:09.200Z,2026-09-29T10:48:09.325-06:00,294.463,6.5,77.0,0.0,15.4,wind_drone_20260929
2026-09-29T16:48:09.517Z,2026-09-29T16:48:09.400Z,2026-09-29T10:48:09.517-06:00,294.655,6.5,73.0,0.0,15.4,wind_drone_20260929
2026-09-29T16:48:09.724Z,2026-09-29T16:48:09.600Z,2026-09-29T10:48:09.724-06:00,294.862,6.7,68.0,0.0,15.4,wind_drone_20260929
2026-09-29T16:48:09.917Z,2026-09-29T16:48:09.800Z,2026-09-29T10:48:09.917-06:00,295.055,6.7,65.0,0.0,15.4,wind_drone_20260929
2026-09-29T16:48:10.124Z,2026-09-29T16:48:10.000Z,2026-09-29T10:48:10.124-06:00,295.262,6.6,70.0,0.0,15.4,wind_drone_20260929
2026-09-29T16:48:10.317Z,2026-09-29T16:48:10.200Z,2026-09-29T10:48:10.317-06:00,295.455,6.7,79.0,0.0,15.4,wind_drone_20260929
2026-09-29T16:48:10.524Z,2026-09-29T16:48:10.400Z,2026-09-29T10:48:10.524-06:00,295.662,6.7,75.0,0.0,15.4,wind_drone_20260929
2026-09-29T16:48:10.717Z,2026-09-29T16:48:10.600Z,2026-09-29T10:48:10.717-06:00,295.855,6.8,69.0,0.0,15.4,wind_drone_20260929
2026-09-29T16:48:10.924Z,2026-09-29T16:48:10.800Z,2026-09-29T10:48:10.924-06:00,296.062,6.8,67.0,0.0,15.4,wind_drone_20260929
2026-09-29T16:48:11.117Z,2026-09-29T16:48:11.000Z,2026-09-29T10:48:11.117-06:00,296.255,6.9,73.0,0.0,15.4,wind_drone_20260929
2026-09-29T16:48:11.324Z,2026-09-29T16:48:11.200Z,2026-09-29T10:48:11.324-06:00,296.462,6.9,72.0,0.0,15.4,wind_drone_20260929
2026-09-29T16:48:11.516Z,2026-09-29T16:48:11.400Z,2026-09-29T10:48:11.516-06:00,296.654,6.8,73.0,0.0,15.4,wind_drone_20260929
2026-09-29T16:48:11.724Z,2026-09-29T16:48:11.600Z,2026-09-29T10:48:11.724-06:00,296.862,6.8,78.0,0.0,15.4,wind_drone_20260929
2026-09-29T16:48:11.917Z,2026-09-29T16:48:11.800Z,2026-09-29T10:48:11.917-06:00,297.055,6.7,76.0,0.0,15.4,wind_drone_20260929
2026-09-29T16:48:12.124Z,2026-09-29T16:48:12.000Z,2026-09-29T10:48:12.124-06:00,297.262,6.6,76.0,0.0,15.4,wind_drone_20260929
2026-09-29T16:48:12.316Z,2026-09-29T16:48:12.200Z,2026-09-29T10:48:12.316-06:00,297.454,6.6,78.0,0.0,15.4,wind_drone_20260929
2026-09-29T16:48:12.523Z,2026-09-29T16:48:12.400Z,2026-09-29T10:48:12.523-06:00,297.662,6.5,76.0,0.0,15.4,wind_drone_20260929
2026-09-29T16:48:12.716Z,2026-09-29T16:48:12.600Z,2026-09-29T10:48:12.716-06:00,297.854,6.5,74.0,0.0,15.4,wind_drone_20260929
2026-09-29T16:48:12.923Z,2026-09-29T16:48:12.800Z,2026-09-29T10:48:12.923-06:00,298.062,6.4,74.0,0.0,15.4,wind_drone_20260929
2026-09-29T16:48:13.116Z,2026-09-29T16:48:13.000Z,2026-09-29T10:48:13.116-06:00,298.254,6.3,76.0,0.0,15.4,wind_drone_20260929
2026-09-29T16:48:13.323Z,2026-09-29T16:48:13.200Z,2026-09-29T10:48:13.323-06:00,298.461,6.3,75.0,0.0,15.4,wind_drone_20260929
2026-09-29T16:48:13.516Z,2026-09-29T16:48:13.400Z,2026-09-29T10:48:13.516-06:00,298.654,6.2,84.0,0.0,15.4,wind_drone_20260929
2026-09-29T16:48:13.723Z,2026-09-29T16:48:13.600Z,2026-09-29T10:48:13.723-06:00,298.861,6.1,81.0,0.0,15.4,wind_drone_20260929
2026-09-29T16:48:13.916Z,2026-09-29T16:48:13.800Z,2026-09-29T10:48:13.916-06:00,299.054,6.0,81.0,0.0,15.4,wind_drone_20260929
2026-09-29T16:48:14.123Z,2026-09-29T16:48:14.000Z,2026-09-29T10:48:14.123-06:00,299.261,5.9,79.0,0.0,15.4,wind_drone_20260929
2026-09-29T16:48:14.316Z,2026-09-29T16:48:14.200Z,2026-09-29T10:48:14.316-06:00,299.454,5.8,74.0,0.0,15.4,wind_drone_20260929
2026-09-29T16:48:14.523Z,2026-09-29T16:48:14.400Z,2026-09-29T10:48:14.523-06:00,299.661,5.6,68.0,0.0,15.4,wind_drone_20260929
2026-09-29T16:48:14.715Z,2026-09-29T16:48:14.600Z,2026-09-29T10:48:14.715-06:00,299.853,5.5,72.0,0.0,15.4,wind_drone_20260929
2026-09-29T16:48:14.923Z,2026-09-29T16:48:14.800Z,2026-09-29T10:48:14.923-06:00,300.061,5.5,75.0,0.0,15.4,wind_drone_20260929
2026-09-29T16:48:15.115Z,2026-09-29T16:48:15.000Z,2026-09-29T10:48:15.115-06:00,300.253,5.4,74.0,0.0,15.4,wind_drone_20260929
2026-09-29T16:48:15.322Z,2026-09-29T16:48:15.200Z,2026-09-29T10:48:15.322-06:00,300.461,5.3,71.0,0.0,15.4,wind_drone_20260929
2026-09-29T16:48:15.515Z,2026-09-29T16:48:15.400Z,2026-09-29T10:48:15.515-06:00,300.653,5.2,68.0,0.0,15.4,wind_drone_20260929
2026-09-29T16:48:15.722Z,2026-09-29T16:48:15.600Z,2026-09-29T10:48:15.722-06:00,300.861,5.1,66.0,0.0,15.4,wind_drone_20260929
2026-09-29T16:48:15.915Z,2026-09-29T16:48:15.800Z,2026-09-29T10:48:15.915-06:00,301.053,5.0,68.0,0.0,15.4,wind_drone_20260929
2026-09-29T16:48:16.122Z,2026-09-29T16:48:16.000Z,2026-09-29T10:48:16.122-06:00,301.26,5.0,72.0,0.0,15.4,wind_drone_20260929
2026-09-29T16:48:16.315Z,2026-09-29T16:48:16.200Z,2026-09-29T10:48:16.315-06:00,301.453,5.0,71.0,0.0,15.4,wind_drone_20260929
2026-09-29T16:48:16.522Z,2026-09-29T16:48:16.400Z,2026-09-29T10:48:16.522-06:00,301.66,5.0,71.0,0.0,15.4,wind_drone_20260929
2026-09-29T16:48:16.714Z,2026-09-29T16:48:16.600Z,2026-09-29T10:48:16.714-06:00,301.853,4.9,71.0,0.0,15.4,wind_drone_20260929
2026-09-29T16:48:16.922Z,2026-09-29T16:48:16.800Z,2026-09-29T10:48:16.922-06:00,302.06,4.9,74.0,0.0,15.4,wind_drone_20260929
2026-09-29T16:48:17.115Z,2026-09-29T16:48:17.000Z,2026-09-29T10:48:17.115-06:00,302.253,5.0,74.0,0.0,15.4,wind_drone_20260929
2026-09-29T16:48:17.322Z,2026-09-29T16:48:17.200Z,2026-09-29T10:48:17.322-06:00,302.46,5.1,74.0,0.0,15.4,wind_drone_20260929
2026-09-29T16:48:17.514Z,2026-09-29T16:48:17.400Z,2026-09-29T10:48:17.514-06:00,302.653,5.1,71.0,0.0,15.4,wind_drone_20260929
2026-09-29T16:48:17.722Z,2026-09-29T16:48:17.600Z,2026-09-29T10:48:17.722-06:00,302.86,5.2,79.0,0.0,15.4,wind_drone_20260929
2026-09-29T16:48:17.914Z,2026-09-29T16:48:17.800Z,2026-09-29T10:48:17.914-06:00,303.052,5.3,79.0,0.0,15.4,wind_drone_20260929
2026-09-29T16:48:18.121Z,2026-09-29T16:48:18.000Z,2026-09-29T10:48:18.121-06:00,303.26,5.4,72.0,0.0,15.4,wind_drone_20260929
2026-09-29T16:48:18.314Z,2026-09-29T16:48:18.200Z,2026-09-29T10:48:18.314-06:00,303.452,5.6,71.0,0.0,15.4,wind_drone_20260929
2026-09-29T16:48:18.521Z,2026-09-29T16:48:18.400Z,2026-09-29T10:48:18.521-06:00,303.659,5.7,71.0,0.0,15.4,wind_drone_20260929
2026-09-29T16:48:18.714Z,2026-09-29T16:48:18.600Z,2026-09-29T10:48:18.714-06:00,303.852,5.9,70.0,0.0,15.4,wind_drone_20260929
2026-09-29T16:48:18.921Z,2026-09-29T16:48:18.800Z,2026-09-29T10:48:18.921-06:00,304.059,6.0,69.0,0.0,15.4,wind_drone_20260929
2026-09-29T16:48:19.114Z,2026-09-29T16:48:19.000Z,2026-09-29T10:48:19.114-06:00,304.252,6.2,70.0,0.0,15.4,wind_drone_20260929
2026-09-29T16:48:19.321Z,2026-09-29T16:48:19.200Z,2026-09-29T10:48:19.321-06:00,304.459,6.2,74.0,0.0,15.4,wind_drone_20260929
2026-09-29T16:48:19.514Z,2026-09-29T16:48:19.400Z,2026-09-29T10:48:19.514-06:00,304.652,6.1,70.0,0.0,15.4,wind_drone_20260929
2026-09-29T16:48:19.721Z,2026-09-29T16:48:19.600Z,2026-09-29T10:48:19.721-06:00,304.859,6.1,71.0,0.0,15.4,wind_drone_20260929
2026-09-29T16:48:19.914Z,2026-09-29T16:48:19.800Z,2026-09-29T10:48:19.914-06:00,305.052,6.0,70.0,0.0,15.4,wind_drone_20260929
2026-09-29T16:48:20.121Z,2026-09-29T16:48:20.000Z,2026-09-29T10:48:20.121-06:00,305.259,6.0,70.0,0.0,15.4,wind_drone_20260929
2026-09-29T16:48:20.313Z,2026-09-29T16:48:20.200Z,2026-09-29T10:48:20.313-06:00,305.451,5.7,68.0,0.0,15.4,wind_drone_20260929
2026-09-29T16:48:20.521Z,2026-09-29T16:48:20.400Z,2026-09-29T10:48:20.521-06:00,305.659,5.7,70.0,0.0,15.4,wind_drone_20260929
2026-09-29T16:48:20.714Z,2026-09-29T16:48:20.600Z,2026-09-29T10:48:20.714-06:00,305.852,5.6,69.0,0.0,15.4,wind_drone_20260929
2026-09-29T16:48:20.921Z,2026-09-29T16:48:20.800Z,2026-09-29T10:48:20.921-06:00,306.059,5.4,71.0,0.0,15.4,wind_drone_20260929
2026-09-29T16:48:21.113Z,2026-09-29T16:48:21.000Z,2026-09-29T10:48:21.113-06:00,306.251,5.3,70.0,0.0,15.4,wind_drone_20260929
2026-09-29T16:48:21.320Z,2026-09-29T16:48:21.200Z,2026-09-29T10:48:21.320-06:00,306.459,5.3,67.0,0.0,15.4,wind_drone_20260929
2026-09-29T16:48:21.513Z,2026-09-29T16:48:21.400Z,2026-09-29T10:48:21.513-06:00,306.651,5.3,64.0,0.0,15.4,wind_drone_20260929
2026-09-29T16:48:21.720Z,2026-09-29T16:48:21.600Z,2026-09-29T10:48:21.720-06:00,306.858,5.2,66.0,0.0,15.4,wind_drone_20260929
2026-09-29T16:48:21.913Z,2026-09-29T16:48:21.800Z,2026-09-29T10:48:21.913-06:00,307.051,5.2,66.0,0.0,15.4,wind_drone_20260929
2026-09-29T16:48:22.120Z,2026-09-29T16:48:22.000Z,2026-09-29T10:48:22.120-06:00,307.258,5.2,67.0,0.0,15.4,wind_drone_20260929
2026-09-29T16:48:22.313Z,2026-09-29T16:48:22.200Z,2026-09-29T10:48:22.313-06:00,307.451,5.1,64.0,0.0,15.4,wind_drone_20260929
2026-09-29T16:48:22.520Z,2026-09-29T16:48:22.400Z,2026-09-29T10:48:22.520-06:00,307.658,5.1,70.0,0.0,15.4,wind_drone_20260929
2026-09-29T16:48:22.712Z,2026-09-29T16:48:22.600Z,2026-09-29T10:48:22.712-06:00,307.851,5.1,71.0,0.0,15.4,wind_drone_20260929
2026-09-29T16:48:22.920Z,2026-09-29T16:48:22.800Z,2026-09-29T10:48:22.920-06:00,308.058,5.1,71.0,0.0,15.4,wind_drone_20260929
2026-09-29T16:48:23.112Z,2026-09-29T16:48:23.000Z,2026-09-29T10:48:23.112-06:00,308.25,5.0,70.0,0.0,15.4,wind_drone_20260929
2026-09-29T16:48:23.320Z,2026-09-29T16:48:23.200Z,2026-09-29T10:48:23.320-06:00,308.458,5.0,73.0,0.0,15.4,wind_drone_20260929
2026-09-29T16:48:23.512Z,2026-09-29T16:48:23.400Z,2026-09-29T10:48:23.512-06:00,308.65,5.0,72.0,0.0,15.4,wind_drone_20260929
2026-09-29T16:48:23.719Z,2026-09-29T16:48:23.600Z,2026-09-29T10:48:23.719-06:00,308.858,5.0,74.0,0.0,15.4,wind_drone_20260929
2026-09-29T16:48:23.912Z,2026-09-29T16:48:23.800Z,2026-09-29T10:48:23.912-06:00,309.05,5.0,77.0,0.0,15.4,wind_drone_20260929
2026-09-29T16:48:24.119Z,2026-09-29T16:48:24.000Z,2026-09-29T10:48:24.119-06:00,309.257,5.0,76.0,0.0,15.4,wind_drone_20260929
2026-09-29T16:48:24.312Z,2026-09-29T16:48:24.200Z,2026-09-29T10:48:24.312-06:00,309.45,5.1,79.0,0.0,15.4,wind_drone_20260929
2026-09-29T16:48:24.519Z,2026-09-29T16:48:24.400Z,2026-09-29T10:48:24.519-06:00,309.657,5.1,78.0,0.0,15.4,wind_drone_20260929
2026-09-29T16:48:24.712Z,2026-09-29T16:48:24.600Z,2026-09-29T10:48:24.712-06:00,309.851,5.2,77.0,0.0,15.4,wind_drone_20260929
2026-09-29T16:48:24.919Z,2026-09-29T16:48:24.800Z,2026-09-29T10:48:24.919-06:00,310.057,5.3,79.0,0.0,15.4,wind_drone_20260929
2026-09-29T16:48:25.112Z,2026-09-29T16:48:25.000Z,2026-09-29T10:48:25.112-06:00,310.25,5.5,79.0,0.0,15.4,wind_drone_20260929
2026-09-29T16:48:25.319Z,2026-09-29T16:48:25.200Z,2026-09-29T10:48:25.319-06:00,310.457,5.5,79.0,0.0,15.4,wind_drone_20260929
2026-09-29T16:48:25.526Z,2026-09-29T16:48:25.400Z,2026-09-29T10:48:25.526-06:00,310.664,5.6,81.0,0.0,15.4,wind_drone_20260929
2026-09-29T16:48:25.719Z,2026-09-29T16:48:25.600Z,2026-09-29T10:48:25.719-06:00,310.857,5.7,80.0,0.0,15.4,wind_drone_20260929
2026-09-29T16:48:25.926Z,2026-09-29T16:48:25.800Z,2026-09-29T10:48:25.926-06:00,311.064,5.7,78.0,0.0,15.4,wind_drone_20260929
2026-09-29T16:48:26.118Z,2026-09-29T16:48:26.000Z,2026-09-29T10:48:26.118-06:00,311.257,5.7,78.0,0.0,15.4,wind_drone_20260929
2026-09-29T16:48:26.326Z,2026-09-29T16:48:26.200Z,2026-09-29T10:48:26.326-06:00,311.464,5.7,78.0,0.0,15.4,wind_drone_20260929
2026-09-29T16:48:26.518Z,2026-09-29T16:48:26.400Z,2026-09-29T10:48:26.518-06:00,311.657,5.7,76.0,0.0,15.4,wind_drone_20260929
2026-09-29T16:48:26.726Z,2026-09-29T16:48:26.600Z,2026-09-29T10:48:26.726-06:00,311.864,5.7,77.0,0.0,15.4,wind_drone_20260929
2026-09-29T16:48:26.918Z,2026-09-29T16:48:26.800Z,2026-09-29T10:48:26.918-06:00,312.056,5.7,77.0,0.0,15.4,wind_drone_20260929
2026-09-29T16:48:27.125Z,2026-09-29T16:48:27.000Z,2026-09-29T10:48:27.125-06:00,312.264,5.7,75.0,0.0,15.4,wind_drone_20260929
2026-09-29T16:48:27.318Z,2026-09-29T16:48:27.200Z,2026-09-29T10:48:27.318-06:00,312.456,5.8,75.0,0.0,15.4,wind_drone_20260929
2026-09-29T16:48:27.525Z,2026-09-29T16:48:27.400Z,2026-09-29T10:48:27.525-06:00,312.664,5.9,73.0,0.0,15.4,wind_drone_20260929
2026-09-29T16:48:27.718Z,2026-09-29T16:48:27.600Z,2026-09-29T10:48:27.718-06:00,312.856,5.8,73.0,0.0,15.4,wind_drone_20260929
2026-09-29T16:48:27.925Z,2026-09-29T16:48:27.800Z,2026-09-29T10:48:27.925-06:00,313.063,5.9,75.0,0.0,15.4,wind_drone_20260929
2026-09-29T16:48:28.118Z,2026-09-29T16:48:28.000Z,2026-09-29T10:48:28.118-06:00,313.256,5.8,76.0,0.0,15.4,wind_drone_20260929
2026-09-29T16:48:28.325Z,2026-09-29T16:48:28.200Z,2026-09-29T10:48:28.325-06:00,313.463,5.8,76.0,0.0,15.4,wind_drone_20260929
2026-09-29T16:48:28.518Z,2026-09-29T16:48:28.400Z,2026-09-29T10:48:28.518-06:00,313.656,5.8,77.0,0.0,15.4,wind_drone_20260929
2026-09-29T16:48:28.725Z,2026-09-29T16:48:28.600Z,2026-09-29T10:48:28.725-06:00,313.863,5.8,74.0,0.0,15.4,wind_drone_20260929
2026-09-29T16:48:28.918Z,2026-09-29T16:48:28.800Z,2026-09-29T10:48:28.918-06:00,314.056,5.8,75.0,0.0,15.4,wind_drone_20260929
2026-09-29T16:48:29.125Z,2026-09-29T16:48:29.000Z,2026-09-29T10:48:29.125-06:00,314.263,5.8,76.0,0.0,15.4,wind_drone_20260929
2026-09-29T16:48:29.318Z,2026-09-29T16:48:29.200Z,2026-09-29T10:48:29.318-06:00,314.456,5.8,79.0,0.0,15.4,wind_drone_20260929
2026-09-29T16:48:29.525Z,2026-09-29T16:48:29.400Z,2026-09-29T10:48:29.525-06:00,314.663,5.9,74.0,0.0,15.4,wind_drone_20260929
2026-09-29T16:48:29.717Z,2026-09-29T16:48:29.600Z,2026-09-29T10:48:29.717-06:00,314.855,5.9,73.0,0.0,15.4,wind_drone_20260929
2026-09-29T16:48:29.924Z,2026-09-29T16:48:29.800Z,2026-09-29T10:48:29.924-06:00,315.063,6.0,74.0,0.0,15.3,wind_drone_20260929
2026-09-29T16:48:30.117Z,2026-09-29T16:48:30.000Z,2026-09-29T10:48:30.117-06:00,315.255,6.1,77.0,0.0,15.3,wind_drone_20260929
2026-09-29T16:48:30.324Z,2026-09-29T16:48:30.200Z,2026-09-29T10:48:30.324-06:00,315.463,6.3,76.0,0.0,15.3,wind_drone_20260929
2026-09-29T16:48:30.517Z,2026-09-29T16:48:30.400Z,2026-09-29T10:48:30.517-06:00,315.655,6.3,76.0,0.0,15.3,wind_drone_20260929
2026-09-29T16:48:30.724Z,2026-09-29T16:48:30.600Z,2026-09-29T10:48:30.724-06:00,315.863,6.5,80.0,0.0,15.3,wind_drone_20260929
2026-09-29T16:48:30.917Z,2026-09-29T16:48:30.800Z,2026-09-29T10:48:30.917-06:00,316.055,6.5,81.0,0.0,15.3,wind_drone_20260929
2026-09-29T16:48:31.124Z,2026-09-29T16:48:31.000Z,2026-09-29T10:48:31.124-06:00,316.262,6.4,79.0,0.0,15.3,wind_drone_20260929
2026-09-29T16:48:31.317Z,2026-09-29T16:48:31.200Z,2026-09-29T10:48:31.317-06:00,316.455,6.4,78.0,0.0,15.3,wind_drone_20260929
2026-09-29T16:48:31.524Z,2026-09-29T16:48:31.400Z,2026-09-29T10:48:31.524-06:00,316.662,6.4,80.0,0.0,15.3,wind_drone_20260929
2026-09-29T16:48:31.717Z,2026-09-29T16:48:31.600Z,2026-09-29T10:48:31.717-06:00,316.855,6.3,78.0,0.0,15.3,wind_drone_20260929
2026-09-29T16:48:31.924Z,2026-09-29T16:48:31.800Z,2026-09-29T10:48:31.924-06:00,317.062,6.1,75.0,0.0,15.3,wind_drone_20260929
2026-09-29T16:48:32.117Z,2026-09-29T16:48:32.000Z,2026-09-29T10:48:32.117-06:00,317.255,6.0,72.0,0.0,15.3,wind_drone_20260929
2026-09-29T16:48:32.324Z,2026-09-29T16:48:32.200Z,2026-09-29T10:48:32.324-06:00,317.462,5.8,74.0,0.0,15.3,wind_drone_20260929
2026-09-29T16:48:32.516Z,2026-09-29T16:48:32.400Z,2026-09-29T10:48:32.516-06:00,317.655,5.6,78.0,0.0,15.3,wind_drone_20260929
2026-09-29T16:48:32.723Z,2026-09-29T16:48:32.600Z,2026-09-29T10:48:32.723-06:00,317.862,5.5,77.0,0.0,15.3,wind_drone_20260929
2026-09-29T16:48:32.916Z,2026-09-29T16:48:32.800Z,2026-09-29T10:48:32.916-06:00,318.054,5.3,80.0,0.0,15.3,wind_drone_20260929
2026-09-29T16:48:33.123Z,2026-09-29T16:48:33.000Z,2026-09-29T10:48:33.123-06:00,318.262,5.1,78.0,0.0,15.3,wind_drone_20260929
2026-09-29T16:48:33.316Z,2026-09-29T16:48:33.200Z,2026-09-29T10:48:33.316-06:00,318.455,4.9,78.0,0.0,15.3,wind_drone_20260929
2026-09-29T16:48:33.523Z,2026-09-29T16:48:33.400Z,2026-09-29T10:48:33.523-06:00,318.661,4.8,75.0,0.0,15.3,wind_drone_20260929
2026-09-29T16:48:33.716Z,2026-09-29T16:48:33.600Z,2026-09-29T10:48:33.716-06:00,318.854,4.6,75.0,0.0,15.3,wind_drone_20260929
2026-09-29T16:48:33.923Z,2026-09-29T16:48:33.800Z,2026-09-29T10:48:33.923-06:00,319.061,4.6,76.0,0.0,15.3,wind_drone_20260929
2026-09-29T16:48:34.116Z,2026-09-29T16:48:34.000Z,2026-09-29T10:48:34.116-06:00,319.254,4.5,74.0,0.0,15.3,wind_drone_20260929
2026-09-29T16:48:34.323Z,2026-09-29T16:48:34.200Z,2026-09-29T10:48:34.323-06:00,319.461,4.5,75.0,0.0,15.3,wind_drone_20260929
2026-09-29T16:48:34.516Z,2026-09-29T16:48:34.400Z,2026-09-29T10:48:34.516-06:00,319.654,4.6,74.0,0.0,15.3,wind_drone_20260929
2026-09-29T16:48:34.723Z,2026-09-29T16:48:34.600Z,2026-09-29T10:48:34.723-06:00,319.861,4.6,72.0,0.0,15.3,wind_drone_20260929
2026-09-29T16:48:34.915Z,2026-09-29T16:48:34.800Z,2026-09-29T10:48:34.915-06:00,320.054,4.7,71.0,0.0,15.3,wind_drone_20260929
2026-09-29T16:48:35.123Z,2026-09-29T16:48:35.000Z,2026-09-29T10:48:35.123-06:00,320.261,4.8,71.0,0.0,15.3,wind_drone_20260929
2026-09-29T16:48:35.315Z,2026-09-29T16:48:35.200Z,2026-09-29T10:48:35.315-06:00,320.453,4.9,70.0,0.0,15.3,wind_drone_20260929
2026-09-29T16:48:35.523Z,2026-09-29T16:48:35.400Z,2026-09-29T10:48:35.523-06:00,320.661,5.0,68.0,0.0,15.3,wind_drone_20260929
2026-09-29T16:48:35.716Z,2026-09-29T16:48:35.600Z,2026-09-29T10:48:35.716-06:00,320.854,5.1,69.0,0.0,15.3,wind_drone_20260929
2026-09-29T16:48:35.922Z,2026-09-29T16:48:35.800Z,2026-09-29T10:48:35.922-06:00,321.061,5.2,69.0,0.0,15.3,wind_drone_20260929
2026-09-29T16:48:36.115Z,2026-09-29T16:48:36.000Z,2026-09-29T10:48:36.115-06:00,321.253,5.2,67.0,0.0,15.3,wind_drone_20260929
2026-09-29T16:48:36.323Z,2026-09-29T16:48:36.200Z,2026-09-29T10:48:36.323-06:00,321.461,5.2,65.0,0.0,15.3,wind_drone_20260929
2026-09-29T16:48:36.515Z,2026-09-29T16:48:36.400Z,2026-09-29T10:48:36.515-06:00,321.653,5.2,64.0,0.0,15.3,wind_drone_20260929
2026-09-29T16:48:36.722Z,2026-09-29T16:48:36.600Z,2026-09-29T10:48:36.722-06:00,321.86,5.2,69.0,0.0,15.3,wind_drone_20260929
2026-09-29T16:48:36.915Z,2026-09-29T16:48:36.800Z,2026-09-29T10:48:36.915-06:00,322.053,5.2,70.0,0.0,15.3,wind_drone_20260929
2026-09-29T16:48:37.122Z,2026-09-29T16:48:37.000Z,2026-09-29T10:48:37.122-06:00,322.26,5.1,66.0,0.0,15.3,wind_drone_20260929
2026-09-29T16:48:37.315Z,2026-09-29T16:48:37.200Z,2026-09-29T10:48:37.315-06:00,322.453,5.1,65.0,0.0,15.3,wind_drone_20260929
2026-09-29T16:48:37.522Z,2026-09-29T16:48:37.400Z,2026-09-29T10:48:37.522-06:00,322.66,5.0,64.0,0.0,15.3,wind_drone_20260929
2026-09-29T16:48:37.714Z,2026-09-29T16:48:37.600Z,2026-09-29T10:48:37.714-06:00,322.853,5.0,67.0,0.0,15.3,wind_drone_20260929
2026-09-29T16:48:37.922Z,2026-09-29T16:48:37.800Z,2026-09-29T10:48:37.922-06:00,323.06,5.0,70.0,0.0,15.3,wind_drone_20260929
2026-09-29T16:48:38.114Z,2026-09-29T16:48:38.000Z,2026-09-29T10:48:38.114-06:00,323.253,5.0,67.0,0.0,15.3,wind_drone_20260929
2026-09-29T16:48:38.322Z,2026-09-29T16:48:38.200Z,2026-09-29T10:48:38.322-06:00,323.46,5.1,65.0,0.0,15.3,wind_drone_20260929
2026-09-29T16:48:38.514Z,2026-09-29T16:48:38.400Z,2026-09-29T10:48:38.514-06:00,323.652,5.2,67.0,0.0,15.3,wind_drone_20260929
2026-09-29T16:48:38.721Z,2026-09-29T16:48:38.600Z,2026-09-29T10:48:38.721-06:00,323.86,5.2,66.0,0.0,15.3,wind_drone_20260929
2026-09-29T16:48:38.914Z,2026-09-29T16:48:38.800Z,2026-09-29T10:48:38.914-06:00,324.053,5.3,65.0,0.0,15.3,wind_drone_20260929
2026-09-29T16:48:39.121Z,2026-09-29T16:48:39.000Z,2026-09-29T10:48:39.121-06:00,324.26,5.2,65.0,0.0,15.3,wind_drone_20260929
2026-09-29T16:48:39.314Z,2026-09-29T16:48:39.200Z,2026-09-29T10:48:39.314-06:00,324.452,5.3,70.0,0.0,15.3,wind_drone_20260929
2026-09-29T16:48:39.521Z,2026-09-29T16:48:39.400Z,2026-09-29T10:48:39.521-06:00,324.659,5.3,77.0,0.0,15.3,wind_drone_20260929
2026-09-29T16:48:39.714Z,2026-09-29T16:48:39.600Z,2026-09-29T10:48:39.714-06:00,324.852,5.3,77.0,0.0,15.3,wind_drone_20260929
2026-09-29T16:48:39.921Z,2026-09-29T16:48:39.800Z,2026-09-29T10:48:39.921-06:00,325.059,5.3,77.0,0.0,15.3,wind_drone_20260929
2026-09-29T16:48:40.114Z,2026-09-29T16:48:40.000Z,2026-09-29T10:48:40.114-06:00,325.252,5.3,73.0,0.0,15.3,wind_drone_20260929
2026-09-29T16:48:40.321Z,2026-09-29T16:48:40.200Z,2026-09-29T10:48:40.321-06:00,325.459,5.2,79.0,0.0,15.3,wind_drone_20260929
2026-09-29T16:48:40.514Z,2026-09-29T16:48:40.400Z,2026-09-29T10:48:40.514-06:00,325.652,5.2,78.0,0.0,15.3,wind_drone_20260929
2026-09-29T16:48:40.721Z,2026-09-29T16:48:40.600Z,2026-09-29T10:48:40.721-06:00,325.859,5.3,82.0,0.0,15.3,wind_drone_20260929
2026-09-29T16:48:40.913Z,2026-09-29T16:48:40.800Z,2026-09-29T10:48:40.913-06:00,326.051,5.3,81.0,0.0,15.3,wind_drone_20260929
2026-09-29T16:48:41.120Z,2026-09-29T16:48:41.000Z,2026-09-29T10:48:41.120-06:00,326.259,5.3,81.0,0.0,15.3,wind_drone_20260929
2026-09-29T16:48:41.313Z,2026-09-29T16:48:41.200Z,2026-09-29T10:48:41.313-06:00,326.451,5.4,81.0,0.0,15.3,wind_drone_20260929
2026-09-29T16:48:41.520Z,2026-09-29T16:48:41.400Z,2026-09-29T10:48:41.520-06:00,326.659,5.5,82.0,0.0,15.3,wind_drone_20260929
2026-09-29T16:48:41.713Z,2026-09-29T16:48:41.600Z,2026-09-29T10:48:41.713-06:00,326.851,5.5,84.0,0.0,15.3,wind_drone_20260929
2026-09-29T16:48:41.920Z,2026-09-29T16:48:41.800Z,2026-09-29T10:48:41.920-06:00,327.059,5.5,80.0,0.0,15.3,wind_drone_20260929
2026-09-29T16:48:42.113Z,2026-09-29T16:48:42.000Z,2026-09-29T10:48:42.113-06:00,327.252,5.5,75.0,0.0,15.3,wind_drone_20260929
2026-09-29T16:48:42.320Z,2026-09-29T16:48:42.200Z,2026-09-29T10:48:42.320-06:00,327.458,5.5,77.0,0.0,15.3,wind_drone_20260929
2026-09-29T16:48:42.513Z,2026-09-29T16:48:42.400Z,2026-09-29T10:48:42.513-06:00,327.652,5.5,75.0,0.0,15.3,wind_drone_20260929
2026-09-29T16:48:42.720Z,2026-09-29T16:48:42.600Z,2026-09-29T10:48:42.720-06:00,327.858,5.4,77.0,0.0,15.3,wind_drone_20260929
2026-09-29T16:48:42.913Z,2026-09-29T16:48:42.800Z,2026-09-29T10:48:42.913-06:00,328.051,5.4,78.0,0.0,15.3,wind_drone_20260929
2026-09-29T16:48:43.120Z,2026-09-29T16:48:43.000Z,2026-09-29T10:48:43.120-06:00,328.258,5.3,83.0,0.0,15.3,wind_drone_20260929
2026-09-29T16:48:43.313Z,2026-09-29T16:48:43.200Z,2026-09-29T10:48:43.313-06:00,328.451,5.3,83.0,0.0,15.3,wind_drone_20260929
2026-09-29T16:48:43.520Z,2026-09-29T16:48:43.400Z,2026-09-29T10:48:43.520-06:00,328.658,5.3,76.0,0.0,15.3,wind_drone_20260929
2026-09-29T16:48:43.713Z,2026-09-29T16:48:43.600Z,2026-09-29T10:48:43.713-06:00,328.851,5.3,73.0,0.0,15.3,wind_drone_20260929
2026-09-29T16:48:43.920Z,2026-09-29T16:48:43.800Z,2026-09-29T10:48:43.920-06:00,329.058,5.3,74.0,0.0,15.3,wind_drone_20260929
2026-09-29T16:48:44.112Z,2026-09-29T16:48:44.000Z,2026-09-29T10:48:44.112-06:00,329.251,5.3,74.0,0.0,15.3,wind_drone_20260929
2026-09-29T16:48:44.320Z,2026-09-29T16:48:44.200Z,2026-09-29T10:48:44.320-06:00,329.458,5.3,75.0,0.0,15.3,wind_drone_20260929
2026-09-29T16:48:44.513Z,2026-09-29T16:48:44.400Z,2026-09-29T10:48:44.513-06:00,329.651,5.2,73.0,0.0,15.3,wind_drone_20260929
2026-09-29T16:48:44.719Z,2026-09-29T16:48:44.600Z,2026-09-29T10:48:44.719-06:00,329.858,5.2,73.0,0.0,15.3,wind_drone_20260929
2026-09-29T16:48:44.912Z,2026-09-29T16:48:44.800Z,2026-09-29T10:48:44.912-06:00,330.051,5.2,77.0,0.0,15.3,wind_drone_20260929
2026-09-29T16:48:45.119Z,2026-09-29T16:48:45.000Z,2026-09-29T10:48:45.119-06:00,330.257,5.1,80.0,0.0,15.3,wind_drone_20260929
2026-09-29T16:48:45.312Z,2026-09-29T16:48:45.200Z,2026-09-29T10:48:45.312-06:00,330.451,5.1,78.0,0.0,15.3,wind_drone_20260929
2026-09-29T16:48:45.519Z,2026-09-29T16:48:45.400Z,2026-09-29T10:48:45.519-06:00,330.657,5.1,77.0,0.0,15.3,wind_drone_20260929
2026-09-29T16:48:45.712Z,2026-09-29T16:48:45.600Z,2026-09-29T10:48:45.712-06:00,330.85,5.0,75.0,0.0,15.3,wind_drone_20260929
2026-09-29T16:48:45.919Z,2026-09-29T16:48:45.800Z,2026-09-29T10:48:45.919-06:00,331.057,5.0,72.0,0.0,15.3,wind_drone_20260929
2026-09-29T16:48:46.112Z,2026-09-29T16:48:46.000Z,2026-09-29T10:48:46.112-06:00,331.25,4.9,72.0,0.0,15.3,wind_drone_20260929
2026-09-29T16:48:46.319Z,2026-09-29T16:48:46.200Z,2026-09-29T10:48:46.319-06:00,331.457,4.9,74.0,0.0,15.3,wind_drone_20260929
2026-09-29T16:48:46.526Z,2026-09-29T16:48:46.400Z,2026-09-29T10:48:46.526-06:00,331.664,4.8,75.0,0.0,15.3,wind_drone_20260929
2026-09-29T16:48:46.718Z,2026-09-29T16:48:46.600Z,2026-09-29T10:48:46.718-06:00,331.857,4.7,74.0,0.0,15.3,wind_drone_20260929
2026-09-29T16:48:46.926Z,2026-09-29T16:48:46.800Z,2026-09-29T10:48:46.926-06:00,332.064,4.7,72.0,0.0,15.3,wind_drone_20260929
2026-09-29T16:48:47.119Z,2026-09-29T16:48:47.000Z,2026-09-29T10:48:47.119-06:00,332.257,4.7,74.0,0.0,15.3,wind_drone_20260929
2026-09-29T16:48:47.326Z,2026-09-29T16:48:47.200Z,2026-09-29T10:48:47.326-06:00,332.464,4.8,75.0,0.0,15.3,wind_drone_20260929
2026-09-29T16:48:47.518Z,2026-09-29T16:48:47.400Z,2026-09-29T10:48:47.518-06:00,332.656,4.8,70.0,0.0,15.3,wind_drone_20260929
2026-09-29T16:48:47.726Z,2026-09-29T16:48:47.600Z,2026-09-29T10:48:47.726-06:00,332.864,4.9,72.0,0.0,15.3,wind_drone_20260929
2026-09-29T16:48:47.918Z,2026-09-29T16:48:47.800Z,2026-09-29T10:48:47.918-06:00,333.056,5.0,71.0,0.0,15.3,wind_drone_20260929
2026-09-29T16:48:48.125Z,2026-09-29T16:48:48.000Z,2026-09-29T10:48:48.125-06:00,333.264,5.1,69.0,0.0,15.3,wind_drone_20260929
2026-09-29T16:48:48.318Z,2026-09-29T16:48:48.200Z,2026-09-29T10:48:48.318-06:00,333.457,5.2,72.0,0.0,15.3,wind_drone_20260929
2026-09-29T16:48:48.525Z,2026-09-29T16:48:48.400Z,2026-09-29T10:48:48.525-06:00,333.663,5.3,74.0,0.0,15.3,wind_drone_20260929
2026-09-29T16:48:48.718Z,2026-09-29T16:48:48.600Z,2026-09-29T10:48:48.718-06:00,333.856,5.4,74.0,0.0,15.3,wind_drone_20260929
2026-09-29T16:48:48.925Z,2026-09-29T16:48:48.800Z,2026-09-29T10:48:48.925-06:00,334.063,5.4,73.0,0.0,15.3,wind_drone_20260929
2026-09-29T16:48:49.118Z,2026-09-29T16:48:49.000Z,2026-09-29T10:48:49.118-06:00,334.256,5.4,71.0,0.0,15.3,wind_drone_20260929
2026-09-29T16:48:49.325Z,2026-09-29T16:48:49.200Z,2026-09-29T10:48:49.325-06:00,334.463,5.4,72.0,0.0,15.3,wind_drone_20260929
2026-09-29T16:48:49.518Z,2026-09-29T16:48:49.400Z,2026-09-29T10:48:49.518-06:00,334.656,5.2,73.0,0.0,15.3,wind_drone_20260929
2026-09-29T16:48:49.725Z,2026-09-29T16:48:49.600Z,2026-09-29T10:48:49.725-06:00,334.863,5.1,66.0,0.0,15.3,wind_drone_20260929
2026-09-29T16:48:49.918Z,2026-09-29T16:48:49.800Z,2026-09-29T10:48:49.918-06:00,335.056,5.0,73.0,0.0,15.3,wind_drone_20260929
2026-09-29T16:48:50.125Z,2026-09-29T16:48:50.000Z,2026-09-29T10:48:50.125-06:00,335.263,4.9,76.0,0.0,15.3,wind_drone_20260929
2026-09-29T16:48:50.317Z,2026-09-29T16:48:50.200Z,2026-09-29T10:48:50.317-06:00,335.456,4.9,73.0,0.0,15.3,wind_drone_20260929
2026-09-29T16:48:50.525Z,2026-09-29T16:48:50.400Z,2026-09-29T10:48:50.525-06:00,335.663,5.0,76.0,0.0,15.3,wind_drone_20260929
2026-09-29T16:48:50.717Z,2026-09-29T16:48:50.600Z,2026-09-29T10:48:50.717-06:00,335.855,5.1,78.0,0.0,15.3,wind_drone_20260929
2026-09-29T16:48:50.925Z,2026-09-29T16:48:50.800Z,2026-09-29T10:48:50.925-06:00,336.063,5.2,76.0,0.0,15.3,wind_drone_20260929
2026-09-29T16:48:51.117Z,2026-09-29T16:48:51.000Z,2026-09-29T10:48:51.117-06:00,336.255,5.4,76.0,0.0,15.3,wind_drone_20260929
2026-09-29T16:48:51.324Z,2026-09-29T16:48:51.200Z,2026-09-29T10:48:51.324-06:00,336.462,5.5,74.0,0.0,15.3,wind_drone_20260929
2026-09-29T16:48:51.517Z,2026-09-29T16:48:51.400Z,2026-09-29T10:48:51.517-06:00,336.655,5.7,76.0,0.0,15.3,wind_drone_20260929
2026-09-29T16:48:51.724Z,2026-09-29T16:48:51.600Z,2026-09-29T10:48:51.724-06:00,336.862,6.0,78.0,0.0,15.3,wind_drone_20260929
2026-09-29T16:48:51.917Z,2026-09-29T16:48:51.800Z,2026-09-29T10:48:51.917-06:00,337.055,6.2,71.0,0.0,15.3,wind_drone_20260929
2026-09-29T16:48:52.124Z,2026-09-29T16:48:52.000Z,2026-09-29T10:48:52.124-06:00,337.262,6.4,73.0,0.0,15.3,wind_drone_20260929
2026-09-29T16:48:52.317Z,2026-09-29T16:48:52.200Z,2026-09-29T10:48:52.317-06:00,337.455,6.6,75.0,0.0,15.3,wind_drone_20260929
2026-09-29T16:48:52.524Z,2026-09-29T16:48:52.400Z,2026-09-29T10:48:52.524-06:00,337.662,6.7,69.0,0.0,15.3,wind_drone_20260929
2026-09-29T16:48:52.717Z,2026-09-29T16:48:52.600Z,2026-09-29T10:48:52.717-06:00,337.855,6.8,69.0,0.0,15.3,wind_drone_20260929
2026-09-29T16:48:52.924Z,2026-09-29T16:48:52.800Z,2026-09-29T10:48:52.924-06:00,338.062,7.0,70.0,0.0,15.3,wind_drone_20260929
2026-09-29T16:48:53.117Z,2026-09-29T16:48:53.000Z,2026-09-29T10:48:53.117-06:00,338.255,7.0,69.0,0.0,15.3,wind_drone_20260929
2026-09-29T16:48:53.324Z,2026-09-29T16:48:53.200Z,2026-09-29T10:48:53.324-06:00,338.462,7.0,69.0,0.0,15.3,wind_drone_20260929
2026-09-29T16:48:53.516Z,2026-09-29T16:48:53.400Z,2026-09-29T10:48:53.516-06:00,338.655,7.0,76.0,0.0,15.3,wind_drone_20260929
2026-09-29T16:48:53.723Z,2026-09-29T16:48:53.600Z,2026-09-29T10:48:53.723-06:00,338.862,7.0,76.0,0.0,15.3,wind_drone_20260929
2026-09-29T16:48:53.917Z,2026-09-29T16:48:53.800Z,2026-09-29T10:48:53.917-06:00,339.055,7.0,75.0,0.0,15.3,wind_drone_20260929
2026-09-29T16:48:54.123Z,2026-09-29T16:48:54.000Z,2026-09-29T10:48:54.123-06:00,339.261,7.0,79.0,0.0,15.3,wind_drone_20260929
2026-09-29T16:48:54.316Z,2026-09-29T16:48:54.200Z,2026-09-29T10:48:54.316-06:00,339.454,7.0,78.0,0.0,15.3,wind_drone_20260929
2026-09-29T16:48:54.523Z,2026-09-29T16:48:54.400Z,2026-09-29T10:48:54.523-06:00,339.661,7.0,79.0,0.0,15.3,wind_drone_20260929
2026-09-29T16:48:54.716Z,2026-09-29T16:48:54.600Z,2026-09-29T10:48:54.716-06:00,339.854,7.1,77.0,0.0,15.3,wind_drone_20260929
2026-09-29T16:48:54.923Z,2026-09-29T16:48:54.800Z,2026-09-29T10:48:54.923-06:00,340.061,7.3,76.0,0.0,15.3,wind_drone_20260929
2026-09-29T16:48:55.115Z,2026-09-29T16:48:55.000Z,2026-09-29T10:48:55.115-06:00,340.254,7.3,77.0,0.0,15.3,wind_drone_20260929
2026-09-29T16:48:55.323Z,2026-09-29T16:48:55.200Z,2026-09-29T10:48:55.323-06:00,340.461,7.3,77.0,0.0,15.3,wind_drone_20260929
2026-09-29T16:48:55.516Z,2026-09-29T16:48:55.400Z,2026-09-29T10:48:55.516-06:00,340.654,7.2,73.0,0.0,15.3,wind_drone_20260929
2026-09-29T16:48:55.723Z,2026-09-29T16:48:55.600Z,2026-09-29T10:48:55.723-06:00,340.861,7.1,72.0,0.0,15.3,wind_drone_20260929
2026-09-29T16:48:55.915Z,2026-09-29T16:48:55.800Z,2026-09-29T10:48:55.915-06:00,341.054,7.0,71.0,0.0,15.3,wind_drone_20260929
2026-09-29T16:48:56.123Z,2026-09-29T16:48:56.000Z,2026-09-29T10:48:56.123-06:00,341.261,6.8,73.0,0.0,15.3,wind_drone_20260929
2026-09-29T16:48:56.315Z,2026-09-29T16:48:56.200Z,2026-09-29T10:48:56.315-06:00,341.454,6.7,72.0,0.0,15.3,wind_drone_20260929
2026-09-29T16:48:56.522Z,2026-09-29T16:48:56.400Z,2026-09-29T10:48:56.522-06:00,341.66,6.4,72.0,0.0,15.3,wind_drone_20260929
2026-09-29T16:48:56.715Z,2026-09-29T16:48:56.600Z,2026-09-29T10:48:56.715-06:00,341.853,6.2,72.0,0.0,15.3,wind_drone_20260929
2026-09-29T16:48:56.922Z,2026-09-29T16:48:56.800Z,2026-09-29T10:48:56.922-06:00,342.061,5.9,71.0,0.0,15.3,wind_drone_20260929
2026-09-29T16:48:57.115Z,2026-09-29T16:48:57.000Z,2026-09-29T10:48:57.115-06:00,342.253,5.7,71.0,0.0,15.3,wind_drone_20260929
2026-09-29T16:48:57.322Z,2026-09-29T16:48:57.200Z,2026-09-29T10:48:57.322-06:00,342.46,5.6,76.0,0.0,15.3,wind_drone_20260929
2026-09-29T16:48:57.515Z,2026-09-29T16:48:57.400Z,2026-09-29T10:48:57.515-06:00,342.653,5.6,75.0,0.0,15.3,wind_drone_20260929
2026-09-29T16:48:57.722Z,2026-09-29T16:48:57.600Z,2026-09-29T10:48:57.722-06:00,342.861,5.6,76.0,0.0,15.3,wind_drone_20260929
2026-09-29T16:48:57.915Z,2026-09-29T16:48:57.800Z,2026-09-29T10:48:57.915-06:00,343.053,5.7,77.0,0.0,15.3,wind_drone_20260929
2026-09-29T16:48:58.122Z,2026-09-29T16:48:58.000Z,2026-09-29T10:48:58.122-06:00,343.26,5.8,80.0,0.0,15.3,wind_drone_20260929
2026-09-29T16:48:58.315Z,2026-09-29T16:48:58.200Z,2026-09-29T10:48:58.315-06:00,343.453,5.9,77.0,0.0,15.3,wind_drone_20260929
2026-09-29T16:48:58.522Z,2026-09-29T16:48:58.400Z,2026-09-29T10:48:58.522-06:00,343.66,6.1,76.0,0.0,15.3,wind_drone_20260929
2026-09-29T16:48:58.715Z,2026-09-29T16:48:58.600Z,2026-09-29T10:48:58.715-06:00,343.853,6.2,74.0,0.0,15.3,wind_drone_20260929
2026-09-29T16:48:58.922Z,2026-09-29T16:48:58.800Z,2026-09-29T10:48:58.922-06:00,344.06,6.2,75.0,0.0,15.3,wind_drone_20260929
2026-09-29T16:48:59.114Z,2026-09-29T16:48:59.000Z,2026-09-29T10:48:59.114-06:00,344.253,6.2,75.0,0.0,15.3,wind_drone_20260929
2026-09-29T16:48:59.321Z,2026-09-29T16:48:59.200Z,2026-09-29T10:48:59.321-06:00,344.46,6.2,70.0,0.0,15.3,wind_drone_20260929
2026-09-29T16:48:59.514Z,2026-09-29T16:48:59.400Z,2026-09-29T10:48:59.514-06:00,344.652,6.0,73.0,0.0,15.3,wind_drone_20260929
2026-09-29T16:48:59.722Z,2026-09-29T16:48:59.600Z,2026-09-29T10:48:59.722-06:00,344.86,5.9,71.0,0.0,15.3,wind_drone_20260929
2026-09-29T16:48:59.914Z,2026-09-29T16:48:59.800Z,2026-09-29T10:48:59.914-06:00,345.052,5.7,70.0,0.0,15.3,wind_drone_20260929
2026-09-29T16:49:00.121Z,2026-09-29T16:49:00.000Z,2026-09-29T10:49:00.121-06:00,345.259,5.6,67.0,0.0,15.3,wind_drone_20260929
2026-09-29T16:49:00.314Z,2026-09-29T16:49:00.200Z,2026-09-29T10:49:00.314-06:00,345.452,5.5,68.0,0.0,15.3,wind_drone_20260929
2026-09-29T16:49:00.521Z,2026-09-29T16:49:00.400Z,2026-09-29T10:49:00.521-06:00,345.659,5.3,67.0,0.0,15.3,wind_drone_20260929
2026-09-29T16:49:00.714Z,2026-09-29T16:49:00.600Z,2026-09-29T10:49:00.714-06:00,345.852,5.3,74.0,0.0,15.3,wind_drone_20260929
2026-09-29T16:49:00.921Z,2026-09-29T16:49:00.800Z,2026-09-29T10:49:00.921-06:00,346.059,5.2,72.0,0.0,15.3,wind_drone_20260929
2026-09-29T16:49:01.114Z,2026-09-29T16:49:01.000Z,2026-09-29T10:49:01.114-06:00,346.252,5.1,70.0,0.0,15.3,wind_drone_20260929
2026-09-29T16:49:01.321Z,2026-09-29T16:49:01.200Z,2026-09-29T10:49:01.321-06:00,346.459,5.0,70.0,0.0,15.3,wind_drone_20260929
2026-09-29T16:49:01.514Z,2026-09-29T16:49:01.400Z,2026-09-29T10:49:01.514-06:00,346.652,4.9,68.0,0.0,15.3,wind_drone_20260929
2026-09-29T16:49:01.721Z,2026-09-29T16:49:01.600Z,2026-09-29T10:49:01.721-06:00,346.859,4.9,68.0,0.0,15.3,wind_drone_20260929
2026-09-29T16:49:01.913Z,2026-09-29T16:49:01.800Z,2026-09-29T10:49:01.913-06:00,347.052,4.8,68.0,0.0,15.3,wind_drone_20260929
2026-09-29T16:49:02.121Z,2026-09-29T16:49:02.000Z,2026-09-29T10:49:02.121-06:00,347.259,4.8,69.0,0.0,15.3,wind_drone_20260929
2026-09-29T16:49:02.313Z,2026-09-29T16:49:02.200Z,2026-09-29T10:49:02.313-06:00,347.451,4.8,70.0,0.0,15.3,wind_drone_20260929
2026-09-29T16:49:02.520Z,2026-09-29T16:49:02.400Z,2026-09-29T10:49:02.520-06:00,347.659,4.8,65.0,0.0,15.3,wind_drone_20260929
2026-09-29T16:49:02.713Z,2026-09-29T16:49:02.600Z,2026-09-29T10:49:02.713-06:00,347.852,4.9,66.0,0.0,15.3,wind_drone_20260929
2026-09-29T16:49:02.920Z,2026-09-29T16:49:02.800Z,2026-09-29T10:49:02.920-06:00,348.059,5.0,69.0,0.0,15.3,wind_drone_20260929
2026-09-29T16:49:03.113Z,2026-09-29T16:49:03.000Z,2026-09-29T10:49:03.113-06:00,348.251,5.2,67.0,0.0,15.3,wind_drone_20260929
2026-09-29T16:49:03.320Z,2026-09-29T16:49:03.200Z,2026-09-29T10:49:03.320-06:00,348.458,5.4,69.0,0.0,15.3,wind_drone_20260929
2026-09-29T16:49:03.513Z,2026-09-29T16:49:03.400Z,2026-09-29T10:49:03.513-06:00,348.651,5.5,67.0,0.0,15.3,wind_drone_20260929
2026-09-29T16:49:03.720Z,2026-09-29T16:49:03.600Z,2026-09-29T10:49:03.720-06:00,348.858,5.6,62.0,0.0,15.3,wind_drone_20260929
2026-09-29T16:49:03.913Z,2026-09-29T16:49:03.800Z,2026-09-29T10:49:03.913-06:00,349.051,5.8,65.0,0.0,15.3,wind_drone_20260929
2026-09-29T16:49:04.120Z,2026-09-29T16:49:04.000Z,2026-09-29T10:49:04.120-06:00,349.258,6.0,68.0,0.0,15.3,wind_drone_20260929
2026-09-29T16:49:04.313Z,2026-09-29T16:49:04.200Z,2026-09-29T10:49:04.313-06:00,349.451,6.1,67.0,0.0,15.3,wind_drone_20260929
2026-09-29T16:49:04.520Z,2026-09-29T16:49:04.400Z,2026-09-29T10:49:04.520-06:00,349.658,6.2,66.0,0.0,15.3,wind_drone_20260929
2026-09-29T16:49:04.713Z,2026-09-29T16:49:04.600Z,2026-09-29T10:49:04.713-06:00,349.851,6.2,66.0,0.0,15.3,wind_drone_20260929
2026-09-29T16:49:04.920Z,2026-09-29T16:49:04.800Z,2026-09-29T10:49:04.920-06:00,350.058,6.2,66.0,0.0,15.3,wind_drone_20260929
2026-09-29T16:49:05.113Z,2026-09-29T16:49:05.000Z,2026-09-29T10:49:05.113-06:00,350.251,6.3,72.0,0.0,15.3,wind_drone_20260929
2026-09-29T16:49:05.319Z,2026-09-29T16:49:05.200Z,2026-09-29T10:49:05.319-06:00,350.458,6.4,72.0,0.0,15.3,wind_drone_20260929
2026-09-29T16:49:05.513Z,2026-09-29T16:49:05.400Z,2026-09-29T10:49:05.513-06:00,350.651,6.4,73.0,0.0,15.3,wind_drone_20260929
2026-09-29T16:49:05.719Z,2026-09-29T16:49:05.600Z,2026-09-29T10:49:05.719-06:00,350.858,6.3,71.0,0.0,15.3,wind_drone_20260929
2026-09-29T16:49:05.912Z,2026-09-29T16:49:05.800Z,2026-09-29T10:49:05.912-06:00,351.051,6.3,70.0,0.0,15.3,wind_drone_20260929
2026-09-29T16:49:06.119Z,2026-09-29T16:49:06.000Z,2026-09-29T10:49:06.119-06:00,351.257,6.4,71.0,0.0,15.3,wind_drone_20260929
2026-09-29T16:49:06.312Z,2026-09-29T16:49:06.200Z,2026-09-29T10:49:06.312-06:00,351.45,6.4,66.0,0.0,15.3,wind_drone_20260929
2026-09-29T16:49:06.519Z,2026-09-29T16:49:06.400Z,2026-09-29T10:49:06.519-06:00,351.657,6.5,68.0,0.0,15.3,wind_drone_20260929
2026-09-29T16:49:06.712Z,2026-09-29T16:49:06.600Z,2026-09-29T10:49:06.712-06:00,351.85,6.6,71.0,0.0,15.3,wind_drone_20260929
2026-09-29T16:49:06.919Z,2026-09-29T16:49:06.800Z,2026-09-29T10:49:06.919-06:00,352.057,6.7,70.0,0.0,15.3,wind_drone_20260929
2026-09-29T16:49:07.112Z,2026-09-29T16:49:07.000Z,2026-09-29T10:49:07.112-06:00,352.25,6.8,69.0,0.0,15.3,wind_drone_20260929
2026-09-29T16:49:07.319Z,2026-09-29T16:49:07.200Z,2026-09-29T10:49:07.319-06:00,352.457,6.9,68.0,0.0,15.3,wind_drone_20260929
2026-09-29T16:49:07.526Z,2026-09-29T16:49:07.400Z,2026-09-29T10:49:07.526-06:00,352.664,7.0,71.0,0.0,15.3,wind_drone_20260929
2026-09-29T16:49:07.719Z,2026-09-29T16:49:07.600Z,2026-09-29T10:49:07.719-06:00,352.857,7.0,68.0,0.0,15.3,wind_drone_20260929
2026-09-29T16:49:07.926Z,2026-09-29T16:49:07.800Z,2026-09-29T10:49:07.926-06:00,353.064,6.9,65.0,0.0,15.3,wind_drone_20260929
2026-09-29T16:49:08.118Z,2026-09-29T16:49:08.000Z,2026-09-29T10:49:08.118-06:00,353.257,6.9,64.0,0.0,15.3,wind_drone_20260929
2026-09-29T16:49:08.326Z,2026-09-29T16:49:08.200Z,2026-09-29T10:49:08.326-06:00,353.464,6.8,63.0,0.0,15.3,wind_drone_20260929
2026-09-29T16:49:08.518Z,2026-09-29T16:49:08.400Z,2026-09-29T10:49:08.518-06:00,353.657,6.7,62.0,0.0,15.3,wind_drone_20260929
2026-09-29T16:49:08.725Z,2026-09-29T16:49:08.600Z,2026-09-29T10:49:08.725-06:00,353.864,6.6,62.0,0.0,15.3,wind_drone_20260929
2026-09-29T16:49:08.918Z,2026-09-29T16:49:08.800Z,2026-09-29T10:49:08.918-06:00,354.056,6.5,62.0,0.0,15.3,wind_drone_20260929
2026-09-29T16:49:09.125Z,2026-09-29T16:49:09.000Z,2026-09-29T10:49:09.125-06:00,354.263,6.5,63.0,0.0,15.3,wind_drone_20260929
2026-09-29T16:49:09.318Z,2026-09-29T16:49:09.200Z,2026-09-29T10:49:09.318-06:00,354.456,6.5,65.0,0.0,15.3,wind_drone_20260929
2026-09-29T16:49:09.525Z,2026-09-29T16:49:09.400Z,2026-09-29T10:49:09.525-06:00,354.663,6.5,63.0,0.0,15.3,wind_drone_20260929
2026-09-29T16:49:09.718Z,2026-09-29T16:49:09.600Z,2026-09-29T10:49:09.718-06:00,354.856,6.5,64.0,0.0,15.3,wind_drone_20260929
2026-09-29T16:49:09.925Z,2026-09-29T16:49:09.800Z,2026-09-29T10:49:09.925-06:00,355.063,6.5,67.0,0.0,15.3,wind_drone_20260929
2026-09-29T16:49:10.118Z,2026-09-29T16:49:10.000Z,2026-09-29T10:49:10.118-06:00,355.256,6.5,65.0,0.0,15.3,wind_drone_20260929
2026-09-29T16:49:10.325Z,2026-09-29T16:49:10.200Z,2026-09-29T10:49:10.325-06:00,355.463,6.5,65.0,0.0,15.3,wind_drone_20260929
2026-09-29T16:49:10.518Z,2026-09-29T16:49:10.400Z,2026-09-29T10:49:10.518-06:00,355.656,6.5,65.0,0.0,15.3,wind_drone_20260929
2026-09-29T16:49:10.725Z,2026-09-29T16:49:10.600Z,2026-09-29T10:49:10.725-06:00,355.863,6.4,63.0,0.0,15.3,wind_drone_20260929
2026-09-29T16:49:10.917Z,2026-09-29T16:49:10.800Z,2026-09-29T10:49:10.917-06:00,356.056,6.4,64.0,0.0,15.3,wind_drone_20260929
2026-09-29T16:49:11.125Z,2026-09-29T16:49:11.000Z,2026-09-29T10:49:11.125-06:00,356.263,6.3,64.0,0.0,15.3,wind_drone_20260929
2026-09-29T16:49:11.317Z,2026-09-29T16:49:11.200Z,2026-09-29T10:49:11.317-06:00,356.456,6.1,63.0,0.0,15.3,wind_drone_20260929
2026-09-29T16:49:11.525Z,2026-09-29T16:49:11.400Z,2026-09-29T10:49:11.525-06:00,356.663,6.0,63.0,0.0,15.3,wind_drone_20260929
2026-09-29T16:49:11.717Z,2026-09-29T16:49:11.600Z,2026-09-29T10:49:11.717-06:00,356.855,5.8,63.0,0.0,15.3,wind_drone_20260929
2026-09-29T16:49:11.924Z,2026-09-29T16:49:11.800Z,2026-09-29T10:49:11.924-06:00,357.063,5.7,67.0,0.0,15.3,wind_drone_20260929
2026-09-29T16:49:12.117Z,2026-09-29T16:49:12.000Z,2026-09-29T10:49:12.117-06:00,357.255,5.6,65.0,0.0,15.3,wind_drone_20260929
2026-09-29T16:49:12.324Z,2026-09-29T16:49:12.200Z,2026-09-29T10:49:12.324-06:00,357.463,5.5,62.0,0.0,15.3,wind_drone_20260929
2026-09-29T16:49:12.517Z,2026-09-29T16:49:12.400Z,2026-09-29T10:49:12.517-06:00,357.655,5.5,62.0,0.0,15.3,wind_drone_20260929
2026-09-29T16:49:12.724Z,2026-09-29T16:49:12.600Z,2026-09-29T10:49:12.724-06:00,357.862,5.5,61.0,0.0,15.3,wind_drone_20260929
2026-09-29T16:49:12.917Z,2026-09-29T16:49:12.800Z,2026-09-29T10:49:12.917-06:00,358.055,5.6,61.0,0.0,15.3,wind_drone_20260929
2026-09-29T16:49:13.124Z,2026-09-29T16:49:13.000Z,2026-09-29T10:49:13.124-06:00,358.262,5.6,56.0,0.0,15.3,wind_drone_20260929
2026-09-29T16:49:13.316Z,2026-09-29T16:49:13.200Z,2026-09-29T10:49:13.316-06:00,358.455,5.7,58.0,0.0,15.3,wind_drone_20260929
2026-09-29T16:49:13.524Z,2026-09-29T16:49:13.400Z,2026-09-29T10:49:13.524-06:00,358.662,5.8,59.0,0.0,15.3,wind_drone_20260929
2026-09-29T16:49:13.716Z,2026-09-29T16:49:13.600Z,2026-09-29T10:49:13.716-06:00,358.855,5.8,59.0,0.0,15.3,wind_drone_20260929
2026-09-29T16:49:13.924Z,2026-09-29T16:49:13.800Z,2026-09-29T10:49:13.924-06:00,359.062,5.9,63.0,0.0,15.3,wind_drone_20260929
2026-09-29T16:49:14.116Z,2026-09-29T16:49:14.000Z,2026-09-29T10:49:14.116-06:00,359.255,5.8,63.0,0.0,15.3,wind_drone_20260929
2026-09-29T16:49:14.324Z,2026-09-29T16:49:14.200Z,2026-09-29T10:49:14.324-06:00,359.462,5.8,65.0,0.0,15.3,wind_drone_20260929
2026-09-29T16:49:14.516Z,2026-09-29T16:49:14.400Z,2026-09-29T10:49:14.516-06:00,359.654,5.8,67.0,0.0,15.3,wind_drone_20260929
2026-09-29T16:49:14.723Z,2026-09-29T16:49:14.600Z,2026-09-29T10:49:14.723-06:00,359.862,5.9,69.0,0.0,15.3,wind_drone_20260929
2026-09-29T16:49:14.916Z,2026-09-29T16:49:14.800Z,2026-09-29T10:49:14.916-06:00,360.054,5.9,67.0,0.0,15.3,wind_drone_20260929
2026-09-29T16:49:15.123Z,2026-09-29T16:49:15.000Z,2026-09-29T10:49:15.123-06:00,360.261,5.9,61.0,0.0,15.3,wind_drone_20260929
2026-09-29T16:49:15.316Z,2026-09-29T16:49:15.200Z,2026-09-29T10:49:15.316-06:00,360.454,5.8,60.0,0.0,15.3,wind_drone_20260929
2026-09-29T16:49:15.523Z,2026-09-29T16:49:15.400Z,2026-09-29T10:49:15.523-06:00,360.661,5.7,57.0,0.0,15.3,wind_drone_20260929
2026-09-29T16:49:15.716Z,2026-09-29T16:49:15.600Z,2026-09-29T10:49:15.716-06:00,360.854,5.8,57.0,0.0,15.3,wind_drone_20260929
2026-09-29T16:49:15.923Z,2026-09-29T16:49:15.800Z,2026-09-29T10:49:15.923-06:00,361.061,6.0,56.0,0.0,15.3,wind_drone_20260929
2026-09-29T16:49:16.116Z,2026-09-29T16:49:16.000Z,2026-09-29T10:49:16.116-06:00,361.254,6.1,52.0,0.0,15.3,wind_drone_20260929
2026-09-29T16:49:16.323Z,2026-09-29T16:49:16.200Z,2026-09-29T10:49:16.323-06:00,361.461,5.9,44.0,0.0,15.3,wind_drone_20260929
2026-09-29T16:49:16.515Z,2026-09-29T16:49:16.400Z,2026-09-29T10:49:16.515-06:00,361.654,5.8,40.0,0.0,15.3,wind_drone_20260929
2026-09-29T16:49:16.723Z,2026-09-29T16:49:16.600Z,2026-09-29T10:49:16.723-06:00,361.861,5.7,46.0,0.0,15.3,wind_drone_20260929
2026-09-29T16:49:16.915Z,2026-09-29T16:49:16.800Z,2026-09-29T10:49:16.915-06:00,362.054,5.7,58.0,0.0,15.3,wind_drone_20260929
2026-09-29T16:49:17.122Z,2026-09-29T16:49:17.000Z,2026-09-29T10:49:17.122-06:00,362.261,5.8,59.0,0.0,15.3,wind_drone_20260929
2026-09-29T16:49:17.315Z,2026-09-29T16:49:17.200Z,2026-09-29T10:49:17.315-06:00,362.454,5.7,51.0,0.0,15.3,wind_drone_20260929
2026-09-29T16:49:17.522Z,2026-09-29T16:49:17.400Z,2026-09-29T10:49:17.522-06:00,362.66,5.4,41.0,0.0,15.3,wind_drone_20260929
2026-09-29T16:49:17.715Z,2026-09-29T16:49:17.600Z,2026-09-29T10:49:17.715-06:00,362.853,5.1,34.0,0.0,15.3,wind_drone_20260929
2026-09-29T16:49:17.922Z,2026-09-29T16:49:17.800Z,2026-09-29T10:49:17.922-06:00,363.06,5.1,37.0,0.0,15.3,wind_drone_20260929
2026-09-29T16:49:18.115Z,2026-09-29T16:49:18.000Z,2026-09-29T10:49:18.115-06:00,363.253,5.1,43.0,0.0,15.3,wind_drone_20260929
2026-09-29T16:49:18.322Z,2026-09-29T16:49:18.200Z,2026-09-29T10:49:18.322-06:00,363.461,5.0,48.0,0.0,15.3,wind_drone_20260929
2026-09-29T16:49:18.515Z,2026-09-29T16:49:18.400Z,2026-09-29T10:49:18.515-06:00,363.653,5.0,42.0,0.0,15.3,wind_drone_20260929
2026-09-29T16:49:18.722Z,2026-09-29T16:49:18.600Z,2026-09-29T10:49:18.722-06:00,363.86,4.7,45.0,0.0,15.3,wind_drone_20260929
2026-09-29T16:49:18.915Z,2026-09-29T16:49:18.800Z,2026-09-29T10:49:18.915-06:00,364.053,4.6,46.0,0.0,15.3,wind_drone_20260929
2026-09-29T16:49:19.122Z,2026-09-29T16:49:19.000Z,2026-09-29T10:49:19.122-06:00,364.26,4.5,44.0,0.0,15.3,wind_drone_20260929
2026-09-29T16:49:19.315Z,2026-09-29T16:49:19.200Z,2026-09-29T10:49:19.315-06:00,364.453,4.5,40.0,0.0,15.4,wind_drone_20260929
2026-09-29T16:49:19.522Z,2026-09-29T16:49:19.400Z,2026-09-29T10:49:19.522-06:00,364.66,4.5,35.0,0.0,15.4,wind_drone_20260929
2026-09-29T16:49:19.714Z,2026-09-29T16:49:19.600Z,2026-09-29T10:49:19.714-06:00,364.853,4.4,38.0,0.0,15.4,wind_drone_20260929
2026-09-29T16:49:19.922Z,2026-09-29T16:49:19.800Z,2026-09-29T10:49:19.922-06:00,365.06,4.3,42.0,0.0,15.4,wind_drone_20260929
2026-09-29T16:49:20.114Z,2026-09-29T16:49:20.000Z,2026-09-29T10:49:20.114-06:00,365.253,4.2,44.0,0.0,15.4,wind_drone_20260929
2026-09-29T16:49:20.321Z,2026-09-29T16:49:20.200Z,2026-09-29T10:49:20.321-06:00,365.459,4.2,48.0,0.0,15.4,wind_drone_20260929
2026-09-29T16:49:20.514Z,2026-09-29T16:49:20.400Z,2026-09-29T10:49:20.514-06:00,365.652,4.1,47.0,0.0,15.4,wind_drone_20260929
2026-09-29T16:49:20.721Z,2026-09-29T16:49:20.600Z,2026-09-29T10:49:20.721-06:00,365.859,4.1,50.0,0.0,15.4,wind_drone_20260929
2026-09-29T16:49:20.914Z,2026-09-29T16:49:20.800Z,2026-09-29T10:49:20.914-06:00,366.052,3.9,52.0,0.0,15.4,wind_drone_20260929
2026-09-29T16:49:21.121Z,2026-09-29T16:49:21.000Z,2026-09-29T10:49:21.121-06:00,366.259,3.9,55.0,0.0,15.4,wind_drone_20260929
2026-09-29T16:49:21.314Z,2026-09-29T16:49:21.200Z,2026-09-29T10:49:21.314-06:00,366.452,3.9,55.0,0.0,15.4,wind_drone_20260929
2026-09-29T16:49:21.521Z,2026-09-29T16:49:21.400Z,2026-09-29T10:49:21.521-06:00,366.659,3.9,56.0,0.0,15.4,wind_drone_20260929
2026-09-29T16:49:21.714Z,2026-09-29T16:49:21.600Z,2026-09-29T10:49:21.714-06:00,366.852,3.9,55.0,0.0,15.4,wind_drone_20260929
2026-09-29T16:49:21.921Z,2026-09-29T16:49:21.800Z,2026-09-29T10:49:21.921-06:00,367.059,4.0,58.0,0.0,15.4,wind_drone_20260929
2026-09-29T16:49:22.114Z,2026-09-29T16:49:22.000Z,2026-09-29T10:49:22.114-06:00,367.252,4.0,55.0,0.0,15.4,wind_drone_20260929
2026-09-29T16:49:22.321Z,2026-09-29T16:49:22.200Z,2026-09-29T10:49:22.321-06:00,367.459,4.1,52.0,0.0,15.4,wind_drone_20260929
2026-09-29T16:49:22.514Z,2026-09-29T16:49:22.400Z,2026-09-29T10:49:22.514-06:00,367.652,4.3,55.0,0.0,15.4,wind_drone_20260929
2026-09-29T16:49:22.721Z,2026-09-29T16:49:22.600Z,2026-09-29T10:49:22.721-06:00,367.859,4.5,64.0,0.0,15.4,wind_drone_20260929
2026-09-29T16:49:22.914Z,2026-09-29T16:49:22.800Z,2026-09-29T10:49:22.914-06:00,368.052,4.6,59.0,0.0,15.4,wind_drone_20260929
2026-09-29T16:49:23.120Z,2026-09-29T16:49:23.000Z,2026-09-29T10:49:23.120-06:00,368.259,4.6,54.0,0.0,15.4,wind_drone_20260929
2026-09-29T16:49:23.313Z,2026-09-29T16:49:23.200Z,2026-09-29T10:49:23.313-06:00,368.451,4.7,59.0,0.0,15.4,wind_drone_20260929
2026-09-29T16:49:23.520Z,2026-09-29T16:49:23.400Z,2026-09-29T10:49:23.520-06:00,368.658,4.7,62.0,0.0,15.4,wind_drone_20260929
2026-09-29T16:49:23.713Z,2026-09-29T16:49:23.600Z,2026-09-29T10:49:23.713-06:00,368.851,4.9,66.0,0.0,15.4,wind_drone_20260929
2026-09-29T16:49:23.920Z,2026-09-29T16:49:23.800Z,2026-09-29T10:49:23.920-06:00,369.059,5.0,62.0,0.0,15.4,wind_drone_20260929
2026-09-29T16:49:24.113Z,2026-09-29T16:49:24.000Z,2026-09-29T10:49:24.113-06:00,369.251,4.9,61.0,0.0,15.4,wind_drone_20260929
2026-09-29T16:49:24.320Z,2026-09-29T16:49:24.200Z,2026-09-29T10:49:24.320-06:00,369.458,4.9,59.0,0.0,15.4,wind_drone_20260929
2026-09-29T16:49:24.512Z,2026-09-29T16:49:24.400Z,2026-09-29T10:49:24.512-06:00,369.651,4.9,62.0,0.0,15.4,wind_drone_20260929
2026-09-29T16:49:24.720Z,2026-09-29T16:49:24.600Z,2026-09-29T10:49:24.720-06:00,369.858,5.0,66.0,0.0,15.4,wind_drone_20260929
2026-09-29T16:49:24.912Z,2026-09-29T16:49:24.800Z,2026-09-29T10:49:24.912-06:00,370.05,5.0,69.0,0.0,15.4,wind_drone_20260929
2026-09-29T16:49:25.120Z,2026-09-29T16:49:25.000Z,2026-09-29T10:49:25.120-06:00,370.258,4.9,65.0,0.0,15.4,wind_drone_20260929
2026-09-29T16:49:25.312Z,2026-09-29T16:49:25.200Z,2026-09-29T10:49:25.312-06:00,370.45,4.8,63.0,0.0,15.4,wind_drone_20260929
2026-09-29T16:49:25.520Z,2026-09-29T16:49:25.400Z,2026-09-29T10:49:25.520-06:00,370.658,4.8,64.0,0.0,15.4,wind_drone_20260929
2026-09-29T16:49:25.712Z,2026-09-29T16:49:25.600Z,2026-09-29T10:49:25.712-06:00,370.85,4.9,65.0,0.0,15.4,wind_drone_20260929
2026-09-29T16:49:25.919Z,2026-09-29T16:49:25.800Z,2026-09-29T10:49:25.919-06:00,371.058,4.9,66.0,0.0,15.4,wind_drone_20260929
2026-09-29T16:49:26.112Z,2026-09-29T16:49:26.000Z,2026-09-29T10:49:26.112-06:00,371.25,4.9,66.0,0.0,15.4,wind_drone_20260929
2026-09-29T16:49:26.319Z,2026-09-29T16:49:26.200Z,2026-09-29T10:49:26.319-06:00,371.458,4.9,64.0,0.0,15.4,wind_drone_20260929
2026-09-29T16:49:26.512Z,2026-09-29T16:49:26.400Z,2026-09-29T10:49:26.512-06:00,371.65,5.0,68.0,0.0,15.4,wind_drone_20260929
2026-09-29T16:49:26.719Z,2026-09-29T16:49:26.600Z,2026-09-29T10:49:26.719-06:00,371.857,5.1,72.0,0.0,15.4,wind_drone_20260929
