time_utc,sensor_stamp_utc,time_local,elapsed_s,wind_speed_m_s,wind_dir_deg,wind_z,temperature_c,source
2026-09-29T16:56:14.917Z,2026-09-29T16:56:14.800Z,2026-09-29T10:56:14.917-06:00,-4.946,3.9,51.0,0.0,15.3,wind_drone_20260929
2026-09-29T16:56:15.124Z,2026-09-29T16:56:15.000Z,2026-09-29T10:56:15.124-06:00,-4.739,4.0,50.0,0.0,15.4,wind_drone_20260929
2026-09-29T16:56:15.317Z,2026-09-29T16:56:15.200Z,2026-09-29T10:56:15.317-06:00,-4.546,4.0,48.0,0.0,15.4,wind_drone_20260929
2026-09-29T16:56:15.524Z,2026-09-29T16:56:15.400Z,2026-09-29T10:56:15.524-06:00,-4.339,4.0,50.0,0.0,15.4,wind_drone_20260929
2026-09-29T16:56:15.717Z,2026-09-29T16:56:15.600Z,2026-09-29T10:56:15.717-06:00,-4.146,3.9,51.0,0.0,15.4,wind_drone_20260929
2026-09-29T16:56:15.924Z,2026-09-29T16:56:15.800Z,2026-09-29T10:56:15.924-06:00,-3.939,3.9,48.0,0.0,15.4,wind_drone_20260929
2026-09-29T16:56:16.116Z,2026-09-29T16:56:16.000Z,2026-09-29T10:56:16.116-06:00,-3.746,3.9,55.0,0.0,15.4,wind_drone_20260929
2026-09-29T16:56:16.324Z,2026-09-29T16:56:16.200Z,2026-09-29T10:56:16.324-06:00,-3.539,4.0,54.0,0.0,15.4,wind_drone_20260929
2026-09-29T16:56:16.516Z,2026-09-29T16:56:16.400Z,2026-09-29T10:56:16.516-06:00,-3.346,4.0,56.0,0.0,15.4,wind_drone_20260929
2026-09-29T16:56:16.724Z,2026-09-29T16:56:16.600Z,2026-09-29T10:56:16.724-06:00,-3.139,4.0,57.0,0.0,15.4,wind_drone_20260929
2026-09-29T16:56:16.916Z,2026-09-29T16:56:16.800Z,2026-09-29T10:56:16.916-06:00,-2.946,4.1,56.0,0.0,15.4,wind_drone_20260929
2026-09-29T16:56:17.123Z,2026-09-29T16:56:17.000Z,2026-09-29T10:56:17.123-06:00,-2.739,4.1,60.0,0.0,15.4,wind_drone_20260929
2026-09-29T16:56:17.316Z,2026-09-29T16:56:17.200Z,2026-09-29T10:56:17.316-06:00,-2.546,4.2,60.0,0.0,15.4,wind_drone_20260929
2026-09-29T16:56:17.523Z,2026-09-29T16:56:17.400Z,2026-09-29T10:56:17.523-06:00,-2.339,4.2,60.0,0.0,15.4,wind_drone_20260929
2026-09-29T16:56:17.716Z,2026-09-29T16:56:17.600Z,2026-09-29T10:56:17.716-06:00,-2.147,4.3,60.0,0.0,15.4,wind_drone_20260929
2026-09-29T16:56:17.923Z,2026-09-29T16:56:17.800Z,2026-09-29T10:56:17.923-06:00,-1.939,4.3,63.0,0.0,15.4,wind_drone_20260929
2026-09-29T16:56:18.116Z,2026-09-29T16:56:18.000Z,2026-09-29T10:56:18.116-06:00,-1.747,4.4,61.0,0.0,15.4,wind_drone_20260929
2026-09-29T16:56:18.323Z,2026-09-29T16:56:18.200Z,2026-09-29T10:56:18.323-06:00,-1.54,4.5,58.0,0.0,15.4,wind_drone_20260929
2026-09-29T16:56:18.516Z,2026-09-29T16:56:18.400Z,2026-09-29T10:56:18.516-06:00,-1.347,4.5,58.0,0.0,15.4,wind_drone_20260929
2026-09-29T16:56:18.723Z,2026-09-29T16:56:18.600Z,2026-09-29T10:56:18.723-06:00,-1.14,4.5,59.0,0.0,15.4,wind_drone_20260929
2026-09-29T16:56:18.916Z,2026-09-29T16:56:18.800Z,2026-09-29T10:56:18.916-06:00,-0.947,4.5,61.0,0.0,15.4,wind_drone_20260929
2026-09-29T16:56:19.123Z,2026-09-29T16:56:19.000Z,2026-09-29T10:56:19.123-06:00,-0.74,4.5,67.0,0.0,15.4,wind_drone_20260929
2026-09-29T16:56:19.315Z,2026-09-29T16:56:19.200Z,2026-09-29T10:56:19.315-06:00,-0.547,4.6,68.0,0.0,15.4,wind_drone_20260929
2026-09-29T16:56:19.523Z,2026-09-29T16:56:19.400Z,2026-09-29T10:56:19.523-06:00,-0.34,4.6,60.0,0.0,15.4,wind_drone_20260929
2026-09-29T16:56:19.715Z,2026-09-29T16:56:19.600Z,2026-09-29T10:56:19.715-06:00,-0.148,4.6,62.0,0.0,15.4,wind_drone_20260929
2026-09-29T16:56:19.922Z,2026-09-29T16:56:19.800Z,2026-09-29T10:56:19.922-06:00,0.06,4.7,62.0,0.0,15.4,wind_drone_20260929
2026-09-29T16:56:20.115Z,2026-09-29T16:56:20.000Z,2026-09-29T10:56:20.115-06:00,0.253,4.8,55.0,0.0,15.4,wind_drone_20260929
2026-09-29T16:56:20.323Z,2026-09-29T16:56:20.200Z,2026-09-29T10:56:20.323-06:00,0.46,5.0,54.0,0.0,15.4,wind_drone_20260929
2026-09-29T16:56:20.515Z,2026-09-29T16:56:20.400Z,2026-09-29T10:56:20.515-06:00,0.653,5.1,60.0,0.0,15.4,wind_drone_20260929
2026-09-29T16:56:20.722Z,2026-09-29T16:56:20.600Z,2026-09-29T10:56:20.722-06:00,0.86,5.3,63.0,0.0,15.4,wind_drone_20260929
2026-09-29T16:56:20.915Z,2026-09-29T16:56:20.800Z,2026-09-29T10:56:20.915-06:00,1.052,5.4,63.0,0.0,15.4,wind_drone_20260929
2026-09-29T16:56:21.122Z,2026-09-29T16:56:21.000Z,2026-09-29T10:56:21.122-06:00,1.26,5.5,60.0,0.0,15.4,wind_drone_20260929
2026-09-29T16:56:21.315Z,2026-09-29T16:56:21.200Z,2026-09-29T10:56:21.315-06:00,1.452,5.6,60.0,0.0,15.4,wind_drone_20260929
2026-09-29T16:56:21.522Z,2026-09-29T16:56:21.400Z,2026-09-29T10:56:21.522-06:00,1.659,5.7,62.0,0.0,15.4,wind_drone_20260929
2026-09-29T16:56:21.715Z,2026-09-29T16:56:21.600Z,2026-09-29T10:56:21.715-06:00,1.852,5.7,66.0,0.0,15.4,wind_drone_20260929
2026-09-29T16:56:21.922Z,2026-09-29T16:56:21.800Z,2026-09-29T10:56:21.922-06:00,2.059,5.7,63.0,0.0,15.4,wind_drone_20260929
2026-09-29T16:56:22.115Z,2026-09-29T16:56:22.000Z,2026-09-29T10:56:22.115-06:00,2.252,5.7,56.0,0.0,15.4,wind_drone_20260929
2026-09-29T16:56:22.322Z,2026-09-29T16:56:22.200Z,2026-09-29T10:56:22.322-06:00,2.46,5.8,56.0,0.0,15.4,wind_drone_20260929
2026-09-29T16:56:22.514Z,2026-09-29T16:56:22.400Z,2026-09-29T10:56:22.514-06:00,2.652,5.9,57.0,0.0,15.4,wind_drone_20260929
2026-09-29T16:56:22.722Z,2026-09-29T16:56:22.600Z,2026-09-29T10:56:22.722-06:00,2.859,6.1,61.0,0.0,15.4,wind_drone_20260929
2026-09-29T16:56:22.914Z,2026-09-29T16:56:22.800Z,2026-09-29T10:56:22.914-06:00,3.052,6.1,64.0,0.0,15.4,wind_drone_20260929
2026-09-29T16:56:23.122Z,2026-09-29T16:56:23.000Z,2026-09-29T10:56:23.122-06:00,3.259,6.1,52.0,0.0,15.4,wind_drone_20260929
2026-09-29T16:56:23.314Z,2026-09-29T16:56:23.200Z,2026-09-29T10:56:23.314-06:00,3.452,6.0,49.0,0.0,15.4,wind_drone_20260929
2026-09-29T16:56:23.521Z,2026-09-29T16:56:23.400Z,2026-09-29T10:56:23.521-06:00,3.659,5.9,50.0,0.0,15.4,wind_drone_20260929
2026-09-29T16:56:23.714Z,2026-09-29T16:56:23.600Z,2026-09-29T10:56:23.714-06:00,3.852,5.8,53.0,0.0,15.4,wind_drone_20260929
2026-09-29T16:56:23.921Z,2026-09-29T16:56:23.800Z,2026-09-29T10:56:23.921-06:00,4.059,5.7,58.0,0.0,15.4,wind_drone_20260929
2026-09-29T16:56:24.114Z,2026-09-29T16:56:24.000Z,2026-09-29T10:56:24.114-06:00,4.251,5.5,57.0,0.0,15.4,wind_drone_20260929
2026-09-29T16:56:24.321Z,2026-09-29T16:56:24.200Z,2026-09-29T10:56:24.321-06:00,4.458,5.3,56.0,0.0,15.4,wind_drone_20260929
2026-09-29T16:56:24.514Z,2026-09-29T16:56:24.400Z,2026-09-29T10:56:24.514-06:00,4.652,5.1,48.0,0.0,15.4,wind_drone_20260929
2026-09-29T16:56:24.721Z,2026-09-29T16:56:24.600Z,2026-09-29T10:56:24.721-06:00,4.858,5.0,46.0,0.0,15.4,wind_drone_20260929
2026-09-29T16:56:24.914Z,2026-09-29T16:56:24.800Z,2026-09-29T10:56:24.914-06:00,5.052,5.0,44.0,0.0,15.4,wind_drone_20260929
2026-09-29T16:56:25.121Z,2026-09-29T16:56:25.000Z,2026-09-29T10:56:25.121-06:00,5.258,5.0,52.0,0.0,15.4,wind_drone_20260929
2026-09-29T16:56:25.313Z,2026-09-29T16:56:25.200Z,2026-09-29T10:56:25.313-06:00,5.451,5.0,51.0,0.0,15.4,wind_drone_20260929
2026-09-29T16:56:25.521Z,2026-09-29T16:56:25.400Z,2026-09-29T10:56:25.521-06:00,5.658,4.9,45.0,0.0,15.4,wind_drone_20260929
2026-09-29T16:56:25.714Z,2026-09-29T16:56:25.600Z,2026-09-29T10:56:25.714-06:00,5.851,4.9,39.0,0.0,15.4,wind_drone_20260929
2026-09-29T16:56:25.920Z,2026-09-29T16:56:25.800Z,2026-09-29T10:56:25.920-06:00,6.058,4.9,42.0,0.0,15.4,wind_drone_20260929
2026-09-29T16:56:26.113Z,2026-09-29T16:56:26.000Z,2026-09-29T10:56:26.113-06:00,6.251,4.9,41.0,0.0,15.4,wind_drone_20260929
2026-09-29T16:56:26.321Z,2026-09-29T16:56:26.200Z,2026-09-29T10:56:26.321-06:00,6.458,5.0,42.0,0.0,15.4,wind_drone_20260929
2026-09-29T16:56:26.513Z,2026-09-29T16:56:26.400Z,2026-09-29T10:56:26.513-06:00,6.651,5.1,45.0,0.0,15.4,wind_drone_20260929
2026-09-29T16:56:26.721Z,2026-09-29T16:56:26.600Z,2026-09-29T10:56:26.721-06:00,6.858,5.1,44.0,0.0,15.4,wind_drone_20260929
2026-09-29T16:56:26.913Z,2026-09-29T16:56:26.800Z,2026-09-29T10:56:26.913-06:00,7.051,5.2,46.0,0.0,15.4,wind_drone_20260929
2026-09-29T16:56:27.120Z,2026-09-29T16:56:27.000Z,2026-09-29T10:56:27.120-06:00,7.258,5.4,44.0,0.0,15.4,wind_drone_20260929
2026-09-29T16:56:27.313Z,2026-09-29T16:56:27.200Z,2026-09-29T10:56:27.313-06:00,7.45,5.6,41.0,0.0,15.4,wind_drone_20260929
2026-09-29T16:56:27.520Z,2026-09-29T16:56:27.400Z,2026-09-29T10:56:27.520-06:00,7.658,5.7,42.0,0.0,15.4,wind_drone_20260929
2026-09-29T16:56:27.713Z,2026-09-29T16:56:27.600Z,2026-09-29T10:56:27.713-06:00,7.851,5.9,39.0,0.0,15.4,wind_drone_20260929
2026-09-29T16:56:27.920Z,2026-09-29T16:56:27.800Z,2026-09-29T10:56:27.920-06:00,8.057,6.0,37.0,0.0,15.4,wind_drone_20260929
2026-09-29T16:56:28.113Z,2026-09-29T16:56:28.000Z,2026-09-29T10:56:28.113-06:00,8.25,6.0,39.0,0.0,15.4,wind_drone_20260929
2026-09-29T16:56:28.320Z,2026-09-29T16:56:28.200Z,2026-09-29T10:56:28.320-06:00,8.457,6.1,34.0,0.0,15.4,wind_drone_20260929
2026-09-29T16:56:28.513Z,2026-09-29T16:56:28.400Z,2026-09-29T10:56:28.513-06:00,8.65,6.0,33.0,0.0,15.4,wind_drone_20260929
2026-09-29T16:56:28.720Z,2026-09-29T16:56:28.600Z,2026-09-29T10:56:28.720-06:00,8.857,5.9,35.0,0.0,15.4,wind_drone_20260929
2026-09-29T16:56:28.913Z,2026-09-29T16:56:28.800Z,2026-09-29T10:56:28.913-06:00,9.05,5.7,35.0,0.0,15.4,wind_drone_20260929
2026-09-29T16:56:29.120Z,2026-09-29T16:56:29.000Z,2026-09-29T10:56:29.120-06:00,9.257,5.6,37.0,0.0,15.4,wind_drone_20260929
2026-09-29T16:56:29.313Z,2026-09-29T16:56:29.200Z,2026-09-29T10:56:29.313-06:00,9.45,5.6,34.0,0.0,15.4,wind_drone_20260929
2026-09-29T16:56:29.519Z,2026-09-29T16:56:29.400Z,2026-09-29T10:56:29.519-06:00,9.657,5.6,34.0,0.0,15.4,wind_drone_20260929
2026-09-29T16:56:29.712Z,2026-09-29T16:56:29.600Z,2026-09-29T10:56:29.712-06:00,9.85,5.6,31.0,0.0,15.4,wind_drone_20260929
2026-09-29T16:56:29.920Z,2026-09-29T16:56:29.800Z,2026-09-29T10:56:29.920-06:00,10.057,5.6,31.0,0.0,15.4,wind_drone_20260929
2026-09-29T16:56:30.112Z,2026-09-29T16:56:30.000Z,2026-09-29T10:56:30.112-06:00,10.249,5.5,28.0,0.0,15.4,wind_drone_20260929
2026-09-29T16:56:30.319Z,2026-09-29T16:56:30.200Z,2026-09-29T10:56:30.319-06:00,10.457,5.6,27.0,0.0,15.4,wind_drone_20260929
2026-09-29T16:56:30.512Z,2026-09-29T16:56:30.400Z,2026-09-29T10:56:30.512-06:00,10.65,5.6,31.0,0.0,15.4,wind_drone_20260929
2026-09-29T16:56:30.719Z,2026-09-29T16:56:30.600Z,2026-09-29T10:56:30.719-06:00,10.857,5.6,30.0,0.0,15.4,wind_drone_20260929
2026-09-29T16:56:30.912Z,2026-09-29T16:56:30.800Z,2026-09-29T10:56:30.912-06:00,11.049,5.6,28.0,0.0,15.4,wind_drone_20260929
2026-09-29T16:56:31.119Z,2026-09-29T16:56:31.000Z,2026-09-29T10:56:31.119-06:00,11.256,5.6,27.0,0.0,15.4,wind_drone_20260929
2026-09-29T16:56:31.312Z,2026-09-29T16:56:31.200Z,2026-09-29T10:56:31.312-06:00,11.449,5.6,31.0,0.0,15.4,wind_drone_20260929
2026-09-29T16:56:31.518Z,2026-09-29T16:56:31.400Z,2026-09-29T10:56:31.518-06:00,11.656,5.5,30.0,0.0,15.4,wind_drone_20260929
2026-09-29T16:56:31.711Z,2026-09-29T16:56:31.600Z,2026-09-29T10:56:31.711-06:00,11.849,5.6,29.0,0.0,15.4,wind_drone_20260929
2026-09-29T16:56:31.919Z,2026-09-29T16:56:31.800Z,2026-09-29T10:56:31.919-06:00,12.056,5.6,27.0,0.0,15.4,wind_drone_20260929
2026-09-29T16:56:32.111Z,2026-09-29T16:56:32.000Z,2026-09-29T10:56:32.111-06:00,12.249,5.6,28.0,0.0,15.4,wind_drone_20260929
2026-09-29T16:56:32.318Z,2026-09-29T16:56:32.200Z,2026-09-29T10:56:32.318-06:00,12.456,5.6,25.0,0.0,15.4,wind_drone_20260929
2026-09-29T16:56:32.526Z,2026-09-29T16:56:32.400Z,2026-09-29T10:56:32.526-06:00,12.663,5.5,26.0,0.0,15.4,wind_drone_20260929
2026-09-29T16:56:32.718Z,2026-09-29T16:56:32.600Z,2026-09-29T10:56:32.718-06:00,12.856,5.3,27.0,0.0,15.4,wind_drone_20260929
2026-09-29T16:56:32.926Z,2026-09-29T16:56:32.800Z,2026-09-29T10:56:32.926-06:00,13.063,5.2,29.0,0.0,15.4,wind_drone_20260929
2026-09-29T16:56:33.118Z,2026-09-29T16:56:33.000Z,2026-09-29T10:56:33.118-06:00,13.256,5.0,31.0,0.0,15.4,wind_drone_20260929
2026-09-29T16:56:33.326Z,2026-09-29T16:56:33.200Z,2026-09-29T10:56:33.326-06:00,13.463,4.8,35.0,0.0,15.4,wind_drone_20260929
2026-09-29T16:56:33.518Z,2026-09-29T16:56:33.400Z,2026-09-29T10:56:33.518-06:00,13.656,4.6,35.0,0.0,15.4,wind_drone_20260929
2026-09-29T16:56:33.725Z,2026-09-29T16:56:33.600Z,2026-09-29T10:56:33.725-06:00,13.863,4.4,35.0,0.0,15.4,wind_drone_20260929
2026-09-29T16:56:33.918Z,2026-09-29T16:56:33.800Z,2026-09-29T10:56:33.918-06:00,14.055,4.3,40.0,0.0,15.4,wind_drone_20260929
2026-09-29T16:56:34.125Z,2026-09-29T16:56:34.000Z,2026-09-29T10:56:34.125-06:00,14.263,4.3,41.0,0.0,15.4,wind_drone_20260929
2026-09-29T16:56:34.318Z,2026-09-29T16:56:34.200Z,2026-09-29T10:56:34.318-06:00,14.455,4.2,44.0,0.0,15.4,wind_drone_20260929
2026-09-29T16:56:34.525Z,2026-09-29T16:56:34.400Z,2026-09-29T10:56:34.525-06:00,14.662,4.1,44.0,0.0,15.4,wind_drone_20260929
2026-09-29T16:56:34.718Z,2026-09-29T16:56:34.600Z,2026-09-29T10:56:34.718-06:00,14.855,4.2,43.0,0.0,15.4,wind_drone_20260929
2026-09-29T16:56:34.925Z,2026-09-29T16:56:34.800Z,2026-09-29T10:56:34.925-06:00,15.062,4.5,38.0,0.0,15.4,wind_drone_20260929
2026-09-29T16:56:35.118Z,2026-09-29T16:56:35.000Z,2026-09-29T10:56:35.118-06:00,15.255,4.6,38.0,0.0,15.4,wind_drone_20260929
2026-09-29T16:56:35.325Z,2026-09-29T16:56:35.200Z,2026-09-29T10:56:35.325-06:00,15.462,4.7,42.0,0.0,15.4,wind_drone_20260929
2026-09-29T16:56:35.517Z,2026-09-29T16:56:35.400Z,2026-09-29T10:56:35.517-06:00,15.655,4.7,37.0,0.0,15.4,wind_drone_20260929
2026-09-29T16:56:35.725Z,2026-09-29T16:56:35.600Z,2026-09-29T10:56:35.725-06:00,15.862,4.8,32.0,0.0,15.4,wind_drone_20260929
2026-09-29T16:56:35.918Z,2026-09-29T16:56:35.800Z,2026-09-29T10:56:35.918-06:00,16.055,5.0,32.0,0.0,15.4,wind_drone_20260929
2026-09-29T16:56:36.124Z,2026-09-29T16:56:36.000Z,2026-09-29T10:56:36.124-06:00,16.262,5.2,33.0,0.0,15.4,wind_drone_20260929
2026-09-29T16:56:36.317Z,2026-09-29T16:56:36.200Z,2026-09-29T10:56:36.317-06:00,16.455,5.2,31.0,0.0,15.4,wind_drone_20260929
2026-09-29T16:56:36.524Z,2026-09-29T16:56:36.400Z,2026-09-29T10:56:36.524-06:00,16.662,5.1,34.0,0.0,15.4,wind_drone_20260929
2026-09-29T16:56:36.717Z,2026-09-29T16:56:36.600Z,2026-09-29T10:56:36.717-06:00,16.854,5.0,34.0,0.0,15.5,wind_drone_20260929
2026-09-29T16:56:36.924Z,2026-09-29T16:56:36.800Z,2026-09-29T10:56:36.924-06:00,17.062,5.0,35.0,0.0,15.5,wind_drone_20260929
2026-09-29T16:56:37.117Z,2026-09-29T16:56:37.000Z,2026-09-29T10:56:37.117-06:00,17.254,4.9,34.0,0.0,15.5,wind_drone_20260929
2026-09-29T16:56:37.324Z,2026-09-29T16:56:37.200Z,2026-09-29T10:56:37.324-06:00,17.461,4.8,34.0,0.0,15.5,wind_drone_20260929
2026-09-29T16:56:37.516Z,2026-09-29T16:56:37.400Z,2026-09-29T10:56:37.516-06:00,17.654,4.7,35.0,0.0,15.5,wind_drone_20260929
2026-09-29T16:56:37.724Z,2026-09-29T16:56:37.600Z,2026-09-29T10:56:37.724-06:00,17.861,4.5,34.0,0.0,15.5,wind_drone_20260929
2026-09-29T16:56:37.916Z,2026-09-29T16:56:37.800Z,2026-09-29T10:56:37.916-06:00,18.054,4.4,34.0,0.0,15.5,wind_drone_20260929
2026-09-29T16:56:38.124Z,2026-09-29T16:56:38.000Z,2026-09-29T10:56:38.124-06:00,18.261,4.4,32.0,0.0,15.5,wind_drone_20260929
2026-09-29T16:56:38.316Z,2026-09-29T16:56:38.200Z,2026-09-29T10:56:38.316-06:00,18.454,4.4,34.0,0.0,15.5,wind_drone_20260929
2026-09-29T16:56:38.524Z,2026-09-29T16:56:38.400Z,2026-09-29T10:56:38.524-06:00,18.661,4.5,32.0,0.0,15.5,wind_drone_20260929
2026-09-29T16:56:38.716Z,2026-09-29T16:56:38.600Z,2026-09-29T10:56:38.716-06:00,18.854,4.6,34.0,0.0,15.5,wind_drone_20260929
2026-09-29T16:56:38.923Z,2026-09-29T16:56:38.800Z,2026-09-29T10:56:38.923-06:00,19.061,4.7,42.0,0.0,15.5,wind_drone_20260929
2026-09-29T16:56:39.116Z,2026-09-29T16:56:39.000Z,2026-09-29T10:56:39.116-06:00,19.254,4.7,43.0,0.0,15.5,wind_drone_20260929
2026-09-29T16:56:39.323Z,2026-09-29T16:56:39.200Z,2026-09-29T10:56:39.323-06:00,19.461,4.9,38.0,0.0,15.5,wind_drone_20260929
2026-09-29T16:56:39.516Z,2026-09-29T16:56:39.400Z,2026-09-29T10:56:39.516-06:00,19.653,4.9,35.0,0.0,15.5,wind_drone_20260929
2026-09-29T16:56:39.723Z,2026-09-29T16:56:39.600Z,2026-09-29T10:56:39.723-06:00,19.86,5.0,40.0,0.0,15.5,wind_drone_20260929
2026-09-29T16:56:39.916Z,2026-09-29T16:56:39.800Z,2026-09-29T10:56:39.916-06:00,20.053,5.1,43.0,0.0,15.5,wind_drone_20260929
2026-09-29T16:56:40.123Z,2026-09-29T16:56:40.000Z,2026-09-29T10:56:40.123-06:00,20.26,5.1,45.0,0.0,15.5,wind_drone_20260929
2026-09-29T16:56:40.315Z,2026-09-29T16:56:40.200Z,2026-09-29T10:56:40.315-06:00,20.453,5.2,48.0,0.0,15.5,wind_drone_20260929
2026-09-29T16:56:40.523Z,2026-09-29T16:56:40.400Z,2026-09-29T10:56:40.523-06:00,20.66,5.3,51.0,0.0,15.5,wind_drone_20260929
2026-09-29T16:56:40.715Z,2026-09-29T16:56:40.600Z,2026-09-29T10:56:40.715-06:00,20.853,5.4,54.0,0.0,15.5,wind_drone_20260929
2026-09-29T16:56:40.923Z,2026-09-29T16:56:40.800Z,2026-09-29T10:56:40.923-06:00,21.06,5.4,52.0,0.0,15.5,wind_drone_20260929
2026-09-29T16:56:41.115Z,2026-09-29T16:56:41.000Z,2026-09-29T10:56:41.115-06:00,21.253,5.5,56.0,0.0,15.5,wind_drone_20260929
2026-09-29T16:56:41.323Z,2026-09-29T16:56:41.200Z,2026-09-29T10:56:41.323-06:00,21.46,5.4,54.0,0.0,15.5,wind_drone_20260929
2026-09-29T16:56:41.515Z,2026-09-29T16:56:41.400Z,2026-09-29T10:56:41.515-06:00,21.653,5.4,52.0,0.0,15.5,wind_drone_20260929
2026-09-29T16:56:41.722Z,2026-09-29T16:56:41.600Z,2026-09-29T10:56:41.722-06:00,21.86,5.4,52.0,0.0,15.5,wind_drone_20260929
2026-09-29T16:56:41.915Z,2026-09-29T16:56:41.800Z,2026-09-29T10:56:41.915-06:00,22.053,5.3,53.0,0.0,15.5,wind_drone_20260929
2026-09-29T16:56:42.122Z,2026-09-29T16:56:42.000Z,2026-09-29T10:56:42.122-06:00,22.26,5.3,50.0,0.0,15.5,wind_drone_20260929
2026-09-29T16:56:42.315Z,2026-09-29T16:56:42.200Z,2026-09-29T10:56:42.315-06:00,22.452,5.4,50.0,0.0,15.5,wind_drone_20260929
2026-09-29T16:56:42.522Z,2026-09-29T16:56:42.400Z,2026-09-29T10:56:42.522-06:00,22.66,5.4,52.0,0.0,15.5,wind_drone_20260929
2026-09-29T16:56:42.715Z,2026-09-29T16:56:42.600Z,2026-09-29T10:56:42.715-06:00,22.852,5.6,50.0,0.0,15.5,wind_drone_20260929
2026-09-29T16:56:42.922Z,2026-09-29T16:56:42.800Z,2026-09-29T10:56:42.922-06:00,23.059,5.7,45.0,0.0,15.5,wind_drone_20260929
2026-09-29T16:56:43.114Z,2026-09-29T16:56:43.000Z,2026-09-29T10:56:43.114-06:00,23.251,5.9,44.0,0.0,15.5,wind_drone_20260929
2026-09-29T16:56:43.322Z,2026-09-29T16:56:43.200Z,2026-09-29T10:56:43.322-06:00,23.46,6.0,42.0,0.0,15.5,wind_drone_20260929
2026-09-29T16:56:43.514Z,2026-09-29T16:56:43.400Z,2026-09-29T10:56:43.514-06:00,23.652,6.0,42.0,0.0,15.5,wind_drone_20260929
2026-09-29T16:56:43.722Z,2026-09-29T16:56:43.600Z,2026-09-29T10:56:43.722-06:00,23.859,6.0,39.0,0.0,15.5,wind_drone_20260929
2026-09-29T16:56:43.914Z,2026-09-29T16:56:43.800Z,2026-09-29T10:56:43.914-06:00,24.052,6.0,39.0,0.0,15.5,wind_drone_20260929
2026-09-29T16:56:44.122Z,2026-09-29T16:56:44.000Z,2026-09-29T10:56:44.122-06:00,24.259,5.9,39.0,0.0,15.5,wind_drone_20260929
2026-09-29T16:56:44.314Z,2026-09-29T16:56:44.200Z,2026-09-29T10:56:44.314-06:00,24.452,5.9,41.0,0.0,15.5,wind_drone_20260929
2026-09-29T16:56:44.521Z,2026-09-29T16:56:44.400Z,2026-09-29T10:56:44.521-06:00,24.659,5.8,40.0,0.0,15.5,wind_drone_20260929
2026-09-29T16:56:44.714Z,2026-09-29T16:56:44.600Z,2026-09-29T10:56:44.714-06:00,24.852,5.6,40.0,0.0,15.5,wind_drone_20260929
2026-09-29T16:56:44.921Z,2026-09-29T16:56:44.800Z,2026-09-29T10:56:44.921-06:00,25.059,5.4,42.0,0.0,15.5,wind_drone_20260929
2026-09-29T16:56:45.114Z,2026-09-29T16:56:45.000Z,2026-09-29T10:56:45.114-06:00,25.251,5.4,35.0,0.0,15.5,wind_drone_20260929
2026-09-29T16:56:45.321Z,2026-09-29T16:56:45.200Z,2026-09-29T10:56:45.321-06:00,25.459,5.5,33.0,0.0,15.5,wind_drone_20260929
2026-09-29T16:56:45.514Z,2026-09-29T16:56:45.400Z,2026-09-29T10:56:45.514-06:00,25.651,5.4,32.0,0.0,15.5,wind_drone_20260929
2026-09-29T16:56:45.721Z,2026-09-29T16:56:45.600Z,2026-09-29T10:56:45.721-06:00,25.858,5.5,38.0,0.0,15.5,wind_drone_20260929
2026-09-29T16:56:45.914Z,2026-09-29T16:56:45.800Z,2026-09-29T10:56:45.914-06:00,26.051,5.5,40.0,0.0,15.5,wind_drone_20260929
2026-09-29T16:56:46.121Z,2026-09-29T16:56:46.000Z,2026-09-29T10:56:46.121-06:00,26.258,5.6,38.0,0.0,15.5,wind_drone_20260929
2026-09-29T16:56:46.314Z,2026-09-29T16:56:46.200Z,2026-09-29T10:56:46.314-06:00,26.451,5.7,29.0,0.0,15.5,wind_drone_20260929
2026-09-29T16:56:46.521Z,2026-09-29T16:56:46.400Z,2026-09-29T10:56:46.521-06:00,26.658,5.6,27.0,0.0,15.5,wind_drone_20260929
2026-09-29T16:56:46.713Z,2026-09-29T16:56:46.600Z,2026-09-29T10:56:46.713-06:00,26.851,5.5,30.0,0.0,15.5,wind_drone_20260929
2026-09-29T16:56:46.921Z,2026-09-29T16:56:46.800Z,2026-09-29T10:56:46.921-06:00,27.058,5.5,34.0,0.0,15.5,wind_drone_20260929
2026-09-29T16:56:47.113Z,2026-09-29T16:56:47.000Z,2026-09-29T10:56:47.113-06:00,27.251,5.6,35.0,0.0,15.5,wind_drone_20260929
2026-09-29T16:56:47.320Z,2026-09-29T16:56:47.200Z,2026-09-29T10:56:47.320-06:00,27.458,5.5,31.0,0.0,15.5,wind_drone_20260929
2026-09-29T16:56:47.513Z,2026-09-29T16:56:47.400Z,2026-09-29T10:56:47.513-06:00,27.651,5.4,26.0,0.0,15.5,wind_drone_20260929
2026-09-29T16:56:47.720Z,2026-09-29T16:56:47.600Z,2026-09-29T10:56:47.720-06:00,27.858,5.3,27.0,0.0,15.5,wind_drone_20260929
2026-09-29T16:56:47.913Z,2026-09-29T16:56:47.800Z,2026-09-29T10:56:47.913-06:00,28.05,5.2,35.0,0.0,15.5,wind_drone_20260929
2026-09-29T16:56:48.120Z,2026-09-29T16:56:48.000Z,2026-09-29T10:56:48.120-06:00,28.258,5.2,36.0,0.0,15.5,wind_drone_20260929
2026-09-29T16:56:48.313Z,2026-09-29T16:56:48.200Z,2026-09-29T10:56:48.313-06:00,28.45,5.2,37.0,0.0,15.5,wind_drone_20260929
2026-09-29T16:56:48.520Z,2026-09-29T16:56:48.400Z,2026-09-29T10:56:48.520-06:00,28.657,5.1,41.0,0.0,15.5,wind_drone_20260929
2026-09-29T16:56:48.713Z,2026-09-29T16:56:48.600Z,2026-09-29T10:56:48.713-06:00,28.85,4.9,43.0,0.0,15.5,wind_drone_20260929
2026-09-29T16:56:48.920Z,2026-09-29T16:56:48.800Z,2026-09-29T10:56:48.920-06:00,29.057,4.8,40.0,0.0,15.5,wind_drone_20260929
2026-09-29T16:56:49.113Z,2026-09-29T16:56:49.000Z,2026-09-29T10:56:49.113-06:00,29.25,4.6,37.0,0.0,15.5,wind_drone_20260929
2026-09-29T16:56:49.320Z,2026-09-29T16:56:49.200Z,2026-09-29T10:56:49.320-06:00,29.457,4.6,41.0,0.0,15.5,wind_drone_20260929
2026-09-29T16:56:49.513Z,2026-09-29T16:56:49.400Z,2026-09-29T10:56:49.513-06:00,29.65,4.6,39.0,0.0,15.5,wind_drone_20260929
2026-09-29T16:56:49.720Z,2026-09-29T16:56:49.600Z,2026-09-29T10:56:49.720-06:00,29.857,4.6,39.0,0.0,15.5,wind_drone_20260929
2026-09-29T16:56:49.912Z,2026-09-29T16:56:49.800Z,2026-09-29T10:56:49.912-06:00,30.05,4.6,39.0,0.0,15.5,wind_drone_20260929
2026-09-29T16:56:50.119Z,2026-09-29T16:56:50.000Z,2026-09-29T10:56:50.119-06:00,30.257,4.5,42.0,0.0,15.5,wind_drone_20260929
2026-09-29T16:56:50.313Z,2026-09-29T16:56:50.200Z,2026-09-29T10:56:50.313-06:00,30.45,4.6,40.0,0.0,15.5,wind_drone_20260929
2026-09-29T16:56:50.519Z,2026-09-29T16:56:50.400Z,2026-09-29T10:56:50.519-06:00,30.657,4.6,38.0,0.0,15.5,wind_drone_20260929
2026-09-29T16:56:50.713Z,2026-09-29T16:56:50.600Z,2026-09-29T10:56:50.713-06:00,30.85,4.6,38.0,0.0,15.5,wind_drone_20260929
2026-09-29T16:56:50.919Z,2026-09-29T16:56:50.800Z,2026-09-29T10:56:50.919-06:00,31.057,4.7,36.0,0.0,15.5,wind_drone_20260929
2026-09-29T16:56:51.112Z,2026-09-29T16:56:51.000Z,2026-09-29T10:56:51.112-06:00,31.25,4.8,37.0,0.0,15.5,wind_drone_20260929
2026-09-29T16:56:51.319Z,2026-09-29T16:56:51.200Z,2026-09-29T10:56:51.319-06:00,31.456,5.0,34.0,0.0,15.5,wind_drone_20260929
2026-09-29T16:56:51.512Z,2026-09-29T16:56:51.400Z,2026-09-29T10:56:51.512-06:00,31.649,5.1,35.0,0.0,15.5,wind_drone_20260929
2026-09-29T16:56:51.719Z,2026-09-29T16:56:51.600Z,2026-09-29T10:56:51.719-06:00,31.857,5.2,30.0,0.0,15.5,wind_drone_20260929
2026-09-29T16:56:51.911Z,2026-09-29T16:56:51.800Z,2026-09-29T10:56:51.911-06:00,32.049,5.3,28.0,0.0,15.5,wind_drone_20260929
2026-09-29T16:56:52.119Z,2026-09-29T16:56:52.000Z,2026-09-29T10:56:52.119-06:00,32.256,5.4,32.0,0.0,15.5,wind_drone_20260929
2026-09-29T16:56:52.312Z,2026-09-29T16:56:52.200Z,2026-09-29T10:56:52.312-06:00,32.449,5.6,29.0,0.0,15.5,wind_drone_20260929
2026-09-29T16:56:52.519Z,2026-09-29T16:56:52.400Z,2026-09-29T10:56:52.519-06:00,32.656,5.5,26.0,0.0,15.5,wind_drone_20260929
2026-09-29T16:56:52.712Z,2026-09-29T16:56:52.600Z,2026-09-29T10:56:52.712-06:00,32.849,5.5,28.0,0.0,15.5,wind_drone_20260929
2026-09-29T16:56:52.919Z,2026-09-29T16:56:52.800Z,2026-09-29T10:56:52.919-06:00,33.056,5.6,30.0,0.0,15.5,wind_drone_20260929
2026-09-29T16:56:53.111Z,2026-09-29T16:56:53.000Z,2026-09-29T10:56:53.111-06:00,33.248,5.7,30.0,0.0,15.5,wind_drone_20260929
2026-09-29T16:56:53.318Z,2026-09-29T16:56:53.200Z,2026-09-29T10:56:53.318-06:00,33.456,5.8,29.0,0.0,15.5,wind_drone_20260929
2026-09-29T16:56:53.526Z,2026-09-29T16:56:53.400Z,2026-09-29T10:56:53.526-06:00,33.663,5.9,32.0,0.0,15.5,wind_drone_20260929
2026-09-29T16:56:53.718Z,2026-09-29T16:56:53.600Z,2026-09-29T10:56:53.718-06:00,33.856,6.0,32.0,0.0,15.5,wind_drone_20260929
2026-09-29T16:56:53.925Z,2026-09-29T16:56:53.800Z,2026-09-29T10:56:53.925-06:00,34.063,6.2,33.0,0.0,15.5,wind_drone_20260929
2026-09-29T16:56:54.118Z,2026-09-29T16:56:54.000Z,2026-09-29T10:56:54.118-06:00,34.255,6.3,33.0,0.0,15.5,wind_drone_20260929
2026-09-29T16:56:54.326Z,2026-09-29T16:56:54.200Z,2026-09-29T10:56:54.326-06:00,34.463,6.4,31.0,0.0,15.5,wind_drone_20260929
2026-09-29T16:56:54.518Z,2026-09-29T16:56:54.400Z,2026-09-29T10:56:54.518-06:00,34.655,6.3,31.0,0.0,15.5,wind_drone_20260929
2026-09-29T16:56:54.725Z,2026-09-29T16:56:54.600Z,2026-09-29T10:56:54.725-06:00,34.862,6.1,32.0,0.0,15.5,wind_drone_20260929
2026-09-29T16:56:54.918Z,2026-09-29T16:56:54.800Z,2026-09-29T10:56:54.918-06:00,35.055,6.0,31.0,0.0,15.5,wind_drone_20260929
2026-09-29T16:56:55.125Z,2026-09-29T16:56:55.000Z,2026-09-29T10:56:55.125-06:00,35.262,5.8,32.0,0.0,15.5,wind_drone_20260929
2026-09-29T16:56:55.318Z,2026-09-29T16:56:55.200Z,2026-09-29T10:56:55.318-06:00,35.455,5.6,35.0,0.0,15.5,wind_drone_20260929
2026-09-29T16:56:55.525Z,2026-09-29T16:56:55.400Z,2026-09-29T10:56:55.525-06:00,35.662,5.3,34.0,0.0,15.5,wind_drone_20260929
2026-09-29T16:56:55.718Z,2026-09-29T16:56:55.600Z,2026-09-29T10:56:55.718-06:00,35.855,5.1,35.0,0.0,15.5,wind_drone_20260929
2026-09-29T16:56:55.925Z,2026-09-29T16:56:55.800Z,2026-09-29T10:56:55.925-06:00,36.062,4.8,36.0,0.0,15.5,wind_drone_20260929
2026-09-29T16:56:56.118Z,2026-09-29T16:56:56.000Z,2026-09-29T10:56:56.118-06:00,36.255,4.7,39.0,0.0,15.5,wind_drone_20260929
2026-09-29T16:56:56.325Z,2026-09-29T16:56:56.200Z,2026-09-29T10:56:56.325-06:00,36.462,4.8,36.0,0.0,15.5,wind_drone_20260929
2026-09-29T16:56:56.517Z,2026-09-29T16:56:56.400Z,2026-09-29T10:56:56.517-06:00,36.655,4.8,37.0,0.0,15.5,wind_drone_20260929
2026-09-29T16:56:56.725Z,2026-09-29T16:56:56.600Z,2026-09-29T10:56:56.725-06:00,36.862,4.9,36.0,0.0,15.5,wind_drone_20260929
2026-09-29T16:56:56.917Z,2026-09-29T16:56:56.800Z,2026-09-29T10:56:56.917-06:00,37.055,5.0,37.0,0.0,15.5,wind_drone_20260929
2026-09-29T16:56:57.124Z,2026-09-29T16:56:57.000Z,2026-09-29T10:56:57.124-06:00,37.262,5.0,38.0,0.0,15.5,wind_drone_20260929
2026-09-29T16:56:57.317Z,2026-09-29T16:56:57.200Z,2026-09-29T10:56:57.317-06:00,37.454,5.0,40.0,0.0,15.5,wind_drone_20260929
2026-09-29T16:56:57.524Z,2026-09-29T16:56:57.400Z,2026-09-29T10:56:57.524-06:00,37.662,5.1,42.0,0.0,15.5,wind_drone_20260929
2026-09-29T16:56:57.717Z,2026-09-29T16:56:57.600Z,2026-09-29T10:56:57.717-06:00,37.854,5.2,46.0,0.0,15.5,wind_drone_20260929
2026-09-29T16:56:57.924Z,2026-09-29T16:56:57.800Z,2026-09-29T10:56:57.924-06:00,38.062,5.1,43.0,0.0,15.5,wind_drone_20260929
2026-09-29T16:56:58.117Z,2026-09-29T16:56:58.000Z,2026-09-29T10:56:58.117-06:00,38.254,5.2,43.0,0.0,15.5,wind_drone_20260929
2026-09-29T16:56:58.324Z,2026-09-29T16:56:58.200Z,2026-09-29T10:56:58.324-06:00,38.461,5.2,45.0,0.0,15.5,wind_drone_20260929
2026-09-29T16:56:58.516Z,2026-09-29T16:56:58.400Z,2026-09-29T10:56:58.516-06:00,38.654,5.1,43.0,0.0,15.5,wind_drone_20260929
2026-09-29T16:56:58.724Z,2026-09-29T16:56:58.600Z,2026-09-29T10:56:58.724-06:00,38.861,5.1,41.0,0.0,15.5,wind_drone_20260929
2026-09-29T16:56:58.916Z,2026-09-29T16:56:58.800Z,2026-09-29T10:56:58.916-06:00,39.054,5.1,46.0,0.0,15.5,wind_drone_20260929
2026-09-29T16:56:59.124Z,2026-09-29T16:56:59.000Z,2026-09-29T10:56:59.124-06:00,39.261,5.1,44.0,0.0,15.5,wind_drone_20260929
2026-09-29T16:56:59.316Z,2026-09-29T16:56:59.200Z,2026-09-29T10:56:59.316-06:00,39.454,5.0,41.0,0.0,15.5,wind_drone_20260929
2026-09-29T16:56:59.524Z,2026-09-29T16:56:59.400Z,2026-09-29T10:56:59.524-06:00,39.661,4.9,43.0,0.0,15.5,wind_drone_20260929
2026-09-29T16:56:59.716Z,2026-09-29T16:56:59.600Z,2026-09-29T10:56:59.716-06:00,39.854,4.8,44.0,0.0,15.5,wind_drone_20260929
2026-09-29T16:56:59.923Z,2026-09-29T16:56:59.800Z,2026-09-29T10:56:59.923-06:00,40.061,4.7,42.0,0.0,15.5,wind_drone_20260929
2026-09-29T16:57:00.116Z,2026-09-29T16:57:00.000Z,2026-09-29T10:57:00.116-06:00,40.253,4.6,43.0,0.0,15.5,wind_drone_20260929
2026-09-29T16:57:00.323Z,2026-09-29T16:57:00.200Z,2026-09-29T10:57:00.323-06:00,40.461,4.6,43.0,0.0,15.5,wind_drone_20260929
2026-09-29T16:57:00.516Z,2026-09-29T16:57:00.400Z,2026-09-29T10:57:00.516-06:00,40.653,4.6,41.0,0.0,15.5,wind_drone_20260929
2026-09-29T16:57:00.723Z,2026-09-29T16:57:00.600Z,2026-09-29T10:57:00.723-06:00,40.861,4.5,42.0,0.0,15.5,wind_drone_20260929
2026-09-29T16:57:00.916Z,2026-09-29T16:57:00.800Z,2026-09-29T10:57:00.916-06:00,41.053,4.6,42.0,0.0,15.5,wind_drone_20260929
2026-09-29T16:57:01.123Z,2026-09-29T16:57:01.000Z,2026-09-29T10:57:01.123-06:00,41.26,4.7,39.0,0.0,15.5,wind_drone_20260929
2026-09-29T16:57:01.316Z,2026-09-29T16:57:01.200Z,2026-09-29T10:57:01.316-06:00,41.453,4.7,38.0,0.0,15.5,wind_drone_20260929
2026-09-29T16:57:01.523Z,2026-09-29T16:57:01.400Z,2026-09-29T10:57:01.523-06:00,41.66,4.8,40.0,0.0,15.5,wind_drone_20260929
2026-09-29T16:57:01.716Z,2026-09-29T16:57:01.600Z,2026-09-29T10:57:01.716-06:00,41.853,4.9,39.0,0.0,15.5,wind_drone_20260929
2026-09-29T16:57:01.923Z,2026-09-29T16:57:01.800Z,2026-09-29T10:57:01.923-06:00,42.06,5.0,37.0,0.0,15.5,wind_drone_20260929
2026-09-29T16:57:02.116Z,2026-09-29T16:57:02.000Z,2026-09-29T10:57:02.116-06:00,42.253,5.1,34.0,0.0,15.5,wind_drone_20260929
2026-09-29T16:57:02.322Z,2026-09-29T16:57:02.200Z,2026-09-29T10:57:02.322-06:00,42.46,5.3,33.0,0.0,15.5,wind_drone_20260929
2026-09-29T16:57:02.515Z,2026-09-29T16:57:02.400Z,2026-09-29T10:57:02.515-06:00,42.653,5.4,35.0,0.0,15.5,wind_drone_20260929
2026-09-29T16:57:02.722Z,2026-09-29T16:57:02.600Z,2026-09-29T10:57:02.722-06:00,42.86,5.4,36.0,0.0,15.5,wind_drone_20260929
2026-09-29T16:57:02.915Z,2026-09-29T16:57:02.800Z,2026-09-29T10:57:02.915-06:00,43.052,5.4,38.0,0.0,15.5,wind_drone_20260929
2026-09-29T16:57:03.122Z,2026-09-29T16:57:03.000Z,2026-09-29T10:57:03.122-06:00,43.26,5.4,38.0,0.0,15.5,wind_drone_20260929
2026-09-29T16:57:03.315Z,2026-09-29T16:57:03.200Z,2026-09-29T10:57:03.315-06:00,43.452,5.5,35.0,0.0,15.5,wind_drone_20260929
2026-09-29T16:57:03.522Z,2026-09-29T16:57:03.400Z,2026-09-29T10:57:03.522-06:00,43.659,5.5,35.0,0.0,15.5,wind_drone_20260929
2026-09-29T16:57:03.715Z,2026-09-29T16:57:03.600Z,2026-09-29T10:57:03.715-06:00,43.853,5.4,39.0,0.0,15.5,wind_drone_20260929
2026-09-29T16:57:03.922Z,2026-09-29T16:57:03.800Z,2026-09-29T10:57:03.922-06:00,44.059,5.3,39.0,0.0,15.5,wind_drone_20260929
2026-09-29T16:57:04.115Z,2026-09-29T16:57:04.000Z,2026-09-29T10:57:04.115-06:00,44.252,5.3,37.0,0.0,15.5,wind_drone_20260929
2026-09-29T16:57:04.322Z,2026-09-29T16:57:04.200Z,2026-09-29T10:57:04.322-06:00,44.459,5.2,44.0,0.0,15.5,wind_drone_20260929
2026-09-29T16:57:04.515Z,2026-09-29T16:57:04.400Z,2026-09-29T10:57:04.515-06:00,44.652,5.1,44.0,0.0,15.5,wind_drone_20260929
2026-09-29T16:57:04.722Z,2026-09-29T16:57:04.600Z,2026-09-29T10:57:04.722-06:00,44.859,5.1,41.0,0.0,15.5,wind_drone_20260929
2026-09-29T16:57:04.914Z,2026-09-29T16:57:04.800Z,2026-09-29T10:57:04.914-06:00,45.052,5.0,43.0,0.0,15.5,wind_drone_20260929
2026-09-29T16:57:05.122Z,2026-09-29T16:57:05.000Z,2026-09-29T10:57:05.122-06:00,45.259,4.9,44.0,0.0,15.5,wind_drone_20260929
2026-09-29T16:57:05.314Z,2026-09-29T16:57:05.200Z,2026-09-29T10:57:05.314-06:00,45.452,4.9,44.0,0.0,15.5,wind_drone_20260929
2026-09-29T16:57:05.521Z,2026-09-29T16:57:05.400Z,2026-09-29T10:57:05.521-06:00,45.659,4.9,43.0,0.0,15.5,wind_drone_20260929
2026-09-29T16:57:05.714Z,2026-09-29T16:57:05.600Z,2026-09-29T10:57:05.714-06:00,45.852,4.8,41.0,0.0,15.5,wind_drone_20260929
2026-09-29T16:57:05.921Z,2026-09-29T16:57:05.800Z,2026-09-29T10:57:05.921-06:00,46.059,4.8,42.0,0.0,15.5,wind_drone_20260929
2026-09-29T16:57:06.114Z,2026-09-29T16:57:06.000Z,2026-09-29T10:57:06.114-06:00,46.252,4.8,43.0,0.0,15.5,wind_drone_20260929
2026-09-29T16:57:06.321Z,2026-09-29T16:57:06.200Z,2026-09-29T10:57:06.321-06:00,46.459,4.7,41.0,0.0,15.5,wind_drone_20260929
2026-09-29T16:57:06.514Z,2026-09-29T16:57:06.400Z,2026-09-29T10:57:06.514-06:00,46.651,4.7,43.0,0.0,15.5,wind_drone_20260929
2026-09-29T16:57:06.721Z,2026-09-29T16:57:06.600Z,2026-09-29T10:57:06.721-06:00,46.858,4.7,43.0,0.0,15.5,wind_drone_20260929
2026-09-29T16:57:06.914Z,2026-09-29T16:57:06.800Z,2026-09-29T10:57:06.914-06:00,47.051,4.7,43.0,0.0,15.5,wind_drone_20260929
2026-09-29T16:57:07.121Z,2026-09-29T16:57:07.000Z,2026-09-29T10:57:07.121-06:00,47.258,4.7,40.0,0.0,15.5,wind_drone_20260929
2026-09-29T16:57:07.314Z,2026-09-29T16:57:07.200Z,2026-09-29T10:57:07.314-06:00,47.451,4.7,39.0,0.0,15.5,wind_drone_20260929
2026-09-29T16:57:07.521Z,2026-09-29T16:57:07.400Z,2026-09-29T10:57:07.521-06:00,47.658,4.7,43.0,0.0,15.5,wind_drone_20260929
2026-09-29T16:57:07.714Z,2026-09-29T16:57:07.600Z,2026-09-29T10:57:07.714-06:00,47.851,4.7,41.0,0.0,15.5,wind_drone_20260929
2026-09-29T16:57:07.921Z,2026-09-29T16:57:07.800Z,2026-09-29T10:57:07.921-06:00,48.058,4.8,44.0,0.0,15.5,wind_drone_20260929
2026-09-29T16:57:08.114Z,2026-09-29T16:57:08.000Z,2026-09-29T10:57:08.114-06:00,48.251,4.7,45.0,0.0,15.5,wind_drone_20260929
2026-09-29T16:57:08.321Z,2026-09-29T16:57:08.200Z,2026-09-29T10:57:08.321-06:00,48.458,4.8,44.0,0.0,15.5,wind_drone_20260929
2026-09-29T16:57:08.513Z,2026-09-29T16:57:08.400Z,2026-09-29T10:57:08.513-06:00,48.651,4.8,42.0,0.0,15.5,wind_drone_20260929
2026-09-29T16:57:08.721Z,2026-09-29T16:57:08.600Z,2026-09-29T10:57:08.721-06:00,48.858,4.8,42.0,0.0,15.5,wind_drone_20260929
2026-09-29T16:57:08.913Z,2026-09-29T16:57:08.800Z,2026-09-29T10:57:08.913-06:00,49.051,4.8,47.0,0.0,15.5,wind_drone_20260929
2026-09-29T16:57:09.120Z,2026-09-29T16:57:09.000Z,2026-09-29T10:57:09.120-06:00,49.258,4.8,45.0,0.0,15.5,wind_drone_20260929
2026-09-29T16:57:09.313Z,2026-09-29T16:57:09.200Z,2026-09-29T10:57:09.313-06:00,49.45,4.8,44.0,0.0,15.5,wind_drone_20260929
2026-09-29T16:57:09.520Z,2026-09-29T16:57:09.400Z,2026-09-29T10:57:09.520-06:00,49.657,4.8,42.0,0.0,15.5,wind_drone_20260929
2026-09-29T16:57:09.713Z,2026-09-29T16:57:09.600Z,2026-09-29T10:57:09.713-06:00,49.851,4.8,47.0,0.0,15.5,wind_drone_20260929
2026-09-29T16:57:09.920Z,2026-09-29T16:57:09.800Z,2026-09-29T10:57:09.920-06:00,50.057,4.8,48.0,0.0,15.5,wind_drone_20260929
2026-09-29T16:57:10.113Z,2026-09-29T16:57:10.000Z,2026-09-29T10:57:10.113-06:00,50.25,4.8,50.0,0.0,15.5,wind_drone_20260929
2026-09-29T16:57:10.320Z,2026-09-29T16:57:10.200Z,2026-09-29T10:57:10.320-06:00,50.457,4.7,47.0,0.0,15.5,wind_drone_20260929
2026-09-29T16:57:10.513Z,2026-09-29T16:57:10.400Z,2026-09-29T10:57:10.513-06:00,50.65,4.7,42.0,0.0,15.5,wind_drone_20260929
2026-09-29T16:57:10.720Z,2026-09-29T16:57:10.600Z,2026-09-29T10:57:10.720-06:00,50.857,4.7,42.0,0.0,15.5,wind_drone_20260929
2026-09-29T16:57:10.912Z,2026-09-29T16:57:10.800Z,2026-09-29T10:57:10.912-06:00,51.05,4.7,44.0,0.0,15.5,wind_drone_20260929
2026-09-29T16:57:11.120Z,2026-09-29T16:57:11.000Z,2026-09-29T10:57:11.120-06:00,51.257,4.8,49.0,0.0,15.5,wind_drone_20260929
2026-09-29T16:57:11.313Z,2026-09-29T16:57:11.200Z,2026-09-29T10:57:11.313-06:00,51.45,4.8,44.0,0.0,15.5,wind_drone_20260929
2026-09-29T16:57:11.519Z,2026-09-29T16:57:11.400Z,2026-09-29T10:57:11.519-06:00,51.657,4.7,41.0,0.0,15.5,wind_drone_20260929
2026-09-29T16:57:11.712Z,2026-09-29T16:57:11.600Z,2026-09-29T10:57:11.712-06:00,51.849,4.7,44.0,0.0,15.5,wind_drone_20260929
2026-09-29T16:57:11.919Z,2026-09-29T16:57:11.800Z,2026-09-29T10:57:11.919-06:00,52.057,4.8,43.0,0.0,15.5,wind_drone_20260929
2026-09-29T16:57:12.112Z,2026-09-29T16:57:12.000Z,2026-09-29T10:57:12.112-06:00,52.249,4.8,39.0,0.0,15.5,wind_drone_20260929
2026-09-29T16:57:12.319Z,2026-09-29T16:57:12.200Z,2026-09-29T10:57:12.319-06:00,52.456,4.8,38.0,0.0,15.5,wind_drone_20260929
2026-09-29T16:57:12.512Z,2026-09-29T16:57:12.400Z,2026-09-29T10:57:12.512-06:00,52.65,4.8,40.0,0.0,15.5,wind_drone_20260929
2026-09-29T16:57:12.719Z,2026-09-29T16:57:12.600Z,2026-09-29T10:57:12.719-06:00,52.856,4.8,40.0,0.0,15.5,wind_drone_20260929
2026-09-29T16:57:12.912Z,2026-09-29T16:57:12.800Z,2026-09-29T10:57:12.912-06:00,53.049,4.9,41.0,0.0,15.5,wind_drone_20260929
2026-09-29T16:57:13.119Z,2026-09-29T16:57:13.000Z,2026-09-29T10:57:13.119-06:00,53.256,5.0,37.0,0.0,15.5,wind_drone_20260929
2026-09-29T16:57:13.312Z,2026-09-29T16:57:13.200Z,2026-09-29T10:57:13.312-06:00,53.449,5.1,38.0,0.0,15.5,wind_drone_20260929
2026-09-29T16:57:13.519Z,2026-09-29T16:57:13.400Z,2026-09-29T10:57:13.519-06:00,53.656,5.1,39.0,0.0,15.5,wind_drone_20260929
2026-09-29T16:57:13.712Z,2026-09-29T16:57:13.600Z,2026-09-29T10:57:13.712-06:00,53.849,5.2,39.0,0.0,15.5,wind_drone_20260929
2026-09-29T16:57:13.918Z,2026-09-29T16:57:13.800Z,2026-09-29T10:57:13.918-06:00,54.056,5.2,41.0,0.0,15.5,wind_drone_20260929
2026-09-29T16:57:14.111Z,2026-09-29T16:57:14.000Z,2026-09-29T10:57:14.111-06:00,54.249,5.2,38.0,0.0,15.5,wind_drone_20260929
2026-09-29T16:57:14.318Z,2026-09-29T16:57:14.200Z,2026-09-29T10:57:14.318-06:00,54.456,5.2,40.0,0.0,15.5,wind_drone_20260929
2026-09-29T16:57:14.526Z,2026-09-29T16:57:14.400Z,2026-09-29T10:57:14.526-06:00,54.663,5.0,39.0,0.0,15.5,wind_drone_20260929
2026-09-29T16:57:14.718Z,2026-09-29T16:57:14.600Z,2026-09-29T10:57:14.718-06:00,54.856,4.9,41.0,0.0,15.5,wind_drone_20260929
2026-09-29T16:57:14.925Z,2026-09-29T16:57:14.800Z,2026-09-29T10:57:14.925-06:00,55.063,4.8,42.0,0.0,15.5,wind_drone_20260929
2026-09-29T16:57:15.118Z,2026-09-29T16:57:15.000Z,2026-09-29T10:57:15.118-06:00,55.255,4.7,42.0,0.0,15.5,wind_drone_20260929
2026-09-29T16:57:15.325Z,2026-09-29T16:57:15.200Z,2026-09-29T10:57:15.325-06:00,55.463,4.6,42.0,0.0,15.5,wind_drone_20260929
2026-09-29T16:57:15.518Z,2026-09-29T16:57:15.400Z,2026-09-29T10:57:15.518-06:00,55.655,4.4,45.0,0.0,15.5,wind_drone_20260929
2026-09-29T16:57:15.725Z,2026-09-29T16:57:15.600Z,2026-09-29T10:57:15.725-06:00,55.863,4.3,45.0,0.0,15.5,wind_drone_20260929
2026-09-29T16:57:15.918Z,2026-09-29T16:57:15.800Z,2026-09-29T10:57:15.918-06:00,56.055,4.2,41.0,0.0,15.5,wind_drone_20260929
2026-09-29T16:57:16.125Z,2026-09-29T16:57:16.000Z,2026-09-29T10:57:16.125-06:00,56.262,4.2,43.0,0.0,15.5,wind_drone_20260929
2026-09-29T16:57:16.317Z,2026-09-29T16:57:16.200Z,2026-09-29T10:57:16.317-06:00,56.455,4.1,46.0,0.0,15.5,wind_drone_20260929
2026-09-29T16:57:16.525Z,2026-09-29T16:57:16.400Z,2026-09-29T10:57:16.525-06:00,56.662,4.1,46.0,0.0,15.5,wind_drone_20260929
2026-09-29T16:57:16.718Z,2026-09-29T16:57:16.600Z,2026-09-29T10:57:16.718-06:00,56.855,4.1,45.0,0.0,15.5,wind_drone_20260929
2026-09-29T16:57:16.925Z,2026-09-29T16:57:16.800Z,2026-09-29T10:57:16.925-06:00,57.062,4.1,44.0,0.0,15.5,wind_drone_20260929
2026-09-29T16:57:17.117Z,2026-09-29T16:57:17.000Z,2026-09-29T10:57:17.117-06:00,57.255,4.2,42.0,0.0,15.5,wind_drone_20260929
2026-09-29T16:57:17.325Z,2026-09-29T16:57:17.200Z,2026-09-29T10:57:17.325-06:00,57.462,4.3,42.0,0.0,15.5,wind_drone_20260929
2026-09-29T16:57:17.517Z,2026-09-29T16:57:17.400Z,2026-09-29T10:57:17.517-06:00,57.654,4.4,41.0,0.0,15.5,wind_drone_20260929
2026-09-29T16:57:17.724Z,2026-09-29T16:57:17.600Z,2026-09-29T10:57:17.724-06:00,57.862,4.4,37.0,0.0,15.5,wind_drone_20260929
2026-09-29T16:57:17.917Z,2026-09-29T16:57:17.800Z,2026-09-29T10:57:17.917-06:00,58.054,4.4,35.0,0.0,15.5,wind_drone_20260929
2026-09-29T16:57:18.124Z,2026-09-29T16:57:18.000Z,2026-09-29T10:57:18.124-06:00,58.262,4.4,35.0,0.0,15.5,wind_drone_20260929
2026-09-29T16:57:18.317Z,2026-09-29T16:57:18.200Z,2026-09-29T10:57:18.317-06:00,58.454,4.4,35.0,0.0,15.5,wind_drone_20260929
2026-09-29T16:57:18.524Z,2026-09-29T16:57:18.400Z,2026-09-29T10:57:18.524-06:00,58.662,4.4,36.0,0.0,15.5,wind_drone_20260929
2026-09-29T16:57:18.717Z,2026-09-29T16:57:18.600Z,2026-09-29T10:57:18.717-06:00,58.854,4.4,34.0,0.0,15.5,wind_drone_20260929
2026-09-29T16:57:18.924Z,2026-09-29T16:57:18.800Z,2026-09-29T10:57:18.924-06:00,59.061,4.4,35.0,0.0,15.5,wind_drone_20260929
2026-09-29T16:57:19.117Z,2026-09-29T16:57:19.000Z,2026-09-29T10:57:19.117-06:00,59.254,4.4,31.0,0.0,15.5,wind_drone_20260929
2026-09-29T16:57:19.324Z,2026-09-29T16:57:19.200Z,2026-09-29T10:57:19.324-06:00,59.461,4.4,33.0,0.0,15.5,wind_drone_20260929
2026-09-29T16:57:19.516Z,2026-09-29T16:57:19.400Z,2026-09-29T10:57:19.516-06:00,59.654,4.4,34.0,0.0,15.5,wind_drone_20260929
2026-09-29T16:57:19.724Z,2026-09-29T16:57:19.600Z,2026-09-29T10:57:19.724-06:00,59.861,4.5,32.0,0.0,15.5,wind_drone_20260929
2026-09-29T16:57:19.916Z,2026-09-29T16:57:19.800Z,2026-09-29T10:57:19.916-06:00,60.054,4.4,28.0,0.0,15.5,wind_drone_20260929
2026-09-29T16:57:20.124Z,2026-09-29T16:57:20.000Z,2026-09-29T10:57:20.124-06:00,60.261,4.4,30.0,0.0,15.5,wind_drone_20260929
2026-09-29T16:57:20.316Z,2026-09-29T16:57:20.200Z,2026-09-29T10:57:20.316-06:00,60.454,4.4,31.0,0.0,15.5,wind_drone_20260929
2026-09-29T16:57:20.523Z,2026-09-29T16:57:20.400Z,2026-09-29T10:57:20.523-06:00,60.661,4.3,28.0,0.0,15.5,wind_drone_20260929
2026-09-29T16:57:20.716Z,2026-09-29T16:57:20.600Z,2026-09-29T10:57:20.716-06:00,60.854,4.3,29.0,0.0,15.5,wind_drone_20260929
2026-09-29T16:57:20.923Z,2026-09-29T16:57:20.800Z,2026-09-29T10:57:20.923-06:00,61.061,4.3,31.0,0.0,15.5,wind_drone_20260929
2026-09-29T16:57:21.116Z,2026-09-29T16:57:21.000Z,2026-09-29T10:57:21.116-06:00,61.254,4.3,31.0,0.0,15.5,wind_drone_20260929
2026-09-29T16:57:21.323Z,2026-09-29T16:57:21.200Z,2026-09-29T10:57:21.323-06:00,61.461,4.1,33.0,0.0,15.5,wind_drone_20260929
2026-09-29T16:57:21.516Z,2026-09-29T16:57:21.400Z,2026-09-29T10:57:21.516-06:00,61.653,4.1,33.0,0.0,15.5,wind_drone_20260929
2026-09-29T16:57:21.723Z,2026-09-29T16:57:21.600Z,2026-09-29T10:57:21.723-06:00,61.861,4.0,33.0,0.0,15.5,wind_drone_20260929
2026-09-29T16:57:21.916Z,2026-09-29T16:57:21.800Z,2026-09-29T10:57:21.916-06:00,62.053,4.0,35.0,0.0,15.5,wind_drone_20260929
2026-09-29T16:57:22.123Z,2026-09-29T16:57:22.000Z,2026-09-29T10:57:22.123-06:00,62.26,3.9,34.0,0.0,15.5,wind_drone_20260929
2026-09-29T16:57:22.315Z,2026-09-29T16:57:22.200Z,2026-09-29T10:57:22.315-06:00,62.453,3.9,37.0,0.0,15.5,wind_drone_20260929
2026-09-29T16:57:22.523Z,2026-09-29T16:57:22.400Z,2026-09-29T10:57:22.523-06:00,62.66,3.9,36.0,0.0,15.5,wind_drone_20260929
2026-09-29T16:57:22.716Z,2026-09-29T16:57:22.600Z,2026-09-29T10:57:22.716-06:00,62.853,3.8,36.0,0.0,15.5,wind_drone_20260929
2026-09-29T16:57:22.923Z,2026-09-29T16:57:22.800Z,2026-09-29T10:57:22.923-06:00,63.06,3.7,35.0,0.0,15.5,wind_drone_20260929
2026-09-29T16:57:23.115Z,2026-09-29T16:57:23.000Z,2026-09-29T10:57:23.115-06:00,63.253,3.6,35.0,0.0,15.5,wind_drone_20260929
2026-09-29T16:57:23.323Z,2026-09-29T16:57:23.200Z,2026-09-29T10:57:23.323-06:00,63.46,3.6,39.0,0.0,15.5,wind_drone_20260929
2026-09-29T16:57:23.515Z,2026-09-29T16:57:23.400Z,2026-09-29T10:57:23.515-06:00,63.653,3.5,36.0,0.0,15.5,wind_drone_20260929
2026-09-29T16:57:23.723Z,2026-09-29T16:57:23.600Z,2026-09-29T10:57:23.723-06:00,63.86,3.5,37.0,0.0,15.5,wind_drone_20260929
2026-09-29T16:57:23.915Z,2026-09-29T16:57:23.800Z,2026-09-29T10:57:23.915-06:00,64.052,3.4,39.0,0.0,15.5,wind_drone_20260929
2026-09-29T16:57:24.122Z,2026-09-29T16:57:24.000Z,2026-09-29T10:57:24.122-06:00,64.26,3.3,38.0,0.0,15.5,wind_drone_20260929
2026-09-29T16:57:24.315Z,2026-09-29T16:57:24.200Z,2026-09-29T10:57:24.315-06:00,64.452,3.3,39.0,0.0,15.5,wind_drone_20260929
2026-09-29T16:57:24.522Z,2026-09-29T16:57:24.400Z,2026-09-29T10:57:24.522-06:00,64.66,3.3,40.0,0.0,15.5,wind_drone_20260929
2026-09-29T16:57:24.715Z,2026-09-29T16:57:24.600Z,2026-09-29T10:57:24.715-06:00,64.852,3.3,39.0,0.0,15.5,wind_drone_20260929
2026-09-29T16:57:24.922Z,2026-09-29T16:57:24.800Z,2026-09-29T10:57:24.922-06:00,65.059,3.3,40.0,0.0,15.5,wind_drone_20260929
2026-09-29T16:57:25.115Z,2026-09-29T16:57:25.000Z,2026-09-29T10:57:25.115-06:00,65.252,3.3,38.0,0.0,15.5,wind_drone_20260929
2026-09-29T16:57:25.322Z,2026-09-29T16:57:25.200Z,2026-09-29T10:57:25.322-06:00,65.459,3.3,42.0,0.0,15.5,wind_drone_20260929
2026-09-29T16:57:25.515Z,2026-09-29T16:57:25.400Z,2026-09-29T10:57:25.515-06:00,65.652,3.3,39.0,0.0,15.5,wind_drone_20260929
2026-09-29T16:57:25.722Z,2026-09-29T16:57:25.600Z,2026-09-29T10:57:25.722-06:00,65.859,3.4,38.0,0.0,15.5,wind_drone_20260929
2026-09-29T16:57:25.914Z,2026-09-29T16:57:25.800Z,2026-09-29T10:57:25.914-06:00,66.052,3.4,36.0,0.0,15.5,wind_drone_20260929
2026-09-29T16:57:26.122Z,2026-09-29T16:57:26.000Z,2026-09-29T10:57:26.122-06:00,66.259,3.5,36.0,0.0,15.5,wind_drone_20260929
2026-09-29T16:57:26.314Z,2026-09-29T16:57:26.200Z,2026-09-29T10:57:26.314-06:00,66.452,3.5,32.0,0.0,15.5,wind_drone_20260929
2026-09-29T16:57:26.522Z,2026-09-29T16:57:26.400Z,2026-09-29T10:57:26.522-06:00,66.659,3.5,36.0,0.0,15.5,wind_drone_20260929
2026-09-29T16:57:26.714Z,2026-09-29T16:57:26.600Z,2026-09-29T10:57:26.714-06:00,66.852,3.6,34.0,0.0,15.5,wind_drone_20260929
2026-09-29T16:57:26.921Z,2026-09-29T16:57:26.800Z,2026-09-29T10:57:26.921-06:00,67.059,3.6,32.0,0.0,15.6,wind_drone_20260929
2026-09-29T16:57:27.114Z,2026-09-29T16:57:27.000Z,2026-09-29T10:57:27.114-06:00,67.252,3.6,33.0,0.0,15.6,wind_drone_20260929
2026-09-29T16:57:27.321Z,2026-09-29T16:57:27.200Z,2026-09-29T10:57:27.321-06:00,67.459,3.6,33.0,0.0,15.6,wind_drone_20260929
2026-09-29T16:57:27.514Z,2026-09-29T16:57:27.400Z,2026-09-29T10:57:27.514-06:00,67.651,3.6,35.0,0.0,15.6,wind_drone_20260929
2026-09-29T16:57:27.721Z,2026-09-29T16:57:27.600Z,2026-09-29T10:57:27.721-06:00,67.858,3.5,37.0,0.0,15.6,wind_drone_20260929
2026-09-29T16:57:27.914Z,2026-09-29T16:57:27.800Z,2026-09-29T10:57:27.914-06:00,68.051,3.5,35.0,0.0,15.6,wind_drone_20260929
2026-09-29T16:57:28.121Z,2026-09-29T16:57:28.000Z,2026-09-29T10:57:28.121-06:00,68.258,3.4,34.0,0.0,15.6,wind_drone_20260929
2026-09-29T16:57:28.314Z,2026-09-29T16:57:28.200Z,2026-09-29T10:57:28.314-06:00,68.451,3.4,34.0,0.0,15.6,wind_drone_20260929
2026-09-29T16:57:28.521Z,2026-09-29T16:57:28.400Z,2026-09-29T10:57:28.521-06:00,68.658,3.3,34.0,0.0,15.6,wind_drone_20260929
2026-09-29T16:57:28.713Z,2026-09-29T16:57:28.600Z,2026-09-29T10:57:28.713-06:00,68.851,3.3,33.0,0.0,15.6,wind_drone_20260929
2026-09-29T16:57:28.921Z,2026-09-29T16:57:28.800Z,2026-09-29T10:57:28.921-06:00,69.058,3.3,35.0,0.0,15.6,wind_drone_20260929
2026-09-29T16:57:29.114Z,2026-09-29T16:57:29.000Z,2026-09-29T10:57:29.114-06:00,69.251,3.3,34.0,0.0,15.6,wind_drone_20260929
2026-09-29T16:57:29.321Z,2026-09-29T16:57:29.200Z,2026-09-29T10:57:29.321-06:00,69.458,3.3,35.0,0.0,15.6,wind_drone_20260929
2026-09-29T16:57:29.513Z,2026-09-29T16:57:29.400Z,2026-09-29T10:57:29.513-06:00,69.651,3.3,36.0,0.0,15.6,wind_drone_20260929
2026-09-29T16:57:29.720Z,2026-09-29T16:57:29.600Z,2026-09-29T10:57:29.720-06:00,69.858,3.3,34.0,0.0,15.6,wind_drone_20260929
2026-09-29T16:57:29.913Z,2026-09-29T16:57:29.800Z,2026-09-29T10:57:29.913-06:00,70.05,3.3,36.0,0.0,15.6,wind_drone_20260929
2026-09-29T16:57:30.120Z,2026-09-29T16:57:30.000Z,2026-09-29T10:57:30.120-06:00,70.258,3.2,40.0,0.0,15.6,wind_drone_20260929
2026-09-29T16:57:30.313Z,2026-09-29T16:57:30.200Z,2026-09-29T10:57:30.313-06:00,70.45,3.1,43.0,0.0,15.6,wind_drone_20260929
2026-09-29T16:57:30.520Z,2026-09-29T16:57:30.400Z,2026-09-29T10:57:30.520-06:00,70.658,3.0,45.0,0.0,15.6,wind_drone_20260929
2026-09-29T16:57:30.713Z,2026-09-29T16:57:30.600Z,2026-09-29T10:57:30.713-06:00,70.851,2.9,42.0,0.0,15.6,wind_drone_20260929
2026-09-29T16:57:30.920Z,2026-09-29T16:57:30.800Z,2026-09-29T10:57:30.920-06:00,71.057,2.8,42.0,0.0,15.6,wind_drone_20260929
2026-09-29T16:57:31.113Z,2026-09-29T16:57:31.000Z,2026-09-29T10:57:31.113-06:00,71.25,2.8,44.0,0.0,15.6,wind_drone_20260929
2026-09-29T16:57:31.320Z,2026-09-29T16:57:31.200Z,2026-09-29T10:57:31.320-06:00,71.457,2.7,49.0,0.0,15.6,wind_drone_20260929
2026-09-29T16:57:31.512Z,2026-09-29T16:57:31.400Z,2026-09-29T10:57:31.512-06:00,71.65,2.7,43.0,0.0,15.6,wind_drone_20260929
2026-09-29T16:57:31.720Z,2026-09-29T16:57:31.600Z,2026-09-29T10:57:31.720-06:00,71.857,2.7,38.0,0.0,15.6,wind_drone_20260929
2026-09-29T16:57:31.913Z,2026-09-29T16:57:31.800Z,2026-09-29T10:57:31.913-06:00,72.05,2.6,39.0,0.0,15.6,wind_drone_20260929
2026-09-29T16:57:32.119Z,2026-09-29T16:57:32.000Z,2026-09-29T10:57:32.119-06:00,72.257,2.6,37.0,0.0,15.6,wind_drone_20260929
2026-09-29T16:57:32.312Z,2026-09-29T16:57:32.200Z,2026-09-29T10:57:32.312-06:00,72.45,2.4,34.0,0.0,15.6,wind_drone_20260929
2026-09-29T16:57:32.519Z,2026-09-29T16:57:32.400Z,2026-09-29T10:57:32.519-06:00,72.657,2.3,36.0,0.0,15.6,wind_drone_20260929
2026-09-29T16:57:32.713Z,2026-09-29T16:57:32.600Z,2026-09-29T10:57:32.713-06:00,72.85,2.1,36.0,0.0,15.6,wind_drone_20260929
2026-09-29T16:57:32.920Z,2026-09-29T16:57:32.800Z,2026-09-29T10:57:32.920-06:00,73.057,2.0,32.0,0.0,15.6,wind_drone_20260929
2026-09-29T16:57:33.112Z,2026-09-29T16:57:33.000Z,2026-09-29T10:57:33.112-06:00,73.249,1.9,31.0,0.0,15.6,wind_drone_20260929
2026-09-29T16:57:33.319Z,2026-09-29T16:57:33.200Z,2026-09-29T10:57:33.319-06:00,73.456,1.8,35.0,0.0,15.6,wind_drone_20260929
2026-09-29T16:57:33.512Z,2026-09-29T16:57:33.400Z,2026-09-29T10:57:33.512-06:00,73.649,1.9,35.0,0.0,15.6,wind_drone_20260929
2026-09-29T16:57:33.719Z,2026-09-29T16:57:33.600Z,2026-09-29T10:57:33.719-06:00,73.856,2.0,33.0,0.0,15.6,wind_drone_20260929
2026-09-29T16:57:33.912Z,2026-09-29T16:57:33.800Z,2026-09-29T10:57:33.912-06:00,74.049,2.1,31.0,0.0,15.6,wind_drone_20260929
2026-09-29T16:57:34.119Z,2026-09-29T16:57:34.000Z,2026-09-29T10:57:34.119-06:00,74.256,2.2,33.0,0.0,15.6,wind_drone_20260929
2026-09-29T16:57:34.312Z,2026-09-29T16:57:34.200Z,2026-09-29T10:57:34.312-06:00,74.449,2.3,30.0,0.0,15.6,wind_drone_20260929
2026-09-29T16:57:34.519Z,2026-09-29T16:57:34.400Z,2026-09-29T10:57:34.519-06:00,74.656,2.4,33.0,0.0,15.6,wind_drone_20260929
2026-09-29T16:57:34.711Z,2026-09-29T16:57:34.600Z,2026-09-29T10:57:34.711-06:00,74.848,2.5,30.0,0.0,15.6,wind_drone_20260929
2026-09-29T16:57:34.919Z,2026-09-29T16:57:34.800Z,2026-09-29T10:57:34.919-06:00,75.056,2.6,28.0,0.0,15.6,wind_drone_20260929
2026-09-29T16:57:35.112Z,2026-09-29T16:57:35.000Z,2026-09-29T10:57:35.112-06:00,75.249,2.6,32.0,0.0,15.6,wind_drone_20260929
2026-09-29T16:57:35.318Z,2026-09-29T16:57:35.200Z,2026-09-29T10:57:35.318-06:00,75.456,2.7,36.0,0.0,15.6,wind_drone_20260929
2026-09-29T16:57:35.512Z,2026-09-29T16:57:35.400Z,2026-09-29T10:57:35.512-06:00,75.649,2.7,36.0,0.0,15.6,wind_drone_20260929
2026-09-29T16:57:35.718Z,2026-09-29T16:57:35.600Z,2026-09-29T10:57:35.718-06:00,75.856,2.8,33.0,0.0,15.6,wind_drone_20260929
2026-09-29T16:57:35.925Z,2026-09-29T16:57:35.800Z,2026-09-29T10:57:35.925-06:00,76.063,2.8,28.0,0.0,15.6,wind_drone_20260929
2026-09-29T16:57:36.118Z,2026-09-29T16:57:36.000Z,2026-09-29T10:57:36.118-06:00,76.256,2.8,26.0,0.0,15.6,wind_drone_20260929
2026-09-29T16:57:36.325Z,2026-09-29T16:57:36.200Z,2026-09-29T10:57:36.325-06:00,76.463,2.9,27.0,0.0,15.6,wind_drone_20260929
2026-09-29T16:57:36.518Z,2026-09-29T16:57:36.400Z,2026-09-29T10:57:36.518-06:00,76.656,2.9,25.0,0.0,15.6,wind_drone_20260929
2026-09-29T16:57:36.725Z,2026-09-29T16:57:36.600Z,2026-09-29T10:57:36.725-06:00,76.863,3.0,24.0,0.0,15.6,wind_drone_20260929
2026-09-29T16:57:36.918Z,2026-09-29T16:57:36.800Z,2026-09-29T10:57:36.918-06:00,77.055,3.0,18.0,0.0,15.6,wind_drone_20260929
2026-09-29T16:57:37.125Z,2026-09-29T16:57:37.000Z,2026-09-29T10:57:37.125-06:00,77.262,2.9,17.0,0.0,15.6,wind_drone_20260929
2026-09-29T16:57:37.318Z,2026-09-29T16:57:37.200Z,2026-09-29T10:57:37.318-06:00,77.455,2.9,19.0,0.0,15.6,wind_drone_20260929
2026-09-29T16:57:37.525Z,2026-09-29T16:57:37.400Z,2026-09-29T10:57:37.525-06:00,77.662,2.8,22.0,0.0,15.6,wind_drone_20260929
2026-09-29T16:57:37.718Z,2026-09-29T16:57:37.600Z,2026-09-29T10:57:37.718-06:00,77.855,2.8,20.0,0.0,15.6,wind_drone_20260929
2026-09-29T16:57:37.925Z,2026-09-29T16:57:37.800Z,2026-09-29T10:57:37.925-06:00,78.062,2.9,16.0,0.0,15.6,wind_drone_20260929
2026-09-29T16:57:38.117Z,2026-09-29T16:57:38.000Z,2026-09-29T10:57:38.117-06:00,78.255,3.0,16.0,0.0,15.6,wind_drone_20260929
2026-09-29T16:57:38.325Z,2026-09-29T16:57:38.200Z,2026-09-29T10:57:38.325-06:00,78.462,3.2,17.0,0.0,15.6,wind_drone_20260929
2026-09-29T16:57:38.517Z,2026-09-29T16:57:38.400Z,2026-09-29T10:57:38.517-06:00,78.655,3.3,13.0,0.0,15.6,wind_drone_20260929
2026-09-29T16:57:38.725Z,2026-09-29T16:57:38.600Z,2026-09-29T10:57:38.725-06:00,78.862,3.4,14.0,0.0,15.6,wind_drone_20260929
2026-09-29T16:57:38.917Z,2026-09-29T16:57:38.800Z,2026-09-29T10:57:38.917-06:00,79.054,3.4,9.0,0.0,15.6,wind_drone_20260929
2026-09-29T16:57:39.125Z,2026-09-29T16:57:39.000Z,2026-09-29T10:57:39.125-06:00,79.262,3.5,6.0,0.0,15.6,wind_drone_20260929
2026-09-29T16:57:39.317Z,2026-09-29T16:57:39.200Z,2026-09-29T10:57:39.317-06:00,79.454,3.6,5.0,0.0,15.6,wind_drone_20260929
2026-09-29T16:57:39.524Z,2026-09-29T16:57:39.400Z,2026-09-29T10:57:39.524-06:00,79.662,3.6,7.0,0.0,15.6,wind_drone_20260929
2026-09-29T16:57:39.717Z,2026-09-29T16:57:39.600Z,2026-09-29T10:57:39.717-06:00,79.854,3.6,7.0,0.0,15.6,wind_drone_20260929
2026-09-29T16:57:39.924Z,2026-09-29T16:57:39.800Z,2026-09-29T10:57:39.924-06:00,80.061,3.6,6.0,0.0,15.6,wind_drone_20260929
2026-09-29T16:57:40.117Z,2026-09-29T16:57:40.000Z,2026-09-29T10:57:40.117-06:00,80.254,3.7,7.0,0.0,15.6,wind_drone_20260929
2026-09-29T16:57:40.324Z,2026-09-29T16:57:40.200Z,2026-09-29T10:57:40.324-06:00,80.462,3.8,7.0,0.0,15.6,wind_drone_20260929
2026-09-29T16:57:40.517Z,2026-09-29T16:57:40.400Z,2026-09-29T10:57:40.517-06:00,80.654,3.9,11.0,0.0,15.6,wind_drone_20260929
2026-09-29T16:57:40.724Z,2026-09-29T16:57:40.600Z,2026-09-29T10:57:40.724-06:00,80.861,4.0,10.0,0.0,15.6,wind_drone_20260929
2026-09-29T16:57:40.917Z,2026-09-29T16:57:40.800Z,2026-09-29T10:57:40.917-06:00,81.054,4.0,11.0,0.0,15.6,wind_drone_20260929
2026-09-29T16:57:41.124Z,2026-09-29T16:57:41.000Z,2026-09-29T10:57:41.124-06:00,81.261,3.9,15.0,0.0,15.6,wind_drone_20260929
2026-09-29T16:57:41.316Z,2026-09-29T16:57:41.200Z,2026-09-29T10:57:41.316-06:00,81.454,3.9,15.0,0.0,15.6,wind_drone_20260929
2026-09-29T16:57:41.524Z,2026-09-29T16:57:41.400Z,2026-09-29T10:57:41.524-06:00,81.661,3.9,14.0,0.0,15.6,wind_drone_20260929
2026-09-29T16:57:41.716Z,2026-09-29T16:57:41.600Z,2026-09-29T10:57:41.716-06:00,81.854,3.8,15.0,0.0,15.6,wind_drone_20260929
2026-09-29T16:57:41.923Z,2026-09-29T16:57:41.800Z,2026-09-29T10:57:41.923-06:00,82.061,3.8,19.0,0.0,15.6,wind_drone_20260929
2026-09-29T16:57:42.116Z,2026-09-29T16:57:42.000Z,2026-09-29T10:57:42.116-06:00,82.254,3.7,22.0,0.0,15.6,wind_drone_20260929
2026-09-29T16:57:42.323Z,2026-09-29T16:57:42.200Z,2026-09-29T10:57:42.323-06:00,82.461,3.8,26.0,0.0,15.6,wind_drone_20260929
2026-09-29T16:57:42.516Z,2026-09-29T16:57:42.400Z,2026-09-29T10:57:42.516-06:00,82.653,3.8,26.0,0.0,15.6,wind_drone_20260929
2026-09-29T16:57:42.723Z,2026-09-29T16:57:42.600Z,2026-09-29T10:57:42.723-06:00,82.861,3.9,25.0,0.0,15.6,wind_drone_20260929
2026-09-29T16:57:42.916Z,2026-09-29T16:57:42.800Z,2026-09-29T10:57:42.916-06:00,83.053,3.8,25.0,0.0,15.6,wind_drone_20260929
2026-09-29T16:57:43.123Z,2026-09-29T16:57:43.000Z,2026-09-29T10:57:43.123-06:00,83.26,3.7,27.0,0.0,15.6,wind_drone_20260929
2026-09-29T16:57:43.316Z,2026-09-29T16:57:43.200Z,2026-09-29T10:57:43.316-06:00,83.453,3.7,29.0,0.0,15.6,wind_drone_20260929
2026-09-29T16:57:43.523Z,2026-09-29T16:57:43.400Z,2026-09-29T10:57:43.523-06:00,83.66,3.7,34.0,0.0,15.6,wind_drone_20260929
2026-09-29T16:57:43.716Z,2026-09-29T16:57:43.600Z,2026-09-29T10:57:43.716-06:00,83.853,3.6,36.0,0.0,15.6,wind_drone_20260929
2026-09-29T16:57:43.923Z,2026-09-29T16:57:43.800Z,2026-09-29T10:57:43.923-06:00,84.06,3.6,33.0,0.0,15.6,wind_drone_20260929
2026-09-29T16:57:44.115Z,2026-09-29T16:57:44.000Z,2026-09-29T10:57:44.115-06:00,84.253,3.4,32.0,0.0,15.6,wind_drone_20260929
2026-09-29T16:57:44.323Z,2026-09-29T16:57:44.200Z,2026-09-29T10:57:44.323-06:00,84.46,3.4,32.0,0.0,15.6,wind_drone_20260929
2026-09-29T16:57:44.515Z,2026-09-29T16:57:44.400Z,2026-09-29T10:57:44.515-06:00,84.653,3.6,31.0,0.0,15.6,wind_drone_20260929
2026-09-29T16:57:44.722Z,2026-09-29T16:57:44.600Z,2026-09-29T10:57:44.722-06:00,84.86,3.7,31.0,0.0,15.6,wind_drone_20260929
2026-09-29T16:57:44.915Z,2026-09-29T16:57:44.800Z,2026-09-29T10:57:44.915-06:00,85.052,3.9,28.0,0.0,15.6,wind_drone_20260929
2026-09-29T16:57:45.123Z,2026-09-29T16:57:45.000Z,2026-09-29T10:57:45.123-06:00,85.26,3.9,26.0,0.0,15.6,wind_drone_20260929
2026-09-29T16:57:45.315Z,2026-09-29T16:57:45.200Z,2026-09-29T10:57:45.315-06:00,85.452,4.0,20.0,0.0,15.6,wind_drone_20260929
2026-09-29T16:57:45.522Z,2026-09-29T16:57:45.400Z,2026-09-29T10:57:45.522-06:00,85.66,4.1,15.0,0.0,15.6,wind_drone_20260929
2026-09-29T16:57:45.715Z,2026-09-29T16:57:45.600Z,2026-09-29T10:57:45.715-06:00,85.852,4.2,17.0,0.0,15.6,wind_drone_20260929
2026-09-29T16:57:45.922Z,2026-09-29T16:57:45.800Z,2026-09-29T10:57:45.922-06:00,86.059,4.3,17.0,0.0,15.6,wind_drone_20260929
2026-09-29T16:57:46.115Z,2026-09-29T16:57:46.000Z,2026-09-29T10:57:46.115-06:00,86.252,4.3,16.0,0.0,15.6,wind_drone_20260929
2026-09-29T16:57:46.322Z,2026-09-29T16:57:46.200Z,2026-09-29T10:57:46.322-06:00,86.459,4.3,12.0,0.0,15.6,wind_drone_20260929
2026-09-29T16:57:46.515Z,2026-09-29T16:57:46.400Z,2026-09-29T10:57:46.515-06:00,86.652,4.3,15.0,0.0,15.6,wind_drone_20260929
2026-09-29T16:57:46.722Z,2026-09-29T16:57:46.600Z,2026-09-29T10:57:46.722-06:00,86.859,4.3,17.0,0.0,15.6,wind_drone_20260929
2026-09-29T16:57:46.915Z,2026-09-29T16:57:46.800Z,2026-09-29T10:57:46.915-06:00,87.052,4.4,19.0,0.0,15.6,wind_drone_20260929
2026-09-29T16:57:47.122Z,2026-09-29T16:57:47.000Z,2026-09-29T10:57:47.122-06:00,87.259,4.4,21.0,0.0,15.6,wind_drone_20260929
2026-09-29T16:57:47.314Z,2026-09-29T16:57:47.200Z,2026-09-29T10:57:47.314-06:00,87.452,4.5,23.0,0.0,15.6,wind_drone_20260929
2026-09-29T16:57:47.522Z,2026-09-29T16:57:47.400Z,2026-09-29T10:57:47.522-06:00,87.659,4.6,27.0,0.0,15.6,wind_drone_20260929
2026-09-29T16:57:47.714Z,2026-09-29T16:57:47.600Z,2026-09-29T10:57:47.714-06:00,87.851,4.6,29.0,0.0,15.6,wind_drone_20260929
2026-09-29T16:57:47.921Z,2026-09-29T16:57:47.800Z,2026-09-29T10:57:47.921-06:00,88.059,4.6,29.0,0.0,15.6,wind_drone_20260929
2026-09-29T16:57:48.114Z,2026-09-29T16:57:48.000Z,2026-09-29T10:57:48.114-06:00,88.251,4.6,30.0,0.0,15.6,wind_drone_20260929
2026-09-29T16:57:48.322Z,2026-09-29T16:57:48.200Z,2026-09-29T10:57:48.322-06:00,88.459,4.6,30.0,0.0,15.6,wind_drone_20260929
2026-09-29T16:57:48.514Z,2026-09-29T16:57:48.400Z,2026-09-29T10:57:48.514-06:00,88.651,4.6,30.0,0.0,15.6,wind_drone_20260929
2026-09-29T16:57:48.721Z,2026-09-29T16:57:48.600Z,2026-09-29T10:57:48.721-06:00,88.859,4.5,31.0,0.0,15.6,wind_drone_20260929
2026-09-29T16:57:48.914Z,2026-09-29T16:57:48.800Z,2026-09-29T10:57:48.914-06:00,89.051,4.5,33.0,0.0,15.6,wind_drone_20260929
2026-09-29T16:57:49.121Z,2026-09-29T16:57:49.000Z,2026-09-29T10:57:49.121-06:00,89.258,4.5,33.0,0.0,15.6,wind_drone_20260929
2026-09-29T16:57:49.314Z,2026-09-29T16:57:49.200Z,2026-09-29T10:57:49.314-06:00,89.451,4.4,37.0,0.0,15.6,wind_drone_20260929
2026-09-29T16:57:49.521Z,2026-09-29T16:57:49.400Z,2026-09-29T10:57:49.521-06:00,89.658,4.2,42.0,0.0,15.6,wind_drone_20260929
2026-09-29T16:57:49.713Z,2026-09-29T16:57:49.600Z,2026-09-29T10:57:49.713-06:00,89.851,4.2,39.0,0.0,15.6,wind_drone_20260929
2026-09-29T16:57:49.921Z,2026-09-29T16:57:49.800Z,2026-09-29T10:57:49.921-06:00,90.058,4.2,38.0,0.0,15.6,wind_drone_20260929
2026-09-29T16:57:50.113Z,2026-09-29T16:57:50.000Z,2026-09-29T10:57:50.113-06:00,90.251,4.1,40.0,0.0,15.6,wind_drone_20260929
2026-09-29T16:57:50.321Z,2026-09-29T16:57:50.200Z,2026-09-29T10:57:50.321-06:00,90.458,4.1,38.0,0.0,15.6,wind_drone_20260929
2026-09-29T16:57:50.513Z,2026-09-29T16:57:50.400Z,2026-09-29T10:57:50.513-06:00,90.651,4.0,35.0,0.0,15.6,wind_drone_20260929
2026-09-29T16:57:50.720Z,2026-09-29T16:57:50.600Z,2026-09-29T10:57:50.720-06:00,90.858,3.9,34.0,0.0,15.6,wind_drone_20260929
2026-09-29T16:57:50.913Z,2026-09-29T16:57:50.800Z,2026-09-29T10:57:50.913-06:00,91.051,3.9,38.0,0.0,15.6,wind_drone_20260929
2026-09-29T16:57:51.120Z,2026-09-29T16:57:51.000Z,2026-09-29T10:57:51.120-06:00,91.258,3.9,37.0,0.0,15.6,wind_drone_20260929
2026-09-29T16:57:51.313Z,2026-09-29T16:57:51.200Z,2026-09-29T10:57:51.313-06:00,91.45,3.8,34.0,0.0,15.6,wind_drone_20260929
2026-09-29T16:57:51.520Z,2026-09-29T16:57:51.400Z,2026-09-29T10:57:51.520-06:00,91.657,3.8,38.0,0.0,15.6,wind_drone_20260929
2026-09-29T16:57:51.713Z,2026-09-29T16:57:51.600Z,2026-09-29T10:57:51.713-06:00,91.85,3.8,38.0,0.0,15.6,wind_drone_20260929
2026-09-29T16:57:51.920Z,2026-09-29T16:57:51.800Z,2026-09-29T10:57:51.920-06:00,92.058,3.8,37.0,0.0,15.6,wind_drone_20260929
2026-09-29T16:57:52.113Z,2026-09-29T16:57:52.000Z,2026-09-29T10:57:52.113-06:00,92.25,3.9,41.0,0.0,15.6,wind_drone_20260929
2026-09-29T16:57:52.320Z,2026-09-29T16:57:52.200Z,2026-09-29T10:57:52.320-06:00,92.457,4.0,45.0,0.0,15.6,wind_drone_20260929
2026-09-29T16:57:52.513Z,2026-09-29T16:57:52.400Z,2026-09-29T10:57:52.513-06:00,92.65,4.2,46.0,0.0,15.6,wind_drone_20260929
2026-09-29T16:57:52.720Z,2026-09-29T16:57:52.600Z,2026-09-29T10:57:52.720-06:00,92.857,4.3,47.0,0.0,15.6,wind_drone_20260929
2026-09-29T16:57:52.912Z,2026-09-29T16:57:52.800Z,2026-09-29T10:57:52.912-06:00,93.05,4.4,54.0,0.0,15.6,wind_drone_20260929
2026-09-29T16:57:53.120Z,2026-09-29T16:57:53.000Z,2026-09-29T10:57:53.120-06:00,93.257,4.4,53.0,0.0,15.6,wind_drone_20260929
2026-09-29T16:57:53.312Z,2026-09-29T16:57:53.200Z,2026-09-29T10:57:53.312-06:00,93.45,4.5,51.0,0.0,15.6,wind_drone_20260929
2026-09-29T16:57:53.520Z,2026-09-29T16:57:53.400Z,2026-09-29T10:57:53.520-06:00,93.657,4.5,57.0,0.0,15.6,wind_drone_20260929
2026-09-29T16:57:53.712Z,2026-09-29T16:57:53.600Z,2026-09-29T10:57:53.712-06:00,93.849,4.5,59.0,0.0,15.6,wind_drone_20260929
2026-09-29T16:57:53.920Z,2026-09-29T16:57:53.800Z,2026-09-29T10:57:53.920-06:00,94.057,4.5,61.0,0.0,15.6,wind_drone_20260929
2026-09-29T16:57:54.112Z,2026-09-29T16:57:54.000Z,2026-09-29T10:57:54.112-06:00,94.25,4.5,61.0,0.0,15.6,wind_drone_20260929
2026-09-29T16:57:54.319Z,2026-09-29T16:57:54.200Z,2026-09-29T10:57:54.319-06:00,94.456,4.4,63.0,0.0,15.6,wind_drone_20260929
2026-09-29T16:57:54.512Z,2026-09-29T16:57:54.400Z,2026-09-29T10:57:54.512-06:00,94.649,4.4,61.0,0.0,15.6,wind_drone_20260929
2026-09-29T16:57:54.719Z,2026-09-29T16:57:54.600Z,2026-09-29T10:57:54.719-06:00,94.856,4.3,62.0,0.0,15.6,wind_drone_20260929
2026-09-29T16:57:54.912Z,2026-09-29T16:57:54.800Z,2026-09-29T10:57:54.912-06:00,95.049,4.3,61.0,0.0,15.6,wind_drone_20260929
2026-09-29T16:57:55.119Z,2026-09-29T16:57:55.000Z,2026-09-29T10:57:55.119-06:00,95.256,4.3,58.0,0.0,15.6,wind_drone_20260929
2026-09-29T16:57:55.312Z,2026-09-29T16:57:55.200Z,2026-09-29T10:57:55.312-06:00,95.449,4.3,56.0,0.0,15.6,wind_drone_20260929
2026-09-29T16:57:55.519Z,2026-09-29T16:57:55.400Z,2026-09-29T10:57:55.519-06:00,95.656,4.2,51.0,0.0,15.6,wind_drone_20260929
2026-09-29T16:57:55.711Z,2026-09-29T16:57:55.600Z,2026-09-29T10:57:55.711-06:00,95.849,4.3,53.0,0.0,15.6,wind_drone_20260929
2026-09-29T16:57:55.919Z,2026-09-29T16:57:55.800Z,2026-09-29T10:57:55.919-06:00,96.056,4.3,54.0,0.0,15.6,wind_drone_20260929
2026-09-29T16:57:56.112Z,2026-09-29T16:57:56.000Z,2026-09-29T10:57:56.112-06:00,96.249,4.4,54.0,0.0,15.6,wind_drone_20260929
2026-09-29T16:57:56.319Z,2026-09-29T16:57:56.200Z,2026-09-29T10:57:56.319-06:00,96.456,4.3,52.0,0.0,15.6,wind_drone_20260929
2026-09-29T16:57:56.512Z,2026-09-29T16:57:56.400Z,2026-09-29T10:57:56.512-06:00,96.649,4.3,54.0,0.0,15.6,wind_drone_20260929
2026-09-29T16:57:56.718Z,2026-09-29T16:57:56.600Z,2026-09-29T10:57:56.718-06:00,96.856,4.3,52.0,0.0,15.6,wind_drone_20260929
2026-09-29T16:57:56.911Z,2026-09-29T16:57:56.800Z,2026-09-29T10:57:56.911-06:00,97.048,4.4,53.0,0.0,15.6,wind_drone_20260929
2026-09-29T16:57:57.118Z,2026-09-29T16:57:57.000Z,2026-09-29T10:57:57.118-06:00,97.256,4.4,53.0,0.0,15.6,wind_drone_20260929
2026-09-29T16:57:57.326Z,2026-09-29T16:57:57.200Z,2026-09-29T10:57:57.326-06:00,97.463,4.5,55.0,0.0,15.6,wind_drone_20260929
2026-09-29T16:57:57.518Z,2026-09-29T16:57:57.400Z,2026-09-29T10:57:57.518-06:00,97.655,4.4,54.0,0.0,15.6,wind_drone_20260929
2026-09-29T16:57:57.725Z,2026-09-29T16:57:57.600Z,2026-09-29T10:57:57.725-06:00,97.863,4.3,51.0,0.0,15.6,wind_drone_20260929
2026-09-29T16:57:57.918Z,2026-09-29T16:57:57.800Z,2026-09-29T10:57:57.918-06:00,98.056,4.4,51.0,0.0,15.6,wind_drone_20260929
2026-09-29T16:57:58.125Z,2026-09-29T16:57:58.000Z,2026-09-29T10:57:58.125-06:00,98.263,4.3,51.0,0.0,15.6,wind_drone_20260929
2026-09-29T16:57:58.318Z,2026-09-29T16:57:58.200Z,2026-09-29T10:57:58.318-06:00,98.455,4.3,42.0,0.0,15.6,wind_drone_20260929
2026-09-29T16:57:58.525Z,2026-09-29T16:57:58.400Z,2026-09-29T10:57:58.525-06:00,98.662,4.2,44.0,0.0,15.6,wind_drone_20260929
2026-09-29T16:57:58.717Z,2026-09-29T16:57:58.600Z,2026-09-29T10:57:58.717-06:00,98.855,4.2,44.0,0.0,15.6,wind_drone_20260929
2026-09-29T16:57:58.925Z,2026-09-29T16:57:58.800Z,2026-09-29T10:57:58.925-06:00,99.062,4.1,48.0,0.0,15.6,wind_drone_20260929
2026-09-29T16:57:59.118Z,2026-09-29T16:57:59.000Z,2026-09-29T10:57:59.118-06:00,99.255,4.1,48.0,0.0,15.6,wind_drone_20260929
2026-09-29T16:57:59.325Z,2026-09-29T16:57:59.200Z,2026-09-29T10:57:59.325-06:00,99.462,4.0,45.0,0.0,15.6,wind_drone_20260929
2026-09-29T16:57:59.517Z,2026-09-29T16:57:59.400Z,2026-09-29T10:57:59.517-06:00,99.655,3.9,46.0,0.0,15.6,wind_drone_20260929
2026-09-29T16:57:59.725Z,2026-09-29T16:57:59.600Z,2026-09-29T10:57:59.725-06:00,99.862,3.9,47.0,0.0,15.6,wind_drone_20260929
2026-09-29T16:57:59.917Z,2026-09-29T16:57:59.800Z,2026-09-29T10:57:59.917-06:00,100.055,3.8,47.0,0.0,15.6,wind_drone_20260929
2026-09-29T16:58:00.124Z,2026-09-29T16:58:00.000Z,2026-09-29T10:58:00.124-06:00,100.262,3.9,44.0,0.0,15.6,wind_drone_20260929
2026-09-29T16:58:00.317Z,2026-09-29T16:58:00.200Z,2026-09-29T10:58:00.317-06:00,100.454,3.9,47.0,0.0,15.6,wind_drone_20260929
2026-09-29T16:58:00.524Z,2026-09-29T16:58:00.400Z,2026-09-29T10:58:00.524-06:00,100.662,3.9,51.0,0.0,15.6,wind_drone_20260929
2026-09-29T16:58:00.717Z,2026-09-29T16:58:00.600Z,2026-09-29T10:58:00.717-06:00,100.854,4.0,54.0,0.0,15.6,wind_drone_20260929
2026-09-29T16:58:00.924Z,2026-09-29T16:58:00.800Z,2026-09-29T10:58:00.924-06:00,101.062,4.0,54.0,0.0,15.6,wind_drone_20260929
2026-09-29T16:58:01.117Z,2026-09-29T16:58:01.000Z,2026-09-29T10:58:01.117-06:00,101.254,4.0,50.0,0.0,15.6,wind_drone_20260929
2026-09-29T16:58:01.324Z,2026-09-29T16:58:01.200Z,2026-09-29T10:58:01.324-06:00,101.462,4.1,52.0,0.0,15.6,wind_drone_20260929
2026-09-29T16:58:01.517Z,2026-09-29T16:58:01.400Z,2026-09-29T10:58:01.517-06:00,101.654,4.2,52.0,0.0,15.6,wind_drone_20260929
2026-09-29T16:58:01.724Z,2026-09-29T16:58:01.600Z,2026-09-29T10:58:01.724-06:00,101.861,4.1,53.0,0.0,15.6,wind_drone_20260929
2026-09-29T16:58:01.917Z,2026-09-29T16:58:01.800Z,2026-09-29T10:58:01.917-06:00,102.054,4.1,55.0,0.0,15.6,wind_drone_20260929
2026-09-29T16:58:02.124Z,2026-09-29T16:58:02.000Z,2026-09-29T10:58:02.124-06:00,102.261,4.2,54.0,0.0,15.6,wind_drone_20260929
2026-09-29T16:58:02.316Z,2026-09-29T16:58:02.200Z,2026-09-29T10:58:02.316-06:00,102.454,4.2,51.0,0.0,15.6,wind_drone_20260929
2026-09-29T16:58:02.524Z,2026-09-29T16:58:02.400Z,2026-09-29T10:58:02.524-06:00,102.661,4.2,47.0,0.0,15.6,wind_drone_20260929
2026-09-29T16:58:02.716Z,2026-09-29T16:58:02.600Z,2026-09-29T10:58:02.716-06:00,102.854,4.2,46.0,0.0,15.6,wind_drone_20260929
2026-09-29T16:58:02.924Z,2026-09-29T16:58:02.800Z,2026-09-29T10:58:02.924-06:00,103.061,4.2,47.0,0.0,15.6,wind_drone_20260929
2026-09-29T16:58:03.116Z,2026-09-29T16:58:03.000Z,2026-09-29T10:58:03.116-06:00,103.253,4.2,48.0,0.0,15.6,wind_drone_20260929
2026-09-29T16:58:03.323Z,2026-09-29T16:58:03.200Z,2026-09-29T10:58:03.323-06:00,103.461,4.1,48.0,0.0,15.6,wind_drone_20260929
2026-09-29T16:58:03.516Z,2026-09-29T16:58:03.400Z,2026-09-29T10:58:03.516-06:00,103.654,4.0,49.0,0.0,15.6,wind_drone_20260929
2026-09-29T16:58:03.723Z,2026-09-29T16:58:03.600Z,2026-09-29T10:58:03.723-06:00,103.861,3.9,47.0,0.0,15.6,wind_drone_20260929
2026-09-29T16:58:03.916Z,2026-09-29T16:58:03.800Z,2026-09-29T10:58:03.916-06:00,104.053,3.8,47.0,0.0,15.7,wind_drone_20260929
2026-09-29T16:58:04.123Z,2026-09-29T16:58:04.000Z,2026-09-29T10:58:04.123-06:00,104.261,3.8,45.0,0.0,15.7,wind_drone_20260929
2026-09-29T16:58:04.316Z,2026-09-29T16:58:04.200Z,2026-09-29T10:58:04.316-06:00,104.453,3.9,44.0,0.0,15.7,wind_drone_20260929
2026-09-29T16:58:04.523Z,2026-09-29T16:58:04.400Z,2026-09-29T10:58:04.523-06:00,104.66,3.9,42.0,0.0,15.7,wind_drone_20260929
2026-09-29T16:58:04.716Z,2026-09-29T16:58:04.600Z,2026-09-29T10:58:04.716-06:00,104.853,4.0,41.0,0.0,15.7,wind_drone_20260929
2026-09-29T16:58:04.923Z,2026-09-29T16:58:04.800Z,2026-09-29T10:58:04.923-06:00,105.06,4.1,39.0,0.0,15.7,wind_drone_20260929
2026-09-29T16:58:05.115Z,2026-09-29T16:58:05.000Z,2026-09-29T10:58:05.115-06:00,105.253,4.1,37.0,0.0,15.7,wind_drone_20260929
2026-09-29T16:58:05.323Z,2026-09-29T16:58:05.200Z,2026-09-29T10:58:05.323-06:00,105.46,4.2,37.0,0.0,15.7,wind_drone_20260929
2026-09-29T16:58:05.515Z,2026-09-29T16:58:05.400Z,2026-09-29T10:58:05.515-06:00,105.653,4.2,36.0,0.0,15.7,wind_drone_20260929
2026-09-29T16:58:05.723Z,2026-09-29T16:58:05.600Z,2026-09-29T10:58:05.723-06:00,105.86,4.2,37.0,0.0,15.7,wind_drone_20260929
2026-09-29T16:58:05.915Z,2026-09-29T16:58:05.800Z,2026-09-29T10:58:05.915-06:00,106.052,4.1,36.0,0.0,15.7,wind_drone_20260929
2026-09-29T16:58:06.122Z,2026-09-29T16:58:06.000Z,2026-09-29T10:58:06.122-06:00,106.26,4.1,35.0,0.0,15.7,wind_drone_20260929
2026-09-29T16:58:06.315Z,2026-09-29T16:58:06.200Z,2026-09-29T10:58:06.315-06:00,106.452,4.0,37.0,0.0,15.7,wind_drone_20260929
2026-09-29T16:58:06.522Z,2026-09-29T16:58:06.400Z,2026-09-29T10:58:06.522-06:00,106.66,4.0,38.0,0.0,15.7,wind_drone_20260929
2026-09-29T16:58:06.716Z,2026-09-29T16:58:06.600Z,2026-09-29T10:58:06.716-06:00,106.853,4.1,39.0,0.0,15.7,wind_drone_20260929
2026-09-29T16:58:06.922Z,2026-09-29T16:58:06.800Z,2026-09-29T10:58:06.922-06:00,107.06,4.1,39.0,0.0,15.7,wind_drone_20260929
2026-09-29T16:58:07.115Z,2026-09-29T16:58:07.000Z,2026-09-29T10:58:07.115-06:00,107.252,4.1,39.0,0.0,15.7,wind_drone_20260929
2026-09-29T16:58:07.322Z,2026-09-29T16:58:07.200Z,2026-09-29T10:58:07.322-06:00,107.46,4.1,35.0,0.0,15.7,wind_drone_20260929
2026-09-29T16:58:07.515Z,2026-09-29T16:58:07.400Z,2026-09-29T10:58:07.515-06:00,107.652,4.1,35.0,0.0,15.7,wind_drone_20260929
2026-09-29T16:58:07.722Z,2026-09-29T16:58:07.600Z,2026-09-29T10:58:07.722-06:00,107.859,4.1,38.0,0.0,15.7,wind_drone_20260929
2026-09-29T16:58:07.914Z,2026-09-29T16:58:07.800Z,2026-09-29T10:58:07.914-06:00,108.052,4.2,36.0,0.0,15.7,wind_drone_20260929
2026-09-29T16:58:08.122Z,2026-09-29T16:58:08.000Z,2026-09-29T10:58:08.122-06:00,108.259,4.2,34.0,0.0,15.7,wind_drone_20260929
2026-09-29T16:58:08.315Z,2026-09-29T16:58:08.200Z,2026-09-29T10:58:08.315-06:00,108.452,4.2,34.0,0.0,15.7,wind_drone_20260929
2026-09-29T16:58:08.522Z,2026-09-29T16:58:08.400Z,2026-09-29T10:58:08.522-06:00,108.659,4.2,34.0,0.0,15.7,wind_drone_20260929
2026-09-29T16:58:08.714Z,2026-09-29T16:58:08.600Z,2026-09-29T10:58:08.714-06:00,108.852,4.3,33.0,0.0,15.7,wind_drone_20260929
2026-09-29T16:58:08.922Z,2026-09-29T16:58:08.800Z,2026-09-29T10:58:08.922-06:00,109.059,4.3,28.0,0.0,15.7,wind_drone_20260929
2026-09-29T16:58:09.114Z,2026-09-29T16:58:09.000Z,2026-09-29T10:58:09.114-06:00,109.252,4.3,33.0,0.0,15.7,wind_drone_20260929
2026-09-29T16:58:09.321Z,2026-09-29T16:58:09.200Z,2026-09-29T10:58:09.321-06:00,109.459,4.4,30.0,0.0,15.7,wind_drone_20260929
2026-09-29T16:58:09.514Z,2026-09-29T16:58:09.400Z,2026-09-29T10:58:09.514-06:00,109.652,4.3,29.0,0.0,15.7,wind_drone_20260929
2026-09-29T16:58:09.721Z,2026-09-29T16:58:09.600Z,2026-09-29T10:58:09.721-06:00,109.859,4.3,31.0,0.0,15.7,wind_drone_20260929
2026-09-29T16:58:09.914Z,2026-09-29T16:58:09.800Z,2026-09-29T10:58:09.914-06:00,110.051,4.3,31.0,0.0,15.7,wind_drone_20260929
2026-09-29T16:58:10.121Z,2026-09-29T16:58:10.000Z,2026-09-29T10:58:10.121-06:00,110.259,4.3,33.0,0.0,15.7,wind_drone_20260929
2026-09-29T16:58:10.314Z,2026-09-29T16:58:10.200Z,2026-09-29T10:58:10.314-06:00,110.451,4.2,33.0,0.0,15.7,wind_drone_20260929
2026-09-29T16:58:10.521Z,2026-09-29T16:58:10.400Z,2026-09-29T10:58:10.521-06:00,110.658,4.2,34.0,0.0,15.7,wind_drone_20260929
2026-09-29T16:58:10.714Z,2026-09-29T16:58:10.600Z,2026-09-29T10:58:10.714-06:00,110.851,4.2,34.0,0.0,15.7,wind_drone_20260929
2026-09-29T16:58:10.921Z,2026-09-29T16:58:10.800Z,2026-09-29T10:58:10.921-06:00,111.058,4.2,33.0,0.0,15.7,wind_drone_20260929
2026-09-29T16:58:11.114Z,2026-09-29T16:58:11.000Z,2026-09-29T10:58:11.114-06:00,111.251,4.2,30.0,0.0,15.7,wind_drone_20260929
2026-09-29T16:58:11.321Z,2026-09-29T16:58:11.200Z,2026-09-29T10:58:11.321-06:00,111.458,4.2,29.0,0.0,15.7,wind_drone_20260929
2026-09-29T16:58:11.513Z,2026-09-29T16:58:11.400Z,2026-09-29T10:58:11.513-06:00,111.651,4.2,29.0,0.0,15.7,wind_drone_20260929
2026-09-29T16:58:11.721Z,2026-09-29T16:58:11.600Z,2026-09-29T10:58:11.721-06:00,111.858,4.2,28.0,0.0,15.7,wind_drone_20260929
2026-09-29T16:58:11.913Z,2026-09-29T16:58:11.800Z,2026-09-29T10:58:11.913-06:00,112.05,4.3,29.0,0.0,15.7,wind_drone_20260929
2026-09-29T16:58:12.120Z,2026-09-29T16:58:12.000Z,2026-09-29T10:58:12.120-06:00,112.258,4.3,27.0,0.0,15.7,wind_drone_20260929
2026-09-29T16:58:12.313Z,2026-09-29T16:58:12.200Z,2026-09-29T10:58:12.313-06:00,112.45,4.4,27.0,0.0,15.7,wind_drone_20260929
2026-09-29T16:58:12.520Z,2026-09-29T16:58:12.400Z,2026-09-29T10:58:12.520-06:00,112.658,4.4,30.0,0.0,15.7,wind_drone_20260929
2026-09-29T16:58:12.713Z,2026-09-29T16:58:12.600Z,2026-09-29T10:58:12.713-06:00,112.851,4.4,33.0,0.0,15.7,wind_drone_20260929
2026-09-29T16:58:12.920Z,2026-09-29T16:58:12.800Z,2026-09-29T10:58:12.920-06:00,113.058,4.4,32.0,0.0,15.7,wind_drone_20260929
2026-09-29T16:58:13.113Z,2026-09-29T16:58:13.000Z,2026-09-29T10:58:13.113-06:00,113.25,4.4,27.0,0.0,15.7,wind_drone_20260929
2026-09-29T16:58:13.320Z,2026-09-29T16:58:13.200Z,2026-09-29T10:58:13.320-06:00,113.457,4.3,28.0,0.0,15.7,wind_drone_20260929
2026-09-29T16:58:13.513Z,2026-09-29T16:58:13.400Z,2026-09-29T10:58:13.513-06:00,113.65,4.3,31.0,0.0,15.7,wind_drone_20260929
2026-09-29T16:58:13.720Z,2026-09-29T16:58:13.600Z,2026-09-29T10:58:13.720-06:00,113.857,4.3,33.0,0.0,15.7,wind_drone_20260929
2026-09-29T16:58:13.912Z,2026-09-29T16:58:13.800Z,2026-09-29T10:58:13.912-06:00,114.05,4.2,38.0,0.0,15.7,wind_drone_20260929
2026-09-29T16:58:14.120Z,2026-09-29T16:58:14.000Z,2026-09-29T10:58:14.120-06:00,114.258,4.1,37.0,0.0,15.7,wind_drone_20260929
2026-09-29T16:58:14.312Z,2026-09-29T16:58:14.200Z,2026-09-29T10:58:14.312-06:00,114.45,4.1,37.0,0.0,15.7,wind_drone_20260929
2026-09-29T16:58:14.520Z,2026-09-29T16:58:14.400Z,2026-09-29T10:58:14.520-06:00,114.657,4.1,34.0,0.0,15.7,wind_drone_20260929
2026-09-29T16:58:14.712Z,2026-09-29T16:58:14.600Z,2026-09-29T10:58:14.712-06:00,114.849,4.1,34.0,0.0,15.7,wind_drone_20260929
2026-09-29T16:58:14.920Z,2026-09-29T16:58:14.800Z,2026-09-29T10:58:14.920-06:00,115.057,4.1,43.0,0.0,15.7,wind_drone_20260929
2026-09-29T16:58:15.113Z,2026-09-29T16:58:15.000Z,2026-09-29T10:58:15.113-06:00,115.25,4.2,44.0,0.0,15.7,wind_drone_20260929
2026-09-29T16:58:15.319Z,2026-09-29T16:58:15.200Z,2026-09-29T10:58:15.319-06:00,115.457,4.3,44.0,0.0,15.7,wind_drone_20260929
2026-09-29T16:58:15.512Z,2026-09-29T16:58:15.400Z,2026-09-29T10:58:15.512-06:00,115.65,4.3,42.0,0.0,15.7,wind_drone_20260929
2026-09-29T16:58:15.719Z,2026-09-29T16:58:15.600Z,2026-09-29T10:58:15.719-06:00,115.857,4.5,42.0,0.0,15.7,wind_drone_20260929
2026-09-29T16:58:15.912Z,2026-09-29T16:58:15.800Z,2026-09-29T10:58:15.912-06:00,116.049,4.6,38.0,0.0,15.7,wind_drone_20260929
2026-09-29T16:58:16.119Z,2026-09-29T16:58:16.000Z,2026-09-29T10:58:16.119-06:00,116.256,4.8,39.0,0.0,15.7,wind_drone_20260929
2026-09-29T16:58:16.312Z,2026-09-29T16:58:16.200Z,2026-09-29T10:58:16.312-06:00,116.45,4.9,40.0,0.0,15.7,wind_drone_20260929
2026-09-29T16:58:16.519Z,2026-09-29T16:58:16.400Z,2026-09-29T10:58:16.519-06:00,116.656,5.0,37.0,0.0,15.7,wind_drone_20260929
2026-09-29T16:58:16.712Z,2026-09-29T16:58:16.600Z,2026-09-29T10:58:16.712-06:00,116.849,5.0,40.0,0.0,15.7,wind_drone_20260929
2026-09-29T16:58:16.919Z,2026-09-29T16:58:16.800Z,2026-09-29T10:58:16.919-06:00,117.056,5.0,40.0,0.0,15.7,wind_drone_20260929
2026-09-29T16:58:17.112Z,2026-09-29T16:58:17.000Z,2026-09-29T10:58:17.112-06:00,117.249,5.2,39.0,0.0,15.7,wind_drone_20260929
2026-09-29T16:58:17.319Z,2026-09-29T16:58:17.200Z,2026-09-29T10:58:17.319-06:00,117.456,5.2,37.0,0.0,15.7,wind_drone_20260929
2026-09-29T16:58:17.512Z,2026-09-29T16:58:17.400Z,2026-09-29T10:58:17.512-06:00,117.649,5.1,34.0,0.0,15.7,wind_drone_20260929
2026-09-29T16:58:17.719Z,2026-09-29T16:58:17.600Z,2026-09-29T10:58:17.719-06:00,117.856,5.0,37.0,0.0,15.7,wind_drone_20260929
2026-09-29T16:58:17.911Z,2026-09-29T16:58:17.800Z,2026-09-29T10:58:17.911-06:00,118.048,5.0,38.0,0.0,15.7,wind_drone_20260929
2026-09-29T16:58:18.118Z,2026-09-29T16:58:18.000Z,2026-09-29T10:58:18.118-06:00,118.256,5.2,38.0,0.0,15.7,wind_drone_20260929
2026-09-29T16:58:18.326Z,2026-09-29T16:58:18.200Z,2026-09-29T10:58:18.326-06:00,118.463,5.3,38.0,0.0,15.7,wind_drone_20260929
2026-09-29T16:58:18.518Z,2026-09-29T16:58:18.400Z,2026-09-29T10:58:18.518-06:00,118.656,5.4,38.0,0.0,15.7,wind_drone_20260929
2026-09-29T16:58:18.725Z,2026-09-29T16:58:18.600Z,2026-09-29T10:58:18.725-06:00,118.863,5.3,34.0,0.0,15.7,wind_drone_20260929
2026-09-29T16:58:18.918Z,2026-09-29T16:58:18.800Z,2026-09-29T10:58:18.918-06:00,119.056,5.3,36.0,0.0,15.7,wind_drone_20260929
2026-09-29T16:58:19.125Z,2026-09-29T16:58:19.000Z,2026-09-29T10:58:19.125-06:00,119.263,5.3,39.0,0.0,15.7,wind_drone_20260929
2026-09-29T16:58:19.318Z,2026-09-29T16:58:19.200Z,2026-09-29T10:58:19.318-06:00,119.455,5.3,38.0,0.0,15.7,wind_drone_20260929
2026-09-29T16:58:19.525Z,2026-09-29T16:58:19.400Z,2026-09-29T10:58:19.525-06:00,119.663,5.2,35.0,0.0,15.7,wind_drone_20260929
2026-09-29T16:58:19.718Z,2026-09-29T16:58:19.600Z,2026-09-29T10:58:19.718-06:00,119.855,5.0,39.0,0.0,15.7,wind_drone_20260929
2026-09-29T16:58:19.925Z,2026-09-29T16:58:19.800Z,2026-09-29T10:58:19.925-06:00,120.062,4.9,42.0,0.0,15.7,wind_drone_20260929
2026-09-29T16:58:20.118Z,2026-09-29T16:58:20.000Z,2026-09-29T10:58:20.118-06:00,120.255,4.8,37.0,0.0,15.7,wind_drone_20260929
2026-09-29T16:58:20.325Z,2026-09-29T16:58:20.200Z,2026-09-29T10:58:20.325-06:00,120.462,4.8,36.0,0.0,15.7,wind_drone_20260929
2026-09-29T16:58:20.518Z,2026-09-29T16:58:20.400Z,2026-09-29T10:58:20.518-06:00,120.655,4.7,34.0,0.0,15.7,wind_drone_20260929
2026-09-29T16:58:20.725Z,2026-09-29T16:58:20.600Z,2026-09-29T10:58:20.725-06:00,120.862,4.8,31.0,0.0,15.7,wind_drone_20260929
2026-09-29T16:58:20.917Z,2026-09-29T16:58:20.800Z,2026-09-29T10:58:20.917-06:00,121.055,4.8,27.0,0.0,15.7,wind_drone_20260929
2026-09-29T16:58:21.125Z,2026-09-29T16:58:21.000Z,2026-09-29T10:58:21.125-06:00,121.262,4.9,32.0,0.0,15.7,wind_drone_20260929
2026-09-29T16:58:21.317Z,2026-09-29T16:58:21.200Z,2026-09-29T10:58:21.317-06:00,121.454,4.9,39.0,0.0,15.7,wind_drone_20260929
2026-09-29T16:58:21.524Z,2026-09-29T16:58:21.400Z,2026-09-29T10:58:21.524-06:00,121.662,4.9,40.0,0.0,15.7,wind_drone_20260929
2026-09-29T16:58:21.717Z,2026-09-29T16:58:21.600Z,2026-09-29T10:58:21.717-06:00,121.854,4.9,44.0,0.0,15.7,wind_drone_20260929
2026-09-29T16:58:21.924Z,2026-09-29T16:58:21.800Z,2026-09-29T10:58:21.924-06:00,122.062,4.8,50.0,0.0,15.7,wind_drone_20260929
2026-09-29T16:58:22.117Z,2026-09-29T16:58:22.000Z,2026-09-29T10:58:22.117-06:00,122.254,4.8,53.0,0.0,15.7,wind_drone_20260929
2026-09-29T16:58:22.324Z,2026-09-29T16:58:22.200Z,2026-09-29T10:58:22.324-06:00,122.462,4.8,52.0,0.0,15.7,wind_drone_20260929
2026-09-29T16:58:22.517Z,2026-09-29T16:58:22.400Z,2026-09-29T10:58:22.517-06:00,122.654,4.8,52.0,0.0,15.7,wind_drone_20260929
2026-09-29T16:58:22.724Z,2026-09-29T16:58:22.600Z,2026-09-29T10:58:22.724-06:00,122.861,4.7,55.0,0.0,15.7,wind_drone_20260929
2026-09-29T16:58:22.916Z,2026-09-29T16:58:22.800Z,2026-09-29T10:58:22.916-06:00,123.054,4.7,53.0,0.0,15.7,wind_drone_20260929
2026-09-29T16:58:23.124Z,2026-09-29T16:58:23.000Z,2026-09-29T10:58:23.124-06:00,123.261,4.8,54.0,0.0,15.7,wind_drone_20260929
2026-09-29T16:58:23.317Z,2026-09-29T16:58:23.200Z,2026-09-29T10:58:23.317-06:00,123.454,4.8,55.0,0.0,15.7,wind_drone_20260929
2026-09-29T16:58:23.524Z,2026-09-29T16:58:23.400Z,2026-09-29T10:58:23.524-06:00,123.661,4.9,53.0,0.0,15.7,wind_drone_20260929
2026-09-29T16:58:23.716Z,2026-09-29T16:58:23.600Z,2026-09-29T10:58:23.716-06:00,123.854,4.9,54.0,0.0,15.7,wind_drone_20260929
2026-09-29T16:58:23.924Z,2026-09-29T16:58:23.800Z,2026-09-29T10:58:23.924-06:00,124.061,4.9,50.0,0.0,15.7,wind_drone_20260929
2026-09-29T16:58:24.116Z,2026-09-29T16:58:24.000Z,2026-09-29T10:58:24.116-06:00,124.254,4.9,47.0,0.0,15.7,wind_drone_20260929
2026-09-29T16:58:24.323Z,2026-09-29T16:58:24.200Z,2026-09-29T10:58:24.323-06:00,124.461,4.8,44.0,0.0,15.7,wind_drone_20260929
2026-09-29T16:58:24.516Z,2026-09-29T16:58:24.400Z,2026-09-29T10:58:24.516-06:00,124.654,4.8,39.0,0.0,15.7,wind_drone_20260929
2026-09-29T16:58:24.723Z,2026-09-29T16:58:24.600Z,2026-09-29T10:58:24.723-06:00,124.861,4.7,38.0,0.0,15.7,wind_drone_20260929
2026-09-29T16:58:24.916Z,2026-09-29T16:58:24.800Z,2026-09-29T10:58:24.916-06:00,125.053,4.7,39.0,0.0,15.7,wind_drone_20260929
2026-09-29T16:58:25.123Z,2026-09-29T16:58:25.000Z,2026-09-29T10:58:25.123-06:00,125.261,4.7,39.0,0.0,15.7,wind_drone_20260929
2026-09-29T16:58:25.316Z,2026-09-29T16:58:25.200Z,2026-09-29T10:58:25.316-06:00,125.453,4.7,41.0,0.0,15.7,wind_drone_20260929
2026-09-29T16:58:25.523Z,2026-09-29T16:58:25.400Z,2026-09-29T10:58:25.523-06:00,125.66,4.7,40.0,0.0,15.7,wind_drone_20260929
2026-09-29T16:58:25.716Z,2026-09-29T16:58:25.600Z,2026-09-29T10:58:25.716-06:00,125.853,4.7,36.0,0.0,15.7,wind_drone_20260929
2026-09-29T16:58:25.923Z,2026-09-29T16:58:25.800Z,2026-09-29T10:58:25.923-06:00,126.06,4.8,36.0,0.0,15.7,wind_drone_20260929
2026-09-29T16:58:26.115Z,2026-09-29T16:58:26.000Z,2026-09-29T10:58:26.115-06:00,126.253,4.8,38.0,0.0,15.7,wind_drone_20260929
2026-09-29T16:58:26.323Z,2026-09-29T16:58:26.200Z,2026-09-29T10:58:26.323-06:00,126.46,4.9,33.0,0.0,15.7,wind_drone_20260929
2026-09-29T16:58:26.516Z,2026-09-29T16:58:26.400Z,2026-09-29T10:58:26.516-06:00,126.653,4.9,31.0,0.0,15.7,wind_drone_20260929
2026-09-29T16:58:26.723Z,2026-09-29T16:58:26.600Z,2026-09-29T10:58:26.723-06:00,126.86,4.9,32.0,0.0,15.7,wind_drone_20260929
2026-09-29T16:58:26.915Z,2026-09-29T16:58:26.800Z,2026-09-29T10:58:26.915-06:00,127.053,4.9,30.0,0.0,15.7,wind_drone_20260929
2026-09-29T16:58:27.123Z,2026-09-29T16:58:27.000Z,2026-09-29T10:58:27.123-06:00,127.26,4.8,29.0,0.0,15.7,wind_drone_20260929
2026-09-29T16:58:27.315Z,2026-09-29T16:58:27.200Z,2026-09-29T10:58:27.315-06:00,127.452,4.9,31.0,0.0,15.7,wind_drone_20260929
2026-09-29T16:58:27.522Z,2026-09-29T16:58:27.400Z,2026-09-29T10:58:27.522-06:00,127.66,4.8,29.0,0.0,15.7,wind_drone_20260929
2026-09-29T16:58:27.715Z,2026-09-29T16:58:27.600Z,2026-09-29T10:58:27.715-06:00,127.853,4.8,30.0,0.0,15.7,wind_drone_20260929
2026-09-29T16:58:27.922Z,2026-09-29T16:58:27.800Z,2026-09-29T10:58:27.922-06:00,128.06,4.7,29.0,0.0,15.7,wind_drone_20260929
2026-09-29T16:58:28.115Z,2026-09-29T16:58:28.000Z,2026-09-29T10:58:28.115-06:00,128.252,4.7,29.0,0.0,15.7,wind_drone_20260929
2026-09-29T16:58:28.322Z,2026-09-29T16:58:28.200Z,2026-09-29T10:58:28.322-06:00,128.46,4.8,27.0,0.0,15.7,wind_drone_20260929
2026-09-29T16:58:28.515Z,2026-09-29T16:58:28.400Z,2026-09-29T10:58:28.515-06:00,128.652,4.7,29.0,0.0,15.7,wind_drone_20260929
2026-09-29T16:58:28.722Z,2026-09-29T16:58:28.600Z,2026-09-29T10:58:28.722-06:00,128.859,4.7,28.0,0.0,15.7,wind_drone_20260929
2026-09-29T16:58:28.915Z,2026-09-29T16:58:28.800Z,2026-09-29T10:58:28.915-06:00,129.052,4.7,25.0,0.0,15.7,wind_drone_20260929
2026-09-29T16:58:29.122Z,2026-09-29T16:58:29.000Z,2026-09-29T10:58:29.122-06:00,129.26,4.8,27.0,0.0,15.7,wind_drone_20260929
2026-09-29T16:58:29.315Z,2026-09-29T16:58:29.200Z,2026-09-29T10:58:29.315-06:00,129.452,4.8,26.0,0.0,15.7,wind_drone_20260929
2026-09-29T16:58:29.522Z,2026-09-29T16:58:29.400Z,2026-09-29T10:58:29.522-06:00,129.659,4.8,30.0,0.0,15.7,wind_drone_20260929
2026-09-29T16:58:29.714Z,2026-09-29T16:58:29.600Z,2026-09-29T10:58:29.714-06:00,129.852,4.9,32.0,0.0,15.7,wind_drone_20260929
2026-09-29T16:58:29.922Z,2026-09-29T16:58:29.800Z,2026-09-29T10:58:29.922-06:00,130.059,4.8,32.0,0.0,15.7,wind_drone_20260929
2026-09-29T16:58:30.114Z,2026-09-29T16:58:30.000Z,2026-09-29T10:58:30.114-06:00,130.252,4.8,35.0,0.0,15.7,wind_drone_20260929
2026-09-29T16:58:30.322Z,2026-09-29T16:58:30.200Z,2026-09-29T10:58:30.322-06:00,130.459,4.8,36.0,0.0,15.7,wind_drone_20260929
2026-09-29T16:58:30.514Z,2026-09-29T16:58:30.400Z,2026-09-29T10:58:30.514-06:00,130.652,4.7,37.0,0.0,15.7,wind_drone_20260929
2026-09-29T16:58:30.721Z,2026-09-29T16:58:30.600Z,2026-09-29T10:58:30.721-06:00,130.859,4.6,38.0,0.0,15.7,wind_drone_20260929
2026-09-29T16:58:30.914Z,2026-09-29T16:58:30.800Z,2026-09-29T10:58:30.914-06:00,131.052,4.6,37.0,0.0,15.7,wind_drone_20260929
2026-09-29T16:58:31.121Z,2026-09-29T16:58:31.000Z,2026-09-29T10:58:31.121-06:00,131.259,4.5,37.0,0.0,15.7,wind_drone_20260929
2026-09-29T16:58:31.314Z,2026-09-29T16:58:31.200Z,2026-09-29T10:58:31.314-06:00,131.451,4.4,38.0,0.0,15.7,wind_drone_20260929
2026-09-29T16:58:31.521Z,2026-09-29T16:58:31.400Z,2026-09-29T10:58:31.521-06:00,131.659,4.4,40.0,0.0,15.7,wind_drone_20260929
2026-09-29T16:58:31.714Z,2026-09-29T16:58:31.600Z,2026-09-29T10:58:31.714-06:00,131.851,4.4,40.0,0.0,15.7,wind_drone_20260929
2026-09-29T16:58:31.921Z,2026-09-29T16:58:31.800Z,2026-09-29T10:58:31.921-06:00,132.058,4.5,38.0,0.0,15.7,wind_drone_20260929
2026-09-29T16:58:32.114Z,2026-09-29T16:58:32.000Z,2026-09-29T10:58:32.114-06:00,132.251,4.6,38.0,0.0,15.7,wind_drone_20260929
2026-09-29T16:58:32.321Z,2026-09-29T16:58:32.200Z,2026-09-29T10:58:32.321-06:00,132.458,4.6,37.0,0.0,15.7,wind_drone_20260929
2026-09-29T16:58:32.514Z,2026-09-29T16:58:32.400Z,2026-09-29T10:58:32.514-06:00,132.651,4.7,36.0,0.0,15.7,wind_drone_20260929
2026-09-29T16:58:32.721Z,2026-09-29T16:58:32.600Z,2026-09-29T10:58:32.721-06:00,132.858,4.7,33.0,0.0,15.7,wind_drone_20260929
2026-09-29T16:58:32.913Z,2026-09-29T16:58:32.800Z,2026-09-29T10:58:32.913-06:00,133.05,4.7,32.0,0.0,15.7,wind_drone_20260929
2026-09-29T16:58:33.121Z,2026-09-29T16:58:33.000Z,2026-09-29T10:58:33.121-06:00,133.258,4.7,33.0,0.0,15.7,wind_drone_20260929
2026-09-29T16:58:33.313Z,2026-09-29T16:58:33.200Z,2026-09-29T10:58:33.313-06:00,133.45,4.7,35.0,0.0,15.7,wind_drone_20260929
2026-09-29T16:58:33.520Z,2026-09-29T16:58:33.400Z,2026-09-29T10:58:33.520-06:00,133.658,4.7,33.0,0.0,15.7,wind_drone_20260929
2026-09-29T16:58:33.713Z,2026-09-29T16:58:33.600Z,2026-09-29T10:58:33.713-06:00,133.851,4.6,31.0,0.0,15.7,wind_drone_20260929
2026-09-29T16:58:33.920Z,2026-09-29T16:58:33.800Z,2026-09-29T10:58:33.920-06:00,134.057,4.5,33.0,0.0,15.7,wind_drone_20260929
2026-09-29T16:58:34.113Z,2026-09-29T16:58:34.000Z,2026-09-29T10:58:34.113-06:00,134.25,4.5,35.0,0.0,15.7,wind_drone_20260929
2026-09-29T16:58:34.320Z,2026-09-29T16:58:34.200Z,2026-09-29T10:58:34.320-06:00,134.458,4.4,34.0,0.0,15.7,wind_drone_20260929
2026-09-29T16:58:34.513Z,2026-09-29T16:58:34.400Z,2026-09-29T10:58:34.513-06:00,134.65,4.3,33.0,0.0,15.7,wind_drone_20260929
2026-09-29T16:58:34.720Z,2026-09-29T16:58:34.600Z,2026-09-29T10:58:34.720-06:00,134.857,4.3,32.0,0.0,15.7,wind_drone_20260929
2026-09-29T16:58:34.913Z,2026-09-29T16:58:34.800Z,2026-09-29T10:58:34.913-06:00,135.05,4.2,39.0,0.0,15.7,wind_drone_20260929
2026-09-29T16:58:35.120Z,2026-09-29T16:58:35.000Z,2026-09-29T10:58:35.120-06:00,135.257,4.0,40.0,0.0,15.7,wind_drone_20260929
2026-09-29T16:58:35.313Z,2026-09-29T16:58:35.200Z,2026-09-29T10:58:35.313-06:00,135.45,4.0,41.0,0.0,15.7,wind_drone_20260929
2026-09-29T16:58:35.520Z,2026-09-29T16:58:35.400Z,2026-09-29T10:58:35.520-06:00,135.657,4.0,38.0,0.0,15.7,wind_drone_20260929
2026-09-29T16:58:35.712Z,2026-09-29T16:58:35.600Z,2026-09-29T10:58:35.712-06:00,135.85,4.1,37.0,0.0,15.7,wind_drone_20260929
2026-09-29T16:58:35.920Z,2026-09-29T16:58:35.800Z,2026-09-29T10:58:35.920-06:00,136.057,4.0,37.0,0.0,15.7,wind_drone_20260929
2026-09-29T16:58:36.113Z,2026-09-29T16:58:36.000Z,2026-09-29T10:58:36.113-06:00,136.25,4.0,36.0,0.0,15.7,wind_drone_20260929
2026-09-29T16:58:36.319Z,2026-09-29T16:58:36.200Z,2026-09-29T10:58:36.319-06:00,136.457,3.9,34.0,0.0,15.7,wind_drone_20260929
2026-09-29T16:58:36.512Z,2026-09-29T16:58:36.400Z,2026-09-29T10:58:36.512-06:00,136.65,3.8,32.0,0.0,15.7,wind_drone_20260929
2026-09-29T16:58:36.720Z,2026-09-29T16:58:36.600Z,2026-09-29T10:58:36.720-06:00,136.857,3.8,31.0,0.0,15.7,wind_drone_20260929
2026-09-29T16:58:36.912Z,2026-09-29T16:58:36.800Z,2026-09-29T10:58:36.912-06:00,137.05,3.7,32.0,0.0,15.7,wind_drone_20260929
2026-09-29T16:58:37.119Z,2026-09-29T16:58:37.000Z,2026-09-29T10:58:37.119-06:00,137.256,3.7,32.0,0.0,15.7,wind_drone_20260929
2026-09-29T16:58:37.312Z,2026-09-29T16:58:37.200Z,2026-09-29T10:58:37.312-06:00,137.449,3.6,34.0,0.0,15.7,wind_drone_20260929
2026-09-29T16:58:37.519Z,2026-09-29T16:58:37.400Z,2026-09-29T10:58:37.519-06:00,137.656,3.6,32.0,0.0,15.7,wind_drone_20260929
2026-09-29T16:58:37.712Z,2026-09-29T16:58:37.600Z,2026-09-29T10:58:37.712-06:00,137.849,3.6,35.0,0.0,15.7,wind_drone_20260929
2026-09-29T16:58:37.919Z,2026-09-29T16:58:37.800Z,2026-09-29T10:58:37.919-06:00,138.056,3.6,38.0,0.0,15.7,wind_drone_20260929
2026-09-29T16:58:38.112Z,2026-09-29T16:58:38.000Z,2026-09-29T10:58:38.112-06:00,138.249,3.5,38.0,0.0,15.7,wind_drone_20260929
2026-09-29T16:58:38.319Z,2026-09-29T16:58:38.200Z,2026-09-29T10:58:38.319-06:00,138.456,3.3,34.0,0.0,15.7,wind_drone_20260929
2026-09-29T16:58:38.512Z,2026-09-29T16:58:38.400Z,2026-09-29T10:58:38.512-06:00,138.649,3.2,30.0,0.0,15.7,wind_drone_20260929
2026-09-29T16:58:38.719Z,2026-09-29T16:58:38.600Z,2026-09-29T10:58:38.719-06:00,138.856,3.1,31.0,0.0,15.7,wind_drone_20260929
2026-09-29T16:58:38.911Z,2026-09-29T16:58:38.800Z,2026-09-29T10:58:38.911-06:00,139.049,2.9,30.0,0.0,15.7,wind_drone_20260929
2026-09-29T16:58:39.118Z,2026-09-29T16:58:39.000Z,2026-09-29T10:58:39.118-06:00,139.256,2.8,28.0,0.0,15.7,wind_drone_20260929
2026-09-29T16:58:39.311Z,2026-09-29T16:58:39.200Z,2026-09-29T10:58:39.311-06:00,139.448,2.8,30.0,0.0,15.7,wind_drone_20260929
2026-09-29T16:58:39.518Z,2026-09-29T16:58:39.400Z,2026-09-29T10:58:39.518-06:00,139.656,2.9,31.0,0.0,15.7,wind_drone_20260929
2026-09-29T16:58:39.726Z,2026-09-29T16:58:39.600Z,2026-09-29T10:58:39.726-06:00,139.863,3.1,31.0,0.0,15.7,wind_drone_20260929
2026-09-29T16:58:39.918Z,2026-09-29T16:58:39.800Z,2026-09-29T10:58:39.918-06:00,140.055,3.4,32.0,0.0,15.7,wind_drone_20260929
2026-09-29T16:58:40.125Z,2026-09-29T16:58:40.000Z,2026-09-29T10:58:40.125-06:00,140.263,3.7,31.0,0.0,15.7,wind_drone_20260929
2026-09-29T16:58:40.318Z,2026-09-29T16:58:40.200Z,2026-09-29T10:58:40.318-06:00,140.455,4.0,31.0,0.0,15.7,wind_drone_20260929
2026-09-29T16:58:40.525Z,2026-09-29T16:58:40.400Z,2026-09-29T10:58:40.525-06:00,140.663,4.2,31.0,0.0,15.7,wind_drone_20260929
2026-09-29T16:58:40.718Z,2026-09-29T16:58:40.600Z,2026-09-29T10:58:40.718-06:00,140.855,4.3,33.0,0.0,15.7,wind_drone_20260929
2026-09-29T16:58:40.925Z,2026-09-29T16:58:40.800Z,2026-09-29T10:58:40.925-06:00,141.063,4.3,35.0,0.0,15.7,wind_drone_20260929
2026-09-29T16:58:41.118Z,2026-09-29T16:58:41.000Z,2026-09-29T10:58:41.118-06:00,141.255,4.4,37.0,0.0,15.7,wind_drone_20260929
2026-09-29T16:58:41.325Z,2026-09-29T16:58:41.200Z,2026-09-29T10:58:41.325-06:00,141.462,4.3,33.0,0.0,15.7,wind_drone_20260929
2026-09-29T16:58:41.518Z,2026-09-29T16:58:41.400Z,2026-09-29T10:58:41.518-06:00,141.655,4.3,31.0,0.0,15.7,wind_drone_20260929
2026-09-29T16:58:41.725Z,2026-09-29T16:58:41.600Z,2026-09-29T10:58:41.725-06:00,141.862,4.3,31.0,0.0,15.7,wind_drone_20260929
2026-09-29T16:58:41.917Z,2026-09-29T16:58:41.800Z,2026-09-29T10:58:41.917-06:00,142.055,4.3,31.0,0.0,15.7,wind_drone_20260929
2026-09-29T16:58:42.125Z,2026-09-29T16:58:42.000Z,2026-09-29T10:58:42.125-06:00,142.262,4.3,28.0,0.0,15.7,wind_drone_20260929
2026-09-29T16:58:42.317Z,2026-09-29T16:58:42.200Z,2026-09-29T10:58:42.317-06:00,142.455,4.3,33.0,0.0,15.7,wind_drone_20260929
2026-09-29T16:58:42.525Z,2026-09-29T16:58:42.400Z,2026-09-29T10:58:42.525-06:00,142.662,4.3,35.0,0.0,15.7,wind_drone_20260929
2026-09-29T16:58:42.717Z,2026-09-29T16:58:42.600Z,2026-09-29T10:58:42.717-06:00,142.855,4.3,33.0,0.0,15.7,wind_drone_20260929
2026-09-29T16:58:42.925Z,2026-09-29T16:58:42.800Z,2026-09-29T10:58:42.925-06:00,143.062,4.3,28.0,0.0,15.7,wind_drone_20260929
2026-09-29T16:58:43.117Z,2026-09-29T16:58:43.000Z,2026-09-29T10:58:43.117-06:00,143.255,4.4,33.0,0.0,15.7,wind_drone_20260929
2026-09-29T16:58:43.324Z,2026-09-29T16:58:43.200Z,2026-09-29T10:58:43.324-06:00,143.462,4.4,34.0,0.0,15.7,wind_drone_20260929
2026-09-29T16:58:43.517Z,2026-09-29T16:58:43.400Z,2026-09-29T10:58:43.517-06:00,143.654,4.4,28.0,0.0,15.7,wind_drone_20260929
2026-09-29T16:58:43.724Z,2026-09-29T16:58:43.600Z,2026-09-29T10:58:43.724-06:00,143.862,4.4,28.0,0.0,15.7,wind_drone_20260929
2026-09-29T16:58:43.917Z,2026-09-29T16:58:43.800Z,2026-09-29T10:58:43.917-06:00,144.054,4.5,30.0,0.0,15.7,wind_drone_20260929
2026-09-29T16:58:44.124Z,2026-09-29T16:58:44.000Z,2026-09-29T10:58:44.124-06:00,144.261,4.5,26.0,0.0,15.7,wind_drone_20260929
2026-09-29T16:58:44.317Z,2026-09-29T16:58:44.200Z,2026-09-29T10:58:44.317-06:00,144.454,4.4,28.0,0.0,15.7,wind_drone_20260929
2026-09-29T16:58:44.524Z,2026-09-29T16:58:44.400Z,2026-09-29T10:58:44.524-06:00,144.661,4.3,27.0,0.0,15.7,wind_drone_20260929
2026-09-29T16:58:44.717Z,2026-09-29T16:58:44.600Z,2026-09-29T10:58:44.717-06:00,144.854,4.1,27.0,0.0,15.7,wind_drone_20260929
2026-09-29T16:58:44.924Z,2026-09-29T16:58:44.800Z,2026-09-29T10:58:44.924-06:00,145.061,4.0,27.0,0.0,15.7,wind_drone_20260929
2026-09-29T16:58:45.116Z,2026-09-29T16:58:45.000Z,2026-09-29T10:58:45.116-06:00,145.254,4.0,30.0,0.0,15.7,wind_drone_20260929
2026-09-29T16:58:45.324Z,2026-09-29T16:58:45.200Z,2026-09-29T10:58:45.324-06:00,145.461,3.9,28.0,0.0,15.7,wind_drone_20260929
2026-09-29T16:58:45.516Z,2026-09-29T16:58:45.400Z,2026-09-29T10:58:45.516-06:00,145.653,3.8,28.0,0.0,15.7,wind_drone_20260929
2026-09-29T16:58:45.723Z,2026-09-29T16:58:45.600Z,2026-09-29T10:58:45.723-06:00,145.861,3.6,28.0,0.0,15.7,wind_drone_20260929
2026-09-29T16:58:45.916Z,2026-09-29T16:58:45.800Z,2026-09-29T10:58:45.916-06:00,146.054,3.5,35.0,0.0,15.7,wind_drone_20260929
2026-09-29T16:58:46.123Z,2026-09-29T16:58:46.000Z,2026-09-29T10:58:46.123-06:00,146.261,3.5,38.0,0.0,15.7,wind_drone_20260929
2026-09-29T16:58:46.316Z,2026-09-29T16:58:46.200Z,2026-09-29T10:58:46.316-06:00,146.453,3.5,34.0,0.0,15.7,wind_drone_20260929
2026-09-29T16:58:46.523Z,2026-09-29T16:58:46.400Z,2026-09-29T10:58:46.523-06:00,146.661,3.4,36.0,0.0,15.7,wind_drone_20260929
2026-09-29T16:58:46.716Z,2026-09-29T16:58:46.600Z,2026-09-29T10:58:46.716-06:00,146.854,3.4,34.0,0.0,15.7,wind_drone_20260929
2026-09-29T16:58:46.923Z,2026-09-29T16:58:46.800Z,2026-09-29T10:58:46.923-06:00,147.06,3.3,38.0,0.0,15.7,wind_drone_20260929
2026-09-29T16:58:47.116Z,2026-09-29T16:58:47.000Z,2026-09-29T10:58:47.116-06:00,147.253,3.3,36.0,0.0,15.7,wind_drone_20260929
2026-09-29T16:58:47.323Z,2026-09-29T16:58:47.200Z,2026-09-29T10:58:47.323-06:00,147.46,3.3,34.0,0.0,15.7,wind_drone_20260929
2026-09-29T16:58:47.516Z,2026-09-29T16:58:47.400Z,2026-09-29T10:58:47.516-06:00,147.653,3.3,33.0,0.0,15.7,wind_drone_20260929
2026-09-29T16:58:47.723Z,2026-09-29T16:58:47.600Z,2026-09-29T10:58:47.723-06:00,147.86,3.4,32.0,0.0,15.7,wind_drone_20260929
2026-09-29T16:58:47.915Z,2026-09-29T16:58:47.800Z,2026-09-29T10:58:47.915-06:00,148.053,3.3,35.0,0.0,15.7,wind_drone_20260929
2026-09-29T16:58:48.122Z,2026-09-29T16:58:48.000Z,2026-09-29T10:58:48.122-06:00,148.26,3.3,34.0,0.0,15.7,wind_drone_20260929
2026-09-29T16:58:48.315Z,2026-09-29T16:58:48.200Z,2026-09-29T10:58:48.315-06:00,148.452,3.2,33.0,0.0,15.7,wind_drone_20260929
2026-09-29T16:58:48.522Z,2026-09-29T16:58:48.400Z,2026-09-29T10:58:48.522-06:00,148.66,3.2,34.0,0.0,15.7,wind_drone_20260929
2026-09-29T16:58:48.715Z,2026-09-29T16:58:48.600Z,2026-09-29T10:58:48.715-06:00,148.853,3.3,35.0,0.0,15.7,wind_drone_20260929
2026-09-29T16:58:48.922Z,2026-09-29T16:58:48.800Z,2026-09-29T10:58:48.922-06:00,149.06,3.3,34.0,0.0,15.7,wind_drone_20260929
2026-09-29T16:58:49.115Z,2026-09-29T16:58:49.000Z,2026-09-29T10:58:49.115-06:00,149.252,3.4,35.0,0.0,15.7,wind_drone_20260929
2026-09-29T16:58:49.322Z,2026-09-29T16:58:49.200Z,2026-09-29T10:58:49.322-06:00,149.46,3.4,34.0,0.0,15.7,wind_drone_20260929
2026-09-29T16:58:49.515Z,2026-09-29T16:58:49.400Z,2026-09-29T10:58:49.515-06:00,149.652,3.6,37.0,0.0,15.7,wind_drone_20260929
2026-09-29T16:58:49.722Z,2026-09-29T16:58:49.600Z,2026-09-29T10:58:49.722-06:00,149.859,3.6,41.0,0.0,15.7,wind_drone_20260929
2026-09-29T16:58:49.915Z,2026-09-29T16:58:49.800Z,2026-09-29T10:58:49.915-06:00,150.052,3.6,38.0,0.0,15.7,wind_drone_20260929
2026-09-29T16:58:50.122Z,2026-09-29T16:58:50.000Z,2026-09-29T10:58:50.122-06:00,150.259,3.6,38.0,0.0,15.7,wind_drone_20260929
2026-09-29T16:58:50.314Z,2026-09-29T16:58:50.200Z,2026-09-29T10:58:50.314-06:00,150.452,3.7,38.0,0.0,15.7,wind_drone_20260929
2026-09-29T16:58:50.522Z,2026-09-29T16:58:50.400Z,2026-09-29T10:58:50.522-06:00,150.659,3.8,42.0,0.0,15.7,wind_drone_20260929
2026-09-29T16:58:50.714Z,2026-09-29T16:58:50.600Z,2026-09-29T10:58:50.714-06:00,150.852,4.0,42.0,0.0,15.7,wind_drone_20260929
2026-09-29T16:58:50.922Z,2026-09-29T16:58:50.800Z,2026-09-29T10:58:50.922-06:00,151.059,4.0,35.0,0.0,15.7,wind_drone_20260929
2026-09-29T16:58:51.114Z,2026-09-29T16:58:51.000Z,2026-09-29T10:58:51.114-06:00,151.251,4.0,35.0,0.0,15.7,wind_drone_20260929
2026-09-29T16:58:51.322Z,2026-09-29T16:58:51.200Z,2026-09-29T10:58:51.322-06:00,151.459,4.2,36.0,0.0,15.7,wind_drone_20260929
2026-09-29T16:58:51.514Z,2026-09-29T16:58:51.400Z,2026-09-29T10:58:51.514-06:00,151.651,4.3,36.0,0.0,15.7,wind_drone_20260929
2026-09-29T16:58:51.721Z,2026-09-29T16:58:51.600Z,2026-09-29T10:58:51.721-06:00,151.859,4.5,38.0,0.0,15.7,wind_drone_20260929
2026-09-29T16:58:51.914Z,2026-09-29T16:58:51.800Z,2026-09-29T10:58:51.914-06:00,152.051,4.5,38.0,0.0,15.7,wind_drone_20260929
2026-09-29T16:58:52.121Z,2026-09-29T16:58:52.000Z,2026-09-29T10:58:52.121-06:00,152.258,4.5,35.0,0.0,15.7,wind_drone_20260929
2026-09-29T16:58:52.314Z,2026-09-29T16:58:52.200Z,2026-09-29T10:58:52.314-06:00,152.451,4.5,34.0,0.0,15.7,wind_drone_20260929
2026-09-29T16:58:52.521Z,2026-09-29T16:58:52.400Z,2026-09-29T10:58:52.521-06:00,152.659,4.6,37.0,0.0,15.7,wind_drone_20260929
2026-09-29T16:58:52.714Z,2026-09-29T16:58:52.600Z,2026-09-29T10:58:52.714-06:00,152.851,4.7,37.0,0.0,15.7,wind_drone_20260929
2026-09-29T16:58:52.921Z,2026-09-29T16:58:52.800Z,2026-09-29T10:58:52.921-06:00,153.058,4.7,38.0,0.0,15.7,wind_drone_20260929
2026-09-29T16:58:53.113Z,2026-09-29T16:58:53.000Z,2026-09-29T10:58:53.113-06:00,153.251,4.8,34.0,0.0,15.7,wind_drone_20260929
2026-09-29T16:58:53.321Z,2026-09-29T16:58:53.200Z,2026-09-29T10:58:53.321-06:00,153.458,4.8,36.0,0.0,15.7,wind_drone_20260929
2026-09-29T16:58:53.513Z,2026-09-29T16:58:53.400Z,2026-09-29T10:58:53.513-06:00,153.651,4.8,36.0,0.0,15.7,wind_drone_20260929
2026-09-29T16:58:53.720Z,2026-09-29T16:58:53.600Z,2026-09-29T10:58:53.720-06:00,153.858,4.8,32.0,0.0,15.7,wind_drone_20260929
2026-09-29T16:58:53.913Z,2026-09-29T16:58:53.800Z,2026-09-29T10:58:53.913-06:00,154.05,4.7,34.0,0.0,15.7,wind_drone_20260929
2026-09-29T16:58:54.120Z,2026-09-29T16:58:54.000Z,2026-09-29T10:58:54.120-06:00,154.258,4.8,35.0,0.0,15.7,wind_drone_20260929
2026-09-29T16:58:54.313Z,2026-09-29T16:58:54.200Z,2026-09-29T10:58:54.313-06:00,154.451,4.8,37.0,0.0,15.7,wind_drone_20260929
2026-09-29T16:58:54.520Z,2026-09-29T16:58:54.400Z,2026-09-29T10:58:54.520-06:00,154.657,4.7,36.0,0.0,15.7,wind_drone_20260929
2026-09-29T16:58:54.713Z,2026-09-29T16:58:54.600Z,2026-09-29T10:58:54.713-06:00,154.85,4.7,33.0,0.0,15.7,wind_drone_20260929
2026-09-29T16:58:54.920Z,2026-09-29T16:58:54.800Z,2026-09-29T10:58:54.920-06:00,155.057,4.6,38.0,0.0,15.7,wind_drone_20260929
2026-09-29T16:58:55.113Z,2026-09-29T16:58:55.000Z,2026-09-29T10:58:55.113-06:00,155.25,4.6,38.0,0.0,15.7,wind_drone_20260929
2026-09-29T16:58:55.320Z,2026-09-29T16:58:55.200Z,2026-09-29T10:58:55.320-06:00,155.457,4.6,39.0,0.0,15.7,wind_drone_20260929
2026-09-29T16:58:55.513Z,2026-09-29T16:58:55.400Z,2026-09-29T10:58:55.513-06:00,155.65,4.6,37.0,0.0,15.7,wind_drone_20260929
2026-09-29T16:58:55.720Z,2026-09-29T16:58:55.600Z,2026-09-29T10:58:55.720-06:00,155.857,4.6,38.0,0.0,15.8,wind_drone_20260929
2026-09-29T16:58:55.912Z,2026-09-29T16:58:55.800Z,2026-09-29T10:58:55.912-06:00,156.05,4.6,36.0,0.0,15.8,wind_drone_20260929
2026-09-29T16:58:56.120Z,2026-09-29T16:58:56.000Z,2026-09-29T10:58:56.120-06:00,156.257,4.6,32.0,0.0,15.8,wind_drone_20260929
2026-09-29T16:58:56.313Z,2026-09-29T16:58:56.200Z,2026-09-29T10:58:56.313-06:00,156.45,4.6,36.0,0.0,15.8,wind_drone_20260929
2026-09-29T16:58:56.519Z,2026-09-29T16:58:56.400Z,2026-09-29T10:58:56.519-06:00,156.657,4.7,35.0,0.0,15.8,wind_drone_20260929
2026-09-29T16:58:56.712Z,2026-09-29T16:58:56.600Z,2026-09-29T10:58:56.712-06:00,156.849,4.7,36.0,0.0,15.8,wind_drone_20260929
2026-09-29T16:58:56.919Z,2026-09-29T16:58:56.800Z,2026-09-29T10:58:56.919-06:00,157.057,4.8,35.0,0.0,15.8,wind_drone_20260929
2026-09-29T16:58:57.112Z,2026-09-29T16:58:57.000Z,2026-09-29T10:58:57.112-06:00,157.249,4.8,36.0,0.0,15.8,wind_drone_20260929
2026-09-29T16:58:57.319Z,2026-09-29T16:58:57.200Z,2026-09-29T10:58:57.319-06:00,157.457,4.8,35.0,0.0,15.8,wind_drone_20260929
2026-09-29T16:58:57.512Z,2026-09-29T16:58:57.400Z,2026-09-29T10:58:57.512-06:00,157.649,4.8,37.0,0.0,15.8,wind_drone_20260929
2026-09-29T16:58:57.719Z,2026-09-29T16:58:57.600Z,2026-09-29T10:58:57.719-06:00,157.856,4.8,36.0,0.0,15.8,wind_drone_20260929
2026-09-29T16:58:57.912Z,2026-09-29T16:58:57.800Z,2026-09-29T10:58:57.912-06:00,158.049,4.8,37.0,0.0,15.8,wind_drone_20260929
2026-09-29T16:58:58.119Z,2026-09-29T16:58:58.000Z,2026-09-29T10:58:58.119-06:00,158.256,4.8,38.0,0.0,15.8,wind_drone_20260929
2026-09-29T16:58:58.312Z,2026-09-29T16:58:58.200Z,2026-09-29T10:58:58.312-06:00,158.449,4.8,39.0,0.0,15.8,wind_drone_20260929
2026-09-29T16:58:58.518Z,2026-09-29T16:58:58.400Z,2026-09-29T10:58:58.518-06:00,158.656,4.7,38.0,0.0,15.8,wind_drone_20260929
2026-09-29T16:58:58.712Z,2026-09-29T16:58:58.600Z,2026-09-29T10:58:58.712-06:00,158.849,4.6,38.0,0.0,15.8,wind_drone_20260929
2026-09-29T16:58:58.919Z,2026-09-29T16:58:58.800Z,2026-09-29T10:58:58.919-06:00,159.056,4.5,38.0,0.0,15.8,wind_drone_20260929
2026-09-29T16:58:59.112Z,2026-09-29T16:58:59.000Z,2026-09-29T10:58:59.112-06:00,159.249,4.4,33.0,0.0,15.8,wind_drone_20260929
2026-09-29T16:58:59.318Z,2026-09-29T16:58:59.200Z,2026-09-29T10:58:59.318-06:00,159.456,4.4,32.0,0.0,15.8,wind_drone_20260929
2026-09-29T16:58:59.511Z,2026-09-29T16:58:59.400Z,2026-09-29T10:58:59.511-06:00,159.649,4.3,34.0,0.0,15.8,wind_drone_20260929
2026-09-29T16:58:59.718Z,2026-09-29T16:58:59.600Z,2026-09-29T10:58:59.718-06:00,159.855,4.2,36.0,0.0,15.8,wind_drone_20260929
2026-09-29T16:58:59.911Z,2026-09-29T16:58:59.800Z,2026-09-29T10:58:59.911-06:00,160.048,4.2,34.0,0.0,15.8,wind_drone_20260929
2026-09-29T16:59:00.118Z,2026-09-29T16:59:00.000Z,2026-09-29T10:59:00.118-06:00,160.256,4.1,36.0,0.0,15.8,wind_drone_20260929
2026-09-29T16:59:00.311Z,2026-09-29T16:59:00.200Z,2026-09-29T10:59:00.311-06:00,160.448,4.1,35.0,0.0,15.8,wind_drone_20260929
2026-09-29T16:59:00.518Z,2026-09-29T16:59:00.400Z,2026-09-29T10:59:00.518-06:00,160.655,4.1,33.0,0.0,15.8,wind_drone_20260929
2026-09-29T16:59:00.725Z,2026-09-29T16:59:00.600Z,2026-09-29T10:59:00.725-06:00,160.863,4.1,33.0,0.0,15.8,wind_drone_20260929
2026-09-29T16:59:00.918Z,2026-09-29T16:59:00.800Z,2026-09-29T10:59:00.918-06:00,161.055,4.1,35.0,0.0,15.8,wind_drone_20260929
2026-09-29T16:59:01.125Z,2026-09-29T16:59:01.000Z,2026-09-29T10:59:01.125-06:00,161.262,4.1,32.0,0.0,15.8,wind_drone_20260929
2026-09-29T16:59:01.317Z,2026-09-29T16:59:01.200Z,2026-09-29T10:59:01.317-06:00,161.455,4.1,37.0,0.0,15.8,wind_drone_20260929
2026-09-29T16:59:01.525Z,2026-09-29T16:59:01.400Z,2026-09-29T10:59:01.525-06:00,161.662,4.2,36.0,0.0,15.8,wind_drone_20260929
2026-09-29T16:59:01.718Z,2026-09-29T16:59:01.600Z,2026-09-29T10:59:01.718-06:00,161.855,4.2,35.0,0.0,15.8,wind_drone_20260929
2026-09-29T16:59:01.925Z,2026-09-29T16:59:01.800Z,2026-09-29T10:59:01.925-06:00,162.062,4.3,33.0,0.0,15.8,wind_drone_20260929
2026-09-29T16:59:02.118Z,2026-09-29T16:59:02.000Z,2026-09-29T10:59:02.118-06:00,162.255,4.3,33.0,0.0,15.8,wind_drone_20260929
2026-09-29T16:59:02.324Z,2026-09-29T16:59:02.200Z,2026-09-29T10:59:02.324-06:00,162.462,4.3,28.0,0.0,15.8,wind_drone_20260929
2026-09-29T16:59:02.517Z,2026-09-29T16:59:02.400Z,2026-09-29T10:59:02.517-06:00,162.655,4.4,26.0,0.0,15.8,wind_drone_20260929
2026-09-29T16:59:02.724Z,2026-09-29T16:59:02.600Z,2026-09-29T10:59:02.724-06:00,162.862,4.3,28.0,0.0,15.8,wind_drone_20260929
2026-09-29T16:59:02.917Z,2026-09-29T16:59:02.800Z,2026-09-29T10:59:02.917-06:00,163.055,4.3,29.0,0.0,15.8,wind_drone_20260929
2026-09-29T16:59:03.124Z,2026-09-29T16:59:03.000Z,2026-09-29T10:59:03.124-06:00,163.262,4.3,28.0,0.0,15.8,wind_drone_20260929
2026-09-29T16:59:03.317Z,2026-09-29T16:59:03.200Z,2026-09-29T10:59:03.317-06:00,163.454,4.2,28.0,0.0,15.8,wind_drone_20260929
2026-09-29T16:59:03.524Z,2026-09-29T16:59:03.400Z,2026-09-29T10:59:03.524-06:00,163.662,4.2,28.0,0.0,15.8,wind_drone_20260929
2026-09-29T16:59:03.717Z,2026-09-29T16:59:03.600Z,2026-09-29T10:59:03.717-06:00,163.854,4.1,33.0,0.0,15.8,wind_drone_20260929
2026-09-29T16:59:03.924Z,2026-09-29T16:59:03.800Z,2026-09-29T10:59:03.924-06:00,164.061,4.0,36.0,0.0,15.8,wind_drone_20260929
2026-09-29T16:59:04.117Z,2026-09-29T16:59:04.000Z,2026-09-29T10:59:04.117-06:00,164.254,3.9,35.0,0.0,15.8,wind_drone_20260929
2026-09-29T16:59:04.324Z,2026-09-29T16:59:04.200Z,2026-09-29T10:59:04.324-06:00,164.462,3.8,33.0,0.0,15.8,wind_drone_20260929
2026-09-29T16:59:04.517Z,2026-09-29T16:59:04.400Z,2026-09-29T10:59:04.517-06:00,164.654,3.6,34.0,0.0,15.8,wind_drone_20260929
2026-09-29T16:59:04.724Z,2026-09-29T16:59:04.600Z,2026-09-29T10:59:04.724-06:00,164.861,3.5,36.0,0.0,15.8,wind_drone_20260929
2026-09-29T16:59:04.916Z,2026-09-29T16:59:04.800Z,2026-09-29T10:59:04.916-06:00,165.054,3.4,42.0,0.0,15.8,wind_drone_20260929
2026-09-29T16:59:05.124Z,2026-09-29T16:59:05.000Z,2026-09-29T10:59:05.124-06:00,165.261,3.2,39.0,0.0,15.8,wind_drone_20260929
2026-09-29T16:59:05.316Z,2026-09-29T16:59:05.200Z,2026-09-29T10:59:05.316-06:00,165.454,3.1,38.0,0.0,15.8,wind_drone_20260929
2026-09-29T16:59:05.523Z,2026-09-29T16:59:05.400Z,2026-09-29T10:59:05.523-06:00,165.661,2.9,38.0,0.0,15.8,wind_drone_20260929
2026-09-29T16:59:05.716Z,2026-09-29T16:59:05.600Z,2026-09-29T10:59:05.716-06:00,165.853,2.9,42.0,0.0,15.8,wind_drone_20260929
2026-09-29T16:59:05.923Z,2026-09-29T16:59:05.800Z,2026-09-29T10:59:05.923-06:00,166.061,2.9,47.0,0.0,15.8,wind_drone_20260929
2026-09-29T16:59:06.116Z,2026-09-29T16:59:06.000Z,2026-09-29T10:59:06.116-06:00,166.253,3.0,48.0,0.0,15.8,wind_drone_20260929
2026-09-29T16:59:06.323Z,2026-09-29T16:59:06.200Z,2026-09-29T10:59:06.323-06:00,166.46,3.0,47.0,0.0,15.8,wind_drone_20260929
2026-09-29T16:59:06.516Z,2026-09-29T16:59:06.400Z,2026-09-29T10:59:06.516-06:00,166.653,3.0,43.0,0.0,15.8,wind_drone_20260929
2026-09-29T16:59:06.723Z,2026-09-29T16:59:06.600Z,2026-09-29T10:59:06.723-06:00,166.86,3.0,41.0,0.0,15.8,wind_drone_20260929
2026-09-29T16:59:06.916Z,2026-09-29T16:59:06.800Z,2026-09-29T10:59:06.916-06:00,167.053,3.1,39.0,0.0,15.8,wind_drone_20260929
2026-09-29T16:59:07.123Z,2026-09-29T16:59:07.000Z,2026-09-29T10:59:07.123-06:00,167.26,3.2,39.0,0.0,15.8,wind_drone_20260929
2026-09-29T16:59:07.316Z,2026-09-29T16:59:07.200Z,2026-09-29T10:59:07.316-06:00,167.453,3.2,38.0,0.0,15.8,wind_drone_20260929
2026-09-29T16:59:07.523Z,2026-09-29T16:59:07.400Z,2026-09-29T10:59:07.523-06:00,167.66,3.3,40.0,0.0,15.8,wind_drone_20260929
2026-09-29T16:59:07.715Z,2026-09-29T16:59:07.600Z,2026-09-29T10:59:07.715-06:00,167.853,3.4,36.0,0.0,15.8,wind_drone_20260929
2026-09-29T16:59:07.922Z,2026-09-29T16:59:07.800Z,2026-09-29T10:59:07.922-06:00,168.06,3.5,34.0,0.0,15.8,wind_drone_20260929
2026-09-29T16:59:08.116Z,2026-09-29T16:59:08.000Z,2026-09-29T10:59:08.116-06:00,168.253,3.7,36.0,0.0,15.8,wind_drone_20260929
2026-09-29T16:59:08.322Z,2026-09-29T16:59:08.200Z,2026-09-29T10:59:08.322-06:00,168.46,3.9,33.0,0.0,15.8,wind_drone_20260929
2026-09-29T16:59:08.515Z,2026-09-29T16:59:08.400Z,2026-09-29T10:59:08.515-06:00,168.652,4.0,34.0,0.0,15.8,wind_drone_20260929
2026-09-29T16:59:08.722Z,2026-09-29T16:59:08.600Z,2026-09-29T10:59:08.722-06:00,168.86,4.1,33.0,0.0,15.8,wind_drone_20260929
2026-09-29T16:59:08.915Z,2026-09-29T16:59:08.800Z,2026-09-29T10:59:08.915-06:00,169.052,4.1,39.0,0.0,15.8,wind_drone_20260929
2026-09-29T16:59:09.122Z,2026-09-29T16:59:09.000Z,2026-09-29T10:59:09.122-06:00,169.26,4.1,35.0,0.0,15.8,wind_drone_20260929
2026-09-29T16:59:09.314Z,2026-09-29T16:59:09.200Z,2026-09-29T10:59:09.314-06:00,169.452,3.9,30.0,0.0,15.8,wind_drone_20260929
2026-09-29T16:59:09.522Z,2026-09-29T16:59:09.400Z,2026-09-29T10:59:09.522-06:00,169.659,3.8,30.0,0.0,15.8,wind_drone_20260929
2026-09-29T16:59:09.714Z,2026-09-29T16:59:09.600Z,2026-09-29T10:59:09.714-06:00,169.852,3.7,37.0,0.0,15.8,wind_drone_20260929
2026-09-29T16:59:09.922Z,2026-09-29T16:59:09.800Z,2026-09-29T10:59:09.922-06:00,170.059,3.7,39.0,0.0,15.8,wind_drone_20260929
2026-09-29T16:59:10.114Z,2026-09-29T16:59:10.000Z,2026-09-29T10:59:10.114-06:00,170.252,3.8,36.0,0.0,15.8,wind_drone_20260929
2026-09-29T16:59:10.321Z,2026-09-29T16:59:10.200Z,2026-09-29T10:59:10.321-06:00,170.459,3.8,41.0,0.0,15.8,wind_drone_20260929
2026-09-29T16:59:10.514Z,2026-09-29T16:59:10.400Z,2026-09-29T10:59:10.514-06:00,170.651,3.9,38.0,0.0,15.8,wind_drone_20260929
2026-09-29T16:59:10.721Z,2026-09-29T16:59:10.600Z,2026-09-29T10:59:10.721-06:00,170.859,3.9,32.0,0.0,15.8,wind_drone_20260929
2026-09-29T16:59:10.914Z,2026-09-29T16:59:10.800Z,2026-09-29T10:59:10.914-06:00,171.051,4.0,33.0,0.0,15.8,wind_drone_20260929
2026-09-29T16:59:11.121Z,2026-09-29T16:59:11.000Z,2026-09-29T10:59:11.121-06:00,171.259,4.1,29.0,0.0,15.8,wind_drone_20260929
2026-09-29T16:59:11.314Z,2026-09-29T16:59:11.200Z,2026-09-29T10:59:11.314-06:00,171.451,4.1,26.0,0.0,15.8,wind_drone_20260929
2026-09-29T16:59:11.521Z,2026-09-29T16:59:11.400Z,2026-09-29T10:59:11.521-06:00,171.659,4.2,24.0,0.0,15.8,wind_drone_20260929
2026-09-29T16:59:11.714Z,2026-09-29T16:59:11.600Z,2026-09-29T10:59:11.714-06:00,171.851,4.2,24.0,0.0,15.8,wind_drone_20260929
2026-09-29T16:59:11.921Z,2026-09-29T16:59:11.800Z,2026-09-29T10:59:11.921-06:00,172.059,4.3,19.0,0.0,15.8,wind_drone_20260929
2026-09-29T16:59:12.114Z,2026-09-29T16:59:12.000Z,2026-09-29T10:59:12.114-06:00,172.251,4.4,16.0,0.0,15.8,wind_drone_20260929
2026-09-29T16:59:12.321Z,2026-09-29T16:59:12.200Z,2026-09-29T10:59:12.321-06:00,172.458,4.6,10.0,0.0,15.8,wind_drone_20260929
2026-09-29T16:59:12.514Z,2026-09-29T16:59:12.400Z,2026-09-29T10:59:12.514-06:00,172.651,4.7,11.0,0.0,15.8,wind_drone_20260929
2026-09-29T16:59:12.721Z,2026-09-29T16:59:12.600Z,2026-09-29T10:59:12.721-06:00,172.858,4.9,11.0,0.0,15.8,wind_drone_20260929
2026-09-29T16:59:12.913Z,2026-09-29T16:59:12.800Z,2026-09-29T10:59:12.913-06:00,173.051,5.1,14.0,0.0,15.8,wind_drone_20260929
2026-09-29T16:59:13.121Z,2026-09-29T16:59:13.000Z,2026-09-29T10:59:13.121-06:00,173.258,5.2,15.0,0.0,15.8,wind_drone_20260929
2026-09-29T16:59:13.313Z,2026-09-29T16:59:13.200Z,2026-09-29T10:59:13.313-06:00,173.45,5.2,21.0,0.0,15.8,wind_drone_20260929
2026-09-29T16:59:13.520Z,2026-09-29T16:59:13.400Z,2026-09-29T10:59:13.520-06:00,173.658,5.2,24.0,0.0,15.8,wind_drone_20260929
2026-09-29T16:59:13.714Z,2026-09-29T16:59:13.600Z,2026-09-29T10:59:13.714-06:00,173.851,5.3,25.0,0.0,15.8,wind_drone_20260929
2026-09-29T16:59:13.920Z,2026-09-29T16:59:13.800Z,2026-09-29T10:59:13.920-06:00,174.058,5.4,22.0,0.0,15.8,wind_drone_20260929
2026-09-29T16:59:14.113Z,2026-09-29T16:59:14.000Z,2026-09-29T10:59:14.113-06:00,174.25,5.5,21.0,0.0,15.8,wind_drone_20260929
2026-09-29T16:59:14.320Z,2026-09-29T16:59:14.200Z,2026-09-29T10:59:14.320-06:00,174.457,5.5,22.0,0.0,15.8,wind_drone_20260929
2026-09-29T16:59:14.513Z,2026-09-29T16:59:14.400Z,2026-09-29T10:59:14.513-06:00,174.65,5.5,19.0,0.0,15.8,wind_drone_20260929
2026-09-29T16:59:14.720Z,2026-09-29T16:59:14.600Z,2026-09-29T10:59:14.720-06:00,174.857,5.5,19.0,0.0,15.8,wind_drone_20260929
2026-09-29T16:59:14.912Z,2026-09-29T16:59:14.800Z,2026-09-29T10:59:14.912-06:00,175.05,5.4,21.0,0.0,15.8,wind_drone_20260929
2026-09-29T16:59:15.120Z,2026-09-29T16:59:15.000Z,2026-09-29T10:59:15.120-06:00,175.257,5.4,18.0,0.0,15.8,wind_drone_20260929
2026-09-29T16:59:15.313Z,2026-09-29T16:59:15.200Z,2026-09-29T10:59:15.313-06:00,175.45,5.5,19.0,0.0,15.8,wind_drone_20260929
2026-09-29T16:59:15.520Z,2026-09-29T16:59:15.400Z,2026-09-29T10:59:15.520-06:00,175.657,5.5,18.0,0.0,15.8,wind_drone_20260929
2026-09-29T16:59:15.713Z,2026-09-29T16:59:15.600Z,2026-09-29T10:59:15.713-06:00,175.85,5.3,15.0,0.0,15.8,wind_drone_20260929
2026-09-29T16:59:15.920Z,2026-09-29T16:59:15.800Z,2026-09-29T10:59:15.920-06:00,176.057,5.2,19.0,0.0,15.8,wind_drone_20260929
2026-09-29T16:59:16.112Z,2026-09-29T16:59:16.000Z,2026-09-29T10:59:16.112-06:00,176.25,5.2,19.0,0.0,15.8,wind_drone_20260929
2026-09-29T16:59:16.319Z,2026-09-29T16:59:16.200Z,2026-09-29T10:59:16.319-06:00,176.457,5.2,19.0,0.0,15.8,wind_drone_20260929
2026-09-29T16:59:16.512Z,2026-09-29T16:59:16.400Z,2026-09-29T10:59:16.512-06:00,176.65,5.2,22.0,0.0,15.8,wind_drone_20260929
2026-09-29T16:59:16.720Z,2026-09-29T16:59:16.600Z,2026-09-29T10:59:16.720-06:00,176.857,5.2,22.0,0.0,15.8,wind_drone_20260929
2026-09-29T16:59:16.912Z,2026-09-29T16:59:16.800Z,2026-09-29T10:59:16.912-06:00,177.049,5.3,20.0,0.0,15.8,wind_drone_20260929
2026-09-29T16:59:17.119Z,2026-09-29T16:59:17.000Z,2026-09-29T10:59:17.119-06:00,177.257,5.3,18.0,0.0,15.8,wind_drone_20260929
2026-09-29T16:59:17.312Z,2026-09-29T16:59:17.200Z,2026-09-29T10:59:17.312-06:00,177.449,5.3,19.0,0.0,15.8,wind_drone_20260929
2026-09-29T16:59:17.519Z,2026-09-29T16:59:17.400Z,2026-09-29T10:59:17.519-06:00,177.657,5.4,19.0,0.0,15.8,wind_drone_20260929
2026-09-29T16:59:17.712Z,2026-09-29T16:59:17.600Z,2026-09-29T10:59:17.712-06:00,177.85,5.4,20.0,0.0,15.8,wind_drone_20260929
2026-09-29T16:59:17.919Z,2026-09-29T16:59:17.800Z,2026-09-29T10:59:17.919-06:00,178.056,5.4,20.0,0.0,15.8,wind_drone_20260929
2026-09-29T16:59:18.112Z,2026-09-29T16:59:18.000Z,2026-09-29T10:59:18.112-06:00,178.249,5.4,17.0,0.0,15.8,wind_drone_20260929
2026-09-29T16:59:18.319Z,2026-09-29T16:59:18.200Z,2026-09-29T10:59:18.319-06:00,178.456,5.3,14.0,0.0,15.8,wind_drone_20260929
2026-09-29T16:59:18.512Z,2026-09-29T16:59:18.400Z,2026-09-29T10:59:18.512-06:00,178.649,5.2,16.0,0.0,15.8,wind_drone_20260929
2026-09-29T16:59:18.719Z,2026-09-29T16:59:18.600Z,2026-09-29T10:59:18.719-06:00,178.856,5.2,17.0,0.0,15.8,wind_drone_20260929
2026-09-29T16:59:18.911Z,2026-09-29T16:59:18.800Z,2026-09-29T10:59:18.911-06:00,179.049,5.1,15.0,0.0,15.8,wind_drone_20260929
2026-09-29T16:59:19.119Z,2026-09-29T16:59:19.000Z,2026-09-29T10:59:19.119-06:00,179.256,5.1,19.0,0.0,15.8,wind_drone_20260929
2026-09-29T16:59:19.311Z,2026-09-29T16:59:19.200Z,2026-09-29T10:59:19.311-06:00,179.449,5.1,21.0,0.0,15.8,wind_drone_20260929
2026-09-29T16:59:19.518Z,2026-09-29T16:59:19.400Z,2026-09-29T10:59:19.518-06:00,179.656,5.0,19.0,0.0,15.8,wind_drone_20260929
2026-09-29T16:59:19.711Z,2026-09-29T16:59:19.600Z,2026-09-29T10:59:19.711-06:00,179.849,4.9,19.0,0.0,15.8,wind_drone_20260929
2026-09-29T16:59:19.919Z,2026-09-29T16:59:19.800Z,2026-09-29T10:59:19.919-06:00,180.056,4.8,19.0,0.0,15.8,wind_drone_20260929
2026-09-29T16:59:20.111Z,2026-09-29T16:59:20.000Z,2026-09-29T10:59:20.111-06:00,180.249,4.7,20.0,0.0,15.8,wind_drone_20260929
2026-09-29T16:59:20.318Z,2026-09-29T16:59:20.200Z,2026-09-29T10:59:20.318-06:00,180.455,4.6,20.0,0.0,15.8,wind_drone_20260929
2026-09-29T16:59:20.511Z,2026-09-29T16:59:20.400Z,2026-09-29T10:59:20.511-06:00,180.649,4.6,25.0,0.0,15.8,wind_drone_20260929
2026-09-29T16:59:20.718Z,2026-09-29T16:59:20.600Z,2026-09-29T10:59:20.718-06:00,180.855,4.5,23.0,0.0,15.8,wind_drone_20260929
2026-09-29T16:59:20.910Z,2026-09-29T16:59:20.800Z,2026-09-29T10:59:20.910-06:00,181.048,4.5,19.0,0.0,15.8,wind_drone_20260929
2026-09-29T16:59:21.118Z,2026-09-29T16:59:21.000Z,2026-09-29T10:59:21.118-06:00,181.255,4.6,20.0,0.0,15.8,wind_drone_20260929
2026-09-29T16:59:21.311Z,2026-09-29T16:59:21.200Z,2026-09-29T10:59:21.311-06:00,181.448,4.8,20.0,0.0,15.8,wind_drone_20260929
2026-09-29T16:59:21.518Z,2026-09-29T16:59:21.400Z,2026-09-29T10:59:21.518-06:00,181.655,5.0,20.0,0.0,15.8,wind_drone_20260929
2026-09-29T16:59:21.725Z,2026-09-29T16:59:21.600Z,2026-09-29T10:59:21.725-06:00,181.862,5.2,18.0,0.0,15.8,wind_drone_20260929
2026-09-29T16:59:21.918Z,2026-09-29T16:59:21.800Z,2026-09-29T10:59:21.918-06:00,182.055,5.4,22.0,0.0,15.8,wind_drone_20260929
2026-09-29T16:59:22.125Z,2026-09-29T16:59:22.000Z,2026-09-29T10:59:22.125-06:00,182.262,5.5,24.0,0.0,15.8,wind_drone_20260929
2026-09-29T16:59:22.317Z,2026-09-29T16:59:22.200Z,2026-09-29T10:59:22.317-06:00,182.455,5.6,23.0,0.0,15.8,wind_drone_20260929
2026-09-29T16:59:22.525Z,2026-09-29T16:59:22.400Z,2026-09-29T10:59:22.525-06:00,182.662,5.7,19.0,0.0,15.8,wind_drone_20260929
2026-09-29T16:59:22.717Z,2026-09-29T16:59:22.600Z,2026-09-29T10:59:22.717-06:00,182.855,5.7,20.0,0.0,15.8,wind_drone_20260929
2026-09-29T16:59:22.924Z,2026-09-29T16:59:22.800Z,2026-09-29T10:59:22.924-06:00,183.062,5.6,22.0,0.0,15.8,wind_drone_20260929
2026-09-29T16:59:23.117Z,2026-09-29T16:59:23.000Z,2026-09-29T10:59:23.117-06:00,183.255,5.6,22.0,0.0,15.8,wind_drone_20260929
2026-09-29T16:59:23.324Z,2026-09-29T16:59:23.200Z,2026-09-29T10:59:23.324-06:00,183.462,5.6,24.0,0.0,15.8,wind_drone_20260929
2026-09-29T16:59:23.517Z,2026-09-29T16:59:23.400Z,2026-09-29T10:59:23.517-06:00,183.654,5.6,22.0,0.0,15.8,wind_drone_20260929
2026-09-29T16:59:23.724Z,2026-09-29T16:59:23.600Z,2026-09-29T10:59:23.724-06:00,183.861,5.6,26.0,0.0,15.8,wind_drone_20260929
2026-09-29T16:59:23.917Z,2026-09-29T16:59:23.800Z,2026-09-29T10:59:23.917-06:00,184.054,5.6,22.0,0.0,15.8,wind_drone_20260929
2026-09-29T16:59:24.124Z,2026-09-29T16:59:24.000Z,2026-09-29T10:59:24.124-06:00,184.261,5.5,21.0,0.0,15.8,wind_drone_20260929
2026-09-29T16:59:24.316Z,2026-09-29T16:59:24.200Z,2026-09-29T10:59:24.316-06:00,184.454,5.4,28.0,0.0,15.8,wind_drone_20260929
2026-09-29T16:59:24.524Z,2026-09-29T16:59:24.400Z,2026-09-29T10:59:24.524-06:00,184.661,5.3,32.0,0.0,15.8,wind_drone_20260929
2026-09-29T16:59:24.716Z,2026-09-29T16:59:24.600Z,2026-09-29T10:59:24.716-06:00,184.854,5.3,40.0,0.0,15.8,wind_drone_20260929
2026-09-29T16:59:24.924Z,2026-09-29T16:59:24.800Z,2026-09-29T10:59:24.924-06:00,185.061,5.3,40.0,0.0,15.8,wind_drone_20260929
2026-09-29T16:59:25.116Z,2026-09-29T16:59:25.000Z,2026-09-29T10:59:25.116-06:00,185.254,5.3,39.0,0.0,15.8,wind_drone_20260929
2026-09-29T16:59:25.323Z,2026-09-29T16:59:25.200Z,2026-09-29T10:59:25.323-06:00,185.461,5.1,28.0,0.0,15.8,wind_drone_20260929
2026-09-29T16:59:25.516Z,2026-09-29T16:59:25.400Z,2026-09-29T10:59:25.516-06:00,185.654,5.1,25.0,0.0,15.8,wind_drone_20260929
2026-09-29T16:59:25.723Z,2026-09-29T16:59:25.600Z,2026-09-29T10:59:25.723-06:00,185.861,5.1,26.0,0.0,15.8,wind_drone_20260929
2026-09-29T16:59:25.916Z,2026-09-29T16:59:25.800Z,2026-09-29T10:59:25.916-06:00,186.054,5.1,30.0,0.0,15.8,wind_drone_20260929
2026-09-29T16:59:26.123Z,2026-09-29T16:59:26.000Z,2026-09-29T10:59:26.123-06:00,186.261,5.2,36.0,0.0,15.8,wind_drone_20260929
2026-09-29T16:59:26.316Z,2026-09-29T16:59:26.200Z,2026-09-29T10:59:26.316-06:00,186.453,5.1,36.0,0.0,15.8,wind_drone_20260929
2026-09-29T16:59:26.523Z,2026-09-29T16:59:26.400Z,2026-09-29T10:59:26.523-06:00,186.661,5.1,38.0,0.0,15.8,wind_drone_20260929
2026-09-29T16:59:26.716Z,2026-09-29T16:59:26.600Z,2026-09-29T10:59:26.716-06:00,186.853,5.1,37.0,0.0,15.8,wind_drone_20260929
2026-09-29T16:59:26.923Z,2026-09-29T16:59:26.800Z,2026-09-29T10:59:26.923-06:00,187.06,5.3,37.0,0.0,15.8,wind_drone_20260929
2026-09-29T16:59:27.116Z,2026-09-29T16:59:27.000Z,2026-09-29T10:59:27.116-06:00,187.253,5.4,35.0,0.0,15.8,wind_drone_20260929
2026-09-29T16:59:27.323Z,2026-09-29T16:59:27.200Z,2026-09-29T10:59:27.323-06:00,187.46,5.2,35.0,0.0,15.8,wind_drone_20260929
2026-09-29T16:59:27.516Z,2026-09-29T16:59:27.400Z,2026-09-29T10:59:27.516-06:00,187.653,5.3,40.0,0.0,15.8,wind_drone_20260929
2026-09-29T16:59:27.723Z,2026-09-29T16:59:27.600Z,2026-09-29T10:59:27.723-06:00,187.86,5.4,40.0,0.0,15.8,wind_drone_20260929
2026-09-29T16:59:27.915Z,2026-09-29T16:59:27.800Z,2026-09-29T10:59:27.915-06:00,188.053,5.5,39.0,0.0,15.8,wind_drone_20260929
2026-09-29T16:59:28.123Z,2026-09-29T16:59:28.000Z,2026-09-29T10:59:28.123-06:00,188.26,5.6,35.0,0.0,15.8,wind_drone_20260929
2026-09-29T16:59:28.315Z,2026-09-29T16:59:28.200Z,2026-09-29T10:59:28.315-06:00,188.453,5.7,34.0,0.0,15.8,wind_drone_20260929
2026-09-29T16:59:28.522Z,2026-09-29T16:59:28.400Z,2026-09-29T10:59:28.522-06:00,188.66,5.8,32.0,0.0,15.8,wind_drone_20260929
2026-09-29T16:59:28.715Z,2026-09-29T16:59:28.600Z,2026-09-29T10:59:28.715-06:00,188.852,6.0,32.0,0.0,15.8,wind_drone_20260929
2026-09-29T16:59:28.922Z,2026-09-29T16:59:28.800Z,2026-09-29T10:59:28.922-06:00,189.06,6.0,32.0,0.0,15.8,wind_drone_20260929
2026-09-29T16:59:29.115Z,2026-09-29T16:59:29.000Z,2026-09-29T10:59:29.115-06:00,189.253,6.0,33.0,0.0,15.8,wind_drone_20260929
2026-09-29T16:59:29.322Z,2026-09-29T16:59:29.200Z,2026-09-29T10:59:29.322-06:00,189.459,6.1,32.0,0.0,15.8,wind_drone_20260929
2026-09-29T16:59:29.515Z,2026-09-29T16:59:29.400Z,2026-09-29T10:59:29.515-06:00,189.652,6.2,23.0,0.0,15.8,wind_drone_20260929
2026-09-29T16:59:29.722Z,2026-09-29T16:59:29.600Z,2026-09-29T10:59:29.722-06:00,189.859,6.3,19.0,0.0,15.7,wind_drone_20260929
2026-09-29T16:59:29.914Z,2026-09-29T16:59:29.800Z,2026-09-29T10:59:29.914-06:00,190.052,6.3,28.0,0.0,15.7,wind_drone_20260929
2026-09-29T16:59:30.122Z,2026-09-29T16:59:30.000Z,2026-09-29T10:59:30.122-06:00,190.259,6.4,28.0,0.0,15.7,wind_drone_20260929
2026-09-29T16:59:30.315Z,2026-09-29T16:59:30.200Z,2026-09-29T10:59:30.315-06:00,190.452,6.4,24.0,0.0,15.7,wind_drone_20260929
2026-09-29T16:59:30.522Z,2026-09-29T16:59:30.400Z,2026-09-29T10:59:30.522-06:00,190.659,6.7,23.0,0.0,15.7,wind_drone_20260929
2026-09-29T16:59:30.715Z,2026-09-29T16:59:30.600Z,2026-09-29T10:59:30.715-06:00,190.852,6.7,21.0,0.0,15.7,wind_drone_20260929
2026-09-29T16:59:30.922Z,2026-09-29T16:59:30.800Z,2026-09-29T10:59:30.922-06:00,191.059,6.8,19.0,0.0,15.7,wind_drone_20260929
2026-09-29T16:59:31.114Z,2026-09-29T16:59:31.000Z,2026-09-29T10:59:31.114-06:00,191.252,6.8,18.0,0.0,15.7,wind_drone_20260929
2026-09-29T16:59:31.321Z,2026-09-29T16:59:31.200Z,2026-09-29T10:59:31.321-06:00,191.459,6.8,17.0,0.0,15.7,wind_drone_20260929
2026-09-29T16:59:31.514Z,2026-09-29T16:59:31.400Z,2026-09-29T10:59:31.514-06:00,191.652,6.7,19.0,0.0,15.7,wind_drone_20260929
2026-09-29T16:59:31.721Z,2026-09-29T16:59:31.600Z,2026-09-29T10:59:31.721-06:00,191.859,6.5,18.0,0.0,15.7,wind_drone_20260929
2026-09-29T16:59:31.914Z,2026-09-29T16:59:31.800Z,2026-09-29T10:59:31.914-06:00,192.051,6.4,18.0,0.0,15.7,wind_drone_20260929
2026-09-29T16:59:32.121Z,2026-09-29T16:59:32.000Z,2026-09-29T10:59:32.121-06:00,192.259,6.3,20.0,0.0,15.7,wind_drone_20260929
2026-09-29T16:59:32.314Z,2026-09-29T16:59:32.200Z,2026-09-29T10:59:32.314-06:00,192.451,6.3,21.0,0.0,15.7,wind_drone_20260929
2026-09-29T16:59:32.521Z,2026-09-29T16:59:32.400Z,2026-09-29T10:59:32.521-06:00,192.659,6.3,22.0,0.0,15.7,wind_drone_20260929
2026-09-29T16:59:32.714Z,2026-09-29T16:59:32.600Z,2026-09-29T10:59:32.714-06:00,192.851,6.2,23.0,0.0,15.7,wind_drone_20260929
2026-09-29T16:59:32.921Z,2026-09-29T16:59:32.800Z,2026-09-29T10:59:32.921-06:00,193.058,6.2,23.0,0.0,15.7,wind_drone_20260929
2026-09-29T16:59:33.114Z,2026-09-29T16:59:33.000Z,2026-09-29T10:59:33.114-06:00,193.251,6.2,20.0,0.0,15.7,wind_drone_20260929
2026-09-29T16:59:33.321Z,2026-09-29T16:59:33.200Z,2026-09-29T10:59:33.321-06:00,193.458,6.3,22.0,0.0,15.7,wind_drone_20260929
2026-09-29T16:59:33.514Z,2026-09-29T16:59:33.400Z,2026-09-29T10:59:33.514-06:00,193.651,6.4,22.0,0.0,15.7,wind_drone_20260929
2026-09-29T16:59:33.721Z,2026-09-29T16:59:33.600Z,2026-09-29T10:59:33.721-06:00,193.858,6.5,20.0,0.0,15.7,wind_drone_20260929
2026-09-29T16:59:33.913Z,2026-09-29T16:59:33.800Z,2026-09-29T10:59:33.913-06:00,194.051,6.6,21.0,0.0,15.7,wind_drone_20260929
2026-09-29T16:59:34.120Z,2026-09-29T16:59:34.000Z,2026-09-29T10:59:34.120-06:00,194.258,6.7,19.0,0.0,15.7,wind_drone_20260929
2026-09-29T16:59:34.313Z,2026-09-29T16:59:34.200Z,2026-09-29T10:59:34.313-06:00,194.451,6.7,19.0,0.0,15.7,wind_drone_20260929
2026-09-29T16:59:34.520Z,2026-09-29T16:59:34.400Z,2026-09-29T10:59:34.520-06:00,194.658,6.6,19.0,0.0,15.7,wind_drone_20260929
2026-09-29T16:59:34.713Z,2026-09-29T16:59:34.600Z,2026-09-29T10:59:34.713-06:00,194.851,6.7,19.0,0.0,15.7,wind_drone_20260929
2026-09-29T16:59:34.920Z,2026-09-29T16:59:34.800Z,2026-09-29T10:59:34.920-06:00,195.058,6.6,19.0,0.0,15.7,wind_drone_20260929
2026-09-29T16:59:35.113Z,2026-09-29T16:59:35.000Z,2026-09-29T10:59:35.113-06:00,195.251,6.6,21.0,0.0,15.7,wind_drone_20260929
2026-09-29T16:59:35.320Z,2026-09-29T16:59:35.200Z,2026-09-29T10:59:35.320-06:00,195.457,6.5,23.0,0.0,15.7,wind_drone_20260929
2026-09-29T16:59:35.513Z,2026-09-29T16:59:35.400Z,2026-09-29T10:59:35.513-06:00,195.65,6.3,21.0,0.0,15.7,wind_drone_20260929
2026-09-29T16:59:35.720Z,2026-09-29T16:59:35.600Z,2026-09-29T10:59:35.720-06:00,195.857,6.3,20.0,0.0,15.7,wind_drone_20260929
2026-09-29T16:59:35.912Z,2026-09-29T16:59:35.800Z,2026-09-29T10:59:35.912-06:00,196.05,6.3,24.0,0.0,15.7,wind_drone_20260929
2026-09-29T16:59:36.120Z,2026-09-29T16:59:36.000Z,2026-09-29T10:59:36.120-06:00,196.257,6.2,21.0,0.0,15.7,wind_drone_20260929
2026-09-29T16:59:36.312Z,2026-09-29T16:59:36.200Z,2026-09-29T10:59:36.312-06:00,196.45,6.1,19.0,0.0,15.7,wind_drone_20260929
2026-09-29T16:59:36.520Z,2026-09-29T16:59:36.400Z,2026-09-29T10:59:36.520-06:00,196.657,6.0,20.0,0.0,15.7,wind_drone_20260929
2026-09-29T16:59:36.713Z,2026-09-29T16:59:36.600Z,2026-09-29T10:59:36.713-06:00,196.85,6.0,21.0,0.0,15.7,wind_drone_20260929
2026-09-29T16:59:36.920Z,2026-09-29T16:59:36.800Z,2026-09-29T10:59:36.920-06:00,197.057,6.0,18.0,0.0,15.7,wind_drone_20260929
2026-09-29T16:59:37.112Z,2026-09-29T16:59:37.000Z,2026-09-29T10:59:37.112-06:00,197.25,6.0,24.0,0.0,15.7,wind_drone_20260929
2026-09-29T16:59:37.319Z,2026-09-29T16:59:37.200Z,2026-09-29T10:59:37.319-06:00,197.457,6.0,23.0,0.0,15.7,wind_drone_20260929
2026-09-29T16:59:37.512Z,2026-09-29T16:59:37.400Z,2026-09-29T10:59:37.512-06:00,197.649,6.0,21.0,0.0,15.7,wind_drone_20260929
2026-09-29T16:59:37.719Z,2026-09-29T16:59:37.600Z,2026-09-29T10:59:37.719-06:00,197.857,5.9,24.0,0.0,15.7,wind_drone_20260929
2026-09-29T16:59:37.912Z,2026-09-29T16:59:37.800Z,2026-09-29T10:59:37.912-06:00,198.049,5.9,20.0,0.0,15.7,wind_drone_20260929
2026-09-29T16:59:38.119Z,2026-09-29T16:59:38.000Z,2026-09-29T10:59:38.119-06:00,198.256,5.9,21.0,0.0,15.7,wind_drone_20260929
2026-09-29T16:59:38.312Z,2026-09-29T16:59:38.200Z,2026-09-29T10:59:38.312-06:00,198.449,5.8,16.0,0.0,15.7,wind_drone_20260929
2026-09-29T16:59:38.519Z,2026-09-29T16:59:38.400Z,2026-09-29T10:59:38.519-06:00,198.656,5.6,19.0,0.0,15.7,wind_drone_20260929
