time_utc,sensor_stamp_utc,time_local,elapsed_s,wind_speed_m_s,wind_dir_deg,wind_z,temperature_c,source
2026-09-29T17:13:27.161Z,2026-09-29T17:13:27.000Z,2026-09-29T11:13:27.161-06:00,-4.999,7.6,55.0,0.0,15.5,wind_drone_20260929
2026-09-29T17:13:27.354Z,2026-09-29T17:13:27.200Z,2026-09-29T11:13:27.354-06:00,-4.807,7.4,52.0,0.0,15.5,wind_drone_20260929
2026-09-29T17:13:27.561Z,2026-09-29T17:13:27.400Z,2026-09-29T11:13:27.561-06:00,-4.599,7.4,52.0,0.0,15.5,wind_drone_20260929
2026-09-29T17:13:27.754Z,2026-09-29T17:13:27.600Z,2026-09-29T11:13:27.754-06:00,-4.406,7.4,50.0,0.0,15.5,wind_drone_20260929
2026-09-29T17:13:27.961Z,2026-09-29T17:13:27.800Z,2026-09-29T11:13:27.961-06:00,-4.2,7.5,51.0,0.0,15.5,wind_drone_20260929
2026-09-29T17:13:28.153Z,2026-09-29T17:13:28.000Z,2026-09-29T11:13:28.153-06:00,-4.007,7.6,53.0,0.0,15.5,wind_drone_20260929
2026-09-29T17:13:28.361Z,2026-09-29T17:13:28.200Z,2026-09-29T11:13:28.361-06:00,-3.8,7.7,48.0,0.0,15.5,wind_drone_20260929
2026-09-29T17:13:28.554Z,2026-09-29T17:13:28.400Z,2026-09-29T11:13:28.554-06:00,-3.607,7.8,45.0,0.0,15.5,wind_drone_20260929
2026-09-29T17:13:28.761Z,2026-09-29T17:13:28.600Z,2026-09-29T11:13:28.761-06:00,-3.4,7.9,48.0,0.0,15.5,wind_drone_20260929
2026-09-29T17:13:28.954Z,2026-09-29T17:13:28.800Z,2026-09-29T11:13:28.954-06:00,-3.207,8.1,48.0,0.0,15.5,wind_drone_20260929
2026-09-29T17:13:29.161Z,2026-09-29T17:13:29.000Z,2026-09-29T11:13:29.161-06:00,-3.0,8.2,49.0,0.0,15.5,wind_drone_20260929
2026-09-29T17:13:29.353Z,2026-09-29T17:13:29.200Z,2026-09-29T11:13:29.353-06:00,-2.807,8.3,49.0,0.0,15.5,wind_drone_20260929
2026-09-29T17:13:29.560Z,2026-09-29T17:13:29.400Z,2026-09-29T11:13:29.560-06:00,-2.6,8.3,46.0,0.0,15.4,wind_drone_20260929
2026-09-29T17:13:29.753Z,2026-09-29T17:13:29.600Z,2026-09-29T11:13:29.753-06:00,-2.407,8.3,52.0,0.0,15.4,wind_drone_20260929
2026-09-29T17:13:29.960Z,2026-09-29T17:13:29.800Z,2026-09-29T11:13:29.960-06:00,-2.2,8.3,48.0,0.0,15.4,wind_drone_20260929
2026-09-29T17:13:30.153Z,2026-09-29T17:13:30.000Z,2026-09-29T11:13:30.153-06:00,-2.007,8.4,47.0,0.0,15.4,wind_drone_20260929
2026-09-29T17:13:30.360Z,2026-09-29T17:13:30.200Z,2026-09-29T11:13:30.360-06:00,-1.8,8.3,45.0,0.0,15.4,wind_drone_20260929
2026-09-29T17:13:30.553Z,2026-09-29T17:13:30.400Z,2026-09-29T11:13:30.553-06:00,-1.607,8.3,45.0,0.0,15.4,wind_drone_20260929
2026-09-29T17:13:30.760Z,2026-09-29T17:13:30.600Z,2026-09-29T11:13:30.760-06:00,-1.401,8.3,53.0,0.0,15.4,wind_drone_20260929
2026-09-29T17:13:30.967Z,2026-09-29T17:13:30.800Z,2026-09-29T11:13:30.967-06:00,-1.193,8.3,51.0,0.0,15.4,wind_drone_20260929
2026-09-29T17:13:31.160Z,2026-09-29T17:13:31.000Z,2026-09-29T11:13:31.160-06:00,-1.001,8.2,45.0,0.0,15.4,wind_drone_20260929
2026-09-29T17:13:31.367Z,2026-09-29T17:13:31.200Z,2026-09-29T11:13:31.367-06:00,-0.793,8.2,46.0,0.0,15.4,wind_drone_20260929
2026-09-29T17:13:31.559Z,2026-09-29T17:13:31.400Z,2026-09-29T11:13:31.559-06:00,-0.601,8.2,54.0,0.0,15.4,wind_drone_20260929
2026-09-29T17:13:31.767Z,2026-09-29T17:13:31.600Z,2026-09-29T11:13:31.767-06:00,-0.394,8.2,54.0,0.0,15.4,wind_drone_20260929
2026-09-29T17:13:31.959Z,2026-09-29T17:13:31.800Z,2026-09-29T11:13:31.959-06:00,-0.201,8.3,48.0,0.0,15.4,wind_drone_20260929
2026-09-29T17:13:32.167Z,2026-09-29T17:13:32.000Z,2026-09-29T11:13:32.167-06:00,0.006,8.4,48.0,0.0,15.4,wind_drone_20260929
2026-09-29T17:13:32.359Z,2026-09-29T17:13:32.200Z,2026-09-29T11:13:32.359-06:00,0.199,8.4,50.0,0.0,15.4,wind_drone_20260929
2026-09-29T17:13:32.567Z,2026-09-29T17:13:32.400Z,2026-09-29T11:13:32.567-06:00,0.406,8.4,50.0,0.0,15.4,wind_drone_20260929
2026-09-29T17:13:32.759Z,2026-09-29T17:13:32.600Z,2026-09-29T11:13:32.759-06:00,0.599,8.5,47.0,0.0,15.4,wind_drone_20260929
2026-09-29T17:13:32.967Z,2026-09-29T17:13:32.800Z,2026-09-29T11:13:32.967-06:00,0.806,8.6,50.0,0.0,15.4,wind_drone_20260929
2026-09-29T17:13:33.159Z,2026-09-29T17:13:33.000Z,2026-09-29T11:13:33.159-06:00,0.999,8.5,47.0,0.0,15.4,wind_drone_20260929
2026-09-29T17:13:33.366Z,2026-09-29T17:13:33.200Z,2026-09-29T11:13:33.366-06:00,1.206,8.6,45.0,0.0,15.4,wind_drone_20260929
2026-09-29T17:13:33.559Z,2026-09-29T17:13:33.400Z,2026-09-29T11:13:33.559-06:00,1.399,8.6,50.0,0.0,15.4,wind_drone_20260929
2026-09-29T17:13:33.766Z,2026-09-29T17:13:33.600Z,2026-09-29T11:13:33.766-06:00,1.606,8.5,52.0,0.0,15.4,wind_drone_20260929
2026-09-29T17:13:33.959Z,2026-09-29T17:13:33.800Z,2026-09-29T11:13:33.959-06:00,1.798,8.4,50.0,0.0,15.4,wind_drone_20260929
2026-09-29T17:13:34.166Z,2026-09-29T17:13:34.000Z,2026-09-29T11:13:34.166-06:00,2.006,8.5,49.0,0.0,15.4,wind_drone_20260929
2026-09-29T17:13:34.359Z,2026-09-29T17:13:34.200Z,2026-09-29T11:13:34.359-06:00,2.198,8.5,50.0,0.0,15.4,wind_drone_20260929
2026-09-29T17:13:34.566Z,2026-09-29T17:13:34.400Z,2026-09-29T11:13:34.566-06:00,2.405,8.5,45.0,0.0,15.4,wind_drone_20260929
2026-09-29T17:13:34.759Z,2026-09-29T17:13:34.600Z,2026-09-29T11:13:34.759-06:00,2.598,8.5,44.0,0.0,15.4,wind_drone_20260929
2026-09-29T17:13:34.966Z,2026-09-29T17:13:34.800Z,2026-09-29T11:13:34.966-06:00,2.805,8.5,45.0,0.0,15.4,wind_drone_20260929
2026-09-29T17:13:35.158Z,2026-09-29T17:13:35.000Z,2026-09-29T11:13:35.158-06:00,2.998,8.6,48.0,0.0,15.4,wind_drone_20260929
2026-09-29T17:13:35.366Z,2026-09-29T17:13:35.200Z,2026-09-29T11:13:35.366-06:00,3.205,8.6,48.0,0.0,15.4,wind_drone_20260929
2026-09-29T17:13:35.558Z,2026-09-29T17:13:35.400Z,2026-09-29T11:13:35.558-06:00,3.398,8.7,48.0,0.0,15.4,wind_drone_20260929
2026-09-29T17:13:35.765Z,2026-09-29T17:13:35.600Z,2026-09-29T11:13:35.765-06:00,3.605,8.7,47.0,0.0,15.4,wind_drone_20260929
2026-09-29T17:13:35.958Z,2026-09-29T17:13:35.800Z,2026-09-29T11:13:35.958-06:00,3.798,8.7,49.0,0.0,15.3,wind_drone_20260929
2026-09-29T17:13:36.165Z,2026-09-29T17:13:36.000Z,2026-09-29T11:13:36.165-06:00,4.005,8.7,47.0,0.0,15.3,wind_drone_20260929
2026-09-29T17:13:36.358Z,2026-09-29T17:13:36.200Z,2026-09-29T11:13:36.358-06:00,4.197,8.7,43.0,0.0,15.3,wind_drone_20260929
2026-09-29T17:13:36.565Z,2026-09-29T17:13:36.400Z,2026-09-29T11:13:36.565-06:00,4.405,8.7,46.0,0.0,15.3,wind_drone_20260929
2026-09-29T17:13:36.758Z,2026-09-29T17:13:36.600Z,2026-09-29T11:13:36.758-06:00,4.597,8.7,44.0,0.0,15.3,wind_drone_20260929
2026-09-29T17:13:36.965Z,2026-09-29T17:13:36.800Z,2026-09-29T11:13:36.965-06:00,4.804,8.7,44.0,0.0,15.3,wind_drone_20260929
2026-09-29T17:13:37.158Z,2026-09-29T17:13:37.000Z,2026-09-29T11:13:37.158-06:00,4.997,8.6,46.0,0.0,15.3,wind_drone_20260929
2026-09-29T17:13:37.365Z,2026-09-29T17:13:37.200Z,2026-09-29T11:13:37.365-06:00,5.205,8.6,46.0,0.0,15.3,wind_drone_20260929
2026-09-29T17:13:37.557Z,2026-09-29T17:13:37.400Z,2026-09-29T11:13:37.557-06:00,5.397,8.6,46.0,0.0,15.3,wind_drone_20260929
2026-09-29T17:13:37.765Z,2026-09-29T17:13:37.600Z,2026-09-29T11:13:37.765-06:00,5.604,8.6,45.0,0.0,15.3,wind_drone_20260929
2026-09-29T17:13:37.958Z,2026-09-29T17:13:37.800Z,2026-09-29T11:13:37.958-06:00,5.797,8.6,48.0,0.0,15.3,wind_drone_20260929
2026-09-29T17:13:38.165Z,2026-09-29T17:13:38.000Z,2026-09-29T11:13:38.165-06:00,6.004,8.5,48.0,0.0,15.3,wind_drone_20260929
2026-09-29T17:13:38.357Z,2026-09-29T17:13:38.200Z,2026-09-29T11:13:38.357-06:00,6.197,8.5,45.0,0.0,15.3,wind_drone_20260929
2026-09-29T17:13:38.564Z,2026-09-29T17:13:38.400Z,2026-09-29T11:13:38.564-06:00,6.404,8.4,46.0,0.0,15.3,wind_drone_20260929
2026-09-29T17:13:38.757Z,2026-09-29T17:13:38.600Z,2026-09-29T11:13:38.757-06:00,6.597,8.4,44.0,0.0,15.3,wind_drone_20260929
2026-09-29T17:13:38.964Z,2026-09-29T17:13:38.800Z,2026-09-29T11:13:38.964-06:00,6.804,8.3,45.0,0.0,15.3,wind_drone_20260929
2026-09-29T17:13:39.157Z,2026-09-29T17:13:39.000Z,2026-09-29T11:13:39.157-06:00,6.997,8.2,42.0,0.0,15.3,wind_drone_20260929
2026-09-29T17:13:39.364Z,2026-09-29T17:13:39.200Z,2026-09-29T11:13:39.364-06:00,7.204,8.1,45.0,0.0,15.3,wind_drone_20260929
2026-09-29T17:13:39.557Z,2026-09-29T17:13:39.400Z,2026-09-29T11:13:39.557-06:00,7.396,8.0,49.0,0.0,15.3,wind_drone_20260929
2026-09-29T17:13:39.764Z,2026-09-29T17:13:39.600Z,2026-09-29T11:13:39.764-06:00,7.604,8.1,50.0,0.0,15.3,wind_drone_20260929
2026-09-29T17:13:39.957Z,2026-09-29T17:13:39.800Z,2026-09-29T11:13:39.957-06:00,7.796,8.2,48.0,0.0,15.3,wind_drone_20260929
2026-09-29T17:13:40.164Z,2026-09-29T17:13:40.000Z,2026-09-29T11:13:40.164-06:00,8.004,8.1,47.0,0.0,15.3,wind_drone_20260929
2026-09-29T17:13:40.357Z,2026-09-29T17:13:40.200Z,2026-09-29T11:13:40.357-06:00,8.196,8.1,44.0,0.0,15.3,wind_drone_20260929
2026-09-29T17:13:40.564Z,2026-09-29T17:13:40.400Z,2026-09-29T11:13:40.564-06:00,8.403,8.2,44.0,0.0,15.3,wind_drone_20260929
2026-09-29T17:13:40.756Z,2026-09-29T17:13:40.600Z,2026-09-29T11:13:40.756-06:00,8.596,8.2,44.0,0.0,15.3,wind_drone_20260929
2026-09-29T17:13:40.964Z,2026-09-29T17:13:40.800Z,2026-09-29T11:13:40.964-06:00,8.803,8.3,46.0,0.0,15.3,wind_drone_20260929
2026-09-29T17:13:41.156Z,2026-09-29T17:13:41.000Z,2026-09-29T11:13:41.156-06:00,8.996,8.3,42.0,0.0,15.3,wind_drone_20260929
2026-09-29T17:13:41.363Z,2026-09-29T17:13:41.200Z,2026-09-29T11:13:41.363-06:00,9.203,8.1,40.0,0.0,15.3,wind_drone_20260929
2026-09-29T17:13:41.556Z,2026-09-29T17:13:41.400Z,2026-09-29T11:13:41.556-06:00,9.396,8.1,40.0,0.0,15.3,wind_drone_20260929
2026-09-29T17:13:41.763Z,2026-09-29T17:13:41.600Z,2026-09-29T11:13:41.763-06:00,9.603,8.1,41.0,0.0,15.3,wind_drone_20260929
2026-09-29T17:13:41.956Z,2026-09-29T17:13:41.800Z,2026-09-29T11:13:41.956-06:00,9.795,8.1,43.0,0.0,15.3,wind_drone_20260929
2026-09-29T17:13:42.163Z,2026-09-29T17:13:42.000Z,2026-09-29T11:13:42.163-06:00,10.003,8.2,45.0,0.0,15.3,wind_drone_20260929
2026-09-29T17:13:42.356Z,2026-09-29T17:13:42.200Z,2026-09-29T11:13:42.356-06:00,10.195,8.2,44.0,0.0,15.3,wind_drone_20260929
2026-09-29T17:13:42.563Z,2026-09-29T17:13:42.400Z,2026-09-29T11:13:42.563-06:00,10.403,8.2,42.0,0.0,15.3,wind_drone_20260929
2026-09-29T17:13:42.756Z,2026-09-29T17:13:42.600Z,2026-09-29T11:13:42.756-06:00,10.595,8.2,38.0,0.0,15.3,wind_drone_20260929
2026-09-29T17:13:42.963Z,2026-09-29T17:13:42.800Z,2026-09-29T11:13:42.963-06:00,10.802,8.2,38.0,0.0,15.3,wind_drone_20260929
2026-09-29T17:13:43.155Z,2026-09-29T17:13:43.000Z,2026-09-29T11:13:43.155-06:00,10.995,8.1,37.0,0.0,15.3,wind_drone_20260929
2026-09-29T17:13:43.363Z,2026-09-29T17:13:43.200Z,2026-09-29T11:13:43.363-06:00,11.202,8.1,35.0,0.0,15.3,wind_drone_20260929
2026-09-29T17:13:43.556Z,2026-09-29T17:13:43.400Z,2026-09-29T11:13:43.556-06:00,11.396,8.1,43.0,0.0,15.2,wind_drone_20260929
2026-09-29T17:13:43.763Z,2026-09-29T17:13:43.600Z,2026-09-29T11:13:43.763-06:00,11.602,8.1,42.0,0.0,15.2,wind_drone_20260929
2026-09-29T17:13:43.956Z,2026-09-29T17:13:43.800Z,2026-09-29T11:13:43.956-06:00,11.795,8.0,39.0,0.0,15.2,wind_drone_20260929
2026-09-29T17:13:44.162Z,2026-09-29T17:13:44.000Z,2026-09-29T11:13:44.162-06:00,12.002,8.0,39.0,0.0,15.2,wind_drone_20260929
2026-09-29T17:13:44.355Z,2026-09-29T17:13:44.200Z,2026-09-29T11:13:44.355-06:00,12.195,8.0,41.0,0.0,15.2,wind_drone_20260929
2026-09-29T17:13:44.562Z,2026-09-29T17:13:44.400Z,2026-09-29T11:13:44.562-06:00,12.402,8.1,42.0,0.0,15.2,wind_drone_20260929
2026-09-29T17:13:44.755Z,2026-09-29T17:13:44.600Z,2026-09-29T11:13:44.755-06:00,12.595,8.2,41.0,0.0,15.2,wind_drone_20260929
2026-09-29T17:13:44.962Z,2026-09-29T17:13:44.800Z,2026-09-29T11:13:44.962-06:00,12.802,8.2,40.0,0.0,15.2,wind_drone_20260929
2026-09-29T17:13:45.155Z,2026-09-29T17:13:45.000Z,2026-09-29T11:13:45.155-06:00,12.994,8.1,37.0,0.0,15.2,wind_drone_20260929
2026-09-29T17:13:45.362Z,2026-09-29T17:13:45.200Z,2026-09-29T11:13:45.362-06:00,13.202,8.1,36.0,0.0,15.2,wind_drone_20260929
2026-09-29T17:13:45.555Z,2026-09-29T17:13:45.400Z,2026-09-29T11:13:45.555-06:00,13.394,8.0,37.0,0.0,15.2,wind_drone_20260929
2026-09-29T17:13:45.762Z,2026-09-29T17:13:45.600Z,2026-09-29T11:13:45.762-06:00,13.602,7.9,38.0,0.0,15.2,wind_drone_20260929
2026-09-29T17:13:45.955Z,2026-09-29T17:13:45.800Z,2026-09-29T11:13:45.955-06:00,13.794,7.9,40.0,0.0,15.2,wind_drone_20260929
2026-09-29T17:13:46.162Z,2026-09-29T17:13:46.000Z,2026-09-29T11:13:46.162-06:00,14.001,7.8,41.0,0.0,15.2,wind_drone_20260929
2026-09-29T17:13:46.355Z,2026-09-29T17:13:46.200Z,2026-09-29T11:13:46.355-06:00,14.194,7.7,41.0,0.0,15.2,wind_drone_20260929
2026-09-29T17:13:46.562Z,2026-09-29T17:13:46.400Z,2026-09-29T11:13:46.562-06:00,14.401,7.6,38.0,0.0,15.2,wind_drone_20260929
2026-09-29T17:13:46.754Z,2026-09-29T17:13:46.600Z,2026-09-29T11:13:46.754-06:00,14.594,7.6,37.0,0.0,15.2,wind_drone_20260929
2026-09-29T17:13:46.962Z,2026-09-29T17:13:46.800Z,2026-09-29T11:13:46.962-06:00,14.801,7.5,36.0,0.0,15.2,wind_drone_20260929
2026-09-29T17:13:47.154Z,2026-09-29T17:13:47.000Z,2026-09-29T11:13:47.154-06:00,14.994,7.5,39.0,0.0,15.2,wind_drone_20260929
2026-09-29T17:13:47.362Z,2026-09-29T17:13:47.200Z,2026-09-29T11:13:47.362-06:00,15.201,7.5,39.0,0.0,15.2,wind_drone_20260929
2026-09-29T17:13:47.554Z,2026-09-29T17:13:47.400Z,2026-09-29T11:13:47.554-06:00,15.394,7.4,35.0,0.0,15.2,wind_drone_20260929
2026-09-29T17:13:47.761Z,2026-09-29T17:13:47.600Z,2026-09-29T11:13:47.761-06:00,15.601,7.2,35.0,0.0,15.2,wind_drone_20260929
2026-09-29T17:13:47.954Z,2026-09-29T17:13:47.800Z,2026-09-29T11:13:47.954-06:00,15.793,7.1,36.0,0.0,15.2,wind_drone_20260929
2026-09-29T17:13:48.161Z,2026-09-29T17:13:48.000Z,2026-09-29T11:13:48.161-06:00,16.001,7.0,37.0,0.0,15.2,wind_drone_20260929
2026-09-29T17:13:48.354Z,2026-09-29T17:13:48.200Z,2026-09-29T11:13:48.354-06:00,16.193,6.9,36.0,0.0,15.2,wind_drone_20260929
2026-09-29T17:13:48.561Z,2026-09-29T17:13:48.400Z,2026-09-29T11:13:48.561-06:00,16.4,6.8,38.0,0.0,15.2,wind_drone_20260929
2026-09-29T17:13:48.754Z,2026-09-29T17:13:48.600Z,2026-09-29T11:13:48.754-06:00,16.593,6.6,41.0,0.0,15.2,wind_drone_20260929
2026-09-29T17:13:48.961Z,2026-09-29T17:13:48.800Z,2026-09-29T11:13:48.961-06:00,16.8,6.5,42.0,0.0,15.2,wind_drone_20260929
2026-09-29T17:13:49.154Z,2026-09-29T17:13:49.000Z,2026-09-29T11:13:49.154-06:00,16.993,6.5,36.0,0.0,15.2,wind_drone_20260929
2026-09-29T17:13:49.361Z,2026-09-29T17:13:49.200Z,2026-09-29T11:13:49.361-06:00,17.201,6.4,41.0,0.0,15.2,wind_drone_20260929
2026-09-29T17:13:49.554Z,2026-09-29T17:13:49.400Z,2026-09-29T11:13:49.554-06:00,17.393,6.5,39.0,0.0,15.2,wind_drone_20260929
2026-09-29T17:13:49.761Z,2026-09-29T17:13:49.600Z,2026-09-29T11:13:49.761-06:00,17.6,6.5,38.0,0.0,15.2,wind_drone_20260929
2026-09-29T17:13:49.954Z,2026-09-29T17:13:49.800Z,2026-09-29T11:13:49.954-06:00,17.793,6.6,35.0,0.0,15.2,wind_drone_20260929
2026-09-29T17:13:50.160Z,2026-09-29T17:13:50.000Z,2026-09-29T11:13:50.160-06:00,18.0,6.6,41.0,0.0,15.2,wind_drone_20260929
2026-09-29T17:13:50.353Z,2026-09-29T17:13:50.200Z,2026-09-29T11:13:50.353-06:00,18.193,6.6,39.0,0.0,15.2,wind_drone_20260929
2026-09-29T17:13:50.560Z,2026-09-29T17:13:50.400Z,2026-09-29T11:13:50.560-06:00,18.4,6.7,39.0,0.0,15.2,wind_drone_20260929
2026-09-29T17:13:50.753Z,2026-09-29T17:13:50.600Z,2026-09-29T11:13:50.753-06:00,18.593,6.8,41.0,0.0,15.2,wind_drone_20260929
2026-09-29T17:13:50.960Z,2026-09-29T17:13:50.800Z,2026-09-29T11:13:50.960-06:00,18.8,6.7,43.0,0.0,15.2,wind_drone_20260929
2026-09-29T17:13:51.153Z,2026-09-29T17:13:51.000Z,2026-09-29T11:13:51.153-06:00,18.992,6.7,42.0,0.0,15.2,wind_drone_20260929
2026-09-29T17:13:51.360Z,2026-09-29T17:13:51.200Z,2026-09-29T11:13:51.360-06:00,19.199,6.7,40.0,0.0,15.2,wind_drone_20260929
2026-09-29T17:13:51.553Z,2026-09-29T17:13:51.400Z,2026-09-29T11:13:51.553-06:00,19.393,6.6,38.0,0.0,15.2,wind_drone_20260929
2026-09-29T17:13:51.760Z,2026-09-29T17:13:51.600Z,2026-09-29T11:13:51.760-06:00,19.6,6.6,40.0,0.0,15.2,wind_drone_20260929
2026-09-29T17:13:51.967Z,2026-09-29T17:13:51.800Z,2026-09-29T11:13:51.967-06:00,19.807,6.5,43.0,0.0,15.2,wind_drone_20260929
2026-09-29T17:13:52.160Z,2026-09-29T17:13:52.000Z,2026-09-29T11:13:52.160-06:00,19.999,6.5,44.0,0.0,15.2,wind_drone_20260929
2026-09-29T17:13:52.367Z,2026-09-29T17:13:52.200Z,2026-09-29T11:13:52.367-06:00,20.207,6.5,44.0,0.0,15.1,wind_drone_20260929
2026-09-29T17:13:52.560Z,2026-09-29T17:13:52.400Z,2026-09-29T11:13:52.560-06:00,20.399,6.4,42.0,0.0,15.1,wind_drone_20260929
2026-09-29T17:13:52.767Z,2026-09-29T17:13:52.600Z,2026-09-29T11:13:52.767-06:00,20.606,6.4,45.0,0.0,15.1,wind_drone_20260929
2026-09-29T17:13:52.960Z,2026-09-29T17:13:52.800Z,2026-09-29T11:13:52.960-06:00,20.799,6.4,47.0,0.0,15.1,wind_drone_20260929
2026-09-29T17:13:53.167Z,2026-09-29T17:13:53.000Z,2026-09-29T11:13:53.167-06:00,21.006,6.4,48.0,0.0,15.1,wind_drone_20260929
2026-09-29T17:13:53.359Z,2026-09-29T17:13:53.200Z,2026-09-29T11:13:53.359-06:00,21.199,6.4,47.0,0.0,15.1,wind_drone_20260929
2026-09-29T17:13:53.567Z,2026-09-29T17:13:53.400Z,2026-09-29T11:13:53.567-06:00,21.406,6.5,47.0,0.0,15.1,wind_drone_20260929
2026-09-29T17:13:53.759Z,2026-09-29T17:13:53.600Z,2026-09-29T11:13:53.759-06:00,21.599,6.6,47.0,0.0,15.1,wind_drone_20260929
2026-09-29T17:13:53.966Z,2026-09-29T17:13:53.800Z,2026-09-29T11:13:53.966-06:00,21.806,6.6,45.0,0.0,15.1,wind_drone_20260929
2026-09-29T17:13:54.159Z,2026-09-29T17:13:54.000Z,2026-09-29T11:13:54.159-06:00,21.999,6.7,44.0,0.0,15.1,wind_drone_20260929
2026-09-29T17:13:54.366Z,2026-09-29T17:13:54.200Z,2026-09-29T11:13:54.366-06:00,22.206,6.8,46.0,0.0,15.1,wind_drone_20260929
2026-09-29T17:13:54.559Z,2026-09-29T17:13:54.400Z,2026-09-29T11:13:54.559-06:00,22.399,6.9,45.0,0.0,15.1,wind_drone_20260929
2026-09-29T17:13:54.766Z,2026-09-29T17:13:54.600Z,2026-09-29T11:13:54.766-06:00,22.606,6.9,44.0,0.0,15.1,wind_drone_20260929
2026-09-29T17:13:54.959Z,2026-09-29T17:13:54.800Z,2026-09-29T11:13:54.959-06:00,22.798,6.9,47.0,0.0,15.1,wind_drone_20260929
2026-09-29T17:13:55.166Z,2026-09-29T17:13:55.000Z,2026-09-29T11:13:55.166-06:00,23.006,6.9,48.0,0.0,15.1,wind_drone_20260929
2026-09-29T17:13:55.359Z,2026-09-29T17:13:55.200Z,2026-09-29T11:13:55.359-06:00,23.198,6.9,44.0,0.0,15.1,wind_drone_20260929
2026-09-29T17:13:55.566Z,2026-09-29T17:13:55.400Z,2026-09-29T11:13:55.566-06:00,23.406,6.9,45.0,0.0,15.1,wind_drone_20260929
2026-09-29T17:13:55.759Z,2026-09-29T17:13:55.600Z,2026-09-29T11:13:55.759-06:00,23.598,6.8,49.0,0.0,15.1,wind_drone_20260929
2026-09-29T17:13:55.966Z,2026-09-29T17:13:55.800Z,2026-09-29T11:13:55.966-06:00,23.805,6.7,49.0,0.0,15.1,wind_drone_20260929
2026-09-29T17:13:56.159Z,2026-09-29T17:13:56.000Z,2026-09-29T11:13:56.159-06:00,23.998,6.7,51.0,0.0,15.1,wind_drone_20260929
2026-09-29T17:13:56.366Z,2026-09-29T17:13:56.200Z,2026-09-29T11:13:56.366-06:00,24.205,6.7,49.0,0.0,15.1,wind_drone_20260929
2026-09-29T17:13:56.558Z,2026-09-29T17:13:56.400Z,2026-09-29T11:13:56.558-06:00,24.398,6.6,47.0,0.0,15.1,wind_drone_20260929
2026-09-29T17:13:56.765Z,2026-09-29T17:13:56.600Z,2026-09-29T11:13:56.765-06:00,24.605,6.6,50.0,0.0,15.1,wind_drone_20260929
2026-09-29T17:13:56.958Z,2026-09-29T17:13:56.800Z,2026-09-29T11:13:56.958-06:00,24.798,6.5,46.0,0.0,15.1,wind_drone_20260929
2026-09-29T17:13:57.165Z,2026-09-29T17:13:57.000Z,2026-09-29T11:13:57.165-06:00,25.005,6.6,46.0,0.0,15.1,wind_drone_20260929
2026-09-29T17:13:57.358Z,2026-09-29T17:13:57.200Z,2026-09-29T11:13:57.358-06:00,25.197,6.6,52.0,0.0,15.1,wind_drone_20260929
2026-09-29T17:13:57.565Z,2026-09-29T17:13:57.400Z,2026-09-29T11:13:57.565-06:00,25.405,6.6,53.0,0.0,15.1,wind_drone_20260929
2026-09-29T17:13:57.758Z,2026-09-29T17:13:57.600Z,2026-09-29T11:13:57.758-06:00,25.597,6.4,48.0,0.0,15.1,wind_drone_20260929
2026-09-29T17:13:57.965Z,2026-09-29T17:13:57.800Z,2026-09-29T11:13:57.965-06:00,25.805,6.3,45.0,0.0,15.1,wind_drone_20260929
2026-09-29T17:13:58.157Z,2026-09-29T17:13:58.000Z,2026-09-29T11:13:58.157-06:00,25.997,6.2,52.0,0.0,15.1,wind_drone_20260929
2026-09-29T17:13:58.365Z,2026-09-29T17:13:58.200Z,2026-09-29T11:13:58.365-06:00,26.204,6.0,49.0,0.0,15.1,wind_drone_20260929
2026-09-29T17:13:58.557Z,2026-09-29T17:13:58.400Z,2026-09-29T11:13:58.557-06:00,26.397,5.8,44.0,0.0,15.1,wind_drone_20260929
2026-09-29T17:13:58.765Z,2026-09-29T17:13:58.600Z,2026-09-29T11:13:58.765-06:00,26.604,5.5,48.0,0.0,15.1,wind_drone_20260929
2026-09-29T17:13:58.957Z,2026-09-29T17:13:58.800Z,2026-09-29T11:13:58.957-06:00,26.797,5.2,44.0,0.0,15.1,wind_drone_20260929
2026-09-29T17:13:59.165Z,2026-09-29T17:13:59.000Z,2026-09-29T11:13:59.165-06:00,27.004,5.0,40.0,0.0,15.1,wind_drone_20260929
2026-09-29T17:13:59.357Z,2026-09-29T17:13:59.200Z,2026-09-29T11:13:59.357-06:00,27.197,4.8,44.0,0.0,15.1,wind_drone_20260929
2026-09-29T17:13:59.564Z,2026-09-29T17:13:59.400Z,2026-09-29T11:13:59.564-06:00,27.404,4.8,52.0,0.0,15.1,wind_drone_20260929
2026-09-29T17:13:59.757Z,2026-09-29T17:13:59.600Z,2026-09-29T11:13:59.757-06:00,27.597,4.9,52.0,0.0,15.1,wind_drone_20260929
2026-09-29T17:13:59.964Z,2026-09-29T17:13:59.800Z,2026-09-29T11:13:59.964-06:00,27.804,5.0,54.0,0.0,15.1,wind_drone_20260929
2026-09-29T17:14:00.157Z,2026-09-29T17:14:00.000Z,2026-09-29T11:14:00.157-06:00,27.996,4.9,46.0,0.0,15.1,wind_drone_20260929
2026-09-29T17:14:00.364Z,2026-09-29T17:14:00.200Z,2026-09-29T11:14:00.364-06:00,28.204,5.0,48.0,0.0,15.1,wind_drone_20260929
2026-09-29T17:14:00.557Z,2026-09-29T17:14:00.400Z,2026-09-29T11:14:00.557-06:00,28.396,5.2,49.0,0.0,15.1,wind_drone_20260929
2026-09-29T17:14:00.764Z,2026-09-29T17:14:00.600Z,2026-09-29T11:14:00.764-06:00,28.604,5.3,53.0,0.0,15.1,wind_drone_20260929
2026-09-29T17:14:00.957Z,2026-09-29T17:14:00.800Z,2026-09-29T11:14:00.957-06:00,28.796,5.3,56.0,0.0,15.1,wind_drone_20260929
2026-09-29T17:14:01.164Z,2026-09-29T17:14:01.000Z,2026-09-29T11:14:01.164-06:00,29.004,5.3,59.0,0.0,15.1,wind_drone_20260929
2026-09-29T17:14:01.356Z,2026-09-29T17:14:01.200Z,2026-09-29T11:14:01.356-06:00,29.196,5.1,58.0,0.0,15.1,wind_drone_20260929
2026-09-29T17:14:01.564Z,2026-09-29T17:14:01.400Z,2026-09-29T11:14:01.564-06:00,29.403,5.1,56.0,0.0,15.1,wind_drone_20260929
2026-09-29T17:14:01.756Z,2026-09-29T17:14:01.600Z,2026-09-29T11:14:01.756-06:00,29.596,5.3,56.0,0.0,15.1,wind_drone_20260929
2026-09-29T17:14:01.963Z,2026-09-29T17:14:01.800Z,2026-09-29T11:14:01.963-06:00,29.803,5.4,54.0,0.0,15.1,wind_drone_20260929
2026-09-29T17:14:02.156Z,2026-09-29T17:14:02.000Z,2026-09-29T11:14:02.156-06:00,29.996,5.4,52.0,0.0,15.1,wind_drone_20260929
2026-09-29T17:14:02.363Z,2026-09-29T17:14:02.200Z,2026-09-29T11:14:02.363-06:00,30.203,5.5,49.0,0.0,15.1,wind_drone_20260929
2026-09-29T17:14:02.556Z,2026-09-29T17:14:02.400Z,2026-09-29T11:14:02.556-06:00,30.396,5.6,44.0,0.0,15.1,wind_drone_20260929
2026-09-29T17:14:02.763Z,2026-09-29T17:14:02.600Z,2026-09-29T11:14:02.763-06:00,30.603,5.7,46.0,0.0,15.1,wind_drone_20260929
2026-09-29T17:14:02.956Z,2026-09-29T17:14:02.800Z,2026-09-29T11:14:02.956-06:00,30.795,5.9,48.0,0.0,15.1,wind_drone_20260929
2026-09-29T17:14:03.163Z,2026-09-29T17:14:03.000Z,2026-09-29T11:14:03.163-06:00,31.003,6.0,46.0,0.0,15.1,wind_drone_20260929
2026-09-29T17:14:03.356Z,2026-09-29T17:14:03.200Z,2026-09-29T11:14:03.356-06:00,31.195,6.0,45.0,0.0,15.1,wind_drone_20260929
2026-09-29T17:14:03.563Z,2026-09-29T17:14:03.400Z,2026-09-29T11:14:03.563-06:00,31.403,5.9,49.0,0.0,15.1,wind_drone_20260929
2026-09-29T17:14:03.756Z,2026-09-29T17:14:03.600Z,2026-09-29T11:14:03.756-06:00,31.595,5.9,50.0,0.0,15.1,wind_drone_20260929
2026-09-29T17:14:03.963Z,2026-09-29T17:14:03.800Z,2026-09-29T11:14:03.963-06:00,31.803,5.8,50.0,0.0,15.1,wind_drone_20260929
2026-09-29T17:14:04.156Z,2026-09-29T17:14:04.000Z,2026-09-29T11:14:04.156-06:00,31.995,5.8,51.0,0.0,15.0,wind_drone_20260929
2026-09-29T17:14:04.363Z,2026-09-29T17:14:04.200Z,2026-09-29T11:14:04.363-06:00,32.202,5.8,52.0,0.0,15.0,wind_drone_20260929
2026-09-29T17:14:04.555Z,2026-09-29T17:14:04.400Z,2026-09-29T11:14:04.555-06:00,32.395,5.7,55.0,0.0,15.0,wind_drone_20260929
2026-09-29T17:14:04.763Z,2026-09-29T17:14:04.600Z,2026-09-29T11:14:04.763-06:00,32.602,5.6,62.0,0.0,15.0,wind_drone_20260929
2026-09-29T17:14:04.955Z,2026-09-29T17:14:04.800Z,2026-09-29T11:14:04.955-06:00,32.795,5.6,60.0,0.0,15.0,wind_drone_20260929
2026-09-29T17:14:05.163Z,2026-09-29T17:14:05.000Z,2026-09-29T11:14:05.163-06:00,33.002,5.5,51.0,0.0,15.0,wind_drone_20260929
2026-09-29T17:14:05.355Z,2026-09-29T17:14:05.200Z,2026-09-29T11:14:05.355-06:00,33.195,5.4,50.0,0.0,15.0,wind_drone_20260929
2026-09-29T17:14:05.562Z,2026-09-29T17:14:05.400Z,2026-09-29T11:14:05.562-06:00,33.402,5.5,57.0,0.0,15.0,wind_drone_20260929
2026-09-29T17:14:05.755Z,2026-09-29T17:14:05.600Z,2026-09-29T11:14:05.755-06:00,33.595,5.6,66.0,0.0,15.0,wind_drone_20260929
2026-09-29T17:14:05.963Z,2026-09-29T17:14:05.800Z,2026-09-29T11:14:05.963-06:00,33.802,5.7,57.0,0.0,15.0,wind_drone_20260929
2026-09-29T17:14:06.155Z,2026-09-29T17:14:06.000Z,2026-09-29T11:14:06.155-06:00,33.994,5.9,52.0,0.0,15.0,wind_drone_20260929
2026-09-29T17:14:06.362Z,2026-09-29T17:14:06.200Z,2026-09-29T11:14:06.362-06:00,34.202,6.1,53.0,0.0,15.0,wind_drone_20260929
2026-09-29T17:14:06.555Z,2026-09-29T17:14:06.400Z,2026-09-29T11:14:06.555-06:00,34.394,6.3,52.0,0.0,15.0,wind_drone_20260929
2026-09-29T17:14:06.762Z,2026-09-29T17:14:06.600Z,2026-09-29T11:14:06.762-06:00,34.602,6.6,53.0,0.0,15.0,wind_drone_20260929
2026-09-29T17:14:06.955Z,2026-09-29T17:14:06.800Z,2026-09-29T11:14:06.955-06:00,34.794,6.9,61.0,0.0,15.0,wind_drone_20260929
2026-09-29T17:14:07.162Z,2026-09-29T17:14:07.000Z,2026-09-29T11:14:07.162-06:00,35.001,7.0,61.0,0.0,15.0,wind_drone_20260929
2026-09-29T17:14:07.355Z,2026-09-29T17:14:07.200Z,2026-09-29T11:14:07.355-06:00,35.194,7.0,58.0,0.0,15.0,wind_drone_20260929
2026-09-29T17:14:07.562Z,2026-09-29T17:14:07.400Z,2026-09-29T11:14:07.562-06:00,35.401,7.1,56.0,0.0,15.0,wind_drone_20260929
2026-09-29T17:14:07.754Z,2026-09-29T17:14:07.600Z,2026-09-29T11:14:07.754-06:00,35.594,7.3,58.0,0.0,15.0,wind_drone_20260929
2026-09-29T17:14:07.961Z,2026-09-29T17:14:07.800Z,2026-09-29T11:14:07.961-06:00,35.801,7.3,57.0,0.0,15.0,wind_drone_20260929
2026-09-29T17:14:08.154Z,2026-09-29T17:14:08.000Z,2026-09-29T11:14:08.154-06:00,35.994,7.3,57.0,0.0,15.0,wind_drone_20260929
2026-09-29T17:14:08.361Z,2026-09-29T17:14:08.200Z,2026-09-29T11:14:08.361-06:00,36.201,7.3,58.0,0.0,15.0,wind_drone_20260929
2026-09-29T17:14:08.554Z,2026-09-29T17:14:08.400Z,2026-09-29T11:14:08.554-06:00,36.394,7.2,58.0,0.0,15.0,wind_drone_20260929
2026-09-29T17:14:08.761Z,2026-09-29T17:14:08.600Z,2026-09-29T11:14:08.761-06:00,36.601,7.1,57.0,0.0,15.0,wind_drone_20260929
2026-09-29T17:14:08.954Z,2026-09-29T17:14:08.800Z,2026-09-29T11:14:08.954-06:00,36.793,7.1,53.0,0.0,15.0,wind_drone_20260929
2026-09-29T17:14:09.161Z,2026-09-29T17:14:09.000Z,2026-09-29T11:14:09.161-06:00,37.001,7.1,57.0,0.0,15.0,wind_drone_20260929
2026-09-29T17:14:09.354Z,2026-09-29T17:14:09.200Z,2026-09-29T11:14:09.354-06:00,37.193,7.0,59.0,0.0,15.0,wind_drone_20260929
2026-09-29T17:14:09.561Z,2026-09-29T17:14:09.400Z,2026-09-29T11:14:09.561-06:00,37.4,7.0,56.0,0.0,15.0,wind_drone_20260929
2026-09-29T17:14:09.754Z,2026-09-29T17:14:09.600Z,2026-09-29T11:14:09.754-06:00,37.594,7.0,57.0,0.0,15.0,wind_drone_20260929
2026-09-29T17:14:09.961Z,2026-09-29T17:14:09.800Z,2026-09-29T11:14:09.961-06:00,37.8,6.9,55.0,0.0,15.0,wind_drone_20260929
2026-09-29T17:14:10.153Z,2026-09-29T17:14:10.000Z,2026-09-29T11:14:10.153-06:00,37.993,6.9,50.0,0.0,15.0,wind_drone_20260929
2026-09-29T17:14:10.361Z,2026-09-29T17:14:10.200Z,2026-09-29T11:14:10.361-06:00,38.2,6.8,52.0,0.0,15.0,wind_drone_20260929
2026-09-29T17:14:10.553Z,2026-09-29T17:14:10.400Z,2026-09-29T11:14:10.553-06:00,38.393,6.8,54.0,0.0,15.0,wind_drone_20260929
2026-09-29T17:14:10.760Z,2026-09-29T17:14:10.600Z,2026-09-29T11:14:10.760-06:00,38.6,6.8,55.0,0.0,15.0,wind_drone_20260929
2026-09-29T17:14:10.953Z,2026-09-29T17:14:10.800Z,2026-09-29T11:14:10.953-06:00,38.793,6.8,51.0,0.0,15.0,wind_drone_20260929
2026-09-29T17:14:11.160Z,2026-09-29T17:14:11.000Z,2026-09-29T11:14:11.160-06:00,39.0,6.7,52.0,0.0,15.0,wind_drone_20260929
2026-09-29T17:14:11.353Z,2026-09-29T17:14:11.200Z,2026-09-29T11:14:11.353-06:00,39.192,6.7,53.0,0.0,15.0,wind_drone_20260929
2026-09-29T17:14:11.560Z,2026-09-29T17:14:11.400Z,2026-09-29T11:14:11.560-06:00,39.4,6.8,48.0,0.0,15.0,wind_drone_20260929
2026-09-29T17:14:11.753Z,2026-09-29T17:14:11.600Z,2026-09-29T11:14:11.753-06:00,39.593,6.8,50.0,0.0,15.0,wind_drone_20260929
2026-09-29T17:14:11.960Z,2026-09-29T17:14:11.800Z,2026-09-29T11:14:11.960-06:00,39.8,6.9,50.0,0.0,15.0,wind_drone_20260929
2026-09-29T17:14:12.153Z,2026-09-29T17:14:12.000Z,2026-09-29T11:14:12.153-06:00,39.993,6.9,53.0,0.0,15.0,wind_drone_20260929
2026-09-29T17:14:12.360Z,2026-09-29T17:14:12.200Z,2026-09-29T11:14:12.360-06:00,40.2,6.8,51.0,0.0,15.0,wind_drone_20260929
2026-09-29T17:14:12.553Z,2026-09-29T17:14:12.400Z,2026-09-29T11:14:12.553-06:00,40.393,6.8,54.0,0.0,15.0,wind_drone_20260929
2026-09-29T17:14:12.760Z,2026-09-29T17:14:12.600Z,2026-09-29T11:14:12.760-06:00,40.599,6.8,57.0,0.0,15.0,wind_drone_20260929
2026-09-29T17:14:12.953Z,2026-09-29T17:14:12.800Z,2026-09-29T11:14:12.953-06:00,40.792,6.7,54.0,0.0,15.0,wind_drone_20260929
2026-09-29T17:14:13.160Z,2026-09-29T17:14:13.000Z,2026-09-29T11:14:13.160-06:00,40.999,6.7,54.0,0.0,15.0,wind_drone_20260929
2026-09-29T17:14:13.367Z,2026-09-29T17:14:13.200Z,2026-09-29T11:14:13.367-06:00,41.206,6.7,52.0,0.0,15.0,wind_drone_20260929
2026-09-29T17:14:13.560Z,2026-09-29T17:14:13.400Z,2026-09-29T11:14:13.560-06:00,41.399,6.7,54.0,0.0,15.0,wind_drone_20260929
2026-09-29T17:14:13.767Z,2026-09-29T17:14:13.600Z,2026-09-29T11:14:13.767-06:00,41.606,6.6,49.0,0.0,15.0,wind_drone_20260929
2026-09-29T17:14:13.960Z,2026-09-29T17:14:13.800Z,2026-09-29T11:14:13.960-06:00,41.799,6.6,51.0,0.0,15.0,wind_drone_20260929
2026-09-29T17:14:14.167Z,2026-09-29T17:14:14.000Z,2026-09-29T11:14:14.167-06:00,42.006,6.7,55.0,0.0,15.0,wind_drone_20260929
2026-09-29T17:14:14.359Z,2026-09-29T17:14:14.200Z,2026-09-29T11:14:14.359-06:00,42.199,6.7,56.0,0.0,15.0,wind_drone_20260929
2026-09-29T17:14:14.566Z,2026-09-29T17:14:14.400Z,2026-09-29T11:14:14.566-06:00,42.406,6.8,59.0,0.0,15.0,wind_drone_20260929
2026-09-29T17:14:14.759Z,2026-09-29T17:14:14.600Z,2026-09-29T11:14:14.759-06:00,42.599,6.7,54.0,0.0,15.0,wind_drone_20260929
2026-09-29T17:14:14.966Z,2026-09-29T17:14:14.800Z,2026-09-29T11:14:14.966-06:00,42.806,6.6,59.0,0.0,15.0,wind_drone_20260929
2026-09-29T17:14:15.159Z,2026-09-29T17:14:15.000Z,2026-09-29T11:14:15.159-06:00,42.999,6.5,59.0,0.0,15.0,wind_drone_20260929
2026-09-29T17:14:15.366Z,2026-09-29T17:14:15.200Z,2026-09-29T11:14:15.366-06:00,43.206,6.4,60.0,0.0,15.0,wind_drone_20260929
2026-09-29T17:14:15.559Z,2026-09-29T17:14:15.400Z,2026-09-29T11:14:15.559-06:00,43.399,6.4,59.0,0.0,15.0,wind_drone_20260929
2026-09-29T17:14:15.766Z,2026-09-29T17:14:15.600Z,2026-09-29T11:14:15.766-06:00,43.606,6.3,60.0,0.0,15.0,wind_drone_20260929
2026-09-29T17:14:15.959Z,2026-09-29T17:14:15.800Z,2026-09-29T11:14:15.959-06:00,43.798,6.2,61.0,0.0,15.0,wind_drone_20260929
2026-09-29T17:14:16.166Z,2026-09-29T17:14:16.000Z,2026-09-29T11:14:16.166-06:00,44.006,6.2,60.0,0.0,15.0,wind_drone_20260929
2026-09-29T17:14:16.359Z,2026-09-29T17:14:16.200Z,2026-09-29T11:14:16.359-06:00,44.198,6.2,62.0,0.0,15.0,wind_drone_20260929
2026-09-29T17:14:16.566Z,2026-09-29T17:14:16.400Z,2026-09-29T11:14:16.566-06:00,44.405,6.3,63.0,0.0,15.0,wind_drone_20260929
2026-09-29T17:14:16.759Z,2026-09-29T17:14:16.600Z,2026-09-29T11:14:16.759-06:00,44.598,6.5,64.0,0.0,15.0,wind_drone_20260929
2026-09-29T17:14:16.966Z,2026-09-29T17:14:16.800Z,2026-09-29T11:14:16.966-06:00,44.805,6.7,68.0,0.0,15.0,wind_drone_20260929
2026-09-29T17:14:17.158Z,2026-09-29T17:14:17.000Z,2026-09-29T11:14:17.158-06:00,44.998,6.8,63.0,0.0,15.0,wind_drone_20260929
2026-09-29T17:14:17.366Z,2026-09-29T17:14:17.200Z,2026-09-29T11:14:17.366-06:00,45.205,7.0,59.0,0.0,14.9,wind_drone_20260929
2026-09-29T17:14:17.559Z,2026-09-29T17:14:17.400Z,2026-09-29T11:14:17.559-06:00,45.398,7.1,62.0,0.0,14.9,wind_drone_20260929
2026-09-29T17:14:17.766Z,2026-09-29T17:14:17.600Z,2026-09-29T11:14:17.766-06:00,45.605,7.2,59.0,0.0,14.9,wind_drone_20260929
2026-09-29T17:14:17.958Z,2026-09-29T17:14:17.800Z,2026-09-29T11:14:17.958-06:00,45.798,7.3,57.0,0.0,14.9,wind_drone_20260929
2026-09-29T17:14:18.165Z,2026-09-29T17:14:18.000Z,2026-09-29T11:14:18.165-06:00,46.005,7.2,57.0,0.0,14.9,wind_drone_20260929
2026-09-29T17:14:18.358Z,2026-09-29T17:14:18.200Z,2026-09-29T11:14:18.358-06:00,46.198,7.2,59.0,0.0,14.9,wind_drone_20260929
2026-09-29T17:14:18.565Z,2026-09-29T17:14:18.400Z,2026-09-29T11:14:18.565-06:00,46.405,7.1,59.0,0.0,14.9,wind_drone_20260929
2026-09-29T17:14:18.758Z,2026-09-29T17:14:18.600Z,2026-09-29T11:14:18.758-06:00,46.597,7.1,60.0,0.0,14.9,wind_drone_20260929
2026-09-29T17:14:18.965Z,2026-09-29T17:14:18.800Z,2026-09-29T11:14:18.965-06:00,46.805,7.1,61.0,0.0,14.9,wind_drone_20260929
2026-09-29T17:14:19.158Z,2026-09-29T17:14:19.000Z,2026-09-29T11:14:19.158-06:00,46.997,7.0,59.0,0.0,14.9,wind_drone_20260929
2026-09-29T17:14:19.365Z,2026-09-29T17:14:19.200Z,2026-09-29T11:14:19.365-06:00,47.204,7.1,59.0,0.0,14.9,wind_drone_20260929
2026-09-29T17:14:19.557Z,2026-09-29T17:14:19.400Z,2026-09-29T11:14:19.557-06:00,47.397,7.2,61.0,0.0,14.9,wind_drone_20260929
2026-09-29T17:14:19.765Z,2026-09-29T17:14:19.600Z,2026-09-29T11:14:19.765-06:00,47.604,7.3,61.0,0.0,14.9,wind_drone_20260929
2026-09-29T17:14:19.957Z,2026-09-29T17:14:19.800Z,2026-09-29T11:14:19.957-06:00,47.797,7.4,58.0,0.0,14.9,wind_drone_20260929
2026-09-29T17:14:20.164Z,2026-09-29T17:14:20.000Z,2026-09-29T11:14:20.164-06:00,48.004,7.6,59.0,0.0,14.9,wind_drone_20260929
2026-09-29T17:14:20.357Z,2026-09-29T17:14:20.200Z,2026-09-29T11:14:20.357-06:00,48.197,7.7,59.0,0.0,14.9,wind_drone_20260929
2026-09-29T17:14:20.564Z,2026-09-29T17:14:20.400Z,2026-09-29T11:14:20.564-06:00,48.404,8.0,60.0,0.0,14.9,wind_drone_20260929
2026-09-29T17:14:20.757Z,2026-09-29T17:14:20.600Z,2026-09-29T11:14:20.757-06:00,48.597,8.1,60.0,0.0,14.9,wind_drone_20260929
2026-09-29T17:14:20.964Z,2026-09-29T17:14:20.800Z,2026-09-29T11:14:20.964-06:00,48.804,8.2,59.0,0.0,14.9,wind_drone_20260929
2026-09-29T17:14:21.157Z,2026-09-29T17:14:21.000Z,2026-09-29T11:14:21.157-06:00,48.996,8.4,56.0,0.0,14.9,wind_drone_20260929
2026-09-29T17:14:21.364Z,2026-09-29T17:14:21.200Z,2026-09-29T11:14:21.364-06:00,49.203,8.5,55.0,0.0,14.9,wind_drone_20260929
2026-09-29T17:14:21.557Z,2026-09-29T17:14:21.400Z,2026-09-29T11:14:21.557-06:00,49.396,8.6,56.0,0.0,14.9,wind_drone_20260929
2026-09-29T17:14:21.764Z,2026-09-29T17:14:21.600Z,2026-09-29T11:14:21.764-06:00,49.603,8.8,55.0,0.0,14.9,wind_drone_20260929
2026-09-29T17:14:21.957Z,2026-09-29T17:14:21.800Z,2026-09-29T11:14:21.957-06:00,49.796,8.9,57.0,0.0,14.9,wind_drone_20260929
2026-09-29T17:14:22.164Z,2026-09-29T17:14:22.000Z,2026-09-29T11:14:22.164-06:00,50.003,8.8,55.0,0.0,14.9,wind_drone_20260929
2026-09-29T17:14:22.356Z,2026-09-29T17:14:22.200Z,2026-09-29T11:14:22.356-06:00,50.196,8.8,53.0,0.0,14.9,wind_drone_20260929
2026-09-29T17:14:22.564Z,2026-09-29T17:14:22.400Z,2026-09-29T11:14:22.564-06:00,50.403,8.6,50.0,0.0,14.9,wind_drone_20260929
2026-09-29T17:14:22.756Z,2026-09-29T17:14:22.600Z,2026-09-29T11:14:22.756-06:00,50.596,8.6,60.0,0.0,14.9,wind_drone_20260929
2026-09-29T17:14:22.964Z,2026-09-29T17:14:22.800Z,2026-09-29T11:14:22.964-06:00,50.803,8.4,56.0,0.0,14.9,wind_drone_20260929
2026-09-29T17:14:23.156Z,2026-09-29T17:14:23.000Z,2026-09-29T11:14:23.156-06:00,50.996,8.4,55.0,0.0,14.9,wind_drone_20260929
2026-09-29T17:14:23.363Z,2026-09-29T17:14:23.200Z,2026-09-29T11:14:23.363-06:00,51.203,8.3,50.0,0.0,14.9,wind_drone_20260929
2026-09-29T17:14:23.556Z,2026-09-29T17:14:23.400Z,2026-09-29T11:14:23.556-06:00,51.395,8.2,58.0,0.0,14.9,wind_drone_20260929
2026-09-29T17:14:23.763Z,2026-09-29T17:14:23.600Z,2026-09-29T11:14:23.763-06:00,51.603,8.1,64.0,0.0,14.9,wind_drone_20260929
2026-09-29T17:14:23.956Z,2026-09-29T17:14:23.800Z,2026-09-29T11:14:23.956-06:00,51.795,8.1,59.0,0.0,14.9,wind_drone_20260929
2026-09-29T17:14:24.163Z,2026-09-29T17:14:24.000Z,2026-09-29T11:14:24.163-06:00,52.002,8.0,56.0,0.0,14.9,wind_drone_20260929
2026-09-29T17:14:24.356Z,2026-09-29T17:14:24.200Z,2026-09-29T11:14:24.356-06:00,52.195,7.9,58.0,0.0,14.9,wind_drone_20260929
2026-09-29T17:14:24.563Z,2026-09-29T17:14:24.400Z,2026-09-29T11:14:24.563-06:00,52.402,7.8,57.0,0.0,14.9,wind_drone_20260929
2026-09-29T17:14:24.756Z,2026-09-29T17:14:24.600Z,2026-09-29T11:14:24.756-06:00,52.595,7.7,50.0,0.0,14.9,wind_drone_20260929
2026-09-29T17:14:24.963Z,2026-09-29T17:14:24.800Z,2026-09-29T11:14:24.963-06:00,52.802,7.6,54.0,0.0,14.9,wind_drone_20260929
2026-09-29T17:14:25.155Z,2026-09-29T17:14:25.000Z,2026-09-29T11:14:25.155-06:00,52.995,7.5,56.0,0.0,14.9,wind_drone_20260929
2026-09-29T17:14:25.362Z,2026-09-29T17:14:25.200Z,2026-09-29T11:14:25.362-06:00,53.202,7.4,47.0,0.0,14.9,wind_drone_20260929
2026-09-29T17:14:25.555Z,2026-09-29T17:14:25.400Z,2026-09-29T11:14:25.555-06:00,53.395,7.4,52.0,0.0,14.9,wind_drone_20260929
2026-09-29T17:14:25.762Z,2026-09-29T17:14:25.600Z,2026-09-29T11:14:25.762-06:00,53.602,7.3,51.0,0.0,14.9,wind_drone_20260929
2026-09-29T17:14:25.955Z,2026-09-29T17:14:25.800Z,2026-09-29T11:14:25.955-06:00,53.795,7.2,49.0,0.0,14.9,wind_drone_20260929
2026-09-29T17:14:26.162Z,2026-09-29T17:14:26.000Z,2026-09-29T11:14:26.162-06:00,54.002,7.2,53.0,0.0,14.9,wind_drone_20260929
2026-09-29T17:14:26.355Z,2026-09-29T17:14:26.200Z,2026-09-29T11:14:26.355-06:00,54.194,7.2,52.0,0.0,14.9,wind_drone_20260929
2026-09-29T17:14:26.562Z,2026-09-29T17:14:26.400Z,2026-09-29T11:14:26.562-06:00,54.402,7.2,47.0,0.0,14.9,wind_drone_20260929
2026-09-29T17:14:26.755Z,2026-09-29T17:14:26.600Z,2026-09-29T11:14:26.755-06:00,54.594,7.1,43.0,0.0,14.9,wind_drone_20260929
2026-09-29T17:14:26.962Z,2026-09-29T17:14:26.800Z,2026-09-29T11:14:26.962-06:00,54.802,7.1,45.0,0.0,14.9,wind_drone_20260929
2026-09-29T17:14:27.155Z,2026-09-29T17:14:27.000Z,2026-09-29T11:14:27.155-06:00,54.994,7.1,53.0,0.0,14.9,wind_drone_20260929
2026-09-29T17:14:27.362Z,2026-09-29T17:14:27.200Z,2026-09-29T11:14:27.362-06:00,55.202,7.2,56.0,0.0,14.9,wind_drone_20260929
2026-09-29T17:14:27.554Z,2026-09-29T17:14:27.400Z,2026-09-29T11:14:27.554-06:00,55.394,7.1,56.0,0.0,14.9,wind_drone_20260929
2026-09-29T17:14:27.762Z,2026-09-29T17:14:27.600Z,2026-09-29T11:14:27.762-06:00,55.601,7.1,54.0,0.0,14.9,wind_drone_20260929
2026-09-29T17:14:27.955Z,2026-09-29T17:14:27.800Z,2026-09-29T11:14:27.955-06:00,55.794,7.1,55.0,0.0,14.9,wind_drone_20260929
2026-09-29T17:14:28.162Z,2026-09-29T17:14:28.000Z,2026-09-29T11:14:28.162-06:00,56.001,7.1,52.0,0.0,14.9,wind_drone_20260929
2026-09-29T17:14:28.354Z,2026-09-29T17:14:28.200Z,2026-09-29T11:14:28.354-06:00,56.194,7.3,59.0,0.0,14.9,wind_drone_20260929
2026-09-29T17:14:28.561Z,2026-09-29T17:14:28.400Z,2026-09-29T11:14:28.561-06:00,56.401,7.6,69.0,0.0,14.9,wind_drone_20260929
2026-09-29T17:14:28.754Z,2026-09-29T17:14:28.600Z,2026-09-29T11:14:28.754-06:00,56.594,7.9,69.0,0.0,14.9,wind_drone_20260929
2026-09-29T17:14:28.961Z,2026-09-29T17:14:28.800Z,2026-09-29T11:14:28.961-06:00,56.801,8.2,64.0,0.0,14.9,wind_drone_20260929
2026-09-29T17:14:29.154Z,2026-09-29T17:14:29.000Z,2026-09-29T11:14:29.154-06:00,56.994,8.5,64.0,0.0,14.9,wind_drone_20260929
2026-09-29T17:14:29.361Z,2026-09-29T17:14:29.200Z,2026-09-29T11:14:29.361-06:00,57.201,8.8,63.0,0.0,14.9,wind_drone_20260929
2026-09-29T17:14:29.554Z,2026-09-29T17:14:29.400Z,2026-09-29T11:14:29.554-06:00,57.393,9.1,61.0,0.0,14.9,wind_drone_20260929
2026-09-29T17:14:29.761Z,2026-09-29T17:14:29.600Z,2026-09-29T11:14:29.761-06:00,57.601,9.3,64.0,0.0,14.9,wind_drone_20260929
2026-09-29T17:14:29.954Z,2026-09-29T17:14:29.800Z,2026-09-29T11:14:29.954-06:00,57.793,9.2,65.0,0.0,14.9,wind_drone_20260929
2026-09-29T17:14:30.161Z,2026-09-29T17:14:30.000Z,2026-09-29T11:14:30.161-06:00,58.001,9.0,57.0,0.0,14.9,wind_drone_20260929
2026-09-29T17:14:30.353Z,2026-09-29T17:14:30.200Z,2026-09-29T11:14:30.353-06:00,58.193,8.8,60.0,0.0,14.9,wind_drone_20260929
2026-09-29T17:14:30.561Z,2026-09-29T17:14:30.400Z,2026-09-29T11:14:30.561-06:00,58.4,8.7,62.0,0.0,14.9,wind_drone_20260929
2026-09-29T17:14:30.754Z,2026-09-29T17:14:30.600Z,2026-09-29T11:14:30.754-06:00,58.593,8.6,57.0,0.0,14.9,wind_drone_20260929
2026-09-29T17:14:30.961Z,2026-09-29T17:14:30.800Z,2026-09-29T11:14:30.961-06:00,58.8,8.5,58.0,0.0,14.9,wind_drone_20260929
2026-09-29T17:14:31.153Z,2026-09-29T17:14:31.000Z,2026-09-29T11:14:31.153-06:00,58.993,8.3,52.0,0.0,14.9,wind_drone_20260929
2026-09-29T17:14:31.361Z,2026-09-29T17:14:31.200Z,2026-09-29T11:14:31.361-06:00,59.2,8.0,47.0,0.0,14.9,wind_drone_20260929
2026-09-29T17:14:31.554Z,2026-09-29T17:14:31.400Z,2026-09-29T11:14:31.554-06:00,59.393,7.7,46.0,0.0,14.9,wind_drone_20260929
2026-09-29T17:14:31.760Z,2026-09-29T17:14:31.600Z,2026-09-29T11:14:31.760-06:00,59.6,7.5,49.0,0.0,14.9,wind_drone_20260929
2026-09-29T17:14:31.953Z,2026-09-29T17:14:31.800Z,2026-09-29T11:14:31.953-06:00,59.793,7.4,49.0,0.0,14.9,wind_drone_20260929
2026-09-29T17:14:32.160Z,2026-09-29T17:14:32.000Z,2026-09-29T11:14:32.160-06:00,60.0,7.2,51.0,0.0,14.9,wind_drone_20260929
2026-09-29T17:14:32.353Z,2026-09-29T17:14:32.200Z,2026-09-29T11:14:32.353-06:00,60.193,7.1,56.0,0.0,14.9,wind_drone_20260929
2026-09-29T17:14:32.560Z,2026-09-29T17:14:32.400Z,2026-09-29T11:14:32.560-06:00,60.4,7.0,55.0,0.0,14.9,wind_drone_20260929
2026-09-29T17:14:32.753Z,2026-09-29T17:14:32.600Z,2026-09-29T11:14:32.753-06:00,60.593,7.0,49.0,0.0,14.9,wind_drone_20260929
2026-09-29T17:14:32.960Z,2026-09-29T17:14:32.800Z,2026-09-29T11:14:32.960-06:00,60.799,7.0,53.0,0.0,14.9,wind_drone_20260929
2026-09-29T17:14:33.153Z,2026-09-29T17:14:33.000Z,2026-09-29T11:14:33.153-06:00,60.992,7.0,53.0,0.0,14.9,wind_drone_20260929
2026-09-29T17:14:33.360Z,2026-09-29T17:14:33.200Z,2026-09-29T11:14:33.360-06:00,61.2,7.0,51.0,0.0,14.9,wind_drone_20260929
2026-09-29T17:14:33.553Z,2026-09-29T17:14:33.400Z,2026-09-29T11:14:33.553-06:00,61.393,7.2,50.0,0.0,14.9,wind_drone_20260929
2026-09-29T17:14:33.760Z,2026-09-29T17:14:33.600Z,2026-09-29T11:14:33.760-06:00,61.599,7.2,50.0,0.0,14.9,wind_drone_20260929
2026-09-29T17:14:33.953Z,2026-09-29T17:14:33.800Z,2026-09-29T11:14:33.953-06:00,61.792,7.2,51.0,0.0,14.9,wind_drone_20260929
2026-09-29T17:14:34.160Z,2026-09-29T17:14:34.000Z,2026-09-29T11:14:34.160-06:00,61.999,7.3,48.0,0.0,14.9,wind_drone_20260929
2026-09-29T17:14:34.367Z,2026-09-29T17:14:34.200Z,2026-09-29T11:14:34.367-06:00,62.206,7.3,46.0,0.0,14.9,wind_drone_20260929
2026-09-29T17:14:34.560Z,2026-09-29T17:14:34.400Z,2026-09-29T11:14:34.560-06:00,62.399,7.4,47.0,0.0,14.9,wind_drone_20260929
2026-09-29T17:14:34.767Z,2026-09-29T17:14:34.600Z,2026-09-29T11:14:34.767-06:00,62.606,7.5,52.0,0.0,14.9,wind_drone_20260929
2026-09-29T17:14:34.959Z,2026-09-29T17:14:34.800Z,2026-09-29T11:14:34.959-06:00,62.799,7.5,50.0,0.0,14.9,wind_drone_20260929
2026-09-29T17:14:35.167Z,2026-09-29T17:14:35.000Z,2026-09-29T11:14:35.167-06:00,63.006,7.5,49.0,0.0,14.9,wind_drone_20260929
2026-09-29T17:14:35.359Z,2026-09-29T17:14:35.200Z,2026-09-29T11:14:35.359-06:00,63.199,7.6,48.0,0.0,14.9,wind_drone_20260929
2026-09-29T17:14:35.566Z,2026-09-29T17:14:35.400Z,2026-09-29T11:14:35.566-06:00,63.406,7.6,47.0,0.0,14.9,wind_drone_20260929
2026-09-29T17:14:35.759Z,2026-09-29T17:14:35.600Z,2026-09-29T11:14:35.759-06:00,63.599,7.8,46.0,0.0,14.9,wind_drone_20260929
2026-09-29T17:14:35.966Z,2026-09-29T17:14:35.800Z,2026-09-29T11:14:35.966-06:00,63.806,7.9,47.0,0.0,14.9,wind_drone_20260929
2026-09-29T17:14:36.159Z,2026-09-29T17:14:36.000Z,2026-09-29T11:14:36.159-06:00,63.999,8.0,49.0,0.0,14.9,wind_drone_20260929
2026-09-29T17:14:36.366Z,2026-09-29T17:14:36.200Z,2026-09-29T11:14:36.366-06:00,64.206,8.1,49.0,0.0,14.9,wind_drone_20260929
2026-09-29T17:14:36.559Z,2026-09-29T17:14:36.400Z,2026-09-29T11:14:36.559-06:00,64.398,8.2,48.0,0.0,14.9,wind_drone_20260929
2026-09-29T17:14:36.766Z,2026-09-29T17:14:36.600Z,2026-09-29T11:14:36.766-06:00,64.606,8.2,50.0,0.0,14.9,wind_drone_20260929
2026-09-29T17:14:36.959Z,2026-09-29T17:14:36.800Z,2026-09-29T11:14:36.959-06:00,64.798,8.2,53.0,0.0,14.9,wind_drone_20260929
2026-09-29T17:14:37.166Z,2026-09-29T17:14:37.000Z,2026-09-29T11:14:37.166-06:00,65.005,8.2,43.0,0.0,14.8,wind_drone_20260929
2026-09-29T17:14:37.359Z,2026-09-29T17:14:37.200Z,2026-09-29T11:14:37.359-06:00,65.198,8.2,45.0,0.0,14.8,wind_drone_20260929
2026-09-29T17:14:37.566Z,2026-09-29T17:14:37.400Z,2026-09-29T11:14:37.566-06:00,65.405,8.1,47.0,0.0,14.8,wind_drone_20260929
2026-09-29T17:14:37.758Z,2026-09-29T17:14:37.600Z,2026-09-29T11:14:37.758-06:00,65.598,8.0,46.0,0.0,14.8,wind_drone_20260929
2026-09-29T17:14:37.965Z,2026-09-29T17:14:37.800Z,2026-09-29T11:14:37.965-06:00,65.805,8.0,47.0,0.0,14.8,wind_drone_20260929
2026-09-29T17:14:38.158Z,2026-09-29T17:14:38.000Z,2026-09-29T11:14:38.158-06:00,65.998,8.0,47.0,0.0,14.8,wind_drone_20260929
2026-09-29T17:14:38.365Z,2026-09-29T17:14:38.200Z,2026-09-29T11:14:38.365-06:00,66.205,8.0,48.0,0.0,14.8,wind_drone_20260929
2026-09-29T17:14:38.558Z,2026-09-29T17:14:38.400Z,2026-09-29T11:14:38.558-06:00,66.398,7.9,47.0,0.0,14.8,wind_drone_20260929
2026-09-29T17:14:38.765Z,2026-09-29T17:14:38.600Z,2026-09-29T11:14:38.765-06:00,66.605,7.9,46.0,0.0,14.8,wind_drone_20260929
2026-09-29T17:14:38.958Z,2026-09-29T17:14:38.800Z,2026-09-29T11:14:38.958-06:00,66.797,7.9,48.0,0.0,14.8,wind_drone_20260929
2026-09-29T17:14:39.165Z,2026-09-29T17:14:39.000Z,2026-09-29T11:14:39.165-06:00,67.005,7.9,50.0,0.0,14.8,wind_drone_20260929
2026-09-29T17:14:39.358Z,2026-09-29T17:14:39.200Z,2026-09-29T11:14:39.358-06:00,67.197,7.9,47.0,0.0,14.8,wind_drone_20260929
2026-09-29T17:14:39.565Z,2026-09-29T17:14:39.400Z,2026-09-29T11:14:39.565-06:00,67.405,7.9,45.0,0.0,14.8,wind_drone_20260929
2026-09-29T17:14:39.758Z,2026-09-29T17:14:39.600Z,2026-09-29T11:14:39.758-06:00,67.597,7.8,46.0,0.0,14.8,wind_drone_20260929
2026-09-29T17:14:39.965Z,2026-09-29T17:14:39.800Z,2026-09-29T11:14:39.965-06:00,67.805,7.8,45.0,0.0,14.8,wind_drone_20260929
2026-09-29T17:14:40.157Z,2026-09-29T17:14:40.000Z,2026-09-29T11:14:40.157-06:00,67.997,7.8,45.0,0.0,14.8,wind_drone_20260929
2026-09-29T17:14:40.365Z,2026-09-29T17:14:40.200Z,2026-09-29T11:14:40.365-06:00,68.204,7.9,47.0,0.0,14.8,wind_drone_20260929
2026-09-29T17:14:40.557Z,2026-09-29T17:14:40.400Z,2026-09-29T11:14:40.557-06:00,68.397,8.0,52.0,0.0,14.8,wind_drone_20260929
2026-09-29T17:14:40.764Z,2026-09-29T17:14:40.600Z,2026-09-29T11:14:40.764-06:00,68.604,8.1,48.0,0.0,14.8,wind_drone_20260929
2026-09-29T17:14:40.957Z,2026-09-29T17:14:40.800Z,2026-09-29T11:14:40.957-06:00,68.797,8.2,49.0,0.0,14.8,wind_drone_20260929
2026-09-29T17:14:41.164Z,2026-09-29T17:14:41.000Z,2026-09-29T11:14:41.164-06:00,69.004,8.3,50.0,0.0,14.8,wind_drone_20260929
2026-09-29T17:14:41.357Z,2026-09-29T17:14:41.200Z,2026-09-29T11:14:41.357-06:00,69.197,8.3,50.0,0.0,14.8,wind_drone_20260929
2026-09-29T17:14:41.564Z,2026-09-29T17:14:41.400Z,2026-09-29T11:14:41.564-06:00,69.404,8.3,49.0,0.0,14.8,wind_drone_20260929
2026-09-29T17:14:41.757Z,2026-09-29T17:14:41.600Z,2026-09-29T11:14:41.757-06:00,69.597,8.2,48.0,0.0,14.8,wind_drone_20260929
2026-09-29T17:14:41.964Z,2026-09-29T17:14:41.800Z,2026-09-29T11:14:41.964-06:00,69.804,8.1,52.0,0.0,14.8,wind_drone_20260929
2026-09-29T17:14:42.157Z,2026-09-29T17:14:42.000Z,2026-09-29T11:14:42.157-06:00,69.996,8.1,63.0,0.0,14.8,wind_drone_20260929
2026-09-29T17:14:42.364Z,2026-09-29T17:14:42.200Z,2026-09-29T11:14:42.364-06:00,70.204,8.1,59.0,0.0,14.8,wind_drone_20260929
2026-09-29T17:14:42.557Z,2026-09-29T17:14:42.400Z,2026-09-29T11:14:42.557-06:00,70.396,8.1,47.0,0.0,14.8,wind_drone_20260929
2026-09-29T17:14:42.764Z,2026-09-29T17:14:42.600Z,2026-09-29T11:14:42.764-06:00,70.603,8.1,52.0,0.0,14.8,wind_drone_20260929
2026-09-29T17:14:42.956Z,2026-09-29T17:14:42.800Z,2026-09-29T11:14:42.956-06:00,70.796,8.2,57.0,0.0,14.8,wind_drone_20260929
2026-09-29T17:14:43.164Z,2026-09-29T17:14:43.000Z,2026-09-29T11:14:43.164-06:00,71.003,8.3,51.0,0.0,14.8,wind_drone_20260929
2026-09-29T17:14:43.356Z,2026-09-29T17:14:43.200Z,2026-09-29T11:14:43.356-06:00,71.196,8.4,47.0,0.0,14.8,wind_drone_20260929
2026-09-29T17:14:43.564Z,2026-09-29T17:14:43.400Z,2026-09-29T11:14:43.564-06:00,71.403,8.7,50.0,0.0,14.8,wind_drone_20260929
2026-09-29T17:14:43.756Z,2026-09-29T17:14:43.600Z,2026-09-29T11:14:43.756-06:00,71.596,8.8,51.0,0.0,14.8,wind_drone_20260929
2026-09-29T17:14:43.963Z,2026-09-29T17:14:43.800Z,2026-09-29T11:14:43.963-06:00,71.803,8.9,53.0,0.0,14.8,wind_drone_20260929
2026-09-29T17:14:44.156Z,2026-09-29T17:14:44.000Z,2026-09-29T11:14:44.156-06:00,71.996,8.9,56.0,0.0,14.8,wind_drone_20260929
2026-09-29T17:14:44.363Z,2026-09-29T17:14:44.200Z,2026-09-29T11:14:44.363-06:00,72.203,9.0,62.0,0.0,14.8,wind_drone_20260929
2026-09-29T17:14:44.556Z,2026-09-29T17:14:44.400Z,2026-09-29T11:14:44.556-06:00,72.395,9.0,56.0,0.0,14.8,wind_drone_20260929
2026-09-29T17:14:44.763Z,2026-09-29T17:14:44.600Z,2026-09-29T11:14:44.763-06:00,72.603,9.0,57.0,0.0,14.8,wind_drone_20260929
2026-09-29T17:14:44.956Z,2026-09-29T17:14:44.800Z,2026-09-29T11:14:44.956-06:00,72.795,8.9,57.0,0.0,14.8,wind_drone_20260929
2026-09-29T17:14:45.163Z,2026-09-29T17:14:45.000Z,2026-09-29T11:14:45.163-06:00,73.003,8.8,58.0,0.0,14.8,wind_drone_20260929
2026-09-29T17:14:45.356Z,2026-09-29T17:14:45.200Z,2026-09-29T11:14:45.356-06:00,73.195,8.8,58.0,0.0,14.8,wind_drone_20260929
2026-09-29T17:14:45.563Z,2026-09-29T17:14:45.400Z,2026-09-29T11:14:45.563-06:00,73.403,8.7,56.0,0.0,14.8,wind_drone_20260929
2026-09-29T17:14:45.756Z,2026-09-29T17:14:45.600Z,2026-09-29T11:14:45.756-06:00,73.595,8.6,56.0,0.0,14.8,wind_drone_20260929
2026-09-29T17:14:45.963Z,2026-09-29T17:14:45.800Z,2026-09-29T11:14:45.963-06:00,73.802,8.3,55.0,0.0,14.8,wind_drone_20260929
2026-09-29T17:14:46.155Z,2026-09-29T17:14:46.000Z,2026-09-29T11:14:46.155-06:00,73.995,8.2,57.0,0.0,14.8,wind_drone_20260929
2026-09-29T17:14:46.363Z,2026-09-29T17:14:46.200Z,2026-09-29T11:14:46.363-06:00,74.202,8.0,60.0,0.0,14.8,wind_drone_20260929
2026-09-29T17:14:46.556Z,2026-09-29T17:14:46.400Z,2026-09-29T11:14:46.556-06:00,74.395,7.8,58.0,0.0,14.8,wind_drone_20260929
2026-09-29T17:14:46.762Z,2026-09-29T17:14:46.600Z,2026-09-29T11:14:46.762-06:00,74.602,7.6,56.0,0.0,14.8,wind_drone_20260929
2026-09-29T17:14:46.955Z,2026-09-29T17:14:46.800Z,2026-09-29T11:14:46.955-06:00,74.795,7.4,48.0,0.0,14.8,wind_drone_20260929
2026-09-29T17:14:47.162Z,2026-09-29T17:14:47.000Z,2026-09-29T11:14:47.162-06:00,75.002,7.2,49.0,0.0,14.8,wind_drone_20260929
2026-09-29T17:14:47.355Z,2026-09-29T17:14:47.200Z,2026-09-29T11:14:47.355-06:00,75.195,7.1,56.0,0.0,14.8,wind_drone_20260929
2026-09-29T17:14:47.562Z,2026-09-29T17:14:47.400Z,2026-09-29T11:14:47.562-06:00,75.402,7.1,54.0,0.0,14.8,wind_drone_20260929
2026-09-29T17:14:47.755Z,2026-09-29T17:14:47.600Z,2026-09-29T11:14:47.755-06:00,75.594,7.1,52.0,0.0,14.8,wind_drone_20260929
2026-09-29T17:14:47.962Z,2026-09-29T17:14:47.800Z,2026-09-29T11:14:47.962-06:00,75.801,7.2,56.0,0.0,14.8,wind_drone_20260929
2026-09-29T17:14:48.155Z,2026-09-29T17:14:48.000Z,2026-09-29T11:14:48.155-06:00,75.995,7.3,63.0,0.0,14.8,wind_drone_20260929
2026-09-29T17:14:48.362Z,2026-09-29T17:14:48.200Z,2026-09-29T11:14:48.362-06:00,76.201,7.3,55.0,0.0,14.8,wind_drone_20260929
2026-09-29T17:14:48.555Z,2026-09-29T17:14:48.400Z,2026-09-29T11:14:48.555-06:00,76.394,7.3,49.0,0.0,14.8,wind_drone_20260929
2026-09-29T17:14:48.762Z,2026-09-29T17:14:48.600Z,2026-09-29T11:14:48.762-06:00,76.601,7.3,47.0,0.0,14.8,wind_drone_20260929
2026-09-29T17:14:48.955Z,2026-09-29T17:14:48.800Z,2026-09-29T11:14:48.955-06:00,76.794,7.4,51.0,0.0,14.8,wind_drone_20260929
2026-09-29T17:14:49.161Z,2026-09-29T17:14:49.000Z,2026-09-29T11:14:49.161-06:00,77.001,7.4,47.0,0.0,14.8,wind_drone_20260929
2026-09-29T17:14:49.354Z,2026-09-29T17:14:49.200Z,2026-09-29T11:14:49.354-06:00,77.194,7.4,48.0,0.0,14.8,wind_drone_20260929
2026-09-29T17:14:49.561Z,2026-09-29T17:14:49.400Z,2026-09-29T11:14:49.561-06:00,77.401,7.4,49.0,0.0,14.8,wind_drone_20260929
2026-09-29T17:14:49.754Z,2026-09-29T17:14:49.600Z,2026-09-29T11:14:49.754-06:00,77.594,7.4,50.0,0.0,14.8,wind_drone_20260929
2026-09-29T17:14:49.961Z,2026-09-29T17:14:49.800Z,2026-09-29T11:14:49.961-06:00,77.801,7.4,49.0,0.0,14.8,wind_drone_20260929
2026-09-29T17:14:50.154Z,2026-09-29T17:14:50.000Z,2026-09-29T11:14:50.154-06:00,77.994,7.5,49.0,0.0,14.8,wind_drone_20260929
2026-09-29T17:14:50.361Z,2026-09-29T17:14:50.200Z,2026-09-29T11:14:50.361-06:00,78.201,7.5,48.0,0.0,14.8,wind_drone_20260929
2026-09-29T17:14:50.554Z,2026-09-29T17:14:50.400Z,2026-09-29T11:14:50.554-06:00,78.394,7.5,47.0,0.0,14.8,wind_drone_20260929
2026-09-29T17:14:50.761Z,2026-09-29T17:14:50.600Z,2026-09-29T11:14:50.761-06:00,78.601,7.6,47.0,0.0,14.8,wind_drone_20260929
2026-09-29T17:14:50.954Z,2026-09-29T17:14:50.800Z,2026-09-29T11:14:50.954-06:00,78.793,7.6,47.0,0.0,14.8,wind_drone_20260929
2026-09-29T17:14:51.161Z,2026-09-29T17:14:51.000Z,2026-09-29T11:14:51.161-06:00,79.001,7.6,48.0,0.0,14.8,wind_drone_20260929
2026-09-29T17:14:51.354Z,2026-09-29T17:14:51.200Z,2026-09-29T11:14:51.354-06:00,79.193,7.6,50.0,0.0,14.8,wind_drone_20260929
2026-09-29T17:14:51.561Z,2026-09-29T17:14:51.400Z,2026-09-29T11:14:51.561-06:00,79.4,7.6,49.0,0.0,14.8,wind_drone_20260929
2026-09-29T17:14:51.754Z,2026-09-29T17:14:51.600Z,2026-09-29T11:14:51.754-06:00,79.593,7.6,48.0,0.0,14.8,wind_drone_20260929
2026-09-29T17:14:51.961Z,2026-09-29T17:14:51.800Z,2026-09-29T11:14:51.961-06:00,79.8,7.6,49.0,0.0,14.8,wind_drone_20260929
2026-09-29T17:14:52.153Z,2026-09-29T17:14:52.000Z,2026-09-29T11:14:52.153-06:00,79.993,7.7,50.0,0.0,14.8,wind_drone_20260929
2026-09-29T17:14:52.361Z,2026-09-29T17:14:52.200Z,2026-09-29T11:14:52.361-06:00,80.2,7.8,52.0,0.0,14.8,wind_drone_20260929
2026-09-29T17:14:52.553Z,2026-09-29T17:14:52.400Z,2026-09-29T11:14:52.553-06:00,80.393,7.8,52.0,0.0,14.8,wind_drone_20260929
2026-09-29T17:14:52.760Z,2026-09-29T17:14:52.600Z,2026-09-29T11:14:52.760-06:00,80.6,7.8,50.0,0.0,14.8,wind_drone_20260929
2026-09-29T17:14:52.953Z,2026-09-29T17:14:52.800Z,2026-09-29T11:14:52.953-06:00,80.793,7.7,50.0,0.0,14.8,wind_drone_20260929
2026-09-29T17:14:53.160Z,2026-09-29T17:14:53.000Z,2026-09-29T11:14:53.160-06:00,81.0,7.7,54.0,0.0,14.8,wind_drone_20260929
2026-09-29T17:14:53.353Z,2026-09-29T17:14:53.200Z,2026-09-29T11:14:53.353-06:00,81.193,7.8,54.0,0.0,14.8,wind_drone_20260929
2026-09-29T17:14:53.560Z,2026-09-29T17:14:53.400Z,2026-09-29T11:14:53.560-06:00,81.4,7.7,52.0,0.0,14.8,wind_drone_20260929
2026-09-29T17:14:53.753Z,2026-09-29T17:14:53.600Z,2026-09-29T11:14:53.753-06:00,81.593,7.6,50.0,0.0,14.8,wind_drone_20260929
2026-09-29T17:14:53.960Z,2026-09-29T17:14:53.800Z,2026-09-29T11:14:53.960-06:00,81.8,7.6,54.0,0.0,14.8,wind_drone_20260929
2026-09-29T17:14:54.153Z,2026-09-29T17:14:54.000Z,2026-09-29T11:14:54.153-06:00,81.993,7.6,51.0,0.0,14.8,wind_drone_20260929
2026-09-29T17:14:54.360Z,2026-09-29T17:14:54.200Z,2026-09-29T11:14:54.360-06:00,82.199,7.7,48.0,0.0,14.8,wind_drone_20260929
2026-09-29T17:14:54.553Z,2026-09-29T17:14:54.400Z,2026-09-29T11:14:54.553-06:00,82.393,7.8,49.0,0.0,14.8,wind_drone_20260929
2026-09-29T17:14:54.760Z,2026-09-29T17:14:54.600Z,2026-09-29T11:14:54.760-06:00,82.599,7.9,46.0,0.0,14.8,wind_drone_20260929
2026-09-29T17:14:54.952Z,2026-09-29T17:14:54.800Z,2026-09-29T11:14:54.952-06:00,82.792,8.1,46.0,0.0,14.8,wind_drone_20260929
2026-09-29T17:14:55.160Z,2026-09-29T17:14:55.000Z,2026-09-29T11:14:55.160-06:00,82.999,8.2,43.0,0.0,14.8,wind_drone_20260929
2026-09-29T17:14:55.352Z,2026-09-29T17:14:55.200Z,2026-09-29T11:14:55.352-06:00,83.192,8.4,41.0,0.0,14.8,wind_drone_20260929
2026-09-29T17:14:55.560Z,2026-09-29T17:14:55.400Z,2026-09-29T11:14:55.560-06:00,83.399,8.5,43.0,0.0,14.8,wind_drone_20260929
2026-09-29T17:14:55.767Z,2026-09-29T17:14:55.600Z,2026-09-29T11:14:55.767-06:00,83.606,8.5,40.0,0.0,14.8,wind_drone_20260929
2026-09-29T17:14:55.959Z,2026-09-29T17:14:55.800Z,2026-09-29T11:14:55.959-06:00,83.799,8.4,40.0,0.0,14.7,wind_drone_20260929
2026-09-29T17:14:56.167Z,2026-09-29T17:14:56.000Z,2026-09-29T11:14:56.167-06:00,84.006,8.3,40.0,0.0,14.7,wind_drone_20260929
2026-09-29T17:14:56.359Z,2026-09-29T17:14:56.200Z,2026-09-29T11:14:56.359-06:00,84.199,8.3,41.0,0.0,14.7,wind_drone_20260929
2026-09-29T17:14:56.566Z,2026-09-29T17:14:56.400Z,2026-09-29T11:14:56.566-06:00,84.406,8.1,38.0,0.0,14.7,wind_drone_20260929
2026-09-29T17:14:56.759Z,2026-09-29T17:14:56.600Z,2026-09-29T11:14:56.759-06:00,84.599,8.0,42.0,0.0,14.7,wind_drone_20260929
2026-09-29T17:14:56.966Z,2026-09-29T17:14:56.800Z,2026-09-29T11:14:56.966-06:00,84.806,7.9,48.0,0.0,14.7,wind_drone_20260929
2026-09-29T17:14:57.159Z,2026-09-29T17:14:57.000Z,2026-09-29T11:14:57.159-06:00,84.998,7.7,47.0,0.0,14.7,wind_drone_20260929
2026-09-29T17:14:57.366Z,2026-09-29T17:14:57.200Z,2026-09-29T11:14:57.366-06:00,85.206,7.8,41.0,0.0,14.7,wind_drone_20260929
2026-09-29T17:14:57.559Z,2026-09-29T17:14:57.400Z,2026-09-29T11:14:57.559-06:00,85.398,7.9,42.0,0.0,14.7,wind_drone_20260929
2026-09-29T17:14:57.766Z,2026-09-29T17:14:57.600Z,2026-09-29T11:14:57.766-06:00,85.606,7.9,44.0,0.0,14.7,wind_drone_20260929
2026-09-29T17:14:57.959Z,2026-09-29T17:14:57.800Z,2026-09-29T11:14:57.959-06:00,85.798,7.9,46.0,0.0,14.7,wind_drone_20260929
2026-09-29T17:14:58.166Z,2026-09-29T17:14:58.000Z,2026-09-29T11:14:58.166-06:00,86.005,7.9,41.0,0.0,14.7,wind_drone_20260929
2026-09-29T17:14:58.359Z,2026-09-29T17:14:58.200Z,2026-09-29T11:14:58.359-06:00,86.198,7.9,37.0,0.0,14.7,wind_drone_20260929
2026-09-29T17:14:58.566Z,2026-09-29T17:14:58.400Z,2026-09-29T11:14:58.566-06:00,86.405,7.9,38.0,0.0,14.7,wind_drone_20260929
2026-09-29T17:14:58.759Z,2026-09-29T17:14:58.600Z,2026-09-29T11:14:58.759-06:00,86.598,8.0,41.0,0.0,14.7,wind_drone_20260929
2026-09-29T17:14:58.966Z,2026-09-29T17:14:58.800Z,2026-09-29T11:14:58.966-06:00,86.805,7.9,43.0,0.0,14.7,wind_drone_20260929
2026-09-29T17:14:59.158Z,2026-09-29T17:14:59.000Z,2026-09-29T11:14:59.158-06:00,86.998,8.0,45.0,0.0,14.7,wind_drone_20260929
2026-09-29T17:14:59.365Z,2026-09-29T17:14:59.200Z,2026-09-29T11:14:59.365-06:00,87.205,8.0,40.0,0.0,14.7,wind_drone_20260929
2026-09-29T17:14:59.558Z,2026-09-29T17:14:59.400Z,2026-09-29T11:14:59.558-06:00,87.398,8.0,39.0,0.0,14.7,wind_drone_20260929
2026-09-29T17:14:59.765Z,2026-09-29T17:14:59.600Z,2026-09-29T11:14:59.765-06:00,87.605,7.9,42.0,0.0,14.7,wind_drone_20260929
2026-09-29T17:14:59.958Z,2026-09-29T17:14:59.800Z,2026-09-29T11:14:59.958-06:00,87.798,7.9,43.0,0.0,14.7,wind_drone_20260929
2026-09-29T17:15:00.165Z,2026-09-29T17:15:00.000Z,2026-09-29T11:15:00.165-06:00,88.005,7.9,43.0,0.0,14.7,wind_drone_20260929
2026-09-29T17:15:00.358Z,2026-09-29T17:15:00.200Z,2026-09-29T11:15:00.358-06:00,88.197,7.9,47.0,0.0,14.7,wind_drone_20260929
2026-09-29T17:15:00.565Z,2026-09-29T17:15:00.400Z,2026-09-29T11:15:00.565-06:00,88.405,7.9,46.0,0.0,14.7,wind_drone_20260929
2026-09-29T17:15:00.758Z,2026-09-29T17:15:00.600Z,2026-09-29T11:15:00.758-06:00,88.597,7.8,45.0,0.0,14.7,wind_drone_20260929
2026-09-29T17:15:00.965Z,2026-09-29T17:15:00.800Z,2026-09-29T11:15:00.965-06:00,88.804,7.7,46.0,0.0,14.7,wind_drone_20260929
2026-09-29T17:15:01.157Z,2026-09-29T17:15:01.000Z,2026-09-29T11:15:01.157-06:00,88.997,7.8,46.0,0.0,14.7,wind_drone_20260929
2026-09-29T17:15:01.365Z,2026-09-29T17:15:01.200Z,2026-09-29T11:15:01.365-06:00,89.204,7.9,44.0,0.0,14.7,wind_drone_20260929
2026-09-29T17:15:01.557Z,2026-09-29T17:15:01.400Z,2026-09-29T11:15:01.557-06:00,89.397,7.9,43.0,0.0,14.7,wind_drone_20260929
2026-09-29T17:15:01.765Z,2026-09-29T17:15:01.600Z,2026-09-29T11:15:01.765-06:00,89.604,8.0,45.0,0.0,14.7,wind_drone_20260929
2026-09-29T17:15:01.957Z,2026-09-29T17:15:01.800Z,2026-09-29T11:15:01.957-06:00,89.797,8.0,44.0,0.0,14.7,wind_drone_20260929
2026-09-29T17:15:02.165Z,2026-09-29T17:15:02.000Z,2026-09-29T11:15:02.165-06:00,90.004,8.0,41.0,0.0,14.7,wind_drone_20260929
2026-09-29T17:15:02.357Z,2026-09-29T17:15:02.200Z,2026-09-29T11:15:02.357-06:00,90.197,8.0,40.0,0.0,14.7,wind_drone_20260929
2026-09-29T17:15:02.564Z,2026-09-29T17:15:02.400Z,2026-09-29T11:15:02.564-06:00,90.404,8.0,39.0,0.0,14.7,wind_drone_20260929
2026-09-29T17:15:02.757Z,2026-09-29T17:15:02.600Z,2026-09-29T11:15:02.757-06:00,90.597,8.0,40.0,0.0,14.7,wind_drone_20260929
2026-09-29T17:15:02.964Z,2026-09-29T17:15:02.800Z,2026-09-29T11:15:02.964-06:00,90.804,7.9,41.0,0.0,14.7,wind_drone_20260929
2026-09-29T17:15:03.157Z,2026-09-29T17:15:03.000Z,2026-09-29T11:15:03.157-06:00,90.997,7.9,41.0,0.0,14.7,wind_drone_20260929
2026-09-29T17:15:03.364Z,2026-09-29T17:15:03.200Z,2026-09-29T11:15:03.364-06:00,91.204,7.8,40.0,0.0,14.7,wind_drone_20260929
2026-09-29T17:15:03.557Z,2026-09-29T17:15:03.400Z,2026-09-29T11:15:03.557-06:00,91.396,7.8,42.0,0.0,14.7,wind_drone_20260929
2026-09-29T17:15:03.764Z,2026-09-29T17:15:03.600Z,2026-09-29T11:15:03.764-06:00,91.604,7.8,42.0,0.0,14.7,wind_drone_20260929
2026-09-29T17:15:03.957Z,2026-09-29T17:15:03.800Z,2026-09-29T11:15:03.957-06:00,91.796,7.9,40.0,0.0,14.7,wind_drone_20260929
2026-09-29T17:15:04.164Z,2026-09-29T17:15:04.000Z,2026-09-29T11:15:04.164-06:00,92.003,8.0,42.0,0.0,14.7,wind_drone_20260929
2026-09-29T17:15:04.356Z,2026-09-29T17:15:04.200Z,2026-09-29T11:15:04.356-06:00,92.196,8.1,36.0,0.0,14.7,wind_drone_20260929
2026-09-29T17:15:04.564Z,2026-09-29T17:15:04.400Z,2026-09-29T11:15:04.564-06:00,92.403,8.3,38.0,0.0,14.7,wind_drone_20260929
2026-09-29T17:15:04.756Z,2026-09-29T17:15:04.600Z,2026-09-29T11:15:04.756-06:00,92.596,8.3,38.0,0.0,14.7,wind_drone_20260929
2026-09-29T17:15:04.963Z,2026-09-29T17:15:04.800Z,2026-09-29T11:15:04.963-06:00,92.803,8.5,40.0,0.0,14.7,wind_drone_20260929
2026-09-29T17:15:05.156Z,2026-09-29T17:15:05.000Z,2026-09-29T11:15:05.156-06:00,92.996,8.6,41.0,0.0,14.7,wind_drone_20260929
2026-09-29T17:15:05.363Z,2026-09-29T17:15:05.200Z,2026-09-29T11:15:05.363-06:00,93.203,8.6,38.0,0.0,14.7,wind_drone_20260929
2026-09-29T17:15:05.556Z,2026-09-29T17:15:05.400Z,2026-09-29T11:15:05.556-06:00,93.396,8.6,38.0,0.0,14.7,wind_drone_20260929
2026-09-29T17:15:05.763Z,2026-09-29T17:15:05.600Z,2026-09-29T11:15:05.763-06:00,93.603,8.5,40.0,0.0,14.7,wind_drone_20260929
2026-09-29T17:15:05.956Z,2026-09-29T17:15:05.800Z,2026-09-29T11:15:05.956-06:00,93.795,8.4,44.0,0.0,14.7,wind_drone_20260929
2026-09-29T17:15:06.163Z,2026-09-29T17:15:06.000Z,2026-09-29T11:15:06.163-06:00,94.003,8.4,41.0,0.0,14.7,wind_drone_20260929
2026-09-29T17:15:06.356Z,2026-09-29T17:15:06.200Z,2026-09-29T11:15:06.356-06:00,94.195,8.5,41.0,0.0,14.7,wind_drone_20260929
2026-09-29T17:15:06.563Z,2026-09-29T17:15:06.400Z,2026-09-29T11:15:06.563-06:00,94.402,8.6,38.0,0.0,14.7,wind_drone_20260929
2026-09-29T17:15:06.755Z,2026-09-29T17:15:06.600Z,2026-09-29T11:15:06.755-06:00,94.595,8.6,40.0,0.0,14.7,wind_drone_20260929
2026-09-29T17:15:06.963Z,2026-09-29T17:15:06.800Z,2026-09-29T11:15:06.963-06:00,94.802,8.8,45.0,0.0,14.7,wind_drone_20260929
2026-09-29T17:15:07.155Z,2026-09-29T17:15:07.000Z,2026-09-29T11:15:07.155-06:00,94.995,8.9,43.0,0.0,14.7,wind_drone_20260929
2026-09-29T17:15:07.363Z,2026-09-29T17:15:07.200Z,2026-09-29T11:15:07.363-06:00,95.202,9.0,37.0,0.0,14.7,wind_drone_20260929
2026-09-29T17:15:07.555Z,2026-09-29T17:15:07.400Z,2026-09-29T11:15:07.555-06:00,95.395,9.2,37.0,0.0,14.7,wind_drone_20260929
2026-09-29T17:15:07.763Z,2026-09-29T17:15:07.600Z,2026-09-29T11:15:07.763-06:00,95.602,9.3,37.0,0.0,14.7,wind_drone_20260929
2026-09-29T17:15:07.955Z,2026-09-29T17:15:07.800Z,2026-09-29T11:15:07.955-06:00,95.795,9.1,36.0,0.0,14.7,wind_drone_20260929
2026-09-29T17:15:08.162Z,2026-09-29T17:15:08.000Z,2026-09-29T11:15:08.162-06:00,96.002,9.1,38.0,0.0,14.7,wind_drone_20260929
2026-09-29T17:15:08.355Z,2026-09-29T17:15:08.200Z,2026-09-29T11:15:08.355-06:00,96.194,9.0,41.0,0.0,14.7,wind_drone_20260929
2026-09-29T17:15:08.562Z,2026-09-29T17:15:08.400Z,2026-09-29T11:15:08.562-06:00,96.402,8.8,43.0,0.0,14.7,wind_drone_20260929
2026-09-29T17:15:08.755Z,2026-09-29T17:15:08.600Z,2026-09-29T11:15:08.755-06:00,96.594,8.7,43.0,0.0,14.7,wind_drone_20260929
2026-09-29T17:15:08.962Z,2026-09-29T17:15:08.800Z,2026-09-29T11:15:08.962-06:00,96.802,8.6,42.0,0.0,14.7,wind_drone_20260929
2026-09-29T17:15:09.155Z,2026-09-29T17:15:09.000Z,2026-09-29T11:15:09.155-06:00,96.994,8.6,41.0,0.0,14.7,wind_drone_20260929
2026-09-29T17:15:09.362Z,2026-09-29T17:15:09.200Z,2026-09-29T11:15:09.362-06:00,97.201,8.6,40.0,0.0,14.7,wind_drone_20260929
2026-09-29T17:15:09.554Z,2026-09-29T17:15:09.400Z,2026-09-29T11:15:09.554-06:00,97.394,8.6,42.0,0.0,14.7,wind_drone_20260929
2026-09-29T17:15:09.762Z,2026-09-29T17:15:09.600Z,2026-09-29T11:15:09.762-06:00,97.601,8.6,41.0,0.0,14.7,wind_drone_20260929
2026-09-29T17:15:09.954Z,2026-09-29T17:15:09.800Z,2026-09-29T11:15:09.954-06:00,97.794,8.5,41.0,0.0,14.7,wind_drone_20260929
2026-09-29T17:15:10.162Z,2026-09-29T17:15:10.000Z,2026-09-29T11:15:10.162-06:00,98.001,8.4,42.0,0.0,14.7,wind_drone_20260929
2026-09-29T17:15:10.354Z,2026-09-29T17:15:10.200Z,2026-09-29T11:15:10.354-06:00,98.194,8.3,43.0,0.0,14.7,wind_drone_20260929
2026-09-29T17:15:10.562Z,2026-09-29T17:15:10.400Z,2026-09-29T11:15:10.562-06:00,98.401,8.3,43.0,0.0,14.7,wind_drone_20260929
2026-09-29T17:15:10.754Z,2026-09-29T17:15:10.600Z,2026-09-29T11:15:10.754-06:00,98.594,8.3,43.0,0.0,14.7,wind_drone_20260929
2026-09-29T17:15:10.961Z,2026-09-29T17:15:10.800Z,2026-09-29T11:15:10.961-06:00,98.801,8.1,45.0,0.0,14.7,wind_drone_20260929
2026-09-29T17:15:11.154Z,2026-09-29T17:15:11.000Z,2026-09-29T11:15:11.154-06:00,98.993,8.1,45.0,0.0,14.7,wind_drone_20260929
2026-09-29T17:15:11.361Z,2026-09-29T17:15:11.200Z,2026-09-29T11:15:11.361-06:00,99.201,8.0,43.0,0.0,14.7,wind_drone_20260929
2026-09-29T17:15:11.554Z,2026-09-29T17:15:11.400Z,2026-09-29T11:15:11.554-06:00,99.394,8.0,39.0,0.0,14.7,wind_drone_20260929
2026-09-29T17:15:11.761Z,2026-09-29T17:15:11.600Z,2026-09-29T11:15:11.761-06:00,99.601,8.1,46.0,0.0,14.7,wind_drone_20260929
2026-09-29T17:15:11.954Z,2026-09-29T17:15:11.800Z,2026-09-29T11:15:11.954-06:00,99.793,8.4,54.0,0.0,14.7,wind_drone_20260929
2026-09-29T17:15:12.161Z,2026-09-29T17:15:12.000Z,2026-09-29T11:15:12.161-06:00,100.001,8.5,54.0,0.0,14.7,wind_drone_20260929
2026-09-29T17:15:12.353Z,2026-09-29T17:15:12.200Z,2026-09-29T11:15:12.353-06:00,100.193,8.5,42.0,0.0,14.7,wind_drone_20260929
2026-09-29T17:15:12.561Z,2026-09-29T17:15:12.400Z,2026-09-29T11:15:12.561-06:00,100.4,8.6,31.0,0.0,14.7,wind_drone_20260929
2026-09-29T17:15:12.754Z,2026-09-29T17:15:12.600Z,2026-09-29T11:15:12.754-06:00,100.593,8.6,39.0,0.0,14.7,wind_drone_20260929
2026-09-29T17:15:12.961Z,2026-09-29T17:15:12.800Z,2026-09-29T11:15:12.961-06:00,100.8,8.6,45.0,0.0,14.7,wind_drone_20260929
2026-09-29T17:15:13.153Z,2026-09-29T17:15:13.000Z,2026-09-29T11:15:13.153-06:00,100.993,8.5,49.0,0.0,14.7,wind_drone_20260929
2026-09-29T17:15:13.360Z,2026-09-29T17:15:13.200Z,2026-09-29T11:15:13.360-06:00,101.2,8.5,56.0,0.0,14.7,wind_drone_20260929
2026-09-29T17:15:13.554Z,2026-09-29T17:15:13.400Z,2026-09-29T11:15:13.554-06:00,101.393,8.3,53.0,0.0,14.7,wind_drone_20260929
2026-09-29T17:15:13.760Z,2026-09-29T17:15:13.600Z,2026-09-29T11:15:13.760-06:00,101.6,8.1,51.0,0.0,14.7,wind_drone_20260929
2026-09-29T17:15:13.953Z,2026-09-29T17:15:13.800Z,2026-09-29T11:15:13.953-06:00,101.793,8.1,56.0,0.0,14.7,wind_drone_20260929
2026-09-29T17:15:14.160Z,2026-09-29T17:15:14.000Z,2026-09-29T11:15:14.160-06:00,102.0,8.2,53.0,0.0,14.7,wind_drone_20260929
2026-09-29T17:15:14.353Z,2026-09-29T17:15:14.200Z,2026-09-29T11:15:14.353-06:00,102.192,8.2,46.0,0.0,14.7,wind_drone_20260929
2026-09-29T17:15:14.560Z,2026-09-29T17:15:14.400Z,2026-09-29T11:15:14.560-06:00,102.4,8.3,46.0,0.0,14.7,wind_drone_20260929
2026-09-29T17:15:14.753Z,2026-09-29T17:15:14.600Z,2026-09-29T11:15:14.753-06:00,102.592,8.3,52.0,0.0,14.7,wind_drone_20260929
2026-09-29T17:15:14.960Z,2026-09-29T17:15:14.800Z,2026-09-29T11:15:14.960-06:00,102.8,8.2,56.0,0.0,14.7,wind_drone_20260929
2026-09-29T17:15:15.153Z,2026-09-29T17:15:15.000Z,2026-09-29T11:15:15.153-06:00,102.992,8.2,51.0,0.0,14.7,wind_drone_20260929
2026-09-29T17:15:15.360Z,2026-09-29T17:15:15.200Z,2026-09-29T11:15:15.360-06:00,103.199,8.1,47.0,0.0,14.7,wind_drone_20260929
2026-09-29T17:15:15.552Z,2026-09-29T17:15:15.400Z,2026-09-29T11:15:15.552-06:00,103.392,8.1,53.0,0.0,14.7,wind_drone_20260929
2026-09-29T17:15:15.760Z,2026-09-29T17:15:15.600Z,2026-09-29T11:15:15.760-06:00,103.6,7.9,51.0,0.0,14.7,wind_drone_20260929
2026-09-29T17:15:15.953Z,2026-09-29T17:15:15.800Z,2026-09-29T11:15:15.953-06:00,103.792,7.8,46.0,0.0,14.7,wind_drone_20260929
2026-09-29T17:15:16.160Z,2026-09-29T17:15:16.000Z,2026-09-29T11:15:16.160-06:00,103.999,7.8,50.0,0.0,14.7,wind_drone_20260929
2026-09-29T17:15:16.352Z,2026-09-29T17:15:16.200Z,2026-09-29T11:15:16.352-06:00,104.192,7.8,52.0,0.0,14.7,wind_drone_20260929
2026-09-29T17:15:16.560Z,2026-09-29T17:15:16.400Z,2026-09-29T11:15:16.560-06:00,104.399,7.8,44.0,0.0,14.7,wind_drone_20260929
2026-09-29T17:15:16.753Z,2026-09-29T17:15:16.600Z,2026-09-29T11:15:16.753-06:00,104.592,7.6,42.0,0.0,14.7,wind_drone_20260929
2026-09-29T17:15:16.959Z,2026-09-29T17:15:16.800Z,2026-09-29T11:15:16.959-06:00,104.799,7.5,40.0,0.0,14.7,wind_drone_20260929
2026-09-29T17:15:17.167Z,2026-09-29T17:15:17.000Z,2026-09-29T11:15:17.167-06:00,105.006,7.3,40.0,0.0,14.7,wind_drone_20260929
2026-09-29T17:15:17.359Z,2026-09-29T17:15:17.200Z,2026-09-29T11:15:17.359-06:00,105.199,7.2,39.0,0.0,14.7,wind_drone_20260929
2026-09-29T17:15:17.566Z,2026-09-29T17:15:17.400Z,2026-09-29T11:15:17.566-06:00,105.406,7.1,37.0,0.0,14.7,wind_drone_20260929
2026-09-29T17:15:17.759Z,2026-09-29T17:15:17.600Z,2026-09-29T11:15:17.759-06:00,105.599,7.0,38.0,0.0,14.7,wind_drone_20260929
2026-09-29T17:15:17.966Z,2026-09-29T17:15:17.800Z,2026-09-29T11:15:17.966-06:00,105.806,7.2,40.0,0.0,14.7,wind_drone_20260929
2026-09-29T17:15:18.159Z,2026-09-29T17:15:18.000Z,2026-09-29T11:15:18.159-06:00,105.999,7.3,39.0,0.0,14.7,wind_drone_20260929
2026-09-29T17:15:18.366Z,2026-09-29T17:15:18.200Z,2026-09-29T11:15:18.366-06:00,106.206,7.5,37.0,0.0,14.7,wind_drone_20260929
2026-09-29T17:15:18.559Z,2026-09-29T17:15:18.400Z,2026-09-29T11:15:18.559-06:00,106.398,7.7,33.0,0.0,14.7,wind_drone_20260929
2026-09-29T17:15:18.766Z,2026-09-29T17:15:18.600Z,2026-09-29T11:15:18.766-06:00,106.606,7.6,33.0,0.0,14.7,wind_drone_20260929
2026-09-29T17:15:18.959Z,2026-09-29T17:15:18.800Z,2026-09-29T11:15:18.959-06:00,106.798,7.6,34.0,0.0,14.7,wind_drone_20260929
2026-09-29T17:15:19.166Z,2026-09-29T17:15:19.000Z,2026-09-29T11:15:19.166-06:00,107.005,7.5,44.0,0.0,14.7,wind_drone_20260929
2026-09-29T17:15:19.358Z,2026-09-29T17:15:19.200Z,2026-09-29T11:15:19.358-06:00,107.198,7.3,38.0,0.0,14.7,wind_drone_20260929
2026-09-29T17:15:19.566Z,2026-09-29T17:15:19.400Z,2026-09-29T11:15:19.566-06:00,107.405,7.0,33.0,0.0,14.7,wind_drone_20260929
2026-09-29T17:15:19.758Z,2026-09-29T17:15:19.600Z,2026-09-29T11:15:19.758-06:00,107.598,6.6,36.0,0.0,14.7,wind_drone_20260929
2026-09-29T17:15:19.966Z,2026-09-29T17:15:19.800Z,2026-09-29T11:15:19.966-06:00,107.805,6.4,38.0,0.0,14.7,wind_drone_20260929
2026-09-29T17:15:20.158Z,2026-09-29T17:15:20.000Z,2026-09-29T11:15:20.158-06:00,107.998,6.3,38.0,0.0,14.7,wind_drone_20260929
2026-09-29T17:15:20.366Z,2026-09-29T17:15:20.200Z,2026-09-29T11:15:20.366-06:00,108.205,6.2,36.0,0.0,14.7,wind_drone_20260929
2026-09-29T17:15:20.558Z,2026-09-29T17:15:20.400Z,2026-09-29T11:15:20.558-06:00,108.398,6.0,33.0,0.0,14.7,wind_drone_20260929
2026-09-29T17:15:20.765Z,2026-09-29T17:15:20.600Z,2026-09-29T11:15:20.765-06:00,108.605,5.9,36.0,0.0,14.7,wind_drone_20260929
2026-09-29T17:15:20.958Z,2026-09-29T17:15:20.800Z,2026-09-29T11:15:20.958-06:00,108.797,5.8,39.0,0.0,14.7,wind_drone_20260929
2026-09-29T17:15:21.165Z,2026-09-29T17:15:21.000Z,2026-09-29T11:15:21.165-06:00,109.005,5.7,36.0,0.0,14.7,wind_drone_20260929
2026-09-29T17:15:21.358Z,2026-09-29T17:15:21.200Z,2026-09-29T11:15:21.358-06:00,109.197,5.6,42.0,0.0,14.7,wind_drone_20260929
2026-09-29T17:15:21.565Z,2026-09-29T17:15:21.400Z,2026-09-29T11:15:21.565-06:00,109.405,5.6,35.0,0.0,14.7,wind_drone_20260929
2026-09-29T17:15:21.758Z,2026-09-29T17:15:21.600Z,2026-09-29T11:15:21.758-06:00,109.597,5.5,32.0,0.0,14.7,wind_drone_20260929
2026-09-29T17:15:21.965Z,2026-09-29T17:15:21.800Z,2026-09-29T11:15:21.965-06:00,109.805,5.5,38.0,0.0,14.7,wind_drone_20260929
2026-09-29T17:15:22.157Z,2026-09-29T17:15:22.000Z,2026-09-29T11:15:22.157-06:00,109.997,5.5,41.0,0.0,14.7,wind_drone_20260929
2026-09-29T17:15:22.365Z,2026-09-29T17:15:22.200Z,2026-09-29T11:15:22.365-06:00,110.204,5.6,39.0,0.0,14.7,wind_drone_20260929
2026-09-29T17:15:22.557Z,2026-09-29T17:15:22.400Z,2026-09-29T11:15:22.557-06:00,110.397,5.7,41.0,0.0,14.7,wind_drone_20260929
2026-09-29T17:15:22.765Z,2026-09-29T17:15:22.600Z,2026-09-29T11:15:22.765-06:00,110.604,5.6,42.0,0.0,14.7,wind_drone_20260929
2026-09-29T17:15:22.957Z,2026-09-29T17:15:22.800Z,2026-09-29T11:15:22.957-06:00,110.797,5.6,43.0,0.0,14.7,wind_drone_20260929
2026-09-29T17:15:23.164Z,2026-09-29T17:15:23.000Z,2026-09-29T11:15:23.164-06:00,111.004,5.5,47.0,0.0,14.7,wind_drone_20260929
2026-09-29T17:15:23.357Z,2026-09-29T17:15:23.200Z,2026-09-29T11:15:23.357-06:00,111.197,5.6,53.0,0.0,14.7,wind_drone_20260929
2026-09-29T17:15:23.564Z,2026-09-29T17:15:23.400Z,2026-09-29T11:15:23.564-06:00,111.404,5.6,49.0,0.0,14.7,wind_drone_20260929
2026-09-29T17:15:23.757Z,2026-09-29T17:15:23.600Z,2026-09-29T11:15:23.757-06:00,111.597,5.7,52.0,0.0,14.7,wind_drone_20260929
2026-09-29T17:15:23.964Z,2026-09-29T17:15:23.800Z,2026-09-29T11:15:23.964-06:00,111.804,5.7,51.0,0.0,14.7,wind_drone_20260929
2026-09-29T17:15:24.157Z,2026-09-29T17:15:24.000Z,2026-09-29T11:15:24.157-06:00,111.996,5.8,53.0,0.0,14.7,wind_drone_20260929
2026-09-29T17:15:24.364Z,2026-09-29T17:15:24.200Z,2026-09-29T11:15:24.364-06:00,112.204,6.0,53.0,0.0,14.7,wind_drone_20260929
2026-09-29T17:15:24.557Z,2026-09-29T17:15:24.400Z,2026-09-29T11:15:24.557-06:00,112.396,6.2,58.0,0.0,14.7,wind_drone_20260929
2026-09-29T17:15:24.764Z,2026-09-29T17:15:24.600Z,2026-09-29T11:15:24.764-06:00,112.604,6.4,55.0,0.0,14.7,wind_drone_20260929
2026-09-29T17:15:24.957Z,2026-09-29T17:15:24.800Z,2026-09-29T11:15:24.957-06:00,112.796,6.6,51.0,0.0,14.7,wind_drone_20260929
2026-09-29T17:15:25.164Z,2026-09-29T17:15:25.000Z,2026-09-29T11:15:25.164-06:00,113.003,6.8,48.0,0.0,14.7,wind_drone_20260929
2026-09-29T17:15:25.357Z,2026-09-29T17:15:25.200Z,2026-09-29T11:15:25.357-06:00,113.196,6.8,47.0,0.0,14.7,wind_drone_20260929
2026-09-29T17:15:25.564Z,2026-09-29T17:15:25.400Z,2026-09-29T11:15:25.564-06:00,113.403,7.0,47.0,0.0,14.7,wind_drone_20260929
2026-09-29T17:15:25.756Z,2026-09-29T17:15:25.600Z,2026-09-29T11:15:25.756-06:00,113.596,7.0,49.0,0.0,14.7,wind_drone_20260929
2026-09-29T17:15:25.964Z,2026-09-29T17:15:25.800Z,2026-09-29T11:15:25.964-06:00,113.803,7.0,47.0,0.0,14.7,wind_drone_20260929
2026-09-29T17:15:26.156Z,2026-09-29T17:15:26.000Z,2026-09-29T11:15:26.156-06:00,113.996,7.0,51.0,0.0,14.7,wind_drone_20260929
2026-09-29T17:15:26.363Z,2026-09-29T17:15:26.200Z,2026-09-29T11:15:26.363-06:00,114.203,6.9,52.0,0.0,14.7,wind_drone_20260929
2026-09-29T17:15:26.556Z,2026-09-29T17:15:26.400Z,2026-09-29T11:15:26.556-06:00,114.396,6.9,55.0,0.0,14.7,wind_drone_20260929
2026-09-29T17:15:26.763Z,2026-09-29T17:15:26.600Z,2026-09-29T11:15:26.763-06:00,114.603,6.8,57.0,0.0,14.7,wind_drone_20260929
2026-09-29T17:15:26.956Z,2026-09-29T17:15:26.800Z,2026-09-29T11:15:26.956-06:00,114.796,6.7,57.0,0.0,14.7,wind_drone_20260929
2026-09-29T17:15:27.163Z,2026-09-29T17:15:27.000Z,2026-09-29T11:15:27.163-06:00,115.003,6.6,55.0,0.0,14.7,wind_drone_20260929
2026-09-29T17:15:27.356Z,2026-09-29T17:15:27.200Z,2026-09-29T11:15:27.356-06:00,115.196,6.5,57.0,0.0,14.7,wind_drone_20260929
2026-09-29T17:15:27.563Z,2026-09-29T17:15:27.400Z,2026-09-29T11:15:27.563-06:00,115.402,6.4,57.0,0.0,14.7,wind_drone_20260929
2026-09-29T17:15:27.756Z,2026-09-29T17:15:27.600Z,2026-09-29T11:15:27.756-06:00,115.595,6.3,56.0,0.0,14.7,wind_drone_20260929
2026-09-29T17:15:27.963Z,2026-09-29T17:15:27.800Z,2026-09-29T11:15:27.963-06:00,115.802,6.2,58.0,0.0,14.7,wind_drone_20260929
2026-09-29T17:15:28.156Z,2026-09-29T17:15:28.000Z,2026-09-29T11:15:28.156-06:00,115.995,6.1,60.0,0.0,14.7,wind_drone_20260929
2026-09-29T17:15:28.363Z,2026-09-29T17:15:28.200Z,2026-09-29T11:15:28.363-06:00,116.202,6.0,55.0,0.0,14.7,wind_drone_20260929
2026-09-29T17:15:28.555Z,2026-09-29T17:15:28.400Z,2026-09-29T11:15:28.555-06:00,116.395,5.9,47.0,0.0,14.7,wind_drone_20260929
2026-09-29T17:15:28.763Z,2026-09-29T17:15:28.600Z,2026-09-29T11:15:28.763-06:00,116.602,5.9,52.0,0.0,14.7,wind_drone_20260929
2026-09-29T17:15:28.955Z,2026-09-29T17:15:28.800Z,2026-09-29T11:15:28.955-06:00,116.795,5.8,53.0,0.0,14.7,wind_drone_20260929
2026-09-29T17:15:29.162Z,2026-09-29T17:15:29.000Z,2026-09-29T11:15:29.162-06:00,117.002,5.9,52.0,0.0,14.7,wind_drone_20260929
2026-09-29T17:15:29.355Z,2026-09-29T17:15:29.200Z,2026-09-29T11:15:29.355-06:00,117.195,5.9,51.0,0.0,14.7,wind_drone_20260929
2026-09-29T17:15:29.562Z,2026-09-29T17:15:29.400Z,2026-09-29T11:15:29.562-06:00,117.402,5.9,53.0,0.0,14.7,wind_drone_20260929
2026-09-29T17:15:29.755Z,2026-09-29T17:15:29.600Z,2026-09-29T11:15:29.755-06:00,117.595,5.8,50.0,0.0,14.7,wind_drone_20260929
2026-09-29T17:15:29.962Z,2026-09-29T17:15:29.800Z,2026-09-29T11:15:29.962-06:00,117.802,5.9,58.0,0.0,14.7,wind_drone_20260929
2026-09-29T17:15:30.155Z,2026-09-29T17:15:30.000Z,2026-09-29T11:15:30.155-06:00,117.994,5.9,60.0,0.0,14.7,wind_drone_20260929
2026-09-29T17:15:30.362Z,2026-09-29T17:15:30.200Z,2026-09-29T11:15:30.362-06:00,118.202,5.9,55.0,0.0,14.7,wind_drone_20260929
2026-09-29T17:15:30.555Z,2026-09-29T17:15:30.400Z,2026-09-29T11:15:30.555-06:00,118.394,5.9,59.0,0.0,14.7,wind_drone_20260929
2026-09-29T17:15:30.762Z,2026-09-29T17:15:30.600Z,2026-09-29T11:15:30.762-06:00,118.602,5.8,62.0,0.0,14.7,wind_drone_20260929
2026-09-29T17:15:30.955Z,2026-09-29T17:15:30.800Z,2026-09-29T11:15:30.955-06:00,118.794,5.8,63.0,0.0,14.7,wind_drone_20260929
2026-09-29T17:15:31.162Z,2026-09-29T17:15:31.000Z,2026-09-29T11:15:31.162-06:00,119.001,5.8,60.0,0.0,14.7,wind_drone_20260929
2026-09-29T17:15:31.354Z,2026-09-29T17:15:31.200Z,2026-09-29T11:15:31.354-06:00,119.194,5.8,63.0,0.0,14.7,wind_drone_20260929
2026-09-29T17:15:31.562Z,2026-09-29T17:15:31.400Z,2026-09-29T11:15:31.562-06:00,119.401,5.9,64.0,0.0,14.7,wind_drone_20260929
2026-09-29T17:15:31.754Z,2026-09-29T17:15:31.600Z,2026-09-29T11:15:31.754-06:00,119.594,6.1,60.0,0.0,14.7,wind_drone_20260929
2026-09-29T17:15:31.962Z,2026-09-29T17:15:31.800Z,2026-09-29T11:15:31.962-06:00,119.801,6.0,55.0,0.0,14.7,wind_drone_20260929
2026-09-29T17:15:32.154Z,2026-09-29T17:15:32.000Z,2026-09-29T11:15:32.154-06:00,119.994,6.2,56.0,0.0,14.7,wind_drone_20260929
2026-09-29T17:15:32.361Z,2026-09-29T17:15:32.200Z,2026-09-29T11:15:32.361-06:00,120.201,6.6,63.0,0.0,14.7,wind_drone_20260929
2026-09-29T17:15:32.554Z,2026-09-29T17:15:32.400Z,2026-09-29T11:15:32.554-06:00,120.394,6.8,62.0,0.0,14.7,wind_drone_20260929
2026-09-29T17:15:32.761Z,2026-09-29T17:15:32.600Z,2026-09-29T11:15:32.761-06:00,120.601,7.0,55.0,0.0,14.7,wind_drone_20260929
2026-09-29T17:15:32.954Z,2026-09-29T17:15:32.800Z,2026-09-29T11:15:32.954-06:00,120.793,7.1,50.0,0.0,14.7,wind_drone_20260929
2026-09-29T17:15:33.161Z,2026-09-29T17:15:33.000Z,2026-09-29T11:15:33.161-06:00,121.0,7.2,52.0,0.0,14.7,wind_drone_20260929
2026-09-29T17:15:33.354Z,2026-09-29T17:15:33.200Z,2026-09-29T11:15:33.354-06:00,121.193,7.2,57.0,0.0,14.7,wind_drone_20260929
2026-09-29T17:15:33.561Z,2026-09-29T17:15:33.400Z,2026-09-29T11:15:33.561-06:00,121.4,7.5,57.0,0.0,14.7,wind_drone_20260929
2026-09-29T17:15:33.754Z,2026-09-29T17:15:33.600Z,2026-09-29T11:15:33.754-06:00,121.593,7.6,53.0,0.0,14.7,wind_drone_20260929
2026-09-29T17:15:33.961Z,2026-09-29T17:15:33.800Z,2026-09-29T11:15:33.961-06:00,121.8,7.8,48.0,0.0,14.7,wind_drone_20260929
2026-09-29T17:15:34.153Z,2026-09-29T17:15:34.000Z,2026-09-29T11:15:34.153-06:00,121.993,8.1,49.0,0.0,14.7,wind_drone_20260929
2026-09-29T17:15:34.361Z,2026-09-29T17:15:34.200Z,2026-09-29T11:15:34.361-06:00,122.2,8.3,62.0,0.0,14.7,wind_drone_20260929
2026-09-29T17:15:34.553Z,2026-09-29T17:15:34.400Z,2026-09-29T11:15:34.553-06:00,122.393,8.4,58.0,0.0,14.7,wind_drone_20260929
2026-09-29T17:15:34.760Z,2026-09-29T17:15:34.600Z,2026-09-29T11:15:34.760-06:00,122.6,8.4,46.0,0.0,14.7,wind_drone_20260929
2026-09-29T17:15:34.954Z,2026-09-29T17:15:34.800Z,2026-09-29T11:15:34.954-06:00,122.793,8.4,41.0,0.0,14.7,wind_drone_20260929
2026-09-29T17:15:35.160Z,2026-09-29T17:15:35.000Z,2026-09-29T11:15:35.160-06:00,123.0,8.4,49.0,0.0,14.7,wind_drone_20260929
2026-09-29T17:15:35.353Z,2026-09-29T17:15:35.200Z,2026-09-29T11:15:35.353-06:00,123.193,8.3,50.0,0.0,14.7,wind_drone_20260929
2026-09-29T17:15:35.560Z,2026-09-29T17:15:35.400Z,2026-09-29T11:15:35.560-06:00,123.4,8.1,52.0,0.0,14.7,wind_drone_20260929
2026-09-29T17:15:35.753Z,2026-09-29T17:15:35.600Z,2026-09-29T11:15:35.753-06:00,123.593,7.8,55.0,0.0,14.7,wind_drone_20260929
2026-09-29T17:15:35.960Z,2026-09-29T17:15:35.800Z,2026-09-29T11:15:35.960-06:00,123.8,7.7,58.0,0.0,14.7,wind_drone_20260929
2026-09-29T17:15:36.153Z,2026-09-29T17:15:36.000Z,2026-09-29T11:15:36.153-06:00,123.992,7.7,56.0,0.0,14.7,wind_drone_20260929
2026-09-29T17:15:36.360Z,2026-09-29T17:15:36.200Z,2026-09-29T11:15:36.360-06:00,124.2,7.7,54.0,0.0,14.7,wind_drone_20260929
2026-09-29T17:15:36.553Z,2026-09-29T17:15:36.400Z,2026-09-29T11:15:36.553-06:00,124.393,7.8,50.0,0.0,14.7,wind_drone_20260929
2026-09-29T17:15:36.760Z,2026-09-29T17:15:36.600Z,2026-09-29T11:15:36.760-06:00,124.599,7.8,52.0,0.0,14.7,wind_drone_20260929
2026-09-29T17:15:36.953Z,2026-09-29T17:15:36.800Z,2026-09-29T11:15:36.953-06:00,124.792,7.7,55.0,0.0,14.7,wind_drone_20260929
2026-09-29T17:15:37.160Z,2026-09-29T17:15:37.000Z,2026-09-29T11:15:37.160-06:00,124.999,7.6,54.0,0.0,14.7,wind_drone_20260929
2026-09-29T17:15:37.352Z,2026-09-29T17:15:37.200Z,2026-09-29T11:15:37.352-06:00,125.192,7.5,51.0,0.0,14.7,wind_drone_20260929
2026-09-29T17:15:37.560Z,2026-09-29T17:15:37.400Z,2026-09-29T11:15:37.560-06:00,125.399,7.3,48.0,0.0,14.7,wind_drone_20260929
2026-09-29T17:15:37.752Z,2026-09-29T17:15:37.600Z,2026-09-29T11:15:37.752-06:00,125.592,7.2,51.0,0.0,14.7,wind_drone_20260929
2026-09-29T17:15:37.959Z,2026-09-29T17:15:37.800Z,2026-09-29T11:15:37.959-06:00,125.799,7.1,58.0,0.0,14.7,wind_drone_20260929
2026-09-29T17:15:38.152Z,2026-09-29T17:15:38.000Z,2026-09-29T11:15:38.152-06:00,125.991,7.0,59.0,0.0,14.7,wind_drone_20260929
2026-09-29T17:15:38.359Z,2026-09-29T17:15:38.200Z,2026-09-29T11:15:38.359-06:00,126.199,6.8,60.0,0.0,14.7,wind_drone_20260929
2026-09-29T17:15:38.566Z,2026-09-29T17:15:38.400Z,2026-09-29T11:15:38.566-06:00,126.406,6.8,55.0,0.0,14.7,wind_drone_20260929
2026-09-29T17:15:38.759Z,2026-09-29T17:15:38.600Z,2026-09-29T11:15:38.759-06:00,126.599,6.7,51.0,0.0,14.7,wind_drone_20260929
2026-09-29T17:15:38.966Z,2026-09-29T17:15:38.800Z,2026-09-29T11:15:38.966-06:00,126.806,6.7,57.0,0.0,14.7,wind_drone_20260929
2026-09-29T17:15:39.159Z,2026-09-29T17:15:39.000Z,2026-09-29T11:15:39.159-06:00,126.998,6.7,59.0,0.0,14.7,wind_drone_20260929
2026-09-29T17:15:39.366Z,2026-09-29T17:15:39.200Z,2026-09-29T11:15:39.366-06:00,127.206,6.6,59.0,0.0,14.7,wind_drone_20260929
2026-09-29T17:15:39.559Z,2026-09-29T17:15:39.400Z,2026-09-29T11:15:39.559-06:00,127.399,6.6,60.0,0.0,14.7,wind_drone_20260929
2026-09-29T17:15:39.766Z,2026-09-29T17:15:39.600Z,2026-09-29T11:15:39.766-06:00,127.606,6.6,60.0,0.0,14.7,wind_drone_20260929
2026-09-29T17:15:39.959Z,2026-09-29T17:15:39.800Z,2026-09-29T11:15:39.959-06:00,127.798,6.6,66.0,0.0,14.7,wind_drone_20260929
2026-09-29T17:15:40.166Z,2026-09-29T17:15:40.000Z,2026-09-29T11:15:40.166-06:00,128.006,6.6,69.0,0.0,14.7,wind_drone_20260929
2026-09-29T17:15:40.358Z,2026-09-29T17:15:40.200Z,2026-09-29T11:15:40.358-06:00,128.198,6.7,63.0,0.0,14.7,wind_drone_20260929
2026-09-29T17:15:40.566Z,2026-09-29T17:15:40.400Z,2026-09-29T11:15:40.566-06:00,128.405,6.7,63.0,0.0,14.7,wind_drone_20260929
2026-09-29T17:15:40.758Z,2026-09-29T17:15:40.600Z,2026-09-29T11:15:40.758-06:00,128.598,6.9,67.0,0.0,14.7,wind_drone_20260929
2026-09-29T17:15:40.966Z,2026-09-29T17:15:40.800Z,2026-09-29T11:15:40.966-06:00,128.805,7.0,70.0,0.0,14.7,wind_drone_20260929
2026-09-29T17:15:41.158Z,2026-09-29T17:15:41.000Z,2026-09-29T11:15:41.158-06:00,128.998,7.1,67.0,0.0,14.7,wind_drone_20260929
2026-09-29T17:15:41.366Z,2026-09-29T17:15:41.200Z,2026-09-29T11:15:41.366-06:00,129.205,7.0,64.0,0.0,14.7,wind_drone_20260929
2026-09-29T17:15:41.558Z,2026-09-29T17:15:41.400Z,2026-09-29T11:15:41.558-06:00,129.398,7.0,58.0,0.0,14.7,wind_drone_20260929
2026-09-29T17:15:41.765Z,2026-09-29T17:15:41.600Z,2026-09-29T11:15:41.765-06:00,129.605,6.9,55.0,0.0,14.7,wind_drone_20260929
2026-09-29T17:15:41.958Z,2026-09-29T17:15:41.800Z,2026-09-29T11:15:41.958-06:00,129.798,6.7,64.0,0.0,14.7,wind_drone_20260929
2026-09-29T17:15:42.165Z,2026-09-29T17:15:42.000Z,2026-09-29T11:15:42.165-06:00,130.005,6.6,70.0,0.0,14.7,wind_drone_20260929
2026-09-29T17:15:42.358Z,2026-09-29T17:15:42.200Z,2026-09-29T11:15:42.358-06:00,130.198,6.4,65.0,0.0,14.7,wind_drone_20260929
2026-09-29T17:15:42.565Z,2026-09-29T17:15:42.400Z,2026-09-29T11:15:42.565-06:00,130.405,6.3,60.0,0.0,14.7,wind_drone_20260929
2026-09-29T17:15:42.758Z,2026-09-29T17:15:42.600Z,2026-09-29T11:15:42.758-06:00,130.597,6.3,67.0,0.0,14.7,wind_drone_20260929
2026-09-29T17:15:42.965Z,2026-09-29T17:15:42.800Z,2026-09-29T11:15:42.965-06:00,130.804,6.4,76.0,0.0,14.7,wind_drone_20260929
2026-09-29T17:15:43.158Z,2026-09-29T17:15:43.000Z,2026-09-29T11:15:43.158-06:00,130.997,6.5,82.0,0.0,14.7,wind_drone_20260929
2026-09-29T17:15:43.365Z,2026-09-29T17:15:43.200Z,2026-09-29T11:15:43.365-06:00,131.204,6.6,83.0,0.0,14.7,wind_drone_20260929
2026-09-29T17:15:43.558Z,2026-09-29T17:15:43.400Z,2026-09-29T11:15:43.558-06:00,131.397,6.6,84.0,0.0,14.7,wind_drone_20260929
2026-09-29T17:15:43.765Z,2026-09-29T17:15:43.600Z,2026-09-29T11:15:43.765-06:00,131.604,6.6,80.0,0.0,14.7,wind_drone_20260929
2026-09-29T17:15:43.957Z,2026-09-29T17:15:43.800Z,2026-09-29T11:15:43.957-06:00,131.797,6.8,89.0,0.0,14.7,wind_drone_20260929
2026-09-29T17:15:44.165Z,2026-09-29T17:15:44.000Z,2026-09-29T11:15:44.165-06:00,132.004,6.9,97.0,0.0,14.7,wind_drone_20260929
2026-09-29T17:15:44.357Z,2026-09-29T17:15:44.200Z,2026-09-29T11:15:44.357-06:00,132.197,6.8,86.0,0.0,14.7,wind_drone_20260929
2026-09-29T17:15:44.564Z,2026-09-29T17:15:44.400Z,2026-09-29T11:15:44.564-06:00,132.404,6.9,87.0,0.0,14.7,wind_drone_20260929
2026-09-29T17:15:44.757Z,2026-09-29T17:15:44.600Z,2026-09-29T11:15:44.757-06:00,132.597,6.8,83.0,0.0,14.7,wind_drone_20260929
2026-09-29T17:15:44.964Z,2026-09-29T17:15:44.800Z,2026-09-29T11:15:44.964-06:00,132.804,6.7,79.0,0.0,14.7,wind_drone_20260929
2026-09-29T17:15:45.157Z,2026-09-29T17:15:45.000Z,2026-09-29T11:15:45.157-06:00,132.997,6.7,83.0,0.0,14.7,wind_drone_20260929
2026-09-29T17:15:45.364Z,2026-09-29T17:15:45.200Z,2026-09-29T11:15:45.364-06:00,133.204,6.6,79.0,0.0,14.7,wind_drone_20260929
2026-09-29T17:15:45.557Z,2026-09-29T17:15:45.400Z,2026-09-29T11:15:45.557-06:00,133.396,6.4,74.0,0.0,14.7,wind_drone_20260929
2026-09-29T17:15:45.764Z,2026-09-29T17:15:45.600Z,2026-09-29T11:15:45.764-06:00,133.604,6.2,84.0,0.0,14.7,wind_drone_20260929
2026-09-29T17:15:45.957Z,2026-09-29T17:15:45.800Z,2026-09-29T11:15:45.957-06:00,133.796,6.0,85.0,0.0,14.7,wind_drone_20260929
2026-09-29T17:15:46.164Z,2026-09-29T17:15:46.000Z,2026-09-29T11:15:46.164-06:00,134.003,5.8,77.0,0.0,14.7,wind_drone_20260929
2026-09-29T17:15:46.357Z,2026-09-29T17:15:46.200Z,2026-09-29T11:15:46.357-06:00,134.196,5.5,75.0,0.0,14.7,wind_drone_20260929
2026-09-29T17:15:46.564Z,2026-09-29T17:15:46.400Z,2026-09-29T11:15:46.564-06:00,134.403,5.3,74.0,0.0,14.7,wind_drone_20260929
2026-09-29T17:15:46.756Z,2026-09-29T17:15:46.600Z,2026-09-29T11:15:46.756-06:00,134.596,5.2,70.0,0.0,14.7,wind_drone_20260929
2026-09-29T17:15:46.964Z,2026-09-29T17:15:46.800Z,2026-09-29T11:15:46.964-06:00,134.803,5.1,70.0,0.0,14.7,wind_drone_20260929
2026-09-29T17:15:47.156Z,2026-09-29T17:15:47.000Z,2026-09-29T11:15:47.156-06:00,134.996,5.0,73.0,0.0,14.7,wind_drone_20260929
2026-09-29T17:15:47.363Z,2026-09-29T17:15:47.200Z,2026-09-29T11:15:47.363-06:00,135.203,4.9,72.0,0.0,14.7,wind_drone_20260929
2026-09-29T17:15:47.556Z,2026-09-29T17:15:47.400Z,2026-09-29T11:15:47.556-06:00,135.396,4.9,68.0,0.0,14.7,wind_drone_20260929
2026-09-29T17:15:47.763Z,2026-09-29T17:15:47.600Z,2026-09-29T11:15:47.763-06:00,135.603,4.9,64.0,0.0,14.7,wind_drone_20260929
2026-09-29T17:15:47.956Z,2026-09-29T17:15:47.800Z,2026-09-29T11:15:47.956-06:00,135.796,5.1,66.0,0.0,14.7,wind_drone_20260929
2026-09-29T17:15:48.163Z,2026-09-29T17:15:48.000Z,2026-09-29T11:15:48.163-06:00,136.003,5.1,75.0,0.0,14.7,wind_drone_20260929
2026-09-29T17:15:48.356Z,2026-09-29T17:15:48.200Z,2026-09-29T11:15:48.356-06:00,136.195,5.2,70.0,0.0,14.7,wind_drone_20260929
2026-09-29T17:15:48.563Z,2026-09-29T17:15:48.400Z,2026-09-29T11:15:48.563-06:00,136.403,5.3,65.0,0.0,14.7,wind_drone_20260929
2026-09-29T17:15:48.756Z,2026-09-29T17:15:48.600Z,2026-09-29T11:15:48.756-06:00,136.595,5.4,66.0,0.0,14.7,wind_drone_20260929
2026-09-29T17:15:48.963Z,2026-09-29T17:15:48.800Z,2026-09-29T11:15:48.963-06:00,136.803,5.4,67.0,0.0,14.7,wind_drone_20260929
2026-09-29T17:15:49.156Z,2026-09-29T17:15:49.000Z,2026-09-29T11:15:49.156-06:00,136.995,5.4,70.0,0.0,14.7,wind_drone_20260929
2026-09-29T17:15:49.363Z,2026-09-29T17:15:49.200Z,2026-09-29T11:15:49.363-06:00,137.202,5.4,67.0,0.0,14.7,wind_drone_20260929
2026-09-29T17:15:49.556Z,2026-09-29T17:15:49.400Z,2026-09-29T11:15:49.556-06:00,137.395,5.4,69.0,0.0,14.7,wind_drone_20260929
2026-09-29T17:15:49.763Z,2026-09-29T17:15:49.600Z,2026-09-29T11:15:49.763-06:00,137.602,5.5,69.0,0.0,14.7,wind_drone_20260929
2026-09-29T17:15:49.955Z,2026-09-29T17:15:49.800Z,2026-09-29T11:15:49.955-06:00,137.795,5.5,67.0,0.0,14.7,wind_drone_20260929
2026-09-29T17:15:50.162Z,2026-09-29T17:15:50.000Z,2026-09-29T11:15:50.162-06:00,138.002,5.6,67.0,0.0,14.7,wind_drone_20260929
2026-09-29T17:15:50.355Z,2026-09-29T17:15:50.200Z,2026-09-29T11:15:50.355-06:00,138.195,5.7,67.0,0.0,14.7,wind_drone_20260929
2026-09-29T17:15:50.562Z,2026-09-29T17:15:50.400Z,2026-09-29T11:15:50.562-06:00,138.402,5.7,63.0,0.0,14.7,wind_drone_20260929
2026-09-29T17:15:50.755Z,2026-09-29T17:15:50.600Z,2026-09-29T11:15:50.755-06:00,138.595,5.8,66.0,0.0,14.7,wind_drone_20260929
2026-09-29T17:15:50.962Z,2026-09-29T17:15:50.800Z,2026-09-29T11:15:50.962-06:00,138.802,5.8,65.0,0.0,14.7,wind_drone_20260929
2026-09-29T17:15:51.155Z,2026-09-29T17:15:51.000Z,2026-09-29T11:15:51.155-06:00,138.995,5.7,67.0,0.0,14.7,wind_drone_20260929
2026-09-29T17:15:51.362Z,2026-09-29T17:15:51.200Z,2026-09-29T11:15:51.362-06:00,139.201,5.6,64.0,0.0,14.7,wind_drone_20260929
2026-09-29T17:15:51.555Z,2026-09-29T17:15:51.400Z,2026-09-29T11:15:51.555-06:00,139.394,5.7,65.0,0.0,14.7,wind_drone_20260929
2026-09-29T17:15:51.762Z,2026-09-29T17:15:51.600Z,2026-09-29T11:15:51.762-06:00,139.602,5.6,69.0,0.0,14.7,wind_drone_20260929
2026-09-29T17:15:51.955Z,2026-09-29T17:15:51.800Z,2026-09-29T11:15:51.955-06:00,139.794,5.6,68.0,0.0,14.7,wind_drone_20260929
2026-09-29T17:15:52.162Z,2026-09-29T17:15:52.000Z,2026-09-29T11:15:52.162-06:00,140.001,5.5,64.0,0.0,14.7,wind_drone_20260929
2026-09-29T17:15:52.354Z,2026-09-29T17:15:52.200Z,2026-09-29T11:15:52.354-06:00,140.194,5.5,65.0,0.0,14.7,wind_drone_20260929
2026-09-29T17:15:52.562Z,2026-09-29T17:15:52.400Z,2026-09-29T11:15:52.562-06:00,140.401,5.7,65.0,0.0,14.7,wind_drone_20260929
2026-09-29T17:15:52.754Z,2026-09-29T17:15:52.600Z,2026-09-29T11:15:52.754-06:00,140.594,5.8,62.0,0.0,14.7,wind_drone_20260929
2026-09-29T17:15:52.962Z,2026-09-29T17:15:52.800Z,2026-09-29T11:15:52.962-06:00,140.801,5.9,59.0,0.0,14.7,wind_drone_20260929
2026-09-29T17:15:53.154Z,2026-09-29T17:15:53.000Z,2026-09-29T11:15:53.154-06:00,140.994,5.9,64.0,0.0,14.7,wind_drone_20260929
2026-09-29T17:15:53.361Z,2026-09-29T17:15:53.200Z,2026-09-29T11:15:53.361-06:00,141.201,6.0,62.0,0.0,14.7,wind_drone_20260929
2026-09-29T17:15:53.554Z,2026-09-29T17:15:53.400Z,2026-09-29T11:15:53.554-06:00,141.394,6.0,57.0,0.0,14.7,wind_drone_20260929
2026-09-29T17:15:53.761Z,2026-09-29T17:15:53.600Z,2026-09-29T11:15:53.761-06:00,141.601,6.0,54.0,0.0,14.7,wind_drone_20260929
2026-09-29T17:15:53.954Z,2026-09-29T17:15:53.800Z,2026-09-29T11:15:53.954-06:00,141.793,6.1,54.0,0.0,14.7,wind_drone_20260929
2026-09-29T17:15:54.161Z,2026-09-29T17:15:54.000Z,2026-09-29T11:15:54.161-06:00,142.001,6.0,56.0,0.0,14.7,wind_drone_20260929
2026-09-29T17:15:54.354Z,2026-09-29T17:15:54.200Z,2026-09-29T11:15:54.354-06:00,142.193,6.0,60.0,0.0,14.7,wind_drone_20260929
2026-09-29T17:15:54.561Z,2026-09-29T17:15:54.400Z,2026-09-29T11:15:54.561-06:00,142.4,5.9,61.0,0.0,14.7,wind_drone_20260929
2026-09-29T17:15:54.754Z,2026-09-29T17:15:54.600Z,2026-09-29T11:15:54.754-06:00,142.593,5.8,64.0,0.0,14.7,wind_drone_20260929
2026-09-29T17:15:54.961Z,2026-09-29T17:15:54.800Z,2026-09-29T11:15:54.961-06:00,142.801,5.6,61.0,0.0,14.7,wind_drone_20260929
2026-09-29T17:15:55.154Z,2026-09-29T17:15:55.000Z,2026-09-29T11:15:55.154-06:00,142.993,5.5,60.0,0.0,14.7,wind_drone_20260929
2026-09-29T17:15:55.361Z,2026-09-29T17:15:55.200Z,2026-09-29T11:15:55.361-06:00,143.2,5.4,59.0,0.0,14.7,wind_drone_20260929
2026-09-29T17:15:55.554Z,2026-09-29T17:15:55.400Z,2026-09-29T11:15:55.554-06:00,143.393,5.3,57.0,0.0,14.7,wind_drone_20260929
2026-09-29T17:15:55.761Z,2026-09-29T17:15:55.600Z,2026-09-29T11:15:55.761-06:00,143.6,5.4,56.0,0.0,14.7,wind_drone_20260929
2026-09-29T17:15:55.954Z,2026-09-29T17:15:55.800Z,2026-09-29T11:15:55.954-06:00,143.793,5.3,55.0,0.0,14.7,wind_drone_20260929
2026-09-29T17:15:56.160Z,2026-09-29T17:15:56.000Z,2026-09-29T11:15:56.160-06:00,144.0,5.5,53.0,0.0,14.7,wind_drone_20260929
2026-09-29T17:15:56.354Z,2026-09-29T17:15:56.200Z,2026-09-29T11:15:56.354-06:00,144.193,5.6,62.0,0.0,14.7,wind_drone_20260929
2026-09-29T17:15:56.560Z,2026-09-29T17:15:56.400Z,2026-09-29T11:15:56.560-06:00,144.4,5.7,54.0,0.0,14.7,wind_drone_20260929
2026-09-29T17:15:56.753Z,2026-09-29T17:15:56.600Z,2026-09-29T11:15:56.753-06:00,144.593,5.7,55.0,0.0,14.7,wind_drone_20260929
2026-09-29T17:15:56.960Z,2026-09-29T17:15:56.800Z,2026-09-29T11:15:56.960-06:00,144.799,5.7,62.0,0.0,14.7,wind_drone_20260929
2026-09-29T17:15:57.153Z,2026-09-29T17:15:57.000Z,2026-09-29T11:15:57.153-06:00,144.993,5.6,62.0,0.0,14.7,wind_drone_20260929
2026-09-29T17:15:57.360Z,2026-09-29T17:15:57.200Z,2026-09-29T11:15:57.360-06:00,145.2,5.5,64.0,0.0,14.7,wind_drone_20260929
2026-09-29T17:15:57.553Z,2026-09-29T17:15:57.400Z,2026-09-29T11:15:57.553-06:00,145.393,5.4,67.0,0.0,14.7,wind_drone_20260929
2026-09-29T17:15:57.760Z,2026-09-29T17:15:57.600Z,2026-09-29T11:15:57.760-06:00,145.6,5.1,65.0,0.0,14.7,wind_drone_20260929
2026-09-29T17:15:57.953Z,2026-09-29T17:15:57.800Z,2026-09-29T11:15:57.953-06:00,145.792,5.0,59.0,0.0,14.7,wind_drone_20260929
2026-09-29T17:15:58.160Z,2026-09-29T17:15:58.000Z,2026-09-29T11:15:58.160-06:00,145.999,4.9,61.0,0.0,14.7,wind_drone_20260929
2026-09-29T17:15:58.353Z,2026-09-29T17:15:58.200Z,2026-09-29T11:15:58.353-06:00,146.192,4.9,63.0,0.0,14.7,wind_drone_20260929
2026-09-29T17:15:58.560Z,2026-09-29T17:15:58.400Z,2026-09-29T11:15:58.560-06:00,146.399,4.8,62.0,0.0,14.7,wind_drone_20260929
2026-09-29T17:15:58.752Z,2026-09-29T17:15:58.600Z,2026-09-29T11:15:58.752-06:00,146.592,4.9,63.0,0.0,14.7,wind_drone_20260929
2026-09-29T17:15:58.960Z,2026-09-29T17:15:58.800Z,2026-09-29T11:15:58.960-06:00,146.799,4.8,64.0,0.0,14.7,wind_drone_20260929
2026-09-29T17:15:59.153Z,2026-09-29T17:15:59.000Z,2026-09-29T11:15:59.153-06:00,146.992,4.8,57.0,0.0,14.7,wind_drone_20260929
2026-09-29T17:15:59.360Z,2026-09-29T17:15:59.200Z,2026-09-29T11:15:59.360-06:00,147.199,4.8,56.0,0.0,14.7,wind_drone_20260929
2026-09-29T17:15:59.567Z,2026-09-29T17:15:59.400Z,2026-09-29T11:15:59.567-06:00,147.406,4.8,58.0,0.0,14.7,wind_drone_20260929
2026-09-29T17:15:59.759Z,2026-09-29T17:15:59.600Z,2026-09-29T11:15:59.759-06:00,147.599,4.7,57.0,0.0,14.7,wind_drone_20260929
2026-09-29T17:15:59.966Z,2026-09-29T17:15:59.800Z,2026-09-29T11:15:59.966-06:00,147.806,4.7,57.0,0.0,14.7,wind_drone_20260929
2026-09-29T17:16:00.159Z,2026-09-29T17:16:00.000Z,2026-09-29T11:16:00.159-06:00,147.999,4.9,57.0,0.0,14.7,wind_drone_20260929
2026-09-29T17:16:00.366Z,2026-09-29T17:16:00.200Z,2026-09-29T11:16:00.366-06:00,148.206,4.9,59.0,0.0,14.7,wind_drone_20260929
2026-09-29T17:16:00.559Z,2026-09-29T17:16:00.400Z,2026-09-29T11:16:00.559-06:00,148.399,5.1,59.0,0.0,14.7,wind_drone_20260929
2026-09-29T17:16:00.766Z,2026-09-29T17:16:00.600Z,2026-09-29T11:16:00.766-06:00,148.606,5.3,61.0,0.0,14.7,wind_drone_20260929
2026-09-29T17:16:00.959Z,2026-09-29T17:16:00.800Z,2026-09-29T11:16:00.959-06:00,148.798,5.5,58.0,0.0,14.7,wind_drone_20260929
2026-09-29T17:16:01.166Z,2026-09-29T17:16:01.000Z,2026-09-29T11:16:01.166-06:00,149.005,5.7,57.0,0.0,14.7,wind_drone_20260929
2026-09-29T17:16:01.359Z,2026-09-29T17:16:01.200Z,2026-09-29T11:16:01.359-06:00,149.198,5.9,59.0,0.0,14.7,wind_drone_20260929
2026-09-29T17:16:01.566Z,2026-09-29T17:16:01.400Z,2026-09-29T11:16:01.566-06:00,149.405,6.0,55.0,0.0,14.7,wind_drone_20260929
2026-09-29T17:16:01.759Z,2026-09-29T17:16:01.600Z,2026-09-29T11:16:01.759-06:00,149.598,6.1,48.0,0.0,14.7,wind_drone_20260929
2026-09-29T17:16:01.966Z,2026-09-29T17:16:01.800Z,2026-09-29T11:16:01.966-06:00,149.805,6.3,50.0,0.0,14.7,wind_drone_20260929
2026-09-29T17:16:02.158Z,2026-09-29T17:16:02.000Z,2026-09-29T11:16:02.158-06:00,149.998,6.5,54.0,0.0,14.7,wind_drone_20260929
2026-09-29T17:16:02.366Z,2026-09-29T17:16:02.200Z,2026-09-29T11:16:02.366-06:00,150.205,6.6,54.0,0.0,14.7,wind_drone_20260929
2026-09-29T17:16:02.558Z,2026-09-29T17:16:02.400Z,2026-09-29T11:16:02.558-06:00,150.398,6.7,49.0,0.0,14.7,wind_drone_20260929
2026-09-29T17:16:02.765Z,2026-09-29T17:16:02.600Z,2026-09-29T11:16:02.765-06:00,150.605,6.6,49.0,0.0,14.7,wind_drone_20260929
2026-09-29T17:16:02.958Z,2026-09-29T17:16:02.800Z,2026-09-29T11:16:02.958-06:00,150.797,6.5,47.0,0.0,14.7,wind_drone_20260929
2026-09-29T17:16:03.165Z,2026-09-29T17:16:03.000Z,2026-09-29T11:16:03.165-06:00,151.005,6.5,44.0,0.0,14.7,wind_drone_20260929
2026-09-29T17:16:03.358Z,2026-09-29T17:16:03.200Z,2026-09-29T11:16:03.358-06:00,151.198,6.3,45.0,0.0,14.7,wind_drone_20260929
2026-09-29T17:16:03.565Z,2026-09-29T17:16:03.400Z,2026-09-29T11:16:03.565-06:00,151.405,6.1,47.0,0.0,14.7,wind_drone_20260929
2026-09-29T17:16:03.758Z,2026-09-29T17:16:03.600Z,2026-09-29T11:16:03.758-06:00,151.597,5.8,51.0,0.0,14.7,wind_drone_20260929
2026-09-29T17:16:03.965Z,2026-09-29T17:16:03.800Z,2026-09-29T11:16:03.965-06:00,151.805,5.6,48.0,0.0,14.7,wind_drone_20260929
2026-09-29T17:16:04.158Z,2026-09-29T17:16:04.000Z,2026-09-29T11:16:04.158-06:00,151.997,5.6,45.0,0.0,14.7,wind_drone_20260929
2026-09-29T17:16:04.365Z,2026-09-29T17:16:04.200Z,2026-09-29T11:16:04.365-06:00,152.204,5.6,50.0,0.0,14.7,wind_drone_20260929
2026-09-29T17:16:04.557Z,2026-09-29T17:16:04.400Z,2026-09-29T11:16:04.557-06:00,152.397,5.6,56.0,0.0,14.7,wind_drone_20260929
2026-09-29T17:16:04.765Z,2026-09-29T17:16:04.600Z,2026-09-29T11:16:04.765-06:00,152.604,5.6,56.0,0.0,14.7,wind_drone_20260929
2026-09-29T17:16:04.957Z,2026-09-29T17:16:04.800Z,2026-09-29T11:16:04.957-06:00,152.797,5.7,56.0,0.0,14.7,wind_drone_20260929
2026-09-29T17:16:05.165Z,2026-09-29T17:16:05.000Z,2026-09-29T11:16:05.165-06:00,153.004,5.9,53.0,0.0,14.7,wind_drone_20260929
2026-09-29T17:16:05.357Z,2026-09-29T17:16:05.200Z,2026-09-29T11:16:05.357-06:00,153.197,6.0,47.0,0.0,14.7,wind_drone_20260929
2026-09-29T17:16:05.564Z,2026-09-29T17:16:05.400Z,2026-09-29T11:16:05.564-06:00,153.404,6.0,44.0,0.0,14.7,wind_drone_20260929
2026-09-29T17:16:05.757Z,2026-09-29T17:16:05.600Z,2026-09-29T11:16:05.757-06:00,153.597,6.0,61.0,0.0,14.7,wind_drone_20260929
2026-09-29T17:16:05.964Z,2026-09-29T17:16:05.800Z,2026-09-29T11:16:05.964-06:00,153.804,5.9,67.0,0.0,14.7,wind_drone_20260929
2026-09-29T17:16:06.157Z,2026-09-29T17:16:06.000Z,2026-09-29T11:16:06.157-06:00,153.997,6.0,51.0,0.0,14.7,wind_drone_20260929
2026-09-29T17:16:06.364Z,2026-09-29T17:16:06.200Z,2026-09-29T11:16:06.364-06:00,154.204,6.0,52.0,0.0,14.7,wind_drone_20260929
2026-09-29T17:16:06.557Z,2026-09-29T17:16:06.400Z,2026-09-29T11:16:06.557-06:00,154.396,6.0,53.0,0.0,14.7,wind_drone_20260929
2026-09-29T17:16:06.764Z,2026-09-29T17:16:06.600Z,2026-09-29T11:16:06.764-06:00,154.604,5.9,51.0,0.0,14.7,wind_drone_20260929
2026-09-29T17:16:06.957Z,2026-09-29T17:16:06.800Z,2026-09-29T11:16:06.957-06:00,154.796,6.0,55.0,0.0,14.7,wind_drone_20260929
2026-09-29T17:16:07.164Z,2026-09-29T17:16:07.000Z,2026-09-29T11:16:07.164-06:00,155.003,6.0,62.0,0.0,14.7,wind_drone_20260929
2026-09-29T17:16:07.356Z,2026-09-29T17:16:07.200Z,2026-09-29T11:16:07.356-06:00,155.196,6.0,56.0,0.0,14.7,wind_drone_20260929
2026-09-29T17:16:07.564Z,2026-09-29T17:16:07.400Z,2026-09-29T11:16:07.564-06:00,155.403,6.0,50.0,0.0,14.7,wind_drone_20260929
2026-09-29T17:16:07.756Z,2026-09-29T17:16:07.600Z,2026-09-29T11:16:07.756-06:00,155.596,6.0,50.0,0.0,14.7,wind_drone_20260929
2026-09-29T17:16:07.964Z,2026-09-29T17:16:07.800Z,2026-09-29T11:16:07.964-06:00,155.803,6.0,51.0,0.0,14.7,wind_drone_20260929
2026-09-29T17:16:08.156Z,2026-09-29T17:16:08.000Z,2026-09-29T11:16:08.156-06:00,155.996,6.0,57.0,0.0,14.8,wind_drone_20260929
2026-09-29T17:16:08.363Z,2026-09-29T17:16:08.200Z,2026-09-29T11:16:08.363-06:00,156.203,6.0,56.0,0.0,14.8,wind_drone_20260929
2026-09-29T17:16:08.556Z,2026-09-29T17:16:08.400Z,2026-09-29T11:16:08.556-06:00,156.396,5.9,58.0,0.0,14.8,wind_drone_20260929
2026-09-29T17:16:08.763Z,2026-09-29T17:16:08.600Z,2026-09-29T11:16:08.763-06:00,156.603,5.8,57.0,0.0,14.8,wind_drone_20260929
2026-09-29T17:16:08.956Z,2026-09-29T17:16:08.800Z,2026-09-29T11:16:08.956-06:00,156.795,5.7,52.0,0.0,14.8,wind_drone_20260929
2026-09-29T17:16:09.163Z,2026-09-29T17:16:09.000Z,2026-09-29T11:16:09.163-06:00,157.003,5.6,49.0,0.0,14.8,wind_drone_20260929
2026-09-29T17:16:09.356Z,2026-09-29T17:16:09.200Z,2026-09-29T11:16:09.356-06:00,157.195,5.4,45.0,0.0,14.8,wind_drone_20260929
2026-09-29T17:16:09.563Z,2026-09-29T17:16:09.400Z,2026-09-29T11:16:09.563-06:00,157.403,5.2,43.0,0.0,14.8,wind_drone_20260929
2026-09-29T17:16:09.756Z,2026-09-29T17:16:09.600Z,2026-09-29T11:16:09.756-06:00,157.595,5.0,43.0,0.0,14.8,wind_drone_20260929
2026-09-29T17:16:09.963Z,2026-09-29T17:16:09.800Z,2026-09-29T11:16:09.963-06:00,157.803,4.9,49.0,0.0,14.8,wind_drone_20260929
2026-09-29T17:16:10.156Z,2026-09-29T17:16:10.000Z,2026-09-29T11:16:10.156-06:00,157.995,4.8,53.0,0.0,14.8,wind_drone_20260929
2026-09-29T17:16:10.363Z,2026-09-29T17:16:10.200Z,2026-09-29T11:16:10.363-06:00,158.202,4.7,56.0,0.0,14.8,wind_drone_20260929
2026-09-29T17:16:10.555Z,2026-09-29T17:16:10.400Z,2026-09-29T11:16:10.555-06:00,158.395,4.5,63.0,0.0,14.8,wind_drone_20260929
2026-09-29T17:16:10.763Z,2026-09-29T17:16:10.600Z,2026-09-29T11:16:10.763-06:00,158.602,4.4,68.0,0.0,14.8,wind_drone_20260929
2026-09-29T17:16:10.955Z,2026-09-29T17:16:10.800Z,2026-09-29T11:16:10.955-06:00,158.795,4.4,74.0,0.0,14.8,wind_drone_20260929
2026-09-29T17:16:11.162Z,2026-09-29T17:16:11.000Z,2026-09-29T11:16:11.162-06:00,159.002,4.6,84.0,0.0,14.8,wind_drone_20260929
2026-09-29T17:16:11.355Z,2026-09-29T17:16:11.200Z,2026-09-29T11:16:11.355-06:00,159.195,4.7,87.0,0.0,14.8,wind_drone_20260929
2026-09-29T17:16:11.562Z,2026-09-29T17:16:11.400Z,2026-09-29T11:16:11.562-06:00,159.402,4.8,80.0,0.0,14.8,wind_drone_20260929
2026-09-29T17:16:11.755Z,2026-09-29T17:16:11.600Z,2026-09-29T11:16:11.755-06:00,159.595,4.7,82.0,0.0,14.8,wind_drone_20260929
2026-09-29T17:16:11.962Z,2026-09-29T17:16:11.800Z,2026-09-29T11:16:11.962-06:00,159.802,4.7,83.0,0.0,14.8,wind_drone_20260929
2026-09-29T17:16:12.155Z,2026-09-29T17:16:12.000Z,2026-09-29T11:16:12.155-06:00,159.995,4.8,81.0,0.0,14.8,wind_drone_20260929
2026-09-29T17:16:12.362Z,2026-09-29T17:16:12.200Z,2026-09-29T11:16:12.362-06:00,160.202,4.8,79.0,0.0,14.8,wind_drone_20260929
2026-09-29T17:16:12.555Z,2026-09-29T17:16:12.400Z,2026-09-29T11:16:12.555-06:00,160.394,4.8,76.0,0.0,14.8,wind_drone_20260929
2026-09-29T17:16:12.762Z,2026-09-29T17:16:12.600Z,2026-09-29T11:16:12.762-06:00,160.601,4.6,75.0,0.0,14.8,wind_drone_20260929
2026-09-29T17:16:12.955Z,2026-09-29T17:16:12.800Z,2026-09-29T11:16:12.955-06:00,160.794,4.6,75.0,0.0,14.8,wind_drone_20260929
2026-09-29T17:16:13.162Z,2026-09-29T17:16:13.000Z,2026-09-29T11:16:13.162-06:00,161.001,4.6,78.0,0.0,14.8,wind_drone_20260929
2026-09-29T17:16:13.354Z,2026-09-29T17:16:13.200Z,2026-09-29T11:16:13.354-06:00,161.194,4.5,75.0,0.0,14.8,wind_drone_20260929
2026-09-29T17:16:13.562Z,2026-09-29T17:16:13.400Z,2026-09-29T11:16:13.562-06:00,161.401,4.5,76.0,0.0,14.8,wind_drone_20260929
2026-09-29T17:16:13.755Z,2026-09-29T17:16:13.600Z,2026-09-29T11:16:13.755-06:00,161.594,4.5,80.0,0.0,14.8,wind_drone_20260929
2026-09-29T17:16:13.961Z,2026-09-29T17:16:13.800Z,2026-09-29T11:16:13.961-06:00,161.801,4.5,83.0,0.0,14.8,wind_drone_20260929
2026-09-29T17:16:14.154Z,2026-09-29T17:16:14.000Z,2026-09-29T11:16:14.154-06:00,161.994,4.4,87.0,0.0,14.8,wind_drone_20260929
2026-09-29T17:16:14.361Z,2026-09-29T17:16:14.200Z,2026-09-29T11:16:14.361-06:00,162.201,4.3,88.0,0.0,14.8,wind_drone_20260929
2026-09-29T17:16:14.554Z,2026-09-29T17:16:14.400Z,2026-09-29T11:16:14.554-06:00,162.394,4.3,90.0,0.0,14.8,wind_drone_20260929
2026-09-29T17:16:14.761Z,2026-09-29T17:16:14.600Z,2026-09-29T11:16:14.761-06:00,162.601,4.2,85.0,0.0,14.8,wind_drone_20260929
2026-09-29T17:16:14.954Z,2026-09-29T17:16:14.800Z,2026-09-29T11:16:14.954-06:00,162.793,4.1,84.0,0.0,14.8,wind_drone_20260929
2026-09-29T17:16:15.161Z,2026-09-29T17:16:15.000Z,2026-09-29T11:16:15.161-06:00,163.001,4.1,82.0,0.0,14.8,wind_drone_20260929
2026-09-29T17:16:15.354Z,2026-09-29T17:16:15.200Z,2026-09-29T11:16:15.354-06:00,163.193,4.2,80.0,0.0,14.8,wind_drone_20260929
2026-09-29T17:16:15.561Z,2026-09-29T17:16:15.400Z,2026-09-29T11:16:15.561-06:00,163.4,4.5,69.0,0.0,14.8,wind_drone_20260929
2026-09-29T17:16:15.754Z,2026-09-29T17:16:15.600Z,2026-09-29T11:16:15.754-06:00,163.593,4.7,61.0,0.0,14.8,wind_drone_20260929
2026-09-29T17:16:15.961Z,2026-09-29T17:16:15.800Z,2026-09-29T11:16:15.961-06:00,163.8,5.0,58.0,0.0,14.8,wind_drone_20260929
2026-09-29T17:16:16.154Z,2026-09-29T17:16:16.000Z,2026-09-29T11:16:16.154-06:00,163.993,5.1,55.0,0.0,14.8,wind_drone_20260929
2026-09-29T17:16:16.361Z,2026-09-29T17:16:16.200Z,2026-09-29T11:16:16.361-06:00,164.2,5.3,52.0,0.0,14.8,wind_drone_20260929
2026-09-29T17:16:16.554Z,2026-09-29T17:16:16.400Z,2026-09-29T11:16:16.554-06:00,164.393,5.5,48.0,0.0,14.8,wind_drone_20260929
2026-09-29T17:16:16.760Z,2026-09-29T17:16:16.600Z,2026-09-29T11:16:16.760-06:00,164.6,5.6,42.0,0.0,14.8,wind_drone_20260929
2026-09-29T17:16:16.954Z,2026-09-29T17:16:16.800Z,2026-09-29T11:16:16.954-06:00,164.793,5.6,43.0,0.0,14.8,wind_drone_20260929
2026-09-29T17:16:17.160Z,2026-09-29T17:16:17.000Z,2026-09-29T11:16:17.160-06:00,165.0,5.6,41.0,0.0,14.8,wind_drone_20260929
2026-09-29T17:16:17.353Z,2026-09-29T17:16:17.200Z,2026-09-29T11:16:17.353-06:00,165.193,5.6,37.0,0.0,14.8,wind_drone_20260929
2026-09-29T17:16:17.560Z,2026-09-29T17:16:17.400Z,2026-09-29T11:16:17.560-06:00,165.4,5.6,34.0,0.0,14.8,wind_drone_20260929
2026-09-29T17:16:17.753Z,2026-09-29T17:16:17.600Z,2026-09-29T11:16:17.753-06:00,165.592,5.9,34.0,0.0,14.8,wind_drone_20260929
2026-09-29T17:16:17.960Z,2026-09-29T17:16:17.800Z,2026-09-29T11:16:17.960-06:00,165.8,6.0,36.0,0.0,14.8,wind_drone_20260929
2026-09-29T17:16:18.153Z,2026-09-29T17:16:18.000Z,2026-09-29T11:16:18.153-06:00,165.992,6.3,33.0,0.0,14.8,wind_drone_20260929
2026-09-29T17:16:18.360Z,2026-09-29T17:16:18.200Z,2026-09-29T11:16:18.360-06:00,166.2,6.6,35.0,0.0,14.8,wind_drone_20260929
2026-09-29T17:16:18.552Z,2026-09-29T17:16:18.400Z,2026-09-29T11:16:18.552-06:00,166.392,6.8,35.0,0.0,14.8,wind_drone_20260929
2026-09-29T17:16:18.760Z,2026-09-29T17:16:18.600Z,2026-09-29T11:16:18.760-06:00,166.599,6.9,35.0,0.0,14.8,wind_drone_20260929
2026-09-29T17:16:18.952Z,2026-09-29T17:16:18.800Z,2026-09-29T11:16:18.952-06:00,166.792,6.9,32.0,0.0,14.8,wind_drone_20260929
2026-09-29T17:16:19.160Z,2026-09-29T17:16:19.000Z,2026-09-29T11:16:19.160-06:00,166.999,6.8,26.0,0.0,14.8,wind_drone_20260929
2026-09-29T17:16:19.352Z,2026-09-29T17:16:19.200Z,2026-09-29T11:16:19.352-06:00,167.192,6.5,31.0,0.0,14.8,wind_drone_20260929
2026-09-29T17:16:19.560Z,2026-09-29T17:16:19.400Z,2026-09-29T11:16:19.560-06:00,167.399,6.4,34.0,0.0,14.8,wind_drone_20260929
2026-09-29T17:16:19.752Z,2026-09-29T17:16:19.600Z,2026-09-29T11:16:19.752-06:00,167.592,6.2,27.0,0.0,14.8,wind_drone_20260929
2026-09-29T17:16:19.959Z,2026-09-29T17:16:19.800Z,2026-09-29T11:16:19.959-06:00,167.799,6.0,23.0,0.0,14.8,wind_drone_20260929
2026-09-29T17:16:20.152Z,2026-09-29T17:16:20.000Z,2026-09-29T11:16:20.152-06:00,167.992,5.8,25.0,0.0,14.8,wind_drone_20260929
2026-09-29T17:16:20.359Z,2026-09-29T17:16:20.200Z,2026-09-29T11:16:20.359-06:00,168.199,5.8,29.0,0.0,14.8,wind_drone_20260929
2026-09-29T17:16:20.552Z,2026-09-29T17:16:20.400Z,2026-09-29T11:16:20.552-06:00,168.392,5.9,22.0,0.0,14.8,wind_drone_20260929
2026-09-29T17:16:20.759Z,2026-09-29T17:16:20.600Z,2026-09-29T11:16:20.759-06:00,168.599,6.0,18.0,0.0,14.8,wind_drone_20260929
2026-09-29T17:16:20.966Z,2026-09-29T17:16:20.800Z,2026-09-29T11:16:20.966-06:00,168.806,6.1,21.0,0.0,14.8,wind_drone_20260929
2026-09-29T17:16:21.159Z,2026-09-29T17:16:21.000Z,2026-09-29T11:16:21.159-06:00,168.999,6.3,21.0,0.0,14.8,wind_drone_20260929
2026-09-29T17:16:21.366Z,2026-09-29T17:16:21.200Z,2026-09-29T11:16:21.366-06:00,169.206,6.4,21.0,0.0,14.8,wind_drone_20260929
2026-09-29T17:16:21.559Z,2026-09-29T17:16:21.400Z,2026-09-29T11:16:21.559-06:00,169.399,6.5,20.0,0.0,14.8,wind_drone_20260929
2026-09-29T17:16:21.766Z,2026-09-29T17:16:21.600Z,2026-09-29T11:16:21.766-06:00,169.606,6.8,19.0,0.0,14.8,wind_drone_20260929
2026-09-29T17:16:21.959Z,2026-09-29T17:16:21.800Z,2026-09-29T11:16:21.959-06:00,169.798,6.8,15.0,0.0,14.8,wind_drone_20260929
2026-09-29T17:16:22.166Z,2026-09-29T17:16:22.000Z,2026-09-29T11:16:22.166-06:00,170.006,7.0,13.0,0.0,14.8,wind_drone_20260929
2026-09-29T17:16:22.359Z,2026-09-29T17:16:22.200Z,2026-09-29T11:16:22.359-06:00,170.198,7.1,15.0,0.0,14.8,wind_drone_20260929
2026-09-29T17:16:22.566Z,2026-09-29T17:16:22.400Z,2026-09-29T11:16:22.566-06:00,170.405,7.2,15.0,0.0,14.8,wind_drone_20260929
2026-09-29T17:16:22.758Z,2026-09-29T17:16:22.600Z,2026-09-29T11:16:22.758-06:00,170.598,7.2,16.0,0.0,14.8,wind_drone_20260929
2026-09-29T17:16:22.966Z,2026-09-29T17:16:22.800Z,2026-09-29T11:16:22.966-06:00,170.805,7.2,13.0,0.0,14.8,wind_drone_20260929
2026-09-29T17:16:23.158Z,2026-09-29T17:16:23.000Z,2026-09-29T11:16:23.158-06:00,170.998,7.2,11.0,0.0,14.8,wind_drone_20260929
2026-09-29T17:16:23.366Z,2026-09-29T17:16:23.200Z,2026-09-29T11:16:23.366-06:00,171.205,7.1,12.0,0.0,14.8,wind_drone_20260929
2026-09-29T17:16:23.558Z,2026-09-29T17:16:23.400Z,2026-09-29T11:16:23.558-06:00,171.398,7.0,11.0,0.0,14.8,wind_drone_20260929
2026-09-29T17:16:23.766Z,2026-09-29T17:16:23.600Z,2026-09-29T11:16:23.766-06:00,171.605,7.0,11.0,0.0,14.8,wind_drone_20260929
2026-09-29T17:16:23.958Z,2026-09-29T17:16:23.800Z,2026-09-29T11:16:23.958-06:00,171.798,7.0,10.0,0.0,14.8,wind_drone_20260929
2026-09-29T17:16:24.165Z,2026-09-29T17:16:24.000Z,2026-09-29T11:16:24.165-06:00,172.005,6.9,11.0,0.0,14.8,wind_drone_20260929
2026-09-29T17:16:24.358Z,2026-09-29T17:16:24.200Z,2026-09-29T11:16:24.358-06:00,172.198,7.0,11.0,0.0,14.8,wind_drone_20260929
2026-09-29T17:16:24.565Z,2026-09-29T17:16:24.400Z,2026-09-29T11:16:24.565-06:00,172.405,7.0,11.0,0.0,14.8,wind_drone_20260929
2026-09-29T17:16:24.758Z,2026-09-29T17:16:24.600Z,2026-09-29T11:16:24.758-06:00,172.597,7.1,13.0,0.0,14.8,wind_drone_20260929
2026-09-29T17:16:24.965Z,2026-09-29T17:16:24.800Z,2026-09-29T11:16:24.965-06:00,172.805,7.3,13.0,0.0,14.8,wind_drone_20260929
2026-09-29T17:16:25.158Z,2026-09-29T17:16:25.000Z,2026-09-29T11:16:25.158-06:00,172.997,7.3,14.0,0.0,14.8,wind_drone_20260929
2026-09-29T17:16:25.365Z,2026-09-29T17:16:25.200Z,2026-09-29T11:16:25.365-06:00,173.204,7.4,18.0,0.0,14.8,wind_drone_20260929
2026-09-29T17:16:25.558Z,2026-09-29T17:16:25.400Z,2026-09-29T11:16:25.558-06:00,173.397,7.4,14.0,0.0,14.8,wind_drone_20260929
2026-09-29T17:16:25.765Z,2026-09-29T17:16:25.600Z,2026-09-29T11:16:25.765-06:00,173.604,7.3,9.0,0.0,14.8,wind_drone_20260929
2026-09-29T17:16:25.957Z,2026-09-29T17:16:25.800Z,2026-09-29T11:16:25.957-06:00,173.797,7.2,12.0,0.0,14.8,wind_drone_20260929
2026-09-29T17:16:26.165Z,2026-09-29T17:16:26.000Z,2026-09-29T11:16:26.165-06:00,174.004,7.1,12.0,0.0,14.8,wind_drone_20260929
2026-09-29T17:16:26.357Z,2026-09-29T17:16:26.200Z,2026-09-29T11:16:26.357-06:00,174.197,7.0,12.0,0.0,14.8,wind_drone_20260929
2026-09-29T17:16:26.565Z,2026-09-29T17:16:26.400Z,2026-09-29T11:16:26.565-06:00,174.404,6.9,14.0,0.0,14.8,wind_drone_20260929
2026-09-29T17:16:26.757Z,2026-09-29T17:16:26.600Z,2026-09-29T11:16:26.757-06:00,174.597,6.8,13.0,0.0,14.8,wind_drone_20260929
2026-09-29T17:16:26.964Z,2026-09-29T17:16:26.800Z,2026-09-29T11:16:26.964-06:00,174.804,6.7,12.0,0.0,14.8,wind_drone_20260929
2026-09-29T17:16:27.157Z,2026-09-29T17:16:27.000Z,2026-09-29T11:16:27.157-06:00,174.997,6.8,14.0,0.0,14.8,wind_drone_20260929
2026-09-29T17:16:27.364Z,2026-09-29T17:16:27.200Z,2026-09-29T11:16:27.364-06:00,175.204,6.9,16.0,0.0,14.8,wind_drone_20260929
2026-09-29T17:16:27.557Z,2026-09-29T17:16:27.400Z,2026-09-29T11:16:27.557-06:00,175.397,7.2,14.0,0.0,14.8,wind_drone_20260929
2026-09-29T17:16:27.764Z,2026-09-29T17:16:27.600Z,2026-09-29T11:16:27.764-06:00,175.604,7.5,21.0,0.0,14.8,wind_drone_20260929
2026-09-29T17:16:27.957Z,2026-09-29T17:16:27.800Z,2026-09-29T11:16:27.957-06:00,175.796,7.7,25.0,0.0,14.8,wind_drone_20260929
2026-09-29T17:16:28.164Z,2026-09-29T17:16:28.000Z,2026-09-29T11:16:28.164-06:00,176.003,7.8,20.0,0.0,14.8,wind_drone_20260929
2026-09-29T17:16:28.357Z,2026-09-29T17:16:28.200Z,2026-09-29T11:16:28.357-06:00,176.196,8.0,21.0,0.0,14.8,wind_drone_20260929
2026-09-29T17:16:28.564Z,2026-09-29T17:16:28.400Z,2026-09-29T11:16:28.564-06:00,176.403,8.2,20.0,0.0,14.8,wind_drone_20260929
2026-09-29T17:16:28.757Z,2026-09-29T17:16:28.600Z,2026-09-29T11:16:28.757-06:00,176.596,8.4,20.0,0.0,14.8,wind_drone_20260929
2026-09-29T17:16:28.964Z,2026-09-29T17:16:28.800Z,2026-09-29T11:16:28.964-06:00,176.803,8.6,25.0,0.0,14.8,wind_drone_20260929
2026-09-29T17:16:29.156Z,2026-09-29T17:16:29.000Z,2026-09-29T11:16:29.156-06:00,176.996,8.6,29.0,0.0,14.8,wind_drone_20260929
2026-09-29T17:16:29.364Z,2026-09-29T17:16:29.200Z,2026-09-29T11:16:29.364-06:00,177.203,8.5,30.0,0.0,14.8,wind_drone_20260929
2026-09-29T17:16:29.556Z,2026-09-29T17:16:29.400Z,2026-09-29T11:16:29.556-06:00,177.396,8.4,26.0,0.0,14.8,wind_drone_20260929
2026-09-29T17:16:29.763Z,2026-09-29T17:16:29.600Z,2026-09-29T11:16:29.763-06:00,177.603,8.2,26.0,0.0,14.8,wind_drone_20260929
2026-09-29T17:16:29.956Z,2026-09-29T17:16:29.800Z,2026-09-29T11:16:29.956-06:00,177.795,8.1,31.0,0.0,14.8,wind_drone_20260929
2026-09-29T17:16:30.163Z,2026-09-29T17:16:30.000Z,2026-09-29T11:16:30.163-06:00,178.003,8.0,32.0,0.0,14.8,wind_drone_20260929
2026-09-29T17:16:30.356Z,2026-09-29T17:16:30.200Z,2026-09-29T11:16:30.356-06:00,178.196,7.7,30.0,0.0,14.8,wind_drone_20260929
2026-09-29T17:16:30.563Z,2026-09-29T17:16:30.400Z,2026-09-29T11:16:30.563-06:00,178.403,7.6,33.0,0.0,14.8,wind_drone_20260929
2026-09-29T17:16:30.756Z,2026-09-29T17:16:30.600Z,2026-09-29T11:16:30.756-06:00,178.595,7.5,31.0,0.0,14.8,wind_drone_20260929
2026-09-29T17:16:30.963Z,2026-09-29T17:16:30.800Z,2026-09-29T11:16:30.963-06:00,178.803,7.3,25.0,0.0,14.8,wind_drone_20260929
2026-09-29T17:16:31.156Z,2026-09-29T17:16:31.000Z,2026-09-29T11:16:31.156-06:00,178.995,7.1,23.0,0.0,14.8,wind_drone_20260929
2026-09-29T17:16:31.363Z,2026-09-29T17:16:31.200Z,2026-09-29T11:16:31.363-06:00,179.202,6.9,26.0,0.0,14.8,wind_drone_20260929
2026-09-29T17:16:31.556Z,2026-09-29T17:16:31.400Z,2026-09-29T11:16:31.556-06:00,179.395,6.9,29.0,0.0,14.8,wind_drone_20260929
2026-09-29T17:16:31.763Z,2026-09-29T17:16:31.600Z,2026-09-29T11:16:31.763-06:00,179.602,6.7,30.0,0.0,14.8,wind_drone_20260929
2026-09-29T17:16:31.955Z,2026-09-29T17:16:31.800Z,2026-09-29T11:16:31.955-06:00,179.795,6.4,31.0,0.0,14.8,wind_drone_20260929
2026-09-29T17:16:32.163Z,2026-09-29T17:16:32.000Z,2026-09-29T11:16:32.163-06:00,180.002,6.2,31.0,0.0,14.8,wind_drone_20260929
2026-09-29T17:16:32.355Z,2026-09-29T17:16:32.200Z,2026-09-29T11:16:32.355-06:00,180.195,5.9,35.0,0.0,14.8,wind_drone_20260929
2026-09-29T17:16:32.563Z,2026-09-29T17:16:32.400Z,2026-09-29T11:16:32.563-06:00,180.402,5.7,31.0,0.0,14.8,wind_drone_20260929
2026-09-29T17:16:32.755Z,2026-09-29T17:16:32.600Z,2026-09-29T11:16:32.755-06:00,180.595,5.7,28.0,0.0,14.8,wind_drone_20260929
2026-09-29T17:16:32.962Z,2026-09-29T17:16:32.800Z,2026-09-29T11:16:32.962-06:00,180.802,5.6,31.0,0.0,14.8,wind_drone_20260929
2026-09-29T17:16:33.155Z,2026-09-29T17:16:33.000Z,2026-09-29T11:16:33.155-06:00,180.995,5.4,35.0,0.0,14.8,wind_drone_20260929
2026-09-29T17:16:33.362Z,2026-09-29T17:16:33.200Z,2026-09-29T11:16:33.362-06:00,181.202,5.3,37.0,0.0,14.8,wind_drone_20260929
2026-09-29T17:16:33.555Z,2026-09-29T17:16:33.400Z,2026-09-29T11:16:33.555-06:00,181.395,5.3,37.0,0.0,14.8,wind_drone_20260929
2026-09-29T17:16:33.762Z,2026-09-29T17:16:33.600Z,2026-09-29T11:16:33.762-06:00,181.602,5.2,35.0,0.0,14.8,wind_drone_20260929
2026-09-29T17:16:33.955Z,2026-09-29T17:16:33.800Z,2026-09-29T11:16:33.955-06:00,181.794,5.3,37.0,0.0,14.8,wind_drone_20260929
2026-09-29T17:16:34.162Z,2026-09-29T17:16:34.000Z,2026-09-29T11:16:34.162-06:00,182.001,5.3,36.0,0.0,14.8,wind_drone_20260929
2026-09-29T17:16:34.355Z,2026-09-29T17:16:34.200Z,2026-09-29T11:16:34.355-06:00,182.194,5.2,36.0,0.0,14.8,wind_drone_20260929
2026-09-29T17:16:34.562Z,2026-09-29T17:16:34.400Z,2026-09-29T11:16:34.562-06:00,182.401,5.2,37.0,0.0,14.8,wind_drone_20260929
2026-09-29T17:16:34.754Z,2026-09-29T17:16:34.600Z,2026-09-29T11:16:34.754-06:00,182.594,5.1,34.0,0.0,14.8,wind_drone_20260929
2026-09-29T17:16:34.962Z,2026-09-29T17:16:34.800Z,2026-09-29T11:16:34.962-06:00,182.801,5.0,35.0,0.0,14.8,wind_drone_20260929
2026-09-29T17:16:35.155Z,2026-09-29T17:16:35.000Z,2026-09-29T11:16:35.155-06:00,182.994,4.9,37.0,0.0,14.8,wind_drone_20260929
2026-09-29T17:16:35.362Z,2026-09-29T17:16:35.200Z,2026-09-29T11:16:35.362-06:00,183.201,4.9,38.0,0.0,14.8,wind_drone_20260929
2026-09-29T17:16:35.554Z,2026-09-29T17:16:35.400Z,2026-09-29T11:16:35.554-06:00,183.394,4.8,38.0,0.0,14.8,wind_drone_20260929
2026-09-29T17:16:35.761Z,2026-09-29T17:16:35.600Z,2026-09-29T11:16:35.761-06:00,183.601,4.8,38.0,0.0,14.8,wind_drone_20260929
2026-09-29T17:16:35.954Z,2026-09-29T17:16:35.800Z,2026-09-29T11:16:35.954-06:00,183.793,4.9,38.0,0.0,14.8,wind_drone_20260929
2026-09-29T17:16:36.161Z,2026-09-29T17:16:36.000Z,2026-09-29T11:16:36.161-06:00,184.001,4.9,42.0,0.0,14.8,wind_drone_20260929
2026-09-29T17:16:36.354Z,2026-09-29T17:16:36.200Z,2026-09-29T11:16:36.354-06:00,184.194,4.9,39.0,0.0,14.8,wind_drone_20260929
2026-09-29T17:16:36.561Z,2026-09-29T17:16:36.400Z,2026-09-29T11:16:36.561-06:00,184.401,5.0,39.0,0.0,14.8,wind_drone_20260929
2026-09-29T17:16:36.754Z,2026-09-29T17:16:36.600Z,2026-09-29T11:16:36.754-06:00,184.593,5.0,42.0,0.0,14.8,wind_drone_20260929
2026-09-29T17:16:36.961Z,2026-09-29T17:16:36.800Z,2026-09-29T11:16:36.961-06:00,184.8,5.1,37.0,0.0,14.8,wind_drone_20260929
2026-09-29T17:16:37.154Z,2026-09-29T17:16:37.000Z,2026-09-29T11:16:37.154-06:00,184.993,5.1,40.0,0.0,14.8,wind_drone_20260929
2026-09-29T17:16:37.361Z,2026-09-29T17:16:37.200Z,2026-09-29T11:16:37.361-06:00,185.2,5.1,39.0,0.0,14.8,wind_drone_20260929
2026-09-29T17:16:37.554Z,2026-09-29T17:16:37.400Z,2026-09-29T11:16:37.554-06:00,185.393,5.1,34.0,0.0,14.8,wind_drone_20260929
2026-09-29T17:16:37.761Z,2026-09-29T17:16:37.600Z,2026-09-29T11:16:37.761-06:00,185.6,5.2,35.0,0.0,14.8,wind_drone_20260929
2026-09-29T17:16:37.954Z,2026-09-29T17:16:37.800Z,2026-09-29T11:16:37.954-06:00,185.793,5.3,35.0,0.0,14.8,wind_drone_20260929
2026-09-29T17:16:38.161Z,2026-09-29T17:16:38.000Z,2026-09-29T11:16:38.161-06:00,186.0,5.4,36.0,0.0,14.8,wind_drone_20260929
2026-09-29T17:16:38.354Z,2026-09-29T17:16:38.200Z,2026-09-29T11:16:38.354-06:00,186.193,5.5,36.0,0.0,14.8,wind_drone_20260929
2026-09-29T17:16:38.560Z,2026-09-29T17:16:38.400Z,2026-09-29T11:16:38.560-06:00,186.4,5.6,43.0,0.0,14.8,wind_drone_20260929
2026-09-29T17:16:38.753Z,2026-09-29T17:16:38.600Z,2026-09-29T11:16:38.753-06:00,186.593,5.7,45.0,0.0,14.8,wind_drone_20260929
2026-09-29T17:16:38.960Z,2026-09-29T17:16:38.800Z,2026-09-29T11:16:38.960-06:00,186.8,5.9,46.0,0.0,14.8,wind_drone_20260929
2026-09-29T17:16:39.153Z,2026-09-29T17:16:39.000Z,2026-09-29T11:16:39.153-06:00,186.993,6.2,45.0,0.0,14.8,wind_drone_20260929
2026-09-29T17:16:39.360Z,2026-09-29T17:16:39.200Z,2026-09-29T11:16:39.360-06:00,187.199,6.6,44.0,0.0,14.8,wind_drone_20260929
2026-09-29T17:16:39.553Z,2026-09-29T17:16:39.400Z,2026-09-29T11:16:39.553-06:00,187.393,6.9,41.0,0.0,14.8,wind_drone_20260929
2026-09-29T17:16:39.760Z,2026-09-29T17:16:39.600Z,2026-09-29T11:16:39.760-06:00,187.6,7.2,28.0,0.0,14.8,wind_drone_20260929
2026-09-29T17:16:39.953Z,2026-09-29T17:16:39.800Z,2026-09-29T11:16:39.953-06:00,187.793,7.5,42.0,0.0,14.8,wind_drone_20260929
2026-09-29T17:16:40.160Z,2026-09-29T17:16:40.000Z,2026-09-29T11:16:40.160-06:00,187.999,7.7,45.0,0.0,14.8,wind_drone_20260929
2026-09-29T17:16:40.352Z,2026-09-29T17:16:40.200Z,2026-09-29T11:16:40.352-06:00,188.192,7.9,26.0,0.0,14.8,wind_drone_20260929
2026-09-29T17:16:40.560Z,2026-09-29T17:16:40.400Z,2026-09-29T11:16:40.560-06:00,188.4,7.9,18.0,0.0,14.9,wind_drone_20260929
2026-09-29T17:16:40.753Z,2026-09-29T17:16:40.600Z,2026-09-29T11:16:40.753-06:00,188.592,7.9,30.0,0.0,14.9,wind_drone_20260929
2026-09-29T17:16:40.959Z,2026-09-29T17:16:40.800Z,2026-09-29T11:16:40.959-06:00,188.799,7.8,40.0,0.0,14.9,wind_drone_20260929
2026-09-29T17:16:41.153Z,2026-09-29T17:16:41.000Z,2026-09-29T11:16:41.153-06:00,188.992,7.8,40.0,0.0,14.9,wind_drone_20260929
2026-09-29T17:16:41.359Z,2026-09-29T17:16:41.200Z,2026-09-29T11:16:41.359-06:00,189.199,8.0,40.0,0.0,14.9,wind_drone_20260929
2026-09-29T17:16:41.553Z,2026-09-29T17:16:41.400Z,2026-09-29T11:16:41.553-06:00,189.392,8.1,33.0,0.0,14.9,wind_drone_20260929
2026-09-29T17:16:41.759Z,2026-09-29T17:16:41.600Z,2026-09-29T11:16:41.759-06:00,189.599,8.2,30.0,0.0,14.9,wind_drone_20260929
2026-09-29T17:16:41.952Z,2026-09-29T17:16:41.800Z,2026-09-29T11:16:41.952-06:00,189.792,8.2,28.0,0.0,14.9,wind_drone_20260929
2026-09-29T17:16:42.159Z,2026-09-29T17:16:42.000Z,2026-09-29T11:16:42.159-06:00,189.999,8.0,25.0,0.0,14.9,wind_drone_20260929
2026-09-29T17:16:42.366Z,2026-09-29T17:16:42.200Z,2026-09-29T11:16:42.366-06:00,190.206,7.8,26.0,0.0,14.9,wind_drone_20260929
2026-09-29T17:16:42.559Z,2026-09-29T17:16:42.400Z,2026-09-29T11:16:42.559-06:00,190.399,7.6,34.0,0.0,14.9,wind_drone_20260929
2026-09-29T17:16:42.766Z,2026-09-29T17:16:42.600Z,2026-09-29T11:16:42.766-06:00,190.606,7.3,48.0,0.0,14.9,wind_drone_20260929
2026-09-29T17:16:42.959Z,2026-09-29T17:16:42.800Z,2026-09-29T11:16:42.959-06:00,190.798,7.0,47.0,0.0,14.9,wind_drone_20260929
2026-09-29T17:16:43.166Z,2026-09-29T17:16:43.000Z,2026-09-29T11:16:43.166-06:00,191.006,6.7,28.0,0.0,14.9,wind_drone_20260929
2026-09-29T17:16:43.359Z,2026-09-29T17:16:43.200Z,2026-09-29T11:16:43.359-06:00,191.198,6.6,21.0,0.0,14.9,wind_drone_20260929
2026-09-29T17:16:43.566Z,2026-09-29T17:16:43.400Z,2026-09-29T11:16:43.566-06:00,191.406,6.5,17.0,0.0,14.9,wind_drone_20260929
2026-09-29T17:16:43.759Z,2026-09-29T17:16:43.600Z,2026-09-29T11:16:43.759-06:00,191.598,6.7,5.0,0.0,14.9,wind_drone_20260929
2026-09-29T17:16:43.966Z,2026-09-29T17:16:43.800Z,2026-09-29T11:16:43.966-06:00,191.805,7.0,4.0,0.0,14.9,wind_drone_20260929
2026-09-29T17:16:44.158Z,2026-09-29T17:16:44.000Z,2026-09-29T11:16:44.158-06:00,191.998,7.3,42.0,0.0,14.9,wind_drone_20260929
2026-09-29T17:16:44.366Z,2026-09-29T17:16:44.200Z,2026-09-29T11:16:44.366-06:00,192.205,7.5,39.0,0.0,14.9,wind_drone_20260929
2026-09-29T17:16:44.558Z,2026-09-29T17:16:44.400Z,2026-09-29T11:16:44.558-06:00,192.398,7.5,14.0,0.0,14.9,wind_drone_20260929
2026-09-29T17:16:44.765Z,2026-09-29T17:16:44.600Z,2026-09-29T11:16:44.765-06:00,192.605,7.5,12.0,0.0,14.9,wind_drone_20260929
2026-09-29T17:16:44.958Z,2026-09-29T17:16:44.800Z,2026-09-29T11:16:44.958-06:00,192.798,7.5,24.0,0.0,14.9,wind_drone_20260929
2026-09-29T17:16:45.165Z,2026-09-29T17:16:45.000Z,2026-09-29T11:16:45.165-06:00,193.005,7.5,34.0,0.0,14.9,wind_drone_20260929
2026-09-29T17:16:45.358Z,2026-09-29T17:16:45.200Z,2026-09-29T11:16:45.358-06:00,193.197,7.5,29.0,0.0,14.9,wind_drone_20260929
2026-09-29T17:16:45.565Z,2026-09-29T17:16:45.400Z,2026-09-29T11:16:45.565-06:00,193.405,7.5,21.0,0.0,14.9,wind_drone_20260929
2026-09-29T17:16:45.758Z,2026-09-29T17:16:45.600Z,2026-09-29T11:16:45.758-06:00,193.598,7.6,17.0,0.0,14.9,wind_drone_20260929
2026-09-29T17:16:45.965Z,2026-09-29T17:16:45.800Z,2026-09-29T11:16:45.965-06:00,193.805,7.9,16.0,0.0,14.9,wind_drone_20260929
2026-09-29T17:16:46.158Z,2026-09-29T17:16:46.000Z,2026-09-29T11:16:46.158-06:00,193.997,8.1,20.0,0.0,14.9,wind_drone_20260929
2026-09-29T17:16:46.365Z,2026-09-29T17:16:46.200Z,2026-09-29T11:16:46.365-06:00,194.204,8.3,20.0,0.0,14.9,wind_drone_20260929
2026-09-29T17:16:46.558Z,2026-09-29T17:16:46.400Z,2026-09-29T11:16:46.558-06:00,194.397,8.5,24.0,0.0,14.9,wind_drone_20260929
2026-09-29T17:16:46.765Z,2026-09-29T17:16:46.600Z,2026-09-29T11:16:46.765-06:00,194.604,8.6,20.0,0.0,14.9,wind_drone_20260929
2026-09-29T17:16:46.958Z,2026-09-29T17:16:46.800Z,2026-09-29T11:16:46.958-06:00,194.797,8.6,14.0,0.0,14.9,wind_drone_20260929
2026-09-29T17:16:47.165Z,2026-09-29T17:16:47.000Z,2026-09-29T11:16:47.165-06:00,195.004,8.5,18.0,0.0,14.9,wind_drone_20260929
2026-09-29T17:16:47.357Z,2026-09-29T17:16:47.200Z,2026-09-29T11:16:47.357-06:00,195.197,8.3,23.0,0.0,14.9,wind_drone_20260929
2026-09-29T17:16:47.564Z,2026-09-29T17:16:47.400Z,2026-09-29T11:16:47.564-06:00,195.404,8.2,23.0,0.0,14.9,wind_drone_20260929
2026-09-29T17:16:47.757Z,2026-09-29T17:16:47.600Z,2026-09-29T11:16:47.757-06:00,195.597,8.0,21.0,0.0,14.9,wind_drone_20260929
2026-09-29T17:16:47.965Z,2026-09-29T17:16:47.800Z,2026-09-29T11:16:47.965-06:00,195.804,7.9,25.0,0.0,14.9,wind_drone_20260929
2026-09-29T17:16:48.157Z,2026-09-29T17:16:48.000Z,2026-09-29T11:16:48.157-06:00,195.997,7.8,27.0,0.0,14.9,wind_drone_20260929
2026-09-29T17:16:48.364Z,2026-09-29T17:16:48.200Z,2026-09-29T11:16:48.364-06:00,196.204,7.7,23.0,0.0,14.9,wind_drone_20260929
2026-09-29T17:16:48.557Z,2026-09-29T17:16:48.400Z,2026-09-29T11:16:48.557-06:00,196.397,7.7,24.0,0.0,14.9,wind_drone_20260929
2026-09-29T17:16:48.764Z,2026-09-29T17:16:48.600Z,2026-09-29T11:16:48.764-06:00,196.604,7.7,31.0,0.0,14.9,wind_drone_20260929
2026-09-29T17:16:48.957Z,2026-09-29T17:16:48.800Z,2026-09-29T11:16:48.957-06:00,196.796,7.8,28.0,0.0,14.9,wind_drone_20260929
2026-09-29T17:16:49.164Z,2026-09-29T17:16:49.000Z,2026-09-29T11:16:49.164-06:00,197.004,7.9,24.0,0.0,14.9,wind_drone_20260929
2026-09-29T17:16:49.357Z,2026-09-29T17:16:49.200Z,2026-09-29T11:16:49.357-06:00,197.196,8.1,28.0,0.0,14.9,wind_drone_20260929
2026-09-29T17:16:49.564Z,2026-09-29T17:16:49.400Z,2026-09-29T11:16:49.564-06:00,197.403,8.2,27.0,0.0,14.9,wind_drone_20260929
2026-09-29T17:16:49.757Z,2026-09-29T17:16:49.600Z,2026-09-29T11:16:49.757-06:00,197.596,8.3,25.0,0.0,14.9,wind_drone_20260929
2026-09-29T17:16:49.964Z,2026-09-29T17:16:49.800Z,2026-09-29T11:16:49.964-06:00,197.803,8.4,28.0,0.0,14.9,wind_drone_20260929
2026-09-29T17:16:50.156Z,2026-09-29T17:16:50.000Z,2026-09-29T11:16:50.156-06:00,197.996,8.6,29.0,0.0,14.9,wind_drone_20260929
2026-09-29T17:16:50.364Z,2026-09-29T17:16:50.200Z,2026-09-29T11:16:50.364-06:00,198.203,8.8,28.0,0.0,14.9,wind_drone_20260929
2026-09-29T17:16:50.556Z,2026-09-29T17:16:50.400Z,2026-09-29T11:16:50.556-06:00,198.396,8.9,29.0,0.0,14.9,wind_drone_20260929
2026-09-29T17:16:50.764Z,2026-09-29T17:16:50.600Z,2026-09-29T11:16:50.764-06:00,198.603,8.8,29.0,0.0,14.9,wind_drone_20260929
2026-09-29T17:16:50.956Z,2026-09-29T17:16:50.800Z,2026-09-29T11:16:50.956-06:00,198.795,8.8,30.0,0.0,14.9,wind_drone_20260929
2026-09-29T17:16:51.163Z,2026-09-29T17:16:51.000Z,2026-09-29T11:16:51.163-06:00,199.003,8.8,30.0,0.0,14.9,wind_drone_20260929
2026-09-29T17:16:51.356Z,2026-09-29T17:16:51.200Z,2026-09-29T11:16:51.356-06:00,199.195,8.9,31.0,0.0,14.9,wind_drone_20260929
2026-09-29T17:16:51.563Z,2026-09-29T17:16:51.400Z,2026-09-29T11:16:51.563-06:00,199.403,8.9,32.0,0.0,14.9,wind_drone_20260929
2026-09-29T17:16:51.756Z,2026-09-29T17:16:51.600Z,2026-09-29T11:16:51.756-06:00,199.595,9.0,35.0,0.0,14.9,wind_drone_20260929
2026-09-29T17:16:51.963Z,2026-09-29T17:16:51.800Z,2026-09-29T11:16:51.963-06:00,199.803,9.1,31.0,0.0,14.9,wind_drone_20260929
2026-09-29T17:16:52.156Z,2026-09-29T17:16:52.000Z,2026-09-29T11:16:52.156-06:00,199.995,9.2,32.0,0.0,14.9,wind_drone_20260929
2026-09-29T17:16:52.363Z,2026-09-29T17:16:52.200Z,2026-09-29T11:16:52.363-06:00,200.202,9.3,37.0,0.0,14.9,wind_drone_20260929
2026-09-29T17:16:52.556Z,2026-09-29T17:16:52.400Z,2026-09-29T11:16:52.556-06:00,200.395,9.5,34.0,0.0,14.9,wind_drone_20260929
2026-09-29T17:16:52.763Z,2026-09-29T17:16:52.600Z,2026-09-29T11:16:52.763-06:00,200.602,9.5,31.0,0.0,14.9,wind_drone_20260929
2026-09-29T17:16:52.955Z,2026-09-29T17:16:52.800Z,2026-09-29T11:16:52.955-06:00,200.795,9.5,31.0,0.0,14.9,wind_drone_20260929
2026-09-29T17:16:53.163Z,2026-09-29T17:16:53.000Z,2026-09-29T11:16:53.163-06:00,201.002,9.4,31.0,0.0,14.9,wind_drone_20260929
2026-09-29T17:16:53.355Z,2026-09-29T17:16:53.200Z,2026-09-29T11:16:53.355-06:00,201.195,9.2,33.0,0.0,14.9,wind_drone_20260929
2026-09-29T17:16:53.562Z,2026-09-29T17:16:53.400Z,2026-09-29T11:16:53.562-06:00,201.402,9.1,33.0,0.0,14.8,wind_drone_20260929
2026-09-29T17:16:53.755Z,2026-09-29T17:16:53.600Z,2026-09-29T11:16:53.755-06:00,201.595,8.9,33.0,0.0,14.8,wind_drone_20260929
2026-09-29T17:16:53.962Z,2026-09-29T17:16:53.800Z,2026-09-29T11:16:53.962-06:00,201.802,8.7,37.0,0.0,14.8,wind_drone_20260929
2026-09-29T17:16:54.155Z,2026-09-29T17:16:54.000Z,2026-09-29T11:16:54.155-06:00,201.994,8.6,37.0,0.0,14.8,wind_drone_20260929
2026-09-29T17:16:54.362Z,2026-09-29T17:16:54.200Z,2026-09-29T11:16:54.362-06:00,202.202,8.6,33.0,0.0,14.8,wind_drone_20260929
2026-09-29T17:16:54.555Z,2026-09-29T17:16:54.400Z,2026-09-29T11:16:54.555-06:00,202.395,8.6,29.0,0.0,14.8,wind_drone_20260929
2026-09-29T17:16:54.762Z,2026-09-29T17:16:54.600Z,2026-09-29T11:16:54.762-06:00,202.602,8.7,29.0,0.0,14.8,wind_drone_20260929
2026-09-29T17:16:54.955Z,2026-09-29T17:16:54.800Z,2026-09-29T11:16:54.955-06:00,202.794,8.7,30.0,0.0,14.8,wind_drone_20260929
2026-09-29T17:16:55.162Z,2026-09-29T17:16:55.000Z,2026-09-29T11:16:55.162-06:00,203.001,8.8,25.0,0.0,14.8,wind_drone_20260929
2026-09-29T17:16:55.355Z,2026-09-29T17:16:55.200Z,2026-09-29T11:16:55.355-06:00,203.194,8.8,31.0,0.0,14.8,wind_drone_20260929
2026-09-29T17:16:55.562Z,2026-09-29T17:16:55.400Z,2026-09-29T11:16:55.562-06:00,203.401,8.9,31.0,0.0,14.8,wind_drone_20260929
2026-09-29T17:16:55.754Z,2026-09-29T17:16:55.600Z,2026-09-29T11:16:55.754-06:00,203.594,8.9,33.0,0.0,14.8,wind_drone_20260929
2026-09-29T17:16:55.962Z,2026-09-29T17:16:55.800Z,2026-09-29T11:16:55.962-06:00,203.801,8.9,32.0,0.0,14.8,wind_drone_20260929
2026-09-29T17:16:56.154Z,2026-09-29T17:16:56.000Z,2026-09-29T11:16:56.154-06:00,203.994,8.9,36.0,0.0,14.8,wind_drone_20260929
2026-09-29T17:16:56.362Z,2026-09-29T17:16:56.200Z,2026-09-29T11:16:56.362-06:00,204.201,8.9,38.0,0.0,14.8,wind_drone_20260929
2026-09-29T17:16:56.554Z,2026-09-29T17:16:56.400Z,2026-09-29T11:16:56.554-06:00,204.394,8.9,35.0,0.0,14.8,wind_drone_20260929
2026-09-29T17:16:56.761Z,2026-09-29T17:16:56.600Z,2026-09-29T11:16:56.761-06:00,204.601,8.9,34.0,0.0,14.8,wind_drone_20260929
2026-09-29T17:16:56.954Z,2026-09-29T17:16:56.800Z,2026-09-29T11:16:56.954-06:00,204.794,9.0,34.0,0.0,14.8,wind_drone_20260929
2026-09-29T17:16:57.161Z,2026-09-29T17:16:57.000Z,2026-09-29T11:16:57.161-06:00,205.001,9.1,33.0,0.0,14.8,wind_drone_20260929
2026-09-29T17:16:57.354Z,2026-09-29T17:16:57.200Z,2026-09-29T11:16:57.354-06:00,205.194,9.0,29.0,0.0,14.8,wind_drone_20260929
2026-09-29T17:16:57.561Z,2026-09-29T17:16:57.400Z,2026-09-29T11:16:57.561-06:00,205.401,9.0,31.0,0.0,14.8,wind_drone_20260929
2026-09-29T17:16:57.754Z,2026-09-29T17:16:57.600Z,2026-09-29T11:16:57.754-06:00,205.594,8.8,28.0,0.0,14.8,wind_drone_20260929
2026-09-29T17:16:57.961Z,2026-09-29T17:16:57.800Z,2026-09-29T11:16:57.961-06:00,205.8,8.7,28.0,0.0,14.8,wind_drone_20260929
2026-09-29T17:16:58.153Z,2026-09-29T17:16:58.000Z,2026-09-29T11:16:58.153-06:00,205.993,8.7,27.0,0.0,14.8,wind_drone_20260929
2026-09-29T17:16:58.361Z,2026-09-29T17:16:58.200Z,2026-09-29T11:16:58.361-06:00,206.2,8.6,26.0,0.0,14.8,wind_drone_20260929
2026-09-29T17:16:58.553Z,2026-09-29T17:16:58.400Z,2026-09-29T11:16:58.553-06:00,206.393,8.4,24.0,0.0,14.8,wind_drone_20260929
2026-09-29T17:16:58.761Z,2026-09-29T17:16:58.600Z,2026-09-29T11:16:58.761-06:00,206.6,8.2,23.0,0.0,14.8,wind_drone_20260929
2026-09-29T17:16:58.954Z,2026-09-29T17:16:58.800Z,2026-09-29T11:16:58.954-06:00,206.793,8.1,22.0,0.0,14.8,wind_drone_20260929
2026-09-29T17:16:59.161Z,2026-09-29T17:16:59.000Z,2026-09-29T11:16:59.161-06:00,207.0,8.1,18.0,0.0,14.8,wind_drone_20260929
2026-09-29T17:16:59.353Z,2026-09-29T17:16:59.200Z,2026-09-29T11:16:59.353-06:00,207.193,8.2,20.0,0.0,14.8,wind_drone_20260929
2026-09-29T17:16:59.560Z,2026-09-29T17:16:59.400Z,2026-09-29T11:16:59.560-06:00,207.4,8.1,26.0,0.0,14.8,wind_drone_20260929
2026-09-29T17:16:59.753Z,2026-09-29T17:16:59.600Z,2026-09-29T11:16:59.753-06:00,207.593,7.9,25.0,0.0,14.8,wind_drone_20260929
2026-09-29T17:16:59.960Z,2026-09-29T17:16:59.800Z,2026-09-29T11:16:59.960-06:00,207.8,7.9,24.0,0.0,14.8,wind_drone_20260929
2026-09-29T17:17:00.153Z,2026-09-29T17:17:00.000Z,2026-09-29T11:17:00.153-06:00,207.993,8.0,32.0,0.0,14.8,wind_drone_20260929
2026-09-29T17:17:00.360Z,2026-09-29T17:17:00.200Z,2026-09-29T11:17:00.360-06:00,208.199,8.1,29.0,0.0,14.8,wind_drone_20260929
2026-09-29T17:17:00.553Z,2026-09-29T17:17:00.400Z,2026-09-29T11:17:00.553-06:00,208.392,8.1,25.0,0.0,14.8,wind_drone_20260929
2026-09-29T17:17:00.760Z,2026-09-29T17:17:00.600Z,2026-09-29T11:17:00.760-06:00,208.6,7.9,24.0,0.0,14.8,wind_drone_20260929
2026-09-29T17:17:00.953Z,2026-09-29T17:17:00.800Z,2026-09-29T11:17:00.953-06:00,208.793,7.8,28.0,0.0,14.8,wind_drone_20260929
2026-09-29T17:17:01.160Z,2026-09-29T17:17:01.000Z,2026-09-29T11:17:01.160-06:00,208.999,7.9,28.0,0.0,14.8,wind_drone_20260929
2026-09-29T17:17:01.353Z,2026-09-29T17:17:01.200Z,2026-09-29T11:17:01.353-06:00,209.192,8.0,32.0,0.0,14.8,wind_drone_20260929
2026-09-29T17:17:01.560Z,2026-09-29T17:17:01.400Z,2026-09-29T11:17:01.560-06:00,209.399,8.1,33.0,0.0,14.8,wind_drone_20260929
2026-09-29T17:17:01.753Z,2026-09-29T17:17:01.600Z,2026-09-29T11:17:01.753-06:00,209.592,8.2,30.0,0.0,14.8,wind_drone_20260929
2026-09-29T17:17:01.960Z,2026-09-29T17:17:01.800Z,2026-09-29T11:17:01.960-06:00,209.799,8.2,27.0,0.0,14.8,wind_drone_20260929
2026-09-29T17:17:02.153Z,2026-09-29T17:17:02.000Z,2026-09-29T11:17:02.153-06:00,209.992,8.2,28.0,0.0,14.8,wind_drone_20260929
2026-09-29T17:17:02.359Z,2026-09-29T17:17:02.200Z,2026-09-29T11:17:02.359-06:00,210.199,8.4,29.0,0.0,14.8,wind_drone_20260929
2026-09-29T17:17:02.552Z,2026-09-29T17:17:02.400Z,2026-09-29T11:17:02.552-06:00,210.392,8.5,28.0,0.0,14.8,wind_drone_20260929
2026-09-29T17:17:02.759Z,2026-09-29T17:17:02.600Z,2026-09-29T11:17:02.759-06:00,210.599,8.5,28.0,0.0,14.8,wind_drone_20260929
2026-09-29T17:17:02.953Z,2026-09-29T17:17:02.800Z,2026-09-29T11:17:02.953-06:00,210.792,8.5,30.0,0.0,14.8,wind_drone_20260929
2026-09-29T17:17:03.159Z,2026-09-29T17:17:03.000Z,2026-09-29T11:17:03.159-06:00,210.999,8.6,31.0,0.0,14.8,wind_drone_20260929
2026-09-29T17:17:03.366Z,2026-09-29T17:17:03.200Z,2026-09-29T11:17:03.366-06:00,211.206,8.6,33.0,0.0,14.8,wind_drone_20260929
2026-09-29T17:17:03.559Z,2026-09-29T17:17:03.400Z,2026-09-29T11:17:03.559-06:00,211.398,8.6,32.0,0.0,14.8,wind_drone_20260929
2026-09-29T17:17:03.766Z,2026-09-29T17:17:03.600Z,2026-09-29T11:17:03.766-06:00,211.606,8.6,35.0,0.0,14.8,wind_drone_20260929
2026-09-29T17:17:03.959Z,2026-09-29T17:17:03.800Z,2026-09-29T11:17:03.959-06:00,211.798,8.5,32.0,0.0,14.8,wind_drone_20260929
2026-09-29T17:17:04.166Z,2026-09-29T17:17:04.000Z,2026-09-29T11:17:04.166-06:00,212.006,8.3,30.0,0.0,14.8,wind_drone_20260929
2026-09-29T17:17:04.359Z,2026-09-29T17:17:04.200Z,2026-09-29T11:17:04.359-06:00,212.198,8.0,28.0,0.0,14.8,wind_drone_20260929
2026-09-29T17:17:04.566Z,2026-09-29T17:17:04.400Z,2026-09-29T11:17:04.566-06:00,212.406,7.9,31.0,0.0,14.8,wind_drone_20260929
2026-09-29T17:17:04.759Z,2026-09-29T17:17:04.600Z,2026-09-29T11:17:04.759-06:00,212.598,7.7,38.0,0.0,14.8,wind_drone_20260929
2026-09-29T17:17:04.966Z,2026-09-29T17:17:04.800Z,2026-09-29T11:17:04.966-06:00,212.805,7.7,40.0,0.0,14.8,wind_drone_20260929
2026-09-29T17:17:05.158Z,2026-09-29T17:17:05.000Z,2026-09-29T11:17:05.158-06:00,212.998,7.6,41.0,0.0,14.8,wind_drone_20260929
2026-09-29T17:17:05.366Z,2026-09-29T17:17:05.200Z,2026-09-29T11:17:05.366-06:00,213.205,7.6,32.0,0.0,14.8,wind_drone_20260929
2026-09-29T17:17:05.558Z,2026-09-29T17:17:05.400Z,2026-09-29T11:17:05.558-06:00,213.398,7.7,34.0,0.0,14.8,wind_drone_20260929
2026-09-29T17:17:05.765Z,2026-09-29T17:17:05.600Z,2026-09-29T11:17:05.765-06:00,213.605,7.8,36.0,0.0,14.8,wind_drone_20260929
2026-09-29T17:17:05.958Z,2026-09-29T17:17:05.800Z,2026-09-29T11:17:05.958-06:00,213.798,8.1,32.0,0.0,14.8,wind_drone_20260929
2026-09-29T17:17:06.165Z,2026-09-29T17:17:06.000Z,2026-09-29T11:17:06.165-06:00,214.005,8.2,37.0,0.0,14.8,wind_drone_20260929
2026-09-29T17:17:06.358Z,2026-09-29T17:17:06.200Z,2026-09-29T11:17:06.358-06:00,214.198,8.4,38.0,0.0,14.8,wind_drone_20260929
2026-09-29T17:17:06.565Z,2026-09-29T17:17:06.400Z,2026-09-29T11:17:06.565-06:00,214.405,8.4,39.0,0.0,14.8,wind_drone_20260929
2026-09-29T17:17:06.758Z,2026-09-29T17:17:06.600Z,2026-09-29T11:17:06.758-06:00,214.597,8.5,35.0,0.0,14.8,wind_drone_20260929
2026-09-29T17:17:06.965Z,2026-09-29T17:17:06.800Z,2026-09-29T11:17:06.965-06:00,214.805,8.5,30.0,0.0,14.8,wind_drone_20260929
2026-09-29T17:17:07.158Z,2026-09-29T17:17:07.000Z,2026-09-29T11:17:07.158-06:00,214.997,8.5,31.0,0.0,14.8,wind_drone_20260929
2026-09-29T17:17:07.365Z,2026-09-29T17:17:07.200Z,2026-09-29T11:17:07.365-06:00,215.205,8.6,35.0,0.0,14.8,wind_drone_20260929
2026-09-29T17:17:07.558Z,2026-09-29T17:17:07.400Z,2026-09-29T11:17:07.558-06:00,215.398,8.5,35.0,0.0,14.8,wind_drone_20260929
2026-09-29T17:17:07.765Z,2026-09-29T17:17:07.600Z,2026-09-29T11:17:07.765-06:00,215.604,8.5,34.0,0.0,14.8,wind_drone_20260929
2026-09-29T17:17:07.957Z,2026-09-29T17:17:07.800Z,2026-09-29T11:17:07.957-06:00,215.797,8.4,35.0,0.0,14.8,wind_drone_20260929
2026-09-29T17:17:08.165Z,2026-09-29T17:17:08.000Z,2026-09-29T11:17:08.165-06:00,216.004,8.4,35.0,0.0,14.8,wind_drone_20260929
2026-09-29T17:17:08.357Z,2026-09-29T17:17:08.200Z,2026-09-29T11:17:08.357-06:00,216.197,8.4,36.0,0.0,14.8,wind_drone_20260929
2026-09-29T17:17:08.564Z,2026-09-29T17:17:08.400Z,2026-09-29T11:17:08.564-06:00,216.404,8.3,35.0,0.0,14.8,wind_drone_20260929
2026-09-29T17:17:08.757Z,2026-09-29T17:17:08.600Z,2026-09-29T11:17:08.757-06:00,216.597,8.3,39.0,0.0,14.8,wind_drone_20260929
2026-09-29T17:17:08.964Z,2026-09-29T17:17:08.800Z,2026-09-29T11:17:08.964-06:00,216.804,8.1,40.0,0.0,14.8,wind_drone_20260929
2026-09-29T17:17:09.158Z,2026-09-29T17:17:09.000Z,2026-09-29T11:17:09.158-06:00,216.997,8.1,42.0,0.0,14.8,wind_drone_20260929
2026-09-29T17:17:09.364Z,2026-09-29T17:17:09.200Z,2026-09-29T11:17:09.364-06:00,217.204,8.0,51.0,0.0,14.8,wind_drone_20260929
2026-09-29T17:17:09.557Z,2026-09-29T17:17:09.400Z,2026-09-29T11:17:09.557-06:00,217.397,7.8,50.0,0.0,14.8,wind_drone_20260929
2026-09-29T17:17:09.764Z,2026-09-29T17:17:09.600Z,2026-09-29T11:17:09.764-06:00,217.604,7.4,44.0,0.0,14.8,wind_drone_20260929
2026-09-29T17:17:09.957Z,2026-09-29T17:17:09.800Z,2026-09-29T11:17:09.957-06:00,217.796,7.1,47.0,0.0,14.8,wind_drone_20260929
2026-09-29T17:17:10.164Z,2026-09-29T17:17:10.000Z,2026-09-29T11:17:10.164-06:00,218.004,7.0,51.0,0.0,14.8,wind_drone_20260929
2026-09-29T17:17:10.357Z,2026-09-29T17:17:10.200Z,2026-09-29T11:17:10.357-06:00,218.196,6.9,49.0,0.0,14.8,wind_drone_20260929
2026-09-29T17:17:10.564Z,2026-09-29T17:17:10.400Z,2026-09-29T11:17:10.564-06:00,218.403,6.8,46.0,0.0,14.8,wind_drone_20260929
2026-09-29T17:17:10.757Z,2026-09-29T17:17:10.600Z,2026-09-29T11:17:10.757-06:00,218.596,6.9,40.0,0.0,14.8,wind_drone_20260929
2026-09-29T17:17:10.964Z,2026-09-29T17:17:10.800Z,2026-09-29T11:17:10.964-06:00,218.803,7.0,38.0,0.0,14.8,wind_drone_20260929
2026-09-29T17:17:11.156Z,2026-09-29T17:17:11.000Z,2026-09-29T11:17:11.156-06:00,218.996,7.3,38.0,0.0,14.8,wind_drone_20260929
2026-09-29T17:17:11.363Z,2026-09-29T17:17:11.200Z,2026-09-29T11:17:11.363-06:00,219.203,7.5,38.0,0.0,14.8,wind_drone_20260929
2026-09-29T17:17:11.556Z,2026-09-29T17:17:11.400Z,2026-09-29T11:17:11.556-06:00,219.396,7.6,38.0,0.0,14.8,wind_drone_20260929
2026-09-29T17:17:11.763Z,2026-09-29T17:17:11.600Z,2026-09-29T11:17:11.763-06:00,219.603,7.5,35.0,0.0,14.8,wind_drone_20260929
2026-09-29T17:17:11.956Z,2026-09-29T17:17:11.800Z,2026-09-29T11:17:11.956-06:00,219.795,7.4,34.0,0.0,14.8,wind_drone_20260929
2026-09-29T17:17:12.163Z,2026-09-29T17:17:12.000Z,2026-09-29T11:17:12.163-06:00,220.003,7.3,35.0,0.0,14.8,wind_drone_20260929
2026-09-29T17:17:12.356Z,2026-09-29T17:17:12.200Z,2026-09-29T11:17:12.356-06:00,220.196,7.0,38.0,0.0,14.8,wind_drone_20260929
2026-09-29T17:17:12.563Z,2026-09-29T17:17:12.400Z,2026-09-29T11:17:12.563-06:00,220.403,6.8,43.0,0.0,14.8,wind_drone_20260929
2026-09-29T17:17:12.756Z,2026-09-29T17:17:12.600Z,2026-09-29T11:17:12.756-06:00,220.596,6.6,41.0,0.0,14.8,wind_drone_20260929
2026-09-29T17:17:12.963Z,2026-09-29T17:17:12.800Z,2026-09-29T11:17:12.963-06:00,220.803,6.6,38.0,0.0,14.8,wind_drone_20260929
2026-09-29T17:17:13.156Z,2026-09-29T17:17:13.000Z,2026-09-29T11:17:13.156-06:00,220.995,6.6,41.0,0.0,14.8,wind_drone_20260929
2026-09-29T17:17:13.363Z,2026-09-29T17:17:13.200Z,2026-09-29T11:17:13.363-06:00,221.202,6.7,37.0,0.0,14.8,wind_drone_20260929
2026-09-29T17:17:13.556Z,2026-09-29T17:17:13.400Z,2026-09-29T11:17:13.556-06:00,221.395,6.7,34.0,0.0,14.8,wind_drone_20260929
2026-09-29T17:17:13.763Z,2026-09-29T17:17:13.600Z,2026-09-29T11:17:13.763-06:00,221.602,6.8,36.0,0.0,14.8,wind_drone_20260929
2026-09-29T17:17:13.955Z,2026-09-29T17:17:13.800Z,2026-09-29T11:17:13.955-06:00,221.795,6.8,37.0,0.0,14.8,wind_drone_20260929
2026-09-29T17:17:14.163Z,2026-09-29T17:17:14.000Z,2026-09-29T11:17:14.163-06:00,222.002,6.7,31.0,0.0,14.8,wind_drone_20260929
2026-09-29T17:17:14.355Z,2026-09-29T17:17:14.200Z,2026-09-29T11:17:14.355-06:00,222.195,6.7,31.0,0.0,14.8,wind_drone_20260929
2026-09-29T17:17:14.563Z,2026-09-29T17:17:14.400Z,2026-09-29T11:17:14.563-06:00,222.402,6.5,31.0,0.0,14.8,wind_drone_20260929
2026-09-29T17:17:14.755Z,2026-09-29T17:17:14.600Z,2026-09-29T11:17:14.755-06:00,222.595,6.4,32.0,0.0,14.8,wind_drone_20260929
2026-09-29T17:17:14.962Z,2026-09-29T17:17:14.800Z,2026-09-29T11:17:14.962-06:00,222.802,6.3,31.0,0.0,14.8,wind_drone_20260929
2026-09-29T17:17:15.155Z,2026-09-29T17:17:15.000Z,2026-09-29T11:17:15.155-06:00,222.994,6.3,35.0,0.0,14.8,wind_drone_20260929
2026-09-29T17:17:15.362Z,2026-09-29T17:17:15.200Z,2026-09-29T11:17:15.362-06:00,223.202,6.4,45.0,0.0,14.8,wind_drone_20260929
2026-09-29T17:17:15.555Z,2026-09-29T17:17:15.400Z,2026-09-29T11:17:15.555-06:00,223.394,6.4,47.0,0.0,14.8,wind_drone_20260929
2026-09-29T17:17:15.762Z,2026-09-29T17:17:15.600Z,2026-09-29T11:17:15.762-06:00,223.602,6.4,34.0,0.0,14.8,wind_drone_20260929
2026-09-29T17:17:15.955Z,2026-09-29T17:17:15.800Z,2026-09-29T11:17:15.955-06:00,223.794,6.6,36.0,0.0,14.8,wind_drone_20260929
2026-09-29T17:17:16.162Z,2026-09-29T17:17:16.000Z,2026-09-29T11:17:16.162-06:00,224.001,6.7,36.0,0.0,14.8,wind_drone_20260929
2026-09-29T17:17:16.355Z,2026-09-29T17:17:16.200Z,2026-09-29T11:17:16.355-06:00,224.194,6.9,35.0,0.0,14.8,wind_drone_20260929
2026-09-29T17:17:16.562Z,2026-09-29T17:17:16.400Z,2026-09-29T11:17:16.562-06:00,224.401,7.1,41.0,0.0,14.8,wind_drone_20260929
2026-09-29T17:17:16.754Z,2026-09-29T17:17:16.600Z,2026-09-29T11:17:16.754-06:00,224.594,7.2,44.0,0.0,14.8,wind_drone_20260929
2026-09-29T17:17:16.962Z,2026-09-29T17:17:16.800Z,2026-09-29T11:17:16.962-06:00,224.801,7.2,41.0,0.0,14.8,wind_drone_20260929
2026-09-29T17:17:17.154Z,2026-09-29T17:17:17.000Z,2026-09-29T11:17:17.154-06:00,224.994,7.3,37.0,0.0,14.8,wind_drone_20260929
2026-09-29T17:17:17.362Z,2026-09-29T17:17:17.200Z,2026-09-29T11:17:17.362-06:00,225.201,7.3,39.0,0.0,14.8,wind_drone_20260929
2026-09-29T17:17:17.554Z,2026-09-29T17:17:17.400Z,2026-09-29T11:17:17.554-06:00,225.394,7.3,40.0,0.0,14.8,wind_drone_20260929
2026-09-29T17:17:17.761Z,2026-09-29T17:17:17.600Z,2026-09-29T11:17:17.761-06:00,225.601,7.3,41.0,0.0,14.8,wind_drone_20260929
2026-09-29T17:17:17.954Z,2026-09-29T17:17:17.800Z,2026-09-29T11:17:17.954-06:00,225.794,7.4,45.0,0.0,14.8,wind_drone_20260929
2026-09-29T17:17:18.161Z,2026-09-29T17:17:18.000Z,2026-09-29T11:17:18.161-06:00,226.001,7.4,48.0,0.0,14.8,wind_drone_20260929
2026-09-29T17:17:18.354Z,2026-09-29T17:17:18.200Z,2026-09-29T11:17:18.354-06:00,226.193,7.4,47.0,0.0,14.8,wind_drone_20260929
2026-09-29T17:17:18.561Z,2026-09-29T17:17:18.400Z,2026-09-29T11:17:18.561-06:00,226.401,7.5,45.0,0.0,14.8,wind_drone_20260929
2026-09-29T17:17:18.754Z,2026-09-29T17:17:18.600Z,2026-09-29T11:17:18.754-06:00,226.594,7.6,43.0,0.0,14.8,wind_drone_20260929
2026-09-29T17:17:18.961Z,2026-09-29T17:17:18.800Z,2026-09-29T11:17:18.961-06:00,226.8,7.7,46.0,0.0,14.8,wind_drone_20260929
2026-09-29T17:17:19.154Z,2026-09-29T17:17:19.000Z,2026-09-29T11:17:19.154-06:00,226.993,7.8,48.0,0.0,14.8,wind_drone_20260929
2026-09-29T17:17:19.361Z,2026-09-29T17:17:19.200Z,2026-09-29T11:17:19.361-06:00,227.2,7.9,49.0,0.0,14.8,wind_drone_20260929
2026-09-29T17:17:19.553Z,2026-09-29T17:17:19.400Z,2026-09-29T11:17:19.553-06:00,227.393,7.9,46.0,0.0,14.8,wind_drone_20260929
2026-09-29T17:17:19.761Z,2026-09-29T17:17:19.600Z,2026-09-29T11:17:19.761-06:00,227.6,7.8,41.0,0.0,14.8,wind_drone_20260929
2026-09-29T17:17:19.954Z,2026-09-29T17:17:19.800Z,2026-09-29T11:17:19.954-06:00,227.793,7.6,41.0,0.0,14.8,wind_drone_20260929
2026-09-29T17:17:20.161Z,2026-09-29T17:17:20.000Z,2026-09-29T11:17:20.161-06:00,228.0,7.5,43.0,0.0,14.8,wind_drone_20260929
2026-09-29T17:17:20.353Z,2026-09-29T17:17:20.200Z,2026-09-29T11:17:20.353-06:00,228.193,7.5,42.0,0.0,14.8,wind_drone_20260929
2026-09-29T17:17:20.560Z,2026-09-29T17:17:20.400Z,2026-09-29T11:17:20.560-06:00,228.4,7.5,44.0,0.0,14.8,wind_drone_20260929
2026-09-29T17:17:20.754Z,2026-09-29T17:17:20.600Z,2026-09-29T11:17:20.754-06:00,228.593,7.4,43.0,0.0,14.8,wind_drone_20260929
2026-09-29T17:17:20.960Z,2026-09-29T17:17:20.800Z,2026-09-29T11:17:20.960-06:00,228.8,7.4,44.0,0.0,14.8,wind_drone_20260929
2026-09-29T17:17:21.153Z,2026-09-29T17:17:21.000Z,2026-09-29T11:17:21.153-06:00,228.993,7.4,43.0,0.0,14.8,wind_drone_20260929
2026-09-29T17:17:21.360Z,2026-09-29T17:17:21.200Z,2026-09-29T11:17:21.360-06:00,229.2,7.5,44.0,0.0,14.8,wind_drone_20260929
2026-09-29T17:17:21.553Z,2026-09-29T17:17:21.400Z,2026-09-29T11:17:21.553-06:00,229.392,7.4,44.0,0.0,14.8,wind_drone_20260929
2026-09-29T17:17:21.760Z,2026-09-29T17:17:21.600Z,2026-09-29T11:17:21.760-06:00,229.599,7.4,45.0,0.0,14.8,wind_drone_20260929
2026-09-29T17:17:21.953Z,2026-09-29T17:17:21.800Z,2026-09-29T11:17:21.953-06:00,229.792,7.4,44.0,0.0,14.8,wind_drone_20260929
2026-09-29T17:17:22.160Z,2026-09-29T17:17:22.000Z,2026-09-29T11:17:22.160-06:00,229.999,7.3,45.0,0.0,14.8,wind_drone_20260929
2026-09-29T17:17:22.353Z,2026-09-29T17:17:22.200Z,2026-09-29T11:17:22.353-06:00,230.192,7.2,45.0,0.0,14.8,wind_drone_20260929
2026-09-29T17:17:22.560Z,2026-09-29T17:17:22.400Z,2026-09-29T11:17:22.560-06:00,230.399,7.0,44.0,0.0,14.8,wind_drone_20260929
2026-09-29T17:17:22.753Z,2026-09-29T17:17:22.600Z,2026-09-29T11:17:22.753-06:00,230.592,6.9,42.0,0.0,14.8,wind_drone_20260929
2026-09-29T17:17:22.959Z,2026-09-29T17:17:22.800Z,2026-09-29T11:17:22.959-06:00,230.799,6.8,44.0,0.0,14.8,wind_drone_20260929
2026-09-29T17:17:23.153Z,2026-09-29T17:17:23.000Z,2026-09-29T11:17:23.153-06:00,230.992,6.8,41.0,0.0,14.8,wind_drone_20260929
2026-09-29T17:17:23.359Z,2026-09-29T17:17:23.200Z,2026-09-29T11:17:23.359-06:00,231.199,6.6,42.0,0.0,14.8,wind_drone_20260929
2026-09-29T17:17:23.553Z,2026-09-29T17:17:23.400Z,2026-09-29T11:17:23.553-06:00,231.392,6.5,43.0,0.0,14.8,wind_drone_20260929
2026-09-29T17:17:23.760Z,2026-09-29T17:17:23.600Z,2026-09-29T11:17:23.760-06:00,231.599,6.5,42.0,0.0,14.8,wind_drone_20260929
2026-09-29T17:17:23.952Z,2026-09-29T17:17:23.800Z,2026-09-29T11:17:23.952-06:00,231.791,6.4,44.0,0.0,14.8,wind_drone_20260929
2026-09-29T17:17:24.159Z,2026-09-29T17:17:24.000Z,2026-09-29T11:17:24.159-06:00,231.999,6.4,46.0,0.0,14.8,wind_drone_20260929
2026-09-29T17:17:24.352Z,2026-09-29T17:17:24.200Z,2026-09-29T11:17:24.352-06:00,232.191,6.5,49.0,0.0,14.8,wind_drone_20260929
2026-09-29T17:17:24.559Z,2026-09-29T17:17:24.400Z,2026-09-29T11:17:24.559-06:00,232.399,6.6,48.0,0.0,14.8,wind_drone_20260929
2026-09-29T17:17:24.766Z,2026-09-29T17:17:24.600Z,2026-09-29T11:17:24.766-06:00,232.606,6.7,49.0,0.0,14.8,wind_drone_20260929
2026-09-29T17:17:24.959Z,2026-09-29T17:17:24.800Z,2026-09-29T11:17:24.959-06:00,232.798,6.9,47.0,0.0,14.8,wind_drone_20260929
2026-09-29T17:17:25.166Z,2026-09-29T17:17:25.000Z,2026-09-29T11:17:25.166-06:00,233.006,7.2,48.0,0.0,14.8,wind_drone_20260929
2026-09-29T17:17:25.359Z,2026-09-29T17:17:25.200Z,2026-09-29T11:17:25.359-06:00,233.198,7.4,45.0,0.0,14.8,wind_drone_20260929
2026-09-29T17:17:25.566Z,2026-09-29T17:17:25.400Z,2026-09-29T11:17:25.566-06:00,233.406,7.6,44.0,0.0,14.8,wind_drone_20260929
2026-09-29T17:17:25.759Z,2026-09-29T17:17:25.600Z,2026-09-29T11:17:25.759-06:00,233.598,7.8,45.0,0.0,14.8,wind_drone_20260929
2026-09-29T17:17:25.966Z,2026-09-29T17:17:25.800Z,2026-09-29T11:17:25.966-06:00,233.805,8.0,49.0,0.0,14.8,wind_drone_20260929
2026-09-29T17:17:26.158Z,2026-09-29T17:17:26.000Z,2026-09-29T11:17:26.158-06:00,233.998,8.1,49.0,0.0,14.8,wind_drone_20260929
2026-09-29T17:17:26.366Z,2026-09-29T17:17:26.200Z,2026-09-29T11:17:26.366-06:00,234.205,8.1,46.0,0.0,14.8,wind_drone_20260929
2026-09-29T17:17:26.558Z,2026-09-29T17:17:26.400Z,2026-09-29T11:17:26.558-06:00,234.398,8.2,44.0,0.0,14.8,wind_drone_20260929
2026-09-29T17:17:26.765Z,2026-09-29T17:17:26.600Z,2026-09-29T11:17:26.765-06:00,234.605,8.1,47.0,0.0,14.8,wind_drone_20260929
2026-09-29T17:17:26.958Z,2026-09-29T17:17:26.800Z,2026-09-29T11:17:26.958-06:00,234.798,8.0,48.0,0.0,14.8,wind_drone_20260929
2026-09-29T17:17:27.165Z,2026-09-29T17:17:27.000Z,2026-09-29T11:17:27.165-06:00,235.005,8.0,48.0,0.0,14.8,wind_drone_20260929
2026-09-29T17:17:27.358Z,2026-09-29T17:17:27.200Z,2026-09-29T11:17:27.358-06:00,235.198,7.8,46.0,0.0,14.8,wind_drone_20260929
2026-09-29T17:17:27.565Z,2026-09-29T17:17:27.400Z,2026-09-29T11:17:27.565-06:00,235.405,7.7,46.0,0.0,14.8,wind_drone_20260929
2026-09-29T17:17:27.758Z,2026-09-29T17:17:27.600Z,2026-09-29T11:17:27.758-06:00,235.598,7.6,48.0,0.0,14.8,wind_drone_20260929
2026-09-29T17:17:27.965Z,2026-09-29T17:17:27.800Z,2026-09-29T11:17:27.965-06:00,235.805,7.5,48.0,0.0,14.8,wind_drone_20260929
2026-09-29T17:17:28.158Z,2026-09-29T17:17:28.000Z,2026-09-29T11:17:28.158-06:00,235.997,7.4,50.0,0.0,14.8,wind_drone_20260929
2026-09-29T17:17:28.365Z,2026-09-29T17:17:28.200Z,2026-09-29T11:17:28.365-06:00,236.205,7.3,52.0,0.0,14.8,wind_drone_20260929
2026-09-29T17:17:28.558Z,2026-09-29T17:17:28.400Z,2026-09-29T11:17:28.558-06:00,236.397,7.2,53.0,0.0,14.8,wind_drone_20260929
2026-09-29T17:17:28.765Z,2026-09-29T17:17:28.600Z,2026-09-29T11:17:28.765-06:00,236.604,7.1,55.0,0.0,14.8,wind_drone_20260929
2026-09-29T17:17:28.958Z,2026-09-29T17:17:28.800Z,2026-09-29T11:17:28.958-06:00,236.797,7.2,51.0,0.0,14.8,wind_drone_20260929
2026-09-29T17:17:29.165Z,2026-09-29T17:17:29.000Z,2026-09-29T11:17:29.165-06:00,237.004,7.2,54.0,0.0,14.8,wind_drone_20260929
2026-09-29T17:17:29.357Z,2026-09-29T17:17:29.200Z,2026-09-29T11:17:29.357-06:00,237.197,7.3,54.0,0.0,14.8,wind_drone_20260929
2026-09-29T17:17:29.564Z,2026-09-29T17:17:29.400Z,2026-09-29T11:17:29.564-06:00,237.404,7.3,54.0,0.0,14.8,wind_drone_20260929
2026-09-29T17:17:29.757Z,2026-09-29T17:17:29.600Z,2026-09-29T11:17:29.757-06:00,237.597,7.4,55.0,0.0,14.8,wind_drone_20260929
2026-09-29T17:17:29.964Z,2026-09-29T17:17:29.800Z,2026-09-29T11:17:29.964-06:00,237.804,7.5,58.0,0.0,14.8,wind_drone_20260929
2026-09-29T17:17:30.157Z,2026-09-29T17:17:30.000Z,2026-09-29T11:17:30.157-06:00,237.996,7.7,55.0,0.0,14.8,wind_drone_20260929
2026-09-29T17:17:30.364Z,2026-09-29T17:17:30.200Z,2026-09-29T11:17:30.364-06:00,238.204,7.7,56.0,0.0,14.8,wind_drone_20260929
2026-09-29T17:17:30.557Z,2026-09-29T17:17:30.400Z,2026-09-29T11:17:30.557-06:00,238.396,7.7,58.0,0.0,14.8,wind_drone_20260929
2026-09-29T17:17:30.764Z,2026-09-29T17:17:30.600Z,2026-09-29T11:17:30.764-06:00,238.604,7.8,59.0,0.0,14.8,wind_drone_20260929
2026-09-29T17:17:30.957Z,2026-09-29T17:17:30.800Z,2026-09-29T11:17:30.957-06:00,238.796,7.8,57.0,0.0,14.8,wind_drone_20260929
2026-09-29T17:17:31.164Z,2026-09-29T17:17:31.000Z,2026-09-29T11:17:31.164-06:00,239.004,7.8,60.0,0.0,14.8,wind_drone_20260929
2026-09-29T17:17:31.357Z,2026-09-29T17:17:31.200Z,2026-09-29T11:17:31.357-06:00,239.196,7.8,55.0,0.0,14.8,wind_drone_20260929
2026-09-29T17:17:31.564Z,2026-09-29T17:17:31.400Z,2026-09-29T11:17:31.564-06:00,239.403,7.9,54.0,0.0,14.8,wind_drone_20260929
2026-09-29T17:17:31.756Z,2026-09-29T17:17:31.600Z,2026-09-29T11:17:31.756-06:00,239.596,8.0,52.0,0.0,14.8,wind_drone_20260929
2026-09-29T17:17:31.964Z,2026-09-29T17:17:31.800Z,2026-09-29T11:17:31.964-06:00,239.803,8.1,55.0,0.0,14.8,wind_drone_20260929
2026-09-29T17:17:32.157Z,2026-09-29T17:17:32.000Z,2026-09-29T11:17:32.157-06:00,239.996,8.2,55.0,0.0,14.8,wind_drone_20260929
2026-09-29T17:17:32.363Z,2026-09-29T17:17:32.200Z,2026-09-29T11:17:32.363-06:00,240.203,8.3,53.0,0.0,14.8,wind_drone_20260929
2026-09-29T17:17:32.556Z,2026-09-29T17:17:32.400Z,2026-09-29T11:17:32.556-06:00,240.396,8.4,48.0,0.0,14.8,wind_drone_20260929
2026-09-29T17:17:32.763Z,2026-09-29T17:17:32.600Z,2026-09-29T11:17:32.763-06:00,240.603,8.5,45.0,0.0,14.8,wind_drone_20260929
2026-09-29T17:17:32.956Z,2026-09-29T17:17:32.800Z,2026-09-29T11:17:32.956-06:00,240.796,8.7,47.0,0.0,14.8,wind_drone_20260929
2026-09-29T17:17:33.163Z,2026-09-29T17:17:33.000Z,2026-09-29T11:17:33.163-06:00,241.003,8.7,48.0,0.0,14.8,wind_drone_20260929
2026-09-29T17:17:33.356Z,2026-09-29T17:17:33.200Z,2026-09-29T11:17:33.356-06:00,241.196,8.8,47.0,0.0,14.8,wind_drone_20260929
2026-09-29T17:17:33.563Z,2026-09-29T17:17:33.400Z,2026-09-29T11:17:33.563-06:00,241.403,8.9,51.0,0.0,14.8,wind_drone_20260929
2026-09-29T17:17:33.756Z,2026-09-29T17:17:33.600Z,2026-09-29T11:17:33.756-06:00,241.596,9.0,49.0,0.0,14.7,wind_drone_20260929
2026-09-29T17:17:33.963Z,2026-09-29T17:17:33.800Z,2026-09-29T11:17:33.963-06:00,241.803,9.1,47.0,0.0,14.7,wind_drone_20260929
2026-09-29T17:17:34.156Z,2026-09-29T17:17:34.000Z,2026-09-29T11:17:34.156-06:00,241.995,9.2,45.0,0.0,14.7,wind_drone_20260929
2026-09-29T17:17:34.363Z,2026-09-29T17:17:34.200Z,2026-09-29T11:17:34.363-06:00,242.202,9.3,44.0,0.0,14.7,wind_drone_20260929
2026-09-29T17:17:34.556Z,2026-09-29T17:17:34.400Z,2026-09-29T11:17:34.556-06:00,242.395,9.4,45.0,0.0,14.7,wind_drone_20260929
2026-09-29T17:17:34.763Z,2026-09-29T17:17:34.600Z,2026-09-29T11:17:34.763-06:00,242.602,9.4,45.0,0.0,14.7,wind_drone_20260929
2026-09-29T17:17:34.956Z,2026-09-29T17:17:34.800Z,2026-09-29T11:17:34.956-06:00,242.795,9.5,49.0,0.0,14.7,wind_drone_20260929
2026-09-29T17:17:35.163Z,2026-09-29T17:17:35.000Z,2026-09-29T11:17:35.163-06:00,243.002,9.6,48.0,0.0,14.7,wind_drone_20260929
2026-09-29T17:17:35.355Z,2026-09-29T17:17:35.200Z,2026-09-29T11:17:35.355-06:00,243.195,9.5,44.0,0.0,14.7,wind_drone_20260929
2026-09-29T17:17:35.562Z,2026-09-29T17:17:35.400Z,2026-09-29T11:17:35.562-06:00,243.402,9.5,48.0,0.0,14.7,wind_drone_20260929
2026-09-29T17:17:35.755Z,2026-09-29T17:17:35.600Z,2026-09-29T11:17:35.755-06:00,243.595,9.5,52.0,0.0,14.7,wind_drone_20260929
2026-09-29T17:17:35.962Z,2026-09-29T17:17:35.800Z,2026-09-29T11:17:35.962-06:00,243.802,9.5,51.0,0.0,14.7,wind_drone_20260929
2026-09-29T17:17:36.155Z,2026-09-29T17:17:36.000Z,2026-09-29T11:17:36.155-06:00,243.995,9.4,46.0,0.0,14.7,wind_drone_20260929
2026-09-29T17:17:36.362Z,2026-09-29T17:17:36.200Z,2026-09-29T11:17:36.362-06:00,244.202,9.3,49.0,0.0,14.7,wind_drone_20260929
2026-09-29T17:17:36.555Z,2026-09-29T17:17:36.400Z,2026-09-29T11:17:36.555-06:00,244.395,9.2,49.0,0.0,14.7,wind_drone_20260929
2026-09-29T17:17:36.762Z,2026-09-29T17:17:36.600Z,2026-09-29T11:17:36.762-06:00,244.602,9.0,51.0,0.0,14.7,wind_drone_20260929
2026-09-29T17:17:36.955Z,2026-09-29T17:17:36.800Z,2026-09-29T11:17:36.955-06:00,244.794,9.1,55.0,0.0,14.7,wind_drone_20260929
2026-09-29T17:17:37.162Z,2026-09-29T17:17:37.000Z,2026-09-29T11:17:37.162-06:00,245.001,9.0,59.0,0.0,14.7,wind_drone_20260929
2026-09-29T17:17:37.354Z,2026-09-29T17:17:37.200Z,2026-09-29T11:17:37.354-06:00,245.194,8.9,54.0,0.0,14.7,wind_drone_20260929
2026-09-29T17:17:37.562Z,2026-09-29T17:17:37.400Z,2026-09-29T11:17:37.562-06:00,245.401,8.8,51.0,0.0,14.7,wind_drone_20260929
2026-09-29T17:17:37.755Z,2026-09-29T17:17:37.600Z,2026-09-29T11:17:37.755-06:00,245.594,8.7,53.0,0.0,14.7,wind_drone_20260929
2026-09-29T17:17:37.962Z,2026-09-29T17:17:37.800Z,2026-09-29T11:17:37.962-06:00,245.801,8.6,55.0,0.0,14.7,wind_drone_20260929
2026-09-29T17:17:38.154Z,2026-09-29T17:17:38.000Z,2026-09-29T11:17:38.154-06:00,245.994,8.6,55.0,0.0,14.7,wind_drone_20260929
2026-09-29T17:17:38.361Z,2026-09-29T17:17:38.200Z,2026-09-29T11:17:38.361-06:00,246.201,8.6,54.0,0.0,14.7,wind_drone_20260929
2026-09-29T17:17:38.555Z,2026-09-29T17:17:38.400Z,2026-09-29T11:17:38.555-06:00,246.394,8.5,54.0,0.0,14.7,wind_drone_20260929
2026-09-29T17:17:38.762Z,2026-09-29T17:17:38.600Z,2026-09-29T11:17:38.762-06:00,246.601,8.5,54.0,0.0,14.7,wind_drone_20260929
2026-09-29T17:17:38.954Z,2026-09-29T17:17:38.800Z,2026-09-29T11:17:38.954-06:00,246.794,8.4,54.0,0.0,14.7,wind_drone_20260929
2026-09-29T17:17:39.161Z,2026-09-29T17:17:39.000Z,2026-09-29T11:17:39.161-06:00,247.001,8.4,53.0,0.0,14.7,wind_drone_20260929
2026-09-29T17:17:39.354Z,2026-09-29T17:17:39.200Z,2026-09-29T11:17:39.354-06:00,247.193,8.4,53.0,0.0,14.7,wind_drone_20260929
2026-09-29T17:17:39.561Z,2026-09-29T17:17:39.400Z,2026-09-29T11:17:39.561-06:00,247.401,8.4,50.0,0.0,14.7,wind_drone_20260929
2026-09-29T17:17:39.754Z,2026-09-29T17:17:39.600Z,2026-09-29T11:17:39.754-06:00,247.594,8.5,46.0,0.0,14.7,wind_drone_20260929
2026-09-29T17:17:39.961Z,2026-09-29T17:17:39.800Z,2026-09-29T11:17:39.961-06:00,247.801,8.5,46.0,0.0,14.7,wind_drone_20260929
2026-09-29T17:17:40.154Z,2026-09-29T17:17:40.000Z,2026-09-29T11:17:40.154-06:00,247.993,8.5,46.0,0.0,14.7,wind_drone_20260929
2026-09-29T17:17:40.361Z,2026-09-29T17:17:40.200Z,2026-09-29T11:17:40.361-06:00,248.2,8.5,44.0,0.0,14.7,wind_drone_20260929
2026-09-29T17:17:40.553Z,2026-09-29T17:17:40.400Z,2026-09-29T11:17:40.553-06:00,248.393,8.6,41.0,0.0,14.7,wind_drone_20260929
2026-09-29T17:17:40.761Z,2026-09-29T17:17:40.600Z,2026-09-29T11:17:40.761-06:00,248.6,8.7,45.0,0.0,14.7,wind_drone_20260929
2026-09-29T17:17:40.953Z,2026-09-29T17:17:40.800Z,2026-09-29T11:17:40.953-06:00,248.793,8.7,45.0,0.0,14.7,wind_drone_20260929
2026-09-29T17:17:41.161Z,2026-09-29T17:17:41.000Z,2026-09-29T11:17:41.161-06:00,249.0,8.7,42.0,0.0,14.7,wind_drone_20260929
2026-09-29T17:17:41.354Z,2026-09-29T17:17:41.200Z,2026-09-29T11:17:41.354-06:00,249.193,8.7,39.0,0.0,14.7,wind_drone_20260929
2026-09-29T17:17:41.561Z,2026-09-29T17:17:41.400Z,2026-09-29T11:17:41.561-06:00,249.4,8.6,40.0,0.0,14.7,wind_drone_20260929
2026-09-29T17:17:41.753Z,2026-09-29T17:17:41.600Z,2026-09-29T11:17:41.753-06:00,249.593,8.5,41.0,0.0,14.7,wind_drone_20260929
2026-09-29T17:17:41.960Z,2026-09-29T17:17:41.800Z,2026-09-29T11:17:41.960-06:00,249.8,8.5,38.0,0.0,14.7,wind_drone_20260929
2026-09-29T17:17:42.153Z,2026-09-29T17:17:42.000Z,2026-09-29T11:17:42.153-06:00,249.993,8.5,34.0,0.0,14.7,wind_drone_20260929
2026-09-29T17:17:42.360Z,2026-09-29T17:17:42.200Z,2026-09-29T11:17:42.360-06:00,250.2,8.6,41.0,0.0,14.7,wind_drone_20260929
2026-09-29T17:17:42.553Z,2026-09-29T17:17:42.400Z,2026-09-29T11:17:42.553-06:00,250.393,8.7,46.0,0.0,14.7,wind_drone_20260929
2026-09-29T17:17:42.760Z,2026-09-29T17:17:42.600Z,2026-09-29T11:17:42.760-06:00,250.6,8.9,41.0,0.0,14.7,wind_drone_20260929
2026-09-29T17:17:42.953Z,2026-09-29T17:17:42.800Z,2026-09-29T11:17:42.953-06:00,250.792,9.0,38.0,0.0,14.7,wind_drone_20260929
2026-09-29T17:17:43.160Z,2026-09-29T17:17:43.000Z,2026-09-29T11:17:43.160-06:00,250.999,9.2,38.0,0.0,14.7,wind_drone_20260929
2026-09-29T17:17:43.353Z,2026-09-29T17:17:43.200Z,2026-09-29T11:17:43.353-06:00,251.192,9.3,35.0,0.0,14.7,wind_drone_20260929
2026-09-29T17:17:43.560Z,2026-09-29T17:17:43.400Z,2026-09-29T11:17:43.560-06:00,251.399,9.4,38.0,0.0,14.7,wind_drone_20260929
2026-09-29T17:17:43.752Z,2026-09-29T17:17:43.600Z,2026-09-29T11:17:43.752-06:00,251.592,9.3,40.0,0.0,14.7,wind_drone_20260929
2026-09-29T17:17:43.960Z,2026-09-29T17:17:43.800Z,2026-09-29T11:17:43.960-06:00,251.799,9.3,42.0,0.0,14.7,wind_drone_20260929
2026-09-29T17:17:44.152Z,2026-09-29T17:17:44.000Z,2026-09-29T11:17:44.152-06:00,251.992,9.1,42.0,0.0,14.7,wind_drone_20260929
2026-09-29T17:17:44.359Z,2026-09-29T17:17:44.200Z,2026-09-29T11:17:44.359-06:00,252.199,9.2,37.0,0.0,14.7,wind_drone_20260929
2026-09-29T17:17:44.553Z,2026-09-29T17:17:44.400Z,2026-09-29T11:17:44.553-06:00,252.392,9.2,45.0,0.0,14.7,wind_drone_20260929
2026-09-29T17:17:44.759Z,2026-09-29T17:17:44.600Z,2026-09-29T11:17:44.759-06:00,252.599,9.3,43.0,0.0,14.7,wind_drone_20260929
2026-09-29T17:17:44.953Z,2026-09-29T17:17:44.800Z,2026-09-29T11:17:44.953-06:00,252.792,9.5,42.0,0.0,14.7,wind_drone_20260929
2026-09-29T17:17:45.159Z,2026-09-29T17:17:45.000Z,2026-09-29T11:17:45.159-06:00,252.999,9.5,47.0,0.0,14.7,wind_drone_20260929
2026-09-29T17:17:45.352Z,2026-09-29T17:17:45.200Z,2026-09-29T11:17:45.352-06:00,253.191,9.5,47.0,0.0,14.7,wind_drone_20260929
2026-09-29T17:17:45.559Z,2026-09-29T17:17:45.400Z,2026-09-29T11:17:45.559-06:00,253.399,9.5,45.0,0.0,14.7,wind_drone_20260929
2026-09-29T17:17:45.752Z,2026-09-29T17:17:45.600Z,2026-09-29T11:17:45.752-06:00,253.592,9.6,45.0,0.0,14.7,wind_drone_20260929
2026-09-29T17:17:45.959Z,2026-09-29T17:17:45.800Z,2026-09-29T11:17:45.959-06:00,253.799,9.5,49.0,0.0,14.7,wind_drone_20260929
2026-09-29T17:17:46.166Z,2026-09-29T17:17:46.000Z,2026-09-29T11:17:46.166-06:00,254.006,9.4,48.0,0.0,14.7,wind_drone_20260929
2026-09-29T17:17:46.359Z,2026-09-29T17:17:46.200Z,2026-09-29T11:17:46.359-06:00,254.198,9.4,50.0,0.0,14.7,wind_drone_20260929
2026-09-29T17:17:46.566Z,2026-09-29T17:17:46.400Z,2026-09-29T11:17:46.566-06:00,254.406,9.4,51.0,0.0,14.7,wind_drone_20260929
2026-09-29T17:17:46.759Z,2026-09-29T17:17:46.600Z,2026-09-29T11:17:46.759-06:00,254.598,9.4,51.0,0.0,14.7,wind_drone_20260929
2026-09-29T17:17:46.966Z,2026-09-29T17:17:46.800Z,2026-09-29T11:17:46.966-06:00,254.805,9.5,50.0,0.0,14.7,wind_drone_20260929
2026-09-29T17:17:47.159Z,2026-09-29T17:17:47.000Z,2026-09-29T11:17:47.159-06:00,254.998,9.4,50.0,0.0,14.7,wind_drone_20260929
2026-09-29T17:17:47.366Z,2026-09-29T17:17:47.200Z,2026-09-29T11:17:47.366-06:00,255.205,9.4,49.0,0.0,14.7,wind_drone_20260929
2026-09-29T17:17:47.558Z,2026-09-29T17:17:47.400Z,2026-09-29T11:17:47.558-06:00,255.398,9.4,50.0,0.0,14.7,wind_drone_20260929
2026-09-29T17:17:47.766Z,2026-09-29T17:17:47.600Z,2026-09-29T11:17:47.766-06:00,255.605,9.4,52.0,0.0,14.7,wind_drone_20260929
2026-09-29T17:17:47.958Z,2026-09-29T17:17:47.800Z,2026-09-29T11:17:47.958-06:00,255.798,9.3,58.0,0.0,14.7,wind_drone_20260929
2026-09-29T17:17:48.165Z,2026-09-29T17:17:48.000Z,2026-09-29T11:17:48.165-06:00,256.005,9.3,54.0,0.0,14.7,wind_drone_20260929
2026-09-29T17:17:48.358Z,2026-09-29T17:17:48.200Z,2026-09-29T11:17:48.358-06:00,256.198,9.2,48.0,0.0,14.7,wind_drone_20260929
2026-09-29T17:17:48.565Z,2026-09-29T17:17:48.400Z,2026-09-29T11:17:48.565-06:00,256.405,9.1,43.0,0.0,14.7,wind_drone_20260929
2026-09-29T17:17:48.758Z,2026-09-29T17:17:48.600Z,2026-09-29T11:17:48.758-06:00,256.598,9.0,35.0,0.0,14.7,wind_drone_20260929
2026-09-29T17:17:48.965Z,2026-09-29T17:17:48.800Z,2026-09-29T11:17:48.965-06:00,256.805,9.0,41.0,0.0,14.7,wind_drone_20260929
2026-09-29T17:17:49.158Z,2026-09-29T17:17:49.000Z,2026-09-29T11:17:49.158-06:00,256.998,9.1,43.0,0.0,14.7,wind_drone_20260929
2026-09-29T17:17:49.365Z,2026-09-29T17:17:49.200Z,2026-09-29T11:17:49.365-06:00,257.204,8.9,37.0,0.0,14.7,wind_drone_20260929
2026-09-29T17:17:49.558Z,2026-09-29T17:17:49.400Z,2026-09-29T11:17:49.558-06:00,257.397,8.8,38.0,0.0,14.7,wind_drone_20260929
2026-09-29T17:17:49.765Z,2026-09-29T17:17:49.600Z,2026-09-29T11:17:49.765-06:00,257.604,8.6,45.0,0.0,14.7,wind_drone_20260929
2026-09-29T17:17:49.958Z,2026-09-29T17:17:49.800Z,2026-09-29T11:17:49.958-06:00,257.797,8.2,41.0,0.0,14.7,wind_drone_20260929
2026-09-29T17:17:50.165Z,2026-09-29T17:17:50.000Z,2026-09-29T11:17:50.165-06:00,258.004,7.8,33.0,0.0,14.7,wind_drone_20260929
2026-09-29T17:17:50.357Z,2026-09-29T17:17:50.200Z,2026-09-29T11:17:50.357-06:00,258.197,7.4,35.0,0.0,14.7,wind_drone_20260929
2026-09-29T17:17:50.565Z,2026-09-29T17:17:50.400Z,2026-09-29T11:17:50.565-06:00,258.404,7.0,42.0,0.0,14.7,wind_drone_20260929
2026-09-29T17:17:50.758Z,2026-09-29T17:17:50.600Z,2026-09-29T11:17:50.758-06:00,258.597,6.6,37.0,0.0,14.7,wind_drone_20260929
2026-09-29T17:17:50.964Z,2026-09-29T17:17:50.800Z,2026-09-29T11:17:50.964-06:00,258.804,6.3,39.0,0.0,14.7,wind_drone_20260929
2026-09-29T17:17:51.157Z,2026-09-29T17:17:51.000Z,2026-09-29T11:17:51.157-06:00,258.997,5.8,45.0,0.0,14.7,wind_drone_20260929
2026-09-29T17:17:51.364Z,2026-09-29T17:17:51.200Z,2026-09-29T11:17:51.364-06:00,259.204,5.5,42.0,0.0,14.7,wind_drone_20260929
2026-09-29T17:17:51.557Z,2026-09-29T17:17:51.400Z,2026-09-29T11:17:51.557-06:00,259.397,5.4,36.0,0.0,14.7,wind_drone_20260929
2026-09-29T17:17:51.764Z,2026-09-29T17:17:51.600Z,2026-09-29T11:17:51.764-06:00,259.604,5.4,44.0,0.0,14.7,wind_drone_20260929
2026-09-29T17:17:51.957Z,2026-09-29T17:17:51.800Z,2026-09-29T11:17:51.957-06:00,259.796,5.6,47.0,0.0,14.7,wind_drone_20260929
2026-09-29T17:17:52.164Z,2026-09-29T17:17:52.000Z,2026-09-29T11:17:52.164-06:00,260.004,5.6,43.0,0.0,14.7,wind_drone_20260929
2026-09-29T17:17:52.357Z,2026-09-29T17:17:52.200Z,2026-09-29T11:17:52.357-06:00,260.196,5.7,39.0,0.0,14.7,wind_drone_20260929
2026-09-29T17:17:52.564Z,2026-09-29T17:17:52.400Z,2026-09-29T11:17:52.564-06:00,260.404,5.9,39.0,0.0,14.7,wind_drone_20260929
2026-09-29T17:17:52.757Z,2026-09-29T17:17:52.600Z,2026-09-29T11:17:52.757-06:00,260.596,6.0,36.0,0.0,14.7,wind_drone_20260929
2026-09-29T17:17:52.964Z,2026-09-29T17:17:52.800Z,2026-09-29T11:17:52.964-06:00,260.803,6.3,28.0,0.0,14.7,wind_drone_20260929
2026-09-29T17:17:53.157Z,2026-09-29T17:17:53.000Z,2026-09-29T11:17:53.157-06:00,260.996,6.5,27.0,0.0,14.7,wind_drone_20260929
2026-09-29T17:17:53.364Z,2026-09-29T17:17:53.200Z,2026-09-29T11:17:53.364-06:00,261.203,6.5,30.0,0.0,14.7,wind_drone_20260929
2026-09-29T17:17:53.556Z,2026-09-29T17:17:53.400Z,2026-09-29T11:17:53.556-06:00,261.396,6.3,30.0,0.0,14.7,wind_drone_20260929
2026-09-29T17:17:53.764Z,2026-09-29T17:17:53.600Z,2026-09-29T11:17:53.764-06:00,261.603,6.3,27.0,0.0,14.7,wind_drone_20260929
2026-09-29T17:17:53.956Z,2026-09-29T17:17:53.800Z,2026-09-29T11:17:53.956-06:00,261.796,6.3,26.0,0.0,14.7,wind_drone_20260929
2026-09-29T17:17:54.163Z,2026-09-29T17:17:54.000Z,2026-09-29T11:17:54.163-06:00,262.003,6.3,26.0,0.0,14.7,wind_drone_20260929
2026-09-29T17:17:54.356Z,2026-09-29T17:17:54.200Z,2026-09-29T11:17:54.356-06:00,262.196,6.4,29.0,0.0,14.7,wind_drone_20260929
2026-09-29T17:17:54.563Z,2026-09-29T17:17:54.400Z,2026-09-29T11:17:54.563-06:00,262.403,6.5,32.0,0.0,14.7,wind_drone_20260929
2026-09-29T17:17:54.756Z,2026-09-29T17:17:54.600Z,2026-09-29T11:17:54.756-06:00,262.596,6.5,38.0,0.0,14.7,wind_drone_20260929
2026-09-29T17:17:54.963Z,2026-09-29T17:17:54.800Z,2026-09-29T11:17:54.963-06:00,262.803,6.8,38.0,0.0,14.7,wind_drone_20260929
2026-09-29T17:17:55.156Z,2026-09-29T17:17:55.000Z,2026-09-29T11:17:55.156-06:00,262.995,6.9,31.0,0.0,14.7,wind_drone_20260929
2026-09-29T17:17:55.363Z,2026-09-29T17:17:55.200Z,2026-09-29T11:17:55.363-06:00,263.203,7.1,31.0,0.0,14.7,wind_drone_20260929
2026-09-29T17:17:55.556Z,2026-09-29T17:17:55.400Z,2026-09-29T11:17:55.556-06:00,263.395,7.3,29.0,0.0,14.7,wind_drone_20260929
2026-09-29T17:17:55.763Z,2026-09-29T17:17:55.600Z,2026-09-29T11:17:55.763-06:00,263.603,7.5,34.0,0.0,14.7,wind_drone_20260929
2026-09-29T17:17:55.956Z,2026-09-29T17:17:55.800Z,2026-09-29T11:17:55.956-06:00,263.795,7.5,32.0,0.0,14.7,wind_drone_20260929
2026-09-29T17:17:56.163Z,2026-09-29T17:17:56.000Z,2026-09-29T11:17:56.163-06:00,264.002,7.6,28.0,0.0,14.7,wind_drone_20260929
2026-09-29T17:17:56.355Z,2026-09-29T17:17:56.200Z,2026-09-29T11:17:56.355-06:00,264.195,7.7,27.0,0.0,14.7,wind_drone_20260929
2026-09-29T17:17:56.562Z,2026-09-29T17:17:56.400Z,2026-09-29T11:17:56.562-06:00,264.402,7.7,29.0,0.0,14.7,wind_drone_20260929
2026-09-29T17:17:56.755Z,2026-09-29T17:17:56.600Z,2026-09-29T11:17:56.755-06:00,264.595,8.0,27.0,0.0,14.7,wind_drone_20260929
2026-09-29T17:17:56.962Z,2026-09-29T17:17:56.800Z,2026-09-29T11:17:56.962-06:00,264.802,8.1,24.0,0.0,14.7,wind_drone_20260929
2026-09-29T17:17:57.155Z,2026-09-29T17:17:57.000Z,2026-09-29T11:17:57.155-06:00,264.995,8.1,29.0,0.0,14.7,wind_drone_20260929
2026-09-29T17:17:57.362Z,2026-09-29T17:17:57.200Z,2026-09-29T11:17:57.362-06:00,265.202,8.1,34.0,0.0,14.7,wind_drone_20260929
2026-09-29T17:17:57.555Z,2026-09-29T17:17:57.400Z,2026-09-29T11:17:57.555-06:00,265.395,8.1,31.0,0.0,14.7,wind_drone_20260929
2026-09-29T17:17:57.762Z,2026-09-29T17:17:57.600Z,2026-09-29T11:17:57.762-06:00,265.602,8.1,32.0,0.0,14.7,wind_drone_20260929
2026-09-29T17:17:57.955Z,2026-09-29T17:17:57.800Z,2026-09-29T11:17:57.955-06:00,265.794,8.1,35.0,0.0,14.7,wind_drone_20260929
2026-09-29T17:17:58.162Z,2026-09-29T17:17:58.000Z,2026-09-29T11:17:58.162-06:00,266.002,8.2,34.0,0.0,14.7,wind_drone_20260929
2026-09-29T17:17:58.355Z,2026-09-29T17:17:58.200Z,2026-09-29T11:17:58.355-06:00,266.194,8.2,34.0,0.0,14.7,wind_drone_20260929
2026-09-29T17:17:58.562Z,2026-09-29T17:17:58.400Z,2026-09-29T11:17:58.562-06:00,266.402,8.3,30.0,0.0,14.7,wind_drone_20260929
2026-09-29T17:17:58.755Z,2026-09-29T17:17:58.600Z,2026-09-29T11:17:58.755-06:00,266.594,8.3,28.0,0.0,14.7,wind_drone_20260929
2026-09-29T17:17:58.962Z,2026-09-29T17:17:58.800Z,2026-09-29T11:17:58.962-06:00,266.801,8.5,32.0,0.0,14.7,wind_drone_20260929
2026-09-29T17:17:59.154Z,2026-09-29T17:17:59.000Z,2026-09-29T11:17:59.154-06:00,266.994,8.6,33.0,0.0,14.7,wind_drone_20260929
2026-09-29T17:17:59.362Z,2026-09-29T17:17:59.200Z,2026-09-29T11:17:59.362-06:00,267.201,8.6,31.0,0.0,14.7,wind_drone_20260929
2026-09-29T17:17:59.554Z,2026-09-29T17:17:59.400Z,2026-09-29T11:17:59.554-06:00,267.394,8.8,31.0,0.0,14.7,wind_drone_20260929
2026-09-29T17:17:59.761Z,2026-09-29T17:17:59.600Z,2026-09-29T11:17:59.761-06:00,267.601,8.9,30.0,0.0,14.7,wind_drone_20260929
2026-09-29T17:17:59.954Z,2026-09-29T17:17:59.800Z,2026-09-29T11:17:59.954-06:00,267.793,9.0,29.0,0.0,14.7,wind_drone_20260929
2026-09-29T17:18:00.161Z,2026-09-29T17:18:00.000Z,2026-09-29T11:18:00.161-06:00,268.001,9.1,31.0,0.0,14.7,wind_drone_20260929
2026-09-29T17:18:00.354Z,2026-09-29T17:18:00.200Z,2026-09-29T11:18:00.354-06:00,268.193,9.3,25.0,0.0,14.7,wind_drone_20260929
2026-09-29T17:18:00.561Z,2026-09-29T17:18:00.400Z,2026-09-29T11:18:00.561-06:00,268.401,9.3,26.0,0.0,14.7,wind_drone_20260929
2026-09-29T17:18:00.754Z,2026-09-29T17:18:00.600Z,2026-09-29T11:18:00.754-06:00,268.593,9.3,33.0,0.0,14.7,wind_drone_20260929
2026-09-29T17:18:00.961Z,2026-09-29T17:18:00.800Z,2026-09-29T11:18:00.961-06:00,268.801,9.4,31.0,0.0,14.7,wind_drone_20260929
2026-09-29T17:18:01.154Z,2026-09-29T17:18:01.000Z,2026-09-29T11:18:01.154-06:00,268.993,9.3,25.0,0.0,14.7,wind_drone_20260929
2026-09-29T17:18:01.361Z,2026-09-29T17:18:01.200Z,2026-09-29T11:18:01.361-06:00,269.2,9.0,19.0,0.0,14.7,wind_drone_20260929
2026-09-29T17:18:01.553Z,2026-09-29T17:18:01.400Z,2026-09-29T11:18:01.553-06:00,269.392,8.7,18.0,0.0,14.7,wind_drone_20260929
2026-09-29T17:18:01.761Z,2026-09-29T17:18:01.600Z,2026-09-29T11:18:01.761-06:00,269.6,8.5,13.0,0.0,14.7,wind_drone_20260929
2026-09-29T17:18:01.953Z,2026-09-29T17:18:01.800Z,2026-09-29T11:18:01.953-06:00,269.793,8.3,18.0,0.0,14.7,wind_drone_20260929
2026-09-29T17:18:02.161Z,2026-09-29T17:18:02.000Z,2026-09-29T11:18:02.161-06:00,270.0,8.3,27.0,0.0,14.7,wind_drone_20260929
2026-09-29T17:18:02.353Z,2026-09-29T17:18:02.200Z,2026-09-29T11:18:02.353-06:00,270.193,8.1,23.0,0.0,14.7,wind_drone_20260929
2026-09-29T17:18:02.561Z,2026-09-29T17:18:02.400Z,2026-09-29T11:18:02.561-06:00,270.4,8.0,23.0,0.0,14.7,wind_drone_20260929
2026-09-29T17:18:02.754Z,2026-09-29T17:18:02.600Z,2026-09-29T11:18:02.754-06:00,270.593,8.1,27.0,0.0,14.7,wind_drone_20260929
2026-09-29T17:18:02.960Z,2026-09-29T17:18:02.800Z,2026-09-29T11:18:02.960-06:00,270.8,8.3,38.0,0.0,14.7,wind_drone_20260929
2026-09-29T17:18:03.153Z,2026-09-29T17:18:03.000Z,2026-09-29T11:18:03.153-06:00,270.993,8.6,32.0,0.0,14.7,wind_drone_20260929
2026-09-29T17:18:03.360Z,2026-09-29T17:18:03.200Z,2026-09-29T11:18:03.360-06:00,271.2,8.7,28.0,0.0,14.7,wind_drone_20260929
2026-09-29T17:18:03.553Z,2026-09-29T17:18:03.400Z,2026-09-29T11:18:03.553-06:00,271.393,8.7,30.0,0.0,14.7,wind_drone_20260929
2026-09-29T17:18:03.760Z,2026-09-29T17:18:03.600Z,2026-09-29T11:18:03.760-06:00,271.6,8.7,30.0,0.0,14.7,wind_drone_20260929
2026-09-29T17:18:03.953Z,2026-09-29T17:18:03.800Z,2026-09-29T11:18:03.953-06:00,271.792,8.7,30.0,0.0,14.7,wind_drone_20260929
2026-09-29T17:18:04.160Z,2026-09-29T17:18:04.000Z,2026-09-29T11:18:04.160-06:00,271.999,8.6,32.0,0.0,14.7,wind_drone_20260929
2026-09-29T17:18:04.353Z,2026-09-29T17:18:04.200Z,2026-09-29T11:18:04.353-06:00,272.192,8.3,35.0,0.0,14.7,wind_drone_20260929
2026-09-29T17:18:04.560Z,2026-09-29T17:18:04.400Z,2026-09-29T11:18:04.560-06:00,272.399,8.1,34.0,0.0,14.7,wind_drone_20260929
2026-09-29T17:18:04.753Z,2026-09-29T17:18:04.600Z,2026-09-29T11:18:04.753-06:00,272.593,7.8,34.0,0.0,14.7,wind_drone_20260929
2026-09-29T17:18:04.960Z,2026-09-29T17:18:04.800Z,2026-09-29T11:18:04.960-06:00,272.799,7.6,35.0,0.0,14.7,wind_drone_20260929
2026-09-29T17:18:05.153Z,2026-09-29T17:18:05.000Z,2026-09-29T11:18:05.153-06:00,272.992,7.5,36.0,0.0,14.7,wind_drone_20260929
2026-09-29T17:18:05.360Z,2026-09-29T17:18:05.200Z,2026-09-29T11:18:05.360-06:00,273.199,7.4,38.0,0.0,14.7,wind_drone_20260929
2026-09-29T17:18:05.553Z,2026-09-29T17:18:05.400Z,2026-09-29T11:18:05.553-06:00,273.392,7.6,40.0,0.0,14.7,wind_drone_20260929
2026-09-29T17:18:05.760Z,2026-09-29T17:18:05.600Z,2026-09-29T11:18:05.760-06:00,273.599,7.7,37.0,0.0,14.7,wind_drone_20260929
2026-09-29T17:18:05.952Z,2026-09-29T17:18:05.800Z,2026-09-29T11:18:05.952-06:00,273.791,7.8,37.0,0.0,14.7,wind_drone_20260929
2026-09-29T17:18:06.159Z,2026-09-29T17:18:06.000Z,2026-09-29T11:18:06.159-06:00,273.999,7.8,31.0,0.0,14.7,wind_drone_20260929
2026-09-29T17:18:06.352Z,2026-09-29T17:18:06.200Z,2026-09-29T11:18:06.352-06:00,274.192,7.7,35.0,0.0,14.7,wind_drone_20260929
2026-09-29T17:18:06.559Z,2026-09-29T17:18:06.400Z,2026-09-29T11:18:06.559-06:00,274.399,7.7,38.0,0.0,14.7,wind_drone_20260929
2026-09-29T17:18:06.751Z,2026-09-29T17:18:06.600Z,2026-09-29T11:18:06.751-06:00,274.591,7.7,33.0,0.0,14.7,wind_drone_20260929
2026-09-29T17:18:06.959Z,2026-09-29T17:18:06.800Z,2026-09-29T11:18:06.959-06:00,274.798,7.6,33.0,0.0,14.7,wind_drone_20260929
2026-09-29T17:18:07.152Z,2026-09-29T17:18:07.000Z,2026-09-29T11:18:07.152-06:00,274.992,7.4,35.0,0.0,14.7,wind_drone_20260929
2026-09-29T17:18:07.359Z,2026-09-29T17:18:07.200Z,2026-09-29T11:18:07.359-06:00,275.199,7.2,37.0,0.0,14.7,wind_drone_20260929
2026-09-29T17:18:07.566Z,2026-09-29T17:18:07.400Z,2026-09-29T11:18:07.566-06:00,275.406,7.0,33.0,0.0,14.7,wind_drone_20260929
2026-09-29T17:18:07.759Z,2026-09-29T17:18:07.600Z,2026-09-29T11:18:07.759-06:00,275.598,7.0,35.0,0.0,14.7,wind_drone_20260929
2026-09-29T17:18:07.966Z,2026-09-29T17:18:07.800Z,2026-09-29T11:18:07.966-06:00,275.806,7.0,36.0,0.0,14.7,wind_drone_20260929
2026-09-29T17:18:08.159Z,2026-09-29T17:18:08.000Z,2026-09-29T11:18:08.159-06:00,275.998,7.0,37.0,0.0,14.7,wind_drone_20260929
2026-09-29T17:18:08.366Z,2026-09-29T17:18:08.200Z,2026-09-29T11:18:08.366-06:00,276.205,7.0,35.0,0.0,14.7,wind_drone_20260929
2026-09-29T17:18:08.559Z,2026-09-29T17:18:08.400Z,2026-09-29T11:18:08.559-06:00,276.398,7.0,38.0,0.0,14.7,wind_drone_20260929
2026-09-29T17:18:08.766Z,2026-09-29T17:18:08.600Z,2026-09-29T11:18:08.766-06:00,276.605,6.9,36.0,0.0,14.7,wind_drone_20260929
2026-09-29T17:18:08.958Z,2026-09-29T17:18:08.800Z,2026-09-29T11:18:08.958-06:00,276.798,6.8,35.0,0.0,14.7,wind_drone_20260929
2026-09-29T17:18:09.166Z,2026-09-29T17:18:09.000Z,2026-09-29T11:18:09.166-06:00,277.005,6.6,35.0,0.0,14.7,wind_drone_20260929
2026-09-29T17:18:09.358Z,2026-09-29T17:18:09.200Z,2026-09-29T11:18:09.358-06:00,277.198,6.4,34.0,0.0,14.7,wind_drone_20260929
2026-09-29T17:18:09.565Z,2026-09-29T17:18:09.400Z,2026-09-29T11:18:09.565-06:00,277.405,6.4,36.0,0.0,14.7,wind_drone_20260929
2026-09-29T17:18:09.758Z,2026-09-29T17:18:09.600Z,2026-09-29T11:18:09.758-06:00,277.598,6.3,36.0,0.0,14.7,wind_drone_20260929
2026-09-29T17:18:09.965Z,2026-09-29T17:18:09.800Z,2026-09-29T11:18:09.965-06:00,277.805,6.2,29.0,0.0,14.7,wind_drone_20260929
2026-09-29T17:18:10.158Z,2026-09-29T17:18:10.000Z,2026-09-29T11:18:10.158-06:00,277.998,6.0,28.0,0.0,14.7,wind_drone_20260929
2026-09-29T17:18:10.365Z,2026-09-29T17:18:10.200Z,2026-09-29T11:18:10.365-06:00,278.205,6.0,32.0,0.0,14.7,wind_drone_20260929
2026-09-29T17:18:10.558Z,2026-09-29T17:18:10.400Z,2026-09-29T11:18:10.558-06:00,278.397,6.1,31.0,0.0,14.7,wind_drone_20260929
2026-09-29T17:18:10.765Z,2026-09-29T17:18:10.600Z,2026-09-29T11:18:10.765-06:00,278.605,6.4,35.0,0.0,14.7,wind_drone_20260929
2026-09-29T17:18:10.958Z,2026-09-29T17:18:10.800Z,2026-09-29T11:18:10.958-06:00,278.797,6.5,35.0,0.0,14.7,wind_drone_20260929
2026-09-29T17:18:11.165Z,2026-09-29T17:18:11.000Z,2026-09-29T11:18:11.165-06:00,279.004,6.5,27.0,0.0,14.7,wind_drone_20260929
2026-09-29T17:18:11.358Z,2026-09-29T17:18:11.200Z,2026-09-29T11:18:11.358-06:00,279.197,6.4,28.0,0.0,14.7,wind_drone_20260929
2026-09-29T17:18:11.565Z,2026-09-29T17:18:11.400Z,2026-09-29T11:18:11.565-06:00,279.404,6.4,30.0,0.0,14.7,wind_drone_20260929
2026-09-29T17:18:11.757Z,2026-09-29T17:18:11.600Z,2026-09-29T11:18:11.757-06:00,279.597,6.3,30.0,0.0,14.7,wind_drone_20260929
2026-09-29T17:18:11.965Z,2026-09-29T17:18:11.800Z,2026-09-29T11:18:11.965-06:00,279.804,6.4,30.0,0.0,14.7,wind_drone_20260929
2026-09-29T17:18:12.157Z,2026-09-29T17:18:12.000Z,2026-09-29T11:18:12.157-06:00,279.997,6.3,28.0,0.0,14.7,wind_drone_20260929
2026-09-29T17:18:12.364Z,2026-09-29T17:18:12.200Z,2026-09-29T11:18:12.364-06:00,280.204,6.0,29.0,0.0,14.7,wind_drone_20260929
2026-09-29T17:18:12.557Z,2026-09-29T17:18:12.400Z,2026-09-29T11:18:12.557-06:00,280.397,5.8,32.0,0.0,14.7,wind_drone_20260929
2026-09-29T17:18:12.765Z,2026-09-29T17:18:12.600Z,2026-09-29T11:18:12.765-06:00,280.604,5.7,28.0,0.0,14.7,wind_drone_20260929
2026-09-29T17:18:12.957Z,2026-09-29T17:18:12.800Z,2026-09-29T11:18:12.957-06:00,280.797,5.7,28.0,0.0,14.7,wind_drone_20260929
2026-09-29T17:18:13.164Z,2026-09-29T17:18:13.000Z,2026-09-29T11:18:13.164-06:00,281.004,5.7,36.0,0.0,14.7,wind_drone_20260929
2026-09-29T17:18:13.357Z,2026-09-29T17:18:13.200Z,2026-09-29T11:18:13.357-06:00,281.196,5.8,41.0,0.0,14.7,wind_drone_20260929
2026-09-29T17:18:13.564Z,2026-09-29T17:18:13.400Z,2026-09-29T11:18:13.564-06:00,281.404,5.7,41.0,0.0,14.7,wind_drone_20260929
2026-09-29T17:18:13.757Z,2026-09-29T17:18:13.600Z,2026-09-29T11:18:13.757-06:00,281.597,5.8,42.0,0.0,14.7,wind_drone_20260929
2026-09-29T17:18:13.964Z,2026-09-29T17:18:13.800Z,2026-09-29T11:18:13.964-06:00,281.804,5.9,41.0,0.0,14.7,wind_drone_20260929
2026-09-29T17:18:14.157Z,2026-09-29T17:18:14.000Z,2026-09-29T11:18:14.157-06:00,281.997,5.9,36.0,0.0,14.7,wind_drone_20260929
2026-09-29T17:18:14.364Z,2026-09-29T17:18:14.200Z,2026-09-29T11:18:14.364-06:00,282.203,6.1,36.0,0.0,14.7,wind_drone_20260929
2026-09-29T17:18:14.557Z,2026-09-29T17:18:14.400Z,2026-09-29T11:18:14.557-06:00,282.396,6.3,38.0,0.0,14.7,wind_drone_20260929
2026-09-29T17:18:14.764Z,2026-09-29T17:18:14.600Z,2026-09-29T11:18:14.764-06:00,282.603,6.4,40.0,0.0,14.7,wind_drone_20260929
2026-09-29T17:18:14.956Z,2026-09-29T17:18:14.800Z,2026-09-29T11:18:14.956-06:00,282.796,6.4,36.0,0.0,14.7,wind_drone_20260929
2026-09-29T17:18:15.164Z,2026-09-29T17:18:15.000Z,2026-09-29T11:18:15.164-06:00,283.003,6.4,35.0,0.0,14.7,wind_drone_20260929
2026-09-29T17:18:15.356Z,2026-09-29T17:18:15.200Z,2026-09-29T11:18:15.356-06:00,283.196,6.4,33.0,0.0,14.7,wind_drone_20260929
2026-09-29T17:18:15.563Z,2026-09-29T17:18:15.400Z,2026-09-29T11:18:15.563-06:00,283.403,6.4,31.0,0.0,14.7,wind_drone_20260929
2026-09-29T17:18:15.756Z,2026-09-29T17:18:15.600Z,2026-09-29T11:18:15.756-06:00,283.595,6.5,34.0,0.0,14.7,wind_drone_20260929
2026-09-29T17:18:15.963Z,2026-09-29T17:18:15.800Z,2026-09-29T11:18:15.963-06:00,283.803,6.5,37.0,0.0,14.7,wind_drone_20260929
2026-09-29T17:18:16.156Z,2026-09-29T17:18:16.000Z,2026-09-29T11:18:16.156-06:00,283.996,6.5,35.0,0.0,14.7,wind_drone_20260929
2026-09-29T17:18:16.363Z,2026-09-29T17:18:16.200Z,2026-09-29T11:18:16.363-06:00,284.203,6.4,29.0,0.0,14.7,wind_drone_20260929
2026-09-29T17:18:16.556Z,2026-09-29T17:18:16.400Z,2026-09-29T11:18:16.556-06:00,284.395,6.3,32.0,0.0,14.7,wind_drone_20260929
2026-09-29T17:18:16.763Z,2026-09-29T17:18:16.600Z,2026-09-29T11:18:16.763-06:00,284.603,6.4,37.0,0.0,14.7,wind_drone_20260929
2026-09-29T17:18:16.956Z,2026-09-29T17:18:16.800Z,2026-09-29T11:18:16.956-06:00,284.795,6.5,37.0,0.0,14.7,wind_drone_20260929
2026-09-29T17:18:17.163Z,2026-09-29T17:18:17.000Z,2026-09-29T11:18:17.163-06:00,285.002,6.6,35.0,0.0,14.7,wind_drone_20260929
2026-09-29T17:18:17.356Z,2026-09-29T17:18:17.200Z,2026-09-29T11:18:17.356-06:00,285.195,6.7,35.0,0.0,14.7,wind_drone_20260929
2026-09-29T17:18:17.563Z,2026-09-29T17:18:17.400Z,2026-09-29T11:18:17.563-06:00,285.402,6.7,37.0,0.0,14.7,wind_drone_20260929
2026-09-29T17:18:17.755Z,2026-09-29T17:18:17.600Z,2026-09-29T11:18:17.755-06:00,285.595,6.7,37.0,0.0,14.7,wind_drone_20260929
2026-09-29T17:18:17.962Z,2026-09-29T17:18:17.800Z,2026-09-29T11:18:17.962-06:00,285.802,6.8,33.0,0.0,14.7,wind_drone_20260929
2026-09-29T17:18:18.155Z,2026-09-29T17:18:18.000Z,2026-09-29T11:18:18.155-06:00,285.995,6.9,33.0,0.0,14.7,wind_drone_20260929
2026-09-29T17:18:18.362Z,2026-09-29T17:18:18.200Z,2026-09-29T11:18:18.362-06:00,286.202,7.0,37.0,0.0,14.7,wind_drone_20260929
2026-09-29T17:18:18.555Z,2026-09-29T17:18:18.400Z,2026-09-29T11:18:18.555-06:00,286.395,7.0,35.0,0.0,14.7,wind_drone_20260929
2026-09-29T17:18:18.762Z,2026-09-29T17:18:18.600Z,2026-09-29T11:18:18.762-06:00,286.602,7.0,38.0,0.0,14.7,wind_drone_20260929
2026-09-29T17:18:18.955Z,2026-09-29T17:18:18.800Z,2026-09-29T11:18:18.955-06:00,286.795,7.1,35.0,0.0,14.7,wind_drone_20260929
2026-09-29T17:18:19.162Z,2026-09-29T17:18:19.000Z,2026-09-29T11:18:19.162-06:00,287.002,7.2,35.0,0.0,14.7,wind_drone_20260929
2026-09-29T17:18:19.355Z,2026-09-29T17:18:19.200Z,2026-09-29T11:18:19.355-06:00,287.194,7.3,35.0,0.0,14.7,wind_drone_20260929
2026-09-29T17:18:19.562Z,2026-09-29T17:18:19.400Z,2026-09-29T11:18:19.562-06:00,287.402,7.4,35.0,0.0,14.7,wind_drone_20260929
2026-09-29T17:18:19.755Z,2026-09-29T17:18:19.600Z,2026-09-29T11:18:19.755-06:00,287.595,7.5,35.0,0.0,14.7,wind_drone_20260929
2026-09-29T17:18:19.962Z,2026-09-29T17:18:19.800Z,2026-09-29T11:18:19.962-06:00,287.802,7.6,34.0,0.0,14.7,wind_drone_20260929
2026-09-29T17:18:20.155Z,2026-09-29T17:18:20.000Z,2026-09-29T11:18:20.155-06:00,287.994,7.6,38.0,0.0,14.7,wind_drone_20260929
2026-09-29T17:18:20.362Z,2026-09-29T17:18:20.200Z,2026-09-29T11:18:20.362-06:00,288.201,7.6,36.0,0.0,14.7,wind_drone_20260929
2026-09-29T17:18:20.554Z,2026-09-29T17:18:20.400Z,2026-09-29T11:18:20.554-06:00,288.394,7.6,34.0,0.0,14.7,wind_drone_20260929
2026-09-29T17:18:20.762Z,2026-09-29T17:18:20.600Z,2026-09-29T11:18:20.762-06:00,288.601,7.6,38.0,0.0,14.7,wind_drone_20260929
2026-09-29T17:18:20.955Z,2026-09-29T17:18:20.800Z,2026-09-29T11:18:20.955-06:00,288.794,7.6,37.0,0.0,14.7,wind_drone_20260929
2026-09-29T17:18:21.162Z,2026-09-29T17:18:21.000Z,2026-09-29T11:18:21.162-06:00,289.001,7.5,38.0,0.0,14.7,wind_drone_20260929
2026-09-29T17:18:21.354Z,2026-09-29T17:18:21.200Z,2026-09-29T11:18:21.354-06:00,289.194,7.5,37.0,0.0,14.7,wind_drone_20260929
2026-09-29T17:18:21.561Z,2026-09-29T17:18:21.400Z,2026-09-29T11:18:21.561-06:00,289.401,7.5,36.0,0.0,14.7,wind_drone_20260929
2026-09-29T17:18:21.754Z,2026-09-29T17:18:21.600Z,2026-09-29T11:18:21.754-06:00,289.594,7.4,38.0,0.0,14.7,wind_drone_20260929
2026-09-29T17:18:21.961Z,2026-09-29T17:18:21.800Z,2026-09-29T11:18:21.961-06:00,289.801,7.4,38.0,0.0,14.7,wind_drone_20260929
2026-09-29T17:18:22.154Z,2026-09-29T17:18:22.000Z,2026-09-29T11:18:22.154-06:00,289.994,7.5,43.0,0.0,14.7,wind_drone_20260929
2026-09-29T17:18:22.361Z,2026-09-29T17:18:22.200Z,2026-09-29T11:18:22.361-06:00,290.201,7.5,40.0,0.0,14.7,wind_drone_20260929
2026-09-29T17:18:22.554Z,2026-09-29T17:18:22.400Z,2026-09-29T11:18:22.554-06:00,290.393,7.5,42.0,0.0,14.7,wind_drone_20260929
2026-09-29T17:18:22.761Z,2026-09-29T17:18:22.600Z,2026-09-29T11:18:22.761-06:00,290.601,7.4,44.0,0.0,14.7,wind_drone_20260929
2026-09-29T17:18:22.954Z,2026-09-29T17:18:22.800Z,2026-09-29T11:18:22.954-06:00,290.793,7.4,45.0,0.0,14.7,wind_drone_20260929
2026-09-29T17:18:23.161Z,2026-09-29T17:18:23.000Z,2026-09-29T11:18:23.161-06:00,291.001,7.4,42.0,0.0,14.7,wind_drone_20260929
2026-09-29T17:18:23.354Z,2026-09-29T17:18:23.200Z,2026-09-29T11:18:23.354-06:00,291.193,7.4,45.0,0.0,14.7,wind_drone_20260929
2026-09-29T17:18:23.561Z,2026-09-29T17:18:23.400Z,2026-09-29T11:18:23.561-06:00,291.4,7.4,48.0,0.0,14.7,wind_drone_20260929
2026-09-29T17:18:23.753Z,2026-09-29T17:18:23.600Z,2026-09-29T11:18:23.753-06:00,291.593,7.4,50.0,0.0,14.7,wind_drone_20260929
2026-09-29T17:18:23.960Z,2026-09-29T17:18:23.800Z,2026-09-29T11:18:23.960-06:00,291.8,7.4,48.0,0.0,14.7,wind_drone_20260929
2026-09-29T17:18:24.153Z,2026-09-29T17:18:24.000Z,2026-09-29T11:18:24.153-06:00,291.992,7.4,50.0,0.0,14.7,wind_drone_20260929
2026-09-29T17:18:24.360Z,2026-09-29T17:18:24.200Z,2026-09-29T11:18:24.360-06:00,292.2,7.5,53.0,0.0,14.7,wind_drone_20260929
2026-09-29T17:18:24.553Z,2026-09-29T17:18:24.400Z,2026-09-29T11:18:24.553-06:00,292.393,7.5,49.0,0.0,14.7,wind_drone_20260929
2026-09-29T17:18:24.760Z,2026-09-29T17:18:24.600Z,2026-09-29T11:18:24.760-06:00,292.6,7.5,47.0,0.0,14.7,wind_drone_20260929
2026-09-29T17:18:24.953Z,2026-09-29T17:18:24.800Z,2026-09-29T11:18:24.953-06:00,292.792,7.5,46.0,0.0,14.7,wind_drone_20260929
2026-09-29T17:18:25.160Z,2026-09-29T17:18:25.000Z,2026-09-29T11:18:25.160-06:00,293.0,7.5,47.0,0.0,14.7,wind_drone_20260929
2026-09-29T17:18:25.353Z,2026-09-29T17:18:25.200Z,2026-09-29T11:18:25.353-06:00,293.192,7.6,48.0,0.0,14.7,wind_drone_20260929
2026-09-29T17:18:25.560Z,2026-09-29T17:18:25.400Z,2026-09-29T11:18:25.560-06:00,293.4,7.6,45.0,0.0,14.7,wind_drone_20260929
2026-09-29T17:18:25.753Z,2026-09-29T17:18:25.600Z,2026-09-29T11:18:25.753-06:00,293.592,7.7,47.0,0.0,14.7,wind_drone_20260929
2026-09-29T17:18:25.960Z,2026-09-29T17:18:25.800Z,2026-09-29T11:18:25.960-06:00,293.8,7.7,47.0,0.0,14.7,wind_drone_20260929
2026-09-29T17:18:26.153Z,2026-09-29T17:18:26.000Z,2026-09-29T11:18:26.153-06:00,293.992,7.8,42.0,0.0,14.7,wind_drone_20260929
2026-09-29T17:18:26.360Z,2026-09-29T17:18:26.200Z,2026-09-29T11:18:26.360-06:00,294.199,7.9,41.0,0.0,14.7,wind_drone_20260929
2026-09-29T17:18:26.553Z,2026-09-29T17:18:26.400Z,2026-09-29T11:18:26.553-06:00,294.392,8.1,45.0,0.0,14.7,wind_drone_20260929
2026-09-29T17:18:26.760Z,2026-09-29T17:18:26.600Z,2026-09-29T11:18:26.760-06:00,294.599,8.3,44.0,0.0,14.7,wind_drone_20260929
2026-09-29T17:18:26.952Z,2026-09-29T17:18:26.800Z,2026-09-29T11:18:26.952-06:00,294.792,8.4,40.0,0.0,14.7,wind_drone_20260929
2026-09-29T17:18:27.159Z,2026-09-29T17:18:27.000Z,2026-09-29T11:18:27.159-06:00,294.999,8.4,40.0,0.0,14.7,wind_drone_20260929
2026-09-29T17:18:27.352Z,2026-09-29T17:18:27.200Z,2026-09-29T11:18:27.352-06:00,295.192,8.4,42.0,0.0,14.7,wind_drone_20260929
2026-09-29T17:18:27.559Z,2026-09-29T17:18:27.400Z,2026-09-29T11:18:27.559-06:00,295.399,8.4,37.0,0.0,14.7,wind_drone_20260929
2026-09-29T17:18:27.752Z,2026-09-29T17:18:27.600Z,2026-09-29T11:18:27.752-06:00,295.592,8.4,35.0,0.0,14.7,wind_drone_20260929
2026-09-29T17:18:27.959Z,2026-09-29T17:18:27.800Z,2026-09-29T11:18:27.959-06:00,295.799,8.4,41.0,0.0,14.7,wind_drone_20260929
2026-09-29T17:18:28.152Z,2026-09-29T17:18:28.000Z,2026-09-29T11:18:28.152-06:00,295.992,8.3,38.0,0.0,14.7,wind_drone_20260929
2026-09-29T17:18:28.359Z,2026-09-29T17:18:28.200Z,2026-09-29T11:18:28.359-06:00,296.199,8.2,33.0,0.0,14.7,wind_drone_20260929
2026-09-29T17:18:28.552Z,2026-09-29T17:18:28.400Z,2026-09-29T11:18:28.552-06:00,296.392,8.1,32.0,0.0,14.7,wind_drone_20260929
2026-09-29T17:18:28.759Z,2026-09-29T17:18:28.600Z,2026-09-29T11:18:28.759-06:00,296.598,8.0,34.0,0.0,14.7,wind_drone_20260929
2026-09-29T17:18:28.952Z,2026-09-29T17:18:28.800Z,2026-09-29T11:18:28.952-06:00,296.792,7.9,31.0,0.0,14.7,wind_drone_20260929
2026-09-29T17:18:29.159Z,2026-09-29T17:18:29.000Z,2026-09-29T11:18:29.159-06:00,296.998,7.8,32.0,0.0,14.7,wind_drone_20260929
2026-09-29T17:18:29.366Z,2026-09-29T17:18:29.200Z,2026-09-29T11:18:29.366-06:00,297.206,7.6,32.0,0.0,14.7,wind_drone_20260929
2026-09-29T17:18:29.559Z,2026-09-29T17:18:29.400Z,2026-09-29T11:18:29.559-06:00,297.398,7.4,32.0,0.0,14.7,wind_drone_20260929
2026-09-29T17:18:29.766Z,2026-09-29T17:18:29.600Z,2026-09-29T11:18:29.766-06:00,297.606,7.3,34.0,0.0,14.7,wind_drone_20260929
2026-09-29T17:18:29.959Z,2026-09-29T17:18:29.800Z,2026-09-29T11:18:29.959-06:00,297.798,7.2,36.0,0.0,14.7,wind_drone_20260929
2026-09-29T17:18:30.166Z,2026-09-29T17:18:30.000Z,2026-09-29T11:18:30.166-06:00,298.005,7.0,32.0,0.0,14.7,wind_drone_20260929
2026-09-29T17:18:30.358Z,2026-09-29T17:18:30.200Z,2026-09-29T11:18:30.358-06:00,298.198,6.9,35.0,0.0,14.7,wind_drone_20260929
2026-09-29T17:18:30.566Z,2026-09-29T17:18:30.400Z,2026-09-29T11:18:30.566-06:00,298.405,6.8,37.0,0.0,14.7,wind_drone_20260929
2026-09-29T17:18:30.758Z,2026-09-29T17:18:30.600Z,2026-09-29T11:18:30.758-06:00,298.598,6.7,40.0,0.0,14.7,wind_drone_20260929
2026-09-29T17:18:30.966Z,2026-09-29T17:18:30.800Z,2026-09-29T11:18:30.966-06:00,298.805,6.7,39.0,0.0,14.7,wind_drone_20260929
2026-09-29T17:18:31.158Z,2026-09-29T17:18:31.000Z,2026-09-29T11:18:31.158-06:00,298.998,6.6,35.0,0.0,14.7,wind_drone_20260929
2026-09-29T17:18:31.365Z,2026-09-29T17:18:31.200Z,2026-09-29T11:18:31.365-06:00,299.205,6.5,34.0,0.0,14.7,wind_drone_20260929
2026-09-29T17:18:31.558Z,2026-09-29T17:18:31.400Z,2026-09-29T11:18:31.558-06:00,299.398,6.4,34.0,0.0,14.7,wind_drone_20260929
2026-09-29T17:18:31.765Z,2026-09-29T17:18:31.600Z,2026-09-29T11:18:31.765-06:00,299.605,6.3,34.0,0.0,14.7,wind_drone_20260929
2026-09-29T17:18:31.958Z,2026-09-29T17:18:31.800Z,2026-09-29T11:18:31.958-06:00,299.798,6.3,36.0,0.0,14.7,wind_drone_20260929
2026-09-29T17:18:32.165Z,2026-09-29T17:18:32.000Z,2026-09-29T11:18:32.165-06:00,300.005,6.2,30.0,0.0,14.7,wind_drone_20260929
2026-09-29T17:18:32.358Z,2026-09-29T17:18:32.200Z,2026-09-29T11:18:32.358-06:00,300.197,6.1,26.0,0.0,14.7,wind_drone_20260929
2026-09-29T17:18:32.565Z,2026-09-29T17:18:32.400Z,2026-09-29T11:18:32.565-06:00,300.405,6.0,25.0,0.0,14.7,wind_drone_20260929
2026-09-29T17:18:32.758Z,2026-09-29T17:18:32.600Z,2026-09-29T11:18:32.758-06:00,300.597,5.9,29.0,0.0,14.7,wind_drone_20260929
2026-09-29T17:18:32.965Z,2026-09-29T17:18:32.800Z,2026-09-29T11:18:32.965-06:00,300.804,5.8,31.0,0.0,14.7,wind_drone_20260929
2026-09-29T17:18:33.158Z,2026-09-29T17:18:33.000Z,2026-09-29T11:18:33.158-06:00,300.997,5.8,26.0,0.0,14.7,wind_drone_20260929
2026-09-29T17:18:33.365Z,2026-09-29T17:18:33.200Z,2026-09-29T11:18:33.365-06:00,301.204,5.8,23.0,0.0,14.7,wind_drone_20260929
2026-09-29T17:18:33.557Z,2026-09-29T17:18:33.400Z,2026-09-29T11:18:33.557-06:00,301.397,5.8,19.0,0.0,14.7,wind_drone_20260929
2026-09-29T17:18:33.764Z,2026-09-29T17:18:33.600Z,2026-09-29T11:18:33.764-06:00,301.604,5.9,17.0,0.0,14.7,wind_drone_20260929
2026-09-29T17:18:33.957Z,2026-09-29T17:18:33.800Z,2026-09-29T11:18:33.957-06:00,301.797,5.8,19.0,0.0,14.7,wind_drone_20260929
2026-09-29T17:18:34.164Z,2026-09-29T17:18:34.000Z,2026-09-29T11:18:34.164-06:00,302.004,5.7,22.0,0.0,14.7,wind_drone_20260929
2026-09-29T17:18:34.357Z,2026-09-29T17:18:34.200Z,2026-09-29T11:18:34.357-06:00,302.197,5.5,20.0,0.0,14.7,wind_drone_20260929
2026-09-29T17:18:34.564Z,2026-09-29T17:18:34.400Z,2026-09-29T11:18:34.564-06:00,302.404,5.4,18.0,0.0,14.7,wind_drone_20260929
2026-09-29T17:18:34.757Z,2026-09-29T17:18:34.600Z,2026-09-29T11:18:34.757-06:00,302.597,5.3,25.0,0.0,14.7,wind_drone_20260929
2026-09-29T17:18:34.964Z,2026-09-29T17:18:34.800Z,2026-09-29T11:18:34.964-06:00,302.804,5.1,32.0,0.0,14.7,wind_drone_20260929
2026-09-29T17:18:35.157Z,2026-09-29T17:18:35.000Z,2026-09-29T11:18:35.157-06:00,302.996,4.9,32.0,0.0,14.7,wind_drone_20260929
2026-09-29T17:18:35.364Z,2026-09-29T17:18:35.200Z,2026-09-29T11:18:35.364-06:00,303.204,4.9,34.0,0.0,14.7,wind_drone_20260929
2026-09-29T17:18:35.556Z,2026-09-29T17:18:35.400Z,2026-09-29T11:18:35.556-06:00,303.396,4.9,35.0,0.0,14.7,wind_drone_20260929
2026-09-29T17:18:35.764Z,2026-09-29T17:18:35.600Z,2026-09-29T11:18:35.764-06:00,303.604,4.9,33.0,0.0,14.7,wind_drone_20260929
2026-09-29T17:18:35.957Z,2026-09-29T17:18:35.800Z,2026-09-29T11:18:35.957-06:00,303.796,5.1,33.0,0.0,14.7,wind_drone_20260929
2026-09-29T17:18:36.164Z,2026-09-29T17:18:36.000Z,2026-09-29T11:18:36.164-06:00,304.003,5.2,41.0,0.0,14.7,wind_drone_20260929
2026-09-29T17:18:36.356Z,2026-09-29T17:18:36.200Z,2026-09-29T11:18:36.356-06:00,304.196,5.3,41.0,0.0,14.7,wind_drone_20260929
2026-09-29T17:18:36.564Z,2026-09-29T17:18:36.400Z,2026-09-29T11:18:36.564-06:00,304.403,5.4,34.0,0.0,14.7,wind_drone_20260929
2026-09-29T17:18:36.756Z,2026-09-29T17:18:36.600Z,2026-09-29T11:18:36.756-06:00,304.596,5.5,32.0,0.0,14.7,wind_drone_20260929
2026-09-29T17:18:36.964Z,2026-09-29T17:18:36.800Z,2026-09-29T11:18:36.964-06:00,304.803,5.5,36.0,0.0,14.7,wind_drone_20260929
2026-09-29T17:18:37.156Z,2026-09-29T17:18:37.000Z,2026-09-29T11:18:37.156-06:00,304.996,5.5,32.0,0.0,14.7,wind_drone_20260929
2026-09-29T17:18:37.363Z,2026-09-29T17:18:37.200Z,2026-09-29T11:18:37.363-06:00,305.203,5.4,31.0,0.0,14.7,wind_drone_20260929
2026-09-29T17:18:37.556Z,2026-09-29T17:18:37.400Z,2026-09-29T11:18:37.556-06:00,305.395,5.2,27.0,0.0,14.7,wind_drone_20260929
2026-09-29T17:18:37.763Z,2026-09-29T17:18:37.600Z,2026-09-29T11:18:37.763-06:00,305.603,5.1,31.0,0.0,14.7,wind_drone_20260929
2026-09-29T17:18:37.956Z,2026-09-29T17:18:37.800Z,2026-09-29T11:18:37.956-06:00,305.795,5.1,44.0,0.0,14.7,wind_drone_20260929
2026-09-29T17:18:38.163Z,2026-09-29T17:18:38.000Z,2026-09-29T11:18:38.163-06:00,306.003,5.1,50.0,0.0,14.7,wind_drone_20260929
2026-09-29T17:18:38.356Z,2026-09-29T17:18:38.200Z,2026-09-29T11:18:38.356-06:00,306.195,5.1,48.0,0.0,14.7,wind_drone_20260929
2026-09-29T17:18:38.563Z,2026-09-29T17:18:38.400Z,2026-09-29T11:18:38.563-06:00,306.403,5.0,40.0,0.0,14.7,wind_drone_20260929
2026-09-29T17:18:38.756Z,2026-09-29T17:18:38.600Z,2026-09-29T11:18:38.756-06:00,306.595,4.9,43.0,0.0,14.7,wind_drone_20260929
2026-09-29T17:18:38.963Z,2026-09-29T17:18:38.800Z,2026-09-29T11:18:38.963-06:00,306.802,5.0,49.0,0.0,14.7,wind_drone_20260929
2026-09-29T17:18:39.155Z,2026-09-29T17:18:39.000Z,2026-09-29T11:18:39.155-06:00,306.995,5.1,51.0,0.0,14.7,wind_drone_20260929
2026-09-29T17:18:39.363Z,2026-09-29T17:18:39.200Z,2026-09-29T11:18:39.363-06:00,307.202,5.2,50.0,0.0,14.7,wind_drone_20260929
2026-09-29T17:18:39.555Z,2026-09-29T17:18:39.400Z,2026-09-29T11:18:39.555-06:00,307.395,5.1,58.0,0.0,14.7,wind_drone_20260929
2026-09-29T17:18:39.763Z,2026-09-29T17:18:39.600Z,2026-09-29T11:18:39.763-06:00,307.602,5.0,61.0,0.0,14.7,wind_drone_20260929
2026-09-29T17:18:39.955Z,2026-09-29T17:18:39.800Z,2026-09-29T11:18:39.955-06:00,307.795,4.9,55.0,0.0,14.7,wind_drone_20260929
2026-09-29T17:18:40.162Z,2026-09-29T17:18:40.000Z,2026-09-29T11:18:40.162-06:00,308.002,4.7,61.0,0.0,14.7,wind_drone_20260929
2026-09-29T17:18:40.355Z,2026-09-29T17:18:40.200Z,2026-09-29T11:18:40.355-06:00,308.194,4.6,64.0,0.0,14.7,wind_drone_20260929
2026-09-29T17:18:40.562Z,2026-09-29T17:18:40.400Z,2026-09-29T11:18:40.562-06:00,308.402,4.4,63.0,0.0,14.7,wind_drone_20260929
2026-09-29T17:18:40.755Z,2026-09-29T17:18:40.600Z,2026-09-29T11:18:40.755-06:00,308.595,4.2,56.0,0.0,14.7,wind_drone_20260929
2026-09-29T17:18:40.962Z,2026-09-29T17:18:40.800Z,2026-09-29T11:18:40.962-06:00,308.802,4.1,65.0,0.0,14.7,wind_drone_20260929
2026-09-29T17:18:41.155Z,2026-09-29T17:18:41.000Z,2026-09-29T11:18:41.155-06:00,308.994,4.0,67.0,0.0,14.7,wind_drone_20260929
2026-09-29T17:18:41.362Z,2026-09-29T17:18:41.200Z,2026-09-29T11:18:41.362-06:00,309.202,4.0,60.0,0.0,14.7,wind_drone_20260929
2026-09-29T17:18:41.555Z,2026-09-29T17:18:41.400Z,2026-09-29T11:18:41.555-06:00,309.394,4.1,55.0,0.0,14.7,wind_drone_20260929
2026-09-29T17:18:41.762Z,2026-09-29T17:18:41.600Z,2026-09-29T11:18:41.762-06:00,309.601,4.1,60.0,0.0,14.7,wind_drone_20260929
2026-09-29T17:18:41.955Z,2026-09-29T17:18:41.800Z,2026-09-29T11:18:41.955-06:00,309.794,4.1,65.0,0.0,14.7,wind_drone_20260929
2026-09-29T17:18:42.162Z,2026-09-29T17:18:42.000Z,2026-09-29T11:18:42.162-06:00,310.001,4.1,64.0,0.0,14.7,wind_drone_20260929
2026-09-29T17:18:42.354Z,2026-09-29T17:18:42.200Z,2026-09-29T11:18:42.354-06:00,310.194,4.2,63.0,0.0,14.7,wind_drone_20260929
2026-09-29T17:18:42.562Z,2026-09-29T17:18:42.400Z,2026-09-29T11:18:42.562-06:00,310.401,4.1,64.0,0.0,14.7,wind_drone_20260929
2026-09-29T17:18:42.754Z,2026-09-29T17:18:42.600Z,2026-09-29T11:18:42.754-06:00,310.594,4.1,60.0,0.0,14.7,wind_drone_20260929
2026-09-29T17:18:42.961Z,2026-09-29T17:18:42.800Z,2026-09-29T11:18:42.961-06:00,310.801,4.1,57.0,0.0,14.7,wind_drone_20260929
2026-09-29T17:18:43.154Z,2026-09-29T17:18:43.000Z,2026-09-29T11:18:43.154-06:00,310.994,4.1,54.0,0.0,14.7,wind_drone_20260929
2026-09-29T17:18:43.361Z,2026-09-29T17:18:43.200Z,2026-09-29T11:18:43.361-06:00,311.201,4.0,56.0,0.0,14.7,wind_drone_20260929
2026-09-29T17:18:43.554Z,2026-09-29T17:18:43.400Z,2026-09-29T11:18:43.554-06:00,311.394,4.0,55.0,0.0,14.7,wind_drone_20260929
2026-09-29T17:18:43.761Z,2026-09-29T17:18:43.600Z,2026-09-29T11:18:43.761-06:00,311.601,4.0,49.0,0.0,14.7,wind_drone_20260929
2026-09-29T17:18:43.954Z,2026-09-29T17:18:43.800Z,2026-09-29T11:18:43.954-06:00,311.793,4.0,50.0,0.0,14.7,wind_drone_20260929
2026-09-29T17:18:44.161Z,2026-09-29T17:18:44.000Z,2026-09-29T11:18:44.161-06:00,312.001,3.9,50.0,0.0,14.7,wind_drone_20260929
2026-09-29T17:18:44.354Z,2026-09-29T17:18:44.200Z,2026-09-29T11:18:44.354-06:00,312.193,3.9,51.0,0.0,14.7,wind_drone_20260929
2026-09-29T17:18:44.561Z,2026-09-29T17:18:44.400Z,2026-09-29T11:18:44.561-06:00,312.401,3.8,45.0,0.0,14.7,wind_drone_20260929
2026-09-29T17:18:44.754Z,2026-09-29T17:18:44.600Z,2026-09-29T11:18:44.754-06:00,312.593,3.8,42.0,0.0,14.7,wind_drone_20260929
2026-09-29T17:18:44.961Z,2026-09-29T17:18:44.800Z,2026-09-29T11:18:44.961-06:00,312.8,3.6,44.0,0.0,14.7,wind_drone_20260929
2026-09-29T17:18:45.154Z,2026-09-29T17:18:45.000Z,2026-09-29T11:18:45.154-06:00,312.993,3.5,40.0,0.0,14.7,wind_drone_20260929
2026-09-29T17:18:45.361Z,2026-09-29T17:18:45.200Z,2026-09-29T11:18:45.361-06:00,313.2,3.5,43.0,0.0,14.7,wind_drone_20260929
2026-09-29T17:18:45.553Z,2026-09-29T17:18:45.400Z,2026-09-29T11:18:45.553-06:00,313.393,3.6,41.0,0.0,14.7,wind_drone_20260929
2026-09-29T17:18:45.761Z,2026-09-29T17:18:45.600Z,2026-09-29T11:18:45.761-06:00,313.6,3.7,43.0,0.0,14.7,wind_drone_20260929
2026-09-29T17:18:45.953Z,2026-09-29T17:18:45.800Z,2026-09-29T11:18:45.953-06:00,313.793,3.8,40.0,0.0,14.7,wind_drone_20260929
2026-09-29T17:18:46.160Z,2026-09-29T17:18:46.000Z,2026-09-29T11:18:46.160-06:00,314.0,3.9,41.0,0.0,14.7,wind_drone_20260929
2026-09-29T17:18:46.353Z,2026-09-29T17:18:46.200Z,2026-09-29T11:18:46.353-06:00,314.193,4.1,42.0,0.0,14.7,wind_drone_20260929
2026-09-29T17:18:46.560Z,2026-09-29T17:18:46.400Z,2026-09-29T11:18:46.560-06:00,314.4,4.2,42.0,0.0,14.7,wind_drone_20260929
2026-09-29T17:18:46.753Z,2026-09-29T17:18:46.600Z,2026-09-29T11:18:46.753-06:00,314.592,4.3,45.0,0.0,14.8,wind_drone_20260929
2026-09-29T17:18:46.960Z,2026-09-29T17:18:46.800Z,2026-09-29T11:18:46.960-06:00,314.8,4.4,41.0,0.0,14.8,wind_drone_20260929
2026-09-29T17:18:47.152Z,2026-09-29T17:18:47.000Z,2026-09-29T11:18:47.152-06:00,314.992,4.4,39.0,0.0,14.8,wind_drone_20260929
2026-09-29T17:18:47.360Z,2026-09-29T17:18:47.200Z,2026-09-29T11:18:47.360-06:00,315.2,4.3,45.0,0.0,14.8,wind_drone_20260929
2026-09-29T17:18:47.553Z,2026-09-29T17:18:47.400Z,2026-09-29T11:18:47.553-06:00,315.392,4.2,45.0,0.0,14.8,wind_drone_20260929
2026-09-29T17:18:47.760Z,2026-09-29T17:18:47.600Z,2026-09-29T11:18:47.760-06:00,315.599,4.0,38.0,0.0,14.8,wind_drone_20260929
2026-09-29T17:18:47.952Z,2026-09-29T17:18:47.800Z,2026-09-29T11:18:47.952-06:00,315.792,3.8,37.0,0.0,14.8,wind_drone_20260929
2026-09-29T17:18:48.160Z,2026-09-29T17:18:48.000Z,2026-09-29T11:18:48.160-06:00,315.999,3.6,41.0,0.0,14.8,wind_drone_20260929
2026-09-29T17:18:48.353Z,2026-09-29T17:18:48.200Z,2026-09-29T11:18:48.353-06:00,316.192,3.5,45.0,0.0,14.8,wind_drone_20260929
2026-09-29T17:18:48.560Z,2026-09-29T17:18:48.400Z,2026-09-29T11:18:48.560-06:00,316.399,3.4,53.0,0.0,14.8,wind_drone_20260929
2026-09-29T17:18:48.753Z,2026-09-29T17:18:48.600Z,2026-09-29T11:18:48.753-06:00,316.592,3.3,56.0,0.0,14.8,wind_drone_20260929
2026-09-29T17:18:48.959Z,2026-09-29T17:18:48.800Z,2026-09-29T11:18:48.959-06:00,316.799,3.1,55.0,0.0,14.8,wind_drone_20260929
2026-09-29T17:18:49.152Z,2026-09-29T17:18:49.000Z,2026-09-29T11:18:49.152-06:00,316.992,2.9,56.0,0.0,14.8,wind_drone_20260929
2026-09-29T17:18:49.359Z,2026-09-29T17:18:49.200Z,2026-09-29T11:18:49.359-06:00,317.199,2.9,55.0,0.0,14.8,wind_drone_20260929
2026-09-29T17:18:49.552Z,2026-09-29T17:18:49.400Z,2026-09-29T11:18:49.552-06:00,317.392,3.0,55.0,0.0,14.8,wind_drone_20260929
2026-09-29T17:18:49.759Z,2026-09-29T17:18:49.600Z,2026-09-29T11:18:49.759-06:00,317.599,3.1,55.0,0.0,14.8,wind_drone_20260929
2026-09-29T17:18:49.952Z,2026-09-29T17:18:49.800Z,2026-09-29T11:18:49.952-06:00,317.792,3.3,52.0,0.0,14.8,wind_drone_20260929
2026-09-29T17:18:50.159Z,2026-09-29T17:18:50.000Z,2026-09-29T11:18:50.159-06:00,317.999,3.5,45.0,0.0,14.8,wind_drone_20260929
2026-09-29T17:18:50.352Z,2026-09-29T17:18:50.200Z,2026-09-29T11:18:50.352-06:00,318.192,3.7,39.0,0.0,14.8,wind_drone_20260929
2026-09-29T17:18:50.559Z,2026-09-29T17:18:50.400Z,2026-09-29T11:18:50.559-06:00,318.399,3.9,37.0,0.0,14.8,wind_drone_20260929
2026-09-29T17:18:50.752Z,2026-09-29T17:18:50.600Z,2026-09-29T11:18:50.752-06:00,318.592,4.1,32.0,0.0,14.8,wind_drone_20260929
2026-09-29T17:18:50.959Z,2026-09-29T17:18:50.800Z,2026-09-29T11:18:50.959-06:00,318.798,4.3,39.0,0.0,14.8,wind_drone_20260929
2026-09-29T17:18:51.166Z,2026-09-29T17:18:51.000Z,2026-09-29T11:18:51.166-06:00,319.006,4.4,41.0,0.0,14.8,wind_drone_20260929
2026-09-29T17:18:51.359Z,2026-09-29T17:18:51.200Z,2026-09-29T11:18:51.359-06:00,319.198,4.4,38.0,0.0,14.8,wind_drone_20260929
2026-09-29T17:18:51.566Z,2026-09-29T17:18:51.400Z,2026-09-29T11:18:51.566-06:00,319.405,4.4,36.0,0.0,14.8,wind_drone_20260929
2026-09-29T17:18:51.759Z,2026-09-29T17:18:51.600Z,2026-09-29T11:18:51.759-06:00,319.598,4.3,38.0,0.0,14.8,wind_drone_20260929
2026-09-29T17:18:51.966Z,2026-09-29T17:18:51.800Z,2026-09-29T11:18:51.966-06:00,319.805,4.2,36.0,0.0,14.8,wind_drone_20260929
2026-09-29T17:18:52.158Z,2026-09-29T17:18:52.000Z,2026-09-29T11:18:52.158-06:00,319.998,4.3,35.0,0.0,14.8,wind_drone_20260929
2026-09-29T17:18:52.365Z,2026-09-29T17:18:52.200Z,2026-09-29T11:18:52.365-06:00,320.205,4.4,35.0,0.0,14.8,wind_drone_20260929
2026-09-29T17:18:52.558Z,2026-09-29T17:18:52.400Z,2026-09-29T11:18:52.558-06:00,320.398,4.5,38.0,0.0,14.8,wind_drone_20260929
2026-09-29T17:18:52.765Z,2026-09-29T17:18:52.600Z,2026-09-29T11:18:52.765-06:00,320.605,4.5,37.0,0.0,14.8,wind_drone_20260929
2026-09-29T17:18:52.958Z,2026-09-29T17:18:52.800Z,2026-09-29T11:18:52.958-06:00,320.797,4.6,32.0,0.0,14.8,wind_drone_20260929
2026-09-29T17:18:53.165Z,2026-09-29T17:18:53.000Z,2026-09-29T11:18:53.165-06:00,321.005,4.8,29.0,0.0,14.8,wind_drone_20260929
2026-09-29T17:18:53.358Z,2026-09-29T17:18:53.200Z,2026-09-29T11:18:53.358-06:00,321.198,4.8,21.0,0.0,14.8,wind_drone_20260929
2026-09-29T17:18:53.565Z,2026-09-29T17:18:53.400Z,2026-09-29T11:18:53.565-06:00,321.405,4.9,25.0,0.0,14.8,wind_drone_20260929
2026-09-29T17:18:53.758Z,2026-09-29T17:18:53.600Z,2026-09-29T11:18:53.758-06:00,321.597,5.0,23.0,0.0,14.8,wind_drone_20260929
2026-09-29T17:18:53.965Z,2026-09-29T17:18:53.800Z,2026-09-29T11:18:53.965-06:00,321.805,5.2,23.0,0.0,14.8,wind_drone_20260929
2026-09-29T17:18:54.157Z,2026-09-29T17:18:54.000Z,2026-09-29T11:18:54.157-06:00,321.997,5.4,27.0,0.0,14.8,wind_drone_20260929
2026-09-29T17:18:54.365Z,2026-09-29T17:18:54.200Z,2026-09-29T11:18:54.365-06:00,322.204,5.6,27.0,0.0,14.8,wind_drone_20260929
2026-09-29T17:18:54.558Z,2026-09-29T17:18:54.400Z,2026-09-29T11:18:54.558-06:00,322.397,5.8,24.0,0.0,14.8,wind_drone_20260929
2026-09-29T17:18:54.765Z,2026-09-29T17:18:54.600Z,2026-09-29T11:18:54.765-06:00,322.604,6.0,19.0,0.0,14.8,wind_drone_20260929
2026-09-29T17:18:54.957Z,2026-09-29T17:18:54.800Z,2026-09-29T11:18:54.957-06:00,322.797,6.1,21.0,0.0,14.8,wind_drone_20260929
2026-09-29T17:18:55.165Z,2026-09-29T17:18:55.000Z,2026-09-29T11:18:55.165-06:00,323.004,6.2,25.0,0.0,14.8,wind_drone_20260929
2026-09-29T17:18:55.357Z,2026-09-29T17:18:55.200Z,2026-09-29T11:18:55.357-06:00,323.197,6.1,31.0,0.0,14.8,wind_drone_20260929
2026-09-29T17:18:55.564Z,2026-09-29T17:18:55.400Z,2026-09-29T11:18:55.564-06:00,323.404,5.9,36.0,0.0,14.8,wind_drone_20260929
2026-09-29T17:18:55.757Z,2026-09-29T17:18:55.600Z,2026-09-29T11:18:55.757-06:00,323.597,5.9,41.0,0.0,14.8,wind_drone_20260929
2026-09-29T17:18:55.964Z,2026-09-29T17:18:55.800Z,2026-09-29T11:18:55.964-06:00,323.804,5.9,47.0,0.0,14.8,wind_drone_20260929
2026-09-29T17:18:56.157Z,2026-09-29T17:18:56.000Z,2026-09-29T11:18:56.157-06:00,323.997,5.9,48.0,0.0,14.8,wind_drone_20260929
2026-09-29T17:18:56.364Z,2026-09-29T17:18:56.200Z,2026-09-29T11:18:56.364-06:00,324.204,6.0,45.0,0.0,14.8,wind_drone_20260929
2026-09-29T17:18:56.557Z,2026-09-29T17:18:56.400Z,2026-09-29T11:18:56.557-06:00,324.396,6.3,48.0,0.0,14.8,wind_drone_20260929
2026-09-29T17:18:56.764Z,2026-09-29T17:18:56.600Z,2026-09-29T11:18:56.764-06:00,324.604,6.5,57.0,0.0,14.8,wind_drone_20260929
2026-09-29T17:18:56.956Z,2026-09-29T17:18:56.800Z,2026-09-29T11:18:56.956-06:00,324.796,6.8,62.0,0.0,14.8,wind_drone_20260929
2026-09-29T17:18:57.164Z,2026-09-29T17:18:57.000Z,2026-09-29T11:18:57.164-06:00,325.004,7.1,58.0,0.0,14.8,wind_drone_20260929
2026-09-29T17:18:57.356Z,2026-09-29T17:18:57.200Z,2026-09-29T11:18:57.356-06:00,325.196,7.2,55.0,0.0,14.8,wind_drone_20260929
2026-09-29T17:18:57.564Z,2026-09-29T17:18:57.400Z,2026-09-29T11:18:57.564-06:00,325.403,7.2,52.0,0.0,14.8,wind_drone_20260929
2026-09-29T17:18:57.757Z,2026-09-29T17:18:57.600Z,2026-09-29T11:18:57.757-06:00,325.596,7.3,54.0,0.0,14.8,wind_drone_20260929
2026-09-29T17:18:57.964Z,2026-09-29T17:18:57.800Z,2026-09-29T11:18:57.964-06:00,325.804,7.3,57.0,0.0,14.8,wind_drone_20260929
2026-09-29T17:18:58.156Z,2026-09-29T17:18:58.000Z,2026-09-29T11:18:58.156-06:00,325.996,7.2,55.0,0.0,14.8,wind_drone_20260929
2026-09-29T17:18:58.363Z,2026-09-29T17:18:58.200Z,2026-09-29T11:18:58.363-06:00,326.203,7.1,56.0,0.0,14.8,wind_drone_20260929
2026-09-29T17:18:58.556Z,2026-09-29T17:18:58.400Z,2026-09-29T11:18:58.556-06:00,326.396,6.9,54.0,0.0,14.8,wind_drone_20260929
2026-09-29T17:18:58.763Z,2026-09-29T17:18:58.600Z,2026-09-29T11:18:58.763-06:00,326.603,6.8,50.0,0.0,14.8,wind_drone_20260929
2026-09-29T17:18:58.956Z,2026-09-29T17:18:58.800Z,2026-09-29T11:18:58.956-06:00,326.795,6.6,48.0,0.0,14.8,wind_drone_20260929
2026-09-29T17:18:59.163Z,2026-09-29T17:18:59.000Z,2026-09-29T11:18:59.163-06:00,327.003,6.5,46.0,0.0,14.8,wind_drone_20260929
2026-09-29T17:18:59.356Z,2026-09-29T17:18:59.200Z,2026-09-29T11:18:59.356-06:00,327.196,6.4,41.0,0.0,14.8,wind_drone_20260929
2026-09-29T17:18:59.563Z,2026-09-29T17:18:59.400Z,2026-09-29T11:18:59.563-06:00,327.403,6.3,45.0,0.0,14.8,wind_drone_20260929
2026-09-29T17:18:59.756Z,2026-09-29T17:18:59.600Z,2026-09-29T11:18:59.756-06:00,327.595,6.3,47.0,0.0,14.8,wind_drone_20260929
2026-09-29T17:18:59.963Z,2026-09-29T17:18:59.800Z,2026-09-29T11:18:59.963-06:00,327.803,6.3,48.0,0.0,14.8,wind_drone_20260929
2026-09-29T17:19:00.156Z,2026-09-29T17:19:00.000Z,2026-09-29T11:19:00.156-06:00,327.995,6.4,46.0,0.0,14.8,wind_drone_20260929
2026-09-29T17:19:00.363Z,2026-09-29T17:19:00.200Z,2026-09-29T11:19:00.363-06:00,328.202,6.5,41.0,0.0,14.8,wind_drone_20260929
2026-09-29T17:19:00.556Z,2026-09-29T17:19:00.400Z,2026-09-29T11:19:00.556-06:00,328.395,6.6,33.0,0.0,14.8,wind_drone_20260929
2026-09-29T17:19:00.763Z,2026-09-29T17:19:00.600Z,2026-09-29T11:19:00.763-06:00,328.602,6.5,36.0,0.0,14.8,wind_drone_20260929
2026-09-29T17:19:00.955Z,2026-09-29T17:19:00.800Z,2026-09-29T11:19:00.955-06:00,328.795,6.5,39.0,0.0,14.8,wind_drone_20260929
2026-09-29T17:19:01.163Z,2026-09-29T17:19:01.000Z,2026-09-29T11:19:01.163-06:00,329.002,6.5,40.0,0.0,14.8,wind_drone_20260929
2026-09-29T17:19:01.355Z,2026-09-29T17:19:01.200Z,2026-09-29T11:19:01.355-06:00,329.195,6.4,38.0,0.0,14.8,wind_drone_20260929
2026-09-29T17:19:01.562Z,2026-09-29T17:19:01.400Z,2026-09-29T11:19:01.562-06:00,329.402,6.2,31.0,0.0,14.8,wind_drone_20260929
2026-09-29T17:19:01.755Z,2026-09-29T17:19:01.600Z,2026-09-29T11:19:01.755-06:00,329.595,6.1,23.0,0.0,14.8,wind_drone_20260929
2026-09-29T17:19:01.962Z,2026-09-29T17:19:01.800Z,2026-09-29T11:19:01.962-06:00,329.802,6.0,18.0,0.0,14.8,wind_drone_20260929
2026-09-29T17:19:02.155Z,2026-09-29T17:19:02.000Z,2026-09-29T11:19:02.155-06:00,329.995,5.9,16.0,0.0,14.8,wind_drone_20260929
2026-09-29T17:19:02.362Z,2026-09-29T17:19:02.200Z,2026-09-29T11:19:02.362-06:00,330.202,5.9,13.0,0.0,14.8,wind_drone_20260929
2026-09-29T17:19:02.555Z,2026-09-29T17:19:02.400Z,2026-09-29T11:19:02.555-06:00,330.394,5.9,14.0,0.0,14.8,wind_drone_20260929
2026-09-29T17:19:02.762Z,2026-09-29T17:19:02.600Z,2026-09-29T11:19:02.762-06:00,330.602,5.7,20.0,0.0,14.8,wind_drone_20260929
2026-09-29T17:19:02.954Z,2026-09-29T17:19:02.800Z,2026-09-29T11:19:02.954-06:00,330.794,5.6,15.0,0.0,14.8,wind_drone_20260929
2026-09-29T17:19:03.162Z,2026-09-29T17:19:03.000Z,2026-09-29T11:19:03.162-06:00,331.002,5.6,6.0,0.0,14.8,wind_drone_20260929
2026-09-29T17:19:03.354Z,2026-09-29T17:19:03.200Z,2026-09-29T11:19:03.354-06:00,331.194,5.5,9.0,0.0,14.8,wind_drone_20260929
2026-09-29T17:19:03.562Z,2026-09-29T17:19:03.400Z,2026-09-29T11:19:03.562-06:00,331.401,5.3,10.0,0.0,14.8,wind_drone_20260929
2026-09-29T17:19:03.755Z,2026-09-29T17:19:03.600Z,2026-09-29T11:19:03.755-06:00,331.594,5.2,4.0,0.0,14.8,wind_drone_20260929
2026-09-29T17:19:03.962Z,2026-09-29T17:19:03.800Z,2026-09-29T11:19:03.962-06:00,331.801,5.0,9.0,0.0,14.8,wind_drone_20260929
2026-09-29T17:19:04.154Z,2026-09-29T17:19:04.000Z,2026-09-29T11:19:04.154-06:00,331.994,4.9,10.0,0.0,14.8,wind_drone_20260929
2026-09-29T17:19:04.361Z,2026-09-29T17:19:04.200Z,2026-09-29T11:19:04.361-06:00,332.201,4.8,6.0,0.0,14.8,wind_drone_20260929
2026-09-29T17:19:04.554Z,2026-09-29T17:19:04.400Z,2026-09-29T11:19:04.554-06:00,332.394,4.8,3.0,0.0,14.8,wind_drone_20260929
2026-09-29T17:19:04.761Z,2026-09-29T17:19:04.600Z,2026-09-29T11:19:04.761-06:00,332.601,4.7,359.0,0.0,14.8,wind_drone_20260929
2026-09-29T17:19:04.954Z,2026-09-29T17:19:04.800Z,2026-09-29T11:19:04.954-06:00,332.794,4.6,358.0,0.0,14.8,wind_drone_20260929
2026-09-29T17:19:05.161Z,2026-09-29T17:19:05.000Z,2026-09-29T11:19:05.161-06:00,333.001,4.7,359.0,0.0,14.8,wind_drone_20260929
2026-09-29T17:19:05.354Z,2026-09-29T17:19:05.200Z,2026-09-29T11:19:05.354-06:00,333.193,4.6,1.0,0.0,14.8,wind_drone_20260929
2026-09-29T17:19:05.561Z,2026-09-29T17:19:05.400Z,2026-09-29T11:19:05.561-06:00,333.401,4.5,0.0,0.0,14.8,wind_drone_20260929
2026-09-29T17:19:05.754Z,2026-09-29T17:19:05.600Z,2026-09-29T11:19:05.754-06:00,333.593,4.4,1.0,0.0,14.8,wind_drone_20260929
2026-09-29T17:19:05.961Z,2026-09-29T17:19:05.800Z,2026-09-29T11:19:05.961-06:00,333.8,4.2,359.0,0.0,14.8,wind_drone_20260929
2026-09-29T17:19:06.154Z,2026-09-29T17:19:06.000Z,2026-09-29T11:19:06.154-06:00,333.993,4.0,1.0,0.0,14.8,wind_drone_20260929
2026-09-29T17:19:06.361Z,2026-09-29T17:19:06.200Z,2026-09-29T11:19:06.361-06:00,334.2,3.9,0.0,0.0,14.8,wind_drone_20260929
2026-09-29T17:19:06.554Z,2026-09-29T17:19:06.400Z,2026-09-29T11:19:06.554-06:00,334.393,3.8,0.0,0.0,14.8,wind_drone_20260929
2026-09-29T17:19:06.761Z,2026-09-29T17:19:06.600Z,2026-09-29T11:19:06.761-06:00,334.6,3.7,2.0,0.0,14.8,wind_drone_20260929
2026-09-29T17:19:06.953Z,2026-09-29T17:19:06.800Z,2026-09-29T11:19:06.953-06:00,334.793,3.7,359.0,0.0,14.8,wind_drone_20260929
2026-09-29T17:19:07.160Z,2026-09-29T17:19:07.000Z,2026-09-29T11:19:07.160-06:00,335.0,3.7,2.0,0.0,14.8,wind_drone_20260929
2026-09-29T17:19:07.353Z,2026-09-29T17:19:07.200Z,2026-09-29T11:19:07.353-06:00,335.193,3.7,358.0,0.0,14.8,wind_drone_20260929
2026-09-29T17:19:07.560Z,2026-09-29T17:19:07.400Z,2026-09-29T11:19:07.560-06:00,335.4,3.7,0.0,0.0,14.8,wind_drone_20260929
2026-09-29T17:19:07.753Z,2026-09-29T17:19:07.600Z,2026-09-29T11:19:07.753-06:00,335.593,3.6,358.0,0.0,14.8,wind_drone_20260929
2026-09-29T17:19:07.960Z,2026-09-29T17:19:07.800Z,2026-09-29T11:19:07.960-06:00,335.8,3.5,359.0,0.0,14.8,wind_drone_20260929
2026-09-29T17:19:08.153Z,2026-09-29T17:19:08.000Z,2026-09-29T11:19:08.153-06:00,335.993,3.6,5.0,0.0,14.8,wind_drone_20260929
2026-09-29T17:19:08.360Z,2026-09-29T17:19:08.200Z,2026-09-29T11:19:08.360-06:00,336.2,3.5,8.0,0.0,14.8,wind_drone_20260929
2026-09-29T17:19:08.553Z,2026-09-29T17:19:08.400Z,2026-09-29T11:19:08.553-06:00,336.392,3.4,7.0,0.0,14.8,wind_drone_20260929
2026-09-29T17:19:08.760Z,2026-09-29T17:19:08.600Z,2026-09-29T11:19:08.760-06:00,336.599,3.4,14.0,0.0,14.8,wind_drone_20260929
2026-09-29T17:19:08.953Z,2026-09-29T17:19:08.800Z,2026-09-29T11:19:08.953-06:00,336.792,3.4,17.0,0.0,14.8,wind_drone_20260929
2026-09-29T17:19:09.160Z,2026-09-29T17:19:09.000Z,2026-09-29T11:19:09.160-06:00,336.999,3.5,15.0,0.0,14.8,wind_drone_20260929
2026-09-29T17:19:09.352Z,2026-09-29T17:19:09.200Z,2026-09-29T11:19:09.352-06:00,337.192,3.6,20.0,0.0,14.8,wind_drone_20260929
2026-09-29T17:19:09.560Z,2026-09-29T17:19:09.400Z,2026-09-29T11:19:09.560-06:00,337.399,3.7,25.0,0.0,14.8,wind_drone_20260929
2026-09-29T17:19:09.752Z,2026-09-29T17:19:09.600Z,2026-09-29T11:19:09.752-06:00,337.592,3.7,27.0,0.0,14.8,wind_drone_20260929
2026-09-29T17:19:09.960Z,2026-09-29T17:19:09.800Z,2026-09-29T11:19:09.960-06:00,337.799,3.8,29.0,0.0,14.8,wind_drone_20260929
2026-09-29T17:19:10.152Z,2026-09-29T17:19:10.000Z,2026-09-29T11:19:10.152-06:00,337.992,3.9,33.0,0.0,14.8,wind_drone_20260929
2026-09-29T17:19:10.359Z,2026-09-29T17:19:10.200Z,2026-09-29T11:19:10.359-06:00,338.199,3.8,33.0,0.0,14.8,wind_drone_20260929
2026-09-29T17:19:10.552Z,2026-09-29T17:19:10.400Z,2026-09-29T11:19:10.552-06:00,338.392,3.8,35.0,0.0,14.8,wind_drone_20260929
2026-09-29T17:19:10.760Z,2026-09-29T17:19:10.600Z,2026-09-29T11:19:10.760-06:00,338.599,3.8,32.0,0.0,14.8,wind_drone_20260929
2026-09-29T17:19:10.952Z,2026-09-29T17:19:10.800Z,2026-09-29T11:19:10.952-06:00,338.792,3.8,31.0,0.0,14.8,wind_drone_20260929
2026-09-29T17:19:11.159Z,2026-09-29T17:19:11.000Z,2026-09-29T11:19:11.159-06:00,338.999,3.7,32.0,0.0,14.8,wind_drone_20260929
2026-09-29T17:19:11.352Z,2026-09-29T17:19:11.200Z,2026-09-29T11:19:11.352-06:00,339.192,3.7,29.0,0.0,14.8,wind_drone_20260929
2026-09-29T17:19:11.559Z,2026-09-29T17:19:11.400Z,2026-09-29T11:19:11.559-06:00,339.399,3.7,28.0,0.0,14.8,wind_drone_20260929
2026-09-29T17:19:11.752Z,2026-09-29T17:19:11.600Z,2026-09-29T11:19:11.752-06:00,339.592,3.6,29.0,0.0,14.8,wind_drone_20260929
2026-09-29T17:19:11.959Z,2026-09-29T17:19:11.800Z,2026-09-29T11:19:11.959-06:00,339.799,3.6,30.0,0.0,14.8,wind_drone_20260929
2026-09-29T17:19:12.152Z,2026-09-29T17:19:12.000Z,2026-09-29T11:19:12.152-06:00,339.992,3.6,27.0,0.0,14.8,wind_drone_20260929
2026-09-29T17:19:12.359Z,2026-09-29T17:19:12.200Z,2026-09-29T11:19:12.359-06:00,340.199,3.6,30.0,0.0,14.8,wind_drone_20260929
2026-09-29T17:19:12.566Z,2026-09-29T17:19:12.400Z,2026-09-29T11:19:12.566-06:00,340.406,3.7,29.0,0.0,14.8,wind_drone_20260929
2026-09-29T17:19:12.759Z,2026-09-29T17:19:12.600Z,2026-09-29T11:19:12.759-06:00,340.599,3.6,29.0,0.0,14.8,wind_drone_20260929
2026-09-29T17:19:12.966Z,2026-09-29T17:19:12.800Z,2026-09-29T11:19:12.966-06:00,340.805,3.6,27.0,0.0,14.8,wind_drone_20260929
2026-09-29T17:19:13.159Z,2026-09-29T17:19:13.000Z,2026-09-29T11:19:13.159-06:00,340.998,3.6,25.0,0.0,14.8,wind_drone_20260929
2026-09-29T17:19:13.366Z,2026-09-29T17:19:13.200Z,2026-09-29T11:19:13.366-06:00,341.205,3.6,20.0,0.0,14.8,wind_drone_20260929
2026-09-29T17:19:13.558Z,2026-09-29T17:19:13.400Z,2026-09-29T11:19:13.558-06:00,341.398,3.6,20.0,0.0,14.8,wind_drone_20260929
2026-09-29T17:19:13.766Z,2026-09-29T17:19:13.600Z,2026-09-29T11:19:13.766-06:00,341.605,3.6,24.0,0.0,14.8,wind_drone_20260929
2026-09-29T17:19:13.958Z,2026-09-29T17:19:13.800Z,2026-09-29T11:19:13.958-06:00,341.798,3.5,22.0,0.0,14.8,wind_drone_20260929
2026-09-29T17:19:14.165Z,2026-09-29T17:19:14.000Z,2026-09-29T11:19:14.165-06:00,342.005,3.5,17.0,0.0,14.8,wind_drone_20260929
2026-09-29T17:19:14.358Z,2026-09-29T17:19:14.200Z,2026-09-29T11:19:14.358-06:00,342.198,3.4,15.0,0.0,14.9,wind_drone_20260929
2026-09-29T17:19:14.565Z,2026-09-29T17:19:14.400Z,2026-09-29T11:19:14.565-06:00,342.405,3.3,15.0,0.0,14.9,wind_drone_20260929
2026-09-29T17:19:14.758Z,2026-09-29T17:19:14.600Z,2026-09-29T11:19:14.758-06:00,342.598,3.3,16.0,0.0,14.9,wind_drone_20260929
2026-09-29T17:19:14.965Z,2026-09-29T17:19:14.800Z,2026-09-29T11:19:14.965-06:00,342.805,3.2,19.0,0.0,14.9,wind_drone_20260929
2026-09-29T17:19:15.158Z,2026-09-29T17:19:15.000Z,2026-09-29T11:19:15.158-06:00,342.997,3.1,15.0,0.0,14.9,wind_drone_20260929
2026-09-29T17:19:15.365Z,2026-09-29T17:19:15.200Z,2026-09-29T11:19:15.365-06:00,343.205,3.0,11.0,0.0,14.9,wind_drone_20260929
2026-09-29T17:19:15.558Z,2026-09-29T17:19:15.400Z,2026-09-29T11:19:15.558-06:00,343.397,3.0,11.0,0.0,14.9,wind_drone_20260929
2026-09-29T17:19:15.765Z,2026-09-29T17:19:15.600Z,2026-09-29T11:19:15.765-06:00,343.605,3.0,7.0,0.0,14.9,wind_drone_20260929
2026-09-29T17:19:15.957Z,2026-09-29T17:19:15.800Z,2026-09-29T11:19:15.957-06:00,343.797,3.0,6.0,0.0,14.9,wind_drone_20260929
2026-09-29T17:19:16.165Z,2026-09-29T17:19:16.000Z,2026-09-29T11:19:16.165-06:00,344.004,3.0,2.0,0.0,14.9,wind_drone_20260929
2026-09-29T17:19:16.357Z,2026-09-29T17:19:16.200Z,2026-09-29T11:19:16.357-06:00,344.197,3.0,0.0,0.0,14.9,wind_drone_20260929
2026-09-29T17:19:16.565Z,2026-09-29T17:19:16.400Z,2026-09-29T11:19:16.565-06:00,344.404,3.1,359.0,0.0,14.9,wind_drone_20260929
2026-09-29T17:19:16.757Z,2026-09-29T17:19:16.600Z,2026-09-29T11:19:16.757-06:00,344.597,3.1,358.0,0.0,14.9,wind_drone_20260929
2026-09-29T17:19:16.964Z,2026-09-29T17:19:16.800Z,2026-09-29T11:19:16.964-06:00,344.804,3.1,356.0,0.0,14.9,wind_drone_20260929
2026-09-29T17:19:17.157Z,2026-09-29T17:19:17.000Z,2026-09-29T11:19:17.157-06:00,344.997,3.1,356.0,0.0,14.9,wind_drone_20260929
2026-09-29T17:19:17.364Z,2026-09-29T17:19:17.200Z,2026-09-29T11:19:17.364-06:00,345.204,3.1,358.0,0.0,14.9,wind_drone_20260929
2026-09-29T17:19:17.557Z,2026-09-29T17:19:17.400Z,2026-09-29T11:19:17.557-06:00,345.397,3.1,0.0,0.0,14.9,wind_drone_20260929
2026-09-29T17:19:17.764Z,2026-09-29T17:19:17.600Z,2026-09-29T11:19:17.764-06:00,345.604,3.0,1.0,0.0,14.9,wind_drone_20260929
2026-09-29T17:19:17.957Z,2026-09-29T17:19:17.800Z,2026-09-29T11:19:17.957-06:00,345.797,3.0,3.0,0.0,14.9,wind_drone_20260929
2026-09-29T17:19:18.164Z,2026-09-29T17:19:18.000Z,2026-09-29T11:19:18.164-06:00,346.004,3.0,8.0,0.0,14.9,wind_drone_20260929
2026-09-29T17:19:18.357Z,2026-09-29T17:19:18.200Z,2026-09-29T11:19:18.357-06:00,346.196,3.0,7.0,0.0,14.9,wind_drone_20260929
2026-09-29T17:19:18.564Z,2026-09-29T17:19:18.400Z,2026-09-29T11:19:18.564-06:00,346.403,3.0,11.0,0.0,14.9,wind_drone_20260929
2026-09-29T17:19:18.757Z,2026-09-29T17:19:18.600Z,2026-09-29T11:19:18.757-06:00,346.596,3.0,8.0,0.0,14.9,wind_drone_20260929
2026-09-29T17:19:18.964Z,2026-09-29T17:19:18.800Z,2026-09-29T11:19:18.964-06:00,346.803,3.1,7.0,0.0,14.9,wind_drone_20260929
2026-09-29T17:19:19.156Z,2026-09-29T17:19:19.000Z,2026-09-29T11:19:19.156-06:00,346.996,3.1,6.0,0.0,14.9,wind_drone_20260929
2026-09-29T17:19:19.364Z,2026-09-29T17:19:19.200Z,2026-09-29T11:19:19.364-06:00,347.203,3.0,6.0,0.0,14.9,wind_drone_20260929
2026-09-29T17:19:19.556Z,2026-09-29T17:19:19.400Z,2026-09-29T11:19:19.556-06:00,347.396,3.0,8.0,0.0,14.9,wind_drone_20260929
2026-09-29T17:19:19.764Z,2026-09-29T17:19:19.600Z,2026-09-29T11:19:19.764-06:00,347.603,3.0,2.0,0.0,14.9,wind_drone_20260929
2026-09-29T17:19:19.956Z,2026-09-29T17:19:19.800Z,2026-09-29T11:19:19.956-06:00,347.796,2.9,1.0,0.0,14.9,wind_drone_20260929
2026-09-29T17:19:20.163Z,2026-09-29T17:19:20.000Z,2026-09-29T11:19:20.163-06:00,348.003,2.7,2.0,0.0,14.9,wind_drone_20260929
2026-09-29T17:19:20.356Z,2026-09-29T17:19:20.200Z,2026-09-29T11:19:20.356-06:00,348.195,2.7,1.0,0.0,14.9,wind_drone_20260929
2026-09-29T17:19:20.563Z,2026-09-29T17:19:20.400Z,2026-09-29T11:19:20.563-06:00,348.403,2.6,1.0,0.0,14.9,wind_drone_20260929
2026-09-29T17:19:20.756Z,2026-09-29T17:19:20.600Z,2026-09-29T11:19:20.756-06:00,348.596,2.5,0.0,0.0,14.9,wind_drone_20260929
2026-09-29T17:19:20.963Z,2026-09-29T17:19:20.800Z,2026-09-29T11:19:20.963-06:00,348.803,2.6,3.0,0.0,14.9,wind_drone_20260929
2026-09-29T17:19:21.156Z,2026-09-29T17:19:21.000Z,2026-09-29T11:19:21.156-06:00,348.996,2.5,358.0,0.0,14.9,wind_drone_20260929
2026-09-29T17:19:21.363Z,2026-09-29T17:19:21.200Z,2026-09-29T11:19:21.363-06:00,349.203,2.5,354.0,0.0,14.9,wind_drone_20260929
2026-09-29T17:19:21.556Z,2026-09-29T17:19:21.400Z,2026-09-29T11:19:21.556-06:00,349.395,2.5,352.0,0.0,14.9,wind_drone_20260929
2026-09-29T17:19:21.763Z,2026-09-29T17:19:21.600Z,2026-09-29T11:19:21.763-06:00,349.603,2.6,348.0,0.0,14.9,wind_drone_20260929
2026-09-29T17:19:21.956Z,2026-09-29T17:19:21.800Z,2026-09-29T11:19:21.956-06:00,349.795,2.5,347.0,0.0,14.9,wind_drone_20260929
2026-09-29T17:19:22.163Z,2026-09-29T17:19:22.000Z,2026-09-29T11:19:22.163-06:00,350.002,2.4,345.0,0.0,14.9,wind_drone_20260929
2026-09-29T17:19:22.355Z,2026-09-29T17:19:22.200Z,2026-09-29T11:19:22.355-06:00,350.195,2.5,345.0,0.0,14.9,wind_drone_20260929
2026-09-29T17:19:22.563Z,2026-09-29T17:19:22.400Z,2026-09-29T11:19:22.563-06:00,350.402,2.4,348.0,0.0,14.9,wind_drone_20260929
2026-09-29T17:19:22.755Z,2026-09-29T17:19:22.600Z,2026-09-29T11:19:22.755-06:00,350.595,2.5,350.0,0.0,14.9,wind_drone_20260929
2026-09-29T17:19:22.962Z,2026-09-29T17:19:22.800Z,2026-09-29T11:19:22.962-06:00,350.802,2.6,357.0,0.0,14.9,wind_drone_20260929
2026-09-29T17:19:23.155Z,2026-09-29T17:19:23.000Z,2026-09-29T11:19:23.155-06:00,350.995,2.5,1.0,0.0,14.9,wind_drone_20260929
2026-09-29T17:19:23.362Z,2026-09-29T17:19:23.200Z,2026-09-29T11:19:23.362-06:00,351.202,2.4,9.0,0.0,14.9,wind_drone_20260929
2026-09-29T17:19:23.555Z,2026-09-29T17:19:23.400Z,2026-09-29T11:19:23.555-06:00,351.395,2.4,16.0,0.0,14.9,wind_drone_20260929
2026-09-29T17:19:23.762Z,2026-09-29T17:19:23.600Z,2026-09-29T11:19:23.762-06:00,351.602,2.5,28.0,0.0,14.9,wind_drone_20260929
2026-09-29T17:19:23.955Z,2026-09-29T17:19:23.800Z,2026-09-29T11:19:23.955-06:00,351.794,2.6,26.0,0.0,14.9,wind_drone_20260929
2026-09-29T17:19:24.162Z,2026-09-29T17:19:24.000Z,2026-09-29T11:19:24.162-06:00,352.002,2.6,25.0,0.0,14.9,wind_drone_20260929
2026-09-29T17:19:24.355Z,2026-09-29T17:19:24.200Z,2026-09-29T11:19:24.355-06:00,352.194,2.6,32.0,0.0,14.9,wind_drone_20260929
2026-09-29T17:19:24.562Z,2026-09-29T17:19:24.400Z,2026-09-29T11:19:24.562-06:00,352.402,2.6,39.0,0.0,14.9,wind_drone_20260929
2026-09-29T17:19:24.755Z,2026-09-29T17:19:24.600Z,2026-09-29T11:19:24.755-06:00,352.594,2.6,49.0,0.0,14.9,wind_drone_20260929
2026-09-29T17:19:24.962Z,2026-09-29T17:19:24.800Z,2026-09-29T11:19:24.962-06:00,352.801,2.8,52.0,0.0,14.9,wind_drone_20260929
2026-09-29T17:19:25.155Z,2026-09-29T17:19:25.000Z,2026-09-29T11:19:25.155-06:00,352.994,2.8,55.0,0.0,14.9,wind_drone_20260929
2026-09-29T17:19:25.362Z,2026-09-29T17:19:25.200Z,2026-09-29T11:19:25.362-06:00,353.201,2.8,54.0,0.0,14.9,wind_drone_20260929
2026-09-29T17:19:25.554Z,2026-09-29T17:19:25.400Z,2026-09-29T11:19:25.554-06:00,353.394,2.8,60.0,0.0,14.9,wind_drone_20260929
2026-09-29T17:19:25.762Z,2026-09-29T17:19:25.600Z,2026-09-29T11:19:25.762-06:00,353.601,2.7,63.0,0.0,14.9,wind_drone_20260929
2026-09-29T17:19:25.954Z,2026-09-29T17:19:25.800Z,2026-09-29T11:19:25.954-06:00,353.794,2.7,64.0,0.0,14.9,wind_drone_20260929
2026-09-29T17:19:26.161Z,2026-09-29T17:19:26.000Z,2026-09-29T11:19:26.161-06:00,354.001,2.7,71.0,0.0,14.9,wind_drone_20260929
2026-09-29T17:19:26.354Z,2026-09-29T17:19:26.200Z,2026-09-29T11:19:26.354-06:00,354.194,2.7,74.0,0.0,14.9,wind_drone_20260929
2026-09-29T17:19:26.561Z,2026-09-29T17:19:26.400Z,2026-09-29T11:19:26.561-06:00,354.401,2.7,73.0,0.0,14.9,wind_drone_20260929
2026-09-29T17:19:26.754Z,2026-09-29T17:19:26.600Z,2026-09-29T11:19:26.754-06:00,354.594,2.7,75.0,0.0,14.9,wind_drone_20260929
2026-09-29T17:19:26.961Z,2026-09-29T17:19:26.800Z,2026-09-29T11:19:26.961-06:00,354.801,2.7,77.0,0.0,14.9,wind_drone_20260929
2026-09-29T17:19:27.154Z,2026-09-29T17:19:27.000Z,2026-09-29T11:19:27.154-06:00,354.993,2.6,72.0,0.0,14.9,wind_drone_20260929
2026-09-29T17:19:27.361Z,2026-09-29T17:19:27.200Z,2026-09-29T11:19:27.361-06:00,355.201,2.6,70.0,0.0,15.0,wind_drone_20260929
2026-09-29T17:19:27.554Z,2026-09-29T17:19:27.400Z,2026-09-29T11:19:27.554-06:00,355.393,2.8,72.0,0.0,15.0,wind_drone_20260929
2026-09-29T17:19:27.761Z,2026-09-29T17:19:27.600Z,2026-09-29T11:19:27.761-06:00,355.601,2.8,69.0,0.0,15.0,wind_drone_20260929
2026-09-29T17:19:27.954Z,2026-09-29T17:19:27.800Z,2026-09-29T11:19:27.954-06:00,355.793,2.8,65.0,0.0,15.0,wind_drone_20260929
2026-09-29T17:19:28.161Z,2026-09-29T17:19:28.000Z,2026-09-29T11:19:28.161-06:00,356.0,3.0,62.0,0.0,15.0,wind_drone_20260929
2026-09-29T17:19:28.353Z,2026-09-29T17:19:28.200Z,2026-09-29T11:19:28.353-06:00,356.193,3.0,57.0,0.0,15.0,wind_drone_20260929
2026-09-29T17:19:28.561Z,2026-09-29T17:19:28.400Z,2026-09-29T11:19:28.561-06:00,356.4,3.2,55.0,0.0,15.0,wind_drone_20260929
2026-09-29T17:19:28.753Z,2026-09-29T17:19:28.600Z,2026-09-29T11:19:28.753-06:00,356.593,3.3,52.0,0.0,15.0,wind_drone_20260929
2026-09-29T17:19:28.960Z,2026-09-29T17:19:28.800Z,2026-09-29T11:19:28.960-06:00,356.8,3.4,51.0,0.0,15.0,wind_drone_20260929
2026-09-29T17:19:29.153Z,2026-09-29T17:19:29.000Z,2026-09-29T11:19:29.153-06:00,356.993,3.5,49.0,0.0,15.0,wind_drone_20260929
2026-09-29T17:19:29.360Z,2026-09-29T17:19:29.200Z,2026-09-29T11:19:29.360-06:00,357.2,3.5,50.0,0.0,15.0,wind_drone_20260929
2026-09-29T17:19:29.553Z,2026-09-29T17:19:29.400Z,2026-09-29T11:19:29.553-06:00,357.393,3.6,51.0,0.0,15.0,wind_drone_20260929
2026-09-29T17:19:29.760Z,2026-09-29T17:19:29.600Z,2026-09-29T11:19:29.760-06:00,357.6,3.6,49.0,0.0,15.0,wind_drone_20260929
2026-09-29T17:19:29.952Z,2026-09-29T17:19:29.800Z,2026-09-29T11:19:29.952-06:00,357.792,3.6,48.0,0.0,15.0,wind_drone_20260929
2026-09-29T17:19:30.160Z,2026-09-29T17:19:30.000Z,2026-09-29T11:19:30.160-06:00,358.0,3.6,50.0,0.0,15.0,wind_drone_20260929
2026-09-29T17:19:30.352Z,2026-09-29T17:19:30.200Z,2026-09-29T11:19:30.352-06:00,358.192,3.6,52.0,0.0,15.0,wind_drone_20260929
2026-09-29T17:19:30.560Z,2026-09-29T17:19:30.400Z,2026-09-29T11:19:30.560-06:00,358.399,3.6,51.0,0.0,15.0,wind_drone_20260929
2026-09-29T17:19:30.753Z,2026-09-29T17:19:30.600Z,2026-09-29T11:19:30.753-06:00,358.592,3.6,51.0,0.0,15.0,wind_drone_20260929
2026-09-29T17:19:30.960Z,2026-09-29T17:19:30.800Z,2026-09-29T11:19:30.960-06:00,358.799,3.5,49.0,0.0,15.0,wind_drone_20260929
2026-09-29T17:19:31.153Z,2026-09-29T17:19:31.000Z,2026-09-29T11:19:31.153-06:00,358.992,3.5,50.0,0.0,15.0,wind_drone_20260929
2026-09-29T17:19:31.360Z,2026-09-29T17:19:31.200Z,2026-09-29T11:19:31.360-06:00,359.199,3.5,49.0,0.0,15.0,wind_drone_20260929
2026-09-29T17:19:31.552Z,2026-09-29T17:19:31.400Z,2026-09-29T11:19:31.552-06:00,359.392,3.5,51.0,0.0,15.0,wind_drone_20260929
2026-09-29T17:19:31.760Z,2026-09-29T17:19:31.600Z,2026-09-29T11:19:31.760-06:00,359.599,3.5,48.0,0.0,15.0,wind_drone_20260929
2026-09-29T17:19:31.952Z,2026-09-29T17:19:31.800Z,2026-09-29T11:19:31.952-06:00,359.792,3.5,48.0,0.0,15.0,wind_drone_20260929
2026-09-29T17:19:32.159Z,2026-09-29T17:19:32.000Z,2026-09-29T11:19:32.159-06:00,359.999,3.5,47.0,0.0,15.0,wind_drone_20260929
2026-09-29T17:19:32.351Z,2026-09-29T17:19:32.200Z,2026-09-29T11:19:32.351-06:00,360.191,3.6,46.0,0.0,15.0,wind_drone_20260929
2026-09-29T17:19:32.559Z,2026-09-29T17:19:32.400Z,2026-09-29T11:19:32.559-06:00,360.399,3.6,47.0,0.0,15.0,wind_drone_20260929
2026-09-29T17:19:32.752Z,2026-09-29T17:19:32.600Z,2026-09-29T11:19:32.752-06:00,360.591,3.7,46.0,0.0,15.0,wind_drone_20260929
2026-09-29T17:19:32.959Z,2026-09-29T17:19:32.800Z,2026-09-29T11:19:32.959-06:00,360.799,3.8,44.0,0.0,15.0,wind_drone_20260929
2026-09-29T17:19:33.152Z,2026-09-29T17:19:33.000Z,2026-09-29T11:19:33.152-06:00,360.992,3.9,45.0,0.0,15.0,wind_drone_20260929
2026-09-29T17:19:33.359Z,2026-09-29T17:19:33.200Z,2026-09-29T11:19:33.359-06:00,361.198,4.0,46.0,0.0,15.0,wind_drone_20260929
2026-09-29T17:19:33.552Z,2026-09-29T17:19:33.400Z,2026-09-29T11:19:33.552-06:00,361.392,4.3,43.0,0.0,15.0,wind_drone_20260929
2026-09-29T17:19:33.759Z,2026-09-29T17:19:33.600Z,2026-09-29T11:19:33.759-06:00,361.598,4.5,44.0,0.0,15.0,wind_drone_20260929
2026-09-29T17:19:33.952Z,2026-09-29T17:19:33.800Z,2026-09-29T11:19:33.952-06:00,361.791,4.7,46.0,0.0,15.0,wind_drone_20260929
2026-09-29T17:19:34.159Z,2026-09-29T17:19:34.000Z,2026-09-29T11:19:34.159-06:00,361.998,4.9,44.0,0.0,15.0,wind_drone_20260929
2026-09-29T17:19:34.366Z,2026-09-29T17:19:34.200Z,2026-09-29T11:19:34.366-06:00,362.205,5.2,42.0,0.0,15.0,wind_drone_20260929
2026-09-29T17:19:34.558Z,2026-09-29T17:19:34.400Z,2026-09-29T11:19:34.558-06:00,362.398,5.3,44.0,0.0,15.0,wind_drone_20260929
2026-09-29T17:19:34.766Z,2026-09-29T17:19:34.600Z,2026-09-29T11:19:34.766-06:00,362.605,5.5,42.0,0.0,15.0,wind_drone_20260929
2026-09-29T17:19:34.958Z,2026-09-29T17:19:34.800Z,2026-09-29T11:19:34.958-06:00,362.798,5.6,41.0,0.0,15.0,wind_drone_20260929
2026-09-29T17:19:35.166Z,2026-09-29T17:19:35.000Z,2026-09-29T11:19:35.166-06:00,363.005,5.6,42.0,0.0,15.0,wind_drone_20260929
2026-09-29T17:19:35.358Z,2026-09-29T17:19:35.200Z,2026-09-29T11:19:35.358-06:00,363.198,5.6,42.0,0.0,15.0,wind_drone_20260929
2026-09-29T17:19:35.565Z,2026-09-29T17:19:35.400Z,2026-09-29T11:19:35.565-06:00,363.405,5.5,36.0,0.0,15.0,wind_drone_20260929
2026-09-29T17:19:35.758Z,2026-09-29T17:19:35.600Z,2026-09-29T11:19:35.758-06:00,363.597,5.5,36.0,0.0,15.0,wind_drone_20260929
2026-09-29T17:19:35.965Z,2026-09-29T17:19:35.800Z,2026-09-29T11:19:35.965-06:00,363.805,5.5,36.0,0.0,15.0,wind_drone_20260929
2026-09-29T17:19:36.158Z,2026-09-29T17:19:36.000Z,2026-09-29T11:19:36.158-06:00,363.997,5.5,39.0,0.0,15.0,wind_drone_20260929
2026-09-29T17:19:36.365Z,2026-09-29T17:19:36.200Z,2026-09-29T11:19:36.365-06:00,364.205,5.6,37.0,0.0,15.0,wind_drone_20260929
2026-09-29T17:19:36.558Z,2026-09-29T17:19:36.400Z,2026-09-29T11:19:36.558-06:00,364.397,5.8,38.0,0.0,15.0,wind_drone_20260929
2026-09-29T17:19:36.765Z,2026-09-29T17:19:36.600Z,2026-09-29T11:19:36.765-06:00,364.605,6.0,40.0,0.0,15.0,wind_drone_20260929
2026-09-29T17:19:36.958Z,2026-09-29T17:19:36.800Z,2026-09-29T11:19:36.958-06:00,364.797,6.1,36.0,0.0,15.0,wind_drone_20260929
2026-09-29T17:19:37.165Z,2026-09-29T17:19:37.000Z,2026-09-29T11:19:37.165-06:00,365.004,6.4,31.0,0.0,15.0,wind_drone_20260929
2026-09-29T17:19:37.357Z,2026-09-29T17:19:37.200Z,2026-09-29T11:19:37.357-06:00,365.197,6.5,31.0,0.0,15.0,wind_drone_20260929
2026-09-29T17:19:37.565Z,2026-09-29T17:19:37.400Z,2026-09-29T11:19:37.565-06:00,365.404,6.6,33.0,0.0,15.0,wind_drone_20260929
2026-09-29T17:19:37.757Z,2026-09-29T17:19:37.600Z,2026-09-29T11:19:37.757-06:00,365.597,6.6,34.0,0.0,15.0,wind_drone_20260929
2026-09-29T17:19:37.964Z,2026-09-29T17:19:37.800Z,2026-09-29T11:19:37.964-06:00,365.804,6.6,32.0,0.0,15.0,wind_drone_20260929
2026-09-29T17:19:38.157Z,2026-09-29T17:19:38.000Z,2026-09-29T11:19:38.157-06:00,365.997,6.4,29.0,0.0,15.0,wind_drone_20260929
2026-09-29T17:19:38.364Z,2026-09-29T17:19:38.200Z,2026-09-29T11:19:38.364-06:00,366.204,6.3,26.0,0.0,15.0,wind_drone_20260929
2026-09-29T17:19:38.557Z,2026-09-29T17:19:38.400Z,2026-09-29T11:19:38.557-06:00,366.397,6.3,29.0,0.0,15.0,wind_drone_20260929
2026-09-29T17:19:38.764Z,2026-09-29T17:19:38.600Z,2026-09-29T11:19:38.764-06:00,366.604,6.2,28.0,0.0,15.0,wind_drone_20260929
2026-09-29T17:19:38.957Z,2026-09-29T17:19:38.800Z,2026-09-29T11:19:38.957-06:00,366.796,6.1,22.0,0.0,15.0,wind_drone_20260929
2026-09-29T17:19:39.164Z,2026-09-29T17:19:39.000Z,2026-09-29T11:19:39.164-06:00,367.004,6.1,22.0,0.0,15.0,wind_drone_20260929
2026-09-29T17:19:39.357Z,2026-09-29T17:19:39.200Z,2026-09-29T11:19:39.357-06:00,367.196,6.1,19.0,0.0,15.0,wind_drone_20260929
2026-09-29T17:19:39.564Z,2026-09-29T17:19:39.400Z,2026-09-29T11:19:39.564-06:00,367.404,6.0,16.0,0.0,15.0,wind_drone_20260929
2026-09-29T17:19:39.757Z,2026-09-29T17:19:39.600Z,2026-09-29T11:19:39.757-06:00,367.596,6.0,16.0,0.0,15.0,wind_drone_20260929
2026-09-29T17:19:39.964Z,2026-09-29T17:19:39.800Z,2026-09-29T11:19:39.964-06:00,367.804,6.0,17.0,0.0,15.0,wind_drone_20260929
2026-09-29T17:19:40.157Z,2026-09-29T17:19:40.000Z,2026-09-29T11:19:40.157-06:00,367.996,5.9,18.0,0.0,15.0,wind_drone_20260929
2026-09-29T17:19:40.364Z,2026-09-29T17:19:40.200Z,2026-09-29T11:19:40.364-06:00,368.203,5.8,16.0,0.0,15.0,wind_drone_20260929
2026-09-29T17:19:40.556Z,2026-09-29T17:19:40.400Z,2026-09-29T11:19:40.556-06:00,368.396,5.8,13.0,0.0,15.0,wind_drone_20260929
2026-09-29T17:19:40.764Z,2026-09-29T17:19:40.600Z,2026-09-29T11:19:40.764-06:00,368.603,5.8,14.0,0.0,15.0,wind_drone_20260929
2026-09-29T17:19:40.956Z,2026-09-29T17:19:40.800Z,2026-09-29T11:19:40.956-06:00,368.796,5.9,18.0,0.0,15.0,wind_drone_20260929
2026-09-29T17:19:41.163Z,2026-09-29T17:19:41.000Z,2026-09-29T11:19:41.163-06:00,369.003,5.9,18.0,0.0,15.0,wind_drone_20260929
2026-09-29T17:19:41.356Z,2026-09-29T17:19:41.200Z,2026-09-29T11:19:41.356-06:00,369.196,5.9,18.0,0.0,15.0,wind_drone_20260929
2026-09-29T17:19:41.563Z,2026-09-29T17:19:41.400Z,2026-09-29T11:19:41.563-06:00,369.403,5.9,21.0,0.0,15.0,wind_drone_20260929
2026-09-29T17:19:41.756Z,2026-09-29T17:19:41.600Z,2026-09-29T11:19:41.756-06:00,369.596,6.0,20.0,0.0,15.0,wind_drone_20260929
2026-09-29T17:19:41.963Z,2026-09-29T17:19:41.800Z,2026-09-29T11:19:41.963-06:00,369.803,6.0,23.0,0.0,15.0,wind_drone_20260929
2026-09-29T17:19:42.156Z,2026-09-29T17:19:42.000Z,2026-09-29T11:19:42.156-06:00,369.995,6.0,22.0,0.0,15.0,wind_drone_20260929
2026-09-29T17:19:42.363Z,2026-09-29T17:19:42.200Z,2026-09-29T11:19:42.363-06:00,370.203,6.0,23.0,0.0,15.0,wind_drone_20260929
2026-09-29T17:19:42.556Z,2026-09-29T17:19:42.400Z,2026-09-29T11:19:42.556-06:00,370.395,6.0,19.0,0.0,15.0,wind_drone_20260929
2026-09-29T17:19:42.763Z,2026-09-29T17:19:42.600Z,2026-09-29T11:19:42.763-06:00,370.603,6.0,22.0,0.0,15.0,wind_drone_20260929
2026-09-29T17:19:42.955Z,2026-09-29T17:19:42.800Z,2026-09-29T11:19:42.955-06:00,370.795,6.1,23.0,0.0,15.0,wind_drone_20260929
2026-09-29T17:19:43.163Z,2026-09-29T17:19:43.000Z,2026-09-29T11:19:43.163-06:00,371.002,6.1,25.0,0.0,15.0,wind_drone_20260929
2026-09-29T17:19:43.355Z,2026-09-29T17:19:43.200Z,2026-09-29T11:19:43.355-06:00,371.195,6.1,29.0,0.0,15.0,wind_drone_20260929
2026-09-29T17:19:43.562Z,2026-09-29T17:19:43.400Z,2026-09-29T11:19:43.562-06:00,371.402,6.1,20.0,0.0,15.0,wind_drone_20260929
2026-09-29T17:19:43.755Z,2026-09-29T17:19:43.600Z,2026-09-29T11:19:43.755-06:00,371.595,6.1,14.0,0.0,15.1,wind_drone_20260929
2026-09-29T17:19:43.963Z,2026-09-29T17:19:43.800Z,2026-09-29T11:19:43.963-06:00,371.802,6.0,17.0,0.0,15.1,wind_drone_20260929
2026-09-29T17:19:44.155Z,2026-09-29T17:19:44.000Z,2026-09-29T11:19:44.155-06:00,371.995,6.0,18.0,0.0,15.1,wind_drone_20260929
2026-09-29T17:19:44.362Z,2026-09-29T17:19:44.200Z,2026-09-29T11:19:44.362-06:00,372.202,6.0,18.0,0.0,15.1,wind_drone_20260929
2026-09-29T17:19:44.555Z,2026-09-29T17:19:44.400Z,2026-09-29T11:19:44.555-06:00,372.395,6.0,18.0,0.0,15.1,wind_drone_20260929
2026-09-29T17:19:44.762Z,2026-09-29T17:19:44.600Z,2026-09-29T11:19:44.762-06:00,372.602,6.0,17.0,0.0,15.1,wind_drone_20260929
2026-09-29T17:19:44.955Z,2026-09-29T17:19:44.800Z,2026-09-29T11:19:44.955-06:00,372.794,6.1,18.0,0.0,15.1,wind_drone_20260929
2026-09-29T17:19:45.162Z,2026-09-29T17:19:45.000Z,2026-09-29T11:19:45.162-06:00,373.002,6.1,23.0,0.0,15.1,wind_drone_20260929
2026-09-29T17:19:45.355Z,2026-09-29T17:19:45.200Z,2026-09-29T11:19:45.355-06:00,373.194,6.2,25.0,0.0,15.0,wind_drone_20260929
2026-09-29T17:19:45.562Z,2026-09-29T17:19:45.400Z,2026-09-29T11:19:45.562-06:00,373.402,6.3,24.0,0.0,15.0,wind_drone_20260929
2026-09-29T17:19:45.754Z,2026-09-29T17:19:45.600Z,2026-09-29T11:19:45.754-06:00,373.594,6.2,22.0,0.0,15.0,wind_drone_20260929
2026-09-29T17:19:45.962Z,2026-09-29T17:19:45.800Z,2026-09-29T11:19:45.962-06:00,373.802,6.3,21.0,0.0,15.0,wind_drone_20260929
2026-09-29T17:19:46.154Z,2026-09-29T17:19:46.000Z,2026-09-29T11:19:46.154-06:00,373.994,6.4,22.0,0.0,15.0,wind_drone_20260929
2026-09-29T17:19:46.362Z,2026-09-29T17:19:46.200Z,2026-09-29T11:19:46.362-06:00,374.201,6.5,25.0,0.0,15.0,wind_drone_20260929
2026-09-29T17:19:46.554Z,2026-09-29T17:19:46.400Z,2026-09-29T11:19:46.554-06:00,374.394,6.8,26.0,0.0,15.0,wind_drone_20260929
2026-09-29T17:19:46.762Z,2026-09-29T17:19:46.600Z,2026-09-29T11:19:46.762-06:00,374.601,7.0,24.0,0.0,15.0,wind_drone_20260929
2026-09-29T17:19:46.954Z,2026-09-29T17:19:46.800Z,2026-09-29T11:19:46.954-06:00,374.794,7.1,26.0,0.0,15.0,wind_drone_20260929
2026-09-29T17:19:47.161Z,2026-09-29T17:19:47.000Z,2026-09-29T11:19:47.161-06:00,375.001,7.4,27.0,0.0,15.0,wind_drone_20260929
2026-09-29T17:19:47.354Z,2026-09-29T17:19:47.200Z,2026-09-29T11:19:47.354-06:00,375.194,7.5,23.0,0.0,15.0,wind_drone_20260929
2026-09-29T17:19:47.561Z,2026-09-29T17:19:47.400Z,2026-09-29T11:19:47.561-06:00,375.401,7.6,22.0,0.0,15.0,wind_drone_20260929
2026-09-29T17:19:47.754Z,2026-09-29T17:19:47.600Z,2026-09-29T11:19:47.754-06:00,375.594,7.6,22.0,0.0,15.0,wind_drone_20260929
2026-09-29T17:19:47.961Z,2026-09-29T17:19:47.800Z,2026-09-29T11:19:47.961-06:00,375.801,7.5,21.0,0.0,15.0,wind_drone_20260929
2026-09-29T17:19:48.154Z,2026-09-29T17:19:48.000Z,2026-09-29T11:19:48.154-06:00,375.993,7.4,22.0,0.0,15.0,wind_drone_20260929
2026-09-29T17:19:48.361Z,2026-09-29T17:19:48.200Z,2026-09-29T11:19:48.361-06:00,376.201,7.2,22.0,0.0,15.0,wind_drone_20260929
2026-09-29T17:19:48.554Z,2026-09-29T17:19:48.400Z,2026-09-29T11:19:48.554-06:00,376.393,7.2,24.0,0.0,15.0,wind_drone_20260929
2026-09-29T17:19:48.761Z,2026-09-29T17:19:48.600Z,2026-09-29T11:19:48.761-06:00,376.6,7.1,25.0,0.0,15.0,wind_drone_20260929
2026-09-29T17:19:48.953Z,2026-09-29T17:19:48.800Z,2026-09-29T11:19:48.953-06:00,376.793,7.0,32.0,0.0,15.0,wind_drone_20260929
