bag_time_ns,header.stamp.sec,header.stamp.nanosec,header.frame_id,vector.x,vector.y,vector.z
1790353695725896202,1790353695,600000256,wind_sensor_link,1.8,124.0,0.0
1790353695933199872,1790353695,800000256,wind_sensor_link,1.7,123.0,0.0
1790353696125718395,1790353696,0,wind_sensor_link,1.7,121.0,0.0
1790353696332903726,1790353696,200000000,wind_sensor_link,1.6,119.0,0.0
1790353696525775026,1790353696,400000000,wind_sensor_link,1.6,115.0,0.0
1790353696732985636,1790353696,600000256,wind_sensor_link,1.5,109.0,0.0
1790353696925565514,1790353696,800000256,wind_sensor_link,1.4,105.0,0.0
1790353697132881037,1790353697,0,wind_sensor_link,1.4,99.0,0.0
1790353697325315148,1790353697,200000000,wind_sensor_link,1.4,93.0,0.0
1790353697532762455,1790353697,400000000,wind_sensor_link,1.4,91.0,0.0
1790353697725197956,1790353697,600000256,wind_sensor_link,1.3,89.0,0.0
1790353697932634540,1790353697,800000256,wind_sensor_link,1.3,89.0,0.0
1790353698125154896,1790353698,0,wind_sensor_link,1.3,90.0,0.0
1790353698332437751,1790353698,200000000,wind_sensor_link,1.4,94.0,0.0
1790353698525017870,1790353698,400000000,wind_sensor_link,1.4,96.0,0.0
1790353698732316947,1790353698,600000256,wind_sensor_link,1.5,101.0,0.0
1790353698925041443,1790353698,800000256,wind_sensor_link,1.6,103.0,0.0
1790353699132330279,1790353699,0,wind_sensor_link,1.6,108.0,0.0
1790353699324717259,1790353699,200000000,wind_sensor_link,1.7,114.0,0.0
1790353699532211698,1790353699,400000000,wind_sensor_link,1.7,117.0,0.0
1790353699724780723,1790353699,600000256,wind_sensor_link,1.7,116.0,0.0
1790353699931871680,1790353699,800000256,wind_sensor_link,1.7,116.0,0.0
1790353700124721453,1790353700,0,wind_sensor_link,1.7,114.0,0.0
1790353700331729633,1790353700,200000000,wind_sensor_link,1.6,106.0,0.0
1790353700524639281,1790353700,400000000,wind_sensor_link,1.4,104.0,0.0
1790353700731548851,1790353700,600000256,wind_sensor_link,1.5,103.0,0.0
1790353700924351815,1790353700,800000256,wind_sensor_link,1.4,101.0,0.0
1790353701131395513,1790353701,0,wind_sensor_link,1.4,100.0,0.0
1790353701324026850,1790353701,200000000,wind_sensor_link,1.5,99.0,0.0
1790353701531222750,1790353701,400000000,wind_sensor_link,1.4,100.0,0.0
1790353701724024954,1790353701,600000256,wind_sensor_link,1.4,103.0,0.0
1790353701931240410,1790353701,800000256,wind_sensor_link,1.5,109.0,0.0
1790353702123931134,1790353702,0,wind_sensor_link,1.5,114.0,0.0
1790353702330969314,1790353702,200000000,wind_sensor_link,1.5,113.0,0.0
1790353702523770019,1790353702,400000000,wind_sensor_link,1.5,111.0,0.0
1790353702730941826,1790353702,600000256,wind_sensor_link,1.5,112.0,0.0
1790353702923727828,1790353702,800000256,wind_sensor_link,1.4,115.0,0.0
1790353703130712693,1790353703,0,wind_sensor_link,1.4,118.0,0.0
1790353703323206939,1790353703,200000000,wind_sensor_link,1.3,119.0,0.0
1790353703530461912,1790353703,400000000,wind_sensor_link,1.3,120.0,0.0
1790353703723149489,1790353703,600000256,wind_sensor_link,1.2,122.0,0.0
1790353703930338277,1790353703,800000256,wind_sensor_link,1.2,124.0,0.0
1790353704122982725,1790353704,0,wind_sensor_link,1.2,125.0,0.0
1790353704330326975,1790353704,200000000,wind_sensor_link,1.1,127.0,0.0
1790353704522736462,1790353704,400000000,wind_sensor_link,1.2,126.0,0.0
1790353704730234025,1790353704,600000256,wind_sensor_link,1.2,129.0,0.0
1790353704922830843,1790353704,800000256,wind_sensor_link,1.2,131.0,0.0
1790353705129937133,1790353705,0,wind_sensor_link,1.3,132.0,0.0
1790353705322505952,1790353705,200000000,wind_sensor_link,1.3,130.0,0.0
1790353705529957923,1790353705,400000000,wind_sensor_link,1.3,132.0,0.0
1790353705722646092,1790353705,600000256,wind_sensor_link,1.3,130.0,0.0
1790353705929651328,1790353705,800000256,wind_sensor_link,1.3,127.0,0.0
1790353706122441144,1790353706,0,wind_sensor_link,1.3,125.0,0.0
1790353706329396287,1790353706,200000000,wind_sensor_link,1.3,121.0,0.0
1790353706522053698,1790353706,400000000,wind_sensor_link,1.3,117.0,0.0
1790353706729418929,1790353706,600000256,wind_sensor_link,1.4,115.0,0.0
1790353706921873953,1790353706,800000256,wind_sensor_link,1.4,110.0,0.0
1790353707129391663,1790353707,0,wind_sensor_link,1.4,111.0,0.0
1790353707321700226,1790353707,200000000,wind_sensor_link,1.4,111.0,0.0
1790353707529181308,1790353707,400000000,wind_sensor_link,1.4,110.0,0.0
1790353707721674979,1790353707,600000256,wind_sensor_link,1.4,108.0,0.0
1790353707928894675,1790353707,800000256,wind_sensor_link,1.4,103.0,0.0
1790353708121790305,1790353708,0,wind_sensor_link,1.4,100.0,0.0
1790353708328860743,1790353708,200000000,wind_sensor_link,1.4,101.0,0.0
1790353708521512616,1790353708,400000000,wind_sensor_link,1.5,99.0,0.0
1790353708728546185,1790353708,600000256,wind_sensor_link,1.5,95.0,0.0
1790353708921402537,1790353708,800000256,wind_sensor_link,1.5,89.0,0.0
1790353709128439013,1790353709,0,wind_sensor_link,1.4,89.0,0.0
1790353709321073720,1790353709,200000000,wind_sensor_link,1.4,87.0,0.0
1790353709528549265,1790353709,400000000,wind_sensor_link,1.4,90.0,0.0
1790353709720912882,1790353709,600000256,wind_sensor_link,1.4,88.0,0.0
1790353709928231318,1790353709,800000256,wind_sensor_link,1.3,87.0,0.0
1790353710121393537,1790353710,0,wind_sensor_link,1.2,90.0,0.0
1790353710328021814,1790353710,200000000,wind_sensor_link,1.2,93.0,0.0
1790353710521244995,1790353710,400000000,wind_sensor_link,1.1,98.0,0.0
1790353710727826550,1790353710,600000256,wind_sensor_link,1.2,99.0,0.0
1790353710921125305,1790353710,800000256,wind_sensor_link,1.2,102.0,0.0
1790353711127719286,1790353711,0,wind_sensor_link,1.2,102.0,0.0
1790353711335074073,1790353711,200000000,wind_sensor_link,1.2,106.0,0.0
1790353711527517560,1790353711,400000000,wind_sensor_link,1.2,107.0,0.0
1790353711734949197,1790353711,600000256,wind_sensor_link,1.1,106.0,0.0
1790353711927619534,1790353711,800000256,wind_sensor_link,1.1,106.0,0.0
1790353712134687102,1790353712,0,wind_sensor_link,1.1,107.0,0.0
1790353712327379456,1790353712,200000000,wind_sensor_link,1.1,106.0,0.0
1790353712534418024,1790353712,400000000,wind_sensor_link,1.1,104.0,0.0
1790353712727244507,1790353712,600000256,wind_sensor_link,1.0,108.0,0.0
1790353712934282519,1790353712,800000256,wind_sensor_link,1.0,110.0,0.0
1790353713127095669,1790353713,0,wind_sensor_link,1.0,112.0,0.0
1790353713334133182,1790353713,200000000,wind_sensor_link,1.0,112.0,0.0
1790353713526943109,1790353713,400000000,wind_sensor_link,0.9,121.0,0.0
1790353713734058435,1790353713,600000256,wind_sensor_link,0.9,123.0,0.0
1790353713926784549,1790353713,800000256,wind_sensor_link,0.9,125.0,0.0
1790353714134031818,1790353714,0,wind_sensor_link,0.9,127.0,0.0
1790353714326629525,1790353714,200000000,wind_sensor_link,0.9,124.0,0.0
1790353714533764482,1790353714,400000000,wind_sensor_link,0.9,127.0,0.0
1790353714726783332,1790353714,600000256,wind_sensor_link,0.9,124.0,0.0
1790353714933507515,1790353714,800000256,wind_sensor_link,0.8,127.0,0.0
1790353715126195222,1790353715,0,wind_sensor_link,0.8,124.0,0.0
1790353715333440899,1790353715,200000000,wind_sensor_link,0.9,123.0,0.0
1790353715526269862,1790353715,400000000,wind_sensor_link,0.9,125.0,0.0
1790353715733393059,1790353715,600000256,wind_sensor_link,1.0,125.0,0.0
1790353715926061599,1790353715,800000256,wind_sensor_link,1.1,122.0,0.0
1790353716133185741,1790353716,0,wind_sensor_link,1.2,122.0,0.0
1790353716325879447,1790353716,200000000,wind_sensor_link,1.3,120.0,0.0
1790353716533121179,1790353716,400000000,wind_sensor_link,1.4,113.0,0.0
1790353716725961810,1790353716,600000256,wind_sensor_link,1.5,111.0,0.0
1790353716932916064,1790353716,800000256,wind_sensor_link,1.5,109.0,0.0
1790353717125701881,1790353717,0,wind_sensor_link,1.5,104.0,0.0
1790353717332738060,1790353717,200000000,wind_sensor_link,1.5,100.0,0.0
1790353717525494877,1790353717,400000000,wind_sensor_link,1.4,97.0,0.0
1790353717732660295,1790353717,600000256,wind_sensor_link,1.2,94.0,0.0
1790353717925306447,1790353717,800000256,wind_sensor_link,1.3,96.0,0.0
1790353718132350533,1790353718,0,wind_sensor_link,1.2,95.0,0.0
1790353718325132479,1790353718,200000000,wind_sensor_link,1.2,97.0,0.0
1790353718532280250,1790353718,400000000,wind_sensor_link,1.2,99.0,0.0
1790353718725270749,1790353718,600000256,wind_sensor_link,1.2,103.0,0.0
1790353718932219800,1790353718,800000256,wind_sensor_link,1.0,105.0,0.0
1790353719124886988,1790353719,0,wind_sensor_link,1.0,111.0,0.0
1790353719332013574,1790353719,200000000,wind_sensor_link,1.0,112.0,0.0
1790353719524724002,1790353719,400000000,wind_sensor_link,1.0,116.0,0.0
1790353719731720775,1790353719,600000256,wind_sensor_link,1.0,116.0,0.0
1790353719924513887,1790353719,800000256,wind_sensor_link,1.0,116.0,0.0
1790353720131657658,1790353720,0,wind_sensor_link,1.0,119.0,0.0
1790353720324386049,1790353720,200000000,wind_sensor_link,1.1,119.0,0.0
1790353720531558782,1790353720,400000000,wind_sensor_link,1.1,122.0,0.0
1790353720724204174,1790353720,600000256,wind_sensor_link,1.2,125.0,0.0
1790353720931369019,1790353720,800000256,wind_sensor_link,1.2,126.0,0.0
1790353721123905875,1790353721,0,wind_sensor_link,1.3,124.0,0.0
1790353721331291736,1790353721,200000000,wind_sensor_link,1.2,133.0,0.0
1790353721523721964,1790353721,400000000,wind_sensor_link,1.2,133.0,0.0
1790353721731133250,1790353721,600000256,wind_sensor_link,1.3,132.0,0.0
1790353721923751235,1790353721,800000256,wind_sensor_link,1.2,131.0,0.0
1790353722131034448,1790353722,0,wind_sensor_link,1.1,134.0,0.0
1790353722323713173,1790353722,200000000,wind_sensor_link,1.1,132.0,0.0
1790353722530813629,1790353722,400000000,wind_sensor_link,1.1,135.0,0.0
1790353722723816943,1790353722,600000256,wind_sensor_link,1.0,137.0,0.0
1790353722930680939,1790353722,800000256,wind_sensor_link,1.0,134.0,0.0
1790353723123113927,1790353723,0,wind_sensor_link,1.0,131.0,0.0
1790353723330467769,1790353723,200000000,wind_sensor_link,1.0,129.0,0.0
1790353723523516323,1790353723,400000000,wind_sensor_link,1.0,128.0,0.0
1790353723730308153,1790353723,600000256,wind_sensor_link,1.2,122.0,0.0
1790353723923348226,1790353723,800000256,wind_sensor_link,1.2,119.0,0.0
1790353724130280055,1790353724,0,wind_sensor_link,1.2,113.0,0.0
1790353724322862244,1790353724,200000000,wind_sensor_link,1.2,109.0,0.0
1790353724530103680,1790353724,400000000,wind_sensor_link,1.2,106.0,0.0
1790353724723109531,1790353724,600000256,wind_sensor_link,1.3,106.0,0.0
1790353724929899102,1790353724,800000256,wind_sensor_link,1.2,105.0,0.0
1790353725122342163,1790353725,0,wind_sensor_link,1.2,103.0,0.0
1790353725329934762,1790353725,200000000,wind_sensor_link,1.2,104.0,0.0
1790353725522423063,1790353725,400000000,wind_sensor_link,1.3,105.0,0.0
1790353725729522946,1790353725,600000256,wind_sensor_link,1.3,106.0,0.0
1790353725922677146,1790353725,800000256,wind_sensor_link,1.3,107.0,0.0
1790353726129441810,1790353726,0,wind_sensor_link,1.4,109.0,0.0
1790353726322148368,1790353726,200000000,wind_sensor_link,1.4,109.0,0.0
1790353726529217177,1790353726,400000000,wind_sensor_link,1.4,109.0,0.0
1790353726721996882,1790353726,600000256,wind_sensor_link,1.4,110.0,0.0
1790353726929176782,1790353726,800000256,wind_sensor_link,1.3,110.0,0.0
1790353727121562548,1790353727,0,wind_sensor_link,1.2,110.0,0.0
1790353727329083981,1790353727,200000000,wind_sensor_link,1.2,110.0,0.0
1790353727522085813,1790353727,400000000,wind_sensor_link,1.1,112.0,0.0
1790353727728871977,1790353727,600000256,wind_sensor_link,1.0,113.0,0.0
1790353727921906975,1790353727,800000256,wind_sensor_link,1.0,112.0,0.0
1790353728128735231,1790353728,0,wind_sensor_link,1.0,111.0,0.0
1790353728321341772,1790353728,200000000,wind_sensor_link,0.9,112.0,0.0
1790353728528317508,1790353728,400000000,wind_sensor_link,1.0,113.0,0.0
1790353728721536152,1790353728,600000256,wind_sensor_link,1.1,115.0,0.0
1790353728928421704,1790353728,800000256,wind_sensor_link,1.1,112.0,0.0
1790353729121045689,1790353729,0,wind_sensor_link,1.1,113.0,0.0
1790353729328259199,1790353729,200000000,wind_sensor_link,1.1,109.0,0.0
1790353729521245069,1790353729,400000000,wind_sensor_link,1.1,112.0,0.0
1790353729728088325,1790353729,600000256,wind_sensor_link,1.1,113.0,0.0
1790353729921142656,1790353729,800000256,wind_sensor_link,1.1,112.0,0.0
1790353730127978060,1790353730,0,wind_sensor_link,1.0,111.0,0.0
1790353730320664915,1790353730,200000000,wind_sensor_link,0.9,110.0,0.0
1790353730527768001,1790353730,400000000,wind_sensor_link,1.0,111.0,0.0
1790353730734983141,1790353730,600000256,wind_sensor_link,0.9,108.0,0.0
1790353730927642588,1790353730,800000256,wind_sensor_link,1.0,108.0,0.0
1790353731134658287,1790353731,0,wind_sensor_link,1.0,107.0,0.0
1790353731326837870,1790353731,200000000,wind_sensor_link,1.0,106.0,0.0
1790353731534452487,1790353731,400000000,wind_sensor_link,1.0,105.0,0.0
1790353731726652217,1790353731,600000256,wind_sensor_link,1.0,105.0,0.0
1790353731934310167,1790353731,800000256,wind_sensor_link,1.0,105.0,0.0
1790353732126477176,1790353732,0,wind_sensor_link,1.0,106.0,0.0
1790353732334026275,1790353732,200000000,wind_sensor_link,1.0,105.0,0.0
1790353732526931034,1790353732,400000000,wind_sensor_link,1.0,107.0,0.0
1790353732733905511,1790353732,600000256,wind_sensor_link,1.0,107.0,0.0
1790353732926784141,1790353732,800000256,wind_sensor_link,1.0,107.0,0.0
1790353733134089613,1790353733,0,wind_sensor_link,1.0,107.0,0.0
1790353733326146050,1790353733,200000000,wind_sensor_link,1.0,102.0,0.0
1790353733533558002,1790353733,400000000,wind_sensor_link,0.9,102.0,0.0
1790353733726274504,1790353733,600000256,wind_sensor_link,1.0,102.0,0.0
1790353733933535311,1790353733,800000256,wind_sensor_link,1.0,103.0,0.0
1790353734125862040,1790353734,0,wind_sensor_link,1.1,103.0,0.0
1790353734333257845,1790353734,200000000,wind_sensor_link,1.1,102.0,0.0
1790353734525758405,1790353734,400000000,wind_sensor_link,1.1,103.0,0.0
1790353734733169765,1790353734,600000256,wind_sensor_link,1.1,107.0,0.0
1790353734925530105,1790353734,800000256,wind_sensor_link,1.1,112.0,0.0
1790353735132967058,1790353735,0,wind_sensor_link,1.1,113.0,0.0
1790353735326090999,1790353735,200000000,wind_sensor_link,1.1,114.0,0.0
1790353735533052458,1790353735,400000000,wind_sensor_link,1.1,113.0,0.0
1790353735725849052,1790353735,600000256,wind_sensor_link,1.0,115.0,0.0
1790353735933043581,1790353735,800000256,wind_sensor_link,0.9,115.0,0.0
1790353736125733658,1790353736,0,wind_sensor_link,0.9,115.0,0.0
1790353736332881928,1790353736,200000000,wind_sensor_link,0.9,113.0,0.0
1790353736525693411,1790353736,400000000,wind_sensor_link,0.8,111.0,0.0
1790353736732715720,1790353736,600000256,wind_sensor_link,0.8,110.0,0.0
1790353736925260076,1790353736,800000256,wind_sensor_link,0.8,108.0,0.0
1790353737132562271,1790353737,0,wind_sensor_link,0.8,107.0,0.0
1790353737325051258,1790353737,200000000,wind_sensor_link,0.8,107.0,0.0
1790353737532404415,1790353737,400000000,wind_sensor_link,0.8,105.0,0.0
1790353737724879661,1790353737,600000256,wind_sensor_link,0.8,104.0,0.0
1790353737932305132,1790353737,800000256,wind_sensor_link,0.8,104.0,0.0
1790353738124945339,1790353738,0,wind_sensor_link,0.8,103.0,0.0
1790353738331998851,1790353738,200000000,wind_sensor_link,0.8,103.0,0.0
1790353738524539319,1790353738,400000000,wind_sensor_link,0.8,101.0,0.0
1790353738732040270,1790353738,600000256,wind_sensor_link,0.8,101.0,0.0
1790353738924681829,1790353738,800000256,wind_sensor_link,0.8,101.0,0.0
1790353739132019894,1790353739,0,wind_sensor_link,0.8,101.0,0.0
1790353739324437677,1790353739,200000000,wind_sensor_link,0.8,101.0,0.0
1790353739531471190,1790353739,400000000,wind_sensor_link,0.8,100.0,0.0
1790353739724298673,1790353739,600000256,wind_sensor_link,0.8,98.0,0.0
1790353739931392037,1790353739,800000256,wind_sensor_link,0.8,97.0,0.0
1790353740123972189,1790353740,0,wind_sensor_link,0.8,94.0,0.0
1790353740331181829,1790353740,200000000,wind_sensor_link,0.8,94.0,0.0
1790353740523982349,1790353740,400000000,wind_sensor_link,0.8,93.0,0.0
1790353740731215359,1790353740,600000256,wind_sensor_link,0.9,93.0,0.0
1790353740923878547,1790353740,800000256,wind_sensor_link,0.9,93.0,0.0
1790353741131119613,1790353741,0,wind_sensor_link,0.9,91.0,0.0
1790353741323720265,1790353741,200000000,wind_sensor_link,1.0,90.0,0.0
1790353741530945683,1790353741,400000000,wind_sensor_link,1.0,90.0,0.0
1790353741723562316,1790353741,600000256,wind_sensor_link,1.0,93.0,0.0
1790353741930733216,1790353741,800000256,wind_sensor_link,1.0,97.0,0.0
1790353742123315109,1790353742,0,wind_sensor_link,1.1,99.0,0.0
1790353742330533897,1790353742,200000000,wind_sensor_link,1.1,99.0,0.0
1790353742523286770,1790353742,400000000,wind_sensor_link,1.0,92.0,0.0
1790353742730450059,1790353742,600000256,wind_sensor_link,1.0,93.0,0.0
1790353742923411743,1790353742,800000256,wind_sensor_link,0.9,96.0,0.0
1790353743130218018,1790353743,0,wind_sensor_link,0.9,97.0,0.0
1790353743322870984,1790353743,200000000,wind_sensor_link,0.9,95.0,0.0
1790353743530108754,1790353743,400000000,wind_sensor_link,1.0,92.0,0.0
1790353743722343002,1790353743,600000256,wind_sensor_link,0.9,91.0,0.0
1790353743929818658,1790353743,800000256,wind_sensor_link,0.9,91.0,0.0
1790353744122745380,1790353744,0,wind_sensor_link,0.9,97.0,0.0
1790353744329698394,1790353744,200000000,wind_sensor_link,0.9,97.0,0.0
1790353744522671115,1790353744,400000000,wind_sensor_link,0.9,98.0,0.0
1790353744729692276,1790353744,600000256,wind_sensor_link,0.9,95.0,0.0
1790353744922688312,1790353744,800000256,wind_sensor_link,0.8,96.0,0.0
1790353745129503994,1790353745,0,wind_sensor_link,0.8,98.0,0.0
1790353745322142850,1790353745,200000000,wind_sensor_link,0.8,99.0,0.0
1790353745529272491,1790353745,400000000,wind_sensor_link,0.8,97.0,0.0
1790353745722286508,1790353745,600000256,wind_sensor_link,0.8,97.0,0.0
1790353745929210022,1790353745,800000256,wind_sensor_link,0.8,99.0,0.0
1790353746122190151,1790353746,0,wind_sensor_link,0.8,100.0,0.0
1790353746329009444,1790353746,200000000,wind_sensor_link,0.8,102.0,0.0
1790353746521854167,1790353746,400000000,wind_sensor_link,0.8,101.0,0.0
1790353746728938883,1790353746,600000256,wind_sensor_link,0.9,100.0,0.0
1790353746921704625,1790353746,800000256,wind_sensor_link,0.9,100.0,0.0
1790353747129104449,1790353747,0,wind_sensor_link,0.9,101.0,0.0
1790353747321030757,1790353747,200000000,wind_sensor_link,0.9,101.0,0.0
1790353747528471616,1790353747,400000000,wind_sensor_link,0.9,98.0,0.0
1790353747721056917,1790353747,600000256,wind_sensor_link,0.9,98.0,0.0
1790353747928449703,1790353747,800000256,wind_sensor_link,0.9,99.0,0.0
1790353748120909356,1790353748,0,wind_sensor_link,0.9,98.0,0.0
1790353748328194459,1790353748,200000000,wind_sensor_link,0.9,98.0,0.0
1790353748520728871,1790353748,400000000,wind_sensor_link,0.9,97.0,0.0
1790353748728039232,1790353748,600000256,wind_sensor_link,0.9,97.0,0.0
1790353748920708402,1790353748,800000256,wind_sensor_link,0.8,96.0,0.0
1790353749127856098,1790353749,0,wind_sensor_link,0.8,95.0,0.0
1790353749320455806,1790353749,200000000,wind_sensor_link,0.8,95.0,0.0
1790353749527760019,1790353749,400000000,wind_sensor_link,0.8,94.0,0.0
1790353749720290449,1790353749,600000256,wind_sensor_link,0.8,95.0,0.0
1790353749927027262,1790353749,800000256,wind_sensor_link,0.8,96.0,0.0
1790353750134699767,1790353750,0,wind_sensor_link,0.8,95.0,0.0
1790353750326961738,1790353750,200000000,wind_sensor_link,0.8,97.0,0.0
1790353750534400709,1790353750,400000000,wind_sensor_link,0.8,98.0,0.0
1790353750726660902,1790353750,600000256,wind_sensor_link,0.9,98.0,0.0
1790353750934428535,1790353750,800000256,wind_sensor_link,0.9,98.0,0.0
1790353751127341054,1790353751,0,wind_sensor_link,0.9,100.0,0.0
1790353751334213272,1790353751,200000000,wind_sensor_link,0.9,100.0,0.0
1790353751526413707,1790353751,400000000,wind_sensor_link,0.9,99.0,0.0
1790353751734231080,1790353751,600000256,wind_sensor_link,0.9,102.0,0.0
1790353751927019452,1790353751,800000256,wind_sensor_link,0.9,101.0,0.0
1790353752134122723,1790353752,0,wind_sensor_link,0.8,101.0,0.0
1790353752326668950,1790353752,200000000,wind_sensor_link,0.8,102.0,0.0
1790353752533898831,1790353752,400000000,wind_sensor_link,0.9,102.0,0.0
1790353752726411243,1790353752,600000256,wind_sensor_link,0.9,101.0,0.0
1790353752933759641,1790353752,800000256,wind_sensor_link,0.9,100.0,0.0
1790353753126275090,1790353753,0,wind_sensor_link,0.9,99.0,0.0
1790353753333758283,1790353753,200000000,wind_sensor_link,0.9,97.0,0.0
1790353753526456378,1790353753,400000000,wind_sensor_link,0.8,97.0,0.0
1790353753733438780,1790353753,600000256,wind_sensor_link,0.8,97.0,0.0
1790353753926658369,1790353753,800000256,wind_sensor_link,0.8,96.0,0.0
1790353754133000094,1790353754,0,wind_sensor_link,0.8,96.0,0.0
1790353754325338712,1790353754,200000000,wind_sensor_link,0.8,96.0,0.0
1790353754533030957,1790353754,400000000,wind_sensor_link,0.8,95.0,0.0
1790353754725071172,1790353754,600000256,wind_sensor_link,0.8,93.0,0.0
1790353754932697881,1790353754,800000256,wind_sensor_link,0.8,93.0,0.0
1790353755124975018,1790353755,0,wind_sensor_link,0.8,92.0,0.0
1790353755333259534,1790353755,200000000,wind_sensor_link,0.8,91.0,0.0
1790353755524873624,1790353755,400000000,wind_sensor_link,0.8,92.0,0.0
1790353755732471056,1790353755,600000256,wind_sensor_link,0.8,93.0,0.0
1790353755924779878,1790353755,800000256,wind_sensor_link,0.8,92.0,0.0
1790353756132327289,1790353756,0,wind_sensor_link,0.8,93.0,0.0
1790353756325260470,1790353756,200000000,wind_sensor_link,0.8,99.0,0.0
1790353756532501424,1790353756,400000000,wind_sensor_link,0.7,100.0,0.0
1790353756724907334,1790353756,600000256,wind_sensor_link,0.8,101.0,0.0
1790353756932238083,1790353756,800000256,wind_sensor_link,0.8,101.0,0.0
1790353757124461273,1790353757,0,wind_sensor_link,0.8,101.0,0.0
1790353757332153054,1790353757,200000000,wind_sensor_link,0.9,102.0,0.0
1790353757525204234,1790353757,400000000,wind_sensor_link,0.9,104.0,0.0
1790353757732104747,1790353757,600000256,wind_sensor_link,0.9,108.0,0.0
1790353757925022688,1790353757,800000256,wind_sensor_link,0.9,107.0,0.0
1790353758131932182,1790353758,0,wind_sensor_link,0.9,107.0,0.0
1790353758324885012,1790353758,200000000,wind_sensor_link,0.9,107.0,0.0
1790353758531642620,1790353758,400000000,wind_sensor_link,0.9,111.0,0.0
1790353758724434988,1790353758,600000256,wind_sensor_link,0.9,112.0,0.0
1790353758931571720,1790353758,800000256,wind_sensor_link,0.9,108.0,0.0
1790353759124107463,1790353759,0,wind_sensor_link,0.9,107.0,0.0
1790353759331275398,1790353759,200000000,wind_sensor_link,0.9,110.0,0.0
1790353759524494594,1790353759,400000000,wind_sensor_link,0.9,109.0,0.0
1790353759731231480,1790353759,600000256,wind_sensor_link,0.9,113.0,0.0
1790353759924296326,1790353759,800000256,wind_sensor_link,0.9,115.0,0.0
1790353760131123618,1790353760,0,wind_sensor_link,0.9,117.0,0.0
1790353760323532344,1790353760,200000000,wind_sensor_link,0.9,120.0,0.0
1790353760530947424,1790353760,400000000,wind_sensor_link,0.9,124.0,0.0
1790353760723413260,1790353760,600000256,wind_sensor_link,0.9,126.0,0.0
1790353760930894840,1790353760,800000256,wind_sensor_link,0.9,127.0,0.0
1790353761123563932,1790353761,0,wind_sensor_link,1.0,128.0,0.0
1790353761330725108,1790353761,200000000,wind_sensor_link,1.0,126.0,0.0
1790353761523683882,1790353761,400000000,wind_sensor_link,0.9,128.0,0.0
1790353761730449286,1790353761,600000256,wind_sensor_link,0.9,126.0,0.0
1790353761923487651,1790353761,800000256,wind_sensor_link,0.9,126.0,0.0
1790353762130150501,1790353762,0,wind_sensor_link,0.9,125.0,0.0
1790353762322931036,1790353762,200000000,wind_sensor_link,0.9,123.0,0.0
1790353762530028010,1790353762,400000000,wind_sensor_link,0.9,120.0,0.0
1790353762722823471,1790353762,600000256,wind_sensor_link,0.8,119.0,0.0
1790353762929980055,1790353762,800000256,wind_sensor_link,0.9,117.0,0.0
1790353763122738405,1790353763,0,wind_sensor_link,0.9,112.0,0.0
1790353763329903526,1790353763,200000000,wind_sensor_link,0.9,115.0,0.0
1790353763522938225,1790353763,400000000,wind_sensor_link,0.9,113.0,0.0
1790353763729751406,1790353763,600000256,wind_sensor_link,0.9,115.0,0.0
1790353763922349388,1790353763,800000256,wind_sensor_link,0.9,116.0,0.0
1790353764129335993,1790353764,0,wind_sensor_link,0.8,119.0,0.0
1790353764322114343,1790353764,200000000,wind_sensor_link,0.8,119.0,0.0
1790353764529337389,1790353764,400000000,wind_sensor_link,0.8,118.0,0.0
1790353764722041407,1790353764,600000256,wind_sensor_link,0.8,117.0,0.0
1790353764929219527,1790353764,800000256,wind_sensor_link,0.8,117.0,0.0
1790353765121862712,1790353765,0,wind_sensor_link,0.8,118.0,0.0
1790353765329115462,1790353765,200000000,wind_sensor_link,0.8,117.0,0.0
1790353765521523687,1790353765,400000000,wind_sensor_link,0.8,117.0,0.0
1790353765728943971,1790353765,600000256,wind_sensor_link,0.8,115.0,0.0
1790353765921651119,1790353765,800000256,wind_sensor_link,0.8,116.0,0.0
1790353766128806962,1790353766,0,wind_sensor_link,0.8,116.0,0.0
1790353766321551387,1790353766,200000000,wind_sensor_link,0.8,118.0,0.0
1790353766528349105,1790353766,400000000,wind_sensor_link,0.8,120.0,0.0
1790353766721700318,1790353766,600000256,wind_sensor_link,0.8,121.0,0.0
1790353766928323520,1790353766,800000256,wind_sensor_link,0.8,123.0,0.0
1790353767121082463,1790353767,0,wind_sensor_link,0.8,124.0,0.0
1790353767328096864,1790353767,200000000,wind_sensor_link,0.8,125.0,0.0
1790353767520669531,1790353767,400000000,wind_sensor_link,0.7,127.0,0.0
1790353767728104704,1790353767,600000256,wind_sensor_link,0.7,128.0,0.0
1790353767921085996,1790353767,800000256,wind_sensor_link,0.7,127.0,0.0
1790353768127963435,1790353768,0,wind_sensor_link,0.7,123.0,0.0
1790353768320745508,1790353768,200000000,wind_sensor_link,0.6,119.0,0.0
1790353768527693613,1790353768,400000000,wind_sensor_link,0.6,114.0,0.0
1790353768720861013,1790353768,600000256,wind_sensor_link,0.6,113.0,0.0
1790353768927367884,1790353768,800000256,wind_sensor_link,0.6,109.0,0.0
1790353769134804094,1790353769,0,wind_sensor_link,0.6,108.0,0.0
1790353769327427779,1790353769,200000000,wind_sensor_link,0.7,109.0,0.0
1790353769534693973,1790353769,400000000,wind_sensor_link,0.7,110.0,0.0
1790353769727403342,1790353769,600000256,wind_sensor_link,0.7,111.0,0.0
1790353769934279745,1790353769,800000256,wind_sensor_link,0.7,113.0,0.0
1790353770127175667,1790353770,0,wind_sensor_link,0.7,113.0,0.0
1790353770334171198,1790353770,200000000,wind_sensor_link,0.7,113.0,0.0
1790353770527014603,1790353770,400000000,wind_sensor_link,0.7,114.0,0.0
1790353770734086003,1790353770,600000256,wind_sensor_link,0.8,113.0,0.0
1790353770926804946,1790353770,800000256,wind_sensor_link,0.8,110.0,0.0
1790353771133824921,1790353771,0,wind_sensor_link,0.7,113.0,0.0
1790353771326715455,1790353771,200000000,wind_sensor_link,0.7,118.0,0.0
1790353771533906519,1790353771,400000000,wind_sensor_link,0.6,126.0,0.0
1790353771726760406,1790353771,600000256,wind_sensor_link,0.6,137.0,0.0
1790353771933520384,1790353771,800000256,wind_sensor_link,0.5,140.0,0.0
1790353772126362066,1790353772,0,wind_sensor_link,0.4,143.0,0.0
1790353772333374097,1790353772,200000000,wind_sensor_link,0.4,147.0,0.0
1790353772525963412,1790353772,400000000,wind_sensor_link,0.4,149.0,0.0
1790353772733198421,1790353772,600000256,wind_sensor_link,0.4,144.0,0.0
1790353772926082140,1790353772,800000256,wind_sensor_link,0.5,139.0,0.0
1790353773133228965,1790353773,0,wind_sensor_link,0.5,134.0,0.0
1790353773325839225,1790353773,200000000,wind_sensor_link,0.5,127.0,0.0
1790353773533045864,1790353773,400000000,wind_sensor_link,0.5,129.0,0.0
1790353773725436404,1790353773,600000256,wind_sensor_link,0.6,127.0,0.0
1790353773932848985,1790353773,800000256,wind_sensor_link,0.7,127.0,0.0
1790353774125446504,1790353774,0,wind_sensor_link,0.7,128.0,0.0
1790353774332559292,1790353774,200000000,wind_sensor_link,0.8,130.0,0.0
1790353774525220218,1790353774,400000000,wind_sensor_link,0.8,132.0,0.0
1790353774732496911,1790353774,600000256,wind_sensor_link,0.8,129.0,0.0
1790353774924924229,1790353774,800000256,wind_sensor_link,0.9,133.0,0.0
1790353775132269718,1790353775,0,wind_sensor_link,0.9,130.0,0.0
1790353775324839941,1790353775,200000000,wind_sensor_link,0.9,131.0,0.0
1790353775532033969,1790353775,400000000,wind_sensor_link,0.9,132.0,0.0
1790353775724867003,1790353775,600000256,wind_sensor_link,0.9,131.0,0.0
1790353775931924126,1790353775,800000256,wind_sensor_link,0.9,129.0,0.0
1790353776124838863,1790353776,0,wind_sensor_link,0.8,130.0,0.0
1790353776332074890,1790353776,200000000,wind_sensor_link,0.8,131.0,0.0
1790353776524255619,1790353776,400000000,wind_sensor_link,0.8,127.0,0.0
1790353776731598996,1790353776,600000256,wind_sensor_link,0.7,133.0,0.0
1790353776924018370,1790353776,800000256,wind_sensor_link,0.7,132.0,0.0
1790353777131494931,1790353777,0,wind_sensor_link,0.7,133.0,0.0
1790353777324022655,1790353777,200000000,wind_sensor_link,0.7,134.0,0.0
1790353777531246275,1790353777,400000000,wind_sensor_link,0.7,139.0,0.0
1790353777723999588,1790353777,600000256,wind_sensor_link,0.7,144.0,0.0
1790353777931096247,1790353777,800000256,wind_sensor_link,0.7,145.0,0.0
1790353778123878486,1790353778,0,wind_sensor_link,0.7,147.0,0.0
1790353778330981126,1790353778,200000000,wind_sensor_link,0.7,147.0,0.0
1790353778523686607,1790353778,400000000,wind_sensor_link,0.6,156.0,0.0
1790353778730721767,1790353778,600000256,wind_sensor_link,0.6,158.0,0.0
1790353778923465414,1790353778,800000256,wind_sensor_link,0.6,158.0,0.0
1790353779130505369,1790353779,0,wind_sensor_link,0.6,156.0,0.0
1790353779323339811,1790353779,200000000,wind_sensor_link,0.6,151.0,0.0
1790353779530493284,1790353779,400000000,wind_sensor_link,0.5,149.0,0.0
1790353779723167636,1790353779,600000256,wind_sensor_link,0.6,149.0,0.0
1790353779930227462,1790353779,800000256,wind_sensor_link,0.6,146.0,0.0
1790353780123013164,1790353780,0,wind_sensor_link,0.7,140.0,0.0
1790353780330138711,1790353780,200000000,wind_sensor_link,0.6,140.0,0.0
1790353780522884080,1790353780,400000000,wind_sensor_link,0.6,141.0,0.0
1790353780730030664,1790353780,600000256,wind_sensor_link,0.7,139.0,0.0
1790353780922977216,1790353780,800000256,wind_sensor_link,0.7,140.0,0.0
1790353781129887007,1790353781,0,wind_sensor_link,0.7,140.0,0.0
1790353781322547766,1790353781,200000000,wind_sensor_link,0.9,137.0,0.0
1790353781529515111,1790353781,400000000,wind_sensor_link,0.9,135.0,0.0
1790353781722365238,1790353781,600000256,wind_sensor_link,0.8,134.0,0.0
1790353781929501471,1790353781,800000256,wind_sensor_link,0.9,134.0,0.0
1790353782122170470,1790353782,0,wind_sensor_link,0.9,133.0,0.0
1790353782329169297,1790353782,200000000,wind_sensor_link,0.8,135.0,0.0
1790353782522043665,1790353782,400000000,wind_sensor_link,0.8,138.0,0.0
1790353782729154416,1790353782,600000256,wind_sensor_link,0.8,142.0,0.0
1790353782921901859,1790353782,800000256,wind_sensor_link,0.8,141.0,0.0
1790353783129112368,1790353783,0,wind_sensor_link,0.9,142.0,0.0
1790353783322045790,1790353783,200000000,wind_sensor_link,0.9,143.0,0.0
1790353783528839768,1790353783,400000000,wind_sensor_link,1.0,140.0,0.0
1790353783721508156,1790353783,600000256,wind_sensor_link,1.1,139.0,0.0
1790353783928750091,1790353783,800000256,wind_sensor_link,1.1,142.0,0.0
1790353784121876362,1790353784,0,wind_sensor_link,1.1,138.0,0.0
1790353784328437936,1790353784,200000000,wind_sensor_link,1.2,136.0,0.0
1790353784521266304,1790353784,400000000,wind_sensor_link,1.1,138.0,0.0
1790353784728238816,1790353784,600000256,wind_sensor_link,1.1,142.0,0.0
1790353784921492752,1790353784,800000256,wind_sensor_link,1.1,141.0,0.0
1790353785128246434,1790353785,0,wind_sensor_link,1.1,146.0,0.0
1790353785321368317,1790353785,200000000,wind_sensor_link,1.2,148.0,0.0
1790353785528206701,1790353785,400000000,wind_sensor_link,1.2,144.0,0.0
1790353785721129346,1790353785,600000256,wind_sensor_link,1.2,143.0,0.0
1790353785928002823,1790353785,800000256,wind_sensor_link,1.2,146.0,0.0
1790353786121033225,1790353786,0,wind_sensor_link,1.2,146.0,0.0
1790353786327707686,1790353786,200000000,wind_sensor_link,1.2,147.0,0.0
1790353786520958085,1790353786,400000000,wind_sensor_link,1.1,147.0,0.0
1790353786727634972,1790353786,600000256,wind_sensor_link,1.1,143.0,0.0
1790353786920055530,1790353786,800000256,wind_sensor_link,0.9,142.0,0.0
1790353787127511184,1790353787,0,wind_sensor_link,0.9,140.0,0.0
1790353787334552344,1790353787,200000000,wind_sensor_link,0.8,139.0,0.0
1790353787527271269,1790353787,400000000,wind_sensor_link,0.8,135.0,0.0
1790353787734394798,1790353787,600000256,wind_sensor_link,0.7,134.0,0.0
1790353787927220499,1790353787,800000256,wind_sensor_link,0.7,126.0,0.0
1790353788134262584,1790353788,0,wind_sensor_link,0.7,126.0,0.0
1790353788326871437,1790353788,200000000,wind_sensor_link,0.7,124.0,0.0
1790353788534140852,1790353788,400000000,wind_sensor_link,0.7,118.0,0.0
1790353788726869481,1790353788,600000256,wind_sensor_link,0.8,115.0,0.0
1790353788933974621,1790353788,800000256,wind_sensor_link,0.9,111.0,0.0
1790353789126728861,1790353789,0,wind_sensor_link,1.0,113.0,0.0
1790353789333898815,1790353789,200000000,wind_sensor_link,1.1,110.0,0.0
1790353789526352077,1790353789,400000000,wind_sensor_link,1.1,111.0,0.0
1790353789733720787,1790353789,600000256,wind_sensor_link,1.1,112.0,0.0
1790353789925983163,1790353789,800000256,wind_sensor_link,1.1,113.0,0.0
1790353790133470631,1790353790,0,wind_sensor_link,1.0,121.0,0.0
1790353790326272018,1790353790,200000000,wind_sensor_link,1.0,126.0,0.0
1790353790533279567,1790353790,400000000,wind_sensor_link,0.8,131.0,0.0
1790353790726017658,1790353790,600000256,wind_sensor_link,0.7,130.0,0.0
1790353790933216834,1790353790,800000256,wind_sensor_link,0.6,125.0,0.0
1790353791125841149,1790353791,0,wind_sensor_link,0.6,125.0,0.0
1790353791332994844,1790353791,200000000,wind_sensor_link,0.6,125.0,0.0
1790353791525696992,1790353791,400000000,wind_sensor_link,0.6,126.0,0.0
1790353791732863465,1790353791,600000256,wind_sensor_link,0.7,125.0,0.0
1790353791925468206,1790353791,800000256,wind_sensor_link,0.9,126.0,0.0
1790353792132680122,1790353792,0,wind_sensor_link,1.0,124.0,0.0
1790353792325555619,1790353792,200000000,wind_sensor_link,1.1,130.0,0.0
1790353792532466818,1790353792,400000000,wind_sensor_link,1.2,138.0,0.0
1790353792725533294,1790353792,600000256,wind_sensor_link,1.3,141.0,0.0
1790353792932283902,1790353792,800000256,wind_sensor_link,1.3,141.0,0.0
1790353793125086955,1790353793,0,wind_sensor_link,1.4,142.0,0.0
1790353793332188095,1790353793,200000000,wind_sensor_link,1.3,141.0,0.0
1790353793524865873,1790353793,400000000,wind_sensor_link,1.3,139.0,0.0
1790353793732022216,1790353793,600000256,wind_sensor_link,1.3,136.0,0.0
1790353793924752363,1790353793,800000256,wind_sensor_link,1.3,131.0,0.0
1790353794131935650,1790353794,0,wind_sensor_link,1.1,130.0,0.0
1790353794324250618,1790353794,200000000,wind_sensor_link,1.0,124.0,0.0
1790353794531734901,1790353794,400000000,wind_sensor_link,1.1,119.0,0.0
1790353794724096182,1790353794,600000256,wind_sensor_link,1.1,112.0,0.0
1790353794931524892,1790353794,800000256,wind_sensor_link,1.2,108.0,0.0
1790353795124252391,1790353795,0,wind_sensor_link,1.2,106.0,0.0
1790353795331670824,1790353795,200000000,wind_sensor_link,1.2,106.0,0.0
1790353795523873904,1790353795,400000000,wind_sensor_link,1.2,106.0,0.0
1790353795731032691,1790353795,600000256,wind_sensor_link,1.3,105.0,0.0
1790353795924170685,1790353795,800000256,wind_sensor_link,1.4,109.0,0.0
1790353796131037643,1790353796,0,wind_sensor_link,1.3,111.0,0.0
1790353796323678624,1790353796,200000000,wind_sensor_link,1.2,112.0,0.0
1790353796531061391,1790353796,400000000,wind_sensor_link,1.2,116.0,0.0
1790353796723463320,1790353796,600000256,wind_sensor_link,1.1,113.0,0.0
1790353796930735791,1790353796,800000256,wind_sensor_link,1.2,110.0,0.0
1790353797123351236,1790353797,0,wind_sensor_link,1.2,107.0,0.0
1790353797330785094,1790353797,200000000,wind_sensor_link,1.2,102.0,0.0
1790353797523235393,1790353797,400000000,wind_sensor_link,1.2,99.0,0.0
1790353797730271478,1790353797,600000256,wind_sensor_link,1.3,91.0,0.0
1790353797923314936,1790353797,800000256,wind_sensor_link,1.3,92.0,0.0
1790353798130133099,1790353798,0,wind_sensor_link,1.3,87.0,0.0
1790353798323131761,1790353798,200000000,wind_sensor_link,1.4,88.0,0.0
1790353798530053922,1790353798,400000000,wind_sensor_link,1.3,94.0,0.0
1790353798722655145,1790353798,600000256,wind_sensor_link,1.3,96.0,0.0
1790353798929863709,1790353798,800000256,wind_sensor_link,1.4,92.0,0.0
1790353799122470228,1790353799,0,wind_sensor_link,1.4,92.0,0.0
1790353799329750774,1790353799,200000000,wind_sensor_link,1.4,96.0,0.0
1790353799522375422,1790353799,400000000,wind_sensor_link,1.3,95.0,0.0
1790353799729478136,1790353799,600000256,wind_sensor_link,1.2,93.0,0.0
1790353799922512853,1790353799,800000256,wind_sensor_link,1.2,98.0,0.0
1790353800129298757,1790353800,0,wind_sensor_link,1.2,97.0,0.0
1790353800322032904,1790353800,200000000,wind_sensor_link,1.2,96.0,0.0
1790353800529157433,1790353800,400000000,wind_sensor_link,1.1,105.0,0.0
1790353800721814081,1790353800,600000256,wind_sensor_link,1.2,108.0,0.0
1790353800928981294,1790353800,800000256,wind_sensor_link,1.1,115.0,0.0
1790353801121489333,1790353801,0,wind_sensor_link,1.2,121.0,0.0
1790353801328812378,1790353801,200000000,wind_sensor_link,1.4,131.0,0.0
1790353801521545655,1790353801,400000000,wind_sensor_link,1.3,127.0,0.0
1790353801728896792,1790353801,600000256,wind_sensor_link,1.3,127.0,0.0
1790353801921386386,1790353801,800000256,wind_sensor_link,1.3,134.0,0.0
1790353802128556081,1790353802,0,wind_sensor_link,1.3,129.0,0.0
1790353802321253692,1790353802,200000000,wind_sensor_link,1.3,129.0,0.0
1790353802528413275,1790353802,400000000,wind_sensor_link,1.2,120.0,0.0
1790353802721027906,1790353802,600000256,wind_sensor_link,1.1,120.0,0.0
1790353802928157138,1790353802,800000256,wind_sensor_link,1.2,117.0,0.0
1790353803120842600,1790353803,0,wind_sensor_link,1.3,114.0,0.0
1790353803328110609,1790353803,200000000,wind_sensor_link,1.3,114.0,0.0
1790353803520748535,1790353803,400000000,wind_sensor_link,1.4,105.0,0.0
1790353803727789139,1790353803,600000256,wind_sensor_link,1.5,112.0,0.0
1790353803920927373,1790353803,800000256,wind_sensor_link,1.4,117.0,0.0
1790353804127783294,1790353804,0,wind_sensor_link,1.4,120.0,0.0
1790353804320429091,1790353804,200000000,wind_sensor_link,1.5,116.0,0.0
1790353804527840764,1790353804,400000000,wind_sensor_link,1.4,114.0,0.0
1790353804720684224,1790353804,600000256,wind_sensor_link,1.3,115.0,0.0
1790353804927708162,1790353804,800000256,wind_sensor_link,1.3,116.0,0.0
1790353805134659767,1790353805,0,wind_sensor_link,1.3,118.0,0.0
1790353805327071307,1790353805,200000000,wind_sensor_link,1.2,116.0,0.0
1790353805534442703,1790353805,400000000,wind_sensor_link,1.3,113.0,0.0
1790353805726961520,1790353805,600000256,wind_sensor_link,1.3,114.0,0.0
1790353805934289138,1790353805,800000256,wind_sensor_link,1.4,114.0,0.0
1790353806126780955,1790353806,0,wind_sensor_link,1.4,115.0,0.0
1790353806334109407,1790353806,200000000,wind_sensor_link,1.4,115.0,0.0
1790353806526623465,1790353806,400000000,wind_sensor_link,1.4,113.0,0.0
1790353806733832418,1790353806,600000256,wind_sensor_link,1.4,115.0,0.0
1790353806926681934,1790353806,800000256,wind_sensor_link,1.4,114.0,0.0
1790353807133735445,1790353807,0,wind_sensor_link,1.3,113.0,0.0
1790353807326221133,1790353807,200000000,wind_sensor_link,1.3,113.0,0.0
1790353807533717416,1790353807,400000000,wind_sensor_link,1.3,113.0,0.0
1790353807726192585,1790353807,600000256,wind_sensor_link,1.3,113.0,0.0
1790353807933395409,1790353807,800000256,wind_sensor_link,1.3,113.0,0.0
1790353808126177703,1790353808,0,wind_sensor_link,1.3,114.0,0.0
1790353808333158512,1790353808,200000000,wind_sensor_link,1.3,114.0,0.0
1790353808525832734,1790353808,400000000,wind_sensor_link,1.3,115.0,0.0
1790353808732964781,1790353808,600000256,wind_sensor_link,1.3,116.0,0.0
1790353808925786612,1790353808,800000256,wind_sensor_link,1.4,118.0,0.0
1790353809132891770,1790353809,0,wind_sensor_link,1.4,120.0,0.0
1790353809324887687,1790353809,200000000,wind_sensor_link,1.4,121.0,0.0
1790353809532898555,1790353809,400000000,wind_sensor_link,1.3,124.0,0.0
1790353809725420094,1790353809,600000256,wind_sensor_link,1.3,124.0,0.0
1790353809932488513,1790353809,800000256,wind_sensor_link,1.3,125.0,0.0
1790353810125280381,1790353810,0,wind_sensor_link,1.2,125.0,0.0
1790353810332451835,1790353810,200000000,wind_sensor_link,1.2,124.0,0.0
1790353810525179019,1790353810,400000000,wind_sensor_link,1.2,125.0,0.0
1790353810732137254,1790353810,600000256,wind_sensor_link,1.2,124.0,0.0
1790353810925225378,1790353810,800000256,wind_sensor_link,1.1,124.0,0.0
1790353811131992282,1790353811,0,wind_sensor_link,1.1,123.0,0.0
1790353811324762169,1790353811,200000000,wind_sensor_link,1.1,124.0,0.0
1790353811531869457,1790353811,400000000,wind_sensor_link,1.1,123.0,0.0
1790353811724522068,1790353811,600000256,wind_sensor_link,1.1,122.0,0.0
1790353811931768262,1790353811,800000256,wind_sensor_link,1.1,123.0,0.0
1790353812124334486,1790353812,0,wind_sensor_link,1.1,123.0,0.0
1790353812331555550,1790353812,200000000,wind_sensor_link,1.0,121.0,0.0
1790353812524302641,1790353812,400000000,wind_sensor_link,1.0,121.0,0.0
1790353812731376189,1790353812,600000256,wind_sensor_link,1.0,121.0,0.0
1790353812923823507,1790353812,800000256,wind_sensor_link,1.0,120.0,0.0
1790353813131221773,1790353813,0,wind_sensor_link,1.0,118.0,0.0
1790353813323679905,1790353813,200000000,wind_sensor_link,1.0,117.0,0.0
1790353813531134559,1790353813,400000000,wind_sensor_link,1.0,115.0,0.0
1790353813723343139,1790353813,600000256,wind_sensor_link,1.0,116.0,0.0
1790353813930721331,1790353813,800000256,wind_sensor_link,1.0,115.0,0.0
1790353814123212407,1790353814,0,wind_sensor_link,1.0,115.0,0.0
1790353814330669765,1790353814,200000000,wind_sensor_link,1.0,115.0,0.0
1790353814523156304,1790353814,400000000,wind_sensor_link,1.0,114.0,0.0
1790353814730546440,1790353814,600000256,wind_sensor_link,1.0,117.0,0.0
1790353814923133478,1790353814,800000256,wind_sensor_link,1.0,115.0,0.0
1790353815130221508,1790353815,0,wind_sensor_link,1.0,116.0,0.0
1790353815323218114,1790353815,200000000,wind_sensor_link,1.0,118.0,0.0
1790353815529997314,1790353815,400000000,wind_sensor_link,1.0,117.0,0.0
1790353815723063105,1790353815,600000256,wind_sensor_link,1.0,116.0,0.0
1790353815929908674,1790353815,800000256,wind_sensor_link,1.0,116.0,0.0
1790353816122809486,1790353816,0,wind_sensor_link,1.1,116.0,0.0
1790353816329530853,1790353816,200000000,wind_sensor_link,1.1,114.0,0.0
1790353816522385184,1790353816,400000000,wind_sensor_link,1.1,113.0,0.0
1790353816729295623,1790353816,600000256,wind_sensor_link,1.0,111.0,0.0
1790353816922150343,1790353816,800000256,wind_sensor_link,1.0,107.0,0.0
1790353817129118040,1790353817,0,wind_sensor_link,1.0,104.0,0.0
1790353817322300700,1790353817,200000000,wind_sensor_link,1.0,100.0,0.0
1790353817528884513,1790353817,400000000,wind_sensor_link,1.0,97.0,0.0
1790353817722100543,1790353817,600000256,wind_sensor_link,1.0,95.0,0.0
1790353817928807614,1790353817,800000256,wind_sensor_link,1.0,93.0,0.0
1790353818121886627,1790353818,0,wind_sensor_link,1.0,92.0,0.0
1790353818328820807,1790353818,200000000,wind_sensor_link,1.1,92.0,0.0
1790353818521381123,1790353818,400000000,wind_sensor_link,1.1,94.0,0.0
1790353818728570336,1790353818,600000256,wind_sensor_link,1.1,96.0,0.0
1790353818921731347,1790353818,800000256,wind_sensor_link,1.1,100.0,0.0
1790353819128270051,1790353819,0,wind_sensor_link,1.0,102.0,0.0
1790353819321316619,1790353819,200000000,wind_sensor_link,0.9,109.0,0.0
1790353819528105782,1790353819,400000000,wind_sensor_link,0.8,111.0,0.0
1790353819721087408,1790353819,600000256,wind_sensor_link,0.8,111.0,0.0
1790353819927941866,1790353819,800000256,wind_sensor_link,0.8,112.0,0.0
1790353820120947509,1790353820,0,wind_sensor_link,0.8,108.0,0.0
1790353820328058483,1790353820,200000000,wind_sensor_link,0.8,108.0,0.0
1790353820520410209,1790353820,400000000,wind_sensor_link,0.9,103.0,0.0
1790353820727545534,1790353820,600000256,wind_sensor_link,1.1,98.0,0.0
1790353820920674824,1790353820,800000256,wind_sensor_link,1.2,93.0,0.0
1790353821127339748,1790353821,0,wind_sensor_link,1.3,90.0,0.0
1790353821334490758,1790353821,200000000,wind_sensor_link,1.4,88.0,0.0
1790353821527149739,1790353821,400000000,wind_sensor_link,1.5,91.0,0.0
1790353821734294508,1790353821,600000256,wind_sensor_link,1.7,91.0,0.0
1790353821927027192,1790353821,800000256,wind_sensor_link,1.8,91.0,0.0
1790353822134188220,1790353822,0,wind_sensor_link,1.9,91.0,0.0
1790353822326869331,1790353822,200000000,wind_sensor_link,2.0,92.0,0.0
1790353822534148988,1790353822,400000000,wind_sensor_link,2.1,94.0,0.0
1790353822726699081,1790353822,600000256,wind_sensor_link,2.2,93.0,0.0
1790353822933809259,1790353822,800000256,wind_sensor_link,2.2,94.0,0.0
1790353823126508332,1790353823,0,wind_sensor_link,2.2,91.0,0.0
1790353823333572047,1790353823,200000000,wind_sensor_link,2.1,93.0,0.0
1790353823526319675,1790353823,400000000,wind_sensor_link,2.1,95.0,0.0
1790353823733697015,1790353823,600000256,wind_sensor_link,2.0,95.0,0.0
1790353823925994983,1790353823,800000256,wind_sensor_link,1.8,100.0,0.0
1790353824133239936,1790353824,0,wind_sensor_link,1.7,104.0,0.0
1790353824326288468,1790353824,200000000,wind_sensor_link,1.7,106.0,0.0
1790353824533001743,1790353824,400000000,wind_sensor_link,1.7,111.0,0.0
1790353824725839592,1790353824,600000256,wind_sensor_link,1.7,112.0,0.0
1790353824932899177,1790353824,800000256,wind_sensor_link,1.8,113.0,0.0
1790353825125645898,1790353825,0,wind_sensor_link,1.9,113.0,0.0
1790353825332727502,1790353825,200000000,wind_sensor_link,2.0,115.0,0.0
1790353825525382891,1790353825,400000000,wind_sensor_link,2.2,114.0,0.0
1790353825732645214,1790353825,600000256,wind_sensor_link,2.3,112.0,0.0
1790353825925198530,1790353825,800000256,wind_sensor_link,2.4,111.0,0.0
1790353826132445150,1790353826,0,wind_sensor_link,2.5,109.0,0.0
1790353826324918300,1790353826,200000000,wind_sensor_link,2.5,108.0,0.0
1790353826532235993,1790353826,400000000,wind_sensor_link,2.5,107.0,0.0
1790353826724986140,1790353826,600000256,wind_sensor_link,2.4,103.0,0.0
1790353826932047077,1790353826,800000256,wind_sensor_link,2.3,101.0,0.0
1790353827124732058,1790353827,0,wind_sensor_link,2.2,100.0,0.0
1790353827331855124,1790353827,200000000,wind_sensor_link,2.3,98.0,0.0
1790353827524484531,1790353827,400000000,wind_sensor_link,2.2,98.0,0.0
1790353827731726725,1790353827,600000256,wind_sensor_link,2.2,101.0,0.0
1790353827924155784,1790353827,800000256,wind_sensor_link,2.1,102.0,0.0
1790353828131651530,1790353828,0,wind_sensor_link,2.0,105.0,0.0
1790353828323986182,1790353828,200000000,wind_sensor_link,1.9,106.0,0.0
1790353828531291672,1790353828,400000000,wind_sensor_link,1.9,106.0,0.0
1790353828724033133,1790353828,600000256,wind_sensor_link,1.8,110.0,0.0
1790353828931203402,1790353828,800000256,wind_sensor_link,1.7,114.0,0.0
1790353829123888031,1790353829,0,wind_sensor_link,1.6,113.0,0.0
1790353829330992746,1790353829,200000000,wind_sensor_link,1.5,114.0,0.0
1790353829523422989,1790353829,400000000,wind_sensor_link,1.4,115.0,0.0
1790353829730830885,1790353829,600000256,wind_sensor_link,1.4,115.0,0.0
1790353829923512884,1790353829,800000256,wind_sensor_link,1.5,117.0,0.0
1790353830130562599,1790353830,0,wind_sensor_link,1.5,118.0,0.0
1790353830323065916,1790353830,200000000,wind_sensor_link,1.5,115.0,0.0
1790353830530545107,1790353830,400000000,wind_sensor_link,1.6,113.0,0.0
1790353830723168459,1790353830,600000256,wind_sensor_link,1.8,114.0,0.0
1790353830930279043,1790353830,800000256,wind_sensor_link,2.0,113.0,0.0
1790353831122990302,1790353831,0,wind_sensor_link,2.0,113.0,0.0
1790353831330097720,1790353831,200000000,wind_sensor_link,2.1,112.0,0.0
1790353831522836274,1790353831,400000000,wind_sensor_link,2.0,107.0,0.0
1790353831729867286,1790353831,600000256,wind_sensor_link,2.0,108.0,0.0
1790353831922905484,1790353831,800000256,wind_sensor_link,2.0,110.0,0.0
1790353832129690406,1790353832,0,wind_sensor_link,2.0,105.0,0.0
1790353832322748142,1790353832,200000000,wind_sensor_link,1.7,103.0,0.0
1790353832529429436,1790353832,400000000,wind_sensor_link,1.5,100.0,0.0
1790353832722648132,1790353832,600000256,wind_sensor_link,1.6,96.0,0.0
1790353832929243742,1790353832,800000256,wind_sensor_link,1.6,94.0,0.0
1790353833122112239,1790353833,0,wind_sensor_link,1.8,95.0,0.0
1790353833329065622,1790353833,200000000,wind_sensor_link,1.7,92.0,0.0
1790353833522218208,1790353833,400000000,wind_sensor_link,1.7,88.0,0.0
1790353833728965964,1790353833,600000256,wind_sensor_link,1.8,92.0,0.0
1790353833922079902,1790353833,800000256,wind_sensor_link,2.0,96.0,0.0
1790353834128950193,1790353834,0,wind_sensor_link,2.1,97.0,0.0
1790353834321222032,1790353834,200000000,wind_sensor_link,2.0,100.0,0.0
1790353834528786055,1790353834,400000000,wind_sensor_link,2.0,101.0,0.0
1790353834721048838,1790353834,600000256,wind_sensor_link,2.0,105.0,0.0
1790353834928501955,1790353834,800000256,wind_sensor_link,2.0,108.0,0.0
1790353835121616245,1790353835,0,wind_sensor_link,2.0,111.0,0.0
1790353835328131948,1790353835,200000000,wind_sensor_link,1.9,110.0,0.0
1790353835521031037,1790353835,400000000,wind_sensor_link,1.9,109.0,0.0
1790353835727944865,1790353835,600000256,wind_sensor_link,1.8,108.0,0.0
1790353835920548273,1790353835,800000256,wind_sensor_link,1.8,108.0,0.0
1790353836127995816,1790353836,0,wind_sensor_link,1.7,107.0,0.0
1790353836320355098,1790353836,200000000,wind_sensor_link,1.7,104.0,0.0
1790353836527805345,1790353836,400000000,wind_sensor_link,1.7,104.0,0.0
1790353836720111442,1790353836,600000256,wind_sensor_link,1.8,100.0,0.0
1790353836927675039,1790353836,800000256,wind_sensor_link,1.9,98.0,0.0
1790353837120089838,1790353837,0,wind_sensor_link,1.9,97.0,0.0
1790353837327440920,1790353837,200000000,wind_sensor_link,2.0,95.0,0.0
1790353837520142530,1790353837,400000000,wind_sensor_link,2.0,95.0,0.0
1790353837727024340,1790353837,600000256,wind_sensor_link,2.0,99.0,0.0
1790353837934460309,1790353837,800000256,wind_sensor_link,2.1,95.0,0.0
1790353838127061069,1790353838,0,wind_sensor_link,2.2,96.0,0.0
1790353838334223523,1790353838,200000000,wind_sensor_link,2.4,99.0,0.0
1790353838526940541,1790353838,400000000,wind_sensor_link,2.3,102.0,0.0
1790353838733999589,1790353838,600000256,wind_sensor_link,2.3,102.0,0.0
1790353838926773143,1790353838,800000256,wind_sensor_link,2.3,104.0,0.0
1790353839133842283,1790353839,0,wind_sensor_link,2.3,104.0,0.0
1790353839326545116,1790353839,200000000,wind_sensor_link,2.3,100.0,0.0
1790353839533702459,1790353839,400000000,wind_sensor_link,2.2,103.0,0.0
1790353839726299571,1790353839,600000256,wind_sensor_link,2.2,103.0,0.0
1790353839933538802,1790353839,800000256,wind_sensor_link,1.9,103.0,0.0
1790353840125981453,1790353840,0,wind_sensor_link,1.9,101.0,0.0
1790353840333336479,1790353840,200000000,wind_sensor_link,2.0,103.0,0.0
1790353840525892480,1790353840,400000000,wind_sensor_link,2.1,106.0,0.0
1790353840733131433,1790353840,600000256,wind_sensor_link,2.2,106.0,0.0
1790353840925819692,1790353840,800000256,wind_sensor_link,2.1,107.0,0.0
1790353841133041423,1790353841,0,wind_sensor_link,2.2,108.0,0.0
1790353841325696756,1790353841,200000000,wind_sensor_link,2.2,112.0,0.0
1790353841532740675,1790353841,400000000,wind_sensor_link,2.3,118.0,0.0
1790353841725213381,1790353841,600000256,wind_sensor_link,2.3,119.0,0.0
1790353841932564499,1790353841,800000256,wind_sensor_link,2.2,121.0,0.0
1790353842125220647,1790353842,0,wind_sensor_link,2.2,117.0,0.0
1790353842332469823,1790353842,200000000,wind_sensor_link,2.1,120.0,0.0
1790353842525043120,1790353842,400000000,wind_sensor_link,2.1,121.0,0.0
1790353842732245500,1790353842,600000256,wind_sensor_link,2.1,120.0,0.0
1790353842924951240,1790353842,800000256,wind_sensor_link,2.0,117.0,0.0
1790353843132102990,1790353843,0,wind_sensor_link,2.0,111.0,0.0
1790353843324745805,1790353843,200000000,wind_sensor_link,2.0,112.0,0.0
1790353843531895352,1790353843,400000000,wind_sensor_link,2.0,111.0,0.0
1790353843724505131,1790353843,600000256,wind_sensor_link,2.0,111.0,0.0
1790353843931733269,1790353843,800000256,wind_sensor_link,2.0,110.0,0.0
1790353844124375417,1790353844,0,wind_sensor_link,2.0,109.0,0.0
1790353844331463410,1790353844,200000000,wind_sensor_link,2.0,109.0,0.0
1790353844524154465,1790353844,400000000,wind_sensor_link,2.0,108.0,0.0
1790353844731375214,1790353844,600000256,wind_sensor_link,2.0,109.0,0.0
1790353844924056825,1790353844,800000256,wind_sensor_link,2.1,110.0,0.0
1790353845131059541,1790353845,0,wind_sensor_link,2.1,108.0,0.0
1790353845324183608,1790353845,200000000,wind_sensor_link,2.0,109.0,0.0
1790353845531168713,1790353845,400000000,wind_sensor_link,2.0,108.0,0.0
1790353845723708400,1790353845,600000256,wind_sensor_link,2.0,109.0,0.0
1790353845930821762,1790353845,800000256,wind_sensor_link,1.9,111.0,0.0
1790353846123494058,1790353846,0,wind_sensor_link,2.0,111.0,0.0
1790353846330719104,1790353846,200000000,wind_sensor_link,2.0,109.0,0.0
1790353846523316364,1790353846,400000000,wind_sensor_link,2.0,108.0,0.0
1790353846730492281,1790353846,600000256,wind_sensor_link,2.0,110.0,0.0
1790353846923423203,1790353846,800000256,wind_sensor_link,2.0,111.0,0.0
1790353847130407789,1790353847,0,wind_sensor_link,2.0,110.0,0.0
1790353847323006845,1790353847,200000000,wind_sensor_link,2.1,108.0,0.0
1790353847530181781,1790353847,400000000,wind_sensor_link,2.1,109.0,0.0
1790353847722851910,1790353847,600000256,wind_sensor_link,2.0,108.0,0.0
1790353847929944495,1790353847,800000256,wind_sensor_link,1.9,110.0,0.0
1790353848122655865,1790353848,0,wind_sensor_link,1.8,112.0,0.0
1790353848329652932,1790353848,200000000,wind_sensor_link,1.8,113.0,0.0
1790353848522414412,1790353848,400000000,wind_sensor_link,1.6,118.0,0.0
1790353848729678661,1790353848,600000256,wind_sensor_link,1.6,119.0,0.0
1790353848922259699,1790353848,800000256,wind_sensor_link,1.6,125.0,0.0
1790353849129470671,1790353849,0,wind_sensor_link,1.6,128.0,0.0
1790353849321967544,1790353849,200000000,wind_sensor_link,1.7,134.0,0.0
1790353849529300940,1790353849,400000000,wind_sensor_link,1.7,137.0,0.0
1790353849721972181,1790353849,600000256,wind_sensor_link,1.8,141.0,0.0
1790353849929287392,1790353849,800000256,wind_sensor_link,1.9,141.0,0.0
1790353850121806042,1790353850,0,wind_sensor_link,2.0,140.0,0.0
1790353850328721759,1790353850,200000000,wind_sensor_link,2.0,140.0,0.0
1790353850521642348,1790353850,400000000,wind_sensor_link,2.0,139.0,0.0
1790353850728822265,1790353850,600000256,wind_sensor_link,2.0,139.0,0.0
1790353850921777594,1790353850,800000256,wind_sensor_link,2.0,133.0,0.0
1790353851128572923,1790353851,0,wind_sensor_link,2.1,132.0,0.0
1790353851321177813,1790353851,200000000,wind_sensor_link,2.1,129.0,0.0
1790353851528393952,1790353851,400000000,wind_sensor_link,2.1,129.0,0.0
1790353851721057396,1790353851,600000256,wind_sensor_link,2.0,128.0,0.0
1790353851928236868,1790353851,800000256,wind_sensor_link,1.9,127.0,0.0
1790353852121302103,1790353852,0,wind_sensor_link,1.9,125.0,0.0
1790353852328026360,1790353852,200000000,wind_sensor_link,2.0,125.0,0.0
1790353852521120335,1790353852,400000000,wind_sensor_link,1.9,129.0,0.0
1790353852727718297,1790353852,600000256,wind_sensor_link,1.8,135.0,0.0
1790353852920242854,1790353852,800000256,wind_sensor_link,1.8,141.0,0.0
1790353853127543622,1790353853,0,wind_sensor_link,1.6,145.0,0.0
1790353853320357916,1790353853,200000000,wind_sensor_link,1.6,147.0,0.0
1790353853527550851,1790353853,400000000,wind_sensor_link,1.5,147.0,0.0
1790353853720665141,1790353853,600000256,wind_sensor_link,1.4,146.0,0.0
1790353853927311898,1790353853,800000256,wind_sensor_link,1.3,148.0,0.0
1790353854120365763,1790353854,0,wind_sensor_link,1.1,145.0,0.0
1790353854327316869,1790353854,200000000,wind_sensor_link,1.1,140.0,0.0
1790353854534310566,1790353854,400000000,wind_sensor_link,1.0,132.0,0.0
1790353854726924066,1790353854,600000256,wind_sensor_link,1.0,130.0,0.0
1790353854934149168,1790353854,800000256,wind_sensor_link,1.0,129.0,0.0
1790353855126811834,1790353855,0,wind_sensor_link,1.0,130.0,0.0
1790353855333917863,1790353855,200000000,wind_sensor_link,1.0,134.0,0.0
1790353855526669918,1790353855,400000000,wind_sensor_link,1.0,136.0,0.0
1790353855733725003,1790353855,600000256,wind_sensor_link,1.1,136.0,0.0
1790353855926373725,1790353855,800000256,wind_sensor_link,1.3,135.0,0.0
1790353856133502513,1790353856,0,wind_sensor_link,1.4,139.0,0.0
1790353856326164309,1790353856,200000000,wind_sensor_link,1.4,138.0,0.0
1790353856533399262,1790353856,400000000,wind_sensor_link,1.4,133.0,0.0
1790353856726029318,1790353856,600000256,wind_sensor_link,1.4,129.0,0.0
1790353856933233976,1790353856,800000256,wind_sensor_link,1.4,129.0,0.0
1790353857125894383,1790353857,0,wind_sensor_link,1.3,125.0,0.0
1790353857333116521,1790353857,200000000,wind_sensor_link,1.3,125.0,0.0
1790353857525725874,1790353857,400000000,wind_sensor_link,1.1,124.0,0.0
1790353857732754737,1790353857,600000256,wind_sensor_link,1.1,123.0,0.0
1790353857925538458,1790353857,800000256,wind_sensor_link,1.1,126.0,0.0
1790353858132619820,1790353858,0,wind_sensor_link,1.2,135.0,0.0
1790353858325393541,1790353858,200000000,wind_sensor_link,1.4,143.0,0.0
1790353858532395979,1790353858,400000000,wind_sensor_link,1.5,143.0,0.0
1790353858725237624,1790353858,600000256,wind_sensor_link,1.4,143.0,0.0
1790353858932305339,1790353858,800000256,wind_sensor_link,1.5,140.0,0.0
1790353859125006746,1790353859,0,wind_sensor_link,1.5,144.0,0.0
1790353859332026128,1790353859,200000000,wind_sensor_link,1.4,145.0,0.0
1790353859524833885,1790353859,400000000,wind_sensor_link,1.3,149.0,0.0
1790353859731979136,1790353859,600000256,wind_sensor_link,1.3,143.0,0.0
1790353859925014723,1790353859,800000256,wind_sensor_link,1.3,140.0,0.0
1790353860131700128,1790353860,0,wind_sensor_link,1.3,133.0,0.0
1790353860324231537,1790353860,200000000,wind_sensor_link,1.4,137.0,0.0
1790353860531668840,1790353860,400000000,wind_sensor_link,1.4,141.0,0.0
1790353860724048547,1790353860,600000256,wind_sensor_link,1.4,137.0,0.0
1790353860931530830,1790353860,800000256,wind_sensor_link,1.5,136.0,0.0
1790353861123917408,1790353861,0,wind_sensor_link,1.5,134.0,0.0
1790353861331334544,1790353861,200000000,wind_sensor_link,1.5,137.0,0.0
1790353861523940341,1790353861,400000000,wind_sensor_link,1.4,136.0,0.0
1790353861731136998,1790353861,600000256,wind_sensor_link,1.4,139.0,0.0
1790353861924133919,1790353861,800000256,wind_sensor_link,1.4,138.0,0.0
1790353862130959045,1790353862,0,wind_sensor_link,1.5,144.0,0.0
1790353862323894411,1790353862,200000000,wind_sensor_link,1.5,145.0,0.0
1790353862530575446,1790353862,400000000,wind_sensor_link,1.6,149.0,0.0
1790353862723383092,1790353862,600000256,wind_sensor_link,1.6,145.0,0.0
1790353862930686248,1790353862,800000256,wind_sensor_link,1.6,142.0,0.0
1790353863123126047,1790353863,0,wind_sensor_link,1.6,142.0,0.0
1790353863330250724,1790353863,200000000,wind_sensor_link,1.8,140.0,0.0
1790353863523018260,1790353863,400000000,wind_sensor_link,1.8,139.0,0.0
1790353863730102993,1790353863,600000256,wind_sensor_link,1.8,132.0,0.0
1790353863922874139,1790353863,800000256,wind_sensor_link,1.9,129.0,0.0
1790353864129920854,1790353864,0,wind_sensor_link,1.9,126.0,0.0
1790353864322840369,1790353864,200000000,wind_sensor_link,2.0,128.0,0.0
1790353864529832900,1790353864,400000000,wind_sensor_link,2.0,128.0,0.0
1790353864722389105,1790353864,600000256,wind_sensor_link,2.1,131.0,0.0
1790353864929749871,1790353864,800000256,wind_sensor_link,2.1,134.0,0.0
1790353865122267354,1790353865,0,wind_sensor_link,2.1,137.0,0.0
1790353865329547659,1790353865,200000000,wind_sensor_link,2.0,143.0,0.0
1790353865522112678,1790353865,400000000,wind_sensor_link,2.0,146.0,0.0
1790353865729284281,1790353865,600000256,wind_sensor_link,2.0,148.0,0.0
1790353865922307590,1790353865,800000256,wind_sensor_link,1.7,154.0,0.0
1790353866129085253,1790353866,0,wind_sensor_link,1.5,151.0,0.0
1790353866321458220,1790353866,200000000,wind_sensor_link,1.5,150.0,0.0
1790353866528862727,1790353866,400000000,wind_sensor_link,1.4,142.0,0.0
1790353866721504467,1790353866,600000256,wind_sensor_link,1.2,139.0,0.0
1790353866928760550,1790353866,800000256,wind_sensor_link,1.1,130.0,0.0
1790353867121332940,1790353867,0,wind_sensor_link,1.0,127.0,0.0
1790353867328360877,1790353867,200000000,wind_sensor_link,0.8,120.0,0.0
1790353867521465945,1790353867,400000000,wind_sensor_link,0.9,116.0,0.0
1790353867728164165,1790353867,600000256,wind_sensor_link,1.0,117.0,0.0
1790353867920718277,1790353867,800000256,wind_sensor_link,0.9,116.0,0.0
1790353868127981508,1790353868,0,wind_sensor_link,1.0,120.0,0.0
1790353868320827931,1790353868,200000000,wind_sensor_link,1.3,114.0,0.0
1790353868527758796,1790353868,400000000,wind_sensor_link,1.6,121.0,0.0
1790353868720569849,1790353868,600000256,wind_sensor_link,1.8,119.0,0.0
1790353868927755007,1790353868,800000256,wind_sensor_link,1.9,122.0,0.0
1790353869120724670,1790353869,0,wind_sensor_link,2.0,124.0,0.0
1790353869327567109,1790353869,200000000,wind_sensor_link,2.0,121.0,0.0
1790353869520523531,1790353869,400000000,wind_sensor_link,2.1,121.0,0.0
1790353869727125937,1790353869,600000256,wind_sensor_link,2.0,124.0,0.0
1790353869920118062,1790353869,800000256,wind_sensor_link,1.8,128.0,0.0
1790353870127213703,1790353870,0,wind_sensor_link,1.5,128.0,0.0
1790353870334395212,1790353870,200000000,wind_sensor_link,1.5,128.0,0.0
1790353870527035398,1790353870,400000000,wind_sensor_link,1.4,126.0,0.0
1790353870734191241,1790353870,600000256,wind_sensor_link,1.4,121.0,0.0
1790353870926766260,1790353870,800000256,wind_sensor_link,1.3,122.0,0.0
1790353871134031195,1790353871,0,wind_sensor_link,1.3,120.0,0.0
1790353871326709528,1790353871,200000000,wind_sensor_link,1.3,115.0,0.0
1790353871533754094,1790353871,400000000,wind_sensor_link,1.2,113.0,0.0
1790353871726475279,1790353871,600000256,wind_sensor_link,1.3,111.0,0.0
1790353871933514864,1790353871,800000256,wind_sensor_link,1.3,112.0,0.0
1790353872126267900,1790353872,0,wind_sensor_link,1.3,109.0,0.0
1790353872333356374,1790353872,200000000,wind_sensor_link,1.3,111.0,0.0
1790353872526089872,1790353872,400000000,wind_sensor_link,1.4,113.0,0.0
1790353872733138291,1790353872,600000256,wind_sensor_link,1.5,111.0,0.0
1790353872925851364,1790353872,800000256,wind_sensor_link,1.5,113.0,0.0
1790353873132992652,1790353873,0,wind_sensor_link,1.6,115.0,0.0
1790353873325767058,1790353873,200000000,wind_sensor_link,1.6,117.0,0.0
1790353873532757218,1790353873,400000000,wind_sensor_link,1.7,118.0,0.0
1790353873725508606,1790353873,600000256,wind_sensor_link,1.8,121.0,0.0
1790353873932490414,1790353873,800000256,wind_sensor_link,1.9,121.0,0.0
1790353874125343985,1790353874,0,wind_sensor_link,2.0,120.0,0.0
1790353874332411571,1790353874,200000000,wind_sensor_link,2.2,121.0,0.0
1790353874525123940,1790353874,400000000,wind_sensor_link,2.2,118.0,0.0
1790353874732326579,1790353874,600000256,wind_sensor_link,2.3,119.0,0.0
1790353874924716879,1790353874,800000256,wind_sensor_link,2.3,118.0,0.0
1790353875132153126,1790353875,0,wind_sensor_link,2.3,115.0,0.0
1790353875324509870,1790353875,200000000,wind_sensor_link,2.6,112.0,0.0
1790353875531816767,1790353875,400000000,wind_sensor_link,2.6,110.0,0.0
1790353875724339732,1790353875,600000256,wind_sensor_link,2.4,106.0,0.0
1790353875931532741,1790353875,800000256,wind_sensor_link,2.3,102.0,0.0
1790353876124365201,1790353876,0,wind_sensor_link,2.3,101.0,0.0
1790353876331512600,1790353876,200000000,wind_sensor_link,2.2,98.0,0.0
1790353876524130267,1790353876,400000000,wind_sensor_link,2.4,97.0,0.0
1790353876731389406,1790353876,600000256,wind_sensor_link,2.3,97.0,0.0
1790353876923905944,1790353876,800000256,wind_sensor_link,2.2,98.0,0.0
1790353877131198193,1790353877,0,wind_sensor_link,2.2,101.0,0.0
1790353877323868637,1790353877,200000000,wind_sensor_link,2.2,104.0,0.0
1790353877530941574,1790353877,400000000,wind_sensor_link,2.3,106.0,0.0
1790353877723707999,1790353877,600000256,wind_sensor_link,2.3,107.0,0.0
1790353877930566179,1790353877,800000256,wind_sensor_link,2.6,110.0,0.0
1790353878123383603,1790353878,0,wind_sensor_link,2.5,111.0,0.0
1790353878330359522,1790353878,200000000,wind_sensor_link,2.5,108.0,0.0
1790353878523161706,1790353878,400000000,wind_sensor_link,2.4,108.0,0.0
1790353878730234865,1790353878,600000256,wind_sensor_link,2.4,106.0,0.0
1790353878923271563,1790353878,800000256,wind_sensor_link,2.4,104.0,0.0
1790353879130135744,1790353879,0,wind_sensor_link,2.2,100.0,0.0
1790353879323135220,1790353879,200000000,wind_sensor_link,2.3,98.0,0.0
1790353879529847440,1790353879,400000000,wind_sensor_link,2.0,95.0,0.0
1790353879722932230,1790353879,600000256,wind_sensor_link,1.9,95.0,0.0
1790353879929571543,1790353879,800000256,wind_sensor_link,2.0,99.0,0.0
1790353880122416930,1790353880,0,wind_sensor_link,2.1,99.0,0.0
1790353880329504718,1790353880,200000000,wind_sensor_link,2.1,101.0,0.0
1790353880522176959,1790353880,400000000,wind_sensor_link,2.1,103.0,0.0
1790353880729430245,1790353880,600000256,wind_sensor_link,2.1,105.0,0.0
1790353880922279390,1790353880,800000256,wind_sensor_link,2.1,109.0,0.0
1790353881129212274,1790353881,0,wind_sensor_link,2.1,109.0,0.0
1790353881321946587,1790353881,200000000,wind_sensor_link,2.1,110.0,0.0
1790353881528983525,1790353881,400000000,wind_sensor_link,2.0,108.0,0.0
1790353881721716190,1790353881,600000256,wind_sensor_link,1.9,107.0,0.0
1790353881928876015,1790353881,800000256,wind_sensor_link,1.9,108.0,0.0
1790353882121413442,1790353882,0,wind_sensor_link,2.0,107.0,0.0
1790353882328901966,1790353882,200000000,wind_sensor_link,1.9,109.0,0.0
1790353882521571281,1790353882,400000000,wind_sensor_link,2.0,112.0,0.0
1790353882728730217,1790353882,600000256,wind_sensor_link,1.8,109.0,0.0
1790353882921365957,1790353882,800000256,wind_sensor_link,1.8,112.0,0.0
1790353883128431432,1790353883,0,wind_sensor_link,1.8,115.0,0.0
1790353883321225244,1790353883,200000000,wind_sensor_link,1.8,119.0,0.0
1790353883528003852,1790353883,400000000,wind_sensor_link,1.7,121.0,0.0
1790353883720707314,1790353883,600000256,wind_sensor_link,1.7,121.0,0.0
1790353883927649419,1790353883,800000256,wind_sensor_link,1.8,122.0,0.0
1790353884120370456,1790353884,0,wind_sensor_link,1.7,116.0,0.0
1790353884327678223,1790353884,200000000,wind_sensor_link,1.9,117.0,0.0
1790353884520551553,1790353884,400000000,wind_sensor_link,1.8,117.0,0.0
1790353884727444418,1790353884,600000256,wind_sensor_link,1.9,114.0,0.0
1790353884920497320,1790353884,800000256,wind_sensor_link,1.9,109.0,0.0
1790353885127264243,1790353885,0,wind_sensor_link,1.9,107.0,0.0
1790353885320298997,1790353885,200000000,wind_sensor_link,1.9,106.0,0.0
1790353885527172622,1790353885,400000000,wind_sensor_link,1.9,104.0,0.0
1790353885734228762,1790353885,600000256,wind_sensor_link,1.9,103.0,0.0
1790353885926827004,1790353885,800000256,wind_sensor_link,1.9,101.0,0.0
1790353886133991921,1790353886,0,wind_sensor_link,2.0,99.0,0.0
1790353886326715142,1790353886,200000000,wind_sensor_link,2.0,98.0,0.0
1790353886533969632,1790353886,400000000,wind_sensor_link,2.0,97.0,0.0
1790353886726520893,1790353886,600000256,wind_sensor_link,2.0,100.0,0.0
1790353886933560515,1790353886,800000256,wind_sensor_link,2.1,102.0,0.0
1790353887126176571,1790353887,0,wind_sensor_link,2.2,104.0,0.0
1790353887333454320,1790353887,200000000,wind_sensor_link,2.2,107.0,0.0
1790353887526148338,1790353887,400000000,wind_sensor_link,2.2,110.0,0.0
1790353887733390902,1790353887,600000256,wind_sensor_link,2.1,115.0,0.0
1790353887925775369,1790353887,800000256,wind_sensor_link,2.1,121.0,0.0
1790353888133167265,1790353888,0,wind_sensor_link,2.1,125.0,0.0
1790353888325828524,1790353888,200000000,wind_sensor_link,2.0,125.0,0.0
1790353888533112735,1790353888,400000000,wind_sensor_link,2.0,127.0,0.0
1790353888725650774,1790353888,600000256,wind_sensor_link,1.9,130.0,0.0
1790353888932558787,1790353888,800000256,wind_sensor_link,2.0,132.0,0.0
1790353889125429432,1790353889,0,wind_sensor_link,1.9,131.0,0.0
1790353889332499684,1790353889,200000000,wind_sensor_link,2.0,125.0,0.0
1790353889525154962,1790353889,400000000,wind_sensor_link,2.0,121.0,0.0
1790353889732320157,1790353889,600000256,wind_sensor_link,2.0,117.0,0.0
1790353889924739938,1790353889,800000256,wind_sensor_link,2.1,116.0,0.0
1790353890132138185,1790353890,0,wind_sensor_link,2.1,112.0,0.0
1790353890324818425,1790353890,200000000,wind_sensor_link,2.1,109.0,0.0
1790353890531921380,1790353890,400000000,wind_sensor_link,2.0,105.0,0.0
1790353890724573639,1790353890,600000256,wind_sensor_link,2.1,101.0,0.0
1790353890931741834,1790353890,800000256,wind_sensor_link,2.1,102.0,0.0
1790353891124466556,1790353891,0,wind_sensor_link,2.0,102.0,0.0
1790353891331534604,1790353891,200000000,wind_sensor_link,2.0,102.0,0.0
1790353891524241121,1790353891,400000000,wind_sensor_link,1.9,103.0,0.0
1790353891731399872,1790353891,600000256,wind_sensor_link,1.9,104.0,0.0
1790353891923962938,1790353891,800000256,wind_sensor_link,2.0,103.0,0.0
1790353892131093485,1790353892,0,wind_sensor_link,2.0,101.0,0.0
1790353892323849506,1790353892,200000000,wind_sensor_link,2.0,105.0,0.0
1790353892530820814,1790353892,400000000,wind_sensor_link,2.1,106.0,0.0
1790353892723729073,1790353892,600000256,wind_sensor_link,2.3,107.0,0.0
1790353892930760103,1790353892,800000256,wind_sensor_link,2.2,105.0,0.0
1790353893123215905,1790353893,0,wind_sensor_link,2.2,110.0,0.0
1790353893330451173,1790353893,200000000,wind_sensor_link,2.3,109.0,0.0
1790353893523024529,1790353893,400000000,wind_sensor_link,2.2,111.0,0.0
1790353893730285075,1790353893,600000256,wind_sensor_link,2.1,112.0,0.0
1790353893922806876,1790353893,800000256,wind_sensor_link,2.1,105.0,0.0
1790353894130094570,1790353894,0,wind_sensor_link,2.0,102.0,0.0
1790353894322856664,1790353894,200000000,wind_sensor_link,1.8,99.0,0.0
1790353894529878527,1790353894,400000000,wind_sensor_link,1.8,103.0,0.0
1790353894722718695,1790353894,600000256,wind_sensor_link,1.7,101.0,0.0
1790353894929830242,1790353894,800000256,wind_sensor_link,1.5,105.0,0.0
1790353895122527652,1790353895,0,wind_sensor_link,1.5,109.0,0.0
1790353895329543460,1790353895,200000000,wind_sensor_link,1.5,111.0,0.0
1790353895522242741,1790353895,400000000,wind_sensor_link,1.5,123.0,0.0
1790353895729497675,1790353895,600000256,wind_sensor_link,1.5,128.0,0.0
1790353895922038828,1790353895,800000256,wind_sensor_link,1.5,130.0,0.0
1790353896129107080,1790353896,0,wind_sensor_link,1.6,134.0,0.0
1790353896321918155,1790353896,200000000,wind_sensor_link,1.7,131.0,0.0
1790353896529052332,1790353896,400000000,wind_sensor_link,1.6,127.0,0.0
1790353896721714872,1790353896,600000256,wind_sensor_link,1.6,124.0,0.0
1790353896928735365,1790353896,800000256,wind_sensor_link,1.7,118.0,0.0
1790353897121654846,1790353897,0,wind_sensor_link,1.7,112.0,0.0
1790353897328481490,1790353897,200000000,wind_sensor_link,1.6,103.0,0.0
1790353897521770355,1790353897,400000000,wind_sensor_link,1.7,95.0,0.0
1790353897728492278,1790353897,600000256,wind_sensor_link,1.5,83.0,0.0
1790353897921108856,1790353897,800000256,wind_sensor_link,1.5,82.0,0.0
1790353898128150034,1790353898,0,wind_sensor_link,1.6,79.0,0.0
1790353898320729204,1790353898,200000000,wind_sensor_link,1.6,79.0,0.0
1790353898527949584,1790353898,400000000,wind_sensor_link,1.7,79.0,0.0
1790353898720816751,1790353898,600000256,wind_sensor_link,1.6,74.0,0.0
1790353898928131148,1790353898,800000256,wind_sensor_link,1.6,77.0,0.0
1790353899120717800,1790353899,0,wind_sensor_link,1.6,84.0,0.0
1790353899327693942,1790353899,200000000,wind_sensor_link,1.7,90.0,0.0
1790353899520650941,1790353899,400000000,wind_sensor_link,1.7,89.0,0.0
1790353899727564380,1790353899,600000256,wind_sensor_link,1.6,88.0,0.0
1790353899919909924,1790353899,800000256,wind_sensor_link,1.7,85.0,0.0
1790353900127344282,1790353900,0,wind_sensor_link,1.7,88.0,0.0
1790353900319997711,1790353900,200000000,wind_sensor_link,1.9,90.0,0.0
1790353900527196147,1790353900,400000000,wind_sensor_link,1.9,91.0,0.0
1790353900719514395,1790353900,600000256,wind_sensor_link,1.9,92.0,0.0
1790353900926939975,1790353900,800000256,wind_sensor_link,1.9,91.0,0.0
1790353901134179558,1790353901,0,wind_sensor_link,2.0,91.0,0.0
1790353901326800636,1790353901,200000000,wind_sensor_link,2.1,93.0,0.0
1790353901533834758,1790353901,400000000,wind_sensor_link,2.0,95.0,0.0
1790353901726674296,1790353901,600000256,wind_sensor_link,2.0,93.0,0.0
1790353901933737363,1790353901,800000256,wind_sensor_link,1.9,93.0,0.0
1790353902126323237,1790353902,0,wind_sensor_link,1.9,92.0,0.0
1790353902333424100,1790353902,200000000,wind_sensor_link,1.8,92.0,0.0
1790353902526385525,1790353902,400000000,wind_sensor_link,1.9,94.0,0.0
1790353902733202724,1790353902,600000256,wind_sensor_link,1.9,96.0,0.0
1790353902925918467,1790353902,800000256,wind_sensor_link,1.8,101.0,0.0
1790353903133025182,1790353903,0,wind_sensor_link,1.7,97.0,0.0
1790353903325694610,1790353903,200000000,wind_sensor_link,1.7,93.0,0.0
1790353903532916453,1790353903,400000000,wind_sensor_link,1.8,93.0,0.0
1790353903725487957,1790353903,600000256,wind_sensor_link,1.9,95.0,0.0
1790353903932511857,1790353903,800000256,wind_sensor_link,2.0,93.0,0.0
1790353904125339303,1790353904,0,wind_sensor_link,1.9,97.0,0.0
1790353904332436073,1790353904,200000000,wind_sensor_link,1.8,96.0,0.0
1790353904524911189,1790353904,400000000,wind_sensor_link,2.0,90.0,0.0
1790353904732322807,1790353904,600000256,wind_sensor_link,2.1,93.0,0.0
1790353904924724387,1790353904,800000256,wind_sensor_link,2.4,101.0,0.0
1790353905132080858,1790353905,0,wind_sensor_link,2.3,107.0,0.0
1790353905324524326,1790353905,200000000,wind_sensor_link,2.2,107.0,0.0
1790353905531864741,1790353905,400000000,wind_sensor_link,2.1,110.0,0.0
1790353905724350098,1790353905,600000256,wind_sensor_link,2.2,106.0,0.0
1790353905931471831,1790353905,800000256,wind_sensor_link,2.2,104.0,0.0
1790353906124287869,1790353906,0,wind_sensor_link,2.1,107.0,0.0
1790353906331330788,1790353906,200000000,wind_sensor_link,2.2,108.0,0.0
1790353906524061512,1790353906,400000000,wind_sensor_link,1.9,104.0,0.0
1790353906731222504,1790353906,600000256,wind_sensor_link,2.0,102.0,0.0
1790353906924118633,1790353906,800000256,wind_sensor_link,2.1,101.0,0.0
1790353907130936351,1790353907,0,wind_sensor_link,2.0,101.0,0.0
1790353907323728093,1790353907,200000000,wind_sensor_link,2.1,98.0,0.0
1790353907530868233,1790353907,400000000,wind_sensor_link,2.0,97.0,0.0
1790353907723443459,1790353907,600000256,wind_sensor_link,2.0,97.0,0.0
1790353907930666246,1790353907,800000256,wind_sensor_link,1.8,99.0,0.0
1790353908123245806,1790353908,0,wind_sensor_link,1.7,100.0,0.0
1790353908330217633,1790353908,200000000,wind_sensor_link,1.8,101.0,0.0
1790353908523035930,1790353908,400000000,wind_sensor_link,1.7,104.0,0.0
1790353908730084016,1790353908,600000256,wind_sensor_link,1.8,107.0,0.0
1790353908923181198,1790353908,800000256,wind_sensor_link,1.7,114.0,0.0
1790353909129889195,1790353909,0,wind_sensor_link,1.8,118.0,0.0
1790353909322735307,1790353909,200000000,wind_sensor_link,1.8,121.0,0.0
1790353909529809151,1790353909,400000000,wind_sensor_link,1.9,120.0,0.0
1790353909722470821,1790353909,600000256,wind_sensor_link,1.9,125.0,0.0
1790353909929653108,1790353909,800000256,wind_sensor_link,1.7,125.0,0.0
1790353910122031374,1790353910,0,wind_sensor_link,1.7,125.0,0.0
1790353910329286142,1790353910,200000000,wind_sensor_link,1.7,125.0,0.0
1790353910522073088,1790353910,400000000,wind_sensor_link,1.7,121.0,0.0
1790353910729283875,1790353910,600000256,wind_sensor_link,1.7,119.0,0.0
1790353910921894453,1790353910,800000256,wind_sensor_link,1.8,118.0,0.0
1790353911128959556,1790353911,0,wind_sensor_link,1.7,118.0,0.0
1790353911321702836,1790353911,200000000,wind_sensor_link,1.8,116.0,0.0
1790353911528784754,1790353911,400000000,wind_sensor_link,1.9,114.0,0.0
1790353911721815160,1790353911,600000256,wind_sensor_link,2.0,113.0,0.0
1790353911928401288,1790353911,800000256,wind_sensor_link,2.0,112.0,0.0
1790353912121290289,1790353912,0,wind_sensor_link,2.0,112.0,0.0
1790353912328430706,1790353912,200000000,wind_sensor_link,2.1,111.0,0.0
1790353912521376983,1790353912,400000000,wind_sensor_link,2.1,107.0,0.0
1790353912728200164,1790353912,600000256,wind_sensor_link,2.2,107.0,0.0
1790353912921312513,1790353912,800000256,wind_sensor_link,2.3,105.0,0.0
1790353913128031177,1790353913,0,wind_sensor_link,2.3,104.0,0.0
1790353913321040990,1790353913,200000000,wind_sensor_link,2.3,105.0,0.0
1790353913527783246,1790353913,400000000,wind_sensor_link,2.3,104.0,0.0
1790353913720808782,1790353913,600000256,wind_sensor_link,2.3,104.0,0.0
1790353913927394836,1790353913,800000256,wind_sensor_link,2.2,105.0,0.0
1790353914120535592,1790353914,0,wind_sensor_link,2.3,106.0,0.0
1790353914327228904,1790353914,200000000,wind_sensor_link,2.2,107.0,0.0
1790353914520331605,1790353914,400000000,wind_sensor_link,2.1,113.0,0.0
1790353914727215915,1790353914,600000256,wind_sensor_link,2.0,112.0,0.0
1790353914920282357,1790353914,800000256,wind_sensor_link,2.0,110.0,0.0
1790353915127017409,1790353915,0,wind_sensor_link,2.0,112.0,0.0
1790353915334176419,1790353915,200000000,wind_sensor_link,2.0,114.0,0.0
1790353915526807089,1790353915,400000000,wind_sensor_link,1.9,116.0,0.0
1790353915733994266,1790353915,600000256,wind_sensor_link,1.8,115.0,0.0
1790353915926569085,1790353915,800000256,wind_sensor_link,1.7,117.0,0.0
1790353916133791557,1790353916,0,wind_sensor_link,1.7,115.0,0.0
1790353916326453411,1790353916,200000000,wind_sensor_link,1.7,117.0,0.0
1790353916533508126,1790353916,400000000,wind_sensor_link,1.6,118.0,0.0
1790353916726217536,1790353916,600000256,wind_sensor_link,1.5,118.0,0.0
1790353916933323658,1790353916,800000256,wind_sensor_link,1.4,116.0,0.0
1790353917126299675,1790353917,0,wind_sensor_link,1.5,115.0,0.0
1790353917333246447,1790353917,200000000,wind_sensor_link,1.5,115.0,0.0
1790353917525654398,1790353917,400000000,wind_sensor_link,1.6,116.0,0.0
1790353917733021146,1790353917,600000256,wind_sensor_link,1.7,116.0,0.0
1790353917925726741,1790353917,800000256,wind_sensor_link,1.7,116.0,0.0
1790353918132800974,1790353918,0,wind_sensor_link,1.9,114.0,0.0
1790353918325354775,1790353918,200000000,wind_sensor_link,2.0,115.0,0.0
1790353918532529933,1790353918,400000000,wind_sensor_link,2.0,112.0,0.0
1790353918725185232,1790353918,600000256,wind_sensor_link,1.9,112.0,0.0
1790353918932197336,1790353918,800000256,wind_sensor_link,1.9,112.0,0.0
1790353919125039707,1790353919,0,wind_sensor_link,1.8,114.0,0.0
1790353919332158440,1790353919,200000000,wind_sensor_link,1.8,114.0,0.0
1790353919524555187,1790353919,400000000,wind_sensor_link,1.8,115.0,0.0
1790353919731949546,1790353919,600000256,wind_sensor_link,1.7,122.0,0.0
1790353919924716270,1790353919,800000256,wind_sensor_link,1.7,124.0,0.0
1790353920131769096,1790353920,0,wind_sensor_link,1.8,132.0,0.0
1790353920324379007,1790353920,200000000,wind_sensor_link,1.9,138.0,0.0
1790353920531519832,1790353920,400000000,wind_sensor_link,1.9,141.0,0.0
1790353920724186001,1790353920,600000256,wind_sensor_link,1.8,137.0,0.0
1790353920931305512,1790353920,800000256,wind_sensor_link,1.8,136.0,0.0
1790353921123820572,1790353921,0,wind_sensor_link,1.8,136.0,0.0
1790353921331195765,1790353921,200000000,wind_sensor_link,1.7,131.0,0.0
1790353921524082098,1790353921,400000000,wind_sensor_link,1.6,129.0,0.0
1790353921731139591,1790353921,600000256,wind_sensor_link,1.6,126.0,0.0
1790353921923682540,1790353921,800000256,wind_sensor_link,1.6,123.0,0.0
1790353922130823642,1790353922,0,wind_sensor_link,1.6,121.0,0.0
1790353922323383091,1790353922,200000000,wind_sensor_link,1.7,124.0,0.0
1790353922530485472,1790353922,400000000,wind_sensor_link,1.7,124.0,0.0
1790353922723163234,1790353922,600000256,wind_sensor_link,1.8,126.0,0.0
1790353922930365151,1790353922,800000256,wind_sensor_link,1.8,126.0,0.0
1790353923122911044,1790353923,0,wind_sensor_link,1.8,128.0,0.0
1790353923330136146,1790353923,200000000,wind_sensor_link,1.8,130.0,0.0
1790353923522729798,1790353923,400000000,wind_sensor_link,1.8,130.0,0.0
1790353923729888123,1790353923,600000256,wind_sensor_link,1.7,131.0,0.0
1790353923922921065,1790353923,800000256,wind_sensor_link,1.8,134.0,0.0
1790353924129743302,1790353924,0,wind_sensor_link,1.8,138.0,0.0
1790353924322296213,1790353924,200000000,wind_sensor_link,1.7,135.0,0.0
1790353924529450057,1790353924,400000000,wind_sensor_link,1.7,137.0,0.0
1790353924722100208,1790353924,600000256,wind_sensor_link,1.6,140.0,0.0
1790353924929320884,1790353924,800000256,wind_sensor_link,1.6,139.0,0.0
1790353925121883981,1790353925,0,wind_sensor_link,1.6,139.0,0.0
1790353925329108749,1790353925,200000000,wind_sensor_link,1.5,140.0,0.0
1790353925521780437,1790353925,400000000,wind_sensor_link,1.4,136.0,0.0
1790353925728862466,1790353925,600000256,wind_sensor_link,1.4,137.0,0.0
1790353925921842688,1790353925,800000256,wind_sensor_link,1.4,137.0,0.0
1790353926128462982,1790353926,0,wind_sensor_link,1.4,135.0,0.0
1790353926321280113,1790353926,200000000,wind_sensor_link,1.4,134.0,0.0
1790353926528224422,1790353926,400000000,wind_sensor_link,1.5,133.0,0.0
1790353926721090959,1790353926,600000256,wind_sensor_link,1.5,132.0,0.0
1790353926928295209,1790353926,800000256,wind_sensor_link,1.6,129.0,0.0
1790353927120918268,1790353927,0,wind_sensor_link,1.6,132.0,0.0
1790353927327883188,1790353927,200000000,wind_sensor_link,1.6,128.0,0.0
1790353927520809206,1790353927,400000000,wind_sensor_link,1.7,127.0,0.0
1790353927728085566,1790353927,600000256,wind_sensor_link,1.6,129.0,0.0
1790353927920528257,1790353927,800000256,wind_sensor_link,1.6,129.0,0.0
1790353928127495196,1790353928,0,wind_sensor_link,1.5,130.0,0.0
1790353928320327067,1790353928,200000000,wind_sensor_link,1.5,130.0,0.0
1790353928527480392,1790353928,400000000,wind_sensor_link,1.4,132.0,0.0
1790353928720442057,1790353928,600000256,wind_sensor_link,1.4,131.0,0.0
1790353928927286497,1790353928,800000256,wind_sensor_link,1.3,130.0,0.0
1790353929120353273,1790353929,0,wind_sensor_link,1.3,132.0,0.0
1790353929327144121,1790353929,200000000,wind_sensor_link,1.3,133.0,0.0
1790353929520186786,1790353929,400000000,wind_sensor_link,1.4,134.0,0.0
1790353929726712155,1790353929,600000256,wind_sensor_link,1.5,133.0,0.0
1790353929933988053,1790353929,800000256,wind_sensor_link,1.4,136.0,0.0
1790353930126763814,1790353930,0,wind_sensor_link,1.5,136.0,0.0
1790353930333771066,1790353930,200000000,wind_sensor_link,1.5,136.0,0.0
1790353930526679510,1790353930,400000000,wind_sensor_link,1.5,137.0,0.0
1790353930733485710,1790353930,600000256,wind_sensor_link,1.5,136.0,0.0
1790353930926291618,1790353930,800000256,wind_sensor_link,1.5,136.0,0.0
1790353931133408351,1790353931,0,wind_sensor_link,1.4,134.0,0.0
1790353931326096946,1790353931,200000000,wind_sensor_link,1.4,132.0,0.0
1790353931533140310,1790353931,400000000,wind_sensor_link,1.4,130.0,0.0
1790353931725860738,1790353931,600000256,wind_sensor_link,1.5,130.0,0.0
1790353931932952600,1790353931,800000256,wind_sensor_link,1.5,132.0,0.0
1790353932125683084,1790353932,0,wind_sensor_link,1.5,131.0,0.0
1790353932332723169,1790353932,200000000,wind_sensor_link,1.6,133.0,0.0
1790353932525505393,1790353932,400000000,wind_sensor_link,1.7,133.0,0.0
1790353932732477572,1790353932,600000256,wind_sensor_link,1.7,136.0,0.0
1790353932925106298,1790353932,800000256,wind_sensor_link,1.7,137.0,0.0
1790353933132375862,1790353933,0,wind_sensor_link,1.7,136.0,0.0
1790353933325040179,1790353933,200000000,wind_sensor_link,1.7,136.0,0.0
1790353933532178745,1790353933,400000000,wind_sensor_link,1.7,133.0,0.0
1790353933724792823,1790353933,600000256,wind_sensor_link,1.6,132.0,0.0
1790353933931881926,1790353933,800000256,wind_sensor_link,1.6,129.0,0.0
1790353934124504596,1790353934,0,wind_sensor_link,1.5,129.0,0.0
1790353934331736457,1790353934,200000000,wind_sensor_link,1.5,128.0,0.0
1790353934524466922,1790353934,400000000,wind_sensor_link,1.5,130.0,0.0
1790353934731553748,1790353934,600000256,wind_sensor_link,1.4,133.0,0.0
1790353934924047660,1790353934,800000256,wind_sensor_link,1.4,135.0,0.0
1790353935131198356,1790353935,0,wind_sensor_link,1.5,136.0,0.0
1790353935323742027,1790353935,200000000,wind_sensor_link,1.5,135.0,0.0
1790353935531079294,1790353935,400000000,wind_sensor_link,1.6,136.0,0.0
1790353935723512614,1790353935,600000256,wind_sensor_link,1.6,138.0,0.0
1790353935930844141,1790353935,800000256,wind_sensor_link,1.8,135.0,0.0
1790353936123405441,1790353936,0,wind_sensor_link,1.9,133.0,0.0
1790353936330765652,1790353936,200000000,wind_sensor_link,2.0,133.0,0.0
1790353936523344064,1790353936,400000000,wind_sensor_link,2.0,134.0,0.0
1790353936730514518,1790353936,600000256,wind_sensor_link,2.0,135.0,0.0
1790353936923082355,1790353936,800000256,wind_sensor_link,2.1,138.0,0.0
1790353937130282309,1790353937,0,wind_sensor_link,2.1,138.0,0.0
1790353937323000793,1790353937,200000000,wind_sensor_link,2.1,140.0,0.0
1790353937530165488,1790353937,400000000,wind_sensor_link,2.1,142.0,0.0
1790353937722720140,1790353937,600000256,wind_sensor_link,2.1,143.0,0.0
1790353937929893909,1790353937,800000256,wind_sensor_link,2.1,146.0,0.0
1790353938122544061,1790353938,0,wind_sensor_link,2.1,147.0,0.0
1790353938329700700,1790353938,200000000,wind_sensor_link,2.2,148.0,0.0
1790353938522365648,1790353938,400000000,wind_sensor_link,2.3,152.0,0.0
1790353938729439288,1790353938,600000256,wind_sensor_link,2.3,152.0,0.0
1790353938922114606,1790353938,800000256,wind_sensor_link,2.3,154.0,0.0
1790353939129188821,1790353939,0,wind_sensor_link,2.3,153.0,0.0
1790353939321902138,1790353939,200000000,wind_sensor_link,2.3,155.0,0.0
1790353939528912205,1790353939,400000000,wind_sensor_link,2.3,154.0,0.0
1790353939721696318,1790353939,600000256,wind_sensor_link,2.3,156.0,0.0
1790353939928684404,1790353939,800000256,wind_sensor_link,2.3,155.0,0.0
1790353940121843530,1790353940,0,wind_sensor_link,2.4,152.0,0.0
1790353940328482602,1790353940,200000000,wind_sensor_link,2.5,149.0,0.0
1790353940521197771,1790353940,400000000,wind_sensor_link,2.4,149.0,0.0
1790353940728402799,1790353940,600000256,wind_sensor_link,2.4,151.0,0.0
1790353940921266651,1790353940,800000256,wind_sensor_link,2.4,154.0,0.0
1790353941128123424,1790353941,0,wind_sensor_link,2.4,157.0,0.0
1790353941321165459,1790353941,200000000,wind_sensor_link,2.3,160.0,0.0
1790353941527910086,1790353941,400000000,wind_sensor_link,2.2,163.0,0.0
1790353941720915881,1790353941,600000256,wind_sensor_link,2.0,163.0,0.0
1790353941927731080,1790353941,800000256,wind_sensor_link,1.9,168.0,0.0
1790353942120734338,1790353942,0,wind_sensor_link,1.8,168.0,0.0
1790353942327378095,1790353942,200000000,wind_sensor_link,1.8,166.0,0.0
1790353942520423945,1790353942,400000000,wind_sensor_link,1.8,166.0,0.0
1790353942727251311,1790353942,600000256,wind_sensor_link,1.7,163.0,0.0
1790353942920263958,1790353942,800000256,wind_sensor_link,1.8,157.0,0.0
1790353943127052324,1790353943,0,wind_sensor_link,1.9,152.0,0.0
1790353943320002916,1790353943,200000000,wind_sensor_link,1.8,153.0,0.0
1790353943526707913,1790353943,400000000,wind_sensor_link,1.8,153.0,0.0
1790353943733889497,1790353943,600000256,wind_sensor_link,1.8,155.0,0.0
1790353943926448612,1790353943,800000256,wind_sensor_link,2.0,156.0,0.0
1790353944133650307,1790353944,0,wind_sensor_link,2.1,155.0,0.0
1790353944326317402,1790353944,200000000,wind_sensor_link,2.2,155.0,0.0
1790353944533292822,1790353944,400000000,wind_sensor_link,2.2,159.0,0.0
1790353944725871289,1790353944,600000256,wind_sensor_link,2.2,162.0,0.0
1790353944933210685,1790353944,800000256,wind_sensor_link,2.3,162.0,0.0
1790353945125818782,1790353945,0,wind_sensor_link,2.5,162.0,0.0
1790353945333008162,1790353945,200000000,wind_sensor_link,2.5,160.0,0.0
1790353945525813533,1790353945,400000000,wind_sensor_link,2.5,158.0,0.0
1790353945732751750,1790353945,600000256,wind_sensor_link,2.5,157.0,0.0
1790353945925330291,1790353945,800000256,wind_sensor_link,2.3,156.0,0.0
1790353946132483041,1790353946,0,wind_sensor_link,2.3,154.0,0.0
1790353946325115933,1790353946,200000000,wind_sensor_link,2.3,154.0,0.0
1790353946532193685,1790353946,400000000,wind_sensor_link,2.3,153.0,0.0
1790353946724725579,1790353946,600000256,wind_sensor_link,2.2,154.0,0.0
1790353946932040624,1790353946,800000256,wind_sensor_link,2.2,155.0,0.0
1790353947124651572,1790353947,0,wind_sensor_link,2.2,155.0,0.0
1790353947331774952,1790353947,200000000,wind_sensor_link,2.2,155.0,0.0
1790353947524420659,1790353947,400000000,wind_sensor_link,2.2,154.0,0.0
1790353947731546651,1790353947,600000256,wind_sensor_link,2.2,155.0,0.0
1790353947924218543,1790353947,800000256,wind_sensor_link,2.2,155.0,0.0
1790353948131277628,1790353948,0,wind_sensor_link,2.1,152.0,0.0
1790353948323907817,1790353948,200000000,wind_sensor_link,2.1,151.0,0.0
1790353948531152826,1790353948,400000000,wind_sensor_link,2.1,150.0,0.0
1790353948723979789,1790353948,600000256,wind_sensor_link,2.0,148.0,0.0
1790353948930856969,1790353948,800000256,wind_sensor_link,2.0,148.0,0.0
1790353949123548268,1790353949,0,wind_sensor_link,2.0,148.0,0.0
1790353949330806259,1790353949,200000000,wind_sensor_link,2.1,149.0,0.0
1790353949523274079,1790353949,400000000,wind_sensor_link,2.1,148.0,0.0
1790353949730496866,1790353949,600000256,wind_sensor_link,2.1,149.0,0.0
1790353949923044963,1790353949,800000256,wind_sensor_link,2.2,149.0,0.0
1790353950130425007,1790353950,0,wind_sensor_link,2.1,151.0,0.0
1790353950322534331,1790353950,200000000,wind_sensor_link,2.2,151.0,0.0
1790353950529939468,1790353950,400000000,wind_sensor_link,2.2,152.0,0.0
1790353950722705247,1790353950,600000256,wind_sensor_link,2.2,150.0,0.0
1790353950929898831,1790353950,800000256,wind_sensor_link,2.2,152.0,0.0
1790353951122351374,1790353951,0,wind_sensor_link,2.2,152.0,0.0
1790353951329388904,1790353951,200000000,wind_sensor_link,2.2,149.0,0.0
1790353951522416772,1790353951,400000000,wind_sensor_link,2.2,150.0,0.0
1790353951729229935,1790353951,600000256,wind_sensor_link,2.4,152.0,0.0
1790353951922105176,1790353951,800000256,wind_sensor_link,2.5,151.0,0.0
1790353952129016448,1790353952,0,wind_sensor_link,2.6,151.0,0.0
1790353952321719136,1790353952,200000000,wind_sensor_link,2.7,152.0,0.0
1790353952528771184,1790353952,400000000,wind_sensor_link,2.8,149.0,0.0
1790353952721159949,1790353952,600000256,wind_sensor_link,2.9,152.0,0.0
1790353952928311256,1790353952,800000256,wind_sensor_link,2.9,153.0,0.0
1790353953121131442,1790353953,0,wind_sensor_link,2.9,156.0,0.0
1790353953328321452,1790353953,200000000,wind_sensor_link,2.8,156.0,0.0
1790353953520621403,1790353953,400000000,wind_sensor_link,2.8,159.0,0.0
1790353953728011836,1790353953,600000256,wind_sensor_link,2.8,160.0,0.0
1790353953920742079,1790353953,800000256,wind_sensor_link,2.7,160.0,0.0
1790353954127845682,1790353954,0,wind_sensor_link,2.7,163.0,0.0
1790353954320396316,1790353954,200000000,wind_sensor_link,2.8,164.0,0.0
1790353954527536604,1790353954,400000000,wind_sensor_link,2.8,166.0,0.0
1790353954720142701,1790353954,600000256,wind_sensor_link,3.0,165.0,0.0
1790353954927673558,1790353954,800000256,wind_sensor_link,3.1,166.0,0.0
1790353955119905455,1790353955,0,wind_sensor_link,3.1,167.0,0.0
1790353955327086002,1790353955,200000000,wind_sensor_link,3.1,168.0,0.0
1790353955519725023,1790353955,400000000,wind_sensor_link,3.2,170.0,0.0
1790353955726717498,1790353955,600000256,wind_sensor_link,3.4,170.0,0.0
1790353955934051469,1790353955,800000256,wind_sensor_link,3.3,168.0,0.0
1790353956126646177,1790353956,0,wind_sensor_link,3.5,167.0,0.0
1790353956333700243,1790353956,200000000,wind_sensor_link,3.4,168.0,0.0
1790353956526475893,1790353956,400000000,wind_sensor_link,3.4,167.0,0.0
1790353956733488572,1790353956,600000256,wind_sensor_link,3.4,169.0,0.0
1790353956926468552,1790353956,800000256,wind_sensor_link,3.4,173.0,0.0
1790353957133289622,1790353957,0,wind_sensor_link,3.2,174.0,0.0
1790353957325933106,1790353957,200000000,wind_sensor_link,3.0,177.0,0.0
1790353957533024599,1790353957,400000000,wind_sensor_link,3.0,181.0,0.0
1790353957725641732,1790353957,600000256,wind_sensor_link,2.9,182.0,0.0
1790353957932816593,1790353957,800000256,wind_sensor_link,2.7,183.0,0.0
1790353958125482300,1790353958,0,wind_sensor_link,2.4,181.0,0.0
1790353958332523867,1790353958,200000000,wind_sensor_link,2.4,181.0,0.0
1790353958525187833,1790353958,400000000,wind_sensor_link,2.3,180.0,0.0
1790353958732494100,1790353958,600000256,wind_sensor_link,2.3,181.0,0.0
1790353958925259028,1790353958,800000256,wind_sensor_link,2.3,180.0,0.0
1790353959132037154,1790353959,0,wind_sensor_link,2.2,177.0,0.0
1790353959324719490,1790353959,200000000,wind_sensor_link,2.1,177.0,0.0
1790353959531844759,1790353959,400000000,wind_sensor_link,2.1,179.0,0.0
1790353959724483855,1790353959,600000256,wind_sensor_link,2.2,182.0,0.0
1790353959931710772,1790353959,800000256,wind_sensor_link,2.2,178.0,0.0
1790353960124282757,1790353960,0,wind_sensor_link,2.0,180.0,0.0
1790353960331360453,1790353960,200000000,wind_sensor_link,2.1,176.0,0.0
1790353960524322397,1790353960,400000000,wind_sensor_link,2.2,178.0,0.0
1790353960731061838,1790353960,600000256,wind_sensor_link,2.2,178.0,0.0
1790353960924060003,1790353960,800000256,wind_sensor_link,2.3,176.0,0.0
1790353961130956609,1790353961,0,wind_sensor_link,2.4,174.0,0.0
1790353961323649612,1790353961,200000000,wind_sensor_link,2.3,177.0,0.0
1790353961530608587,1790353961,400000000,wind_sensor_link,2.3,181.0,0.0
1790353961723368459,1790353961,600000256,wind_sensor_link,2.4,181.0,0.0
1790353961930298953,1790353961,800000256,wind_sensor_link,2.3,185.0,0.0
1790353962123282971,1790353962,0,wind_sensor_link,2.2,182.0,0.0
1790353962330042875,1790353962,200000000,wind_sensor_link,2.2,182.0,0.0
1790353962522780729,1790353962,400000000,wind_sensor_link,2.3,188.0,0.0
1790353962729816907,1790353962,600000256,wind_sensor_link,2.2,188.0,0.0
1790353962922932237,1790353962,800000256,wind_sensor_link,2.2,187.0,0.0
1790353963129674030,1790353963,0,wind_sensor_link,2.2,186.0,0.0
1790353963322333218,1790353963,200000000,wind_sensor_link,2.2,186.0,0.0
1790353963529317712,1790353963,400000000,wind_sensor_link,2.2,183.0,0.0
1790353963722153805,1790353963,600000256,wind_sensor_link,2.2,186.0,0.0
1790353963929152132,1790353963,800000256,wind_sensor_link,2.2,190.0,0.0
1790353964121892597,1790353964,0,wind_sensor_link,2.1,189.0,0.0
1790353964329023441,1790353964,200000000,wind_sensor_link,2.1,193.0,0.0
1790353964521662240,1790353964,400000000,wind_sensor_link,2.1,194.0,0.0
1790353964728759418,1790353964,600000256,wind_sensor_link,2.0,193.0,0.0
1790353964921126424,1790353964,800000256,wind_sensor_link,2.0,194.0,0.0
1790353965128510839,1790353965,0,wind_sensor_link,1.9,194.0,0.0
1790353965320910049,1790353965,200000000,wind_sensor_link,1.9,189.0,0.0
1790353965528219964,1790353965,400000000,wind_sensor_link,1.9,189.0,0.0
1790353965720558341,1790353965,600000256,wind_sensor_link,2.0,186.0,0.0
1790353965928082514,1790353965,800000256,wind_sensor_link,2.0,183.0,0.0
1790353966120561297,1790353966,0,wind_sensor_link,2.1,184.0,0.0
1790353966327804065,1790353966,200000000,wind_sensor_link,2.2,183.0,0.0
1790353966520501049,1790353966,400000000,wind_sensor_link,2.2,182.0,0.0
1790353966727504153,1790353966,600000256,wind_sensor_link,2.2,181.0,0.0
1790353966920413838,1790353966,800000256,wind_sensor_link,2.2,181.0,0.0
1790353967127404147,1790353967,0,wind_sensor_link,2.2,181.0,0.0
1790353967320307035,1790353967,200000000,wind_sensor_link,2.2,182.0,0.0
1790353967527121050,1790353967,400000000,wind_sensor_link,2.1,180.0,0.0
1790353967719805386,1790353967,600000256,wind_sensor_link,2.1,179.0,0.0
1790353967926864749,1790353967,800000256,wind_sensor_link,2.0,180.0,0.0
1790353968133981481,1790353968,0,wind_sensor_link,2.0,179.0,0.0
1790353968326539856,1790353968,200000000,wind_sensor_link,2.0,178.0,0.0
1790353968533701662,1790353968,400000000,wind_sensor_link,1.9,179.0,0.0
1790353968726434775,1790353968,600000256,wind_sensor_link,2.0,178.0,0.0
1790353968933398658,1790353968,800000256,wind_sensor_link,1.9,178.0,0.0
1790353969125989717,1790353969,0,wind_sensor_link,1.9,178.0,0.0
1790353969333258189,1790353969,200000000,wind_sensor_link,1.8,177.0,0.0
1790353969525759879,1790353969,400000000,wind_sensor_link,1.7,175.0,0.0
1790353969732964777,1790353969,600000256,wind_sensor_link,1.7,176.0,0.0
1790353969925369246,1790353969,800000256,wind_sensor_link,1.7,173.0,0.0
1790353970132835382,1790353970,0,wind_sensor_link,1.7,172.0,0.0
1790353970325276184,1790353970,200000000,wind_sensor_link,1.8,171.0,0.0
1790353970532514415,1790353970,400000000,wind_sensor_link,1.8,166.0,0.0
1790353970725114808,1790353970,600000256,wind_sensor_link,1.9,165.0,0.0
1790353970932275170,1790353970,800000256,wind_sensor_link,1.8,161.0,0.0
1790353971124908469,1790353971,0,wind_sensor_link,1.8,162.0,0.0
1790353971332022795,1790353971,200000000,wind_sensor_link,1.7,164.0,0.0
1790353971524675020,1790353971,400000000,wind_sensor_link,1.7,164.0,0.0
1790353971731759327,1790353971,600000256,wind_sensor_link,1.6,162.0,0.0
1790353971924423497,1790353971,800000256,wind_sensor_link,1.5,162.0,0.0
1790353972131526526,1790353972,0,wind_sensor_link,1.5,163.0,0.0
1790353972324138752,1790353972,200000000,wind_sensor_link,1.5,161.0,0.0
1790353972531148986,1790353972,400000000,wind_sensor_link,1.6,161.0,0.0
1790353972723882265,1790353972,600000256,wind_sensor_link,1.6,159.0,0.0
1790353972931052997,1790353972,800000256,wind_sensor_link,1.6,155.0,0.0
1790353973123695093,1790353973,0,wind_sensor_link,1.7,152.0,0.0
1790353973330732957,1790353973,200000000,wind_sensor_link,1.7,151.0,0.0
1790353973523191055,1790353973,400000000,wind_sensor_link,1.8,150.0,0.0
1790353973730418564,1790353973,600000256,wind_sensor_link,1.7,149.0,0.0
1790353973923429470,1790353973,800000256,wind_sensor_link,1.8,149.0,0.0
1790353974130139078,1790353974,0,wind_sensor_link,1.7,149.0,0.0
1790353974323144910,1790353974,200000000,wind_sensor_link,1.8,148.0,0.0
1790353974530045904,1790353974,400000000,wind_sensor_link,1.7,149.0,0.0
1790353974722886868,1790353974,600000256,wind_sensor_link,1.6,150.0,0.0
1790353974929846195,1790353974,800000256,wind_sensor_link,1.5,152.0,0.0
1790353975122458477,1790353975,0,wind_sensor_link,1.6,149.0,0.0
1790353975329527284,1790353975,200000000,wind_sensor_link,1.6,147.0,0.0
1790353975522245212,1790353975,400000000,wind_sensor_link,1.6,145.0,0.0
1790353975729250613,1790353975,600000256,wind_sensor_link,1.6,145.0,0.0
1790353975922213871,1790353975,800000256,wind_sensor_link,1.6,142.0,0.0
1790353976129129866,1790353976,0,wind_sensor_link,1.7,138.0,0.0
1790353976321938311,1790353976,200000000,wind_sensor_link,1.7,136.0,0.0
1790353976528835714,1790353976,400000000,wind_sensor_link,1.7,134.0,0.0
1790353976721215090,1790353976,600000256,wind_sensor_link,1.8,130.0,0.0
1790353976928754059,1790353976,800000256,wind_sensor_link,1.8,130.0,0.0
1790353977121139306,1790353977,0,wind_sensor_link,1.7,129.0,0.0
1790353977328459647,1790353977,200000000,wind_sensor_link,1.8,126.0,0.0
1790353977521188001,1790353977,400000000,wind_sensor_link,1.8,127.0,0.0
1790353977728026311,1790353977,600000256,wind_sensor_link,1.8,127.0,0.0
1790353977921078809,1790353977,800000256,wind_sensor_link,1.7,130.0,0.0
1790353978127854491,1790353978,0,wind_sensor_link,1.7,130.0,0.0
1790353978320404106,1790353978,200000000,wind_sensor_link,1.8,129.0,0.0
1790353978527818131,1790353978,400000000,wind_sensor_link,1.9,129.0,0.0
1790353978720496079,1790353978,600000256,wind_sensor_link,1.9,129.0,0.0
1790353978927320741,1790353978,800000256,wind_sensor_link,2.0,128.0,0.0
1790353979119414195,1790353979,0,wind_sensor_link,2.1,132.0,0.0
1790353979327382584,1790353979,200000000,wind_sensor_link,2.1,135.0,0.0
1790353979519740998,1790353979,400000000,wind_sensor_link,2.3,134.0,0.0
1790353979726762510,1790353979,600000256,wind_sensor_link,2.3,136.0,0.0
1790353979919768897,1790353979,800000256,wind_sensor_link,2.2,139.0,0.0
1790353980126443932,1790353980,0,wind_sensor_link,2.2,139.0,0.0
1790353980333683978,1790353980,200000000,wind_sensor_link,2.1,140.0,0.0
1790353980526107150,1790353980,400000000,wind_sensor_link,2.1,142.0,0.0
1790353980733299438,1790353980,600000256,wind_sensor_link,2.0,139.0,0.0
1790353980926063828,1790353980,800000256,wind_sensor_link,2.0,138.0,0.0
1790353981133134339,1790353981,0,wind_sensor_link,2.0,135.0,0.0
1790353981325713806,1790353981,200000000,wind_sensor_link,1.9,135.0,0.0
1790353981533000203,1790353981,400000000,wind_sensor_link,1.9,135.0,0.0
1790353981725449339,1790353981,600000256,wind_sensor_link,1.9,136.0,0.0
1790353981932701384,1790353981,800000256,wind_sensor_link,1.9,135.0,0.0
1790353982125295592,1790353982,0,wind_sensor_link,1.9,133.0,0.0
1790353982332369177,1790353982,200000000,wind_sensor_link,1.8,132.0,0.0
1790353982524836164,1790353982,400000000,wind_sensor_link,1.8,132.0,0.0
1790353982732015285,1790353982,600000256,wind_sensor_link,1.8,134.0,0.0
1790353982924743139,1790353982,800000256,wind_sensor_link,1.8,132.0,0.0
1790353983131881538,1790353983,0,wind_sensor_link,1.7,132.0,0.0
1790353983324398765,1790353983,200000000,wind_sensor_link,1.7,131.0,0.0
1790353983531683051,1790353983,400000000,wind_sensor_link,1.7,130.0,0.0
1790353983724326424,1790353983,600000256,wind_sensor_link,1.6,132.0,0.0
1790353983931417713,1790353983,800000256,wind_sensor_link,1.5,131.0,0.0
1790353984124028605,1790353984,0,wind_sensor_link,1.5,132.0,0.0
1790353984331026451,1790353984,200000000,wind_sensor_link,1.5,134.0,0.0
1790353984523569085,1790353984,400000000,wind_sensor_link,1.4,132.0,0.0
1790353984730812094,1790353984,600000256,wind_sensor_link,1.5,130.0,0.0
1790353984923467745,1790353984,800000256,wind_sensor_link,1.5,131.0,0.0
1790353985130721513,1790353985,0,wind_sensor_link,1.5,134.0,0.0
1790353985323295702,1790353985,200000000,wind_sensor_link,1.4,135.0,0.0
1790353985530321714,1790353985,400000000,wind_sensor_link,1.5,135.0,0.0
1790353985723095289,1790353985,600000256,wind_sensor_link,1.5,135.0,0.0
1790353985930054450,1790353985,800000256,wind_sensor_link,1.5,135.0,0.0
1790353986122729508,1790353986,0,wind_sensor_link,1.6,134.0,0.0
1790353986329714650,1790353986,200000000,wind_sensor_link,1.7,138.0,0.0
1790353986522533614,1790353986,400000000,wind_sensor_link,1.7,137.0,0.0
1790353986729435275,1790353986,600000256,wind_sensor_link,1.7,140.0,0.0
1790353986922277720,1790353986,800000256,wind_sensor_link,1.9,141.0,0.0
1790353987129332361,1790353987,0,wind_sensor_link,2.0,138.0,0.0
1790353987321942772,1790353987,200000000,wind_sensor_link,2.1,136.0,0.0
1790353987529143670,1790353987,400000000,wind_sensor_link,2.2,134.0,0.0
1790353987721710082,1790353987,600000256,wind_sensor_link,2.2,132.0,0.0
1790353987928808815,1790353987,800000256,wind_sensor_link,2.2,129.0,0.0
1790353988121468725,1790353988,0,wind_sensor_link,2.2,127.0,0.0
1790353988328318795,1790353988,200000000,wind_sensor_link,2.1,121.0,0.0
1790353988521123296,1790353988,400000000,wind_sensor_link,2.0,122.0,0.0
1790353988728201696,1790353988,600000256,wind_sensor_link,1.9,124.0,0.0
1790353988920665238,1790353988,800000256,wind_sensor_link,1.8,127.0,0.0
1790353989128044023,1790353989,0,wind_sensor_link,1.7,129.0,0.0
1790353989320574879,1790353989,200000000,wind_sensor_link,1.7,130.0,0.0
1790353989527644890,1790353989,400000000,wind_sensor_link,1.7,133.0,0.0
1790353989720824035,1790353989,600000256,wind_sensor_link,1.7,136.0,0.0
1790353989927479125,1790353989,800000256,wind_sensor_link,1.7,137.0,0.0
1790353990119716597,1790353990,0,wind_sensor_link,1.8,136.0,0.0
1790353990327007753,1790353990,200000000,wind_sensor_link,1.8,132.0,0.0
1790353990519895049,1790353990,400000000,wind_sensor_link,1.8,132.0,0.0
1790353990726860395,1790353990,600000256,wind_sensor_link,1.8,132.0,0.0
1790353990920087354,1790353990,800000256,wind_sensor_link,1.7,131.0,0.0
1790353991126760963,1790353991,0,wind_sensor_link,1.6,130.0,0.0
1790353991319746017,1790353991,200000000,wind_sensor_link,1.6,128.0,0.0
1790353991526236461,1790353991,400000000,wind_sensor_link,1.5,129.0,0.0
1790353991733704671,1790353991,600000256,wind_sensor_link,1.4,132.0,0.0
1790353991926527042,1790353991,800000256,wind_sensor_link,1.4,135.0,0.0
1790353992133244521,1790353992,0,wind_sensor_link,1.4,136.0,0.0
1790353992326251279,1790353992,200000000,wind_sensor_link,1.5,138.0,0.0
1790353992532959702,1790353992,400000000,wind_sensor_link,1.5,138.0,0.0
1790353992725496984,1790353992,600000256,wind_sensor_link,1.6,138.0,0.0
1790353992932925361,1790353992,800000256,wind_sensor_link,1.7,139.0,0.0
1790353993125422310,1790353993,0,wind_sensor_link,1.8,137.0,0.0
1790353993332466025,1790353993,200000000,wind_sensor_link,1.9,136.0,0.0
1790353993525106362,1790353993,400000000,wind_sensor_link,2.1,135.0,0.0
1790353993732204391,1790353993,600000256,wind_sensor_link,2.2,136.0,0.0
1790353993925005689,1790353993,800000256,wind_sensor_link,2.3,137.0,0.0
1790353994132245642,1790353994,0,wind_sensor_link,2.6,139.0,0.0
1790353994324707203,1790353994,200000000,wind_sensor_link,2.8,139.0,0.0
1790353994531845621,1790353994,400000000,wind_sensor_link,2.8,142.0,0.0
1790353994724199942,1790353994,600000256,wind_sensor_link,2.8,141.0,0.0
1790353994931574116,1790353994,800000256,wind_sensor_link,2.8,139.0,0.0
1790353995123986807,1790353995,0,wind_sensor_link,2.7,136.0,0.0
1790353995331321741,1790353995,200000000,wind_sensor_link,2.8,133.0,0.0
1790353995523718858,1790353995,400000000,wind_sensor_link,2.7,131.0,0.0
1790353995731034255,1790353995,600000256,wind_sensor_link,2.5,129.0,0.0
1790353995923494724,1790353995,800000256,wind_sensor_link,2.4,130.0,0.0
1790353996130892934,1790353996,0,wind_sensor_link,2.3,131.0,0.0
1790353996323383458,1790353996,200000000,wind_sensor_link,2.3,129.0,0.0
1790353996530656837,1790353996,400000000,wind_sensor_link,2.2,128.0,0.0
1790353996722973177,1790353996,600000256,wind_sensor_link,2.2,131.0,0.0
1790353996930283556,1790353996,800000256,wind_sensor_link,1.9,132.0,0.0
1790353997122815431,1790353997,0,wind_sensor_link,2.0,138.0,0.0
1790353997330066291,1790353997,200000000,wind_sensor_link,2.0,142.0,0.0
1790353997522565185,1790353997,400000000,wind_sensor_link,2.0,141.0,0.0
1790353997729847990,1790353997,600000256,wind_sensor_link,1.9,137.0,0.0
1790353997922422735,1790353997,800000256,wind_sensor_link,2.0,138.0,0.0
1790353998129357118,1790353998,0,wind_sensor_link,2.0,137.0,0.0
1790353998322068824,1790353998,200000000,wind_sensor_link,1.9,142.0,0.0
1790353998529040558,1790353998,400000000,wind_sensor_link,2.0,141.0,0.0
1790353998721556008,1790353998,600000256,wind_sensor_link,1.9,137.0,0.0
1790353998928909367,1790353998,800000256,wind_sensor_link,1.9,134.0,0.0
1790353999121922143,1790353999,0,wind_sensor_link,1.9,132.0,0.0
1790353999328524993,1790353999,200000000,wind_sensor_link,2.0,135.0,0.0
1790353999521422864,1790353999,400000000,wind_sensor_link,2.0,133.0,0.0
1790353999728257730,1790353999,600000256,wind_sensor_link,2.0,134.0,0.0
1790353999921404264,1790353999,800000256,wind_sensor_link,2.1,134.0,0.0
1790354000128172019,1790354000,0,wind_sensor_link,2.2,134.0,0.0
1790354000321095056,1790354000,200000000,wind_sensor_link,2.3,134.0,0.0
1790354000527862441,1790354000,400000000,wind_sensor_link,2.4,138.0,0.0
1790354000720299410,1790354000,600000256,wind_sensor_link,2.4,145.0,0.0
1790354000927695121,1790354000,800000256,wind_sensor_link,2.5,148.0,0.0
1790354001120252162,1790354001,0,wind_sensor_link,2.5,155.0,0.0
1790354001327324210,1790354001,200000000,wind_sensor_link,2.4,156.0,0.0
1790354001519766549,1790354001,400000000,wind_sensor_link,2.4,155.0,0.0
1790354001727224259,1790354001,600000256,wind_sensor_link,2.3,153.0,0.0
1790354001919467397,1790354001,800000256,wind_sensor_link,2.1,153.0,0.0
1790354002126917607,1790354002,0,wind_sensor_link,2.1,149.0,0.0
1790354002319261780,1790354002,200000000,wind_sensor_link,2.1,145.0,0.0
1790354002526652046,1790354002,400000000,wind_sensor_link,2.0,143.0,0.0
1790354002733700724,1790354002,600000256,wind_sensor_link,1.9,136.0,0.0
1790354002926300858,1790354002,800000256,wind_sensor_link,2.0,138.0,0.0
1790354003133459627,1790354003,0,wind_sensor_link,2.1,139.0,0.0
1790354003326108038,1790354003,200000000,wind_sensor_link,2.2,140.0,0.0
1790354003533104049,1790354003,400000000,wind_sensor_link,2.3,142.0,0.0
1790354003725796737,1790354003,600000256,wind_sensor_link,2.4,143.0,0.0
1790354003932782064,1790354003,800000256,wind_sensor_link,2.3,146.0,0.0
1790354004125259292,1790354004,0,wind_sensor_link,2.2,144.0,0.0
1790354004332655984,1790354004,200000000,wind_sensor_link,2.3,145.0,0.0
1790354004525038786,1790354004,400000000,wind_sensor_link,2.2,142.0,0.0
1790354004732330739,1790354004,600000256,wind_sensor_link,2.1,137.0,0.0
1790354004924788319,1790354004,800000256,wind_sensor_link,2.1,137.0,0.0
1790354005132065883,1790354005,0,wind_sensor_link,2.2,128.0,0.0
1790354005324662201,1790354005,200000000,wind_sensor_link,2.2,129.0,0.0
1790354005531716027,1790354005,400000000,wind_sensor_link,2.3,124.0,0.0
1790354005724361493,1790354005,600000256,wind_sensor_link,2.5,124.0,0.0
1790354005931556947,1790354005,800000256,wind_sensor_link,2.5,121.0,0.0
1790354006124242080,1790354006,0,wind_sensor_link,2.6,123.0,0.0
1790354006331261295,1790354006,200000000,wind_sensor_link,2.7,123.0,0.0
1790354006523929131,1790354006,400000000,wind_sensor_link,2.8,126.0,0.0
1790354006730863051,1790354006,600000256,wind_sensor_link,2.7,128.0,0.0
1790354006923865235,1790354006,800000256,wind_sensor_link,2.7,128.0,0.0
1790354007130652880,1790354007,0,wind_sensor_link,2.6,128.0,0.0
1790354007323411307,1790354007,200000000,wind_sensor_link,2.5,129.0,0.0
1790354007530479522,1790354007,400000000,wind_sensor_link,2.4,131.0,0.0
1790354007723158339,1790354007,600000256,wind_sensor_link,2.4,130.0,0.0
1790354007930221054,1790354007,800000256,wind_sensor_link,2.5,130.0,0.0
1790354008122912131,1790354008,0,wind_sensor_link,2.5,131.0,0.0
1790354008330012549,1790354008,200000000,wind_sensor_link,2.5,132.0,0.0
1790354008522905531,1790354008,400000000,wind_sensor_link,2.5,136.0,0.0
1790354008729645379,1790354008,600000256,wind_sensor_link,2.5,141.0,0.0
1790354008922310789,1790354008,800000256,wind_sensor_link,2.5,143.0,0.0
1790354009129415485,1790354009,0,wind_sensor_link,2.4,147.0,0.0
1790354009322361855,1790354009,200000000,wind_sensor_link,2.3,141.0,0.0
1790354009529134703,1790354009,400000000,wind_sensor_link,2.2,142.0,0.0
1790354009722106980,1790354009,600000256,wind_sensor_link,2.2,137.0,0.0
1790354009928944086,1790354009,800000256,wind_sensor_link,2.3,134.0,0.0
1790354010121815383,1790354010,0,wind_sensor_link,2.3,132.0,0.0
1790354010328713933,1790354010,200000000,wind_sensor_link,2.3,129.0,0.0
1790354010521709914,1790354010,400000000,wind_sensor_link,2.3,125.0,0.0
1790354010728350930,1790354010,600000256,wind_sensor_link,2.3,124.0,0.0
1790354010921349688,1790354010,800000256,wind_sensor_link,2.4,131.0,0.0
1790354011128110314,1790354011,0,wind_sensor_link,2.4,129.0,0.0
1790354011321080943,1790354011,200000000,wind_sensor_link,2.4,131.0,0.0
1790354011527960438,1790354011,400000000,wind_sensor_link,2.2,132.0,0.0
1790354011720906474,1790354011,600000256,wind_sensor_link,2.1,131.0,0.0
1790354011927830543,1790354011,800000256,wind_sensor_link,2.0,130.0,0.0
1790354012120678506,1790354012,0,wind_sensor_link,2.3,131.0,0.0
1790354012327487854,1790354012,200000000,wind_sensor_link,2.5,131.0,0.0
1790354012520257022,1790354012,400000000,wind_sensor_link,2.4,129.0,0.0
1790354012727093536,1790354012,600000256,wind_sensor_link,2.2,135.0,0.0
1790354012919981962,1790354012,800000256,wind_sensor_link,2.2,137.0,0.0
1790354013126851050,1790354013,0,wind_sensor_link,2.4,135.0,0.0
1790354013319851382,1790354013,200000000,wind_sensor_link,2.5,132.0,0.0
1790354013526323363,1790354013,400000000,wind_sensor_link,2.6,133.0,0.0
1790354013733744148,1790354013,600000256,wind_sensor_link,2.3,131.0,0.0
1790354013926501335,1790354013,800000256,wind_sensor_link,2.2,131.0,0.0
1790354014133431847,1790354014,0,wind_sensor_link,2.3,131.0,0.0
1790354014326066647,1790354014,200000000,wind_sensor_link,2.5,128.0,0.0
1790354014533199231,1790354014,400000000,wind_sensor_link,2.6,128.0,0.0
1790354014725770069,1790354014,600000256,wind_sensor_link,2.5,127.0,0.0
1790354014932863524,1790354014,800000256,wind_sensor_link,2.6,130.0,0.0
1790354015125528490,1790354015,0,wind_sensor_link,2.7,126.0,0.0
1790354015332662574,1790354015,200000000,wind_sensor_link,2.7,127.0,0.0
1790354015524977044,1790354015,400000000,wind_sensor_link,2.8,128.0,0.0
1790354015732204424,1790354015,600000256,wind_sensor_link,2.8,129.0,0.0
1790354015925254866,1790354015,800000256,wind_sensor_link,3.0,127.0,0.0
1790354016132044362,1790354016,0,wind_sensor_link,3.1,127.0,0.0
1790354016324736957,1790354016,200000000,wind_sensor_link,3.1,131.0,0.0
1790354016531880301,1790354016,400000000,wind_sensor_link,3.2,132.0,0.0
1790354016724329806,1790354016,600000256,wind_sensor_link,3.3,131.0,0.0
1790354016931512594,1790354016,800000256,wind_sensor_link,3.4,134.0,0.0
1790354017124169597,1790354017,0,wind_sensor_link,3.5,132.0,0.0
1790354017331221627,1790354017,200000000,wind_sensor_link,3.5,128.0,0.0
1790354017523705410,1790354017,400000000,wind_sensor_link,3.4,132.0,0.0
1790354017730820550,1790354017,600000256,wind_sensor_link,3.3,133.0,0.0
1790354017923515608,1790354017,800000256,wind_sensor_link,3.3,134.0,0.0
1790354018130780246,1790354018,0,wind_sensor_link,3.3,135.0,0.0
1790354018323247825,1790354018,200000000,wind_sensor_link,3.1,137.0,0.0
1790354018530312392,1790354018,400000000,wind_sensor_link,3.0,135.0,0.0
1790354018722903174,1790354018,600000256,wind_sensor_link,3.0,138.0,0.0
1790354018930149090,1790354018,800000256,wind_sensor_link,2.9,143.0,0.0
1790354019122791927,1790354019,0,wind_sensor_link,2.9,141.0,0.0
1790354019329825308,1790354019,200000000,wind_sensor_link,3.0,142.0,0.0
1790354019522295869,1790354019,400000000,wind_sensor_link,2.9,139.0,0.0
1790354019729709135,1790354019,600000256,wind_sensor_link,2.8,138.0,0.0
1790354019922565580,1790354019,800000256,wind_sensor_link,2.8,140.0,0.0
1790354020129361317,1790354020,0,wind_sensor_link,2.7,137.0,0.0
1790354020321936839,1790354020,200000000,wind_sensor_link,2.7,139.0,0.0
1790354020529266162,1790354020,400000000,wind_sensor_link,2.7,137.0,0.0
1790354020721706520,1790354020,600000256,wind_sensor_link,2.6,141.0,0.0
1790354020928845660,1790354020,800000256,wind_sensor_link,2.8,141.0,0.0
1790354021121486737,1790354021,0,wind_sensor_link,2.8,145.0,0.0
1790354021328548803,1790354021,200000000,wind_sensor_link,2.9,146.0,0.0
1790354021521189640,1790354021,400000000,wind_sensor_link,2.9,147.0,0.0
1790354021728218596,1790354021,600000256,wind_sensor_link,3.0,148.0,0.0
1790354021920896988,1790354021,800000256,wind_sensor_link,3.0,149.0,0.0
1790354022128218996,1790354022,0,wind_sensor_link,2.9,150.0,0.0
1790354022320528040,1790354022,200000000,wind_sensor_link,3.0,146.0,0.0
1790354022527720568,1790354022,400000000,wind_sensor_link,2.6,147.0,0.0
1790354022720316201,1790354022,600000256,wind_sensor_link,2.6,147.0,0.0
1790354022927505841,1790354022,800000256,wind_sensor_link,2.5,147.0,0.0
1790354023120510210,1790354023,0,wind_sensor_link,2.5,149.0,0.0
1790354023327129782,1790354023,200000000,wind_sensor_link,2.5,147.0,0.0
1790354023519553880,1790354023,400000000,wind_sensor_link,2.5,147.0,0.0
1790354023726773889,1790354023,600000256,wind_sensor_link,2.5,147.0,0.0
1790354023919401596,1790354023,800000256,wind_sensor_link,2.4,149.0,0.0
1790354024126485830,1790354024,0,wind_sensor_link,2.4,146.0,0.0
1790354024319706159,1790354024,200000000,wind_sensor_link,2.4,144.0,0.0
1790354024526302083,1790354024,400000000,wind_sensor_link,2.3,142.0,0.0
1790354024733514611,1790354024,600000256,wind_sensor_link,2.3,142.0,0.0
1790354024926308279,1790354024,800000256,wind_sensor_link,2.3,143.0,0.0
1790354025133241236,1790354025,0,wind_sensor_link,2.3,141.0,0.0
1790354025325941665,1790354025,200000000,wind_sensor_link,2.2,143.0,0.0
1790354025532881825,1790354025,400000000,wind_sensor_link,2.2,142.0,0.0
1790354025725561754,1790354025,600000256,wind_sensor_link,2.2,144.0,0.0
1790354025932797041,1790354025,800000256,wind_sensor_link,2.2,145.0,0.0
1790354026125335397,1790354026,0,wind_sensor_link,2.2,145.0,0.0
1790354026332475241,1790354026,200000000,wind_sensor_link,2.2,145.0,0.0
1790354026525171188,1790354026,400000000,wind_sensor_link,2.2,146.0,0.0
1790354026732209495,1790354026,600000256,wind_sensor_link,2.2,147.0,0.0
1790354026925120495,1790354026,800000256,wind_sensor_link,2.1,149.0,0.0
1790354027131931991,1790354027,0,wind_sensor_link,2.1,148.0,0.0
1790354027324523328,1790354027,200000000,wind_sensor_link,2.1,149.0,0.0
1790354027531504637,1790354027,400000000,wind_sensor_link,2.1,149.0,0.0
1790354027724255175,1790354027,600000256,wind_sensor_link,2.1,150.0,0.0
1790354027931238873,1790354027,800000256,wind_sensor_link,2.1,150.0,0.0
1790354028124002874,1790354028,0,wind_sensor_link,2.1,150.0,0.0
1790354028330946146,1790354028,200000000,wind_sensor_link,2.2,150.0,0.0
1790354028523719740,1790354028,400000000,wind_sensor_link,2.2,150.0,0.0
1790354028730684975,1790354028,600000256,wind_sensor_link,2.2,151.0,0.0
1790354028923706307,1790354028,800000256,wind_sensor_link,2.2,152.0,0.0
1790354029130496803,1790354029,0,wind_sensor_link,2.2,152.0,0.0
1790354029323258990,1790354029,200000000,wind_sensor_link,2.2,154.0,0.0
1790354029530501832,1790354029,400000000,wind_sensor_link,2.2,154.0,0.0
1790354029722949319,1790354029,600000256,wind_sensor_link,2.2,154.0,0.0
1790354029929980645,1790354029,800000256,wind_sensor_link,2.2,155.0,0.0
1790354030122653167,1790354030,0,wind_sensor_link,2.2,155.0,0.0
1790354030329855028,1790354030,200000000,wind_sensor_link,2.1,157.0,0.0
1790354030522467032,1790354030,400000000,wind_sensor_link,2.1,156.0,0.0
1790354030729514598,1790354030,600000256,wind_sensor_link,2.1,155.0,0.0
1790354030922216064,1790354030,800000256,wind_sensor_link,2.1,155.0,0.0
1790354031129218316,1790354031,0,wind_sensor_link,2.1,156.0,0.0
1790354031321808061,1790354031,200000000,wind_sensor_link,2.1,156.0,0.0
1790354031528891998,1790354031,400000000,wind_sensor_link,2.1,155.0,0.0
1790354031721517964,1790354031,600000256,wind_sensor_link,2.1,155.0,0.0
1790354031928753251,1790354031,800000256,wind_sensor_link,2.0,155.0,0.0
1790354032121110813,1790354032,0,wind_sensor_link,2.1,154.0,0.0
1790354032328460506,1790354032,200000000,wind_sensor_link,2.1,155.0,0.0
1790354032520821179,1790354032,400000000,wind_sensor_link,2.1,154.0,0.0
1790354032728162206,1790354032,600000256,wind_sensor_link,2.2,155.0,0.0
1790354032920739987,1790354032,800000256,wind_sensor_link,2.2,154.0,0.0
1790354033127989107,1790354033,0,wind_sensor_link,2.2,153.0,0.0
1790354033320812479,1790354033,200000000,wind_sensor_link,2.2,153.0,0.0
1790354033527704010,1790354033,400000000,wind_sensor_link,2.3,153.0,0.0
1790354033720675565,1790354033,600000256,wind_sensor_link,2.3,153.0,0.0
1790354033927361396,1790354033,800000256,wind_sensor_link,2.3,151.0,0.0
1790354034120339672,1790354034,0,wind_sensor_link,2.3,151.0,0.0
1790354034326911412,1790354034,200000000,wind_sensor_link,2.2,150.0,0.0
1790354034519416343,1790354034,400000000,wind_sensor_link,2.2,149.0,0.0
1790354034726691147,1790354034,600000256,wind_sensor_link,2.2,150.0,0.0
1790354034919489741,1790354034,800000256,wind_sensor_link,2.2,151.0,0.0
1790354035126380162,1790354035,0,wind_sensor_link,2.1,151.0,0.0
1790354035319487419,1790354035,200000000,wind_sensor_link,2.1,151.0,0.0
1790354035526050103,1790354035,400000000,wind_sensor_link,2.1,152.0,0.0
1790354035733411629,1790354035,600000256,wind_sensor_link,2.0,154.0,0.0
1790354035925885264,1790354035,800000256,wind_sensor_link,2.0,154.0,0.0
1790354036133153494,1790354036,0,wind_sensor_link,2.0,155.0,0.0
1790354036325561982,1790354036,200000000,wind_sensor_link,2.1,156.0,0.0
1790354036532724436,1790354036,400000000,wind_sensor_link,2.0,157.0,0.0
1790354036725439587,1790354036,600000256,wind_sensor_link,2.0,157.0,0.0
1790354036932747502,1790354036,800000256,wind_sensor_link,2.0,157.0,0.0
1790354037125188952,1790354037,0,wind_sensor_link,2.1,160.0,0.0
1790354037332393888,1790354037,200000000,wind_sensor_link,2.1,159.0,0.0
1790354037525037002,1790354037,400000000,wind_sensor_link,2.1,161.0,0.0
1790354037732061921,1790354037,600000256,wind_sensor_link,2.0,160.0,0.0
1790354037924487149,1790354037,800000256,wind_sensor_link,1.9,162.0,0.0
1790354038131776176,1790354038,0,wind_sensor_link,1.9,161.0,0.0
1790354038324678602,1790354038,200000000,wind_sensor_link,1.8,160.0,0.0
1790354038531463505,1790354038,400000000,wind_sensor_link,1.8,162.0,0.0
1790354038724203192,1790354038,600000256,wind_sensor_link,1.7,158.0,0.0
1790354038931167871,1790354038,800000256,wind_sensor_link,1.6,157.0,0.0
1790354039124205907,1790354039,0,wind_sensor_link,1.6,159.0,0.0
1790354039330839090,1790354039,200000000,wind_sensor_link,1.6,159.0,0.0
1790354039523694479,1790354039,400000000,wind_sensor_link,1.5,161.0,0.0
1790354039730738842,1790354039,600000256,wind_sensor_link,1.5,162.0,0.0
1790354039923529936,1790354039,800000256,wind_sensor_link,1.5,161.0,0.0
1790354040130555096,1790354040,0,wind_sensor_link,1.5,161.0,0.0
1790354040322998417,1790354040,200000000,wind_sensor_link,1.4,162.0,0.0
1790354040530057372,1790354040,400000000,wind_sensor_link,1.4,164.0,0.0
1790354040722713357,1790354040,600000256,wind_sensor_link,1.3,164.0,0.0
1790354040929848848,1790354040,800000256,wind_sensor_link,1.2,160.0,0.0
1790354041122759922,1790354041,0,wind_sensor_link,1.2,160.0,0.0
1790354041329562085,1790354041,200000000,wind_sensor_link,1.2,158.0,0.0
1790354041522205884,1790354041,400000000,wind_sensor_link,1.2,158.0,0.0
1790354041729147119,1790354041,600000256,wind_sensor_link,1.2,158.0,0.0
1790354041922234561,1790354041,800000256,wind_sensor_link,1.3,155.0,0.0
1790354042128719672,1790354042,0,wind_sensor_link,1.3,156.0,0.0
1790354042321487970,1790354042,200000000,wind_sensor_link,1.4,154.0,0.0
1790354042528557870,1790354042,400000000,wind_sensor_link,1.5,155.0,0.0
1790354042721384852,1790354042,600000256,wind_sensor_link,1.6,155.0,0.0
1790354042928399086,1790354042,800000256,wind_sensor_link,1.7,155.0,0.0
1790354043121045478,1790354043,0,wind_sensor_link,1.7,155.0,0.0
1790354043328087397,1790354043,200000000,wind_sensor_link,1.7,155.0,0.0
1790354043520728252,1790354043,400000000,wind_sensor_link,1.7,155.0,0.0
1790354043727924040,1790354043,600000256,wind_sensor_link,1.7,155.0,0.0
1790354043920459285,1790354043,800000256,wind_sensor_link,1.7,155.0,0.0
1790354044127428408,1790354044,0,wind_sensor_link,1.7,155.0,0.0
1790354044320205002,1790354044,200000000,wind_sensor_link,1.6,156.0,0.0
1790354044527165052,1790354044,400000000,wind_sensor_link,1.6,155.0,0.0
1790354044720301512,1790354044,600000256,wind_sensor_link,1.6,156.0,0.0
1790354044927021453,1790354044,800000256,wind_sensor_link,1.6,155.0,0.0
1790354045120041989,1790354045,0,wind_sensor_link,1.6,156.0,0.0
1790354045326803763,1790354045,200000000,wind_sensor_link,1.6,156.0,0.0
1790354045519454951,1790354045,400000000,wind_sensor_link,1.6,156.0,0.0
1790354045726529684,1790354045,600000256,wind_sensor_link,1.5,155.0,0.0
1790354045919491813,1790354045,800000256,wind_sensor_link,1.6,155.0,0.0
1790354046126027516,1790354046,0,wind_sensor_link,1.6,156.0,0.0
1790354046333326895,1790354046,200000000,wind_sensor_link,1.6,156.0,0.0
1790354046526011693,1790354046,400000000,wind_sensor_link,1.7,155.0,0.0
1790354046732999817,1790354046,600000256,wind_sensor_link,1.7,154.0,0.0
1790354046925748096,1790354046,800000256,wind_sensor_link,1.7,154.0,0.0
1790354047132688109,1790354047,0,wind_sensor_link,1.8,154.0,0.0
1790354047325144374,1790354047,200000000,wind_sensor_link,1.8,154.0,0.0
1790354047532563380,1790354047,400000000,wind_sensor_link,1.8,153.0,0.0
1790354047724841110,1790354047,600000256,wind_sensor_link,1.8,154.0,0.0
1790354047932248154,1790354047,800000256,wind_sensor_link,1.8,154.0,0.0
1790354048124918157,1790354048,0,wind_sensor_link,1.8,155.0,0.0
1790354048331887947,1790354048,200000000,wind_sensor_link,1.7,156.0,0.0
1790354048524555931,1790354048,400000000,wind_sensor_link,1.7,156.0,0.0
1790354048731716886,1790354048,600000256,wind_sensor_link,1.7,156.0,0.0
1790354048924033856,1790354048,800000256,wind_sensor_link,1.7,157.0,0.0
1790354049131432548,1790354049,0,wind_sensor_link,1.7,156.0,0.0
1790354049324030330,1790354049,200000000,wind_sensor_link,1.7,157.0,0.0
1790354049531094711,1790354049,400000000,wind_sensor_link,1.7,156.0,0.0
1790354049723723529,1790354049,600000256,wind_sensor_link,1.7,157.0,0.0
1790354049930818503,1790354049,800000256,wind_sensor_link,1.7,156.0,0.0
1790354050123748132,1790354050,0,wind_sensor_link,1.6,155.0,0.0
1790354050330697367,1790354050,200000000,wind_sensor_link,1.6,155.0,0.0
1790354050523231909,1790354050,400000000,wind_sensor_link,1.6,155.0,0.0
1790354050730243124,1790354050,600000256,wind_sensor_link,1.6,155.0,0.0
1790354050923259271,1790354050,800000256,wind_sensor_link,1.6,154.0,0.0
1790354051129879010,1790354051,0,wind_sensor_link,1.6,155.0,0.0
1790354051322553346,1790354051,200000000,wind_sensor_link,1.6,154.0,0.0
1790354051529672541,1790354051,400000000,wind_sensor_link,1.6,152.0,0.0
1790354051722299952,1790354051,600000256,wind_sensor_link,1.7,155.0,0.0
1790354051929439685,1790354051,800000256,wind_sensor_link,1.7,153.0,0.0
1790354052122055651,1790354052,0,wind_sensor_link,1.6,153.0,0.0
1790354052328990256,1790354052,200000000,wind_sensor_link,1.5,151.0,0.0
1790354052521544779,1790354052,400000000,wind_sensor_link,1.5,148.0,0.0
1790354052728813769,1790354052,600000256,wind_sensor_link,1.5,148.0,0.0
1790354052921819453,1790354052,800000256,wind_sensor_link,1.4,145.0,0.0
1790354053128697559,1790354053,0,wind_sensor_link,1.3,143.0,0.0
1790354053321633614,1790354053,200000000,wind_sensor_link,1.2,140.0,0.0
1790354053528176724,1790354053,400000000,wind_sensor_link,1.2,141.0,0.0
1790354053720478176,1790354053,600000256,wind_sensor_link,1.3,136.0,0.0
1790354053928005348,1790354053,800000256,wind_sensor_link,1.3,139.0,0.0
1790354054120391947,1790354054,0,wind_sensor_link,1.3,141.0,0.0
1790354054327801250,1790354054,200000000,wind_sensor_link,1.3,142.0,0.0
1790354054520298052,1790354054,400000000,wind_sensor_link,1.4,144.0,0.0
1790354054727478191,1790354054,600000256,wind_sensor_link,1.4,146.0,0.0
1790354054920096009,1790354054,800000256,wind_sensor_link,1.5,149.0,0.0
1790354055127184779,1790354055,0,wind_sensor_link,1.5,150.0,0.0
1790354055319667766,1790354055,200000000,wind_sensor_link,1.5,151.0,0.0
1790354055526995514,1790354055,400000000,wind_sensor_link,1.5,153.0,0.0
1790354055719647406,1790354055,600000256,wind_sensor_link,1.5,151.0,0.0
1790354055926744362,1790354055,800000256,wind_sensor_link,1.4,148.0,0.0
1790354056119664750,1790354056,0,wind_sensor_link,1.4,145.0,0.0
1790354056326355803,1790354056,200000000,wind_sensor_link,1.4,142.0,0.0
1790354056533541331,1790354056,400000000,wind_sensor_link,1.4,140.0,0.0
1790354056726348795,1790354056,600000256,wind_sensor_link,1.4,139.0,0.0
1790354056933247771,1790354056,800000256,wind_sensor_link,1.3,139.0,0.0
1790354057125924107,1790354057,0,wind_sensor_link,1.4,138.0,0.0
1790354057332962934,1790354057,200000000,wind_sensor_link,1.4,139.0,0.0
1790354057525392162,1790354057,400000000,wind_sensor_link,1.5,137.0,0.0
1790354057732690151,1790354057,600000256,wind_sensor_link,1.5,139.0,0.0
1790354057925107583,1790354057,800000256,wind_sensor_link,1.5,140.0,0.0
1790354058132462276,1790354058,0,wind_sensor_link,1.5,138.0,0.0
1790354058324865690,1790354058,200000000,wind_sensor_link,1.4,136.0,0.0
1790354058532130587,1790354058,400000000,wind_sensor_link,1.4,136.0,0.0
1790354058724854256,1790354058,600000256,wind_sensor_link,1.4,136.0,0.0
1790354058931794250,1790354058,800000256,wind_sensor_link,1.5,136.0,0.0
1790354059124732546,1790354059,0,wind_sensor_link,1.4,139.0,0.0
1790354059331499116,1790354059,200000000,wind_sensor_link,1.4,140.0,0.0
1790354059524040861,1790354059,400000000,wind_sensor_link,1.4,140.0,0.0
1790354059731321592,1790354059,600000256,wind_sensor_link,1.4,141.0,0.0
1790354059923991169,1790354059,800000256,wind_sensor_link,1.4,142.0,0.0
1790354060131046810,1790354060,0,wind_sensor_link,1.5,144.0,0.0
1790354060323670498,1790354060,200000000,wind_sensor_link,1.5,145.0,0.0
1790354060530854230,1790354060,400000000,wind_sensor_link,1.4,146.0,0.0
1790354060723295606,1790354060,600000256,wind_sensor_link,1.5,151.0,0.0
1790354060930389062,1790354060,800000256,wind_sensor_link,1.5,158.0,0.0
1790354061123166915,1790354061,0,wind_sensor_link,1.5,161.0,0.0
1790354061330103724,1790354061,200000000,wind_sensor_link,1.5,163.0,0.0
1790354061522690691,1790354061,400000000,wind_sensor_link,1.5,162.0,0.0
1790354061729763331,1790354061,600000256,wind_sensor_link,1.5,161.0,0.0
1790354061922865940,1790354061,800000256,wind_sensor_link,1.5,162.0,0.0
1790354062129669528,1790354062,0,wind_sensor_link,1.6,161.0,0.0
1790354062322519362,1790354062,200000000,wind_sensor_link,1.6,158.0,0.0
1790354062529267229,1790354062,400000000,wind_sensor_link,1.7,149.0,0.0
1790354062722303431,1790354062,600000256,wind_sensor_link,1.8,149.0,0.0
1790354062929116594,1790354062,800000256,wind_sensor_link,1.7,152.0,0.0
1790354063122051760,1790354063,0,wind_sensor_link,1.9,150.0,0.0
1790354063328767683,1790354063,200000000,wind_sensor_link,2.0,150.0,0.0
1790354063521159485,1790354063,400000000,wind_sensor_link,2.1,150.0,0.0
1790354063728558233,1790354063,600000256,wind_sensor_link,2.2,145.0,0.0
1790354063921012905,1790354063,800000256,wind_sensor_link,2.2,146.0,0.0
1790354064128280155,1790354064,0,wind_sensor_link,2.1,146.0,0.0
1790354064320877029,1790354064,200000000,wind_sensor_link,2.2,143.0,0.0
1790354064527750838,1790354064,400000000,wind_sensor_link,2.4,138.0,0.0
1790354064720162752,1790354064,600000256,wind_sensor_link,2.3,138.0,0.0
1790354064927484371,1790354064,800000256,wind_sensor_link,2.3,136.0,0.0
1790354065120097800,1790354065,0,wind_sensor_link,2.4,134.0,0.0
1790354065327529640,1790354065,200000000,wind_sensor_link,2.4,137.0,0.0
1790354065520476306,1790354065,400000000,wind_sensor_link,2.3,135.0,0.0
1790354065727157822,1790354065,600000256,wind_sensor_link,2.4,137.0,0.0
1790354065920142340,1790354065,800000256,wind_sensor_link,2.4,134.0,0.0
1790354066126923947,1790354066,0,wind_sensor_link,2.4,138.0,0.0
1790354066319868446,1790354066,200000000,wind_sensor_link,2.3,138.0,0.0
1790354066526532981,1790354066,400000000,wind_sensor_link,2.3,140.0,0.0
1790354066719300297,1790354066,600000256,wind_sensor_link,2.2,141.0,0.0
1790354066926337087,1790354066,800000256,wind_sensor_link,2.3,144.0,0.0
1790354067119342289,1790354067,0,wind_sensor_link,2.4,148.0,0.0
1790354067326094452,1790354067,200000000,wind_sensor_link,2.5,145.0,0.0
1790354067533210111,1790354067,400000000,wind_sensor_link,2.5,146.0,0.0
1790354067725829836,1790354067,600000256,wind_sensor_link,2.3,146.0,0.0
1790354067932910014,1790354067,800000256,wind_sensor_link,2.3,146.0,0.0
1790354068125551036,1790354068,0,wind_sensor_link,2.3,146.0,0.0
1790354068332519363,1790354068,200000000,wind_sensor_link,2.2,145.0,0.0
1790354068525143070,1790354068,400000000,wind_sensor_link,2.1,142.0,0.0
1790354068732348246,1790354068,600000256,wind_sensor_link,2.1,137.0,0.0
1790354068924991657,1790354068,800000256,wind_sensor_link,1.9,138.0,0.0
1790354069132081334,1790354069,0,wind_sensor_link,1.9,136.0,0.0
1790354069324735411,1790354069,200000000,wind_sensor_link,1.9,135.0,0.0
1790354069531720090,1790354069,400000000,wind_sensor_link,1.9,132.0,0.0
1790354069724340056,1790354069,600000256,wind_sensor_link,1.9,131.0,0.0
1790354069931549788,1790354069,800000256,wind_sensor_link,1.9,129.0,0.0
1790354070124151977,1790354070,0,wind_sensor_link,1.8,128.0,0.0
1790354070331135470,1790354070,200000000,wind_sensor_link,1.8,125.0,0.0
1790354070523816195,1790354070,400000000,wind_sensor_link,1.8,127.0,0.0
1790354070731068056,1790354070,600000256,wind_sensor_link,1.9,126.0,0.0
1790354070923390137,1790354070,800000256,wind_sensor_link,2.0,126.0,0.0
1790354071130715701,1790354071,0,wind_sensor_link,2.1,126.0,0.0
1790354071323240390,1790354071,200000000,wind_sensor_link,2.2,127.0,0.0
1790354071530671416,1790354071,400000000,wind_sensor_link,2.3,126.0,0.0
1790354071723032830,1790354071,600000256,wind_sensor_link,2.5,126.0,0.0
1790354071929997546,1790354071,800000256,wind_sensor_link,2.6,128.0,0.0
1790354072122774862,1790354072,0,wind_sensor_link,2.6,128.0,0.0
1790354072329716597,1790354072,200000000,wind_sensor_link,2.6,128.0,0.0
1790354072522409562,1790354072,400000000,wind_sensor_link,2.6,128.0,0.0
1790354072729444018,1790354072,600000256,wind_sensor_link,2.5,130.0,0.0
1790354072922522535,1790354072,800000256,wind_sensor_link,2.4,130.0,0.0
1790354073129265790,1790354073,0,wind_sensor_link,2.3,131.0,0.0
1790354073322245086,1790354073,200000000,wind_sensor_link,2.3,131.0,0.0
1790354073528961731,1790354073,400000000,wind_sensor_link,2.2,131.0,0.0
1790354073721342348,1790354073,600000256,wind_sensor_link,2.2,131.0,0.0
1790354073928811854,1790354073,800000256,wind_sensor_link,2.3,132.0,0.0
1790354074121312137,1790354074,0,wind_sensor_link,2.3,135.0,0.0
1790354074328457518,1790354074,200000000,wind_sensor_link,2.3,134.0,0.0
1790354074521127243,1790354074,400000000,wind_sensor_link,2.3,131.0,0.0
1790354074728169569,1790354074,600000256,wind_sensor_link,2.3,136.0,0.0
1790354074921013847,1790354074,800000256,wind_sensor_link,2.3,138.0,0.0
1790354075127734937,1790354075,0,wind_sensor_link,2.4,139.0,0.0
1790354075320427421,1790354075,200000000,wind_sensor_link,2.5,139.0,0.0
1790354075527432303,1790354075,400000000,wind_sensor_link,2.6,139.0,0.0
1790354075720646466,1790354075,600000256,wind_sensor_link,2.8,134.0,0.0
1790354075927325056,1790354075,800000256,wind_sensor_link,2.8,132.0,0.0
1790354076119500231,1790354076,0,wind_sensor_link,2.9,134.0,0.0
1790354076326834350,1790354076,200000000,wind_sensor_link,2.9,134.0,0.0
1790354076519675703,1790354076,400000000,wind_sensor_link,2.9,133.0,0.0
1790354076726877342,1790354076,600000256,wind_sensor_link,2.8,134.0,0.0
1790354076919690973,1790354076,800000256,wind_sensor_link,2.8,138.0,0.0
1790354077126411192,1790354077,0,wind_sensor_link,2.6,135.0,0.0
1790354077319555652,1790354077,200000000,wind_sensor_link,2.4,143.0,0.0
1790354077526060521,1790354077,400000000,wind_sensor_link,2.4,144.0,0.0
1790354077733375455,1790354077,600000256,wind_sensor_link,2.4,142.0,0.0
1790354077926177420,1790354077,800000256,wind_sensor_link,2.4,142.0,0.0
1790354078133090210,1790354078,0,wind_sensor_link,2.4,142.0,0.0
1790354078325739954,1790354078,200000000,wind_sensor_link,2.5,142.0,0.0
1790354078532716300,1790354078,400000000,wind_sensor_link,2.5,140.0,0.0
1790354078725399080,1790354078,600000256,wind_sensor_link,2.6,142.0,0.0
1790354078932406129,1790354078,800000256,wind_sensor_link,2.7,142.0,0.0
1790354079125149890,1790354079,0,wind_sensor_link,2.8,143.0,0.0
1790354079332181217,1790354079,200000000,wind_sensor_link,2.9,144.0,0.0
1790354079524933774,1790354079,400000000,wind_sensor_link,2.8,142.0,0.0
1790354079732197116,1790354079,600000256,wind_sensor_link,2.9,142.0,0.0
1790354079924936581,1790354079,800000256,wind_sensor_link,2.8,143.0,0.0
1790354080131745188,1790354080,0,wind_sensor_link,2.8,145.0,0.0
1790354080324282470,1790354080,200000000,wind_sensor_link,2.9,145.0,0.0
1790354080531774643,1790354080,400000000,wind_sensor_link,3.0,146.0,0.0
1790354080724010336,1790354080,600000256,wind_sensor_link,2.9,146.0,0.0
1790354080931195105,1790354080,800000256,wind_sensor_link,2.8,146.0,0.0
1790354081123854163,1790354081,0,wind_sensor_link,3.0,147.0,0.0
1790354081330905564,1790354081,200000000,wind_sensor_link,3.0,147.0,0.0
1790354081523494456,1790354081,400000000,wind_sensor_link,3.1,148.0,0.0
1790354081730509357,1790354081,600000256,wind_sensor_link,3.1,146.0,0.0
1790354081923015288,1790354081,800000256,wind_sensor_link,3.1,148.0,0.0
1790354082130243334,1790354082,0,wind_sensor_link,3.0,147.0,0.0
1790354082323019335,1790354082,200000000,wind_sensor_link,3.0,147.0,0.0
1790354082530117383,1790354082,400000000,wind_sensor_link,2.9,147.0,0.0
1790354082722701405,1790354082,600000256,wind_sensor_link,2.8,144.0,0.0
1790354082929759065,1790354082,800000256,wind_sensor_link,2.8,146.0,0.0
1790354083122762952,1790354083,0,wind_sensor_link,2.7,147.0,0.0
1790354083329533078,1790354083,200000000,wind_sensor_link,2.7,147.0,0.0
1790354083522417060,1790354083,400000000,wind_sensor_link,2.6,145.0,0.0
1790354083729230370,1790354083,600000256,wind_sensor_link,2.6,145.0,0.0
1790354083921717524,1790354083,800000256,wind_sensor_link,2.6,144.0,0.0
1790354084128998865,1790354084,0,wind_sensor_link,2.7,146.0,0.0
1790354084321645887,1790354084,200000000,wind_sensor_link,2.8,148.0,0.0
1790354084528647066,1790354084,400000000,wind_sensor_link,2.8,152.0,0.0
1790354084721278717,1790354084,600000256,wind_sensor_link,3.0,153.0,0.0
1790354084928435709,1790354084,800000256,wind_sensor_link,3.0,152.0,0.0
1790354085121034749,1790354085,0,wind_sensor_link,3.0,151.0,0.0
1790354085328188963,1790354085,200000000,wind_sensor_link,3.0,155.0,0.0
1790354085520774671,1790354085,400000000,wind_sensor_link,2.9,153.0,0.0
1790354085727853830,1790354085,600000256,wind_sensor_link,3.0,152.0,0.0
1790354085920449945,1790354085,800000256,wind_sensor_link,2.9,152.0,0.0
1790354086127536252,1790354086,0,wind_sensor_link,3.0,148.0,0.0
1790354086320226791,1790354086,200000000,wind_sensor_link,2.9,146.0,0.0
1790354086527209655,1790354086,400000000,wind_sensor_link,3.0,149.0,0.0
1790354086719964472,1790354086,600000256,wind_sensor_link,3.1,151.0,0.0
1790354086927058094,1790354086,800000256,wind_sensor_link,3.1,143.0,0.0
1790354087119384897,1790354087,0,wind_sensor_link,3.1,148.0,0.0
1790354087326829478,1790354087,200000000,wind_sensor_link,3.2,149.0,0.0
1790354087519800051,1790354087,400000000,wind_sensor_link,3.0,149.0,0.0
1790354087726353513,1790354087,600000256,wind_sensor_link,3.1,150.0,0.0
1790354087919479565,1790354087,800000256,wind_sensor_link,3.2,153.0,0.0
1790354088126026139,1790354088,0,wind_sensor_link,3.1,150.0,0.0
1790354088333395850,1790354088,200000000,wind_sensor_link,2.9,151.0,0.0
1790354088525699338,1790354088,400000000,wind_sensor_link,2.9,152.0,0.0
1790354088732965273,1790354088,600000256,wind_sensor_link,2.8,152.0,0.0
1790354088925707145,1790354088,800000256,wind_sensor_link,2.7,152.0,0.0
1790354089132792138,1790354089,0,wind_sensor_link,2.8,151.0,0.0
1790354089325418530,1790354089,200000000,wind_sensor_link,2.8,153.0,0.0
1790354089532697853,1790354089,400000000,wind_sensor_link,2.7,150.0,0.0
1790354089725107415,1790354089,600000256,wind_sensor_link,2.9,156.0,0.0
1790354089932233814,1790354089,800000256,wind_sensor_link,3.0,154.0,0.0
1790354090124927409,1790354090,0,wind_sensor_link,3.1,155.0,0.0
1790354090331961476,1790354090,200000000,wind_sensor_link,3.2,158.0,0.0
1790354090524676812,1790354090,400000000,wind_sensor_link,3.3,155.0,0.0
1790354090731629973,1790354090,600000256,wind_sensor_link,3.3,158.0,0.0
1790354090924293846,1790354090,800000256,wind_sensor_link,3.5,159.0,0.0
1790354091131472893,1790354091,0,wind_sensor_link,3.7,161.0,0.0
1790354091324010971,1790354091,200000000,wind_sensor_link,3.6,155.0,0.0
1790354091531081167,1790354091,400000000,wind_sensor_link,3.6,158.0,0.0
1790354091723806966,1790354091,600000256,wind_sensor_link,3.6,158.0,0.0
1790354091930885606,1790354091,800000256,wind_sensor_link,3.8,156.0,0.0
1790354092123526165,1790354092,0,wind_sensor_link,4.1,153.0,0.0
1790354092330478103,1790354092,200000000,wind_sensor_link,4.1,150.0,0.0
1790354092523250105,1790354092,400000000,wind_sensor_link,4.0,149.0,0.0
1790354092730250080,1790354092,600000256,wind_sensor_link,3.8,147.0,0.0
1790354092923328578,1790354092,800000256,wind_sensor_link,3.8,152.0,0.0
1790354093130014482,1790354093,0,wind_sensor_link,3.6,151.0,0.0
1790354093322955223,1790354093,200000000,wind_sensor_link,3.6,151.0,0.0
1790354093529809236,1790354093,400000000,wind_sensor_link,3.6,152.0,0.0
1790354093722432851,1790354093,600000256,wind_sensor_link,3.3,158.0,0.0
1790354093929725859,1790354093,800000256,wind_sensor_link,3.2,161.0,0.0
1790354094122455824,1790354094,0,wind_sensor_link,3.1,160.0,0.0
1790354094329202765,1790354094,200000000,wind_sensor_link,3.1,159.0,0.0
1790354094521916638,1790354094,400000000,wind_sensor_link,3.1,158.0,0.0
1790354094729011223,1790354094,600000256,wind_sensor_link,3.2,159.0,0.0
1790354094921713096,1790354094,800000256,wind_sensor_link,3.1,161.0,0.0
1790354095128727774,1790354095,0,wind_sensor_link,3.1,161.0,0.0
1790354095321724402,1790354095,200000000,wind_sensor_link,3.0,163.0,0.0
1790354095528426066,1790354095,400000000,wind_sensor_link,3.0,163.0,0.0
1790354095720861220,1790354095,600000256,wind_sensor_link,2.9,163.0,0.0
1790354095928155617,1790354095,800000256,wind_sensor_link,2.9,164.0,0.0
1790354096120572271,1790354096,0,wind_sensor_link,2.9,165.0,0.0
1790354096328148221,1790354096,200000000,wind_sensor_link,2.9,166.0,0.0
1790354096520206009,1790354096,400000000,wind_sensor_link,2.8,167.0,0.0
1790354096727853846,1790354096,600000256,wind_sensor_link,2.8,168.0,0.0
1790354096920138872,1790354096,800000256,wind_sensor_link,2.8,167.0,0.0
1790354097127281993,1790354097,0,wind_sensor_link,2.7,167.0,0.0
1790354097320109013,1790354097,200000000,wind_sensor_link,2.7,166.0,0.0
1790354097527042877,1790354097,400000000,wind_sensor_link,2.8,165.0,0.0
1790354097719695047,1790354097,600000256,wind_sensor_link,2.8,165.0,0.0
1790354097926820224,1790354097,800000256,wind_sensor_link,2.7,163.0,0.0
1790354098119757983,1790354098,0,wind_sensor_link,2.6,161.0,0.0
1790354098326511368,1790354098,200000000,wind_sensor_link,2.6,158.0,0.0
1790354098519147946,1790354098,400000000,wind_sensor_link,2.8,154.0,0.0
1790354098726180494,1790354098,600000256,wind_sensor_link,3.0,152.0,0.0
1790354098933399226,1790354098,800000256,wind_sensor_link,3.1,149.0,0.0
1790354099125746436,1790354099,0,wind_sensor_link,3.1,145.0,0.0
1790354099333089055,1790354099,200000000,wind_sensor_link,3.2,144.0,0.0
1790354099525505727,1790354099,400000000,wind_sensor_link,3.2,145.0,0.0
1790354099732825235,1790354099,600000256,wind_sensor_link,3.4,146.0,0.0
1790354099925364999,1790354099,800000256,wind_sensor_link,3.4,146.0,0.0
1790354100132417307,1790354100,0,wind_sensor_link,3.1,149.0,0.0
1790354100324987163,1790354100,200000000,wind_sensor_link,2.9,152.0,0.0
1790354100532152135,1790354100,400000000,wind_sensor_link,2.7,152.0,0.0
1790354100724820712,1790354100,600000256,wind_sensor_link,2.7,154.0,0.0
1790354100931953315,1790354100,800000256,wind_sensor_link,2.4,154.0,0.0
1790354101124684928,1790354101,0,wind_sensor_link,2.4,148.0,0.0
1790354101331679218,1790354101,200000000,wind_sensor_link,2.3,146.0,0.0
1790354101524687847,1790354101,400000000,wind_sensor_link,2.2,146.0,0.0
1790354101731294011,1790354101,600000256,wind_sensor_link,2.3,144.0,0.0
1790354101924279251,1790354101,800000256,wind_sensor_link,2.4,143.0,0.0
1790354102131181820,1790354102,0,wind_sensor_link,2.5,145.0,0.0
1790354102323769287,1790354102,200000000,wind_sensor_link,2.5,145.0,0.0
1790354102530745243,1790354102,400000000,wind_sensor_link,2.7,145.0,0.0
1790354102723450968,1790354102,600000256,wind_sensor_link,2.7,147.0,0.0
1790354102930458035,1790354102,800000256,wind_sensor_link,2.8,146.0,0.0
1790354103123245518,1790354103,0,wind_sensor_link,2.9,145.0,0.0
1790354103330351325,1790354103,200000000,wind_sensor_link,3.0,144.0,0.0
1790354103523020865,1790354103,400000000,wind_sensor_link,3.1,142.0,0.0
1790354103729905119,1790354103,600000256,wind_sensor_link,3.2,142.0,0.0
1790354103922420846,1790354103,800000256,wind_sensor_link,3.2,143.0,0.0
1790354104129719354,1790354104,0,wind_sensor_link,3.3,145.0,0.0
1790354104322357431,1790354104,200000000,wind_sensor_link,3.3,147.0,0.0
1790354104529650236,1790354104,400000000,wind_sensor_link,3.5,153.0,0.0
1790354104722098186,1790354104,600000256,wind_sensor_link,3.5,156.0,0.0
1790354104929440786,1790354104,800000256,wind_sensor_link,3.4,157.0,0.0
1790354105121883292,1790354105,0,wind_sensor_link,3.4,159.0,0.0
1790354105329158171,1790354105,200000000,wind_sensor_link,3.5,161.0,0.0
1790354105521661991,1790354105,400000000,wind_sensor_link,3.7,161.0,0.0
1790354105728689724,1790354105,600000256,wind_sensor_link,3.6,161.0,0.0
1790354105921562725,1790354105,800000256,wind_sensor_link,3.6,158.0,0.0
1790354106128421850,1790354106,0,wind_sensor_link,3.5,155.0,0.0
1790354106321002724,1790354106,200000000,wind_sensor_link,3.6,155.0,0.0
1790354106528044624,1790354106,400000000,wind_sensor_link,3.7,157.0,0.0
1790354106720489333,1790354106,600000256,wind_sensor_link,3.7,155.0,0.0
1790354106927693028,1790354106,800000256,wind_sensor_link,3.7,155.0,0.0
1790354107120522529,1790354107,0,wind_sensor_link,3.7,154.0,0.0
1790354107327456356,1790354107,200000000,wind_sensor_link,3.7,155.0,0.0
1790354107520176618,1790354107,400000000,wind_sensor_link,3.7,155.0,0.0
1790354107727271629,1790354107,600000256,wind_sensor_link,3.8,156.0,0.0
1790354107919939983,1790354107,800000256,wind_sensor_link,3.9,158.0,0.0
1790354108126871644,1790354108,0,wind_sensor_link,4.1,158.0,0.0
1790354108319658738,1790354108,200000000,wind_sensor_link,4.1,159.0,0.0
1790354108526812082,1790354108,400000000,wind_sensor_link,4.0,157.0,0.0
1790354108719728044,1790354108,600000256,wind_sensor_link,3.9,158.0,0.0
1790354108926225414,1790354108,800000256,wind_sensor_link,3.9,158.0,0.0
1790354109119044304,1790354109,0,wind_sensor_link,4.0,160.0,0.0
1790354109326141259,1790354109,200000000,wind_sensor_link,4.0,159.0,0.0
1790354109533219178,1790354109,400000000,wind_sensor_link,3.8,156.0,0.0
1790354109725857459,1790354109,600000256,wind_sensor_link,3.7,155.0,0.0
1790354109932966729,1790354109,800000256,wind_sensor_link,3.6,154.0,0.0
1790354110125690120,1790354110,0,wind_sensor_link,3.7,153.0,0.0
1790354110332691372,1790354110,200000000,wind_sensor_link,3.7,153.0,0.0
1790354110525375819,1790354110,400000000,wind_sensor_link,3.6,153.0,0.0
1790354110732306925,1790354110,600000256,wind_sensor_link,3.7,151.0,0.0
1790354110925028557,1790354110,800000256,wind_sensor_link,3.6,151.0,0.0
1790354111132270899,1790354111,0,wind_sensor_link,3.6,152.0,0.0
1790354111324665368,1790354111,200000000,wind_sensor_link,3.6,153.0,0.0
1790354111531902877,1790354111,400000000,wind_sensor_link,3.6,155.0,0.0
1790354111724520121,1790354111,600000256,wind_sensor_link,3.5,156.0,0.0
1790354111931638465,1790354111,800000256,wind_sensor_link,3.5,155.0,0.0
1790354112124276357,1790354112,0,wind_sensor_link,3.5,157.0,0.0
1790354112331304147,1790354112,200000000,wind_sensor_link,3.4,158.0,0.0
1790354112523934409,1790354112,400000000,wind_sensor_link,3.4,159.0,0.0
1790354112730992420,1790354112,600000256,wind_sensor_link,3.3,159.0,0.0
1790354112923725570,1790354112,800000256,wind_sensor_link,3.3,160.0,0.0
1790354113130712971,1790354113,0,wind_sensor_link,3.2,161.0,0.0
1790354113323240217,1790354113,200000000,wind_sensor_link,3.2,162.0,0.0
1790354113530617465,1790354113,400000000,wind_sensor_link,3.1,164.0,0.0
1790354113723158951,1790354113,600000256,wind_sensor_link,3.1,163.0,0.0
1790354113930313276,1790354113,800000256,wind_sensor_link,3.1,162.0,0.0
1790354114122909927,1790354114,0,wind_sensor_link,3.2,165.0,0.0
1790354114330041419,1790354114,200000000,wind_sensor_link,3.2,165.0,0.0
1790354114522688700,1790354114,400000000,wind_sensor_link,3.1,165.0,0.0
1790354114729712471,1790354114,600000256,wind_sensor_link,3.1,165.0,0.0
1790354114922301956,1790354114,800000256,wind_sensor_link,3.1,165.0,0.0
1790354115129504040,1790354115,0,wind_sensor_link,3.1,164.0,0.0
1790354115321800973,1790354115,200000000,wind_sensor_link,3.0,163.0,0.0
1790354115529198054,1790354115,400000000,wind_sensor_link,3.0,162.0,0.0
1790354115721659115,1790354115,600000256,wind_sensor_link,2.9,161.0,0.0
1790354115928910939,1790354115,800000256,wind_sensor_link,2.9,160.0,0.0
1790354116121659070,1790354116,0,wind_sensor_link,2.8,160.0,0.0
1790354116328736859,1790354116,200000000,wind_sensor_link,2.8,160.0,0.0
1790354116522029299,1790354116,400000000,wind_sensor_link,2.8,159.0,0.0
1790354116728475521,1790354116,600000256,wind_sensor_link,2.8,159.0,0.0
1790354116921397113,1790354116,800000256,wind_sensor_link,2.7,160.0,0.0
1790354117128169721,1790354117,0,wind_sensor_link,2.7,159.0,0.0
1790354117320544523,1790354117,200000000,wind_sensor_link,2.7,159.0,0.0
1790354117527890494,1790354117,400000000,wind_sensor_link,2.7,159.0,0.0
1790354117720525516,1790354117,600000256,wind_sensor_link,2.7,159.0,0.0
1790354117927716322,1790354117,800000256,wind_sensor_link,2.7,159.0,0.0
1790354118120208549,1790354118,0,wind_sensor_link,2.7,157.0,0.0
1790354118327199857,1790354118,200000000,wind_sensor_link,2.7,156.0,0.0
1790354118520306577,1790354118,400000000,wind_sensor_link,2.7,157.0,0.0
1790354118726973482,1790354118,600000256,wind_sensor_link,2.7,157.0,0.0
1790354118920119812,1790354118,800000256,wind_sensor_link,2.7,156.0,0.0
1790354119126840716,1790354119,0,wind_sensor_link,2.7,156.0,0.0
1790354119319162149,1790354119,200000000,wind_sensor_link,2.7,158.0,0.0
1790354119526486694,1790354119,400000000,wind_sensor_link,2.8,158.0,0.0
1790354119719470490,1790354119,600000256,wind_sensor_link,2.8,160.0,0.0
1790354119926272893,1790354119,800000256,wind_sensor_link,2.8,159.0,0.0
1790354120119395205,1790354120,0,wind_sensor_link,2.9,159.0,0.0
1790354120326010481,1790354120,200000000,wind_sensor_link,2.9,157.0,0.0
1790354120533119417,1790354120,400000000,wind_sensor_link,2.9,158.0,0.0
1790354120725712588,1790354120,600000256,wind_sensor_link,2.9,157.0,0.0
1790354120932869116,1790354120,800000256,wind_sensor_link,2.8,155.0,0.0
1790354121125489916,1790354121,0,wind_sensor_link,2.8,155.0,0.0
1790354121332720184,1790354121,200000000,wind_sensor_link,2.8,154.0,0.0
1790354121525249708,1790354121,400000000,wind_sensor_link,2.8,154.0,0.0
1790354121732242979,1790354121,600000256,wind_sensor_link,2.7,153.0,0.0
1790354121925148627,1790354121,800000256,wind_sensor_link,2.7,153.0,0.0
1790354122132089825,1790354122,0,wind_sensor_link,2.6,152.0,0.0
1790354122324803846,1790354122,200000000,wind_sensor_link,2.6,153.0,0.0
1790354122531958263,1790354122,400000000,wind_sensor_link,2.6,153.0,0.0
1790354122724512045,1790354122,600000256,wind_sensor_link,2.6,153.0,0.0
1790354122931500131,1790354122,800000256,wind_sensor_link,2.6,153.0,0.0
1790354123124235689,1790354123,0,wind_sensor_link,2.6,154.0,0.0
1790354123331210775,1790354123,200000000,wind_sensor_link,2.5,155.0,0.0
1790354123523874796,1790354123,400000000,wind_sensor_link,2.5,156.0,0.0
1790354123731075084,1790354123,600000256,wind_sensor_link,2.5,157.0,0.0
1790354123923495812,1790354123,800000256,wind_sensor_link,2.5,157.0,0.0
1790354124130831079,1790354124,0,wind_sensor_link,2.5,157.0,0.0
1790354124323425953,1790354124,200000000,wind_sensor_link,2.5,159.0,0.0
1790354124530472372,1790354124,400000000,wind_sensor_link,2.5,159.0,0.0
1790354124723369094,1790354124,600000256,wind_sensor_link,2.5,162.0,0.0
1790354124930306421,1790354124,800000256,wind_sensor_link,2.5,164.0,0.0
1790354125122925351,1790354125,0,wind_sensor_link,2.5,165.0,0.0
1790354125329863734,1790354125,200000000,wind_sensor_link,2.5,167.0,0.0
1790354125522965861,1790354125,400000000,wind_sensor_link,2.5,168.0,0.0
1790354125729735598,1790354125,600000256,wind_sensor_link,2.5,169.0,0.0
1790354125922371157,1790354125,800000256,wind_sensor_link,2.5,169.0,0.0
1790354126129478019,1790354126,0,wind_sensor_link,2.5,169.0,0.0
1790354126322031375,1790354126,200000000,wind_sensor_link,2.5,169.0,0.0
1790354126529126145,1790354126,400000000,wind_sensor_link,2.6,167.0,0.0
1790354126721732890,1790354126,600000256,wind_sensor_link,2.5,169.0,0.0
1790354126928740902,1790354126,800000256,wind_sensor_link,2.5,171.0,0.0
1790354127121201518,1790354127,0,wind_sensor_link,2.5,171.0,0.0
1790354127328390380,1790354127,200000000,wind_sensor_link,2.5,172.0,0.0
1790354127521127696,1790354127,400000000,wind_sensor_link,2.5,172.0,0.0
1790354127728345520,1790354127,600000256,wind_sensor_link,2.4,172.0,0.0
1790354127920728286,1790354127,800000256,wind_sensor_link,2.4,172.0,0.0
1790354128127935907,1790354128,0,wind_sensor_link,2.4,173.0,0.0
1790354128321057774,1790354128,200000000,wind_sensor_link,2.4,172.0,0.0
1790354128527771975,1790354128,400000000,wind_sensor_link,2.5,175.0,0.0
1790354128720290517,1790354128,600000256,wind_sensor_link,2.4,176.0,0.0
1790354128927440767,1790354128,800000256,wind_sensor_link,2.4,176.0,0.0
1790354129120373489,1790354129,0,wind_sensor_link,2.4,176.0,0.0
1790354129327137356,1790354129,200000000,wind_sensor_link,2.3,176.0,0.0
1790354129520109522,1790354129,400000000,wind_sensor_link,2.3,175.0,0.0
1790354129726834704,1790354129,600000256,wind_sensor_link,2.2,175.0,0.0
1790354129919825036,1790354129,800000256,wind_sensor_link,2.1,175.0,0.0
1790354130126690420,1790354130,0,wind_sensor_link,1.9,174.0,0.0
1790354130319540291,1790354130,200000000,wind_sensor_link,1.9,172.0,0.0
1790354130526301917,1790354130,400000000,wind_sensor_link,2.0,173.0,0.0
1790354130719296156,1790354130,600000256,wind_sensor_link,2.0,173.0,0.0
1790354130926057338,1790354130,800000256,wind_sensor_link,2.1,176.0,0.0
1790354131133216533,1790354131,0,wind_sensor_link,2.2,177.0,0.0
1790354131325723464,1790354131,200000000,wind_sensor_link,2.3,179.0,0.0
1790354131533055823,1790354131,400000000,wind_sensor_link,2.3,182.0,0.0
1790354131725467126,1790354131,600000256,wind_sensor_link,2.4,182.0,0.0
1790354131932556099,1790354131,800000256,wind_sensor_link,2.4,183.0,0.0
1790354132125274991,1790354132,0,wind_sensor_link,2.5,182.0,0.0
1790354132332286465,1790354132,200000000,wind_sensor_link,2.5,183.0,0.0
1790354132524918672,1790354132,400000000,wind_sensor_link,2.4,184.0,0.0
1790354132732068386,1790354132,600000256,wind_sensor_link,2.3,184.0,0.0
1790354132924738667,1790354132,800000256,wind_sensor_link,2.3,183.0,0.0
1790354133131794363,1790354133,0,wind_sensor_link,2.3,181.0,0.0
1790354133324246276,1790354133,200000000,wind_sensor_link,2.3,182.0,0.0
1790354133531503544,1790354133,400000000,wind_sensor_link,2.4,182.0,0.0
1790354133724199824,1790354133,600000256,wind_sensor_link,2.4,183.0,0.0
1790354133931298354,1790354133,800000256,wind_sensor_link,2.4,180.0,0.0
1790354134123888024,1790354134,0,wind_sensor_link,2.4,181.0,0.0
1790354134330975702,1790354134,200000000,wind_sensor_link,2.4,178.0,0.0
1790354134523951497,1790354134,400000000,wind_sensor_link,2.4,177.0,0.0
1790354134730723604,1790354134,600000256,wind_sensor_link,2.3,176.0,0.0
1790354134923300719,1790354134,800000256,wind_sensor_link,2.3,176.0,0.0
1790354135130428767,1790354135,0,wind_sensor_link,2.2,177.0,0.0
1790354135323037937,1790354135,200000000,wind_sensor_link,2.1,176.0,0.0
1790354135530171169,1790354135,400000000,wind_sensor_link,2.1,177.0,0.0
1790354135722727452,1790354135,600000256,wind_sensor_link,2.1,177.0,0.0
1790354135930104885,1790354135,800000256,wind_sensor_link,2.0,178.0,0.0
1790354136122665926,1790354136,0,wind_sensor_link,2.0,179.0,0.0
1790354136329875843,1790354136,200000000,wind_sensor_link,2.0,180.0,0.0
1790354136522283441,1790354136,400000000,wind_sensor_link,2.0,179.0,0.0
1790354136729383248,1790354136,600000256,wind_sensor_link,2.0,178.0,0.0
1790354136922081232,1790354136,800000256,wind_sensor_link,2.0,177.0,0.0
1790354137129241187,1790354137,0,wind_sensor_link,1.9,177.0,0.0
1790354137322081095,1790354137,200000000,wind_sensor_link,1.9,176.0,0.0
1790354137528966923,1790354137,400000000,wind_sensor_link,1.9,176.0,0.0
1790354137721556038,1790354137,600000256,wind_sensor_link,1.9,173.0,0.0
1790354137928735196,1790354137,800000256,wind_sensor_link,2.0,174.0,0.0
1790354138121142794,1790354138,0,wind_sensor_link,2.0,175.0,0.0
1790354138328544153,1790354138,200000000,wind_sensor_link,2.0,173.0,0.0
1790354138520874160,1790354138,400000000,wind_sensor_link,2.0,172.0,0.0
1790354138728235112,1790354138,600000256,wind_sensor_link,2.1,171.0,0.0
1790354138921238685,1790354138,800000256,wind_sensor_link,2.0,166.0,0.0
1790354139128081180,1790354139,0,wind_sensor_link,2.0,164.0,0.0
1790354139320373058,1790354139,200000000,wind_sensor_link,2.1,163.0,0.0
1790354139527524346,1790354139,400000000,wind_sensor_link,2.1,160.0,0.0
1790354139719813594,1790354139,600000256,wind_sensor_link,2.1,160.0,0.0
1790354139927477339,1790354139,800000256,wind_sensor_link,2.0,161.0,0.0
1790354140120361857,1790354140,0,wind_sensor_link,2.0,161.0,0.0
1790354140327204594,1790354140,200000000,wind_sensor_link,2.0,159.0,0.0
1790354140519849874,1790354140,400000000,wind_sensor_link,2.1,164.0,0.0
1790354140726946756,1790354140,600000256,wind_sensor_link,2.1,164.0,0.0
1790354140919992902,1790354140,800000256,wind_sensor_link,2.0,161.0,0.0
1790354141126934729,1790354141,0,wind_sensor_link,1.9,159.0,0.0
1790354141319326365,1790354141,200000000,wind_sensor_link,1.9,159.0,0.0
1790354141526470246,1790354141,400000000,wind_sensor_link,1.9,154.0,0.0
1790354141719395542,1790354141,600000256,wind_sensor_link,1.9,153.0,0.0
1790354141926218204,1790354141,800000256,wind_sensor_link,1.9,152.0,0.0
1790354142119243054,1790354142,0,wind_sensor_link,1.7,147.0,0.0
1790354142325788257,1790354142,200000000,wind_sensor_link,1.6,146.0,0.0
1790354142533141857,1790354142,400000000,wind_sensor_link,1.6,141.0,0.0
1790354142725714861,1790354142,600000256,wind_sensor_link,1.6,145.0,0.0
1790354142932876019,1790354142,800000256,wind_sensor_link,1.6,144.0,0.0
1790354143125321654,1790354143,0,wind_sensor_link,1.6,145.0,0.0
1790354143332460591,1790354143,200000000,wind_sensor_link,1.6,146.0,0.0
1790354143525265962,1790354143,400000000,wind_sensor_link,1.6,145.0,0.0
1790354143732204345,1790354143,600000256,wind_sensor_link,1.7,147.0,0.0
1790354143924788145,1790354143,800000256,wind_sensor_link,1.6,147.0,0.0
1790354144132064876,1790354144,0,wind_sensor_link,1.7,151.0,0.0
1790354144324509845,1790354144,200000000,wind_sensor_link,1.6,150.0,0.0
1790354144531719243,1790354144,400000000,wind_sensor_link,1.7,151.0,0.0
1790354144724690909,1790354144,600000256,wind_sensor_link,1.7,150.0,0.0
1790354144931540997,1790354144,800000256,wind_sensor_link,1.6,150.0,0.0
1790354145124062316,1790354145,0,wind_sensor_link,1.5,152.0,0.0
1790354145331325251,1790354145,200000000,wind_sensor_link,1.4,153.0,0.0
1790354145524065864,1790354145,400000000,wind_sensor_link,1.5,156.0,0.0
1790354145731137893,1790354145,600000256,wind_sensor_link,1.4,157.0,0.0
1790354145923797322,1790354145,800000256,wind_sensor_link,1.5,162.0,0.0
1790354146130873407,1790354146,0,wind_sensor_link,1.5,161.0,0.0
1790354146323237525,1790354146,200000000,wind_sensor_link,1.5,160.0,0.0
1790354146530677161,1790354146,400000000,wind_sensor_link,1.5,161.0,0.0
1790354146723002187,1790354146,600000256,wind_sensor_link,1.6,160.0,0.0
1790354146930317898,1790354146,800000256,wind_sensor_link,1.6,160.0,0.0
1790354147122806663,1790354147,0,wind_sensor_link,1.6,156.0,0.0
1790354147330194077,1790354147,200000000,wind_sensor_link,1.6,153.0,0.0
1790354147522806414,1790354147,400000000,wind_sensor_link,1.5,151.0,0.0
1790354147729911258,1790354147,600000256,wind_sensor_link,1.4,150.0,0.0
1790354147922514502,1790354147,800000256,wind_sensor_link,1.5,146.0,0.0
1790354148129467459,1790354148,0,wind_sensor_link,1.5,145.0,0.0
1790354148322291997,1790354148,200000000,wind_sensor_link,1.4,146.0,0.0
1790354148529277547,1790354148,400000000,wind_sensor_link,1.4,142.0,0.0
1790354148721916457,1790354148,600000256,wind_sensor_link,1.5,143.0,0.0
1790354148929157670,1790354148,800000256,wind_sensor_link,1.5,142.0,0.0
1790354149121778877,1790354149,0,wind_sensor_link,1.5,140.0,0.0
1790354149328788944,1790354149,200000000,wind_sensor_link,1.5,141.0,0.0
1790354149521854683,1790354149,400000000,wind_sensor_link,1.5,146.0,0.0
1790354149728512588,1790354149,600000256,wind_sensor_link,1.5,144.0,0.0
1790354149921132758,1790354149,800000256,wind_sensor_link,1.5,145.0,0.0
1790354150128554006,1790354150,0,wind_sensor_link,1.5,146.0,0.0
1790354150320825606,1790354150,200000000,wind_sensor_link,1.5,148.0,0.0
1790354150527925320,1790354150,400000000,wind_sensor_link,1.5,149.0,0.0
1790354150720734821,1790354150,600000256,wind_sensor_link,1.5,149.0,0.0
1790354150927620427,1790354150,800000256,wind_sensor_link,1.5,151.0,0.0
1790354151120389429,1790354151,0,wind_sensor_link,1.5,152.0,0.0
1790354151327511106,1790354151,200000000,wind_sensor_link,1.5,152.0,0.0
1790354151520091610,1790354151,400000000,wind_sensor_link,1.5,153.0,0.0
1790354151727257268,1790354151,600000256,wind_sensor_link,1.5,153.0,0.0
1790354151919892845,1790354151,800000256,wind_sensor_link,1.4,153.0,0.0
1790354152126983041,1790354152,0,wind_sensor_link,1.4,154.0,0.0
1790354152319953670,1790354152,200000000,wind_sensor_link,1.3,154.0,0.0
1790354152526779684,1790354152,400000000,wind_sensor_link,1.3,155.0,0.0
1790354152719703091,1790354152,600000256,wind_sensor_link,1.2,155.0,0.0
1790354152926499902,1790354152,800000256,wind_sensor_link,1.1,155.0,0.0
1790354153118828187,1790354153,0,wind_sensor_link,1.1,155.0,0.0
1790354153326196046,1790354153,200000000,wind_sensor_link,1.1,155.0,0.0
1790354153519199600,1790354153,400000000,wind_sensor_link,1.0,154.0,0.0
1790354153725755025,1790354153,600000256,wind_sensor_link,1.0,153.0,0.0
1790354153933099977,1790354153,800000256,wind_sensor_link,1.0,150.0,0.0
1790354154125519446,1790354154,0,wind_sensor_link,1.0,147.0,0.0
1790354154332895731,1790354154,200000000,wind_sensor_link,1.0,144.0,0.0
1790354154525644937,1790354154,400000000,wind_sensor_link,1.0,141.0,0.0
1790354154732445636,1790354154,600000256,wind_sensor_link,1.0,140.0,0.0
1790354154925360414,1790354154,800000256,wind_sensor_link,1.0,138.0,0.0
1790354155132140614,1790354155,0,wind_sensor_link,1.0,135.0,0.0
1790354155325081465,1790354155,200000000,wind_sensor_link,0.9,135.0,0.0
1790354155532154828,1790354155,400000000,wind_sensor_link,0.9,136.0,0.0
1790354155724696129,1790354155,600000256,wind_sensor_link,0.9,135.0,0.0
1790354155931670048,1790354155,800000256,wind_sensor_link,0.8,133.0,0.0
1790354156124338366,1790354156,0,wind_sensor_link,0.8,132.0,0.0
1790354156331303619,1790354156,200000000,wind_sensor_link,0.8,130.0,0.0
1790354156524298785,1790354156,400000000,wind_sensor_link,0.8,126.0,0.0
1790354156731216409,1790354156,600000256,wind_sensor_link,0.8,125.0,0.0
1790354156924140538,1790354156,800000256,wind_sensor_link,0.8,125.0,0.0
1790354157130804017,1790354157,0,wind_sensor_link,0.8,127.0,0.0
1790354157323529908,1790354157,200000000,wind_sensor_link,0.9,129.0,0.0
1790354157530559697,1790354157,400000000,wind_sensor_link,1.0,131.0,0.0
1790354157723274348,1790354157,600000256,wind_sensor_link,1.0,132.0,0.0
1790354157930213749,1790354157,800000256,wind_sensor_link,1.0,135.0,0.0
1790354158123062972,1790354158,0,wind_sensor_link,1.1,139.0,0.0
1790354158330181112,1790354158,200000000,wind_sensor_link,1.2,139.0,0.0
1790354158523107945,1790354158,400000000,wind_sensor_link,1.3,141.0,0.0
1790354158730085143,1790354158,600000256,wind_sensor_link,1.3,139.0,0.0
1790354158922508797,1790354158,800000256,wind_sensor_link,1.3,139.0,0.0
1790354159129547549,1790354159,0,wind_sensor_link,1.4,141.0,0.0
1790354159322262181,1790354159,200000000,wind_sensor_link,1.4,141.0,0.0
1790354159529321877,1790354159,400000000,wind_sensor_link,1.4,141.0,0.0
1790354159721987787,1790354159,600000256,wind_sensor_link,1.4,142.0,0.0
1790354159929178389,1790354159,800000256,wind_sensor_link,1.4,142.0,0.0
1790354160121768282,1790354160,0,wind_sensor_link,1.4,142.0,0.0
1790354160328852238,1790354160,200000000,wind_sensor_link,1.3,141.0,0.0
1790354160521443112,1790354160,400000000,wind_sensor_link,1.4,140.0,0.0
1790354160728558863,1790354160,600000256,wind_sensor_link,1.4,138.0,0.0
1790354160920965536,1790354160,800000256,wind_sensor_link,1.4,137.0,0.0
1790354161128719705,1790354161,0,wind_sensor_link,1.4,137.0,0.0
1790354161320724197,1790354161,200000000,wind_sensor_link,1.5,134.0,0.0
1790354161528086964,1790354161,400000000,wind_sensor_link,1.5,135.0,0.0
1790354161720431064,1790354161,600000256,wind_sensor_link,1.5,136.0,0.0
1790354161927825311,1790354161,800000256,wind_sensor_link,1.5,136.0,0.0
1790354162120215077,1790354162,0,wind_sensor_link,1.4,136.0,0.0
1790354162327474845,1790354162,200000000,wind_sensor_link,1.4,135.0,0.0
1790354162520053460,1790354162,400000000,wind_sensor_link,1.4,135.0,0.0
1790354162727297654,1790354162,600000256,wind_sensor_link,1.4,135.0,0.0
1790354162920099878,1790354162,800000256,wind_sensor_link,1.3,135.0,0.0
1790354163126784949,1790354163,0,wind_sensor_link,1.3,135.0,0.0
1790354163319522784,1790354163,200000000,wind_sensor_link,1.2,135.0,0.0
1790354163526564036,1790354163,400000000,wind_sensor_link,1.2,133.0,0.0
1790354163719218002,1790354163,600000256,wind_sensor_link,1.2,134.0,0.0
1790354163926391364,1790354163,800000256,wind_sensor_link,1.2,132.0,0.0
1790354164119342882,1790354164,0,wind_sensor_link,1.2,130.0,0.0
1790354164326142507,1790354164,200000000,wind_sensor_link,1.1,129.0,0.0
1790354164518849862,1790354164,400000000,wind_sensor_link,1.1,130.0,0.0
1790354164725681598,1790354164,600000256,wind_sensor_link,1.1,133.0,0.0
1790354164932990328,1790354164,800000256,wind_sensor_link,1.0,132.0,0.0
1790354165125382945,1790354165,0,wind_sensor_link,1.0,133.0,0.0
1790354165332745212,1790354165,200000000,wind_sensor_link,1.0,133.0,0.0
1790354165525126996,1790354165,400000000,wind_sensor_link,0.9,132.0,0.0
1790354165732404431,1790354165,600000256,wind_sensor_link,0.9,132.0,0.0
1790354165925116433,1790354165,800000256,wind_sensor_link,0.9,132.0,0.0
1790354166132155315,1790354166,0,wind_sensor_link,0.9,132.0,0.0
1790354166324772355,1790354166,200000000,wind_sensor_link,0.9,131.0,0.0
1790354166531930365,1790354166,400000000,wind_sensor_link,0.9,130.0,0.0
1790354166724570517,1790354166,600000256,wind_sensor_link,0.9,134.0,0.0
1790354166931740304,1790354166,800000256,wind_sensor_link,1.0,133.0,0.0
1790354167124321327,1790354167,0,wind_sensor_link,1.0,135.0,0.0
1790354167331385449,1790354167,200000000,wind_sensor_link,0.9,140.0,0.0
1790354167524386040,1790354167,400000000,wind_sensor_link,0.9,140.0,0.0
1790354167731215517,1790354167,600000256,wind_sensor_link,0.9,142.0,0.0
1790354167923533673,1790354167,800000256,wind_sensor_link,0.9,142.0,0.0
1790354168130818588,1790354168,0,wind_sensor_link,0.9,144.0,0.0
1790354168323534498,1790354168,200000000,wind_sensor_link,0.8,143.0,0.0
1790354168530514992,1790354168,400000000,wind_sensor_link,0.8,146.0,0.0
1790354168723247883,1790354168,600000256,wind_sensor_link,0.8,146.0,0.0
1790354168930190618,1790354168,800000256,wind_sensor_link,0.8,149.0,0.0
1790354169122943323,1790354169,0,wind_sensor_link,0.8,151.0,0.0
1790354169330081852,1790354169,200000000,wind_sensor_link,0.8,152.0,0.0
1790354169522756169,1790354169,400000000,wind_sensor_link,0.8,154.0,0.0
1790354169729776551,1790354169,600000256,wind_sensor_link,0.8,154.0,0.0
1790354169922437758,1790354169,800000256,wind_sensor_link,0.9,153.0,0.0
1790354170129778636,1790354170,0,wind_sensor_link,0.9,154.0,0.0
1790354170322172587,1790354170,200000000,wind_sensor_link,0.9,154.0,0.0
1790354170529214617,1790354170,400000000,wind_sensor_link,0.9,153.0,0.0
1790354170721867824,1790354170,600000256,wind_sensor_link,0.9,153.0,0.0
1790354170929055278,1790354170,800000256,wind_sensor_link,0.8,152.0,0.0
1790354171121737095,1790354171,0,wind_sensor_link,0.8,152.0,0.0
1790354171328695904,1790354171,200000000,wind_sensor_link,0.8,153.0,0.0
1790354171521435276,1790354171,400000000,wind_sensor_link,0.8,153.0,0.0
1790354171728477973,1790354171,600000256,wind_sensor_link,0.7,152.0,0.0
1790354171921456824,1790354171,800000256,wind_sensor_link,0.7,151.0,0.0
1790354172128261671,1790354172,0,wind_sensor_link,0.8,151.0,0.0
1790354172321144783,1790354172,200000000,wind_sensor_link,0.8,152.0,0.0
1790354172528003259,1790354172,400000000,wind_sensor_link,0.8,153.0,0.0
1790354172720365840,1790354172,600000256,wind_sensor_link,0.8,152.0,0.0
1790354172927749884,1790354172,800000256,wind_sensor_link,0.9,153.0,0.0
1790354173120145094,1790354173,0,wind_sensor_link,0.9,153.0,0.0
1790354173327424028,1790354173,200000000,wind_sensor_link,0.9,153.0,0.0
1790354173520157882,1790354173,400000000,wind_sensor_link,0.9,153.0,0.0
1790354173727228856,1790354173,600000256,wind_sensor_link,0.8,153.0,0.0
1790354173920266947,1790354173,800000256,wind_sensor_link,0.8,154.0,0.0
1790354174127013370,1790354174,0,wind_sensor_link,0.8,155.0,0.0
1790354174319788834,1790354174,200000000,wind_sensor_link,0.8,157.0,0.0
1790354174526659940,1790354174,400000000,wind_sensor_link,0.8,158.0,0.0
1790354174719230741,1790354174,600000256,wind_sensor_link,0.8,158.0,0.0
1790354174926406213,1790354174,800000256,wind_sensor_link,0.8,156.0,0.0
1790354175118887681,1790354175,0,wind_sensor_link,0.8,154.0,0.0
1790354175325965452,1790354175,200000000,wind_sensor_link,0.8,153.0,0.0
1790354175518783656,1790354175,400000000,wind_sensor_link,0.8,152.0,0.0
1790354175725717058,1790354175,600000256,wind_sensor_link,0.7,149.0,0.0
1790354175933002196,1790354175,800000256,wind_sensor_link,0.7,148.0,0.0
1790354176125434406,1790354176,0,wind_sensor_link,0.7,145.0,0.0
1790354176332726580,1790354176,200000000,wind_sensor_link,0.7,144.0,0.0
1790354176525159142,1790354176,400000000,wind_sensor_link,0.7,141.0,0.0
1790354176732431373,1790354176,600000256,wind_sensor_link,0.7,140.0,0.0
1790354176924860804,1790354176,800000256,wind_sensor_link,0.7,139.0,0.0
1790354177132189923,1790354177,0,wind_sensor_link,0.7,136.0,0.0
1790354177324716854,1790354177,200000000,wind_sensor_link,0.7,134.0,0.0
1790354177531949955,1790354177,400000000,wind_sensor_link,0.7,135.0,0.0
1790354177724527033,1790354177,600000256,wind_sensor_link,0.7,136.0,0.0
1790354177931664766,1790354177,800000256,wind_sensor_link,0.7,135.0,0.0
1790354178124296362,1790354178,0,wind_sensor_link,0.7,136.0,0.0
1790354178331345984,1790354178,200000000,wind_sensor_link,0.7,137.0,0.0
1790354178523971117,1790354178,400000000,wind_sensor_link,0.8,137.0,0.0
1790354178731132831,1790354178,600000256,wind_sensor_link,0.8,137.0,0.0
1790354178923547596,1790354178,800000256,wind_sensor_link,0.8,139.0,0.0
1790354179130816438,1790354179,0,wind_sensor_link,0.8,139.0,0.0
1790354179323552959,1790354179,200000000,wind_sensor_link,0.8,137.0,0.0
1790354179530697969,1790354179,400000000,wind_sensor_link,0.8,135.0,0.0
1790354179723253695,1790354179,600000256,wind_sensor_link,0.8,133.0,0.0
1790354179930201411,1790354179,800000256,wind_sensor_link,0.9,132.0,0.0
1790354180123017635,1790354180,0,wind_sensor_link,0.9,132.0,0.0
1790354180329986369,1790354180,200000000,wind_sensor_link,0.9,131.0,0.0
1790354180522674705,1790354180,400000000,wind_sensor_link,0.9,127.0,0.0
1790354180729719087,1790354180,600000256,wind_sensor_link,0.9,125.0,0.0
1790354180922767659,1790354180,800000256,wind_sensor_link,0.8,125.0,0.0
1790354181129543563,1790354181,0,wind_sensor_link,0.9,121.0,0.0
1790354181322196621,1790354181,200000000,wind_sensor_link,0.9,123.0,0.0
1790354181529259947,1790354181,400000000,wind_sensor_link,0.8,123.0,0.0
1790354181721893654,1790354181,600000256,wind_sensor_link,0.8,123.0,0.0
1790354181929055794,1790354181,800000256,wind_sensor_link,0.8,124.0,0.0
1790354182121703760,1790354182,0,wind_sensor_link,0.8,125.0,0.0
1790354182328771234,1790354182,200000000,wind_sensor_link,0.9,127.0,0.0
1790354182521401200,1790354182,400000000,wind_sensor_link,0.9,129.0,0.0
1790354182728459341,1790354182,600000256,wind_sensor_link,0.9,135.0,0.0
1790354182921372748,1790354182,800000256,wind_sensor_link,0.9,139.0,0.0
1790354183128501944,1790354183,0,wind_sensor_link,1.0,141.0,0.0
1790354183321123799,1790354183,200000000,wind_sensor_link,1.0,147.0,0.0
1790354183527953054,1790354183,400000000,wind_sensor_link,1.0,152.0,0.0
1790354183720674741,1790354183,600000256,wind_sensor_link,1.0,154.0,0.0
1790354183927754493,1790354183,800000256,wind_sensor_link,1.0,158.0,0.0
1790354184120376070,1790354184,0,wind_sensor_link,1.0,156.0,0.0
1790354184327419915,1790354184,200000000,wind_sensor_link,1.1,154.0,0.0
1790354184520044733,1790354184,400000000,wind_sensor_link,1.1,152.0,0.0
1790354184727190132,1790354184,600000256,wind_sensor_link,1.2,149.0,0.0
1790354184919808099,1790354184,800000256,wind_sensor_link,1.2,145.0,0.0
1790354185126985146,1790354185,0,wind_sensor_link,1.3,141.0,0.0
1790354185320029329,1790354185,200000000,wind_sensor_link,1.3,139.0,0.0
1790354185526996230,1790354185,400000000,wind_sensor_link,1.3,137.0,0.0
1790354185719356496,1790354185,600000256,wind_sensor_link,1.3,138.0,0.0
1790354185926398396,1790354185,800000256,wind_sensor_link,1.3,143.0,0.0
1790354186119455691,1790354186,0,wind_sensor_link,1.3,144.0,0.0
1790354186326232187,1790354186,200000000,wind_sensor_link,1.3,147.0,0.0
1790354186519228852,1790354186,400000000,wind_sensor_link,1.4,151.0,0.0
1790354186725957182,1790354186,600000256,wind_sensor_link,1.4,154.0,0.0
1790354186918952663,1790354186,800000256,wind_sensor_link,1.4,162.0,0.0
1790354187125559198,1790354187,0,wind_sensor_link,1.5,161.0,0.0
1790354187332838966,1790354187,200000000,wind_sensor_link,1.6,161.0,0.0
1790354187525443284,1790354187,400000000,wind_sensor_link,1.6,163.0,0.0
1790354187732496166,1790354187,600000256,wind_sensor_link,1.8,163.0,0.0
1790354187925243057,1790354187,800000256,wind_sensor_link,1.8,157.0,0.0
1790354188132253828,1790354188,0,wind_sensor_link,1.8,156.0,0.0
1790354188324877609,1790354188,200000000,wind_sensor_link,1.7,154.0,0.0
1790354188532077563,1790354188,400000000,wind_sensor_link,1.7,148.0,0.0
1790354188724551735,1790354188,600000256,wind_sensor_link,1.6,149.0,0.0
1790354188931752022,1790354188,800000256,wind_sensor_link,1.4,145.0,0.0
1790354189124505709,1790354189,0,wind_sensor_link,1.4,140.0,0.0
1790354189331500647,1790354189,200000000,wind_sensor_link,1.2,137.0,0.0
1790354189524138928,1790354189,400000000,wind_sensor_link,1.1,138.0,0.0
1790354189731176754,1790354189,600000256,wind_sensor_link,1.0,135.0,0.0
1790354189923817739,1790354189,800000256,wind_sensor_link,1.1,138.0,0.0
1790354190130993786,1790354190,0,wind_sensor_link,1.1,141.0,0.0
1790354190323489402,1790354190,200000000,wind_sensor_link,1.1,138.0,0.0
1790354190530753262,1790354190,400000000,wind_sensor_link,1.1,141.0,0.0
1790354190723389432,1790354190,600000256,wind_sensor_link,1.2,143.0,0.0
1790354190930471128,1790354190,800000256,wind_sensor_link,1.1,143.0,0.0
1790354191123171094,1790354191,0,wind_sensor_link,1.1,145.0,0.0
1790354191330225716,1790354191,200000000,wind_sensor_link,1.1,146.0,0.0
1790354191522666981,1790354191,400000000,wind_sensor_link,1.0,138.0,0.0
1790354191729953378,1790354191,600000256,wind_sensor_link,0.9,132.0,0.0
1790354191922885470,1790354191,800000256,wind_sensor_link,0.8,133.0,0.0
1790354192129889315,1790354192,0,wind_sensor_link,0.8,130.0,0.0
1790354192322313007,1790354192,200000000,wind_sensor_link,0.7,132.0,0.0
1790354192529380221,1790354192,400000000,wind_sensor_link,0.7,131.0,0.0
1790354192722035465,1790354192,600000256,wind_sensor_link,0.7,127.0,0.0
1790354192929177364,1790354192,800000256,wind_sensor_link,0.7,123.0,0.0
1790354193121739591,1790354193,0,wind_sensor_link,0.8,125.0,0.0
1790354193328897619,1790354193,200000000,wind_sensor_link,0.9,125.0,0.0
1790354193521508789,1790354193,400000000,wind_sensor_link,1.0,121.0,0.0
1790354193728549301,1790354193,600000256,wind_sensor_link,1.0,115.0,0.0
1790354193921270303,1790354193,800000256,wind_sensor_link,1.1,110.0,0.0
1790354194128308611,1790354194,0,wind_sensor_link,1.2,109.0,0.0
1790354194320934095,1790354194,200000000,wind_sensor_link,1.2,108.0,0.0
1790354194528355584,1790354194,400000000,wind_sensor_link,1.2,109.0,0.0
1790354194720740127,1790354194,600000256,wind_sensor_link,1.2,106.0,0.0
1790354194927865582,1790354194,800000256,wind_sensor_link,1.1,103.0,0.0
1790354195120835544,1790354195,0,wind_sensor_link,1.0,103.0,0.0
1790354195327498690,1790354195,200000000,wind_sensor_link,1.0,105.0,0.0
1790354195520099786,1790354195,400000000,wind_sensor_link,0.9,107.0,0.0
1790354195727304388,1790354195,600000256,wind_sensor_link,0.9,107.0,0.0
1790354195920195147,1790354195,800000256,wind_sensor_link,0.9,107.0,0.0
1790354196127003421,1790354196,0,wind_sensor_link,1.0,105.0,0.0
1790354196319388168,1790354196,200000000,wind_sensor_link,1.0,106.0,0.0
1790354196526756231,1790354196,400000000,wind_sensor_link,1.0,111.0,0.0
1790354196719067349,1790354196,600000256,wind_sensor_link,1.1,111.0,0.0
1790354196926235174,1790354196,800000256,wind_sensor_link,1.1,114.0,0.0
1790354197119416893,1790354197,0,wind_sensor_link,1.0,114.0,0.0
1790354197326195148,1790354197,200000000,wind_sensor_link,1.1,113.0,0.0
1790354197518860095,1790354197,400000000,wind_sensor_link,1.1,113.0,0.0
1790354197725878477,1790354197,600000256,wind_sensor_link,1.1,114.0,0.0
1790354197918865495,1790354197,800000256,wind_sensor_link,1.1,113.0,0.0
1790354198125653269,1790354198,0,wind_sensor_link,1.1,109.0,0.0
1790354198332808594,1790354198,200000000,wind_sensor_link,1.1,108.0,0.0
1790354198525346616,1790354198,400000000,wind_sensor_link,1.1,107.0,0.0
1790354198732432813,1790354198,600000256,wind_sensor_link,1.1,103.0,0.0
1790354198924919818,1790354198,800000256,wind_sensor_link,1.1,102.0,0.0
1790354199132163160,1790354199,0,wind_sensor_link,1.1,103.0,0.0
1790354199324791459,1790354199,200000000,wind_sensor_link,1.1,100.0,0.0
1790354199531956729,1790354199,400000000,wind_sensor_link,1.1,99.0,0.0
1790354199724502270,1790354199,600000256,wind_sensor_link,1.2,100.0,0.0
1790354199931725038,1790354199,800000256,wind_sensor_link,1.2,99.0,0.0
1790354200124144452,1790354200,0,wind_sensor_link,1.2,100.0,0.0
1790354200331410627,1790354200,200000000,wind_sensor_link,1.2,103.0,0.0
1790354200523900651,1790354200,400000000,wind_sensor_link,1.1,102.0,0.0
1790354200731096308,1790354200,600000256,wind_sensor_link,1.1,103.0,0.0
1790354200923732756,1790354200,800000256,wind_sensor_link,1.0,106.0,0.0
1790354201130947654,1790354201,0,wind_sensor_link,0.9,111.0,0.0
1790354201323555417,1790354201,200000000,wind_sensor_link,0.8,116.0,0.0
1790354201530668853,1790354201,400000000,wind_sensor_link,0.7,117.0,0.0
1790354201723249320,1790354201,600000256,wind_sensor_link,0.6,118.0,0.0
1790354201930291869,1790354201,800000256,wind_sensor_link,0.6,118.0,0.0
1790354202123323275,1790354202,0,wind_sensor_link,0.6,119.0,0.0
1790354202330032309,1790354202,200000000,wind_sensor_link,0.6,121.0,0.0
1790354202522424333,1790354202,400000000,wind_sensor_link,0.6,117.0,0.0
1790354202729764674,1790354202,600000256,wind_sensor_link,0.6,116.0,0.0
1790354202922487047,1790354202,800000256,wind_sensor_link,0.6,114.0,0.0
1790354203129653075,1790354203,0,wind_sensor_link,0.6,109.0,0.0
1790354203322196024,1790354203,200000000,wind_sensor_link,0.6,106.0,0.0
1790354203529448959,1790354203,400000000,wind_sensor_link,0.7,108.0,0.0
1790354203721877539,1790354203,600000256,wind_sensor_link,0.7,112.0,0.0
1790354203929055400,1790354203,800000256,wind_sensor_link,0.7,113.0,0.0
1790354204121702404,1790354204,0,wind_sensor_link,0.7,117.0,0.0
1790354204328792266,1790354204,200000000,wind_sensor_link,0.7,117.0,0.0
1790354204521765339,1790354204,400000000,wind_sensor_link,0.7,119.0,0.0
1790354204728455948,1790354204,600000256,wind_sensor_link,0.7,121.0,0.0
1790354204921138487,1790354204,800000256,wind_sensor_link,0.7,123.0,0.0
1790354205128206110,1790354205,0,wind_sensor_link,0.7,122.0,0.0
1790354205321158479,1790354205,200000000,wind_sensor_link,0.7,122.0,0.0
1790354205527981697,1790354205,400000000,wind_sensor_link,0.7,123.0,0.0
1790354205720981863,1790354205,600000256,wind_sensor_link,0.7,122.0,0.0
1790354205927729044,1790354205,800000256,wind_sensor_link,0.7,123.0,0.0
1790354206120347751,1790354206,0,wind_sensor_link,0.8,123.0,0.0
1790354206327429540,1790354206,200000000,wind_sensor_link,0.9,126.0,0.0
1790354206520106172,1790354206,400000000,wind_sensor_link,0.9,128.0,0.0
1790354206727193369,1790354206,600000256,wind_sensor_link,0.9,129.0,0.0
1790354206920097924,1790354206,800000256,wind_sensor_link,1.0,128.0,0.0
1790354207126995419,1790354207,0,wind_sensor_link,1.0,125.0,0.0
1790354207319652625,1790354207,200000000,wind_sensor_link,1.0,121.0,0.0
1790354207526899227,1790354207,400000000,wind_sensor_link,1.0,120.0,0.0
1790354207719285104,1790354207,600000256,wind_sensor_link,1.0,120.0,0.0
1790354207926226598,1790354207,800000256,wind_sensor_link,0.9,120.0,0.0
1790354208118985470,1790354208,0,wind_sensor_link,0.9,118.0,0.0
1790354208326391088,1790354208,200000000,wind_sensor_link,0.9,117.0,0.0
1790354208519213033,1790354208,400000000,wind_sensor_link,0.8,117.0,0.0
1790354208725892697,1790354208,600000256,wind_sensor_link,0.8,117.0,0.0
1790354208918974084,1790354208,800000256,wind_sensor_link,0.8,120.0,0.0
1790354209125701210,1790354209,0,wind_sensor_link,0.8,119.0,0.0
1790354209332801276,1790354209,200000000,wind_sensor_link,0.8,119.0,0.0
1790354209525572667,1790354209,400000000,wind_sensor_link,0.8,119.0,0.0
1790354209732465051,1790354209,600000256,wind_sensor_link,0.8,119.0,0.0
1790354209925182071,1790354209,800000256,wind_sensor_link,0.8,119.0,0.0
1790354210132258249,1790354210,0,wind_sensor_link,0.8,121.0,0.0
1790354210324856068,1790354210,200000000,wind_sensor_link,0.8,122.0,0.0
1790354210532165816,1790354210,400000000,wind_sensor_link,0.8,123.0,0.0
1790354210724538471,1790354210,600000256,wind_sensor_link,0.8,124.0,0.0
1790354210931755536,1790354210,800000256,wind_sensor_link,0.8,127.0,0.0
1790354211124338077,1790354211,0,wind_sensor_link,0.8,129.0,0.0
1790354211331624307,1790354211,200000000,wind_sensor_link,0.8,129.0,0.0
1790354211524091887,1790354211,400000000,wind_sensor_link,0.9,131.0,0.0
1790354211731271211,1790354211,600000256,wind_sensor_link,0.9,130.0,0.0
1790354211923804197,1790354211,800000256,wind_sensor_link,1.0,129.0,0.0
1790354212131143168,1790354212,0,wind_sensor_link,1.0,130.0,0.0
1790354212323476434,1790354212,200000000,wind_sensor_link,1.1,128.0,0.0
1790354212530751350,1790354212,400000000,wind_sensor_link,1.2,126.0,0.0
1790354212723302262,1790354212,600000256,wind_sensor_link,1.2,123.0,0.0
1790354212930309477,1790354212,800000256,wind_sensor_link,1.3,122.0,0.0
1790354213123079942,1790354213,0,wind_sensor_link,1.3,124.0,0.0
1790354213330075232,1790354213,200000000,wind_sensor_link,1.4,124.0,0.0
1790354213523307265,1790354213,400000000,wind_sensor_link,1.3,126.0,0.0
1790354213730152982,1790354213,600000256,wind_sensor_link,1.2,122.0,0.0
1790354213922864670,1790354213,800000256,wind_sensor_link,1.2,120.0,0.0
1790354214129493945,1790354214,0,wind_sensor_link,1.1,116.0,0.0
1790354214322052190,1790354214,200000000,wind_sensor_link,1.1,117.0,0.0
1790354214529173238,1790354214,400000000,wind_sensor_link,1.1,116.0,0.0
1790354214721955276,1790354214,600000256,wind_sensor_link,1.0,116.0,0.0
1790354214929048009,1790354214,800000256,wind_sensor_link,1.1,114.0,0.0
1790354215121721531,1790354215,0,wind_sensor_link,1.1,115.0,0.0
1790354215328688636,1790354215,200000000,wind_sensor_link,1.2,117.0,0.0
1790354215521236066,1790354215,400000000,wind_sensor_link,1.2,117.0,0.0
1790354215728508852,1790354215,600000256,wind_sensor_link,1.4,121.0,0.0
1790354215920943210,1790354215,800000256,wind_sensor_link,1.6,123.0,0.0
1790354216128507715,1790354216,0,wind_sensor_link,1.7,122.0,0.0
1790354216320699205,1790354216,200000000,wind_sensor_link,1.8,121.0,0.0
1790354216528060138,1790354216,400000000,wind_sensor_link,1.7,123.0,0.0
1790354216720386238,1790354216,600000256,wind_sensor_link,1.8,121.0,0.0
1790354216928049149,1790354216,800000256,wind_sensor_link,1.7,124.0,0.0
1790354217120149844,1790354217,0,wind_sensor_link,1.7,125.0,0.0
1790354217327757867,1790354217,200000000,wind_sensor_link,1.6,126.0,0.0
1790354217520156781,1790354217,400000000,wind_sensor_link,1.4,122.0,0.0
1790354217727282921,1790354217,600000256,wind_sensor_link,1.3,124.0,0.0
1790354217920110144,1790354217,800000256,wind_sensor_link,1.3,125.0,0.0
1790354218127262320,1790354218,0,wind_sensor_link,1.4,121.0,0.0
1790354218319647234,1790354218,200000000,wind_sensor_link,1.4,122.0,0.0
1790354218526966742,1790354218,400000000,wind_sensor_link,1.4,120.0,0.0
1790354218719757169,1790354218,600000256,wind_sensor_link,1.4,121.0,0.0
1790354218926456074,1790354218,800000256,wind_sensor_link,1.3,122.0,0.0
1790354219119494591,1790354219,0,wind_sensor_link,1.3,125.0,0.0
1790354219326144589,1790354219,200000000,wind_sensor_link,1.3,127.0,0.0
1790354219518504928,1790354219,400000000,wind_sensor_link,1.3,126.0,0.0
1790354219725977305,1790354219,600000256,wind_sensor_link,1.2,130.0,0.0
1790354219918264146,1790354219,800000256,wind_sensor_link,1.2,133.0,0.0
1790354220125721911,1790354220,0,wind_sensor_link,1.2,135.0,0.0
1790354220332838663,1790354220,200000000,wind_sensor_link,1.2,136.0,0.0
1790354220525386630,1790354220,400000000,wind_sensor_link,1.2,138.0,0.0
1790354220732708305,1790354220,600000256,wind_sensor_link,1.2,139.0,0.0
1790354220925228828,1790354220,800000256,wind_sensor_link,1.1,142.0,0.0
1790354221132307820,1790354221,0,wind_sensor_link,1.1,144.0,0.0
1790354221324943509,1790354221,200000000,wind_sensor_link,1.1,147.0,0.0
1790354221531936650,1790354221,400000000,wind_sensor_link,1.0,145.0,0.0
1790354221724729652,1790354221,600000256,wind_sensor_link,1.0,143.0,0.0
1790354221931828699,1790354221,800000256,wind_sensor_link,1.0,143.0,0.0
1790354222124458851,1790354222,0,wind_sensor_link,1.0,143.0,0.0
1790354222331496121,1790354222,200000000,wind_sensor_link,1.0,143.0,0.0
1790354222524096070,1790354222,400000000,wind_sensor_link,1.0,143.0,0.0
1790354222731094933,1790354222,600000256,wind_sensor_link,0.9,142.0,0.0
1790354222923813065,1790354222,800000256,wind_sensor_link,0.9,142.0,0.0
1790354223130826021,1790354223,0,wind_sensor_link,0.9,143.0,0.0
1790354223323498061,1790354223,200000000,wind_sensor_link,0.8,147.0,0.0
1790354223530510017,1790354223,400000000,wind_sensor_link,0.8,150.0,0.0
1790354223723283075,1790354223,600000256,wind_sensor_link,0.8,152.0,0.0
1790354223930299290,1790354223,800000256,wind_sensor_link,0.8,153.0,0.0
1790354224122819776,1790354224,0,wind_sensor_link,0.9,153.0,0.0
1790354224329979731,1790354224,200000000,wind_sensor_link,0.8,153.0,0.0
1790354224522506420,1790354224,400000000,wind_sensor_link,0.8,150.0,0.0
1790354224729882317,1790354224,600000256,wind_sensor_link,0.8,151.0,0.0
1790354224922410766,1790354224,800000256,wind_sensor_link,0.8,150.0,0.0
1790354225129537109,1790354225,0,wind_sensor_link,0.8,150.0,0.0
1790354225322018818,1790354225,200000000,wind_sensor_link,0.8,145.0,0.0
1790354225529173532,1790354225,400000000,wind_sensor_link,0.8,143.0,0.0
1790354225721792776,1790354225,600000256,wind_sensor_link,0.8,144.0,0.0
1790354225929183654,1790354225,800000256,wind_sensor_link,0.7,149.0,0.0
1790354226121475902,1790354226,0,wind_sensor_link,0.7,155.0,0.0
1790354226328992889,1790354226,200000000,wind_sensor_link,0.7,151.0,0.0
1790354226521233027,1790354226,400000000,wind_sensor_link,0.7,149.0,0.0
1790354226728542553,1790354226,600000256,wind_sensor_link,0.7,145.0,0.0
1790354226921253685,1790354226,800000256,wind_sensor_link,0.6,149.0,0.0
1790354227128302252,1790354227,0,wind_sensor_link,0.6,150.0,0.0
1790354227320681666,1790354227,200000000,wind_sensor_link,0.6,146.0,0.0
1790354227528351466,1790354227,400000000,wind_sensor_link,0.6,141.0,0.0
1790354227720780953,1790354227,600000256,wind_sensor_link,0.6,140.0,0.0
1790354227927835298,1790354227,800000256,wind_sensor_link,0.6,140.0,0.0
1790354228120428431,1790354228,0,wind_sensor_link,0.7,141.0,0.0
1790354228327487609,1790354228,200000000,wind_sensor_link,0.7,140.0,0.0
1790354228520106186,1790354228,400000000,wind_sensor_link,0.8,141.0,0.0
1790354228727022477,1790354228,600000256,wind_sensor_link,0.9,142.0,0.0
1790354228920171956,1790354228,800000256,wind_sensor_link,0.9,143.0,0.0
1790354229126813990,1790354229,0,wind_sensor_link,1.0,144.0,0.0
1790354229319656454,1790354229,200000000,wind_sensor_link,0.9,143.0,0.0
1790354229526730298,1790354229,400000000,wind_sensor_link,1.0,146.0,0.0
1790354229719698668,1790354229,600000256,wind_sensor_link,0.9,149.0,0.0
1790354229926207519,1790354229,800000256,wind_sensor_link,0.8,155.0,0.0
1790354230119360257,1790354230,0,wind_sensor_link,0.8,152.0,0.0
1790354230325953533,1790354230,200000000,wind_sensor_link,0.7,151.0,0.0
1790354230518455631,1790354230,400000000,wind_sensor_link,0.7,158.0,0.0
1790354230725687936,1790354230,600000256,wind_sensor_link,0.7,160.0,0.0
1790354230918197793,1790354230,800000256,wind_sensor_link,0.7,155.0,0.0
1790354231125562726,1790354231,0,wind_sensor_link,0.6,152.0,0.0
1790354231332740402,1790354231,200000000,wind_sensor_link,0.7,144.0,0.0
1790354231525248685,1790354231,400000000,wind_sensor_link,0.7,139.0,0.0
1790354231732431769,1790354231,600000256,wind_sensor_link,0.6,138.0,0.0
1790354231925095105,1790354231,800000256,wind_sensor_link,0.7,131.0,0.0
1790354232131995877,1790354232,0,wind_sensor_link,0.8,125.0,0.0
1790354232324761175,1790354232,200000000,wind_sensor_link,0.9,117.0,0.0
1790354232531807187,1790354232,400000000,wind_sensor_link,1.1,119.0,0.0
1790354232724460634,1790354232,600000256,wind_sensor_link,1.1,112.0,0.0
1790354232931520571,1790354232,800000256,wind_sensor_link,1.1,106.0,0.0
1790354233124327239,1790354233,0,wind_sensor_link,1.2,104.0,0.0
1790354233331343214,1790354233,200000000,wind_sensor_link,1.2,103.0,0.0
1790354233524020531,1790354233,400000000,wind_sensor_link,1.2,104.0,0.0
1790354233730953044,1790354233,600000256,wind_sensor_link,1.2,101.0,0.0
1790354233923969913,1790354233,800000256,wind_sensor_link,1.1,101.0,0.0
1790354234130761798,1790354234,0,wind_sensor_link,1.0,99.0,0.0
1790354234323171359,1790354234,200000000,wind_sensor_link,1.0,98.0,0.0
1790354234530503034,1790354234,400000000,wind_sensor_link,1.0,101.0,0.0
1790354234722959039,1790354234,600000256,wind_sensor_link,1.0,100.0,0.0
1790354234930402842,1790354234,800000256,wind_sensor_link,1.0,100.0,0.0
1790354235122674739,1790354235,0,wind_sensor_link,1.0,101.0,0.0
1790354235330038376,1790354235,200000000,wind_sensor_link,1.0,99.0,0.0
1790354235522384160,1790354235,400000000,wind_sensor_link,1.0,100.0,0.0
1790354235729749927,1790354235,600000256,wind_sensor_link,1.0,100.0,0.0
1790354235922710315,1790354235,800000256,wind_sensor_link,1.0,102.0,0.0
1790354236129479608,1790354236,0,wind_sensor_link,1.0,101.0,0.0
1790354236321887503,1790354236,200000000,wind_sensor_link,1.0,101.0,0.0
1790354236529197214,1790354236,400000000,wind_sensor_link,1.0,102.0,0.0
1790354236721796885,1790354236,600000256,wind_sensor_link,1.0,104.0,0.0
1790354236928990524,1790354236,800000256,wind_sensor_link,1.0,104.0,0.0
1790354237121548713,1790354237,0,wind_sensor_link,1.1,106.0,0.0
1790354237328530929,1790354237,200000000,wind_sensor_link,1.1,107.0,0.0
1790354237521055489,1790354237,400000000,wind_sensor_link,1.1,107.0,0.0
1790354237728222203,1790354237,600000256,wind_sensor_link,1.2,110.0,0.0
1790354237920982353,1790354237,800000256,wind_sensor_link,1.2,110.0,0.0
1790354238127908569,1790354238,0,wind_sensor_link,1.2,111.0,0.0
1790354238320705941,1790354238,200000000,wind_sensor_link,1.2,112.0,0.0
1790354238527723823,1790354238,400000000,wind_sensor_link,1.2,114.0,0.0
1790354238720820080,1790354238,600000256,wind_sensor_link,1.2,112.0,0.0
1790354238927737389,1790354238,800000256,wind_sensor_link,1.1,112.0,0.0
1790354239120215135,1790354239,0,wind_sensor_link,1.1,111.0,0.0
1790354239327261109,1790354239,200000000,wind_sensor_link,1.1,111.0,0.0
1790354239519722207,1790354239,400000000,wind_sensor_link,1.1,110.0,0.0
1790354239727067715,1790354239,600000256,wind_sensor_link,1.1,110.0,0.0
1790354239919343963,1790354239,800000256,wind_sensor_link,1.1,109.0,0.0
1790354240126863154,1790354240,0,wind_sensor_link,1.2,108.0,0.0
1790354240319399011,1790354240,200000000,wind_sensor_link,1.2,106.0,0.0
1790354240526312449,1790354240,400000000,wind_sensor_link,1.2,110.0,0.0
1790354240719456409,1790354240,600000256,wind_sensor_link,1.2,113.0,0.0
1790354240926095666,1790354240,800000256,wind_sensor_link,1.3,115.0,0.0
1790354241119279367,1790354241,0,wind_sensor_link,1.4,118.0,0.0
1790354241326059307,1790354241,200000000,wind_sensor_link,1.4,118.0,0.0
1790354241519032547,1790354241,400000000,wind_sensor_link,1.4,118.0,0.0
1790354241725799747,1790354241,600000256,wind_sensor_link,1.4,118.0,0.0
1790354241918405306,1790354241,800000256,wind_sensor_link,1.4,117.0,0.0
1790354242125482910,1790354242,0,wind_sensor_link,1.4,115.0,0.0
1790354242332640531,1790354242,200000000,wind_sensor_link,1.4,108.0,0.0
1790354242525115943,1790354242,400000000,wind_sensor_link,1.3,106.0,0.0
1790354242732349619,1790354242,600000256,wind_sensor_link,1.2,105.0,0.0
1790354242925010641,1790354242,800000256,wind_sensor_link,1.2,105.0,0.0
1790354243132186817,1790354243,0,wind_sensor_link,1.1,105.0,0.0
1790354243324712229,1790354243,200000000,wind_sensor_link,1.0,106.0,0.0
1790354243531860387,1790354243,400000000,wind_sensor_link,1.0,108.0,0.0
1790354243724715166,1790354243,600000256,wind_sensor_link,1.0,107.0,0.0
1790354243931542513,1790354243,800000256,wind_sensor_link,1.0,113.0,0.0
1790354244124184238,1790354244,0,wind_sensor_link,1.0,116.0,0.0
1790354244331266805,1790354244,200000000,wind_sensor_link,1.0,118.0,0.0
1790354244523869179,1790354244,400000000,wind_sensor_link,1.0,119.0,0.0
1790354244731013985,1790354244,600000256,wind_sensor_link,1.0,122.0,0.0
1790354244923858282,1790354244,800000256,wind_sensor_link,1.0,124.0,0.0
1790354245130746240,1790354245,0,wind_sensor_link,1.0,125.0,0.0
1790354245323390058,1790354245,200000000,wind_sensor_link,1.0,125.0,0.0
1790354245530737806,1790354245,400000000,wind_sensor_link,1.0,126.0,0.0
1790354245722905741,1790354245,600000256,wind_sensor_link,0.9,125.0,0.0
1790354245930112843,1790354245,800000256,wind_sensor_link,1.0,123.0,0.0
1790354246122834346,1790354246,0,wind_sensor_link,0.9,125.0,0.0
1790354246329826765,1790354246,200000000,wind_sensor_link,0.9,125.0,0.0
1790354246522447528,1790354246,400000000,wind_sensor_link,0.9,125.0,0.0
1790354246729707351,1790354246,600000256,wind_sensor_link,0.9,126.0,0.0
1790354246922278244,1790354246,800000256,wind_sensor_link,0.9,128.0,0.0
1790354247129305293,1790354247,0,wind_sensor_link,0.9,127.0,0.0
1790354247321969555,1790354247,200000000,wind_sensor_link,0.9,128.0,0.0
1790354247528990696,1790354247,400000000,wind_sensor_link,0.9,131.0,0.0
1790354247721695550,1790354247,600000256,wind_sensor_link,0.9,130.0,0.0
1790354247928866542,1790354247,800000256,wind_sensor_link,0.9,130.0,0.0
1790354248121457564,1790354248,0,wind_sensor_link,0.9,131.0,0.0
1790354248328518890,1790354248,200000000,wind_sensor_link,0.9,130.0,0.0
1790354248521251911,1790354248,400000000,wind_sensor_link,0.9,130.0,0.0
1790354248728243330,1790354248,600000256,wind_sensor_link,0.8,133.0,0.0
1790354248921225422,1790354248,800000256,wind_sensor_link,0.8,132.0,0.0
1790354249128093676,1790354249,0,wind_sensor_link,0.9,130.0,0.0
1790354249320555052,1790354249,200000000,wind_sensor_link,0.9,129.0,0.0
1790354249527711969,1790354249,400000000,wind_sensor_link,0.9,129.0,0.0
1790354249720363657,1790354249,600000256,wind_sensor_link,0.9,130.0,0.0
1790354249927441594,1790354249,800000256,wind_sensor_link,1.0,130.0,0.0
1790354250120060468,1790354250,0,wind_sensor_link,1.0,128.0,0.0
1790354250327137979,1790354250,200000000,wind_sensor_link,1.1,129.0,0.0
1790354250519730501,1790354250,400000000,wind_sensor_link,1.1,126.0,0.0
1790354250727166230,1790354250,600000256,wind_sensor_link,1.1,127.0,0.0
1790354250919989046,1790354250,800000256,wind_sensor_link,1.1,127.0,0.0
1790354251126737079,1790354251,0,wind_sensor_link,1.1,126.0,0.0
1790354251319240788,1790354251,200000000,wind_sensor_link,1.0,123.0,0.0
1790354251526169097,1790354251,400000000,wind_sensor_link,1.0,124.0,0.0
1790354251719267724,1790354251,600000256,wind_sensor_link,1.0,123.0,0.0
1790354251925908259,1790354251,800000256,wind_sensor_link,0.9,123.0,0.0
1790354252119073626,1790354252,0,wind_sensor_link,0.9,125.0,0.0
1790354252325835308,1790354252,200000000,wind_sensor_link,0.8,127.0,0.0
1790354252518452311,1790354252,400000000,wind_sensor_link,0.8,128.0,0.0
1790354252725464675,1790354252,600000256,wind_sensor_link,0.7,126.0,0.0
1790354252932696536,1790354252,800000256,wind_sensor_link,0.7,126.0,0.0
1790354253125183763,1790354253,0,wind_sensor_link,0.6,126.0,0.0
1790354253332337514,1790354253,200000000,wind_sensor_link,0.6,125.0,0.0
1790354253524934684,1790354253,400000000,wind_sensor_link,0.6,122.0,0.0
1790354253731994158,1790354253,600000256,wind_sensor_link,0.6,120.0,0.0
1790354253924714809,1790354253,800000256,wind_sensor_link,0.6,119.0,0.0
1790354254131868541,1790354254,0,wind_sensor_link,0.6,118.0,0.0
1790354254324336343,1790354254,200000000,wind_sensor_link,0.6,121.0,0.0
1790354254531764071,1790354254,400000000,wind_sensor_link,0.6,121.0,0.0
1790354254724176022,1790354254,600000256,wind_sensor_link,0.6,123.0,0.0
1790354254931274996,1790354254,800000256,wind_sensor_link,0.6,127.0,0.0
1790354255123939795,1790354255,0,wind_sensor_link,0.7,129.0,0.0
1790354255330897381,1790354255,200000000,wind_sensor_link,0.7,133.0,0.0
1790354255523536421,1790354255,400000000,wind_sensor_link,0.7,133.0,0.0
1790354255730739412,1790354255,600000256,wind_sensor_link,0.7,137.0,0.0
1790354255923348138,1790354255,800000256,wind_sensor_link,0.7,135.0,0.0
1790354256130441501,1790354256,0,wind_sensor_link,0.7,139.0,0.0
1790354256323039208,1790354256,200000000,wind_sensor_link,0.7,138.0,0.0
1790354256530081016,1790354256,400000000,wind_sensor_link,0.7,137.0,0.0
1790354256722781963,1790354256,600000256,wind_sensor_link,0.6,137.0,0.0
1790354256929756994,1790354256,800000256,wind_sensor_link,0.6,138.0,0.0
1790354257122431793,1790354257,0,wind_sensor_link,0.6,138.0,0.0
1790354257329651135,1790354257,200000000,wind_sensor_link,0.5,138.0,0.0
1790354257522250398,1790354257,400000000,wind_sensor_link,0.5,139.0,0.0
1790354257729307169,1790354257,600000256,wind_sensor_link,0.5,136.0,0.0
1790354257921992153,1790354257,800000256,wind_sensor_link,0.5,134.0,0.0
1790354258129069127,1790354258,0,wind_sensor_link,0.5,132.0,0.0
1790354258321671945,1790354258,200000000,wind_sensor_link,0.5,129.0,0.0
1790354258528700346,1790354258,400000000,wind_sensor_link,0.5,124.0,0.0
1790354258721348552,1790354258,600000256,wind_sensor_link,0.6,119.0,0.0
1790354258928389656,1790354258,800000256,wind_sensor_link,0.6,115.0,0.0
1790354259121458877,1790354259,0,wind_sensor_link,0.6,113.0,0.0
1790354259328213317,1790354259,200000000,wind_sensor_link,0.6,113.0,0.0
1790354259520877302,1790354259,400000000,wind_sensor_link,0.6,112.0,0.0
1790354259728203402,1790354259,600000256,wind_sensor_link,0.6,111.0,0.0
1790354259920547909,1790354259,800000256,wind_sensor_link,0.7,110.0,0.0
1790354260127801770,1790354260,0,wind_sensor_link,0.7,110.0,0.0
1790354260320354885,1790354260,200000000,wind_sensor_link,0.6,109.0,0.0
1790354260527498377,1790354260,400000000,wind_sensor_link,0.7,111.0,0.0
1790354260720053103,1790354260,600000256,wind_sensor_link,0.7,111.0,0.0
1790354260927108022,1790354260,800000256,wind_sensor_link,0.7,110.0,0.0
1790354261120154798,1790354261,0,wind_sensor_link,0.7,109.0,0.0
1790354261326927405,1790354261,200000000,wind_sensor_link,0.7,111.0,0.0
1790354261519287449,1790354261,400000000,wind_sensor_link,0.7,114.0,0.0
1790354261726457514,1790354261,600000256,wind_sensor_link,0.8,115.0,0.0
1790354261919248090,1790354261,800000256,wind_sensor_link,0.8,115.0,0.0
1790354262126302971,1790354262,0,wind_sensor_link,0.8,114.0,0.0
1790354262319298563,1790354262,200000000,wind_sensor_link,0.8,112.0,0.0
1790354262526081651,1790354262,400000000,wind_sensor_link,0.8,112.0,0.0
1790354262718999040,1790354262,600000256,wind_sensor_link,0.8,114.0,0.0
1790354262925782499,1790354262,800000256,wind_sensor_link,0.7,115.0,0.0
1790354263118433354,1790354263,0,wind_sensor_link,0.7,117.0,0.0
1790354263325452588,1790354263,200000000,wind_sensor_link,0.7,119.0,0.0
1790354263532692227,1790354263,400000000,wind_sensor_link,0.7,120.0,0.0
1790354263725004345,1790354263,600000256,wind_sensor_link,0.7,118.0,0.0
1790354263932423037,1790354263,800000256,wind_sensor_link,0.7,120.0,0.0
1790354264125105077,1790354264,0,wind_sensor_link,0.7,119.0,0.0
1790354264332061052,1790354264,200000000,wind_sensor_link,0.7,120.0,0.0
1790354264524704537,1790354264,400000000,wind_sensor_link,0.8,117.0,0.0
1790354264731779936,1790354264,600000256,wind_sensor_link,0.8,113.0,0.0
1790354264924377292,1790354264,800000256,wind_sensor_link,0.8,113.0,0.0
1790354265131522376,1790354265,0,wind_sensor_link,0.8,114.0,0.0
1790354265324219731,1790354265,200000000,wind_sensor_link,0.8,115.0,0.0
1790354265531268964,1790354265,400000000,wind_sensor_link,0.8,119.0,0.0
1790354265723727877,1790354265,600000256,wind_sensor_link,0.8,115.0,0.0
1790354265931000774,1790354265,800000256,wind_sensor_link,0.9,115.0,0.0
1790354266123671018,1790354266,0,wind_sensor_link,1.0,118.0,0.0
1790354266330740992,1790354266,200000000,wind_sensor_link,1.0,122.0,0.0
1790354266523674473,1790354266,400000000,wind_sensor_link,0.9,122.0,0.0
1790354266730448358,1790354266,600000256,wind_sensor_link,0.9,122.0,0.0
1790354266923072158,1790354266,800000256,wind_sensor_link,1.0,122.0,0.0
1790354267130176798,1790354267,0,wind_sensor_link,1.0,119.0,0.0
1790354267322829172,1790354267,200000000,wind_sensor_link,0.9,128.0,0.0
1790354267529867572,1790354267,400000000,wind_sensor_link,0.8,130.0,0.0
1790354267722228986,1790354267,600000256,wind_sensor_link,0.8,130.0,0.0
1790354267929666289,1790354267,800000256,wind_sensor_link,0.8,123.0,0.0
1790354268122225737,1790354268,0,wind_sensor_link,0.8,120.0,0.0
1790354268329377951,1790354268,200000000,wind_sensor_link,0.8,124.0,0.0
1790354268521933159,1790354268,400000000,wind_sensor_link,0.8,123.0,0.0
1790354268729171520,1790354268,600000256,wind_sensor_link,0.8,128.0,0.0
1790354268921672303,1790354268,800000256,wind_sensor_link,0.8,121.0,0.0
1790354269128854220,1790354269,0,wind_sensor_link,0.8,118.0,0.0
1790354269321359076,1790354269,200000000,wind_sensor_link,0.8,117.0,0.0
1790354269528824323,1790354269,400000000,wind_sensor_link,0.8,120.0,0.0
1790354269720890852,1790354269,600000256,wind_sensor_link,0.8,122.0,0.0
1790354269928202823,1790354269,800000256,wind_sensor_link,0.8,120.0,0.0
1790354270120888604,1790354270,0,wind_sensor_link,0.8,120.0,0.0
1790354270328004058,1790354270,200000000,wind_sensor_link,0.8,115.0,0.0
1790354270520849930,1790354270,400000000,wind_sensor_link,0.7,117.0,0.0
1790354270727746980,1790354270,600000256,wind_sensor_link,0.7,118.0,0.0
1790354270920065357,1790354270,800000256,wind_sensor_link,0.7,117.0,0.0
1790354271127353199,1790354271,0,wind_sensor_link,0.7,117.0,0.0
1790354271320347642,1790354271,200000000,wind_sensor_link,0.7,116.0,0.0
1790354271527064806,1790354271,400000000,wind_sensor_link,0.7,116.0,0.0
1790354271719448386,1790354271,600000256,wind_sensor_link,0.7,115.0,0.0
1790354271926890263,1790354271,800000256,wind_sensor_link,0.7,116.0,0.0
1790354272119252770,1790354272,0,wind_sensor_link,0.7,116.0,0.0
1790354272326555870,1790354272,200000000,wind_sensor_link,0.7,115.0,0.0
1790354272519621572,1790354272,400000000,wind_sensor_link,0.7,114.0,0.0
1790354272726226774,1790354272,600000256,wind_sensor_link,0.7,117.0,0.0
1790354272918665261,1790354272,800000256,wind_sensor_link,0.6,118.0,0.0
1790354273126162860,1790354273,0,wind_sensor_link,0.6,121.0,0.0
1790354273319004805,1790354273,200000000,wind_sensor_link,0.6,127.0,0.0
1790354273526048187,1790354273,400000000,wind_sensor_link,0.7,125.0,0.0
1790354273718482026,1790354273,600000256,wind_sensor_link,0.7,127.0,0.0
1790354273925789182,1790354273,800000256,wind_sensor_link,0.7,131.0,0.0
1790354274132711732,1790354274,0,wind_sensor_link,0.7,134.0,0.0
1790354274325191904,1790354274,200000000,wind_sensor_link,0.8,142.0,0.0
1790354274532351951,1790354274,400000000,wind_sensor_link,0.9,143.0,0.0
1790354274725017472,1790354274,600000256,wind_sensor_link,0.9,139.0,0.0
1790354274932094613,1790354274,800000256,wind_sensor_link,0.9,137.0,0.0
1790354275124766486,1790354275,0,wind_sensor_link,0.9,151.0,0.0
1790354275331891015,1790354275,200000000,wind_sensor_link,0.9,148.0,0.0
1790354275524408260,1790354275,400000000,wind_sensor_link,0.9,157.0,0.0
1790354275731758823,1790354275,600000256,wind_sensor_link,0.9,166.0,0.0
1790354275924195403,1790354275,800000256,wind_sensor_link,0.9,159.0,0.0
1790354276131429153,1790354276,0,wind_sensor_link,0.9,162.0,0.0
1790354276323864344,1790354276,200000000,wind_sensor_link,0.9,169.0,0.0
1790354276530943614,1790354276,400000000,wind_sensor_link,0.9,167.0,0.0
1790354276723858392,1790354276,600000256,wind_sensor_link,0.8,161.0,0.0
1790354276930746535,1790354276,800000256,wind_sensor_link,0.9,165.0,0.0
1790354277123496888,1790354277,0,wind_sensor_link,0.9,160.0,0.0
1790354277330430234,1790354277,200000000,wind_sensor_link,0.9,157.0,0.0
1790354277522927073,1790354277,400000000,wind_sensor_link,0.9,154.0,0.0
1790354277730016176,1790354277,600000256,wind_sensor_link,1.0,155.0,0.0
1790354277922782900,1790354277,800000256,wind_sensor_link,1.0,156.0,0.0
1790354278129754986,1790354278,0,wind_sensor_link,1.0,160.0,0.0
1790354278322441785,1790354278,200000000,wind_sensor_link,1.1,162.0,0.0
1790354278529897884,1790354278,400000000,wind_sensor_link,1.0,160.0,0.0
1790354278722253187,1790354278,600000256,wind_sensor_link,0.9,160.0,0.0
1790354278929357475,1790354278,800000256,wind_sensor_link,0.9,155.0,0.0
1790354279122020812,1790354279,0,wind_sensor_link,0.9,156.0,0.0
1790354279329040009,1790354279,200000000,wind_sensor_link,0.9,149.0,0.0
1790354279521731604,1790354279,400000000,wind_sensor_link,0.9,141.0,0.0
1790354279728919947,1790354279,600000256,wind_sensor_link,0.8,136.0,0.0
1790354279921358637,1790354279,800000256,wind_sensor_link,0.7,129.0,0.0
1790354280128504796,1790354280,0,wind_sensor_link,0.7,128.0,0.0
1790354280321132929,1790354280,200000000,wind_sensor_link,0.7,125.0,0.0
1790354280528113682,1790354280,400000000,wind_sensor_link,0.6,128.0,0.0
1790354280720656945,1790354280,600000256,wind_sensor_link,0.5,119.0,0.0
1790354280927907084,1790354280,800000256,wind_sensor_link,0.5,121.0,0.0
1790354281120569624,1790354281,0,wind_sensor_link,0.5,129.0,0.0
1790354281327753967,1790354281,200000000,wind_sensor_link,0.5,119.0,0.0
1790354281520354915,1790354281,400000000,wind_sensor_link,0.5,114.0,0.0
1790354281727448703,1790354281,600000256,wind_sensor_link,0.6,110.0,0.0
1790354281920054262,1790354281,800000256,wind_sensor_link,0.7,107.0,0.0
1790354282127176606,1790354282,0,wind_sensor_link,0.7,96.0,0.0
1790354282319724592,1790354282,200000000,wind_sensor_link,0.8,94.0,0.0
1790354282526759085,1790354282,400000000,wind_sensor_link,0.9,91.0,0.0
1790354282719212016,1790354282,600000256,wind_sensor_link,0.9,83.0,0.0
1790354282926825169,1790354282,800000256,wind_sensor_link,1.0,92.0,0.0
1790354283119193324,1790354283,0,wind_sensor_link,1.1,89.0,0.0
1790354283326272390,1790354283,200000000,wind_sensor_link,1.1,80.0,0.0
1790354283518884171,1790354283,400000000,wind_sensor_link,1.1,73.0,0.0
1790354283726009774,1790354283,600000256,wind_sensor_link,1.0,81.0,0.0
1790354283919080291,1790354283,800000256,wind_sensor_link,1.0,86.0,0.0
1790354284125732140,1790354284,0,wind_sensor_link,1.0,88.0,0.0
1790354284318854138,1790354284,200000000,wind_sensor_link,1.0,83.0,0.0
1790354284525383192,1790354284,400000000,wind_sensor_link,0.9,84.0,0.0
1790354284718652632,1790354284,600000256,wind_sensor_link,0.8,92.0,0.0
1790354284925212594,1790354284,800000256,wind_sensor_link,0.7,95.0,0.0
1790354285132403659,1790354285,0,wind_sensor_link,0.7,108.0,0.0
1790354285324878109,1790354285,200000000,wind_sensor_link,0.7,112.0,0.0
1790354285532102322,1790354285,400000000,wind_sensor_link,0.7,113.0,0.0
1790354285724530013,1790354285,600000256,wind_sensor_link,0.7,120.0,0.0
1790354285931797410,1790354285,800000256,wind_sensor_link,0.8,128.0,0.0
1790354286124425506,1790354286,0,wind_sensor_link,0.9,128.0,0.0
1790354286331553868,1790354286,200000000,wind_sensor_link,1.0,129.0,0.0
1790354286524114928,1790354286,400000000,wind_sensor_link,1.0,135.0,0.0
1790354286731287216,1790354286,600000256,wind_sensor_link,1.1,128.0,0.0
1790354286923941793,1790354286,800000256,wind_sensor_link,1.2,130.0,0.0
1790354287131134913,1790354287,0,wind_sensor_link,1.1,135.0,0.0
1790354287323744121,1790354287,200000000,wind_sensor_link,1.1,133.0,0.0
1790354287530899260,1790354287,400000000,wind_sensor_link,1.2,130.0,0.0
1790354287723489875,1790354287,600000256,wind_sensor_link,1.1,133.0,0.0
1790354287930572423,1790354287,800000256,wind_sensor_link,1.1,138.0,0.0
1790354288123284851,1790354288,0,wind_sensor_link,1.1,139.0,0.0
1790354288330141106,1790354288,200000000,wind_sensor_link,1.0,136.0,0.0
1790354288522893885,1790354288,400000000,wind_sensor_link,1.0,133.0,0.0
1790354288729848194,1790354288,600000256,wind_sensor_link,1.0,129.0,0.0
1790354288922693880,1790354288,800000256,wind_sensor_link,0.9,126.0,0.0
1790354289129682059,1790354289,0,wind_sensor_link,0.9,121.0,0.0
1790354289322075787,1790354289,200000000,wind_sensor_link,0.8,113.0,0.0
1790354289529302574,1790354289,400000000,wind_sensor_link,0.8,106.0,0.0
1790354289721858541,1790354289,600000256,wind_sensor_link,0.9,98.0,0.0
1790354289929049421,1790354289,800000256,wind_sensor_link,0.9,97.0,0.0
1790354290121662925,1790354290,0,wind_sensor_link,1.0,95.0,0.0
1790354290328775732,1790354290,200000000,wind_sensor_link,1.1,94.0,0.0
1790354290521445864,1790354290,400000000,wind_sensor_link,1.1,92.0,0.0
1790354290728544393,1790354290,600000256,wind_sensor_link,1.1,97.0,0.0
1790354290921648632,1790354290,800000256,wind_sensor_link,1.1,97.0,0.0
1790354291128202186,1790354291,0,wind_sensor_link,1.0,103.0,0.0
1790354291320890059,1790354291,200000000,wind_sensor_link,0.9,105.0,0.0
1790354291527812887,1790354291,400000000,wind_sensor_link,0.9,104.0,0.0
1790354291720654332,1790354291,600000256,wind_sensor_link,0.8,100.0,0.0
1790354291927635363,1790354291,800000256,wind_sensor_link,0.7,101.0,0.0
1790354292120041887,1790354292,0,wind_sensor_link,0.7,100.0,0.0
1790354292327352562,1790354292,200000000,wind_sensor_link,0.8,97.0,0.0
1790354292519806290,1790354292,400000000,wind_sensor_link,0.8,91.0,0.0
1790354292727131260,1790354292,600000256,wind_sensor_link,0.8,89.0,0.0
1790354292919561729,1790354292,800000256,wind_sensor_link,0.8,85.0,0.0
1790354293127036402,1790354293,0,wind_sensor_link,0.9,83.0,0.0
1790354293319297984,1790354293,200000000,wind_sensor_link,0.9,78.0,0.0
1790354293526657417,1790354293,400000000,wind_sensor_link,0.9,76.0,0.0
1790354293719145496,1790354293,600000256,wind_sensor_link,0.9,76.0,0.0
1790354293926371283,1790354293,800000256,wind_sensor_link,0.8,85.0,0.0
1790354294118986324,1790354294,0,wind_sensor_link,0.8,86.0,0.0
1790354294326071613,1790354294,200000000,wind_sensor_link,0.8,88.0,0.0
1790354294519066260,1790354294,400000000,wind_sensor_link,1.0,88.0,0.0
1790354294725935032,1790354294,600000256,wind_sensor_link,1.0,85.0,0.0
1790354294918835273,1790354294,800000256,wind_sensor_link,1.0,103.0,0.0
1790354295125552992,1790354295,0,wind_sensor_link,1.1,104.0,0.0
1790354295318516325,1790354295,200000000,wind_sensor_link,1.0,99.0,0.0
1790354295525155878,1790354295,400000000,wind_sensor_link,1.1,90.0,0.0
1790354295732403924,1790354295,600000256,wind_sensor_link,1.1,100.0,0.0
1790354295924882911,1790354295,800000256,wind_sensor_link,1.2,92.0,0.0
1790354296132171956,1790354296,0,wind_sensor_link,1.2,91.0,0.0
1790354296324558462,1790354296,200000000,wind_sensor_link,1.1,98.0,0.0
1790354296532014580,1790354296,400000000,wind_sensor_link,1.2,90.0,0.0
1790354296724220125,1790354296,600000256,wind_sensor_link,1.1,93.0,0.0
1790354296931670410,1790354296,800000256,wind_sensor_link,1.3,99.0,0.0
1790354297124025583,1790354297,0,wind_sensor_link,1.3,101.0,0.0
1790354297331288666,1790354297,200000000,wind_sensor_link,1.3,101.0,0.0
1790354297523871670,1790354297,400000000,wind_sensor_link,1.2,107.0,0.0
1790354297731010439,1790354297,600000256,wind_sensor_link,1.1,111.0,0.0
1790354297923698330,1790354297,800000256,wind_sensor_link,1.2,111.0,0.0
1790354298130716842,1790354298,0,wind_sensor_link,1.1,117.0,0.0
1790354298323266754,1790354298,200000000,wind_sensor_link,1.1,119.0,0.0
1790354298530469634,1790354298,400000000,wind_sensor_link,1.1,121.0,0.0
1790354298723090341,1790354298,600000256,wind_sensor_link,1.0,124.0,0.0
1790354298930057594,1790354298,800000256,wind_sensor_link,1.1,128.0,0.0
1790354299122815725,1790354299,0,wind_sensor_link,1.0,130.0,0.0
1790354299329740108,1790354299,200000000,wind_sensor_link,1.0,130.0,0.0
1790354299522474166,1790354299,400000000,wind_sensor_link,1.0,132.0,0.0
1790354299729502844,1790354299,600000256,wind_sensor_link,0.9,131.0,0.0
1790354299922176162,1790354299,800000256,wind_sensor_link,0.9,131.0,0.0
1790354300129298635,1790354300,0,wind_sensor_link,0.8,134.0,0.0
1790354300321972342,1790354300,200000000,wind_sensor_link,0.8,136.0,0.0
1790354300528947132,1790354300,400000000,wind_sensor_link,0.7,135.0,0.0
1790354300721724356,1790354300,600000256,wind_sensor_link,0.7,139.0,0.0
1790354300928754015,1790354300,800000256,wind_sensor_link,0.6,137.0,0.0
1790354301121417185,1790354301,0,wind_sensor_link,0.7,134.0,0.0
1790354301328657101,1790354301,200000000,wind_sensor_link,0.7,127.0,0.0
1790354301521549342,1790354301,400000000,wind_sensor_link,0.8,118.0,0.0
1790354301728182266,1790354301,600000256,wind_sensor_link,0.9,105.0,0.0
1790354301921256690,1790354301,800000256,wind_sensor_link,0.9,94.0,0.0
1790354302128064482,1790354302,0,wind_sensor_link,1.0,82.0,0.0
1790354302320688985,1790354302,200000000,wind_sensor_link,1.1,72.0,0.0
1790354302527712126,1790354302,400000000,wind_sensor_link,1.2,68.0,0.0
1790354302720315593,1790354302,600000256,wind_sensor_link,1.1,65.0,0.0
1790354302927488158,1790354302,800000256,wind_sensor_link,1.1,67.0,0.0
1790354303120216364,1790354303,0,wind_sensor_link,1.1,70.0,0.0
1790354303327195913,1790354303,200000000,wind_sensor_link,1.1,76.0,0.0
1790354303519879379,1790354303,400000000,wind_sensor_link,1.0,79.0,0.0
1790354303726926390,1790354303,600000256,wind_sensor_link,1.0,84.0,0.0
1790354303919553375,1790354303,800000256,wind_sensor_link,1.0,87.0,0.0
1790354304126768070,1790354304,0,wind_sensor_link,1.0,90.0,0.0
1790354304319346259,1790354304,200000000,wind_sensor_link,1.0,94.0,0.0
1790354304526224087,1790354304,400000000,wind_sensor_link,1.0,96.0,0.0
1790354304719018366,1790354304,600000256,wind_sensor_link,1.0,96.0,0.0
1790354304926115229,1790354304,800000256,wind_sensor_link,1.0,95.0,0.0
1790354305118813213,1790354305,0,wind_sensor_link,1.0,95.0,0.0
1790354305325936371,1790354305,200000000,wind_sensor_link,0.9,98.0,0.0
1790354305518204397,1790354305,400000000,wind_sensor_link,0.9,101.0,0.0
1790354305725657719,1790354305,600000256,wind_sensor_link,1.0,100.0,0.0
1790354305918574552,1790354305,800000256,wind_sensor_link,1.1,98.0,0.0
1790354306125313604,1790354306,0,wind_sensor_link,1.0,99.0,0.0
1790354306332437929,1790354306,200000000,wind_sensor_link,1.0,97.0,0.0
1790354306525011341,1790354306,400000000,wind_sensor_link,1.1,96.0,0.0
1790354306732163536,1790354306,600000256,wind_sensor_link,1.1,91.0,0.0
1790354306924791391,1790354306,800000256,wind_sensor_link,1.1,87.0,0.0
1790354307131855735,1790354307,0,wind_sensor_link,1.1,87.0,0.0
1790354307324481239,1790354307,200000000,wind_sensor_link,1.1,86.0,0.0
1790354307531510528,1790354307,400000000,wind_sensor_link,1.1,90.0,0.0
1790354307724166846,1790354307,600000256,wind_sensor_link,1.1,94.0,0.0
1790354307931357152,1790354307,800000256,wind_sensor_link,1.1,97.0,0.0
1790354308124027044,1790354308,0,wind_sensor_link,1.1,99.0,0.0
1790354308331078036,1790354308,200000000,wind_sensor_link,1.1,109.0,0.0
1790354308523727354,1790354308,400000000,wind_sensor_link,1.1,113.0,0.0
1790354308730789754,1790354308,600000256,wind_sensor_link,1.1,116.0,0.0
1790354308923376721,1790354308,800000256,wind_sensor_link,1.1,117.0,0.0
1790354309130683081,1790354309,0,wind_sensor_link,1.1,118.0,0.0
1790354309323174642,1790354309,200000000,wind_sensor_link,1.1,116.0,0.0
1790354309530294689,1790354309,400000000,wind_sensor_link,1.1,116.0,0.0
1790354309722951470,1790354309,600000256,wind_sensor_link,1.1,119.0,0.0
1790354309929996018,1790354309,800000256,wind_sensor_link,1.1,117.0,0.0
1790354310122685965,1790354310,0,wind_sensor_link,1.1,115.0,0.0
1790354310329658348,1790354310,200000000,wind_sensor_link,1.2,113.0,0.0
1790354310522313036,1790354310,400000000,wind_sensor_link,1.2,116.0,0.0
1790354310729501824,1790354310,600000256,wind_sensor_link,1.3,117.0,0.0
1790354310922141993,1790354310,800000256,wind_sensor_link,1.3,116.0,0.0
1790354311129248226,1790354311,0,wind_sensor_link,1.3,115.0,0.0
1790354311321850193,1790354311,200000000,wind_sensor_link,1.4,113.0,0.0
1790354311528903389,1790354311,400000000,wind_sensor_link,1.5,114.0,0.0
1790354311721535930,1790354311,600000256,wind_sensor_link,1.5,115.0,0.0
1790354311928746883,1790354311,800000256,wind_sensor_link,1.4,117.0,0.0
1790354312121308147,1790354312,0,wind_sensor_link,1.4,116.0,0.0
1790354312328409232,1790354312,200000000,wind_sensor_link,1.4,113.0,0.0
1790354312521037124,1790354312,400000000,wind_sensor_link,1.4,110.0,0.0
1790354312728114783,1790354312,600000256,wind_sensor_link,1.4,108.0,0.0
1790354312921055023,1790354312,800000256,wind_sensor_link,1.5,104.0,0.0
1790354313127822742,1790354313,0,wind_sensor_link,1.6,99.0,0.0
1790354313320453930,1790354313,200000000,wind_sensor_link,1.6,94.0,0.0
1790354313527655569,1790354313,400000000,wind_sensor_link,1.6,92.0,0.0
1790354313720220907,1790354313,600000256,wind_sensor_link,1.7,91.0,0.0
1790354313927278159,1790354313,800000256,wind_sensor_link,1.7,94.0,0.0
1790354314119940699,1790354314,0,wind_sensor_link,1.9,98.0,0.0
1790354314326990488,1790354314,200000000,wind_sensor_link,2.0,103.0,0.0
1790354314519419345,1790354314,400000000,wind_sensor_link,1.9,110.0,0.0
1790354314726817167,1790354314,600000256,wind_sensor_link,1.9,110.0,0.0
1790354314919679575,1790354314,800000256,wind_sensor_link,1.9,118.0,0.0
1790354315126507367,1790354315,0,wind_sensor_link,2.0,118.0,0.0
1790354315319442292,1790354315,200000000,wind_sensor_link,2.0,122.0,0.0
1790354315526169197,1790354315,400000000,wind_sensor_link,2.0,121.0,0.0
1790354315719130844,1790354315,600000256,wind_sensor_link,2.0,121.0,0.0
1790354315925875174,1790354315,800000256,wind_sensor_link,2.0,121.0,0.0
1790354316118882784,1790354316,0,wind_sensor_link,2.1,117.0,0.0
1790354316325717149,1790354316,200000000,wind_sensor_link,2.1,119.0,0.0
1790354316518742926,1790354316,400000000,wind_sensor_link,2.0,115.0,0.0
1790354316725338442,1790354316,600000256,wind_sensor_link,2.0,114.0,0.0
1790354316932488990,1790354316,800000256,wind_sensor_link,2.0,111.0,0.0
1790354317125363879,1790354317,0,wind_sensor_link,2.0,111.0,0.0
1790354317332164264,1790354317,200000000,wind_sensor_link,2.0,109.0,0.0
1790354317524904914,1790354317,400000000,wind_sensor_link,1.9,108.0,0.0
1790354317731931666,1790354317,600000256,wind_sensor_link,1.8,109.0,0.0
1790354317924547262,1790354317,800000256,wind_sensor_link,1.7,108.0,0.0
1790354318131665550,1790354318,0,wind_sensor_link,1.7,108.0,0.0
1790354318324267480,1790354318,200000000,wind_sensor_link,1.7,110.0,0.0
1790354318531401712,1790354318,400000000,wind_sensor_link,1.6,111.0,0.0
1790354318724029068,1790354318,600000256,wind_sensor_link,1.5,111.0,0.0
1790354318931005283,1790354318,800000256,wind_sensor_link,1.5,113.0,0.0
1790354319123748767,1790354319,0,wind_sensor_link,1.4,116.0,0.0
1790354319330798463,1790354319,200000000,wind_sensor_link,1.4,116.0,0.0
1790354319523427115,1790354319,400000000,wind_sensor_link,1.5,114.0,0.0
1790354319730664753,1790354319,600000256,wind_sensor_link,1.4,114.0,0.0
1790354319923136611,1790354319,800000256,wind_sensor_link,1.4,114.0,0.0
1790354320130320991,1790354320,0,wind_sensor_link,1.4,113.0,0.0
1790354320322943142,1790354320,200000000,wind_sensor_link,1.5,111.0,0.0
1790354320530001987,1790354320,400000000,wind_sensor_link,1.5,111.0,0.0
1790354320722690749,1790354320,600000256,wind_sensor_link,1.6,110.0,0.0
1790354320929742501,1790354320,800000256,wind_sensor_link,1.6,108.0,0.0
1790354321122393781,1790354321,0,wind_sensor_link,1.5,112.0,0.0
1790354321329528681,1790354321,200000000,wind_sensor_link,1.5,113.0,0.0
1790354321522361311,1790354321,400000000,wind_sensor_link,1.6,118.0,0.0
1790354321729394526,1790354321,600000256,wind_sensor_link,1.6,116.0,0.0
1790354321922136639,1790354321,800000256,wind_sensor_link,1.4,119.0,0.0
1790354322128932783,1790354322,0,wind_sensor_link,1.3,120.0,0.0
1790354322321521546,1790354322,200000000,wind_sensor_link,1.3,123.0,0.0
1790354322528630168,1790354322,400000000,wind_sensor_link,1.3,126.0,0.0
1790354322721238579,1790354322,600000256,wind_sensor_link,1.3,126.0,0.0
1790354322928445089,1790354322,800000256,wind_sensor_link,1.3,126.0,0.0
1790354323121329274,1790354323,0,wind_sensor_link,1.3,122.0,0.0
1790354323328355804,1790354323,200000000,wind_sensor_link,1.3,125.0,0.0
1790354323521122287,1790354323,400000000,wind_sensor_link,1.4,124.0,0.0
1790354323727702193,1790354323,600000256,wind_sensor_link,1.5,123.0,0.0
1790354323920788080,1790354323,800000256,wind_sensor_link,1.6,119.0,0.0
1790354324127720037,1790354324,0,wind_sensor_link,1.5,113.0,0.0
1790354324320202301,1790354324,200000000,wind_sensor_link,1.6,110.0,0.0
1790354324527259146,1790354324,400000000,wind_sensor_link,1.6,107.0,0.0
1790354324719929667,1790354324,600000256,wind_sensor_link,1.6,107.0,0.0
1790354324926972586,1790354324,800000256,wind_sensor_link,1.6,105.0,0.0
1790354325119684551,1790354325,0,wind_sensor_link,1.7,106.0,0.0
1790354325326782377,1790354325,200000000,wind_sensor_link,1.7,107.0,0.0
1790354325519011570,1790354325,400000000,wind_sensor_link,1.6,108.0,0.0
1790354325726745851,1790354325,600000256,wind_sensor_link,1.7,112.0,0.0
1790354325919401687,1790354325,800000256,wind_sensor_link,1.7,111.0,0.0
1790354326126204739,1790354326,0,wind_sensor_link,1.8,112.0,0.0
1790354326319155756,1790354326,200000000,wind_sensor_link,1.8,111.0,0.0
1790354326525913957,1790354326,400000000,wind_sensor_link,1.7,110.0,0.0
1790354326718873586,1790354326,600000256,wind_sensor_link,1.7,110.0,0.0
1790354326925709211,1790354326,800000256,wind_sensor_link,1.7,110.0,0.0
1790354327118066736,1790354327,0,wind_sensor_link,1.8,108.0,0.0
1790354327325359263,1790354327,200000000,wind_sensor_link,1.8,109.0,0.0
1790354327518346039,1790354327,400000000,wind_sensor_link,1.8,109.0,0.0
1790354327725102739,1790354327,600000256,wind_sensor_link,1.7,110.0,0.0
1790354327932242046,1790354327,800000256,wind_sensor_link,1.6,113.0,0.0
1790354328124894123,1790354328,0,wind_sensor_link,1.6,115.0,0.0
1790354328331912135,1790354328,200000000,wind_sensor_link,1.6,117.0,0.0
1790354328524645118,1790354328,400000000,wind_sensor_link,1.7,117.0,0.0
1790354328731661760,1790354328,600000256,wind_sensor_link,1.6,117.0,0.0
1790354328924284041,1790354328,800000256,wind_sensor_link,1.7,116.0,0.0
1790354329131366552,1790354329,0,wind_sensor_link,1.5,111.0,0.0
1790354329324018499,1790354329,200000000,wind_sensor_link,1.5,111.0,0.0
1790354329531356692,1790354329,400000000,wind_sensor_link,1.5,107.0,0.0
1790354329723767254,1790354329,600000256,wind_sensor_link,1.5,106.0,0.0
1790354329930830709,1790354329,800000256,wind_sensor_link,1.5,105.0,0.0
1790354330123490323,1790354330,0,wind_sensor_link,1.4,106.0,0.0
1790354330330652685,1790354330,200000000,wind_sensor_link,1.3,112.0,0.0
1790354330523158171,1790354330,400000000,wind_sensor_link,1.2,111.0,0.0
1790354330730295293,1790354330,600000256,wind_sensor_link,1.3,119.0,0.0
1790354330922927592,1790354330,800000256,wind_sensor_link,1.4,119.0,0.0
1790354331129968270,1790354331,0,wind_sensor_link,1.4,124.0,0.0
1790354331322656532,1790354331,200000000,wind_sensor_link,1.5,125.0,0.0
1790354331529552027,1790354331,400000000,wind_sensor_link,1.6,124.0,0.0
1790354331722361695,1790354331,600000256,wind_sensor_link,1.6,124.0,0.0
1790354331929482779,1790354331,800000256,wind_sensor_link,1.7,123.0,0.0
1790354332122148449,1790354332,0,wind_sensor_link,1.7,124.0,0.0
1790354332329163109,1790354332,200000000,wind_sensor_link,1.7,122.0,0.0
1790354332522109145,1790354332,400000000,wind_sensor_link,1.7,123.0,0.0
1790354332728832938,1790354332,600000256,wind_sensor_link,1.7,122.0,0.0
1790354332921463368,1790354332,800000256,wind_sensor_link,1.6,121.0,0.0
1790354333128766765,1790354333,0,wind_sensor_link,1.5,121.0,0.0
1790354333321221122,1790354333,200000000,wind_sensor_link,1.4,122.0,0.0
1790354333528339077,1790354333,400000000,wind_sensor_link,1.5,117.0,0.0
1790354333721007654,1790354333,600000256,wind_sensor_link,1.4,112.0,0.0
1790354333928047924,1790354333,800000256,wind_sensor_link,1.5,111.0,0.0
1790354334120656224,1790354334,0,wind_sensor_link,1.4,110.0,0.0
1790354334327674773,1790354334,200000000,wind_sensor_link,1.5,111.0,0.0
1790354334520357702,1790354334,400000000,wind_sensor_link,1.5,113.0,0.0
1790354334727559674,1790354334,600000256,wind_sensor_link,1.6,112.0,0.0
1790354334920198825,1790354334,800000256,wind_sensor_link,1.7,113.0,0.0
1790354335127316188,1790354335,0,wind_sensor_link,1.7,115.0,0.0
1790354335320175818,1790354335,200000000,wind_sensor_link,1.8,119.0,0.0
1790354335526966388,1790354335,400000000,wind_sensor_link,1.9,122.0,0.0
1790354335719564299,1790354335,600000256,wind_sensor_link,2.0,122.0,0.0
1790354335926715217,1790354335,800000256,wind_sensor_link,2.0,120.0,0.0
1790354336119312757,1790354336,0,wind_sensor_link,2.0,119.0,0.0
1790354336326404268,1790354336,200000000,wind_sensor_link,2.1,118.0,0.0
1790354336519334453,1790354336,400000000,wind_sensor_link,2.2,117.0,0.0
1790354336726131875,1790354336,600000256,wind_sensor_link,2.2,115.0,0.0
1790354336919120744,1790354336,800000256,wind_sensor_link,2.3,115.0,0.0
1790354337125803778,1790354337,0,wind_sensor_link,2.2,114.0,0.0
1790354337318261728,1790354337,200000000,wind_sensor_link,2.2,113.0,0.0
1790354337525541348,1790354337,400000000,wind_sensor_link,2.1,113.0,0.0
1790354337718684178,1790354337,600000256,wind_sensor_link,2.1,112.0,0.0
1790354337925340009,1790354337,800000256,wind_sensor_link,2.0,112.0,0.0
1790354338117964512,1790354338,0,wind_sensor_link,1.9,112.0,0.0
1790354338325225040,1790354338,200000000,wind_sensor_link,1.9,111.0,0.0
1790354338532348698,1790354338,400000000,wind_sensor_link,1.8,111.0,0.0
1790354338724792833,1790354338,600000256,wind_sensor_link,1.7,110.0,0.0
1790354338931755568,1790354338,800000256,wind_sensor_link,1.7,110.0,0.0
1790354339124810455,1790354339,0,wind_sensor_link,1.7,110.0,0.0
1790354339331494397,1790354339,200000000,wind_sensor_link,1.6,109.0,0.0
1790354339524136233,1790354339,400000000,wind_sensor_link,1.6,109.0,0.0
1790354339731313650,1790354339,600000256,wind_sensor_link,1.6,111.0,0.0
1790354339924243706,1790354339,800000256,wind_sensor_link,1.6,109.0,0.0
1790354340130917870,1790354340,0,wind_sensor_link,1.6,109.0,0.0
1790354340323796055,1790354340,200000000,wind_sensor_link,1.6,109.0,0.0
1790354340530758808,1790354340,400000000,wind_sensor_link,1.6,111.0,0.0
1790354340723378182,1790354340,600000256,wind_sensor_link,1.6,109.0,0.0
1790354340930493174,1790354340,800000256,wind_sensor_link,1.5,112.0,0.0
1790354341122848107,1790354341,0,wind_sensor_link,1.5,111.0,0.0
1790354341330191892,1790354341,200000000,wind_sensor_link,1.5,111.0,0.0
1790354341523127188,1790354341,400000000,wind_sensor_link,1.5,111.0,0.0
1790354341729874722,1790354341,600000256,wind_sensor_link,1.5,111.0,0.0
1790354341922467429,1790354341,800000256,wind_sensor_link,1.6,111.0,0.0
1790354342129469219,1790354342,0,wind_sensor_link,1.6,112.0,0.0
1790354342322165592,1790354342,200000000,wind_sensor_link,1.5,114.0,0.0
1790354342529318250,1790354342,400000000,wind_sensor_link,1.5,114.0,0.0
1790354342721942012,1790354342,600000256,wind_sensor_link,1.5,113.0,0.0
1790354342929209910,1790354342,800000256,wind_sensor_link,1.4,114.0,0.0
1790354343121660693,1790354343,0,wind_sensor_link,1.4,117.0,0.0
1790354343328724556,1790354343,200000000,wind_sensor_link,1.4,118.0,0.0
1790354343521300449,1790354343,400000000,wind_sensor_link,1.4,119.0,0.0
1790354343728495829,1790354343,600000256,wind_sensor_link,1.3,120.0,0.0
1790354343921081814,1790354343,800000256,wind_sensor_link,1.4,117.0,0.0
1790354344128215269,1790354344,0,wind_sensor_link,1.4,117.0,0.0
1790354344320825180,1790354344,200000000,wind_sensor_link,1.4,116.0,0.0
1790354344527786378,1790354344,400000000,wind_sensor_link,1.3,117.0,0.0
1790354344720510454,1790354344,600000256,wind_sensor_link,1.3,116.0,0.0
1790354344927522095,1790354344,800000256,wind_sensor_link,1.3,113.0,0.0
1790354345120367966,1790354345,0,wind_sensor_link,1.3,112.0,0.0
1790354345327383997,1790354345,200000000,wind_sensor_link,1.3,113.0,0.0
1790354345519978389,1790354345,400000000,wind_sensor_link,1.2,114.0,0.0
1790354345727157621,1790354345,600000256,wind_sensor_link,1.2,114.0,0.0
1790354345919740884,1790354345,800000256,wind_sensor_link,1.2,113.0,0.0
1790354346126635657,1790354346,0,wind_sensor_link,1.3,111.0,0.0
1790354346319185587,1790354346,200000000,wind_sensor_link,1.3,113.0,0.0
1790354346526652167,1790354346,400000000,wind_sensor_link,1.3,113.0,0.0
1790354346719195357,1790354346,600000256,wind_sensor_link,1.4,113.0,0.0
1790354346926281497,1790354346,800000256,wind_sensor_link,1.4,117.0,0.0
1790354347119275533,1790354347,0,wind_sensor_link,1.5,118.0,0.0
1790354347325988197,1790354347,200000000,wind_sensor_link,1.5,120.0,0.0
1790354347518345463,1790354347,400000000,wind_sensor_link,1.5,120.0,0.0
1790354347725736322,1790354347,600000256,wind_sensor_link,1.6,123.0,0.0
1790354347918710302,1790354347,800000256,wind_sensor_link,1.7,124.0,0.0
1790354348125461780,1790354348,0,wind_sensor_link,1.6,122.0,0.0
1790354348318411113,1790354348,200000000,wind_sensor_link,1.9,125.0,0.0
1790354348525134480,1790354348,400000000,wind_sensor_link,1.9,122.0,0.0
1790354348732181732,1790354348,600000256,wind_sensor_link,1.9,122.0,0.0
1790354348924849124,1790354348,800000256,wind_sensor_link,1.9,124.0,0.0
1790354349131979449,1790354349,0,wind_sensor_link,2.1,128.0,0.0
1790354349324874653,1790354349,200000000,wind_sensor_link,2.1,125.0,0.0
1790354349531724204,1790354349,400000000,wind_sensor_link,2.1,126.0,0.0
1790354349724257282,1790354349,600000256,wind_sensor_link,2.2,129.0,0.0
1790354349931481495,1790354349,800000256,wind_sensor_link,1.9,132.0,0.0
1790354350124267441,1790354350,0,wind_sensor_link,1.9,130.0,0.0
1790354350331157769,1790354350,200000000,wind_sensor_link,1.9,129.0,0.0
1790354350523823827,1790354350,400000000,wind_sensor_link,1.9,129.0,0.0
1790354350730843858,1790354350,600000256,wind_sensor_link,1.8,129.0,0.0
1790354350923459398,1790354350,800000256,wind_sensor_link,1.7,130.0,0.0
1790354351130543205,1790354351,0,wind_sensor_link,1.7,131.0,0.0
1790354351323228301,1790354351,200000000,wind_sensor_link,1.6,133.0,0.0
1790354351530410903,1790354351,400000000,wind_sensor_link,1.6,133.0,0.0
1790354351722716614,1790354351,600000256,wind_sensor_link,1.6,132.0,0.0
1790354351929970382,1790354351,800000256,wind_sensor_link,1.5,134.0,0.0
1790354352122681940,1790354352,0,wind_sensor_link,1.5,134.0,0.0
1790354352329690841,1790354352,200000000,wind_sensor_link,1.5,132.0,0.0
1790354352522208549,1790354352,400000000,wind_sensor_link,1.5,132.0,0.0
1790354352729366170,1790354352,600000256,wind_sensor_link,1.4,132.0,0.0
1790354352922407261,1790354352,800000256,wind_sensor_link,1.4,132.0,0.0
1790354353129171165,1790354353,0,wind_sensor_link,1.4,130.0,0.0
1790354353321940629,1790354353,200000000,wind_sensor_link,1.4,131.0,0.0
1790354353528756458,1790354353,400000000,wind_sensor_link,1.4,131.0,0.0
1790354353721542200,1790354353,600000256,wind_sensor_link,1.4,131.0,0.0
1790354353928718580,1790354353,800000256,wind_sensor_link,1.4,131.0,0.0
1790354354121350954,1790354354,0,wind_sensor_link,1.4,131.0,0.0
1790354354328453169,1790354354,200000000,wind_sensor_link,1.4,130.0,0.0
1790354354520965970,1790354354,400000000,wind_sensor_link,1.3,130.0,0.0
1790354354728024055,1790354354,600000256,wind_sensor_link,1.4,129.0,0.0
1790354354920798630,1790354354,800000256,wind_sensor_link,1.4,128.0,0.0
1790354355127714773,1790354355,0,wind_sensor_link,1.4,130.0,0.0
1790354355320458645,1790354355,200000000,wind_sensor_link,1.4,129.0,0.0
1790354355527468305,1790354355,400000000,wind_sensor_link,1.4,130.0,0.0
1790354355720136586,1790354355,600000256,wind_sensor_link,1.4,131.0,0.0
1790354355927313410,1790354355,800000256,wind_sensor_link,1.4,131.0,0.0
1790354356119709972,1790354356,0,wind_sensor_link,1.4,133.0,0.0
1790354356327070165,1790354356,200000000,wind_sensor_link,1.3,134.0,0.0
1790354356519471486,1790354356,400000000,wind_sensor_link,1.3,134.0,0.0
1790354356726553034,1790354356,600000256,wind_sensor_link,1.3,131.0,0.0
1790354356919756493,1790354356,800000256,wind_sensor_link,1.3,131.0,0.0
1790354357126693524,1790354357,0,wind_sensor_link,1.2,130.0,0.0
1790354357318896477,1790354357,200000000,wind_sensor_link,1.2,128.0,0.0
1790354357526092764,1790354357,400000000,wind_sensor_link,1.2,129.0,0.0
1790354357718408438,1790354357,600000256,wind_sensor_link,1.3,129.0,0.0
1790354357925985277,1790354357,800000256,wind_sensor_link,1.3,126.0,0.0
1790354358118279395,1790354358,0,wind_sensor_link,1.3,126.0,0.0
1790354358325719013,1790354358,200000000,wind_sensor_link,1.3,126.0,0.0
1790354358518032594,1790354358,400000000,wind_sensor_link,1.3,124.0,0.0
1790354358725346861,1790354358,600000256,wind_sensor_link,1.2,124.0,0.0
1790354358918154974,1790354358,800000256,wind_sensor_link,1.2,123.0,0.0
1790354359125116690,1790354359,0,wind_sensor_link,1.2,124.0,0.0
1790354359332103350,1790354359,200000000,wind_sensor_link,1.2,124.0,0.0
1790354359524810074,1790354359,400000000,wind_sensor_link,1.2,124.0,0.0
1790354359731782772,1790354359,600000256,wind_sensor_link,1.2,126.0,0.0
1790354359924823363,1790354359,800000256,wind_sensor_link,1.2,127.0,0.0
1790354360131572341,1790354360,0,wind_sensor_link,1.2,128.0,0.0
1790354360324215974,1790354360,200000000,wind_sensor_link,1.2,128.0,0.0
1790354360531351243,1790354360,400000000,wind_sensor_link,1.3,130.0,0.0
1790354360724007672,1790354360,600000256,wind_sensor_link,1.3,131.0,0.0
1790354360931065239,1790354360,800000256,wind_sensor_link,1.3,131.0,0.0
1790354361123474467,1790354361,0,wind_sensor_link,1.4,129.0,0.0
1790354361330777975,1790354361,200000000,wind_sensor_link,1.4,131.0,0.0
1790354361523215222,1790354361,400000000,wind_sensor_link,1.4,129.0,0.0
1790354361730405490,1790354361,600000256,wind_sensor_link,1.4,131.0,0.0
1790354361922969383,1790354361,800000256,wind_sensor_link,1.4,132.0,0.0
1790354362130373557,1790354362,0,wind_sensor_link,1.4,133.0,0.0
1790354362322744767,1790354362,200000000,wind_sensor_link,1.3,132.0,0.0
1790354362529925073,1790354362,400000000,wind_sensor_link,1.3,134.0,0.0
1790354362722502929,1790354362,600000256,wind_sensor_link,1.2,132.0,0.0
1790354362929517108,1790354362,800000256,wind_sensor_link,1.1,131.0,0.0
1790354363122368923,1790354363,0,wind_sensor_link,1.1,130.0,0.0
1790354363329480471,1790354363,200000000,wind_sensor_link,1.0,126.0,0.0
1790354363521911439,1790354363,400000000,wind_sensor_link,0.9,122.0,0.0
1790354363729116893,1790354363,600000256,wind_sensor_link,0.9,118.0,0.0
1790354363921800155,1790354363,800000256,wind_sensor_link,0.9,116.0,0.0
1790354364128761019,1790354364,0,wind_sensor_link,0.9,112.0,0.0
1790354364321459133,1790354364,200000000,wind_sensor_link,0.9,112.0,0.0
1790354364528559440,1790354364,400000000,wind_sensor_link,0.9,111.0,0.0
1790354364721133148,1790354364,600000256,wind_sensor_link,0.9,107.0,0.0
1790354364928433841,1790354364,800000256,wind_sensor_link,1.0,106.0,0.0
1790354365121055030,1790354365,0,wind_sensor_link,1.1,104.0,0.0
1790354365327943469,1790354365,200000000,wind_sensor_link,1.1,103.0,0.0
1790354365520564972,1790354365,400000000,wind_sensor_link,1.2,100.0,0.0
1790354365727755926,1790354365,600000256,wind_sensor_link,1.2,102.0,0.0
1790354365920132710,1790354365,800000256,wind_sensor_link,1.3,95.0,0.0
1790354366127454348,1790354366,0,wind_sensor_link,1.3,95.0,0.0
1790354366320046741,1790354366,200000000,wind_sensor_link,1.4,98.0,0.0
1790354366527125770,1790354366,400000000,wind_sensor_link,1.4,100.0,0.0
1790354366719919068,1790354366,600000256,wind_sensor_link,1.4,105.0,0.0
1790354366927036263,1790354366,800000256,wind_sensor_link,1.5,108.0,0.0
1790354367119660378,1790354367,0,wind_sensor_link,1.6,112.0,0.0
1790354367326701315,1790354367,200000000,wind_sensor_link,1.5,117.0,0.0
1790354367519304449,1790354367,400000000,wind_sensor_link,1.6,124.0,0.0
1790354367726539476,1790354367,600000256,wind_sensor_link,1.6,127.0,0.0
1790354367919414662,1790354367,800000256,wind_sensor_link,1.7,128.0,0.0
1790354368126174491,1790354368,0,wind_sensor_link,1.8,132.0,0.0
1790354368319142528,1790354368,200000000,wind_sensor_link,1.9,134.0,0.0
1790354368525713082,1790354368,400000000,wind_sensor_link,1.9,136.0,0.0
1790354368718090255,1790354368,600000256,wind_sensor_link,1.9,136.0,0.0
1790354368925536817,1790354368,800000256,wind_sensor_link,2.1,138.0,0.0
1790354369118264615,1790354369,0,wind_sensor_link,2.2,136.0,0.0
1790354369325153629,1790354369,200000000,wind_sensor_link,2.3,140.0,0.0
1790354369518450679,1790354369,400000000,wind_sensor_link,2.3,144.0,0.0
1790354369725096066,1790354369,600000256,wind_sensor_link,2.1,143.0,0.0
1790354369932254298,1790354369,800000256,wind_sensor_link,1.9,139.0,0.0
1790354370124783766,1790354370,0,wind_sensor_link,1.9,137.0,0.0
1790354370331900054,1790354370,200000000,wind_sensor_link,1.8,136.0,0.0
1790354370524633315,1790354370,400000000,wind_sensor_link,1.6,135.0,0.0
1790354370731536958,1790354370,600000256,wind_sensor_link,1.6,139.0,0.0
1790354370924517772,1790354370,800000256,wind_sensor_link,1.4,137.0,0.0
1790354371131382526,1790354371,0,wind_sensor_link,1.3,135.0,0.0
1790354371324006770,1790354371,200000000,wind_sensor_link,1.3,134.0,0.0
1790354371531106929,1790354371,400000000,wind_sensor_link,1.3,135.0,0.0
1790354371723790265,1790354371,600000256,wind_sensor_link,1.3,133.0,0.0
1790354371930850554,1790354371,800000256,wind_sensor_link,1.4,128.0,0.0
1790354372123646407,1790354372,0,wind_sensor_link,1.3,129.0,0.0
1790354372330546346,1790354372,200000000,wind_sensor_link,1.4,125.0,0.0
1790354372523203423,1790354372,400000000,wind_sensor_link,1.4,127.0,0.0
1790354372730337433,1790354372,600000256,wind_sensor_link,1.5,126.0,0.0
1790354372922893364,1790354372,800000256,wind_sensor_link,1.6,128.0,0.0
1790354373130032189,1790354373,0,wind_sensor_link,1.7,133.0,0.0
1790354373322723450,1790354373,200000000,wind_sensor_link,1.6,135.0,0.0
1790354373529739203,1790354373,400000000,wind_sensor_link,1.7,142.0,0.0
1790354373722356910,1790354373,600000256,wind_sensor_link,1.8,142.0,0.0
1790354373929418662,1790354373,800000256,wind_sensor_link,2.0,144.0,0.0
1790354374122094109,1790354374,0,wind_sensor_link,2.1,142.0,0.0
1790354374329133473,1790354374,200000000,wind_sensor_link,2.1,144.0,0.0
1790354374521681014,1790354374,400000000,wind_sensor_link,2.2,144.0,0.0
1790354374728898449,1790354374,600000256,wind_sensor_link,2.3,146.0,0.0
1790354374921526841,1790354374,800000256,wind_sensor_link,2.3,147.0,0.0
1790354375128687703,1790354375,0,wind_sensor_link,2.3,146.0,0.0
1790354375321250115,1790354375,200000000,wind_sensor_link,2.2,150.0,0.0
1790354375528654381,1790354375,400000000,wind_sensor_link,2.2,153.0,0.0
1790354375720901889,1790354375,600000256,wind_sensor_link,2.2,153.0,0.0
1790354375928064899,1790354375,800000256,wind_sensor_link,2.2,154.0,0.0
1790354376120737994,1790354376,0,wind_sensor_link,2.2,155.0,0.0
1790354376327788283,1790354376,200000000,wind_sensor_link,2.2,155.0,0.0
1790354376520411342,1790354376,400000000,wind_sensor_link,2.2,157.0,0.0
1790354376727569797,1790354376,600000256,wind_sensor_link,2.3,158.0,0.0
1790354376920107468,1790354376,800000256,wind_sensor_link,2.4,158.0,0.0
1790354377127321459,1790354377,0,wind_sensor_link,2.5,156.0,0.0
1790354377319961295,1790354377,200000000,wind_sensor_link,2.5,156.0,0.0
1790354377526825253,1790354377,400000000,wind_sensor_link,2.6,157.0,0.0
1790354377719320054,1790354377,600000256,wind_sensor_link,2.6,154.0,0.0
1790354377926727376,1790354377,800000256,wind_sensor_link,2.6,153.0,0.0
1790354378119312213,1790354378,0,wind_sensor_link,2.6,150.0,0.0
1790354378326438927,1790354378,200000000,wind_sensor_link,2.5,148.0,0.0
1790354378519044209,1790354378,400000000,wind_sensor_link,2.3,147.0,0.0
1790354378726121257,1790354378,600000256,wind_sensor_link,2.3,147.0,0.0
1790354378919124330,1790354378,800000256,wind_sensor_link,2.3,146.0,0.0
1790354379125849900,1790354379,0,wind_sensor_link,2.2,146.0,0.0
1790354379318459608,1790354379,200000000,wind_sensor_link,2.2,146.0,0.0
1790354379525546211,1790354379,400000000,wind_sensor_link,2.2,148.0,0.0
1790354379718218862,1790354379,600000256,wind_sensor_link,2.3,148.0,0.0
1790354379925363872,1790354379,800000256,wind_sensor_link,2.3,148.0,0.0
1790354380118361019,1790354380,0,wind_sensor_link,2.4,148.0,0.0
1790354380324862778,1790354380,200000000,wind_sensor_link,2.4,147.0,0.0
1790354380532247526,1790354380,400000000,wind_sensor_link,2.4,147.0,0.0
1790354380724735587,1790354380,600000256,wind_sensor_link,2.4,149.0,0.0
1790354380931876023,1790354380,800000256,wind_sensor_link,2.5,150.0,0.0
1790354381124526470,1790354381,0,wind_sensor_link,2.5,150.0,0.0
1790354381331500927,1790354381,200000000,wind_sensor_link,2.5,151.0,0.0
1790354381524425371,1790354381,400000000,wind_sensor_link,2.5,151.0,0.0
1790354381731283107,1790354381,600000256,wind_sensor_link,2.4,153.0,0.0
1790354381923872685,1790354381,800000256,wind_sensor_link,2.3,153.0,0.0
1790354382131072879,1790354382,0,wind_sensor_link,2.3,155.0,0.0
1790354382323877695,1790354382,200000000,wind_sensor_link,2.3,155.0,0.0
1790354382530701487,1790354382,400000000,wind_sensor_link,2.1,155.0,0.0
1790354382723282843,1790354382,600000256,wind_sensor_link,2.1,154.0,0.0
1790354382930428927,1790354382,800000256,wind_sensor_link,2.1,155.0,0.0
1790354383123061505,1790354383,0,wind_sensor_link,2.0,156.0,0.0
1790354383330180700,1790354383,200000000,wind_sensor_link,2.0,156.0,0.0
1790354383522884110,1790354383,400000000,wind_sensor_link,2.0,157.0,0.0
1790354383729876400,1790354383,600000256,wind_sensor_link,2.0,157.0,0.0
1790354383922819751,1790354383,800000256,wind_sensor_link,2.0,156.0,0.0
1790354384129695857,1790354384,0,wind_sensor_link,2.0,156.0,0.0
1790354384322215954,1790354384,200000000,wind_sensor_link,2.0,157.0,0.0
1790354384529331872,1790354384,400000000,wind_sensor_link,2.0,158.0,0.0
1790354384721701083,1790354384,600000256,wind_sensor_link,2.0,158.0,0.0
1790354384929056609,1790354384,800000256,wind_sensor_link,2.0,158.0,0.0
1790354385121695649,1790354385,0,wind_sensor_link,2.0,156.0,0.0
1790354385328740234,1790354385,200000000,wind_sensor_link,2.0,158.0,0.0
1790354385521366886,1790354385,400000000,wind_sensor_link,2.0,156.0,0.0
1790354385728431175,1790354385,600000256,wind_sensor_link,2.1,156.0,0.0
1790354385921093918,1790354385,800000256,wind_sensor_link,2.1,157.0,0.0
1790354386128313335,1790354386,0,wind_sensor_link,2.1,157.0,0.0
1790354386320703064,1790354386,200000000,wind_sensor_link,2.1,156.0,0.0
1790354386528207940,1790354386,400000000,wind_sensor_link,2.1,156.0,0.0
1790354386720333875,1790354386,600000256,wind_sensor_link,2.1,158.0,0.0
1790354386927679994,1790354386,800000256,wind_sensor_link,2.1,158.0,0.0
1790354387120334089,1790354387,0,wind_sensor_link,2.0,158.0,0.0
1790354387327460915,1790354387,200000000,wind_sensor_link,2.0,159.0,0.0
1790354387519956920,1790354387,400000000,wind_sensor_link,2.0,158.0,0.0
1790354387727053597,1790354387,600000256,wind_sensor_link,2.0,159.0,0.0
1790354387919499066,1790354387,800000256,wind_sensor_link,2.0,158.0,0.0
1790354388126853703,1790354388,0,wind_sensor_link,2.0,155.0,0.0
1790354388319460132,1790354388,200000000,wind_sensor_link,2.0,157.0,0.0
1790354388526512384,1790354388,400000000,wind_sensor_link,2.0,157.0,0.0
1790354388719409070,1790354388,600000256,wind_sensor_link,2.0,155.0,0.0
1790354388926317657,1790354388,800000256,wind_sensor_link,1.9,156.0,0.0
1790354389118961160,1790354389,0,wind_sensor_link,1.9,156.0,0.0
1790354389325865265,1790354389,200000000,wind_sensor_link,2.0,155.0,0.0
1790354389518693396,1790354389,400000000,wind_sensor_link,1.9,155.0,0.0
1790354389725512947,1790354389,600000256,wind_sensor_link,1.9,156.0,0.0
1790354389918756702,1790354389,800000256,wind_sensor_link,1.9,156.0,0.0
1790354390125652160,1790354390,0,wind_sensor_link,1.9,156.0,0.0
1790354390318391310,1790354390,200000000,wind_sensor_link,1.9,156.0,0.0
1790354390525206361,1790354390,400000000,wind_sensor_link,1.9,158.0,0.0
1790354390718220952,1790354390,600000256,wind_sensor_link,2.0,158.0,0.0
1790354390924923727,1790354390,800000256,wind_sensor_link,2.0,158.0,0.0
1790354391131987201,1790354391,0,wind_sensor_link,2.0,160.0,0.0
1790354391324511373,1790354391,200000000,wind_sensor_link,2.0,160.0,0.0
1790354391531808696,1790354391,400000000,wind_sensor_link,2.0,160.0,0.0
1790354391724422440,1790354391,600000256,wind_sensor_link,2.0,160.0,0.0
1790354391931359842,1790354391,800000256,wind_sensor_link,2.0,159.0,0.0
1790354392124155787,1790354392,0,wind_sensor_link,2.0,159.0,0.0
1790354392331311594,1790354392,200000000,wind_sensor_link,2.0,159.0,0.0
1790354392523676896,1790354392,400000000,wind_sensor_link,2.0,158.0,0.0
1790354392730944961,1790354392,600000256,wind_sensor_link,2.0,157.0,0.0
1790354392923535835,1790354392,800000256,wind_sensor_link,2.0,157.0,0.0
1790354393130713067,1790354393,0,wind_sensor_link,1.9,156.0,0.0
1790354393323138573,1790354393,200000000,wind_sensor_link,2.1,154.0,0.0
1790354393530314805,1790354393,400000000,wind_sensor_link,2.1,153.0,0.0
1790354393722773699,1790354393,600000256,wind_sensor_link,2.1,154.0,0.0
1790354393930111484,1790354393,800000256,wind_sensor_link,2.2,153.0,0.0
1790354394122815302,1790354394,0,wind_sensor_link,2.3,154.0,0.0
1790354394329852813,1790354394,200000000,wind_sensor_link,2.3,153.0,0.0
1790354394522437002,1790354394,400000000,wind_sensor_link,2.3,151.0,0.0
1790354394729513735,1790354394,600000256,wind_sensor_link,2.3,148.0,0.0
1790354394922206793,1790354394,800000256,wind_sensor_link,2.2,147.0,0.0
1790354395129355378,1790354395,0,wind_sensor_link,2.2,149.0,0.0
1790354395321712273,1790354395,200000000,wind_sensor_link,2.2,146.0,0.0
1790354395528948041,1790354395,400000000,wind_sensor_link,2.1,148.0,0.0
1790354395721488527,1790354395,600000256,wind_sensor_link,2.1,145.0,0.0
1790354395928739129,1790354395,800000256,wind_sensor_link,2.1,148.0,0.0
1790354396121427428,1790354396,0,wind_sensor_link,2.2,149.0,0.0
1790354396328444384,1790354396,200000000,wind_sensor_link,2.2,150.0,0.0
1790354396521095239,1790354396,400000000,wind_sensor_link,2.2,149.0,0.0
1790354396728296359,1790354396,600000256,wind_sensor_link,2.2,150.0,0.0
1790354396921168841,1790354396,800000256,wind_sensor_link,2.2,149.0,0.0
1790354397127913338,1790354397,0,wind_sensor_link,2.2,146.0,0.0
1790354397320345621,1790354397,200000000,wind_sensor_link,2.1,144.0,0.0
1790354397527699110,1790354397,400000000,wind_sensor_link,2.1,143.0,0.0
1790354397720268559,1790354397,600000256,wind_sensor_link,2.0,145.0,0.0
1790354397927282700,1790354397,800000256,wind_sensor_link,2.0,142.0,0.0
1790354398119972573,1790354398,0,wind_sensor_link,2.1,140.0,0.0
1790354398327136972,1790354398,200000000,wind_sensor_link,2.1,139.0,0.0
1790354398519495108,1790354398,400000000,wind_sensor_link,2.1,140.0,0.0
1790354398726790283,1790354398,600000256,wind_sensor_link,2.1,140.0,0.0
1790354398919421120,1790354398,800000256,wind_sensor_link,2.1,141.0,0.0
1790354399126533278,1790354399,0,wind_sensor_link,2.1,141.0,0.0
1790354399318880563,1790354399,200000000,wind_sensor_link,2.1,138.0,0.0
1790354399526456068,1790354399,400000000,wind_sensor_link,2.1,138.0,0.0
1790354399719228218,1790354399,600000256,wind_sensor_link,2.0,141.0,0.0
1790354399926004158,1790354399,800000256,wind_sensor_link,2.0,144.0,0.0
1790354400118642587,1790354400,0,wind_sensor_link,2.0,143.0,0.0
1790354400325730061,1790354400,200000000,wind_sensor_link,2.0,147.0,0.0
1790354400518668098,1790354400,400000000,wind_sensor_link,2.0,145.0,0.0
1790354400725245059,1790354400,600000256,wind_sensor_link,2.0,148.0,0.0
1790354400918329835,1790354400,800000256,wind_sensor_link,2.0,148.0,0.0
1790354401125158330,1790354401,0,wind_sensor_link,2.0,150.0,0.0
1790354401317516615,1790354401,200000000,wind_sensor_link,2.0,146.0,0.0
1790354401524721328,1790354401,400000000,wind_sensor_link,2.0,143.0,0.0
1790354401732011410,1790354401,600000256,wind_sensor_link,1.9,145.0,0.0
1790354401924889003,1790354401,800000256,wind_sensor_link,1.9,139.0,0.0
1790354402131763054,1790354402,0,wind_sensor_link,1.9,141.0,0.0
1790354402324355909,1790354402,200000000,wind_sensor_link,1.8,137.0,0.0
1790354402531393402,1790354402,400000000,wind_sensor_link,1.8,137.0,0.0
1790354402723858759,1790354402,600000256,wind_sensor_link,1.7,137.0,0.0
1790354402931347395,1790354402,800000256,wind_sensor_link,1.7,140.0,0.0
1790354403123769975,1790354403,0,wind_sensor_link,1.7,141.0,0.0
1790354403330791727,1790354403,200000000,wind_sensor_link,1.7,139.0,0.0
1790354403523518155,1790354403,400000000,wind_sensor_link,1.7,140.0,0.0
1790354403730676054,1790354403,600000256,wind_sensor_link,1.7,139.0,0.0
1790354403923497370,1790354403,800000256,wind_sensor_link,1.7,138.0,0.0
1790354404130313069,1790354404,0,wind_sensor_link,1.7,137.0,0.0
1790354404322926202,1790354404,200000000,wind_sensor_link,1.7,137.0,0.0
1790354404530165841,1790354404,400000000,wind_sensor_link,1.8,134.0,0.0
1790354404722716938,1790354404,600000256,wind_sensor_link,1.7,132.0,0.0
1790354404929759116,1790354404,800000256,wind_sensor_link,1.8,134.0,0.0
1790354405122382508,1790354405,0,wind_sensor_link,1.8,136.0,0.0
1790354405329329688,1790354405,200000000,wind_sensor_link,1.7,138.0,0.0
1790354405522065986,1790354405,400000000,wind_sensor_link,1.8,142.0,0.0
1790354405729194163,1790354405,600000256,wind_sensor_link,1.7,147.0,0.0
1790354405921767259,1790354405,800000256,wind_sensor_link,1.7,147.0,0.0
1790354406128924658,1790354406,0,wind_sensor_link,1.6,152.0,0.0
1790354406321518940,1790354406,200000000,wind_sensor_link,1.7,155.0,0.0
1790354406528666450,1790354406,400000000,wind_sensor_link,1.6,156.0,0.0
1790354406721269194,1790354406,600000256,wind_sensor_link,1.5,157.0,0.0
1790354406928258836,1790354406,800000256,wind_sensor_link,1.5,158.0,0.0
1790354407120950802,1790354407,0,wind_sensor_link,1.5,158.0,0.0
1790354407327938610,1790354407,200000000,wind_sensor_link,1.4,155.0,0.0
1790354407520522188,1790354407,400000000,wind_sensor_link,1.4,157.0,0.0
1790354407727701457,1790354407,600000256,wind_sensor_link,1.3,155.0,0.0
1790354407920781529,1790354407,800000256,wind_sensor_link,1.3,154.0,0.0
1790354408127742041,1790354408,0,wind_sensor_link,1.3,154.0,0.0
1790354408320090807,1790354408,200000000,wind_sensor_link,1.3,153.0,0.0
1790354408527102930,1790354408,400000000,wind_sensor_link,1.3,154.0,0.0
1790354408719920616,1790354408,600000256,wind_sensor_link,1.3,154.0,0.0
1790354408927014794,1790354408,800000256,wind_sensor_link,1.2,154.0,0.0
1790354409119550372,1790354409,0,wind_sensor_link,1.2,153.0,0.0
1790354409327183506,1790354409,200000000,wind_sensor_link,1.3,150.0,0.0
1790354409519372830,1790354409,400000000,wind_sensor_link,1.3,146.0,0.0
1790354409726337249,1790354409,600000256,wind_sensor_link,1.3,144.0,0.0
1790354409919354637,1790354409,800000256,wind_sensor_link,1.3,140.0,0.0
1790354410126185929,1790354410,0,wind_sensor_link,1.3,136.0,0.0
1790354410319184261,1790354410,200000000,wind_sensor_link,1.3,132.0,0.0
1790354410525723612,1790354410,400000000,wind_sensor_link,1.3,128.0,0.0
1790354410718478558,1790354410,600000256,wind_sensor_link,1.3,125.0,0.0
1790354410925541810,1790354410,800000256,wind_sensor_link,1.3,126.0,0.0
1790354411118547882,1790354411,0,wind_sensor_link,1.3,126.0,0.0
1790354411325324990,1790354411,200000000,wind_sensor_link,1.3,127.0,0.0
1790354411517705552,1790354411,400000000,wind_sensor_link,1.3,127.0,0.0
1790354411725091170,1790354411,600000256,wind_sensor_link,1.4,128.0,0.0
1790354411932159681,1790354411,800000256,wind_sensor_link,1.4,128.0,0.0
1790354412124707334,1790354412,0,wind_sensor_link,1.4,129.0,0.0
1790354412331841047,1790354412,200000000,wind_sensor_link,1.5,129.0,0.0
1790354412524444347,1790354412,400000000,wind_sensor_link,1.5,129.0,0.0
1790354412731476933,1790354412,600000256,wind_sensor_link,1.5,130.0,0.0
1790354412924161547,1790354412,800000256,wind_sensor_link,1.5,130.0,0.0
1790354413131229113,1790354413,0,wind_sensor_link,1.5,130.0,0.0
1790354413323869228,1790354413,200000000,wind_sensor_link,1.5,131.0,0.0
1790354413530959664,1790354413,400000000,wind_sensor_link,1.5,130.0,0.0
1790354413723655611,1790354413,600000256,wind_sensor_link,1.5,130.0,0.0
1790354413930734585,1790354413,800000256,wind_sensor_link,1.4,131.0,0.0
1790354414123408347,1790354414,0,wind_sensor_link,1.4,129.0,0.0
1790354414330423933,1790354414,200000000,wind_sensor_link,1.4,129.0,0.0
1790354414523144880,1790354414,400000000,wind_sensor_link,1.4,130.0,0.0
1790354414730329001,1790354414,600000256,wind_sensor_link,1.4,130.0,0.0
1790354414922856839,1790354414,800000256,wind_sensor_link,1.4,134.0,0.0
1790354415130035237,1790354415,0,wind_sensor_link,1.4,137.0,0.0
1790354415322648611,1790354415,200000000,wind_sensor_link,1.3,139.0,0.0
1790354415529677437,1790354415,400000000,wind_sensor_link,1.3,142.0,0.0
1790354415722283330,1790354415,600000256,wind_sensor_link,1.3,146.0,0.0
1790354415929373693,1790354415,800000256,wind_sensor_link,1.3,148.0,0.0
1790354416122005529,1790354416,0,wind_sensor_link,1.3,150.0,0.0
1790354416329156076,1790354416,200000000,wind_sensor_link,1.2,150.0,0.0
1790354416521476657,1790354416,400000000,wind_sensor_link,1.2,146.0,0.0
1790354416728720352,1790354416,600000256,wind_sensor_link,1.1,145.0,0.0
1790354416921509760,1790354416,800000256,wind_sensor_link,1.0,143.0,0.0
1790354417128516457,1790354417,0,wind_sensor_link,1.0,139.0,0.0
1790354417321158312,1790354417,200000000,wind_sensor_link,0.9,134.0,0.0
1790354417528291878,1790354417,400000000,wind_sensor_link,0.9,135.0,0.0
1790354417720837660,1790354417,600000256,wind_sensor_link,0.8,133.0,0.0
1790354417928064651,1790354417,800000256,wind_sensor_link,0.8,135.0,0.0
1790354418120684414,1790354418,0,wind_sensor_link,0.8,136.0,0.0
1790354418327736573,1790354418,200000000,wind_sensor_link,0.8,138.0,0.0
1790354418520364151,1790354418,400000000,wind_sensor_link,0.8,139.0,0.0
1790354418727255386,1790354418,600000256,wind_sensor_link,0.8,142.0,0.0
1790354418920379457,1790354418,800000256,wind_sensor_link,0.8,146.0,0.0
1790354419127213712,1790354419,0,wind_sensor_link,0.8,146.0,0.0
1790354419320140397,1790354419,200000000,wind_sensor_link,0.7,144.0,0.0
1790354419527107687,1790354419,400000000,wind_sensor_link,0.7,143.0,0.0
1790354419719809504,1790354419,600000256,wind_sensor_link,0.7,142.0,0.0
1790354419926539371,1790354419,800000256,wind_sensor_link,0.7,140.0,0.0
1790354420119259429,1790354420,0,wind_sensor_link,0.8,139.0,0.0
1790354420326381625,1790354420,200000000,wind_sensor_link,0.8,136.0,0.0
1790354420519255014,1790354420,400000000,wind_sensor_link,0.8,134.0,0.0
1790354420725920493,1790354420,600000256,wind_sensor_link,0.8,133.0,0.0
1790354420918736383,1790354420,800000256,wind_sensor_link,0.8,134.0,0.0
1790354421125990336,1790354421,0,wind_sensor_link,0.8,131.0,0.0
1790354421318802670,1790354421,200000000,wind_sensor_link,0.8,130.0,0.0
1790354421525407132,1790354421,400000000,wind_sensor_link,0.8,130.0,0.0
1790354421718372890,1790354421,600000256,wind_sensor_link,0.8,130.0,0.0
1790354421925466160,1790354421,800000256,wind_sensor_link,0.8,130.0,0.0
1790354422118262087,1790354422,0,wind_sensor_link,0.8,129.0,0.0
1790354422324819938,1790354422,200000000,wind_sensor_link,0.8,131.0,0.0
1790354422532003040,1790354422,400000000,wind_sensor_link,0.8,131.0,0.0
1790354422724687987,1790354422,600000256,wind_sensor_link,0.8,131.0,0.0
1790354422931794109,1790354422,800000256,wind_sensor_link,0.8,130.0,0.0
1790354423124262281,1790354423,0,wind_sensor_link,0.9,131.0,0.0
1790354423331564493,1790354423,200000000,wind_sensor_link,0.9,130.0,0.0
1790354423524108516,1790354423,400000000,wind_sensor_link,0.9,130.0,0.0
1790354423731158916,1790354423,600000256,wind_sensor_link,0.9,130.0,0.0
1790354423923826845,1790354423,800000256,wind_sensor_link,0.9,129.0,0.0
1790354424130935948,1790354424,0,wind_sensor_link,0.9,128.0,0.0
1790354424323520785,1790354424,200000000,wind_sensor_link,0.9,128.0,0.0
1790354424530659629,1790354424,400000000,wind_sensor_link,0.9,129.0,0.0
1790354424723323039,1790354424,600000256,wind_sensor_link,0.9,128.0,0.0
1790354424930288329,1790354424,800000256,wind_sensor_link,1.0,128.0,0.0
1790354425122854519,1790354425,0,wind_sensor_link,1.0,129.0,0.0
1790354425330048065,1790354425,200000000,wind_sensor_link,1.0,129.0,0.0
1790354425523018361,1790354425,400000000,wind_sensor_link,1.0,131.0,0.0
1790354425729786598,1790354425,600000256,wind_sensor_link,1.0,130.0,0.0
1790354425922518266,1790354425,800000256,wind_sensor_link,1.0,132.0,0.0
1790354426129447112,1790354426,0,wind_sensor_link,1.0,132.0,0.0
1790354426321974987,1790354426,200000000,wind_sensor_link,1.1,134.0,0.0
1790354426529145386,1790354426,400000000,wind_sensor_link,1.0,137.0,0.0
1790354426721731186,1790354426,600000256,wind_sensor_link,1.0,138.0,0.0
1790354426929060102,1790354426,800000256,wind_sensor_link,1.0,138.0,0.0
1790354427121417423,1790354427,0,wind_sensor_link,1.0,140.0,0.0
1790354427328838189,1790354427,200000000,wind_sensor_link,1.0,142.0,0.0
1790354427521196233,1790354427,400000000,wind_sensor_link,1.0,142.0,0.0
1790354427728358650,1790354427,600000256,wind_sensor_link,1.0,143.0,0.0
1790354427920230774,1790354427,800000256,wind_sensor_link,0.9,143.0,0.0
1790354428127846760,1790354428,0,wind_sensor_link,0.9,143.0,0.0
1790354428319903696,1790354428,200000000,wind_sensor_link,0.8,143.0,0.0
1790354428527328925,1790354428,400000000,wind_sensor_link,0.8,142.0,0.0
1790354428719550026,1790354428,600000256,wind_sensor_link,0.8,143.0,0.0
1790354428927151586,1790354428,800000256,wind_sensor_link,0.8,141.0,0.0
1790354429119893551,1790354429,0,wind_sensor_link,0.8,137.0,0.0
1790354429326933007,1790354429,200000000,wind_sensor_link,0.8,138.0,0.0
1790354429518974628,1790354429,400000000,wind_sensor_link,0.8,137.0,0.0
1790354429726661484,1790354429,600000256,wind_sensor_link,0.8,136.0,0.0
1790354429918745271,1790354429,800000256,wind_sensor_link,0.8,139.0,0.0
1790354430126839918,1790354430,0,wind_sensor_link,0.8,136.0,0.0
1790354430319792825,1790354430,200000000,wind_sensor_link,0.8,136.0,0.0
1790354430526481118,1790354430,400000000,wind_sensor_link,0.8,138.0,0.0
1790354430719199343,1790354430,600000256,wind_sensor_link,0.8,138.0,0.0
1790354430926171985,1790354430,800000256,wind_sensor_link,0.9,138.0,0.0
1790354431118904598,1790354431,0,wind_sensor_link,0.9,140.0,0.0
1790354431325821240,1790354431,200000000,wind_sensor_link,0.9,139.0,0.0
1790354431518350578,1790354431,400000000,wind_sensor_link,1.1,139.0,0.0
1790354431725537162,1790354431,600000256,wind_sensor_link,1.2,142.0,0.0
1790354431918300627,1790354431,800000256,wind_sensor_link,1.2,142.0,0.0
1790354432125356268,1790354432,0,wind_sensor_link,1.2,140.0,0.0
1790354432317924531,1790354432,200000000,wind_sensor_link,1.1,141.0,0.0
1790354432525077745,1790354432,400000000,wind_sensor_link,1.1,141.0,0.0
1790354432717510843,1790354432,600000256,wind_sensor_link,1.1,141.0,0.0
1790354432925071848,1790354432,800000256,wind_sensor_link,1.1,141.0,0.0
1790354433131967250,1790354433,0,wind_sensor_link,0.9,138.0,0.0
1790354433324557421,1790354433,200000000,wind_sensor_link,0.8,134.0,0.0
1790354433531711597,1790354433,400000000,wind_sensor_link,0.9,134.0,0.0
1790354433724130548,1790354433,600000256,wind_sensor_link,0.8,135.0,0.0
1790354433931313039,1790354433,800000256,wind_sensor_link,0.9,136.0,0.0
1790354434123821155,1790354434,0,wind_sensor_link,0.9,139.0,0.0
1790354434331077978,1790354434,200000000,wind_sensor_link,1.0,140.0,0.0
1790354434523520021,1790354434,400000000,wind_sensor_link,0.9,143.0,0.0
1790354434730859769,1790354434,600000256,wind_sensor_link,1.0,143.0,0.0
1790354434923489847,1790354434,800000256,wind_sensor_link,1.0,147.0,0.0
1790354435130478600,1790354435,0,wind_sensor_link,1.0,147.0,0.0
1790354435323225176,1790354435,200000000,wind_sensor_link,1.0,146.0,0.0
1790354435530189929,1790354435,400000000,wind_sensor_link,1.1,149.0,0.0
1790354435723035152,1790354435,600000256,wind_sensor_link,1.2,145.0,0.0
1790354435930059108,1790354435,800000256,wind_sensor_link,1.1,142.0,0.0
1790354436122659833,1790354436,0,wind_sensor_link,1.2,139.0,0.0
1790354436329745604,1790354436,200000000,wind_sensor_link,1.1,144.0,0.0
1790354436522405532,1790354436,400000000,wind_sensor_link,1.1,144.0,0.0
1790354436729439525,1790354436,600000256,wind_sensor_link,1.1,148.0,0.0
1790354436922092473,1790354436,800000256,wind_sensor_link,1.1,154.0,0.0
1790354437129237983,1790354437,0,wind_sensor_link,1.1,152.0,0.0
1790354437321784821,1790354437,200000000,wind_sensor_link,1.0,154.0,0.0
1790354437528949312,1790354437,400000000,wind_sensor_link,1.0,157.0,0.0
1790354437721648370,1790354437,600000256,wind_sensor_link,1.0,159.0,0.0
1790354437928495995,1790354437,800000256,wind_sensor_link,1.1,159.0,0.0
1790354438121278126,1790354438,0,wind_sensor_link,1.1,159.0,0.0
1790354438328205380,1790354438,200000000,wind_sensor_link,1.1,155.0,0.0
1790354438520973696,1790354438,400000000,wind_sensor_link,1.2,151.0,0.0
1790354438728108355,1790354438,600000256,wind_sensor_link,1.2,148.0,0.0
1790354438921034428,1790354438,800000256,wind_sensor_link,1.2,149.0,0.0
1790354439127689000,1790354439,0,wind_sensor_link,1.2,149.0,0.0
1790354439320424002,1790354439,200000000,wind_sensor_link,1.3,153.0,0.0
1790354439527322571,1790354439,400000000,wind_sensor_link,1.3,152.0,0.0
1790354439720137201,1790354439,600000256,wind_sensor_link,1.4,151.0,0.0
1790354439927082066,1790354439,800000256,wind_sensor_link,1.4,152.0,0.0
1790354440119834308,1790354440,0,wind_sensor_link,1.4,153.0,0.0
1790354440326946541,1790354440,200000000,wind_sensor_link,1.5,159.0,0.0
1790354440519370288,1790354440,400000000,wind_sensor_link,1.7,160.0,0.0
1790354440726914423,1790354440,600000256,wind_sensor_link,1.8,158.0,0.0
1790354440919304151,1790354440,800000256,wind_sensor_link,1.8,155.0,0.0
1790354441126439921,1790354441,0,wind_sensor_link,1.9,154.0,0.0
1790354441319030332,1790354441,200000000,wind_sensor_link,1.9,155.0,0.0
1790354441526399062,1790354441,400000000,wind_sensor_link,1.8,152.0,0.0
1790354441718520738,1790354441,600000256,wind_sensor_link,1.8,151.0,0.0
1790354441925861671,1790354441,800000256,wind_sensor_link,1.8,146.0,0.0
1790354442118242659,1790354442,0,wind_sensor_link,1.6,142.0,0.0
1790354442325673314,1790354442,200000000,wind_sensor_link,1.3,141.0,0.0
1790354442517927526,1790354442,400000000,wind_sensor_link,1.3,137.0,0.0
1790354442725212460,1790354442,600000256,wind_sensor_link,1.2,140.0,0.0
1790354442917902648,1790354442,800000256,wind_sensor_link,1.2,143.0,0.0
1790354443124896623,1790354443,0,wind_sensor_link,1.2,145.0,0.0
1790354443317701754,1790354443,200000000,wind_sensor_link,1.2,146.0,0.0
1790354443524673358,1790354443,400000000,wind_sensor_link,1.0,144.0,0.0
1790354443731833313,1790354443,600000256,wind_sensor_link,1.0,143.0,0.0
1790354443924425557,1790354443,800000256,wind_sensor_link,1.0,145.0,0.0
1790354444131556882,1790354444,0,wind_sensor_link,1.0,143.0,0.0
1790354444324530678,1790354444,200000000,wind_sensor_link,1.0,140.0,0.0
1790354444531283026,1790354444,400000000,wind_sensor_link,0.9,135.0,0.0
1790354444723717421,1790354444,600000256,wind_sensor_link,0.9,135.0,0.0
1790354444931076910,1790354444,800000256,wind_sensor_link,0.9,132.0,0.0
1790354445123405565,1790354445,0,wind_sensor_link,1.0,132.0,0.0
1790354445330754350,1790354445,200000000,wind_sensor_link,0.9,134.0,0.0
1790354445523197856,1790354445,400000000,wind_sensor_link,1.0,138.0,0.0
1790354445730508623,1790354445,600000256,wind_sensor_link,1.0,141.0,0.0
1790354445923385716,1790354445,800000256,wind_sensor_link,1.0,139.0,0.0
1790354446130168286,1790354446,0,wind_sensor_link,1.1,138.0,0.0
1790354446322718735,1790354446,200000000,wind_sensor_link,1.1,138.0,0.0
1790354446529820561,1790354446,400000000,wind_sensor_link,1.1,140.0,0.0
1790354446722867059,1790354446,600000256,wind_sensor_link,1.2,142.0,0.0
1790354446929691906,1790354446,800000256,wind_sensor_link,1.2,139.0,0.0
1790354447122263577,1790354447,0,wind_sensor_link,1.1,139.0,0.0
1790354447329313310,1790354447,200000000,wind_sensor_link,1.1,139.0,0.0
1790354447521938406,1790354447,400000000,wind_sensor_link,1.1,137.0,0.0
1790354447729260896,1790354447,600000256,wind_sensor_link,1.0,141.0,0.0
1790354447921688309,1790354447,800000256,wind_sensor_link,1.0,142.0,0.0
1790354448128679988,1790354448,0,wind_sensor_link,1.1,142.0,0.0
1790354448321391342,1790354448,200000000,wind_sensor_link,1.2,144.0,0.0
1790354448528314151,1790354448,400000000,wind_sensor_link,1.3,143.0,0.0
1790354448720875451,1790354448,600000256,wind_sensor_link,1.4,140.0,0.0
1790354448928210885,1790354448,800000256,wind_sensor_link,1.6,142.0,0.0
1790354449120856740,1790354449,0,wind_sensor_link,1.6,144.0,0.0
1790354449327905177,1790354449,200000000,wind_sensor_link,1.8,141.0,0.0
1790354449520215296,1790354449,400000000,wind_sensor_link,1.9,144.0,0.0
1790354449727728079,1790354449,600000256,wind_sensor_link,1.9,145.0,0.0
1790354449920228492,1790354449,800000256,wind_sensor_link,1.9,147.0,0.0
1790354450127383039,1790354450,0,wind_sensor_link,1.9,147.0,0.0
1790354450320238946,1790354450,200000000,wind_sensor_link,1.9,149.0,0.0
1790354450526957166,1790354450,400000000,wind_sensor_link,1.9,149.0,0.0
1790354450719749852,1790354450,600000256,wind_sensor_link,1.9,149.0,0.0
1790354450926668106,1790354450,800000256,wind_sensor_link,1.8,152.0,0.0
1790354451119401349,1790354451,0,wind_sensor_link,1.8,152.0,0.0
1790354451326760745,1790354451,200000000,wind_sensor_link,1.7,150.0,0.0
1790354451519459747,1790354451,400000000,wind_sensor_link,1.7,152.0,0.0
1790354451726247836,1790354451,600000256,wind_sensor_link,1.7,154.0,0.0
1790354451919147243,1790354451,800000256,wind_sensor_link,1.7,155.0,0.0
1790354452125769927,1790354452,0,wind_sensor_link,1.7,159.0,0.0
1790354452318981164,1790354452,200000000,wind_sensor_link,1.7,161.0,0.0
1790354452525441201,1790354452,400000000,wind_sensor_link,1.7,163.0,0.0
1790354452717959650,1790354452,600000256,wind_sensor_link,1.8,166.0,0.0
1790354452925334861,1790354452,800000256,wind_sensor_link,1.9,170.0,0.0
1790354453118291267,1790354453,0,wind_sensor_link,1.9,173.0,0.0
1790354453325077597,1790354453,200000000,wind_sensor_link,1.9,172.0,0.0
1790354453518110632,1790354453,400000000,wind_sensor_link,2.0,173.0,0.0
1790354453724739760,1790354453,600000256,wind_sensor_link,2.0,169.0,0.0
1790354453931878714,1790354453,800000256,wind_sensor_link,2.1,168.0,0.0
1790354454124422478,1790354454,0,wind_sensor_link,2.0,165.0,0.0
1790354454331469545,1790354454,200000000,wind_sensor_link,1.9,164.0,0.0
1790354454524267898,1790354454,400000000,wind_sensor_link,1.8,161.0,0.0
1790354454731459630,1790354454,600000256,wind_sensor_link,1.8,162.0,0.0
1790354454923926561,1790354454,800000256,wind_sensor_link,1.7,159.0,0.0
1790354455130949962,1790354455,0,wind_sensor_link,1.7,159.0,0.0
1790354455323669094,1790354455,200000000,wind_sensor_link,1.7,161.0,0.0
1790354455530697698,1790354455,400000000,wind_sensor_link,1.7,160.0,0.0
1790354455723403107,1790354455,600000256,wind_sensor_link,1.8,161.0,0.0
1790354455930382416,1790354455,800000256,wind_sensor_link,1.8,159.0,0.0
1790354456123089048,1790354456,0,wind_sensor_link,2.0,158.0,0.0
1790354456330126763,1790354456,200000000,wind_sensor_link,2.0,159.0,0.0
1790354456522524769,1790354456,400000000,wind_sensor_link,2.1,162.0,0.0
1790354456729908999,1790354456,600000256,wind_sensor_link,2.2,165.0,0.0
1790354456922496151,1790354456,800000256,wind_sensor_link,2.3,167.0,0.0
1790354457129649901,1790354457,0,wind_sensor_link,2.3,169.0,0.0
1790354457322156721,1790354457,200000000,wind_sensor_link,2.4,169.0,0.0
1790354457529316713,1790354457,400000000,wind_sensor_link,2.5,170.0,0.0
1790354457721952438,1790354457,600000256,wind_sensor_link,2.5,171.0,0.0
1790354457929079948,1790354457,800000256,wind_sensor_link,2.5,173.0,0.0
1790354458121665378,1790354458,0,wind_sensor_link,2.4,173.0,0.0
1790354458328792426,1790354458,200000000,wind_sensor_link,2.4,173.0,0.0
1790354458521196117,1790354458,400000000,wind_sensor_link,2.3,174.0,0.0
1790354458728365645,1790354458,600000256,wind_sensor_link,2.3,174.0,0.0
1790354458921445273,1790354458,800000256,wind_sensor_link,2.3,174.0,0.0
1790354459128161325,1790354459,0,wind_sensor_link,2.3,174.0,0.0
1790354459320814976,1790354459,200000000,wind_sensor_link,2.2,175.0,0.0
1790354459527968042,1790354459,400000000,wind_sensor_link,2.2,175.0,0.0
1790354459720680674,1790354459,600000256,wind_sensor_link,2.2,174.0,0.0
1790354459927712111,1790354459,800000256,wind_sensor_link,2.2,168.0,0.0
1790354460120285874,1790354460,0,wind_sensor_link,2.2,167.0,0.0
1790354460327252053,1790354460,200000000,wind_sensor_link,2.2,170.0,0.0
1790354460520003870,1790354460,400000000,wind_sensor_link,2.1,172.0,0.0
1790354460727046678,1790354460,600000256,wind_sensor_link,2.1,173.0,0.0
1790354460919721792,1790354460,800000256,wind_sensor_link,2.1,173.0,0.0
1790354461126926468,1790354461,0,wind_sensor_link,2.0,174.0,0.0
1790354461319503490,1790354461,200000000,wind_sensor_link,2.0,173.0,0.0
1790354461526821943,1790354461,400000000,wind_sensor_link,2.0,177.0,0.0
1790354461719219208,1790354461,600000256,wind_sensor_link,2.0,175.0,0.0
1790354461926311349,1790354461,800000256,wind_sensor_link,2.0,173.0,0.0
1790354462118877334,1790354462,0,wind_sensor_link,2.1,170.0,0.0
1790354462326050085,1790354462,200000000,wind_sensor_link,2.0,168.0,0.0
1790354462518703736,1790354462,400000000,wind_sensor_link,2.1,166.0,0.0
1790354462725739747,1790354462,600000256,wind_sensor_link,2.1,164.0,0.0
1790354462918707598,1790354462,800000256,wind_sensor_link,2.1,166.0,0.0
1790354463125414503,1790354463,0,wind_sensor_link,2.1,167.0,0.0
1790354463318406835,1790354463,200000000,wind_sensor_link,2.1,171.0,0.0
1790354463525217275,1790354463,400000000,wind_sensor_link,2.1,172.0,0.0
1790354463717876834,1790354463,600000256,wind_sensor_link,2.2,175.0,0.0
1790354463924883920,1790354463,800000256,wind_sensor_link,2.2,177.0,0.0
1790354464117921585,1790354464,0,wind_sensor_link,2.1,177.0,0.0
1790354464324655526,1790354464,200000000,wind_sensor_link,2.1,177.0,0.0
1790354464531685222,1790354464,400000000,wind_sensor_link,2.1,175.0,0.0
1790354464724353966,1790354464,600000256,wind_sensor_link,2.2,174.0,0.0
1790354464931412496,1790354464,800000256,wind_sensor_link,2.3,168.0,0.0
1790354465123925371,1790354465,0,wind_sensor_link,2.4,168.0,0.0
1790354465331140825,1790354465,200000000,wind_sensor_link,2.3,168.0,0.0
1790354465523745087,1790354465,400000000,wind_sensor_link,2.3,167.0,0.0
1790354465730928486,1790354465,600000256,wind_sensor_link,2.3,163.0,0.0
1790354465923391806,1790354465,800000256,wind_sensor_link,2.5,162.0,0.0
1790354466130674481,1790354466,0,wind_sensor_link,2.5,155.0,0.0
1790354466323254726,1790354466,200000000,wind_sensor_link,2.4,154.0,0.0
1790354466530485218,1790354466,400000000,wind_sensor_link,2.3,153.0,0.0
1790354466722867508,1790354466,600000256,wind_sensor_link,2.2,149.0,0.0
1790354466930255967,1790354466,800000256,wind_sensor_link,2.1,140.0,0.0
1790354467122667127,1790354467,0,wind_sensor_link,2.3,133.0,0.0
1790354467329960606,1790354467,200000000,wind_sensor_link,2.3,139.0,0.0
1790354467522169417,1790354467,400000000,wind_sensor_link,2.1,141.0,0.0
1790354467729486543,1790354467,600000256,wind_sensor_link,2.2,140.0,0.0
1790354467921863037,1790354467,800000256,wind_sensor_link,2.2,141.0,0.0
1790354468129217515,1790354468,0,wind_sensor_link,2.2,139.0,0.0
1790354468321808414,1790354468,200000000,wind_sensor_link,2.2,143.0,0.0
1790354468529195002,1790354468,400000000,wind_sensor_link,2.1,150.0,0.0
1790354468721542163,1790354468,600000256,wind_sensor_link,2.2,150.0,0.0
1790354468928565923,1790354468,800000256,wind_sensor_link,2.0,143.0,0.0
1790354469121273617,1790354469,0,wind_sensor_link,2.0,135.0,0.0
1790354469328337079,1790354469,200000000,wind_sensor_link,1.9,136.0,0.0
1790354469521276437,1790354469,400000000,wind_sensor_link,1.8,140.0,0.0
1790354469728123976,1790354469,600000256,wind_sensor_link,1.7,142.0,0.0
1790354469920908558,1790354469,800000256,wind_sensor_link,1.7,141.0,0.0
1790354470127795115,1790354470,0,wind_sensor_link,1.7,141.0,0.0
1790354470320771862,1790354470,200000000,wind_sensor_link,1.7,143.0,0.0
1790354470527495310,1790354470,400000000,wind_sensor_link,1.7,146.0,0.0
1790354470720418279,1790354470,600000256,wind_sensor_link,1.7,153.0,0.0
1790354470927040599,1790354470,800000256,wind_sensor_link,1.8,152.0,0.0
1790354471120070492,1790354471,0,wind_sensor_link,1.9,153.0,0.0
1790354471326937735,1790354471,200000000,wind_sensor_link,1.9,154.0,0.0
1790354471519923685,1790354471,400000000,wind_sensor_link,2.0,153.0,0.0
1790354471726686207,1790354471,600000256,wind_sensor_link,2.1,152.0,0.0
1790354471919229791,1790354471,800000256,wind_sensor_link,2.0,152.0,0.0
1790354472126361161,1790354472,0,wind_sensor_link,2.1,152.0,0.0
1790354472319300389,1790354472,200000000,wind_sensor_link,2.1,151.0,0.0
1790354472526080503,1790354472,400000000,wind_sensor_link,2.1,153.0,0.0
1790354472719083452,1790354472,600000256,wind_sensor_link,2.1,153.0,0.0
1790354472925966825,1790354472,800000256,wind_sensor_link,2.1,153.0,0.0
1790354473118379930,1790354473,0,wind_sensor_link,2.1,153.0,0.0
1790354473325413541,1790354473,200000000,wind_sensor_link,2.1,153.0,0.0
1790354473517804461,1790354473,400000000,wind_sensor_link,2.1,151.0,0.0
1790354473725430935,1790354473,600000256,wind_sensor_link,2.1,153.0,0.0
1790354473918121610,1790354473,800000256,wind_sensor_link,2.2,152.0,0.0
1790354474124929706,1790354474,0,wind_sensor_link,2.1,152.0,0.0
1790354474317863730,1790354474,200000000,wind_sensor_link,2.1,153.0,0.0
1790354474524691973,1790354474,400000000,wind_sensor_link,2.1,151.0,0.0
1790354474731748640,1790354474,600000256,wind_sensor_link,2.1,151.0,0.0
1790354474924298799,1790354474,800000256,wind_sensor_link,2.1,150.0,0.0
1790354475131439408,1790354475,0,wind_sensor_link,2.0,150.0,0.0
1790354475324324304,1790354475,200000000,wind_sensor_link,2.0,150.0,0.0
1790354475531101048,1790354475,400000000,wind_sensor_link,2.0,149.0,0.0
1790354475723993924,1790354475,600000256,wind_sensor_link,2.0,150.0,0.0
1790354475930847927,1790354475,800000256,wind_sensor_link,2.0,151.0,0.0
1790354476123404863,1790354476,0,wind_sensor_link,2.0,151.0,0.0
1790354476330673471,1790354476,200000000,wind_sensor_link,2.1,151.0,0.0
1790354476523018040,1790354476,400000000,wind_sensor_link,2.1,152.0,0.0
1790354476730268852,1790354476,600000256,wind_sensor_link,2.1,153.0,0.0
1790354476922721808,1790354476,800000256,wind_sensor_link,2.2,154.0,0.0
1790354477130030361,1790354477,0,wind_sensor_link,2.3,153.0,0.0
1790354477322688314,1790354477,200000000,wind_sensor_link,2.3,152.0,0.0
1790354477529728536,1790354477,400000000,wind_sensor_link,2.5,152.0,0.0
1790354477722733042,1790354477,600000256,wind_sensor_link,2.5,151.0,0.0
1790354477929332380,1790354477,800000256,wind_sensor_link,2.5,151.0,0.0
1790354478122146499,1790354478,0,wind_sensor_link,2.5,151.0,0.0
1790354478329087852,1790354478,200000000,wind_sensor_link,2.6,151.0,0.0
1790354478521822675,1790354478,400000000,wind_sensor_link,2.5,150.0,0.0
1790354478729028987,1790354478,600000256,wind_sensor_link,2.5,150.0,0.0
1790354478921427926,1790354478,800000256,wind_sensor_link,2.4,147.0,0.0
1790354479128528740,1790354479,0,wind_sensor_link,2.3,145.0,0.0
1790354479321066936,1790354479,200000000,wind_sensor_link,2.2,142.0,0.0
1790354479528437191,1790354479,400000000,wind_sensor_link,2.1,138.0,0.0
1790354479720982776,1790354479,600000256,wind_sensor_link,2.1,137.0,0.0
1790354479928137663,1790354479,800000256,wind_sensor_link,2.0,138.0,0.0
1790354480120734895,1790354480,0,wind_sensor_link,2.0,135.0,0.0
1790354480327726359,1790354480,200000000,wind_sensor_link,1.9,134.0,0.0
1790354480520435145,1790354480,400000000,wind_sensor_link,1.8,135.0,0.0
1790354480727489404,1790354480,600000256,wind_sensor_link,1.8,138.0,0.0
1790354480920457743,1790354480,800000256,wind_sensor_link,1.9,139.0,0.0
1790354481127197191,1790354481,0,wind_sensor_link,1.9,141.0,0.0
1790354481320175604,1790354481,200000000,wind_sensor_link,1.9,139.0,0.0
1790354481526993125,1790354481,400000000,wind_sensor_link,1.9,138.0,0.0
1790354481719566228,1790354481,600000256,wind_sensor_link,1.9,137.0,0.0
1790354481926683746,1790354481,800000256,wind_sensor_link,2.0,137.0,0.0
1790354482119297663,1790354482,0,wind_sensor_link,2.0,135.0,0.0
1790354482326375718,1790354482,200000000,wind_sensor_link,2.1,137.0,0.0
1790354482519026042,1790354482,400000000,wind_sensor_link,2.1,138.0,0.0
1790354482726156930,1790354482,600000256,wind_sensor_link,2.1,139.0,0.0
1790354482919022622,1790354482,800000256,wind_sensor_link,2.1,142.0,0.0
1790354483125798384,1790354483,0,wind_sensor_link,2.1,144.0,0.0
1790354483318462893,1790354483,200000000,wind_sensor_link,2.0,146.0,0.0
1790354483525546208,1790354483,400000000,wind_sensor_link,2.0,146.0,0.0
1790354483718189606,1790354483,600000256,wind_sensor_link,2.1,148.0,0.0
1790354483925344864,1790354483,800000256,wind_sensor_link,2.0,145.0,0.0
1790354484118248685,1790354484,0,wind_sensor_link,2.0,143.0,0.0
1790354484325306110,1790354484,200000000,wind_sensor_link,1.9,139.0,0.0
1790354484518007712,1790354484,400000000,wind_sensor_link,1.9,137.0,0.0
1790354484724727605,1790354484,600000256,wind_sensor_link,2.0,135.0,0.0
1790354484931821974,1790354484,800000256,wind_sensor_link,2.0,132.0,0.0
1790354485124349281,1790354485,0,wind_sensor_link,2.1,129.0,0.0
1790354485331451780,1790354485,200000000,wind_sensor_link,2.1,127.0,0.0
1790354485524006402,1790354485,400000000,wind_sensor_link,2.2,129.0,0.0
1790354485731216270,1790354485,600000256,wind_sensor_link,2.4,127.0,0.0
1790354485923818577,1790354485,800000256,wind_sensor_link,2.7,129.0,0.0
1790354486131010149,1790354486,0,wind_sensor_link,2.8,130.0,0.0
1790354486323484049,1790354486,200000000,wind_sensor_link,2.7,131.0,0.0
1790354486530681084,1790354486,400000000,wind_sensor_link,2.8,129.0,0.0
1790354486723322575,1790354486,600000256,wind_sensor_link,2.8,133.0,0.0
1790354486930321039,1790354486,800000256,wind_sensor_link,2.7,132.0,0.0
1790354487123006011,1790354487,0,wind_sensor_link,2.7,130.0,0.0
1790354487329943364,1790354487,200000000,wind_sensor_link,2.5,131.0,0.0
1790354487522701761,1790354487,400000000,wind_sensor_link,2.3,131.0,0.0
1790354487729956832,1790354487,600000256,wind_sensor_link,2.3,130.0,0.0
1790354487922424640,1790354487,800000256,wind_sensor_link,2.2,130.0,0.0
1790354488129497880,1790354488,0,wind_sensor_link,2.1,131.0,0.0
1790354488321901559,1790354488,200000000,wind_sensor_link,2.1,132.0,0.0
1790354488529384943,1790354488,400000000,wind_sensor_link,2.1,133.0,0.0
1790354488721825251,1790354488,600000256,wind_sensor_link,2.1,134.0,0.0
1790354488928829288,1790354488,800000256,wind_sensor_link,2.1,136.0,0.0
1790354489121753350,1790354489,0,wind_sensor_link,2.1,138.0,0.0
1790354489328717443,1790354489,200000000,wind_sensor_link,2.2,139.0,0.0
1790354489521260010,1790354489,400000000,wind_sensor_link,2.2,140.0,0.0
1790354489728362935,1790354489,600000256,wind_sensor_link,2.2,142.0,0.0
1790354489920694670,1790354489,800000256,wind_sensor_link,2.2,142.0,0.0
1790354490128086684,1790354490,0,wind_sensor_link,2.3,143.0,0.0
1790354490320365421,1790354490,200000000,wind_sensor_link,2.3,142.0,0.0
1790354490527733305,1790354490,400000000,wind_sensor_link,2.4,144.0,0.0
1790354490720379500,1790354490,600000256,wind_sensor_link,2.4,143.0,0.0
1790354490927411685,1790354490,800000256,wind_sensor_link,2.3,146.0,0.0
1790354491120061232,1790354491,0,wind_sensor_link,2.3,147.0,0.0
1790354491326989696,1790354491,200000000,wind_sensor_link,2.3,149.0,0.0
1790354491519741463,1790354491,400000000,wind_sensor_link,2.4,148.0,0.0
1790354491726933906,1790354491,600000256,wind_sensor_link,2.4,151.0,0.0
1790354491919481342,1790354491,800000256,wind_sensor_link,2.4,152.0,0.0
1790354492126467676,1790354492,0,wind_sensor_link,2.4,153.0,0.0
1790354492319200685,1790354492,200000000,wind_sensor_link,2.4,153.0,0.0
1790354492526276851,1790354492,400000000,wind_sensor_link,2.5,152.0,0.0
1790354492718900527,1790354492,600000256,wind_sensor_link,2.5,151.0,0.0
1790354492926192487,1790354492,800000256,wind_sensor_link,2.5,151.0,0.0
1790354493118363687,1790354493,0,wind_sensor_link,2.5,150.0,0.0
1790354493325937236,1790354493,200000000,wind_sensor_link,2.5,147.0,0.0
1790354493518251342,1790354493,400000000,wind_sensor_link,2.4,145.0,0.0
1790354493725465896,1790354493,600000256,wind_sensor_link,2.5,143.0,0.0
1790354493918313681,1790354493,800000256,wind_sensor_link,2.6,142.0,0.0
1790354494125219034,1790354494,0,wind_sensor_link,2.6,141.0,0.0
1790354494318145003,1790354494,200000000,wind_sensor_link,2.7,140.0,0.0
1790354494525011672,1790354494,400000000,wind_sensor_link,2.7,141.0,0.0
1790354494717724088,1790354494,600000256,wind_sensor_link,2.8,142.0,0.0
1790354494924429110,1790354494,800000256,wind_sensor_link,2.8,142.0,0.0
1790354495131809902,1790354495,0,wind_sensor_link,2.9,142.0,0.0
1790354495324341913,1790354495,200000000,wind_sensor_link,2.9,141.0,0.0
1790354495531484097,1790354495,400000000,wind_sensor_link,2.9,142.0,0.0
1790354495724136532,1790354495,600000256,wind_sensor_link,2.9,142.0,0.0
1790354495931133218,1790354495,800000256,wind_sensor_link,2.9,142.0,0.0
1790354496123796783,1790354496,0,wind_sensor_link,2.9,141.0,0.0
1790354496330968688,1790354496,200000000,wind_sensor_link,2.8,140.0,0.0
1790354496523284535,1790354496,400000000,wind_sensor_link,2.9,141.0,0.0
1790354496730655735,1790354496,600000256,wind_sensor_link,2.9,141.0,0.0
1790354496923149505,1790354496,800000256,wind_sensor_link,2.8,143.0,0.0
1790354497130288745,1790354497,0,wind_sensor_link,2.8,144.0,0.0
1790354497322876736,1790354497,200000000,wind_sensor_link,2.8,145.0,0.0
1790354497530119937,1790354497,400000000,wind_sensor_link,2.8,148.0,0.0
1790354497722570097,1790354497,600000256,wind_sensor_link,2.7,148.0,0.0
1790354497929740373,1790354497,800000256,wind_sensor_link,2.7,150.0,0.0
1790354498122399142,1790354498,0,wind_sensor_link,2.6,152.0,0.0
1790354498329376087,1790354498,200000000,wind_sensor_link,2.5,155.0,0.0
1790354498522112892,1790354498,400000000,wind_sensor_link,2.7,155.0,0.0
1790354498729183747,1790354498,600000256,wind_sensor_link,2.7,155.0,0.0
1790354498921748492,1790354498,800000256,wind_sensor_link,2.8,157.0,0.0
1790354499128982821,1790354499,0,wind_sensor_link,2.9,155.0,0.0
1790354499321221737,1790354499,200000000,wind_sensor_link,2.9,159.0,0.0
1790354499528468492,1790354499,400000000,wind_sensor_link,2.9,160.0,0.0
1790354499721294734,1790354499,600000256,wind_sensor_link,3.0,158.0,0.0
1790354499928170789,1790354499,800000256,wind_sensor_link,3.0,162.0,0.0
1790354500120985420,1790354500,0,wind_sensor_link,2.8,162.0,0.0
1790354500327961308,1790354500,200000000,wind_sensor_link,2.7,163.0,0.0
1790354500520423276,1790354500,400000000,wind_sensor_link,2.7,167.0,0.0
1790354500727777956,1790354500,600000256,wind_sensor_link,2.6,168.0,0.0
1790354500920145481,1790354500,800000256,wind_sensor_link,2.7,164.0,0.0
1790354501127499605,1790354501,0,wind_sensor_link,2.9,162.0,0.0
1790354501319856167,1790354501,200000000,wind_sensor_link,2.8,162.0,0.0
1790354501527362734,1790354501,400000000,wind_sensor_link,2.9,157.0,0.0
1790354501719573594,1790354501,600000256,wind_sensor_link,3.0,154.0,0.0
1790354501926918367,1790354501,800000256,wind_sensor_link,3.0,155.0,0.0
1790354502119321891,1790354502,0,wind_sensor_link,3.0,151.0,0.0
1790354502326708015,1790354502,200000000,wind_sensor_link,3.0,148.0,0.0
1790354502519208334,1790354502,400000000,wind_sensor_link,3.0,151.0,0.0
1790354502726369239,1790354502,600000256,wind_sensor_link,2.8,151.0,0.0
1790354502919242147,1790354502,800000256,wind_sensor_link,2.8,152.0,0.0
1790354503125948278,1790354503,0,wind_sensor_link,2.8,151.0,0.0
1790354503318662929,1790354503,200000000,wind_sensor_link,2.7,150.0,0.0
1790354503525808574,1790354503,400000000,wind_sensor_link,2.7,151.0,0.0
1790354503718396059,1790354503,600000256,wind_sensor_link,2.6,151.0,0.0
1790354503925395447,1790354503,800000256,wind_sensor_link,2.6,149.0,0.0
1790354504118428594,1790354504,0,wind_sensor_link,2.5,151.0,0.0
1790354504325155392,1790354504,200000000,wind_sensor_link,2.5,151.0,0.0
1790354504518007818,1790354504,400000000,wind_sensor_link,2.6,151.0,0.0
1790354504724749394,1790354504,600000256,wind_sensor_link,2.6,151.0,0.0
1790354504918021223,1790354504,800000256,wind_sensor_link,2.5,151.0,0.0
1790354505124444692,1790354505,0,wind_sensor_link,2.5,150.0,0.0
1790354505331813075,1790354505,200000000,wind_sensor_link,2.5,150.0,0.0
1790354505524143323,1790354505,400000000,wind_sensor_link,2.5,151.0,0.0
1790354505731464873,1790354505,600000256,wind_sensor_link,2.4,149.0,0.0
1790354505924102358,1790354505,800000256,wind_sensor_link,2.4,150.0,0.0
1790354506131198596,1790354506,0,wind_sensor_link,2.3,149.0,0.0
1790354506323867525,1790354506,200000000,wind_sensor_link,2.3,150.0,0.0
1790354506530816821,1790354506,400000000,wind_sensor_link,2.2,150.0,0.0
1790354506723527638,1790354506,600000256,wind_sensor_link,2.2,149.0,0.0
1790354506930703246,1790354506,800000256,wind_sensor_link,2.2,149.0,0.0
1790354507123364841,1790354507,0,wind_sensor_link,2.2,150.0,0.0
1790354507330305193,1790354507,200000000,wind_sensor_link,2.2,150.0,0.0
1790354507523084268,1790354507,400000000,wind_sensor_link,2.2,151.0,0.0
1790354507729986805,1790354507,600000256,wind_sensor_link,2.3,151.0,0.0
1790354507922748270,1790354507,800000256,wind_sensor_link,2.3,152.0,0.0
1790354508129695047,1790354508,0,wind_sensor_link,2.3,152.0,0.0
1790354508322176219,1790354508,200000000,wind_sensor_link,2.3,154.0,0.0
1790354508529394233,1790354508,400000000,wind_sensor_link,2.3,154.0,0.0
1790354508722159698,1790354508,600000256,wind_sensor_link,2.3,154.0,0.0
1790354508929236177,1790354508,800000256,wind_sensor_link,2.5,155.0,0.0
1790354509121858403,1790354509,0,wind_sensor_link,2.4,154.0,0.0
1790354509328932456,1790354509,200000000,wind_sensor_link,2.5,156.0,0.0
1790354509521315055,1790354509,400000000,wind_sensor_link,2.6,157.0,0.0
1790354509728556792,1790354509,600000256,wind_sensor_link,2.5,158.0,0.0
1790354509921290553,1790354509,800000256,wind_sensor_link,2.6,159.0,0.0
1790354510128255793,1790354510,0,wind_sensor_link,2.6,158.0,0.0
1790354510320808390,1790354510,200000000,wind_sensor_link,2.6,157.0,0.0
1790354510527935776,1790354510,400000000,wind_sensor_link,2.5,157.0,0.0
1790354510720740851,1790354510,600000256,wind_sensor_link,2.5,160.0,0.0
1790354510927769461,1790354510,800000256,wind_sensor_link,2.5,161.0,0.0
1790354511120446871,1790354511,0,wind_sensor_link,2.5,162.0,0.0
1790354511327507276,1790354511,200000000,wind_sensor_link,2.5,163.0,0.0
1790354511520204816,1790354511,400000000,wind_sensor_link,2.5,165.0,0.0
1790354511727256221,1790354511,600000256,wind_sensor_link,2.4,166.0,0.0
1790354511919840410,1790354511,800000256,wind_sensor_link,2.4,168.0,0.0
1790354512126881761,1790354512,0,wind_sensor_link,2.3,166.0,0.0
1790354512319323322,1790354512,200000000,wind_sensor_link,2.3,164.0,0.0
1790354512526681761,1790354512,400000000,wind_sensor_link,2.2,161.0,0.0
1790354512719699074,1790354512,600000256,wind_sensor_link,2.2,160.0,0.0
1790354512926375984,1790354512,800000256,wind_sensor_link,2.1,158.0,0.0
1790354513119412779,1790354513,0,wind_sensor_link,2.1,157.0,0.0
1790354513325970320,1790354513,200000000,wind_sensor_link,2.1,158.0,0.0
1790354513519121021,1790354513,400000000,wind_sensor_link,2.1,158.0,0.0
1790354513725924911,1790354513,600000256,wind_sensor_link,2.1,158.0,0.0
1790354513918901502,1790354513,800000256,wind_sensor_link,2.1,159.0,0.0
1790354514125665708,1790354514,0,wind_sensor_link,2.1,160.0,0.0
1790354514318245212,1790354514,200000000,wind_sensor_link,2.2,164.0,0.0
1790354514525302210,1790354514,400000000,wind_sensor_link,2.3,165.0,0.0
1790354514717919361,1790354514,600000256,wind_sensor_link,2.4,165.0,0.0
1790354514925332188,1790354514,800000256,wind_sensor_link,2.4,166.0,0.0
1790354515117719695,1790354515,0,wind_sensor_link,2.5,166.0,0.0
1790354515325048041,1790354515,200000000,wind_sensor_link,2.6,165.0,0.0
1790354515517162088,1790354515,400000000,wind_sensor_link,2.6,164.0,0.0
1790354515724765783,1790354515,600000256,wind_sensor_link,2.6,163.0,0.0
1790354515931631191,1790354515,800000256,wind_sensor_link,2.6,161.0,0.0
1790354516124258805,1790354516,0,wind_sensor_link,2.5,159.0,0.0
1790354516331290119,1790354516,200000000,wind_sensor_link,2.5,157.0,0.0
1790354516524012398,1790354516,400000000,wind_sensor_link,2.4,157.0,0.0
1790354516731054026,1790354516,600000256,wind_sensor_link,2.4,157.0,0.0
1790354516923898360,1790354516,800000256,wind_sensor_link,2.4,156.0,0.0
1790354517130885341,1790354517,0,wind_sensor_link,2.4,155.0,0.0
1790354517323342420,1790354517,200000000,wind_sensor_link,2.5,156.0,0.0
1790354517530429881,1790354517,400000000,wind_sensor_link,2.4,156.0,0.0
1790354517722942515,1790354517,600000256,wind_sensor_link,2.5,156.0,0.0
1790354517930079105,1790354517,800000256,wind_sensor_link,2.5,155.0,0.0
1790354518122673331,1790354518,0,wind_sensor_link,2.5,155.0,0.0
1790354518330000992,1790354518,200000000,wind_sensor_link,2.6,156.0,0.0
1790354518522263093,1790354518,400000000,wind_sensor_link,2.5,155.0,0.0
1790354518729706549,1790354518,600000256,wind_sensor_link,2.6,157.0,0.0
1790354518922285516,1790354518,800000256,wind_sensor_link,2.6,158.0,0.0
1790354519129205368,1790354519,0,wind_sensor_link,2.6,160.0,0.0
1790354519322073053,1790354519,200000000,wind_sensor_link,2.7,159.0,0.0
1790354519529029849,1790354519,400000000,wind_sensor_link,2.7,160.0,0.0
1790354519721703333,1790354519,600000256,wind_sensor_link,2.7,161.0,0.0
1790354519928809923,1790354519,800000256,wind_sensor_link,2.7,162.0,0.0
1790354520121370520,1790354520,0,wind_sensor_link,2.8,161.0,0.0
1790354520328522498,1790354520,200000000,wind_sensor_link,2.8,161.0,0.0
1790354520521169242,1790354520,400000000,wind_sensor_link,2.8,159.0,0.0
1790354520728229222,1790354520,600000256,wind_sensor_link,2.8,160.0,0.0
1790354520920948687,1790354520,800000256,wind_sensor_link,2.8,160.0,0.0
1790354521127752836,1790354521,0,wind_sensor_link,2.8,160.0,0.0
1790354521320654817,1790354521,200000000,wind_sensor_link,2.8,160.0,0.0
1790354521527994664,1790354521,400000000,wind_sensor_link,2.7,159.0,0.0
1790354521720369281,1790354521,600000256,wind_sensor_link,2.7,159.0,0.0
1790354521927360280,1790354521,800000256,wind_sensor_link,2.7,161.0,0.0
1790354522120377631,1790354522,0,wind_sensor_link,2.9,162.0,0.0
1790354522327095781,1790354522,200000000,wind_sensor_link,2.8,160.0,0.0
1790354522519743803,1790354522,400000000,wind_sensor_link,2.7,156.0,0.0
1790354522726732431,1790354522,600000256,wind_sensor_link,2.7,155.0,0.0
1790354522919424582,1790354522,800000256,wind_sensor_link,2.7,156.0,0.0
1790354523126403229,1790354523,0,wind_sensor_link,2.9,157.0,0.0
1790354523319306322,1790354523,200000000,wind_sensor_link,2.9,153.0,0.0
1790354523526104675,1790354523,400000000,wind_sensor_link,2.9,149.0,0.0
1790354523718960194,1790354523,600000256,wind_sensor_link,2.8,146.0,0.0
1790354523926027877,1790354523,800000256,wind_sensor_link,2.9,149.0,0.0
1790354524118615103,1790354524,0,wind_sensor_link,2.9,151.0,0.0
1790354524325717045,1790354524,200000000,wind_sensor_link,2.8,149.0,0.0
1790354524518380937,1790354524,400000000,wind_sensor_link,2.9,150.0,0.0
1790354524725473120,1790354524,600000256,wind_sensor_link,2.8,146.0,0.0
1790354524917765294,1790354524,800000256,wind_sensor_link,2.8,151.0,0.0
1790354525125145510,1790354525,0,wind_sensor_link,2.7,153.0,0.0
1790354525317636700,1790354525,200000000,wind_sensor_link,2.6,155.0,0.0
1790354525524972565,1790354525,400000000,wind_sensor_link,2.5,156.0,0.0
1790354525717887047,1790354525,600000256,wind_sensor_link,2.6,157.0,0.0
1790354525924662196,1790354525,800000256,wind_sensor_link,2.6,162.0,0.0
1790354526131680232,1790354526,0,wind_sensor_link,2.7,157.0,0.0
1790354526324145200,1790354526,200000000,wind_sensor_link,2.6,159.0,0.0
1790354526531461380,1790354526,400000000,wind_sensor_link,2.6,159.0,0.0
1790354526723929478,1790354526,600000256,wind_sensor_link,2.6,159.0,0.0
1790354526931168289,1790354526,800000256,wind_sensor_link,2.6,159.0,0.0
1790354527123674053,1790354527,0,wind_sensor_link,2.7,156.0,0.0
1790354527330785273,1790354527,200000000,wind_sensor_link,2.5,154.0,0.0
1790354527523126113,1790354527,400000000,wind_sensor_link,2.6,157.0,0.0
1790354527730716012,1790354527,600000256,wind_sensor_link,2.3,156.0,0.0
1790354527923199943,1790354527,800000256,wind_sensor_link,2.4,153.0,0.0
1790354528130332810,1790354528,0,wind_sensor_link,2.4,149.0,0.0
1790354528323011183,1790354528,200000000,wind_sensor_link,2.4,145.0,0.0
1790354528530076033,1790354528,400000000,wind_sensor_link,2.3,142.0,0.0
1790354528722714740,1790354528,600000256,wind_sensor_link,2.2,141.0,0.0
1790354528929802423,1790354528,800000256,wind_sensor_link,2.3,140.0,0.0
1790354529122337335,1790354529,0,wind_sensor_link,2.2,134.0,0.0
1790354529329533053,1790354529,200000000,wind_sensor_link,2.2,132.0,0.0
1790354529522127076,1790354529,400000000,wind_sensor_link,2.2,133.0,0.0
1790354529729069427,1790354529,600000256,wind_sensor_link,2.2,135.0,0.0
1790354529921765596,1790354529,800000256,wind_sensor_link,2.2,139.0,0.0
1790354530128839298,1790354530,0,wind_sensor_link,2.3,140.0,0.0
1790354530321529078,1790354530,200000000,wind_sensor_link,2.4,140.0,0.0
1790354530528546780,1790354530,400000000,wind_sensor_link,2.5,142.0,0.0
1790354530721312912,1790354530,600000256,wind_sensor_link,2.6,145.0,0.0
1790354530928375261,1790354530,800000256,wind_sensor_link,2.8,145.0,0.0
1790354531121020709,1790354531,0,wind_sensor_link,2.9,145.0,0.0
1790354531327955673,1790354531,200000000,wind_sensor_link,2.9,144.0,0.0
1790354531520745818,1790354531,400000000,wind_sensor_link,2.9,145.0,0.0
1790354531727890538,1790354531,600000256,wind_sensor_link,2.9,144.0,0.0
1790354531920352372,1790354531,800000256,wind_sensor_link,2.9,144.0,0.0
1790354532127661720,1790354532,0,wind_sensor_link,2.8,141.0,0.0
1790354532320239256,1790354532,200000000,wind_sensor_link,2.7,140.0,0.0
1790354532527255737,1790354532,400000000,wind_sensor_link,2.7,142.0,0.0
1790354532719916013,1790354532,600000256,wind_sensor_link,2.6,142.0,0.0
1790354532926902420,1790354532,800000256,wind_sensor_link,2.6,143.0,0.0
1790354533119658084,1790354533,0,wind_sensor_link,2.7,143.0,0.0
1790354533326668269,1790354533,200000000,wind_sensor_link,2.6,146.0,0.0
1790354533519206138,1790354533,400000000,wind_sensor_link,2.6,149.0,0.0
1790354533726418877,1790354533,600000256,wind_sensor_link,2.7,144.0,0.0
1790354533919409705,1790354533,800000256,wind_sensor_link,2.6,146.0,0.0
1790354534126005597,1790354534,0,wind_sensor_link,2.6,145.0,0.0
1790354534318540800,1790354534,200000000,wind_sensor_link,2.6,146.0,0.0
1790354534525948703,1790354534,400000000,wind_sensor_link,2.7,144.0,0.0
1790354534718494832,1790354534,600000256,wind_sensor_link,2.7,144.0,0.0
1790354534925635849,1790354534,800000256,wind_sensor_link,2.6,143.0,0.0
1790354535118698158,1790354535,0,wind_sensor_link,2.5,141.0,0.0
1790354535325319050,1790354535,200000000,wind_sensor_link,2.3,141.0,0.0
1790354535518341063,1790354535,400000000,wind_sensor_link,2.3,139.0,0.0
1790354535725145658,1790354535,600000256,wind_sensor_link,2.2,142.0,0.0
1790354535918025209,1790354535,800000256,wind_sensor_link,2.1,140.0,0.0
1790354536124842933,1790354536,0,wind_sensor_link,1.9,136.0,0.0
1790354536317485597,1790354536,200000000,wind_sensor_link,1.9,134.0,0.0
1790354536524550300,1790354536,400000000,wind_sensor_link,1.9,132.0,0.0
1790354536731746020,1790354536,600000256,wind_sensor_link,2.0,131.0,0.0
1790354536924226039,1790354536,800000256,wind_sensor_link,2.1,130.0,0.0
1790354537131438222,1790354537,0,wind_sensor_link,2.1,131.0,0.0
1790354537324368124,1790354537,200000000,wind_sensor_link,2.1,129.0,0.0
1790354537531013461,1790354537,400000000,wind_sensor_link,2.1,131.0,0.0
1790354537723790143,1790354537,600000256,wind_sensor_link,2.2,135.0,0.0
1790354537930757180,1790354537,800000256,wind_sensor_link,2.2,138.0,0.0
1790354538123429604,1790354538,0,wind_sensor_link,2.1,139.0,0.0
1790354538330561843,1790354538,200000000,wind_sensor_link,2.1,139.0,0.0
1790354538523244878,1790354538,400000000,wind_sensor_link,2.1,140.0,0.0
1790354538730299488,1790354538,600000256,wind_sensor_link,2.1,140.0,0.0
1790354538922946023,1790354538,800000256,wind_sensor_link,2.1,142.0,0.0
1790354539129916560,1790354539,0,wind_sensor_link,2.0,140.0,0.0
1790354539322727779,1790354539,200000000,wind_sensor_link,1.9,140.0,0.0
1790354539529730686,1790354539,400000000,wind_sensor_link,2.2,139.0,0.0
1790354539722356777,1790354539,600000256,wind_sensor_link,2.2,137.0,0.0
1790354539929456850,1790354539,800000256,wind_sensor_link,2.1,138.0,0.0
1790354540122172551,1790354540,0,wind_sensor_link,2.1,135.0,0.0
1790354540329092107,1790354540,200000000,wind_sensor_link,2.0,134.0,0.0
1790354540521854012,1790354540,400000000,wind_sensor_link,2.0,133.0,0.0
1790354540728945159,1790354540,600000256,wind_sensor_link,1.9,130.0,0.0
1790354540921480232,1790354540,800000256,wind_sensor_link,1.9,127.0,0.0
1790354541128751785,1790354541,0,wind_sensor_link,1.7,127.0,0.0
1790354541321759168,1790354541,200000000,wind_sensor_link,1.9,127.0,0.0
1790354541528397079,1790354541,400000000,wind_sensor_link,2.0,126.0,0.0
1790354541721111817,1790354541,600000256,wind_sensor_link,2.1,129.0,0.0
1790354541928044114,1790354541,800000256,wind_sensor_link,2.2,128.0,0.0
1790354542120735019,1790354542,0,wind_sensor_link,2.3,128.0,0.0
1790354542327903184,1790354542,200000000,wind_sensor_link,2.4,132.0,0.0
1790354542520394980,1790354542,400000000,wind_sensor_link,2.6,137.0,0.0
1790354542727539367,1790354542,600000256,wind_sensor_link,2.5,139.0,0.0
1790354542920166439,1790354542,800000256,wind_sensor_link,2.5,140.0,0.0
1790354543127104032,1790354543,0,wind_sensor_link,2.5,140.0,0.0
1790354543319697623,1790354543,200000000,wind_sensor_link,2.5,141.0,0.0
1790354543526966361,1790354543,400000000,wind_sensor_link,2.5,140.0,0.0
1790354543719575637,1790354543,600000256,wind_sensor_link,2.5,136.0,0.0
1790354543926742136,1790354543,800000256,wind_sensor_link,2.5,136.0,0.0
1790354544119367430,1790354544,0,wind_sensor_link,2.5,130.0,0.0
1790354544326740611,1790354544,200000000,wind_sensor_link,2.5,129.0,0.0
1790354544519044557,1790354544,400000000,wind_sensor_link,2.5,131.0,0.0
1790354544726348369,1790354544,600000256,wind_sensor_link,2.5,135.0,0.0
1790354544919099070,1790354544,800000256,wind_sensor_link,2.4,135.0,0.0
1790354545125956830,1790354545,0,wind_sensor_link,2.4,137.0,0.0
1790354545318253813,1790354545,200000000,wind_sensor_link,2.3,142.0,0.0
1790354545525451089,1790354545,400000000,wind_sensor_link,2.3,142.0,0.0
1790354545718288011,1790354545,600000256,wind_sensor_link,2.2,145.0,0.0
1790354545925502361,1790354545,800000256,wind_sensor_link,2.1,148.0,0.0
1790354546117942453,1790354546,0,wind_sensor_link,2.1,144.0,0.0
1790354546325104229,1790354546,200000000,wind_sensor_link,2.1,143.0,0.0
1790354546517742061,1790354546,400000000,wind_sensor_link,2.1,147.0,0.0
1790354546724838911,1790354546,600000256,wind_sensor_link,2.0,146.0,0.0
1790354546917822406,1790354546,800000256,wind_sensor_link,2.1,152.0,0.0
1790354547124502002,1790354547,0,wind_sensor_link,2.2,148.0,0.0
1790354547331565390,1790354547,200000000,wind_sensor_link,2.3,146.0,0.0
1790354547524220684,1790354547,400000000,wind_sensor_link,2.4,146.0,0.0
1790354547731323072,1790354547,600000256,wind_sensor_link,2.4,151.0,0.0
1790354547923987218,1790354547,800000256,wind_sensor_link,2.5,150.0,0.0
1790354548130928255,1790354548,0,wind_sensor_link,2.5,150.0,0.0
1790354548323740159,1790354548,200000000,wind_sensor_link,2.5,151.0,0.0
1790354548530647975,1790354548,400000000,wind_sensor_link,2.7,148.0,0.0
1790354548723170067,1790354548,600000256,wind_sensor_link,2.5,148.0,0.0
1790354548930498804,1790354548,800000256,wind_sensor_link,2.4,151.0,0.0
1790354549123206246,1790354549,0,wind_sensor_link,2.4,151.0,0.0
1790354549330165376,1790354549,200000000,wind_sensor_link,2.3,154.0,0.0
1790354549522955261,1790354549,400000000,wind_sensor_link,2.1,154.0,0.0
1790354549729950113,1790354549,600000256,wind_sensor_link,2.1,155.0,0.0
1790354549922522815,1790354549,800000256,wind_sensor_link,2.0,155.0,0.0
1790354550129736220,1790354550,0,wind_sensor_link,1.9,152.0,0.0
1790354550322678345,1790354550,200000000,wind_sensor_link,1.8,151.0,0.0
1790354550529456236,1790354550,400000000,wind_sensor_link,1.9,149.0,0.0
1790354550722088679,1790354550,600000256,wind_sensor_link,1.9,147.0,0.0
1790354550929142845,1790354550,800000256,wind_sensor_link,2.1,146.0,0.0
1790354551121815157,1790354551,0,wind_sensor_link,2.3,148.0,0.0
1790354551328727658,1790354551,200000000,wind_sensor_link,2.4,148.0,0.0
1790354551521302824,1790354551,400000000,wind_sensor_link,2.4,150.0,0.0
1790354551728699931,1790354551,600000256,wind_sensor_link,2.4,154.0,0.0
1790354551921273429,1790354551,800000256,wind_sensor_link,2.5,156.0,0.0
1790354552128223282,1790354552,0,wind_sensor_link,2.5,160.0,0.0
1790354552320788929,1790354552,200000000,wind_sensor_link,2.5,162.0,0.0
1790354552528028222,1790354552,400000000,wind_sensor_link,2.3,161.0,0.0
1790354552720737220,1790354552,600000256,wind_sensor_link,2.1,160.0,0.0
1790354552927697479,1790354552,800000256,wind_sensor_link,2.0,161.0,0.0
1790354553120327940,1790354553,0,wind_sensor_link,2.1,161.0,0.0
1790354553327356625,1790354553,200000000,wind_sensor_link,2.1,160.0,0.0
1790354553520117659,1790354553,400000000,wind_sensor_link,2.1,162.0,0.0
1790354553727035215,1790354553,600000256,wind_sensor_link,2.0,163.0,0.0
1790354553920130616,1790354553,800000256,wind_sensor_link,2.0,162.0,0.0
1790354554126968877,1790354554,0,wind_sensor_link,2.0,161.0,0.0
1790354554319267619,1790354554,200000000,wind_sensor_link,2.1,162.0,0.0
1790354554526685170,1790354554,400000000,wind_sensor_link,2.1,164.0,0.0
1790354554719265299,1790354554,600000256,wind_sensor_link,2.0,161.0,0.0
1790354554926303520,1790354554,800000256,wind_sensor_link,2.0,162.0,0.0
1790354555118973129,1790354555,0,wind_sensor_link,2.1,163.0,0.0
1790354555325903426,1790354555,200000000,wind_sensor_link,2.1,164.0,0.0
1790354555518727997,1790354555,400000000,wind_sensor_link,2.1,165.0,0.0
1790354555725707497,1790354555,600000256,wind_sensor_link,2.1,166.0,0.0
1790354555918764972,1790354555,800000256,wind_sensor_link,2.1,167.0,0.0
1790354556125401013,1790354556,0,wind_sensor_link,2.1,167.0,0.0
1790354556318476858,1790354556,200000000,wind_sensor_link,2.1,169.0,0.0
1790354556525174639,1790354556,400000000,wind_sensor_link,2.1,168.0,0.0
1790354556717504436,1790354556,600000256,wind_sensor_link,2.1,166.0,0.0
1790354556924935747,1790354556,800000256,wind_sensor_link,2.0,165.0,0.0
1790354557117224841,1790354557,0,wind_sensor_link,2.1,165.0,0.0
1790354557324535486,1790354557,200000000,wind_sensor_link,2.2,164.0,0.0
1790354557517051670,1790354557,400000000,wind_sensor_link,2.3,163.0,0.0
1790354557724325260,1790354557,600000256,wind_sensor_link,2.3,162.0,0.0
1790354557931423296,1790354557,800000256,wind_sensor_link,2.3,160.0,0.0
1790354558124137701,1790354558,0,wind_sensor_link,2.3,159.0,0.0
1790354558331066720,1790354558,200000000,wind_sensor_link,2.3,160.0,0.0
1790354558523797124,1790354558,400000000,wind_sensor_link,2.4,160.0,0.0
1790354558730741921,1790354558,600000256,wind_sensor_link,2.4,159.0,0.0
1790354558923450067,1790354558,800000256,wind_sensor_link,2.4,160.0,0.0
1790354559130542880,1790354559,0,wind_sensor_link,2.3,161.0,0.0
1790354559323034769,1790354559,200000000,wind_sensor_link,2.3,164.0,0.0
1790354559530360895,1790354559,400000000,wind_sensor_link,2.3,167.0,0.0
1790354559723040689,1790354559,600000256,wind_sensor_link,2.3,170.0,0.0
1790354559930050541,1790354559,800000256,wind_sensor_link,2.3,173.0,0.0
1790354560122745298,1790354560,0,wind_sensor_link,2.2,174.0,0.0
1790354560329669761,1790354560,200000000,wind_sensor_link,2.1,175.0,0.0
1790354560522075243,1790354560,400000000,wind_sensor_link,2.0,175.0,0.0
1790354560729564701,1790354560,600000256,wind_sensor_link,1.9,174.0,0.0
1790354560922151329,1790354560,800000256,wind_sensor_link,1.9,169.0,0.0
1790354561129101330,1790354561,0,wind_sensor_link,1.9,169.0,0.0
1790354561321882123,1790354561,200000000,wind_sensor_link,1.8,168.0,0.0
1790354561528898604,1790354561,400000000,wind_sensor_link,1.8,166.0,0.0
1790354561721298197,1790354561,600000256,wind_sensor_link,1.8,165.0,0.0
1790354561928717970,1790354561,800000256,wind_sensor_link,1.8,164.0,0.0
1790354562121033509,1790354562,0,wind_sensor_link,1.8,161.0,0.0
1790354562328281210,1790354562,200000000,wind_sensor_link,1.9,162.0,0.0
1790354562520826172,1790354562,400000000,wind_sensor_link,2.0,164.0,0.0
1790354562728112076,1790354562,600000256,wind_sensor_link,2.0,163.0,0.0
1790354562920662909,1790354562,800000256,wind_sensor_link,2.0,161.0,0.0
1790354563127798407,1790354563,0,wind_sensor_link,2.0,160.0,0.0
1790354563320439220,1790354563,200000000,wind_sensor_link,2.0,159.0,0.0
1790354563527706455,1790354563,400000000,wind_sensor_link,1.9,161.0,0.0
1790354563720260343,1790354563,600000256,wind_sensor_link,2.0,163.0,0.0
1790354563927134841,1790354563,800000256,wind_sensor_link,2.0,164.0,0.0
1790354564119940170,1790354564,0,wind_sensor_link,2.0,164.0,0.0
1790354564326870131,1790354564,200000000,wind_sensor_link,2.0,165.0,0.0
1790354564519652572,1790354564,400000000,wind_sensor_link,2.0,167.0,0.0
1790354564726653847,1790354564,600000256,wind_sensor_link,2.0,169.0,0.0
1790354564919382565,1790354564,800000256,wind_sensor_link,2.0,171.0,0.0
1790354565126316989,1790354565,0,wind_sensor_link,2.1,171.0,0.0
1790354565319125596,1790354565,200000000,wind_sensor_link,2.0,171.0,0.0
1790354565526015502,1790354565,400000000,wind_sensor_link,2.0,170.0,0.0
1790354565719149938,1790354565,600000256,wind_sensor_link,2.0,169.0,0.0
1790354565926004937,1790354565,800000256,wind_sensor_link,2.1,169.0,0.0
1790354566118550843,1790354566,0,wind_sensor_link,2.0,168.0,0.0
1790354566325701172,1790354566,200000000,wind_sensor_link,2.0,168.0,0.0
1790354566518065358,1790354566,400000000,wind_sensor_link,2.0,166.0,0.0
1790354566725368296,1790354566,600000256,wind_sensor_link,2.0,166.0,0.0
1790354566918312976,1790354566,800000256,wind_sensor_link,2.0,167.0,0.0
1790354567125086790,1790354567,0,wind_sensor_link,2.0,168.0,0.0
1790354567317740603,1790354567,200000000,wind_sensor_link,2.0,170.0,0.0
1790354567524875635,1790354567,400000000,wind_sensor_link,2.0,167.0,0.0
1790354567717866666,1790354567,600000256,wind_sensor_link,2.0,169.0,0.0
1790354567924491019,1790354567,800000256,wind_sensor_link,2.0,171.0,0.0
1790354568131658700,1790354568,0,wind_sensor_link,2.0,172.0,0.0
1790354568324055182,1790354568,200000000,wind_sensor_link,2.0,172.0,0.0
1790354568531290861,1790354568,400000000,wind_sensor_link,2.0,172.0,0.0
1790354568724057394,1790354568,600000256,wind_sensor_link,1.9,173.0,0.0
1790354568931015670,1790354568,800000256,wind_sensor_link,1.9,173.0,0.0
1790354569123736926,1790354569,0,wind_sensor_link,1.8,174.0,0.0
1790354569330878792,1790354569,200000000,wind_sensor_link,1.8,175.0,0.0
1790354569523242200,1790354569,400000000,wind_sensor_link,1.8,173.0,0.0
1790354569730570397,1790354569,600000256,wind_sensor_link,1.8,172.0,0.0
1790354569923377967,1790354569,800000256,wind_sensor_link,1.8,173.0,0.0
1790354570130187022,1790354570,0,wind_sensor_link,1.7,172.0,0.0
1790354570322728669,1790354570,200000000,wind_sensor_link,1.7,172.0,0.0
1790354570529975459,1790354570,400000000,wind_sensor_link,1.7,171.0,0.0
1790354570722400682,1790354570,600000256,wind_sensor_link,1.7,172.0,0.0
1790354570929778175,1790354570,800000256,wind_sensor_link,1.7,170.0,0.0
1790354571122326692,1790354571,0,wind_sensor_link,1.7,170.0,0.0
1790354571329492280,1790354571,200000000,wind_sensor_link,1.7,169.0,0.0
1790354571522114981,1790354571,400000000,wind_sensor_link,1.7,167.0,0.0
1790354571729099497,1790354571,600000256,wind_sensor_link,1.7,167.0,0.0
1790354571921793476,1790354571,800000256,wind_sensor_link,1.7,166.0,0.0
1790354572128721770,1790354572,0,wind_sensor_link,1.8,167.0,0.0
1790354572321478285,1790354572,200000000,wind_sensor_link,1.8,164.0,0.0
1790354572528705409,1790354572,400000000,wind_sensor_link,1.8,164.0,0.0
1790354572721286667,1790354572,600000256,wind_sensor_link,1.8,166.0,0.0
1790354572928200665,1790354572,800000256,wind_sensor_link,1.8,166.0,0.0
1790354573120959031,1790354573,0,wind_sensor_link,1.8,165.0,0.0
1790354573328019417,1790354573,200000000,wind_sensor_link,1.8,165.0,0.0
1790354573520700247,1790354573,400000000,wind_sensor_link,1.8,164.0,0.0
1790354573727816928,1790354573,600000256,wind_sensor_link,1.8,164.0,0.0
1790354573920648090,1790354573,800000256,wind_sensor_link,1.8,164.0,0.0
1790354574127532144,1790354574,0,wind_sensor_link,1.8,162.0,0.0
1790354574320158605,1790354574,200000000,wind_sensor_link,1.8,160.0,0.0
1790354574527214472,1790354574,400000000,wind_sensor_link,1.8,158.0,0.0
1790354574719841007,1790354574,600000256,wind_sensor_link,1.8,156.0,0.0
1790354574926953225,1790354574,800000256,wind_sensor_link,1.9,155.0,0.0
1790354575119729888,1790354575,0,wind_sensor_link,1.9,156.0,0.0
1790354575326570350,1790354575,200000000,wind_sensor_link,2.1,155.0,0.0
1790354575519179311,1790354575,400000000,wind_sensor_link,2.2,157.0,0.0
1790354575726432675,1790354575,600000256,wind_sensor_link,2.3,157.0,0.0
1790354575919382688,1790354575,800000256,wind_sensor_link,2.4,155.0,0.0
1790354576126135633,1790354576,0,wind_sensor_link,2.4,155.0,0.0
1790354576319090793,1790354576,200000000,wind_sensor_link,2.5,156.0,0.0
1790354576525827497,1790354576,400000000,wind_sensor_link,2.5,155.0,0.0
1790354576718425569,1790354576,600000256,wind_sensor_link,2.5,151.0,0.0
1790354576925551102,1790354576,800000256,wind_sensor_link,2.4,147.0,0.0
1790354577118549688,1790354577,0,wind_sensor_link,2.4,145.0,0.0
1790354577325171079,1790354577,200000000,wind_sensor_link,2.4,141.0,0.0
1790354577518273071,1790354577,400000000,wind_sensor_link,2.4,138.0,0.0
1790354577725010090,1790354577,600000256,wind_sensor_link,2.3,138.0,0.0
1790354577917972398,1790354577,800000256,wind_sensor_link,2.3,140.0,0.0
1790354578124781620,1790354578,0,wind_sensor_link,2.3,140.0,0.0
1790354578317754762,1790354578,200000000,wind_sensor_link,2.1,143.0,0.0
1790354578524270950,1790354578,400000000,wind_sensor_link,2.2,146.0,0.0
1790354578731515000,1790354578,600000256,wind_sensor_link,2.1,147.0,0.0
1790354578924122313,1790354578,800000256,wind_sensor_link,2.1,148.0,0.0
1790354579131324215,1790354579,0,wind_sensor_link,2.2,149.0,0.0
1790354579323912102,1790354579,200000000,wind_sensor_link,2.3,147.0,0.0
1790354579531054875,1790354579,400000000,wind_sensor_link,2.3,143.0,0.0
1790354579723693466,1790354579,600000256,wind_sensor_link,2.3,139.0,0.0
1790354579930702742,1790354579,800000256,wind_sensor_link,2.5,135.0,0.0
1790354580123314840,1790354580,0,wind_sensor_link,2.6,132.0,0.0
1790354580330530652,1790354580,200000000,wind_sensor_link,2.6,129.0,0.0
1790354580523098362,1790354580,400000000,wind_sensor_link,2.6,130.0,0.0
1790354580730187174,1790354580,600000256,wind_sensor_link,2.6,129.0,0.0
1790354580922801884,1790354580,800000256,wind_sensor_link,2.5,127.0,0.0
1790354581129885418,1790354581,0,wind_sensor_link,2.6,124.0,0.0
1790354581322509220,1790354581,200000000,wind_sensor_link,2.6,125.0,0.0
1790354581529736958,1790354581,400000000,wind_sensor_link,2.6,127.0,0.0
1790354581722245612,1790354581,600000256,wind_sensor_link,2.6,127.0,0.0
1790354581929354665,1790354581,800000256,wind_sensor_link,2.5,128.0,0.0
1790354582122027522,1790354582,0,wind_sensor_link,2.5,130.0,0.0
1790354582329265556,1790354582,200000000,wind_sensor_link,2.5,133.0,0.0
1790354582521743692,1790354582,400000000,wind_sensor_link,2.6,137.0,0.0
1790354582728821190,1790354582,600000256,wind_sensor_link,2.6,139.0,0.0
1790354582921441325,1790354582,800000256,wind_sensor_link,2.6,140.0,0.0
1790354583128611433,1790354583,0,wind_sensor_link,2.7,139.0,0.0
1790354583321211791,1790354583,200000000,wind_sensor_link,2.7,140.0,0.0
1790354583528283381,1790354583,400000000,wind_sensor_link,2.7,137.0,0.0
1790354583720940702,1790354583,600000256,wind_sensor_link,2.7,132.0,0.0
1790354583927942811,1790354583,800000256,wind_sensor_link,2.7,129.0,0.0
1790354584120959203,1790354584,0,wind_sensor_link,2.7,125.0,0.0
1790354584327661055,1790354584,200000000,wind_sensor_link,2.6,125.0,0.0
1790354584520090876,1790354584,400000000,wind_sensor_link,2.7,124.0,0.0
1790354584727449946,1790354584,600000256,wind_sensor_link,2.6,119.0,0.0
1790354584920091193,1790354584,800000256,wind_sensor_link,2.6,118.0,0.0
1790354585127398800,1790354585,0,wind_sensor_link,2.7,119.0,0.0
1790354585319750622,1790354585,200000000,wind_sensor_link,2.8,119.0,0.0
1790354585527198692,1790354585,400000000,wind_sensor_link,2.9,121.0,0.0
1790354585719525014,1790354585,600000256,wind_sensor_link,2.9,122.0,0.0
1790354585926881732,1790354585,800000256,wind_sensor_link,3.1,123.0,0.0
1790354586119326368,1790354586,0,wind_sensor_link,3.1,123.0,0.0
1790354586326322978,1790354586,200000000,wind_sensor_link,3.1,129.0,0.0
1790354586519002464,1790354586,400000000,wind_sensor_link,3.2,131.0,0.0
1790354586726119999,1790354586,600000256,wind_sensor_link,3.1,131.0,0.0
1790354586919073744,1790354586,800000256,wind_sensor_link,3.1,133.0,0.0
1790354587125890576,1790354587,0,wind_sensor_link,3.1,133.0,0.0
1790354587318413415,1790354587,200000000,wind_sensor_link,3.2,132.0,0.0
1790354587525466839,1790354587,400000000,wind_sensor_link,3.2,131.0,0.0
1790354587718233844,1790354587,600000256,wind_sensor_link,3.2,131.0,0.0
1790354587925267638,1790354587,800000256,wind_sensor_link,3.2,129.0,0.0
1790354588117982106,1790354588,0,wind_sensor_link,3.2,128.0,0.0
1790354588325006845,1790354588,200000000,wind_sensor_link,3.1,128.0,0.0
1790354588517724665,1790354588,400000000,wind_sensor_link,3.0,126.0,0.0
1790354588725097661,1790354588,600000256,wind_sensor_link,3.0,127.0,0.0
1790354588917400742,1790354588,800000256,wind_sensor_link,3.0,127.0,0.0
1790354589124489870,1790354589,0,wind_sensor_link,3.0,126.0,0.0
1790354589331711644,1790354589,200000000,wind_sensor_link,3.0,126.0,0.0
1790354589524186947,1790354589,400000000,wind_sensor_link,3.0,127.0,0.0
1790354589731341481,1790354589,600000256,wind_sensor_link,3.0,127.0,0.0
1790354589923960191,1790354589,800000256,wind_sensor_link,3.0,126.0,0.0
1790354590130928874,1790354590,0,wind_sensor_link,3.1,126.0,0.0
1790354590323697397,1790354590,200000000,wind_sensor_link,3.1,126.0,0.0
1790354590530714636,1790354590,400000000,wind_sensor_link,3.1,125.0,0.0
1790354590723405715,1790354590,600000256,wind_sensor_link,3.0,125.0,0.0
1790354590930558324,1790354590,800000256,wind_sensor_link,2.9,127.0,0.0
1790354591123193626,1790354591,0,wind_sensor_link,2.9,126.0,0.0
1790354591330209809,1790354591,200000000,wind_sensor_link,2.8,125.0,0.0
1790354591522901833,1790354591,400000000,wind_sensor_link,2.8,125.0,0.0
1790354591729984386,1790354591,600000256,wind_sensor_link,2.7,126.0,0.0
1790354591922684002,1790354591,800000256,wind_sensor_link,2.7,126.0,0.0
1790354592129748963,1790354592,0,wind_sensor_link,2.7,126.0,0.0
1790354592322353617,1790354592,200000000,wind_sensor_link,2.8,127.0,0.0
1790354592529381077,1790354592,400000000,wind_sensor_link,2.8,126.0,0.0
1790354592721926769,1790354592,600000256,wind_sensor_link,2.9,127.0,0.0
1790354592929061266,1790354592,800000256,wind_sensor_link,2.9,127.0,0.0
1790354593121848493,1790354593,0,wind_sensor_link,3.0,129.0,0.0
1790354593328890232,1790354593,200000000,wind_sensor_link,3.0,129.0,0.0
1790354593521306257,1790354593,400000000,wind_sensor_link,3.1,131.0,0.0
1790354593728562217,1790354593,600000256,wind_sensor_link,3.0,130.0,0.0
1790354593921257148,1790354593,800000256,wind_sensor_link,3.0,131.0,0.0
1790354594128287090,1790354594,0,wind_sensor_link,3.0,132.0,0.0
1790354594321076039,1790354594,200000000,wind_sensor_link,3.1,131.0,0.0
1790354594528125667,1790354594,400000000,wind_sensor_link,3.1,131.0,0.0
1790354594720732432,1790354594,600000256,wind_sensor_link,3.0,133.0,0.0
1790354594927897651,1790354594,800000256,wind_sensor_link,3.2,133.0,0.0
1790354595120236565,1790354595,0,wind_sensor_link,3.2,132.0,0.0
1790354595327718635,1790354595,200000000,wind_sensor_link,3.2,132.0,0.0
1790354595519991365,1790354595,400000000,wind_sensor_link,3.2,134.0,0.0
1790354595727366028,1790354595,600000256,wind_sensor_link,3.2,132.0,0.0
1790354595919723942,1790354595,800000256,wind_sensor_link,3.0,133.0,0.0
1790354596127051642,1790354596,0,wind_sensor_link,2.9,133.0,0.0
1790354596319971054,1790354596,200000000,wind_sensor_link,2.8,131.0,0.0
1790354596526712664,1790354596,400000000,wind_sensor_link,2.7,132.0,0.0
1790354596719752909,1790354596,600000256,wind_sensor_link,2.5,132.0,0.0
1790354596926505278,1790354596,800000256,wind_sensor_link,2.4,131.0,0.0
1790354597119162524,1790354597,0,wind_sensor_link,2.3,130.0,0.0
1790354597325973505,1790354597,200000000,wind_sensor_link,2.3,131.0,0.0
1790354597518862805,1790354597,400000000,wind_sensor_link,2.2,136.0,0.0
1790354597725901488,1790354597,600000256,wind_sensor_link,2.2,138.0,0.0
1790354597918879104,1790354597,800000256,wind_sensor_link,2.2,141.0,0.0
1790354598125647140,1790354598,0,wind_sensor_link,2.2,144.0,0.0
1790354598318775161,1790354598,200000000,wind_sensor_link,2.2,147.0,0.0
1790354598525295273,1790354598,400000000,wind_sensor_link,2.2,149.0,0.0
1790354598718079037,1790354598,600000256,wind_sensor_link,2.0,150.0,0.0
1790354598924794795,1790354598,800000256,wind_sensor_link,2.0,150.0,0.0
1790354599117509134,1790354599,0,wind_sensor_link,2.0,147.0,0.0
1790354599325007889,1790354599,200000000,wind_sensor_link,2.2,146.0,0.0
1790354599517026360,1790354599,400000000,wind_sensor_link,2.3,142.0,0.0
1790354599724708929,1790354599,600000256,wind_sensor_link,2.5,141.0,0.0
1790354599917720859,1790354599,800000256,wind_sensor_link,2.6,137.0,0.0
1790354600124666079,1790354600,0,wind_sensor_link,2.7,137.0,0.0
1790354600331439208,1790354600,200000000,wind_sensor_link,3.1,141.0,0.0
1790354600524201380,1790354600,400000000,wind_sensor_link,3.3,140.0,0.0
1790354600731259803,1790354600,600000256,wind_sensor_link,3.5,141.0,0.0
1790354600923837846,1790354600,800000256,wind_sensor_link,3.5,142.0,0.0
1790354601130963955,1790354601,0,wind_sensor_link,3.5,141.0,0.0
1790354601323650775,1790354601,200000000,wind_sensor_link,3.5,140.0,0.0
1790354601530953216,1790354601,400000000,wind_sensor_link,3.4,142.0,0.0
1790354601723311908,1790354601,600000256,wind_sensor_link,3.4,142.0,0.0
1790354601930428331,1790354601,800000256,wind_sensor_link,3.3,139.0,0.0
1790354602123109744,1790354602,0,wind_sensor_link,3.3,140.0,0.0
1790354602330336778,1790354602,200000000,wind_sensor_link,3.2,141.0,0.0
1790354602522441008,1790354602,400000000,wind_sensor_link,3.1,139.0,0.0
1790354602729855930,1790354602,600000256,wind_sensor_link,3.0,141.0,0.0
1790354602922413844,1790354602,800000256,wind_sensor_link,2.9,143.0,0.0
1790354603129564582,1790354603,0,wind_sensor_link,2.8,145.0,0.0
1790354603322041699,1790354603,200000000,wind_sensor_link,2.8,147.0,0.0
1790354603529366103,1790354603,400000000,wind_sensor_link,2.9,150.0,0.0
1790354603722038460,1790354603,600000256,wind_sensor_link,2.8,149.0,0.0
1790354603929100051,1790354603,800000256,wind_sensor_link,2.7,149.0,0.0
1790354604121740297,1790354604,0,wind_sensor_link,2.5,149.0,0.0
1790354604328640240,1790354604,200000000,wind_sensor_link,2.7,148.0,0.0
1790354604521407245,1790354604,400000000,wind_sensor_link,2.5,148.0,0.0
1790354604728574612,1790354604,600000256,wind_sensor_link,2.6,141.0,0.0
1790354604921114063,1790354604,800000256,wind_sensor_link,2.8,138.0,0.0
1790354605128101394,1790354605,0,wind_sensor_link,2.7,133.0,0.0
1790354605320844344,1790354605,200000000,wind_sensor_link,2.7,131.0,0.0
1790354605527991767,1790354605,400000000,wind_sensor_link,2.8,131.0,0.0
1790354605720308218,1790354605,600000256,wind_sensor_link,2.9,130.0,0.0
1790354605927729678,1790354605,800000256,wind_sensor_link,2.7,131.0,0.0
1790354606120340091,1790354606,0,wind_sensor_link,2.9,130.0,0.0
1790354606327274422,1790354606,200000000,wind_sensor_link,2.8,135.0,0.0
1790354606520089871,1790354606,400000000,wind_sensor_link,2.6,136.0,0.0
1790354606727112814,1790354606,600000256,wind_sensor_link,2.6,139.0,0.0
1790354606919747153,1790354606,800000256,wind_sensor_link,2.7,143.0,0.0
1790354607127148501,1790354607,0,wind_sensor_link,2.7,145.0,0.0
1790354607319472341,1790354607,200000000,wind_sensor_link,2.6,147.0,0.0
1790354607526707819,1790354607,400000000,wind_sensor_link,2.6,147.0,0.0
1790354607719248974,1790354607,600000256,wind_sensor_link,2.7,148.0,0.0
1790354607926271508,1790354607,800000256,wind_sensor_link,2.7,149.0,0.0
1790354608118983477,1790354608,0,wind_sensor_link,2.7,150.0,0.0
1790354608326062863,1790354608,200000000,wind_sensor_link,2.6,149.0,0.0
1790354608518393222,1790354608,400000000,wind_sensor_link,2.6,145.0,0.0
1790354608725833792,1790354608,600000256,wind_sensor_link,2.6,144.0,0.0
1790354608918830259,1790354608,800000256,wind_sensor_link,2.6,145.0,0.0
1790354609125487888,1790354609,0,wind_sensor_link,2.6,143.0,0.0
1790354609318165801,1790354609,200000000,wind_sensor_link,2.5,144.0,0.0
1790354609525224836,1790354609,400000000,wind_sensor_link,2.4,144.0,0.0
1790354609718281895,1790354609,600000256,wind_sensor_link,2.4,145.0,0.0
1790354609924836784,1790354609,800000256,wind_sensor_link,2.4,144.0,0.0
1790354610117553733,1790354610,0,wind_sensor_link,2.4,143.0,0.0
1790354610324531889,1790354610,200000000,wind_sensor_link,2.5,143.0,0.0
1790354610517756360,1790354610,400000000,wind_sensor_link,2.5,140.0,0.0
1790354610724402853,1790354610,600000256,wind_sensor_link,2.4,140.0,0.0
1790354610931534396,1790354610,800000256,wind_sensor_link,2.5,136.0,0.0
1790354611124247650,1790354611,0,wind_sensor_link,2.6,136.0,0.0
1790354611331275953,1790354611,200000000,wind_sensor_link,2.6,132.0,0.0
1790354611523838377,1790354611,400000000,wind_sensor_link,2.5,136.0,0.0
1790354611730963142,1790354611,600000256,wind_sensor_link,2.5,136.0,0.0
1790354611923395511,1790354611,800000256,wind_sensor_link,2.4,136.0,0.0
1790354612130755569,1790354612,0,wind_sensor_link,2.5,136.0,0.0
1790354612323308993,1790354612,200000000,wind_sensor_link,2.6,136.0,0.0
1790354612530686569,1790354612,400000000,wind_sensor_link,2.5,138.0,0.0
1790354612723367121,1790354612,600000256,wind_sensor_link,2.5,135.0,0.0
1790354612930035539,1790354612,800000256,wind_sensor_link,2.4,133.0,0.0
1790354613122779812,1790354613,0,wind_sensor_link,2.3,126.0,0.0
1790354613329783690,1790354613,200000000,wind_sensor_link,2.3,123.0,0.0
1790354613522439982,1790354613,400000000,wind_sensor_link,2.2,120.0,0.0
1790354613729690468,1790354613,600000256,wind_sensor_link,2.0,121.0,0.0
1790354613922307724,1790354613,800000256,wind_sensor_link,2.0,121.0,0.0
1790354614129337082,1790354614,0,wind_sensor_link,2.0,128.0,0.0
1790354614321965949,1790354614,200000000,wind_sensor_link,2.0,130.0,0.0
1790354614528996993,1790354614,400000000,wind_sensor_link,2.1,133.0,0.0
1790354614721703081,1790354614,600000256,wind_sensor_link,2.1,140.0,0.0
1790354614928738033,1790354614,800000256,wind_sensor_link,2.1,143.0,0.0
1790354615121131958,1790354615,0,wind_sensor_link,2.1,145.0,0.0
1790354615328394073,1790354615,200000000,wind_sensor_link,2.1,148.0,0.0
1790354615521201308,1790354615,400000000,wind_sensor_link,2.2,147.0,0.0
1790354615728235333,1790354615,600000256,wind_sensor_link,2.0,145.0,0.0
1790354615920653684,1790354615,800000256,wind_sensor_link,2.1,145.0,0.0
1790354616127947743,1790354616,0,wind_sensor_link,2.1,145.0,0.0
1790354616320537426,1790354616,200000000,wind_sensor_link,2.4,143.0,0.0
1790354616527924021,1790354616,400000000,wind_sensor_link,2.6,144.0,0.0
1790354616720120856,1790354616,600000256,wind_sensor_link,2.8,144.0,0.0
1790354616927388582,1790354616,800000256,wind_sensor_link,3.0,141.0,0.0
1790354617120058115,1790354617,0,wind_sensor_link,3.2,142.0,0.0
1790354617327138269,1790354617,200000000,wind_sensor_link,3.4,142.0,0.0
1790354617519538065,1790354617,400000000,wind_sensor_link,3.4,142.0,0.0
1790354617726952308,1790354617,600000256,wind_sensor_link,3.5,143.0,0.0
1790354617919251494,1790354617,800000256,wind_sensor_link,3.4,146.0,0.0
1790354618126648033,1790354618,0,wind_sensor_link,3.3,147.0,0.0
1790354618319244974,1790354618,200000000,wind_sensor_link,3.3,147.0,0.0
1790354618526151427,1790354618,400000000,wind_sensor_link,3.3,149.0,0.0
1790354618718995828,1790354618,600000256,wind_sensor_link,3.2,149.0,0.0
1790354618925836560,1790354618,800000256,wind_sensor_link,3.2,152.0,0.0
1790354619118705238,1790354619,0,wind_sensor_link,3.2,151.0,0.0
1790354619325731468,1790354619,200000000,wind_sensor_link,3.2,153.0,0.0
1790354619518483907,1790354619,400000000,wind_sensor_link,3.1,151.0,0.0
1790354619725352657,1790354619,600000256,wind_sensor_link,3.2,151.0,0.0
1790354619918022153,1790354619,800000256,wind_sensor_link,3.2,151.0,0.0
1790354620125208769,1790354620,0,wind_sensor_link,3.4,149.0,0.0
1790354620318209446,1790354620,200000000,wind_sensor_link,3.4,149.0,0.0
1790354620524834161,1790354620,400000000,wind_sensor_link,3.4,149.0,0.0
1790354620717906338,1790354620,600000256,wind_sensor_link,3.4,149.0,0.0
1790354620924734865,1790354620,800000256,wind_sensor_link,3.4,147.0,0.0
1790354621117373454,1790354621,0,wind_sensor_link,3.4,148.0,0.0
1790354621324404183,1790354621,200000000,wind_sensor_link,3.4,149.0,0.0
1790354621531462005,1790354621,400000000,wind_sensor_link,3.3,150.0,0.0
1790354621724134482,1790354621,600000256,wind_sensor_link,3.1,150.0,0.0
1790354621931154952,1790354621,800000256,wind_sensor_link,3.1,151.0,0.0
1790354622123895947,1790354622,0,wind_sensor_link,3.2,151.0,0.0
1790354622330858844,1790354622,200000000,wind_sensor_link,3.2,152.0,0.0
1790354622523614302,1790354622,400000000,wind_sensor_link,3.2,152.0,0.0
1790354622730701808,1790354622,600000256,wind_sensor_link,3.2,152.0,0.0
1790354622922937198,1790354622,800000256,wind_sensor_link,3.2,151.0,0.0
1790354623130454532,1790354623,0,wind_sensor_link,3.2,152.0,0.0
1790354623323079344,1790354623,200000000,wind_sensor_link,3.2,152.0,0.0
1790354623530059222,1790354623,400000000,wind_sensor_link,3.2,153.0,0.0
1790354623722808809,1790354623,600000256,wind_sensor_link,3.1,152.0,0.0
1790354623929710169,1790354623,800000256,wind_sensor_link,3.1,150.0,0.0
1790354624122429406,1790354624,0,wind_sensor_link,3.1,151.0,0.0
1790354624329672873,1790354624,200000000,wind_sensor_link,3.1,151.0,0.0
1790354624522278499,1790354624,400000000,wind_sensor_link,3.0,151.0,0.0
1790354624729343154,1790354624,600000256,wind_sensor_link,3.1,151.0,0.0
1790354624921716931,1790354624,800000256,wind_sensor_link,3.0,150.0,0.0
1790354625129028972,1790354625,0,wind_sensor_link,3.0,150.0,0.0
1790354625321416527,1790354625,200000000,wind_sensor_link,2.9,151.0,0.0
1790354625528831788,1790354625,400000000,wind_sensor_link,2.9,153.0,0.0
1790354625721133251,1790354625,600000256,wind_sensor_link,2.8,153.0,0.0
1790354625928503865,1790354625,800000256,wind_sensor_link,2.8,152.0,0.0
1790354626120958456,1790354626,0,wind_sensor_link,2.7,153.0,0.0
1790354626328237516,1790354626,200000000,wind_sensor_link,2.7,153.0,0.0
1790354626520443703,1790354626,400000000,wind_sensor_link,2.7,154.0,0.0
1790354626727950945,1790354626,600000256,wind_sensor_link,2.7,154.0,0.0
1790354626920325037,1790354626,800000256,wind_sensor_link,2.6,153.0,0.0
1790354627127735687,1790354627,0,wind_sensor_link,2.6,152.0,0.0
1790354627320180463,1790354627,200000000,wind_sensor_link,2.6,151.0,0.0
1790354627527428060,1790354627,400000000,wind_sensor_link,2.6,150.0,0.0
1790354627720104408,1790354627,600000256,wind_sensor_link,2.6,149.0,0.0
1790354627927132396,1790354627,800000256,wind_sensor_link,2.6,149.0,0.0
1790354628119745980,1790354628,0,wind_sensor_link,2.6,150.0,0.0
1790354628326813488,1790354628,200000000,wind_sensor_link,2.6,149.0,0.0
1790354628519535513,1790354628,400000000,wind_sensor_link,2.6,148.0,0.0
1790354628726491873,1790354628,600000256,wind_sensor_link,2.6,148.0,0.0
1790354628918996253,1790354628,800000256,wind_sensor_link,2.6,149.0,0.0
1790354629126198574,1790354629,0,wind_sensor_link,2.6,149.0,0.0
1790354629318981135,1790354629,200000000,wind_sensor_link,2.6,151.0,0.0
1790354629526077179,1790354629,400000000,wind_sensor_link,2.6,150.0,0.0
1790354629718723946,1790354629,600000256,wind_sensor_link,2.5,150.0,0.0
1790354629926077283,1790354629,800000256,wind_sensor_link,2.5,148.0,0.0
1790354630118194501,1790354630,0,wind_sensor_link,2.6,149.0,0.0
1790354630325738873,1790354630,200000000,wind_sensor_link,2.6,149.0,0.0
1790354630518265382,1790354630,400000000,wind_sensor_link,2.6,150.0,0.0
1790354630725047282,1790354630,600000256,wind_sensor_link,2.6,149.0,0.0
1790354630917508865,1790354630,800000256,wind_sensor_link,2.5,150.0,0.0
1790354631125006034,1790354631,0,wind_sensor_link,2.5,150.0,0.0
1790354631317913261,1790354631,200000000,wind_sensor_link,2.5,151.0,0.0
1790354631524691957,1790354631,400000000,wind_sensor_link,2.5,153.0,0.0
1790354631717750145,1790354631,600000256,wind_sensor_link,2.4,154.0,0.0
1790354631924375806,1790354631,800000256,wind_sensor_link,2.4,154.0,0.0
1790354632131538682,1790354632,0,wind_sensor_link,2.4,154.0,0.0
1790354632324091154,1790354632,200000000,wind_sensor_link,2.4,153.0,0.0
1790354632531264678,1790354632,400000000,wind_sensor_link,2.4,153.0,0.0
1790354632723956667,1790354632,600000256,wind_sensor_link,2.5,152.0,0.0
1790354632930966823,1790354632,800000256,wind_sensor_link,2.5,152.0,0.0
1790354633123432611,1790354633,0,wind_sensor_link,2.5,151.0,0.0
1790354633330563728,1790354633,200000000,wind_sensor_link,2.5,151.0,0.0
1790354633523267217,1790354633,400000000,wind_sensor_link,2.6,150.0,0.0
1790354633730472019,1790354633,600000256,wind_sensor_link,2.6,152.0,0.0
1790354633923068064,1790354633,800000256,wind_sensor_link,2.6,152.0,0.0
1790354634130187867,1790354634,0,wind_sensor_link,2.6,152.0,0.0
1790354634322798819,1790354634,200000000,wind_sensor_link,2.6,153.0,0.0
1790354634529869975,1790354634,400000000,wind_sensor_link,2.5,153.0,0.0
1790354634722506390,1790354634,600000256,wind_sensor_link,2.6,153.0,0.0
1790354634929697433,1790354634,800000256,wind_sensor_link,2.6,152.0,0.0
1790354635122230164,1790354635,0,wind_sensor_link,2.6,152.0,0.0
1790354635329367448,1790354635,200000000,wind_sensor_link,2.6,152.0,0.0
1790354635522093066,1790354635,400000000,wind_sensor_link,2.6,151.0,0.0
1790354635729056537,1790354635,600000256,wind_sensor_link,2.6,150.0,0.0
1790354635921753285,1790354635,800000256,wind_sensor_link,2.6,150.0,0.0
1790354636128745071,1790354636,0,wind_sensor_link,2.7,147.0,0.0
1790354636321190803,1790354636,200000000,wind_sensor_link,2.6,148.0,0.0
1790354636528657325,1790354636,400000000,wind_sensor_link,2.7,147.0,0.0
1790354636721207963,1790354636,600000256,wind_sensor_link,2.8,146.0,0.0
1790354636928249322,1790354636,800000256,wind_sensor_link,2.8,151.0,0.0
1790354637120921385,1790354637,0,wind_sensor_link,2.8,150.0,0.0
1790354637327975522,1790354637,200000000,wind_sensor_link,3.0,151.0,0.0
1790354637520385385,1790354637,400000000,wind_sensor_link,3.2,150.0,0.0
1790354637727756074,1790354637,600000256,wind_sensor_link,3.3,151.0,0.0
1790354637920062641,1790354637,800000256,wind_sensor_link,3.4,152.0,0.0
1790354638127436144,1790354638,0,wind_sensor_link,3.5,153.0,0.0
1790354638320424185,1790354638,200000000,wind_sensor_link,3.5,154.0,0.0
1790354638527209288,1790354638,400000000,wind_sensor_link,3.5,151.0,0.0
1790354638719822815,1790354638,600000256,wind_sensor_link,3.5,153.0,0.0
1790354638926838193,1790354638,800000256,wind_sensor_link,3.4,153.0,0.0
1790354639119338221,1790354639,0,wind_sensor_link,3.3,155.0,0.0
1790354639326704021,1790354639,200000000,wind_sensor_link,3.2,151.0,0.0
1790354639519299011,1790354639,400000000,wind_sensor_link,3.3,152.0,0.0
1790354639726336148,1790354639,600000256,wind_sensor_link,3.2,152.0,0.0
1790354639918966193,1790354639,800000256,wind_sensor_link,3.2,150.0,0.0
1790354640126059274,1790354640,0,wind_sensor_link,3.1,151.0,0.0
1790354640318739874,1790354640,200000000,wind_sensor_link,3.2,151.0,0.0
1790354640525912547,1790354640,400000000,wind_sensor_link,3.3,155.0,0.0
1790354640718600794,1790354640,600000256,wind_sensor_link,3.2,155.0,0.0
1790354640925512526,1790354640,800000256,wind_sensor_link,3.2,155.0,0.0
1790354641117961110,1790354641,0,wind_sensor_link,3.1,155.0,0.0
1790354641325255337,1790354641,200000000,wind_sensor_link,3.1,155.0,0.0
1790354641517701328,1790354641,400000000,wind_sensor_link,3.2,153.0,0.0
1790354641725082887,1790354641,600000256,wind_sensor_link,3.3,152.0,0.0
1790354641918022725,1790354641,800000256,wind_sensor_link,3.2,151.0,0.0
1790354642124806124,1790354642,0,wind_sensor_link,3.2,150.0,0.0
1790354642317756758,1790354642,200000000,wind_sensor_link,3.3,150.0,0.0
1790354642524470936,1790354642,400000000,wind_sensor_link,3.3,151.0,0.0
1790354642731664442,1790354642,600000256,wind_sensor_link,3.3,150.0,0.0
1790354642924107193,1790354642,800000256,wind_sensor_link,3.3,151.0,0.0
1790354643131215755,1790354643,0,wind_sensor_link,3.3,154.0,0.0
1790354643323940484,1790354643,200000000,wind_sensor_link,3.3,154.0,0.0
1790354643531019176,1790354643,400000000,wind_sensor_link,3.3,155.0,0.0
1790354643723686350,1790354643,600000256,wind_sensor_link,3.2,155.0,0.0
1790354643930743080,1790354643,800000256,wind_sensor_link,3.2,155.0,0.0
1790354644123366255,1790354644,0,wind_sensor_link,3.2,153.0,0.0
1790354644330510151,1790354644,200000000,wind_sensor_link,3.2,154.0,0.0
1790354644522958871,1790354644,400000000,wind_sensor_link,3.3,153.0,0.0
1790354644730740032,1790354644,600000256,wind_sensor_link,3.3,152.0,0.0
1790354644922865849,1790354644,800000256,wind_sensor_link,3.3,152.0,0.0
1790354645129916130,1790354645,0,wind_sensor_link,3.2,151.0,0.0
1790354645322533866,1790354645,200000000,wind_sensor_link,3.2,151.0,0.0
1790354645529725053,1790354645,400000000,wind_sensor_link,3.2,152.0,0.0
1790354645722275624,1790354645,600000256,wind_sensor_link,3.2,152.0,0.0
1790354645929364997,1790354645,800000256,wind_sensor_link,3.2,152.0,0.0
1790354646121797680,1790354646,0,wind_sensor_link,3.1,152.0,0.0
1790354646329081755,1790354646,200000000,wind_sensor_link,3.1,151.0,0.0
1790354646521735121,1790354646,400000000,wind_sensor_link,3.1,151.0,0.0
1790354646728850216,1790354646,600000256,wind_sensor_link,3.2,151.0,0.0
1790354646921408286,1790354646,800000256,wind_sensor_link,3.3,151.0,0.0
1790354647128684750,1790354647,0,wind_sensor_link,3.4,149.0,0.0
1790354647321180136,1790354647,200000000,wind_sensor_link,3.5,150.0,0.0
1790354647528179973,1790354647,400000000,wind_sensor_link,3.5,148.0,0.0
1790354647720980708,1790354647,600000256,wind_sensor_link,3.4,147.0,0.0
1790354647928017100,1790354647,800000256,wind_sensor_link,3.4,149.0,0.0
1790354648120664133,1790354648,0,wind_sensor_link,3.3,148.0,0.0
1790354648327840134,1790354648,200000000,wind_sensor_link,3.2,148.0,0.0
1790354648520344169,1790354648,400000000,wind_sensor_link,3.0,150.0,0.0
1790354648727514800,1790354648,600000256,wind_sensor_link,2.9,150.0,0.0
1790354648920429070,1790354648,800000256,wind_sensor_link,2.9,148.0,0.0
1790354649127234558,1790354649,0,wind_sensor_link,3.0,150.0,0.0
1790354649319867461,1790354649,200000000,wind_sensor_link,3.0,149.0,0.0
1790354649526975964,1790354649,400000000,wind_sensor_link,3.1,150.0,0.0
1790354649719919678,1790354649,600000256,wind_sensor_link,3.2,154.0,0.0
1790354649926790128,1790354649,800000256,wind_sensor_link,3.4,154.0,0.0
1790354650119328347,1790354650,0,wind_sensor_link,3.3,154.0,0.0
1790354650326245889,1790354650,200000000,wind_sensor_link,3.4,149.0,0.0
1790354650518804996,1790354650,400000000,wind_sensor_link,3.2,150.0,0.0
1790354650726108978,1790354650,600000256,wind_sensor_link,2.9,147.0,0.0
1790354650919066544,1790354650,800000256,wind_sensor_link,3.0,145.0,0.0
1790354651125911976,1790354651,0,wind_sensor_link,2.9,144.0,0.0
1790354651318363881,1790354651,200000000,wind_sensor_link,2.8,143.0,0.0
1790354651525556105,1790354651,400000000,wind_sensor_link,2.8,141.0,0.0
1790354651718549022,1790354651,600000256,wind_sensor_link,2.9,141.0,0.0
1790354651925211122,1790354651,800000256,wind_sensor_link,2.7,145.0,0.0
1790354652118217762,1790354652,0,wind_sensor_link,2.8,144.0,0.0
1790354652324946269,1790354652,200000000,wind_sensor_link,2.8,146.0,0.0
1790354652517552469,1790354652,400000000,wind_sensor_link,2.7,149.0,0.0
1790354652724744489,1790354652,600000256,wind_sensor_link,2.7,149.0,0.0
1790354652917372540,1790354652,800000256,wind_sensor_link,2.7,145.0,0.0
1790354653124415506,1790354653,0,wind_sensor_link,2.4,148.0,0.0
1790354653331545749,1790354653,200000000,wind_sensor_link,2.4,148.0,0.0
1790354653523960248,1790354653,400000000,wind_sensor_link,2.4,149.0,0.0
1790354653731303970,1790354653,600000256,wind_sensor_link,2.3,148.0,0.0
1790354653923898410,1790354653,800000256,wind_sensor_link,2.3,147.0,0.0
1790354654130895025,1790354654,0,wind_sensor_link,2.3,146.0,0.0
1790354654323877832,1790354654,200000000,wind_sensor_link,2.4,142.0,0.0
1790354654530687449,1790354654,400000000,wind_sensor_link,2.3,143.0,0.0
1790354654723299371,1790354654,600000256,wind_sensor_link,2.3,139.0,0.0
1790354654930441614,1790354654,800000256,wind_sensor_link,2.5,137.0,0.0
1790354655123125053,1790354655,0,wind_sensor_link,2.6,137.0,0.0
1790354655330052021,1790354655,200000000,wind_sensor_link,2.7,140.0,0.0
1790354655522806349,1790354655,400000000,wind_sensor_link,2.9,139.0,0.0
1790354655729847463,1790354655,600000256,wind_sensor_link,2.9,139.0,0.0
1790354655922298257,1790354655,800000256,wind_sensor_link,2.9,140.0,0.0
1790354656129703701,1790354656,0,wind_sensor_link,2.8,139.0,0.0
1790354656322214809,1790354656,200000000,wind_sensor_link,2.9,137.0,0.0
1790354656529244294,1790354656,400000000,wind_sensor_link,2.7,137.0,0.0
1790354656721732366,1790354656,600000256,wind_sensor_link,2.6,133.0,0.0
1790354656929033921,1790354656,800000256,wind_sensor_link,2.5,129.0,0.0
1790354657121731046,1790354657,0,wind_sensor_link,2.4,130.0,0.0
1790354657328777383,1790354657,200000000,wind_sensor_link,2.4,130.0,0.0
1790354657521405804,1790354657,400000000,wind_sensor_link,2.4,130.0,0.0
1790354657728545806,1790354657,600000256,wind_sensor_link,2.5,132.0,0.0
1790354657921459132,1790354657,800000256,wind_sensor_link,2.6,131.0,0.0
1790354658128135825,1790354658,0,wind_sensor_link,2.6,133.0,0.0
1790354658320857172,1790354658,200000000,wind_sensor_link,2.6,134.0,0.0
1790354658527972711,1790354658,400000000,wind_sensor_link,2.7,134.0,0.0
1790354658720553633,1790354658,600000256,wind_sensor_link,2.7,134.0,0.0
1790354658927736561,1790354658,800000256,wind_sensor_link,2.8,135.0,0.0
1790354659120309317,1790354659,0,wind_sensor_link,2.7,136.0,0.0
1790354659327437634,1790354659,200000000,wind_sensor_link,2.7,136.0,0.0
1790354659519878873,1790354659,400000000,wind_sensor_link,2.7,136.0,0.0
1790354659727147929,1790354659,600000256,wind_sensor_link,2.7,137.0,0.0
1790354659919735388,1790354659,800000256,wind_sensor_link,2.7,137.0,0.0
1790354660126843816,1790354660,0,wind_sensor_link,2.6,138.0,0.0
1790354660319512106,1790354660,200000000,wind_sensor_link,2.6,138.0,0.0
1790354660526481302,1790354660,400000000,wind_sensor_link,2.5,137.0,0.0
1790354660719688590,1790354660,600000256,wind_sensor_link,2.5,138.0,0.0
1790354660926336587,1790354660,800000256,wind_sensor_link,2.5,138.0,0.0
1790354661119012752,1790354661,0,wind_sensor_link,2.5,138.0,0.0
1790354661326069651,1790354661,200000000,wind_sensor_link,2.5,140.0,0.0
1790354661519098126,1790354661,400000000,wind_sensor_link,2.4,139.0,0.0
1790354661725715790,1790354661,600000256,wind_sensor_link,2.4,139.0,0.0
1790354661918364455,1790354661,800000256,wind_sensor_link,2.4,140.0,0.0
1790354662125518020,1790354662,0,wind_sensor_link,2.4,139.0,0.0
1790354662318510366,1790354662,200000000,wind_sensor_link,2.3,139.0,0.0
1790354662525048919,1790354662,400000000,wind_sensor_link,2.3,139.0,0.0
1790354662718208245,1790354662,600000256,wind_sensor_link,2.2,137.0,0.0
1790354662924937630,1790354662,800000256,wind_sensor_link,2.2,136.0,0.0
1790354663117524518,1790354663,0,wind_sensor_link,2.2,135.0,0.0
1790354663324756007,1790354663,200000000,wind_sensor_link,2.1,136.0,0.0
1790354663517057991,1790354663,400000000,wind_sensor_link,2.1,135.0,0.0
1790354663724409961,1790354663,600000256,wind_sensor_link,2.1,135.0,0.0
1790354663931518230,1790354663,800000256,wind_sensor_link,2.1,135.0,0.0
1790354664124167136,1790354664,0,wind_sensor_link,2.1,134.0,0.0
1790354664331211146,1790354664,200000000,wind_sensor_link,2.1,131.0,0.0
1790354664523972588,1790354664,400000000,wind_sensor_link,2.0,133.0,0.0
1790354664730881063,1790354664,600000256,wind_sensor_link,2.0,133.0,0.0
1790354664923684485,1790354664,800000256,wind_sensor_link,2.0,133.0,0.0
1790354665130720440,1790354665,0,wind_sensor_link,1.9,134.0,0.0
1790354665323160849,1790354665,200000000,wind_sensor_link,1.9,135.0,0.0
1790354665530370839,1790354665,400000000,wind_sensor_link,1.9,135.0,0.0
1790354665722790506,1790354665,600000256,wind_sensor_link,1.8,134.0,0.0
1790354665930095866,1790354665,800000256,wind_sensor_link,1.8,136.0,0.0
1790354666122573514,1790354666,0,wind_sensor_link,1.8,137.0,0.0
1790354666329867392,1790354666,200000000,wind_sensor_link,1.9,138.0,0.0
1790354666522357355,1790354666,400000000,wind_sensor_link,1.9,140.0,0.0
1790354666729702992,1790354666,600000256,wind_sensor_link,2.0,141.0,0.0
1790354666922144048,1790354666,800000256,wind_sensor_link,2.1,142.0,0.0
1790354667129234854,1790354667,0,wind_sensor_link,2.2,143.0,0.0
1790354667321996463,1790354667,200000000,wind_sensor_link,2.3,144.0,0.0
1790354667528962844,1790354667,400000000,wind_sensor_link,2.3,147.0,0.0
1790354667722043041,1790354667,600000256,wind_sensor_link,2.4,145.0,0.0
1790354667928731389,1790354667,800000256,wind_sensor_link,2.4,145.0,0.0
1790354668121683680,1790354668,0,wind_sensor_link,2.4,146.0,0.0
1790354668328418158,1790354668,200000000,wind_sensor_link,2.3,144.0,0.0
1790354668520940898,1790354668,400000000,wind_sensor_link,2.4,144.0,0.0
1790354668728123537,1790354668,600000256,wind_sensor_link,2.4,144.0,0.0
1790354668921132142,1790354668,800000256,wind_sensor_link,2.4,144.0,0.0
1790354669127927711,1790354669,0,wind_sensor_link,2.4,141.0,0.0
1790354669320567339,1790354669,200000000,wind_sensor_link,2.5,140.0,0.0
1790354669527807829,1790354669,400000000,wind_sensor_link,2.5,139.0,0.0
1790354669720269385,1790354669,600000256,wind_sensor_link,2.7,140.0,0.0
1790354669927216693,1790354669,800000256,wind_sensor_link,2.8,139.0,0.0
1790354670120036726,1790354670,0,wind_sensor_link,2.9,138.0,0.0
1790354670327111977,1790354670,200000000,wind_sensor_link,2.9,139.0,0.0
1790354670519736494,1790354670,400000000,wind_sensor_link,3.0,138.0,0.0
1790354670726839800,1790354670,600000256,wind_sensor_link,3.0,139.0,0.0
1790354670919448466,1790354670,800000256,wind_sensor_link,3.0,138.0,0.0
1790354671126839324,1790354671,0,wind_sensor_link,3.0,138.0,0.0
1790354671319195789,1790354671,200000000,wind_sensor_link,2.9,138.0,0.0
1790354671526272373,1790354671,400000000,wind_sensor_link,2.9,140.0,0.0
1790354671718901834,1790354671,600000256,wind_sensor_link,2.9,140.0,0.0
1790354671925796902,1790354671,800000256,wind_sensor_link,2.8,140.0,0.0
1790354672118311310,1790354672,0,wind_sensor_link,2.8,142.0,0.0
1790354672325738353,1790354672,200000000,wind_sensor_link,2.8,142.0,0.0
1790354672518280334,1790354672,400000000,wind_sensor_link,2.8,141.0,0.0
1790354672725495583,1790354672,600000256,wind_sensor_link,2.7,143.0,0.0
1790354672918258598,1790354672,800000256,wind_sensor_link,2.7,143.0,0.0
1790354673124892355,1790354673,0,wind_sensor_link,2.6,143.0,0.0
1790354673317921311,1790354673,200000000,wind_sensor_link,2.5,145.0,0.0
1790354673524986618,1790354673,400000000,wind_sensor_link,2.5,142.0,0.0
1790354673717477933,1790354673,600000256,wind_sensor_link,2.5,142.0,0.0
1790354673924661220,1790354673,800000256,wind_sensor_link,2.5,142.0,0.0
1790354674117548882,1790354674,0,wind_sensor_link,2.5,143.0,0.0
1790354674324151212,1790354674,200000000,wind_sensor_link,2.5,143.0,0.0
1790354674531378628,1790354674,400000000,wind_sensor_link,2.5,144.0,0.0
1790354674724006701,1790354674,600000256,wind_sensor_link,2.5,144.0,0.0
1790354674931045026,1790354674,800000256,wind_sensor_link,2.6,146.0,0.0
1790354675123825653,1790354675,0,wind_sensor_link,2.6,147.0,0.0
1790354675330891737,1790354675,200000000,wind_sensor_link,2.6,148.0,0.0
1790354675523502662,1790354675,400000000,wind_sensor_link,2.6,148.0,0.0
1790354675730525543,1790354675,600000256,wind_sensor_link,2.6,149.0,0.0
1790354675923207189,1790354675,800000256,wind_sensor_link,2.5,149.0,0.0
1790354676130342735,1790354676,0,wind_sensor_link,2.4,149.0,0.0
1790354676323000974,1790354676,200000000,wind_sensor_link,2.4,148.0,0.0
1790354676530161687,1790354676,400000000,wind_sensor_link,2.3,149.0,0.0
1790354676722999683,1790354676,600000256,wind_sensor_link,2.3,149.0,0.0
1790354676929734272,1790354676,800000256,wind_sensor_link,2.2,149.0,0.0
1790354677122218235,1790354677,0,wind_sensor_link,2.3,149.0,0.0
1790354677329655685,1790354677,200000000,wind_sensor_link,2.3,149.0,0.0
1790354677521925466,1790354677,400000000,wind_sensor_link,2.4,148.0,0.0
1790354677729244732,1790354677,600000256,wind_sensor_link,2.4,148.0,0.0
1790354677921709103,1790354677,800000256,wind_sensor_link,2.4,149.0,0.0
1790354678128956593,1790354678,0,wind_sensor_link,2.4,149.0,0.0
1790354678321651350,1790354678,200000000,wind_sensor_link,2.4,148.0,0.0
1790354678528727619,1790354678,400000000,wind_sensor_link,2.3,145.0,0.0
1790354678721337081,1790354678,600000256,wind_sensor_link,2.2,147.0,0.0
1790354678928289074,1790354678,800000256,wind_sensor_link,2.1,146.0,0.0
1790354679121158959,1790354679,0,wind_sensor_link,2.1,150.0,0.0
1790354679327979953,1790354679,200000000,wind_sensor_link,2.1,152.0,0.0
1790354679520730895,1790354679,400000000,wind_sensor_link,2.1,152.0,0.0
1790354679727833979,1790354679,600000256,wind_sensor_link,2.1,154.0,0.0
1790354679920494107,1790354679,800000256,wind_sensor_link,2.2,156.0,0.0
1790354680127512506,1790354680,0,wind_sensor_link,2.2,159.0,0.0
1790354680320191152,1790354680,200000000,wind_sensor_link,2.1,159.0,0.0
1790354680527197423,1790354680,400000000,wind_sensor_link,2.2,158.0,0.0
1790354680719744533,1790354680,600000256,wind_sensor_link,2.1,156.0,0.0
1790354680926912320,1790354680,800000256,wind_sensor_link,2.0,154.0,0.0
1790354681119691465,1790354681,0,wind_sensor_link,2.0,153.0,0.0
1790354681326797493,1790354681,200000000,wind_sensor_link,1.9,153.0,0.0
1790354681519414140,1790354681,400000000,wind_sensor_link,1.9,151.0,0.0
1790354681726637908,1790354681,600000256,wind_sensor_link,1.8,151.0,0.0
1790354681919180852,1790354681,800000256,wind_sensor_link,1.9,152.0,0.0
1790354682126306176,1790354682,0,wind_sensor_link,1.9,151.0,0.0
1790354682318916545,1790354682,200000000,wind_sensor_link,1.9,151.0,0.0
1790354682525845650,1790354682,400000000,wind_sensor_link,1.9,152.0,0.0
1790354682718641573,1790354682,600000256,wind_sensor_link,1.9,152.0,0.0
1790354682925735119,1790354682,800000256,wind_sensor_link,1.9,150.0,0.0
1790354683118198509,1790354683,0,wind_sensor_link,1.9,149.0,0.0
1790354683325356870,1790354683,200000000,wind_sensor_link,2.0,148.0,0.0
1790354683517902073,1790354683,400000000,wind_sensor_link,2.0,148.0,0.0
1790354683725009379,1790354683,600000256,wind_sensor_link,2.0,146.0,0.0
1790354683917824579,1790354683,800000256,wind_sensor_link,2.0,144.0,0.0
1790354684124964033,1790354684,0,wind_sensor_link,2.1,142.0,0.0
1790354684317999693,1790354684,200000000,wind_sensor_link,2.0,140.0,0.0
1790354684524800077,1790354684,400000000,wind_sensor_link,2.1,139.0,0.0
1790354684717024081,1790354684,600000256,wind_sensor_link,2.0,140.0,0.0
1790354684924635770,1790354684,800000256,wind_sensor_link,2.0,139.0,0.0
1790354685117432025,1790354685,0,wind_sensor_link,2.0,139.0,0.0
1790354685324148614,1790354685,200000000,wind_sensor_link,2.0,139.0,0.0
1790354685531268364,1790354685,400000000,wind_sensor_link,2.0,141.0,0.0
1790354685723928807,1790354685,600000256,wind_sensor_link,1.9,143.0,0.0
1790354685930852152,1790354685,800000256,wind_sensor_link,1.9,143.0,0.0
1790354686123653538,1790354686,0,wind_sensor_link,1.9,144.0,0.0
1790354686330544846,1790354686,200000000,wind_sensor_link,1.9,144.0,0.0
1790354686523321288,1790354686,400000000,wind_sensor_link,1.9,148.0,0.0
1790354686730381353,1790354686,600000256,wind_sensor_link,1.9,150.0,0.0
1790354686923297663,1790354686,800000256,wind_sensor_link,2.0,153.0,0.0
1790354687130081140,1790354687,0,wind_sensor_link,2.2,154.0,0.0
1790354687322835656,1790354687,200000000,wind_sensor_link,2.3,158.0,0.0
1790354687529767093,1790354687,400000000,wind_sensor_link,2.3,158.0,0.0
1790354687722471943,1790354687,600000256,wind_sensor_link,2.3,156.0,0.0
1790354687929572397,1790354687,800000256,wind_sensor_link,2.3,157.0,0.0
1790354688122222284,1790354688,0,wind_sensor_link,2.3,154.0,0.0
1790354688329382719,1790354688,200000000,wind_sensor_link,2.3,151.0,0.0
1790354688521993922,1790354688,400000000,wind_sensor_link,2.2,148.0,0.0
1790354688729066543,1790354688,600000256,wind_sensor_link,1.9,149.0,0.0
1790354688921480174,1790354688,800000256,wind_sensor_link,1.8,144.0,0.0
1790354689128740663,1790354689,0,wind_sensor_link,1.7,148.0,0.0
1790354689321182757,1790354689,200000000,wind_sensor_link,1.8,151.0,0.0
1790354689528422172,1790354689,400000000,wind_sensor_link,1.8,152.0,0.0
1790354689720855859,1790354689,600000256,wind_sensor_link,1.9,151.0,0.0
1790354689928219328,1790354689,800000256,wind_sensor_link,2.0,150.0,0.0
1790354690120937770,1790354690,0,wind_sensor_link,2.0,149.0,0.0
1790354690327844597,1790354690,200000000,wind_sensor_link,2.1,148.0,0.0
1790354690520569280,1790354690,400000000,wind_sensor_link,2.1,149.0,0.0
1790354690727695900,1790354690,600000256,wind_sensor_link,2.0,149.0,0.0
1790354690920556007,1790354690,800000256,wind_sensor_link,2.0,148.0,0.0
1790354691127438872,1790354691,0,wind_sensor_link,2.0,145.0,0.0
1790354691319958038,1790354691,200000000,wind_sensor_link,1.9,143.0,0.0
1790354691527160232,1790354691,400000000,wind_sensor_link,1.9,141.0,0.0
1790354691719737305,1790354691,600000256,wind_sensor_link,1.9,141.0,0.0
1790354691926846815,1790354691,800000256,wind_sensor_link,1.9,139.0,0.0
1790354692119277427,1790354692,0,wind_sensor_link,2.0,138.0,0.0
1790354692326651026,1790354692,200000000,wind_sensor_link,2.1,135.0,0.0
1790354692518967621,1790354692,400000000,wind_sensor_link,2.1,133.0,0.0
1790354692726326591,1790354692,600000256,wind_sensor_link,2.1,134.0,0.0
1790354692918734574,1790354692,800000256,wind_sensor_link,2.1,136.0,0.0
1790354693125861713,1790354693,0,wind_sensor_link,2.1,137.0,0.0
1790354693318695857,1790354693,200000000,wind_sensor_link,2.1,137.0,0.0
1790354693525635869,1790354693,400000000,wind_sensor_link,2.1,139.0,0.0
1790354693718360626,1790354693,600000256,wind_sensor_link,2.1,137.0,0.0
1790354693925551468,1790354693,800000256,wind_sensor_link,2.0,139.0,0.0
1790354694118514703,1790354694,0,wind_sensor_link,2.1,133.0,0.0
1790354694325087849,1790354694,200000000,wind_sensor_link,2.1,131.0,0.0
1790354694518225897,1790354694,400000000,wind_sensor_link,2.1,131.0,0.0
1790354694724890616,1790354694,600000256,wind_sensor_link,2.1,129.0,0.0
1790354694917941331,1790354694,800000256,wind_sensor_link,2.0,127.0,0.0
1790354695124738030,1790354695,0,wind_sensor_link,1.9,125.0,0.0
1790354695317759931,1790354695,200000000,wind_sensor_link,1.8,126.0,0.0
1790354695524104487,1790354695,400000000,wind_sensor_link,1.9,123.0,0.0
1790354695716602858,1790354695,600000256,wind_sensor_link,1.8,128.0,0.0
1790354695924021567,1790354695,800000256,wind_sensor_link,1.7,128.0,0.0
1790354696131303131,1790354696,0,wind_sensor_link,1.9,129.0,0.0
1790354696323875908,1790354696,200000000,wind_sensor_link,2.1,134.0,0.0
1790354696530900196,1790354696,400000000,wind_sensor_link,2.1,132.0,0.0
1790354696723716822,1790354696,600000256,wind_sensor_link,2.2,132.0,0.0
1790354696930618334,1790354696,800000256,wind_sensor_link,2.3,133.0,0.0
1790354697123297703,1790354697,0,wind_sensor_link,2.4,135.0,0.0
1790354697330338361,1790354697,200000000,wind_sensor_link,2.5,135.0,0.0
1790354697523024322,1790354697,400000000,wind_sensor_link,2.8,134.0,0.0
1790354697730090018,1790354697,600000256,wind_sensor_link,2.6,134.0,0.0
1790354697923060531,1790354697,800000256,wind_sensor_link,2.7,131.0,0.0
1790354698129863526,1790354698,0,wind_sensor_link,2.7,136.0,0.0
1790354698322531468,1790354698,200000000,wind_sensor_link,2.7,138.0,0.0
1790354698529468054,1790354698,400000000,wind_sensor_link,2.8,140.0,0.0
1790354698722198144,1790354698,600000256,wind_sensor_link,2.8,136.0,0.0
1790354698929495115,1790354698,800000256,wind_sensor_link,2.8,137.0,0.0
1790354699121781895,1790354699,0,wind_sensor_link,2.6,140.0,0.0
1790354699329045440,1790354699,200000000,wind_sensor_link,2.6,136.0,0.0
1790354699521702883,1790354699,400000000,wind_sensor_link,2.5,137.0,0.0
1790354699728746171,1790354699,600000256,wind_sensor_link,2.5,132.0,0.0
1790354699921147376,1790354699,800000256,wind_sensor_link,2.4,133.0,0.0
1790354700128655714,1790354700,0,wind_sensor_link,2.2,130.0,0.0
1790354700321148159,1790354700,200000000,wind_sensor_link,2.0,131.0,0.0
1790354700528153559,1790354700,400000000,wind_sensor_link,1.9,131.0,0.0
1790354700720932389,1790354700,600000256,wind_sensor_link,1.9,131.0,0.0
1790354700928157786,1790354700,800000256,wind_sensor_link,1.8,133.0,0.0
1790354701120362882,1790354701,0,wind_sensor_link,1.8,134.0,0.0
1790354701327758963,1790354701,200000000,wind_sensor_link,1.8,133.0,0.0
1790354701520110909,1790354701,400000000,wind_sensor_link,1.8,134.0,0.0
1790354701727374435,1790354701,600000256,wind_sensor_link,1.8,135.0,0.0
1790354701919782048,1790354701,800000256,wind_sensor_link,1.8,135.0,0.0
1790354702127210257,1790354702,0,wind_sensor_link,1.8,135.0,0.0
1790354702319826886,1790354702,200000000,wind_sensor_link,1.8,134.0,0.0
1790354702526921711,1790354702,400000000,wind_sensor_link,1.8,134.0,0.0
1790354702719525635,1790354702,600000256,wind_sensor_link,1.8,134.0,0.0
1790354702926911068,1790354702,800000256,wind_sensor_link,1.8,136.0,0.0
1790354703119177274,1790354703,0,wind_sensor_link,1.8,138.0,0.0
1790354703326198193,1790354703,200000000,wind_sensor_link,1.7,139.0,0.0
1790354703519021985,1790354703,400000000,wind_sensor_link,1.8,140.0,0.0
1790354703726093069,1790354703,600000256,wind_sensor_link,1.8,142.0,0.0
1790354703918743549,1790354703,800000256,wind_sensor_link,1.9,146.0,0.0
1790354704125816596,1790354704,0,wind_sensor_link,2.0,150.0,0.0
1790354704318440151,1790354704,200000000,wind_sensor_link,2.1,151.0,0.0
1790354704525442347,1790354704,400000000,wind_sensor_link,2.2,150.0,0.0
1790354704718108549,1790354704,600000256,wind_sensor_link,2.2,145.0,0.0
1790354704925287335,1790354704,800000256,wind_sensor_link,2.3,140.0,0.0
1790354705117936389,1790354705,0,wind_sensor_link,2.4,136.0,0.0
1790354705325010659,1790354705,200000000,wind_sensor_link,2.5,134.0,0.0
1790354705517662527,1790354705,400000000,wind_sensor_link,2.5,131.0,0.0
1790354705724801963,1790354705,600000256,wind_sensor_link,2.5,127.0,0.0
1790354705917689940,1790354705,800000256,wind_sensor_link,2.4,126.0,0.0
1790354706124456639,1790354706,0,wind_sensor_link,2.4,124.0,0.0
1790354706317422578,1790354706,200000000,wind_sensor_link,2.4,124.0,0.0
1790354706524200721,1790354706,400000000,wind_sensor_link,2.3,130.0,0.0
1790354706731339156,1790354706,600000256,wind_sensor_link,2.2,129.0,0.0
1790354706924128579,1790354706,800000256,wind_sensor_link,2.2,128.0,0.0
1790354707131090924,1790354707,0,wind_sensor_link,2.1,128.0,0.0
1790354707323729922,1790354707,200000000,wind_sensor_link,2.0,127.0,0.0
1790354707530745581,1790354707,400000000,wind_sensor_link,1.9,126.0,0.0
1790354707723153453,1790354707,600000256,wind_sensor_link,1.8,126.0,0.0
1790354707930426683,1790354707,800000256,wind_sensor_link,1.8,126.0,0.0
1790354708122865221,1790354708,0,wind_sensor_link,1.8,125.0,0.0
1790354708330220709,1790354708,200000000,wind_sensor_link,1.7,124.0,0.0
1790354708522826763,1790354708,400000000,wind_sensor_link,1.7,125.0,0.0
1790354708729938310,1790354708,600000256,wind_sensor_link,1.7,127.0,0.0
1790354708922843799,1790354708,800000256,wind_sensor_link,1.7,127.0,0.0
1790354709129669751,1790354709,0,wind_sensor_link,1.7,128.0,0.0
1790354709322266198,1790354709,200000000,wind_sensor_link,1.6,129.0,0.0
1790354709529419557,1790354709,400000000,wind_sensor_link,1.6,132.0,0.0
1790354709722238560,1790354709,600000256,wind_sensor_link,1.6,132.0,0.0
1790354709929126123,1790354709,800000256,wind_sensor_link,1.6,132.0,0.0
1790354710121540663,1790354710,0,wind_sensor_link,1.6,130.0,0.0
1790354710328837688,1790354710,200000000,wind_sensor_link,1.6,132.0,0.0
1790354710521290655,1790354710,400000000,wind_sensor_link,1.6,129.0,0.0
1790354710728738272,1790354710,600000256,wind_sensor_link,1.6,128.0,0.0
1790354710921484053,1790354710,800000256,wind_sensor_link,1.6,128.0,0.0
1790354711128335986,1790354711,0,wind_sensor_link,1.6,127.0,0.0
1790354711320971341,1790354711,200000000,wind_sensor_link,1.6,128.0,0.0
1790354711528067774,1790354711,400000000,wind_sensor_link,1.6,127.0,0.0
1790354711720737444,1790354711,600000256,wind_sensor_link,1.5,127.0,0.0
1790354711927754395,1790354711,800000256,wind_sensor_link,1.5,124.0,0.0
1790354712120348843,1790354712,0,wind_sensor_link,1.5,124.0,0.0
1790354712327404183,1790354712,200000000,wind_sensor_link,1.5,123.0,0.0
1790354712519845520,1790354712,400000000,wind_sensor_link,1.5,122.0,0.0
1790354712727131230,1790354712,600000256,wind_sensor_link,1.5,121.0,0.0
1790354712919896178,1790354712,800000256,wind_sensor_link,1.5,121.0,0.0
1790354713126823110,1790354713,0,wind_sensor_link,1.6,121.0,0.0
1790354713319618928,1790354713,200000000,wind_sensor_link,1.6,121.0,0.0
1790354713526533750,1790354713,400000000,wind_sensor_link,1.6,122.0,0.0
1790354713719280864,1790354713,600000256,wind_sensor_link,1.6,123.0,0.0
1790354713926469445,1790354713,800000256,wind_sensor_link,1.7,125.0,0.0
1790354714118994430,1790354714,0,wind_sensor_link,1.7,125.0,0.0
1790354714326133437,1790354714,200000000,wind_sensor_link,1.7,126.0,0.0
1790354714518805088,1790354714,400000000,wind_sensor_link,1.7,124.0,0.0
1790354714725898058,1790354714,600000256,wind_sensor_link,1.7,125.0,0.0
1790354714918880950,1790354714,800000256,wind_sensor_link,1.7,126.0,0.0
1790354715125742605,1790354715,0,wind_sensor_link,1.7,126.0,0.0
1790354715318204553,1790354715,200000000,wind_sensor_link,1.7,126.0,0.0
1790354715525357282,1790354715,400000000,wind_sensor_link,1.7,124.0,0.0
1790354715717972711,1790354715,600000256,wind_sensor_link,1.7,123.0,0.0
1790354715925063458,1790354715,800000256,wind_sensor_link,1.7,122.0,0.0
1790354716117727758,1790354716,0,wind_sensor_link,1.7,123.0,0.0
1790354716324889839,1790354716,200000000,wind_sensor_link,1.6,123.0,0.0
1790354716517201546,1790354716,400000000,wind_sensor_link,1.6,123.0,0.0
1790354716724537812,1790354716,600000256,wind_sensor_link,1.5,123.0,0.0
1790354716917556926,1790354716,800000256,wind_sensor_link,1.5,125.0,0.0
1790354717124250377,1790354717,0,wind_sensor_link,1.4,125.0,0.0
1790354717331493995,1790354717,200000000,wind_sensor_link,1.4,125.0,0.0
1790354717524239017,1790354717,400000000,wind_sensor_link,1.4,124.0,0.0
1790354717731125505,1790354717,600000256,wind_sensor_link,1.3,124.0,0.0
1790354717923749805,1790354717,800000256,wind_sensor_link,1.3,123.0,0.0
1790354718130832367,1790354718,0,wind_sensor_link,1.3,123.0,0.0
1790354718323463148,1790354718,200000000,wind_sensor_link,1.2,123.0,0.0
1790354718530564285,1790354718,400000000,wind_sensor_link,1.2,122.0,0.0
1790354718723189584,1790354718,600000256,wind_sensor_link,1.2,121.0,0.0
1790354718930329906,1790354718,800000256,wind_sensor_link,1.2,122.0,0.0
1790354719122785280,1790354719,0,wind_sensor_link,1.2,121.0,0.0
1790354719330051212,1790354719,200000000,wind_sensor_link,1.2,123.0,0.0
1790354719522328253,1790354719,400000000,wind_sensor_link,1.2,124.0,0.0
1790354719729737074,1790354719,600000256,wind_sensor_link,1.2,124.0,0.0
1790354719922701262,1790354719,800000256,wind_sensor_link,1.2,125.0,0.0
1790354720129532065,1790354720,0,wind_sensor_link,1.2,125.0,0.0
1790354720322139717,1790354720,200000000,wind_sensor_link,1.2,125.0,0.0
1790354720529279279,1790354720,400000000,wind_sensor_link,1.2,124.0,0.0
1790354720721730986,1790354720,600000256,wind_sensor_link,1.2,124.0,0.0
1790354720928995252,1790354720,800000256,wind_sensor_link,1.2,124.0,0.0
1790354721121655904,1790354721,0,wind_sensor_link,1.2,124.0,0.0
1790354721328739447,1790354721,200000000,wind_sensor_link,1.2,122.0,0.0
1790354721521319766,1790354721,400000000,wind_sensor_link,1.3,124.0,0.0
1790354721728491124,1790354721,600000256,wind_sensor_link,1.3,124.0,0.0
1790354721921169461,1790354721,800000256,wind_sensor_link,1.3,122.0,0.0
1790354722128089060,1790354722,0,wind_sensor_link,1.3,124.0,0.0
1790354722320630897,1790354722,200000000,wind_sensor_link,1.3,123.0,0.0
1790354722527794515,1790354722,400000000,wind_sensor_link,1.3,122.0,0.0
1790354722720539388,1790354722,600000256,wind_sensor_link,1.3,123.0,0.0
1790354722927721913,1790354722,800000256,wind_sensor_link,1.3,121.0,0.0
1790354723120321713,1790354723,0,wind_sensor_link,1.4,120.0,0.0
1790354723327407868,1790354723,200000000,wind_sensor_link,1.4,118.0,0.0
1790354723520414371,1790354723,400000000,wind_sensor_link,1.4,116.0,0.0
1790354723727158230,1790354723,600000256,wind_sensor_link,1.3,116.0,0.0
1790354723920091955,1790354723,800000256,wind_sensor_link,1.4,116.0,0.0
1790354724126863629,1790354724,0,wind_sensor_link,1.4,114.0,0.0
1790354724319233799,1790354724,200000000,wind_sensor_link,1.4,110.0,0.0
1790354724526941046,1790354724,400000000,wind_sensor_link,1.4,107.0,0.0
1790354724719306235,1790354724,600000256,wind_sensor_link,1.4,105.0,0.0
1790354724926194001,1790354724,800000256,wind_sensor_link,1.4,103.0,0.0
1790354725119009911,1790354725,0,wind_sensor_link,1.4,105.0,0.0
1790354725326029770,1790354725,200000000,wind_sensor_link,1.5,103.0,0.0
1790354725518748440,1790354725,400000000,wind_sensor_link,1.4,101.0,0.0
1790354725725874965,1790354725,600000256,wind_sensor_link,1.4,104.0,0.0
1790354725918122376,1790354725,800000256,wind_sensor_link,1.5,105.0,0.0
1790354726125510661,1790354726,0,wind_sensor_link,1.5,109.0,0.0
1790354726318526737,1790354726,200000000,wind_sensor_link,1.5,110.0,0.0
1790354726525231189,1790354726,400000000,wind_sensor_link,1.5,110.0,0.0
1790354726718223285,1790354726,600000256,wind_sensor_link,1.6,105.0,0.0
1790354726924952940,1790354726,800000256,wind_sensor_link,1.7,106.0,0.0
1790354727117933165,1790354727,0,wind_sensor_link,1.8,103.0,0.0
1790354727325008190,1790354727,200000000,wind_sensor_link,1.8,99.0,0.0
1790354727517391953,1790354727,400000000,wind_sensor_link,1.7,99.0,0.0
1790354727724425071,1790354727,600000256,wind_sensor_link,1.8,97.0,0.0
1790354727931509782,1790354727,800000256,wind_sensor_link,1.8,96.0,0.0
1790354728123931841,1790354728,0,wind_sensor_link,1.9,98.0,0.0
1790354728331263477,1790354728,200000000,wind_sensor_link,1.8,101.0,0.0
1790354728523689480,1790354728,400000000,wind_sensor_link,1.8,101.0,0.0
1790354728730938913,1790354728,600000256,wind_sensor_link,1.7,102.0,0.0
1790354728923531694,1790354728,800000256,wind_sensor_link,1.7,103.0,0.0
1790354729130667015,1790354729,0,wind_sensor_link,1.7,104.0,0.0
1790354729323074834,1790354729,200000000,wind_sensor_link,1.7,104.0,0.0
1790354729530450007,1790354729,400000000,wind_sensor_link,1.6,100.0,0.0
1790354729722885714,1790354729,600000256,wind_sensor_link,1.7,101.0,0.0
1790354729930118924,1790354729,800000256,wind_sensor_link,1.6,101.0,0.0
1790354730122794391,1790354730,0,wind_sensor_link,1.6,101.0,0.0
1790354730329727731,1790354730,200000000,wind_sensor_link,1.5,103.0,0.0
1790354730522669012,1790354730,400000000,wind_sensor_link,1.5,105.0,0.0
1790354730729725148,1790354730,600000256,wind_sensor_link,1.5,104.0,0.0
1790354730922206485,1790354730,800000256,wind_sensor_link,1.5,106.0,0.0
1790354731129247214,1790354731,0,wind_sensor_link,1.4,112.0,0.0
1790354731321726514,1790354731,200000000,wind_sensor_link,1.4,110.0,0.0
1790354731529053520,1790354731,400000000,wind_sensor_link,1.4,110.0,0.0
1790354731721715727,1790354731,600000256,wind_sensor_link,1.4,111.0,0.0
1790354731928689864,1790354731,800000256,wind_sensor_link,1.5,110.0,0.0
1790354732121319385,1790354732,0,wind_sensor_link,1.4,111.0,0.0
1790354732328617503,1790354732,200000000,wind_sensor_link,1.5,110.0,0.0
1790354732521217469,1790354732,400000000,wind_sensor_link,1.5,106.0,0.0
1790354732728137328,1790354732,600000256,wind_sensor_link,1.6,105.0,0.0
1790354732920879331,1790354732,800000256,wind_sensor_link,1.6,107.0,0.0
1790354733127814153,1790354733,0,wind_sensor_link,1.6,108.0,0.0
1790354733320653119,1790354733,200000000,wind_sensor_link,1.6,108.0,0.0
1790354733527818348,1790354733,400000000,wind_sensor_link,1.5,108.0,0.0
1790354733720121407,1790354733,600000256,wind_sensor_link,1.6,110.0,0.0
1790354733927394988,1790354733,800000256,wind_sensor_link,1.6,111.0,0.0
1790354734119913417,1790354734,0,wind_sensor_link,1.6,114.0,0.0
1790354734327263387,1790354734,200000000,wind_sensor_link,1.6,116.0,0.0
1790354734519997408,1790354734,400000000,wind_sensor_link,1.7,116.0,0.0
1790354734726907748,1790354734,600000256,wind_sensor_link,1.8,120.0,0.0
1790354734919544918,1790354734,800000256,wind_sensor_link,1.8,119.0,0.0
1790354735126757907,1790354735,0,wind_sensor_link,1.8,120.0,0.0
1790354735319262262,1790354735,200000000,wind_sensor_link,1.8,123.0,0.0
1790354735526315935,1790354735,400000000,wind_sensor_link,1.9,124.0,0.0
1790354735719126753,1790354735,600000256,wind_sensor_link,2.0,124.0,0.0
1790354735926198334,1790354735,800000256,wind_sensor_link,2.0,123.0,0.0
1790354736118850226,1790354736,0,wind_sensor_link,1.9,123.0,0.0
1790354736325806400,1790354736,200000000,wind_sensor_link,1.9,121.0,0.0
1790354736518913773,1790354736,400000000,wind_sensor_link,1.9,121.0,0.0
1790354736725472428,1790354736,600000256,wind_sensor_link,1.9,119.0,0.0
1790354736918273339,1790354736,800000256,wind_sensor_link,1.9,112.0,0.0
1790354737125471901,1790354737,0,wind_sensor_link,1.9,109.0,0.0
1790354737318404849,1790354737,200000000,wind_sensor_link,1.8,104.0,0.0
1790354737524940652,1790354737,400000000,wind_sensor_link,1.8,99.0,0.0
1790354737718147766,1790354737,600000256,wind_sensor_link,1.7,94.0,0.0
1790354737924934143,1790354737,800000256,wind_sensor_link,1.8,91.0,0.0
1790354738117757017,1790354738,0,wind_sensor_link,1.7,86.0,0.0
1790354738324688616,1790354738,200000000,wind_sensor_link,1.5,80.0,0.0
1790354738517720638,1790354738,400000000,wind_sensor_link,1.4,82.0,0.0
1790354738724268164,1790354738,600000256,wind_sensor_link,1.3,87.0,0.0
1790354738931315985,1790354738,800000256,wind_sensor_link,1.3,93.0,0.0
1790354739124350747,1790354739,0,wind_sensor_link,1.2,103.0,0.0
1790354739331081458,1790354739,200000000,wind_sensor_link,1.2,113.0,0.0
1790354739523837961,1790354739,400000000,wind_sensor_link,1.1,113.0,0.0
1790354739731010042,1790354739,600000256,wind_sensor_link,1.2,118.0,0.0
1790354739923503379,1790354739,800000256,wind_sensor_link,1.3,124.0,0.0
1790354740130715774,1790354740,0,wind_sensor_link,1.4,128.0,0.0
1790354740323240259,1790354740,200000000,wind_sensor_link,1.4,128.0,0.0
1790354740530467970,1790354740,400000000,wind_sensor_link,1.5,123.0,0.0
1790354740723066658,1790354740,600000256,wind_sensor_link,1.6,119.0,0.0
1790354740930242350,1790354740,800000256,wind_sensor_link,1.7,116.0,0.0
1790354741122558039,1790354741,0,wind_sensor_link,1.8,119.0,0.0
1790354741329735842,1790354741,200000000,wind_sensor_link,1.8,120.0,0.0
1790354741522253030,1790354741,400000000,wind_sensor_link,1.8,121.0,0.0
1790354741729751611,1790354741,600000256,wind_sensor_link,1.8,118.0,0.0
1790354741921898855,1790354741,800000256,wind_sensor_link,1.8,116.0,0.0
1790354742129300362,1790354742,0,wind_sensor_link,1.7,117.0,0.0
1790354742321918550,1790354742,200000000,wind_sensor_link,1.6,116.0,0.0
1790354742529031687,1790354742,400000000,wind_sensor_link,1.6,117.0,0.0
1790354742721670579,1790354742,600000256,wind_sensor_link,1.5,115.0,0.0
1790354742928723326,1790354742,800000256,wind_sensor_link,1.6,113.0,0.0
1790354743121265200,1790354743,0,wind_sensor_link,1.7,113.0,0.0
1790354743328509059,1790354743,200000000,wind_sensor_link,1.8,112.0,0.0
1790354743520955395,1790354743,400000000,wind_sensor_link,1.9,113.0,0.0
1790354743728106198,1790354743,600000256,wind_sensor_link,1.9,112.0,0.0
1790354743920808553,1790354743,800000256,wind_sensor_link,2.0,111.0,0.0
1790354744127933171,1790354744,0,wind_sensor_link,2.0,109.0,0.0
1790354744320574749,1790354744,200000000,wind_sensor_link,2.1,108.0,0.0
1790354744527807866,1790354744,400000000,wind_sensor_link,2.1,106.0,0.0
1790354744720363073,1790354744,600000256,wind_sensor_link,2.0,105.0,0.0
1790354744927258803,1790354744,800000256,wind_sensor_link,1.9,104.0,0.0
1790354745120054769,1790354745,0,wind_sensor_link,1.9,104.0,0.0
1790354745327175220,1790354745,200000000,wind_sensor_link,1.8,103.0,0.0
1790354745519502909,1790354745,400000000,wind_sensor_link,1.8,102.0,0.0
1790354745726940582,1790354745,600000256,wind_sensor_link,1.8,103.0,0.0
1790354745919453233,1790354745,800000256,wind_sensor_link,1.6,102.0,0.0
1790354746126716036,1790354746,0,wind_sensor_link,1.6,103.0,0.0
1790354746319273077,1790354746,200000000,wind_sensor_link,1.6,104.0,0.0
1790354746526212676,1790354746,400000000,wind_sensor_link,1.6,104.0,0.0
1790354746719306012,1790354746,600000256,wind_sensor_link,1.6,104.0,0.0
1790354746925829964,1790354746,800000256,wind_sensor_link,1.6,104.0,0.0
1790354747118737763,1790354747,0,wind_sensor_link,1.6,105.0,0.0
1790354747325907418,1790354747,200000000,wind_sensor_link,1.6,107.0,0.0
1790354747518501681,1790354747,400000000,wind_sensor_link,1.6,109.0,0.0
1790354747725537113,1790354747,600000256,wind_sensor_link,1.6,111.0,0.0
1790354747918148154,1790354747,800000256,wind_sensor_link,1.6,112.0,0.0
1790354748125226938,1790354748,0,wind_sensor_link,1.5,115.0,0.0
1790354748318247775,1790354748,200000000,wind_sensor_link,1.5,114.0,0.0
1790354748525306522,1790354748,400000000,wind_sensor_link,1.4,116.0,0.0
1790354748717950025,1790354748,600000256,wind_sensor_link,1.4,115.0,0.0
1790354748924549162,1790354748,800000256,wind_sensor_link,1.3,115.0,0.0
1790354749117805646,1790354749,0,wind_sensor_link,1.3,114.0,0.0
1790354749324265395,1790354749,200000000,wind_sensor_link,1.2,116.0,0.0
1790354749531479716,1790354749,400000000,wind_sensor_link,1.2,116.0,0.0
1790354749723976571,1790354749,600000256,wind_sensor_link,1.2,117.0,0.0
1790354749931303059,1790354749,800000256,wind_sensor_link,1.1,119.0,0.0
1790354750123790192,1790354750,0,wind_sensor_link,1.1,120.0,0.0
1790354750331023829,1790354750,200000000,wind_sensor_link,1.1,122.0,0.0
1790354750523499406,1790354750,400000000,wind_sensor_link,1.0,122.0,0.0
1790354750730653561,1790354750,600000256,wind_sensor_link,1.0,121.0,0.0
1790354750923370620,1790354750,800000256,wind_sensor_link,1.0,120.0,0.0
1790354751130461201,1790354751,0,wind_sensor_link,1.0,118.0,0.0
1790354751323253028,1790354751,200000000,wind_sensor_link,1.0,114.0,0.0
1790354751530258320,1790354751,400000000,wind_sensor_link,1.0,111.0,0.0
1790354751722898671,1790354751,600000256,wind_sensor_link,1.0,107.0,0.0
1790354751929892407,1790354751,800000256,wind_sensor_link,1.0,108.0,0.0
1790354752122399038,1790354752,0,wind_sensor_link,1.2,104.0,0.0
1790354752329644234,1790354752,200000000,wind_sensor_link,1.3,103.0,0.0
1790354752522094254,1790354752,400000000,wind_sensor_link,1.4,102.0,0.0
1790354752729272951,1790354752,600000256,wind_sensor_link,1.5,102.0,0.0
1790354752921842785,1790354752,800000256,wind_sensor_link,1.5,106.0,0.0
1790354753129134313,1790354753,0,wind_sensor_link,1.5,106.0,0.0
1790354753321790961,1790354753,200000000,wind_sensor_link,1.5,109.0,0.0
1790354753528726087,1790354753,400000000,wind_sensor_link,1.6,107.0,0.0
1790354753721250736,1790354753,600000256,wind_sensor_link,1.5,107.0,0.0
1790354753928575838,1790354753,800000256,wind_sensor_link,1.4,109.0,0.0
1790354754121037025,1790354754,0,wind_sensor_link,1.4,107.0,0.0
1790354754328342943,1790354754,200000000,wind_sensor_link,1.4,104.0,0.0
1790354754520722760,1790354754,400000000,wind_sensor_link,1.4,105.0,0.0
1790354754728073844,1790354754,600000256,wind_sensor_link,1.5,104.0,0.0
1790354754920406921,1790354754,800000256,wind_sensor_link,1.4,105.0,0.0
1790354755127873392,1790354755,0,wind_sensor_link,1.4,104.0,0.0
1790354755320171525,1790354755,200000000,wind_sensor_link,1.4,107.0,0.0
1790354755527436962,1790354755,400000000,wind_sensor_link,1.4,109.0,0.0
1790354755720083036,1790354755,600000256,wind_sensor_link,1.5,115.0,0.0
1790354755927231251,1790354755,800000256,wind_sensor_link,1.5,114.0,0.0
1790354756119855603,1790354756,0,wind_sensor_link,1.5,114.0,0.0
1790354756326938708,1790354756,200000000,wind_sensor_link,1.5,117.0,0.0
1790354756519300841,1790354756,400000000,wind_sensor_link,1.6,117.0,0.0
1790354756726748219,1790354756,600000256,wind_sensor_link,1.6,122.0,0.0
1790354756919401145,1790354756,800000256,wind_sensor_link,1.5,123.0,0.0
1790354757126411492,1790354757,0,wind_sensor_link,1.5,119.0,0.0
1790354757319416691,1790354757,200000000,wind_sensor_link,1.4,118.0,0.0
1790354757525973018,1790354757,400000000,wind_sensor_link,1.4,116.0,0.0
1790354757719121553,1790354757,600000256,wind_sensor_link,1.2,116.0,0.0
1790354757925925278,1790354757,800000256,wind_sensor_link,1.2,112.0,0.0
1790354758118505467,1790354758,0,wind_sensor_link,1.1,106.0,0.0
1790354758325435469,1790354758,200000000,wind_sensor_link,1.0,107.0,0.0
1790354758518387228,1790354758,400000000,wind_sensor_link,1.0,103.0,0.0
1790354758725012548,1790354758,600000256,wind_sensor_link,0.9,98.0,0.0
1790354758918267100,1790354758,800000256,wind_sensor_link,0.9,99.0,0.0
1790354759124897512,1790354759,0,wind_sensor_link,0.9,104.0,0.0
1790354759317182353,1790354759,200000000,wind_sensor_link,0.9,110.0,0.0
1790354759524665811,1790354759,400000000,wind_sensor_link,0.8,116.0,0.0
1790354759717845049,1790354759,600000256,wind_sensor_link,0.8,119.0,0.0
1790354759924732810,1790354759,800000256,wind_sensor_link,0.8,120.0,0.0
1790354760131713589,1790354760,0,wind_sensor_link,0.9,119.0,0.0
1790354760324227242,1790354760,200000000,wind_sensor_link,0.9,124.0,0.0
1790354760531393389,1790354760,400000000,wind_sensor_link,0.9,122.0,0.0
1790354760724049263,1790354760,600000256,wind_sensor_link,0.8,127.0,0.0
1790354760931103504,1790354760,800000256,wind_sensor_link,0.8,128.0,0.0
1790354761123511362,1790354761,0,wind_sensor_link,0.8,129.0,0.0
1790354761330687286,1790354761,200000000,wind_sensor_link,0.8,132.0,0.0
1790354761523291642,1790354761,400000000,wind_sensor_link,0.7,120.0,0.0
1790354761730473529,1790354761,600000256,wind_sensor_link,0.7,124.0,0.0
1790354761923104644,1790354761,800000256,wind_sensor_link,0.7,126.0,0.0
1790354762130197996,1790354762,0,wind_sensor_link,0.7,127.0,0.0
1790354762322949016,1790354762,200000000,wind_sensor_link,0.7,129.0,0.0
1790354762529891536,1790354762,400000000,wind_sensor_link,0.6,126.0,0.0
1790354762722672834,1790354762,600000256,wind_sensor_link,0.6,126.0,0.0
1790354762929748390,1790354762,800000256,wind_sensor_link,0.7,124.0,0.0
1790354763122649964,1790354763,0,wind_sensor_link,0.7,132.0,0.0
1790354763329492208,1790354763,200000000,wind_sensor_link,0.8,130.0,0.0
1790354763521927343,1790354763,400000000,wind_sensor_link,0.9,129.0,0.0
1790354763729261025,1790354763,600000256,wind_sensor_link,1.0,129.0,0.0
1790354763921374405,1790354763,800000256,wind_sensor_link,1.0,121.0,0.0
1790354764128866530,1790354764,0,wind_sensor_link,1.1,120.0,0.0
1790354764321156500,1790354764,200000000,wind_sensor_link,1.2,116.0,0.0
1790354764528529034,1790354764,400000000,wind_sensor_link,1.2,112.0,0.0
1790354764721280962,1790354764,600000256,wind_sensor_link,1.4,106.0,0.0
1790354764928212760,1790354764,800000256,wind_sensor_link,1.5,105.0,0.0
1790354765120969484,1790354765,0,wind_sensor_link,1.6,107.0,0.0
1790354765327911837,1790354765,200000000,wind_sensor_link,1.6,105.0,0.0
1790354765520498064,1790354765,400000000,wind_sensor_link,1.7,107.0,0.0
1790354765727825023,1790354765,600000256,wind_sensor_link,1.6,107.0,0.0
1790354765920393417,1790354765,800000256,wind_sensor_link,1.6,107.0,0.0
1790354766127509731,1790354766,0,wind_sensor_link,1.7,109.0,0.0
1790354766320131605,1790354766,200000000,wind_sensor_link,1.6,110.0,0.0
1790354766527266548,1790354766,400000000,wind_sensor_link,1.5,112.0,0.0
1790354766719851719,1790354766,600000256,wind_sensor_link,1.5,110.0,0.0
1790354766926970885,1790354766,800000256,wind_sensor_link,1.5,110.0,0.0
1790354767119652333,1790354767,0,wind_sensor_link,1.4,110.0,0.0
1790354767326542353,1790354767,200000000,wind_sensor_link,1.4,108.0,0.0
1790354767519020266,1790354767,400000000,wind_sensor_link,1.5,107.0,0.0
1790354767726430891,1790354767,600000256,wind_sensor_link,1.4,107.0,0.0
1790354767919364188,1790354767,800000256,wind_sensor_link,1.4,108.0,0.0
1790354768125967267,1790354768,0,wind_sensor_link,1.4,109.0,0.0
1790354768318743028,1790354768,200000000,wind_sensor_link,1.4,107.0,0.0
1790354768525941471,1790354768,400000000,wind_sensor_link,1.4,104.0,0.0
1790354768718771658,1790354768,600000256,wind_sensor_link,1.4,105.0,0.0
1790354768925555957,1790354768,800000256,wind_sensor_link,1.4,105.0,0.0
1790354769118193942,1790354769,0,wind_sensor_link,1.4,106.0,0.0
1790354769325304608,1790354769,200000000,wind_sensor_link,1.4,104.0,0.0
1790354769518113906,1790354769,400000000,wind_sensor_link,1.4,103.0,0.0
1790354769725192147,1790354769,600000256,wind_sensor_link,1.5,103.0,0.0
1790354769917940982,1790354769,800000256,wind_sensor_link,1.5,100.0,0.0
1790354770124812670,1790354770,0,wind_sensor_link,1.5,100.0,0.0
1790354770317417600,1790354770,200000000,wind_sensor_link,1.5,95.0,0.0
1790354770524509525,1790354770,400000000,wind_sensor_link,1.5,94.0,0.0
1790354770731680913,1790354770,600000256,wind_sensor_link,1.5,95.0,0.0
1790354770924132159,1790354770,800000256,wind_sensor_link,1.5,93.0,0.0
1790354771131335620,1790354771,0,wind_sensor_link,1.4,92.0,0.0
1790354771323794589,1790354771,200000000,wind_sensor_link,1.4,90.0,0.0
1790354771531033476,1790354771,400000000,wind_sensor_link,1.4,92.0,0.0
1790354771723718590,1790354771,600000256,wind_sensor_link,1.3,95.0,0.0
1790354771930767201,1790354771,800000256,wind_sensor_link,1.3,100.0,0.0
1790354772123389297,1790354772,0,wind_sensor_link,1.3,98.0,0.0
1790354772330564685,1790354772,200000000,wind_sensor_link,1.3,99.0,0.0
1790354772522944321,1790354772,400000000,wind_sensor_link,1.3,99.0,0.0
1790354772730279318,1790354772,600000256,wind_sensor_link,1.2,103.0,0.0
1790354772923175041,1790354772,800000256,wind_sensor_link,1.2,105.0,0.0
1790354773129968229,1790354773,0,wind_sensor_link,1.2,106.0,0.0
1790354773322686583,1790354773,200000000,wind_sensor_link,1.2,108.0,0.0
1790354773529923072,1790354773,400000000,wind_sensor_link,1.2,112.0,0.0
1790354773722290566,1790354773,600000256,wind_sensor_link,1.2,119.0,0.0
1790354773929387067,1790354773,800000256,wind_sensor_link,1.3,119.0,0.0
1790354774122035114,1790354774,0,wind_sensor_link,1.3,127.0,0.0
1790354774329159726,1790354774,200000000,wind_sensor_link,1.3,130.0,0.0
1790354774521807458,1790354774,400000000,wind_sensor_link,1.2,139.0,0.0
1790354774728885701,1790354774,600000256,wind_sensor_link,1.2,146.0,0.0
1790354774921753301,1790354774,800000256,wind_sensor_link,1.1,146.0,0.0
1790354775128732211,1790354775,0,wind_sensor_link,1.1,147.0,0.0
1790354775321266259,1790354775,200000000,wind_sensor_link,1.2,147.0,0.0
1790354775528234910,1790354775,400000000,wind_sensor_link,1.2,151.0,0.0
1790354775720981900,1790354775,600000256,wind_sensor_link,1.2,148.0,0.0
1790354775927814626,1790354775,800000256,wind_sensor_link,1.2,139.0,0.0
1790354776120730967,1790354776,0,wind_sensor_link,1.2,136.0,0.0
1790354776327727562,1790354776,200000000,wind_sensor_link,1.2,128.0,0.0
1790354776520273498,1790354776,400000000,wind_sensor_link,1.3,126.0,0.0
1790354776727557183,1790354776,600000256,wind_sensor_link,1.2,120.0,0.0
1790354776920483523,1790354776,800000256,wind_sensor_link,1.1,110.0,0.0
1790354777127140770,1790354777,0,wind_sensor_link,1.1,103.0,0.0
1790354777319949185,1790354777,200000000,wind_sensor_link,1.1,101.0,0.0
1790354777526828967,1790354777,400000000,wind_sensor_link,1.2,109.0,0.0
1790354777719574865,1790354777,600000256,wind_sensor_link,1.3,107.0,0.0
1790354777926572738,1790354777,800000256,wind_sensor_link,1.1,107.0,0.0
1790354778119305413,1790354778,0,wind_sensor_link,1.2,110.0,0.0
1790354778326466099,1790354778,200000000,wind_sensor_link,1.2,108.0,0.0
1790354778518872759,1790354778,400000000,wind_sensor_link,1.2,114.0,0.0
1790354778726172999,1790354778,600000256,wind_sensor_link,1.1,119.0,0.0
1790354778918792880,1790354778,800000256,wind_sensor_link,1.2,117.0,0.0
1790354779125817493,1790354779,0,wind_sensor_link,1.2,117.0,0.0
1790354779318542095,1790354779,200000000,wind_sensor_link,1.1,114.0,0.0
1790354779525471894,1790354779,400000000,wind_sensor_link,1.2,112.0,0.0
1790354779718279847,1790354779,600000256,wind_sensor_link,1.1,112.0,0.0
1790354779925430496,1790354779,800000256,wind_sensor_link,1.2,115.0,0.0
1790354780118373150,1790354780,0,wind_sensor_link,1.2,118.0,0.0
1790354780325073045,1790354780,200000000,wind_sensor_link,1.2,117.0,0.0
1790354780517433521,1790354780,400000000,wind_sensor_link,1.2,117.0,0.0
1790354780724939833,1790354780,600000256,wind_sensor_link,1.1,118.0,0.0
1790354780917419900,1790354780,800000256,wind_sensor_link,1.1,119.0,0.0
1790354781124575549,1790354781,0,wind_sensor_link,1.0,121.0,0.0
1790354781317689998,1790354781,200000000,wind_sensor_link,1.1,121.0,0.0
1790354781524290616,1790354781,400000000,wind_sensor_link,1.1,121.0,0.0
1790354781731575393,1790354781,600000256,wind_sensor_link,1.1,119.0,0.0
1790354781924384512,1790354781,800000256,wind_sensor_link,1.1,116.0,0.0
1790354782131148554,1790354782,0,wind_sensor_link,1.2,113.0,0.0
1790354782324067098,1790354782,200000000,wind_sensor_link,1.2,111.0,0.0
1790354782530700271,1790354782,400000000,wind_sensor_link,1.2,109.0,0.0
1790354782723428799,1790354782,600000256,wind_sensor_link,1.2,108.0,0.0
1790354782930492560,1790354782,800000256,wind_sensor_link,1.3,108.0,0.0
1790354783123167532,1790354783,0,wind_sensor_link,1.3,107.0,0.0
1790354783330290015,1790354783,200000000,wind_sensor_link,1.3,108.0,0.0
1790354783522923839,1790354783,400000000,wind_sensor_link,1.4,110.0,0.0
1790354783730015674,1790354783,600000256,wind_sensor_link,1.3,109.0,0.0
1790354783922687943,1790354783,800000256,wind_sensor_link,1.3,108.0,0.0
1790354784129752797,1790354784,0,wind_sensor_link,1.3,109.0,0.0
1790354784322344714,1790354784,200000000,wind_sensor_link,1.4,108.0,0.0
1790354784529368513,1790354784,400000000,wind_sensor_link,1.4,108.0,0.0
1790354784722132225,1790354784,600000256,wind_sensor_link,1.4,105.0,0.0
1790354784929089561,1790354784,800000256,wind_sensor_link,1.3,104.0,0.0
1790354785121830885,1790354785,0,wind_sensor_link,1.2,101.0,0.0
1790354785328902535,1790354785,200000000,wind_sensor_link,1.2,103.0,0.0
1790354785521605451,1790354785,400000000,wind_sensor_link,1.3,105.0,0.0
1790354785728744749,1790354785,600000256,wind_sensor_link,1.2,106.0,0.0
1790354785921192594,1790354785,800000256,wind_sensor_link,1.2,107.0,0.0
1790354786128238318,1790354786,0,wind_sensor_link,1.2,110.0,0.0
1790354786321081992,1790354786,200000000,wind_sensor_link,1.3,113.0,0.0
1790354786527906775,1790354786,400000000,wind_sensor_link,1.3,118.0,0.0
1790354786720686264,1790354786,600000256,wind_sensor_link,1.3,125.0,0.0
1790354786927693693,1790354786,800000256,wind_sensor_link,1.2,131.0,0.0
1790354787120364591,1790354787,0,wind_sensor_link,1.2,129.0,0.0
1790354787327415056,1790354787,200000000,wind_sensor_link,1.2,131.0,0.0
1790354787519967659,1790354787,400000000,wind_sensor_link,1.2,132.0,0.0
1790354787727244807,1790354787,600000256,wind_sensor_link,1.0,130.0,0.0
1790354787919659597,1790354787,800000256,wind_sensor_link,0.9,123.0,0.0
1790354788126759969,1790354788,0,wind_sensor_link,0.8,126.0,0.0
1790354788319543366,1790354788,200000000,wind_sensor_link,0.8,129.0,0.0
1790354788526813810,1790354788,400000000,wind_sensor_link,0.8,126.0,0.0
1790354788719301858,1790354788,600000256,wind_sensor_link,0.7,125.0,0.0
1790354788926324731,1790354788,800000256,wind_sensor_link,0.7,118.0,0.0
1790354789119017018,1790354789,0,wind_sensor_link,0.7,107.0,0.0
1790354789326078761,1790354789,200000000,wind_sensor_link,0.8,118.0,0.0
1790354789518529291,1790354789,400000000,wind_sensor_link,0.9,128.0,0.0
1790354789725896456,1790354789,600000256,wind_sensor_link,1.0,109.0,0.0
1790354789918123693,1790354789,800000256,wind_sensor_link,1.1,91.0,0.0
1790354790125528469,1790354790,0,wind_sensor_link,1.1,87.0,0.0
1790354790318517715,1790354790,200000000,wind_sensor_link,1.0,92.0,0.0
1790354790525044945,1790354790,400000000,wind_sensor_link,1.0,105.0,0.0
1790354790718319281,1790354790,600000256,wind_sensor_link,1.1,116.0,0.0
1790354790924958214,1790354790,800000256,wind_sensor_link,1.0,109.0,0.0
1790354791117903368,1790354791,0,wind_sensor_link,1.0,96.0,0.0
1790354791324750058,1790354791,200000000,wind_sensor_link,1.1,107.0,0.0
1790354791517219347,1790354791,400000000,wind_sensor_link,1.0,107.0,0.0
1790354791724423699,1790354791,600000256,wind_sensor_link,1.0,106.0,0.0
1790354791931460942,1790354791,800000256,wind_sensor_link,1.1,107.0,0.0
1790354792124103397,1790354792,0,wind_sensor_link,1.1,106.0,0.0
1790354792331306619,1790354792,200000000,wind_sensor_link,1.1,107.0,0.0
1790354792523963314,1790354792,400000000,wind_sensor_link,1.1,112.0,0.0
1790354792731034908,1790354792,600000256,wind_sensor_link,1.2,121.0,0.0
1790354792923937397,1790354792,800000256,wind_sensor_link,1.1,124.0,0.0
1790354793130741716,1790354793,0,wind_sensor_link,1.2,134.0,0.0
1790354793323202061,1790354793,200000000,wind_sensor_link,1.2,143.0,0.0
1790354793530568412,1790354793,400000000,wind_sensor_link,1.3,153.0,0.0
1790354793723101811,1790354793,600000256,wind_sensor_link,1.3,154.0,0.0
1790354793930140517,1790354793,800000256,wind_sensor_link,1.3,151.0,0.0
1790354794122901340,1790354794,0,wind_sensor_link,1.3,150.0,0.0
1790354794329915750,1790354794,200000000,wind_sensor_link,1.3,150.0,0.0
1790354794522369762,1790354794,400000000,wind_sensor_link,1.2,149.0,0.0
1790354794729891166,1790354794,600000256,wind_sensor_link,1.1,144.0,0.0
1790354794922532824,1790354794,800000256,wind_sensor_link,1.0,139.0,0.0
1790354795129379384,1790354795,0,wind_sensor_link,0.9,127.0,0.0
1790354795322038542,1790354795,200000000,wind_sensor_link,0.9,127.0,0.0
1790354795529106821,1790354795,400000000,wind_sensor_link,0.9,127.0,0.0
1790354795721749498,1790354795,600000256,wind_sensor_link,0.9,127.0,0.0
1790354795928805518,1790354795,800000256,wind_sensor_link,0.9,124.0,0.0
1790354796121420454,1790354796,0,wind_sensor_link,0.9,121.0,0.0
1790354796328676139,1790354796,200000000,wind_sensor_link,0.9,122.0,0.0
1790354796521476036,1790354796,400000000,wind_sensor_link,0.9,120.0,0.0
1790354796728332559,1790354796,600000256,wind_sensor_link,0.9,124.0,0.0
1790354796921260102,1790354796,800000256,wind_sensor_link,0.9,120.0,0.0
1790354797128021848,1790354797,0,wind_sensor_link,0.7,125.0,0.0
1790354797320420916,1790354797,200000000,wind_sensor_link,0.7,122.0,0.0
1790354797527703879,1790354797,400000000,wind_sensor_link,0.6,123.0,0.0
1790354797720772495,1790354797,600000256,wind_sensor_link,0.7,129.0,0.0
1790354797927569444,1790354797,800000256,wind_sensor_link,0.7,130.0,0.0
1790354798120180010,1790354798,0,wind_sensor_link,0.7,135.0,0.0
1790354798327253252,1790354798,200000000,wind_sensor_link,0.7,142.0,0.0
1790354798519855466,1790354798,400000000,wind_sensor_link,0.7,147.0,0.0
1790354798726939542,1790354798,600000256,wind_sensor_link,0.8,142.0,0.0
1790354798919281647,1790354798,800000256,wind_sensor_link,0.8,145.0,0.0
1790354799126755256,1790354799,0,wind_sensor_link,0.9,145.0,0.0
1790354799319373210,1790354799,200000000,wind_sensor_link,0.9,143.0,0.0
1790354799526409731,1790354799,400000000,wind_sensor_link,1.0,141.0,0.0
1790354799719074185,1790354799,600000256,wind_sensor_link,1.0,140.0,0.0
1790354799926094280,1790354799,800000256,wind_sensor_link,1.1,140.0,0.0
1790354800118748215,1790354800,0,wind_sensor_link,1.1,142.0,0.0
1790354800326235602,1790354800,200000000,wind_sensor_link,1.2,145.0,0.0
1790354800518159675,1790354800,400000000,wind_sensor_link,1.2,145.0,0.0
1790354800725979631,1790354800,600000256,wind_sensor_link,1.2,151.0,0.0
1790354800918098980,1790354800,800000256,wind_sensor_link,1.3,149.0,0.0
1790354801125301962,1790354801,0,wind_sensor_link,1.3,149.0,0.0
1790354801318353652,1790354801,200000000,wind_sensor_link,1.4,149.0,0.0
1790354801525300748,1790354801,400000000,wind_sensor_link,1.4,146.0,0.0
1790354801717735723,1790354801,600000256,wind_sensor_link,1.5,143.0,0.0
1790354801924850354,1790354801,800000256,wind_sensor_link,1.5,140.0,0.0
1790354802117381995,1790354802,0,wind_sensor_link,1.5,136.0,0.0
1790354802324650513,1790354802,200000000,wind_sensor_link,1.5,132.0,0.0
1790354802517201375,1790354802,400000000,wind_sensor_link,1.5,131.0,0.0
1790354802724221396,1790354802,600000256,wind_sensor_link,1.5,128.0,0.0
1790354802931298435,1790354802,800000256,wind_sensor_link,1.5,126.0,0.0
1790354803124316237,1790354803,0,wind_sensor_link,1.5,128.0,0.0
1790354803330978077,1790354803,200000000,wind_sensor_link,1.5,127.0,0.0
1790354803523907268,1790354803,400000000,wind_sensor_link,1.6,127.0,0.0
1790354803730791883,1790354803,600000256,wind_sensor_link,1.6,124.0,0.0
1790354803923429393,1790354803,800000256,wind_sensor_link,1.5,124.0,0.0
1790354804130570227,1790354804,0,wind_sensor_link,1.7,121.0,0.0
1790354804323164775,1790354804,200000000,wind_sensor_link,1.7,128.0,0.0
1790354804530327257,1790354804,400000000,wind_sensor_link,1.7,130.0,0.0
1790354804722717140,1790354804,600000256,wind_sensor_link,1.7,127.0,0.0
1790354804930142027,1790354804,800000256,wind_sensor_link,1.8,127.0,0.0
1790354805122419837,1790354805,0,wind_sensor_link,1.8,127.0,0.0
1790354805329701244,1790354805,200000000,wind_sensor_link,1.9,131.0,0.0
1790354805522417104,1790354805,400000000,wind_sensor_link,2.0,133.0,0.0
1790354805729499310,1790354805,600000256,wind_sensor_link,1.9,137.0,0.0
1790354805921939014,1790354805,800000256,wind_sensor_link,1.9,133.0,0.0
1790354806129208764,1790354806,0,wind_sensor_link,1.9,133.0,0.0
1790354806322169497,1790354806,200000000,wind_sensor_link,2.0,137.0,0.0
1790354806528786514,1790354806,400000000,wind_sensor_link,1.9,136.0,0.0
1790354806721538009,1790354806,600000256,wind_sensor_link,1.9,135.0,0.0
1790354806928697501,1790354806,800000256,wind_sensor_link,1.9,135.0,0.0
1790354807121031519,1790354807,0,wind_sensor_link,1.9,133.0,0.0
1790354807328341695,1790354807,200000000,wind_sensor_link,1.9,130.0,0.0
1790354807521076579,1790354807,400000000,wind_sensor_link,1.9,131.0,0.0
1790354807728019333,1790354807,600000256,wind_sensor_link,1.9,130.0,0.0
1790354807920729383,1790354807,800000256,wind_sensor_link,1.9,127.0,0.0
1790354808127886690,1790354808,0,wind_sensor_link,1.9,126.0,0.0
1790354808320473187,1790354808,200000000,wind_sensor_link,1.9,127.0,0.0
1790354808527920916,1790354808,400000000,wind_sensor_link,1.9,124.0,0.0
1790354808720192547,1790354808,600000256,wind_sensor_link,2.0,124.0,0.0
1790354808927680461,1790354808,800000256,wind_sensor_link,2.1,128.0,0.0
1790354809120021386,1790354809,0,wind_sensor_link,2.1,129.0,0.0
1790354809326944289,1790354809,200000000,wind_sensor_link,2.1,129.0,0.0
1790354809520183018,1790354809,400000000,wind_sensor_link,2.0,130.0,0.0
1790354809726623982,1790354809,600000256,wind_sensor_link,2.1,128.0,0.0
1790354809919367755,1790354809,800000256,wind_sensor_link,2.1,129.0,0.0
1790354810126457488,1790354810,0,wind_sensor_link,2.0,130.0,0.0
1790354810319205150,1790354810,200000000,wind_sensor_link,2.1,130.0,0.0
1790354810526273513,1790354810,400000000,wind_sensor_link,2.1,129.0,0.0
1790354810719214654,1790354810,600000256,wind_sensor_link,2.1,129.0,0.0
1790354810925988465,1790354810,800000256,wind_sensor_link,2.2,130.0,0.0
1790354811118568907,1790354811,0,wind_sensor_link,2.2,131.0,0.0
1790354811325741787,1790354811,200000000,wind_sensor_link,2.3,131.0,0.0
1790354811518687817,1790354811,400000000,wind_sensor_link,2.3,132.0,0.0
1790354811725375074,1790354811,600000256,wind_sensor_link,2.3,133.0,0.0
1790354811917933386,1790354811,800000256,wind_sensor_link,2.2,135.0,0.0
1790354812125119526,1790354812,0,wind_sensor_link,2.2,135.0,0.0
1790354812317811410,1790354812,200000000,wind_sensor_link,2.2,134.0,0.0
1790354812524899014,1790354812,400000000,wind_sensor_link,2.1,135.0,0.0
1790354812717510788,1790354812,600000256,wind_sensor_link,2.1,135.0,0.0
1790354812924451153,1790354812,800000256,wind_sensor_link,2.1,137.0,0.0
1790354813117742957,1790354813,0,wind_sensor_link,2.1,138.0,0.0
1790354813324380140,1790354813,200000000,wind_sensor_link,2.0,139.0,0.0
1790354813517091783,1790354813,400000000,wind_sensor_link,2.0,138.0,0.0
1790354813724121685,1790354813,600000256,wind_sensor_link,2.0,139.0,0.0
1790354813931114919,1790354813,800000256,wind_sensor_link,2.0,141.0,0.0
1790354814123870636,1790354814,0,wind_sensor_link,2.0,142.0,0.0
1790354814330916371,1790354814,200000000,wind_sensor_link,2.0,142.0,0.0
1790354814523515182,1790354814,400000000,wind_sensor_link,1.9,144.0,0.0
1790354814730476176,1790354814,600000256,wind_sensor_link,1.9,143.0,0.0
1790354814923036581,1790354814,800000256,wind_sensor_link,1.9,144.0,0.0
1790354815130422330,1790354815,0,wind_sensor_link,1.9,143.0,0.0
1790354815323078770,1790354815,200000000,wind_sensor_link,1.8,143.0,0.0
1790354815530110597,1790354815,400000000,wind_sensor_link,1.8,144.0,0.0
1790354815722726278,1790354815,600000256,wind_sensor_link,1.8,143.0,0.0
1790354815929740883,1790354815,800000256,wind_sensor_link,1.8,144.0,0.0
1790354816122421916,1790354816,0,wind_sensor_link,1.8,142.0,0.0
1790354816329691536,1790354816,200000000,wind_sensor_link,1.8,142.0,0.0
1790354816522224663,1790354816,400000000,wind_sensor_link,1.7,140.0,0.0
1790354816729262972,1790354816,600000256,wind_sensor_link,1.8,141.0,0.0
1790354816921800321,1790354816,800000256,wind_sensor_link,1.8,141.0,0.0
1790354817128905869,1790354817,0,wind_sensor_link,1.7,140.0,0.0
1790354817321738844,1790354817,200000000,wind_sensor_link,1.8,136.0,0.0
1790354817528937781,1790354817,400000000,wind_sensor_link,1.8,134.0,0.0
1790354817721365113,1790354817,600000256,wind_sensor_link,1.9,136.0,0.0
1790354817928556308,1790354817,800000256,wind_sensor_link,2.0,134.0,0.0
1790354818121061343,1790354818,0,wind_sensor_link,2.0,131.0,0.0
1790354818328241261,1790354818,200000000,wind_sensor_link,2.0,126.0,0.0
1790354818520992033,1790354818,400000000,wind_sensor_link,2.0,124.0,0.0
1790354818727954694,1790354818,600000256,wind_sensor_link,2.1,126.0,0.0
1790354818920279953,1790354818,800000256,wind_sensor_link,2.0,127.0,0.0
1790354819127640702,1790354819,0,wind_sensor_link,2.0,127.0,0.0
1790354819320007683,1790354819,200000000,wind_sensor_link,1.9,125.0,0.0
1790354819527659003,1790354819,400000000,wind_sensor_link,1.8,126.0,0.0
1790354819720098964,1790354819,600000256,wind_sensor_link,1.8,127.0,0.0
1790354819927172439,1790354819,800000256,wind_sensor_link,1.8,128.0,0.0
1790354820119645085,1790354820,0,wind_sensor_link,1.8,129.0,0.0
1790354820326923835,1790354820,200000000,wind_sensor_link,1.8,128.0,0.0
1790354820519395018,1790354820,400000000,wind_sensor_link,1.8,129.0,0.0
1790354820726687323,1790354820,600000256,wind_sensor_link,1.8,129.0,0.0
1790354820919145007,1790354820,800000256,wind_sensor_link,1.8,129.0,0.0
1790354821126185778,1790354821,0,wind_sensor_link,1.8,129.0,0.0
1790354821319316713,1790354821,200000000,wind_sensor_link,1.8,128.0,0.0
1790354821525668678,1790354821,400000000,wind_sensor_link,1.8,129.0,0.0
1790354821718743928,1790354821,600000256,wind_sensor_link,1.8,131.0,0.0
1790354821926443914,1790354821,800000256,wind_sensor_link,1.8,132.0,0.0
1790354822118748879,1790354822,0,wind_sensor_link,1.8,130.0,0.0
1790354822325517071,1790354822,200000000,wind_sensor_link,1.8,130.0,0.0
1790354822518190618,1790354822,400000000,wind_sensor_link,1.7,129.0,0.0
1790354822725174420,1790354822,600000256,wind_sensor_link,1.7,126.0,0.0
1790354822917817819,1790354822,800000256,wind_sensor_link,1.7,126.0,0.0
1790354823124758714,1790354823,0,wind_sensor_link,1.7,125.0,0.0
1790354823317946649,1790354823,200000000,wind_sensor_link,1.7,125.0,0.0
1790354823524866470,1790354823,400000000,wind_sensor_link,1.8,125.0,0.0
1790354823717316258,1790354823,600000256,wind_sensor_link,1.8,125.0,0.0
1790354823924186468,1790354823,800000256,wind_sensor_link,1.8,124.0,0.0
1790354824117511014,1790354824,0,wind_sensor_link,1.8,126.0,0.0
1790354824324122595,1790354824,200000000,wind_sensor_link,1.8,126.0,0.0
1790354824531197175,1790354824,400000000,wind_sensor_link,1.8,126.0,0.0
1790354824723891889,1790354824,600000256,wind_sensor_link,1.8,128.0,0.0
1790354824930919598,1790354824,800000256,wind_sensor_link,1.8,128.0,0.0
1790354825123566868,1790354825,0,wind_sensor_link,1.8,127.0,0.0
1790354825330700188,1790354825,200000000,wind_sensor_link,1.7,128.0,0.0
1790354825523536920,1790354825,400000000,wind_sensor_link,1.7,129.0,0.0
1790354825730340871,1790354825,600000256,wind_sensor_link,1.7,130.0,0.0
1790354825923134936,1790354825,800000256,wind_sensor_link,1.7,130.0,0.0
1790354826130099498,1790354826,0,wind_sensor_link,1.7,130.0,0.0
1790354826322829674,1790354826,200000000,wind_sensor_link,1.7,131.0,0.0
1790354826529740143,1790354826,400000000,wind_sensor_link,1.6,131.0,0.0
1790354826722499487,1790354826,600000256,wind_sensor_link,1.6,131.0,0.0
1790354826929624196,1790354826,800000256,wind_sensor_link,1.6,130.0,0.0
1790354827122243132,1790354827,0,wind_sensor_link,1.6,131.0,0.0
1790354827329894415,1790354827,200000000,wind_sensor_link,1.6,131.0,0.0
1790354827522454277,1790354827,400000000,wind_sensor_link,1.6,132.0,0.0
1790354827728901617,1790354827,600000256,wind_sensor_link,1.6,130.0,0.0
1790354827921752849,1790354827,800000256,wind_sensor_link,1.6,130.0,0.0
1790354828128730614,1790354828,0,wind_sensor_link,1.6,131.0,0.0
1790354828321482902,1790354828,200000000,wind_sensor_link,1.5,131.0,0.0
1790354828528697537,1790354828,400000000,wind_sensor_link,1.5,131.0,0.0
1790354828721215103,1790354828,600000256,wind_sensor_link,1.6,132.0,0.0
1790354828928220943,1790354828,800000256,wind_sensor_link,1.6,133.0,0.0
1790354829121007915,1790354829,0,wind_sensor_link,1.6,133.0,0.0
1790354829328076588,1790354829,200000000,wind_sensor_link,1.6,133.0,0.0
1790354829520724228,1790354829,400000000,wind_sensor_link,1.6,134.0,0.0
1790354829727728937,1790354829,600000256,wind_sensor_link,1.6,133.0,0.0
1790354829920365522,1790354829,800000256,wind_sensor_link,1.7,133.0,0.0
1790354830127440750,1790354830,0,wind_sensor_link,1.7,133.0,0.0
1790354830320242945,1790354830,200000000,wind_sensor_link,1.8,133.0,0.0
1790354830527164765,1790354830,400000000,wind_sensor_link,1.8,133.0,0.0
1790354830719962146,1790354830,600000256,wind_sensor_link,1.8,133.0,0.0
1790354830926832115,1790354830,800000256,wind_sensor_link,1.8,134.0,0.0
1790354831119663199,1790354831,0,wind_sensor_link,1.8,134.0,0.0
1790354831326813241,1790354831,200000000,wind_sensor_link,1.8,135.0,0.0
1790354831519342659,1790354831,400000000,wind_sensor_link,1.8,135.0,0.0
1790354831726472146,1790354831,600000256,wind_sensor_link,1.8,136.0,0.0
1790354831919379638,1790354831,800000256,wind_sensor_link,1.8,136.0,0.0
1790354832126176218,1790354832,0,wind_sensor_link,1.7,136.0,0.0
1790354832318812543,1790354832,200000000,wind_sensor_link,1.7,135.0,0.0
1790354832525935419,1790354832,400000000,wind_sensor_link,1.7,135.0,0.0
1790354832718467800,1790354832,600000256,wind_sensor_link,1.7,135.0,0.0
1790354832925657546,1790354832,800000256,wind_sensor_link,1.7,135.0,0.0
1790354833118695241,1790354833,0,wind_sensor_link,1.7,135.0,0.0
1790354833325041211,1790354833,200000000,wind_sensor_link,1.7,135.0,0.0
1790354833517565110,1790354833,400000000,wind_sensor_link,1.6,136.0,0.0
1790354833724767134,1790354833,600000256,wind_sensor_link,1.6,136.0,0.0
1790354833917995791,1790354833,800000256,wind_sensor_link,1.6,136.0,0.0
1790354834124856372,1790354834,0,wind_sensor_link,1.6,136.0,0.0
1790354834317760103,1790354834,200000000,wind_sensor_link,1.6,136.0,0.0
1790354834524545499,1790354834,400000000,wind_sensor_link,1.6,137.0,0.0
1790354834717544656,1790354834,600000256,wind_sensor_link,1.5,136.0,0.0
1790354834924216218,1790354834,800000256,wind_sensor_link,1.5,136.0,0.0
1790354835131381483,1790354835,0,wind_sensor_link,1.5,138.0,0.0
1790354835324087493,1790354835,200000000,wind_sensor_link,1.5,136.0,0.0
1790354835531130110,1790354835,400000000,wind_sensor_link,1.4,136.0,0.0
1790354835723781713,1790354835,600000256,wind_sensor_link,1.4,136.0,0.0
1790354835930810571,1790354835,800000256,wind_sensor_link,1.4,137.0,0.0
1790354836123452062,1790354836,0,wind_sensor_link,1.4,137.0,0.0
1790354836330683253,1790354836,200000000,wind_sensor_link,1.4,138.0,0.0
1790354836522948634,1790354836,400000000,wind_sensor_link,1.4,139.0,0.0
1790354836730335510,1790354836,600000256,wind_sensor_link,1.4,138.0,0.0
1790354836923034224,1790354836,800000256,wind_sensor_link,1.4,139.0,0.0
1790354837130037267,1790354837,0,wind_sensor_link,1.4,139.0,0.0
1790354837322717314,1790354837,200000000,wind_sensor_link,1.4,140.0,0.0
1790354837529738505,1790354837,400000000,wind_sensor_link,1.4,140.0,0.0
1790354837722358534,1790354837,600000256,wind_sensor_link,1.4,136.0,0.0
1790354837929499243,1790354837,800000256,wind_sensor_link,1.5,135.0,0.0
1790354838122167216,1790354838,0,wind_sensor_link,1.5,134.0,0.0
1790354838329242755,1790354838,200000000,wind_sensor_link,1.4,135.0,0.0
1790354838521881453,1790354838,400000000,wind_sensor_link,1.4,136.0,0.0
1790354838728903336,1790354838,600000256,wind_sensor_link,1.4,135.0,0.0
1790354838921331295,1790354838,800000256,wind_sensor_link,1.4,137.0,0.0
1790354839128669545,1790354839,0,wind_sensor_link,1.4,138.0,0.0
1790354839321323225,1790354839,200000000,wind_sensor_link,1.4,139.0,0.0
1790354839528283775,1790354839,400000000,wind_sensor_link,1.4,142.0,0.0
1790354839721119267,1790354839,600000256,wind_sensor_link,1.4,143.0,0.0
1790354839927971615,1790354839,800000256,wind_sensor_link,1.4,144.0,0.0
1790354840120737645,1790354840,0,wind_sensor_link,1.4,145.0,0.0
1790354840327838453,1790354840,200000000,wind_sensor_link,1.4,146.0,0.0
1790354840520452337,1790354840,400000000,wind_sensor_link,1.3,144.0,0.0
1790354840727497256,1790354840,600000256,wind_sensor_link,1.3,145.0,0.0
1790354840920502710,1790354840,800000256,wind_sensor_link,1.4,145.0,0.0
1790354841127312928,1790354841,0,wind_sensor_link,1.4,144.0,0.0
1790354841319983293,1790354841,200000000,wind_sensor_link,1.4,144.0,0.0
1790354841527019379,1790354841,400000000,wind_sensor_link,1.4,145.0,0.0
1790354841719682688,1790354841,600000256,wind_sensor_link,1.3,145.0,0.0
1790354841926748071,1790354841,800000256,wind_sensor_link,1.3,147.0,0.0
1790354842119396213,1790354842,0,wind_sensor_link,1.4,149.0,0.0
1790354842326483540,1790354842,200000000,wind_sensor_link,1.4,150.0,0.0
1790354842518808112,1790354842,400000000,wind_sensor_link,1.4,153.0,0.0
1790354842726199657,1790354842,600000256,wind_sensor_link,1.4,151.0,0.0
1790354842919165611,1790354842,800000256,wind_sensor_link,1.4,152.0,0.0
1790354843125932793,1790354843,0,wind_sensor_link,1.5,151.0,0.0
1790354843318517122,1790354843,200000000,wind_sensor_link,1.5,151.0,0.0
1790354843525721651,1790354843,400000000,wind_sensor_link,1.5,148.0,0.0
1790354843718739641,1790354843,600000256,wind_sensor_link,1.5,145.0,0.0
1790354843925334325,1790354843,800000256,wind_sensor_link,1.5,140.0,0.0
1790354844118356056,1790354844,0,wind_sensor_link,1.5,137.0,0.0
1790354844325076516,1790354844,200000000,wind_sensor_link,1.5,136.0,0.0
1790354844518141765,1790354844,400000000,wind_sensor_link,1.5,133.0,0.0
1790354844724732338,1790354844,600000256,wind_sensor_link,1.5,134.0,0.0
1790354844917853550,1790354844,800000256,wind_sensor_link,1.5,131.0,0.0
1790354845124430215,1790354845,0,wind_sensor_link,1.6,130.0,0.0
1790354845317661925,1790354845,200000000,wind_sensor_link,1.6,131.0,0.0
1790354845524341219,1790354845,400000000,wind_sensor_link,1.6,133.0,0.0
1790354845731459379,1790354845,600000256,wind_sensor_link,1.6,133.0,0.0
1790354845924077318,1790354845,800000256,wind_sensor_link,1.6,135.0,0.0
1790354846131158552,1790354846,0,wind_sensor_link,1.7,134.0,0.0
1790354846323805695,1790354846,200000000,wind_sensor_link,1.6,135.0,0.0
1790354846530866818,1790354846,400000000,wind_sensor_link,1.6,137.0,0.0
1790354846723513516,1790354846,600000256,wind_sensor_link,1.6,136.0,0.0
1790354846930475215,1790354846,800000256,wind_sensor_link,1.5,136.0,0.0
1790354847123202949,1790354847,0,wind_sensor_link,1.5,136.0,0.0
1790354847330336868,1790354847,200000000,wind_sensor_link,1.4,137.0,0.0
1790354847522981066,1790354847,400000000,wind_sensor_link,1.4,136.0,0.0
1790354847729927394,1790354847,600000256,wind_sensor_link,1.3,137.0,0.0
1790354847922713257,1790354847,800000256,wind_sensor_link,1.3,137.0,0.0
1790354848129657307,1790354848,0,wind_sensor_link,1.3,135.0,0.0
1790354848322349894,1790354848,200000000,wind_sensor_link,1.3,135.0,0.0
1790354848529466313,1790354848,400000000,wind_sensor_link,1.3,134.0,0.0
1790354848722197917,1790354848,600000256,wind_sensor_link,1.3,136.0,0.0
1790354848929060302,1790354848,800000256,wind_sensor_link,1.3,135.0,0.0
1790354849121821277,1790354849,0,wind_sensor_link,1.3,133.0,0.0
1790354849328925825,1790354849,200000000,wind_sensor_link,1.4,132.0,0.0
1790354849521536653,1790354849,400000000,wind_sensor_link,1.4,130.0,0.0
1790354849728736072,1790354849,600000256,wind_sensor_link,1.4,131.0,0.0
1790354849921234493,1790354849,800000256,wind_sensor_link,1.4,128.0,0.0
1790354850128269413,1790354850,0,wind_sensor_link,1.4,129.0,0.0
1790354850321079461,1790354850,200000000,wind_sensor_link,1.3,129.0,0.0
1790354850527943661,1790354850,400000000,wind_sensor_link,1.4,132.0,0.0
1790354850720738653,1790354850,600000256,wind_sensor_link,1.4,135.0,0.0
1790354850927781333,1790354850,800000256,wind_sensor_link,1.4,137.0,0.0
1790354851120409531,1790354851,0,wind_sensor_link,1.4,146.0,0.0
1790354851327661467,1790354851,200000000,wind_sensor_link,1.4,146.0,0.0
1790354851520116371,1790354851,400000000,wind_sensor_link,1.4,149.0,0.0
1790354851727119069,1790354851,600000256,wind_sensor_link,1.4,151.0,0.0
1790354851919732211,1790354851,800000256,wind_sensor_link,1.3,149.0,0.0
1790354852126824945,1790354852,0,wind_sensor_link,1.3,148.0,0.0
1790354852319671234,1790354852,200000000,wind_sensor_link,1.3,145.0,0.0
1790354852526818579,1790354852,400000000,wind_sensor_link,1.3,146.0,0.0
1790354852719270408,1790354852,600000256,wind_sensor_link,1.4,142.0,0.0
1790354852926425827,1790354852,800000256,wind_sensor_link,1.3,141.0,0.0
1790354853118813731,1790354853,0,wind_sensor_link,1.4,140.0,0.0
1790354853326155148,1790354853,200000000,wind_sensor_link,1.4,141.0,0.0
1790354853518736347,1790354853,400000000,wind_sensor_link,1.5,140.0,0.0
1790354853725729971,1790354853,600000256,wind_sensor_link,1.6,143.0,0.0
1790354853918437890,1790354853,800000256,wind_sensor_link,1.6,144.0,0.0
1790354854125475588,1790354854,0,wind_sensor_link,1.6,144.0,0.0
1790354854318249692,1790354854,200000000,wind_sensor_link,1.6,144.0,0.0
1790354854525325556,1790354854,400000000,wind_sensor_link,1.8,144.0,0.0
1790354854718314528,1790354854,600000256,wind_sensor_link,1.8,144.0,0.0
1790354854925006803,1790354854,800000256,wind_sensor_link,1.8,144.0,0.0
1790354855117930739,1790354855,0,wind_sensor_link,1.8,146.0,0.0
1790354855324814105,1790354855,200000000,wind_sensor_link,1.8,146.0,0.0
1790354855517766170,1790354855,400000000,wind_sensor_link,1.8,143.0,0.0
1790354855724505723,1790354855,600000256,wind_sensor_link,1.8,142.0,0.0
1790354855917459732,1790354855,800000256,wind_sensor_link,1.8,142.0,0.0
1790354856124198600,1790354856,0,wind_sensor_link,1.7,145.0,0.0
1790354856331424777,1790354856,200000000,wind_sensor_link,1.7,145.0,0.0
1790354856523836163,1790354856,400000000,wind_sensor_link,1.7,146.0,0.0
1790354856731014840,1790354856,600000256,wind_sensor_link,1.7,146.0,0.0
1790354856923736723,1790354856,800000256,wind_sensor_link,1.7,146.0,0.0
1790354857130820327,1790354857,0,wind_sensor_link,1.7,150.0,0.0
1790354857323445285,1790354857,200000000,wind_sensor_link,1.7,152.0,0.0
1790354857530667221,1790354857,400000000,wind_sensor_link,1.8,151.0,0.0
1790354857723162421,1790354857,600000256,wind_sensor_link,1.8,152.0,0.0
1790354857930172544,1790354857,800000256,wind_sensor_link,1.8,151.0,0.0
1790354858122720614,1790354858,0,wind_sensor_link,1.8,150.0,0.0
1790354858330030531,1790354858,200000000,wind_sensor_link,1.7,149.0,0.0
1790354858522679840,1790354858,400000000,wind_sensor_link,1.7,148.0,0.0
1790354858729722093,1790354858,600000256,wind_sensor_link,1.7,147.0,0.0
1790354858922272811,1790354858,800000256,wind_sensor_link,1.6,145.0,0.0
1790354859129514099,1790354859,0,wind_sensor_link,1.7,144.0,0.0
1790354859322138297,1790354859,200000000,wind_sensor_link,1.7,145.0,0.0
1790354859529191976,1790354859,400000000,wind_sensor_link,1.7,146.0,0.0
1790354859721866118,1790354859,600000256,wind_sensor_link,1.7,147.0,0.0
1790354859928809761,1790354859,800000256,wind_sensor_link,1.8,149.0,0.0
1790354860121240924,1790354860,0,wind_sensor_link,1.8,150.0,0.0
1790354860328669877,1790354860,200000000,wind_sensor_link,1.8,150.0,0.0
1790354860520913635,1790354860,400000000,wind_sensor_link,1.8,148.0,0.0
1790354860728196534,1790354860,600000256,wind_sensor_link,1.8,148.0,0.0
1790354860920900601,1790354860,800000256,wind_sensor_link,1.8,148.0,0.0
1790354861127878392,1790354861,0,wind_sensor_link,1.7,146.0,0.0
1790354861320961641,1790354861,200000000,wind_sensor_link,1.7,143.0,0.0
1790354861527706768,1790354861,400000000,wind_sensor_link,1.7,144.0,0.0
1790354861719810712,1790354861,600000256,wind_sensor_link,1.7,143.0,0.0
1790354861927486848,1790354861,800000256,wind_sensor_link,1.7,142.0,0.0
1790354862120106509,1790354862,0,wind_sensor_link,1.7,144.0,0.0
1790354862327180465,1790354862,200000000,wind_sensor_link,1.7,145.0,0.0
1790354862519830348,1790354862,400000000,wind_sensor_link,1.7,145.0,0.0
1790354862726863435,1790354862,600000256,wind_sensor_link,1.7,143.0,0.0
1790354862919816482,1790354862,800000256,wind_sensor_link,1.7,144.0,0.0
1790354863126716792,1790354863,0,wind_sensor_link,1.7,144.0,0.0
1790354863319710764,1790354863,200000000,wind_sensor_link,1.7,145.0,0.0
1790354863526395891,1790354863,400000000,wind_sensor_link,1.7,147.0,0.0
1790354863718998312,1790354863,600000256,wind_sensor_link,1.7,147.0,0.0
1790354863926010695,1790354863,800000256,wind_sensor_link,1.7,146.0,0.0
1790354864118499895,1790354864,0,wind_sensor_link,1.8,147.0,0.0
1790354864326096235,1790354864,200000000,wind_sensor_link,1.7,150.0,0.0
1790354864518361270,1790354864,400000000,wind_sensor_link,1.7,152.0,0.0
1790354864725809611,1790354864,600000256,wind_sensor_link,1.7,153.0,0.0
1790354864918478087,1790354864,800000256,wind_sensor_link,1.8,155.0,0.0
1790354865125438748,1790354865,0,wind_sensor_link,1.8,153.0,0.0
1790354865318255907,1790354865,200000000,wind_sensor_link,1.8,156.0,0.0
1790354865524942516,1790354865,400000000,wind_sensor_link,1.9,155.0,0.0
1790354865717970692,1790354865,600000256,wind_sensor_link,1.8,157.0,0.0
1790354865924945483,1790354865,800000256,wind_sensor_link,1.8,158.0,0.0
1790354866117361350,1790354866,0,wind_sensor_link,1.9,160.0,0.0
1790354866324417529,1790354866,200000000,wind_sensor_link,1.9,157.0,0.0
1790354866531430560,1790354866,400000000,wind_sensor_link,1.8,157.0,0.0
1790354866724363903,1790354866,600000256,wind_sensor_link,1.8,155.0,0.0
1790354866931217602,1790354866,800000256,wind_sensor_link,1.8,153.0,0.0
1790354867124299685,1790354867,0,wind_sensor_link,1.7,151.0,0.0
1790354867330950498,1790354867,200000000,wind_sensor_link,1.7,147.0,0.0
1790354867523665899,1790354867,400000000,wind_sensor_link,1.6,146.0,0.0
1790354867730506913,1790354867,600000256,wind_sensor_link,1.6,146.0,0.0
1790354867923086593,1790354867,800000256,wind_sensor_link,1.6,144.0,0.0
1790354868130316363,1790354868,0,wind_sensor_link,1.6,142.0,0.0
1790354868323058449,1790354868,200000000,wind_sensor_link,1.5,143.0,0.0
1790354868529950907,1790354868,400000000,wind_sensor_link,1.5,142.0,0.0
1790354868722740011,1790354868,600000256,wind_sensor_link,1.6,145.0,0.0
1790354868929918967,1790354868,800000256,wind_sensor_link,1.6,147.0,0.0
1790354869122223298,1790354869,0,wind_sensor_link,1.7,147.0,0.0
1790354869329470808,1790354869,200000000,wind_sensor_link,1.7,148.0,0.0
1790354869521995507,1790354869,400000000,wind_sensor_link,1.7,147.0,0.0
1790354869729381016,1790354869,600000256,wind_sensor_link,1.7,149.0,0.0
1790354869921672662,1790354869,800000256,wind_sensor_link,1.8,149.0,0.0
1790354870128967635,1790354870,0,wind_sensor_link,1.8,147.0,0.0
1790354870321515426,1790354870,200000000,wind_sensor_link,1.9,145.0,0.0
1790354870528796029,1790354870,400000000,wind_sensor_link,1.8,149.0,0.0
1790354870721370297,1790354870,600000256,wind_sensor_link,1.8,146.0,0.0
1790354870928391583,1790354870,800000256,wind_sensor_link,1.7,146.0,0.0
1790354871120868900,1790354871,0,wind_sensor_link,1.7,145.0,0.0
1790354871327976685,1790354871,200000000,wind_sensor_link,1.6,147.0,0.0
1790354871520734184,1790354871,400000000,wind_sensor_link,1.6,149.0,0.0
1790354871727681471,1790354871,600000256,wind_sensor_link,1.5,148.0,0.0
1790354871920394249,1790354871,800000256,wind_sensor_link,1.5,150.0,0.0
1790354872127448516,1790354872,0,wind_sensor_link,1.5,146.0,0.0
1790354872320226292,1790354872,200000000,wind_sensor_link,1.6,150.0,0.0
1790354872527296596,1790354872,400000000,wind_sensor_link,1.8,153.0,0.0
1790354872719873209,1790354872,600000256,wind_sensor_link,1.8,154.0,0.0
1790354872926932198,1790354872,800000256,wind_sensor_link,1.8,155.0,0.0
1790354873119347664,1790354873,0,wind_sensor_link,1.9,156.0,0.0
1790354873326661002,1790354873,200000000,wind_sensor_link,2.0,162.0,0.0
1790354873519264133,1790354873,400000000,wind_sensor_link,2.0,165.0,0.0
1790354873726447806,1790354873,600000256,wind_sensor_link,1.9,172.0,0.0
1790354873919261508,1790354873,800000256,wind_sensor_link,1.9,169.0,0.0
1790354874125996149,1790354874,0,wind_sensor_link,1.9,170.0,0.0
1790354874318745093,1790354874,200000000,wind_sensor_link,2.0,175.0,0.0
1790354874525866526,1790354874,400000000,wind_sensor_link,2.0,178.0,0.0
1790354874718054013,1790354874,600000256,wind_sensor_link,2.0,177.0,0.0
1790354874925702792,1790354874,800000256,wind_sensor_link,2.0,177.0,0.0
1790354875118302386,1790354875,0,wind_sensor_link,1.9,177.0,0.0
1790354875325163340,1790354875,200000000,wind_sensor_link,1.8,173.0,0.0
1790354875517824785,1790354875,400000000,wind_sensor_link,1.8,179.0,0.0
1790354875725017865,1790354875,600000256,wind_sensor_link,1.7,181.0,0.0
1790354875917924289,1790354875,800000256,wind_sensor_link,1.6,179.0,0.0
1790354876124845668,1790354876,0,wind_sensor_link,1.6,180.0,0.0
1790354876317762573,1790354876,200000000,wind_sensor_link,1.6,182.0,0.0
1790354876524526084,1790354876,400000000,wind_sensor_link,1.6,184.0,0.0
1790354876716906180,1790354876,600000256,wind_sensor_link,1.9,186.0,0.0
1790354876924193519,1790354876,800000256,wind_sensor_link,1.9,188.0,0.0
1790354877131369859,1790354877,0,wind_sensor_link,1.9,186.0,0.0
1790354877324017785,1790354877,200000000,wind_sensor_link,2.2,186.0,0.0
1790354877530891684,1790354877,400000000,wind_sensor_link,2.2,186.0,0.0
1790354877723703830,1790354877,600000256,wind_sensor_link,2.2,183.0,0.0
1790354877930574174,1790354877,800000256,wind_sensor_link,2.2,178.0,0.0
1790354878123174563,1790354878,0,wind_sensor_link,2.2,177.0,0.0
1790354878330406384,1790354878,200000000,wind_sensor_link,2.0,175.0,0.0
1790354878523209031,1790354878,400000000,wind_sensor_link,2.0,169.0,0.0
1790354878730086930,1790354878,600000256,wind_sensor_link,2.0,169.0,0.0
1790354878922863743,1790354878,800000256,wind_sensor_link,1.8,171.0,0.0
1790354879129825123,1790354879,0,wind_sensor_link,1.8,173.0,0.0
1790354879322532493,1790354879,200000000,wind_sensor_link,1.8,174.0,0.0
1790354879529699962,1790354879,400000000,wind_sensor_link,1.9,177.0,0.0
1790354879722264056,1790354879,600000256,wind_sensor_link,1.8,174.0,0.0
1790354879929206362,1790354879,800000256,wind_sensor_link,1.9,174.0,0.0
1790354880121788622,1790354880,0,wind_sensor_link,1.9,174.0,0.0
1790354880328894389,1790354880,200000000,wind_sensor_link,2.0,175.0,0.0
1790354880521682369,1790354880,400000000,wind_sensor_link,2.0,173.0,0.0
1790354880728735840,1790354880,600000256,wind_sensor_link,1.9,169.0,0.0
1790354880921279952,1790354880,800000256,wind_sensor_link,2.0,169.0,0.0
1790354881128367590,1790354881,0,wind_sensor_link,2.0,170.0,0.0
1790354881321138255,1790354881,200000000,wind_sensor_link,2.0,171.0,0.0
1790354881528192485,1790354881,400000000,wind_sensor_link,2.0,172.0,0.0
1790354881720905115,1790354881,600000256,wind_sensor_link,2.0,174.0,0.0
1790354881927844661,1790354881,800000256,wind_sensor_link,2.0,174.0,0.0
1790354882120273571,1790354882,0,wind_sensor_link,1.9,178.0,0.0
1790354882327737389,1790354882,200000000,wind_sensor_link,1.9,182.0,0.0
1790354882519989264,1790354882,400000000,wind_sensor_link,1.9,178.0,0.0
1790354882727346158,1790354882,600000256,wind_sensor_link,1.7,178.0,0.0
1790354882919947214,1790354882,800000256,wind_sensor_link,1.7,180.0,0.0
1790354883127045481,1790354883,0,wind_sensor_link,1.6,180.0,0.0
1790354883319402410,1790354883,200000000,wind_sensor_link,1.6,181.0,0.0
1790354883526720156,1790354883,400000000,wind_sensor_link,1.6,184.0,0.0
1790354883719116474,1790354883,600000256,wind_sensor_link,1.5,183.0,0.0
1790354883926518460,1790354883,800000256,wind_sensor_link,1.6,181.0,0.0
1790354884119007943,1790354884,0,wind_sensor_link,1.5,184.0,0.0
1790354884326197487,1790354884,200000000,wind_sensor_link,1.5,184.0,0.0
1790354884518429547,1790354884,400000000,wind_sensor_link,1.5,185.0,0.0
1790354884725771904,1790354884,600000256,wind_sensor_link,1.7,188.0,0.0
1790354884918240165,1790354884,800000256,wind_sensor_link,1.7,187.0,0.0
1790354885125478986,1790354885,0,wind_sensor_link,1.8,187.0,0.0
1790354885318027191,1790354885,200000000,wind_sensor_link,1.9,187.0,0.0
1790354885525327307,1790354885,400000000,wind_sensor_link,1.9,192.0,0.0
1790354885718094214,1790354885,600000256,wind_sensor_link,1.9,187.0,0.0
1790354885924818892,1790354885,800000256,wind_sensor_link,1.9,186.0,0.0
1790354886117557595,1790354886,0,wind_sensor_link,1.9,184.0,0.0
1790354886324614955,1790354886,200000000,wind_sensor_link,1.8,183.0,0.0
1790354886517019273,1790354886,400000000,wind_sensor_link,1.7,184.0,0.0
1790354886724473448,1790354886,600000256,wind_sensor_link,1.8,182.0,0.0
1790354886917433581,1790354886,800000256,wind_sensor_link,1.8,185.0,0.0
1790354887124034993,1790354887,0,wind_sensor_link,1.8,183.0,0.0
1790354887331296473,1790354887,200000000,wind_sensor_link,1.9,188.0,0.0
1790354887524046720,1790354887,400000000,wind_sensor_link,1.9,188.0,0.0
1790354887730978425,1790354887,600000256,wind_sensor_link,1.9,189.0,0.0
1790354887923666579,1790354887,800000256,wind_sensor_link,2.0,189.0,0.0
1790354888130530619,1790354888,0,wind_sensor_link,2.1,190.0,0.0
1790354888323263865,1790354888,200000000,wind_sensor_link,2.0,192.0,0.0
1790354888530428958,1790354888,400000000,wind_sensor_link,2.0,192.0,0.0
1790354888723058279,1790354888,600000256,wind_sensor_link,2.0,191.0,0.0
1790354888929991336,1790354888,800000256,wind_sensor_link,2.1,190.0,0.0
1790354889122518659,1790354889,0,wind_sensor_link,2.1,192.0,0.0
1790354889329713047,1790354889,200000000,wind_sensor_link,2.1,191.0,0.0
1790354889522407368,1790354889,400000000,wind_sensor_link,2.0,190.0,0.0
1790354889729467480,1790354889,600000256,wind_sensor_link,2.0,190.0,0.0
1790354889922173856,1790354889,800000256,wind_sensor_link,1.9,191.0,0.0
1790354890129181894,1790354890,0,wind_sensor_link,1.9,190.0,0.0
1790354890321931066,1790354890,200000000,wind_sensor_link,1.9,190.0,0.0
1790354890528900290,1790354890,400000000,wind_sensor_link,1.8,189.0,0.0
1790354890721411390,1790354890,600000256,wind_sensor_link,1.7,189.0,0.0
1790354890928558316,1790354890,800000256,wind_sensor_link,1.7,189.0,0.0
1790354891121144619,1790354891,0,wind_sensor_link,1.6,189.0,0.0
1790354891328463062,1790354891,200000000,wind_sensor_link,1.6,189.0,0.0
1790354891521031865,1790354891,400000000,wind_sensor_link,1.6,191.0,0.0
1790354891728097644,1790354891,600000256,wind_sensor_link,1.6,194.0,0.0
1790354891920829872,1790354891,800000256,wind_sensor_link,1.6,195.0,0.0
1790354892127880280,1790354892,0,wind_sensor_link,1.6,194.0,0.0
1790354892320500064,1790354892,200000000,wind_sensor_link,1.6,193.0,0.0
1790354892527699767,1790354892,400000000,wind_sensor_link,1.7,192.0,0.0
1790354892719933907,1790354892,600000256,wind_sensor_link,1.7,193.0,0.0
1790354892927277109,1790354892,800000256,wind_sensor_link,1.7,193.0,0.0
1790354893119715432,1790354893,0,wind_sensor_link,1.7,191.0,0.0
1790354893326985005,1790354893,200000000,wind_sensor_link,1.7,191.0,0.0
1790354893519302552,1790354893,400000000,wind_sensor_link,1.6,188.0,0.0
1790354893726827400,1790354893,600000256,wind_sensor_link,1.6,190.0,0.0
1790354893919335296,1790354893,800000256,wind_sensor_link,1.7,187.0,0.0
1790354894126319205,1790354894,0,wind_sensor_link,1.7,187.0,0.0
1790354894319097766,1790354894,200000000,wind_sensor_link,1.7,187.0,0.0
1790354894526173007,1790354894,400000000,wind_sensor_link,1.7,187.0,0.0
1790354894718785051,1790354894,600000256,wind_sensor_link,1.7,185.0,0.0
1790354894925911477,1790354894,800000256,wind_sensor_link,1.9,183.0,0.0
1790354895118235783,1790354895,0,wind_sensor_link,1.9,185.0,0.0
1790354895325687965,1790354895,200000000,wind_sensor_link,2.0,187.0,0.0
1790354895518278213,1790354895,400000000,wind_sensor_link,1.9,189.0,0.0
1790354895725334232,1790354895,600000256,wind_sensor_link,2.0,191.0,0.0
1790354895918296180,1790354895,800000256,wind_sensor_link,2.0,194.0,0.0
1790354896124956906,1790354896,0,wind_sensor_link,2.0,195.0,0.0
1790354896317707727,1790354896,200000000,wind_sensor_link,1.9,194.0,0.0
1790354896525532998,1790354896,400000000,wind_sensor_link,1.8,193.0,0.0
1790354896717749657,1790354896,600000256,wind_sensor_link,1.7,193.0,0.0
1790354896924475142,1790354896,800000256,wind_sensor_link,1.6,191.0,0.0
1790354897116895058,1790354897,0,wind_sensor_link,1.6,193.0,0.0
1790354897324218334,1790354897,200000000,wind_sensor_link,1.5,193.0,0.0
1790354897531516314,1790354897,400000000,wind_sensor_link,1.4,190.0,0.0
1790354897723731380,1790354897,600000256,wind_sensor_link,1.5,193.0,0.0
1790354897931010378,1790354897,800000256,wind_sensor_link,1.5,189.0,0.0
1790354898123707495,1790354898,0,wind_sensor_link,1.6,190.0,0.0
1790354898330689960,1790354898,200000000,wind_sensor_link,1.5,188.0,0.0
1790354898523703963,1790354898,400000000,wind_sensor_link,1.6,190.0,0.0
1790354898730519614,1790354898,600000256,wind_sensor_link,1.6,191.0,0.0
1790354898923042455,1790354898,800000256,wind_sensor_link,1.6,191.0,0.0
1790354899130228065,1790354899,0,wind_sensor_link,1.6,192.0,0.0
1790354899322839257,1790354899,200000000,wind_sensor_link,1.6,191.0,0.0
1790354899529775926,1790354899,400000000,wind_sensor_link,1.7,195.0,0.0
1790354899722309822,1790354899,600000256,wind_sensor_link,1.7,198.0,0.0
1790354899929518914,1790354899,800000256,wind_sensor_link,1.7,200.0,0.0
1790354900122253660,1790354900,0,wind_sensor_link,1.8,200.0,0.0
1790354900329374457,1790354900,200000000,wind_sensor_link,1.7,201.0,0.0
1790354900522058056,1790354900,400000000,wind_sensor_link,1.8,202.0,0.0
1790354900729122538,1790354900,600000256,wind_sensor_link,1.8,202.0,0.0
1790354900921694415,1790354900,800000256,wind_sensor_link,1.9,202.0,0.0
1790354901128612269,1790354901,0,wind_sensor_link,1.7,200.0,0.0
1790354901321410070,1790354901,200000000,wind_sensor_link,1.8,197.0,0.0
1790354901528382498,1790354901,400000000,wind_sensor_link,1.8,198.0,0.0
1790354901721028449,1790354901,600000256,wind_sensor_link,1.8,196.0,0.0
1790354901928204874,1790354901,800000256,wind_sensor_link,1.8,194.0,0.0
1790354902120882010,1790354902,0,wind_sensor_link,1.8,192.0,0.0
1790354902327926900,1790354902,200000000,wind_sensor_link,1.8,191.0,0.0
1790354902520749960,1790354902,400000000,wind_sensor_link,1.9,192.0,0.0
1790354902727747332,1790354902,600000256,wind_sensor_link,1.9,194.0,0.0
1790354902920535433,1790354902,800000256,wind_sensor_link,1.9,194.0,0.0
1790354903127272265,1790354903,0,wind_sensor_link,1.9,196.0,0.0
1790354903320060600,1790354903,200000000,wind_sensor_link,1.9,196.0,0.0
1790354903527085171,1790354903,400000000,wind_sensor_link,2.0,196.0,0.0
1790354903719724451,1790354903,600000256,wind_sensor_link,2.1,197.0,0.0
1790354903926804651,1790354903,800000256,wind_sensor_link,2.0,196.0,0.0
1790354904119482375,1790354904,0,wind_sensor_link,2.0,196.0,0.0
1790354904326703073,1790354904,200000000,wind_sensor_link,2.1,195.0,0.0
1790354904519280410,1790354904,400000000,wind_sensor_link,2.0,194.0,0.0
1790354904726371276,1790354904,600000256,wind_sensor_link,2.0,192.0,0.0
1790354904919319295,1790354904,800000256,wind_sensor_link,2.1,191.0,0.0
1790354905125880166,1790354905,0,wind_sensor_link,2.0,191.0,0.0
1790354905318645167,1790354905,200000000,wind_sensor_link,1.9,190.0,0.0
1790354905525923902,1790354905,400000000,wind_sensor_link,1.9,189.0,0.0
1790354905718332111,1790354905,600000256,wind_sensor_link,1.9,188.0,0.0
1790354905925384218,1790354905,800000256,wind_sensor_link,1.8,188.0,0.0
1790354906118083683,1790354906,0,wind_sensor_link,1.8,187.0,0.0
1790354906325125457,1790354906,200000000,wind_sensor_link,1.9,188.0,0.0
1790354906517799089,1790354906,400000000,wind_sensor_link,1.8,188.0,0.0
1790354906724766567,1790354906,600000256,wind_sensor_link,1.8,186.0,0.0
1790354906917761382,1790354906,800000256,wind_sensor_link,1.8,187.0,0.0
1790354907124398511,1790354907,0,wind_sensor_link,1.8,186.0,0.0
1790354907317726804,1790354907,200000000,wind_sensor_link,1.8,185.0,0.0
1790354907524290267,1790354907,400000000,wind_sensor_link,1.8,185.0,0.0
1790354907731357559,1790354907,600000256,wind_sensor_link,1.7,184.0,0.0
1790354907923946729,1790354907,800000256,wind_sensor_link,1.7,185.0,0.0
1790354908131138446,1790354908,0,wind_sensor_link,1.7,183.0,0.0
1790354908323845207,1790354908,200000000,wind_sensor_link,1.7,183.0,0.0
1790354908530723705,1790354908,400000000,wind_sensor_link,1.7,184.0,0.0
1790354908723525632,1790354908,600000256,wind_sensor_link,1.7,185.0,0.0
1790354908930448870,1790354908,800000256,wind_sensor_link,1.7,185.0,0.0
1790354909123135206,1790354909,0,wind_sensor_link,1.6,184.0,0.0
1790354909330324275,1790354909,200000000,wind_sensor_link,1.7,184.0,0.0
1790354909522954259,1790354909,400000000,wind_sensor_link,1.7,184.0,0.0
1790354909730170272,1790354909,600000256,wind_sensor_link,1.7,184.0,0.0
1790354909922568574,1790354909,800000256,wind_sensor_link,1.7,183.0,0.0
1790354910129554570,1790354910,0,wind_sensor_link,1.7,181.0,0.0
1790354910322702716,1790354910,200000000,wind_sensor_link,1.7,181.0,0.0
1790354910529460493,1790354910,400000000,wind_sensor_link,1.7,178.0,0.0
1790354910722023885,1790354910,600000256,wind_sensor_link,1.7,178.0,0.0
1790354910929107381,1790354910,800000256,wind_sensor_link,1.7,179.0,0.0
1790354911121807680,1790354911,0,wind_sensor_link,1.7,179.0,0.0
1790354911328711436,1790354911,200000000,wind_sensor_link,1.6,178.0,0.0
1790354911521353495,1790354911,400000000,wind_sensor_link,1.6,179.0,0.0
1790354911728671562,1790354911,600000256,wind_sensor_link,1.6,177.0,0.0
1790354911921183844,1790354911,800000256,wind_sensor_link,1.6,177.0,0.0
1790354912128515448,1790354912,0,wind_sensor_link,1.6,180.0,0.0
1790354912320940990,1790354912,200000000,wind_sensor_link,1.6,179.0,0.0
1790354912528013467,1790354912,400000000,wind_sensor_link,1.6,177.0,0.0
1790354912720680544,1790354912,600000256,wind_sensor_link,1.6,176.0,0.0
1790354912927744392,1790354912,800000256,wind_sensor_link,1.6,177.0,0.0
1790354913120342321,1790354913,0,wind_sensor_link,1.6,176.0,0.0
1790354913327662370,1790354913,200000000,wind_sensor_link,1.6,176.0,0.0
1790354913520146763,1790354913,400000000,wind_sensor_link,1.7,173.0,0.0
1790354913726995150,1790354913,600000256,wind_sensor_link,1.6,172.0,0.0
1790354913919428118,1790354913,800000256,wind_sensor_link,1.6,171.0,0.0
1790354914127232495,1790354914,0,wind_sensor_link,1.7,169.0,0.0
1790354914319548520,1790354914,200000000,wind_sensor_link,1.7,168.0,0.0
1790354914526900865,1790354914,400000000,wind_sensor_link,1.7,164.0,0.0
1790354914719197019,1790354914,600000256,wind_sensor_link,1.8,160.0,0.0
1790354914926357773,1790354914,800000256,wind_sensor_link,1.8,159.0,0.0
1790354915119021832,1790354915,0,wind_sensor_link,1.8,158.0,0.0
1790354915326054568,1790354915,200000000,wind_sensor_link,1.8,157.0,0.0
1790354915518736756,1790354915,400000000,wind_sensor_link,1.7,158.0,0.0
1790354915725777011,1790354915,600000256,wind_sensor_link,1.7,158.0,0.0
1790354915918410774,1790354915,800000256,wind_sensor_link,1.7,158.0,0.0
1790354916125845543,1790354916,0,wind_sensor_link,1.7,160.0,0.0
1790354916318215494,1790354916,200000000,wind_sensor_link,1.6,165.0,0.0
1790354916525311137,1790354916,400000000,wind_sensor_link,1.6,164.0,0.0
1790354916718283415,1790354916,600000256,wind_sensor_link,1.6,165.0,0.0
1790354916924999988,1790354916,800000256,wind_sensor_link,1.6,166.0,0.0
1790354917117675565,1790354917,0,wind_sensor_link,1.6,165.0,0.0
1790354917324799837,1790354917,200000000,wind_sensor_link,1.6,165.0,0.0
1790354917517189917,1790354917,400000000,wind_sensor_link,1.6,165.0,0.0
1790354917724408800,1790354917,600000256,wind_sensor_link,1.8,165.0,0.0
1790354917917404744,1790354917,800000256,wind_sensor_link,1.7,165.0,0.0
1790354918124172798,1790354918,0,wind_sensor_link,1.9,166.0,0.0
1790354918331300701,1790354918,200000000,wind_sensor_link,1.9,168.0,0.0
1790354918523933389,1790354918,400000000,wind_sensor_link,1.8,162.0,0.0
1790354918730981848,1790354918,600000256,wind_sensor_link,1.9,161.0,0.0
1790354918923607055,1790354918,800000256,wind_sensor_link,1.9,157.0,0.0
1790354919130739130,1790354919,0,wind_sensor_link,1.8,152.0,0.0
1790354919323018661,1790354919,200000000,wind_sensor_link,1.6,149.0,0.0
1790354919530359199,1790354919,400000000,wind_sensor_link,1.6,145.0,0.0
1790354919722707433,1790354919,600000256,wind_sensor_link,1.5,138.0,0.0
1790354919930129100,1790354919,800000256,wind_sensor_link,1.4,133.0,0.0
1790354920123088458,1790354920,0,wind_sensor_link,1.5,138.0,0.0
1790354920329863038,1790354920,200000000,wind_sensor_link,1.4,136.0,0.0
1790354920522436326,1790354920,400000000,wind_sensor_link,1.4,138.0,0.0
1790354920729416775,1790354920,600000256,wind_sensor_link,1.5,138.0,0.0
1790354920922132968,1790354920,800000256,wind_sensor_link,1.5,140.0,0.0
1790354921129293564,1790354921,0,wind_sensor_link,1.7,141.0,0.0
1790354921321946388,1790354921,200000000,wind_sensor_link,1.9,143.0,0.0
1790354921528988706,1790354921,400000000,wind_sensor_link,2.1,143.0,0.0
1790354921721687974,1790354921,600000256,wind_sensor_link,2.4,141.0,0.0
1790354921928692534,1790354921,800000256,wind_sensor_link,2.4,142.0,0.0
1790354922121360820,1790354922,0,wind_sensor_link,2.5,140.0,0.0
1790354922328508323,1790354922,200000000,wind_sensor_link,2.6,144.0,0.0
1790354922521032204,1790354922,400000000,wind_sensor_link,2.8,145.0,0.0
1790354922728034319,1790354922,600000256,wind_sensor_link,2.8,142.0,0.0
1790354922920792957,1790354922,800000256,wind_sensor_link,2.7,140.0,0.0
1790354923127879386,1790354923,0,wind_sensor_link,2.6,139.0,0.0
1790354923320481692,1790354923,200000000,wind_sensor_link,2.3,137.0,0.0
1790354923527511733,1790354923,400000000,wind_sensor_link,2.2,137.0,0.0
1790354923720231167,1790354923,600000256,wind_sensor_link,2.2,134.0,0.0
1790354923927299597,1790354923,800000256,wind_sensor_link,2.0,131.0,0.0
1790354924120031697,1790354924,0,wind_sensor_link,1.8,128.0,0.0
1790354924327088090,1790354924,200000000,wind_sensor_link,1.5,127.0,0.0
1790354924520093985,1790354924,400000000,wind_sensor_link,1.5,124.0,0.0
1790354924726711974,1790354924,600000256,wind_sensor_link,1.5,122.0,0.0
1790354924919110633,1790354924,800000256,wind_sensor_link,1.5,120.0,0.0
1790354925126558911,1790354925,0,wind_sensor_link,1.5,120.0,0.0
1790354925319186383,1790354925,200000000,wind_sensor_link,1.5,119.0,0.0
1790354925526229313,1790354925,400000000,wind_sensor_link,1.4,121.0,0.0
1790354925719194949,1790354925,600000256,wind_sensor_link,1.4,121.0,0.0
1790354925925931752,1790354925,800000256,wind_sensor_link,1.5,122.0,0.0
1790354926118286597,1790354926,0,wind_sensor_link,1.5,127.0,0.0
1790354926325741949,1790354926,200000000,wind_sensor_link,1.5,127.0,0.0
1790354926518460642,1790354926,400000000,wind_sensor_link,1.4,127.0,0.0
1790354926725404591,1790354926,600000256,wind_sensor_link,1.6,126.0,0.0
1790354926918327524,1790354926,800000256,wind_sensor_link,1.8,128.0,0.0
1790354927125109086,1790354927,0,wind_sensor_link,2.2,129.0,0.0
1790354927317751465,1790354927,200000000,wind_sensor_link,2.4,130.0,0.0
1790354927524842154,1790354927,400000000,wind_sensor_link,2.6,131.0,0.0
1790354927717445682,1790354927,600000256,wind_sensor_link,2.7,125.0,0.0
1790354927924842201,1790354927,800000256,wind_sensor_link,2.9,122.0,0.0
1790354928117636449,1790354928,0,wind_sensor_link,3.0,123.0,0.0
1790354928324549343,1790354928,200000000,wind_sensor_link,3.1,123.0,0.0
1790354928531416422,1790354928,400000000,wind_sensor_link,3.0,123.0,0.0
1790354928724265948,1790354928,600000256,wind_sensor_link,2.9,119.0,0.0
1790354928931125806,1790354928,800000256,wind_sensor_link,2.9,120.0,0.0
1790354929123536095,1790354929,0,wind_sensor_link,2.9,116.0,0.0
1790354929330842114,1790354929,200000000,wind_sensor_link,2.9,117.0,0.0
1790354929523186163,1790354929,400000000,wind_sensor_link,3.0,119.0,0.0
1790354929730417443,1790354929,600000256,wind_sensor_link,3.0,118.0,0.0
1790354929923204340,1790354929,800000256,wind_sensor_link,2.9,119.0,0.0
1790354930130371620,1790354930,0,wind_sensor_link,3.1,120.0,0.0
1790354930322960963,1790354930,200000000,wind_sensor_link,3.1,123.0,0.0
1790354930529926912,1790354930,400000000,wind_sensor_link,3.0,122.0,0.0
1790354930722738660,1790354930,600000256,wind_sensor_link,3.1,126.0,0.0
1790354930929572740,1790354930,800000256,wind_sensor_link,3.1,127.0,0.0
1790354931122352081,1790354931,0,wind_sensor_link,3.1,129.0,0.0
1790354931329758323,1790354931,200000000,wind_sensor_link,3.2,128.0,0.0
1790354931522314703,1790354931,400000000,wind_sensor_link,3.3,127.0,0.0
1790354931729178505,1790354931,600000256,wind_sensor_link,3.3,129.0,0.0
1790354931921826477,1790354931,800000256,wind_sensor_link,3.4,127.0,0.0
1790354932129028609,1790354932,0,wind_sensor_link,3.4,127.0,0.0
1790354932321503897,1790354932,200000000,wind_sensor_link,3.4,127.0,0.0
1790354932528469439,1790354932,400000000,wind_sensor_link,3.4,128.0,0.0
1790354932721202410,1790354932,600000256,wind_sensor_link,3.4,128.0,0.0
1790354932928375912,1790354932,800000256,wind_sensor_link,3.3,127.0,0.0
1790354933120979514,1790354933,0,wind_sensor_link,3.2,129.0,0.0
1790354933327935501,1790354933,200000000,wind_sensor_link,3.2,128.0,0.0
1790354933520728101,1790354933,400000000,wind_sensor_link,3.1,128.0,0.0
1790354933727935307,1790354933,600000256,wind_sensor_link,3.1,129.0,0.0
1790354933920360855,1790354933,800000256,wind_sensor_link,3.1,127.0,0.0
1790354934127754244,1790354934,0,wind_sensor_link,3.0,127.0,0.0
1790354934320160071,1790354934,200000000,wind_sensor_link,3.0,127.0,0.0
1790354934527270092,1790354934,400000000,wind_sensor_link,3.0,129.0,0.0
1790354934719840824,1790354934,600000256,wind_sensor_link,3.1,129.0,0.0
1790354934926780440,1790354934,800000256,wind_sensor_link,3.1,129.0,0.0
1790354935119317298,1790354935,0,wind_sensor_link,3.2,130.0,0.0
1790354935326719660,1790354935,200000000,wind_sensor_link,3.2,130.0,0.0
1790354935519393854,1790354935,400000000,wind_sensor_link,3.3,131.0,0.0
1790354935726380664,1790354935,600000256,wind_sensor_link,3.4,132.0,0.0
1790354935918732657,1790354935,800000256,wind_sensor_link,3.6,131.0,0.0
1790354936126288092,1790354936,0,wind_sensor_link,3.7,131.0,0.0
1790354936318758269,1790354936,200000000,wind_sensor_link,3.7,131.0,0.0
1790354936525627877,1790354936,400000000,wind_sensor_link,3.9,132.0,0.0
1790354936718446772,1790354936,600000256,wind_sensor_link,3.8,132.0,0.0
1790354936925185678,1790354936,800000256,wind_sensor_link,3.8,134.0,0.0
1790354937118243738,1790354937,0,wind_sensor_link,3.7,132.0,0.0
1790354937325232771,1790354937,200000000,wind_sensor_link,3.7,129.0,0.0
1790354937517912835,1790354937,400000000,wind_sensor_link,3.7,130.0,0.0
1790354937724954052,1790354937,600000256,wind_sensor_link,3.6,129.0,0.0
1790354937917921539,1790354937,800000256,wind_sensor_link,3.7,128.0,0.0
1790354938124549835,1790354938,0,wind_sensor_link,3.6,130.0,0.0
1790354938317669709,1790354938,200000000,wind_sensor_link,3.6,128.0,0.0
1790354938524192413,1790354938,400000000,wind_sensor_link,3.6,129.0,0.0
1790354938717395787,1790354938,600000256,wind_sensor_link,3.8,132.0,0.0
1790354938924132655,1790354938,800000256,wind_sensor_link,3.9,135.0,0.0
1790354939131270835,1790354939,0,wind_sensor_link,3.9,138.0,0.0
1790354939323738993,1790354939,200000000,wind_sensor_link,4.1,141.0,0.0
1790354939530944358,1790354939,400000000,wind_sensor_link,4.3,146.0,0.0
1790354939723404312,1790354939,600000256,wind_sensor_link,4.6,148.0,0.0
1790354939930687250,1790354939,800000256,wind_sensor_link,4.8,149.0,0.0
1790354940123291536,1790354940,0,wind_sensor_link,4.8,150.0,0.0
1790354940330461660,1790354940,200000000,wind_sensor_link,4.7,152.0,0.0
1790354940522781708,1790354940,400000000,wind_sensor_link,4.8,154.0,0.0
1790354940730205256,1790354940,600000256,wind_sensor_link,4.9,156.0,0.0
1790354940922780080,1790354940,800000256,wind_sensor_link,4.6,156.0,0.0
1790354941129737095,1790354941,0,wind_sensor_link,4.5,155.0,0.0
1790354941322498639,1790354941,200000000,wind_sensor_link,4.0,154.0,0.0
1790354941529443469,1790354941,400000000,wind_sensor_link,3.8,155.0,0.0
1790354941722176106,1790354941,600000256,wind_sensor_link,3.8,157.0,0.0
1790354941929120287,1790354941,800000256,wind_sensor_link,3.8,155.0,0.0
1790354942121732277,1790354942,0,wind_sensor_link,3.8,156.0,0.0
1790354942328848365,1790354942,200000000,wind_sensor_link,3.8,158.0,0.0
1790354942521417466,1790354942,400000000,wind_sensor_link,3.8,158.0,0.0
1790354942728735182,1790354942,600000256,wind_sensor_link,3.7,157.0,0.0
1790354942921097970,1790354942,800000256,wind_sensor_link,4.0,159.0,0.0
1790354943128351427,1790354943,0,wind_sensor_link,4.0,159.0,0.0
1790354943321069138,1790354943,200000000,wind_sensor_link,3.8,159.0,0.0
1790354943528053671,1790354943,400000000,wind_sensor_link,3.7,160.0,0.0
1790354943720566625,1790354943,600000256,wind_sensor_link,3.6,157.0,0.0
1790354943927728675,1790354943,800000256,wind_sensor_link,3.5,155.0,0.0
1790354944120442349,1790354944,0,wind_sensor_link,3.5,159.0,0.0
1790354944327533956,1790354944,200000000,wind_sensor_link,3.5,159.0,0.0
1790354944520175538,1790354944,400000000,wind_sensor_link,3.5,160.0,0.0
1790354944727198404,1790354944,600000256,wind_sensor_link,3.5,163.0,0.0
1790354944920277760,1790354944,800000256,wind_sensor_link,3.6,165.0,0.0
1790354945127280571,1790354945,0,wind_sensor_link,3.6,164.0,0.0
1790354945319729192,1790354945,200000000,wind_sensor_link,3.6,167.0,0.0
1790354945526651355,1790354945,400000000,wind_sensor_link,3.5,166.0,0.0
1790354945719121273,1790354945,600000256,wind_sensor_link,3.4,162.0,0.0
1790354945926351470,1790354945,800000256,wind_sensor_link,3.4,161.0,0.0
1790354946118919275,1790354946,0,wind_sensor_link,3.3,158.0,0.0
1790354946326061733,1790354946,200000000,wind_sensor_link,3.3,159.0,0.0
1790354946518631353,1790354946,400000000,wind_sensor_link,3.4,160.0,0.0
1790354946725903921,1790354946,600000256,wind_sensor_link,3.3,160.0,0.0
1790354946918248635,1790354946,800000256,wind_sensor_link,3.1,160.0,0.0
1790354947125740460,1790354947,0,wind_sensor_link,3.2,160.0,0.0
1790354947318082508,1790354947,200000000,wind_sensor_link,3.2,162.0,0.0
1790354947525161281,1790354947,400000000,wind_sensor_link,3.2,163.0,0.0
1790354947717990029,1790354947,600000256,wind_sensor_link,3.1,166.0,0.0
1790354947925075801,1790354947,800000256,wind_sensor_link,3.1,164.0,0.0
1790354948117461164,1790354948,0,wind_sensor_link,3.1,161.0,0.0
1790354948325048858,1790354948,200000000,wind_sensor_link,3.2,163.0,0.0
1790354948517871865,1790354948,400000000,wind_sensor_link,3.2,163.0,0.0
1790354948724680622,1790354948,600000256,wind_sensor_link,3.2,164.0,0.0
1790354948917679553,1790354948,800000256,wind_sensor_link,3.3,165.0,0.0
1790354949124252682,1790354949,0,wind_sensor_link,3.4,165.0,0.0
1790354949331431899,1790354949,200000000,wind_sensor_link,3.5,163.0,0.0
1790354949523791187,1790354949,400000000,wind_sensor_link,3.7,165.0,0.0
1790354949731201476,1790354949,600000256,wind_sensor_link,3.6,165.0,0.0
1790354949923734800,1790354949,800000256,wind_sensor_link,3.6,165.0,0.0
1790354950130844350,1790354950,0,wind_sensor_link,3.6,164.0,0.0
1790354950323257287,1790354950,200000000,wind_sensor_link,3.6,163.0,0.0
1790354950530464670,1790354950,400000000,wind_sensor_link,3.5,163.0,0.0
1790354950723032197,1790354950,600000256,wind_sensor_link,3.5,162.0,0.0
1790354950930358523,1790354950,800000256,wind_sensor_link,3.5,162.0,0.0
1790354951122962995,1790354951,0,wind_sensor_link,3.5,161.0,0.0
1790354951329949954,1790354951,200000000,wind_sensor_link,3.5,160.0,0.0
1790354951522704350,1790354951,400000000,wind_sensor_link,3.5,160.0,0.0
1790354951729727827,1790354951,600000256,wind_sensor_link,3.5,159.0,0.0
1790354951922295892,1790354951,800000256,wind_sensor_link,3.5,158.0,0.0
1790354952129486534,1790354952,0,wind_sensor_link,3.6,159.0,0.0
1790354952322015025,1790354952,200000000,wind_sensor_link,3.5,158.0,0.0
1790354952529166223,1790354952,400000000,wind_sensor_link,3.5,159.0,0.0
1790354952721815806,1790354952,600000256,wind_sensor_link,3.5,158.0,0.0
1790354952928741302,1790354952,800000256,wind_sensor_link,3.5,158.0,0.0
1790354953121485995,1790354953,0,wind_sensor_link,3.6,159.0,0.0
1790354953328497953,1790354953,200000000,wind_sensor_link,3.6,158.0,0.0
1790354953520927889,1790354953,400000000,wind_sensor_link,3.6,159.0,0.0
1790354953728243957,1790354953,600000256,wind_sensor_link,3.6,158.0,0.0
1790354953920718855,1790354953,800000256,wind_sensor_link,3.6,158.0,0.0
1790354954128129274,1790354954,0,wind_sensor_link,3.6,157.0,0.0
1790354954320424970,1790354954,200000000,wind_sensor_link,3.7,157.0,0.0
1790354954527787741,1790354954,400000000,wind_sensor_link,3.7,157.0,0.0
1790354954720398897,1790354954,600000256,wind_sensor_link,3.7,157.0,0.0
1790354954927476874,1790354954,800000256,wind_sensor_link,3.7,157.0,0.0
1790354955120049087,1790354955,0,wind_sensor_link,3.8,157.0,0.0
1790354955327230359,1790354955,200000000,wind_sensor_link,3.8,157.0,0.0
1790354955519668906,1790354955,400000000,wind_sensor_link,3.7,156.0,0.0
1790354955726924010,1790354955,600000256,wind_sensor_link,3.7,155.0,0.0
1790354955919678685,1790354955,800000256,wind_sensor_link,3.6,156.0,0.0
1790354956126552533,1790354956,0,wind_sensor_link,3.6,155.0,0.0
1790354956319229338,1790354956,200000000,wind_sensor_link,3.6,154.0,0.0
1790354956526505757,1790354956,400000000,wind_sensor_link,3.5,154.0,0.0
1790354956719016822,1790354956,600000256,wind_sensor_link,3.5,153.0,0.0
1790354956926031873,1790354956,800000256,wind_sensor_link,3.4,153.0,0.0
1790354957118730233,1790354957,0,wind_sensor_link,3.5,153.0,0.0
1790354957325837265,1790354957,200000000,wind_sensor_link,3.5,152.0,0.0
1790354957518400996,1790354957,400000000,wind_sensor_link,3.5,152.0,0.0
1790354957725626268,1790354957,600000256,wind_sensor_link,3.5,154.0,0.0
1790354957918493645,1790354957,800000256,wind_sensor_link,3.6,154.0,0.0
1790354958125274383,1790354958,0,wind_sensor_link,3.6,155.0,0.0
1790354958318268222,1790354958,200000000,wind_sensor_link,3.6,155.0,0.0
1790354958524999812,1790354958,400000000,wind_sensor_link,3.5,155.0,0.0
1790354958717971133,1790354958,600000256,wind_sensor_link,3.5,155.0,0.0
1790354958924732223,1790354958,800000256,wind_sensor_link,3.5,155.0,0.0
1790354959116841477,1790354959,0,wind_sensor_link,3.5,156.0,0.0
1790354959324421283,1790354959,200000000,wind_sensor_link,3.4,154.0,0.0
1790354959517032754,1790354959,400000000,wind_sensor_link,3.4,155.0,0.0
1790354959724331747,1790354959,600000256,wind_sensor_link,3.4,155.0,0.0
1790354959931341539,1790354959,800000256,wind_sensor_link,3.3,154.0,0.0
1790354960123900419,1790354960,0,wind_sensor_link,3.3,154.0,0.0
1790354960331072821,1790354960,200000000,wind_sensor_link,3.2,155.0,0.0
1790354960523747088,1790354960,400000000,wind_sensor_link,3.2,154.0,0.0
1790354960730710547,1790354960,600000256,wind_sensor_link,3.1,154.0,0.0
1790354960923332926,1790354960,800000256,wind_sensor_link,2.9,153.0,0.0
1790354961130438939,1790354961,0,wind_sensor_link,2.8,153.0,0.0
1790354961323108188,1790354961,200000000,wind_sensor_link,2.8,154.0,0.0
1790354961530264016,1790354961,400000000,wind_sensor_link,2.8,152.0,0.0
1790354961722954080,1790354961,600000256,wind_sensor_link,2.7,151.0,0.0
1790354961929992945,1790354961,800000256,wind_sensor_link,2.6,150.0,0.0
1790354962122659787,1790354962,0,wind_sensor_link,2.6,150.0,0.0
1790354962329758986,1790354962,200000000,wind_sensor_link,2.6,151.0,0.0
1790354962522077941,1790354962,400000000,wind_sensor_link,2.7,153.0,0.0
1790354962729342379,1790354962,600000256,wind_sensor_link,2.8,152.0,0.0
1790354962921963739,1790354962,800000256,wind_sensor_link,2.8,153.0,0.0
1790354963129173345,1790354963,0,wind_sensor_link,2.8,157.0,0.0
1790354963321815075,1790354963,200000000,wind_sensor_link,2.8,157.0,0.0
1790354963528769701,1790354963,400000000,wind_sensor_link,3.0,158.0,0.0
1790354963721534819,1790354963,600000256,wind_sensor_link,3.0,156.0,0.0
1790354963928530260,1790354963,800000256,wind_sensor_link,3.0,154.0,0.0
1790354964121271730,1790354964,0,wind_sensor_link,3.0,153.0,0.0
1790354964328376818,1790354964,200000000,wind_sensor_link,3.0,152.0,0.0
1790354964521038270,1790354964,400000000,wind_sensor_link,3.1,150.0,0.0
1790354964727948397,1790354964,600000256,wind_sensor_link,3.2,146.0,0.0
1790354964920747885,1790354964,800000256,wind_sensor_link,3.3,144.0,0.0
1790354965127829343,1790354965,0,wind_sensor_link,3.3,144.0,0.0
1790354965320407426,1790354965,200000000,wind_sensor_link,3.4,145.0,0.0
1790354965527551217,1790354965,400000000,wind_sensor_link,3.6,146.0,0.0
1790354965720163614,1790354965,600000256,wind_sensor_link,3.5,149.0,0.0
1790354965927268980,1790354965,800000256,wind_sensor_link,3.5,151.0,0.0
1790354966120306096,1790354966,0,wind_sensor_link,3.4,154.0,0.0
1790354966326996965,1790354966,200000000,wind_sensor_link,3.3,156.0,0.0
1790354966519679991,1790354966,400000000,wind_sensor_link,3.2,159.0,0.0
1790354966726695876,1790354966,600000256,wind_sensor_link,3.2,158.0,0.0
1790354966919753047,1790354966,800000256,wind_sensor_link,3.1,157.0,0.0
1790354967126531749,1790354967,0,wind_sensor_link,2.9,157.0,0.0
1790354967319195460,1790354967,200000000,wind_sensor_link,2.8,156.0,0.0
1790354967526242641,1790354967,400000000,wind_sensor_link,2.8,156.0,0.0
1790354967718916580,1790354967,600000256,wind_sensor_link,2.9,155.0,0.0
1790354967925933714,1790354967,800000256,wind_sensor_link,2.9,156.0,0.0
1790354968118646862,1790354968,0,wind_sensor_link,2.9,156.0,0.0
1790354968325738643,1790354968,200000000,wind_sensor_link,2.9,155.0,0.0
1790354968518379403,1790354968,400000000,wind_sensor_link,3.0,155.0,0.0
1790354968725347981,1790354968,600000256,wind_sensor_link,3.1,155.0,0.0
1790354968918369145,1790354968,800000256,wind_sensor_link,3.1,153.0,0.0
1790354969125149911,1790354969,0,wind_sensor_link,3.4,151.0,0.0
1790354969317799671,1790354969,200000000,wind_sensor_link,3.4,150.0,0.0
1790354969525057505,1790354969,400000000,wind_sensor_link,3.3,150.0,0.0
1790354969717879467,1790354969,600000256,wind_sensor_link,3.3,149.0,0.0
1790354969924651788,1790354969,800000256,wind_sensor_link,3.2,148.0,0.0
1790354970117723877,1790354970,0,wind_sensor_link,3.1,147.0,0.0
1790354970324340682,1790354970,200000000,wind_sensor_link,3.0,148.0,0.0
1790354970517326346,1790354970,400000000,wind_sensor_link,3.0,148.0,0.0
1790354970724054705,1790354970,600000256,wind_sensor_link,2.6,151.0,0.0
1790354970931089856,1790354970,800000256,wind_sensor_link,2.6,152.0,0.0
1790354971123875800,1790354971,0,wind_sensor_link,2.6,152.0,0.0
1790354971330941414,1790354971,200000000,wind_sensor_link,2.5,152.0,0.0
1790354971523809654,1790354971,400000000,wind_sensor_link,2.5,153.0,0.0
1790354971730696011,1790354971,600000256,wind_sensor_link,2.4,153.0,0.0
1790354971923039941,1790354971,800000256,wind_sensor_link,2.4,154.0,0.0
1790354972130401385,1790354972,0,wind_sensor_link,2.4,153.0,0.0
1790354972322970776,1790354972,200000000,wind_sensor_link,2.4,153.0,0.0
1790354972530137519,1790354972,400000000,wind_sensor_link,2.4,153.0,0.0
1790354972722720465,1790354972,600000256,wind_sensor_link,2.4,151.0,0.0
1790354972929747913,1790354972,800000256,wind_sensor_link,2.4,151.0,0.0
1790354973122459840,1790354973,0,wind_sensor_link,2.4,151.0,0.0
1790354973329564787,1790354973,200000000,wind_sensor_link,2.5,150.0,0.0
1790354973521951069,1790354973,400000000,wind_sensor_link,2.4,150.0,0.0
1790354973729354994,1790354973,600000256,wind_sensor_link,2.5,149.0,0.0
1790354973921916959,1790354973,800000256,wind_sensor_link,2.4,151.0,0.0
1790354974129071368,1790354974,0,wind_sensor_link,2.4,152.0,0.0
1790354974321695814,1790354974,200000000,wind_sensor_link,2.4,152.0,0.0
1790354974528853557,1790354974,400000000,wind_sensor_link,2.4,153.0,0.0
1790354974721299801,1790354974,600000256,wind_sensor_link,2.4,154.0,0.0
1790354974928470173,1790354974,800000256,wind_sensor_link,2.5,154.0,0.0
1790354975121366042,1790354975,0,wind_sensor_link,2.5,155.0,0.0
1790354975328230492,1790354975,200000000,wind_sensor_link,2.5,155.0,0.0
1790354975520840753,1790354975,400000000,wind_sensor_link,2.6,156.0,0.0
1790354975727919737,1790354975,600000256,wind_sensor_link,2.6,156.0,0.0
1790354975920485239,1790354975,800000256,wind_sensor_link,2.6,154.0,0.0
1790354976127715981,1790354976,0,wind_sensor_link,2.6,155.0,0.0
1790354976320272224,1790354976,200000000,wind_sensor_link,2.6,155.0,0.0
1790354976527275598,1790354976,400000000,wind_sensor_link,2.6,155.0,0.0
1790354976720046375,1790354976,600000256,wind_sensor_link,2.5,154.0,0.0
1790354976926999602,1790354976,800000256,wind_sensor_link,2.5,155.0,0.0
1790354977119788046,1790354977,0,wind_sensor_link,2.4,153.0,0.0
1790354977326880956,1790354977,200000000,wind_sensor_link,2.4,153.0,0.0
1790354977519395496,1790354977,400000000,wind_sensor_link,2.4,154.0,0.0
1790354977726691181,1790354977,600000256,wind_sensor_link,2.4,154.0,0.0
1790354977919120741,1790354977,800000256,wind_sensor_link,2.4,151.0,0.0
1790354978126308205,1790354978,0,wind_sensor_link,2.4,150.0,0.0
1790354978318703820,1790354978,200000000,wind_sensor_link,2.4,151.0,0.0
1790354978525897655,1790354978,400000000,wind_sensor_link,2.4,150.0,0.0
1790354978718708951,1790354978,600000256,wind_sensor_link,2.3,150.0,0.0
1790354978925719010,1790354978,800000256,wind_sensor_link,2.4,150.0,0.0
1790354979118349345,1790354979,0,wind_sensor_link,2.4,148.0,0.0
1790354979325520643,1790354979,200000000,wind_sensor_link,2.4,145.0,0.0
1790354979518496400,1790354979,400000000,wind_sensor_link,2.3,146.0,0.0
1790354979725260980,1790354979,600000256,wind_sensor_link,2.3,145.0,0.0
1790354979918122460,1790354979,800000256,wind_sensor_link,2.3,147.0,0.0
1790354980125008725,1790354980,0,wind_sensor_link,2.3,145.0,0.0
1790354980317642615,1790354980,200000000,wind_sensor_link,2.3,146.0,0.0
1790354980524569397,1790354980,400000000,wind_sensor_link,2.3,146.0,0.0
1790354980717703078,1790354980,600000256,wind_sensor_link,2.3,148.0,0.0
1790354980924445011,1790354980,800000256,wind_sensor_link,2.3,149.0,0.0
1790354981117525729,1790354981,0,wind_sensor_link,2.3,153.0,0.0
1790354981324213514,1790354981,200000000,wind_sensor_link,2.3,152.0,0.0
1790354981531357220,1790354981,400000000,wind_sensor_link,2.3,153.0,0.0
1790354981723928445,1790354981,600000256,wind_sensor_link,2.2,153.0,0.0
1790354981931015836,1790354981,800000256,wind_sensor_link,2.2,154.0,0.0
1790354982123519321,1790354982,0,wind_sensor_link,2.2,154.0,0.0
1790354982331076855,1790354982,200000000,wind_sensor_link,2.1,155.0,0.0
1790354982523377267,1790354982,400000000,wind_sensor_link,2.1,153.0,0.0
1790354982730470641,1790354982,600000256,wind_sensor_link,2.0,152.0,0.0
1790354982923139975,1790354982,800000256,wind_sensor_link,1.9,153.0,0.0
1790354983130245774,1790354983,0,wind_sensor_link,1.8,153.0,0.0
1790354983322882960,1790354983,200000000,wind_sensor_link,1.8,153.0,0.0
1790354983529878020,1790354983,400000000,wind_sensor_link,1.8,153.0,0.0
1790354983722656779,1790354983,600000256,wind_sensor_link,1.8,154.0,0.0
1790354983929682449,1790354983,800000256,wind_sensor_link,1.8,154.0,0.0
1790354984122301783,1790354984,0,wind_sensor_link,1.7,155.0,0.0
1790354984329424490,1790354984,200000000,wind_sensor_link,1.8,156.0,0.0
1790354984522246192,1790354984,400000000,wind_sensor_link,1.9,157.0,0.0
1790354984728999569,1790354984,600000256,wind_sensor_link,2.0,160.0,0.0
1790354984921735958,1790354984,800000256,wind_sensor_link,2.0,161.0,0.0
1790354985128848461,1790354985,0,wind_sensor_link,2.0,163.0,0.0
1790354985321434778,1790354985,200000000,wind_sensor_link,1.9,162.0,0.0
1790354985528540502,1790354985,400000000,wind_sensor_link,2.0,161.0,0.0
1790354985721181337,1790354985,600000256,wind_sensor_link,2.0,161.0,0.0
1790354985928329728,1790354985,800000256,wind_sensor_link,2.0,161.0,0.0
1790354986120992840,1790354986,0,wind_sensor_link,2.0,158.0,0.0
1790354986327954844,1790354986,200000000,wind_sensor_link,2.0,157.0,0.0
1790354986520672123,1790354986,400000000,wind_sensor_link,2.1,156.0,0.0
1790354986727700774,1790354986,600000256,wind_sensor_link,2.1,157.0,0.0
1790354986920354034,1790354986,800000256,wind_sensor_link,2.2,156.0,0.0
1790354987127569665,1790354987,0,wind_sensor_link,2.2,156.0,0.0
1790354987320114742,1790354987,200000000,wind_sensor_link,2.3,156.0,0.0
1790354987527250855,1790354987,400000000,wind_sensor_link,2.3,155.0,0.0
1790354987720243075,1790354987,600000256,wind_sensor_link,2.3,154.0,0.0
1790354987926976267,1790354987,800000256,wind_sensor_link,2.3,154.0,0.0
1790354988119678008,1790354988,0,wind_sensor_link,2.3,153.0,0.0
1790354988326755974,1790354988,200000000,wind_sensor_link,2.2,152.0,0.0
1790354988519113145,1790354988,400000000,wind_sensor_link,2.2,151.0,0.0
1790354988726359850,1790354988,600000256,wind_sensor_link,2.2,151.0,0.0
1790354988919088220,1790354988,800000256,wind_sensor_link,2.1,153.0,0.0
1790354989126186204,1790354989,0,wind_sensor_link,2.1,156.0,0.0
1790354989319058814,1790354989,200000000,wind_sensor_link,2.1,157.0,0.0
1790354989525710896,1790354989,400000000,wind_sensor_link,2.1,157.0,0.0
1790354989718718560,1790354989,600000256,wind_sensor_link,2.1,158.0,0.0
1790354989925708693,1790354989,800000256,wind_sensor_link,2.1,159.0,0.0
1790354990118639413,1790354990,0,wind_sensor_link,2.1,159.0,0.0
1790354990325358920,1790354990,200000000,wind_sensor_link,2.1,160.0,0.0
1790354990518358751,1790354990,400000000,wind_sensor_link,2.1,160.0,0.0
1790354990724958426,1790354990,600000256,wind_sensor_link,2.0,160.0,0.0
1790354990917802666,1790354990,800000256,wind_sensor_link,2.0,160.0,0.0
1790354991124786558,1790354991,0,wind_sensor_link,2.0,160.0,0.0
1790354991317779926,1790354991,200000000,wind_sensor_link,2.0,160.0,0.0
1790354991524652505,1790354991,400000000,wind_sensor_link,1.9,161.0,0.0
1790354991717694687,1790354991,600000256,wind_sensor_link,1.9,161.0,0.0
1790354991924237381,1790354991,800000256,wind_sensor_link,1.9,160.0,0.0
1790354992117322155,1790354992,0,wind_sensor_link,1.8,160.0,0.0
1790354992324284900,1790354992,200000000,wind_sensor_link,1.8,161.0,0.0
1790354992531244238,1790354992,400000000,wind_sensor_link,1.8,161.0,0.0
1790354992724030108,1790354992,600000256,wind_sensor_link,1.7,161.0,0.0
1790354992930874150,1790354992,800000256,wind_sensor_link,1.7,159.0,0.0
1790354993123490059,1790354993,0,wind_sensor_link,1.6,158.0,0.0
1790354993330526822,1790354993,200000000,wind_sensor_link,1.6,158.0,0.0
1790354993523040121,1790354993,400000000,wind_sensor_link,1.5,158.0,0.0
1790354993730271437,1790354993,600000256,wind_sensor_link,1.5,159.0,0.0
1790354993922890124,1790354993,800000256,wind_sensor_link,1.6,155.0,0.0
1790354994129970552,1790354994,0,wind_sensor_link,1.6,155.0,0.0
1790354994322735441,1790354994,200000000,wind_sensor_link,1.6,153.0,0.0
1790354994529752148,1790354994,400000000,wind_sensor_link,1.6,157.0,0.0
1790354994722400464,1790354994,600000256,wind_sensor_link,1.7,157.0,0.0
1790354994929522559,1790354994,800000256,wind_sensor_link,1.6,152.0,0.0
1790354995122072839,1790354995,0,wind_sensor_link,1.6,149.0,0.0
1790354995329375117,1790354995,200000000,wind_sensor_link,1.6,148.0,0.0
1790354995521715437,1790354995,400000000,wind_sensor_link,1.6,150.0,0.0
1790354995728890328,1790354995,600000256,wind_sensor_link,1.6,151.0,0.0
1790354995921515737,1790354995,800000256,wind_sensor_link,1.5,147.0,0.0
1790354996128761886,1790354996,0,wind_sensor_link,1.5,145.0,0.0
1790354996321255129,1790354996,200000000,wind_sensor_link,1.4,144.0,0.0
1790354996528298170,1790354996,400000000,wind_sensor_link,1.4,147.0,0.0
1790354996720976874,1790354996,600000256,wind_sensor_link,1.3,149.0,0.0
1790354996928098617,1790354996,800000256,wind_sensor_link,1.3,148.0,0.0
1790354997120736970,1790354997,0,wind_sensor_link,1.2,152.0,0.0
1790354997327705363,1790354997,200000000,wind_sensor_link,1.1,150.0,0.0
1790354997520761527,1790354997,400000000,wind_sensor_link,1.1,152.0,0.0
1790354997727461293,1790354997,600000256,wind_sensor_link,1.1,153.0,0.0
1790354997920134183,1790354997,800000256,wind_sensor_link,1.1,150.0,0.0
1790354998127302722,1790354998,0,wind_sensor_link,1.1,147.0,0.0
1790354998319896909,1790354998,200000000,wind_sensor_link,1.1,145.0,0.0
1790354998526809191,1790354998,400000000,wind_sensor_link,1.0,143.0,0.0
1790354998719660357,1790354998,600000256,wind_sensor_link,1.0,138.0,0.0
1790354998926490974,1790354998,800000256,wind_sensor_link,1.0,134.0,0.0
1790354999119043809,1790354999,0,wind_sensor_link,1.0,131.0,0.0
1790354999326291440,1790354999,200000000,wind_sensor_link,1.1,126.0,0.0
1790354999519058903,1790354999,400000000,wind_sensor_link,1.0,128.0,0.0
1790354999725844520,1790354999,600000256,wind_sensor_link,1.0,127.0,0.0
1790354999918733963,1790354999,800000256,wind_sensor_link,1.1,125.0,0.0
1790355000125863706,1790355000,0,wind_sensor_link,1.1,126.0,0.0
1790355000318467852,1790355000,200000000,wind_sensor_link,1.3,124.0,0.0
1790355000525666342,1790355000,400000000,wind_sensor_link,1.4,124.0,0.0
1790355000718173638,1790355000,600000256,wind_sensor_link,1.5,125.0,0.0
1790355000925274537,1790355000,800000256,wind_sensor_link,1.6,126.0,0.0
1790355001118315382,1790355001,0,wind_sensor_link,1.7,125.0,0.0
1790355001324854991,1790355001,200000000,wind_sensor_link,1.9,123.0,0.0
1790355001518092556,1790355001,400000000,wind_sensor_link,1.9,122.0,0.0
1790355001724787219,1790355001,600000256,wind_sensor_link,1.9,118.0,0.0
1790355001917713935,1790355001,800000256,wind_sensor_link,2.0,116.0,0.0
1790355002124493005,1790355002,0,wind_sensor_link,1.9,116.0,0.0
1790355002317522794,1790355002,200000000,wind_sensor_link,1.9,110.0,0.0
1790355002524404789,1790355002,400000000,wind_sensor_link,2.0,105.0,0.0
1790355002731348338,1790355002,600000256,wind_sensor_link,2.0,101.0,0.0
1790355002923902984,1790355002,800000256,wind_sensor_link,2.2,101.0,0.0
1790355003131055272,1790355003,0,wind_sensor_link,2.2,97.0,0.0
1790355003323751806,1790355003,200000000,wind_sensor_link,2.3,93.0,0.0
1790355003530754465,1790355003,400000000,wind_sensor_link,2.3,91.0,0.0
1790355003723369426,1790355003,600000256,wind_sensor_link,2.4,88.0,0.0
1790355003930442381,1790355003,800000256,wind_sensor_link,2.5,87.0,0.0
1790355004123097860,1790355004,0,wind_sensor_link,2.5,87.0,0.0
1790355004330305813,1790355004,200000000,wind_sensor_link,2.6,87.0,0.0
1790355004522911608,1790355004,400000000,wind_sensor_link,2.6,83.0,0.0
1790355004730113857,1790355004,600000256,wind_sensor_link,2.7,83.0,0.0
1790355004922507951,1790355004,800000256,wind_sensor_link,2.8,86.0,0.0
1790355005129672201,1790355005,0,wind_sensor_link,2.7,85.0,0.0
1790355005322368827,1790355005,200000000,wind_sensor_link,2.8,84.0,0.0
1790355005529330784,1790355005,400000000,wind_sensor_link,2.8,84.0,0.0
1790355005721795876,1790355005,600000256,wind_sensor_link,2.8,83.0,0.0
1790355005929002514,1790355005,800000256,wind_sensor_link,2.9,84.0,0.0
1790355006121819325,1790355006,0,wind_sensor_link,2.8,88.0,0.0
1790355006328739856,1790355006,200000000,wind_sensor_link,2.9,89.0,0.0
1790355006521542648,1790355006,400000000,wind_sensor_link,2.9,89.0,0.0
1790355006728428697,1790355006,600000256,wind_sensor_link,3.0,91.0,0.0
1790355006921221749,1790355006,800000256,wind_sensor_link,3.0,94.0,0.0
1790355007128240075,1790355007,0,wind_sensor_link,3.1,97.0,0.0
1790355007320913868,1790355007,200000000,wind_sensor_link,3.1,100.0,0.0
1790355007528075989,1790355007,400000000,wind_sensor_link,3.1,100.0,0.0
1790355007720483878,1790355007,600000256,wind_sensor_link,3.0,100.0,0.0
1790355007927685276,1790355007,800000256,wind_sensor_link,3.0,101.0,0.0
1790355008120400680,1790355008,0,wind_sensor_link,3.1,102.0,0.0
1790355008327472542,1790355008,200000000,wind_sensor_link,3.0,101.0,0.0
1790355008520015726,1790355008,400000000,wind_sensor_link,2.9,101.0,0.0
1790355008727190513,1790355008,600000256,wind_sensor_link,2.9,99.0,0.0
1790355008920292635,1790355008,800000256,wind_sensor_link,2.9,97.0,0.0
1790355009127006039,1790355009,0,wind_sensor_link,2.8,97.0,0.0
1790355009319105710,1790355009,200000000,wind_sensor_link,2.7,100.0,0.0
1790355009526559660,1790355009,400000000,wind_sensor_link,2.6,99.0,0.0
1790355009719134825,1790355009,600000256,wind_sensor_link,2.6,96.0,0.0
1790355009926451388,1790355009,800000256,wind_sensor_link,2.6,92.0,0.0
1790355010118710076,1790355010,0,wind_sensor_link,2.5,91.0,0.0
1790355010326195637,1790355010,200000000,wind_sensor_link,2.4,94.0,0.0
1790355010518495175,1790355010,400000000,wind_sensor_link,2.4,95.0,0.0
1790355010725780721,1790355010,600000256,wind_sensor_link,2.5,94.0,0.0
1790355010918122888,1790355010,800000256,wind_sensor_link,2.5,96.0,0.0
1790355011125479544,1790355011,0,wind_sensor_link,2.4,93.0,0.0
1790355011318069690,1790355011,200000000,wind_sensor_link,2.3,93.0,0.0
1790355011525310736,1790355011,400000000,wind_sensor_link,2.4,96.0,0.0
1790355011717839697,1790355011,600000256,wind_sensor_link,2.4,100.0,0.0
1790355011925156761,1790355011,800000256,wind_sensor_link,2.5,98.0,0.0
1790355012117538798,1790355012,0,wind_sensor_link,2.4,97.0,0.0
1790355012324915676,1790355012,200000000,wind_sensor_link,2.3,97.0,0.0
1790355012517259214,1790355012,400000000,wind_sensor_link,2.3,96.0,0.0
1790355012724948754,1790355012,600000256,wind_sensor_link,2.4,99.0,0.0
1790355012917193553,1790355012,800000256,wind_sensor_link,2.5,100.0,0.0
1790355013124389988,1790355013,0,wind_sensor_link,2.5,100.0,0.0
1790355013317433073,1790355013,200000000,wind_sensor_link,2.5,100.0,0.0
1790355013523911091,1790355013,400000000,wind_sensor_link,2.5,100.0,0.0
1790355013731079193,1790355013,600000256,wind_sensor_link,2.4,100.0,0.0
1790355013923442453,1790355013,800000256,wind_sensor_link,2.4,100.0,0.0
1790355014130940995,1790355014,0,wind_sensor_link,2.4,100.0,0.0
1790355014323367440,1790355014,200000000,wind_sensor_link,2.3,99.0,0.0
1790355014530683651,1790355014,400000000,wind_sensor_link,2.2,98.0,0.0
1790355014723118485,1790355014,600000256,wind_sensor_link,2.1,97.0,0.0
1790355014930356178,1790355014,800000256,wind_sensor_link,2.0,96.0,0.0
1790355015122871177,1790355015,0,wind_sensor_link,1.9,95.0,0.0
1790355015330072242,1790355015,200000000,wind_sensor_link,1.9,94.0,0.0
1790355015522732054,1790355015,400000000,wind_sensor_link,1.9,93.0,0.0
1790355015729893416,1790355015,600000256,wind_sensor_link,1.8,94.0,0.0
1790355015922428729,1790355015,800000256,wind_sensor_link,1.9,94.0,0.0
1790355016129428185,1790355016,0,wind_sensor_link,1.9,94.0,0.0
1790355016322215385,1790355016,200000000,wind_sensor_link,1.8,94.0,0.0
1790355016529317969,1790355016,400000000,wind_sensor_link,1.8,96.0,0.0
1790355016721767246,1790355016,600000256,wind_sensor_link,1.8,96.0,0.0
1790355016929043625,1790355016,800000256,wind_sensor_link,1.8,97.0,0.0
1790355017121541458,1790355017,0,wind_sensor_link,1.8,97.0,0.0
1790355017328642283,1790355017,200000000,wind_sensor_link,1.8,96.0,0.0
1790355017521391057,1790355017,400000000,wind_sensor_link,1.8,96.0,0.0
1790355017728487641,1790355017,600000256,wind_sensor_link,1.7,96.0,0.0
1790355017921077176,1790355017,800000256,wind_sensor_link,1.8,95.0,0.0
1790355018128178279,1790355018,0,wind_sensor_link,1.8,95.0,0.0
1790355018320905072,1790355018,200000000,wind_sensor_link,1.7,93.0,0.0
1790355018527809344,1790355018,400000000,wind_sensor_link,1.7,93.0,0.0
1790355018720570414,1790355018,600000256,wind_sensor_link,1.7,93.0,0.0
1790355018927562277,1790355018,800000256,wind_sensor_link,1.6,93.0,0.0
1790355019120283441,1790355019,0,wind_sensor_link,1.6,94.0,0.0
1790355019327375655,1790355019,200000000,wind_sensor_link,1.6,94.0,0.0
1790355019520079744,1790355019,400000000,wind_sensor_link,1.6,95.0,0.0
1790355019727009534,1790355019,600000256,wind_sensor_link,1.5,95.0,0.0
1790355019920116582,1790355019,800000256,wind_sensor_link,1.5,96.0,0.0
1790355020126720190,1790355020,0,wind_sensor_link,1.5,95.0,0.0
1790355020319500557,1790355020,200000000,wind_sensor_link,1.5,94.0,0.0
1790355020526695992,1790355020,400000000,wind_sensor_link,1.5,94.0,0.0
1790355020719206898,1790355020,600000256,wind_sensor_link,1.5,93.0,0.0
1790355020926291057,1790355020,800000256,wind_sensor_link,1.5,91.0,0.0
1790355021118721631,1790355021,0,wind_sensor_link,1.5,91.0,0.0
1790355021325973639,1790355021,200000000,wind_sensor_link,1.5,91.0,0.0
1790355021518740413,1790355021,400000000,wind_sensor_link,1.4,92.0,0.0
1790355021725566223,1790355021,600000256,wind_sensor_link,1.4,91.0,0.0
1790355021918748788,1790355021,800000256,wind_sensor_link,1.4,92.0,0.0
1790355022125566783,1790355022,0,wind_sensor_link,1.4,92.0,0.0
1790355022318100338,1790355022,200000000,wind_sensor_link,1.5,92.0,0.0
1790355022525078886,1790355022,400000000,wind_sensor_link,1.4,94.0,0.0
1790355022717888363,1790355022,600000256,wind_sensor_link,1.5,95.0,0.0
1790355022924942226,1790355022,800000256,wind_sensor_link,1.5,95.0,0.0
1790355023117572353,1790355023,0,wind_sensor_link,1.5,95.0,0.0
1790355023324692104,1790355023,200000000,wind_sensor_link,1.5,96.0,0.0
1790355023517684320,1790355023,400000000,wind_sensor_link,1.5,97.0,0.0
1790355023724267873,1790355023,600000256,wind_sensor_link,1.5,100.0,0.0
1790355023917400198,1790355023,800000256,wind_sensor_link,1.5,99.0,0.0
1790355024124162453,1790355024,0,wind_sensor_link,1.6,100.0,0.0
1790355024317204446,1790355024,200000000,wind_sensor_link,1.6,101.0,0.0
1790355024523868498,1790355024,400000000,wind_sensor_link,1.6,101.0,0.0
1790355024731002008,1790355024,600000256,wind_sensor_link,1.6,102.0,0.0
1790355024923908225,1790355024,800000256,wind_sensor_link,1.6,102.0,0.0
1790355025130755294,1790355025,0,wind_sensor_link,1.6,98.0,0.0
1790355025323350921,1790355025,200000000,wind_sensor_link,1.5,94.0,0.0
1790355025530539282,1790355025,400000000,wind_sensor_link,1.5,94.0,0.0
1790355025723097966,1790355025,600000256,wind_sensor_link,1.4,95.0,0.0
1790355025930229902,1790355025,800000256,wind_sensor_link,1.4,94.0,0.0
1790355026123132600,1790355026,0,wind_sensor_link,1.4,95.0,0.0
1790355026329937151,1790355026,200000000,wind_sensor_link,1.4,94.0,0.0
1790355026522660351,1790355026,400000000,wind_sensor_link,1.4,95.0,0.0
1790355026729700973,1790355026,600000256,wind_sensor_link,1.4,96.0,0.0
1790355026922279212,1790355026,800000256,wind_sensor_link,1.4,99.0,0.0
1790355027129372315,1790355027,0,wind_sensor_link,1.5,98.0,0.0
1790355027322044683,1790355027,200000000,wind_sensor_link,1.5,100.0,0.0
1790355027529209248,1790355027,400000000,wind_sensor_link,1.5,98.0,0.0
1790355027721848468,1790355027,600000256,wind_sensor_link,1.5,97.0,0.0
1790355027928796813,1790355027,800000256,wind_sensor_link,1.5,97.0,0.0
1790355028121321942,1790355028,0,wind_sensor_link,1.5,96.0,0.0
1790355028328469970,1790355028,200000000,wind_sensor_link,1.5,95.0,0.0
1790355028521132930,1790355028,400000000,wind_sensor_link,1.5,96.0,0.0
1790355028728663768,1790355028,600000256,wind_sensor_link,1.5,96.0,0.0
1790355028920871975,1790355028,800000256,wind_sensor_link,1.5,96.0,0.0
1790355029127956893,1790355029,0,wind_sensor_link,1.5,97.0,0.0
1790355029320723685,1790355029,200000000,wind_sensor_link,1.5,97.0,0.0
1790355029527817307,1790355029,400000000,wind_sensor_link,1.5,98.0,0.0
1790355029720481396,1790355029,600000256,wind_sensor_link,1.6,99.0,0.0
1790355029927472075,1790355029,800000256,wind_sensor_link,1.6,100.0,0.0
1790355030120168294,1790355030,0,wind_sensor_link,1.6,99.0,0.0
1790355030327308063,1790355030,200000000,wind_sensor_link,1.6,101.0,0.0
1790355030519928246,1790355030,400000000,wind_sensor_link,1.6,101.0,0.0
1790355030727248883,1790355030,600000256,wind_sensor_link,1.6,101.0,0.0
1790355030919567181,1790355030,800000256,wind_sensor_link,1.6,100.0,0.0
1790355031126747542,1790355031,0,wind_sensor_link,1.6,101.0,0.0
1790355031319344207,1790355031,200000000,wind_sensor_link,1.6,99.0,0.0
1790355031526482235,1790355031,400000000,wind_sensor_link,1.6,100.0,0.0
1790355031719063122,1790355031,600000256,wind_sensor_link,1.5,100.0,0.0
1790355031926163966,1790355031,800000256,wind_sensor_link,1.5,101.0,0.0
1790355032119197773,1790355032,0,wind_sensor_link,1.5,101.0,0.0
1790355032325942806,1790355032,200000000,wind_sensor_link,1.5,103.0,0.0
1790355032518545841,1790355032,400000000,wind_sensor_link,1.5,103.0,0.0
1790355032725896478,1790355032,600000256,wind_sensor_link,1.5,104.0,0.0
1790355032918557476,1790355032,800000256,wind_sensor_link,1.5,105.0,0.0
1790355033125410544,1790355033,0,wind_sensor_link,1.5,105.0,0.0
1790355033318412519,1790355033,200000000,wind_sensor_link,1.5,105.0,0.0
1790355033525111108,1790355033,400000000,wind_sensor_link,1.5,109.0,0.0
1790355033717569108,1790355033,600000256,wind_sensor_link,1.5,108.0,0.0
1790355033924808616,1790355033,800000256,wind_sensor_link,1.5,110.0,0.0
1790355034117475947,1790355034,0,wind_sensor_link,1.4,111.0,0.0
1790355034324707178,1790355034,200000000,wind_sensor_link,1.3,114.0,0.0
1790355034517534544,1790355034,400000000,wind_sensor_link,1.3,113.0,0.0
1790355034724498926,1790355034,600000256,wind_sensor_link,1.3,114.0,0.0
1790355034917256996,1790355034,800000256,wind_sensor_link,1.3,114.0,0.0
1790355035124268581,1790355035,0,wind_sensor_link,1.3,110.0,0.0
1790355035331202501,1790355035,200000000,wind_sensor_link,1.2,114.0,0.0
1790355035523746500,1790355035,400000000,wind_sensor_link,1.2,114.0,0.0
1790355035730862973,1790355035,600000256,wind_sensor_link,1.3,113.0,0.0
1790355035923770134,1790355035,800000256,wind_sensor_link,1.4,111.0,0.0
1790355036130553481,1790355036,0,wind_sensor_link,1.4,112.0,0.0
1790355036323239774,1790355036,200000000,wind_sensor_link,1.3,113.0,0.0
1790355036530311248,1790355036,400000000,wind_sensor_link,1.3,114.0,0.0
1790355036723233557,1790355036,600000256,wind_sensor_link,1.3,111.0,0.0
1790355036930093218,1790355036,800000256,wind_sensor_link,1.3,107.0,0.0
1790355037122778678,1790355037,0,wind_sensor_link,1.3,106.0,0.0
1790355037329829652,1790355037,200000000,wind_sensor_link,1.3,104.0,0.0
1790355037522344133,1790355037,400000000,wind_sensor_link,1.3,106.0,0.0
1790355037729380903,1790355037,600000256,wind_sensor_link,1.3,107.0,0.0
1790355037922103436,1790355037,800000256,wind_sensor_link,1.3,105.0,0.0
1790355038129301742,1790355038,0,wind_sensor_link,1.3,105.0,0.0
1790355038321854240,1790355038,200000000,wind_sensor_link,1.4,107.0,0.0
1790355038529012639,1790355038,400000000,wind_sensor_link,1.5,110.0,0.0
1790355038721725691,1790355038,600000256,wind_sensor_link,1.5,113.0,0.0
1790355038928534872,1790355038,800000256,wind_sensor_link,1.5,114.0,0.0
1790355039121335608,1790355039,0,wind_sensor_link,1.5,115.0,0.0
1790355039328419933,1790355039,200000000,wind_sensor_link,1.5,115.0,0.0
1790355039520851544,1790355039,400000000,wind_sensor_link,1.5,119.0,0.0
1790355039728213570,1790355039,600000256,wind_sensor_link,1.5,123.0,0.0
1790355039920552016,1790355039,800000256,wind_sensor_link,1.4,123.0,0.0
1790355040127711507,1790355040,0,wind_sensor_link,1.3,121.0,0.0
1790355040320545909,1790355040,200000000,wind_sensor_link,1.3,120.0,0.0
1790355040527740529,1790355040,400000000,wind_sensor_link,1.3,118.0,0.0
1790355040720010772,1790355040,600000256,wind_sensor_link,1.3,117.0,0.0
1790355040927528055,1790355040,800000256,wind_sensor_link,1.3,117.0,0.0
1790355041119918648,1790355041,0,wind_sensor_link,1.2,116.0,0.0
1790355041327149805,1790355041,200000000,wind_sensor_link,1.2,115.0,0.0
1790355041519737229,1790355041,400000000,wind_sensor_link,1.3,113.0,0.0
1790355041726874369,1790355041,600000256,wind_sensor_link,1.2,112.0,0.0
1790355041919439386,1790355041,800000256,wind_sensor_link,1.2,112.0,0.0
1790355042126552044,1790355042,0,wind_sensor_link,1.2,111.0,0.0
1790355042319159264,1790355042,200000000,wind_sensor_link,1.3,111.0,0.0
1790355042526319570,1790355042,400000000,wind_sensor_link,1.3,113.0,0.0
1790355042718737459,1790355042,600000256,wind_sensor_link,1.3,110.0,0.0
1790355042925986597,1790355042,800000256,wind_sensor_link,1.3,108.0,0.0
1790355043118687131,1790355043,0,wind_sensor_link,1.2,107.0,0.0
1790355043325748845,1790355043,200000000,wind_sensor_link,1.2,112.0,0.0
1790355043518930485,1790355043,400000000,wind_sensor_link,1.1,117.0,0.0
1790355043725518427,1790355043,600000256,wind_sensor_link,1.1,123.0,0.0
1790355043918044852,1790355043,800000256,wind_sensor_link,1.0,124.0,0.0
1790355044125307416,1790355044,0,wind_sensor_link,1.0,130.0,0.0
1790355044317892118,1790355044,200000000,wind_sensor_link,1.0,134.0,0.0
1790355044524981239,1790355044,400000000,wind_sensor_link,0.9,137.0,0.0
1790355044717355740,1790355044,600000256,wind_sensor_link,1.0,145.0,0.0
1790355044924691784,1790355044,800000256,wind_sensor_link,1.1,149.0,0.0
1790355045117352615,1790355045,0,wind_sensor_link,1.0,148.0,0.0
1790355045324492754,1790355045,200000000,wind_sensor_link,1.0,144.0,0.0
1790355045517385730,1790355045,400000000,wind_sensor_link,1.1,142.0,0.0
1790355045724191985,1790355045,600000256,wind_sensor_link,1.0,138.0,0.0
1790355045917202496,1790355045,800000256,wind_sensor_link,1.1,135.0,0.0
1790355046123992122,1790355046,0,wind_sensor_link,1.1,138.0,0.0
1790355046331097224,1790355046,200000000,wind_sensor_link,1.0,134.0,0.0
1790355046523568854,1790355046,400000000,wind_sensor_link,1.0,132.0,0.0
1790355046730949212,1790355046,600000256,wind_sensor_link,1.0,131.0,0.0
1790355046923416416,1790355046,800000256,wind_sensor_link,1.1,129.0,0.0
1790355047130505982,1790355047,0,wind_sensor_link,1.1,135.0,0.0
1790355047323201608,1790355047,200000000,wind_sensor_link,1.1,133.0,0.0
1790355047530226971,1790355047,400000000,wind_sensor_link,1.0,135.0,0.0
1790355047722882580,1790355047,600000256,wind_sensor_link,1.1,131.0,0.0
1790355047930002441,1790355047,800000256,wind_sensor_link,1.2,128.0,0.0
1790355048122680790,1790355048,0,wind_sensor_link,1.1,126.0,0.0
1790355048329654432,1790355048,200000000,wind_sensor_link,1.2,122.0,0.0
1790355048522192764,1790355048,400000000,wind_sensor_link,1.1,120.0,0.0
1790355048729340811,1790355048,600000256,wind_sensor_link,1.1,116.0,0.0
1790355048922058400,1790355048,800000256,wind_sensor_link,1.1,118.0,0.0
1790355049129207650,1790355049,0,wind_sensor_link,1.2,120.0,0.0
1790355049321831611,1790355049,200000000,wind_sensor_link,1.1,121.0,0.0
1790355049528990009,1790355049,400000000,wind_sensor_link,1.1,122.0,0.0
1790355049721666543,1790355049,600000256,wind_sensor_link,1.2,127.0,0.0
1790355049928561630,1790355049,800000256,wind_sensor_link,1.2,129.0,0.0
1790355050121688789,1790355050,0,wind_sensor_link,1.2,131.0,0.0
1790355050328435266,1790355050,200000000,wind_sensor_link,1.2,129.0,0.0
1790355050521052986,1790355050,400000000,wind_sensor_link,1.2,127.0,0.0
1790355050728424086,1790355050,600000256,wind_sensor_link,1.3,121.0,0.0
1790355050921090620,1790355050,800000256,wind_sensor_link,1.3,120.0,0.0
1790355051127941244,1790355051,0,wind_sensor_link,1.4,118.0,0.0
1790355051320655426,1790355051,200000000,wind_sensor_link,1.3,114.0,0.0
1790355051527569328,1790355051,400000000,wind_sensor_link,1.3,112.0,0.0
1790355051720286417,1790355051,600000256,wind_sensor_link,1.4,114.0,0.0
1790355051927517629,1790355051,800000256,wind_sensor_link,1.4,113.0,0.0
1790355052120006573,1790355052,0,wind_sensor_link,1.5,114.0,0.0
1790355052327180879,1790355052,200000000,wind_sensor_link,1.5,120.0,0.0
1790355052519882079,1790355052,400000000,wind_sensor_link,1.5,121.0,0.0
1790355052727150606,1790355052,600000256,wind_sensor_link,1.6,124.0,0.0
1790355052919817103,1790355052,800000256,wind_sensor_link,1.6,124.0,0.0
1790355053126653376,1790355053,0,wind_sensor_link,1.7,125.0,0.0
1790355053319570666,1790355053,200000000,wind_sensor_link,1.8,125.0,0.0
1790355053526405587,1790355053,400000000,wind_sensor_link,1.8,125.0,0.0
1790355053718995326,1790355053,600000256,wind_sensor_link,1.7,126.0,0.0
1790355053926069244,1790355053,800000256,wind_sensor_link,1.6,126.0,0.0
1790355054119071460,1790355054,0,wind_sensor_link,1.6,130.0,0.0
1790355054325800530,1790355054,200000000,wind_sensor_link,1.6,127.0,0.0
1790355054518808930,1790355054,400000000,wind_sensor_link,1.5,126.0,0.0
1790355054725477038,1790355054,600000256,wind_sensor_link,1.4,125.0,0.0
1790355054918478754,1790355054,800000256,wind_sensor_link,1.2,123.0,0.0
1790355055125345285,1790355055,0,wind_sensor_link,1.2,126.0,0.0
1790355055318300853,1790355055,200000000,wind_sensor_link,1.2,124.0,0.0
1790355055524982017,1790355055,400000000,wind_sensor_link,1.1,120.0,0.0
1790355055717700995,1790355055,600000256,wind_sensor_link,1.1,115.0,0.0
1790355055924740283,1790355055,800000256,wind_sensor_link,1.1,118.0,0.0
1790355056117353800,1790355056,0,wind_sensor_link,1.0,116.0,0.0
1790355056324488069,1790355056,200000000,wind_sensor_link,1.0,120.0,0.0
1790355056516806422,1790355056,400000000,wind_sensor_link,1.0,123.0,0.0
1790355056724505277,1790355056,600000256,wind_sensor_link,1.0,117.0,0.0
1790355056917377383,1790355056,800000256,wind_sensor_link,1.0,117.0,0.0
1790355057124227618,1790355057,0,wind_sensor_link,1.1,122.0,0.0
1790355057331126613,1790355057,200000000,wind_sensor_link,1.1,125.0,0.0
1790355057523702685,1790355057,400000000,wind_sensor_link,1.1,126.0,0.0
1790355057730783547,1790355057,600000256,wind_sensor_link,1.3,130.0,0.0
1790355057923396212,1790355057,800000256,wind_sensor_link,1.3,131.0,0.0
1790355058130477908,1790355058,0,wind_sensor_link,1.3,126.0,0.0
1790355058323185478,1790355058,200000000,wind_sensor_link,1.3,128.0,0.0
1790355058530173416,1790355058,400000000,wind_sensor_link,1.3,126.0,0.0
1790355058723161909,1790355058,600000256,wind_sensor_link,1.2,123.0,0.0
1790355058929989071,1790355058,800000256,wind_sensor_link,1.2,117.0,0.0
1790355059122950139,1790355059,0,wind_sensor_link,1.1,117.0,0.0
1790355059329755671,1790355059,200000000,wind_sensor_link,1.1,115.0,0.0
1790355059522349651,1790355059,400000000,wind_sensor_link,1.2,115.0,0.0
1790355059729424420,1790355059,600000256,wind_sensor_link,1.2,118.0,0.0
1790355059922051603,1790355059,800000256,wind_sensor_link,1.3,122.0,0.0
1790355060129224261,1790355060,0,wind_sensor_link,1.4,126.0,0.0
1790355060321743186,1790355060,200000000,wind_sensor_link,1.5,130.0,0.0
1790355060528916103,1790355060,400000000,wind_sensor_link,1.4,137.0,0.0
1790355060721554156,1790355060,600000256,wind_sensor_link,1.6,136.0,0.0
1790355060928777887,1790355060,800000256,wind_sensor_link,1.6,137.0,0.0
1790355061121250479,1790355061,0,wind_sensor_link,1.6,140.0,0.0
1790355061328195639,1790355061,200000000,wind_sensor_link,1.6,142.0,0.0
1790355061521012486,1790355061,400000000,wind_sensor_link,1.5,142.0,0.0
1790355061728072942,1790355061,600000256,wind_sensor_link,1.5,141.0,0.0
1790355061920675977,1790355061,800000256,wind_sensor_link,1.4,139.0,0.0
1790355062127690692,1790355062,0,wind_sensor_link,1.4,135.0,0.0
1790355062320766684,1790355062,200000000,wind_sensor_link,1.3,133.0,0.0
1790355062527534143,1790355062,400000000,wind_sensor_link,1.3,132.0,0.0
1790355062720478933,1790355062,600000256,wind_sensor_link,1.3,131.0,0.0
1790355062927510888,1790355062,800000256,wind_sensor_link,1.2,132.0,0.0
1790355063119854815,1790355063,0,wind_sensor_link,1.1,127.0,0.0
1790355063326903363,1790355063,200000000,wind_sensor_link,1.2,125.0,0.0
1790355063519735340,1790355063,400000000,wind_sensor_link,1.2,127.0,0.0
1790355063726748592,1790355063,600000256,wind_sensor_link,1.3,129.0,0.0
1790355063919694790,1790355063,800000256,wind_sensor_link,1.3,130.0,0.0
1790355064126463489,1790355064,0,wind_sensor_link,1.3,132.0,0.0
1790355064319101876,1790355064,200000000,wind_sensor_link,1.4,134.0,0.0
1790355064526197682,1790355064,400000000,wind_sensor_link,1.4,136.0,0.0
1790355064718878957,1790355064,600000256,wind_sensor_link,1.7,140.0,0.0
1790355064925929227,1790355064,800000256,wind_sensor_link,1.8,142.0,0.0
1790355065118571039,1790355065,0,wind_sensor_link,1.8,144.0,0.0
1790355065325469311,1790355065,200000000,wind_sensor_link,1.8,149.0,0.0
1790355065518299603,1790355065,400000000,wind_sensor_link,1.9,148.0,0.0
1790355065725451187,1790355065,600000256,wind_sensor_link,1.9,146.0,0.0
1790355065917961408,1790355065,800000256,wind_sensor_link,2.0,147.0,0.0
1790355066125172176,1790355066,0,wind_sensor_link,2.0,148.0,0.0
1790355066317822803,1790355066,200000000,wind_sensor_link,1.8,153.0,0.0
1790355066524887462,1790355066,400000000,wind_sensor_link,1.7,156.0,0.0
1790355066717867122,1790355066,600000256,wind_sensor_link,1.7,159.0,0.0
1790355066924557267,1790355066,800000256,wind_sensor_link,1.7,158.0,0.0
1790355067117569316,1790355067,0,wind_sensor_link,1.9,163.0,0.0
1790355067324693344,1790355067,200000000,wind_sensor_link,1.9,161.0,0.0
1790355067517392563,1790355067,400000000,wind_sensor_link,1.9,162.0,0.0
1790355067723873285,1790355067,600000256,wind_sensor_link,2.0,162.0,0.0
1790355067916719150,1790355067,800000256,wind_sensor_link,2.0,159.0,0.0
1790355068123997325,1790355068,0,wind_sensor_link,2.0,156.0,0.0
1790355068330808098,1790355068,200000000,wind_sensor_link,2.0,156.0,0.0
1790355068523539150,1790355068,400000000,wind_sensor_link,2.0,154.0,0.0
1790355068730721215,1790355068,600000256,wind_sensor_link,1.8,155.0,0.0
1790355068923231103,1790355068,800000256,wind_sensor_link,1.7,157.0,0.0
1790355069130331317,1790355069,0,wind_sensor_link,1.7,156.0,0.0
1790355069322999425,1790355069,200000000,wind_sensor_link,1.6,155.0,0.0
1790355069530097583,1790355069,400000000,wind_sensor_link,1.6,155.0,0.0
1790355069722700822,1790355069,600000256,wind_sensor_link,1.5,154.0,0.0
1790355069929812332,1790355069,800000256,wind_sensor_link,1.5,151.0,0.0
1790355070122449423,1790355070,0,wind_sensor_link,1.4,149.0,0.0
1790355070329531081,1790355070,200000000,wind_sensor_link,1.4,149.0,0.0
1790355070522616925,1790355070,400000000,wind_sensor_link,1.4,149.0,0.0
1790355070729227941,1790355070,600000256,wind_sensor_link,1.4,151.0,0.0
1790355070922164213,1790355070,800000256,wind_sensor_link,1.4,149.0,0.0
1790355071129074244,1790355071,0,wind_sensor_link,1.4,149.0,0.0
1790355071321721223,1790355071,200000000,wind_sensor_link,1.4,151.0,0.0
1790355071528688661,1790355071,400000000,wind_sensor_link,1.5,154.0,0.0
1790355071721411083,1790355071,600000256,wind_sensor_link,1.5,155.0,0.0
1790355071928324725,1790355071,800000256,wind_sensor_link,1.5,154.0,0.0
1790355072121131647,1790355072,0,wind_sensor_link,1.5,151.0,0.0
1790355072328144769,1790355072,200000000,wind_sensor_link,1.6,152.0,0.0
1790355072520847711,1790355072,400000000,wind_sensor_link,1.5,151.0,0.0
1790355072728040053,1790355072,600000256,wind_sensor_link,1.6,151.0,0.0
1790355072920698384,1790355072,800000256,wind_sensor_link,1.5,150.0,0.0
1790355073127930392,1790355073,0,wind_sensor_link,1.5,149.0,0.0
1790355073320383800,1790355073,200000000,wind_sensor_link,1.5,147.0,0.0
1790355073527454810,1790355073,400000000,wind_sensor_link,1.5,145.0,0.0
1790355073720118437,1790355073,600000256,wind_sensor_link,1.4,144.0,0.0
1790355073927145893,1790355073,800000256,wind_sensor_link,1.4,143.0,0.0
1790355074119900889,1790355074,0,wind_sensor_link,1.5,142.0,0.0
1790355074327027362,1790355074,200000000,wind_sensor_link,1.5,142.0,0.0
1790355074519370307,1790355074,400000000,wind_sensor_link,1.5,142.0,0.0
1790355074726728370,1790355074,600000256,wind_sensor_link,1.5,143.0,0.0
1790355074919090686,1790355074,800000256,wind_sensor_link,1.4,144.0,0.0
1790355075126431138,1790355075,0,wind_sensor_link,1.5,147.0,0.0
1790355075318828342,1790355075,200000000,wind_sensor_link,1.5,148.0,0.0
1790355075526243885,1790355075,400000000,wind_sensor_link,1.5,148.0,0.0
1790355075718535424,1790355075,600000256,wind_sensor_link,1.4,150.0,0.0
1790355075925984912,1790355075,800000256,wind_sensor_link,1.3,152.0,0.0
1790355076118692594,1790355076,0,wind_sensor_link,1.3,151.0,0.0
1790355076325685124,1790355076,200000000,wind_sensor_link,1.4,152.0,0.0
1790355076518314214,1790355076,400000000,wind_sensor_link,1.4,150.0,0.0
1790355076725389854,1790355076,600000256,wind_sensor_link,1.4,151.0,0.0
1790355076918014296,1790355076,800000256,wind_sensor_link,1.4,152.0,0.0
1790355077125420970,1790355077,0,wind_sensor_link,1.4,153.0,0.0
1790355077317852470,1790355077,200000000,wind_sensor_link,1.4,152.0,0.0
1790355077524941980,1790355077,400000000,wind_sensor_link,1.5,154.0,0.0
1790355077717570218,1790355077,600000256,wind_sensor_link,1.6,159.0,0.0
1790355077924673580,1790355077,800000256,wind_sensor_link,1.5,161.0,0.0
1790355078117295745,1790355078,0,wind_sensor_link,1.6,161.0,0.0
1790355078324381978,1790355078,200000000,wind_sensor_link,1.6,164.0,0.0
1790355078517320009,1790355078,400000000,wind_sensor_link,1.6,162.0,0.0
1790355078724120022,1790355078,600000256,wind_sensor_link,1.6,161.0,0.0
1790355078916739354,1790355078,800000256,wind_sensor_link,1.6,159.0,0.0
1790355079123883937,1790355079,0,wind_sensor_link,1.6,158.0,0.0
1790355079330908763,1790355079,200000000,wind_sensor_link,1.6,157.0,0.0
1790355079523726129,1790355079,400000000,wind_sensor_link,1.6,156.0,0.0
1790355079730646012,1790355079,600000256,wind_sensor_link,1.6,156.0,0.0
1790355079923157215,1790355079,800000256,wind_sensor_link,1.7,155.0,0.0
1790355080130401427,1790355080,0,wind_sensor_link,1.8,156.0,0.0
1790355080323085665,1790355080,200000000,wind_sensor_link,1.8,158.0,0.0
1790355080530242711,1790355080,400000000,wind_sensor_link,1.9,159.0,0.0
1790355080722834524,1790355080,600000256,wind_sensor_link,1.9,157.0,0.0
1790355080929977275,1790355080,800000256,wind_sensor_link,1.9,154.0,0.0
1790355081122653883,1790355081,0,wind_sensor_link,1.9,154.0,0.0
1790355081329667820,1790355081,200000000,wind_sensor_link,1.9,154.0,0.0
1790355081522366928,1790355081,400000000,wind_sensor_link,1.9,153.0,0.0
1790355081729366773,1790355081,600000256,wind_sensor_link,1.9,154.0,0.0
1790355081922096269,1790355081,800000256,wind_sensor_link,1.8,153.0,0.0
1790355082129104855,1790355082,0,wind_sensor_link,1.7,153.0,0.0
1790355082321699409,1790355082,200000000,wind_sensor_link,1.8,156.0,0.0
1790355082528917566,1790355082,400000000,wind_sensor_link,1.8,159.0,0.0
1790355082721422880,1790355082,600000256,wind_sensor_link,1.8,161.0,0.0
1790355082928639055,1790355082,800000256,wind_sensor_link,1.8,161.0,0.0
1790355083121192165,1790355083,0,wind_sensor_link,1.8,163.0,0.0
1790355083328358248,1790355083,200000000,wind_sensor_link,1.9,164.0,0.0
1790355083520911617,1790355083,400000000,wind_sensor_link,1.9,165.0,0.0
1790355083728280069,1790355083,600000256,wind_sensor_link,2.0,170.0,0.0
1790355083920734957,1790355083,800000256,wind_sensor_link,2.0,170.0,0.0
1790355084128004762,1790355084,0,wind_sensor_link,2.0,172.0,0.0
1790355084320680185,1790355084,200000000,wind_sensor_link,1.9,170.0,0.0
1790355084527568087,1790355084,400000000,wind_sensor_link,1.9,171.0,0.0
1790355084720379064,1790355084,600000256,wind_sensor_link,1.9,170.0,0.0
1790355084927280095,1790355084,800000256,wind_sensor_link,1.9,169.0,0.0
1790355085120053480,1790355085,0,wind_sensor_link,1.8,166.0,0.0
1790355085327282674,1790355085,200000000,wind_sensor_link,1.8,164.0,0.0
1790355085519640508,1790355085,400000000,wind_sensor_link,1.7,163.0,0.0
1790355085726841702,1790355085,600000256,wind_sensor_link,1.7,160.0,0.0
1790355085919720493,1790355085,800000256,wind_sensor_link,1.7,160.0,0.0
1790355086126917613,1790355086,0,wind_sensor_link,1.7,159.0,0.0
1790355086319367076,1790355086,200000000,wind_sensor_link,1.7,158.0,0.0
1790355086526309996,1790355086,400000000,wind_sensor_link,1.6,159.0,0.0
1790355086719055085,1790355086,600000256,wind_sensor_link,1.7,160.0,0.0
1790355086926206465,1790355086,800000256,wind_sensor_link,1.6,161.0,0.0
1790355087118780111,1790355087,0,wind_sensor_link,1.6,162.0,0.0
1790355087325778789,1790355087,200000000,wind_sensor_link,1.6,161.0,0.0
1790355087518565155,1790355087,400000000,wind_sensor_link,1.6,160.0,0.0
1790355087725676443,1790355087,600000256,wind_sensor_link,1.6,161.0,0.0
1790355087918558605,1790355087,800000256,wind_sensor_link,1.6,161.0,0.0
1790355088125460932,1790355088,0,wind_sensor_link,1.6,162.0,0.0
1790355088318291798,1790355088,200000000,wind_sensor_link,1.6,164.0,0.0
1790355088525069330,1790355088,400000000,wind_sensor_link,1.7,161.0,0.0
1790355088717817012,1790355088,600000256,wind_sensor_link,1.7,161.0,0.0
1790355088924842301,1790355088,800000256,wind_sensor_link,1.7,161.0,0.0
1790355089117870220,1790355089,0,wind_sensor_link,1.8,164.0,0.0
1790355089324569586,1790355089,200000000,wind_sensor_link,1.7,163.0,0.0
1790355089517532654,1790355089,400000000,wind_sensor_link,1.7,160.0,0.0
1790355089724319335,1790355089,600000256,wind_sensor_link,1.7,157.0,0.0
1790355089917205126,1790355089,800000256,wind_sensor_link,1.6,152.0,0.0
1790355090124065417,1790355090,0,wind_sensor_link,1.5,152.0,0.0
1790355090317117280,1790355090,200000000,wind_sensor_link,1.6,153.0,0.0
1790355090523804313,1790355090,400000000,wind_sensor_link,1.5,147.0,0.0
1790355090730948916,1790355090,600000256,wind_sensor_link,1.4,148.0,0.0
1790355090923485359,1790355090,800000256,wind_sensor_link,1.3,146.0,0.0
1790355091130568851,1790355091,0,wind_sensor_link,1.3,146.0,0.0
1790355091323246255,1790355091,200000000,wind_sensor_link,1.3,145.0,0.0
1790355091530567300,1790355091,400000000,wind_sensor_link,1.3,145.0,0.0
1790355091723017355,1790355091,600000256,wind_sensor_link,1.3,145.0,0.0
1790355091929945701,1790355091,800000256,wind_sensor_link,1.3,140.0,0.0
1790355092122736438,1790355092,0,wind_sensor_link,1.3,147.0,0.0
1790355092329951798,1790355092,200000000,wind_sensor_link,1.4,146.0,0.0
1790355092522526667,1790355092,400000000,wind_sensor_link,1.5,146.0,0.0
1790355092729659566,1790355092,600000256,wind_sensor_link,1.6,147.0,0.0
1790355092922224898,1790355092,800000256,wind_sensor_link,1.6,150.0,0.0
1790355093129308575,1790355093,0,wind_sensor_link,1.5,152.0,0.0
1790355093321934461,1790355093,200000000,wind_sensor_link,1.6,154.0,0.0
1790355093529156414,1790355093,400000000,wind_sensor_link,1.6,154.0,0.0
1790355093721654729,1790355093,600000256,wind_sensor_link,1.6,154.0,0.0
1790355093928731721,1790355093,800000256,wind_sensor_link,1.6,154.0,0.0
1790355094121448902,1790355094,0,wind_sensor_link,1.6,153.0,0.0
1790355094328531005,1790355094,200000000,wind_sensor_link,1.6,153.0,0.0
1790355094521322575,1790355094,400000000,wind_sensor_link,1.6,154.0,0.0
1790355094728315179,1790355094,600000256,wind_sensor_link,1.6,153.0,0.0
1790355094920810845,1790355094,800000256,wind_sensor_link,1.5,153.0,0.0
1790355095128029521,1790355095,0,wind_sensor_link,1.5,152.0,0.0
1790355095320683389,1790355095,200000000,wind_sensor_link,1.6,151.0,0.0
1790355095527737436,1790355095,400000000,wind_sensor_link,1.7,149.0,0.0
1790355095720373304,1790355095,600000256,wind_sensor_link,1.6,150.0,0.0
1790355095927395779,1790355095,800000256,wind_sensor_link,1.7,151.0,0.0
1790355096120094609,1790355096,0,wind_sensor_link,1.7,149.0,0.0
1790355096327258581,1790355096,200000000,wind_sensor_link,1.7,151.0,0.0
1790355096519812061,1790355096,400000000,wind_sensor_link,1.7,152.0,0.0
1790355096726988478,1790355096,600000256,wind_sensor_link,1.7,153.0,0.0
1790355096919335924,1790355096,800000256,wind_sensor_link,1.7,153.0,0.0
1790355097126515211,1790355097,0,wind_sensor_link,1.7,155.0,0.0
1790355097318693621,1790355097,200000000,wind_sensor_link,1.8,154.0,0.0
1790355097526342977,1790355097,400000000,wind_sensor_link,1.9,154.0,0.0
1790355097719045159,1790355097,600000256,wind_sensor_link,1.9,154.0,0.0
1790355097926112947,1790355097,800000256,wind_sensor_link,2.0,156.0,0.0
1790355098119154681,1790355098,0,wind_sensor_link,2.1,157.0,0.0
1790355098325881158,1790355098,200000000,wind_sensor_link,2.3,159.0,0.0
1790355098518494323,1790355098,400000000,wind_sensor_link,2.2,159.0,0.0
1790355098725573241,1790355098,600000256,wind_sensor_link,2.3,162.0,0.0
1790355098918513438,1790355098,800000256,wind_sensor_link,2.3,161.0,0.0
1790355099125369303,1790355099,0,wind_sensor_link,2.1,161.0,0.0
1790355099318313964,1790355099,200000000,wind_sensor_link,2.1,163.0,0.0
1790355099525164848,1790355099,400000000,wind_sensor_link,2.1,162.0,0.0
1790355099717741753,1790355099,600000256,wind_sensor_link,2.0,160.0,0.0
1790355099924742913,1790355099,800000256,wind_sensor_link,2.0,159.0,0.0
1790355100117394429,1790355100,0,wind_sensor_link,2.0,160.0,0.0
1790355100324499476,1790355100,200000000,wind_sensor_link,2.0,160.0,0.0
1790355100517477840,1790355100,400000000,wind_sensor_link,2.0,159.0,0.0
1790355100724283983,1790355100,600000256,wind_sensor_link,2.1,160.0,0.0
1790355100917324384,1790355100,800000256,wind_sensor_link,2.2,160.0,0.0
1790355101123999343,1790355101,0,wind_sensor_link,2.3,161.0,0.0
1790355101317020540,1790355101,200000000,wind_sensor_link,2.3,162.0,0.0
1790355101523743647,1790355101,400000000,wind_sensor_link,2.4,159.0,0.0
1790355101730835658,1790355101,600000256,wind_sensor_link,2.5,159.0,0.0
1790355101923254362,1790355101,800000256,wind_sensor_link,2.5,162.0,0.0
1790355102130485592,1790355102,0,wind_sensor_link,2.6,163.0,0.0
1790355102323270107,1790355102,200000000,wind_sensor_link,2.6,163.0,0.0
1790355102530268137,1790355102,400000000,wind_sensor_link,2.6,166.0,0.0
1790355102722962875,1790355102,600000256,wind_sensor_link,2.6,167.0,0.0
1790355102930025811,1790355102,800000256,wind_sensor_link,2.6,170.0,0.0
1790355103122694271,1790355103,0,wind_sensor_link,2.6,175.0,0.0
1790355103329676524,1790355103,200000000,wind_sensor_link,2.6,178.0,0.0
1790355103522437001,1790355103,400000000,wind_sensor_link,2.6,179.0,0.0
1790355103729520030,1790355103,600000256,wind_sensor_link,2.6,181.0,0.0
1790355103922164768,1790355103,800000256,wind_sensor_link,2.6,181.0,0.0
1790355104129254020,1790355104,0,wind_sensor_link,2.6,180.0,0.0
1790355104321932498,1790355104,200000000,wind_sensor_link,2.6,182.0,0.0
1790355104529101119,1790355104,400000000,wind_sensor_link,2.6,183.0,0.0
1790355104721664543,1790355104,600000256,wind_sensor_link,2.6,181.0,0.0
1790355104928686147,1790355104,800000256,wind_sensor_link,2.7,180.0,0.0
1790355105121435143,1790355105,0,wind_sensor_link,2.6,179.0,0.0
1790355105328411173,1790355105,200000000,wind_sensor_link,2.7,180.0,0.0
1790355105521182318,1790355105,400000000,wind_sensor_link,2.6,180.0,0.0
1790355105728235051,1790355105,600000256,wind_sensor_link,2.5,177.0,0.0
1790355105920911844,1790355105,800000256,wind_sensor_link,2.5,176.0,0.0
1790355106128082298,1790355106,0,wind_sensor_link,2.5,175.0,0.0
1790355106320678852,1790355106,200000000,wind_sensor_link,2.7,177.0,0.0
1790355106527967545,1790355106,400000000,wind_sensor_link,2.6,177.0,0.0
1790355106720426415,1790355106,600000256,wind_sensor_link,2.6,179.0,0.0
1790355106927389982,1790355106,800000256,wind_sensor_link,2.5,180.0,0.0
1790355107120199756,1790355107,0,wind_sensor_link,2.7,180.0,0.0
1790355107327112083,1790355107,200000000,wind_sensor_link,2.7,183.0,0.0
1790355107519854894,1790355107,400000000,wind_sensor_link,2.8,184.0,0.0
1790355107727009904,1790355107,600000256,wind_sensor_link,2.7,184.0,0.0
1790355107919454126,1790355107,800000256,wind_sensor_link,2.7,180.0,0.0
1790355108126667857,1790355108,0,wind_sensor_link,2.7,181.0,0.0
1790355108319252781,1790355108,200000000,wind_sensor_link,2.8,177.0,0.0
1790355108526463920,1790355108,400000000,wind_sensor_link,2.8,180.0,0.0
1790355108718915253,1790355108,600000256,wind_sensor_link,2.7,179.0,0.0
1790355108926256704,1790355108,800000256,wind_sensor_link,2.8,177.0,0.0
1790355109118633390,1790355109,0,wind_sensor_link,2.7,177.0,0.0
1790355109325893547,1790355109,200000000,wind_sensor_link,2.7,178.0,0.0
1790355109518682209,1790355109,400000000,wind_sensor_link,2.7,181.0,0.0
1790355109725741664,1790355109,600000256,wind_sensor_link,2.8,179.0,0.0
1790355109918760528,1790355109,800000256,wind_sensor_link,2.8,181.0,0.0
1790355110125471746,1790355110,0,wind_sensor_link,2.8,179.0,0.0
1790355110318495240,1790355110,200000000,wind_sensor_link,2.8,180.0,0.0
1790355110525297605,1790355110,400000000,wind_sensor_link,2.8,180.0,0.0
1790355110718202303,1790355110,600000256,wind_sensor_link,2.8,180.0,0.0
1790355110924977003,1790355110,800000256,wind_sensor_link,2.7,181.0,0.0
1790355111117713795,1790355111,0,wind_sensor_link,2.7,180.0,0.0
1790355111324645437,1790355111,200000000,wind_sensor_link,2.6,181.0,0.0
1790355111517399082,1790355111,400000000,wind_sensor_link,2.6,179.0,0.0
1790355111724457092,1790355111,600000256,wind_sensor_link,2.6,179.0,0.0
1790355111917473474,1790355111,800000256,wind_sensor_link,2.5,179.0,0.0
1790355112124309043,1790355112,0,wind_sensor_link,2.5,178.0,0.0
1790355112316368474,1790355112,200000000,wind_sensor_link,2.5,178.0,0.0
1790355112524138994,1790355112,400000000,wind_sensor_link,2.5,178.0,0.0
1790355112717105081,1790355112,600000256,wind_sensor_link,2.4,177.0,0.0
1790355112923768615,1790355112,800000256,wind_sensor_link,2.4,179.0,0.0
1790355113130927587,1790355113,0,wind_sensor_link,2.4,181.0,0.0
1790355113323302495,1790355113,200000000,wind_sensor_link,2.3,183.0,0.0
1790355113530659743,1790355113,400000000,wind_sensor_link,2.4,183.0,0.0
1790355113723321259,1790355113,600000256,wind_sensor_link,2.3,183.0,0.0
1790355113930375251,1790355113,800000256,wind_sensor_link,2.3,185.0,0.0
1790355114123102674,1790355114,0,wind_sensor_link,2.3,185.0,0.0
1790355114330057741,1790355114,200000000,wind_sensor_link,2.4,186.0,0.0
1790355114522486593,1790355114,400000000,wind_sensor_link,2.3,188.0,0.0
1790355114729980062,1790355114,600000256,wind_sensor_link,2.4,188.0,0.0
1790355114922519875,1790355114,800000256,wind_sensor_link,2.4,189.0,0.0
1790355115129733866,1790355115,0,wind_sensor_link,2.4,190.0,0.0
1790355115322177217,1790355115,200000000,wind_sensor_link,2.3,192.0,0.0
1790355115529268950,1790355115,400000000,wind_sensor_link,2.4,189.0,0.0
1790355115722097205,1790355115,600000256,wind_sensor_link,2.4,187.0,0.0
1790355115929136493,1790355115,800000256,wind_sensor_link,2.4,188.0,0.0
1790355116121872805,1790355116,0,wind_sensor_link,2.3,188.0,0.0
1790355116328854761,1790355116,200000000,wind_sensor_link,2.4,187.0,0.0
1790355116521532776,1790355116,400000000,wind_sensor_link,2.4,184.0,0.0
1790355116728720545,1790355116,600000256,wind_sensor_link,2.5,182.0,0.0
1790355116921276969,1790355116,800000256,wind_sensor_link,2.6,181.0,0.0
1790355117128392146,1790355117,0,wind_sensor_link,2.7,179.0,0.0
1790355117320929534,1790355117,200000000,wind_sensor_link,2.7,177.0,0.0
1790355117528013766,1790355117,400000000,wind_sensor_link,2.8,175.0,0.0
1790355117720787188,1790355117,600000256,wind_sensor_link,2.9,173.0,0.0
1790355117927924457,1790355117,800000256,wind_sensor_link,2.9,173.0,0.0
1790355118120913840,1790355118,0,wind_sensor_link,2.9,171.0,0.0
1790355118327712279,1790355118,200000000,wind_sensor_link,2.8,170.0,0.0
1790355118520714865,1790355118,400000000,wind_sensor_link,2.9,170.0,0.0
1790355118727455991,1790355118,600000256,wind_sensor_link,2.9,171.0,0.0
1790355118920375226,1790355118,800000256,wind_sensor_link,2.9,172.0,0.0
1790355119127347886,1790355119,0,wind_sensor_link,2.9,175.0,0.0
1790355119319712072,1790355119,200000000,wind_sensor_link,2.9,174.0,0.0
1790355119526719879,1790355119,400000000,wind_sensor_link,2.9,175.0,0.0
1790355119719710502,1790355119,600000256,wind_sensor_link,2.9,175.0,0.0
1790355119926749680,1790355119,800000256,wind_sensor_link,2.9,176.0,0.0
1790355120119186735,1790355120,0,wind_sensor_link,2.9,176.0,0.0
1790355120326407337,1790355120,200000000,wind_sensor_link,2.9,177.0,0.0
1790355120519177222,1790355120,400000000,wind_sensor_link,2.8,175.0,0.0
1790355120726242288,1790355120,600000256,wind_sensor_link,2.7,174.0,0.0
1790355120918890748,1790355120,800000256,wind_sensor_link,2.7,173.0,0.0
1790355121126090943,1790355121,0,wind_sensor_link,2.7,174.0,0.0
1790355121318549683,1790355121,200000000,wind_sensor_link,2.7,173.0,0.0
1790355121526131336,1790355121,400000000,wind_sensor_link,2.6,173.0,0.0
1790355121718512633,1790355121,600000256,wind_sensor_link,2.6,172.0,0.0
1790355121925791307,1790355121,800000256,wind_sensor_link,2.6,173.0,0.0
1790355122118680913,1790355122,0,wind_sensor_link,2.6,175.0,0.0
1790355122325662721,1790355122,200000000,wind_sensor_link,2.5,176.0,0.0
1790355122518046166,1790355122,400000000,wind_sensor_link,2.5,177.0,0.0
1790355122725173509,1790355122,600000256,wind_sensor_link,2.5,179.0,0.0
1790355122917747045,1790355122,800000256,wind_sensor_link,2.4,180.0,0.0
1790355123124907536,1790355123,0,wind_sensor_link,2.4,180.0,0.0
1790355123317287555,1790355123,200000000,wind_sensor_link,2.4,180.0,0.0
1790355123524648618,1790355123,400000000,wind_sensor_link,2.4,180.0,0.0
1790355123717264245,1790355123,600000256,wind_sensor_link,2.4,181.0,0.0
1790355123924667511,1790355123,800000256,wind_sensor_link,2.4,180.0,0.0
1790355124117372082,1790355124,0,wind_sensor_link,2.4,178.0,0.0
1790355124324048764,1790355124,200000000,wind_sensor_link,2.4,178.0,0.0
1790355124516795816,1790355124,400000000,wind_sensor_link,2.5,178.0,0.0
1790355124723972195,1790355124,600000256,wind_sensor_link,2.5,179.0,0.0
1790355124916656230,1790355124,800000256,wind_sensor_link,2.5,179.0,0.0
1790355125123519983,1790355125,0,wind_sensor_link,2.5,178.0,0.0
1790355125330816510,1790355125,200000000,wind_sensor_link,2.5,177.0,0.0
1790355125523406823,1790355125,400000000,wind_sensor_link,2.5,176.0,0.0
1790355125730634128,1790355125,600000256,wind_sensor_link,2.5,176.0,0.0
1790355125923498956,1790355125,800000256,wind_sensor_link,2.5,177.0,0.0
1790355126130360525,1790355126,0,wind_sensor_link,2.4,175.0,0.0
1790355126322880357,1790355126,200000000,wind_sensor_link,2.5,174.0,0.0
1790355126529982238,1790355126,400000000,wind_sensor_link,2.5,170.0,0.0
1790355126722729401,1790355126,600000256,wind_sensor_link,2.5,169.0,0.0
1790355126929888040,1790355126,800000256,wind_sensor_link,2.6,167.0,0.0
1790355127122447038,1790355127,0,wind_sensor_link,2.6,167.0,0.0
1790355127329673102,1790355127,200000000,wind_sensor_link,2.7,166.0,0.0
1790355127522310248,1790355127,400000000,wind_sensor_link,2.7,164.0,0.0
1790355127729370685,1790355127,600000256,wind_sensor_link,2.8,164.0,0.0
1790355127921990701,1790355127,800000256,wind_sensor_link,2.9,166.0,0.0
1790355128129205636,1790355128,0,wind_sensor_link,2.8,167.0,0.0
1790355128321498786,1790355128,200000000,wind_sensor_link,2.8,166.0,0.0
1790355128528930922,1790355128,400000000,wind_sensor_link,2.8,166.0,0.0
1790355128721444754,1790355128,600000256,wind_sensor_link,2.8,165.0,0.0
1790355128928663800,1790355128,800000256,wind_sensor_link,2.8,165.0,0.0
1790355129121295483,1790355129,0,wind_sensor_link,2.8,166.0,0.0
1790355129328361808,1790355129,200000000,wind_sensor_link,2.8,168.0,0.0
1790355129521037398,1790355129,400000000,wind_sensor_link,2.9,167.0,0.0
1790355129728083927,1790355129,600000256,wind_sensor_link,2.9,168.0,0.0
1790355129920752017,1790355129,800000256,wind_sensor_link,2.8,167.0,0.0
1790355130127792362,1790355130,0,wind_sensor_link,2.7,169.0,0.0
1790355130320275882,1790355130,200000000,wind_sensor_link,2.7,168.0,0.0
1790355130527798840,1790355130,400000000,wind_sensor_link,2.7,164.0,0.0
1790355130720329692,1790355130,600000256,wind_sensor_link,2.5,165.0,0.0
1790355130927369100,1790355130,800000256,wind_sensor_link,2.5,162.0,0.0
1790355131119820156,1790355131,0,wind_sensor_link,2.4,159.0,0.0
1790355131327022025,1790355131,200000000,wind_sensor_link,2.6,158.0,0.0
1790355131519551951,1790355131,400000000,wind_sensor_link,2.5,157.0,0.0
1790355131727049872,1790355131,600000256,wind_sensor_link,2.6,157.0,0.0
1790355131919378171,1790355131,800000256,wind_sensor_link,2.5,155.0,0.0
1790355132126564392,1790355132,0,wind_sensor_link,2.5,156.0,0.0
1790355132319170613,1790355132,200000000,wind_sensor_link,2.6,153.0,0.0
1790355132526333038,1790355132,400000000,wind_sensor_link,2.6,154.0,0.0
1790355132719123257,1790355132,600000256,wind_sensor_link,2.7,155.0,0.0
1790355132926145776,1790355132,800000256,wind_sensor_link,2.6,155.0,0.0
1790355133118829256,1790355133,0,wind_sensor_link,2.7,156.0,0.0
1790355133325854886,1790355133,200000000,wind_sensor_link,2.7,153.0,0.0
1790355133518482052,1790355133,400000000,wind_sensor_link,2.7,156.0,0.0
1790355133725575866,1790355133,600000256,wind_sensor_link,2.7,156.0,0.0
1790355133918761859,1790355133,800000256,wind_sensor_link,2.8,157.0,0.0
1790355134125454030,1790355134,0,wind_sensor_link,2.7,157.0,0.0
1790355134317872865,1790355134,200000000,wind_sensor_link,2.6,155.0,0.0
1790355134525119474,1790355134,400000000,wind_sensor_link,2.6,154.0,0.0
1790355134718182708,1790355134,600000256,wind_sensor_link,2.6,155.0,0.0
1790355134924995230,1790355134,800000256,wind_sensor_link,2.5,158.0,0.0
1790355135117729209,1790355135,0,wind_sensor_link,2.6,157.0,0.0
1790355135324547583,1790355135,200000000,wind_sensor_link,2.6,156.0,0.0
1790355135517384375,1790355135,400000000,wind_sensor_link,2.6,155.0,0.0
1790355135724515430,1790355135,600000256,wind_sensor_link,2.7,155.0,0.0
1790355135917489184,1790355135,800000256,wind_sensor_link,2.7,158.0,0.0
1790355136124324021,1790355136,0,wind_sensor_link,2.7,158.0,0.0
1790355136316665615,1790355136,200000000,wind_sensor_link,2.8,158.0,0.0
1790355136524119981,1790355136,400000000,wind_sensor_link,2.9,156.0,0.0
1790355136716430113,1790355136,600000256,wind_sensor_link,2.9,156.0,0.0
1790355136923631038,1790355136,800000256,wind_sensor_link,2.9,157.0,0.0
1790355137116468238,1790355137,0,wind_sensor_link,2.9,158.0,0.0
1790355137323829513,1790355137,200000000,wind_sensor_link,2.9,158.0,0.0
1790355137530679701,1790355137,400000000,wind_sensor_link,2.9,158.0,0.0
1790355137723358995,1790355137,600000256,wind_sensor_link,2.8,159.0,0.0
1790355137930337033,1790355137,800000256,wind_sensor_link,2.8,159.0,0.0
1790355138123129975,1790355138,0,wind_sensor_link,2.7,157.0,0.0
1790355138330107383,1790355138,200000000,wind_sensor_link,2.7,157.0,0.0
1790355138522902269,1790355138,400000000,wind_sensor_link,2.6,157.0,0.0
1790355138729862530,1790355138,600000256,wind_sensor_link,2.6,157.0,0.0
1790355138922564602,1790355138,800000256,wind_sensor_link,2.6,157.0,0.0
1790355139129686916,1790355139,0,wind_sensor_link,2.5,156.0,0.0
1790355139322392099,1790355139,200000000,wind_sensor_link,2.5,157.0,0.0
1790355139529487636,1790355139,400000000,wind_sensor_link,2.5,157.0,0.0
1790355139722229745,1790355139,600000256,wind_sensor_link,2.5,157.0,0.0
1790355139929097525,1790355139,800000256,wind_sensor_link,2.5,158.0,0.0
1790355140121902392,1790355140,0,wind_sensor_link,2.5,157.0,0.0
1790355140328911504,1790355140,200000000,wind_sensor_link,2.5,157.0,0.0
1790355140521372635,1790355140,400000000,wind_sensor_link,2.5,156.0,0.0
1790355140728729335,1790355140,600000256,wind_sensor_link,2.6,156.0,0.0
1790355140921212410,1790355140,800000256,wind_sensor_link,2.6,156.0,0.0
1790355141128511129,1790355141,0,wind_sensor_link,2.6,156.0,0.0
1790355141321118258,1790355141,200000000,wind_sensor_link,2.7,156.0,0.0
1790355141528110500,1790355141,400000000,wind_sensor_link,2.7,154.0,0.0
1790355141720695629,1790355141,600000256,wind_sensor_link,2.8,154.0,0.0
1790355141928045033,1790355141,800000256,wind_sensor_link,2.8,153.0,0.0
1790355142120495108,1790355142,0,wind_sensor_link,2.8,154.0,0.0
1790355142327970159,1790355142,200000000,wind_sensor_link,2.8,154.0,0.0
1790355142520265106,1790355142,400000000,wind_sensor_link,2.8,154.0,0.0
1790355142727772342,1790355142,600000256,wind_sensor_link,2.9,154.0,0.0
1790355142920154344,1790355142,800000256,wind_sensor_link,2.8,154.0,0.0
1790355143127426379,1790355143,0,wind_sensor_link,2.8,155.0,0.0
1790355143319930157,1790355143,200000000,wind_sensor_link,2.7,156.0,0.0
1790355143527076749,1790355143,400000000,wind_sensor_link,2.5,156.0,0.0
1790355143719640563,1790355143,600000256,wind_sensor_link,2.7,158.0,0.0
1790355143926746803,1790355143,800000256,wind_sensor_link,2.6,160.0,0.0
1790355144119406413,1790355144,0,wind_sensor_link,2.6,162.0,0.0
1790355144326452413,1790355144,200000000,wind_sensor_link,2.8,164.0,0.0
1790355144519092227,1790355144,400000000,wind_sensor_link,2.8,163.0,0.0
1790355144726108524,1790355144,600000256,wind_sensor_link,2.8,163.0,0.0
1790355144918695857,1790355144,800000256,wind_sensor_link,2.9,162.0,0.0
1790355145125912892,1790355145,0,wind_sensor_link,3.1,159.0,0.0
1790355145318639390,1790355145,200000000,wind_sensor_link,2.9,160.0,0.0
1790355145525895184,1790355145,400000000,wind_sensor_link,2.9,159.0,0.0
1790355145718392314,1790355145,600000256,wind_sensor_link,2.9,158.0,0.0
1790355145925307816,1790355145,800000256,wind_sensor_link,2.7,155.0,0.0
1790355146118485753,1790355146,0,wind_sensor_link,2.7,155.0,0.0
1790355146325025426,1790355146,200000000,wind_sensor_link,2.6,156.0,0.0
1790355146517384131,1790355146,400000000,wind_sensor_link,2.6,158.0,0.0
1790355146724885386,1790355146,600000256,wind_sensor_link,2.5,162.0,0.0
1790355146917383182,1790355146,800000256,wind_sensor_link,2.5,159.0,0.0
1790355147124651995,1790355147,0,wind_sensor_link,2.5,159.0,0.0
1790355147317767525,1790355147,200000000,wind_sensor_link,2.5,160.0,0.0
1790355147524313495,1790355147,400000000,wind_sensor_link,2.4,161.0,0.0
1790355147717144510,1790355147,600000256,wind_sensor_link,2.5,162.0,0.0
1790355147924113029,1790355147,800000256,wind_sensor_link,2.5,161.0,0.0
1790355148117264411,1790355148,0,wind_sensor_link,2.5,159.0,0.0
1790355148323908564,1790355148,200000000,wind_sensor_link,2.5,161.0,0.0
1790355148517139149,1790355148,400000000,wind_sensor_link,2.5,158.0,0.0
1790355148723758858,1790355148,600000256,wind_sensor_link,2.5,159.0,0.0
1790355148916093323,1790355148,800000256,wind_sensor_link,2.5,158.0,0.0
1790355149123475542,1790355149,0,wind_sensor_link,2.5,157.0,0.0
1790355149330694559,1790355149,200000000,wind_sensor_link,2.5,157.0,0.0
1790355149523284669,1790355149,400000000,wind_sensor_link,2.6,156.0,0.0
1790355149730284596,1790355149,600000256,wind_sensor_link,2.5,157.0,0.0
1790355149923024001,1790355149,800000256,wind_sensor_link,2.4,157.0,0.0
1790355150129970688,1790355150,0,wind_sensor_link,2.4,161.0,0.0
1790355150322527410,1790355150,200000000,wind_sensor_link,2.6,162.0,0.0
1790355150529773556,1790355150,400000000,wind_sensor_link,2.5,163.0,0.0
1790355150722395147,1790355150,600000256,wind_sensor_link,2.5,163.0,0.0
1790355150929501203,1790355150,800000256,wind_sensor_link,2.5,164.0,0.0
1790355151122307385,1790355151,0,wind_sensor_link,2.4,166.0,0.0
1790355151329236516,1790355151,200000000,wind_sensor_link,2.4,165.0,0.0
1790355151522043976,1790355151,400000000,wind_sensor_link,2.4,167.0,0.0
1790355151729103180,1790355151,600000256,wind_sensor_link,2.4,165.0,0.0
1790355151921563717,1790355151,800000256,wind_sensor_link,2.2,164.0,0.0
1790355152128919992,1790355152,0,wind_sensor_link,2.2,163.0,0.0
1790355152321446844,1790355152,200000000,wind_sensor_link,2.2,162.0,0.0
1790355152528749416,1790355152,400000000,wind_sensor_link,2.2,162.0,0.0
1790355152721055548,1790355152,600000256,wind_sensor_link,2.2,160.0,0.0
1790355152928324916,1790355152,800000256,wind_sensor_link,2.2,160.0,0.0
1790355153120842694,1790355153,0,wind_sensor_link,2.2,158.0,0.0
1790355153328125710,1790355153,200000000,wind_sensor_link,2.2,158.0,0.0
1790355153520750505,1790355153,400000000,wind_sensor_link,2.0,154.0,0.0
1790355153727984818,1790355153,600000256,wind_sensor_link,2.1,154.0,0.0
1790355153920507170,1790355153,800000256,wind_sensor_link,2.0,154.0,0.0
1790355154127712817,1790355154,0,wind_sensor_link,2.0,156.0,0.0
1790355154320096170,1790355154,200000000,wind_sensor_link,2.0,157.0,0.0
1790355154527884255,1790355154,400000000,wind_sensor_link,2.0,156.0,0.0
1790355154720108314,1790355154,600000256,wind_sensor_link,1.9,158.0,0.0
1790355154926975687,1790355154,800000256,wind_sensor_link,2.0,155.0,0.0
1790355155120083347,1790355155,0,wind_sensor_link,2.2,158.0,0.0
1790355155326993126,1790355155,200000000,wind_sensor_link,2.2,159.0,0.0
1790355155519340647,1790355155,400000000,wind_sensor_link,2.2,161.0,0.0
1790355155726681774,1790355155,600000256,wind_sensor_link,2.2,160.0,0.0
1790355155919330550,1790355155,800000256,wind_sensor_link,2.2,159.0,0.0
1790355156126261422,1790355156,0,wind_sensor_link,2.2,160.0,0.0
1790355156319011531,1790355156,200000000,wind_sensor_link,2.2,163.0,0.0
1790355156526187141,1790355156,400000000,wind_sensor_link,2.1,167.0,0.0
1790355156718736474,1790355156,600000256,wind_sensor_link,2.1,169.0,0.0
1790355156925890640,1790355156,800000256,wind_sensor_link,2.1,171.0,0.0
1790355157118630211,1790355157,0,wind_sensor_link,2.1,175.0,0.0
1790355157325875728,1790355157,200000000,wind_sensor_link,2.1,178.0,0.0
1790355157518283970,1790355157,400000000,wind_sensor_link,2.0,179.0,0.0
1790355157725304600,1790355157,600000256,wind_sensor_link,2.0,181.0,0.0
1790355157917938914,1790355157,800000256,wind_sensor_link,2.0,183.0,0.0
1790355158125181727,1790355158,0,wind_sensor_link,2.1,183.0,0.0
1790355158317739801,1790355158,200000000,wind_sensor_link,2.1,182.0,0.0
1790355158524852060,1790355158,400000000,wind_sensor_link,2.1,181.0,0.0
1790355158717557039,1790355158,600000256,wind_sensor_link,2.0,178.0,0.0
1790355158924539022,1790355158,800000256,wind_sensor_link,2.0,177.0,0.0
1790355159117656311,1790355159,0,wind_sensor_link,2.0,172.0,0.0
1790355159324556221,1790355159,200000000,wind_sensor_link,2.0,170.0,0.0
1790355159517439772,1790355159,400000000,wind_sensor_link,2.0,166.0,0.0
1790355159724191794,1790355159,600000256,wind_sensor_link,1.9,162.0,0.0
1790355159917028198,1790355159,800000256,wind_sensor_link,2.0,164.0,0.0
1790355160123845460,1790355160,0,wind_sensor_link,2.0,160.0,0.0
1790355160316490792,1790355160,200000000,wind_sensor_link,2.0,159.0,0.0
1790355160523548163,1790355160,400000000,wind_sensor_link,2.0,160.0,0.0
1790355160730714773,1790355160,600000256,wind_sensor_link,2.2,164.0,0.0
1790355160923052572,1790355160,800000256,wind_sensor_link,2.2,165.0,0.0
1790355161130532308,1790355161,0,wind_sensor_link,2.2,165.0,0.0
1790355161323359453,1790355161,200000000,wind_sensor_link,2.3,169.0,0.0
1790355161530067105,1790355161,400000000,wind_sensor_link,2.2,170.0,0.0
1790355161722820714,1790355161,600000256,wind_sensor_link,2.2,174.0,0.0
1790355161929944269,1790355161,800000256,wind_sensor_link,2.3,174.0,0.0
1790355162122497176,1790355162,0,wind_sensor_link,2.4,174.0,0.0
1790355162329617805,1790355162,200000000,wind_sensor_link,2.2,174.0,0.0
1790355162522314933,1790355162,400000000,wind_sensor_link,2.2,174.0,0.0
1790355162729347766,1790355162,600000256,wind_sensor_link,2.3,176.0,0.0
1790355162922078338,1790355162,800000256,wind_sensor_link,2.3,174.0,0.0
1790355163129044173,1790355163,0,wind_sensor_link,2.3,173.0,0.0
1790355163321744041,1790355163,200000000,wind_sensor_link,2.3,173.0,0.0
1790355163528971632,1790355163,400000000,wind_sensor_link,2.3,174.0,0.0
1790355163721465040,1790355163,600000256,wind_sensor_link,2.3,173.0,0.0
1790355163928664983,1790355163,800000256,wind_sensor_link,2.4,174.0,0.0
1790355164121672033,1790355164,0,wind_sensor_link,2.5,173.0,0.0
1790355164328348019,1790355164,200000000,wind_sensor_link,2.5,173.0,0.0
1790355164520987611,1790355164,400000000,wind_sensor_link,2.6,171.0,0.0
1790355164728058296,1790355164,600000256,wind_sensor_link,2.6,169.0,0.0
1790355164920932755,1790355164,800000256,wind_sensor_link,2.7,169.0,0.0
1790355165127893238,1790355165,0,wind_sensor_link,2.7,168.0,0.0
1790355165320753993,1790355165,200000000,wind_sensor_link,2.7,166.0,0.0
1790355165527715309,1790355165,400000000,wind_sensor_link,2.8,166.0,0.0
1790355165720299475,1790355165,600000256,wind_sensor_link,2.8,165.0,0.0
1790355165927271180,1790355165,800000256,wind_sensor_link,2.9,167.0,0.0
1790355166120040326,1790355166,0,wind_sensor_link,2.8,168.0,0.0
1790355166327110048,1790355166,200000000,wind_sensor_link,2.7,168.0,0.0
1790355166519736769,1790355166,400000000,wind_sensor_link,2.7,167.0,0.0
1790355166726920212,1790355166,600000256,wind_sensor_link,2.7,169.0,0.0
1790355166919517860,1790355166,800000256,wind_sensor_link,2.7,169.0,0.0
1790355167126657637,1790355167,0,wind_sensor_link,2.7,169.0,0.0
1790355167319296561,1790355167,200000000,wind_sensor_link,2.7,169.0,0.0
1790355167526363488,1790355167,400000000,wind_sensor_link,2.6,167.0,0.0
1790355167719027264,1790355167,600000256,wind_sensor_link,2.6,168.0,0.0
1790355167926131782,1790355167,800000256,wind_sensor_link,2.6,168.0,0.0
1790355168118508043,1790355168,0,wind_sensor_link,2.8,165.0,0.0
1790355168325913780,1790355168,200000000,wind_sensor_link,2.7,163.0,0.0
1790355168518945848,1790355168,400000000,wind_sensor_link,2.8,161.0,0.0
1790355168725712278,1790355168,600000256,wind_sensor_link,2.6,159.0,0.0
1790355168918290148,1790355168,800000256,wind_sensor_link,2.6,160.0,0.0
1790355169125414536,1790355169,0,wind_sensor_link,2.5,159.0,0.0
1790355169318360642,1790355169,200000000,wind_sensor_link,2.5,156.0,0.0
1790355169525209941,1790355169,400000000,wind_sensor_link,2.3,155.0,0.0
1790355169717739034,1790355169,600000256,wind_sensor_link,2.1,157.0,0.0
1790355169924892015,1790355169,800000256,wind_sensor_link,2.0,157.0,0.0
1790355170117912990,1790355170,0,wind_sensor_link,1.8,159.0,0.0
1790355170324496589,1790355170,200000000,wind_sensor_link,1.8,161.0,0.0
1790355170517688840,1790355170,400000000,wind_sensor_link,1.7,160.0,0.0
1790355170724365178,1790355170,600000256,wind_sensor_link,1.7,162.0,0.0
1790355170917280859,1790355170,800000256,wind_sensor_link,1.6,162.0,0.0
1790355171124203564,1790355171,0,wind_sensor_link,1.6,162.0,0.0
1790355171317107819,1790355171,200000000,wind_sensor_link,1.7,159.0,0.0
1790355171523809713,1790355171,400000000,wind_sensor_link,1.7,158.0,0.0
1790355171716677579,1790355171,600000256,wind_sensor_link,1.7,157.0,0.0
1790355171923456490,1790355171,800000256,wind_sensor_link,1.8,154.0,0.0
1790355172130859209,1790355172,0,wind_sensor_link,1.9,154.0,0.0
1790355172323358801,1790355172,200000000,wind_sensor_link,1.9,154.0,0.0
1790355172530678891,1790355172,400000000,wind_sensor_link,1.8,157.0,0.0
1790355172723194521,1790355172,600000256,wind_sensor_link,1.8,160.0,0.0
1790355172930232929,1790355172,800000256,wind_sensor_link,1.8,164.0,0.0
1790355173122911353,1790355173,0,wind_sensor_link,1.8,166.0,0.0
1790355173329995520,1790355173,200000000,wind_sensor_link,1.7,167.0,0.0
1790355173522683111,1790355173,400000000,wind_sensor_link,1.7,169.0,0.0
1790355173729824443,1790355173,600000256,wind_sensor_link,1.6,170.0,0.0
1790355173922669328,1790355173,800000256,wind_sensor_link,1.7,168.0,0.0
1790355174129540423,1790355174,0,wind_sensor_link,1.7,169.0,0.0
1790355174322193663,1790355174,200000000,wind_sensor_link,1.7,169.0,0.0
1790355174529135961,1790355174,400000000,wind_sensor_link,1.7,171.0,0.0
1790355174721918458,1790355174,600000256,wind_sensor_link,1.7,169.0,0.0
1790355174928800590,1790355174,800000256,wind_sensor_link,1.8,171.0,0.0
1790355175121630790,1790355175,0,wind_sensor_link,1.7,173.0,0.0
1790355175328655790,1790355175,200000000,wind_sensor_link,1.7,172.0,0.0
1790355175521309326,1790355175,400000000,wind_sensor_link,1.6,174.0,0.0
1790355175728485695,1790355175,600000256,wind_sensor_link,1.6,171.0,0.0
1790355175921125287,1790355175,800000256,wind_sensor_link,1.6,171.0,0.0
1790355176128384914,1790355176,0,wind_sensor_link,1.5,170.0,0.0
1790355176320855878,1790355176,200000000,wind_sensor_link,1.5,170.0,0.0
1790355176527866749,1790355176,400000000,wind_sensor_link,1.4,170.0,0.0
1790355176720535358,1790355176,600000256,wind_sensor_link,1.4,167.0,0.0
1790355176927501101,1790355176,800000256,wind_sensor_link,1.4,169.0,0.0
1790355177120410004,1790355177,0,wind_sensor_link,1.5,167.0,0.0
1790355177327338191,1790355177,200000000,wind_sensor_link,1.6,169.0,0.0
1790355177519294419,1790355177,400000000,wind_sensor_link,1.7,169.0,0.0
1790355177727014208,1790355177,600000256,wind_sensor_link,1.7,168.0,0.0
1790355177918851735,1790355177,800000256,wind_sensor_link,1.8,166.0,0.0
1790355178127081610,1790355178,0,wind_sensor_link,1.8,165.0,0.0
1790355178319443779,1790355178,200000000,wind_sensor_link,1.9,166.0,0.0
1790355178526860312,1790355178,400000000,wind_sensor_link,1.9,164.0,0.0
1790355178718501396,1790355178,600000256,wind_sensor_link,1.9,162.0,0.0
1790355178926505849,1790355178,800000256,wind_sensor_link,1.8,160.0,0.0
1790355179118832851,1790355179,0,wind_sensor_link,1.8,158.0,0.0
1790355179325810278,1790355179,200000000,wind_sensor_link,1.8,158.0,0.0
1790355179518453962,1790355179,400000000,wind_sensor_link,1.8,156.0,0.0
1790355179726165029,1790355179,600000256,wind_sensor_link,1.8,156.0,0.0
1790355179918752713,1790355179,800000256,wind_sensor_link,1.8,155.0,0.0
1790355180125723048,1790355180,0,wind_sensor_link,1.8,154.0,0.0
1790355180318854189,1790355180,200000000,wind_sensor_link,1.8,157.0,0.0
1790355180525574119,1790355180,400000000,wind_sensor_link,1.8,157.0,0.0
1790355180718679187,1790355180,600000256,wind_sensor_link,1.7,159.0,0.0
1790355180925150157,1790355180,800000256,wind_sensor_link,1.6,159.0,0.0
1790355181118335353,1790355181,0,wind_sensor_link,1.6,164.0,0.0
1790355181325001839,1790355181,200000000,wind_sensor_link,1.6,164.0,0.0
1790355181517988278,1790355181,400000000,wind_sensor_link,1.6,163.0,0.0
1790355181724921428,1790355181,600000256,wind_sensor_link,1.7,166.0,0.0
1790355181917231153,1790355181,800000256,wind_sensor_link,1.7,165.0,0.0
1790355182124681723,1790355182,0,wind_sensor_link,1.8,165.0,0.0
1790355182317684606,1790355182,200000000,wind_sensor_link,1.9,165.0,0.0
1790355182524341222,1790355182,400000000,wind_sensor_link,1.9,163.0,0.0
1790355182716987110,1790355182,600000256,wind_sensor_link,2.0,156.0,0.0
1790355182924154960,1790355182,800000256,wind_sensor_link,2.0,156.0,0.0
1790355183116999327,1790355183,0,wind_sensor_link,1.9,156.0,0.0
1790355183323936514,1790355183,200000000,wind_sensor_link,1.8,155.0,0.0
1790355183516954249,1790355183,400000000,wind_sensor_link,1.8,154.0,0.0
1790355183723696512,1790355183,600000256,wind_sensor_link,1.8,153.0,0.0
1790355183930758068,1790355183,800000256,wind_sensor_link,1.8,154.0,0.0
1790355184123669119,1790355184,0,wind_sensor_link,1.8,153.0,0.0
1790355184330515085,1790355184,200000000,wind_sensor_link,1.7,155.0,0.0
1790355184523167935,1790355184,400000000,wind_sensor_link,1.7,155.0,0.0
1790355184730185843,1790355184,600000256,wind_sensor_link,1.7,155.0,0.0
1790355184922925971,1790355184,800000256,wind_sensor_link,1.8,156.0,0.0
1790355185130205265,1790355185,0,wind_sensor_link,1.8,155.0,0.0
1790355185322684061,1790355185,200000000,wind_sensor_link,1.7,155.0,0.0
1790355185529701322,1790355185,400000000,wind_sensor_link,1.7,155.0,0.0
1790355185722348690,1790355185,600000256,wind_sensor_link,1.7,156.0,0.0
1790355185929503912,1790355185,800000256,wind_sensor_link,1.7,156.0,0.0
1790355186122214502,1790355186,0,wind_sensor_link,1.7,155.0,0.0
1790355186329329020,1790355186,200000000,wind_sensor_link,1.7,156.0,0.0
1790355186521931075,1790355186,400000000,wind_sensor_link,1.6,155.0,0.0
1790355186728965742,1790355186,600000256,wind_sensor_link,1.6,155.0,0.0
1790355186921919515,1790355186,800000256,wind_sensor_link,1.6,155.0,0.0
1790355187128789295,1790355187,0,wind_sensor_link,1.6,154.0,0.0
1790355187321343777,1790355187,200000000,wind_sensor_link,1.6,156.0,0.0
1790355187528714366,1790355187,400000000,wind_sensor_link,1.6,156.0,0.0
1790355187721158867,1790355187,600000256,wind_sensor_link,1.6,155.0,0.0
1790355187928371069,1790355187,800000256,wind_sensor_link,1.6,156.0,0.0
1790355188121218917,1790355188,0,wind_sensor_link,1.6,160.0,0.0
1790355188327884163,1790355188,200000000,wind_sensor_link,1.6,159.0,0.0
1790355188520632753,1790355188,400000000,wind_sensor_link,1.6,161.0,0.0
1790355188727842048,1790355188,600000256,wind_sensor_link,1.6,160.0,0.0
1790355188920130161,1790355188,800000256,wind_sensor_link,1.5,157.0,0.0
1790355189127535991,1790355189,0,wind_sensor_link,1.6,155.0,0.0
1790355189320197675,1790355189,200000000,wind_sensor_link,1.6,156.0,0.0
1790355189527453525,1790355189,400000000,wind_sensor_link,1.7,156.0,0.0
1790355189719925525,1790355189,600000256,wind_sensor_link,1.7,154.0,0.0
1790355189927150561,1790355189,800000256,wind_sensor_link,1.7,154.0,0.0
1790355190119688042,1790355190,0,wind_sensor_link,1.8,151.0,0.0
1790355190326867689,1790355190,200000000,wind_sensor_link,1.8,154.0,0.0
1790355190519488262,1790355190,400000000,wind_sensor_link,1.8,155.0,0.0
1790355190726564669,1790355190,600000256,wind_sensor_link,1.8,155.0,0.0
1790355190919153076,1790355190,800000256,wind_sensor_link,1.7,156.0,0.0
1790355191126288427,1790355191,0,wind_sensor_link,1.7,157.0,0.0
1790355191318956481,1790355191,200000000,wind_sensor_link,1.6,156.0,0.0
1790355191526045092,1790355191,400000000,wind_sensor_link,1.6,155.0,0.0
1790355191718713387,1790355191,600000256,wind_sensor_link,1.5,155.0,0.0
1790355191925821776,1790355191,800000256,wind_sensor_link,1.5,155.0,0.0
1790355192118492459,1790355192,0,wind_sensor_link,1.5,155.0,0.0
1790355192325574200,1790355192,200000000,wind_sensor_link,1.5,154.0,0.0
1790355192518186625,1790355192,400000000,wind_sensor_link,1.5,154.0,0.0
1790355192725306069,1790355192,600000256,wind_sensor_link,1.6,154.0,0.0
1790355192917676589,1790355192,800000256,wind_sensor_link,1.6,152.0,0.0
1790355193125107085,1790355193,0,wind_sensor_link,1.7,155.0,0.0
1790355193317709658,1790355193,200000000,wind_sensor_link,1.8,154.0,0.0
1790355193525103692,1790355193,400000000,wind_sensor_link,1.8,154.0,0.0
1790355193717431990,1790355193,600000256,wind_sensor_link,1.8,154.0,0.0
1790355193924467676,1790355193,800000256,wind_sensor_link,1.9,153.0,0.0
1790355194116904770,1790355194,0,wind_sensor_link,1.9,154.0,0.0
1790355194324197897,1790355194,200000000,wind_sensor_link,1.9,155.0,0.0
1790355194516625139,1790355194,400000000,wind_sensor_link,1.9,155.0,0.0
1790355194723924284,1790355194,600000256,wind_sensor_link,1.8,154.0,0.0
1790355194916984328,1790355194,800000256,wind_sensor_link,1.8,154.0,0.0
1790355195123833523,1790355195,0,wind_sensor_link,1.8,154.0,0.0
1790355195316891541,1790355195,200000000,wind_sensor_link,1.8,155.0,0.0
1790355195523346833,1790355195,400000000,wind_sensor_link,1.8,155.0,0.0
1790355195730704616,1790355195,600000256,wind_sensor_link,1.8,155.0,0.0
1790355195923297304,1790355195,800000256,wind_sensor_link,1.8,156.0,0.0
1790355196130508051,1790355196,0,wind_sensor_link,1.7,157.0,0.0
1790355196322931057,1790355196,200000000,wind_sensor_link,1.7,156.0,0.0
1790355196530289710,1790355196,400000000,wind_sensor_link,1.7,156.0,0.0
1790355196722849288,1790355196,600000256,wind_sensor_link,1.6,156.0,0.0
1790355196929880482,1790355196,800000256,wind_sensor_link,1.6,157.0,0.0
1790355197122541300,1790355197,0,wind_sensor_link,1.6,156.0,0.0
1790355197329738250,1790355197,200000000,wind_sensor_link,1.5,157.0,0.0
1790355197522103497,1790355197,400000000,wind_sensor_link,1.5,157.0,0.0
1790355197729329948,1790355197,600000256,wind_sensor_link,1.5,157.0,0.0
1790355197922083635,1790355197,800000256,wind_sensor_link,1.5,157.0,0.0
1790355198129192235,1790355198,0,wind_sensor_link,1.5,159.0,0.0
1790355198321841016,1790355198,200000000,wind_sensor_link,1.4,159.0,0.0
1790355198528935394,1790355198,400000000,wind_sensor_link,1.4,158.0,0.0
1790355198721541324,1790355198,600000256,wind_sensor_link,1.4,159.0,0.0
1790355198928725349,1790355198,800000256,wind_sensor_link,1.4,159.0,0.0
1790355199121113725,1790355199,0,wind_sensor_link,1.4,159.0,0.0
1790355199328342546,1790355199,200000000,wind_sensor_link,1.4,159.0,0.0
1790355199521121881,1790355199,400000000,wind_sensor_link,1.4,160.0,0.0
1790355199728154334,1790355199,600000256,wind_sensor_link,1.4,160.0,0.0
1790355199920631209,1790355199,800000256,wind_sensor_link,1.4,161.0,0.0
1790355200127964436,1790355200,0,wind_sensor_link,1.4,162.0,0.0
1790355200320673550,1790355200,200000000,wind_sensor_link,1.4,163.0,0.0
1790355200527761095,1790355200,400000000,wind_sensor_link,1.4,164.0,0.0
1790355200720392839,1790355200,600000256,wind_sensor_link,1.4,166.0,0.0
1790355200927279293,1790355200,800000256,wind_sensor_link,1.4,167.0,0.0
1790355201120100850,1790355201,0,wind_sensor_link,1.4,169.0,0.0
1790355201327156580,1790355201,200000000,wind_sensor_link,1.4,170.0,0.0
1790355201519836564,1790355201,400000000,wind_sensor_link,1.4,171.0,0.0
1790355201726960757,1790355201,600000256,wind_sensor_link,1.4,171.0,0.0
1790355201919844146,1790355201,800000256,wind_sensor_link,1.4,171.0,0.0
1790355202126613639,1790355202,0,wind_sensor_link,1.4,172.0,0.0
1790355202319342308,1790355202,200000000,wind_sensor_link,1.3,173.0,0.0
1790355202526414834,1790355202,400000000,wind_sensor_link,1.3,175.0,0.0
1790355202719050319,1790355202,600000256,wind_sensor_link,1.3,176.0,0.0
1790355202926102049,1790355202,800000256,wind_sensor_link,1.3,176.0,0.0
1790355203119211973,1790355203,0,wind_sensor_link,1.3,175.0,0.0
1790355203325948726,1790355203,200000000,wind_sensor_link,1.3,174.0,0.0
1790355203518248436,1790355203,400000000,wind_sensor_link,1.2,173.0,0.0
1790355203725739106,1790355203,600000256,wind_sensor_link,1.2,171.0,0.0
1790355203918044206,1790355203,800000256,wind_sensor_link,1.2,168.0,0.0
1790355204125238768,1790355204,0,wind_sensor_link,1.2,166.0,0.0
1790355204317832957,1790355204,200000000,wind_sensor_link,1.2,163.0,0.0
1790355204525108907,1790355204,400000000,wind_sensor_link,1.1,163.0,0.0
1790355204717802798,1790355204,600000256,wind_sensor_link,1.1,163.0,0.0
1790355204924958046,1790355204,800000256,wind_sensor_link,1.1,161.0,0.0
1790355205117813880,1790355205,0,wind_sensor_link,1.1,161.0,0.0
1790355205324721482,1790355205,200000000,wind_sensor_link,1.1,160.0,0.0
1790355205517761666,1790355205,400000000,wind_sensor_link,1.1,159.0,0.0
1790355205724418123,1790355205,600000256,wind_sensor_link,1.1,157.0,0.0
1790355205917447604,1790355205,800000256,wind_sensor_link,1.1,156.0,0.0
1790355206123959840,1790355206,0,wind_sensor_link,1.2,157.0,0.0
1790355206317121226,1790355206,200000000,wind_sensor_link,1.1,156.0,0.0
1790355206523755739,1790355206,400000000,wind_sensor_link,1.1,154.0,0.0
1790355206717017198,1790355206,600000256,wind_sensor_link,1.2,152.0,0.0
1790355206923450861,1790355206,800000256,wind_sensor_link,1.3,152.0,0.0
1790355207116730246,1790355207,0,wind_sensor_link,1.2,147.0,0.0
1790355207323172169,1790355207,200000000,wind_sensor_link,1.2,148.0,0.0
1790355207530517599,1790355207,400000000,wind_sensor_link,1.2,147.0,0.0
1790355207722981919,1790355207,600000256,wind_sensor_link,1.3,144.0,0.0
1790355207930306573,1790355207,800000256,wind_sensor_link,1.3,144.0,0.0
1790355208122812003,1790355208,0,wind_sensor_link,1.4,148.0,0.0
1790355208330022047,1790355208,200000000,wind_sensor_link,1.4,147.0,0.0
1790355208522567551,1790355208,400000000,wind_sensor_link,1.3,146.0,0.0
1790355208729739706,1790355208,600000256,wind_sensor_link,1.3,148.0,0.0
1790355208922316228,1790355208,800000256,wind_sensor_link,1.3,145.0,0.0
1790355209129483235,1790355209,0,wind_sensor_link,1.3,143.0,0.0
1790355209322238959,1790355209,200000000,wind_sensor_link,1.3,142.0,0.0
1790355209529202209,1790355209,400000000,wind_sensor_link,1.3,142.0,0.0
1790355209721838860,1790355209,600000256,wind_sensor_link,1.3,137.0,0.0
1790355209928902054,1790355209,800000256,wind_sensor_link,1.3,136.0,0.0
1790355210121850961,1790355210,0,wind_sensor_link,1.2,136.0,0.0
1790355210328670342,1790355210,200000000,wind_sensor_link,1.2,136.0,0.0
1790355210521545398,1790355210,400000000,wind_sensor_link,1.2,137.0,0.0
1790355210728300909,1790355210,600000256,wind_sensor_link,1.2,137.0,0.0
1790355210921135299,1790355210,800000256,wind_sensor_link,1.2,139.0,0.0
1790355211128069086,1790355211,0,wind_sensor_link,1.2,137.0,0.0
1790355211320896976,1790355211,200000000,wind_sensor_link,1.2,141.0,0.0
1790355211527882782,1790355211,400000000,wind_sensor_link,1.2,143.0,0.0
1790355211720157900,1790355211,600000256,wind_sensor_link,1.2,144.0,0.0
1790355211927982325,1790355211,800000256,wind_sensor_link,1.2,146.0,0.0
1790355212120360998,1790355212,0,wind_sensor_link,1.2,151.0,0.0
1790355212327657652,1790355212,200000000,wind_sensor_link,1.2,154.0,0.0
1790355212520072232,1790355212,400000000,wind_sensor_link,1.2,155.0,0.0
1790355212727164684,1790355212,600000256,wind_sensor_link,1.1,158.0,0.0
1790355212920101461,1790355212,800000256,wind_sensor_link,1.1,159.0,0.0
1790355213126966027,1790355213,0,wind_sensor_link,1.1,157.0,0.0
1790355213319476606,1790355213,200000000,wind_sensor_link,1.2,157.0,0.0
1790355213526736019,1790355213,400000000,wind_sensor_link,1.1,156.0,0.0
1790355213719347208,1790355213,600000256,wind_sensor_link,1.1,154.0,0.0
1790355213926384197,1790355213,800000256,wind_sensor_link,1.1,154.0,0.0
1790355214119039534,1790355214,0,wind_sensor_link,1.1,152.0,0.0
1790355214326108153,1790355214,200000000,wind_sensor_link,1.1,152.0,0.0
1790355214519072393,1790355214,400000000,wind_sensor_link,1.1,152.0,0.0
1790355214725937811,1790355214,600000256,wind_sensor_link,1.1,153.0,0.0
1790355214918749145,1790355214,800000256,wind_sensor_link,1.1,154.0,0.0
1790355215125696099,1790355215,0,wind_sensor_link,1.1,153.0,0.0
1790355215318309121,1790355215,200000000,wind_sensor_link,1.1,154.0,0.0
1790355215525316482,1790355215,400000000,wind_sensor_link,1.1,153.0,0.0
1790355215718012688,1790355215,600000256,wind_sensor_link,1.1,153.0,0.0
1790355215925022622,1790355215,800000256,wind_sensor_link,1.1,155.0,0.0
1790355216117737403,1790355216,0,wind_sensor_link,1.2,156.0,0.0
1790355216324874299,1790355216,200000000,wind_sensor_link,1.2,155.0,0.0
1790355216517440154,1790355216,400000000,wind_sensor_link,1.2,154.0,0.0
1790355216724656420,1790355216,600000256,wind_sensor_link,1.2,154.0,0.0
1790355216917306497,1790355216,800000256,wind_sensor_link,1.3,154.0,0.0
1790355217124140897,1790355217,0,wind_sensor_link,1.3,154.0,0.0
1790355217316949583,1790355217,200000000,wind_sensor_link,1.3,153.0,0.0
1790355217523937333,1790355217,400000000,wind_sensor_link,1.4,147.0,0.0
1790355217717173885,1790355217,600000256,wind_sensor_link,1.4,142.0,0.0
1790355217923849971,1790355217,800000256,wind_sensor_link,1.4,142.0,0.0
1790355218116266347,1790355218,0,wind_sensor_link,1.4,142.0,0.0
1790355218323324633,1790355218,200000000,wind_sensor_link,1.4,139.0,0.0
1790355218530867228,1790355218,400000000,wind_sensor_link,1.4,138.0,0.0
1790355218723230586,1790355218,600000256,wind_sensor_link,1.3,136.0,0.0
1790355218930270539,1790355218,800000256,wind_sensor_link,1.3,137.0,0.0
1790355219123068707,1790355219,0,wind_sensor_link,1.2,139.0,0.0
1790355219330085179,1790355219,200000000,wind_sensor_link,1.2,142.0,0.0
1790355219522742441,1790355219,400000000,wind_sensor_link,1.2,144.0,0.0
1790355219729820560,1790355219,600000256,wind_sensor_link,1.3,148.0,0.0
1790355219922732412,1790355219,800000256,wind_sensor_link,1.2,150.0,0.0
1790355220129497071,1790355220,0,wind_sensor_link,1.2,151.0,0.0
1790355220322195815,1790355220,200000000,wind_sensor_link,1.2,151.0,0.0
1790355220529338748,1790355220,400000000,wind_sensor_link,1.2,152.0,0.0
1790355220721786957,1790355220,600000256,wind_sensor_link,1.3,152.0,0.0
1790355220929019481,1790355220,800000256,wind_sensor_link,1.3,150.0,0.0
1790355221122011203,1790355221,0,wind_sensor_link,1.3,146.0,0.0
1790355221328646327,1790355221,200000000,wind_sensor_link,1.2,142.0,0.0
1790355221521456606,1790355221,400000000,wind_sensor_link,1.2,137.0,0.0
1790355221728465448,1790355221,600000256,wind_sensor_link,1.2,136.0,0.0
1790355221921056692,1790355221,800000256,wind_sensor_link,1.3,134.0,0.0
1790355222128317235,1790355222,0,wind_sensor_link,1.3,130.0,0.0
1790355222320764425,1790355222,200000000,wind_sensor_link,1.3,132.0,0.0
1790355222528051301,1790355222,400000000,wind_sensor_link,1.4,135.0,0.0
1790355222720732211,1790355222,600000256,wind_sensor_link,1.4,137.0,0.0
1790355222927733257,1790355222,800000256,wind_sensor_link,1.4,141.0,0.0
1790355223120216392,1790355223,0,wind_sensor_link,1.4,145.0,0.0
1790355223327684303,1790355223,200000000,wind_sensor_link,1.4,147.0,0.0
1790355223520487582,1790355223,400000000,wind_sensor_link,1.4,150.0,0.0
1790355223727149928,1790355223,600000256,wind_sensor_link,1.4,155.0,0.0
1790355223919693043,1790355223,800000256,wind_sensor_link,1.4,155.0,0.0
1790355224126987382,1790355224,0,wind_sensor_link,1.4,155.0,0.0
1790355224319687588,1790355224,200000000,wind_sensor_link,1.4,156.0,0.0
1790355224526708819,1790355224,400000000,wind_sensor_link,1.4,156.0,0.0
1790355224719392766,1790355224,600000256,wind_sensor_link,1.5,156.0,0.0
1790355224926480903,1790355224,800000256,wind_sensor_link,1.5,156.0,0.0
1790355225119151573,1790355225,0,wind_sensor_link,1.5,156.0,0.0
1790355225326082989,1790355225,200000000,wind_sensor_link,1.5,158.0,0.0
1790355225518849399,1790355225,400000000,wind_sensor_link,1.5,158.0,0.0
1790355225725950128,1790355225,600000256,wind_sensor_link,1.5,156.0,0.0
1790355225918426615,1790355225,800000256,wind_sensor_link,1.6,157.0,0.0
1790355226125697824,1790355226,0,wind_sensor_link,1.6,157.0,0.0
1790355226318396105,1790355226,200000000,wind_sensor_link,1.5,158.0,0.0
1790355226525296429,1790355226,400000000,wind_sensor_link,1.5,159.0,0.0
1790355226718124745,1790355226,600000256,wind_sensor_link,1.5,160.0,0.0
1790355226925403473,1790355226,800000256,wind_sensor_link,1.5,158.0,0.0
1790355227117643851,1790355227,0,wind_sensor_link,1.5,158.0,0.0
1790355227325016031,1790355227,200000000,wind_sensor_link,1.5,161.0,0.0
1790355227517988443,1790355227,400000000,wind_sensor_link,1.6,162.0,0.0
1790355227724743843,1790355227,600000256,wind_sensor_link,1.6,161.0,0.0
1790355227917321870,1790355227,800000256,wind_sensor_link,1.7,159.0,0.0
1790355228124237194,1790355228,0,wind_sensor_link,1.7,162.0,0.0
1790355228317417456,1790355228,200000000,wind_sensor_link,1.7,162.0,0.0
1790355228524137226,1790355228,400000000,wind_sensor_link,1.8,164.0,0.0
1790355228716835604,1790355228,600000256,wind_sensor_link,1.7,165.0,0.0
1790355228923985017,1790355228,800000256,wind_sensor_link,1.7,167.0,0.0
1790355229116932300,1790355229,0,wind_sensor_link,1.7,169.0,0.0
1790355229323656515,1790355229,200000000,wind_sensor_link,1.7,170.0,0.0
1790355229516784073,1790355229,400000000,wind_sensor_link,1.5,173.0,0.0
1790355229723368660,1790355229,600000256,wind_sensor_link,1.5,172.0,0.0
1790355229930377149,1790355229,800000256,wind_sensor_link,1.4,173.0,0.0
1790355230123391987,1790355230,0,wind_sensor_link,1.4,175.0,0.0
1790355230330260385,1790355230,200000000,wind_sensor_link,1.4,176.0,0.0
1790355230522913596,1790355230,400000000,wind_sensor_link,1.3,175.0,0.0
1790355230729980252,1790355230,600000256,wind_sensor_link,1.3,176.0,0.0
1790355230922563612,1790355230,800000256,wind_sensor_link,1.4,176.0,0.0
1790355231129738248,1790355231,0,wind_sensor_link,1.4,176.0,0.0
1790355231322307924,1790355231,200000000,wind_sensor_link,1.4,174.0,0.0
1790355231529373709,1790355231,400000000,wind_sensor_link,1.6,171.0,0.0
1790355231722132827,1790355231,600000256,wind_sensor_link,1.8,171.0,0.0
1790355231929061261,1790355231,800000256,wind_sensor_link,1.9,171.0,0.0
1790355232121842879,1790355232,0,wind_sensor_link,1.9,170.0,0.0
1790355232328918923,1790355232,200000000,wind_sensor_link,1.8,170.0,0.0
1790355232521562191,1790355232,400000000,wind_sensor_link,1.7,170.0,0.0
1790355232728751456,1790355232,600000256,wind_sensor_link,1.7,172.0,0.0
1790355232921295336,1790355232,800000256,wind_sensor_link,1.6,172.0,0.0
1790355233128413583,1790355233,0,wind_sensor_link,1.6,175.0,0.0
1790355233320890611,1790355233,200000000,wind_sensor_link,1.4,173.0,0.0
1790355233528167172,1790355233,400000000,wind_sensor_link,1.2,170.0,0.0
1790355233720750218,1790355233,600000256,wind_sensor_link,1.3,172.0,0.0
1790355233927718948,1790355233,800000256,wind_sensor_link,1.4,173.0,0.0
1790355234120532529,1790355234,0,wind_sensor_link,1.4,171.0,0.0
1790355234327699683,1790355234,200000000,wind_sensor_link,1.5,170.0,0.0
1790355234520284747,1790355234,400000000,wind_sensor_link,1.5,170.0,0.0
1790355234727202182,1790355234,600000256,wind_sensor_link,1.5,169.0,0.0
1790355234919991800,1790355234,800000256,wind_sensor_link,1.5,169.0,0.0
1790355235127018400,1790355235,0,wind_sensor_link,1.5,169.0,0.0
1790355235319664649,1790355235,200000000,wind_sensor_link,1.5,169.0,0.0
1790355235526711360,1790355235,400000000,wind_sensor_link,1.5,167.0,0.0
1790355235719361313,1790355235,600000256,wind_sensor_link,1.5,165.0,0.0
1790355235926390357,1790355235,800000256,wind_sensor_link,1.5,166.0,0.0
1790355236118951792,1790355236,0,wind_sensor_link,1.5,166.0,0.0
1790355236326116113,1790355236,200000000,wind_sensor_link,1.5,164.0,0.0
1790355236518683437,1790355236,400000000,wind_sensor_link,1.5,166.0,0.0
1790355236725949868,1790355236,600000256,wind_sensor_link,1.5,165.0,0.0
1790355236918563784,1790355236,800000256,wind_sensor_link,1.5,165.0,0.0
1790355237125740123,1790355237,0,wind_sensor_link,1.5,166.0,0.0
1790355237318394983,1790355237,200000000,wind_sensor_link,1.5,167.0,0.0
1790355237525463064,1790355237,400000000,wind_sensor_link,1.5,168.0,0.0
1790355237718094091,1790355237,600000256,wind_sensor_link,1.5,167.0,0.0
1790355237924972637,1790355237,800000256,wind_sensor_link,1.6,167.0,0.0
1790355238117800310,1790355238,0,wind_sensor_link,1.6,167.0,0.0
1790355238325003835,1790355238,200000000,wind_sensor_link,1.5,168.0,0.0
1790355238517954191,1790355238,400000000,wind_sensor_link,1.5,169.0,0.0
1790355238724737109,1790355238,600000256,wind_sensor_link,1.5,171.0,0.0
1790355238917344525,1790355238,800000256,wind_sensor_link,1.6,170.0,0.0
1790355239124384718,1790355239,0,wind_sensor_link,1.6,171.0,0.0
1790355239317398944,1790355239,200000000,wind_sensor_link,1.6,172.0,0.0
1790355239524142529,1790355239,400000000,wind_sensor_link,1.6,173.0,0.0
1790355239717110811,1790355239,600000256,wind_sensor_link,1.6,173.0,0.0
1790355239923734453,1790355239,800000256,wind_sensor_link,1.6,172.0,0.0
1790355240116417590,1790355240,0,wind_sensor_link,1.6,169.0,0.0
1790355240323716928,1790355240,200000000,wind_sensor_link,1.6,167.0,0.0
1790355240516754081,1790355240,400000000,wind_sensor_link,1.7,166.0,0.0
1790355240723337648,1790355240,600000256,wind_sensor_link,1.6,167.0,0.0
1790355240930468821,1790355240,800000256,wind_sensor_link,1.6,169.0,0.0
1790355241123166348,1790355241,0,wind_sensor_link,1.5,167.0,0.0
1790355241330222892,1790355241,200000000,wind_sensor_link,1.5,166.0,0.0
1790355241522881659,1790355241,400000000,wind_sensor_link,1.6,167.0,0.0
1790355241729924537,1790355241,600000256,wind_sensor_link,1.6,167.0,0.0
1790355241922286919,1790355241,800000256,wind_sensor_link,1.6,167.0,0.0
1790355242129741181,1790355242,0,wind_sensor_link,1.5,168.0,0.0
1790355242322504836,1790355242,200000000,wind_sensor_link,1.6,166.0,0.0
1790355242529395234,1790355242,400000000,wind_sensor_link,1.6,165.0,0.0
1790355242722081168,1790355242,600000256,wind_sensor_link,1.6,167.0,0.0
1790355242929116231,1790355242,800000256,wind_sensor_link,1.6,169.0,0.0
1790355243122075847,1790355243,0,wind_sensor_link,1.6,167.0,0.0
1790355243328848950,1790355243,200000000,wind_sensor_link,1.5,167.0,0.0
1790355243521430106,1790355243,400000000,wind_sensor_link,1.5,166.0,0.0
1790355243728721630,1790355243,600000256,wind_sensor_link,1.5,165.0,0.0
1790355243921028160,1790355243,800000256,wind_sensor_link,1.5,165.0,0.0
1790355244128258166,1790355244,0,wind_sensor_link,1.5,163.0,0.0
1790355244321026117,1790355244,200000000,wind_sensor_link,1.5,159.0,0.0
1790355244528122272,1790355244,400000000,wind_sensor_link,1.5,159.0,0.0
1790355244720500024,1790355244,600000256,wind_sensor_link,1.4,160.0,0.0
1790355244927920972,1790355244,800000256,wind_sensor_link,1.4,157.0,0.0
1790355245120272186,1790355245,0,wind_sensor_link,1.4,159.0,0.0
1790355245327459248,1790355245,200000000,wind_sensor_link,1.3,158.0,0.0
1790355245520272328,1790355245,400000000,wind_sensor_link,1.3,159.0,0.0
1790355245727174745,1790355245,600000256,wind_sensor_link,1.3,162.0,0.0
1790355245919679217,1790355245,800000256,wind_sensor_link,1.3,164.0,0.0
1790355246127028055,1790355246,0,wind_sensor_link,1.3,163.0,0.0
1790355246320027522,1790355246,200000000,wind_sensor_link,1.3,163.0,0.0
1790355246526854365,1790355246,400000000,wind_sensor_link,1.3,164.0,0.0
1790355246719759593,1790355246,600000256,wind_sensor_link,1.3,165.0,0.0
1790355246926352605,1790355246,800000256,wind_sensor_link,1.3,163.0,0.0
1790355247119473720,1790355247,0,wind_sensor_link,1.3,164.0,0.0
1790355247326092602,1790355247,200000000,wind_sensor_link,1.3,162.0,0.0
1790355247519159143,1790355247,400000000,wind_sensor_link,1.2,161.0,0.0
1790355247725929782,1790355247,600000256,wind_sensor_link,1.2,159.0,0.0
1790355247918282331,1790355247,800000256,wind_sensor_link,1.2,160.0,0.0
1790355248125752871,1790355248,0,wind_sensor_link,1.2,158.0,0.0
1790355248318757394,1790355248,200000000,wind_sensor_link,1.2,157.0,0.0
1790355248525245296,1790355248,400000000,wind_sensor_link,1.2,158.0,0.0
1790355248718231708,1790355248,600000256,wind_sensor_link,1.2,156.0,0.0
1790355248925095606,1790355248,800000256,wind_sensor_link,1.2,155.0,0.0
1790355249118132536,1790355249,0,wind_sensor_link,1.2,156.0,0.0
1790355249324971694,1790355249,200000000,wind_sensor_link,1.3,158.0,0.0
1790355249517505759,1790355249,400000000,wind_sensor_link,1.3,158.0,0.0
1790355249724672117,1790355249,600000256,wind_sensor_link,1.3,158.0,0.0
1790355249917288847,1790355249,800000256,wind_sensor_link,1.3,158.0,0.0
1790355250124571223,1790355250,0,wind_sensor_link,1.3,158.0,0.0
1790355250317464487,1790355250,200000000,wind_sensor_link,1.3,157.0,0.0
1790355250523939242,1790355250,400000000,wind_sensor_link,1.4,159.0,0.0
1790355250717148892,1790355250,600000256,wind_sensor_link,1.4,157.0,0.0
1790355250923739219,1790355250,800000256,wind_sensor_link,1.4,157.0,0.0
1790355251116511541,1790355251,0,wind_sensor_link,1.4,155.0,0.0
1790355251323403901,1790355251,200000000,wind_sensor_link,1.4,156.0,0.0
1790355251516448665,1790355251,400000000,wind_sensor_link,1.4,155.0,0.0
1790355251723314655,1790355251,600000256,wind_sensor_link,1.4,156.0,0.0
1790355251930434273,1790355251,800000256,wind_sensor_link,1.4,157.0,0.0
1790355252123057059,1790355252,0,wind_sensor_link,1.4,158.0,0.0
1790355252330106474,1790355252,200000000,wind_sensor_link,1.4,157.0,0.0
1790355252522833963,1790355252,400000000,wind_sensor_link,1.5,158.0,0.0
1790355252729895341,1790355252,600000256,wind_sensor_link,1.5,159.0,0.0
1790355252922305314,1790355252,800000256,wind_sensor_link,1.5,158.0,0.0
1790355253129684448,1790355253,0,wind_sensor_link,1.6,159.0,0.0
1790355253322339826,1790355253,200000000,wind_sensor_link,1.7,158.0,0.0
1790355253529414630,1790355253,400000000,wind_sensor_link,1.7,157.0,0.0
1790355253722090489,1790355253,600000256,wind_sensor_link,1.7,157.0,0.0
1790355253928974276,1790355253,800000256,wind_sensor_link,1.8,157.0,0.0
1790355254122042872,1790355254,0,wind_sensor_link,1.8,156.0,0.0
1790355254328849882,1790355254,200000000,wind_sensor_link,1.8,156.0,0.0
1790355254521764110,1790355254,400000000,wind_sensor_link,1.7,158.0,0.0
1790355254728812303,1790355254,600000256,wind_sensor_link,1.7,157.0,0.0
1790355254921473162,1790355254,800000256,wind_sensor_link,1.7,158.0,0.0
1790355255128350672,1790355255,0,wind_sensor_link,1.6,158.0,0.0
1790355255320991550,1790355255,200000000,wind_sensor_link,1.6,158.0,0.0
1790355255527928744,1790355255,400000000,wind_sensor_link,1.6,157.0,0.0
1790355255720664066,1790355255,600000256,wind_sensor_link,1.6,154.0,0.0
1790355255927755628,1790355255,800000256,wind_sensor_link,1.6,155.0,0.0
1790355256120443729,1790355256,0,wind_sensor_link,1.6,152.0,0.0
1790355256327606142,1790355256,200000000,wind_sensor_link,1.6,152.0,0.0
1790355256519963524,1790355256,400000000,wind_sensor_link,1.6,150.0,0.0
1790355256727261010,1790355256,600000256,wind_sensor_link,1.6,149.0,0.0
1790355256919872833,1790355256,800000256,wind_sensor_link,1.5,147.0,0.0
1790355257126994025,1790355257,0,wind_sensor_link,1.5,147.0,0.0
1790355257319654348,1790355257,200000000,wind_sensor_link,1.5,148.0,0.0
1790355257526652263,1790355257,400000000,wind_sensor_link,1.5,148.0,0.0
1790355257719327808,1790355257,600000256,wind_sensor_link,1.5,148.0,0.0
1790355257926273687,1790355257,800000256,wind_sensor_link,1.5,149.0,0.0
1790355258119078027,1790355258,0,wind_sensor_link,1.6,148.0,0.0
1790355258326170682,1790355258,200000000,wind_sensor_link,1.6,144.0,0.0
1790355258518528452,1790355258,400000000,wind_sensor_link,1.6,145.0,0.0
1790355258725856309,1790355258,600000256,wind_sensor_link,1.7,145.0,0.0
1790355258918444447,1790355258,800000256,wind_sensor_link,1.7,144.0,0.0
1790355259125683564,1790355259,0,wind_sensor_link,1.7,144.0,0.0
1790355259318273461,1790355259,200000000,wind_sensor_link,1.7,144.0,0.0
1790355259525225488,1790355259,400000000,wind_sensor_link,1.6,143.0,0.0
1790355259717958627,1790355259,600000256,wind_sensor_link,1.7,145.0,0.0
1790355259924914479,1790355259,800000256,wind_sensor_link,1.8,146.0,0.0
1790355260117248722,1790355260,0,wind_sensor_link,1.8,148.0,0.0
1790355260324854104,1790355260,200000000,wind_sensor_link,1.9,144.0,0.0
1790355260517359271,1790355260,400000000,wind_sensor_link,1.9,145.0,0.0
1790355260724532102,1790355260,600000256,wind_sensor_link,2.0,146.0,0.0
1790355260917149490,1790355260,800000256,wind_sensor_link,2.0,146.0,0.0
1790355261124261822,1790355261,0,wind_sensor_link,2.1,146.0,0.0
1790355261316892877,1790355261,200000000,wind_sensor_link,2.1,149.0,0.0
1790355261523897876,1790355261,400000000,wind_sensor_link,2.1,151.0,0.0
1790355261716993981,1790355261,600000256,wind_sensor_link,2.0,150.0,0.0
1790355261923517635,1790355261,800000256,wind_sensor_link,2.0,150.0,0.0
1790355262116386834,1790355262,0,wind_sensor_link,2.1,152.0,0.0
1790355262323225429,1790355262,200000000,wind_sensor_link,2.2,152.0,0.0
1790355262530702775,1790355262,400000000,wind_sensor_link,2.1,153.0,0.0
1790355262723145517,1790355262,600000256,wind_sensor_link,2.2,153.0,0.0
1790355262930496420,1790355262,800000256,wind_sensor_link,2.2,154.0,0.0
1790355263123243862,1790355263,0,wind_sensor_link,2.3,153.0,0.0
1790355263329825459,1790355263,200000000,wind_sensor_link,2.4,156.0,0.0
1790355263522671197,1790355263,400000000,wind_sensor_link,2.5,159.0,0.0
1790355263729741733,1790355263,600000256,wind_sensor_link,2.5,160.0,0.0
1790355263922297825,1790355263,800000256,wind_sensor_link,2.5,161.0,0.0
1790355264129490675,1790355264,0,wind_sensor_link,2.6,158.0,0.0
1790355264322150007,1790355264,200000000,wind_sensor_link,2.6,161.0,0.0
1790355264529208598,1790355264,400000000,wind_sensor_link,2.5,161.0,0.0
1790355264721885578,1790355264,600000256,wind_sensor_link,2.6,161.0,0.0
1790355264928884430,1790355264,800000256,wind_sensor_link,2.4,159.0,0.0
1790355265121513021,1790355265,0,wind_sensor_link,2.4,159.0,0.0
1790355265328734408,1790355265,200000000,wind_sensor_link,2.4,158.0,0.0
1790355265521572849,1790355265,400000000,wind_sensor_link,2.4,159.0,0.0
1790355265728254797,1790355265,600000256,wind_sensor_link,2.4,159.0,0.0
1790355265920975424,1790355265,800000256,wind_sensor_link,2.4,158.0,0.0
1790355266128035738,1790355266,0,wind_sensor_link,2.4,157.0,0.0
1790355266320725718,1790355266,200000000,wind_sensor_link,2.4,157.0,0.0
1790355266527716681,1790355266,400000000,wind_sensor_link,2.3,157.0,0.0
1790355266720396809,1790355266,600000256,wind_sensor_link,2.3,157.0,0.0
1790355266927530400,1790355266,800000256,wind_sensor_link,2.3,154.0,0.0
1790355267120176787,1790355267,0,wind_sensor_link,2.4,154.0,0.0
1790355267327102492,1790355267,200000000,wind_sensor_link,2.5,154.0,0.0
1790355267519902100,1790355267,400000000,wind_sensor_link,2.5,153.0,0.0
1790355267726971080,1790355267,600000256,wind_sensor_link,2.5,154.0,0.0
1790355267919385563,1790355267,800000256,wind_sensor_link,2.6,154.0,0.0
1790355268126658060,1790355268,0,wind_sensor_link,2.7,156.0,0.0
1790355268319354299,1790355268,200000000,wind_sensor_link,2.7,157.0,0.0
1790355268526349262,1790355268,400000000,wind_sensor_link,2.7,160.0,0.0
1790355268718916947,1790355268,600000256,wind_sensor_link,2.7,160.0,0.0
1790355268926073871,1790355268,800000256,wind_sensor_link,2.6,159.0,0.0
1790355269118896664,1790355269,0,wind_sensor_link,2.6,162.0,0.0
1790355269325807961,1790355269,200000000,wind_sensor_link,2.6,163.0,0.0
1790355269518268647,1790355269,400000000,wind_sensor_link,2.5,162.0,0.0
1790355269725546903,1790355269,600000256,wind_sensor_link,2.4,162.0,0.0
1790355269918364141,1790355269,800000256,wind_sensor_link,2.4,161.0,0.0
1790355270125396010,1790355270,0,wind_sensor_link,2.4,161.0,0.0
1790355270317879789,1790355270,200000000,wind_sensor_link,2.3,163.0,0.0
1790355270525130063,1790355270,400000000,wind_sensor_link,2.4,163.0,0.0
1790355270717746915,1790355270,600000256,wind_sensor_link,2.5,160.0,0.0
1790355270925180428,1790355270,800000256,wind_sensor_link,2.5,158.0,0.0
1790355271117450616,1790355271,0,wind_sensor_link,2.6,159.0,0.0
1790355271324563392,1790355271,200000000,wind_sensor_link,2.7,157.0,0.0
1790355271517243298,1790355271,400000000,wind_sensor_link,2.8,157.0,0.0
1790355271724325760,1790355271,600000256,wind_sensor_link,2.8,155.0,0.0
1790355271917252515,1790355271,800000256,wind_sensor_link,2.9,154.0,0.0
1790355272123842131,1790355272,0,wind_sensor_link,2.9,154.0,0.0
1790355272316978920,1790355272,200000000,wind_sensor_link,2.8,156.0,0.0
1790355272523675627,1790355272,400000000,wind_sensor_link,2.7,155.0,0.0
1790355272716445662,1790355272,600000256,wind_sensor_link,2.6,155.0,0.0
1790355272923462198,1790355272,800000256,wind_sensor_link,2.4,158.0,0.0
1790355273116613191,1790355273,0,wind_sensor_link,2.4,159.0,0.0
1790355273323029327,1790355273,200000000,wind_sensor_link,2.3,159.0,0.0
1790355273530225917,1790355273,400000000,wind_sensor_link,2.1,163.0,0.0
1790355273722861416,1790355273,600000256,wind_sensor_link,2.3,163.0,0.0
1790355273930014007,1790355273,800000256,wind_sensor_link,2.4,160.0,0.0
1790355274122703098,1790355274,0,wind_sensor_link,2.5,160.0,0.0
1790355274329621395,1790355274,200000000,wind_sensor_link,2.7,158.0,0.0
1790355274522351023,1790355274,400000000,wind_sensor_link,2.8,155.0,0.0
1790355274729507409,1790355274,600000256,wind_sensor_link,3.0,155.0,0.0
1790355274921993318,1790355274,800000256,wind_sensor_link,3.1,153.0,0.0
1790355275129219204,1790355275,0,wind_sensor_link,3.3,151.0,0.0
1790355275321912202,1790355275,200000000,wind_sensor_link,3.3,151.0,0.0
1790355275528781870,1790355275,400000000,wind_sensor_link,3.4,153.0,0.0
1790355275721515460,1790355275,600000256,wind_sensor_link,3.5,151.0,0.0
1790355275928542775,1790355275,800000256,wind_sensor_link,3.5,153.0,0.0
1790355276121209421,1790355276,0,wind_sensor_link,3.5,156.0,0.0
1790355276328397623,1790355276,200000000,wind_sensor_link,3.5,154.0,0.0
1790355276521047362,1790355276,400000000,wind_sensor_link,3.4,155.0,0.0
1790355276728011381,1790355276,600000256,wind_sensor_link,3.5,154.0,0.0
1790355276920199626,1790355276,800000256,wind_sensor_link,3.5,150.0,0.0
1790355277127406845,1790355277,0,wind_sensor_link,3.4,146.0,0.0
1790355277319565017,1790355277,200000000,wind_sensor_link,3.1,146.0,0.0
1790355277527148732,1790355277,400000000,wind_sensor_link,3.0,150.0,0.0
1790355277719249033,1790355277,600000256,wind_sensor_link,3.0,151.0,0.0
1790355277927050190,1790355277,800000256,wind_sensor_link,2.8,149.0,0.0
1790355278118993753,1790355278,0,wind_sensor_link,3.0,146.0,0.0
1790355278327066944,1790355278,200000000,wind_sensor_link,2.9,151.0,0.0
1790355278519739424,1790355278,400000000,wind_sensor_link,2.9,155.0,0.0
1790355278726808071,1790355278,600000256,wind_sensor_link,2.9,156.0,0.0
1790355278919355071,1790355278,800000256,wind_sensor_link,3.0,158.0,0.0
1790355279126640642,1790355279,0,wind_sensor_link,3.0,154.0,0.0
1790355279319206567,1790355279,200000000,wind_sensor_link,3.1,153.0,0.0
1790355279526256215,1790355279,400000000,wind_sensor_link,3.2,154.0,0.0
1790355279719204155,1790355279,600000256,wind_sensor_link,3.1,156.0,0.0
1790355279925924547,1790355279,800000256,wind_sensor_link,3.0,152.0,0.0
1790355280118804172,1790355280,0,wind_sensor_link,3.1,148.0,0.0
1790355280325806061,1790355280,200000000,wind_sensor_link,3.0,146.0,0.0
1790355280517892288,1790355280,400000000,wind_sensor_link,3.1,145.0,0.0
1790355280725477856,1790355280,600000256,wind_sensor_link,3.2,142.0,0.0
1790355280917822969,1790355280,800000256,wind_sensor_link,3.1,141.0,0.0
1790355281125156113,1790355281,0,wind_sensor_link,3.1,142.0,0.0
1790355281317802964,1790355281,200000000,wind_sensor_link,3.2,144.0,0.0
1790355281524927110,1790355281,400000000,wind_sensor_link,3.2,146.0,0.0
1790355281717860328,1790355281,600000256,wind_sensor_link,3.2,149.0,0.0
1790355281924655701,1790355281,800000256,wind_sensor_link,3.4,149.0,0.0
1790355282117065739,1790355282,0,wind_sensor_link,3.5,153.0,0.0
1790355282324168442,1790355282,200000000,wind_sensor_link,3.6,155.0,0.0
1790355282516721015,1790355282,400000000,wind_sensor_link,3.8,159.0,0.0
1790355282723921235,1790355282,600000256,wind_sensor_link,4.0,160.0,0.0
1790355282916697233,1790355282,800000256,wind_sensor_link,4.0,160.0,0.0
1790355283124120246,1790355283,0,wind_sensor_link,4.1,161.0,0.0
1790355283316755449,1790355283,200000000,wind_sensor_link,4.1,161.0,0.0
1790355283523534729,1790355283,400000000,wind_sensor_link,4.1,164.0,0.0
1790355283716177987,1790355283,600000256,wind_sensor_link,4.1,162.0,0.0
1790355283923210690,1790355283,800000256,wind_sensor_link,4.1,164.0,0.0
1790355284130415558,1790355284,0,wind_sensor_link,4.0,164.0,0.0
1790355284322970780,1790355284,200000000,wind_sensor_link,4.0,164.0,0.0
1790355284530113352,1790355284,400000000,wind_sensor_link,4.0,162.0,0.0
1790355284722743351,1790355284,600000256,wind_sensor_link,3.9,161.0,0.0
1790355284929934071,1790355284,800000256,wind_sensor_link,3.9,161.0,0.0
1790355285122465330,1790355285,0,wind_sensor_link,3.8,163.0,0.0
1790355285329683013,1790355285,200000000,wind_sensor_link,3.8,166.0,0.0
1790355285522207032,1790355285,400000000,wind_sensor_link,3.8,166.0,0.0
1790355285729349289,1790355285,600000256,wind_sensor_link,3.7,163.0,0.0
1790355285922293266,1790355285,800000256,wind_sensor_link,3.8,162.0,0.0
1790355286128955029,1790355286,0,wind_sensor_link,4.0,163.0,0.0
1790355286321322161,1790355286,200000000,wind_sensor_link,4.1,163.0,0.0
1790355286528754563,1790355286,400000000,wind_sensor_link,4.1,165.0,0.0
1790355286721406599,1790355286,600000256,wind_sensor_link,4.3,163.0,0.0
1790355286928509505,1790355286,800000256,wind_sensor_link,4.2,159.0,0.0
1790355287121110708,1790355287,0,wind_sensor_link,4.3,159.0,0.0
1790355287328134615,1790355287,200000000,wind_sensor_link,4.3,160.0,0.0
1790355287520706911,1790355287,400000000,wind_sensor_link,4.2,163.0,0.0
1790355287727963537,1790355287,600000256,wind_sensor_link,4.1,164.0,0.0
1790355287920424316,1790355287,800000256,wind_sensor_link,4.0,163.0,0.0
1790355288127542148,1790355288,0,wind_sensor_link,4.0,163.0,0.0
1790355288320035704,1790355288,200000000,wind_sensor_link,4.0,164.0,0.0
1790355288527337015,1790355288,400000000,wind_sensor_link,4.0,165.0,0.0
1790355288719879552,1790355288,600000256,wind_sensor_link,4.0,165.0,0.0
1790355288927023772,1790355288,800000256,wind_sensor_link,4.1,164.0,0.0
1790355289119825029,1790355289,0,wind_sensor_link,4.1,165.0,0.0
1790355289326897213,1790355289,200000000,wind_sensor_link,4.1,163.0,0.0
1790355289519325584,1790355289,400000000,wind_sensor_link,4.2,162.0,0.0
1790355289726566026,1790355289,600000256,wind_sensor_link,4.2,163.0,0.0
1790355289919663631,1790355289,800000256,wind_sensor_link,4.2,163.0,0.0
1790355290126381634,1790355290,0,wind_sensor_link,4.2,161.0,0.0
1790355290319204760,1790355290,200000000,wind_sensor_link,4.3,162.0,0.0
1790355290526008244,1790355290,400000000,wind_sensor_link,4.3,162.0,0.0
1790355290718841018,1790355290,600000256,wind_sensor_link,4.3,163.0,0.0
1790355290925839259,1790355290,800000256,wind_sensor_link,4.2,162.0,0.0
1790355291118343518,1790355291,0,wind_sensor_link,4.3,162.0,0.0
1790355291325722347,1790355291,200000000,wind_sensor_link,4.3,162.0,0.0
1790355291518029294,1790355291,400000000,wind_sensor_link,4.2,160.0,0.0
1790355291725210848,1790355291,600000256,wind_sensor_link,4.2,161.0,0.0
1790355291917735792,1790355291,800000256,wind_sensor_link,4.1,161.0,0.0
1790355292124700070,1790355292,0,wind_sensor_link,4.1,160.0,0.0
1790355292317733750,1790355292,200000000,wind_sensor_link,4.1,159.0,0.0
1790355292524893914,1790355292,400000000,wind_sensor_link,4.1,160.0,0.0
1790355292717758411,1790355292,600000256,wind_sensor_link,4.1,160.0,0.0
1790355292924504654,1790355292,800000256,wind_sensor_link,4.1,160.0,0.0
1790355293117201912,1790355293,0,wind_sensor_link,4.1,160.0,0.0
1790355293324365206,1790355293,200000000,wind_sensor_link,4.0,160.0,0.0
1790355293517300924,1790355293,400000000,wind_sensor_link,4.0,162.0,0.0
1790355293723857040,1790355293,600000256,wind_sensor_link,4.0,162.0,0.0
1790355293916985514,1790355293,800000256,wind_sensor_link,4.0,162.0,0.0
1790355294123574019,1790355294,0,wind_sensor_link,4.0,163.0,0.0
1790355294316744864,1790355294,200000000,wind_sensor_link,3.9,162.0,0.0
1790355294523426904,1790355294,400000000,wind_sensor_link,3.9,164.0,0.0
1790355294716482435,1790355294,600000256,wind_sensor_link,4.0,163.0,0.0
1790355294923247141,1790355294,800000256,wind_sensor_link,4.0,164.0,0.0
1790355295130382825,1790355295,0,wind_sensor_link,4.0,163.0,0.0
1790355295323031064,1790355295,200000000,wind_sensor_link,4.0,164.0,0.0
1790355295530067953,1790355295,400000000,wind_sensor_link,4.0,164.0,0.0
1790355295722763414,1790355295,600000256,wind_sensor_link,3.9,163.0,0.0
1790355295929688489,1790355295,800000256,wind_sensor_link,4.0,164.0,0.0
1790355296122265896,1790355296,0,wind_sensor_link,4.0,163.0,0.0
1790355296329417931,1790355296,200000000,wind_sensor_link,4.0,164.0,0.0
1790355296522003356,1790355296,400000000,wind_sensor_link,4.1,165.0,0.0
1790355296729331371,1790355296,600000256,wind_sensor_link,4.0,166.0,0.0
1790355296922246218,1790355296,800000256,wind_sensor_link,4.0,165.0,0.0
1790355297128995740,1790355297,0,wind_sensor_link,4.0,164.0,0.0
1790355297321740997,1790355297,200000000,wind_sensor_link,4.0,165.0,0.0
1790355297528839847,1790355297,400000000,wind_sensor_link,4.0,165.0,0.0
1790355297721088647,1790355297,600000256,wind_sensor_link,3.9,166.0,0.0
1790355297928650177,1790355297,800000256,wind_sensor_link,3.8,164.0,0.0
1790355298121190992,1790355298,0,wind_sensor_link,3.8,165.0,0.0
1790355298328360305,1790355298,200000000,wind_sensor_link,3.8,164.0,0.0
1790355298520859583,1790355298,400000000,wind_sensor_link,3.8,164.0,0.0
1790355298728068951,1790355298,600000256,wind_sensor_link,3.8,165.0,0.0
1790355298920732931,1790355298,800000256,wind_sensor_link,3.8,166.0,0.0
1790355299127813633,1790355299,0,wind_sensor_link,3.8,165.0,0.0
1790355299320435744,1790355299,200000000,wind_sensor_link,3.8,164.0,0.0
1790355299527678981,1790355299,400000000,wind_sensor_link,3.8,165.0,0.0
1790355299720227055,1790355299,600000256,wind_sensor_link,3.7,163.0,0.0
1790355299927170630,1790355299,800000256,wind_sensor_link,3.7,162.0,0.0
1790355300119938701,1790355300,0,wind_sensor_link,3.6,162.0,0.0
1790355300327021811,1790355300,200000000,wind_sensor_link,3.6,161.0,0.0
1790355300519562237,1790355300,400000000,wind_sensor_link,3.7,160.0,0.0
1790355300726742846,1790355300,600000256,wind_sensor_link,3.6,160.0,0.0
1790355300919748841,1790355300,800000256,wind_sensor_link,3.7,160.0,0.0
1790355301126629268,1790355301,0,wind_sensor_link,3.7,162.0,0.0
1790355301318654700,1790355301,200000000,wind_sensor_link,3.7,161.0,0.0
1790355301526348877,1790355301,400000000,wind_sensor_link,3.7,162.0,0.0
1790355301718955432,1790355301,600000256,wind_sensor_link,3.7,162.0,0.0
1790355301926015153,1790355301,800000256,wind_sensor_link,3.7,162.0,0.0
1790355302118725447,1790355302,0,wind_sensor_link,3.6,163.0,0.0
1790355302325814817,1790355302,200000000,wind_sensor_link,3.7,164.0,0.0
1790355302518885736,1790355302,400000000,wind_sensor_link,3.7,165.0,0.0
1790355302725574147,1790355302,600000256,wind_sensor_link,3.7,162.0,0.0
1790355302918628363,1790355302,800000256,wind_sensor_link,3.8,164.0,0.0
1790355303125344941,1790355303,0,wind_sensor_link,3.9,165.0,0.0
1790355303317724054,1790355303,200000000,wind_sensor_link,3.9,166.0,0.0
1790355303525058383,1790355303,400000000,wind_sensor_link,3.9,166.0,0.0
1790355303717761900,1790355303,600000256,wind_sensor_link,3.9,166.0,0.0
1790355303924709270,1790355303,800000256,wind_sensor_link,3.9,167.0,0.0
1790355304117778487,1790355304,0,wind_sensor_link,3.9,166.0,0.0
1790355304324730043,1790355304,200000000,wind_sensor_link,3.9,168.0,0.0
1790355304517705686,1790355304,400000000,wind_sensor_link,3.8,166.0,0.0
1790355304724195303,1790355304,600000256,wind_sensor_link,3.8,165.0,0.0
1790355304917409387,1790355304,800000256,wind_sensor_link,3.8,166.0,0.0
1790355305124396350,1790355305,0,wind_sensor_link,3.8,167.0,0.0
1790355305316775537,1790355305,200000000,wind_sensor_link,3.8,169.0,0.0
1790355305523721204,1790355305,400000000,wind_sensor_link,3.7,168.0,0.0
1790355305716899530,1790355305,600000256,wind_sensor_link,3.8,169.0,0.0
1790355305923744532,1790355305,800000256,wind_sensor_link,3.8,169.0,0.0
1790355306116756101,1790355306,0,wind_sensor_link,3.8,169.0,0.0
1790355306323419345,1790355306,200000000,wind_sensor_link,3.9,170.0,0.0
1790355306516469617,1790355306,400000000,wind_sensor_link,3.9,169.0,0.0
1790355306723212564,1790355306,600000256,wind_sensor_link,4.0,167.0,0.0
1790355306930368692,1790355306,800000256,wind_sensor_link,4.1,166.0,0.0
1790355307122980506,1790355307,0,wind_sensor_link,4.2,165.0,0.0
1790355307330157708,1790355307,200000000,wind_sensor_link,4.3,166.0,0.0
1790355307522674282,1790355307,400000000,wind_sensor_link,4.3,163.0,0.0
1790355307729916538,1790355307,600000256,wind_sensor_link,4.3,165.0,0.0
1790355307922530797,1790355307,800000256,wind_sensor_link,4.3,164.0,0.0
1790355308129668369,1790355308,0,wind_sensor_link,4.3,163.0,0.0
1790355308322292312,1790355308,200000000,wind_sensor_link,4.2,162.0,0.0
1790355308529522995,1790355308,400000000,wind_sensor_link,4.1,160.0,0.0
1790355308722112809,1790355308,600000256,wind_sensor_link,4.1,160.0,0.0
1790355308929211826,1790355308,800000256,wind_sensor_link,4.0,157.0,0.0
1790355309121727215,1790355309,0,wind_sensor_link,4.0,157.0,0.0
1790355309329058637,1790355309,200000000,wind_sensor_link,4.0,155.0,0.0
1790355309521744451,1790355309,400000000,wind_sensor_link,3.9,155.0,0.0
1790355309728660822,1790355309,600000256,wind_sensor_link,3.8,156.0,0.0
1790355309921489411,1790355309,800000256,wind_sensor_link,3.6,155.0,0.0
1790355310128641039,1790355310,0,wind_sensor_link,3.6,155.0,0.0
1790355310321183650,1790355310,200000000,wind_sensor_link,3.5,157.0,0.0
1790355310528345555,1790355310,400000000,wind_sensor_link,3.5,159.0,0.0
1790355310721030942,1790355310,600000256,wind_sensor_link,3.4,161.0,0.0
1790355310928085497,1790355310,800000256,wind_sensor_link,3.4,159.0,0.0
1790355311120775644,1790355311,0,wind_sensor_link,3.5,158.0,0.0
1790355311327744607,1790355311,200000000,wind_sensor_link,3.5,158.0,0.0
1790355311520662584,1790355311,400000000,wind_sensor_link,3.8,161.0,0.0
1790355311727714102,1790355311,600000256,wind_sensor_link,3.9,159.0,0.0
1790355311920253824,1790355311,800000256,wind_sensor_link,4.0,156.0,0.0
1790355312127461025,1790355312,0,wind_sensor_link,4.0,158.0,0.0
1790355312320150172,1790355312,200000000,wind_sensor_link,4.1,156.0,0.0
1790355312527289448,1790355312,400000000,wind_sensor_link,4.0,155.0,0.0
1790355312719694912,1790355312,600000256,wind_sensor_link,4.1,157.0,0.0
1790355312926948224,1790355312,800000256,wind_sensor_link,4.2,158.0,0.0
1790355313119700073,1790355313,0,wind_sensor_link,4.2,157.0,0.0
1790355313326780054,1790355313,200000000,wind_sensor_link,4.2,156.0,0.0
1790355313519724660,1790355313,400000000,wind_sensor_link,4.0,159.0,0.0
1790355313726673623,1790355313,600000256,wind_sensor_link,4.1,160.0,0.0
1790355313919161643,1790355313,800000256,wind_sensor_link,4.1,160.0,0.0
1790355314126564212,1790355314,0,wind_sensor_link,4.2,161.0,0.0
1790355314318641699,1790355314,200000000,wind_sensor_link,4.1,161.0,0.0
1790355314525979898,1790355314,400000000,wind_sensor_link,4.0,159.0,0.0
1790355314718804191,1790355314,600000256,wind_sensor_link,4.2,157.0,0.0
1790355314925868042,1790355314,800000256,wind_sensor_link,4.2,158.0,0.0
1790355315118552281,1790355315,0,wind_sensor_link,4.3,158.0,0.0
1790355315325813871,1790355315,200000000,wind_sensor_link,4.4,158.0,0.0
1790355315518709552,1790355315,400000000,wind_sensor_link,4.4,158.0,0.0
1790355315725458332,1790355315,600000256,wind_sensor_link,4.3,156.0,0.0
1790355315918151868,1790355315,800000256,wind_sensor_link,4.3,156.0,0.0
1790355316125254478,1790355316,0,wind_sensor_link,4.3,157.0,0.0
1790355316317921606,1790355316,200000000,wind_sensor_link,4.1,159.0,0.0
1790355316524928346,1790355316,400000000,wind_sensor_link,4.0,156.0,0.0
1790355316717827657,1790355316,600000256,wind_sensor_link,3.9,156.0,0.0
1790355316924805694,1790355316,800000256,wind_sensor_link,3.7,156.0,0.0
1790355317117252195,1790355317,0,wind_sensor_link,3.6,155.0,0.0
1790355317324735115,1790355317,200000000,wind_sensor_link,3.7,157.0,0.0
1790355317517260060,1790355317,400000000,wind_sensor_link,3.6,156.0,0.0
1790355317724403910,1790355317,600000256,wind_sensor_link,3.6,157.0,0.0
1790355317917163389,1790355317,800000256,wind_sensor_link,3.5,154.0,0.0
1790355318124280647,1790355318,0,wind_sensor_link,3.4,158.0,0.0
1790355318316913238,1790355318,200000000,wind_sensor_link,3.2,157.0,0.0
1790355318523942775,1790355318,400000000,wind_sensor_link,3.3,154.0,0.0
1790355318717046750,1790355318,600000256,wind_sensor_link,3.3,153.0,0.0
1790355318923782086,1790355318,800000256,wind_sensor_link,3.1,154.0,0.0
1790355319116391437,1790355319,0,wind_sensor_link,3.2,154.0,0.0
1790355319323539991,1790355319,200000000,wind_sensor_link,3.1,156.0,0.0
1790355319516267544,1790355319,400000000,wind_sensor_link,3.1,159.0,0.0
1790355319723317043,1790355319,600000256,wind_sensor_link,3.2,158.0,0.0
1790355319915767267,1790355319,800000256,wind_sensor_link,3.3,156.0,0.0
1790355320122952357,1790355320,0,wind_sensor_link,3.3,155.0,0.0
1790355320330469258,1790355320,200000000,wind_sensor_link,3.5,156.0,0.0
1790355320522957611,1790355320,400000000,wind_sensor_link,3.4,156.0,0.0
1790355320730120812,1790355320,600000256,wind_sensor_link,3.4,155.0,0.0
1790355320922831959,1790355320,800000256,wind_sensor_link,3.1,155.0,0.0
1790355321129845014,1790355321,0,wind_sensor_link,3.1,153.0,0.0
1790355321322540549,1790355321,200000000,wind_sensor_link,2.9,146.0,0.0
1790355321529472716,1790355321,400000000,wind_sensor_link,2.9,146.0,0.0
1790355321722302417,1790355321,600000256,wind_sensor_link,2.9,147.0,0.0
1790355321929484285,1790355321,800000256,wind_sensor_link,2.9,144.0,0.0
1790355322122112784,1790355322,0,wind_sensor_link,3.2,147.0,0.0
1790355322329301448,1790355322,200000000,wind_sensor_link,3.2,146.0,0.0
1790355322522256073,1790355322,400000000,wind_sensor_link,3.4,146.0,0.0
1790355322729080019,1790355322,600000256,wind_sensor_link,3.5,143.0,0.0
1790355322921725240,1790355322,800000256,wind_sensor_link,3.6,148.0,0.0
1790355323129002181,1790355323,0,wind_sensor_link,3.5,148.0,0.0
1790355323321496386,1790355323,200000000,wind_sensor_link,3.4,147.0,0.0
1790355323528507608,1790355323,400000000,wind_sensor_link,3.3,152.0,0.0
1790355323721308845,1790355323,600000256,wind_sensor_link,3.1,150.0,0.0
1790355323928513623,1790355323,800000256,wind_sensor_link,3.2,148.0,0.0
1790355324121100923,1790355324,0,wind_sensor_link,3.0,147.0,0.0
1790355324328303153,1790355324,200000000,wind_sensor_link,2.9,152.0,0.0
1790355324520946768,1790355324,400000000,wind_sensor_link,2.9,151.0,0.0
1790355324728066536,1790355324,600000256,wind_sensor_link,2.9,150.0,0.0
1790355324920729577,1790355324,800000256,wind_sensor_link,3.0,147.0,0.0
1790355325127835678,1790355325,0,wind_sensor_link,3.1,145.0,0.0
1790355325320483478,1790355325,200000000,wind_sensor_link,3.0,145.0,0.0
1790355325527477988,1790355325,400000000,wind_sensor_link,3.0,145.0,0.0
1790355325720258046,1790355325,600000256,wind_sensor_link,3.2,143.0,0.0
1790355325927431110,1790355325,800000256,wind_sensor_link,3.2,145.0,0.0
1790355326120039762,1790355326,0,wind_sensor_link,3.3,147.0,0.0
1790355326327093401,1790355326,200000000,wind_sensor_link,3.4,154.0,0.0
1790355326519916533,1790355326,400000000,wind_sensor_link,3.3,157.0,0.0
1790355326727066541,1790355326,600000256,wind_sensor_link,3.2,157.0,0.0
1790355326919677841,1790355326,800000256,wind_sensor_link,3.2,158.0,0.0
1790355327126807294,1790355327,0,wind_sensor_link,3.2,158.0,0.0
1790355327319401169,1790355327,200000000,wind_sensor_link,3.1,159.0,0.0
1790355327526496344,1790355327,400000000,wind_sensor_link,3.3,157.0,0.0
1790355327719221459,1790355327,600000256,wind_sensor_link,3.3,158.0,0.0
1790355327926382004,1790355327,800000256,wind_sensor_link,3.3,153.0,0.0
1790355328119118655,1790355328,0,wind_sensor_link,3.3,152.0,0.0
1790355328326191923,1790355328,200000000,wind_sensor_link,3.5,152.0,0.0
1790355328518898112,1790355328,400000000,wind_sensor_link,3.5,149.0,0.0
1790355328725835474,1790355328,600000256,wind_sensor_link,3.7,153.0,0.0
1790355328918623976,1790355328,800000256,wind_sensor_link,3.6,154.0,0.0
1790355329126008779,1790355329,0,wind_sensor_link,3.4,153.0,0.0
1790355329318441877,1790355329,200000000,wind_sensor_link,3.4,151.0,0.0
1790355329525744940,1790355329,400000000,wind_sensor_link,3.5,152.0,0.0
1790355329718214130,1790355329,600000256,wind_sensor_link,3.5,150.0,0.0
1790355329925239955,1790355329,800000256,wind_sensor_link,3.4,149.0,0.0
1790355330118116456,1790355330,0,wind_sensor_link,3.3,150.0,0.0
1790355330325054189,1790355330,200000000,wind_sensor_link,3.2,150.0,0.0
1790355330518257262,1790355330,400000000,wind_sensor_link,3.2,151.0,0.0
1790355330724989515,1790355330,600000256,wind_sensor_link,3.2,151.0,0.0
1790355330917702073,1790355330,800000256,wind_sensor_link,3.2,154.0,0.0
1790355331124819082,1790355331,0,wind_sensor_link,3.0,156.0,0.0
1790355331317427197,1790355331,200000000,wind_sensor_link,3.0,162.0,0.0
1790355331524713704,1790355331,400000000,wind_sensor_link,3.0,167.0,0.0
1790355331717239543,1790355331,600000256,wind_sensor_link,3.2,169.0,0.0
1790355331924396106,1790355331,800000256,wind_sensor_link,3.4,168.0,0.0
1790355332116850890,1790355332,0,wind_sensor_link,3.3,168.0,0.0
1790355332324199841,1790355332,200000000,wind_sensor_link,3.4,169.0,0.0
1790355332516915603,1790355332,400000000,wind_sensor_link,3.4,169.0,0.0
1790355332724023075,1790355332,600000256,wind_sensor_link,3.4,168.0,0.0
1790355332916403636,1790355332,800000256,wind_sensor_link,3.4,166.0,0.0
1790355333123880809,1790355333,0,wind_sensor_link,3.4,164.0,0.0
1790355333316191445,1790355333,200000000,wind_sensor_link,3.2,161.0,0.0
1790355333523471748,1790355333,400000000,wind_sensor_link,3.1,161.0,0.0
1790355333716177530,1790355333,600000256,wind_sensor_link,3.1,160.0,0.0
1790355333923472296,1790355333,800000256,wind_sensor_link,3.1,160.0,0.0
1790355334116162873,1790355334,0,wind_sensor_link,3.2,162.0,0.0
1790355334323506991,1790355334,200000000,wind_sensor_link,3.3,163.0,0.0
1790355334530311354,1790355334,400000000,wind_sensor_link,3.3,163.0,0.0
1790355334723017969,1790355334,600000256,wind_sensor_link,3.3,166.0,0.0
1790355334930186903,1790355334,800000256,wind_sensor_link,3.4,168.0,0.0
1790355335122882943,1790355335,0,wind_sensor_link,3.3,167.0,0.0
1790355335329973952,1790355335,200000000,wind_sensor_link,3.4,167.0,0.0
1790355335522445754,1790355335,400000000,wind_sensor_link,3.4,167.0,0.0
1790355335729749149,1790355335,600000256,wind_sensor_link,3.3,166.0,0.0
1790355335922393524,1790355335,800000256,wind_sensor_link,3.2,168.0,0.0
1790355336129511940,1790355336,0,wind_sensor_link,3.2,168.0,0.0
1790355336322022741,1790355336,200000000,wind_sensor_link,3.2,169.0,0.0
1790355336529328674,1790355336,400000000,wind_sensor_link,3.1,169.0,0.0
1790355336721787365,1790355336,600000256,wind_sensor_link,3.1,169.0,0.0
1790355336929193185,1790355336,800000256,wind_sensor_link,2.9,168.0,0.0
1790355337121685709,1790355337,0,wind_sensor_link,2.9,168.0,0.0
1790355337329008327,1790355337,200000000,wind_sensor_link,2.9,167.0,0.0
1790355337521450333,1790355337,400000000,wind_sensor_link,2.9,167.0,0.0
1790355337728813839,1790355337,600000256,wind_sensor_link,2.9,167.0,0.0
1790355337921668952,1790355337,800000256,wind_sensor_link,2.8,167.0,0.0
1790355338128755443,1790355338,0,wind_sensor_link,2.8,165.0,0.0
1790355338321092356,1790355338,200000000,wind_sensor_link,2.8,164.0,0.0
1790355338528416437,1790355338,400000000,wind_sensor_link,2.8,163.0,0.0
1790355338720998386,1790355338,600000256,wind_sensor_link,2.8,162.0,0.0
1790355338928184339,1790355338,800000256,wind_sensor_link,2.8,161.0,0.0
1790355339120938471,1790355339,0,wind_sensor_link,2.9,160.0,0.0
1790355339327992702,1790355339,200000000,wind_sensor_link,2.9,159.0,0.0
1790355339520432338,1790355339,400000000,wind_sensor_link,3.0,157.0,0.0
1790355339727801381,1790355339,600000256,wind_sensor_link,3.1,159.0,0.0
1790355339920425033,1790355339,800000256,wind_sensor_link,3.2,159.0,0.0
1790355340127559820,1790355340,0,wind_sensor_link,3.2,159.0,0.0
1790355340320245453,1790355340,200000000,wind_sensor_link,3.2,161.0,0.0
1790355340527329554,1790355340,400000000,wind_sensor_link,3.2,160.0,0.0
1790355340720022058,1790355340,600000256,wind_sensor_link,3.2,159.0,0.0
1790355340927075604,1790355340,800000256,wind_sensor_link,3.3,161.0,0.0
1790355341119900254,1790355341,0,wind_sensor_link,3.3,160.0,0.0
1790355341326861579,1790355341,200000000,wind_sensor_link,3.3,160.0,0.0
1790355341519442694,1790355341,400000000,wind_sensor_link,3.2,161.0,0.0
1790355341726774294,1790355341,600000256,wind_sensor_link,3.2,160.0,0.0
1790355341919424649,1790355341,800000256,wind_sensor_link,3.2,162.0,0.0
1790355342126726564,1790355342,0,wind_sensor_link,3.2,162.0,0.0
1790355342319280994,1790355342,200000000,wind_sensor_link,3.2,162.0,0.0
1790355342526419077,1790355342,400000000,wind_sensor_link,3.1,161.0,0.0
1790355342719176765,1790355342,600000256,wind_sensor_link,3.2,163.0,0.0
1790355342926295292,1790355342,800000256,wind_sensor_link,3.2,164.0,0.0
1790355343118724612,1790355343,0,wind_sensor_link,3.3,163.0,0.0
1790355343326097526,1790355343,200000000,wind_sensor_link,3.3,163.0,0.0
1790355343518653179,1790355343,400000000,wind_sensor_link,3.3,162.0,0.0
1790355343725924075,1790355343,600000256,wind_sensor_link,3.3,161.0,0.0
1790355343918536450,1790355343,800000256,wind_sensor_link,3.4,162.0,0.0
1790355344125519478,1790355344,0,wind_sensor_link,3.4,161.0,0.0
1790355344318367221,1790355344,200000000,wind_sensor_link,3.3,161.0,0.0
1790355344525461970,1790355344,400000000,wind_sensor_link,3.4,160.0,0.0
1790355344718189473,1790355344,600000256,wind_sensor_link,3.3,162.0,0.0
1790355344925155983,1790355344,800000256,wind_sensor_link,3.3,164.0,0.0
1790355345118010245,1790355345,0,wind_sensor_link,3.3,166.0,0.0
1790355345325163123,1790355345,200000000,wind_sensor_link,3.3,166.0,0.0
1790355345517573166,1790355345,400000000,wind_sensor_link,3.3,168.0,0.0
1790355345724977135,1790355345,600000256,wind_sensor_link,3.3,168.0,0.0
1790355345917670879,1790355345,800000256,wind_sensor_link,3.3,168.0,0.0
1790355346124790740,1790355346,0,wind_sensor_link,3.3,167.0,0.0
1790355346317430003,1790355346,200000000,wind_sensor_link,3.2,165.0,0.0
1790355346524837972,1790355346,400000000,wind_sensor_link,3.3,164.0,0.0
1790355346717229497,1790355346,600000256,wind_sensor_link,3.2,164.0,0.0
1790355346924672595,1790355346,800000256,wind_sensor_link,3.2,162.0,0.0
1790355347117161026,1790355347,0,wind_sensor_link,3.3,163.0,0.0
1790355347324254535,1790355347,200000000,wind_sensor_link,3.4,160.0,0.0
1790355347516702189,1790355347,400000000,wind_sensor_link,3.4,159.0,0.0
1790355347724085213,1790355347,600000256,wind_sensor_link,3.4,161.0,0.0
1790355347917111084,1790355347,800000256,wind_sensor_link,3.4,160.0,0.0
1790355348123705820,1790355348,0,wind_sensor_link,3.4,158.0,0.0
1790355348316944078,1790355348,200000000,wind_sensor_link,3.4,157.0,0.0
1790355348523647608,1790355348,400000000,wind_sensor_link,3.3,157.0,0.0
1790355348716083373,1790355348,600000256,wind_sensor_link,3.2,156.0,0.0
1790355348923618508,1790355348,800000256,wind_sensor_link,3.1,158.0,0.0
1790355349116259438,1790355349,0,wind_sensor_link,3.0,158.0,0.0
1790355349323206133,1790355349,200000000,wind_sensor_link,3.1,157.0,0.0
1790355349515753878,1790355349,400000000,wind_sensor_link,3.1,158.0,0.0
1790355349723170551,1790355349,600000256,wind_sensor_link,3.1,159.0,0.0
1790355349930360651,1790355349,800000256,wind_sensor_link,3.1,159.0,0.0
1790355350122785472,1790355350,0,wind_sensor_link,3.1,158.0,0.0
1790355350330161238,1790355350,200000000,wind_sensor_link,3.2,160.0,0.0
1790355350523036239,1790355350,400000000,wind_sensor_link,3.2,161.0,0.0
1790355350730102600,1790355350,600000256,wind_sensor_link,3.2,161.0,0.0
1790355350922923047,1790355350,800000256,wind_sensor_link,3.3,161.0,0.0
1790355351129744466,1790355351,0,wind_sensor_link,3.4,161.0,0.0
1790355351322467265,1790355351,200000000,wind_sensor_link,3.4,162.0,0.0
1790355351529511552,1790355351,400000000,wind_sensor_link,3.3,161.0,0.0
1790355351722296314,1790355351,600000256,wind_sensor_link,3.3,161.0,0.0
1790355351929475155,1790355351,800000256,wind_sensor_link,3.2,158.0,0.0
1790355352122134529,1790355352,0,wind_sensor_link,3.1,157.0,0.0
1790355352329382037,1790355352,200000000,wind_sensor_link,3.0,158.0,0.0
1790355352521989486,1790355352,400000000,wind_sensor_link,2.9,158.0,0.0
1790355352729149253,1790355352,600000256,wind_sensor_link,2.8,157.0,0.0
1790355352921817516,1790355352,800000256,wind_sensor_link,2.6,156.0,0.0
1790355353129077468,1790355353,0,wind_sensor_link,2.6,156.0,0.0
1790355353321694305,1790355353,200000000,wind_sensor_link,2.6,155.0,0.0
1790355353528674944,1790355353,400000000,wind_sensor_link,2.6,156.0,0.0
1790355353721410799,1790355353,600000256,wind_sensor_link,2.6,155.0,0.0
1790355353928555715,1790355353,800000256,wind_sensor_link,2.6,156.0,0.0
1790355354121272718,1790355354,0,wind_sensor_link,2.7,154.0,0.0
1790355354328463004,1790355354,200000000,wind_sensor_link,2.7,156.0,0.0
1790355354520885936,1790355354,400000000,wind_sensor_link,3.0,160.0,0.0
1790355354728174332,1790355354,600000256,wind_sensor_link,3.1,161.0,0.0
1790355354920726207,1790355354,800000256,wind_sensor_link,3.1,161.0,0.0
1790355355127970270,1790355355,0,wind_sensor_link,3.2,164.0,0.0
1790355355320790569,1790355355,200000000,wind_sensor_link,3.3,165.0,0.0
1790355355527818670,1790355355,400000000,wind_sensor_link,3.3,161.0,0.0
1790355355720738135,1790355355,600000256,wind_sensor_link,3.3,162.0,0.0
1790355355927759070,1790355355,800000256,wind_sensor_link,3.3,159.0,0.0
1790355356120430055,1790355356,0,wind_sensor_link,3.1,156.0,0.0
1790355356327460565,1790355356,200000000,wind_sensor_link,3.1,154.0,0.0
1790355356520350835,1790355356,400000000,wind_sensor_link,3.0,157.0,0.0
1790355356727423185,1790355356,600000256,wind_sensor_link,3.0,155.0,0.0
1790355356920099296,1790355356,800000256,wind_sensor_link,3.1,151.0,0.0
1790355357127244592,1790355357,0,wind_sensor_link,3.0,153.0,0.0
1790355357320071666,1790355357,200000000,wind_sensor_link,3.0,153.0,0.0
1790355357526972257,1790355357,400000000,wind_sensor_link,3.0,156.0,0.0
1790355357719862147,1790355357,600000256,wind_sensor_link,3.0,156.0,0.0
1790355357926996535,1790355357,800000256,wind_sensor_link,2.9,158.0,0.0
1790355358119720924,1790355358,0,wind_sensor_link,3.0,157.0,0.0
1790355358326706848,1790355358,200000000,wind_sensor_link,2.9,159.0,0.0
1790355358519276515,1790355358,400000000,wind_sensor_link,2.8,162.0,0.0
1790355358726612440,1790355358,600000256,wind_sensor_link,2.8,164.0,0.0
1790355358919338885,1790355358,800000256,wind_sensor_link,2.8,164.0,0.0
1790355359126683996,1790355359,0,wind_sensor_link,2.8,163.0,0.0
1790355359319175440,1790355359,200000000,wind_sensor_link,2.9,165.0,0.0
1790355359526644532,1790355359,400000000,wind_sensor_link,2.9,164.0,0.0
1790355359719134624,1790355359,600000256,wind_sensor_link,2.9,164.0,0.0
1790355359926229309,1790355359,800000256,wind_sensor_link,2.9,163.0,0.0
1790355360119019901,1790355360,0,wind_sensor_link,3.0,161.0,0.0
1790355360325908863,1790355360,200000000,wind_sensor_link,3.0,161.0,0.0
1790355360518482122,1790355360,400000000,wind_sensor_link,3.1,162.0,0.0
1790355360725854788,1790355360,600000256,wind_sensor_link,3.1,160.0,0.0
1790355360918673511,1790355360,800000256,wind_sensor_link,3.2,158.0,0.0
1790355361125873214,1790355361,0,wind_sensor_link,3.2,158.0,0.0
1790355361318210787,1790355361,200000000,wind_sensor_link,3.2,159.0,0.0
1790355361525972862,1790355361,400000000,wind_sensor_link,3.3,160.0,0.0
1790355361718027434,1790355361,600000256,wind_sensor_link,3.3,160.0,0.0
1790355361925502342,1790355361,800000256,wind_sensor_link,3.3,159.0,0.0
1790355362118266879,1790355362,0,wind_sensor_link,3.3,158.0,0.0
1790355362325337878,1790355362,200000000,wind_sensor_link,3.3,158.0,0.0
1790355362517832581,1790355362,400000000,wind_sensor_link,3.3,159.0,0.0
1790355362725258636,1790355362,600000256,wind_sensor_link,3.3,160.0,0.0
1790355362917898118,1790355362,800000256,wind_sensor_link,3.3,160.0,0.0
1790355363125207710,1790355363,0,wind_sensor_link,3.3,161.0,0.0
1790355363317726247,1790355363,200000000,wind_sensor_link,3.3,161.0,0.0
1790355363524775894,1790355363,400000000,wind_sensor_link,3.2,162.0,0.0
1790355363717296597,1790355363,600000256,wind_sensor_link,3.2,165.0,0.0
1790355363924575708,1790355363,800000256,wind_sensor_link,3.1,167.0,0.0
1790355364117142689,1790355364,0,wind_sensor_link,3.1,168.0,0.0
1790355364324433188,1790355364,200000000,wind_sensor_link,3.0,169.0,0.0
1790355364517024873,1790355364,400000000,wind_sensor_link,2.9,168.0,0.0
1790355364724421651,1790355364,600000256,wind_sensor_link,2.8,169.0,0.0
1790355364916831409,1790355364,800000256,wind_sensor_link,2.8,173.0,0.0
1790355365124121205,1790355365,0,wind_sensor_link,2.9,175.0,0.0
1790355365317394929,1790355365,200000000,wind_sensor_link,2.8,176.0,0.0
1790355365524005260,1790355365,400000000,wind_sensor_link,2.8,176.0,0.0
1790355365717172317,1790355365,600000256,wind_sensor_link,2.8,176.0,0.0
1790355365923814629,1790355365,800000256,wind_sensor_link,2.6,176.0,0.0
1790355366116389518,1790355366,0,wind_sensor_link,2.6,179.0,0.0
1790355366323973666,1790355366,200000000,wind_sensor_link,2.7,177.0,0.0
1790355366516233295,1790355366,400000000,wind_sensor_link,2.6,176.0,0.0
1790355366723743943,1790355366,600000256,wind_sensor_link,2.5,172.0,0.0
1790355366916820963,1790355366,800000256,wind_sensor_link,2.5,172.0,0.0
1790355367123550035,1790355367,0,wind_sensor_link,2.5,173.0,0.0
1790355367316787851,1790355367,200000000,wind_sensor_link,2.5,173.0,0.0
1790355367523283330,1790355367,400000000,wind_sensor_link,2.6,173.0,0.0
1790355367716523017,1790355367,600000256,wind_sensor_link,2.6,173.0,0.0
1790355367923416034,1790355367,800000256,wind_sensor_link,2.5,175.0,0.0
1790355368130701200,1790355368,0,wind_sensor_link,2.6,175.0,0.0
1790355368323094181,1790355368,200000000,wind_sensor_link,2.6,180.0,0.0
1790355368530241865,1790355368,400000000,wind_sensor_link,2.5,178.0,0.0
1790355368723039365,1790355368,600000256,wind_sensor_link,2.8,176.0,0.0
1790355368930130698,1790355368,800000256,wind_sensor_link,2.8,177.0,0.0
1790355369122869494,1790355369,0,wind_sensor_link,2.8,178.0,0.0
1790355369330007826,1790355369,200000000,wind_sensor_link,2.8,179.0,0.0
1790355369522527326,1790355369,400000000,wind_sensor_link,2.8,180.0,0.0
1790355369729847548,1790355369,600000256,wind_sensor_link,2.8,179.0,0.0
1790355369922864363,1790355369,800000256,wind_sensor_link,2.8,178.0,0.0
1790355370129677732,1790355370,0,wind_sensor_link,3.1,177.0,0.0
1790355370322368473,1790355370,200000000,wind_sensor_link,3.0,176.0,0.0
1790355370529492472,1790355370,400000000,wind_sensor_link,3.0,176.0,0.0
1790355370722231991,1790355370,600000256,wind_sensor_link,3.0,175.0,0.0
1790355370929352953,1790355370,800000256,wind_sensor_link,3.1,174.0,0.0
1790355371122149472,1790355371,0,wind_sensor_link,3.1,169.0,0.0
1790355371329245674,1790355371,200000000,wind_sensor_link,3.1,170.0,0.0
1790355371521727100,1790355371,400000000,wind_sensor_link,3.2,168.0,0.0
1790355371728882803,1790355371,600000256,wind_sensor_link,3.1,170.0,0.0
1790355371921771248,1790355371,800000256,wind_sensor_link,3.0,169.0,0.0
1790355372128742839,1790355372,0,wind_sensor_link,3.0,170.0,0.0
1790355372321395061,1790355372,200000000,wind_sensor_link,3.0,169.0,0.0
1790355372528574264,1790355372,400000000,wind_sensor_link,3.0,165.0,0.0
1790355372721382216,1790355372,600000256,wind_sensor_link,3.1,166.0,0.0
1790355372928494603,1790355372,800000256,wind_sensor_link,3.1,164.0,0.0
1790355373121216289,1790355373,0,wind_sensor_link,3.1,163.0,0.0
1790355373328512658,1790355373,200000000,wind_sensor_link,3.2,161.0,0.0
1790355373520986917,1790355373,400000000,wind_sensor_link,3.2,157.0,0.0
1790355373728154230,1790355373,600000256,wind_sensor_link,3.3,155.0,0.0
1790355373920726897,1790355373,800000256,wind_sensor_link,3.2,154.0,0.0
1790355374128287841,1790355374,0,wind_sensor_link,3.2,153.0,0.0
1790355374320826286,1790355374,200000000,wind_sensor_link,3.2,154.0,0.0
1790355374527821580,1790355374,400000000,wind_sensor_link,3.1,156.0,0.0
1790355374720685081,1790355374,600000256,wind_sensor_link,3.1,156.0,0.0
1790355374927700709,1790355374,800000256,wind_sensor_link,3.0,158.0,0.0
1790355375120420172,1790355375,0,wind_sensor_link,3.0,160.0,0.0
1790355375327725745,1790355375,200000000,wind_sensor_link,3.0,162.0,0.0
1790355375520295171,1790355375,400000000,wind_sensor_link,3.0,164.0,0.0
1790355375727499077,1790355375,600000256,wind_sensor_link,2.9,165.0,0.0
1790355375920136430,1790355375,800000256,wind_sensor_link,2.9,164.0,0.0
1790355376127186502,1790355376,0,wind_sensor_link,2.9,164.0,0.0
1790355376320066799,1790355376,200000000,wind_sensor_link,2.9,165.0,0.0
1790355376527377039,1790355376,400000000,wind_sensor_link,2.9,166.0,0.0
1790355376719906946,1790355376,600000256,wind_sensor_link,2.9,169.0,0.0
1790355376926926148,1790355376,800000256,wind_sensor_link,2.9,169.0,0.0
1790355377119709686,1790355377,0,wind_sensor_link,3.0,170.0,0.0
1790355377326948925,1790355377,200000000,wind_sensor_link,3.1,172.0,0.0
1790355377519495944,1790355377,400000000,wind_sensor_link,3.2,173.0,0.0
1790355377726742017,1790355377,600000256,wind_sensor_link,3.2,172.0,0.0
1790355377919114517,1790355377,800000256,wind_sensor_link,3.4,171.0,0.0
1790355378126644960,1790355378,0,wind_sensor_link,3.4,168.0,0.0
1790355378319771869,1790355378,200000000,wind_sensor_link,3.5,165.0,0.0
1790355378526311792,1790355378,400000000,wind_sensor_link,3.6,164.0,0.0
1790355378719503720,1790355378,600000256,wind_sensor_link,3.7,164.0,0.0
1790355378926274365,1790355378,800000256,wind_sensor_link,3.7,163.0,0.0
1790355379119329830,1790355379,0,wind_sensor_link,3.7,162.0,0.0
1790355379326126976,1790355379,200000000,wind_sensor_link,3.8,163.0,0.0
1790355379518831569,1790355379,400000000,wind_sensor_link,3.9,163.0,0.0
1790355379726009141,1790355379,600000256,wind_sensor_link,4.0,164.0,0.0
1790355379918704623,1790355379,800000256,wind_sensor_link,4.1,163.0,0.0
1790355380125784270,1790355380,0,wind_sensor_link,4.0,163.0,0.0
1790355380318551326,1790355380,200000000,wind_sensor_link,4.1,163.0,0.0
1790355380525652602,1790355380,400000000,wind_sensor_link,4.1,162.0,0.0
1790355380718234325,1790355380,600000256,wind_sensor_link,4.2,161.0,0.0
1790355380925548231,1790355380,800000256,wind_sensor_link,4.1,161.0,0.0
1790355381118283046,1790355381,0,wind_sensor_link,4.1,161.0,0.0
1790355381325666656,1790355381,200000000,wind_sensor_link,4.0,162.0,0.0
1790355381518131879,1790355381,400000000,wind_sensor_link,4.0,162.0,0.0
1790355381725506914,1790355381,600000256,wind_sensor_link,4.0,161.0,0.0
1790355381917958840,1790355381,800000256,wind_sensor_link,4.0,160.0,0.0
1790355382125137987,1790355382,0,wind_sensor_link,4.0,161.0,0.0
1790355382317903673,1790355382,200000000,wind_sensor_link,4.0,158.0,0.0
1790355382525326616,1790355382,400000000,wind_sensor_link,4.2,157.0,0.0
1790355382717746172,1790355382,600000256,wind_sensor_link,4.1,154.0,0.0
1790355382925104523,1790355382,800000256,wind_sensor_link,4.1,154.0,0.0
1790355383117888968,1790355383,0,wind_sensor_link,4.1,153.0,0.0
1790355383324800577,1790355383,200000000,wind_sensor_link,4.1,154.0,0.0
1790355383517205151,1790355383,400000000,wind_sensor_link,4.1,153.0,0.0
1790355383724393760,1790355383,600000256,wind_sensor_link,4.0,153.0,0.0
1790355383917257095,1790355383,800000256,wind_sensor_link,4.0,153.0,0.0
1790355384124473241,1790355384,0,wind_sensor_link,4.0,153.0,0.0
1790355384317513502,1790355384,200000000,wind_sensor_link,4.0,157.0,0.0
1790355384524091925,1790355384,400000000,wind_sensor_link,4.0,158.0,0.0
1790355384717371557,1790355384,600000256,wind_sensor_link,4.0,159.0,0.0
1790355384924165313,1790355384,800000256,wind_sensor_link,4.1,160.0,0.0
1790355385116912203,1790355385,0,wind_sensor_link,4.1,161.0,0.0
1790355385324095757,1790355385,200000000,wind_sensor_link,4.1,161.0,0.0
1790355385516736535,1790355385,400000000,wind_sensor_link,4.0,162.0,0.0
1790355385723927867,1790355385,600000256,wind_sensor_link,4.0,162.0,0.0
1790355385916992128,1790355385,800000256,wind_sensor_link,3.9,162.0,0.0
1790355386123631255,1790355386,0,wind_sensor_link,3.8,164.0,0.0
1790355386316928831,1790355386,200000000,wind_sensor_link,3.7,165.0,0.0
1790355386523662273,1790355386,400000000,wind_sensor_link,3.6,163.0,0.0
1790355386730815215,1790355386,600000256,wind_sensor_link,3.5,163.0,0.0
1790355386923348734,1790355386,800000256,wind_sensor_link,3.6,164.0,0.0
1790355387130688974,1790355387,0,wind_sensor_link,3.6,165.0,0.0
1790355387323226696,1790355387,200000000,wind_sensor_link,3.6,165.0,0.0
1790355387530542639,1790355387,400000000,wind_sensor_link,3.7,166.0,0.0
1790355387723213677,1790355387,600000256,wind_sensor_link,3.8,163.0,0.0
1790355387930349823,1790355387,800000256,wind_sensor_link,3.9,161.0,0.0
1790355388123082935,1790355388,0,wind_sensor_link,4.1,163.0,0.0
1790355388330185119,1790355388,200000000,wind_sensor_link,4.1,162.0,0.0
1790355388522730323,1790355388,400000000,wind_sensor_link,4.2,162.0,0.0
1790355388730012155,1790355388,600000256,wind_sensor_link,4.2,162.0,0.0
1790355388922738415,1790355388,800000256,wind_sensor_link,4.3,163.0,0.0
1790355389129788209,1790355389,0,wind_sensor_link,4.2,166.0,0.0
1790355389322884118,1790355389,200000000,wind_sensor_link,4.3,171.0,0.0
1790355389529723875,1790355389,400000000,wind_sensor_link,4.3,175.0,0.0
1790355389722474338,1790355389,600000256,wind_sensor_link,4.3,175.0,0.0
1790355389929716411,1790355389,800000256,wind_sensor_link,4.4,178.0,0.0
1790355390122369226,1790355390,0,wind_sensor_link,4.4,177.0,0.0
1790355390329518169,1790355390,200000000,wind_sensor_link,4.4,180.0,0.0
1790355390522035799,1790355390,400000000,wind_sensor_link,4.4,179.0,0.0
1790355390729258781,1790355390,600000256,wind_sensor_link,4.7,180.0,0.0
1790355390922029517,1790355390,800000256,wind_sensor_link,4.7,179.0,0.0
1790355391129226959,1790355391,0,wind_sensor_link,4.8,179.0,0.0
1790355391321724216,1790355391,200000000,wind_sensor_link,4.7,180.0,0.0
1790355391529079527,1790355391,400000000,wind_sensor_link,4.7,184.0,0.0
1790355391721754227,1790355391,600000256,wind_sensor_link,4.8,186.0,0.0
1790355391929006761,1790355391,800000256,wind_sensor_link,4.8,184.0,0.0
1790355392121674387,1790355392,0,wind_sensor_link,4.8,183.0,0.0
1790355392328848218,1790355392,200000000,wind_sensor_link,4.5,182.0,0.0
1790355392521426437,1790355392,400000000,wind_sensor_link,4.7,184.0,0.0
1790355392728717508,1790355392,600000256,wind_sensor_link,4.6,183.0,0.0
1790355392921333986,1790355392,800000256,wind_sensor_link,4.7,183.0,0.0
1790355393128393060,1790355393,0,wind_sensor_link,4.7,181.0,0.0
1790355393321263442,1790355393,200000000,wind_sensor_link,4.6,180.0,0.0
1790355393528415681,1790355393,400000000,wind_sensor_link,4.6,181.0,0.0
1790355393721098418,1790355393,600000256,wind_sensor_link,4.5,180.0,0.0
1790355393928210861,1790355393,800000256,wind_sensor_link,4.5,180.0,0.0
1790355394120936597,1790355394,0,wind_sensor_link,4.4,179.0,0.0
1790355394328060022,1790355394,200000000,wind_sensor_link,4.4,178.0,0.0
1790355394520520243,1790355394,400000000,wind_sensor_link,4.4,177.0,0.0
1790355394727991571,1790355394,600000256,wind_sensor_link,4.4,178.0,0.0
1790355394920550049,1790355394,800000256,wind_sensor_link,4.4,178.0,0.0
1790355395127861842,1790355395,0,wind_sensor_link,4.3,179.0,0.0
1790355395320458821,1790355395,200000000,wind_sensor_link,4.3,178.0,0.0
1790355395527530172,1790355395,400000000,wind_sensor_link,4.1,177.0,0.0
1790355395720377351,1790355395,600000256,wind_sensor_link,4.1,179.0,0.0
1790355395927361055,1790355395,800000256,wind_sensor_link,4.0,179.0,0.0
1790355396120285474,1790355396,0,wind_sensor_link,3.9,180.0,0.0
1790355396327218438,1790355396,200000000,wind_sensor_link,3.8,179.0,0.0
1790355396520079413,1790355396,400000000,wind_sensor_link,3.8,178.0,0.0
1790355396727140653,1790355396,600000256,wind_sensor_link,3.7,176.0,0.0
1790355396919879204,1790355396,800000256,wind_sensor_link,3.6,176.0,0.0
1790355397126935888,1790355397,0,wind_sensor_link,3.6,177.0,0.0
1790355397319812697,1790355397,200000000,wind_sensor_link,3.6,176.0,0.0
1790355397527063713,1790355397,400000000,wind_sensor_link,3.6,178.0,0.0
1790355397719743172,1790355397,600000256,wind_sensor_link,3.6,175.0,0.0
1790355397926814560,1790355397,800000256,wind_sensor_link,3.4,173.0,0.0
1790355398119454538,1790355398,0,wind_sensor_link,3.4,174.0,0.0
1790355398326543129,1790355398,200000000,wind_sensor_link,3.5,173.0,0.0
1790355398519751786,1790355398,400000000,wind_sensor_link,3.6,175.0,0.0
1790355398726530733,1790355398,600000256,wind_sensor_link,3.6,173.0,0.0
1790355398919203229,1790355398,800000256,wind_sensor_link,3.5,172.0,0.0
1790355399126387467,1790355399,0,wind_sensor_link,3.5,168.0,0.0
1790355399318821614,1790355399,200000000,wind_sensor_link,3.6,167.0,0.0
1790355399526243813,1790355399,400000000,wind_sensor_link,3.7,167.0,0.0
1790355399718712700,1790355399,600000256,wind_sensor_link,3.6,164.0,0.0
1790355399926071011,1790355399,800000256,wind_sensor_link,3.8,164.0,0.0
1790355400118501603,1790355400,0,wind_sensor_link,3.8,159.0,0.0
1790355400326130262,1790355400,200000000,wind_sensor_link,4.0,157.0,0.0
1790355400518678574,1790355400,400000000,wind_sensor_link,4.1,158.0,0.0
1790355400725919442,1790355400,600000256,wind_sensor_link,4.2,158.0,0.0
1790355400918331774,1790355400,800000256,wind_sensor_link,4.3,156.0,0.0
1790355401125779158,1790355401,0,wind_sensor_link,4.3,157.0,0.0
1790355401318395655,1790355401,200000000,wind_sensor_link,4.4,158.0,0.0
1790355401525407562,1790355401,400000000,wind_sensor_link,4.3,157.0,0.0
1790355401718247130,1790355401,600000256,wind_sensor_link,4.2,158.0,0.0
1790355401925353036,1790355401,800000256,wind_sensor_link,4.1,158.0,0.0
1790355402118091865,1790355402,0,wind_sensor_link,4.1,157.0,0.0
1790355402325237475,1790355402,200000000,wind_sensor_link,4.0,157.0,0.0
1790355402518304503,1790355402,400000000,wind_sensor_link,4.0,158.0,0.0
1790355402725245893,1790355402,600000256,wind_sensor_link,4.0,158.0,0.0
1790355402918132664,1790355402,800000256,wind_sensor_link,4.0,159.0,0.0
1790355403124936111,1790355403,0,wind_sensor_link,4.0,160.0,0.0
1790355403317665643,1790355403,200000000,wind_sensor_link,4.1,162.0,0.0
1790355403524725587,1790355403,400000000,wind_sensor_link,4.1,163.0,0.0
1790355403717575470,1790355403,600000256,wind_sensor_link,4.2,166.0,0.0
1790355403924734820,1790355403,800000256,wind_sensor_link,4.3,167.0,0.0
1790355404117410520,1790355404,0,wind_sensor_link,4.5,168.0,0.0
1790355404324398001,1790355404,200000000,wind_sensor_link,4.5,168.0,0.0
1790355404517706768,1790355404,400000000,wind_sensor_link,4.6,167.0,0.0
1790355404724250255,1790355404,600000256,wind_sensor_link,4.7,170.0,0.0
1790355404916978676,1790355404,800000256,wind_sensor_link,4.7,168.0,0.0
1790355405124122273,1790355405,0,wind_sensor_link,4.7,168.0,0.0
1790355405317293269,1790355405,200000000,wind_sensor_link,4.7,169.0,0.0
1790355405524173683,1790355405,400000000,wind_sensor_link,4.6,168.0,0.0
1790355405717143514,1790355405,600000256,wind_sensor_link,4.5,168.0,0.0
1790355405924042447,1790355405,800000256,wind_sensor_link,4.5,168.0,0.0
1790355406116658190,1790355406,0,wind_sensor_link,4.5,167.0,0.0
1790355406323913970,1790355406,200000000,wind_sensor_link,4.5,168.0,0.0
1790355406516955431,1790355406,400000000,wind_sensor_link,4.5,167.0,0.0
1790355406723789549,1790355406,600000256,wind_sensor_link,4.6,165.0,0.0
1790355406916165406,1790355406,800000256,wind_sensor_link,4.5,163.0,0.0
1790355407123355373,1790355407,0,wind_sensor_link,4.5,162.0,0.0
1790355407330804318,1790355407,200000000,wind_sensor_link,4.5,161.0,0.0
1790355407523395468,1790355407,400000000,wind_sensor_link,4.5,160.0,0.0
1790355407730502528,1790355407,600000256,wind_sensor_link,4.3,160.0,0.0
1790355407923196122,1790355407,800000256,wind_sensor_link,4.2,160.0,0.0
1790355408130445458,1790355408,0,wind_sensor_link,4.1,160.0,0.0
1790355408323217681,1790355408,200000000,wind_sensor_link,4.2,160.0,0.0
1790355408530275630,1790355408,400000000,wind_sensor_link,4.2,158.0,0.0
1790355408723084389,1790355408,600000256,wind_sensor_link,4.3,157.0,0.0
1790355408930167894,1790355408,800000256,wind_sensor_link,4.2,156.0,0.0
1790355409122921283,1790355409,0,wind_sensor_link,4.2,157.0,0.0
1790355409330006066,1790355409,200000000,wind_sensor_link,4.2,158.0,0.0
1790355409522735178,1790355409,400000000,wind_sensor_link,4.3,159.0,0.0
1790355409729905867,1790355409,600000256,wind_sensor_link,4.3,156.0,0.0
1790355409922632571,1790355409,800000256,wind_sensor_link,4.1,156.0,0.0
1790355410129993591,1790355410,0,wind_sensor_link,4.0,162.0,0.0
1790355410322430447,1790355410,200000000,wind_sensor_link,3.9,162.0,0.0
1790355410529705431,1790355410,400000000,wind_sensor_link,3.8,165.0,0.0
1790355410722314433,1790355410,600000256,wind_sensor_link,3.8,164.0,0.0
1790355410929482159,1790355410,800000256,wind_sensor_link,3.8,164.0,0.0
1790355411122239012,1790355411,0,wind_sensor_link,3.9,164.0,0.0
1790355411329341053,1790355411,200000000,wind_sensor_link,4.0,163.0,0.0
1790355411521864427,1790355411,400000000,wind_sensor_link,4.2,161.0,0.0
1790355411729227836,1790355411,600000256,wind_sensor_link,4.2,157.0,0.0
1790355411922005429,1790355411,800000256,wind_sensor_link,4.4,156.0,0.0
1790355412129087007,1790355412,0,wind_sensor_link,4.5,154.0,0.0
1790355412321809786,1790355412,200000000,wind_sensor_link,4.6,153.0,0.0
1790355412528925327,1790355412,400000000,wind_sensor_link,4.5,153.0,0.0
1790355412721710179,1790355412,600000256,wind_sensor_link,4.3,153.0,0.0
1790355412928841535,1790355412,800000256,wind_sensor_link,4.3,154.0,0.0
1790355413121468723,1790355413,0,wind_sensor_link,4.1,155.0,0.0
1790355413328754966,1790355413,200000000,wind_sensor_link,4.1,155.0,0.0
1790355413521352079,1790355413,400000000,wind_sensor_link,4.0,158.0,0.0
1790355413728574027,1790355413,600000256,wind_sensor_link,4.0,156.0,0.0
1790355413921303305,1790355413,800000256,wind_sensor_link,4.0,157.0,0.0
1790355414128411051,1790355414,0,wind_sensor_link,4.0,156.0,0.0
1790355414321169329,1790355414,200000000,wind_sensor_link,4.1,156.0,0.0
1790355414528303259,1790355414,400000000,wind_sensor_link,4.1,156.0,0.0
1790355414721028797,1790355414,600000256,wind_sensor_link,4.1,157.0,0.0
1790355414928117857,1790355414,800000256,wind_sensor_link,4.1,157.0,0.0
1790355415120622657,1790355415,0,wind_sensor_link,4.0,157.0,0.0
1790355415327978158,1790355415,200000000,wind_sensor_link,3.9,156.0,0.0
1790355415520695104,1790355415,400000000,wind_sensor_link,3.8,157.0,0.0
1790355415727944699,1790355415,600000256,wind_sensor_link,3.7,157.0,0.0
1790355415920515720,1790355415,800000256,wind_sensor_link,3.7,156.0,0.0
1790355416127680113,1790355416,0,wind_sensor_link,3.7,157.0,0.0
1790355416320393317,1790355416,200000000,wind_sensor_link,3.5,157.0,0.0
1790355416527715931,1790355416,400000000,wind_sensor_link,3.6,157.0,0.0
1790355416720346932,1790355416,600000256,wind_sensor_link,3.7,158.0,0.0
1790355416927476048,1790355416,800000256,wind_sensor_link,3.9,158.0,0.0
1790355417120194882,1790355417,0,wind_sensor_link,3.8,158.0,0.0
1790355417327227165,1790355417,200000000,wind_sensor_link,3.9,157.0,0.0
1790355417519855871,1790355417,400000000,wind_sensor_link,3.9,159.0,0.0
1790355417727103466,1790355417,600000256,wind_sensor_link,3.9,158.0,0.0
1790355417919924299,1790355417,800000256,wind_sensor_link,4.1,156.0,0.0
1790355418127134710,1790355418,0,wind_sensor_link,4.0,157.0,0.0
1790355418319797156,1790355418,200000000,wind_sensor_link,4.1,157.0,0.0
1790355418526988678,1790355418,400000000,wind_sensor_link,4.0,155.0,0.0
1790355418719687661,1790355418,600000256,wind_sensor_link,4.1,156.0,0.0
1790355418926850368,1790355418,800000256,wind_sensor_link,4.2,156.0,0.0
1790355419119478074,1790355419,0,wind_sensor_link,4.3,154.0,0.0
1790355419326743410,1790355419,200000000,wind_sensor_link,4.4,151.0,0.0
1790355419519763111,1790355419,400000000,wind_sensor_link,4.3,152.0,0.0
1790355419726667766,1790355419,600000256,wind_sensor_link,4.4,152.0,0.0
1790355419919684337,1790355419,800000256,wind_sensor_link,4.2,152.0,0.0
1790355420126414920,1790355420,0,wind_sensor_link,4.2,152.0,0.0
1790355420319178995,1790355420,200000000,wind_sensor_link,4.2,152.0,0.0
1790355420526298407,1790355420,400000000,wind_sensor_link,4.1,152.0,0.0
1790355420718993278,1790355420,600000256,wind_sensor_link,4.0,153.0,0.0
1790355420926174985,1790355420,800000256,wind_sensor_link,3.9,154.0,0.0
1790355421118870357,1790355421,0,wind_sensor_link,3.8,154.0,0.0
1790355421325931084,1790355421,200000000,wind_sensor_link,3.8,154.0,0.0
1790355421519027655,1790355421,400000000,wind_sensor_link,3.8,153.0,0.0
1790355421725985124,1790355421,600000256,wind_sensor_link,3.7,154.0,0.0
1790355421918556441,1790355421,800000256,wind_sensor_link,3.8,155.0,0.0
1790355422125709501,1790355422,0,wind_sensor_link,3.7,153.0,0.0
1790355422318759054,1790355422,200000000,wind_sensor_link,3.7,153.0,0.0
1790355422525729985,1790355422,400000000,wind_sensor_link,3.7,153.0,0.0
1790355422718362098,1790355422,600000256,wind_sensor_link,3.7,152.0,0.0
1790355422925393345,1790355422,800000256,wind_sensor_link,3.7,152.0,0.0
1790355423118195530,1790355423,0,wind_sensor_link,3.6,152.0,0.0
1790355423325534606,1790355423,200000000,wind_sensor_link,3.7,154.0,0.0
1790355423518392623,1790355423,400000000,wind_sensor_link,3.6,153.0,0.0
1790355423725214020,1790355423,600000256,wind_sensor_link,3.7,154.0,0.0
1790355423918291980,1790355423,800000256,wind_sensor_link,3.8,155.0,0.0
1790355424125025896,1790355424,0,wind_sensor_link,3.8,156.0,0.0
1790355424317981561,1790355424,200000000,wind_sensor_link,3.8,158.0,0.0
1790355424525010122,1790355424,400000000,wind_sensor_link,3.9,162.0,0.0
1790355424718005823,1790355424,600000256,wind_sensor_link,3.9,163.0,0.0
1790355424924736869,1790355424,800000256,wind_sensor_link,3.9,164.0,0.0
1790355425117290631,1790355425,0,wind_sensor_link,3.9,163.0,0.0
1790355425324732169,1790355425,200000000,wind_sensor_link,3.8,160.0,0.0
1790355425517378670,1790355425,400000000,wind_sensor_link,3.7,161.0,0.0
1790355425724548415,1790355425,600000256,wind_sensor_link,3.8,161.0,0.0
1790355425917198046,1790355425,800000256,wind_sensor_link,3.8,161.0,0.0
1790355426124361643,1790355426,0,wind_sensor_link,4.0,161.0,0.0
1790355426317140495,1790355426,200000000,wind_sensor_link,4.0,161.0,0.0
1790355426524040113,1790355426,400000000,wind_sensor_link,4.1,161.0,0.0
1790355426717007296,1790355426,600000256,wind_sensor_link,4.2,162.0,0.0
1790355426924150096,1790355426,800000256,wind_sensor_link,4.3,165.0,0.0
1790355427117213482,1790355427,0,wind_sensor_link,4.3,166.0,0.0
1790355427324026786,1790355427,200000000,wind_sensor_link,4.3,166.0,0.0
1790355427517051987,1790355427,400000000,wind_sensor_link,4.2,167.0,0.0
1790355427723699886,1790355427,600000256,wind_sensor_link,4.0,166.0,0.0
1790355427916965121,1790355427,800000256,wind_sensor_link,4.0,167.0,0.0
1790355428123508780,1790355428,0,wind_sensor_link,3.9,166.0,0.0
1790355428316874866,1790355428,200000000,wind_sensor_link,3.8,165.0,0.0
1790355428523543209,1790355428,400000000,wind_sensor_link,3.7,165.0,0.0
1790355428716699946,1790355428,600000256,wind_sensor_link,3.6,167.0,0.0
1790355428923414399,1790355428,800000256,wind_sensor_link,3.5,168.0,0.0
1790355429130700513,1790355429,0,wind_sensor_link,3.5,165.0,0.0
1790355429323290404,1790355429,200000000,wind_sensor_link,3.6,167.0,0.0
1790355429530544999,1790355429,400000000,wind_sensor_link,3.5,167.0,0.0
1790355429723231575,1790355429,600000256,wind_sensor_link,3.3,163.0,0.0
1790355429930327746,1790355429,800000256,wind_sensor_link,3.4,160.0,0.0
1790355430123097432,1790355430,0,wind_sensor_link,3.4,160.0,0.0
1790355430330137918,1790355430,200000000,wind_sensor_link,3.6,159.0,0.0
1790355430522939289,1790355430,400000000,wind_sensor_link,3.6,158.0,0.0
1790355430729970387,1790355430,600000256,wind_sensor_link,3.6,158.0,0.0
1790355430922808534,1790355430,800000256,wind_sensor_link,3.3,157.0,0.0
1790355431129812225,1790355431,0,wind_sensor_link,3.4,156.0,0.0
1790355431322717020,1790355431,200000000,wind_sensor_link,3.6,163.0,0.0
1790355431529741081,1790355431,400000000,wind_sensor_link,3.6,165.0,0.0
1790355431722442675,1790355431,600000256,wind_sensor_link,3.6,166.0,0.0
1790355431929710381,1790355431,800000256,wind_sensor_link,3.6,165.0,0.0
1790355432122303087,1790355432,0,wind_sensor_link,3.6,168.0,0.0
1790355432329654515,1790355432,200000000,wind_sensor_link,3.6,168.0,0.0
1790355432522059797,1790355432,400000000,wind_sensor_link,3.9,168.0,0.0
1790355432729382114,1790355432,600000256,wind_sensor_link,3.9,166.0,0.0
1790355432921913506,1790355432,800000256,wind_sensor_link,4.0,168.0,0.0
1790355433129303470,1790355433,0,wind_sensor_link,4.0,168.0,0.0
1790355433321798473,1790355433,200000000,wind_sensor_link,4.0,166.0,0.0
1790355433529335343,1790355433,400000000,wind_sensor_link,3.9,166.0,0.0
1790355433721730422,1790355433,600000256,wind_sensor_link,3.9,162.0,0.0
1790355433928985869,1790355433,800000256,wind_sensor_link,4.0,161.0,0.0
1790355434121740962,1790355434,0,wind_sensor_link,3.9,162.0,0.0
1790355434328918336,1790355434,200000000,wind_sensor_link,3.9,164.0,0.0
1790355434521505042,1790355434,400000000,wind_sensor_link,3.7,160.0,0.0
1790355434728720953,1790355434,600000256,wind_sensor_link,3.6,160.0,0.0
1790355434921358640,1790355434,800000256,wind_sensor_link,3.6,160.0,0.0
1790355435128446330,1790355435,0,wind_sensor_link,3.8,157.0,0.0
1790355435321216219,1790355435,200000000,wind_sensor_link,3.9,158.0,0.0
1790355435528293650,1790355435,400000000,wind_sensor_link,3.9,156.0,0.0
1790355435721139168,1790355435,600000256,wind_sensor_link,3.9,157.0,0.0
1790355435928301468,1790355435,800000256,wind_sensor_link,4.0,155.0,0.0
1790355436120981043,1790355436,0,wind_sensor_link,4.0,155.0,0.0
1790355436328077678,1790355436,200000000,wind_sensor_link,4.0,153.0,0.0
1790355436520877826,1790355436,400000000,wind_sensor_link,3.8,154.0,0.0
1790355436728000330,1790355436,600000256,wind_sensor_link,3.8,153.0,0.0
1790355436920436445,1790355436,800000256,wind_sensor_link,3.7,152.0,0.0
1790355437127817465,1790355437,0,wind_sensor_link,3.7,151.0,0.0
1790355437320531114,1790355437,200000000,wind_sensor_link,3.7,151.0,0.0
1790355437527833369,1790355437,400000000,wind_sensor_link,3.6,151.0,0.0
1790355437720401894,1790355437,600000256,wind_sensor_link,3.6,152.0,0.0
1790355437927486622,1790355437,800000256,wind_sensor_link,3.6,152.0,0.0
1790355438120336887,1790355438,0,wind_sensor_link,3.8,151.0,0.0
1790355438327401651,1790355438,200000000,wind_sensor_link,3.7,152.0,0.0
1790355438520214361,1790355438,400000000,wind_sensor_link,3.7,152.0,0.0
1790355438727342125,1790355438,600000256,wind_sensor_link,3.7,154.0,0.0
1790355438920024650,1790355438,800000256,wind_sensor_link,3.7,153.0,0.0
1790355439127231877,1790355439,0,wind_sensor_link,3.7,152.0,0.0
1790355439319895235,1790355439,200000000,wind_sensor_link,3.7,154.0,0.0
1790355439527060074,1790355439,400000000,wind_sensor_link,3.7,154.0,0.0
1790355439719738006,1790355439,600000256,wind_sensor_link,3.7,154.0,0.0
1790355439927019455,1790355439,800000256,wind_sensor_link,3.7,154.0,0.0
1790355440119644776,1790355440,0,wind_sensor_link,3.7,155.0,0.0
1790355440326938225,1790355440,200000000,wind_sensor_link,3.7,156.0,0.0
1790355440519515473,1790355440,400000000,wind_sensor_link,3.7,156.0,0.0
1790355440726769496,1790355440,600000256,wind_sensor_link,3.8,155.0,0.0
1790355440919770630,1790355440,800000256,wind_sensor_link,3.8,155.0,0.0
1790355441126430156,1790355441,0,wind_sensor_link,3.8,155.0,0.0
1790355441319679604,1790355441,200000000,wind_sensor_link,3.9,152.0,0.0
1790355441526377352,1790355441,400000000,wind_sensor_link,3.9,153.0,0.0
1790355441719431190,1790355441,600000256,wind_sensor_link,3.9,153.0,0.0
1790355441926271863,1790355441,800000256,wind_sensor_link,3.8,152.0,0.0
1790355442119271961,1790355442,0,wind_sensor_link,3.7,151.0,0.0
1790355442326115245,1790355442,200000000,wind_sensor_link,3.6,151.0,0.0
1790355442519137361,1790355442,400000000,wind_sensor_link,3.5,149.0,0.0
1790355442726062571,1790355442,600000256,wind_sensor_link,3.4,150.0,0.0
1790355442918920002,1790355442,800000256,wind_sensor_link,3.2,150.0,0.0
1790355443125852767,1790355443,0,wind_sensor_link,3.2,152.0,0.0
1790355443318844513,1790355443,200000000,wind_sensor_link,3.1,150.0,0.0
1790355443525739853,1790355443,400000000,wind_sensor_link,3.1,153.0,0.0
1790355443718829394,1790355443,600000256,wind_sensor_link,3.1,152.0,0.0
1790355443925535197,1790355443,800000256,wind_sensor_link,3.2,152.0,0.0
1790355444118687609,1790355444,0,wind_sensor_link,3.3,154.0,0.0
1790355444325507486,1790355444,200000000,wind_sensor_link,3.3,152.0,0.0
1790355444518462047,1790355444,400000000,wind_sensor_link,3.4,152.0,0.0
1790355444725257424,1790355444,600000256,wind_sensor_link,3.6,153.0,0.0
1790355444918306651,1790355444,800000256,wind_sensor_link,3.6,154.0,0.0
1790355445125019769,1790355445,0,wind_sensor_link,3.7,154.0,0.0
1790355445318204328,1790355445,200000000,wind_sensor_link,3.7,153.0,0.0
1790355445525091186,1790355445,400000000,wind_sensor_link,3.5,152.0,0.0
1790355445717743137,1790355445,600000256,wind_sensor_link,3.4,153.0,0.0
1790355445925136586,1790355445,800000256,wind_sensor_link,3.4,154.0,0.0
1790355446117322650,1790355446,0,wind_sensor_link,3.4,155.0,0.0
1790355446324805302,1790355446,200000000,wind_sensor_link,3.2,153.0,0.0
1790355446517207216,1790355446,400000000,wind_sensor_link,3.2,153.0,0.0
1790355446724720313,1790355446,600000256,wind_sensor_link,3.0,153.0,0.0
1790355446917337023,1790355446,800000256,wind_sensor_link,3.0,152.0,0.0
1790355447124441047,1790355447,0,wind_sensor_link,3.0,155.0,0.0
1790355447317187256,1790355447,200000000,wind_sensor_link,3.0,156.0,0.0
1790355447524171892,1790355447,400000000,wind_sensor_link,3.0,156.0,0.0
1790355447717058249,1790355447,600000256,wind_sensor_link,2.8,151.0,0.0
1790355447924401864,1790355447,800000256,wind_sensor_link,2.8,148.0,0.0
1790355448117265777,1790355448,0,wind_sensor_link,2.8,148.0,0.0
1790355448324153709,1790355448,200000000,wind_sensor_link,2.9,149.0,0.0
1790355448516801956,1790355448,400000000,wind_sensor_link,3.1,153.0,0.0
1790355448724017443,1790355448,600000256,wind_sensor_link,3.1,152.0,0.0
1790355448917012985,1790355448,800000256,wind_sensor_link,3.1,152.0,0.0
1790355449123897158,1790355449,0,wind_sensor_link,3.1,154.0,0.0
1790355449316931070,1790355449,200000000,wind_sensor_link,3.2,162.0,0.0
1790355449523735984,1790355449,400000000,wind_sensor_link,3.2,165.0,0.0
1790355449716803989,1790355449,600000256,wind_sensor_link,3.3,167.0,0.0
1790355449923533810,1790355449,800000256,wind_sensor_link,3.2,168.0,0.0
1790355450130826796,1790355450,0,wind_sensor_link,3.1,167.0,0.0
1790355450323416433,1790355450,200000000,wind_sensor_link,3.2,170.0,0.0
1790355450530696715,1790355450,400000000,wind_sensor_link,3.2,170.0,0.0
1790355450723294462,1790355450,600000256,wind_sensor_link,3.4,168.0,0.0
1790355450930465690,1790355450,800000256,wind_sensor_link,3.3,166.0,0.0
1790355451123252658,1790355451,0,wind_sensor_link,3.3,165.0,0.0
1790355451330380145,1790355451,200000000,wind_sensor_link,3.2,164.0,0.0
1790355451522902485,1790355451,400000000,wind_sensor_link,3.1,164.0,0.0
1790355451730225175,1790355451,600000256,wind_sensor_link,3.1,164.0,0.0
1790355451922974199,1790355451,800000256,wind_sensor_link,3.0,159.0,0.0
1790355452129982353,1790355452,0,wind_sensor_link,3.1,156.0,0.0
1790355452322555138,1790355452,200000000,wind_sensor_link,2.9,157.0,0.0
1790355452529853624,1790355452,400000000,wind_sensor_link,2.9,156.0,0.0
1790355452722701074,1790355452,600000256,wind_sensor_link,3.0,156.0,0.0
1790355452929802783,1790355452,800000256,wind_sensor_link,3.1,157.0,0.0
1790355453122287493,1790355453,0,wind_sensor_link,3.2,157.0,0.0
1790355453329758460,1790355453,200000000,wind_sensor_link,3.2,155.0,0.0
1790355453522342448,1790355453,400000000,wind_sensor_link,3.3,158.0,0.0
1790355453729648897,1790355453,600000256,wind_sensor_link,3.3,159.0,0.0
1790355453922280218,1790355453,800000256,wind_sensor_link,3.4,159.0,0.0
1790355454129489057,1790355454,0,wind_sensor_link,3.5,158.0,0.0
1790355454321955045,1790355454,200000000,wind_sensor_link,3.5,157.0,0.0
1790355454529299290,1790355454,400000000,wind_sensor_link,3.5,157.0,0.0
1790355454721981241,1790355454,600000256,wind_sensor_link,3.6,155.0,0.0
1790355454929099246,1790355454,800000256,wind_sensor_link,3.6,156.0,0.0
1790355455121703086,1790355455,0,wind_sensor_link,3.5,155.0,0.0
1790355455328968313,1790355455,200000000,wind_sensor_link,3.6,154.0,0.0
1790355455521704560,1790355455,400000000,wind_sensor_link,3.5,152.0,0.0
1790355455728912843,1790355455,600000256,wind_sensor_link,3.5,152.0,0.0
1790355455921489201,1790355455,800000256,wind_sensor_link,3.6,153.0,0.0
1790355456128797909,1790355456,0,wind_sensor_link,3.6,154.0,0.0
1790355456321353157,1790355456,200000000,wind_sensor_link,3.7,155.0,0.0
1790355456528684235,1790355456,400000000,wind_sensor_link,3.8,155.0,0.0
1790355456721312260,1790355456,600000256,wind_sensor_link,3.9,152.0,0.0
1790355456928395877,1790355456,800000256,wind_sensor_link,4.0,154.0,0.0
1790355457121191568,1790355457,0,wind_sensor_link,4.0,157.0,0.0
1790355457328309610,1790355457,200000000,wind_sensor_link,4.0,154.0,0.0
1790355457520884042,1790355457,400000000,wind_sensor_link,4.1,157.0,0.0
1790355457728034437,1790355457,600000256,wind_sensor_link,4.0,156.0,0.0
1790355457920887442,1790355457,800000256,wind_sensor_link,4.0,160.0,0.0
1790355458128056799,1790355458,0,wind_sensor_link,3.9,158.0,0.0
1790355458320752009,1790355458,200000000,wind_sensor_link,3.9,161.0,0.0
1790355458527835644,1790355458,400000000,wind_sensor_link,3.9,162.0,0.0
1790355458720670724,1790355458,600000256,wind_sensor_link,3.8,162.0,0.0
1790355458927738433,1790355458,800000256,wind_sensor_link,3.9,163.0,0.0
1790355459120233773,1790355459,0,wind_sensor_link,3.7,163.0,0.0
1790355459327552833,1790355459,200000000,wind_sensor_link,3.7,165.0,0.0
1790355459520366079,1790355459,400000000,wind_sensor_link,3.7,165.0,0.0
1790355459727459881,1790355459,600000256,wind_sensor_link,3.7,166.0,0.0
1790355459920284239,1790355459,800000256,wind_sensor_link,3.7,165.0,0.0
1790355460127372022,1790355460,0,wind_sensor_link,3.7,164.0,0.0
1790355460320058158,1790355460,200000000,wind_sensor_link,3.7,163.0,0.0
1790355460527211792,1790355460,400000000,wind_sensor_link,3.6,163.0,0.0
1790355460719925502,1790355460,600000256,wind_sensor_link,3.7,162.0,0.0
1790355460927037396,1790355460,800000256,wind_sensor_link,3.6,159.0,0.0
1790355461119609662,1790355461,0,wind_sensor_link,3.5,155.0,0.0
1790355461326883204,1790355461,200000000,wind_sensor_link,3.4,154.0,0.0
1790355461519679006,1790355461,400000000,wind_sensor_link,3.4,152.0,0.0
1790355461726742456,1790355461,600000256,wind_sensor_link,3.3,150.0,0.0
1790355461919290518,1790355461,800000256,wind_sensor_link,3.3,149.0,0.0
1790355462126642375,1790355462,0,wind_sensor_link,3.3,149.0,0.0
1790355462319476732,1790355462,200000000,wind_sensor_link,3.3,148.0,0.0
1790355462526569126,1790355462,400000000,wind_sensor_link,3.3,148.0,0.0
1790355462719312040,1790355462,600000256,wind_sensor_link,3.4,149.0,0.0
1790355462926417989,1790355462,800000256,wind_sensor_link,4.1,153.0,0.0
1790355463118926774,1790355463,0,wind_sensor_link,4.0,153.0,0.0
1790355463326340778,1790355463,200000000,wind_sensor_link,4.2,155.0,0.0
1790355463518769082,1790355463,400000000,wind_sensor_link,4.3,154.0,0.0
1790355463726018716,1790355463,600000256,wind_sensor_link,4.3,155.0,0.0
1790355463918682778,1790355463,800000256,wind_sensor_link,4.4,155.0,0.0
1790355464126103319,1790355464,0,wind_sensor_link,4.6,154.0,0.0
1790355464318466289,1790355464,200000000,wind_sensor_link,4.8,157.0,0.0
1790355464525970682,1790355464,400000000,wind_sensor_link,4.2,154.0,0.0
1790355464718384800,1790355464,600000256,wind_sensor_link,4.3,156.0,0.0
1790355464925801971,1790355464,800000256,wind_sensor_link,4.1,154.0,0.0
1790355465118239941,1790355465,0,wind_sensor_link,4.0,154.0,0.0
1790355465325736742,1790355465,200000000,wind_sensor_link,4.0,153.0,0.0
1790355465518198063,1790355465,400000000,wind_sensor_link,4.0,156.0,0.0
1790355465725491124,1790355465,600000256,wind_sensor_link,3.9,154.0,0.0
1790355465918439425,1790355465,800000256,wind_sensor_link,3.7,152.0,0.0
1790355466125184247,1790355466,0,wind_sensor_link,3.7,154.0,0.0
1790355466318258844,1790355466,200000000,wind_sensor_link,3.8,154.0,0.0
1790355466524895814,1790355466,400000000,wind_sensor_link,3.8,154.0,0.0
1790355466718324465,1790355466,600000256,wind_sensor_link,3.9,153.0,0.0
1790355466925126287,1790355466,800000256,wind_sensor_link,3.8,155.0,0.0
1790355467117554257,1790355467,0,wind_sensor_link,3.7,154.0,0.0
1790355467324975298,1790355467,200000000,wind_sensor_link,3.6,156.0,0.0
1790355467517751563,1790355467,400000000,wind_sensor_link,3.6,155.0,0.0
1790355467724726921,1790355467,600000256,wind_sensor_link,3.4,154.0,0.0
1790355467917854481,1790355467,800000256,wind_sensor_link,3.3,155.0,0.0
1790355468124541710,1790355468,0,wind_sensor_link,3.3,154.0,0.0
1790355468317754788,1790355468,200000000,wind_sensor_link,3.3,156.0,0.0
1790355468524351407,1790355468,400000000,wind_sensor_link,3.4,155.0,0.0
1790355468717684966,1790355468,600000256,wind_sensor_link,3.6,153.0,0.0
1790355468924207807,1790355468,800000256,wind_sensor_link,3.7,151.0,0.0
1790355469117144182,1790355469,0,wind_sensor_link,3.7,152.0,0.0
1790355469324168892,1790355469,200000000,wind_sensor_link,3.9,152.0,0.0
1790355469516931472,1790355469,400000000,wind_sensor_link,3.9,152.0,0.0
1790355469724458179,1790355469,600000256,wind_sensor_link,3.9,151.0,0.0
1790355469917188407,1790355469,800000256,wind_sensor_link,3.9,149.0,0.0
1790355470123879674,1790355470,0,wind_sensor_link,3.9,149.0,0.0
1790355470317167026,1790355470,200000000,wind_sensor_link,3.9,150.0,0.0
1790355470523913609,1790355470,400000000,wind_sensor_link,3.8,150.0,0.0
1790355470716996419,1790355470,600000256,wind_sensor_link,3.8,151.0,0.0
1790355470923667800,1790355470,800000256,wind_sensor_link,3.8,150.0,0.0
1790355471116842813,1790355471,0,wind_sensor_link,3.8,150.0,0.0
1790355471323558286,1790355471,200000000,wind_sensor_link,3.8,151.0,0.0
1790355471530817289,1790355471,400000000,wind_sensor_link,3.8,152.0,0.0
1790355471723404494,1790355471,600000256,wind_sensor_link,3.8,152.0,0.0
1790355471930651998,1790355471,800000256,wind_sensor_link,3.8,151.0,0.0
1790355472123152722,1790355472,0,wind_sensor_link,3.8,153.0,0.0
1790355472330385689,1790355472,200000000,wind_sensor_link,3.8,152.0,0.0
1790355472523213131,1790355472,400000000,wind_sensor_link,3.8,153.0,0.0
1790355472730238397,1790355472,600000256,wind_sensor_link,3.7,154.0,0.0
1790355472923035951,1790355472,800000256,wind_sensor_link,3.7,154.0,0.0
1790355473130139308,1790355473,0,wind_sensor_link,3.7,152.0,0.0
1790355473322922455,1790355473,200000000,wind_sensor_link,3.7,153.0,0.0
1790355473530018571,1790355473,400000000,wind_sensor_link,3.7,154.0,0.0
1790355473722811959,1790355473,600000256,wind_sensor_link,3.7,154.0,0.0
1790355473929942464,1790355473,800000256,wind_sensor_link,3.7,152.0,0.0
1790355474122402225,1790355474,0,wind_sensor_link,3.6,153.0,0.0
1790355474329829783,1790355474,200000000,wind_sensor_link,3.6,152.0,0.0
1790355474522431524,1790355474,400000000,wind_sensor_link,3.7,150.0,0.0
1790355474729743972,1790355474,600000256,wind_sensor_link,3.7,149.0,0.0
1790355474922220529,1790355474,800000256,wind_sensor_link,3.7,149.0,0.0
1790355475129464070,1790355475,0,wind_sensor_link,3.7,147.0,0.0
1790355475322214587,1790355475,200000000,wind_sensor_link,3.8,147.0,0.0
1790355475529366296,1790355475,400000000,wind_sensor_link,4.0,149.0,0.0
1790355475722080851,1790355475,600000256,wind_sensor_link,4.0,150.0,0.0
1790355475929211615,1790355475,800000256,wind_sensor_link,4.0,151.0,0.0
1790355476122249278,1790355476,0,wind_sensor_link,3.9,153.0,0.0
1790355476329078305,1790355476,200000000,wind_sensor_link,4.0,154.0,0.0
1790355476521792489,1790355476,400000000,wind_sensor_link,3.9,154.0,0.0
1790355476729019457,1790355476,600000256,wind_sensor_link,3.8,156.0,0.0
1790355476921671049,1790355476,800000256,wind_sensor_link,3.8,155.0,0.0
1790355477128774055,1790355477,0,wind_sensor_link,3.6,152.0,0.0
1790355477321464462,1790355477,200000000,wind_sensor_link,3.6,153.0,0.0
1790355477528755558,1790355477,400000000,wind_sensor_link,3.6,152.0,0.0
1790355477721416280,1790355477,600000256,wind_sensor_link,3.7,151.0,0.0
1790355477928561766,1790355477,800000256,wind_sensor_link,3.7,151.0,0.0
1790355478121092212,1790355478,0,wind_sensor_link,3.8,150.0,0.0
1790355478328447344,1790355478,200000000,wind_sensor_link,3.8,151.0,0.0
1790355478521186566,1790355478,400000000,wind_sensor_link,3.9,150.0,0.0
1790355478728308201,1790355478,600000256,wind_sensor_link,3.9,151.0,0.0
1790355478920966812,1790355478,800000256,wind_sensor_link,3.9,150.0,0.0
1790355479128075187,1790355479,0,wind_sensor_link,3.9,152.0,0.0
1790355479320861038,1790355479,200000000,wind_sensor_link,3.9,153.0,0.0
1790355479528084764,1790355479,400000000,wind_sensor_link,3.9,154.0,0.0
1790355479720744468,1790355479,600000256,wind_sensor_link,3.9,153.0,0.0
1790355479927921565,1790355479,800000256,wind_sensor_link,3.9,154.0,0.0
1790355480120322197,1790355480,0,wind_sensor_link,3.9,154.0,0.0
1790355480327787680,1790355480,200000000,wind_sensor_link,3.8,155.0,0.0
1790355480520757806,1790355480,400000000,wind_sensor_link,3.8,155.0,0.0
1790355480727469316,1790355480,600000256,wind_sensor_link,3.8,154.0,0.0
1790355480920102354,1790355480,800000256,wind_sensor_link,3.7,155.0,0.0
1790355481127334321,1790355481,0,wind_sensor_link,3.6,155.0,0.0
1790355481320223744,1790355481,200000000,wind_sensor_link,3.6,154.0,0.0
1790355481527329620,1790355481,400000000,wind_sensor_link,3.6,155.0,0.0
1790355481719992971,1790355481,600000256,wind_sensor_link,3.5,155.0,0.0
1790355481927128217,1790355481,800000256,wind_sensor_link,3.5,155.0,0.0
1790355482119640108,1790355482,0,wind_sensor_link,3.5,155.0,0.0
1790355482327095183,1790355482,200000000,wind_sensor_link,3.4,153.0,0.0
1790355482519732165,1790355482,400000000,wind_sensor_link,3.4,153.0,0.0
1790355482726971947,1790355482,600000256,wind_sensor_link,3.4,153.0,0.0
1790355482919541651,1790355482,800000256,wind_sensor_link,3.4,154.0,0.0
1790355483126688916,1790355483,0,wind_sensor_link,3.3,152.0,0.0
1790355483319304064,1790355483,200000000,wind_sensor_link,3.3,154.0,0.0
1790355483526688733,1790355483,400000000,wind_sensor_link,3.3,153.0,0.0
1790355483719326011,1790355483,600000256,wind_sensor_link,3.3,154.0,0.0
1790355483926445146,1790355483,800000256,wind_sensor_link,3.3,153.0,0.0
1790355484118758094,1790355484,0,wind_sensor_link,3.2,154.0,0.0
1790355484326281669,1790355484,200000000,wind_sensor_link,3.2,153.0,0.0
1790355484518773486,1790355484,400000000,wind_sensor_link,3.2,155.0,0.0
1790355484726137877,1790355484,600000256,wind_sensor_link,3.2,155.0,0.0
1790355484919129355,1790355484,800000256,wind_sensor_link,3.2,155.0,0.0
1790355485125943345,1790355485,0,wind_sensor_link,3.3,155.0,0.0
1790355485318720140,1790355485,200000000,wind_sensor_link,3.3,154.0,0.0
1790355485525906034,1790355485,400000000,wind_sensor_link,3.3,155.0,0.0
1790355485718666773,1790355485,600000256,wind_sensor_link,3.3,154.0,0.0
1790355485925743205,1790355485,800000256,wind_sensor_link,3.2,155.0,0.0
1790355486118201170,1790355486,0,wind_sensor_link,3.2,154.0,0.0
1790355486325665042,1790355486,200000000,wind_sensor_link,3.2,154.0,0.0
1790355486518032601,1790355486,400000000,wind_sensor_link,3.3,154.0,0.0
1790355486725449973,1790355486,600000256,wind_sensor_link,3.2,155.0,0.0
1790355486918166139,1790355486,800000256,wind_sensor_link,3.3,155.0,0.0
1790355487125318422,1790355487,0,wind_sensor_link,3.3,154.0,0.0
1790355487317885219,1790355487,200000000,wind_sensor_link,3.4,155.0,0.0
1790355487525206111,1790355487,400000000,wind_sensor_link,3.4,154.0,0.0
1790355487718194441,1790355487,600000256,wind_sensor_link,3.4,154.0,0.0
1790355487925089430,1790355487,800000256,wind_sensor_link,3.4,153.0,0.0
1790355488117466118,1790355488,0,wind_sensor_link,3.4,153.0,0.0
1790355488324967804,1790355488,200000000,wind_sensor_link,3.4,153.0,0.0
1790355488517716100,1790355488,400000000,wind_sensor_link,3.4,153.0,0.0
1790355488724842901,1790355488,600000256,wind_sensor_link,3.4,153.0,0.0
1790355488917898489,1790355488,800000256,wind_sensor_link,3.4,153.0,0.0
1790355489124699535,1790355489,0,wind_sensor_link,3.4,153.0,0.0
1790355489317703957,1790355489,200000000,wind_sensor_link,3.4,153.0,0.0
1790355489524466522,1790355489,400000000,wind_sensor_link,3.4,153.0,0.0
1790355489717555073,1790355489,600000256,wind_sensor_link,3.4,153.0,0.0
1790355489924309527,1790355489,800000256,wind_sensor_link,3.4,154.0,0.0
1790355490116792158,1790355490,0,wind_sensor_link,3.4,154.0,0.0
1790355490324277622,1790355490,200000000,wind_sensor_link,3.3,156.0,0.0
1790355490516940326,1790355490,400000000,wind_sensor_link,3.2,156.0,0.0
1790355490724138534,1790355490,600000256,wind_sensor_link,3.2,156.0,0.0
1790355490916511593,1790355490,800000256,wind_sensor_link,3.2,157.0,0.0
1790355491124242591,1790355491,0,wind_sensor_link,3.2,156.0,0.0
1790355491317094867,1790355491,200000000,wind_sensor_link,3.2,157.0,0.0
1790355491523948931,1790355491,400000000,wind_sensor_link,3.3,156.0,0.0
1790355491716886001,1790355491,600000256,wind_sensor_link,3.3,156.0,0.0
1790355491923752250,1790355491,800000256,wind_sensor_link,3.3,156.0,0.0
1790355492116148994,1790355492,0,wind_sensor_link,3.4,155.0,0.0
1790355492323339295,1790355492,200000000,wind_sensor_link,3.3,155.0,0.0
1790355492530801204,1790355492,400000000,wind_sensor_link,3.3,157.0,0.0
1790355492723358390,1790355492,600000256,wind_sensor_link,3.3,158.0,0.0
1790355492930568098,1790355492,800000256,wind_sensor_link,3.2,156.0,0.0
1790355493123311541,1790355493,0,wind_sensor_link,3.1,157.0,0.0
1790355493330478565,1790355493,200000000,wind_sensor_link,3.1,157.0,0.0
1790355493523186009,1790355493,400000000,wind_sensor_link,3.1,156.0,0.0
1790355493730328532,1790355493,600000256,wind_sensor_link,3.1,155.0,0.0
1790355493923065661,1790355493,800000256,wind_sensor_link,3.1,155.0,0.0
1790355494130097686,1790355494,0,wind_sensor_link,3.1,155.0,0.0
1790355494323152200,1790355494,200000000,wind_sensor_link,3.2,155.0,0.0
1790355494530017282,1790355494,400000000,wind_sensor_link,3.2,154.0,0.0
1790355494722743003,1790355494,600000256,wind_sensor_link,3.2,152.0,0.0
1790355494929807509,1790355494,800000256,wind_sensor_link,3.2,152.0,0.0
1790355495122391732,1790355495,0,wind_sensor_link,3.2,153.0,0.0
1790355495329846863,1790355495,200000000,wind_sensor_link,3.3,151.0,0.0
1790355495522425735,1790355495,400000000,wind_sensor_link,3.4,149.0,0.0
1790355495729719905,1790355495,600000256,wind_sensor_link,3.6,147.0,0.0
1790355495922159889,1790355495,800000256,wind_sensor_link,3.7,146.0,0.0
1790355496129424763,1790355496,0,wind_sensor_link,3.8,145.0,0.0
1790355496322239372,1790355496,200000000,wind_sensor_link,3.9,143.0,0.0
1790355496529386525,1790355496,400000000,wind_sensor_link,4.1,143.0,0.0
1790355496722113561,1790355496,600000256,wind_sensor_link,4.1,143.0,0.0
1790355496929287714,1790355496,800000256,wind_sensor_link,4.3,143.0,0.0
1790355497121770512,1790355497,0,wind_sensor_link,4.3,144.0,0.0
1790355497328977017,1790355497,200000000,wind_sensor_link,4.3,144.0,0.0
1790355497521566203,1790355497,400000000,wind_sensor_link,4.3,144.0,0.0
1790355497728839910,1790355497,600000256,wind_sensor_link,4.3,144.0,0.0
1790355497921648871,1790355497,800000256,wind_sensor_link,4.3,146.0,0.0
1790355498128890301,1790355498,0,wind_sensor_link,4.2,149.0,0.0
1790355498321440654,1790355498,200000000,wind_sensor_link,4.2,150.0,0.0
1790355498528490790,1790355498,400000000,wind_sensor_link,4.2,152.0,0.0
1790355498721412694,1790355498,600000256,wind_sensor_link,4.1,154.0,0.0
1790355498928394923,1790355498,800000256,wind_sensor_link,4.0,155.0,0.0
