time_utc,sensor_stamp_utc,time_local,elapsed_s,wind_speed_m_s,wind_dir_deg,wind_z,temperature_c,source
2026-09-29T16:51:14.918Z,2026-09-29T16:51:14.800Z,2026-09-29T10:51:14.918-06:00,-4.941,5.1,63.0,0.0,15.4,wind_drone_20260929
2026-09-29T16:51:15.125Z,2026-09-29T16:51:15.000Z,2026-09-29T10:51:15.125-06:00,-4.734,5.0,63.0,0.0,15.4,wind_drone_20260929
2026-09-29T16:51:15.317Z,2026-09-29T16:51:15.200Z,2026-09-29T10:51:15.317-06:00,-4.541,5.0,64.0,0.0,15.4,wind_drone_20260929
2026-09-29T16:51:15.525Z,2026-09-29T16:51:15.400Z,2026-09-29T10:51:15.525-06:00,-4.334,5.0,64.0,0.0,15.4,wind_drone_20260929
2026-09-29T16:51:15.717Z,2026-09-29T16:51:15.600Z,2026-09-29T10:51:15.717-06:00,-4.141,4.9,64.0,0.0,15.4,wind_drone_20260929
2026-09-29T16:51:15.924Z,2026-09-29T16:51:15.800Z,2026-09-29T10:51:15.924-06:00,-3.934,4.9,63.0,0.0,15.4,wind_drone_20260929
2026-09-29T16:51:16.117Z,2026-09-29T16:51:16.000Z,2026-09-29T10:51:16.117-06:00,-3.741,4.9,63.0,0.0,15.4,wind_drone_20260929
2026-09-29T16:51:16.324Z,2026-09-29T16:51:16.200Z,2026-09-29T10:51:16.324-06:00,-3.534,5.0,63.0,0.0,15.4,wind_drone_20260929
2026-09-29T16:51:16.517Z,2026-09-29T16:51:16.400Z,2026-09-29T10:51:16.517-06:00,-3.341,5.1,67.0,0.0,15.4,wind_drone_20260929
2026-09-29T16:51:16.724Z,2026-09-29T16:51:16.600Z,2026-09-29T10:51:16.724-06:00,-3.134,5.2,68.0,0.0,15.4,wind_drone_20260929
2026-09-29T16:51:16.917Z,2026-09-29T16:51:16.800Z,2026-09-29T10:51:16.917-06:00,-2.941,5.2,69.0,0.0,15.4,wind_drone_20260929
2026-09-29T16:51:17.124Z,2026-09-29T16:51:17.000Z,2026-09-29T10:51:17.124-06:00,-2.734,5.3,70.0,0.0,15.4,wind_drone_20260929
2026-09-29T16:51:17.317Z,2026-09-29T16:51:17.200Z,2026-09-29T10:51:17.317-06:00,-2.542,5.4,66.0,0.0,15.4,wind_drone_20260929
2026-09-29T16:51:17.524Z,2026-09-29T16:51:17.400Z,2026-09-29T10:51:17.524-06:00,-2.334,5.6,73.0,0.0,15.4,wind_drone_20260929
2026-09-29T16:51:17.717Z,2026-09-29T16:51:17.600Z,2026-09-29T10:51:17.717-06:00,-2.142,5.7,73.0,0.0,15.4,wind_drone_20260929
2026-09-29T16:51:17.924Z,2026-09-29T16:51:17.800Z,2026-09-29T10:51:17.924-06:00,-1.934,5.7,72.0,0.0,15.4,wind_drone_20260929
2026-09-29T16:51:18.116Z,2026-09-29T16:51:18.000Z,2026-09-29T10:51:18.116-06:00,-1.742,5.8,65.0,0.0,15.4,wind_drone_20260929
2026-09-29T16:51:18.324Z,2026-09-29T16:51:18.200Z,2026-09-29T10:51:18.324-06:00,-1.535,5.9,68.0,0.0,15.4,wind_drone_20260929
2026-09-29T16:51:18.516Z,2026-09-29T16:51:18.400Z,2026-09-29T10:51:18.516-06:00,-1.342,5.9,71.0,0.0,15.4,wind_drone_20260929
2026-09-29T16:51:18.723Z,2026-09-29T16:51:18.600Z,2026-09-29T10:51:18.723-06:00,-1.135,5.8,70.0,0.0,15.4,wind_drone_20260929
2026-09-29T16:51:18.916Z,2026-09-29T16:51:18.800Z,2026-09-29T10:51:18.916-06:00,-0.942,5.8,65.0,0.0,15.4,wind_drone_20260929
2026-09-29T16:51:19.123Z,2026-09-29T16:51:19.000Z,2026-09-29T10:51:19.123-06:00,-0.735,5.6,69.0,0.0,15.4,wind_drone_20260929
2026-09-29T16:51:19.316Z,2026-09-29T16:51:19.200Z,2026-09-29T10:51:19.316-06:00,-0.542,5.5,68.0,0.0,15.4,wind_drone_20260929
2026-09-29T16:51:19.523Z,2026-09-29T16:51:19.400Z,2026-09-29T10:51:19.523-06:00,-0.335,5.4,69.0,0.0,15.4,wind_drone_20260929
2026-09-29T16:51:19.716Z,2026-09-29T16:51:19.600Z,2026-09-29T10:51:19.716-06:00,-0.143,5.4,72.0,0.0,15.4,wind_drone_20260929
2026-09-29T16:51:19.923Z,2026-09-29T16:51:19.800Z,2026-09-29T10:51:19.923-06:00,0.065,5.3,70.0,0.0,15.4,wind_drone_20260929
2026-09-29T16:51:20.116Z,2026-09-29T16:51:20.000Z,2026-09-29T10:51:20.116-06:00,0.257,5.3,67.0,0.0,15.4,wind_drone_20260929
2026-09-29T16:51:20.323Z,2026-09-29T16:51:20.200Z,2026-09-29T10:51:20.323-06:00,0.465,5.4,64.0,0.0,15.4,wind_drone_20260929
2026-09-29T16:51:20.515Z,2026-09-29T16:51:20.400Z,2026-09-29T10:51:20.515-06:00,0.657,5.4,61.0,0.0,15.4,wind_drone_20260929
2026-09-29T16:51:20.723Z,2026-09-29T16:51:20.600Z,2026-09-29T10:51:20.723-06:00,0.865,5.5,61.0,0.0,15.4,wind_drone_20260929
2026-09-29T16:51:20.915Z,2026-09-29T16:51:20.800Z,2026-09-29T10:51:20.915-06:00,1.057,5.7,64.0,0.0,15.4,wind_drone_20260929
2026-09-29T16:51:21.123Z,2026-09-29T16:51:21.000Z,2026-09-29T10:51:21.123-06:00,1.264,5.8,64.0,0.0,15.4,wind_drone_20260929
2026-09-29T16:51:21.315Z,2026-09-29T16:51:21.200Z,2026-09-29T10:51:21.315-06:00,1.457,5.9,65.0,0.0,15.4,wind_drone_20260929
2026-09-29T16:51:21.522Z,2026-09-29T16:51:21.400Z,2026-09-29T10:51:21.522-06:00,1.664,6.0,63.0,0.0,15.4,wind_drone_20260929
2026-09-29T16:51:21.715Z,2026-09-29T16:51:21.600Z,2026-09-29T10:51:21.715-06:00,1.856,6.0,66.0,0.0,15.4,wind_drone_20260929
2026-09-29T16:51:21.922Z,2026-09-29T16:51:21.800Z,2026-09-29T10:51:21.922-06:00,2.064,6.1,67.0,0.0,15.4,wind_drone_20260929
2026-09-29T16:51:22.115Z,2026-09-29T16:51:22.000Z,2026-09-29T10:51:22.115-06:00,2.257,6.1,63.0,0.0,15.4,wind_drone_20260929
2026-09-29T16:51:22.322Z,2026-09-29T16:51:22.200Z,2026-09-29T10:51:22.322-06:00,2.464,6.0,67.0,0.0,15.4,wind_drone_20260929
2026-09-29T16:51:22.515Z,2026-09-29T16:51:22.400Z,2026-09-29T10:51:22.515-06:00,2.656,5.9,67.0,0.0,15.4,wind_drone_20260929
2026-09-29T16:51:22.722Z,2026-09-29T16:51:22.600Z,2026-09-29T10:51:22.722-06:00,2.864,5.8,67.0,0.0,15.4,wind_drone_20260929
2026-09-29T16:51:22.914Z,2026-09-29T16:51:22.800Z,2026-09-29T10:51:22.914-06:00,3.056,5.7,65.0,0.0,15.4,wind_drone_20260929
2026-09-29T16:51:23.122Z,2026-09-29T16:51:23.000Z,2026-09-29T10:51:23.122-06:00,3.264,5.6,67.0,0.0,15.4,wind_drone_20260929
2026-09-29T16:51:23.314Z,2026-09-29T16:51:23.200Z,2026-09-29T10:51:23.314-06:00,3.456,5.4,66.0,0.0,15.4,wind_drone_20260929
2026-09-29T16:51:23.522Z,2026-09-29T16:51:23.400Z,2026-09-29T10:51:23.522-06:00,3.663,5.2,64.0,0.0,15.4,wind_drone_20260929
2026-09-29T16:51:23.715Z,2026-09-29T16:51:23.600Z,2026-09-29T10:51:23.715-06:00,3.856,5.2,61.0,0.0,15.4,wind_drone_20260929
2026-09-29T16:51:23.922Z,2026-09-29T16:51:23.800Z,2026-09-29T10:51:23.922-06:00,4.063,5.3,60.0,0.0,15.4,wind_drone_20260929
2026-09-29T16:51:24.114Z,2026-09-29T16:51:24.000Z,2026-09-29T10:51:24.114-06:00,4.256,5.3,63.0,0.0,15.4,wind_drone_20260929
2026-09-29T16:51:24.322Z,2026-09-29T16:51:24.200Z,2026-09-29T10:51:24.322-06:00,4.463,5.4,61.0,0.0,15.4,wind_drone_20260929
2026-09-29T16:51:24.514Z,2026-09-29T16:51:24.400Z,2026-09-29T10:51:24.514-06:00,4.656,5.4,64.0,0.0,15.4,wind_drone_20260929
2026-09-29T16:51:24.721Z,2026-09-29T16:51:24.600Z,2026-09-29T10:51:24.721-06:00,4.863,5.5,62.0,0.0,15.4,wind_drone_20260929
2026-09-29T16:51:24.914Z,2026-09-29T16:51:24.800Z,2026-09-29T10:51:24.914-06:00,5.056,5.5,59.0,0.0,15.4,wind_drone_20260929
2026-09-29T16:51:25.121Z,2026-09-29T16:51:25.000Z,2026-09-29T10:51:25.121-06:00,5.263,5.5,57.0,0.0,15.4,wind_drone_20260929
2026-09-29T16:51:25.314Z,2026-09-29T16:51:25.200Z,2026-09-29T10:51:25.314-06:00,5.456,5.4,57.0,0.0,15.4,wind_drone_20260929
2026-09-29T16:51:25.521Z,2026-09-29T16:51:25.400Z,2026-09-29T10:51:25.521-06:00,5.663,5.3,65.0,0.0,15.4,wind_drone_20260929
2026-09-29T16:51:25.714Z,2026-09-29T16:51:25.600Z,2026-09-29T10:51:25.714-06:00,5.855,5.2,70.0,0.0,15.4,wind_drone_20260929
2026-09-29T16:51:25.921Z,2026-09-29T16:51:25.800Z,2026-09-29T10:51:25.921-06:00,6.062,5.1,70.0,0.0,15.4,wind_drone_20260929
2026-09-29T16:51:26.114Z,2026-09-29T16:51:26.000Z,2026-09-29T10:51:26.114-06:00,6.255,5.0,66.0,0.0,15.4,wind_drone_20260929
2026-09-29T16:51:26.321Z,2026-09-29T16:51:26.200Z,2026-09-29T10:51:26.321-06:00,6.462,4.8,68.0,0.0,15.4,wind_drone_20260929
2026-09-29T16:51:26.513Z,2026-09-29T16:51:26.400Z,2026-09-29T10:51:26.513-06:00,6.655,4.8,68.0,0.0,15.4,wind_drone_20260929
2026-09-29T16:51:26.720Z,2026-09-29T16:51:26.600Z,2026-09-29T10:51:26.720-06:00,6.862,4.8,68.0,0.0,15.4,wind_drone_20260929
2026-09-29T16:51:26.913Z,2026-09-29T16:51:26.800Z,2026-09-29T10:51:26.913-06:00,7.055,4.8,68.0,0.0,15.4,wind_drone_20260929
2026-09-29T16:51:27.120Z,2026-09-29T16:51:27.000Z,2026-09-29T10:51:27.120-06:00,7.262,4.7,68.0,0.0,15.4,wind_drone_20260929
2026-09-29T16:51:27.313Z,2026-09-29T16:51:27.200Z,2026-09-29T10:51:27.313-06:00,7.454,4.7,67.0,0.0,15.4,wind_drone_20260929
2026-09-29T16:51:27.520Z,2026-09-29T16:51:27.400Z,2026-09-29T10:51:27.520-06:00,7.662,4.7,65.0,0.0,15.4,wind_drone_20260929
2026-09-29T16:51:27.713Z,2026-09-29T16:51:27.600Z,2026-09-29T10:51:27.713-06:00,7.855,4.8,65.0,0.0,15.4,wind_drone_20260929
2026-09-29T16:51:27.920Z,2026-09-29T16:51:27.800Z,2026-09-29T10:51:27.920-06:00,8.062,4.9,63.0,0.0,15.4,wind_drone_20260929
2026-09-29T16:51:28.113Z,2026-09-29T16:51:28.000Z,2026-09-29T10:51:28.113-06:00,8.254,4.9,60.0,0.0,15.4,wind_drone_20260929
2026-09-29T16:51:28.320Z,2026-09-29T16:51:28.200Z,2026-09-29T10:51:28.320-06:00,8.462,5.1,58.0,0.0,15.4,wind_drone_20260929
2026-09-29T16:51:28.512Z,2026-09-29T16:51:28.400Z,2026-09-29T10:51:28.512-06:00,8.654,5.2,61.0,0.0,15.4,wind_drone_20260929
2026-09-29T16:51:28.720Z,2026-09-29T16:51:28.600Z,2026-09-29T10:51:28.720-06:00,8.862,5.3,64.0,0.0,15.4,wind_drone_20260929
2026-09-29T16:51:28.912Z,2026-09-29T16:51:28.800Z,2026-09-29T10:51:28.912-06:00,9.054,5.5,68.0,0.0,15.4,wind_drone_20260929
2026-09-29T16:51:29.120Z,2026-09-29T16:51:29.000Z,2026-09-29T10:51:29.120-06:00,9.262,5.7,73.0,0.0,15.4,wind_drone_20260929
2026-09-29T16:51:29.312Z,2026-09-29T16:51:29.200Z,2026-09-29T10:51:29.312-06:00,9.454,5.7,71.0,0.0,15.4,wind_drone_20260929
2026-09-29T16:51:29.520Z,2026-09-29T16:51:29.400Z,2026-09-29T10:51:29.520-06:00,9.661,5.8,68.0,0.0,15.4,wind_drone_20260929
2026-09-29T16:51:29.712Z,2026-09-29T16:51:29.600Z,2026-09-29T10:51:29.712-06:00,9.854,5.9,67.0,0.0,15.4,wind_drone_20260929
2026-09-29T16:51:29.920Z,2026-09-29T16:51:29.800Z,2026-09-29T10:51:29.920-06:00,10.061,5.8,71.0,0.0,15.4,wind_drone_20260929
2026-09-29T16:51:30.112Z,2026-09-29T16:51:30.000Z,2026-09-29T10:51:30.112-06:00,10.254,5.7,72.0,0.0,15.4,wind_drone_20260929
2026-09-29T16:51:30.319Z,2026-09-29T16:51:30.200Z,2026-09-29T10:51:30.319-06:00,10.461,5.6,74.0,0.0,15.4,wind_drone_20260929
2026-09-29T16:51:30.512Z,2026-09-29T16:51:30.400Z,2026-09-29T10:51:30.512-06:00,10.654,5.5,75.0,0.0,15.4,wind_drone_20260929
2026-09-29T16:51:30.719Z,2026-09-29T16:51:30.600Z,2026-09-29T10:51:30.719-06:00,10.861,5.4,72.0,0.0,15.4,wind_drone_20260929
2026-09-29T16:51:30.912Z,2026-09-29T16:51:30.800Z,2026-09-29T10:51:30.912-06:00,11.054,5.3,69.0,0.0,15.4,wind_drone_20260929
2026-09-29T16:51:31.119Z,2026-09-29T16:51:31.000Z,2026-09-29T10:51:31.119-06:00,11.261,5.2,69.0,0.0,15.4,wind_drone_20260929
2026-09-29T16:51:31.312Z,2026-09-29T16:51:31.200Z,2026-09-29T10:51:31.312-06:00,11.454,5.1,70.0,0.0,15.4,wind_drone_20260929
2026-09-29T16:51:31.519Z,2026-09-29T16:51:31.400Z,2026-09-29T10:51:31.519-06:00,11.661,5.1,68.0,0.0,15.4,wind_drone_20260929
2026-09-29T16:51:31.712Z,2026-09-29T16:51:31.600Z,2026-09-29T10:51:31.712-06:00,11.854,5.2,68.0,0.0,15.4,wind_drone_20260929
2026-09-29T16:51:31.919Z,2026-09-29T16:51:31.800Z,2026-09-29T10:51:31.919-06:00,12.06,5.2,70.0,0.0,15.4,wind_drone_20260929
2026-09-29T16:51:32.112Z,2026-09-29T16:51:32.000Z,2026-09-29T10:51:32.112-06:00,12.254,5.2,67.0,0.0,15.4,wind_drone_20260929
2026-09-29T16:51:32.319Z,2026-09-29T16:51:32.200Z,2026-09-29T10:51:32.319-06:00,12.46,5.3,66.0,0.0,15.4,wind_drone_20260929
2026-09-29T16:51:32.511Z,2026-09-29T16:51:32.400Z,2026-09-29T10:51:32.511-06:00,12.653,5.5,67.0,0.0,15.4,wind_drone_20260929
2026-09-29T16:51:32.719Z,2026-09-29T16:51:32.600Z,2026-09-29T10:51:32.719-06:00,12.86,5.6,64.0,0.0,15.4,wind_drone_20260929
2026-09-29T16:51:32.911Z,2026-09-29T16:51:32.800Z,2026-09-29T10:51:32.911-06:00,13.053,5.7,62.0,0.0,15.4,wind_drone_20260929
2026-09-29T16:51:33.118Z,2026-09-29T16:51:33.000Z,2026-09-29T10:51:33.118-06:00,13.26,5.8,61.0,0.0,15.4,wind_drone_20260929
2026-09-29T16:51:33.311Z,2026-09-29T16:51:33.200Z,2026-09-29T10:51:33.311-06:00,13.453,5.9,57.0,0.0,15.4,wind_drone_20260929
2026-09-29T16:51:33.518Z,2026-09-29T16:51:33.400Z,2026-09-29T10:51:33.518-06:00,13.66,6.0,57.0,0.0,15.4,wind_drone_20260929
2026-09-29T16:51:33.711Z,2026-09-29T16:51:33.600Z,2026-09-29T10:51:33.711-06:00,13.853,6.0,55.0,0.0,15.4,wind_drone_20260929
2026-09-29T16:51:33.918Z,2026-09-29T16:51:33.800Z,2026-09-29T10:51:33.918-06:00,14.06,5.9,55.0,0.0,15.4,wind_drone_20260929
2026-09-29T16:51:34.111Z,2026-09-29T16:51:34.000Z,2026-09-29T10:51:34.111-06:00,14.253,5.9,52.0,0.0,15.4,wind_drone_20260929
2026-09-29T16:51:34.318Z,2026-09-29T16:51:34.200Z,2026-09-29T10:51:34.318-06:00,14.46,5.9,56.0,0.0,15.4,wind_drone_20260929
2026-09-29T16:51:34.511Z,2026-09-29T16:51:34.400Z,2026-09-29T10:51:34.511-06:00,14.653,5.8,55.0,0.0,15.4,wind_drone_20260929
2026-09-29T16:51:34.718Z,2026-09-29T16:51:34.600Z,2026-09-29T10:51:34.718-06:00,14.86,5.7,55.0,0.0,15.4,wind_drone_20260929
2026-09-29T16:51:34.911Z,2026-09-29T16:51:34.800Z,2026-09-29T10:51:34.911-06:00,15.053,5.7,54.0,0.0,15.4,wind_drone_20260929
2026-09-29T16:51:35.118Z,2026-09-29T16:51:35.000Z,2026-09-29T10:51:35.118-06:00,15.259,5.7,57.0,0.0,15.4,wind_drone_20260929
2026-09-29T16:51:35.311Z,2026-09-29T16:51:35.200Z,2026-09-29T10:51:35.311-06:00,15.453,5.8,56.0,0.0,15.4,wind_drone_20260929
2026-09-29T16:51:35.518Z,2026-09-29T16:51:35.400Z,2026-09-29T10:51:35.518-06:00,15.659,5.9,54.0,0.0,15.4,wind_drone_20260929
2026-09-29T16:51:35.725Z,2026-09-29T16:51:35.600Z,2026-09-29T10:51:35.725-06:00,15.866,6.0,54.0,0.0,15.4,wind_drone_20260929
2026-09-29T16:51:35.918Z,2026-09-29T16:51:35.800Z,2026-09-29T10:51:35.918-06:00,16.059,6.0,57.0,0.0,15.4,wind_drone_20260929
2026-09-29T16:51:36.125Z,2026-09-29T16:51:36.000Z,2026-09-29T10:51:36.125-06:00,16.266,5.9,54.0,0.0,15.4,wind_drone_20260929
2026-09-29T16:51:36.317Z,2026-09-29T16:51:36.200Z,2026-09-29T10:51:36.317-06:00,16.459,5.9,54.0,0.0,15.4,wind_drone_20260929
2026-09-29T16:51:36.525Z,2026-09-29T16:51:36.400Z,2026-09-29T10:51:36.525-06:00,16.666,6.0,56.0,0.0,15.4,wind_drone_20260929
2026-09-29T16:51:36.718Z,2026-09-29T16:51:36.600Z,2026-09-29T10:51:36.718-06:00,16.859,5.9,54.0,0.0,15.4,wind_drone_20260929
2026-09-29T16:51:36.924Z,2026-09-29T16:51:36.800Z,2026-09-29T10:51:36.924-06:00,17.066,5.8,53.0,0.0,15.4,wind_drone_20260929
2026-09-29T16:51:37.117Z,2026-09-29T16:51:37.000Z,2026-09-29T10:51:37.117-06:00,17.259,5.6,57.0,0.0,15.4,wind_drone_20260929
2026-09-29T16:51:37.324Z,2026-09-29T16:51:37.200Z,2026-09-29T10:51:37.324-06:00,17.466,5.4,65.0,0.0,15.4,wind_drone_20260929
2026-09-29T16:51:37.517Z,2026-09-29T16:51:37.400Z,2026-09-29T10:51:37.517-06:00,17.659,5.3,61.0,0.0,15.4,wind_drone_20260929
2026-09-29T16:51:37.724Z,2026-09-29T16:51:37.600Z,2026-09-29T10:51:37.724-06:00,17.866,5.4,59.0,0.0,15.4,wind_drone_20260929
2026-09-29T16:51:37.917Z,2026-09-29T16:51:37.800Z,2026-09-29T10:51:37.917-06:00,18.058,5.5,63.0,0.0,15.4,wind_drone_20260929
2026-09-29T16:51:38.124Z,2026-09-29T16:51:38.000Z,2026-09-29T10:51:38.124-06:00,18.266,5.6,62.0,0.0,15.4,wind_drone_20260929
2026-09-29T16:51:38.316Z,2026-09-29T16:51:38.200Z,2026-09-29T10:51:38.316-06:00,18.458,5.7,61.0,0.0,15.4,wind_drone_20260929
2026-09-29T16:51:38.524Z,2026-09-29T16:51:38.400Z,2026-09-29T10:51:38.524-06:00,18.665,6.0,63.0,0.0,15.4,wind_drone_20260929
2026-09-29T16:51:38.717Z,2026-09-29T16:51:38.600Z,2026-09-29T10:51:38.717-06:00,18.858,6.1,61.0,0.0,15.4,wind_drone_20260929
2026-09-29T16:51:38.924Z,2026-09-29T16:51:38.800Z,2026-09-29T10:51:38.924-06:00,19.066,6.3,64.0,0.0,15.4,wind_drone_20260929
2026-09-29T16:51:39.116Z,2026-09-29T16:51:39.000Z,2026-09-29T10:51:39.116-06:00,19.258,6.5,63.0,0.0,15.4,wind_drone_20260929
2026-09-29T16:51:39.323Z,2026-09-29T16:51:39.200Z,2026-09-29T10:51:39.323-06:00,19.465,6.4,64.0,0.0,15.4,wind_drone_20260929
2026-09-29T16:51:39.516Z,2026-09-29T16:51:39.400Z,2026-09-29T10:51:39.516-06:00,19.658,6.4,62.0,0.0,15.4,wind_drone_20260929
2026-09-29T16:51:39.723Z,2026-09-29T16:51:39.600Z,2026-09-29T10:51:39.723-06:00,19.865,6.3,66.0,0.0,15.4,wind_drone_20260929
2026-09-29T16:51:39.916Z,2026-09-29T16:51:39.800Z,2026-09-29T10:51:39.916-06:00,20.058,6.3,69.0,0.0,15.4,wind_drone_20260929
2026-09-29T16:51:40.123Z,2026-09-29T16:51:40.000Z,2026-09-29T10:51:40.123-06:00,20.265,6.3,71.0,0.0,15.4,wind_drone_20260929
2026-09-29T16:51:40.316Z,2026-09-29T16:51:40.200Z,2026-09-29T10:51:40.316-06:00,20.458,6.3,68.0,0.0,15.4,wind_drone_20260929
2026-09-29T16:51:40.523Z,2026-09-29T16:51:40.400Z,2026-09-29T10:51:40.523-06:00,20.665,6.3,69.0,0.0,15.4,wind_drone_20260929
2026-09-29T16:51:40.716Z,2026-09-29T16:51:40.600Z,2026-09-29T10:51:40.716-06:00,20.857,6.3,72.0,0.0,15.4,wind_drone_20260929
2026-09-29T16:51:40.923Z,2026-09-29T16:51:40.800Z,2026-09-29T10:51:40.923-06:00,21.065,6.3,69.0,0.0,15.4,wind_drone_20260929
2026-09-29T16:51:41.116Z,2026-09-29T16:51:41.000Z,2026-09-29T10:51:41.116-06:00,21.257,6.4,70.0,0.0,15.4,wind_drone_20260929
2026-09-29T16:51:41.323Z,2026-09-29T16:51:41.200Z,2026-09-29T10:51:41.323-06:00,21.464,6.4,66.0,0.0,15.4,wind_drone_20260929
2026-09-29T16:51:41.515Z,2026-09-29T16:51:41.400Z,2026-09-29T10:51:41.515-06:00,21.657,6.3,66.0,0.0,15.4,wind_drone_20260929
2026-09-29T16:51:41.723Z,2026-09-29T16:51:41.600Z,2026-09-29T10:51:41.723-06:00,21.864,6.3,67.0,0.0,15.4,wind_drone_20260929
2026-09-29T16:51:41.915Z,2026-09-29T16:51:41.800Z,2026-09-29T10:51:41.915-06:00,22.057,6.2,66.0,0.0,15.4,wind_drone_20260929
2026-09-29T16:51:42.123Z,2026-09-29T16:51:42.000Z,2026-09-29T10:51:42.123-06:00,22.264,6.2,63.0,0.0,15.4,wind_drone_20260929
2026-09-29T16:51:42.315Z,2026-09-29T16:51:42.200Z,2026-09-29T10:51:42.315-06:00,22.457,6.2,63.0,0.0,15.4,wind_drone_20260929
2026-09-29T16:51:42.523Z,2026-09-29T16:51:42.400Z,2026-09-29T10:51:42.523-06:00,22.664,6.2,61.0,0.0,15.4,wind_drone_20260929
2026-09-29T16:51:42.715Z,2026-09-29T16:51:42.600Z,2026-09-29T10:51:42.715-06:00,22.857,6.1,63.0,0.0,15.4,wind_drone_20260929
2026-09-29T16:51:42.922Z,2026-09-29T16:51:42.800Z,2026-09-29T10:51:42.922-06:00,23.064,6.2,64.0,0.0,15.4,wind_drone_20260929
2026-09-29T16:51:43.115Z,2026-09-29T16:51:43.000Z,2026-09-29T10:51:43.115-06:00,23.257,6.3,61.0,0.0,15.4,wind_drone_20260929
2026-09-29T16:51:43.322Z,2026-09-29T16:51:43.200Z,2026-09-29T10:51:43.322-06:00,23.464,6.3,62.0,0.0,15.4,wind_drone_20260929
2026-09-29T16:51:43.515Z,2026-09-29T16:51:43.400Z,2026-09-29T10:51:43.515-06:00,23.657,6.4,64.0,0.0,15.4,wind_drone_20260929
2026-09-29T16:51:43.722Z,2026-09-29T16:51:43.600Z,2026-09-29T10:51:43.722-06:00,23.864,6.6,63.0,0.0,15.4,wind_drone_20260929
2026-09-29T16:51:43.915Z,2026-09-29T16:51:43.800Z,2026-09-29T10:51:43.915-06:00,24.056,6.6,61.0,0.0,15.4,wind_drone_20260929
2026-09-29T16:51:44.122Z,2026-09-29T16:51:44.000Z,2026-09-29T10:51:44.122-06:00,24.264,6.6,54.0,0.0,15.4,wind_drone_20260929
2026-09-29T16:51:44.315Z,2026-09-29T16:51:44.200Z,2026-09-29T10:51:44.315-06:00,24.456,6.7,58.0,0.0,15.4,wind_drone_20260929
2026-09-29T16:51:44.522Z,2026-09-29T16:51:44.400Z,2026-09-29T10:51:44.522-06:00,24.664,6.8,59.0,0.0,15.4,wind_drone_20260929
2026-09-29T16:51:44.714Z,2026-09-29T16:51:44.600Z,2026-09-29T10:51:44.714-06:00,24.856,6.8,58.0,0.0,15.4,wind_drone_20260929
2026-09-29T16:51:44.922Z,2026-09-29T16:51:44.800Z,2026-09-29T10:51:44.922-06:00,25.063,6.9,59.0,0.0,15.4,wind_drone_20260929
2026-09-29T16:51:45.114Z,2026-09-29T16:51:45.000Z,2026-09-29T10:51:45.114-06:00,25.256,6.9,59.0,0.0,15.4,wind_drone_20260929
2026-09-29T16:51:45.321Z,2026-09-29T16:51:45.200Z,2026-09-29T10:51:45.321-06:00,25.463,6.9,57.0,0.0,15.4,wind_drone_20260929
2026-09-29T16:51:45.514Z,2026-09-29T16:51:45.400Z,2026-09-29T10:51:45.514-06:00,25.656,6.9,55.0,0.0,15.4,wind_drone_20260929
2026-09-29T16:51:45.721Z,2026-09-29T16:51:45.600Z,2026-09-29T10:51:45.721-06:00,25.863,6.9,56.0,0.0,15.4,wind_drone_20260929
2026-09-29T16:51:45.914Z,2026-09-29T16:51:45.800Z,2026-09-29T10:51:45.914-06:00,26.056,6.8,56.0,0.0,15.4,wind_drone_20260929
2026-09-29T16:51:46.121Z,2026-09-29T16:51:46.000Z,2026-09-29T10:51:46.121-06:00,26.263,6.7,58.0,0.0,15.4,wind_drone_20260929
2026-09-29T16:51:46.314Z,2026-09-29T16:51:46.200Z,2026-09-29T10:51:46.314-06:00,26.455,6.6,59.0,0.0,15.4,wind_drone_20260929
2026-09-29T16:51:46.521Z,2026-09-29T16:51:46.400Z,2026-09-29T10:51:46.521-06:00,26.663,6.5,59.0,0.0,15.4,wind_drone_20260929
2026-09-29T16:51:46.714Z,2026-09-29T16:51:46.600Z,2026-09-29T10:51:46.714-06:00,26.855,6.5,58.0,0.0,15.4,wind_drone_20260929
2026-09-29T16:51:46.921Z,2026-09-29T16:51:46.800Z,2026-09-29T10:51:46.921-06:00,27.063,6.5,58.0,0.0,15.4,wind_drone_20260929
2026-09-29T16:51:47.114Z,2026-09-29T16:51:47.000Z,2026-09-29T10:51:47.114-06:00,27.255,6.5,58.0,0.0,15.4,wind_drone_20260929
2026-09-29T16:51:47.321Z,2026-09-29T16:51:47.200Z,2026-09-29T10:51:47.321-06:00,27.463,6.4,60.0,0.0,15.4,wind_drone_20260929
2026-09-29T16:51:47.513Z,2026-09-29T16:51:47.400Z,2026-09-29T10:51:47.513-06:00,27.655,6.4,59.0,0.0,15.4,wind_drone_20260929
2026-09-29T16:51:47.721Z,2026-09-29T16:51:47.600Z,2026-09-29T10:51:47.721-06:00,27.862,6.3,58.0,0.0,15.4,wind_drone_20260929
2026-09-29T16:51:47.914Z,2026-09-29T16:51:47.800Z,2026-09-29T10:51:47.914-06:00,28.055,6.2,58.0,0.0,15.4,wind_drone_20260929
2026-09-29T16:51:48.121Z,2026-09-29T16:51:48.000Z,2026-09-29T10:51:48.121-06:00,28.262,6.2,60.0,0.0,15.4,wind_drone_20260929
2026-09-29T16:51:48.314Z,2026-09-29T16:51:48.200Z,2026-09-29T10:51:48.314-06:00,28.455,6.1,60.0,0.0,15.4,wind_drone_20260929
2026-09-29T16:51:48.520Z,2026-09-29T16:51:48.400Z,2026-09-29T10:51:48.520-06:00,28.662,5.9,57.0,0.0,15.4,wind_drone_20260929
2026-09-29T16:51:48.713Z,2026-09-29T16:51:48.600Z,2026-09-29T10:51:48.713-06:00,28.855,5.8,61.0,0.0,15.4,wind_drone_20260929
2026-09-29T16:51:48.920Z,2026-09-29T16:51:48.800Z,2026-09-29T10:51:48.920-06:00,29.062,5.6,58.0,0.0,15.4,wind_drone_20260929
2026-09-29T16:51:49.113Z,2026-09-29T16:51:49.000Z,2026-09-29T10:51:49.113-06:00,29.255,5.6,61.0,0.0,15.4,wind_drone_20260929
2026-09-29T16:51:49.320Z,2026-09-29T16:51:49.200Z,2026-09-29T10:51:49.320-06:00,29.462,5.5,61.0,0.0,15.4,wind_drone_20260929
2026-09-29T16:51:49.513Z,2026-09-29T16:51:49.400Z,2026-09-29T10:51:49.513-06:00,29.654,5.4,60.0,0.0,15.4,wind_drone_20260929
2026-09-29T16:51:49.720Z,2026-09-29T16:51:49.600Z,2026-09-29T10:51:49.720-06:00,29.862,5.3,62.0,0.0,15.4,wind_drone_20260929
2026-09-29T16:51:49.913Z,2026-09-29T16:51:49.800Z,2026-09-29T10:51:49.913-06:00,30.054,5.2,57.0,0.0,15.4,wind_drone_20260929
2026-09-29T16:51:50.120Z,2026-09-29T16:51:50.000Z,2026-09-29T10:51:50.120-06:00,30.261,5.2,62.0,0.0,15.4,wind_drone_20260929
2026-09-29T16:51:50.313Z,2026-09-29T16:51:50.200Z,2026-09-29T10:51:50.313-06:00,30.454,5.2,62.0,0.0,15.4,wind_drone_20260929
2026-09-29T16:51:50.520Z,2026-09-29T16:51:50.400Z,2026-09-29T10:51:50.520-06:00,30.661,5.3,62.0,0.0,15.4,wind_drone_20260929
2026-09-29T16:51:50.712Z,2026-09-29T16:51:50.600Z,2026-09-29T10:51:50.712-06:00,30.854,5.4,62.0,0.0,15.4,wind_drone_20260929
2026-09-29T16:51:50.920Z,2026-09-29T16:51:50.800Z,2026-09-29T10:51:50.920-06:00,31.061,5.5,64.0,0.0,15.4,wind_drone_20260929
2026-09-29T16:51:51.112Z,2026-09-29T16:51:51.000Z,2026-09-29T10:51:51.112-06:00,31.254,5.6,62.0,0.0,15.4,wind_drone_20260929
2026-09-29T16:51:51.319Z,2026-09-29T16:51:51.200Z,2026-09-29T10:51:51.319-06:00,31.461,5.7,59.0,0.0,15.4,wind_drone_20260929
2026-09-29T16:51:51.512Z,2026-09-29T16:51:51.400Z,2026-09-29T10:51:51.512-06:00,31.654,5.8,63.0,0.0,15.4,wind_drone_20260929
2026-09-29T16:51:51.719Z,2026-09-29T16:51:51.600Z,2026-09-29T10:51:51.719-06:00,31.861,5.9,65.0,0.0,15.4,wind_drone_20260929
2026-09-29T16:51:51.912Z,2026-09-29T16:51:51.800Z,2026-09-29T10:51:51.912-06:00,32.054,6.1,63.0,0.0,15.4,wind_drone_20260929
2026-09-29T16:51:52.119Z,2026-09-29T16:51:52.000Z,2026-09-29T10:51:52.119-06:00,32.261,6.1,61.0,0.0,15.4,wind_drone_20260929
2026-09-29T16:51:52.312Z,2026-09-29T16:51:52.200Z,2026-09-29T10:51:52.312-06:00,32.454,6.1,61.0,0.0,15.4,wind_drone_20260929
2026-09-29T16:51:52.519Z,2026-09-29T16:51:52.400Z,2026-09-29T10:51:52.519-06:00,32.661,6.1,61.0,0.0,15.4,wind_drone_20260929
2026-09-29T16:51:52.712Z,2026-09-29T16:51:52.600Z,2026-09-29T10:51:52.712-06:00,32.854,6.1,61.0,0.0,15.4,wind_drone_20260929
2026-09-29T16:51:52.919Z,2026-09-29T16:51:52.800Z,2026-09-29T10:51:52.919-06:00,33.06,6.2,61.0,0.0,15.4,wind_drone_20260929
2026-09-29T16:51:53.112Z,2026-09-29T16:51:53.000Z,2026-09-29T10:51:53.112-06:00,33.254,6.2,62.0,0.0,15.4,wind_drone_20260929
2026-09-29T16:51:53.319Z,2026-09-29T16:51:53.200Z,2026-09-29T10:51:53.319-06:00,33.46,6.3,61.0,0.0,15.4,wind_drone_20260929
2026-09-29T16:51:53.511Z,2026-09-29T16:51:53.400Z,2026-09-29T10:51:53.511-06:00,33.653,6.3,62.0,0.0,15.4,wind_drone_20260929
2026-09-29T16:51:53.719Z,2026-09-29T16:51:53.600Z,2026-09-29T10:51:53.719-06:00,33.86,6.2,61.0,0.0,15.4,wind_drone_20260929
2026-09-29T16:51:53.911Z,2026-09-29T16:51:53.800Z,2026-09-29T10:51:53.911-06:00,34.053,6.2,59.0,0.0,15.4,wind_drone_20260929
2026-09-29T16:51:54.118Z,2026-09-29T16:51:54.000Z,2026-09-29T10:51:54.118-06:00,34.26,6.2,59.0,0.0,15.4,wind_drone_20260929
2026-09-29T16:51:54.311Z,2026-09-29T16:51:54.200Z,2026-09-29T10:51:54.311-06:00,34.453,6.3,62.0,0.0,15.4,wind_drone_20260929
2026-09-29T16:51:54.518Z,2026-09-29T16:51:54.400Z,2026-09-29T10:51:54.518-06:00,34.66,6.4,59.0,0.0,15.4,wind_drone_20260929
2026-09-29T16:51:54.711Z,2026-09-29T16:51:54.600Z,2026-09-29T10:51:54.711-06:00,34.853,6.4,56.0,0.0,15.4,wind_drone_20260929
2026-09-29T16:51:54.918Z,2026-09-29T16:51:54.800Z,2026-09-29T10:51:54.918-06:00,35.06,6.3,57.0,0.0,15.4,wind_drone_20260929
2026-09-29T16:51:55.111Z,2026-09-29T16:51:55.000Z,2026-09-29T10:51:55.111-06:00,35.253,6.3,57.0,0.0,15.4,wind_drone_20260929
2026-09-29T16:51:55.318Z,2026-09-29T16:51:55.200Z,2026-09-29T10:51:55.318-06:00,35.46,6.4,59.0,0.0,15.4,wind_drone_20260929
2026-09-29T16:51:55.511Z,2026-09-29T16:51:55.400Z,2026-09-29T10:51:55.511-06:00,35.653,6.3,56.0,0.0,15.4,wind_drone_20260929
2026-09-29T16:51:55.718Z,2026-09-29T16:51:55.600Z,2026-09-29T10:51:55.718-06:00,35.86,6.3,59.0,0.0,15.4,wind_drone_20260929
2026-09-29T16:51:55.910Z,2026-09-29T16:51:55.800Z,2026-09-29T10:51:55.910-06:00,36.052,6.2,61.0,0.0,15.4,wind_drone_20260929
2026-09-29T16:51:56.118Z,2026-09-29T16:51:56.000Z,2026-09-29T10:51:56.118-06:00,36.259,6.1,57.0,0.0,15.4,wind_drone_20260929
2026-09-29T16:51:56.310Z,2026-09-29T16:51:56.200Z,2026-09-29T10:51:56.310-06:00,36.452,6.0,57.0,0.0,15.4,wind_drone_20260929
2026-09-29T16:51:56.517Z,2026-09-29T16:51:56.400Z,2026-09-29T10:51:56.517-06:00,36.659,5.9,56.0,0.0,15.4,wind_drone_20260929
2026-09-29T16:51:56.725Z,2026-09-29T16:51:56.600Z,2026-09-29T10:51:56.725-06:00,36.866,5.9,58.0,0.0,15.4,wind_drone_20260929
2026-09-29T16:51:56.917Z,2026-09-29T16:51:56.800Z,2026-09-29T10:51:56.917-06:00,37.059,5.8,58.0,0.0,15.4,wind_drone_20260929
2026-09-29T16:51:57.125Z,2026-09-29T16:51:57.000Z,2026-09-29T10:51:57.125-06:00,37.266,5.8,57.0,0.0,15.4,wind_drone_20260929
2026-09-29T16:51:57.317Z,2026-09-29T16:51:57.200Z,2026-09-29T10:51:57.317-06:00,37.459,5.8,53.0,0.0,15.4,wind_drone_20260929
2026-09-29T16:51:57.525Z,2026-09-29T16:51:57.400Z,2026-09-29T10:51:57.525-06:00,37.666,5.8,52.0,0.0,15.4,wind_drone_20260929
2026-09-29T16:51:57.717Z,2026-09-29T16:51:57.600Z,2026-09-29T10:51:57.717-06:00,37.859,5.9,53.0,0.0,15.4,wind_drone_20260929
2026-09-29T16:51:57.924Z,2026-09-29T16:51:57.800Z,2026-09-29T10:51:57.924-06:00,38.066,6.1,52.0,0.0,15.4,wind_drone_20260929
2026-09-29T16:51:58.117Z,2026-09-29T16:51:58.000Z,2026-09-29T10:51:58.117-06:00,38.259,6.1,54.0,0.0,15.4,wind_drone_20260929
2026-09-29T16:51:58.324Z,2026-09-29T16:51:58.200Z,2026-09-29T10:51:58.324-06:00,38.466,6.1,54.0,0.0,15.4,wind_drone_20260929
2026-09-29T16:51:58.517Z,2026-09-29T16:51:58.400Z,2026-09-29T10:51:58.517-06:00,38.659,6.2,55.0,0.0,15.4,wind_drone_20260929
2026-09-29T16:51:58.724Z,2026-09-29T16:51:58.600Z,2026-09-29T10:51:58.724-06:00,38.866,6.2,55.0,0.0,15.4,wind_drone_20260929
2026-09-29T16:51:58.917Z,2026-09-29T16:51:58.800Z,2026-09-29T10:51:58.917-06:00,39.058,6.1,53.0,0.0,15.4,wind_drone_20260929
2026-09-29T16:51:59.124Z,2026-09-29T16:51:59.000Z,2026-09-29T10:51:59.124-06:00,39.265,6.1,56.0,0.0,15.4,wind_drone_20260929
2026-09-29T16:51:59.317Z,2026-09-29T16:51:59.200Z,2026-09-29T10:51:59.317-06:00,39.458,6.0,58.0,0.0,15.4,wind_drone_20260929
2026-09-29T16:51:59.524Z,2026-09-29T16:51:59.400Z,2026-09-29T10:51:59.524-06:00,39.665,5.9,61.0,0.0,15.4,wind_drone_20260929
2026-09-29T16:51:59.716Z,2026-09-29T16:51:59.600Z,2026-09-29T10:51:59.716-06:00,39.858,5.9,60.0,0.0,15.4,wind_drone_20260929
2026-09-29T16:51:59.924Z,2026-09-29T16:51:59.800Z,2026-09-29T10:51:59.924-06:00,40.065,6.0,59.0,0.0,15.4,wind_drone_20260929
2026-09-29T16:52:00.116Z,2026-09-29T16:52:00.000Z,2026-09-29T10:52:00.116-06:00,40.258,6.0,57.0,0.0,15.4,wind_drone_20260929
2026-09-29T16:52:00.324Z,2026-09-29T16:52:00.200Z,2026-09-29T10:52:00.324-06:00,40.465,6.0,58.0,0.0,15.4,wind_drone_20260929
2026-09-29T16:52:00.516Z,2026-09-29T16:52:00.400Z,2026-09-29T10:52:00.516-06:00,40.658,6.1,59.0,0.0,15.4,wind_drone_20260929
2026-09-29T16:52:00.723Z,2026-09-29T16:52:00.600Z,2026-09-29T10:52:00.723-06:00,40.865,6.1,58.0,0.0,15.4,wind_drone_20260929
2026-09-29T16:52:00.916Z,2026-09-29T16:52:00.800Z,2026-09-29T10:52:00.916-06:00,41.058,6.1,60.0,0.0,15.4,wind_drone_20260929
2026-09-29T16:52:01.123Z,2026-09-29T16:52:01.000Z,2026-09-29T10:52:01.123-06:00,41.265,6.2,58.0,0.0,15.4,wind_drone_20260929
2026-09-29T16:52:01.316Z,2026-09-29T16:52:01.200Z,2026-09-29T10:52:01.316-06:00,41.458,6.3,59.0,0.0,15.4,wind_drone_20260929
2026-09-29T16:52:01.523Z,2026-09-29T16:52:01.400Z,2026-09-29T10:52:01.523-06:00,41.665,6.3,61.0,0.0,15.4,wind_drone_20260929
2026-09-29T16:52:01.716Z,2026-09-29T16:52:01.600Z,2026-09-29T10:52:01.716-06:00,41.857,6.3,58.0,0.0,15.4,wind_drone_20260929
2026-09-29T16:52:01.923Z,2026-09-29T16:52:01.800Z,2026-09-29T10:52:01.923-06:00,42.065,6.3,56.0,0.0,15.4,wind_drone_20260929
2026-09-29T16:52:02.115Z,2026-09-29T16:52:02.000Z,2026-09-29T10:52:02.115-06:00,42.257,6.3,57.0,0.0,15.4,wind_drone_20260929
2026-09-29T16:52:02.323Z,2026-09-29T16:52:02.200Z,2026-09-29T10:52:02.323-06:00,42.465,6.3,57.0,0.0,15.4,wind_drone_20260929
2026-09-29T16:52:02.515Z,2026-09-29T16:52:02.400Z,2026-09-29T10:52:02.515-06:00,42.657,6.3,58.0,0.0,15.4,wind_drone_20260929
2026-09-29T16:52:02.723Z,2026-09-29T16:52:02.600Z,2026-09-29T10:52:02.723-06:00,42.864,6.3,56.0,0.0,15.4,wind_drone_20260929
2026-09-29T16:52:02.915Z,2026-09-29T16:52:02.800Z,2026-09-29T10:52:02.915-06:00,43.057,6.2,52.0,0.0,15.4,wind_drone_20260929
2026-09-29T16:52:03.123Z,2026-09-29T16:52:03.000Z,2026-09-29T10:52:03.123-06:00,43.264,6.1,56.0,0.0,15.4,wind_drone_20260929
2026-09-29T16:52:03.315Z,2026-09-29T16:52:03.200Z,2026-09-29T10:52:03.315-06:00,43.457,6.0,57.0,0.0,15.4,wind_drone_20260929
2026-09-29T16:52:03.522Z,2026-09-29T16:52:03.400Z,2026-09-29T10:52:03.522-06:00,43.664,6.0,62.0,0.0,15.4,wind_drone_20260929
2026-09-29T16:52:03.715Z,2026-09-29T16:52:03.600Z,2026-09-29T10:52:03.715-06:00,43.857,6.0,64.0,0.0,15.4,wind_drone_20260929
2026-09-29T16:52:03.922Z,2026-09-29T16:52:03.800Z,2026-09-29T10:52:03.922-06:00,44.064,5.9,67.0,0.0,15.4,wind_drone_20260929
2026-09-29T16:52:04.115Z,2026-09-29T16:52:04.000Z,2026-09-29T10:52:04.115-06:00,44.257,5.8,71.0,0.0,15.4,wind_drone_20260929
2026-09-29T16:52:04.322Z,2026-09-29T16:52:04.200Z,2026-09-29T10:52:04.322-06:00,44.464,5.8,71.0,0.0,15.4,wind_drone_20260929
2026-09-29T16:52:04.515Z,2026-09-29T16:52:04.400Z,2026-09-29T10:52:04.515-06:00,44.656,5.8,75.0,0.0,15.4,wind_drone_20260929
2026-09-29T16:52:04.722Z,2026-09-29T16:52:04.600Z,2026-09-29T10:52:04.722-06:00,44.864,5.9,75.0,0.0,15.4,wind_drone_20260929
2026-09-29T16:52:04.915Z,2026-09-29T16:52:04.800Z,2026-09-29T10:52:04.915-06:00,45.057,5.9,77.0,0.0,15.4,wind_drone_20260929
2026-09-29T16:52:05.122Z,2026-09-29T16:52:05.000Z,2026-09-29T10:52:05.122-06:00,45.264,5.8,80.0,0.0,15.4,wind_drone_20260929
2026-09-29T16:52:05.315Z,2026-09-29T16:52:05.200Z,2026-09-29T10:52:05.315-06:00,45.456,5.8,77.0,0.0,15.4,wind_drone_20260929
2026-09-29T16:52:05.522Z,2026-09-29T16:52:05.400Z,2026-09-29T10:52:05.522-06:00,45.663,5.7,75.0,0.0,15.4,wind_drone_20260929
2026-09-29T16:52:05.714Z,2026-09-29T16:52:05.600Z,2026-09-29T10:52:05.714-06:00,45.856,5.6,73.0,0.0,15.4,wind_drone_20260929
2026-09-29T16:52:05.922Z,2026-09-29T16:52:05.800Z,2026-09-29T10:52:05.922-06:00,46.063,5.5,75.0,0.0,15.4,wind_drone_20260929
2026-09-29T16:52:06.114Z,2026-09-29T16:52:06.000Z,2026-09-29T10:52:06.114-06:00,46.256,5.4,76.0,0.0,15.4,wind_drone_20260929
2026-09-29T16:52:06.321Z,2026-09-29T16:52:06.200Z,2026-09-29T10:52:06.321-06:00,46.463,5.3,79.0,0.0,15.4,wind_drone_20260929
2026-09-29T16:52:06.514Z,2026-09-29T16:52:06.400Z,2026-09-29T10:52:06.514-06:00,46.656,5.3,77.0,0.0,15.4,wind_drone_20260929
2026-09-29T16:52:06.721Z,2026-09-29T16:52:06.600Z,2026-09-29T10:52:06.721-06:00,46.863,5.3,78.0,0.0,15.4,wind_drone_20260929
2026-09-29T16:52:06.914Z,2026-09-29T16:52:06.800Z,2026-09-29T10:52:06.914-06:00,47.056,5.3,77.0,0.0,15.4,wind_drone_20260929
2026-09-29T16:52:07.121Z,2026-09-29T16:52:07.000Z,2026-09-29T10:52:07.121-06:00,47.263,5.4,80.0,0.0,15.4,wind_drone_20260929
2026-09-29T16:52:07.314Z,2026-09-29T16:52:07.200Z,2026-09-29T10:52:07.314-06:00,47.456,5.4,80.0,0.0,15.4,wind_drone_20260929
2026-09-29T16:52:07.521Z,2026-09-29T16:52:07.400Z,2026-09-29T10:52:07.521-06:00,47.663,5.4,77.0,0.0,15.4,wind_drone_20260929
2026-09-29T16:52:07.714Z,2026-09-29T16:52:07.600Z,2026-09-29T10:52:07.714-06:00,47.855,5.4,80.0,0.0,15.4,wind_drone_20260929
2026-09-29T16:52:07.921Z,2026-09-29T16:52:07.800Z,2026-09-29T10:52:07.921-06:00,48.063,5.4,82.0,0.0,15.4,wind_drone_20260929
2026-09-29T16:52:08.114Z,2026-09-29T16:52:08.000Z,2026-09-29T10:52:08.114-06:00,48.255,5.4,72.0,0.0,15.4,wind_drone_20260929
2026-09-29T16:52:08.321Z,2026-09-29T16:52:08.200Z,2026-09-29T10:52:08.321-06:00,48.463,5.3,74.0,0.0,15.4,wind_drone_20260929
2026-09-29T16:52:08.514Z,2026-09-29T16:52:08.400Z,2026-09-29T10:52:08.514-06:00,48.655,5.3,74.0,0.0,15.4,wind_drone_20260929
2026-09-29T16:52:08.721Z,2026-09-29T16:52:08.600Z,2026-09-29T10:52:08.721-06:00,48.862,5.2,79.0,0.0,15.4,wind_drone_20260929
2026-09-29T16:52:08.914Z,2026-09-29T16:52:08.800Z,2026-09-29T10:52:08.914-06:00,49.055,5.1,80.0,0.0,15.4,wind_drone_20260929
2026-09-29T16:52:09.120Z,2026-09-29T16:52:09.000Z,2026-09-29T10:52:09.120-06:00,49.262,5.0,78.0,0.0,15.4,wind_drone_20260929
2026-09-29T16:52:09.313Z,2026-09-29T16:52:09.200Z,2026-09-29T10:52:09.313-06:00,49.455,4.9,77.0,0.0,15.4,wind_drone_20260929
2026-09-29T16:52:09.520Z,2026-09-29T16:52:09.400Z,2026-09-29T10:52:09.520-06:00,49.662,4.9,79.0,0.0,15.4,wind_drone_20260929
2026-09-29T16:52:09.713Z,2026-09-29T16:52:09.600Z,2026-09-29T10:52:09.713-06:00,49.855,4.8,78.0,0.0,15.4,wind_drone_20260929
2026-09-29T16:52:09.920Z,2026-09-29T16:52:09.800Z,2026-09-29T10:52:09.920-06:00,50.062,4.8,76.0,0.0,15.4,wind_drone_20260929
2026-09-29T16:52:10.113Z,2026-09-29T16:52:10.000Z,2026-09-29T10:52:10.113-06:00,50.255,4.9,76.0,0.0,15.4,wind_drone_20260929
2026-09-29T16:52:10.320Z,2026-09-29T16:52:10.200Z,2026-09-29T10:52:10.320-06:00,50.462,4.9,77.0,0.0,15.4,wind_drone_20260929
2026-09-29T16:52:10.513Z,2026-09-29T16:52:10.400Z,2026-09-29T10:52:10.513-06:00,50.655,4.9,76.0,0.0,15.4,wind_drone_20260929
2026-09-29T16:52:10.720Z,2026-09-29T16:52:10.600Z,2026-09-29T10:52:10.720-06:00,50.862,4.9,72.0,0.0,15.4,wind_drone_20260929
2026-09-29T16:52:10.912Z,2026-09-29T16:52:10.800Z,2026-09-29T10:52:10.912-06:00,51.054,5.0,71.0,0.0,15.4,wind_drone_20260929
2026-09-29T16:52:11.120Z,2026-09-29T16:52:11.000Z,2026-09-29T10:52:11.120-06:00,51.262,5.2,73.0,0.0,15.4,wind_drone_20260929
2026-09-29T16:52:11.313Z,2026-09-29T16:52:11.200Z,2026-09-29T10:52:11.313-06:00,51.455,5.3,70.0,0.0,15.4,wind_drone_20260929
2026-09-29T16:52:11.520Z,2026-09-29T16:52:11.400Z,2026-09-29T10:52:11.520-06:00,51.661,5.4,69.0,0.0,15.4,wind_drone_20260929
2026-09-29T16:52:11.713Z,2026-09-29T16:52:11.600Z,2026-09-29T10:52:11.713-06:00,51.854,5.5,67.0,0.0,15.4,wind_drone_20260929
2026-09-29T16:52:11.920Z,2026-09-29T16:52:11.800Z,2026-09-29T10:52:11.920-06:00,52.061,5.6,64.0,0.0,15.4,wind_drone_20260929
2026-09-29T16:52:12.113Z,2026-09-29T16:52:12.000Z,2026-09-29T10:52:12.113-06:00,52.254,5.6,62.0,0.0,15.4,wind_drone_20260929
2026-09-29T16:52:12.319Z,2026-09-29T16:52:12.200Z,2026-09-29T10:52:12.319-06:00,52.461,5.6,60.0,0.0,15.4,wind_drone_20260929
2026-09-29T16:52:12.512Z,2026-09-29T16:52:12.400Z,2026-09-29T10:52:12.512-06:00,52.654,5.6,56.0,0.0,15.4,wind_drone_20260929
2026-09-29T16:52:12.719Z,2026-09-29T16:52:12.600Z,2026-09-29T10:52:12.719-06:00,52.861,5.6,53.0,0.0,15.4,wind_drone_20260929
2026-09-29T16:52:12.912Z,2026-09-29T16:52:12.800Z,2026-09-29T10:52:12.912-06:00,53.054,5.6,56.0,0.0,15.4,wind_drone_20260929
2026-09-29T16:52:13.119Z,2026-09-29T16:52:13.000Z,2026-09-29T10:52:13.119-06:00,53.261,5.6,49.0,0.0,15.4,wind_drone_20260929
2026-09-29T16:52:13.312Z,2026-09-29T16:52:13.200Z,2026-09-29T10:52:13.312-06:00,53.453,5.5,51.0,0.0,15.4,wind_drone_20260929
2026-09-29T16:52:13.519Z,2026-09-29T16:52:13.400Z,2026-09-29T10:52:13.519-06:00,53.661,5.5,49.0,0.0,15.4,wind_drone_20260929
2026-09-29T16:52:13.711Z,2026-09-29T16:52:13.600Z,2026-09-29T10:52:13.711-06:00,53.853,5.5,51.0,0.0,15.4,wind_drone_20260929
2026-09-29T16:52:13.919Z,2026-09-29T16:52:13.800Z,2026-09-29T10:52:13.919-06:00,54.06,5.5,50.0,0.0,15.4,wind_drone_20260929
2026-09-29T16:52:14.112Z,2026-09-29T16:52:14.000Z,2026-09-29T10:52:14.112-06:00,54.254,5.5,57.0,0.0,15.4,wind_drone_20260929
2026-09-29T16:52:14.319Z,2026-09-29T16:52:14.200Z,2026-09-29T10:52:14.319-06:00,54.46,5.5,56.0,0.0,15.4,wind_drone_20260929
2026-09-29T16:52:14.512Z,2026-09-29T16:52:14.400Z,2026-09-29T10:52:14.512-06:00,54.653,5.4,55.0,0.0,15.4,wind_drone_20260929
2026-09-29T16:52:14.719Z,2026-09-29T16:52:14.600Z,2026-09-29T10:52:14.719-06:00,54.86,5.5,56.0,0.0,15.4,wind_drone_20260929
2026-09-29T16:52:14.911Z,2026-09-29T16:52:14.800Z,2026-09-29T10:52:14.911-06:00,55.053,5.4,57.0,0.0,15.4,wind_drone_20260929
2026-09-29T16:52:15.118Z,2026-09-29T16:52:15.000Z,2026-09-29T10:52:15.118-06:00,55.26,5.5,57.0,0.0,15.4,wind_drone_20260929
2026-09-29T16:52:15.311Z,2026-09-29T16:52:15.200Z,2026-09-29T10:52:15.311-06:00,55.453,5.4,58.0,0.0,15.4,wind_drone_20260929
2026-09-29T16:52:15.518Z,2026-09-29T16:52:15.400Z,2026-09-29T10:52:15.518-06:00,55.66,5.5,63.0,0.0,15.4,wind_drone_20260929
2026-09-29T16:52:15.711Z,2026-09-29T16:52:15.600Z,2026-09-29T10:52:15.711-06:00,55.853,5.6,63.0,0.0,15.4,wind_drone_20260929
2026-09-29T16:52:15.918Z,2026-09-29T16:52:15.800Z,2026-09-29T10:52:15.918-06:00,56.06,5.6,64.0,0.0,15.4,wind_drone_20260929
2026-09-29T16:52:16.111Z,2026-09-29T16:52:16.000Z,2026-09-29T10:52:16.111-06:00,56.252,5.5,59.0,0.0,15.4,wind_drone_20260929
2026-09-29T16:52:16.318Z,2026-09-29T16:52:16.200Z,2026-09-29T10:52:16.318-06:00,56.46,5.5,62.0,0.0,15.4,wind_drone_20260929
2026-09-29T16:52:16.511Z,2026-09-29T16:52:16.400Z,2026-09-29T10:52:16.511-06:00,56.652,5.5,63.0,0.0,15.4,wind_drone_20260929
2026-09-29T16:52:16.718Z,2026-09-29T16:52:16.600Z,2026-09-29T10:52:16.718-06:00,56.86,5.4,65.0,0.0,15.4,wind_drone_20260929
2026-09-29T16:52:16.911Z,2026-09-29T16:52:16.800Z,2026-09-29T10:52:16.911-06:00,57.053,5.4,62.0,0.0,15.4,wind_drone_20260929
2026-09-29T16:52:17.118Z,2026-09-29T16:52:17.000Z,2026-09-29T10:52:17.118-06:00,57.259,5.3,61.0,0.0,15.4,wind_drone_20260929
2026-09-29T16:52:17.310Z,2026-09-29T16:52:17.200Z,2026-09-29T10:52:17.310-06:00,57.452,5.1,59.0,0.0,15.4,wind_drone_20260929
2026-09-29T16:52:17.518Z,2026-09-29T16:52:17.400Z,2026-09-29T10:52:17.518-06:00,57.659,5.0,60.0,0.0,15.4,wind_drone_20260929
2026-09-29T16:52:17.710Z,2026-09-29T16:52:17.600Z,2026-09-29T10:52:17.710-06:00,57.852,4.9,62.0,0.0,15.4,wind_drone_20260929
2026-09-29T16:52:17.918Z,2026-09-29T16:52:17.800Z,2026-09-29T10:52:17.918-06:00,58.059,4.8,63.0,0.0,15.4,wind_drone_20260929
2026-09-29T16:52:18.125Z,2026-09-29T16:52:18.000Z,2026-09-29T10:52:18.125-06:00,58.266,4.7,60.0,0.0,15.4,wind_drone_20260929
2026-09-29T16:52:18.317Z,2026-09-29T16:52:18.200Z,2026-09-29T10:52:18.317-06:00,58.459,4.7,62.0,0.0,15.4,wind_drone_20260929
2026-09-29T16:52:18.524Z,2026-09-29T16:52:18.400Z,2026-09-29T10:52:18.524-06:00,58.666,4.7,57.0,0.0,15.4,wind_drone_20260929
2026-09-29T16:52:18.717Z,2026-09-29T16:52:18.600Z,2026-09-29T10:52:18.717-06:00,58.859,4.8,59.0,0.0,15.4,wind_drone_20260929
2026-09-29T16:52:18.924Z,2026-09-29T16:52:18.800Z,2026-09-29T10:52:18.924-06:00,59.066,4.9,59.0,0.0,15.4,wind_drone_20260929
2026-09-29T16:52:19.117Z,2026-09-29T16:52:19.000Z,2026-09-29T10:52:19.117-06:00,59.259,5.0,57.0,0.0,15.4,wind_drone_20260929
2026-09-29T16:52:19.324Z,2026-09-29T16:52:19.200Z,2026-09-29T10:52:19.324-06:00,59.466,5.2,53.0,0.0,15.4,wind_drone_20260929
2026-09-29T16:52:19.517Z,2026-09-29T16:52:19.400Z,2026-09-29T10:52:19.517-06:00,59.659,5.5,56.0,0.0,15.4,wind_drone_20260929
2026-09-29T16:52:19.724Z,2026-09-29T16:52:19.600Z,2026-09-29T10:52:19.724-06:00,59.866,5.6,53.0,0.0,15.4,wind_drone_20260929
2026-09-29T16:52:19.917Z,2026-09-29T16:52:19.800Z,2026-09-29T10:52:19.917-06:00,60.058,5.7,55.0,0.0,15.4,wind_drone_20260929
2026-09-29T16:52:20.124Z,2026-09-29T16:52:20.000Z,2026-09-29T10:52:20.124-06:00,60.266,5.7,54.0,0.0,15.4,wind_drone_20260929
2026-09-29T16:52:20.316Z,2026-09-29T16:52:20.200Z,2026-09-29T10:52:20.316-06:00,60.458,5.6,56.0,0.0,15.4,wind_drone_20260929
2026-09-29T16:52:20.524Z,2026-09-29T16:52:20.400Z,2026-09-29T10:52:20.524-06:00,60.666,5.5,52.0,0.0,15.4,wind_drone_20260929
2026-09-29T16:52:20.716Z,2026-09-29T16:52:20.600Z,2026-09-29T10:52:20.716-06:00,60.858,5.4,51.0,0.0,15.4,wind_drone_20260929
2026-09-29T16:52:20.924Z,2026-09-29T16:52:20.800Z,2026-09-29T10:52:20.924-06:00,61.065,5.5,53.0,0.0,15.4,wind_drone_20260929
2026-09-29T16:52:21.116Z,2026-09-29T16:52:21.000Z,2026-09-29T10:52:21.116-06:00,61.258,5.4,52.0,0.0,15.4,wind_drone_20260929
2026-09-29T16:52:21.323Z,2026-09-29T16:52:21.200Z,2026-09-29T10:52:21.323-06:00,61.465,5.5,53.0,0.0,15.4,wind_drone_20260929
2026-09-29T16:52:21.516Z,2026-09-29T16:52:21.400Z,2026-09-29T10:52:21.516-06:00,61.658,5.7,59.0,0.0,15.4,wind_drone_20260929
2026-09-29T16:52:21.723Z,2026-09-29T16:52:21.600Z,2026-09-29T10:52:21.723-06:00,61.865,5.8,64.0,0.0,15.4,wind_drone_20260929
2026-09-29T16:52:21.916Z,2026-09-29T16:52:21.800Z,2026-09-29T10:52:21.916-06:00,62.058,6.0,62.0,0.0,15.4,wind_drone_20260929
2026-09-29T16:52:22.123Z,2026-09-29T16:52:22.000Z,2026-09-29T10:52:22.123-06:00,62.265,6.2,62.0,0.0,15.4,wind_drone_20260929
2026-09-29T16:52:22.316Z,2026-09-29T16:52:22.200Z,2026-09-29T10:52:22.316-06:00,62.458,6.5,61.0,0.0,15.4,wind_drone_20260929
2026-09-29T16:52:22.523Z,2026-09-29T16:52:22.400Z,2026-09-29T10:52:22.523-06:00,62.665,6.5,60.0,0.0,15.4,wind_drone_20260929
2026-09-29T16:52:22.716Z,2026-09-29T16:52:22.600Z,2026-09-29T10:52:22.716-06:00,62.857,6.6,66.0,0.0,15.4,wind_drone_20260929
2026-09-29T16:52:22.923Z,2026-09-29T16:52:22.800Z,2026-09-29T10:52:22.923-06:00,63.065,6.6,70.0,0.0,15.4,wind_drone_20260929
2026-09-29T16:52:23.116Z,2026-09-29T16:52:23.000Z,2026-09-29T10:52:23.116-06:00,63.257,6.5,68.0,0.0,15.4,wind_drone_20260929
2026-09-29T16:52:23.323Z,2026-09-29T16:52:23.200Z,2026-09-29T10:52:23.323-06:00,63.464,6.5,67.0,0.0,15.4,wind_drone_20260929
2026-09-29T16:52:23.515Z,2026-09-29T16:52:23.400Z,2026-09-29T10:52:23.515-06:00,63.657,6.5,68.0,0.0,15.4,wind_drone_20260929
2026-09-29T16:52:23.723Z,2026-09-29T16:52:23.600Z,2026-09-29T10:52:23.723-06:00,63.864,6.6,73.0,0.0,15.4,wind_drone_20260929
2026-09-29T16:52:23.916Z,2026-09-29T16:52:23.800Z,2026-09-29T10:52:23.916-06:00,64.057,6.4,68.0,0.0,15.4,wind_drone_20260929
2026-09-29T16:52:24.122Z,2026-09-29T16:52:24.000Z,2026-09-29T10:52:24.122-06:00,64.264,6.3,69.0,0.0,15.4,wind_drone_20260929
2026-09-29T16:52:24.315Z,2026-09-29T16:52:24.200Z,2026-09-29T10:52:24.315-06:00,64.457,6.3,70.0,0.0,15.4,wind_drone_20260929
2026-09-29T16:52:24.522Z,2026-09-29T16:52:24.400Z,2026-09-29T10:52:24.522-06:00,64.664,6.2,69.0,0.0,15.4,wind_drone_20260929
2026-09-29T16:52:24.715Z,2026-09-29T16:52:24.600Z,2026-09-29T10:52:24.715-06:00,64.857,6.2,71.0,0.0,15.4,wind_drone_20260929
2026-09-29T16:52:24.922Z,2026-09-29T16:52:24.800Z,2026-09-29T10:52:24.922-06:00,65.064,6.2,74.0,0.0,15.4,wind_drone_20260929
2026-09-29T16:52:25.115Z,2026-09-29T16:52:25.000Z,2026-09-29T10:52:25.115-06:00,65.257,6.1,57.0,0.0,15.4,wind_drone_20260929
2026-09-29T16:52:25.322Z,2026-09-29T16:52:25.200Z,2026-09-29T10:52:25.322-06:00,65.464,6.0,57.0,0.0,15.4,wind_drone_20260929
2026-09-29T16:52:25.515Z,2026-09-29T16:52:25.400Z,2026-09-29T10:52:25.515-06:00,65.656,6.1,57.0,0.0,15.4,wind_drone_20260929
2026-09-29T16:52:25.722Z,2026-09-29T16:52:25.600Z,2026-09-29T10:52:25.722-06:00,65.864,6.1,54.0,0.0,15.4,wind_drone_20260929
2026-09-29T16:52:25.914Z,2026-09-29T16:52:25.800Z,2026-09-29T10:52:25.914-06:00,66.056,6.1,51.0,0.0,15.4,wind_drone_20260929
2026-09-29T16:52:26.122Z,2026-09-29T16:52:26.000Z,2026-09-29T10:52:26.122-06:00,66.263,6.1,55.0,0.0,15.4,wind_drone_20260929
2026-09-29T16:52:26.315Z,2026-09-29T16:52:26.200Z,2026-09-29T10:52:26.315-06:00,66.456,6.1,58.0,0.0,15.4,wind_drone_20260929
2026-09-29T16:52:26.522Z,2026-09-29T16:52:26.400Z,2026-09-29T10:52:26.522-06:00,66.663,6.1,55.0,0.0,15.4,wind_drone_20260929
2026-09-29T16:52:26.714Z,2026-09-29T16:52:26.600Z,2026-09-29T10:52:26.714-06:00,66.856,6.1,52.0,0.0,15.4,wind_drone_20260929
2026-09-29T16:52:26.922Z,2026-09-29T16:52:26.800Z,2026-09-29T10:52:26.922-06:00,67.063,6.0,55.0,0.0,15.4,wind_drone_20260929
2026-09-29T16:52:27.114Z,2026-09-29T16:52:27.000Z,2026-09-29T10:52:27.114-06:00,67.256,6.0,57.0,0.0,15.4,wind_drone_20260929
2026-09-29T16:52:27.321Z,2026-09-29T16:52:27.200Z,2026-09-29T10:52:27.321-06:00,67.463,6.1,58.0,0.0,15.4,wind_drone_20260929
2026-09-29T16:52:27.514Z,2026-09-29T16:52:27.400Z,2026-09-29T10:52:27.514-06:00,67.656,6.2,62.0,0.0,15.4,wind_drone_20260929
2026-09-29T16:52:27.721Z,2026-09-29T16:52:27.600Z,2026-09-29T10:52:27.721-06:00,67.863,6.2,67.0,0.0,15.4,wind_drone_20260929
2026-09-29T16:52:27.914Z,2026-09-29T16:52:27.800Z,2026-09-29T10:52:27.914-06:00,68.055,6.3,60.0,0.0,15.4,wind_drone_20260929
2026-09-29T16:52:28.121Z,2026-09-29T16:52:28.000Z,2026-09-29T10:52:28.121-06:00,68.263,6.3,57.0,0.0,15.4,wind_drone_20260929
2026-09-29T16:52:28.314Z,2026-09-29T16:52:28.200Z,2026-09-29T10:52:28.314-06:00,68.455,6.3,61.0,0.0,15.4,wind_drone_20260929
2026-09-29T16:52:28.521Z,2026-09-29T16:52:28.400Z,2026-09-29T10:52:28.521-06:00,68.663,6.5,62.0,0.0,15.4,wind_drone_20260929
2026-09-29T16:52:28.714Z,2026-09-29T16:52:28.600Z,2026-09-29T10:52:28.714-06:00,68.855,6.5,62.0,0.0,15.4,wind_drone_20260929
2026-09-29T16:52:28.921Z,2026-09-29T16:52:28.800Z,2026-09-29T10:52:28.921-06:00,69.063,6.6,61.0,0.0,15.4,wind_drone_20260929
2026-09-29T16:52:29.113Z,2026-09-29T16:52:29.000Z,2026-09-29T10:52:29.113-06:00,69.255,6.6,59.0,0.0,15.4,wind_drone_20260929
2026-09-29T16:52:29.321Z,2026-09-29T16:52:29.200Z,2026-09-29T10:52:29.321-06:00,69.462,6.6,60.0,0.0,15.4,wind_drone_20260929
2026-09-29T16:52:29.513Z,2026-09-29T16:52:29.400Z,2026-09-29T10:52:29.513-06:00,69.655,6.6,58.0,0.0,15.4,wind_drone_20260929
2026-09-29T16:52:29.721Z,2026-09-29T16:52:29.600Z,2026-09-29T10:52:29.721-06:00,69.862,6.6,58.0,0.0,15.4,wind_drone_20260929
2026-09-29T16:52:29.913Z,2026-09-29T16:52:29.800Z,2026-09-29T10:52:29.913-06:00,70.055,6.7,59.0,0.0,15.4,wind_drone_20260929
2026-09-29T16:52:30.120Z,2026-09-29T16:52:30.000Z,2026-09-29T10:52:30.120-06:00,70.262,6.8,57.0,0.0,15.3,wind_drone_20260929
2026-09-29T16:52:30.313Z,2026-09-29T16:52:30.200Z,2026-09-29T10:52:30.313-06:00,70.455,6.8,55.0,0.0,15.3,wind_drone_20260929
2026-09-29T16:52:30.520Z,2026-09-29T16:52:30.400Z,2026-09-29T10:52:30.520-06:00,70.662,6.9,53.0,0.0,15.3,wind_drone_20260929
2026-09-29T16:52:30.713Z,2026-09-29T16:52:30.600Z,2026-09-29T10:52:30.713-06:00,70.855,7.1,58.0,0.0,15.3,wind_drone_20260929
2026-09-29T16:52:30.920Z,2026-09-29T16:52:30.800Z,2026-09-29T10:52:30.920-06:00,71.062,7.3,60.0,0.0,15.3,wind_drone_20260929
2026-09-29T16:52:31.113Z,2026-09-29T16:52:31.000Z,2026-09-29T10:52:31.113-06:00,71.254,7.5,60.0,0.0,15.3,wind_drone_20260929
2026-09-29T16:52:31.320Z,2026-09-29T16:52:31.200Z,2026-09-29T10:52:31.320-06:00,71.462,7.6,55.0,0.0,15.3,wind_drone_20260929
2026-09-29T16:52:31.513Z,2026-09-29T16:52:31.400Z,2026-09-29T10:52:31.513-06:00,71.654,7.6,54.0,0.0,15.3,wind_drone_20260929
2026-09-29T16:52:31.720Z,2026-09-29T16:52:31.600Z,2026-09-29T10:52:31.720-06:00,71.862,7.6,53.0,0.0,15.3,wind_drone_20260929
2026-09-29T16:52:31.913Z,2026-09-29T16:52:31.800Z,2026-09-29T10:52:31.913-06:00,72.054,7.6,58.0,0.0,15.3,wind_drone_20260929
2026-09-29T16:52:32.120Z,2026-09-29T16:52:32.000Z,2026-09-29T10:52:32.120-06:00,72.261,7.6,53.0,0.0,15.3,wind_drone_20260929
2026-09-29T16:52:32.312Z,2026-09-29T16:52:32.200Z,2026-09-29T10:52:32.312-06:00,72.454,7.5,54.0,0.0,15.3,wind_drone_20260929
2026-09-29T16:52:32.520Z,2026-09-29T16:52:32.400Z,2026-09-29T10:52:32.520-06:00,72.661,7.5,59.0,0.0,15.3,wind_drone_20260929
2026-09-29T16:52:32.712Z,2026-09-29T16:52:32.600Z,2026-09-29T10:52:32.712-06:00,72.854,7.4,60.0,0.0,15.3,wind_drone_20260929
2026-09-29T16:52:32.919Z,2026-09-29T16:52:32.800Z,2026-09-29T10:52:32.919-06:00,73.061,7.4,60.0,0.0,15.3,wind_drone_20260929
2026-09-29T16:52:33.112Z,2026-09-29T16:52:33.000Z,2026-09-29T10:52:33.112-06:00,73.254,7.4,57.0,0.0,15.3,wind_drone_20260929
2026-09-29T16:52:33.319Z,2026-09-29T16:52:33.200Z,2026-09-29T10:52:33.319-06:00,73.461,7.4,57.0,0.0,15.3,wind_drone_20260929
2026-09-29T16:52:33.512Z,2026-09-29T16:52:33.400Z,2026-09-29T10:52:33.512-06:00,73.654,7.4,56.0,0.0,15.3,wind_drone_20260929
2026-09-29T16:52:33.719Z,2026-09-29T16:52:33.600Z,2026-09-29T10:52:33.719-06:00,73.861,7.4,55.0,0.0,15.3,wind_drone_20260929
2026-09-29T16:52:33.912Z,2026-09-29T16:52:33.800Z,2026-09-29T10:52:33.912-06:00,74.054,7.4,58.0,0.0,15.3,wind_drone_20260929
2026-09-29T16:52:34.119Z,2026-09-29T16:52:34.000Z,2026-09-29T10:52:34.119-06:00,74.261,7.3,57.0,0.0,15.3,wind_drone_20260929
2026-09-29T16:52:34.312Z,2026-09-29T16:52:34.200Z,2026-09-29T10:52:34.312-06:00,74.453,7.2,56.0,0.0,15.3,wind_drone_20260929
2026-09-29T16:52:34.519Z,2026-09-29T16:52:34.400Z,2026-09-29T10:52:34.519-06:00,74.66,7.2,57.0,0.0,15.3,wind_drone_20260929
2026-09-29T16:52:34.712Z,2026-09-29T16:52:34.600Z,2026-09-29T10:52:34.712-06:00,74.854,7.2,59.0,0.0,15.3,wind_drone_20260929
2026-09-29T16:52:34.919Z,2026-09-29T16:52:34.800Z,2026-09-29T10:52:34.919-06:00,75.06,7.1,60.0,0.0,15.3,wind_drone_20260929
2026-09-29T16:52:35.111Z,2026-09-29T16:52:35.000Z,2026-09-29T10:52:35.111-06:00,75.253,7.0,55.0,0.0,15.3,wind_drone_20260929
2026-09-29T16:52:35.319Z,2026-09-29T16:52:35.200Z,2026-09-29T10:52:35.319-06:00,75.46,6.9,56.0,0.0,15.3,wind_drone_20260929
2026-09-29T16:52:35.512Z,2026-09-29T16:52:35.400Z,2026-09-29T10:52:35.512-06:00,75.653,6.8,53.0,0.0,15.3,wind_drone_20260929
2026-09-29T16:52:35.718Z,2026-09-29T16:52:35.600Z,2026-09-29T10:52:35.718-06:00,75.86,6.8,54.0,0.0,15.3,wind_drone_20260929
2026-09-29T16:52:35.911Z,2026-09-29T16:52:35.800Z,2026-09-29T10:52:35.911-06:00,76.053,6.8,55.0,0.0,15.3,wind_drone_20260929
2026-09-29T16:52:36.118Z,2026-09-29T16:52:36.000Z,2026-09-29T10:52:36.118-06:00,76.26,6.7,50.0,0.0,15.3,wind_drone_20260929
2026-09-29T16:52:36.311Z,2026-09-29T16:52:36.200Z,2026-09-29T10:52:36.311-06:00,76.452,6.6,54.0,0.0,15.3,wind_drone_20260929
2026-09-29T16:52:36.518Z,2026-09-29T16:52:36.400Z,2026-09-29T10:52:36.518-06:00,76.66,6.7,56.0,0.0,15.3,wind_drone_20260929
2026-09-29T16:52:36.711Z,2026-09-29T16:52:36.600Z,2026-09-29T10:52:36.711-06:00,76.853,6.7,52.0,0.0,15.3,wind_drone_20260929
2026-09-29T16:52:36.918Z,2026-09-29T16:52:36.800Z,2026-09-29T10:52:36.918-06:00,77.06,6.7,54.0,0.0,15.3,wind_drone_20260929
2026-09-29T16:52:37.111Z,2026-09-29T16:52:37.000Z,2026-09-29T10:52:37.111-06:00,77.253,6.7,55.0,0.0,15.3,wind_drone_20260929
2026-09-29T16:52:37.318Z,2026-09-29T16:52:37.200Z,2026-09-29T10:52:37.318-06:00,77.46,6.6,51.0,0.0,15.3,wind_drone_20260929
2026-09-29T16:52:37.511Z,2026-09-29T16:52:37.400Z,2026-09-29T10:52:37.511-06:00,77.653,6.5,53.0,0.0,15.3,wind_drone_20260929
2026-09-29T16:52:37.718Z,2026-09-29T16:52:37.600Z,2026-09-29T10:52:37.718-06:00,77.86,6.5,60.0,0.0,15.3,wind_drone_20260929
2026-09-29T16:52:37.910Z,2026-09-29T16:52:37.800Z,2026-09-29T10:52:37.910-06:00,78.052,6.3,61.0,0.0,15.3,wind_drone_20260929
2026-09-29T16:52:38.118Z,2026-09-29T16:52:38.000Z,2026-09-29T10:52:38.118-06:00,78.259,6.2,64.0,0.0,15.3,wind_drone_20260929
2026-09-29T16:52:38.311Z,2026-09-29T16:52:38.200Z,2026-09-29T10:52:38.311-06:00,78.453,6.2,65.0,0.0,15.3,wind_drone_20260929
2026-09-29T16:52:38.518Z,2026-09-29T16:52:38.400Z,2026-09-29T10:52:38.518-06:00,78.659,6.1,62.0,0.0,15.3,wind_drone_20260929
2026-09-29T16:52:38.711Z,2026-09-29T16:52:38.600Z,2026-09-29T10:52:38.711-06:00,78.852,6.2,62.0,0.0,15.3,wind_drone_20260929
2026-09-29T16:52:38.918Z,2026-09-29T16:52:38.800Z,2026-09-29T10:52:38.918-06:00,79.059,6.3,65.0,0.0,15.3,wind_drone_20260929
2026-09-29T16:52:39.111Z,2026-09-29T16:52:39.000Z,2026-09-29T10:52:39.111-06:00,79.252,6.3,62.0,0.0,15.3,wind_drone_20260929
2026-09-29T16:52:39.317Z,2026-09-29T16:52:39.200Z,2026-09-29T10:52:39.317-06:00,79.459,6.4,57.0,0.0,15.3,wind_drone_20260929
2026-09-29T16:52:39.525Z,2026-09-29T16:52:39.400Z,2026-09-29T10:52:39.525-06:00,79.666,6.5,63.0,0.0,15.3,wind_drone_20260929
2026-09-29T16:52:39.717Z,2026-09-29T16:52:39.600Z,2026-09-29T10:52:39.717-06:00,79.859,6.6,61.0,0.0,15.3,wind_drone_20260929
2026-09-29T16:52:39.924Z,2026-09-29T16:52:39.800Z,2026-09-29T10:52:39.924-06:00,80.066,6.6,60.0,0.0,15.3,wind_drone_20260929
2026-09-29T16:52:40.117Z,2026-09-29T16:52:40.000Z,2026-09-29T10:52:40.117-06:00,80.259,6.7,62.0,0.0,15.3,wind_drone_20260929
2026-09-29T16:52:40.324Z,2026-09-29T16:52:40.200Z,2026-09-29T10:52:40.324-06:00,80.466,6.8,58.0,0.0,15.3,wind_drone_20260929
2026-09-29T16:52:40.517Z,2026-09-29T16:52:40.400Z,2026-09-29T10:52:40.517-06:00,80.659,6.8,59.0,0.0,15.3,wind_drone_20260929
2026-09-29T16:52:40.724Z,2026-09-29T16:52:40.600Z,2026-09-29T10:52:40.724-06:00,80.866,6.9,60.0,0.0,15.3,wind_drone_20260929
2026-09-29T16:52:40.917Z,2026-09-29T16:52:40.800Z,2026-09-29T10:52:40.917-06:00,81.058,7.0,62.0,0.0,15.3,wind_drone_20260929
2026-09-29T16:52:41.124Z,2026-09-29T16:52:41.000Z,2026-09-29T10:52:41.124-06:00,81.266,7.1,59.0,0.0,15.3,wind_drone_20260929
2026-09-29T16:52:41.317Z,2026-09-29T16:52:41.200Z,2026-09-29T10:52:41.317-06:00,81.458,7.2,56.0,0.0,15.3,wind_drone_20260929
2026-09-29T16:52:41.524Z,2026-09-29T16:52:41.400Z,2026-09-29T10:52:41.524-06:00,81.665,7.3,57.0,0.0,15.3,wind_drone_20260929
2026-09-29T16:52:41.716Z,2026-09-29T16:52:41.600Z,2026-09-29T10:52:41.716-06:00,81.858,7.4,55.0,0.0,15.3,wind_drone_20260929
2026-09-29T16:52:41.923Z,2026-09-29T16:52:41.800Z,2026-09-29T10:52:41.923-06:00,82.065,7.4,58.0,0.0,15.3,wind_drone_20260929
2026-09-29T16:52:42.116Z,2026-09-29T16:52:42.000Z,2026-09-29T10:52:42.116-06:00,82.258,7.5,63.0,0.0,15.3,wind_drone_20260929
2026-09-29T16:52:42.324Z,2026-09-29T16:52:42.200Z,2026-09-29T10:52:42.324-06:00,82.465,7.6,60.0,0.0,15.3,wind_drone_20260929
2026-09-29T16:52:42.516Z,2026-09-29T16:52:42.400Z,2026-09-29T10:52:42.516-06:00,82.658,7.6,63.0,0.0,15.3,wind_drone_20260929
2026-09-29T16:52:42.723Z,2026-09-29T16:52:42.600Z,2026-09-29T10:52:42.723-06:00,82.865,7.6,63.0,0.0,15.3,wind_drone_20260929
2026-09-29T16:52:42.916Z,2026-09-29T16:52:42.800Z,2026-09-29T10:52:42.916-06:00,83.058,7.6,62.0,0.0,15.3,wind_drone_20260929
2026-09-29T16:52:43.123Z,2026-09-29T16:52:43.000Z,2026-09-29T10:52:43.123-06:00,83.265,7.6,62.0,0.0,15.3,wind_drone_20260929
2026-09-29T16:52:43.316Z,2026-09-29T16:52:43.200Z,2026-09-29T10:52:43.316-06:00,83.458,7.5,61.0,0.0,15.3,wind_drone_20260929
2026-09-29T16:52:43.523Z,2026-09-29T16:52:43.400Z,2026-09-29T10:52:43.523-06:00,83.665,7.4,67.0,0.0,15.3,wind_drone_20260929
2026-09-29T16:52:43.716Z,2026-09-29T16:52:43.600Z,2026-09-29T10:52:43.716-06:00,83.857,7.3,67.0,0.0,15.3,wind_drone_20260929
2026-09-29T16:52:43.923Z,2026-09-29T16:52:43.800Z,2026-09-29T10:52:43.923-06:00,84.065,7.1,64.0,0.0,15.3,wind_drone_20260929
2026-09-29T16:52:44.116Z,2026-09-29T16:52:44.000Z,2026-09-29T10:52:44.116-06:00,84.257,7.1,66.0,0.0,15.3,wind_drone_20260929
2026-09-29T16:52:44.323Z,2026-09-29T16:52:44.200Z,2026-09-29T10:52:44.323-06:00,84.464,7.0,68.0,0.0,15.3,wind_drone_20260929
2026-09-29T16:52:44.515Z,2026-09-29T16:52:44.400Z,2026-09-29T10:52:44.515-06:00,84.657,6.9,65.0,0.0,15.3,wind_drone_20260929
2026-09-29T16:52:44.723Z,2026-09-29T16:52:44.600Z,2026-09-29T10:52:44.723-06:00,84.864,6.7,62.0,0.0,15.3,wind_drone_20260929
2026-09-29T16:52:44.916Z,2026-09-29T16:52:44.800Z,2026-09-29T10:52:44.916-06:00,85.057,6.6,64.0,0.0,15.3,wind_drone_20260929
2026-09-29T16:52:45.122Z,2026-09-29T16:52:45.000Z,2026-09-29T10:52:45.122-06:00,85.264,6.4,66.0,0.0,15.3,wind_drone_20260929
2026-09-29T16:52:45.315Z,2026-09-29T16:52:45.200Z,2026-09-29T10:52:45.315-06:00,85.457,6.3,69.0,0.0,15.3,wind_drone_20260929
2026-09-29T16:52:45.522Z,2026-09-29T16:52:45.400Z,2026-09-29T10:52:45.522-06:00,85.664,6.3,67.0,0.0,15.3,wind_drone_20260929
2026-09-29T16:52:45.715Z,2026-09-29T16:52:45.600Z,2026-09-29T10:52:45.715-06:00,85.857,6.2,71.0,0.0,15.3,wind_drone_20260929
2026-09-29T16:52:45.922Z,2026-09-29T16:52:45.800Z,2026-09-29T10:52:45.922-06:00,86.064,6.2,71.0,0.0,15.3,wind_drone_20260929
2026-09-29T16:52:46.115Z,2026-09-29T16:52:46.000Z,2026-09-29T10:52:46.115-06:00,86.257,6.2,68.0,0.0,15.3,wind_drone_20260929
2026-09-29T16:52:46.322Z,2026-09-29T16:52:46.200Z,2026-09-29T10:52:46.322-06:00,86.464,6.2,66.0,0.0,15.3,wind_drone_20260929
2026-09-29T16:52:46.515Z,2026-09-29T16:52:46.400Z,2026-09-29T10:52:46.515-06:00,86.656,6.2,70.0,0.0,15.3,wind_drone_20260929
2026-09-29T16:52:46.722Z,2026-09-29T16:52:46.600Z,2026-09-29T10:52:46.722-06:00,86.864,6.3,70.0,0.0,15.3,wind_drone_20260929
2026-09-29T16:52:46.915Z,2026-09-29T16:52:46.800Z,2026-09-29T10:52:46.915-06:00,87.056,6.3,67.0,0.0,15.3,wind_drone_20260929
2026-09-29T16:52:47.122Z,2026-09-29T16:52:47.000Z,2026-09-29T10:52:47.122-06:00,87.264,6.3,66.0,0.0,15.3,wind_drone_20260929
2026-09-29T16:52:47.315Z,2026-09-29T16:52:47.200Z,2026-09-29T10:52:47.315-06:00,87.456,6.3,66.0,0.0,15.3,wind_drone_20260929
2026-09-29T16:52:47.522Z,2026-09-29T16:52:47.400Z,2026-09-29T10:52:47.522-06:00,87.663,6.2,65.0,0.0,15.3,wind_drone_20260929
2026-09-29T16:52:47.714Z,2026-09-29T16:52:47.600Z,2026-09-29T10:52:47.714-06:00,87.856,6.2,63.0,0.0,15.3,wind_drone_20260929
2026-09-29T16:52:47.922Z,2026-09-29T16:52:47.800Z,2026-09-29T10:52:47.922-06:00,88.063,6.2,65.0,0.0,15.3,wind_drone_20260929
2026-09-29T16:52:48.114Z,2026-09-29T16:52:48.000Z,2026-09-29T10:52:48.114-06:00,88.256,6.2,68.0,0.0,15.3,wind_drone_20260929
2026-09-29T16:52:48.321Z,2026-09-29T16:52:48.200Z,2026-09-29T10:52:48.321-06:00,88.463,6.2,67.0,0.0,15.3,wind_drone_20260929
2026-09-29T16:52:48.514Z,2026-09-29T16:52:48.400Z,2026-09-29T10:52:48.514-06:00,88.656,6.3,65.0,0.0,15.3,wind_drone_20260929
2026-09-29T16:52:48.721Z,2026-09-29T16:52:48.600Z,2026-09-29T10:52:48.721-06:00,88.863,6.4,68.0,0.0,15.3,wind_drone_20260929
2026-09-29T16:52:48.914Z,2026-09-29T16:52:48.800Z,2026-09-29T10:52:48.914-06:00,89.056,6.4,60.0,0.0,15.3,wind_drone_20260929
2026-09-29T16:52:49.121Z,2026-09-29T16:52:49.000Z,2026-09-29T10:52:49.121-06:00,89.263,6.5,61.0,0.0,15.3,wind_drone_20260929
2026-09-29T16:52:49.314Z,2026-09-29T16:52:49.200Z,2026-09-29T10:52:49.314-06:00,89.456,6.5,65.0,0.0,15.3,wind_drone_20260929
2026-09-29T16:52:49.521Z,2026-09-29T16:52:49.400Z,2026-09-29T10:52:49.521-06:00,89.662,6.6,63.0,0.0,15.3,wind_drone_20260929
2026-09-29T16:52:49.714Z,2026-09-29T16:52:49.600Z,2026-09-29T10:52:49.714-06:00,89.855,6.7,63.0,0.0,15.3,wind_drone_20260929
2026-09-29T16:52:49.921Z,2026-09-29T16:52:49.800Z,2026-09-29T10:52:49.921-06:00,90.063,6.8,67.0,0.0,15.3,wind_drone_20260929
2026-09-29T16:52:50.113Z,2026-09-29T16:52:50.000Z,2026-09-29T10:52:50.113-06:00,90.255,6.8,69.0,0.0,15.3,wind_drone_20260929
2026-09-29T16:52:50.321Z,2026-09-29T16:52:50.200Z,2026-09-29T10:52:50.321-06:00,90.462,6.9,66.0,0.0,15.3,wind_drone_20260929
2026-09-29T16:52:50.513Z,2026-09-29T16:52:50.400Z,2026-09-29T10:52:50.513-06:00,90.655,6.9,66.0,0.0,15.3,wind_drone_20260929
2026-09-29T16:52:50.721Z,2026-09-29T16:52:50.600Z,2026-09-29T10:52:50.721-06:00,90.862,6.9,65.0,0.0,15.3,wind_drone_20260929
2026-09-29T16:52:50.913Z,2026-09-29T16:52:50.800Z,2026-09-29T10:52:50.913-06:00,91.055,6.9,73.0,0.0,15.3,wind_drone_20260929
2026-09-29T16:52:51.120Z,2026-09-29T16:52:51.000Z,2026-09-29T10:52:51.120-06:00,91.262,6.9,71.0,0.0,15.3,wind_drone_20260929
2026-09-29T16:52:51.313Z,2026-09-29T16:52:51.200Z,2026-09-29T10:52:51.313-06:00,91.455,7.0,70.0,0.0,15.3,wind_drone_20260929
2026-09-29T16:52:51.520Z,2026-09-29T16:52:51.400Z,2026-09-29T10:52:51.520-06:00,91.662,7.0,72.0,0.0,15.3,wind_drone_20260929
2026-09-29T16:52:51.713Z,2026-09-29T16:52:51.600Z,2026-09-29T10:52:51.713-06:00,91.855,7.0,72.0,0.0,15.3,wind_drone_20260929
2026-09-29T16:52:51.920Z,2026-09-29T16:52:51.800Z,2026-09-29T10:52:51.920-06:00,92.062,7.0,70.0,0.0,15.3,wind_drone_20260929
2026-09-29T16:52:52.113Z,2026-09-29T16:52:52.000Z,2026-09-29T10:52:52.113-06:00,92.254,7.0,74.0,0.0,15.3,wind_drone_20260929
2026-09-29T16:52:52.320Z,2026-09-29T16:52:52.200Z,2026-09-29T10:52:52.320-06:00,92.462,7.1,77.0,0.0,15.3,wind_drone_20260929
2026-09-29T16:52:52.513Z,2026-09-29T16:52:52.400Z,2026-09-29T10:52:52.513-06:00,92.655,7.1,76.0,0.0,15.3,wind_drone_20260929
2026-09-29T16:52:52.720Z,2026-09-29T16:52:52.600Z,2026-09-29T10:52:52.720-06:00,92.861,7.1,72.0,0.0,15.3,wind_drone_20260929
2026-09-29T16:52:52.913Z,2026-09-29T16:52:52.800Z,2026-09-29T10:52:52.913-06:00,93.055,7.1,72.0,0.0,15.3,wind_drone_20260929
2026-09-29T16:52:53.120Z,2026-09-29T16:52:53.000Z,2026-09-29T10:52:53.120-06:00,93.261,7.1,74.0,0.0,15.3,wind_drone_20260929
2026-09-29T16:52:53.312Z,2026-09-29T16:52:53.200Z,2026-09-29T10:52:53.312-06:00,93.454,7.1,73.0,0.0,15.3,wind_drone_20260929
2026-09-29T16:52:53.520Z,2026-09-29T16:52:53.400Z,2026-09-29T10:52:53.520-06:00,93.661,7.1,73.0,0.0,15.3,wind_drone_20260929
2026-09-29T16:52:53.712Z,2026-09-29T16:52:53.600Z,2026-09-29T10:52:53.712-06:00,93.854,7.2,71.0,0.0,15.3,wind_drone_20260929
2026-09-29T16:52:53.919Z,2026-09-29T16:52:53.800Z,2026-09-29T10:52:53.919-06:00,94.061,7.2,72.0,0.0,15.3,wind_drone_20260929
2026-09-29T16:52:54.112Z,2026-09-29T16:52:54.000Z,2026-09-29T10:52:54.112-06:00,94.254,7.2,70.0,0.0,15.3,wind_drone_20260929
2026-09-29T16:52:54.319Z,2026-09-29T16:52:54.200Z,2026-09-29T10:52:54.319-06:00,94.461,7.2,70.0,0.0,15.3,wind_drone_20260929
2026-09-29T16:52:54.512Z,2026-09-29T16:52:54.400Z,2026-09-29T10:52:54.512-06:00,94.654,7.2,71.0,0.0,15.3,wind_drone_20260929
2026-09-29T16:52:54.719Z,2026-09-29T16:52:54.600Z,2026-09-29T10:52:54.719-06:00,94.861,7.2,71.0,0.0,15.3,wind_drone_20260929
2026-09-29T16:52:54.912Z,2026-09-29T16:52:54.800Z,2026-09-29T10:52:54.912-06:00,95.054,7.1,70.0,0.0,15.3,wind_drone_20260929
2026-09-29T16:52:55.119Z,2026-09-29T16:52:55.000Z,2026-09-29T10:52:55.119-06:00,95.261,7.0,71.0,0.0,15.3,wind_drone_20260929
2026-09-29T16:52:55.312Z,2026-09-29T16:52:55.200Z,2026-09-29T10:52:55.312-06:00,95.454,7.0,75.0,0.0,15.3,wind_drone_20260929
2026-09-29T16:52:55.519Z,2026-09-29T16:52:55.400Z,2026-09-29T10:52:55.519-06:00,95.661,7.0,76.0,0.0,15.3,wind_drone_20260929
2026-09-29T16:52:55.712Z,2026-09-29T16:52:55.600Z,2026-09-29T10:52:55.712-06:00,95.854,6.9,75.0,0.0,15.3,wind_drone_20260929
2026-09-29T16:52:55.919Z,2026-09-29T16:52:55.800Z,2026-09-29T10:52:55.919-06:00,96.061,6.9,75.0,0.0,15.3,wind_drone_20260929
2026-09-29T16:52:56.112Z,2026-09-29T16:52:56.000Z,2026-09-29T10:52:56.112-06:00,96.254,6.8,75.0,0.0,15.2,wind_drone_20260929
2026-09-29T16:52:56.319Z,2026-09-29T16:52:56.200Z,2026-09-29T10:52:56.319-06:00,96.46,6.8,76.0,0.0,15.2,wind_drone_20260929
2026-09-29T16:52:56.511Z,2026-09-29T16:52:56.400Z,2026-09-29T10:52:56.511-06:00,96.653,6.8,80.0,0.0,15.2,wind_drone_20260929
2026-09-29T16:52:56.719Z,2026-09-29T16:52:56.600Z,2026-09-29T10:52:56.719-06:00,96.86,6.7,78.0,0.0,15.2,wind_drone_20260929
2026-09-29T16:52:56.911Z,2026-09-29T16:52:56.800Z,2026-09-29T10:52:56.911-06:00,97.053,6.7,78.0,0.0,15.2,wind_drone_20260929
2026-09-29T16:52:57.118Z,2026-09-29T16:52:57.000Z,2026-09-29T10:52:57.118-06:00,97.26,6.6,77.0,0.0,15.2,wind_drone_20260929
2026-09-29T16:52:57.311Z,2026-09-29T16:52:57.200Z,2026-09-29T10:52:57.311-06:00,97.453,6.5,77.0,0.0,15.2,wind_drone_20260929
2026-09-29T16:52:57.518Z,2026-09-29T16:52:57.400Z,2026-09-29T10:52:57.518-06:00,97.66,6.3,71.0,0.0,15.2,wind_drone_20260929
2026-09-29T16:52:57.711Z,2026-09-29T16:52:57.600Z,2026-09-29T10:52:57.711-06:00,97.852,6.2,70.0,0.0,15.2,wind_drone_20260929
2026-09-29T16:52:57.918Z,2026-09-29T16:52:57.800Z,2026-09-29T10:52:57.918-06:00,98.06,6.1,76.0,0.0,15.2,wind_drone_20260929
2026-09-29T16:52:58.111Z,2026-09-29T16:52:58.000Z,2026-09-29T10:52:58.111-06:00,98.253,5.9,80.0,0.0,15.2,wind_drone_20260929
2026-09-29T16:52:58.318Z,2026-09-29T16:52:58.200Z,2026-09-29T10:52:58.318-06:00,98.46,5.8,81.0,0.0,15.2,wind_drone_20260929
2026-09-29T16:52:58.511Z,2026-09-29T16:52:58.400Z,2026-09-29T10:52:58.511-06:00,98.652,5.6,80.0,0.0,15.2,wind_drone_20260929
2026-09-29T16:52:58.718Z,2026-09-29T16:52:58.600Z,2026-09-29T10:52:58.718-06:00,98.859,5.6,78.0,0.0,15.2,wind_drone_20260929
2026-09-29T16:52:58.910Z,2026-09-29T16:52:58.800Z,2026-09-29T10:52:58.910-06:00,99.052,5.7,75.0,0.0,15.2,wind_drone_20260929
2026-09-29T16:52:59.118Z,2026-09-29T16:52:59.000Z,2026-09-29T10:52:59.118-06:00,99.259,5.8,76.0,0.0,15.2,wind_drone_20260929
2026-09-29T16:52:59.310Z,2026-09-29T16:52:59.200Z,2026-09-29T10:52:59.310-06:00,99.452,5.9,76.0,0.0,15.2,wind_drone_20260929
2026-09-29T16:52:59.518Z,2026-09-29T16:52:59.400Z,2026-09-29T10:52:59.518-06:00,99.66,6.1,72.0,0.0,15.2,wind_drone_20260929
2026-09-29T16:52:59.711Z,2026-09-29T16:52:59.600Z,2026-09-29T10:52:59.711-06:00,99.852,6.2,69.0,0.0,15.2,wind_drone_20260929
2026-09-29T16:52:59.917Z,2026-09-29T16:52:59.800Z,2026-09-29T10:52:59.917-06:00,100.059,6.3,66.0,0.0,15.2,wind_drone_20260929
2026-09-29T16:53:00.110Z,2026-09-29T16:53:00.000Z,2026-09-29T10:53:00.110-06:00,100.252,6.4,61.0,0.0,15.2,wind_drone_20260929
2026-09-29T16:53:00.317Z,2026-09-29T16:53:00.200Z,2026-09-29T10:53:00.317-06:00,100.459,6.4,60.0,0.0,15.2,wind_drone_20260929
2026-09-29T16:53:00.524Z,2026-09-29T16:53:00.400Z,2026-09-29T10:53:00.524-06:00,100.666,6.3,62.0,0.0,15.2,wind_drone_20260929
2026-09-29T16:53:00.717Z,2026-09-29T16:53:00.600Z,2026-09-29T10:53:00.717-06:00,100.859,6.3,64.0,0.0,15.2,wind_drone_20260929
2026-09-29T16:53:00.924Z,2026-09-29T16:53:00.800Z,2026-09-29T10:53:00.924-06:00,101.066,6.3,61.0,0.0,15.2,wind_drone_20260929
2026-09-29T16:53:01.117Z,2026-09-29T16:53:01.000Z,2026-09-29T10:53:01.117-06:00,101.258,6.2,62.0,0.0,15.2,wind_drone_20260929
2026-09-29T16:53:01.324Z,2026-09-29T16:53:01.200Z,2026-09-29T10:53:01.324-06:00,101.466,6.2,64.0,0.0,15.2,wind_drone_20260929
2026-09-29T16:53:01.517Z,2026-09-29T16:53:01.400Z,2026-09-29T10:53:01.517-06:00,101.658,6.2,65.0,0.0,15.2,wind_drone_20260929
2026-09-29T16:53:01.724Z,2026-09-29T16:53:01.600Z,2026-09-29T10:53:01.724-06:00,101.866,6.1,71.0,0.0,15.2,wind_drone_20260929
2026-09-29T16:53:01.916Z,2026-09-29T16:53:01.800Z,2026-09-29T10:53:01.916-06:00,102.058,6.1,67.0,0.0,15.2,wind_drone_20260929
2026-09-29T16:53:02.124Z,2026-09-29T16:53:02.000Z,2026-09-29T10:53:02.124-06:00,102.266,6.1,69.0,0.0,15.2,wind_drone_20260929
2026-09-29T16:53:02.316Z,2026-09-29T16:53:02.200Z,2026-09-29T10:53:02.316-06:00,102.458,6.1,73.0,0.0,15.2,wind_drone_20260929
2026-09-29T16:53:02.524Z,2026-09-29T16:53:02.400Z,2026-09-29T10:53:02.524-06:00,102.665,6.1,80.0,0.0,15.2,wind_drone_20260929
2026-09-29T16:53:02.716Z,2026-09-29T16:53:02.600Z,2026-09-29T10:53:02.716-06:00,102.858,6.1,81.0,0.0,15.2,wind_drone_20260929
2026-09-29T16:53:02.923Z,2026-09-29T16:53:02.800Z,2026-09-29T10:53:02.923-06:00,103.065,6.1,83.0,0.0,15.2,wind_drone_20260929
2026-09-29T16:53:03.116Z,2026-09-29T16:53:03.000Z,2026-09-29T10:53:03.116-06:00,103.258,6.2,89.0,0.0,15.2,wind_drone_20260929
2026-09-29T16:53:03.323Z,2026-09-29T16:53:03.200Z,2026-09-29T10:53:03.323-06:00,103.465,6.3,88.0,0.0,15.2,wind_drone_20260929
2026-09-29T16:53:03.516Z,2026-09-29T16:53:03.400Z,2026-09-29T10:53:03.516-06:00,103.658,6.4,90.0,0.0,15.2,wind_drone_20260929
2026-09-29T16:53:03.723Z,2026-09-29T16:53:03.600Z,2026-09-29T10:53:03.723-06:00,103.865,6.3,93.0,0.0,15.2,wind_drone_20260929
2026-09-29T16:53:03.916Z,2026-09-29T16:53:03.800Z,2026-09-29T10:53:03.916-06:00,104.058,6.3,92.0,0.0,15.2,wind_drone_20260929
2026-09-29T16:53:04.123Z,2026-09-29T16:53:04.000Z,2026-09-29T10:53:04.123-06:00,104.265,6.1,89.0,0.0,15.2,wind_drone_20260929
2026-09-29T16:53:04.316Z,2026-09-29T16:53:04.200Z,2026-09-29T10:53:04.316-06:00,104.458,6.1,87.0,0.0,15.2,wind_drone_20260929
2026-09-29T16:53:04.523Z,2026-09-29T16:53:04.400Z,2026-09-29T10:53:04.523-06:00,104.665,6.0,90.0,0.0,15.2,wind_drone_20260929
2026-09-29T16:53:04.715Z,2026-09-29T16:53:04.600Z,2026-09-29T10:53:04.715-06:00,104.857,5.8,88.0,0.0,15.2,wind_drone_20260929
2026-09-29T16:53:04.923Z,2026-09-29T16:53:04.800Z,2026-09-29T10:53:04.923-06:00,105.064,5.6,86.0,0.0,15.2,wind_drone_20260929
2026-09-29T16:53:05.116Z,2026-09-29T16:53:05.000Z,2026-09-29T10:53:05.116-06:00,105.258,5.5,87.0,0.0,15.2,wind_drone_20260929
2026-09-29T16:53:05.323Z,2026-09-29T16:53:05.200Z,2026-09-29T10:53:05.323-06:00,105.464,5.4,84.0,0.0,15.2,wind_drone_20260929
2026-09-29T16:53:05.515Z,2026-09-29T16:53:05.400Z,2026-09-29T10:53:05.515-06:00,105.657,5.4,89.0,0.0,15.2,wind_drone_20260929
2026-09-29T16:53:05.723Z,2026-09-29T16:53:05.600Z,2026-09-29T10:53:05.723-06:00,105.864,5.5,88.0,0.0,15.2,wind_drone_20260929
2026-09-29T16:53:05.915Z,2026-09-29T16:53:05.800Z,2026-09-29T10:53:05.915-06:00,106.057,5.6,88.0,0.0,15.2,wind_drone_20260929
2026-09-29T16:53:06.122Z,2026-09-29T16:53:06.000Z,2026-09-29T10:53:06.122-06:00,106.264,5.7,81.0,0.0,15.2,wind_drone_20260929
2026-09-29T16:53:06.315Z,2026-09-29T16:53:06.200Z,2026-09-29T10:53:06.315-06:00,106.457,5.8,75.0,0.0,15.2,wind_drone_20260929
2026-09-29T16:53:06.522Z,2026-09-29T16:53:06.400Z,2026-09-29T10:53:06.522-06:00,106.664,5.9,79.0,0.0,15.2,wind_drone_20260929
2026-09-29T16:53:06.715Z,2026-09-29T16:53:06.600Z,2026-09-29T10:53:06.715-06:00,106.857,6.0,83.0,0.0,15.2,wind_drone_20260929
2026-09-29T16:53:06.922Z,2026-09-29T16:53:06.800Z,2026-09-29T10:53:06.922-06:00,107.064,6.2,84.0,0.0,15.2,wind_drone_20260929
2026-09-29T16:53:07.115Z,2026-09-29T16:53:07.000Z,2026-09-29T10:53:07.115-06:00,107.256,6.2,80.0,0.0,15.2,wind_drone_20260929
2026-09-29T16:53:07.322Z,2026-09-29T16:53:07.200Z,2026-09-29T10:53:07.322-06:00,107.464,6.3,76.0,0.0,15.2,wind_drone_20260929
2026-09-29T16:53:07.515Z,2026-09-29T16:53:07.400Z,2026-09-29T10:53:07.515-06:00,107.656,6.4,77.0,0.0,15.2,wind_drone_20260929
2026-09-29T16:53:07.722Z,2026-09-29T16:53:07.600Z,2026-09-29T10:53:07.722-06:00,107.864,6.5,82.0,0.0,15.2,wind_drone_20260929
2026-09-29T16:53:07.914Z,2026-09-29T16:53:07.800Z,2026-09-29T10:53:07.914-06:00,108.056,6.5,77.0,0.0,15.2,wind_drone_20260929
2026-09-29T16:53:08.122Z,2026-09-29T16:53:08.000Z,2026-09-29T10:53:08.122-06:00,108.263,6.5,76.0,0.0,15.2,wind_drone_20260929
2026-09-29T16:53:08.314Z,2026-09-29T16:53:08.200Z,2026-09-29T10:53:08.314-06:00,108.456,6.4,72.0,0.0,15.2,wind_drone_20260929
2026-09-29T16:53:08.521Z,2026-09-29T16:53:08.400Z,2026-09-29T10:53:08.521-06:00,108.663,6.4,71.0,0.0,15.2,wind_drone_20260929
2026-09-29T16:53:08.714Z,2026-09-29T16:53:08.600Z,2026-09-29T10:53:08.714-06:00,108.856,6.3,68.0,0.0,15.2,wind_drone_20260929
2026-09-29T16:53:08.921Z,2026-09-29T16:53:08.800Z,2026-09-29T10:53:08.921-06:00,109.063,6.2,67.0,0.0,15.2,wind_drone_20260929
2026-09-29T16:53:09.114Z,2026-09-29T16:53:09.000Z,2026-09-29T10:53:09.114-06:00,109.256,6.1,65.0,0.0,15.2,wind_drone_20260929
2026-09-29T16:53:09.321Z,2026-09-29T16:53:09.200Z,2026-09-29T10:53:09.321-06:00,109.463,6.1,67.0,0.0,15.2,wind_drone_20260929
2026-09-29T16:53:09.514Z,2026-09-29T16:53:09.400Z,2026-09-29T10:53:09.514-06:00,109.656,6.1,65.0,0.0,15.2,wind_drone_20260929
2026-09-29T16:53:09.721Z,2026-09-29T16:53:09.600Z,2026-09-29T10:53:09.721-06:00,109.863,6.1,70.0,0.0,15.2,wind_drone_20260929
2026-09-29T16:53:09.914Z,2026-09-29T16:53:09.800Z,2026-09-29T10:53:09.914-06:00,110.056,6.1,72.0,0.0,15.2,wind_drone_20260929
2026-09-29T16:53:10.121Z,2026-09-29T16:53:10.000Z,2026-09-29T10:53:10.121-06:00,110.263,6.2,70.0,0.0,15.2,wind_drone_20260929
2026-09-29T16:53:10.313Z,2026-09-29T16:53:10.200Z,2026-09-29T10:53:10.313-06:00,110.455,6.2,69.0,0.0,15.2,wind_drone_20260929
2026-09-29T16:53:10.521Z,2026-09-29T16:53:10.400Z,2026-09-29T10:53:10.521-06:00,110.663,6.3,71.0,0.0,15.2,wind_drone_20260929
2026-09-29T16:53:10.713Z,2026-09-29T16:53:10.600Z,2026-09-29T10:53:10.713-06:00,110.855,6.4,74.0,0.0,15.2,wind_drone_20260929
2026-09-29T16:53:10.921Z,2026-09-29T16:53:10.800Z,2026-09-29T10:53:10.921-06:00,111.062,6.5,75.0,0.0,15.2,wind_drone_20260929
2026-09-29T16:53:11.113Z,2026-09-29T16:53:11.000Z,2026-09-29T10:53:11.113-06:00,111.255,6.5,77.0,0.0,15.2,wind_drone_20260929
2026-09-29T16:53:11.321Z,2026-09-29T16:53:11.200Z,2026-09-29T10:53:11.321-06:00,111.462,6.5,78.0,0.0,15.2,wind_drone_20260929
2026-09-29T16:53:11.513Z,2026-09-29T16:53:11.400Z,2026-09-29T10:53:11.513-06:00,111.655,6.6,80.0,0.0,15.2,wind_drone_20260929
2026-09-29T16:53:11.720Z,2026-09-29T16:53:11.600Z,2026-09-29T10:53:11.720-06:00,111.862,6.6,79.0,0.0,15.2,wind_drone_20260929
2026-09-29T16:53:11.913Z,2026-09-29T16:53:11.800Z,2026-09-29T10:53:11.913-06:00,112.055,6.5,75.0,0.0,15.2,wind_drone_20260929
2026-09-29T16:53:12.120Z,2026-09-29T16:53:12.000Z,2026-09-29T10:53:12.120-06:00,112.262,6.5,74.0,0.0,15.2,wind_drone_20260929
2026-09-29T16:53:12.313Z,2026-09-29T16:53:12.200Z,2026-09-29T10:53:12.313-06:00,112.454,6.4,74.0,0.0,15.2,wind_drone_20260929
2026-09-29T16:53:12.520Z,2026-09-29T16:53:12.400Z,2026-09-29T10:53:12.520-06:00,112.662,6.3,74.0,0.0,15.2,wind_drone_20260929
2026-09-29T16:53:12.713Z,2026-09-29T16:53:12.600Z,2026-09-29T10:53:12.713-06:00,112.855,6.3,76.0,0.0,15.2,wind_drone_20260929
2026-09-29T16:53:12.920Z,2026-09-29T16:53:12.800Z,2026-09-29T10:53:12.920-06:00,113.062,6.2,78.0,0.0,15.2,wind_drone_20260929
2026-09-29T16:53:13.113Z,2026-09-29T16:53:13.000Z,2026-09-29T10:53:13.113-06:00,113.255,6.1,79.0,0.0,15.2,wind_drone_20260929
2026-09-29T16:53:13.320Z,2026-09-29T16:53:13.200Z,2026-09-29T10:53:13.320-06:00,113.462,6.0,80.0,0.0,15.2,wind_drone_20260929
2026-09-29T16:53:13.513Z,2026-09-29T16:53:13.400Z,2026-09-29T10:53:13.513-06:00,113.654,6.1,81.0,0.0,15.2,wind_drone_20260929
2026-09-29T16:53:13.720Z,2026-09-29T16:53:13.600Z,2026-09-29T10:53:13.720-06:00,113.861,6.0,80.0,0.0,15.2,wind_drone_20260929
2026-09-29T16:53:13.913Z,2026-09-29T16:53:13.800Z,2026-09-29T10:53:13.913-06:00,114.054,6.0,79.0,0.0,15.2,wind_drone_20260929
2026-09-29T16:53:14.120Z,2026-09-29T16:53:14.000Z,2026-09-29T10:53:14.120-06:00,114.261,6.1,81.0,0.0,15.2,wind_drone_20260929
2026-09-29T16:53:14.313Z,2026-09-29T16:53:14.200Z,2026-09-29T10:53:14.313-06:00,114.454,6.1,83.0,0.0,15.2,wind_drone_20260929
2026-09-29T16:53:14.519Z,2026-09-29T16:53:14.400Z,2026-09-29T10:53:14.519-06:00,114.661,6.1,86.0,0.0,15.2,wind_drone_20260929
2026-09-29T16:53:14.712Z,2026-09-29T16:53:14.600Z,2026-09-29T10:53:14.712-06:00,114.854,6.2,82.0,0.0,15.2,wind_drone_20260929
2026-09-29T16:53:14.919Z,2026-09-29T16:53:14.800Z,2026-09-29T10:53:14.919-06:00,115.061,6.2,82.0,0.0,15.2,wind_drone_20260929
2026-09-29T16:53:15.112Z,2026-09-29T16:53:15.000Z,2026-09-29T10:53:15.112-06:00,115.254,6.2,87.0,0.0,15.2,wind_drone_20260929
2026-09-29T16:53:15.319Z,2026-09-29T16:53:15.200Z,2026-09-29T10:53:15.319-06:00,115.461,6.3,79.0,0.0,15.2,wind_drone_20260929
2026-09-29T16:53:15.512Z,2026-09-29T16:53:15.400Z,2026-09-29T10:53:15.512-06:00,115.654,6.4,77.0,0.0,15.2,wind_drone_20260929
2026-09-29T16:53:15.719Z,2026-09-29T16:53:15.600Z,2026-09-29T10:53:15.719-06:00,115.861,6.4,80.0,0.0,15.2,wind_drone_20260929
2026-09-29T16:53:15.912Z,2026-09-29T16:53:15.800Z,2026-09-29T10:53:15.912-06:00,116.053,6.4,79.0,0.0,15.2,wind_drone_20260929
2026-09-29T16:53:16.119Z,2026-09-29T16:53:16.000Z,2026-09-29T10:53:16.119-06:00,116.26,6.5,79.0,0.0,15.2,wind_drone_20260929
2026-09-29T16:53:16.312Z,2026-09-29T16:53:16.200Z,2026-09-29T10:53:16.312-06:00,116.454,6.6,80.0,0.0,15.2,wind_drone_20260929
2026-09-29T16:53:16.519Z,2026-09-29T16:53:16.400Z,2026-09-29T10:53:16.519-06:00,116.66,6.7,79.0,0.0,15.2,wind_drone_20260929
2026-09-29T16:53:16.711Z,2026-09-29T16:53:16.600Z,2026-09-29T10:53:16.711-06:00,116.853,6.8,76.0,0.0,15.2,wind_drone_20260929
2026-09-29T16:53:16.919Z,2026-09-29T16:53:16.800Z,2026-09-29T10:53:16.919-06:00,117.061,6.8,75.0,0.0,15.2,wind_drone_20260929
2026-09-29T16:53:17.111Z,2026-09-29T16:53:17.000Z,2026-09-29T10:53:17.111-06:00,117.253,6.8,79.0,0.0,15.2,wind_drone_20260929
2026-09-29T16:53:17.319Z,2026-09-29T16:53:17.200Z,2026-09-29T10:53:17.319-06:00,117.46,6.7,78.0,0.0,15.2,wind_drone_20260929
2026-09-29T16:53:17.511Z,2026-09-29T16:53:17.400Z,2026-09-29T10:53:17.511-06:00,117.653,6.8,76.0,0.0,15.2,wind_drone_20260929
2026-09-29T16:53:17.719Z,2026-09-29T16:53:17.600Z,2026-09-29T10:53:17.719-06:00,117.86,6.7,77.0,0.0,15.2,wind_drone_20260929
2026-09-29T16:53:17.911Z,2026-09-29T16:53:17.800Z,2026-09-29T10:53:17.911-06:00,118.053,6.7,76.0,0.0,15.2,wind_drone_20260929
2026-09-29T16:53:18.118Z,2026-09-29T16:53:18.000Z,2026-09-29T10:53:18.118-06:00,118.26,6.6,81.0,0.0,15.2,wind_drone_20260929
2026-09-29T16:53:18.311Z,2026-09-29T16:53:18.200Z,2026-09-29T10:53:18.311-06:00,118.452,6.6,78.0,0.0,15.2,wind_drone_20260929
2026-09-29T16:53:18.518Z,2026-09-29T16:53:18.400Z,2026-09-29T10:53:18.518-06:00,118.66,6.6,79.0,0.0,15.2,wind_drone_20260929
2026-09-29T16:53:18.711Z,2026-09-29T16:53:18.600Z,2026-09-29T10:53:18.711-06:00,118.853,6.6,78.0,0.0,15.2,wind_drone_20260929
2026-09-29T16:53:18.918Z,2026-09-29T16:53:18.800Z,2026-09-29T10:53:18.918-06:00,119.06,6.6,81.0,0.0,15.2,wind_drone_20260929
2026-09-29T16:53:19.111Z,2026-09-29T16:53:19.000Z,2026-09-29T10:53:19.111-06:00,119.252,6.6,82.0,0.0,15.2,wind_drone_20260929
2026-09-29T16:53:19.318Z,2026-09-29T16:53:19.200Z,2026-09-29T10:53:19.318-06:00,119.46,6.7,81.0,0.0,15.2,wind_drone_20260929
2026-09-29T16:53:19.510Z,2026-09-29T16:53:19.400Z,2026-09-29T10:53:19.510-06:00,119.652,6.7,77.0,0.0,15.2,wind_drone_20260929
2026-09-29T16:53:19.718Z,2026-09-29T16:53:19.600Z,2026-09-29T10:53:19.718-06:00,119.859,6.8,78.0,0.0,15.1,wind_drone_20260929
2026-09-29T16:53:19.910Z,2026-09-29T16:53:19.800Z,2026-09-29T10:53:19.910-06:00,120.052,6.8,77.0,0.0,15.1,wind_drone_20260929
2026-09-29T16:53:20.118Z,2026-09-29T16:53:20.000Z,2026-09-29T10:53:20.118-06:00,120.259,6.9,79.0,0.0,15.1,wind_drone_20260929
2026-09-29T16:53:20.310Z,2026-09-29T16:53:20.200Z,2026-09-29T10:53:20.310-06:00,120.452,6.9,81.0,0.0,15.1,wind_drone_20260929
2026-09-29T16:53:20.517Z,2026-09-29T16:53:20.400Z,2026-09-29T10:53:20.517-06:00,120.659,6.9,81.0,0.0,15.1,wind_drone_20260929
2026-09-29T16:53:20.711Z,2026-09-29T16:53:20.600Z,2026-09-29T10:53:20.711-06:00,120.852,6.8,80.0,0.0,15.1,wind_drone_20260929
2026-09-29T16:53:20.917Z,2026-09-29T16:53:20.800Z,2026-09-29T10:53:20.917-06:00,121.059,6.7,79.0,0.0,15.1,wind_drone_20260929
2026-09-29T16:53:21.110Z,2026-09-29T16:53:21.000Z,2026-09-29T10:53:21.110-06:00,121.252,6.6,79.0,0.0,15.1,wind_drone_20260929
2026-09-29T16:53:21.317Z,2026-09-29T16:53:21.200Z,2026-09-29T10:53:21.317-06:00,121.459,6.6,79.0,0.0,15.1,wind_drone_20260929
2026-09-29T16:53:21.524Z,2026-09-29T16:53:21.400Z,2026-09-29T10:53:21.524-06:00,121.666,6.5,82.0,0.0,15.1,wind_drone_20260929
2026-09-29T16:53:21.717Z,2026-09-29T16:53:21.600Z,2026-09-29T10:53:21.717-06:00,121.859,6.5,82.0,0.0,15.1,wind_drone_20260929
2026-09-29T16:53:21.924Z,2026-09-29T16:53:21.800Z,2026-09-29T10:53:21.924-06:00,122.066,6.4,80.0,0.0,15.1,wind_drone_20260929
2026-09-29T16:53:22.117Z,2026-09-29T16:53:22.000Z,2026-09-29T10:53:22.117-06:00,122.259,6.4,80.0,0.0,15.1,wind_drone_20260929
2026-09-29T16:53:22.324Z,2026-09-29T16:53:22.200Z,2026-09-29T10:53:22.324-06:00,122.466,6.3,80.0,0.0,15.1,wind_drone_20260929
2026-09-29T16:53:22.517Z,2026-09-29T16:53:22.400Z,2026-09-29T10:53:22.517-06:00,122.658,6.3,81.0,0.0,15.1,wind_drone_20260929
2026-09-29T16:53:22.724Z,2026-09-29T16:53:22.600Z,2026-09-29T10:53:22.724-06:00,122.865,6.2,80.0,0.0,15.1,wind_drone_20260929
2026-09-29T16:53:22.917Z,2026-09-29T16:53:22.800Z,2026-09-29T10:53:22.917-06:00,123.058,6.1,84.0,0.0,15.1,wind_drone_20260929
2026-09-29T16:53:23.124Z,2026-09-29T16:53:23.000Z,2026-09-29T10:53:23.124-06:00,123.265,6.1,82.0,0.0,15.1,wind_drone_20260929
2026-09-29T16:53:23.316Z,2026-09-29T16:53:23.200Z,2026-09-29T10:53:23.316-06:00,123.458,6.0,79.0,0.0,15.1,wind_drone_20260929
2026-09-29T16:53:23.524Z,2026-09-29T16:53:23.400Z,2026-09-29T10:53:23.524-06:00,123.665,5.9,80.0,0.0,15.1,wind_drone_20260929
2026-09-29T16:53:23.716Z,2026-09-29T16:53:23.600Z,2026-09-29T10:53:23.716-06:00,123.858,5.9,82.0,0.0,15.1,wind_drone_20260929
2026-09-29T16:53:23.923Z,2026-09-29T16:53:23.800Z,2026-09-29T10:53:23.923-06:00,124.065,6.0,84.0,0.0,15.1,wind_drone_20260929
2026-09-29T16:53:24.116Z,2026-09-29T16:53:24.000Z,2026-09-29T10:53:24.116-06:00,124.258,6.1,83.0,0.0,15.1,wind_drone_20260929
2026-09-29T16:53:24.323Z,2026-09-29T16:53:24.200Z,2026-09-29T10:53:24.323-06:00,124.465,6.2,87.0,0.0,15.1,wind_drone_20260929
2026-09-29T16:53:24.516Z,2026-09-29T16:53:24.400Z,2026-09-29T10:53:24.516-06:00,124.658,6.3,86.0,0.0,15.1,wind_drone_20260929
2026-09-29T16:53:24.723Z,2026-09-29T16:53:24.600Z,2026-09-29T10:53:24.723-06:00,124.865,6.3,85.0,0.0,15.1,wind_drone_20260929
2026-09-29T16:53:24.916Z,2026-09-29T16:53:24.800Z,2026-09-29T10:53:24.916-06:00,125.057,6.3,80.0,0.0,15.1,wind_drone_20260929
2026-09-29T16:53:25.123Z,2026-09-29T16:53:25.000Z,2026-09-29T10:53:25.123-06:00,125.265,6.4,77.0,0.0,15.1,wind_drone_20260929
2026-09-29T16:53:25.316Z,2026-09-29T16:53:25.200Z,2026-09-29T10:53:25.316-06:00,125.457,6.5,77.0,0.0,15.1,wind_drone_20260929
2026-09-29T16:53:25.523Z,2026-09-29T16:53:25.400Z,2026-09-29T10:53:25.523-06:00,125.664,6.6,77.0,0.0,15.1,wind_drone_20260929
2026-09-29T16:53:25.716Z,2026-09-29T16:53:25.600Z,2026-09-29T10:53:25.716-06:00,125.857,6.6,78.0,0.0,15.1,wind_drone_20260929
2026-09-29T16:53:25.923Z,2026-09-29T16:53:25.800Z,2026-09-29T10:53:25.923-06:00,126.064,6.6,79.0,0.0,15.1,wind_drone_20260929
2026-09-29T16:53:26.115Z,2026-09-29T16:53:26.000Z,2026-09-29T10:53:26.115-06:00,126.257,6.6,79.0,0.0,15.1,wind_drone_20260929
2026-09-29T16:53:26.323Z,2026-09-29T16:53:26.200Z,2026-09-29T10:53:26.323-06:00,126.464,6.6,79.0,0.0,15.1,wind_drone_20260929
2026-09-29T16:53:26.515Z,2026-09-29T16:53:26.400Z,2026-09-29T10:53:26.515-06:00,126.657,6.6,74.0,0.0,15.1,wind_drone_20260929
2026-09-29T16:53:26.722Z,2026-09-29T16:53:26.600Z,2026-09-29T10:53:26.722-06:00,126.864,6.6,74.0,0.0,15.1,wind_drone_20260929
2026-09-29T16:53:26.915Z,2026-09-29T16:53:26.800Z,2026-09-29T10:53:26.915-06:00,127.057,6.6,77.0,0.0,15.1,wind_drone_20260929
2026-09-29T16:53:27.122Z,2026-09-29T16:53:27.000Z,2026-09-29T10:53:27.122-06:00,127.264,6.5,76.0,0.0,15.1,wind_drone_20260929
2026-09-29T16:53:27.315Z,2026-09-29T16:53:27.200Z,2026-09-29T10:53:27.315-06:00,127.457,6.5,74.0,0.0,15.1,wind_drone_20260929
2026-09-29T16:53:27.522Z,2026-09-29T16:53:27.400Z,2026-09-29T10:53:27.522-06:00,127.664,6.5,73.0,0.0,15.1,wind_drone_20260929
2026-09-29T16:53:27.715Z,2026-09-29T16:53:27.600Z,2026-09-29T10:53:27.715-06:00,127.856,6.5,75.0,0.0,15.1,wind_drone_20260929
2026-09-29T16:53:27.922Z,2026-09-29T16:53:27.800Z,2026-09-29T10:53:27.922-06:00,128.064,6.4,74.0,0.0,15.1,wind_drone_20260929
2026-09-29T16:53:28.115Z,2026-09-29T16:53:28.000Z,2026-09-29T10:53:28.115-06:00,128.256,6.4,74.0,0.0,15.1,wind_drone_20260929
2026-09-29T16:53:28.322Z,2026-09-29T16:53:28.200Z,2026-09-29T10:53:28.322-06:00,128.464,6.3,77.0,0.0,15.1,wind_drone_20260929
2026-09-29T16:53:28.515Z,2026-09-29T16:53:28.400Z,2026-09-29T10:53:28.515-06:00,128.656,6.2,74.0,0.0,15.1,wind_drone_20260929
2026-09-29T16:53:28.722Z,2026-09-29T16:53:28.600Z,2026-09-29T10:53:28.722-06:00,128.863,6.1,76.0,0.0,15.1,wind_drone_20260929
2026-09-29T16:53:28.914Z,2026-09-29T16:53:28.800Z,2026-09-29T10:53:28.914-06:00,129.056,6.1,76.0,0.0,15.1,wind_drone_20260929
2026-09-29T16:53:29.122Z,2026-09-29T16:53:29.000Z,2026-09-29T10:53:29.122-06:00,129.263,6.1,78.0,0.0,15.1,wind_drone_20260929
2026-09-29T16:53:29.314Z,2026-09-29T16:53:29.200Z,2026-09-29T10:53:29.314-06:00,129.456,6.2,85.0,0.0,15.1,wind_drone_20260929
2026-09-29T16:53:29.521Z,2026-09-29T16:53:29.400Z,2026-09-29T10:53:29.521-06:00,129.663,6.3,85.0,0.0,15.1,wind_drone_20260929
2026-09-29T16:53:29.714Z,2026-09-29T16:53:29.600Z,2026-09-29T10:53:29.714-06:00,129.856,6.4,80.0,0.0,15.1,wind_drone_20260929
2026-09-29T16:53:29.921Z,2026-09-29T16:53:29.800Z,2026-09-29T10:53:29.921-06:00,130.063,6.4,81.0,0.0,15.1,wind_drone_20260929
2026-09-29T16:53:30.114Z,2026-09-29T16:53:30.000Z,2026-09-29T10:53:30.114-06:00,130.256,6.4,81.0,0.0,15.1,wind_drone_20260929
2026-09-29T16:53:30.321Z,2026-09-29T16:53:30.200Z,2026-09-29T10:53:30.321-06:00,130.463,6.5,81.0,0.0,15.1,wind_drone_20260929
2026-09-29T16:53:30.514Z,2026-09-29T16:53:30.400Z,2026-09-29T10:53:30.514-06:00,130.655,6.6,84.0,0.0,15.1,wind_drone_20260929
2026-09-29T16:53:30.721Z,2026-09-29T16:53:30.600Z,2026-09-29T10:53:30.721-06:00,130.863,6.5,83.0,0.0,15.1,wind_drone_20260929
2026-09-29T16:53:30.914Z,2026-09-29T16:53:30.800Z,2026-09-29T10:53:30.914-06:00,131.056,6.5,85.0,0.0,15.1,wind_drone_20260929
2026-09-29T16:53:31.121Z,2026-09-29T16:53:31.000Z,2026-09-29T10:53:31.121-06:00,131.263,6.6,83.0,0.0,15.1,wind_drone_20260929
2026-09-29T16:53:31.314Z,2026-09-29T16:53:31.200Z,2026-09-29T10:53:31.314-06:00,131.455,6.6,74.0,0.0,15.1,wind_drone_20260929
2026-09-29T16:53:31.521Z,2026-09-29T16:53:31.400Z,2026-09-29T10:53:31.521-06:00,131.662,6.6,71.0,0.0,15.1,wind_drone_20260929
2026-09-29T16:53:31.714Z,2026-09-29T16:53:31.600Z,2026-09-29T10:53:31.714-06:00,131.855,6.7,71.0,0.0,15.1,wind_drone_20260929
2026-09-29T16:53:31.921Z,2026-09-29T16:53:31.800Z,2026-09-29T10:53:31.921-06:00,132.062,6.7,65.0,0.0,15.1,wind_drone_20260929
2026-09-29T16:53:32.113Z,2026-09-29T16:53:32.000Z,2026-09-29T10:53:32.113-06:00,132.255,6.6,62.0,0.0,15.1,wind_drone_20260929
2026-09-29T16:53:32.321Z,2026-09-29T16:53:32.200Z,2026-09-29T10:53:32.321-06:00,132.462,6.6,64.0,0.0,15.1,wind_drone_20260929
2026-09-29T16:53:32.513Z,2026-09-29T16:53:32.400Z,2026-09-29T10:53:32.513-06:00,132.655,6.6,64.0,0.0,15.1,wind_drone_20260929
2026-09-29T16:53:32.720Z,2026-09-29T16:53:32.600Z,2026-09-29T10:53:32.720-06:00,132.862,6.5,61.0,0.0,15.1,wind_drone_20260929
2026-09-29T16:53:32.913Z,2026-09-29T16:53:32.800Z,2026-09-29T10:53:32.913-06:00,133.055,6.4,57.0,0.0,15.1,wind_drone_20260929
2026-09-29T16:53:33.120Z,2026-09-29T16:53:33.000Z,2026-09-29T10:53:33.120-06:00,133.262,6.4,57.0,0.0,15.1,wind_drone_20260929
2026-09-29T16:53:33.313Z,2026-09-29T16:53:33.200Z,2026-09-29T10:53:33.313-06:00,133.455,6.3,63.0,0.0,15.1,wind_drone_20260929
2026-09-29T16:53:33.520Z,2026-09-29T16:53:33.400Z,2026-09-29T10:53:33.520-06:00,133.662,6.3,65.0,0.0,15.1,wind_drone_20260929
2026-09-29T16:53:33.713Z,2026-09-29T16:53:33.600Z,2026-09-29T10:53:33.713-06:00,133.855,6.3,63.0,0.0,15.1,wind_drone_20260929
2026-09-29T16:53:33.920Z,2026-09-29T16:53:33.800Z,2026-09-29T10:53:33.920-06:00,134.062,6.3,62.0,0.0,15.1,wind_drone_20260929
2026-09-29T16:53:34.112Z,2026-09-29T16:53:34.000Z,2026-09-29T10:53:34.112-06:00,134.254,6.4,61.0,0.0,15.1,wind_drone_20260929
2026-09-29T16:53:34.320Z,2026-09-29T16:53:34.200Z,2026-09-29T10:53:34.320-06:00,134.462,6.5,63.0,0.0,15.1,wind_drone_20260929
2026-09-29T16:53:34.513Z,2026-09-29T16:53:34.400Z,2026-09-29T10:53:34.513-06:00,134.654,6.5,58.0,0.0,15.1,wind_drone_20260929
2026-09-29T16:53:34.720Z,2026-09-29T16:53:34.600Z,2026-09-29T10:53:34.720-06:00,134.861,6.7,58.0,0.0,15.1,wind_drone_20260929
2026-09-29T16:53:34.912Z,2026-09-29T16:53:34.800Z,2026-09-29T10:53:34.912-06:00,135.054,6.8,58.0,0.0,15.1,wind_drone_20260929
2026-09-29T16:53:35.120Z,2026-09-29T16:53:35.000Z,2026-09-29T10:53:35.120-06:00,135.261,6.8,57.0,0.0,15.1,wind_drone_20260929
2026-09-29T16:53:35.312Z,2026-09-29T16:53:35.200Z,2026-09-29T10:53:35.312-06:00,135.454,7.1,58.0,0.0,15.1,wind_drone_20260929
2026-09-29T16:53:35.519Z,2026-09-29T16:53:35.400Z,2026-09-29T10:53:35.519-06:00,135.661,7.2,55.0,0.0,15.1,wind_drone_20260929
2026-09-29T16:53:35.712Z,2026-09-29T16:53:35.600Z,2026-09-29T10:53:35.712-06:00,135.854,7.2,52.0,0.0,15.1,wind_drone_20260929
2026-09-29T16:53:35.920Z,2026-09-29T16:53:35.800Z,2026-09-29T10:53:35.920-06:00,136.061,7.1,47.0,0.0,15.1,wind_drone_20260929
2026-09-29T16:53:36.112Z,2026-09-29T16:53:36.000Z,2026-09-29T10:53:36.112-06:00,136.254,7.1,47.0,0.0,15.1,wind_drone_20260929
2026-09-29T16:53:36.319Z,2026-09-29T16:53:36.200Z,2026-09-29T10:53:36.319-06:00,136.461,7.2,51.0,0.0,15.1,wind_drone_20260929
2026-09-29T16:53:36.512Z,2026-09-29T16:53:36.400Z,2026-09-29T10:53:36.512-06:00,136.654,7.3,53.0,0.0,15.1,wind_drone_20260929
2026-09-29T16:53:36.719Z,2026-09-29T16:53:36.600Z,2026-09-29T10:53:36.719-06:00,136.861,7.5,50.0,0.0,15.1,wind_drone_20260929
2026-09-29T16:53:36.912Z,2026-09-29T16:53:36.800Z,2026-09-29T10:53:36.912-06:00,137.053,7.5,46.0,0.0,15.1,wind_drone_20260929
2026-09-29T16:53:37.119Z,2026-09-29T16:53:37.000Z,2026-09-29T10:53:37.119-06:00,137.261,7.5,45.0,0.0,15.1,wind_drone_20260929
2026-09-29T16:53:37.312Z,2026-09-29T16:53:37.200Z,2026-09-29T10:53:37.312-06:00,137.453,7.5,47.0,0.0,15.1,wind_drone_20260929
2026-09-29T16:53:37.519Z,2026-09-29T16:53:37.400Z,2026-09-29T10:53:37.519-06:00,137.66,7.5,54.0,0.0,15.1,wind_drone_20260929
2026-09-29T16:53:37.712Z,2026-09-29T16:53:37.600Z,2026-09-29T10:53:37.712-06:00,137.854,7.5,60.0,0.0,15.1,wind_drone_20260929
2026-09-29T16:53:37.918Z,2026-09-29T16:53:37.800Z,2026-09-29T10:53:37.918-06:00,138.06,7.4,60.0,0.0,15.1,wind_drone_20260929
2026-09-29T16:53:38.112Z,2026-09-29T16:53:38.000Z,2026-09-29T10:53:38.112-06:00,138.253,7.4,61.0,0.0,15.1,wind_drone_20260929
2026-09-29T16:53:38.318Z,2026-09-29T16:53:38.200Z,2026-09-29T10:53:38.318-06:00,138.46,7.3,63.0,0.0,15.1,wind_drone_20260929
2026-09-29T16:53:38.512Z,2026-09-29T16:53:38.400Z,2026-09-29T10:53:38.512-06:00,138.653,7.2,59.0,0.0,15.1,wind_drone_20260929
2026-09-29T16:53:38.718Z,2026-09-29T16:53:38.600Z,2026-09-29T10:53:38.718-06:00,138.86,7.2,57.0,0.0,15.1,wind_drone_20260929
2026-09-29T16:53:38.911Z,2026-09-29T16:53:38.800Z,2026-09-29T10:53:38.911-06:00,139.053,7.1,62.0,0.0,15.1,wind_drone_20260929
2026-09-29T16:53:39.118Z,2026-09-29T16:53:39.000Z,2026-09-29T10:53:39.118-06:00,139.26,7.1,63.0,0.0,15.1,wind_drone_20260929
2026-09-29T16:53:39.311Z,2026-09-29T16:53:39.200Z,2026-09-29T10:53:39.311-06:00,139.452,7.0,65.0,0.0,15.1,wind_drone_20260929
2026-09-29T16:53:39.518Z,2026-09-29T16:53:39.400Z,2026-09-29T10:53:39.518-06:00,139.66,6.8,62.0,0.0,15.1,wind_drone_20260929
2026-09-29T16:53:39.711Z,2026-09-29T16:53:39.600Z,2026-09-29T10:53:39.711-06:00,139.853,6.7,62.0,0.0,15.1,wind_drone_20260929
2026-09-29T16:53:39.918Z,2026-09-29T16:53:39.800Z,2026-09-29T10:53:39.918-06:00,140.059,6.5,61.0,0.0,15.1,wind_drone_20260929
2026-09-29T16:53:40.111Z,2026-09-29T16:53:40.000Z,2026-09-29T10:53:40.111-06:00,140.253,6.3,61.0,0.0,15.1,wind_drone_20260929
2026-09-29T16:53:40.318Z,2026-09-29T16:53:40.200Z,2026-09-29T10:53:40.318-06:00,140.459,6.2,67.0,0.0,15.1,wind_drone_20260929
2026-09-29T16:53:40.511Z,2026-09-29T16:53:40.400Z,2026-09-29T10:53:40.511-06:00,140.653,6.2,64.0,0.0,15.1,wind_drone_20260929
2026-09-29T16:53:40.718Z,2026-09-29T16:53:40.600Z,2026-09-29T10:53:40.718-06:00,140.859,6.1,60.0,0.0,15.1,wind_drone_20260929
2026-09-29T16:53:40.911Z,2026-09-29T16:53:40.800Z,2026-09-29T10:53:40.911-06:00,141.052,6.0,59.0,0.0,15.1,wind_drone_20260929
2026-09-29T16:53:41.117Z,2026-09-29T16:53:41.000Z,2026-09-29T10:53:41.117-06:00,141.259,5.9,66.0,0.0,15.1,wind_drone_20260929
2026-09-29T16:53:41.311Z,2026-09-29T16:53:41.200Z,2026-09-29T10:53:41.311-06:00,141.452,5.8,67.0,0.0,15.1,wind_drone_20260929
2026-09-29T16:53:41.518Z,2026-09-29T16:53:41.400Z,2026-09-29T10:53:41.518-06:00,141.659,5.7,65.0,0.0,15.1,wind_drone_20260929
2026-09-29T16:53:41.710Z,2026-09-29T16:53:41.600Z,2026-09-29T10:53:41.710-06:00,141.852,5.7,61.0,0.0,15.1,wind_drone_20260929
2026-09-29T16:53:41.917Z,2026-09-29T16:53:41.800Z,2026-09-29T10:53:41.917-06:00,142.059,5.7,57.0,0.0,15.1,wind_drone_20260929
2026-09-29T16:53:42.110Z,2026-09-29T16:53:42.000Z,2026-09-29T10:53:42.110-06:00,142.252,5.6,58.0,0.0,15.1,wind_drone_20260929
2026-09-29T16:53:42.317Z,2026-09-29T16:53:42.200Z,2026-09-29T10:53:42.317-06:00,142.459,5.6,56.0,0.0,15.1,wind_drone_20260929
2026-09-29T16:53:42.524Z,2026-09-29T16:53:42.400Z,2026-09-29T10:53:42.524-06:00,142.666,5.6,52.0,0.0,15.1,wind_drone_20260929
2026-09-29T16:53:42.717Z,2026-09-29T16:53:42.600Z,2026-09-29T10:53:42.717-06:00,142.859,5.7,47.0,0.0,15.1,wind_drone_20260929
2026-09-29T16:53:42.924Z,2026-09-29T16:53:42.800Z,2026-09-29T10:53:42.924-06:00,143.066,5.8,45.0,0.0,15.1,wind_drone_20260929
2026-09-29T16:53:43.117Z,2026-09-29T16:53:43.000Z,2026-09-29T10:53:43.117-06:00,143.258,5.9,45.0,0.0,15.1,wind_drone_20260929
2026-09-29T16:53:43.324Z,2026-09-29T16:53:43.200Z,2026-09-29T10:53:43.324-06:00,143.466,6.0,43.0,0.0,15.1,wind_drone_20260929
2026-09-29T16:53:43.517Z,2026-09-29T16:53:43.400Z,2026-09-29T10:53:43.517-06:00,143.658,6.1,42.0,0.0,15.1,wind_drone_20260929
2026-09-29T16:53:43.724Z,2026-09-29T16:53:43.600Z,2026-09-29T10:53:43.724-06:00,143.865,6.2,41.0,0.0,15.1,wind_drone_20260929
2026-09-29T16:53:43.917Z,2026-09-29T16:53:43.800Z,2026-09-29T10:53:43.917-06:00,144.058,6.3,43.0,0.0,15.1,wind_drone_20260929
2026-09-29T16:53:44.124Z,2026-09-29T16:53:44.000Z,2026-09-29T10:53:44.124-06:00,144.265,6.5,53.0,0.0,15.1,wind_drone_20260929
2026-09-29T16:53:44.316Z,2026-09-29T16:53:44.200Z,2026-09-29T10:53:44.316-06:00,144.458,6.5,51.0,0.0,15.1,wind_drone_20260929
2026-09-29T16:53:44.523Z,2026-09-29T16:53:44.400Z,2026-09-29T10:53:44.523-06:00,144.665,6.5,41.0,0.0,15.1,wind_drone_20260929
2026-09-29T16:53:44.716Z,2026-09-29T16:53:44.600Z,2026-09-29T10:53:44.716-06:00,144.858,6.5,34.0,0.0,15.1,wind_drone_20260929
2026-09-29T16:53:44.923Z,2026-09-29T16:53:44.800Z,2026-09-29T10:53:44.923-06:00,145.065,6.4,34.0,0.0,15.1,wind_drone_20260929
2026-09-29T16:53:45.116Z,2026-09-29T16:53:45.000Z,2026-09-29T10:53:45.116-06:00,145.258,6.4,39.0,0.0,15.1,wind_drone_20260929
2026-09-29T16:53:45.323Z,2026-09-29T16:53:45.200Z,2026-09-29T10:53:45.323-06:00,145.465,6.4,49.0,0.0,15.1,wind_drone_20260929
2026-09-29T16:53:45.516Z,2026-09-29T16:53:45.400Z,2026-09-29T10:53:45.516-06:00,145.658,6.2,57.0,0.0,15.1,wind_drone_20260929
2026-09-29T16:53:45.723Z,2026-09-29T16:53:45.600Z,2026-09-29T10:53:45.723-06:00,145.865,6.1,54.0,0.0,15.1,wind_drone_20260929
2026-09-29T16:53:45.916Z,2026-09-29T16:53:45.800Z,2026-09-29T10:53:45.916-06:00,146.058,5.9,54.0,0.0,15.1,wind_drone_20260929
2026-09-29T16:53:46.123Z,2026-09-29T16:53:46.000Z,2026-09-29T10:53:46.123-06:00,146.265,5.8,51.0,0.0,15.1,wind_drone_20260929
2026-09-29T16:53:46.316Z,2026-09-29T16:53:46.200Z,2026-09-29T10:53:46.316-06:00,146.457,5.8,57.0,0.0,15.1,wind_drone_20260929
2026-09-29T16:53:46.523Z,2026-09-29T16:53:46.400Z,2026-09-29T10:53:46.523-06:00,146.665,5.8,60.0,0.0,15.1,wind_drone_20260929
2026-09-29T16:53:46.716Z,2026-09-29T16:53:46.600Z,2026-09-29T10:53:46.716-06:00,146.857,5.8,62.0,0.0,15.1,wind_drone_20260929
2026-09-29T16:53:46.923Z,2026-09-29T16:53:46.800Z,2026-09-29T10:53:46.923-06:00,147.065,5.8,60.0,0.0,15.1,wind_drone_20260929
2026-09-29T16:53:47.116Z,2026-09-29T16:53:47.000Z,2026-09-29T10:53:47.116-06:00,147.257,5.8,61.0,0.0,15.1,wind_drone_20260929
2026-09-29T16:53:47.323Z,2026-09-29T16:53:47.200Z,2026-09-29T10:53:47.323-06:00,147.464,5.9,54.0,0.0,15.1,wind_drone_20260929
2026-09-29T16:53:47.515Z,2026-09-29T16:53:47.400Z,2026-09-29T10:53:47.515-06:00,147.657,6.0,53.0,0.0,15.1,wind_drone_20260929
2026-09-29T16:53:47.722Z,2026-09-29T16:53:47.600Z,2026-09-29T10:53:47.722-06:00,147.864,6.0,57.0,0.0,15.1,wind_drone_20260929
2026-09-29T16:53:47.915Z,2026-09-29T16:53:47.800Z,2026-09-29T10:53:47.915-06:00,148.057,5.9,57.0,0.0,15.1,wind_drone_20260929
2026-09-29T16:53:48.122Z,2026-09-29T16:53:48.000Z,2026-09-29T10:53:48.122-06:00,148.264,5.8,58.0,0.0,15.1,wind_drone_20260929
2026-09-29T16:53:48.315Z,2026-09-29T16:53:48.200Z,2026-09-29T10:53:48.315-06:00,148.457,5.6,59.0,0.0,15.1,wind_drone_20260929
2026-09-29T16:53:48.522Z,2026-09-29T16:53:48.400Z,2026-09-29T10:53:48.522-06:00,148.664,5.3,60.0,0.0,15.1,wind_drone_20260929
2026-09-29T16:53:48.715Z,2026-09-29T16:53:48.600Z,2026-09-29T10:53:48.715-06:00,148.857,5.0,61.0,0.0,15.1,wind_drone_20260929
2026-09-29T16:53:48.922Z,2026-09-29T16:53:48.800Z,2026-09-29T10:53:48.922-06:00,149.064,4.5,63.0,0.0,15.1,wind_drone_20260929
2026-09-29T16:53:49.115Z,2026-09-29T16:53:49.000Z,2026-09-29T10:53:49.115-06:00,149.257,4.1,61.0,0.0,15.1,wind_drone_20260929
2026-09-29T16:53:49.322Z,2026-09-29T16:53:49.200Z,2026-09-29T10:53:49.322-06:00,149.464,3.9,62.0,0.0,15.1,wind_drone_20260929
2026-09-29T16:53:49.515Z,2026-09-29T16:53:49.400Z,2026-09-29T10:53:49.515-06:00,149.656,3.6,60.0,0.0,15.1,wind_drone_20260929
2026-09-29T16:53:49.722Z,2026-09-29T16:53:49.600Z,2026-09-29T10:53:49.722-06:00,149.863,3.5,53.0,0.0,15.1,wind_drone_20260929
2026-09-29T16:53:49.915Z,2026-09-29T16:53:49.800Z,2026-09-29T10:53:49.915-06:00,150.056,3.4,48.0,0.0,15.1,wind_drone_20260929
2026-09-29T16:53:50.122Z,2026-09-29T16:53:50.000Z,2026-09-29T10:53:50.122-06:00,150.263,3.3,47.0,0.0,15.1,wind_drone_20260929
2026-09-29T16:53:50.314Z,2026-09-29T16:53:50.200Z,2026-09-29T10:53:50.314-06:00,150.456,3.4,47.0,0.0,15.1,wind_drone_20260929
2026-09-29T16:53:50.522Z,2026-09-29T16:53:50.400Z,2026-09-29T10:53:50.522-06:00,150.663,3.6,44.0,0.0,15.1,wind_drone_20260929
2026-09-29T16:53:50.714Z,2026-09-29T16:53:50.600Z,2026-09-29T10:53:50.714-06:00,150.856,3.8,43.0,0.0,15.1,wind_drone_20260929
2026-09-29T16:53:50.922Z,2026-09-29T16:53:50.800Z,2026-09-29T10:53:50.922-06:00,151.063,3.9,44.0,0.0,15.1,wind_drone_20260929
2026-09-29T16:53:51.114Z,2026-09-29T16:53:51.000Z,2026-09-29T10:53:51.114-06:00,151.256,4.1,41.0,0.0,15.1,wind_drone_20260929
2026-09-29T16:53:51.322Z,2026-09-29T16:53:51.200Z,2026-09-29T10:53:51.322-06:00,151.463,4.1,37.0,0.0,15.1,wind_drone_20260929
2026-09-29T16:53:51.514Z,2026-09-29T16:53:51.400Z,2026-09-29T10:53:51.514-06:00,151.656,4.1,40.0,0.0,15.1,wind_drone_20260929
2026-09-29T16:53:51.721Z,2026-09-29T16:53:51.600Z,2026-09-29T10:53:51.721-06:00,151.863,4.1,42.0,0.0,15.1,wind_drone_20260929
2026-09-29T16:53:51.914Z,2026-09-29T16:53:51.800Z,2026-09-29T10:53:51.914-06:00,152.056,4.1,40.0,0.0,15.1,wind_drone_20260929
2026-09-29T16:53:52.121Z,2026-09-29T16:53:52.000Z,2026-09-29T10:53:52.121-06:00,152.263,4.1,43.0,0.0,15.1,wind_drone_20260929
2026-09-29T16:53:52.314Z,2026-09-29T16:53:52.200Z,2026-09-29T10:53:52.314-06:00,152.455,4.1,43.0,0.0,15.1,wind_drone_20260929
2026-09-29T16:53:52.521Z,2026-09-29T16:53:52.400Z,2026-09-29T10:53:52.521-06:00,152.663,4.1,45.0,0.0,15.2,wind_drone_20260929
2026-09-29T16:53:52.714Z,2026-09-29T16:53:52.600Z,2026-09-29T10:53:52.714-06:00,152.855,4.2,48.0,0.0,15.2,wind_drone_20260929
2026-09-29T16:53:52.921Z,2026-09-29T16:53:52.800Z,2026-09-29T10:53:52.921-06:00,153.062,4.3,52.0,0.0,15.2,wind_drone_20260929
2026-09-29T16:53:53.113Z,2026-09-29T16:53:53.000Z,2026-09-29T10:53:53.113-06:00,153.255,4.5,54.0,0.0,15.2,wind_drone_20260929
2026-09-29T16:53:53.321Z,2026-09-29T16:53:53.200Z,2026-09-29T10:53:53.321-06:00,153.462,4.6,56.0,0.0,15.2,wind_drone_20260929
2026-09-29T16:53:53.513Z,2026-09-29T16:53:53.400Z,2026-09-29T10:53:53.513-06:00,153.655,4.8,60.0,0.0,15.2,wind_drone_20260929
2026-09-29T16:53:53.721Z,2026-09-29T16:53:53.600Z,2026-09-29T10:53:53.721-06:00,153.862,4.9,68.0,0.0,15.2,wind_drone_20260929
2026-09-29T16:53:53.913Z,2026-09-29T16:53:53.800Z,2026-09-29T10:53:53.913-06:00,154.055,4.9,68.0,0.0,15.2,wind_drone_20260929
2026-09-29T16:53:54.120Z,2026-09-29T16:53:54.000Z,2026-09-29T10:53:54.120-06:00,154.262,5.0,65.0,0.0,15.2,wind_drone_20260929
2026-09-29T16:53:54.313Z,2026-09-29T16:53:54.200Z,2026-09-29T10:53:54.313-06:00,154.454,5.0,70.0,0.0,15.2,wind_drone_20260929
2026-09-29T16:53:54.520Z,2026-09-29T16:53:54.400Z,2026-09-29T10:53:54.520-06:00,154.662,5.1,74.0,0.0,15.2,wind_drone_20260929
2026-09-29T16:53:54.713Z,2026-09-29T16:53:54.600Z,2026-09-29T10:53:54.713-06:00,154.855,5.2,71.0,0.0,15.2,wind_drone_20260929
2026-09-29T16:53:54.920Z,2026-09-29T16:53:54.800Z,2026-09-29T10:53:54.920-06:00,155.062,5.3,68.0,0.0,15.2,wind_drone_20260929
2026-09-29T16:53:55.113Z,2026-09-29T16:53:55.000Z,2026-09-29T10:53:55.113-06:00,155.254,5.3,65.0,0.0,15.2,wind_drone_20260929
2026-09-29T16:53:55.320Z,2026-09-29T16:53:55.200Z,2026-09-29T10:53:55.320-06:00,155.462,5.3,66.0,0.0,15.2,wind_drone_20260929
2026-09-29T16:53:55.512Z,2026-09-29T16:53:55.400Z,2026-09-29T10:53:55.512-06:00,155.654,5.2,65.0,0.0,15.2,wind_drone_20260929
2026-09-29T16:53:55.720Z,2026-09-29T16:53:55.600Z,2026-09-29T10:53:55.720-06:00,155.861,5.2,66.0,0.0,15.2,wind_drone_20260929
2026-09-29T16:53:55.912Z,2026-09-29T16:53:55.800Z,2026-09-29T10:53:55.912-06:00,156.054,5.2,67.0,0.0,15.2,wind_drone_20260929
2026-09-29T16:53:56.120Z,2026-09-29T16:53:56.000Z,2026-09-29T10:53:56.120-06:00,156.261,5.2,64.0,0.0,15.2,wind_drone_20260929
2026-09-29T16:53:56.312Z,2026-09-29T16:53:56.200Z,2026-09-29T10:53:56.312-06:00,156.454,5.2,62.0,0.0,15.2,wind_drone_20260929
2026-09-29T16:53:56.519Z,2026-09-29T16:53:56.400Z,2026-09-29T10:53:56.519-06:00,156.661,5.3,63.0,0.0,15.2,wind_drone_20260929
2026-09-29T16:53:56.712Z,2026-09-29T16:53:56.600Z,2026-09-29T10:53:56.712-06:00,156.854,5.3,62.0,0.0,15.2,wind_drone_20260929
2026-09-29T16:53:56.919Z,2026-09-29T16:53:56.800Z,2026-09-29T10:53:56.919-06:00,157.061,5.3,63.0,0.0,15.2,wind_drone_20260929
2026-09-29T16:53:57.112Z,2026-09-29T16:53:57.000Z,2026-09-29T10:53:57.112-06:00,157.254,5.4,63.0,0.0,15.2,wind_drone_20260929
2026-09-29T16:53:57.319Z,2026-09-29T16:53:57.200Z,2026-09-29T10:53:57.319-06:00,157.461,5.4,64.0,0.0,15.2,wind_drone_20260929
2026-09-29T16:53:57.512Z,2026-09-29T16:53:57.400Z,2026-09-29T10:53:57.512-06:00,157.653,5.4,63.0,0.0,15.2,wind_drone_20260929
2026-09-29T16:53:57.719Z,2026-09-29T16:53:57.600Z,2026-09-29T10:53:57.719-06:00,157.861,5.5,64.0,0.0,15.2,wind_drone_20260929
2026-09-29T16:53:57.912Z,2026-09-29T16:53:57.800Z,2026-09-29T10:53:57.912-06:00,158.054,5.5,61.0,0.0,15.2,wind_drone_20260929
2026-09-29T16:53:58.119Z,2026-09-29T16:53:58.000Z,2026-09-29T10:53:58.119-06:00,158.261,5.6,63.0,0.0,15.2,wind_drone_20260929
2026-09-29T16:53:58.312Z,2026-09-29T16:53:58.200Z,2026-09-29T10:53:58.312-06:00,158.454,5.7,63.0,0.0,15.2,wind_drone_20260929
2026-09-29T16:53:58.519Z,2026-09-29T16:53:58.400Z,2026-09-29T10:53:58.519-06:00,158.66,5.8,64.0,0.0,15.2,wind_drone_20260929
2026-09-29T16:53:58.712Z,2026-09-29T16:53:58.600Z,2026-09-29T10:53:58.712-06:00,158.854,5.9,63.0,0.0,15.2,wind_drone_20260929
2026-09-29T16:53:58.919Z,2026-09-29T16:53:58.800Z,2026-09-29T10:53:58.919-06:00,159.06,6.1,63.0,0.0,15.2,wind_drone_20260929
2026-09-29T16:53:59.112Z,2026-09-29T16:53:59.000Z,2026-09-29T10:53:59.112-06:00,159.254,6.1,61.0,0.0,15.2,wind_drone_20260929
2026-09-29T16:53:59.319Z,2026-09-29T16:53:59.200Z,2026-09-29T10:53:59.319-06:00,159.46,6.2,61.0,0.0,15.2,wind_drone_20260929
2026-09-29T16:53:59.511Z,2026-09-29T16:53:59.400Z,2026-09-29T10:53:59.511-06:00,159.653,6.3,61.0,0.0,15.2,wind_drone_20260929
2026-09-29T16:53:59.718Z,2026-09-29T16:53:59.600Z,2026-09-29T10:53:59.718-06:00,159.86,6.3,62.0,0.0,15.2,wind_drone_20260929
2026-09-29T16:53:59.911Z,2026-09-29T16:53:59.800Z,2026-09-29T10:53:59.911-06:00,160.053,6.3,62.0,0.0,15.2,wind_drone_20260929
2026-09-29T16:54:00.118Z,2026-09-29T16:54:00.000Z,2026-09-29T10:54:00.118-06:00,160.26,6.5,57.0,0.0,15.2,wind_drone_20260929
2026-09-29T16:54:00.311Z,2026-09-29T16:54:00.200Z,2026-09-29T10:54:00.311-06:00,160.452,6.6,57.0,0.0,15.2,wind_drone_20260929
2026-09-29T16:54:00.518Z,2026-09-29T16:54:00.400Z,2026-09-29T10:54:00.518-06:00,160.66,6.7,55.0,0.0,15.2,wind_drone_20260929
2026-09-29T16:54:00.711Z,2026-09-29T16:54:00.600Z,2026-09-29T10:54:00.711-06:00,160.853,6.8,59.0,0.0,15.2,wind_drone_20260929
2026-09-29T16:54:00.918Z,2026-09-29T16:54:00.800Z,2026-09-29T10:54:00.918-06:00,161.06,6.8,58.0,0.0,15.1,wind_drone_20260929
2026-09-29T16:54:01.111Z,2026-09-29T16:54:01.000Z,2026-09-29T10:54:01.111-06:00,161.253,6.7,50.0,0.0,15.1,wind_drone_20260929
2026-09-29T16:54:01.318Z,2026-09-29T16:54:01.200Z,2026-09-29T10:54:01.318-06:00,161.46,6.7,43.0,0.0,15.1,wind_drone_20260929
2026-09-29T16:54:01.510Z,2026-09-29T16:54:01.400Z,2026-09-29T10:54:01.510-06:00,161.652,6.6,46.0,0.0,15.1,wind_drone_20260929
2026-09-29T16:54:01.718Z,2026-09-29T16:54:01.600Z,2026-09-29T10:54:01.718-06:00,161.86,6.5,51.0,0.0,15.1,wind_drone_20260929
2026-09-29T16:54:01.911Z,2026-09-29T16:54:01.800Z,2026-09-29T10:54:01.911-06:00,162.052,6.2,50.0,0.0,15.1,wind_drone_20260929
2026-09-29T16:54:02.118Z,2026-09-29T16:54:02.000Z,2026-09-29T10:54:02.118-06:00,162.259,6.1,46.0,0.0,15.1,wind_drone_20260929
2026-09-29T16:54:02.310Z,2026-09-29T16:54:02.200Z,2026-09-29T10:54:02.310-06:00,162.452,6.0,49.0,0.0,15.1,wind_drone_20260929
2026-09-29T16:54:02.518Z,2026-09-29T16:54:02.400Z,2026-09-29T10:54:02.518-06:00,162.659,6.1,54.0,0.0,15.1,wind_drone_20260929
2026-09-29T16:54:02.758Z,2026-09-29T16:54:02.600Z,2026-09-29T10:54:02.758-06:00,162.9,6.0,57.0,0.0,15.1,wind_drone_20260929
2026-09-29T16:54:02.917Z,2026-09-29T16:54:02.800Z,2026-09-29T10:54:02.917-06:00,163.059,6.0,53.0,0.0,15.1,wind_drone_20260929
2026-09-29T16:54:03.110Z,2026-09-29T16:54:03.000Z,2026-09-29T10:54:03.110-06:00,163.252,6.1,55.0,0.0,15.1,wind_drone_20260929
2026-09-29T16:54:03.317Z,2026-09-29T16:54:03.200Z,2026-09-29T10:54:03.317-06:00,163.459,6.1,57.0,0.0,15.1,wind_drone_20260929
2026-09-29T16:54:03.510Z,2026-09-29T16:54:03.400Z,2026-09-29T10:54:03.510-06:00,163.651,6.2,54.0,0.0,15.1,wind_drone_20260929
2026-09-29T16:54:03.717Z,2026-09-29T16:54:03.600Z,2026-09-29T10:54:03.717-06:00,163.859,6.3,58.0,0.0,15.1,wind_drone_20260929
2026-09-29T16:54:03.924Z,2026-09-29T16:54:03.800Z,2026-09-29T10:54:03.924-06:00,164.066,6.2,57.0,0.0,15.1,wind_drone_20260929
2026-09-29T16:54:04.117Z,2026-09-29T16:54:04.000Z,2026-09-29T10:54:04.117-06:00,164.259,6.1,50.0,0.0,15.1,wind_drone_20260929
2026-09-29T16:54:04.324Z,2026-09-29T16:54:04.200Z,2026-09-29T10:54:04.324-06:00,164.466,6.1,45.0,0.0,15.1,wind_drone_20260929
2026-09-29T16:54:04.517Z,2026-09-29T16:54:04.400Z,2026-09-29T10:54:04.517-06:00,164.659,6.2,46.0,0.0,15.1,wind_drone_20260929
2026-09-29T16:54:04.724Z,2026-09-29T16:54:04.600Z,2026-09-29T10:54:04.724-06:00,164.866,6.2,51.0,0.0,15.1,wind_drone_20260929
2026-09-29T16:54:04.917Z,2026-09-29T16:54:04.800Z,2026-09-29T10:54:04.917-06:00,165.059,6.2,55.0,0.0,15.1,wind_drone_20260929
2026-09-29T16:54:05.124Z,2026-09-29T16:54:05.000Z,2026-09-29T10:54:05.124-06:00,165.266,6.0,48.0,0.0,15.1,wind_drone_20260929
2026-09-29T16:54:05.317Z,2026-09-29T16:54:05.200Z,2026-09-29T10:54:05.317-06:00,165.458,5.9,47.0,0.0,15.1,wind_drone_20260929
2026-09-29T16:54:05.524Z,2026-09-29T16:54:05.400Z,2026-09-29T10:54:05.524-06:00,165.665,5.9,49.0,0.0,15.1,wind_drone_20260929
2026-09-29T16:54:05.716Z,2026-09-29T16:54:05.600Z,2026-09-29T10:54:05.716-06:00,165.858,5.9,47.0,0.0,15.1,wind_drone_20260929
2026-09-29T16:54:05.924Z,2026-09-29T16:54:05.800Z,2026-09-29T10:54:05.924-06:00,166.065,5.8,46.0,0.0,15.1,wind_drone_20260929
2026-09-29T16:54:06.116Z,2026-09-29T16:54:06.000Z,2026-09-29T10:54:06.116-06:00,166.258,5.7,48.0,0.0,15.1,wind_drone_20260929
2026-09-29T16:54:06.324Z,2026-09-29T16:54:06.200Z,2026-09-29T10:54:06.324-06:00,166.465,5.6,49.0,0.0,15.1,wind_drone_20260929
2026-09-29T16:54:06.516Z,2026-09-29T16:54:06.400Z,2026-09-29T10:54:06.516-06:00,166.658,5.6,46.0,0.0,15.1,wind_drone_20260929
2026-09-29T16:54:06.723Z,2026-09-29T16:54:06.600Z,2026-09-29T10:54:06.723-06:00,166.865,5.6,44.0,0.0,15.1,wind_drone_20260929
2026-09-29T16:54:06.916Z,2026-09-29T16:54:06.800Z,2026-09-29T10:54:06.916-06:00,167.058,5.6,48.0,0.0,15.1,wind_drone_20260929
2026-09-29T16:54:07.123Z,2026-09-29T16:54:07.000Z,2026-09-29T10:54:07.123-06:00,167.265,5.6,47.0,0.0,15.1,wind_drone_20260929
2026-09-29T16:54:07.316Z,2026-09-29T16:54:07.200Z,2026-09-29T10:54:07.316-06:00,167.458,5.5,49.0,0.0,15.1,wind_drone_20260929
2026-09-29T16:54:07.523Z,2026-09-29T16:54:07.400Z,2026-09-29T10:54:07.523-06:00,167.665,5.5,48.0,0.0,15.1,wind_drone_20260929
2026-09-29T16:54:07.716Z,2026-09-29T16:54:07.600Z,2026-09-29T10:54:07.716-06:00,167.857,5.5,49.0,0.0,15.1,wind_drone_20260929
2026-09-29T16:54:07.923Z,2026-09-29T16:54:07.800Z,2026-09-29T10:54:07.923-06:00,168.064,5.5,50.0,0.0,15.1,wind_drone_20260929
2026-09-29T16:54:08.116Z,2026-09-29T16:54:08.000Z,2026-09-29T10:54:08.116-06:00,168.257,5.6,48.0,0.0,15.1,wind_drone_20260929
2026-09-29T16:54:08.323Z,2026-09-29T16:54:08.200Z,2026-09-29T10:54:08.323-06:00,168.465,5.6,50.0,0.0,15.1,wind_drone_20260929
2026-09-29T16:54:08.516Z,2026-09-29T16:54:08.400Z,2026-09-29T10:54:08.516-06:00,168.657,5.6,52.0,0.0,15.1,wind_drone_20260929
2026-09-29T16:54:08.723Z,2026-09-29T16:54:08.600Z,2026-09-29T10:54:08.723-06:00,168.864,5.7,49.0,0.0,15.1,wind_drone_20260929
2026-09-29T16:54:08.915Z,2026-09-29T16:54:08.800Z,2026-09-29T10:54:08.915-06:00,169.057,5.8,49.0,0.0,15.1,wind_drone_20260929
2026-09-29T16:54:09.123Z,2026-09-29T16:54:09.000Z,2026-09-29T10:54:09.123-06:00,169.264,5.9,47.0,0.0,15.1,wind_drone_20260929
2026-09-29T16:54:09.315Z,2026-09-29T16:54:09.200Z,2026-09-29T10:54:09.315-06:00,169.457,5.9,47.0,0.0,15.1,wind_drone_20260929
2026-09-29T16:54:09.522Z,2026-09-29T16:54:09.400Z,2026-09-29T10:54:09.522-06:00,169.664,6.0,48.0,0.0,15.1,wind_drone_20260929
2026-09-29T16:54:09.715Z,2026-09-29T16:54:09.600Z,2026-09-29T10:54:09.715-06:00,169.857,6.1,43.0,0.0,15.1,wind_drone_20260929
2026-09-29T16:54:09.922Z,2026-09-29T16:54:09.800Z,2026-09-29T10:54:09.922-06:00,170.064,6.3,42.0,0.0,15.1,wind_drone_20260929
2026-09-29T16:54:10.115Z,2026-09-29T16:54:10.000Z,2026-09-29T10:54:10.115-06:00,170.257,6.3,40.0,0.0,15.1,wind_drone_20260929
2026-09-29T16:54:10.322Z,2026-09-29T16:54:10.200Z,2026-09-29T10:54:10.322-06:00,170.464,6.3,39.0,0.0,15.1,wind_drone_20260929
2026-09-29T16:54:10.515Z,2026-09-29T16:54:10.400Z,2026-09-29T10:54:10.515-06:00,170.657,6.3,35.0,0.0,15.1,wind_drone_20260929
2026-09-29T16:54:10.722Z,2026-09-29T16:54:10.600Z,2026-09-29T10:54:10.722-06:00,170.864,6.3,38.0,0.0,15.1,wind_drone_20260929
2026-09-29T16:54:10.915Z,2026-09-29T16:54:10.800Z,2026-09-29T10:54:10.915-06:00,171.056,6.3,37.0,0.0,15.1,wind_drone_20260929
2026-09-29T16:54:11.122Z,2026-09-29T16:54:11.000Z,2026-09-29T10:54:11.122-06:00,171.264,6.3,36.0,0.0,15.1,wind_drone_20260929
2026-09-29T16:54:11.315Z,2026-09-29T16:54:11.200Z,2026-09-29T10:54:11.315-06:00,171.456,6.2,35.0,0.0,15.1,wind_drone_20260929
2026-09-29T16:54:11.522Z,2026-09-29T16:54:11.400Z,2026-09-29T10:54:11.522-06:00,171.663,6.2,39.0,0.0,15.1,wind_drone_20260929
2026-09-29T16:54:11.714Z,2026-09-29T16:54:11.600Z,2026-09-29T10:54:11.714-06:00,171.856,6.1,34.0,0.0,15.1,wind_drone_20260929
2026-09-29T16:54:11.922Z,2026-09-29T16:54:11.800Z,2026-09-29T10:54:11.922-06:00,172.063,6.1,35.0,0.0,15.1,wind_drone_20260929
2026-09-29T16:54:12.114Z,2026-09-29T16:54:12.000Z,2026-09-29T10:54:12.114-06:00,172.256,6.1,38.0,0.0,15.1,wind_drone_20260929
2026-09-29T16:54:12.321Z,2026-09-29T16:54:12.200Z,2026-09-29T10:54:12.321-06:00,172.463,6.1,40.0,0.0,15.1,wind_drone_20260929
2026-09-29T16:54:12.514Z,2026-09-29T16:54:12.400Z,2026-09-29T10:54:12.514-06:00,172.656,6.1,44.0,0.0,15.1,wind_drone_20260929
2026-09-29T16:54:12.721Z,2026-09-29T16:54:12.600Z,2026-09-29T10:54:12.721-06:00,172.863,6.1,40.0,0.0,15.1,wind_drone_20260929
2026-09-29T16:54:12.914Z,2026-09-29T16:54:12.800Z,2026-09-29T10:54:12.914-06:00,173.056,6.2,41.0,0.0,15.1,wind_drone_20260929
2026-09-29T16:54:13.121Z,2026-09-29T16:54:13.000Z,2026-09-29T10:54:13.121-06:00,173.263,6.2,42.0,0.0,15.1,wind_drone_20260929
2026-09-29T16:54:13.314Z,2026-09-29T16:54:13.200Z,2026-09-29T10:54:13.314-06:00,173.456,6.1,43.0,0.0,15.1,wind_drone_20260929
2026-09-29T16:54:13.521Z,2026-09-29T16:54:13.400Z,2026-09-29T10:54:13.521-06:00,173.663,6.0,43.0,0.0,15.1,wind_drone_20260929
2026-09-29T16:54:13.714Z,2026-09-29T16:54:13.600Z,2026-09-29T10:54:13.714-06:00,173.855,6.0,41.0,0.0,15.1,wind_drone_20260929
2026-09-29T16:54:13.921Z,2026-09-29T16:54:13.800Z,2026-09-29T10:54:13.921-06:00,174.063,5.9,42.0,0.0,15.1,wind_drone_20260929
2026-09-29T16:54:14.114Z,2026-09-29T16:54:14.000Z,2026-09-29T10:54:14.114-06:00,174.255,5.8,41.0,0.0,15.1,wind_drone_20260929
2026-09-29T16:54:14.321Z,2026-09-29T16:54:14.200Z,2026-09-29T10:54:14.321-06:00,174.462,5.7,44.0,0.0,15.1,wind_drone_20260929
2026-09-29T16:54:14.514Z,2026-09-29T16:54:14.400Z,2026-09-29T10:54:14.514-06:00,174.655,5.7,40.0,0.0,15.1,wind_drone_20260929
2026-09-29T16:54:14.721Z,2026-09-29T16:54:14.600Z,2026-09-29T10:54:14.721-06:00,174.862,5.5,40.0,0.0,15.1,wind_drone_20260929
2026-09-29T16:54:14.913Z,2026-09-29T16:54:14.800Z,2026-09-29T10:54:14.913-06:00,175.055,5.5,44.0,0.0,15.1,wind_drone_20260929
2026-09-29T16:54:15.121Z,2026-09-29T16:54:15.000Z,2026-09-29T10:54:15.121-06:00,175.262,5.5,44.0,0.0,15.1,wind_drone_20260929
2026-09-29T16:54:15.313Z,2026-09-29T16:54:15.200Z,2026-09-29T10:54:15.313-06:00,175.455,5.4,46.0,0.0,15.1,wind_drone_20260929
2026-09-29T16:54:15.520Z,2026-09-29T16:54:15.400Z,2026-09-29T10:54:15.520-06:00,175.662,5.3,47.0,0.0,15.1,wind_drone_20260929
2026-09-29T16:54:15.713Z,2026-09-29T16:54:15.600Z,2026-09-29T10:54:15.713-06:00,175.855,5.2,46.0,0.0,15.1,wind_drone_20260929
2026-09-29T16:54:15.920Z,2026-09-29T16:54:15.800Z,2026-09-29T10:54:15.920-06:00,176.062,5.1,48.0,0.0,15.1,wind_drone_20260929
2026-09-29T16:54:16.113Z,2026-09-29T16:54:16.000Z,2026-09-29T10:54:16.113-06:00,176.255,5.0,50.0,0.0,15.1,wind_drone_20260929
2026-09-29T16:54:16.320Z,2026-09-29T16:54:16.200Z,2026-09-29T10:54:16.320-06:00,176.462,5.1,48.0,0.0,15.1,wind_drone_20260929
2026-09-29T16:54:16.513Z,2026-09-29T16:54:16.400Z,2026-09-29T10:54:16.513-06:00,176.655,5.0,48.0,0.0,15.1,wind_drone_20260929
2026-09-29T16:54:16.720Z,2026-09-29T16:54:16.600Z,2026-09-29T10:54:16.720-06:00,176.862,5.0,46.0,0.0,15.1,wind_drone_20260929
2026-09-29T16:54:16.913Z,2026-09-29T16:54:16.800Z,2026-09-29T10:54:16.913-06:00,177.055,5.0,47.0,0.0,15.1,wind_drone_20260929
2026-09-29T16:54:17.120Z,2026-09-29T16:54:17.000Z,2026-09-29T10:54:17.120-06:00,177.262,5.1,52.0,0.0,15.1,wind_drone_20260929
2026-09-29T16:54:17.313Z,2026-09-29T16:54:17.200Z,2026-09-29T10:54:17.313-06:00,177.455,5.2,52.0,0.0,15.1,wind_drone_20260929
2026-09-29T16:54:17.520Z,2026-09-29T16:54:17.400Z,2026-09-29T10:54:17.520-06:00,177.661,5.2,52.0,0.0,15.1,wind_drone_20260929
2026-09-29T16:54:17.713Z,2026-09-29T16:54:17.600Z,2026-09-29T10:54:17.713-06:00,177.854,5.3,51.0,0.0,15.1,wind_drone_20260929
2026-09-29T16:54:17.920Z,2026-09-29T16:54:17.800Z,2026-09-29T10:54:17.920-06:00,178.062,5.3,49.0,0.0,15.1,wind_drone_20260929
2026-09-29T16:54:18.113Z,2026-09-29T16:54:18.000Z,2026-09-29T10:54:18.113-06:00,178.254,5.3,50.0,0.0,15.1,wind_drone_20260929
2026-09-29T16:54:18.320Z,2026-09-29T16:54:18.200Z,2026-09-29T10:54:18.320-06:00,178.461,5.3,47.0,0.0,15.1,wind_drone_20260929
2026-09-29T16:54:18.513Z,2026-09-29T16:54:18.400Z,2026-09-29T10:54:18.513-06:00,178.654,5.3,46.0,0.0,15.1,wind_drone_20260929
2026-09-29T16:54:18.719Z,2026-09-29T16:54:18.600Z,2026-09-29T10:54:18.719-06:00,178.861,5.2,48.0,0.0,15.1,wind_drone_20260929
2026-09-29T16:54:18.912Z,2026-09-29T16:54:18.800Z,2026-09-29T10:54:18.912-06:00,179.054,5.1,47.0,0.0,15.2,wind_drone_20260929
2026-09-29T16:54:19.119Z,2026-09-29T16:54:19.000Z,2026-09-29T10:54:19.119-06:00,179.261,5.0,45.0,0.0,15.2,wind_drone_20260929
2026-09-29T16:54:19.312Z,2026-09-29T16:54:19.200Z,2026-09-29T10:54:19.312-06:00,179.454,4.9,47.0,0.0,15.2,wind_drone_20260929
2026-09-29T16:54:19.519Z,2026-09-29T16:54:19.400Z,2026-09-29T10:54:19.519-06:00,179.661,4.9,47.0,0.0,15.2,wind_drone_20260929
2026-09-29T16:54:19.712Z,2026-09-29T16:54:19.600Z,2026-09-29T10:54:19.712-06:00,179.854,4.9,45.0,0.0,15.2,wind_drone_20260929
2026-09-29T16:54:19.919Z,2026-09-29T16:54:19.800Z,2026-09-29T10:54:19.919-06:00,180.061,4.8,47.0,0.0,15.2,wind_drone_20260929
2026-09-29T16:54:20.112Z,2026-09-29T16:54:20.000Z,2026-09-29T10:54:20.112-06:00,180.254,4.8,44.0,0.0,15.2,wind_drone_20260929
2026-09-29T16:54:20.319Z,2026-09-29T16:54:20.200Z,2026-09-29T10:54:20.319-06:00,180.461,4.8,45.0,0.0,15.2,wind_drone_20260929
2026-09-29T16:54:20.511Z,2026-09-29T16:54:20.400Z,2026-09-29T10:54:20.511-06:00,180.653,4.8,45.0,0.0,15.2,wind_drone_20260929
2026-09-29T16:54:20.718Z,2026-09-29T16:54:20.600Z,2026-09-29T10:54:20.718-06:00,180.86,4.9,45.0,0.0,15.2,wind_drone_20260929
2026-09-29T16:54:20.911Z,2026-09-29T16:54:20.800Z,2026-09-29T10:54:20.911-06:00,181.053,4.9,46.0,0.0,15.2,wind_drone_20260929
2026-09-29T16:54:21.119Z,2026-09-29T16:54:21.000Z,2026-09-29T10:54:21.119-06:00,181.26,5.0,45.0,0.0,15.2,wind_drone_20260929
2026-09-29T16:54:21.311Z,2026-09-29T16:54:21.200Z,2026-09-29T10:54:21.311-06:00,181.453,5.0,46.0,0.0,15.2,wind_drone_20260929
2026-09-29T16:54:21.519Z,2026-09-29T16:54:21.400Z,2026-09-29T10:54:21.519-06:00,181.66,5.0,44.0,0.0,15.2,wind_drone_20260929
2026-09-29T16:54:21.711Z,2026-09-29T16:54:21.600Z,2026-09-29T10:54:21.711-06:00,181.853,5.0,42.0,0.0,15.2,wind_drone_20260929
2026-09-29T16:54:21.918Z,2026-09-29T16:54:21.800Z,2026-09-29T10:54:21.918-06:00,182.06,5.1,46.0,0.0,15.2,wind_drone_20260929
2026-09-29T16:54:22.111Z,2026-09-29T16:54:22.000Z,2026-09-29T10:54:22.111-06:00,182.253,5.1,46.0,0.0,15.2,wind_drone_20260929
2026-09-29T16:54:22.318Z,2026-09-29T16:54:22.200Z,2026-09-29T10:54:22.318-06:00,182.46,5.1,44.0,0.0,15.2,wind_drone_20260929
2026-09-29T16:54:22.510Z,2026-09-29T16:54:22.400Z,2026-09-29T10:54:22.510-06:00,182.652,5.2,45.0,0.0,15.2,wind_drone_20260929
2026-09-29T16:54:22.718Z,2026-09-29T16:54:22.600Z,2026-09-29T10:54:22.718-06:00,182.86,5.1,50.0,0.0,15.2,wind_drone_20260929
2026-09-29T16:54:22.911Z,2026-09-29T16:54:22.800Z,2026-09-29T10:54:22.911-06:00,183.053,5.1,53.0,0.0,15.2,wind_drone_20260929
2026-09-29T16:54:23.118Z,2026-09-29T16:54:23.000Z,2026-09-29T10:54:23.118-06:00,183.26,5.0,52.0,0.0,15.2,wind_drone_20260929
2026-09-29T16:54:23.311Z,2026-09-29T16:54:23.200Z,2026-09-29T10:54:23.311-06:00,183.453,5.0,50.0,0.0,15.2,wind_drone_20260929
2026-09-29T16:54:23.518Z,2026-09-29T16:54:23.400Z,2026-09-29T10:54:23.518-06:00,183.659,4.9,47.0,0.0,15.2,wind_drone_20260929
2026-09-29T16:54:23.711Z,2026-09-29T16:54:23.600Z,2026-09-29T10:54:23.711-06:00,183.852,4.8,44.0,0.0,15.2,wind_drone_20260929
2026-09-29T16:54:23.918Z,2026-09-29T16:54:23.800Z,2026-09-29T10:54:23.918-06:00,184.059,4.7,41.0,0.0,15.2,wind_drone_20260929
2026-09-29T16:54:24.111Z,2026-09-29T16:54:24.000Z,2026-09-29T10:54:24.111-06:00,184.252,4.7,41.0,0.0,15.2,wind_drone_20260929
2026-09-29T16:54:24.317Z,2026-09-29T16:54:24.200Z,2026-09-29T10:54:24.317-06:00,184.459,4.8,44.0,0.0,15.2,wind_drone_20260929
2026-09-29T16:54:24.510Z,2026-09-29T16:54:24.400Z,2026-09-29T10:54:24.510-06:00,184.652,5.0,46.0,0.0,15.2,wind_drone_20260929
2026-09-29T16:54:24.717Z,2026-09-29T16:54:24.600Z,2026-09-29T10:54:24.717-06:00,184.859,5.2,48.0,0.0,15.2,wind_drone_20260929
2026-09-29T16:54:24.925Z,2026-09-29T16:54:24.800Z,2026-09-29T10:54:24.925-06:00,185.066,5.3,36.0,0.0,15.2,wind_drone_20260929
2026-09-29T16:54:25.117Z,2026-09-29T16:54:25.000Z,2026-09-29T10:54:25.117-06:00,185.259,5.4,29.0,0.0,15.2,wind_drone_20260929
2026-09-29T16:54:25.324Z,2026-09-29T16:54:25.200Z,2026-09-29T10:54:25.324-06:00,185.466,5.5,33.0,0.0,15.2,wind_drone_20260929
2026-09-29T16:54:25.517Z,2026-09-29T16:54:25.400Z,2026-09-29T10:54:25.517-06:00,185.658,5.6,35.0,0.0,15.2,wind_drone_20260929
2026-09-29T16:54:25.724Z,2026-09-29T16:54:25.600Z,2026-09-29T10:54:25.724-06:00,185.866,5.8,36.0,0.0,15.2,wind_drone_20260929
2026-09-29T16:54:25.917Z,2026-09-29T16:54:25.800Z,2026-09-29T10:54:25.917-06:00,186.059,5.8,35.0,0.0,15.2,wind_drone_20260929
2026-09-29T16:54:26.124Z,2026-09-29T16:54:26.000Z,2026-09-29T10:54:26.124-06:00,186.266,5.7,38.0,0.0,15.2,wind_drone_20260929
2026-09-29T16:54:26.317Z,2026-09-29T16:54:26.200Z,2026-09-29T10:54:26.317-06:00,186.459,5.7,36.0,0.0,15.2,wind_drone_20260929
2026-09-29T16:54:26.524Z,2026-09-29T16:54:26.400Z,2026-09-29T10:54:26.524-06:00,186.666,5.7,36.0,0.0,15.2,wind_drone_20260929
2026-09-29T16:54:26.717Z,2026-09-29T16:54:26.600Z,2026-09-29T10:54:26.717-06:00,186.858,5.7,38.0,0.0,15.2,wind_drone_20260929
2026-09-29T16:54:26.924Z,2026-09-29T16:54:26.800Z,2026-09-29T10:54:26.924-06:00,187.066,5.8,38.0,0.0,15.2,wind_drone_20260929
2026-09-29T16:54:27.116Z,2026-09-29T16:54:27.000Z,2026-09-29T10:54:27.116-06:00,187.258,5.7,38.0,0.0,15.2,wind_drone_20260929
2026-09-29T16:54:27.324Z,2026-09-29T16:54:27.200Z,2026-09-29T10:54:27.324-06:00,187.465,5.7,40.0,0.0,15.2,wind_drone_20260929
2026-09-29T16:54:27.516Z,2026-09-29T16:54:27.400Z,2026-09-29T10:54:27.516-06:00,187.658,5.6,41.0,0.0,15.2,wind_drone_20260929
2026-09-29T16:54:27.724Z,2026-09-29T16:54:27.600Z,2026-09-29T10:54:27.724-06:00,187.865,5.7,40.0,0.0,15.2,wind_drone_20260929
2026-09-29T16:54:27.916Z,2026-09-29T16:54:27.800Z,2026-09-29T10:54:27.916-06:00,188.058,5.7,41.0,0.0,15.2,wind_drone_20260929
2026-09-29T16:54:28.123Z,2026-09-29T16:54:28.000Z,2026-09-29T10:54:28.123-06:00,188.265,5.6,41.0,0.0,15.2,wind_drone_20260929
2026-09-29T16:54:28.316Z,2026-09-29T16:54:28.200Z,2026-09-29T10:54:28.316-06:00,188.458,5.5,39.0,0.0,15.2,wind_drone_20260929
2026-09-29T16:54:28.523Z,2026-09-29T16:54:28.400Z,2026-09-29T10:54:28.523-06:00,188.665,5.4,39.0,0.0,15.2,wind_drone_20260929
2026-09-29T16:54:28.716Z,2026-09-29T16:54:28.600Z,2026-09-29T10:54:28.716-06:00,188.858,5.4,38.0,0.0,15.2,wind_drone_20260929
2026-09-29T16:54:28.923Z,2026-09-29T16:54:28.800Z,2026-09-29T10:54:28.923-06:00,189.065,5.3,40.0,0.0,15.2,wind_drone_20260929
2026-09-29T16:54:29.116Z,2026-09-29T16:54:29.000Z,2026-09-29T10:54:29.116-06:00,189.258,5.2,38.0,0.0,15.2,wind_drone_20260929
2026-09-29T16:54:29.323Z,2026-09-29T16:54:29.200Z,2026-09-29T10:54:29.323-06:00,189.465,5.1,35.0,0.0,15.2,wind_drone_20260929
2026-09-29T16:54:29.515Z,2026-09-29T16:54:29.400Z,2026-09-29T10:54:29.515-06:00,189.657,5.0,34.0,0.0,15.2,wind_drone_20260929
2026-09-29T16:54:29.723Z,2026-09-29T16:54:29.600Z,2026-09-29T10:54:29.723-06:00,189.865,4.8,38.0,0.0,15.2,wind_drone_20260929
2026-09-29T16:54:29.916Z,2026-09-29T16:54:29.800Z,2026-09-29T10:54:29.916-06:00,190.057,4.7,39.0,0.0,15.2,wind_drone_20260929
2026-09-29T16:54:30.123Z,2026-09-29T16:54:30.000Z,2026-09-29T10:54:30.123-06:00,190.264,4.7,40.0,0.0,15.2,wind_drone_20260929
2026-09-29T16:54:30.315Z,2026-09-29T16:54:30.200Z,2026-09-29T10:54:30.315-06:00,190.457,4.5,37.0,0.0,15.2,wind_drone_20260929
2026-09-29T16:54:30.523Z,2026-09-29T16:54:30.400Z,2026-09-29T10:54:30.523-06:00,190.664,4.4,36.0,0.0,15.2,wind_drone_20260929
2026-09-29T16:54:30.715Z,2026-09-29T16:54:30.600Z,2026-09-29T10:54:30.715-06:00,190.857,4.3,33.0,0.0,15.2,wind_drone_20260929
2026-09-29T16:54:30.923Z,2026-09-29T16:54:30.800Z,2026-09-29T10:54:30.923-06:00,191.064,4.3,38.0,0.0,15.2,wind_drone_20260929
2026-09-29T16:54:31.115Z,2026-09-29T16:54:31.000Z,2026-09-29T10:54:31.115-06:00,191.257,4.5,40.0,0.0,15.2,wind_drone_20260929
2026-09-29T16:54:31.322Z,2026-09-29T16:54:31.200Z,2026-09-29T10:54:31.322-06:00,191.464,4.6,44.0,0.0,15.2,wind_drone_20260929
2026-09-29T16:54:31.515Z,2026-09-29T16:54:31.400Z,2026-09-29T10:54:31.515-06:00,191.656,4.7,44.0,0.0,15.2,wind_drone_20260929
2026-09-29T16:54:31.722Z,2026-09-29T16:54:31.600Z,2026-09-29T10:54:31.722-06:00,191.864,4.8,44.0,0.0,15.2,wind_drone_20260929
2026-09-29T16:54:31.915Z,2026-09-29T16:54:31.800Z,2026-09-29T10:54:31.915-06:00,192.057,5.0,45.0,0.0,15.2,wind_drone_20260929
2026-09-29T16:54:32.122Z,2026-09-29T16:54:32.000Z,2026-09-29T10:54:32.122-06:00,192.264,5.2,46.0,0.0,15.2,wind_drone_20260929
2026-09-29T16:54:32.315Z,2026-09-29T16:54:32.200Z,2026-09-29T10:54:32.315-06:00,192.456,5.4,49.0,0.0,15.2,wind_drone_20260929
2026-09-29T16:54:32.522Z,2026-09-29T16:54:32.400Z,2026-09-29T10:54:32.522-06:00,192.664,5.4,48.0,0.0,15.2,wind_drone_20260929
2026-09-29T16:54:32.715Z,2026-09-29T16:54:32.600Z,2026-09-29T10:54:32.715-06:00,192.856,5.4,47.0,0.0,15.2,wind_drone_20260929
2026-09-29T16:54:32.922Z,2026-09-29T16:54:32.800Z,2026-09-29T10:54:32.922-06:00,193.064,5.4,46.0,0.0,15.2,wind_drone_20260929
2026-09-29T16:54:33.114Z,2026-09-29T16:54:33.000Z,2026-09-29T10:54:33.114-06:00,193.256,5.3,43.0,0.0,15.2,wind_drone_20260929
2026-09-29T16:54:33.322Z,2026-09-29T16:54:33.200Z,2026-09-29T10:54:33.322-06:00,193.464,5.2,46.0,0.0,15.2,wind_drone_20260929
2026-09-29T16:54:33.514Z,2026-09-29T16:54:33.400Z,2026-09-29T10:54:33.514-06:00,193.656,5.2,46.0,0.0,15.2,wind_drone_20260929
2026-09-29T16:54:33.722Z,2026-09-29T16:54:33.600Z,2026-09-29T10:54:33.722-06:00,193.863,5.1,46.0,0.0,15.2,wind_drone_20260929
2026-09-29T16:54:33.914Z,2026-09-29T16:54:33.800Z,2026-09-29T10:54:33.914-06:00,194.056,5.1,44.0,0.0,15.2,wind_drone_20260929
2026-09-29T16:54:34.121Z,2026-09-29T16:54:34.000Z,2026-09-29T10:54:34.121-06:00,194.263,5.1,46.0,0.0,15.2,wind_drone_20260929
2026-09-29T16:54:34.314Z,2026-09-29T16:54:34.200Z,2026-09-29T10:54:34.314-06:00,194.456,5.0,50.0,0.0,15.2,wind_drone_20260929
2026-09-29T16:54:34.521Z,2026-09-29T16:54:34.400Z,2026-09-29T10:54:34.521-06:00,194.663,4.9,52.0,0.0,15.2,wind_drone_20260929
2026-09-29T16:54:34.714Z,2026-09-29T16:54:34.600Z,2026-09-29T10:54:34.714-06:00,194.856,5.0,47.0,0.0,15.2,wind_drone_20260929
2026-09-29T16:54:34.921Z,2026-09-29T16:54:34.800Z,2026-09-29T10:54:34.921-06:00,195.063,5.0,47.0,0.0,15.2,wind_drone_20260929
2026-09-29T16:54:35.114Z,2026-09-29T16:54:35.000Z,2026-09-29T10:54:35.114-06:00,195.256,5.0,46.0,0.0,15.2,wind_drone_20260929
2026-09-29T16:54:35.321Z,2026-09-29T16:54:35.200Z,2026-09-29T10:54:35.321-06:00,195.463,5.0,45.0,0.0,15.2,wind_drone_20260929
2026-09-29T16:54:35.513Z,2026-09-29T16:54:35.400Z,2026-09-29T10:54:35.513-06:00,195.655,5.1,40.0,0.0,15.2,wind_drone_20260929
2026-09-29T16:54:35.721Z,2026-09-29T16:54:35.600Z,2026-09-29T10:54:35.721-06:00,195.862,5.1,38.0,0.0,15.2,wind_drone_20260929
2026-09-29T16:54:35.913Z,2026-09-29T16:54:35.800Z,2026-09-29T10:54:35.913-06:00,196.055,5.3,42.0,0.0,15.2,wind_drone_20260929
2026-09-29T16:54:36.121Z,2026-09-29T16:54:36.000Z,2026-09-29T10:54:36.121-06:00,196.262,5.5,40.0,0.0,15.2,wind_drone_20260929
2026-09-29T16:54:36.313Z,2026-09-29T16:54:36.200Z,2026-09-29T10:54:36.313-06:00,196.455,5.7,40.0,0.0,15.2,wind_drone_20260929
2026-09-29T16:54:36.520Z,2026-09-29T16:54:36.400Z,2026-09-29T10:54:36.520-06:00,196.662,5.9,41.0,0.0,15.2,wind_drone_20260929
2026-09-29T16:54:36.713Z,2026-09-29T16:54:36.600Z,2026-09-29T10:54:36.713-06:00,196.855,6.2,44.0,0.0,15.2,wind_drone_20260929
2026-09-29T16:54:36.920Z,2026-09-29T16:54:36.800Z,2026-09-29T10:54:36.920-06:00,197.062,6.4,40.0,0.0,15.2,wind_drone_20260929
2026-09-29T16:54:37.113Z,2026-09-29T16:54:37.000Z,2026-09-29T10:54:37.113-06:00,197.255,6.5,38.0,0.0,15.2,wind_drone_20260929
2026-09-29T16:54:37.320Z,2026-09-29T16:54:37.200Z,2026-09-29T10:54:37.320-06:00,197.462,6.6,38.0,0.0,15.2,wind_drone_20260929
2026-09-29T16:54:37.513Z,2026-09-29T16:54:37.400Z,2026-09-29T10:54:37.513-06:00,197.654,6.6,39.0,0.0,15.2,wind_drone_20260929
2026-09-29T16:54:37.720Z,2026-09-29T16:54:37.600Z,2026-09-29T10:54:37.720-06:00,197.862,6.6,43.0,0.0,15.2,wind_drone_20260929
2026-09-29T16:54:37.913Z,2026-09-29T16:54:37.800Z,2026-09-29T10:54:37.913-06:00,198.054,6.5,43.0,0.0,15.2,wind_drone_20260929
2026-09-29T16:54:38.120Z,2026-09-29T16:54:38.000Z,2026-09-29T10:54:38.120-06:00,198.262,6.5,45.0,0.0,15.2,wind_drone_20260929
2026-09-29T16:54:38.313Z,2026-09-29T16:54:38.200Z,2026-09-29T10:54:38.313-06:00,198.454,6.5,50.0,0.0,15.2,wind_drone_20260929
2026-09-29T16:54:38.520Z,2026-09-29T16:54:38.400Z,2026-09-29T10:54:38.520-06:00,198.661,6.4,53.0,0.0,15.2,wind_drone_20260929
2026-09-29T16:54:38.713Z,2026-09-29T16:54:38.600Z,2026-09-29T10:54:38.713-06:00,198.855,6.3,51.0,0.0,15.2,wind_drone_20260929
2026-09-29T16:54:38.920Z,2026-09-29T16:54:38.800Z,2026-09-29T10:54:38.920-06:00,199.061,6.3,50.0,0.0,15.2,wind_drone_20260929
2026-09-29T16:54:39.112Z,2026-09-29T16:54:39.000Z,2026-09-29T10:54:39.112-06:00,199.254,6.3,49.0,0.0,15.2,wind_drone_20260929
2026-09-29T16:54:39.320Z,2026-09-29T16:54:39.200Z,2026-09-29T10:54:39.320-06:00,199.462,6.3,52.0,0.0,15.2,wind_drone_20260929
2026-09-29T16:54:39.512Z,2026-09-29T16:54:39.400Z,2026-09-29T10:54:39.512-06:00,199.654,6.2,57.0,0.0,15.2,wind_drone_20260929
2026-09-29T16:54:39.719Z,2026-09-29T16:54:39.600Z,2026-09-29T10:54:39.719-06:00,199.861,6.2,61.0,0.0,15.2,wind_drone_20260929
2026-09-29T16:54:39.912Z,2026-09-29T16:54:39.800Z,2026-09-29T10:54:39.912-06:00,200.054,6.0,62.0,0.0,15.2,wind_drone_20260929
2026-09-29T16:54:40.119Z,2026-09-29T16:54:40.000Z,2026-09-29T10:54:40.119-06:00,200.261,5.9,63.0,0.0,15.2,wind_drone_20260929
2026-09-29T16:54:40.312Z,2026-09-29T16:54:40.200Z,2026-09-29T10:54:40.312-06:00,200.453,5.8,62.0,0.0,15.2,wind_drone_20260929
2026-09-29T16:54:40.519Z,2026-09-29T16:54:40.400Z,2026-09-29T10:54:40.519-06:00,200.661,5.8,62.0,0.0,15.2,wind_drone_20260929
2026-09-29T16:54:40.712Z,2026-09-29T16:54:40.600Z,2026-09-29T10:54:40.712-06:00,200.853,5.8,64.0,0.0,15.2,wind_drone_20260929
2026-09-29T16:54:40.919Z,2026-09-29T16:54:40.800Z,2026-09-29T10:54:40.919-06:00,201.061,5.9,63.0,0.0,15.2,wind_drone_20260929
2026-09-29T16:54:41.111Z,2026-09-29T16:54:41.000Z,2026-09-29T10:54:41.111-06:00,201.253,5.9,59.0,0.0,15.2,wind_drone_20260929
2026-09-29T16:54:41.319Z,2026-09-29T16:54:41.200Z,2026-09-29T10:54:41.319-06:00,201.46,5.9,53.0,0.0,15.2,wind_drone_20260929
2026-09-29T16:54:41.511Z,2026-09-29T16:54:41.400Z,2026-09-29T10:54:41.511-06:00,201.653,5.9,50.0,0.0,15.2,wind_drone_20260929
2026-09-29T16:54:41.719Z,2026-09-29T16:54:41.600Z,2026-09-29T10:54:41.719-06:00,201.86,6.0,48.0,0.0,15.2,wind_drone_20260929
2026-09-29T16:54:41.912Z,2026-09-29T16:54:41.800Z,2026-09-29T10:54:41.912-06:00,202.053,5.9,49.0,0.0,15.2,wind_drone_20260929
2026-09-29T16:54:42.119Z,2026-09-29T16:54:42.000Z,2026-09-29T10:54:42.119-06:00,202.26,5.9,52.0,0.0,15.2,wind_drone_20260929
2026-09-29T16:54:42.311Z,2026-09-29T16:54:42.200Z,2026-09-29T10:54:42.311-06:00,202.453,5.7,45.0,0.0,15.2,wind_drone_20260929
2026-09-29T16:54:42.518Z,2026-09-29T16:54:42.400Z,2026-09-29T10:54:42.518-06:00,202.66,5.6,38.0,0.0,15.2,wind_drone_20260929
2026-09-29T16:54:42.712Z,2026-09-29T16:54:42.600Z,2026-09-29T10:54:42.712-06:00,202.853,5.5,44.0,0.0,15.2,wind_drone_20260929
2026-09-29T16:54:42.918Z,2026-09-29T16:54:42.800Z,2026-09-29T10:54:42.918-06:00,203.06,5.4,45.0,0.0,15.2,wind_drone_20260929
2026-09-29T16:54:43.111Z,2026-09-29T16:54:43.000Z,2026-09-29T10:54:43.111-06:00,203.253,5.3,47.0,0.0,15.2,wind_drone_20260929
2026-09-29T16:54:43.318Z,2026-09-29T16:54:43.200Z,2026-09-29T10:54:43.318-06:00,203.46,5.3,43.0,0.0,15.2,wind_drone_20260929
2026-09-29T16:54:43.511Z,2026-09-29T16:54:43.400Z,2026-09-29T10:54:43.511-06:00,203.653,5.3,45.0,0.0,15.2,wind_drone_20260929
2026-09-29T16:54:43.718Z,2026-09-29T16:54:43.600Z,2026-09-29T10:54:43.718-06:00,203.859,5.3,44.0,0.0,15.2,wind_drone_20260929
2026-09-29T16:54:43.911Z,2026-09-29T16:54:43.800Z,2026-09-29T10:54:43.911-06:00,204.053,5.3,43.0,0.0,15.2,wind_drone_20260929
2026-09-29T16:54:44.118Z,2026-09-29T16:54:44.000Z,2026-09-29T10:54:44.118-06:00,204.26,5.4,44.0,0.0,15.2,wind_drone_20260929
2026-09-29T16:54:44.311Z,2026-09-29T16:54:44.200Z,2026-09-29T10:54:44.311-06:00,204.453,5.4,46.0,0.0,15.2,wind_drone_20260929
2026-09-29T16:54:44.518Z,2026-09-29T16:54:44.400Z,2026-09-29T10:54:44.518-06:00,204.659,5.4,44.0,0.0,15.2,wind_drone_20260929
2026-09-29T16:54:44.711Z,2026-09-29T16:54:44.600Z,2026-09-29T10:54:44.711-06:00,204.852,5.3,45.0,0.0,15.2,wind_drone_20260929
2026-09-29T16:54:44.918Z,2026-09-29T16:54:44.800Z,2026-09-29T10:54:44.918-06:00,205.059,5.3,46.0,0.0,15.2,wind_drone_20260929
2026-09-29T16:54:45.111Z,2026-09-29T16:54:45.000Z,2026-09-29T10:54:45.111-06:00,205.252,5.2,47.0,0.0,15.2,wind_drone_20260929
2026-09-29T16:54:45.317Z,2026-09-29T16:54:45.200Z,2026-09-29T10:54:45.317-06:00,205.459,5.2,48.0,0.0,15.2,wind_drone_20260929
2026-09-29T16:54:45.510Z,2026-09-29T16:54:45.400Z,2026-09-29T10:54:45.510-06:00,205.652,5.1,50.0,0.0,15.2,wind_drone_20260929
2026-09-29T16:54:45.717Z,2026-09-29T16:54:45.600Z,2026-09-29T10:54:45.717-06:00,205.859,5.1,52.0,0.0,15.2,wind_drone_20260929
2026-09-29T16:54:45.925Z,2026-09-29T16:54:45.800Z,2026-09-29T10:54:45.925-06:00,206.066,5.2,54.0,0.0,15.2,wind_drone_20260929
2026-09-29T16:54:46.117Z,2026-09-29T16:54:46.000Z,2026-09-29T10:54:46.117-06:00,206.259,5.2,54.0,0.0,15.2,wind_drone_20260929
2026-09-29T16:54:46.324Z,2026-09-29T16:54:46.200Z,2026-09-29T10:54:46.324-06:00,206.466,5.2,56.0,0.0,15.2,wind_drone_20260929
2026-09-29T16:54:46.517Z,2026-09-29T16:54:46.400Z,2026-09-29T10:54:46.517-06:00,206.659,5.3,55.0,0.0,15.2,wind_drone_20260929
2026-09-29T16:54:46.724Z,2026-09-29T16:54:46.600Z,2026-09-29T10:54:46.724-06:00,206.866,5.2,54.0,0.0,15.2,wind_drone_20260929
2026-09-29T16:54:46.917Z,2026-09-29T16:54:46.800Z,2026-09-29T10:54:46.917-06:00,207.059,5.2,55.0,0.0,15.2,wind_drone_20260929
2026-09-29T16:54:47.124Z,2026-09-29T16:54:47.000Z,2026-09-29T10:54:47.124-06:00,207.266,5.1,56.0,0.0,15.2,wind_drone_20260929
2026-09-29T16:54:47.317Z,2026-09-29T16:54:47.200Z,2026-09-29T10:54:47.317-06:00,207.458,5.1,54.0,0.0,15.2,wind_drone_20260929
2026-09-29T16:54:47.524Z,2026-09-29T16:54:47.400Z,2026-09-29T10:54:47.524-06:00,207.666,5.1,57.0,0.0,15.2,wind_drone_20260929
2026-09-29T16:54:47.717Z,2026-09-29T16:54:47.600Z,2026-09-29T10:54:47.717-06:00,207.858,5.1,54.0,0.0,15.2,wind_drone_20260929
2026-09-29T16:54:47.924Z,2026-09-29T16:54:47.800Z,2026-09-29T10:54:47.924-06:00,208.066,5.1,55.0,0.0,15.2,wind_drone_20260929
2026-09-29T16:54:48.117Z,2026-09-29T16:54:48.000Z,2026-09-29T10:54:48.117-06:00,208.258,5.0,55.0,0.0,15.2,wind_drone_20260929
2026-09-29T16:54:48.324Z,2026-09-29T16:54:48.200Z,2026-09-29T10:54:48.324-06:00,208.465,5.0,55.0,0.0,15.2,wind_drone_20260929
2026-09-29T16:54:48.516Z,2026-09-29T16:54:48.400Z,2026-09-29T10:54:48.516-06:00,208.658,5.0,53.0,0.0,15.2,wind_drone_20260929
2026-09-29T16:54:48.724Z,2026-09-29T16:54:48.600Z,2026-09-29T10:54:48.724-06:00,208.865,5.0,52.0,0.0,15.2,wind_drone_20260929
2026-09-29T16:54:48.916Z,2026-09-29T16:54:48.800Z,2026-09-29T10:54:48.916-06:00,209.058,4.9,49.0,0.0,15.2,wind_drone_20260929
2026-09-29T16:54:49.123Z,2026-09-29T16:54:49.000Z,2026-09-29T10:54:49.123-06:00,209.265,4.8,47.0,0.0,15.2,wind_drone_20260929
2026-09-29T16:54:49.316Z,2026-09-29T16:54:49.200Z,2026-09-29T10:54:49.316-06:00,209.458,4.6,43.0,0.0,15.2,wind_drone_20260929
2026-09-29T16:54:49.523Z,2026-09-29T16:54:49.400Z,2026-09-29T10:54:49.523-06:00,209.665,4.5,42.0,0.0,15.2,wind_drone_20260929
2026-09-29T16:54:49.716Z,2026-09-29T16:54:49.600Z,2026-09-29T10:54:49.716-06:00,209.857,4.5,45.0,0.0,15.2,wind_drone_20260929
2026-09-29T16:54:49.923Z,2026-09-29T16:54:49.800Z,2026-09-29T10:54:49.923-06:00,210.065,4.4,41.0,0.0,15.2,wind_drone_20260929
2026-09-29T16:54:50.116Z,2026-09-29T16:54:50.000Z,2026-09-29T10:54:50.116-06:00,210.258,4.3,37.0,0.0,15.2,wind_drone_20260929
2026-09-29T16:54:50.323Z,2026-09-29T16:54:50.200Z,2026-09-29T10:54:50.323-06:00,210.465,4.2,38.0,0.0,15.2,wind_drone_20260929
2026-09-29T16:54:50.515Z,2026-09-29T16:54:50.400Z,2026-09-29T10:54:50.515-06:00,210.657,4.2,38.0,0.0,15.2,wind_drone_20260929
2026-09-29T16:54:50.723Z,2026-09-29T16:54:50.600Z,2026-09-29T10:54:50.723-06:00,210.864,4.2,41.0,0.0,15.2,wind_drone_20260929
2026-09-29T16:54:50.916Z,2026-09-29T16:54:50.800Z,2026-09-29T10:54:50.916-06:00,211.057,4.2,41.0,0.0,15.2,wind_drone_20260929
2026-09-29T16:54:51.123Z,2026-09-29T16:54:51.000Z,2026-09-29T10:54:51.123-06:00,211.264,4.3,39.0,0.0,15.2,wind_drone_20260929
2026-09-29T16:54:51.315Z,2026-09-29T16:54:51.200Z,2026-09-29T10:54:51.315-06:00,211.457,4.3,35.0,0.0,15.2,wind_drone_20260929
2026-09-29T16:54:51.523Z,2026-09-29T16:54:51.400Z,2026-09-29T10:54:51.523-06:00,211.664,4.3,36.0,0.0,15.2,wind_drone_20260929
2026-09-29T16:54:51.715Z,2026-09-29T16:54:51.600Z,2026-09-29T10:54:51.715-06:00,211.857,4.3,36.0,0.0,15.2,wind_drone_20260929
2026-09-29T16:54:51.922Z,2026-09-29T16:54:51.800Z,2026-09-29T10:54:51.922-06:00,212.064,4.1,34.0,0.0,15.2,wind_drone_20260929
2026-09-29T16:54:52.115Z,2026-09-29T16:54:52.000Z,2026-09-29T10:54:52.115-06:00,212.257,4.0,32.0,0.0,15.2,wind_drone_20260929
2026-09-29T16:54:52.322Z,2026-09-29T16:54:52.200Z,2026-09-29T10:54:52.322-06:00,212.464,4.0,32.0,0.0,15.2,wind_drone_20260929
2026-09-29T16:54:52.515Z,2026-09-29T16:54:52.400Z,2026-09-29T10:54:52.515-06:00,212.657,4.1,33.0,0.0,15.2,wind_drone_20260929
2026-09-29T16:54:52.722Z,2026-09-29T16:54:52.600Z,2026-09-29T10:54:52.722-06:00,212.864,4.1,36.0,0.0,15.2,wind_drone_20260929
2026-09-29T16:54:52.915Z,2026-09-29T16:54:52.800Z,2026-09-29T10:54:52.915-06:00,213.057,4.1,35.0,0.0,15.2,wind_drone_20260929
2026-09-29T16:54:53.122Z,2026-09-29T16:54:53.000Z,2026-09-29T10:54:53.122-06:00,213.264,4.2,41.0,0.0,15.2,wind_drone_20260929
2026-09-29T16:54:53.315Z,2026-09-29T16:54:53.200Z,2026-09-29T10:54:53.315-06:00,213.456,4.3,45.0,0.0,15.2,wind_drone_20260929
2026-09-29T16:54:53.522Z,2026-09-29T16:54:53.400Z,2026-09-29T10:54:53.522-06:00,213.664,4.3,37.0,0.0,15.2,wind_drone_20260929
2026-09-29T16:54:53.714Z,2026-09-29T16:54:53.600Z,2026-09-29T10:54:53.714-06:00,213.856,4.5,41.0,0.0,15.2,wind_drone_20260929
2026-09-29T16:54:53.922Z,2026-09-29T16:54:53.800Z,2026-09-29T10:54:53.922-06:00,214.064,4.5,46.0,0.0,15.2,wind_drone_20260929
2026-09-29T16:54:54.115Z,2026-09-29T16:54:54.000Z,2026-09-29T10:54:54.115-06:00,214.257,4.4,43.0,0.0,15.2,wind_drone_20260929
2026-09-29T16:54:54.321Z,2026-09-29T16:54:54.200Z,2026-09-29T10:54:54.321-06:00,214.463,4.3,39.0,0.0,15.2,wind_drone_20260929
2026-09-29T16:54:54.514Z,2026-09-29T16:54:54.400Z,2026-09-29T10:54:54.514-06:00,214.656,4.2,41.0,0.0,15.2,wind_drone_20260929
2026-09-29T16:54:54.721Z,2026-09-29T16:54:54.600Z,2026-09-29T10:54:54.721-06:00,214.863,4.1,43.0,0.0,15.2,wind_drone_20260929
2026-09-29T16:54:54.914Z,2026-09-29T16:54:54.800Z,2026-09-29T10:54:54.914-06:00,215.056,4.0,43.0,0.0,15.2,wind_drone_20260929
2026-09-29T16:54:55.121Z,2026-09-29T16:54:55.000Z,2026-09-29T10:54:55.121-06:00,215.263,4.0,46.0,0.0,15.2,wind_drone_20260929
2026-09-29T16:54:55.314Z,2026-09-29T16:54:55.200Z,2026-09-29T10:54:55.314-06:00,215.456,4.1,50.0,0.0,15.2,wind_drone_20260929
2026-09-29T16:54:55.521Z,2026-09-29T16:54:55.400Z,2026-09-29T10:54:55.521-06:00,215.663,4.1,52.0,0.0,15.2,wind_drone_20260929
2026-09-29T16:54:55.714Z,2026-09-29T16:54:55.600Z,2026-09-29T10:54:55.714-06:00,215.856,4.1,51.0,0.0,15.2,wind_drone_20260929
2026-09-29T16:54:55.921Z,2026-09-29T16:54:55.800Z,2026-09-29T10:54:55.921-06:00,216.063,4.0,48.0,0.0,15.2,wind_drone_20260929
2026-09-29T16:54:56.114Z,2026-09-29T16:54:56.000Z,2026-09-29T10:54:56.114-06:00,216.255,4.0,51.0,0.0,15.2,wind_drone_20260929
2026-09-29T16:54:56.321Z,2026-09-29T16:54:56.200Z,2026-09-29T10:54:56.321-06:00,216.463,4.0,54.0,0.0,15.2,wind_drone_20260929
2026-09-29T16:54:56.514Z,2026-09-29T16:54:56.400Z,2026-09-29T10:54:56.514-06:00,216.655,4.1,54.0,0.0,15.2,wind_drone_20260929
2026-09-29T16:54:56.721Z,2026-09-29T16:54:56.600Z,2026-09-29T10:54:56.721-06:00,216.862,4.0,55.0,0.0,15.2,wind_drone_20260929
2026-09-29T16:54:56.914Z,2026-09-29T16:54:56.800Z,2026-09-29T10:54:56.914-06:00,217.055,3.9,55.0,0.0,15.2,wind_drone_20260929
2026-09-29T16:54:57.121Z,2026-09-29T16:54:57.000Z,2026-09-29T10:54:57.121-06:00,217.262,3.9,56.0,0.0,15.2,wind_drone_20260929
2026-09-29T16:54:57.313Z,2026-09-29T16:54:57.200Z,2026-09-29T10:54:57.313-06:00,217.455,4.0,56.0,0.0,15.3,wind_drone_20260929
2026-09-29T16:54:57.520Z,2026-09-29T16:54:57.400Z,2026-09-29T10:54:57.520-06:00,217.662,4.2,59.0,0.0,15.3,wind_drone_20260929
2026-09-29T16:54:57.713Z,2026-09-29T16:54:57.600Z,2026-09-29T10:54:57.713-06:00,217.855,4.4,59.0,0.0,15.3,wind_drone_20260929
2026-09-29T16:54:57.920Z,2026-09-29T16:54:57.800Z,2026-09-29T10:54:57.920-06:00,218.062,4.7,61.0,0.0,15.3,wind_drone_20260929
2026-09-29T16:54:58.113Z,2026-09-29T16:54:58.000Z,2026-09-29T10:54:58.113-06:00,218.255,4.9,63.0,0.0,15.3,wind_drone_20260929
2026-09-29T16:54:58.320Z,2026-09-29T16:54:58.200Z,2026-09-29T10:54:58.320-06:00,218.462,5.1,63.0,0.0,15.3,wind_drone_20260929
2026-09-29T16:54:58.513Z,2026-09-29T16:54:58.400Z,2026-09-29T10:54:58.513-06:00,218.655,5.3,62.0,0.0,15.3,wind_drone_20260929
2026-09-29T16:54:58.720Z,2026-09-29T16:54:58.600Z,2026-09-29T10:54:58.720-06:00,218.862,5.4,64.0,0.0,15.3,wind_drone_20260929
2026-09-29T16:54:58.913Z,2026-09-29T16:54:58.800Z,2026-09-29T10:54:58.913-06:00,219.054,5.5,65.0,0.0,15.3,wind_drone_20260929
2026-09-29T16:54:59.120Z,2026-09-29T16:54:59.000Z,2026-09-29T10:54:59.120-06:00,219.262,5.4,66.0,0.0,15.3,wind_drone_20260929
2026-09-29T16:54:59.313Z,2026-09-29T16:54:59.200Z,2026-09-29T10:54:59.313-06:00,219.454,5.4,69.0,0.0,15.3,wind_drone_20260929
2026-09-29T16:54:59.520Z,2026-09-29T16:54:59.400Z,2026-09-29T10:54:59.520-06:00,219.661,5.3,66.0,0.0,15.3,wind_drone_20260929
2026-09-29T16:54:59.712Z,2026-09-29T16:54:59.600Z,2026-09-29T10:54:59.712-06:00,219.854,5.2,67.0,0.0,15.3,wind_drone_20260929
2026-09-29T16:54:59.920Z,2026-09-29T16:54:59.800Z,2026-09-29T10:54:59.920-06:00,220.061,5.1,69.0,0.0,15.3,wind_drone_20260929
2026-09-29T16:55:00.112Z,2026-09-29T16:55:00.000Z,2026-09-29T10:55:00.112-06:00,220.254,5.1,68.0,0.0,15.3,wind_drone_20260929
2026-09-29T16:55:00.319Z,2026-09-29T16:55:00.200Z,2026-09-29T10:55:00.319-06:00,220.461,5.1,72.0,0.0,15.3,wind_drone_20260929
2026-09-29T16:55:00.513Z,2026-09-29T16:55:00.400Z,2026-09-29T10:55:00.513-06:00,220.654,5.1,72.0,0.0,15.3,wind_drone_20260929
2026-09-29T16:55:00.720Z,2026-09-29T16:55:00.600Z,2026-09-29T10:55:00.720-06:00,220.861,5.1,68.0,0.0,15.3,wind_drone_20260929
2026-09-29T16:55:00.912Z,2026-09-29T16:55:00.800Z,2026-09-29T10:55:00.912-06:00,221.054,5.2,68.0,0.0,15.3,wind_drone_20260929
2026-09-29T16:55:01.119Z,2026-09-29T16:55:01.000Z,2026-09-29T10:55:01.119-06:00,221.261,5.3,70.0,0.0,15.3,wind_drone_20260929
2026-09-29T16:55:01.312Z,2026-09-29T16:55:01.200Z,2026-09-29T10:55:01.312-06:00,221.454,5.4,71.0,0.0,15.3,wind_drone_20260929
2026-09-29T16:55:01.519Z,2026-09-29T16:55:01.400Z,2026-09-29T10:55:01.519-06:00,221.661,5.5,74.0,0.0,15.3,wind_drone_20260929
2026-09-29T16:55:01.712Z,2026-09-29T16:55:01.600Z,2026-09-29T10:55:01.712-06:00,221.854,5.7,72.0,0.0,15.3,wind_drone_20260929
2026-09-29T16:55:01.919Z,2026-09-29T16:55:01.800Z,2026-09-29T10:55:01.919-06:00,222.061,5.8,72.0,0.0,15.3,wind_drone_20260929
2026-09-29T16:55:02.112Z,2026-09-29T16:55:02.000Z,2026-09-29T10:55:02.112-06:00,222.254,5.8,69.0,0.0,15.3,wind_drone_20260929
2026-09-29T16:55:02.319Z,2026-09-29T16:55:02.200Z,2026-09-29T10:55:02.319-06:00,222.461,5.9,71.0,0.0,15.3,wind_drone_20260929
2026-09-29T16:55:02.511Z,2026-09-29T16:55:02.400Z,2026-09-29T10:55:02.511-06:00,222.653,5.9,71.0,0.0,15.3,wind_drone_20260929
2026-09-29T16:55:02.719Z,2026-09-29T16:55:02.600Z,2026-09-29T10:55:02.719-06:00,222.86,5.8,67.0,0.0,15.3,wind_drone_20260929
2026-09-29T16:55:02.911Z,2026-09-29T16:55:02.800Z,2026-09-29T10:55:02.911-06:00,223.053,5.9,62.0,0.0,15.3,wind_drone_20260929
2026-09-29T16:55:03.119Z,2026-09-29T16:55:03.000Z,2026-09-29T10:55:03.119-06:00,223.26,5.9,64.0,0.0,15.3,wind_drone_20260929
2026-09-29T16:55:03.311Z,2026-09-29T16:55:03.200Z,2026-09-29T10:55:03.311-06:00,223.453,5.8,63.0,0.0,15.3,wind_drone_20260929
2026-09-29T16:55:03.518Z,2026-09-29T16:55:03.400Z,2026-09-29T10:55:03.518-06:00,223.66,5.8,62.0,0.0,15.3,wind_drone_20260929
2026-09-29T16:55:03.711Z,2026-09-29T16:55:03.600Z,2026-09-29T10:55:03.711-06:00,223.853,5.8,62.0,0.0,15.3,wind_drone_20260929
2026-09-29T16:55:03.918Z,2026-09-29T16:55:03.800Z,2026-09-29T10:55:03.918-06:00,224.06,5.9,64.0,0.0,15.3,wind_drone_20260929
2026-09-29T16:55:04.111Z,2026-09-29T16:55:04.000Z,2026-09-29T10:55:04.111-06:00,224.253,5.9,62.0,0.0,15.3,wind_drone_20260929
2026-09-29T16:55:04.318Z,2026-09-29T16:55:04.200Z,2026-09-29T10:55:04.318-06:00,224.46,5.9,59.0,0.0,15.3,wind_drone_20260929
2026-09-29T16:55:04.511Z,2026-09-29T16:55:04.400Z,2026-09-29T10:55:04.511-06:00,224.653,5.9,60.0,0.0,15.3,wind_drone_20260929
2026-09-29T16:55:04.718Z,2026-09-29T16:55:04.600Z,2026-09-29T10:55:04.718-06:00,224.86,6.0,62.0,0.0,15.3,wind_drone_20260929
2026-09-29T16:55:04.911Z,2026-09-29T16:55:04.800Z,2026-09-29T10:55:04.911-06:00,225.053,6.1,60.0,0.0,15.3,wind_drone_20260929
2026-09-29T16:55:05.118Z,2026-09-29T16:55:05.000Z,2026-09-29T10:55:05.118-06:00,225.259,6.1,56.0,0.0,15.3,wind_drone_20260929
2026-09-29T16:55:05.311Z,2026-09-29T16:55:05.200Z,2026-09-29T10:55:05.311-06:00,225.452,6.2,54.0,0.0,15.3,wind_drone_20260929
2026-09-29T16:55:05.518Z,2026-09-29T16:55:05.400Z,2026-09-29T10:55:05.518-06:00,225.659,6.2,56.0,0.0,15.3,wind_drone_20260929
2026-09-29T16:55:05.709Z,2026-09-29T16:55:05.600Z,2026-09-29T10:55:05.709-06:00,225.851,6.2,55.0,0.0,15.3,wind_drone_20260929
2026-09-29T16:55:05.917Z,2026-09-29T16:55:05.800Z,2026-09-29T10:55:05.917-06:00,226.059,6.3,55.0,0.0,15.3,wind_drone_20260929
2026-09-29T16:55:06.109Z,2026-09-29T16:55:06.000Z,2026-09-29T10:55:06.109-06:00,226.251,6.3,55.0,0.0,15.3,wind_drone_20260929
2026-09-29T16:55:06.317Z,2026-09-29T16:55:06.200Z,2026-09-29T10:55:06.317-06:00,226.459,6.3,49.0,0.0,15.3,wind_drone_20260929
2026-09-29T16:55:06.510Z,2026-09-29T16:55:06.400Z,2026-09-29T10:55:06.510-06:00,226.652,6.2,47.0,0.0,15.3,wind_drone_20260929
2026-09-29T16:55:06.717Z,2026-09-29T16:55:06.600Z,2026-09-29T10:55:06.717-06:00,226.859,6.2,47.0,0.0,15.3,wind_drone_20260929
