time_utc,time_gps_utc,elapsed_s,sample_n,armed,flight_mode,mission_seq,wp_dist_m,roll_deg,pitch_deg,yaw_deg,roll_rate_deg_s,pitch_rate_deg_s,yaw_rate_deg_s,lat_deg,lon_deg,alt_msl_m,alt_rel_m,vel_n_m_s,vel_e_m_s,vel_d_m_s,heading_deg,north_m,east_m,gps_lat_deg,gps_lon_deg,gps_alt_m,gps_speed_m_s,gps_course_deg,gps_sats,gps_fix_type,gps_hdop,gps_vdop,groundspeed_m_s,airspeed_m_s,climb_m_s,throttle_pct,acc_x_m_s2,acc_y_m_s2,acc_z_m_s2,gyro_x_rad_s,gyro_y_rad_s,gyro_z_rad_s,mag_x_mgauss,mag_y_mgauss,mag_z_mgauss,batt_voltage_v,batt_current_a,batt_consumed_mah,batt_remaining_pct,batt_temp_c,motor1_us,motor2_us,motor3_us,motor4_us,vib_x_m_s2,vib_y_m_s2,vib_z_m_s2,clip_0,clip_1,clip_2,ekf_flags,ekf_vel_var,ekf_pos_horiz_var,ekf_pos_vert_var,ekf_compass_var,baro_press_hpa,baro_temp_c,ap_wind_dir_deg,ap_wind_speed_m_s,ap_wind_speed_z_m_s,RTC_UTC,GPS_Synced,Battery_Current_A,Battery_Voltage_V,Battery_Power_W,PM_Power_W
2026-04-08T16:57:11.937Z,2026-04-08T16:57:11.937Z,0.0,0,,,,,0.0,0.0,0.0,0.0,0.0,0.0,,,0.0,0.0,0.0,0.0,0.0,0.0,,,,,0.0,0.0,,0,,,,0.0,,-0.0,,0.009807,0.0,0.0,0.0,0.0,0.0,0.0,0.0,0.0,,,,,22.75,,,,,,,,,,,,,,,,,,,,,2026-04-01 14:44:00,False,34.705,10.896,380.802,0.0
2026-04-08T16:57:12.005Z,2026-04-08T16:57:12.005Z,0.068,1,,,,,-2.291831,1.48969,173.205141,-0.0,-0.0,-0.114592,39.018744,-104.8934947,2160.0,-0.45,0.0,0.01,-0.01,173.18,0.0,0.0,39.018744,-104.8934948,2160.96,0.03,,29,,,,0.01,,0.01,,0.137293,0.196133,-9.816457,0.0,0.0,0.0,-224.0,-64.0,450.0,,,,,22.75,,,,,,,,,,,,,,,,,,,,,2026-04-01 14:44:00,False,34.811,10.901,380.554,0.0
2026-04-08T16:57:12.077Z,2026-04-08T16:57:12.077Z,0.14,2,,,,,-2.291831,1.48969,173.205141,0.0,0.0,0.0,39.018744,-104.8934947,2160.01,-0.448,0.0,0.0,-0.01,173.18,0.0,0.0,39.018744,-104.8934948,2160.96,0.03,,29,,,,0.0,,0.01,,0.156906,0.20594,-9.80665,0.0,0.0,0.0,-224.0,-64.0,450.0,,,,,22.75,,,,,,,,,,,,,,,,,,,,,2026-04-01 14:44:00,True,34.788,10.896,380.471,0.0
2026-04-08T16:57:12.152Z,2026-04-08T16:57:12.152Z,0.215,3,,,,,-2.291831,1.48969,173.205141,-0.0,0.0,0.057296,39.018744,-104.8934947,2160.01,-0.445,0.0,0.0,-0.01,173.18,0.0,0.0,39.0187439,-104.8934948,2160.97,0.03,,29,,,,0.0,,0.01,,0.11768,0.196133,-9.80665,0.0,0.0,0.0,-223.0,-64.0,449.0,16.434,0.01,0.0,99.0,23.0,,,,,,,,,,,,,,,,,,,,,2026-04-01 14:44:00,True,34.811,10.894,380.802,0.164
2026-04-08T16:57:12.232Z,2026-04-08T16:57:12.232Z,0.295,4,,,,,-2.291831,1.48969,173.205141,0.0,0.057296,-0.0,39.018744,-104.8934947,2160.01,-0.441,0.0,0.0,-0.01,173.18,0.0,0.0,39.0187439,-104.8934948,2160.97,0.03,,29,,,,0.0,,0.01,,0.11768,0.186326,-9.80665,0.0,0.0,0.0,-223.0,-64.0,450.0,16.434,0.01,0.0,99.0,22.75,,,,,,,,,,,,,,,,,,,,,2026-04-01 14:44:00,True,34.795,10.892,380.72,0.164
2026-04-08T16:57:12.331Z,2026-04-08T16:57:12.331Z,0.394,5,,,,,-2.291831,1.48969,173.205141,-0.0,0.0,-0.0,39.018744,-104.8934947,2160.02,-0.439,0.0,0.0,-0.01,173.18,0.0,0.0,39.0187439,-104.8934948,2160.97,0.04,,29,,,,0.0,,0.01,,0.137293,0.186326,-9.816457,0.0,0.0,0.0,-223.0,-64.0,449.0,16.434,0.01,0.0,99.0,22.75,,,,,,,,,,,,,,,,,,,,,2026-04-01 14:44:01,True,34.758,10.894,380.637,0.164
2026-04-08T16:57:12.409Z,2026-04-08T16:57:12.409Z,0.472,6,,,,,-2.291831,1.48969,173.205141,-0.0,-0.0,-0.057296,39.018744,-104.8934947,2160.02,-0.436,0.0,0.0,-0.01,173.18,0.0,0.0,39.0187439,-104.8934948,2160.97,0.04,,29,,,,0.0,,0.01,,0.137293,0.196133,-9.826263,0.0,0.0,-0.001,-224.0,-64.0,450.0,16.434,0.01,0.0,99.0,23.0,,,,,,,,,,,,,,,,,,,,,2026-04-01 14:44:01,True,34.811,10.889,380.554,0.164
2026-04-08T16:57:12.486Z,2026-04-08T16:57:12.486Z,0.549,7,,,,,-2.291831,1.48969,173.205141,0.0,0.0,-0.0,39.018744,-104.8934947,2160.02,-0.433,0.0,0.0,-0.02,173.18,0.0,0.0,39.0187439,-104.8934948,2160.97,0.04,,29,,,,0.0,,0.02,,0.137293,0.196133,-9.816457,0.0,0.0,0.0,-224.0,-64.0,450.0,16.434,0.01,0.0,99.0,23.0,,,,,,,,,,,,,,,,,,,,,2026-04-01 14:44:01,True,34.795,10.887,380.802,0.164
2026-04-08T16:57:12.560Z,2026-04-08T16:57:12.560Z,0.623,8,,,,,-2.291831,1.48969,173.205141,0.0,0.0,0.0,39.018744,-104.8934947,2160.03,-0.428,0.0,0.0,-0.02,173.18,0.0,0.0,39.018744,-104.8934948,2160.98,0.03,,29,,,,0.0,,0.02,,0.137293,0.20594,-9.816457,0.0,0.0,0.0,-223.0,-64.0,450.0,16.422,0.01,0.0,99.0,23.0,,,,,,,,,,,,,,,,,,,,,2026-04-01 14:44:01,True,34.803,10.892,380.885,0.164
2026-04-08T16:57:12.644Z,2026-04-08T16:57:12.644Z,0.707,9,,,,,-2.291831,1.48969,173.205141,0.0,0.0,0.057296,39.018744,-104.8934947,2160.03,-0.425,0.0,0.0,-0.02,173.18,0.0,0.0,39.018744,-104.8934948,2160.98,0.03,,29,,,,0.0,,0.02,,0.137293,0.196133,-9.816457,0.0,0.0,0.0,-224.0,-64.0,450.0,16.422,0.01,0.0,99.0,22.75,,,,,,,,,,,,,,,,,,,,,2026-04-01 14:44:01,True,34.765,10.885,380.637,0.164
2026-04-08T16:57:12.722Z,2026-04-08T16:57:12.722Z,0.785,10,,,,,-2.291831,1.48969,173.205141,-0.0,-0.0,0.057296,39.018744,-104.8934947,2160.03,-0.421,0.0,0.0,-0.02,173.18,0.0,0.0,39.018744,-104.8934949,2160.97,0.0,,29,,,,0.0,,0.02,,0.1471,0.20594,-9.80665,0.0,0.0,0.0,-223.0,-64.0,449.0,16.422,0.01,0.0,99.0,22.75,,,,,,,,,,,,,,,,,,,,,2026-04-01 14:44:01,True,34.795,10.892,381.134,0.164
2026-04-08T16:57:12.789Z,2026-04-08T16:57:12.789Z,0.852,11,,,,,-2.291831,1.48969,173.205141,-0.057296,-0.0,-0.057296,39.018744,-104.8934947,2160.03,-0.42,0.0,0.0,-0.02,173.18,0.0,0.0,39.018744,-104.8934949,2160.97,0.0,,29,,,,0.0,,0.02,,0.137293,0.196133,-9.796843,0.0,0.0,-0.001,-224.0,-64.0,450.0,16.43,0.01,0.0,99.0,23.0,,,,,,,,,,,,,,,,,,,,,2026-04-01 14:44:01,True,34.818,10.901,380.471,0.164
2026-04-08T16:57:12.869Z,2026-04-08T16:57:12.869Z,0.932,12,,,,,-2.291831,1.48969,173.205141,-0.0,0.0,0.057296,39.018744,-104.8934947,2160.04,-0.419,0.0,0.0,-0.02,173.18,0.0,0.0,39.018744,-104.8934949,2160.97,0.0,,29,,,,0.0,,0.02,,0.1471,0.20594,-9.80665,0.0,0.0,0.0,-224.0,-64.0,450.0,16.43,0.01,0.0,99.0,23.0,,,,,,,,,,,,,,,,,,,,,2026-04-01 14:44:01,True,34.795,10.894,380.637,0.164
2026-04-08T16:57:12.937Z,2026-04-08T16:57:12.937Z,1.0,13,,,,,-2.291831,1.48969,173.205141,0.057296,0.0,0.057296,39.018744,-104.8934947,2160.04,-0.418,0.0,0.0,-0.02,173.18,0.0,0.0,39.018744,-104.8934949,2160.96,0.0,,29,,,,0.0,,0.02,,0.137293,0.196133,-9.80665,0.0,0.0,0.0,-224.0,-64.0,449.0,16.43,0.01,0.0,99.0,23.0,,,,,,,,,,,,,,,,,,,,,2026-04-01 14:44:01,True,34.818,10.896,380.637,0.164
2026-04-08T16:57:13.007Z,2026-04-08T16:57:13.007Z,1.07,14,,,,,-2.291831,1.48969,173.205141,-0.057296,-0.0,0.0,39.018744,-104.8934947,2160.04,-0.418,0.0,0.0,-0.01,173.18,0.0,0.0,39.018744,-104.8934949,2160.96,0.0,,29,,,,0.0,,0.01,,0.137293,0.20594,-9.80665,0.0,0.0,0.0,-224.0,-64.0,450.0,16.43,0.01,0.0,99.0,22.75,,,,,,,,,,,,,,,,,,,,,2026-04-01 14:44:01,True,34.811,10.904,380.802,0.164
2026-04-08T16:57:13.076Z,2026-04-08T16:57:13.076Z,1.139,15,,,,,-2.291831,1.48969,173.205141,-0.0,-0.0,-0.057296,39.018744,-104.8934947,2160.04,-0.418,0.0,0.0,-0.01,173.18,0.0,0.0,39.018744,-104.8934949,2160.96,0.0,,29,,,,0.0,,0.01,,0.137293,0.215746,-9.796843,0.0,0.0,-0.001,-224.0,-64.0,450.0,16.43,0.01,0.0,99.0,23.0,,,,,,,,,,,,,,,,,,,,,2026-04-01 14:44:01,True,34.803,10.899,380.554,0.164
2026-04-08T16:57:13.145Z,2026-04-08T16:57:13.145Z,1.208,16,,,,,-2.291831,1.48969,173.205141,0.0,-0.0,-0.0,39.018744,-104.8934947,2160.04,-0.417,0.0,0.0,-0.01,173.18,0.0,0.0,39.018744,-104.8934949,2160.97,0.0,,29,,,,0.0,,0.01,,0.1471,0.196133,-9.816457,0.0,0.0,0.0,-223.0,-64.0,450.0,16.437,0.01,0.0,99.0,22.75,,,,,,,,,,,,,,,,,,,,,2026-04-01 14:44:01,True,34.811,10.899,380.554,0.164
2026-04-08T16:57:13.214Z,2026-04-08T16:57:13.214Z,1.277,17,,,,,-2.291831,1.48969,173.205141,-0.0,-0.0,0.057296,39.018744,-104.8934947,2160.04,-0.415,0.0,0.0,-0.01,173.18,0.0,0.0,39.018744,-104.8934949,2160.97,0.0,,29,,,,0.0,,0.01,,0.137293,0.186326,-9.816457,0.0,0.0,0.0,-224.0,-64.0,450.0,16.437,0.01,0.0,99.0,22.75,,,,,,,,,,,,,,,,,,,,,2026-04-01 14:44:01,True,34.826,10.904,380.471,0.164
2026-04-08T16:57:13.283Z,2026-04-08T16:57:13.283Z,1.346,18,,,,,-2.291831,1.48969,173.205141,-0.057296,0.0,0.0,39.018744,-104.8934947,2160.04,-0.413,0.0,0.0,-0.01,173.18,0.0,0.0,39.018744,-104.8934949,2160.97,0.0,,29,,,,0.0,,0.01,,0.137293,0.196133,-9.80665,0.0,0.0,0.0,-224.0,-64.0,450.0,16.437,0.01,0.0,99.0,22.75,,,,,,,,,,,,,,,,,,,,,2026-04-01 14:44:02,True,34.818,10.899,380.554,0.164
2026-04-08T16:57:13.355Z,2026-04-08T16:57:13.355Z,1.418,19,,,,,-2.291831,1.48969,173.205141,-0.0,0.0,-0.0,39.018744,-104.8934947,2160.04,-0.412,0.0,0.0,-0.01,173.18,0.0,0.0,39.018744,-104.8934949,2160.97,0.0,,29,,,,0.0,,0.01,,0.1471,0.20594,-9.80665,0.0,0.0,0.0,-223.0,-64.0,450.0,16.435,0.01,0.0,99.0,22.75,,,,,,,,,,,,,,,,,,,,,2026-04-01 14:44:02,True,34.811,10.896,380.637,0.164
2026-04-08T16:57:13.424Z,2026-04-08T16:57:13.424Z,1.487,20,,,,,-2.291831,1.48969,173.205141,0.0,0.0,0.057296,39.018744,-104.8934947,2160.04,-0.412,0.0,0.0,-0.01,173.18,0.0,0.0,39.018744,-104.8934949,2160.97,0.0,,29,,,,0.0,,0.01,,0.137293,0.20594,-9.816457,0.0,0.0,0.0,-224.0,-64.0,450.0,16.435,0.01,0.0,99.0,23.0,,,,,,,,,,,,,,,,,,,,,2026-04-01 14:44:02,True,34.795,10.894,380.306,0.164
2026-04-08T16:57:13.497Z,2026-04-08T16:57:13.497Z,1.56,21,,,,,-2.291831,1.48969,173.205141,0.0,0.057296,0.0,39.018744,-104.8934947,2160.04,-0.412,0.0,0.0,-0.01,173.18,0.0,0.0,39.018744,-104.893495,2160.96,0.02,,29,,,,0.0,,0.01,,0.137293,0.196133,-9.816457,0.0,0.0,0.0,-223.0,-64.0,450.0,16.435,0.01,0.0,99.0,23.0,,,,,,,,,,,,,,,,,,,,,2026-04-01 14:44:02,True,34.788,10.892,380.72,0.164
2026-04-08T16:57:13.565Z,2026-04-08T16:57:13.565Z,1.628,22,,,,,-2.291831,1.48969,173.205141,0.0,-0.0,0.0,39.018744,-104.8934947,2160.04,-0.413,0.0,0.0,-0.01,173.18,0.0,0.0,39.018744,-104.893495,2160.96,0.02,,29,,,,0.0,,0.01,,0.137293,0.196133,-9.826263,0.0,0.0,0.0,-223.0,-64.0,450.0,16.422,0.0,0.0,99.0,23.0,,,,,,,,,,,,,,,,,,,,,2026-04-01 14:44:02,True,34.818,10.894,380.637,0.0
2026-04-08T16:57:13.643Z,2026-04-08T16:57:13.643Z,1.706,23,,,,,-2.291831,1.48969,173.205141,0.0,0.0,0.0,39.018744,-104.8934947,2160.04,-0.413,0.0,0.0,-0.01,173.18,0.0,0.0,39.018744,-104.893495,2160.96,0.02,,29,,,,0.0,,0.01,,0.137293,0.20594,-9.816457,0.0,0.0,0.0,-224.0,-64.0,450.0,16.422,0.0,0.0,99.0,22.75,,,,,,,,,,,,,,,,,,,,,2026-04-01 14:44:02,True,34.788,10.887,380.554,0.0
2026-04-08T16:57:13.714Z,2026-04-08T16:57:13.714Z,1.777,24,,,,,-2.291831,1.48969,173.205141,-0.0,0.0,0.057296,39.018744,-104.8934948,2160.04,-0.416,0.0,0.0,-0.01,173.18,0.0,-0.009,39.018744,-104.893495,2160.96,0.03,,29,,,,0.0,,0.01,,0.137293,0.215746,-9.80665,0.0,0.0,0.0,-224.0,-64.0,449.0,16.422,0.0,0.0,99.0,22.75,,,,,,,,,,,,,,,,,,,,,2026-04-01 14:44:02,True,34.795,10.894,380.637,0.0
2026-04-08T16:57:13.778Z,2026-04-08T16:57:13.778Z,1.841,25,,,,,-2.291831,1.48969,173.205141,-0.0,0.0,-0.0,39.018744,-104.8934948,2160.04,-0.416,0.0,0.0,-0.01,173.18,0.0,-0.009,39.018744,-104.893495,2160.96,0.03,,29,,,,0.0,,0.01,,0.137293,0.196133,-9.80665,0.0,0.0,0.0,-224.0,-64.0,449.0,16.431,0.01,0.0,99.0,23.0,,,,,,,,,,,,,,,,,,,,,2026-04-01 14:44:02,True,34.818,10.896,380.968,0.164
2026-04-08T16:57:13.851Z,2026-04-08T16:57:13.851Z,1.914,26,,,,,-2.291831,1.48969,173.205141,0.0,-0.0,-0.0,39.018744,-104.8934948,2160.04,-0.417,0.0,0.0,-0.01,173.18,0.0,-0.009,39.018744,-104.893495,2160.96,0.03,,29,,,,0.0,,0.01,,0.137293,0.215746,-9.80665,0.0,0.0,0.0,-224.0,-64.0,450.0,16.431,0.01,0.0,99.0,23.0,,,,,,,,,,,,,,,,,,,,,2026-04-01 14:44:02,True,34.833,10.899,381.134,0.164
2026-04-08T16:57:13.923Z,2026-04-08T16:57:13.923Z,1.986,27,,,,,-2.291831,1.48969,173.205141,-0.0,0.0,-0.0,39.018744,-104.8934948,2160.04,-0.414,0.0,0.0,-0.01,173.18,0.0,-0.009,39.0187439,-104.893495,2160.96,0.01,,29,,,,0.0,,0.01,,0.127486,0.20594,-9.80665,0.0,0.0,0.0,-224.0,-64.0,450.0,16.431,0.01,0.0,99.0,22.75,,,,,,,,,,,,,,,,,,,,,2026-04-01 14:44:02,True,34.795,10.899,380.637,0.164
2026-04-08T16:57:13.986Z,2026-04-08T16:57:13.986Z,2.049,28,,,,,-2.291831,1.48969,173.205141,0.0,0.0,0.0,39.018744,-104.8934948,2160.04,-0.413,0.0,0.0,-0.01,173.18,0.0,-0.009,39.0187439,-104.893495,2160.96,0.01,,29,,,,0.0,,0.01,,0.1471,0.20594,-9.80665,0.0,0.0,0.0,-224.0,-64.0,450.0,16.436,0.01,0.0,99.0,23.0,,,,,,,,,,,,,,,,,,,,,2026-04-01 14:44:02,True,34.811,10.904,380.554,0.164
2026-04-08T16:57:14.087Z,2026-04-08T16:57:14.087Z,2.15,29,,,,,-2.291831,1.48969,173.205141,-0.057296,-0.0,-0.0,39.018744,-104.8934948,2160.04,-0.413,0.0,0.0,-0.01,173.18,0.0,-0.009,39.0187439,-104.893495,2160.96,0.01,,29,,,,0.0,,0.01,,0.137293,0.20594,-9.816457,0.0,0.0,0.0,-224.0,-64.0,450.0,16.436,0.01,0.0,99.0,22.75,,,,,,,,,,,,,,,,,,,,,2026-04-01 14:44:02,True,34.78,10.889,380.471,0.164
2026-04-08T16:57:14.160Z,2026-04-08T16:57:14.160Z,2.223,30,,,,,-2.291831,1.48969,173.205141,0.0,0.0,0.057296,39.018744,-104.8934948,2160.04,-0.413,0.0,0.0,-0.01,173.19,0.0,-0.009,39.0187439,-104.893495,2160.97,0.02,,29,,,,0.0,,0.01,,0.127486,0.196133,-9.816457,0.0,0.0,0.0,-223.0,-64.0,450.0,16.439,0.01,0.0,99.0,23.0,,,,,,,,,,,,,,,,,,,,,2026-04-01 14:44:02,True,34.803,10.892,380.72,0.164
2026-04-08T16:57:14.234Z,2026-04-08T16:57:14.234Z,2.297,31,,,,,-2.291831,1.48969,173.205141,0.0,0.0,0.057296,39.018744,-104.8934948,2160.04,-0.414,0.0,0.0,-0.01,173.19,0.0,-0.009,39.0187439,-104.893495,2160.97,0.02,,29,,,,0.0,,0.01,,0.1471,0.196133,-9.816457,0.0,0.0,0.0,-223.0,-64.0,450.0,16.439,0.01,0.0,99.0,22.75,,,,,,,,,,,,,,,,,,,,,2026-04-01 14:44:02,True,34.78,10.894,380.554,0.164
2026-04-08T16:57:14.307Z,2026-04-08T16:57:14.307Z,2.37,32,,,,,-2.291831,1.48969,173.205141,0.0,0.0,-0.057296,39.018744,-104.8934948,2160.04,-0.416,0.0,0.0,-0.01,173.19,0.0,-0.009,39.0187439,-104.8934951,2160.97,0.01,,29,,,,0.0,,0.01,,0.1471,0.196133,-9.816457,0.0,0.0,-0.001,-223.0,-64.0,450.0,16.439,0.01,0.0,99.0,23.0,,,,,,,,,,,,,,,,,,,,,2026-04-01 14:44:03,True,34.788,10.887,380.554,0.164
2026-04-08T16:57:14.377Z,2026-04-08T16:57:14.377Z,2.44,33,,,,,-2.291831,1.48969,173.205141,0.0,0.0,0.057296,39.018744,-104.8934948,2160.04,-0.417,0.0,0.0,-0.01,173.19,0.0,-0.009,39.0187439,-104.8934951,2160.97,0.01,,29,,,,0.0,,0.01,,0.1471,0.196133,-9.826263,0.0,0.0,0.0,-223.0,-64.0,450.0,16.432,0.01,0.0,99.0,23.0,,,,,,,,,,,,,,,,,,,,,2026-04-01 14:44:03,True,34.788,10.904,380.554,0.164
2026-04-08T16:57:14.468Z,2026-04-08T16:57:14.468Z,2.531,34,,,,,-2.291831,1.48969,173.205141,-0.0,0.0,-0.0,39.018744,-104.8934948,2160.04,-0.418,0.0,0.0,-0.01,173.18,0.0,-0.009,39.0187439,-104.8934951,2160.97,0.01,,29,,,,0.0,,0.01,,0.127486,0.20594,-9.816457,0.0,0.0,0.0,-224.0,-64.0,450.0,16.432,0.01,0.0,99.0,23.0,,,,,,,,,,,,,,,,,,,,,2026-04-01 14:44:03,True,34.773,10.894,380.885,0.164
2026-04-08T16:57:14.547Z,2026-04-08T16:57:14.547Z,2.61,35,,,,,-2.291831,1.48969,173.205141,-0.0,0.0,-0.0,39.018744,-104.8934949,2160.04,-0.419,0.0,0.0,-0.01,173.18,0.0,-0.017,39.0187439,-104.8934951,2160.96,0.04,,29,,,,0.0,,0.01,,0.137293,0.20594,-9.816457,0.0,0.0,0.0,-223.0,-64.0,450.0,16.422,0.01,0.0,99.0,23.0,,,,,,,,,,,,,,,,,,,,,2026-04-01 14:44:03,True,34.788,10.887,380.72,0.164
2026-04-08T16:57:14.625Z,2026-04-08T16:57:14.625Z,2.688,36,,,,,-2.291831,1.48969,173.205141,-0.0,0.057296,0.057296,39.018744,-104.8934949,2160.03,-0.421,0.0,0.0,-0.01,173.19,0.0,-0.017,39.0187439,-104.8934951,2160.96,0.04,,29,,,,0.0,,0.01,,0.1471,0.20594,-9.80665,0.0,0.0,0.0,-224.0,-64.0,450.0,16.422,0.01,0.0,99.0,22.75,,,,,,,,,,,,,,,,,,,,,2026-04-01 14:44:03,True,34.78,10.892,380.389,0.164
2026-04-08T16:57:14.706Z,2026-04-08T16:57:14.706Z,2.769,37,,,,,-2.291831,1.48969,173.205141,0.0,0.057296,0.0,39.018744,-104.8934949,2160.03,-0.423,0.0,0.0,-0.01,173.19,0.0,-0.017,39.0187439,-104.8934952,2160.95,0.02,,29,,,,0.0,,0.01,,0.137293,0.196133,-9.816457,0.0,0.0,0.0,-223.0,-64.0,450.0,16.422,0.01,0.0,99.0,22.75,,,,,,,,,,,,,,,,,,,,,2026-04-01 14:44:03,True,34.795,10.887,380.72,0.164
2026-04-08T16:57:14.778Z,2026-04-08T16:57:14.778Z,2.841,38,,,,,-2.291831,1.48969,173.205141,-0.0,0.0,0.0,39.018744,-104.8934949,2160.03,-0.427,0.0,0.0,-0.01,173.19,0.0,-0.017,39.0187439,-104.8934952,2160.95,0.02,,29,,,,0.0,,0.01,,0.137293,0.20594,-9.80665,0.0,0.0,0.0,-223.0,-64.0,450.0,16.434,0.01,0.0,99.0,23.0,,,,,,,,,,,,,,,,,,,,,2026-04-01 14:44:03,True,34.803,10.896,380.554,0.164
2026-04-08T16:57:14.864Z,2026-04-08T16:57:14.864Z,2.927,39,,,,,-2.291831,1.48969,173.205141,-0.0,0.0,-0.0,39.018744,-104.893495,2160.03,-0.429,0.0,0.0,0.0,173.18,0.0,-0.026,39.0187439,-104.8934952,2160.95,0.02,,29,,,,0.0,,-0.0,,0.127486,0.196133,-9.816457,0.0,0.0,0.0,-224.0,-64.0,450.0,16.434,0.01,0.0,99.0,23.0,,,,,,,,,,,,,,,,,,,,,2026-04-01 14:44:03,True,34.758,10.889,380.637,0.164
2026-04-08T16:57:14.944Z,2026-04-08T16:57:14.944Z,3.007,40,,,,,-2.291831,1.48969,173.205141,-0.0,-0.0,-0.057296,39.018744,-104.893495,2160.02,-0.434,0.0,0.0,0.0,173.18,0.0,-0.026,39.0187439,-104.8934952,2160.94,0.02,,29,,,,0.0,,-0.0,,0.137293,0.196133,-9.816457,0.0,0.0,0.0,-224.0,-64.0,450.0,16.444,0.01,0.0,99.0,23.0,,,,,,,,,,,,,,,,,,,,,2026-04-01 14:44:03,True,34.788,10.894,380.554,0.164
2026-04-08T16:57:15.018Z,2026-04-08T16:57:15.018Z,3.081,41,,,,,-2.291831,1.48969,173.205141,0.0,-0.0,0.0,39.018744,-104.893495,2160.02,-0.435,0.0,0.0,0.0,173.18,0.0,-0.026,39.0187439,-104.8934952,2160.94,0.02,,29,,,,0.0,,-0.0,,0.137293,0.196133,-9.816457,0.0,0.0,0.0,-224.0,-64.0,450.0,16.444,0.01,0.0,99.0,23.0,,,,,,,,,,,,,,,,,,,,,2026-04-01 14:44:03,True,34.803,10.896,380.306,0.164
2026-04-08T16:57:15.097Z,2026-04-08T16:57:15.097Z,3.16,42,,,,,-2.291831,1.48969,173.205141,-0.0,-0.057296,-0.0,39.018744,-104.893495,2160.02,-0.438,0.0,0.0,0.0,173.18,0.0,-0.026,39.0187439,-104.8934952,2160.94,0.02,,29,,,,0.0,,-0.0,,0.127486,0.196133,-9.816457,0.0,-0.001,0.0,-224.0,-64.0,450.0,16.444,0.01,0.0,99.0,23.0,,,,,,,,,,,,,,,,,,,,,2026-04-01 14:44:03,True,34.773,10.894,380.885,0.164
2026-04-08T16:57:15.170Z,2026-04-08T16:57:15.170Z,3.233,43,,,,,-2.291831,1.48969,173.205141,-0.057296,0.057296,-0.0,39.018744,-104.893495,2160.01,-0.441,0.0,0.0,0.0,173.18,0.0,-0.026,39.0187439,-104.8934952,2160.95,0.03,,29,,,,0.0,,-0.0,,0.137293,0.196133,-9.816457,0.0,0.0,0.0,-223.0,-64.0,450.0,16.432,0.01,0.0,99.0,22.75,,,,,,,,,,,,,,,,,,,,,2026-04-01 14:44:03,True,34.795,10.899,380.554,0.164
2026-04-08T16:57:15.247Z,2026-04-08T16:57:15.247Z,3.31,44,,,,,-2.291831,1.48969,173.205141,-0.0,-0.0,-0.0,39.018744,-104.893495,2160.01,-0.443,0.0,0.0,0.0,173.18,0.0,-0.026,39.0187439,-104.8934952,2160.95,0.03,,29,,,,0.0,,-0.0,,0.137293,0.196133,-9.816457,0.0,0.0,0.0,-224.0,-64.0,450.0,16.432,0.01,0.0,99.0,22.75,,,,,,,,,,,,,,,,,,,,,2026-04-01 14:44:04,True,34.826,10.896,380.471,0.164
2026-04-08T16:57:15.325Z,2026-04-08T16:57:15.325Z,3.388,45,,,,,-2.291831,1.48969,173.205141,-0.0,-0.0,-0.0,39.018744,-104.893495,2160.01,-0.442,0.0,0.0,0.0,173.18,0.0,-0.026,39.018744,-104.8934952,2160.96,0.01,,29,,,,0.0,,-0.0,,0.137293,0.20594,-9.816457,0.0,0.0,0.0,-223.0,-64.0,450.0,16.432,0.01,0.0,99.0,23.0,,,,,,,,,,,,,,,,,,,,,2026-04-01 14:44:04,True,34.803,10.887,380.471,0.164
2026-04-08T16:57:15.387Z,2026-04-08T16:57:15.387Z,3.45,46,,,,,-2.291831,1.48969,173.205141,-0.057296,0.0,0.057296,39.018744,-104.893495,2160.01,-0.444,0.0,0.0,0.0,173.18,0.0,-0.026,39.018744,-104.8934952,2160.96,0.01,,29,,,,0.0,,-0.0,,0.137293,0.186326,-9.816457,0.0,0.0,0.0,-224.0,-64.0,450.0,16.435,0.01,0.0,99.0,23.0,,,,,,,,,,,,,,,,,,,,,2026-04-01 14:44:04,True,34.833,10.911,380.802,0.164
2026-04-08T16:57:15.462Z,2026-04-08T16:57:15.462Z,3.525,47,,,,,-2.291831,1.48969,173.205141,-0.0,-0.0,0.057296,39.018744,-104.893495,2160.01,-0.445,0.0,0.0,0.0,173.18,0.0,-0.026,39.018744,-104.8934952,2160.96,0.01,,29,,,,0.0,,-0.0,,0.1471,0.20594,-9.80665,0.0,0.0,0.0,-224.0,-64.0,450.0,16.435,0.01,0.0,99.0,22.75,,,,,,,,,,,,,,,,,,,,,2026-04-01 14:44:04,True,34.811,10.892,380.968,0.164
2026-04-08T16:57:15.530Z,2026-04-08T16:57:15.530Z,3.593,48,,,,,-2.291831,1.48969,173.205141,-0.0,-0.0,0.0,39.018744,-104.893495,2160.01,-0.445,0.0,0.0,0.0,173.18,0.0,-0.026,39.018744,-104.8934952,2160.95,0.0,,29,,,,0.0,,-0.0,,0.137293,0.196133,-9.80665,0.0,0.0,0.0,-223.0,-64.0,450.0,16.435,0.01,0.0,99.0,23.0,,,,,,,,,,,,,,,,,,,,,2026-04-01 14:44:04,True,34.811,10.896,380.802,0.164
2026-04-08T16:57:15.601Z,2026-04-08T16:57:15.601Z,3.664,49,,,,,-2.291831,1.48969,173.205141,-0.057296,-0.0,-0.057296,39.018744,-104.893495,2160.01,-0.446,0.0,0.0,0.0,173.18,0.0,-0.026,39.018744,-104.8934952,2160.95,0.0,,29,,,,0.0,,-0.0,,0.137293,0.196133,-9.80665,0.0,0.0,-0.001,-224.0,-64.0,450.0,16.435,0.01,0.0,99.0,23.0,,,,,,,,,,,,,,,,,,,,,2026-04-01 14:44:04,True,34.818,10.899,380.637,0.164
2026-04-08T16:57:15.681Z,2026-04-08T16:57:15.681Z,3.744,50,,,,,-2.291831,1.48969,173.205141,0.0,-0.0,-0.0,39.018744,-104.893495,2160.01,-0.444,0.0,0.0,0.0,173.18,0.0,-0.026,39.018744,-104.8934952,2160.95,0.0,,29,,,,0.0,,-0.0,,0.1471,0.196133,-9.816457,0.0,0.0,0.0,-224.0,-64.0,450.0,16.435,0.01,0.0,99.0,23.0,,,,,,,,,,,,,,,,,,,,,2026-04-01 14:44:04,True,34.788,10.885,380.471,0.164
2026-04-08T16:57:15.752Z,2026-04-08T16:57:15.752Z,3.815,51,,,,,-2.291831,1.48969,173.205141,-0.0,0.057296,-0.057296,39.018744,-104.893495,2160.01,-0.441,0.0,0.0,0.0,173.18,0.0,-0.026,39.018744,-104.8934952,2160.95,0.01,,29,,,,0.0,,-0.0,,0.137293,0.196133,-9.816457,0.0,0.0,0.0,-223.0,-64.0,450.0,16.439,0.01,0.0,99.0,23.0,,,,,,,,,,,,,,,,,,,,,2026-04-01 14:44:04,True,34.811,10.892,380.471,0.164
2026-04-08T16:57:15.826Z,2026-04-08T16:57:15.826Z,3.889,52,,,,,-2.291831,1.48969,173.205141,-0.0,-0.0,-0.057296,39.018744,-104.893495,2160.02,-0.439,0.0,0.0,0.0,173.18,0.0,-0.026,39.018744,-104.8934952,2160.95,0.01,,29,,,,0.0,,-0.0,,0.127486,0.20594,-9.816457,0.0,0.0,-0.001,-224.0,-64.0,450.0,16.439,0.01,0.0,99.0,22.75,,,,,,,,,,,,,,,,,,,,,2026-04-01 14:44:04,True,34.818,10.896,380.72,0.164
2026-04-08T16:57:15.897Z,2026-04-08T16:57:15.897Z,3.96,53,,,,,-2.291831,1.48969,173.205141,0.0,-0.0,0.0,39.018744,-104.893495,2160.02,-0.434,0.0,0.0,0.0,173.18,0.0,-0.026,39.0187439,-104.8934952,2160.95,0.03,,29,,,,0.0,,-0.0,,0.137293,0.196133,-9.816457,0.0,0.0,0.0,-223.0,-64.0,450.0,16.439,0.01,0.0,99.0,23.0,,,,,,,,,,,,,,,,,,,,,2026-04-01 14:44:04,True,34.795,10.894,380.471,0.164
2026-04-08T16:57:15.968Z,2026-04-08T16:57:15.968Z,4.031,54,,,,,-2.291831,1.48969,173.205141,0.0,0.0,0.0,39.018744,-104.893495,2160.03,-0.428,0.0,0.0,0.0,173.18,0.0,-0.026,39.0187439,-104.8934952,2160.95,0.03,,29,,,,0.0,,-0.0,,0.137293,0.186326,-9.816457,0.0,0.0,0.0,-223.0,-64.0,450.0,16.435,0.01,0.0,99.0,23.0,,,,,,,,,,,,,,,,,,,,,2026-04-01 14:44:04,True,34.826,10.896,380.223,0.164
2026-04-08T16:57:16.046Z,2026-04-08T16:57:16.046Z,4.109,55,,,,,-2.291831,1.48969,173.205141,0.0,-0.0,-0.0,39.018744,-104.893495,2160.03,-0.424,0.0,0.0,0.0,173.18,0.0,-0.026,39.0187439,-104.8934952,2160.95,0.03,,29,,,,0.0,,-0.0,,0.1471,0.20594,-9.80665,0.0,0.0,0.0,-224.0,-64.0,450.0,16.435,0.01,0.0,99.0,23.0,,,,,,,,,,,,,,,,,,,,,2026-04-01 14:44:04,True,34.788,10.892,380.554,0.164
2026-04-08T16:57:16.117Z,2026-04-08T16:57:16.117Z,4.18,56,,,,,-2.291831,1.48969,173.205141,0.0,-0.057296,0.0,39.018744,-104.893495,2160.04,-0.417,0.0,0.0,0.0,173.18,0.0,-0.026,39.0187439,-104.8934951,2160.95,0.02,,29,,,,0.0,,-0.0,,0.1471,0.20594,-9.816457,0.0,0.0,0.0,-223.0,-64.0,450.0,16.435,0.01,0.0,99.0,23.0,,,,,,,,,,,,,,,,,,,,,2026-04-01 14:44:04,True,34.78,10.899,380.471,0.164
2026-04-08T16:57:16.184Z,2026-04-08T16:57:16.184Z,4.247,57,,,,,-2.291831,1.48969,173.205141,0.0,-0.057296,0.057296,39.018744,-104.893495,2160.04,-0.413,0.0,0.0,0.0,173.18,0.0,-0.026,39.0187439,-104.8934951,2160.95,0.02,,29,,,,0.0,,-0.0,,0.127486,0.20594,-9.826263,0.0,0.0,0.0,-223.0,-64.0,450.0,16.44,0.0,0.0,99.0,23.0,,,,,,,,,,,,,,,,,,,,,2026-04-01 14:44:04,True,34.788,10.899,380.389,0.0
2026-04-08T16:57:16.270Z,2026-04-08T16:57:16.270Z,4.333,58,,,,,-2.291831,1.48969,173.205141,-0.0,0.0,-0.057296,39.018744,-104.893495,2160.04,-0.411,0.0,0.0,0.0,173.18,0.0,-0.026,39.0187439,-104.8934951,2160.95,0.02,,29,,,,0.0,,-0.0,,0.1471,0.20594,-9.816457,0.0,0.0,-0.001,-224.0,-64.0,450.0,16.44,0.0,0.0,99.0,22.75,,,,,,,,,,,,,,,,,,,,,2026-04-01 14:44:05,True,34.788,10.892,380.471,0.0
2026-04-08T16:57:16.345Z,2026-04-08T16:57:16.345Z,4.408,59,,,,,-2.291831,1.48969,173.205141,-0.0,-0.0,-0.114592,39.018744,-104.893495,2160.05,-0.403,0.0,0.0,-0.01,173.18,0.0,-0.026,39.018744,-104.8934951,2160.96,0.0,,29,,,,0.0,,0.01,,0.1471,0.20594,-9.816457,0.0,0.0,-0.002,-223.0,-64.0,450.0,16.436,0.01,0.0,99.0,23.0,,,,,,,,,,,,,,,,,,,,,2026-04-01 14:44:05,True,34.795,10.885,380.72,0.164
2026-04-08T16:57:16.416Z,2026-04-08T16:57:16.416Z,4.479,60,,,,,-2.291831,1.48969,173.205141,-0.0,-0.0,-0.0,39.018744,-104.893495,2160.06,-0.398,0.0,0.0,-0.01,173.18,0.0,-0.026,39.018744,-104.8934951,2160.96,0.0,,29,,,,0.0,,0.01,,0.156906,0.196133,-9.80665,0.0,0.0,0.0,-224.0,-64.0,450.0,16.436,0.01,0.0,99.0,23.0,,,,,,,,,,,,,,,,,,,,,2026-04-01 14:44:05,True,34.803,10.894,380.637,0.164
2026-04-08T16:57:16.485Z,2026-04-08T16:57:16.485Z,4.548,61,,,,,-2.291831,1.48969,173.205141,0.0,-0.0,0.114592,39.018744,-104.893495,2160.06,-0.396,0.0,0.0,-0.01,173.18,0.0,-0.026,39.018744,-104.8934951,2160.96,0.0,,29,,,,0.0,,0.01,,0.137293,0.215746,-9.816457,0.0,0.0,0.001,-224.0,-64.0,450.0,16.436,0.01,0.0,99.0,23.0,,,,,,,,,,,,,,,,,,,,,2026-04-01 14:44:05,True,34.811,10.896,380.637,0.164
2026-04-08T16:57:16.553Z,2026-04-08T16:57:16.553Z,4.616,62,,,,,-2.291831,1.48969,173.205141,-0.057296,-0.057296,0.0,39.018744,-104.893495,2160.06,-0.392,0.0,0.0,-0.01,173.18,0.0,-0.026,39.018744,-104.8934951,2160.96,0.01,,29,,,,0.0,,0.01,,0.11768,0.186326,-9.816457,0.0,0.0,0.0,-223.0,-64.0,450.0,16.427,0.01,0.0,99.0,23.0,,,,,,,,,,,,,,,,,,,,,2026-04-01 14:44:05,True,34.803,10.901,380.637,0.164
2026-04-08T16:57:16.622Z,2026-04-08T16:57:16.622Z,4.685,63,,,,,-2.291831,1.48969,173.205141,0.0,0.0,-0.057296,39.018744,-104.893495,2160.07,-0.389,0.0,0.0,-0.01,173.18,0.0,-0.026,39.018744,-104.8934951,2160.96,0.01,,29,,,,0.0,,0.01,,0.1471,0.20594,-9.816457,0.0,0.0,-0.001,-224.0,-64.0,450.0,16.427,0.01,0.0,99.0,23.0,,,,,,,,,,,,,,,,,,,,,2026-04-01 14:44:05,True,34.803,10.896,380.554,0.164
2026-04-08T16:57:16.690Z,2026-04-08T16:57:16.690Z,4.753,64,,,,,-2.291831,1.48969,173.205141,-0.057296,-0.0,-0.057296,39.018744,-104.893495,2160.07,-0.385,0.0,0.0,-0.01,173.18,0.0,-0.026,39.018744,-104.8934951,2160.96,0.02,,29,,,,0.0,,0.01,,0.156906,0.245166,-9.80665,0.0,0.0,-0.001,-223.0,-64.0,450.0,16.427,0.01,0.0,99.0,23.0,,,,,,,,,,,,,,,,,,,,,2026-04-01 14:44:05,True,34.811,10.896,380.72,0.164
2026-04-08T16:57:16.761Z,2026-04-08T16:57:16.761Z,4.824,65,,,,,-2.291831,1.48969,173.205141,-0.057296,-0.057296,0.114592,39.018744,-104.893495,2160.07,-0.38,0.0,0.0,-0.01,173.18,0.0,-0.026,39.018744,-104.8934951,2160.96,0.02,,29,,,,0.0,,0.01,,0.156906,0.20594,-9.816457,0.0,0.0,0.001,-223.0,-64.0,450.0,16.434,0.01,0.0,99.0,23.0,,,,,,,,,,,,,,,,,,,,,2026-04-01 14:44:05,True,34.811,10.896,380.389,0.164
2026-04-08T16:57:16.832Z,2026-04-08T16:57:16.832Z,4.895,66,,,,,-2.291831,1.48969,173.205141,0.0,0.0,-0.114592,39.018744,-104.893495,2160.08,-0.378,0.0,0.0,-0.01,173.18,0.0,-0.026,39.018744,-104.8934951,2160.96,0.02,,29,,,,0.0,,0.01,,0.137293,0.196133,-9.80665,0.0,0.0,-0.002,-224.0,-64.0,450.0,16.434,0.01,0.0,99.0,22.75,,,,,,,,,,,,,,,,,,,,,2026-04-01 14:44:05,True,34.788,10.894,380.802,0.164
2026-04-08T16:57:16.900Z,2026-04-08T16:57:16.900Z,4.963,67,,,,,-2.291831,1.48969,173.205141,0.0,0.0,-0.057296,39.018744,-104.893495,2160.08,-0.376,0.0,0.0,-0.01,173.17,0.0,-0.026,39.018744,-104.8934951,2160.97,0.01,,29,,,,0.0,,0.01,,0.11768,0.186326,-9.80665,0.0,0.0,-0.001,-222.0,-65.0,450.0,16.434,0.01,0.0,99.0,22.75,,,,,,,,,,,,,,,,,,,,,2026-04-01 14:44:05,True,34.818,10.906,380.637,0.164
2026-04-08T16:57:16.966Z,2026-04-08T16:57:16.966Z,5.029,68,,,,,-2.291831,1.48969,173.205141,-0.057296,0.0,-0.114592,39.018744,-104.893495,2160.08,-0.376,0.0,0.0,-0.01,173.18,0.0,-0.026,39.018744,-104.8934951,2160.97,0.01,,29,,,,0.0,,0.01,,0.1471,0.215746,-9.816457,0.0,0.0,-0.002,-222.0,-65.0,450.0,16.431,0.01,0.0,99.0,23.0,,,,,,,,,,,,,,,,,,,,,2026-04-01 14:44:05,True,34.818,10.904,380.471,0.164
2026-04-08T16:57:17.037Z,2026-04-08T16:57:17.037Z,5.1,69,,,,,-2.291831,1.48969,173.205141,-0.0,-0.0,-0.0,39.018744,-104.893495,2160.08,-0.376,0.0,0.0,-0.01,173.18,0.0,-0.026,39.018744,-104.8934951,2160.97,0.01,,29,,,,0.0,,0.01,,0.11768,0.196133,-9.80665,0.0,0.0,0.0,-224.0,-64.0,450.0,16.431,0.01,0.0,99.0,23.0,,,,,,,,,,,,,,,,,,,,,2026-04-01 14:44:05,True,34.826,10.889,380.554,0.164
2026-04-08T16:57:17.113Z,2026-04-08T16:57:17.113Z,5.176,70,,,,,-2.291831,1.48969,173.205141,0.0,-0.0,-0.057296,39.018744,-104.893495,2160.08,-0.376,0.0,0.0,-0.01,173.18,0.0,-0.026,39.018744,-104.8934951,2160.97,0.01,,29,,,,0.0,,0.01,,0.107873,0.196133,-9.80665,0.0,0.0,0.0,-223.0,-64.0,450.0,16.431,0.01,0.0,99.0,23.0,,,,,,,,,,,,,,,,,,,,,2026-04-01 14:44:05,True,34.795,10.885,380.389,0.164
2026-04-08T16:57:17.180Z,2026-04-08T16:57:17.180Z,5.243,71,,,,,-2.291831,1.48969,173.205141,-0.0,0.0,0.0,39.018744,-104.893495,2160.08,-0.374,0.0,0.0,-0.01,173.18,0.0,-0.026,39.018744,-104.8934952,2160.96,0.0,,29,,,,0.0,,0.01,,0.11768,0.196133,-9.80665,0.0,0.0,0.0,-223.0,-64.0,450.0,16.439,0.01,0.0,99.0,23.0,,,,,,,,,,,,,,,,,,,,,2026-04-01 14:44:05,True,34.818,10.904,380.554,0.164
2026-04-08T16:57:17.256Z,2026-04-08T16:57:17.256Z,5.319,72,,,,,-2.291831,1.48969,173.205141,-0.0,0.0,-0.057296,39.018744,-104.893495,2160.08,-0.373,0.0,0.0,-0.01,173.18,0.0,-0.026,39.018744,-104.8934952,2160.96,0.0,,29,,,,0.0,,0.01,,0.127486,0.196133,-9.816457,0.0,0.0,0.0,-224.0,-64.0,450.0,16.439,0.01,0.0,99.0,22.75,,,,,,,,,,,,,,,,,,,,,2026-04-01 14:44:06,True,34.795,10.885,380.141,0.164
2026-04-08T16:57:17.335Z,2026-04-08T16:57:17.335Z,5.398,73,,,,,-2.291831,1.48969,173.205141,-0.0,-0.0,-0.057296,39.018744,-104.893495,2160.08,-0.371,0.0,0.0,-0.01,173.18,0.0,-0.026,39.018744,-104.8934952,2160.96,0.01,,29,,,,0.0,,0.01,,0.1471,0.215746,-9.816457,0.0,0.0,-0.001,-223.0,-64.0,449.0,16.439,0.01,0.0,99.0,23.0,,,,,,,,,,,,,,,,,,,,,2026-04-01 14:44:06,True,34.788,10.887,380.141,0.164
2026-04-08T16:57:17.408Z,2026-04-08T16:57:17.408Z,5.471,74,,,,,-2.291831,1.48969,173.205141,0.0,-0.0,0.171887,39.018744,-104.893495,2160.09,-0.368,0.0,0.0,-0.01,173.18,0.0,-0.026,39.018744,-104.8934952,2160.96,0.01,,29,,,,0.0,,0.01,,0.127486,0.215746,-9.816457,0.0,0.0,0.002,-224.0,-64.0,450.0,16.439,0.01,0.0,99.0,23.0,,,,,,,,,,,,,,,,,,,,,2026-04-01 14:44:06,True,34.795,10.894,380.554,0.164
2026-04-08T16:57:17.483Z,2026-04-08T16:57:17.483Z,5.546,75,,,,,-2.291831,1.48969,173.205141,0.057296,-0.0,0.057296,39.018744,-104.893495,2160.09,-0.364,0.0,0.0,-0.01,173.18,0.0,-0.026,39.018744,-104.8934952,2160.96,0.01,,29,,,,0.0,,0.01,,0.127486,0.166713,-9.816457,0.0,0.0,0.0,-224.0,-64.0,450.0,16.439,0.01,0.0,99.0,23.0,,,,,,,,,,,,,,,,,,,,,2026-04-01 14:44:06,True,34.773,10.892,380.389,0.164
2026-04-08T16:57:17.555Z,2026-04-08T16:57:17.555Z,5.618,76,,,,,-2.291831,1.48969,173.205141,-0.057296,0.0,-0.057296,39.018744,-104.893495,2160.1,-0.358,0.0,0.0,-0.01,173.18,0.0,-0.026,39.018744,-104.8934952,2160.95,0.01,,29,,,,0.0,,0.01,,0.1471,0.17652,-9.80665,0.0,0.0,-0.001,-223.0,-64.0,449.0,16.423,0.01,0.0,99.0,23.0,,,,,,,,,,,,,,,,,,,,,2026-04-01 14:44:06,True,34.773,10.894,380.72,0.164
2026-04-08T16:57:17.625Z,2026-04-08T16:57:17.625Z,5.688,77,,,,,-2.291831,1.48969,173.205141,0.0,0.0,-0.057296,39.018744,-104.893495,2160.1,-0.353,0.0,0.0,-0.01,173.18,0.0,-0.026,39.018744,-104.8934952,2160.95,0.01,,29,,,,0.0,,0.01,,0.137293,0.254973,-9.816457,0.0,0.0,0.0,-224.0,-64.0,450.0,16.423,0.01,0.0,99.0,23.0,,,,,,,,,,,,,,,,,,,,,2026-04-01 14:44:06,True,34.803,10.894,380.637,0.164
2026-04-08T16:57:17.693Z,2026-04-08T16:57:17.693Z,5.756,78,,,,,-2.291831,1.48969,173.205141,-0.057296,-0.0,-0.0,39.018744,-104.893495,2160.11,-0.349,0.0,0.0,-0.01,173.18,0.0,-0.026,39.018744,-104.8934952,2160.96,0.01,,29,,,,0.0,,0.01,,0.1471,0.20594,-9.80665,0.0,0.0,0.0,-223.0,-64.0,450.0,16.423,0.01,0.0,99.0,22.75,,,,,,,,,,,,,,,,,,,,,2026-04-01 14:44:06,True,34.833,10.892,380.471,0.164
2026-04-08T16:57:17.760Z,2026-04-08T16:57:17.760Z,5.823,79,,,,,-2.291831,1.48969,173.205141,-0.0,0.0,-0.0,39.018744,-104.893495,2160.11,-0.346,0.0,0.0,-0.01,173.18,0.0,-0.026,39.018744,-104.8934952,2160.96,0.01,,29,,,,0.0,,0.01,,0.137293,0.166713,-9.80665,0.0,0.0,0.0,-223.0,-64.0,450.0,16.433,0.01,0.0,99.0,23.0,,,,,,,,,,,,,,,,,,,,,2026-04-01 14:44:06,True,34.811,10.896,380.968,0.164
2026-04-08T16:57:17.835Z,2026-04-08T16:57:17.835Z,5.898,80,,,,,-2.291831,1.48969,173.205141,-0.0,0.0,-0.0,39.0187441,-104.893495,2160.11,-0.344,0.0,0.0,-0.01,173.18,0.011,-0.026,39.018744,-104.8934952,2160.96,0.01,,29,,,,0.0,,0.01,,0.137293,0.225553,-9.816457,0.0,0.0,0.0,-224.0,-64.0,450.0,16.433,0.01,0.0,99.0,23.0,,,,,,,,,,,,,,,,,,,,,2026-04-01 14:44:06,True,34.803,10.889,380.471,0.164
2026-04-08T16:57:17.903Z,2026-04-08T16:57:17.903Z,5.966,81,,,,,-2.291831,1.48969,173.205141,-0.057296,-0.0,0.0,39.0187441,-104.893495,2160.11,-0.341,0.0,0.0,-0.01,173.18,0.011,-0.026,39.018744,-104.8934952,2160.96,0.01,,29,,,,0.0,,0.01,,0.1471,0.225553,-9.80665,0.0,0.0,0.0,-223.0,-64.0,450.0,16.433,0.01,0.0,99.0,23.0,,,,,,,,,,,,,,,,,,,,,2026-04-01 14:44:06,True,34.795,10.899,380.306,0.164
2026-04-08T16:57:17.967Z,2026-04-08T16:57:17.967Z,6.03,82,,,,,-2.291831,1.48969,173.205141,-0.0,0.0,0.057296,39.0187441,-104.893495,2160.11,-0.341,0.0,0.0,-0.02,173.18,0.011,-0.026,39.018744,-104.8934952,2160.96,0.01,,29,,,,0.0,,0.02,,0.156906,0.215746,-9.816457,0.0,0.0,0.0,-223.0,-64.0,450.0,16.436,0.01,0.0,99.0,23.0,,,,,,,,,,,,,,,,,,,,,2026-04-01 14:44:06,True,34.803,10.901,380.554,0.164
2026-04-08T16:57:18.041Z,2026-04-08T16:57:18.041Z,6.104,83,,,,,-2.291831,1.48969,173.205141,-0.0,0.0,-0.057296,39.0187441,-104.893495,2160.11,-0.341,0.0,0.0,-0.01,173.18,0.011,-0.026,39.018744,-104.8934952,2160.96,0.01,,29,,,,0.0,,0.01,,0.137293,0.20594,-9.80665,0.0,0.0,-0.001,-224.0,-64.0,450.0,16.436,0.01,0.0,99.0,23.0,,,,,,,,,,,,,,,,,,,,,2026-04-01 14:44:06,True,34.811,10.889,380.637,0.164
2026-04-08T16:57:18.108Z,2026-04-08T16:57:18.108Z,6.171,84,,,,,-2.291831,1.48969,173.205141,-0.0,-0.0,-0.114592,39.0187441,-104.893495,2160.11,-0.341,0.0,0.0,-0.01,173.18,0.011,-0.026,39.0187441,-104.8934952,2160.97,0.03,,29,,,,0.0,,0.01,,0.11768,0.196133,-9.826263,0.0,0.0,-0.002,-223.0,-64.0,450.0,16.436,0.01,0.0,99.0,23.0,,,,,,,,,,,,,,,,,,,,,2026-04-01 14:44:06,True,34.803,10.904,380.554,0.164
2026-04-08T16:57:18.175Z,2026-04-08T16:57:18.175Z,6.238,85,,,,,-2.291831,1.48969,173.205141,-0.0,0.0,-0.057296,39.0187441,-104.893495,2160.11,-0.34,0.01,0.0,-0.01,173.18,0.011,-0.026,39.0187441,-104.8934952,2160.97,0.03,,29,,,,0.01,,0.01,,0.156906,0.215746,-9.816457,0.0,0.0,-0.001,-223.0,-64.0,450.0,16.433,0.01,0.0,99.0,23.0,,,,,,,,,,,,,,,,,,,,,2026-04-01 14:44:06,True,34.811,10.899,380.554,0.164
2026-04-08T16:57:18.252Z,2026-04-08T16:57:18.252Z,6.315,86,,,,,-2.291831,1.48969,173.205141,-0.0,-0.057296,-0.057296,39.0187441,-104.893495,2160.12,-0.339,0.01,0.0,-0.01,173.18,0.011,-0.026,39.0187441,-104.8934952,2160.97,0.03,,29,,,,0.01,,0.01,,0.127486,0.186326,-9.80665,0.0,0.0,0.0,-224.0,-64.0,450.0,16.433,0.01,0.0,99.0,23.0,,,,,,,,,,,,,,,,,,,,,2026-04-01 14:44:07,True,34.795,10.889,380.471,0.164
2026-04-08T16:57:18.325Z,2026-04-08T16:57:18.325Z,6.388,87,,,,,-2.291831,1.48969,173.205141,-0.0,0.0,0.0,39.0187441,-104.893495,2160.11,-0.341,0.01,0.0,-0.01,173.18,0.011,-0.026,39.0187441,-104.8934952,2160.97,0.02,,29,,,,0.01,,0.01,,0.127486,0.196133,-9.80665,0.0,0.0,0.0,-224.0,-64.0,450.0,16.433,0.01,0.0,99.0,23.0,,,,,,,,,,,,,,,,,,,,,2026-04-01 14:44:07,True,34.795,10.889,380.058,0.164
2026-04-08T16:57:18.394Z,2026-04-08T16:57:18.394Z,6.457,88,,,,,-2.291831,1.48969,173.205141,0.0,-0.0,-0.114592,39.0187441,-104.893495,2160.11,-0.341,0.01,0.0,-0.01,173.18,0.011,-0.026,39.0187441,-104.8934952,2160.97,0.02,,29,,,,0.01,,0.01,,0.137293,0.186326,-9.816457,0.0,0.0,-0.002,-224.0,-64.0,450.0,16.434,0.01,0.0,99.0,22.75,,,,,,,,,,,,,,,,,,,,,2026-04-01 14:44:07,True,34.795,10.894,380.72,0.164
2026-04-08T16:57:18.475Z,2026-04-08T16:57:18.475Z,6.538,89,,,,,-2.291831,1.48969,173.205141,0.0,-0.0,-0.0,39.0187441,-104.893495,2160.11,-0.341,0.01,0.0,-0.01,173.18,0.011,-0.026,39.0187441,-104.8934952,2160.97,0.02,,29,,,,0.01,,0.01,,0.137293,0.196133,-9.816457,0.0,0.0,0.0,-224.0,-64.0,450.0,16.434,0.01,0.0,99.0,23.0,,,,,,,,,,,,,,,,,,,,,2026-04-01 14:44:07,True,34.773,10.887,380.389,0.164
2026-04-08T16:57:18.549Z,2026-04-08T16:57:18.549Z,6.612,90,,,,,-2.291831,1.48969,173.205141,0.0,-0.0,0.057296,39.0187441,-104.893495,2160.12,-0.339,0.01,0.0,-0.01,173.18,0.011,-0.026,39.0187441,-104.8934951,2160.96,0.02,,29,,,,0.01,,0.01,,0.137293,0.20594,-9.816457,0.0,0.0,0.0,-223.0,-64.0,450.0,16.417,0.01,0.0,99.0,23.0,,,,,,,,,,,,,,,,,,,,,2026-04-01 14:44:07,True,34.788,10.892,380.637,0.164
2026-04-08T16:57:18.623Z,2026-04-08T16:57:18.623Z,6.686,91,,,,,-2.291831,1.48969,173.205141,-0.0,-0.0,0.0,39.0187441,-104.893495,2160.12,-0.337,0.01,0.0,-0.01,173.18,0.011,-0.026,39.0187441,-104.8934951,2160.96,0.02,,29,,,,0.01,,0.01,,0.137293,0.186326,-9.816457,0.0,0.0,0.0,-224.0,-64.0,450.0,16.417,0.01,0.0,99.0,23.0,,,,,,,,,,,,,,,,,,,,,2026-04-01 14:44:07,True,34.803,10.887,380.471,0.164
2026-04-08T16:57:18.697Z,2026-04-08T16:57:18.697Z,6.76,92,,,,,-2.291831,1.48969,173.205141,-0.0,0.0,-0.057296,39.0187441,-104.893495,2160.12,-0.335,0.0,0.0,-0.01,173.18,0.011,-0.026,39.0187441,-104.8934951,2160.97,0.01,,29,,,,0.0,,0.01,,0.137293,0.186326,-9.80665,0.0,0.0,-0.001,-223.0,-64.0,450.0,16.417,0.01,0.0,99.0,22.75,,,,,,,,,,,,,,,,,,,,,2026-04-01 14:44:07,True,34.788,10.882,380.637,0.164
2026-04-08T16:57:18.775Z,2026-04-08T16:57:18.775Z,6.838,93,,,,,-2.291831,1.48969,173.205141,0.0,0.057296,0.0,39.0187441,-104.893495,2160.12,-0.334,0.0,0.0,-0.01,173.18,0.011,-0.026,39.0187441,-104.8934951,2160.97,0.01,,29,,,,0.0,,0.01,,0.127486,0.215746,-9.80665,0.0,0.0,0.0,-223.0,-64.0,450.0,16.426,0.0,0.0,99.0,22.75,,,,,,,,,,,,,,,,,,,,,2026-04-01 14:44:07,True,34.773,10.889,380.471,0.0
2026-04-08T16:57:18.851Z,2026-04-08T16:57:18.851Z,6.914,94,,,,,-2.291831,1.48969,173.205141,-0.0,0.0,-0.0,39.0187441,-104.893495,2160.12,-0.333,0.0,0.0,-0.01,173.18,0.011,-0.026,39.0187441,-104.8934951,2160.97,0.01,,29,,,,0.0,,0.01,,0.1471,0.196133,-9.816457,0.0,0.0,0.0,-224.0,-64.0,450.0,16.426,0.0,0.0,99.0,23.0,,,,,,,,,,,,,,,,,,,,,2026-04-01 14:44:07,True,34.803,10.896,380.471,0.0
2026-04-08T16:57:18.918Z,2026-04-08T16:57:18.918Z,6.981,95,,,,,-2.291831,1.48969,173.205141,-0.0,-0.0,-0.0,39.0187441,-104.893495,2160.13,-0.328,0.0,0.0,-0.01,173.18,0.011,-0.026,39.018744,-104.8934952,2160.96,0.02,,29,,,,0.0,,0.01,,0.1471,0.196133,-9.80665,0.0,0.0,0.0,-223.0,-64.0,449.0,16.426,0.0,0.0,99.0,23.0,,,,,,,,,,,,,,,,,,,,,2026-04-01 14:44:07,True,34.811,10.904,380.471,0.0
2026-04-08T16:57:18.990Z,2026-04-08T16:57:18.990Z,7.053,96,,,,,-2.291831,1.48969,173.205141,-0.0,-0.0,0.0,39.0187441,-104.893495,2160.13,-0.326,0.0,0.0,-0.01,173.18,0.011,-0.026,39.018744,-104.8934952,2160.96,0.02,,29,,,,0.0,,0.01,,0.137293,0.20594,-9.80665,0.0,0.0,0.0,-223.0,-64.0,449.0,16.429,0.0,0.0,99.0,23.0,,,,,,,,,,,,,,,,,,,,,2026-04-01 14:44:07,True,34.803,10.894,380.389,0.0
2026-04-08T16:57:19.066Z,2026-04-08T16:57:19.066Z,7.129,97,,,,,-2.291831,1.48969,173.205141,0.0,0.0,-0.057296,39.0187441,-104.893495,2160.13,-0.325,0.0,0.0,-0.01,173.17,0.011,-0.026,39.018744,-104.8934952,2160.96,0.02,,29,,,,0.0,,0.01,,0.1471,0.196133,-9.816457,0.0,0.0,-0.001,-224.0,-64.0,450.0,16.429,0.0,0.0,99.0,23.0,,,,,,,,,,,,,,,,,,,,,2026-04-01 14:44:07,True,34.803,10.889,380.306,0.0
2026-04-08T16:57:19.135Z,2026-04-08T16:57:19.135Z,7.198,98,,,,,-2.291831,1.48969,173.205141,-0.0,0.0,-0.057296,39.0187441,-104.893495,2160.13,-0.32,0.0,0.0,-0.01,173.17,0.011,-0.026,39.018744,-104.8934952,2160.96,0.02,,29,,,,0.0,,0.01,,0.137293,0.196133,-9.80665,0.0,0.0,-0.001,-223.0,-64.0,449.0,16.429,0.0,0.0,99.0,23.0,,,,,,,,,,,,,,,,,,,,,2026-04-01 14:44:07,True,34.818,10.899,380.306,0.0
2026-04-08T16:57:19.205Z,2026-04-08T16:57:19.205Z,7.268,99,,,,,-2.291831,1.48969,173.205141,-0.0,0.0,0.0,39.0187441,-104.893495,2160.14,-0.317,0.0,0.0,-0.01,173.17,0.011,-0.026,39.018744,-104.8934952,2160.96,0.02,,29,,,,0.0,,0.01,,0.137293,0.196133,-9.816457,0.0,0.0,0.0,-224.0,-64.0,450.0,16.429,0.0,0.0,99.0,23.0,,,,,,,,,,,,,,,,,,,,,2026-04-01 14:44:07,True,34.811,10.896,380.72,0.0
2026-04-08T16:57:19.272Z,2026-04-08T16:57:19.272Z,7.335,100,,,,,-2.291831,1.48969,173.205141,0.0,0.057296,0.0,39.0187441,-104.893495,2160.14,-0.314,0.0,0.0,-0.01,173.17,0.011,-0.026,39.018744,-104.8934952,2160.96,0.02,,29,,,,0.0,,0.01,,0.137293,0.196133,-9.80665,0.0,0.0,0.0,-224.0,-64.0,450.0,16.429,0.0,0.0,99.0,23.0,,,,,,,,,,,,,,,,,,,,,2026-04-01 14:44:08,True,34.788,10.896,380.471,0.0
2026-04-08T16:57:19.343Z,2026-04-08T16:57:19.343Z,7.406,101,,,,,-2.291831,1.48969,173.205141,0.0,0.0,-0.0,39.018744,-104.893495,2160.14,-0.314,0.0,0.0,-0.01,173.17,0.0,-0.026,39.018744,-104.8934952,2160.95,0.01,,29,,,,0.0,,0.01,,0.127486,0.196133,-9.816457,0.0,0.0,0.0,-224.0,-64.0,450.0,16.429,0.0,0.0,99.0,23.0,,,,,,,,,,,,,,,,,,,,,2026-04-01 14:44:08,True,34.811,10.899,380.554,0.0
2026-04-08T16:57:19.412Z,2026-04-08T16:57:19.412Z,7.475,102,,,,,-2.291831,1.48969,173.147846,-0.0,-0.0,-0.057296,39.018744,-104.893495,2160.14,-0.315,0.0,0.0,-0.01,173.17,0.0,-0.026,39.018744,-104.8934952,2160.95,0.01,,29,,,,0.0,,0.01,,0.1471,0.196133,-9.80665,0.0,0.0,0.0,-224.0,-64.0,450.0,16.429,0.0,0.0,99.0,22.75,,,,,,,,,,,,,,,,,,,,,2026-04-01 14:44:08,True,34.818,10.899,380.554,0.0
2026-04-08T16:57:19.481Z,2026-04-08T16:57:19.481Z,7.544,103,,,,,-2.291831,1.48969,173.147846,0.0,-0.0,0.0,39.018744,-104.893495,2160.14,-0.317,0.0,0.0,-0.01,173.17,0.0,-0.026,39.018744,-104.8934952,2160.95,0.01,,29,,,,0.0,,0.01,,0.137293,0.215746,-9.816457,0.0,0.0,0.0,-224.0,-64.0,450.0,16.429,0.0,0.0,99.0,23.0,,,,,,,,,,,,,,,,,,,,,2026-04-01 14:44:08,True,34.803,10.896,380.306,0.0
2026-04-08T16:57:19.558Z,2026-04-08T16:57:19.558Z,7.621,104,,,,,-2.291831,1.48969,173.147846,-0.0,0.0,0.0,39.018744,-104.893495,2160.14,-0.318,0.0,0.0,-0.01,173.17,0.0,-0.026,39.018744,-104.8934952,2160.95,0.0,,29,,,,0.0,,0.01,,0.1471,0.186326,-9.80665,0.0,0.0,0.0,-223.0,-64.0,450.0,16.422,0.01,0.0,99.0,23.0,,,,,,,,,,,,,,,,,,,,,2026-04-01 14:44:08,True,34.78,10.894,380.637,0.164
2026-04-08T16:57:19.633Z,2026-04-08T16:57:19.633Z,7.696,105,,,,,-2.291831,1.48969,173.147846,-0.0,0.057296,0.057296,39.018744,-104.893495,2160.14,-0.317,0.0,0.0,-0.01,173.17,0.0,-0.026,39.018744,-104.8934952,2160.95,0.0,,29,,,,0.0,,0.01,,0.127486,0.215746,-9.816457,0.0,0.0,0.0,-224.0,-64.0,450.0,16.422,0.01,0.0,99.0,23.0,,,,,,,,,,,,,,,,,,,,,2026-04-01 14:44:08,True,34.795,10.887,380.389,0.164
2026-04-08T16:57:19.710Z,2026-04-08T16:57:19.710Z,7.773,106,,,,,-2.291831,1.48969,173.147846,-0.0,0.0,-0.057296,39.018744,-104.893495,2160.14,-0.317,0.0,0.0,-0.01,173.17,0.0,-0.026,39.018744,-104.8934952,2160.95,0.01,,29,,,,0.0,,0.01,,0.137293,0.215746,-9.80665,0.0,0.0,-0.001,-223.0,-64.0,450.0,16.422,0.01,0.0,99.0,23.0,,,,,,,,,,,,,,,,,,,,,2026-04-01 14:44:08,True,34.788,10.887,380.306,0.164
2026-04-08T16:57:19.781Z,2026-04-08T16:57:19.781Z,7.844,107,,,,,-2.291831,1.48969,173.147846,0.0,0.0,0.057296,39.018744,-104.893495,2160.14,-0.317,0.0,0.0,-0.01,173.17,0.0,-0.026,39.018744,-104.8934952,2160.95,0.01,,29,,,,0.0,,0.01,,0.137293,0.20594,-9.816457,0.0,0.0,0.0,-223.0,-64.0,450.0,16.43,0.01,0.0,99.0,22.75,,,,,,,,,,,,,,,,,,,,,2026-04-01 14:44:08,True,34.803,10.894,380.554,0.164
2026-04-08T16:57:19.860Z,2026-04-08T16:57:19.860Z,7.923,108,,,,,-2.291831,1.48969,173.147846,-0.0,-0.0,-0.114592,39.018744,-104.893495,2160.14,-0.317,0.0,0.0,-0.01,173.17,0.0,-0.026,39.018744,-104.8934952,2160.95,0.01,,29,,,,0.0,,0.01,,0.127486,0.215746,-9.80665,0.0,0.0,-0.002,-224.0,-64.0,450.0,16.43,0.01,0.0,99.0,23.0,,,,,,,,,,,,,,,,,,,,,2026-04-01 14:44:08,True,34.788,10.887,380.637,0.164
2026-04-08T16:57:19.933Z,2026-04-08T16:57:19.933Z,7.996,109,,,,,-2.291831,1.48969,173.147846,0.0,0.0,-0.114592,39.018744,-104.893495,2160.14,-0.315,0.0,0.0,-0.01,173.17,0.0,-0.026,39.018744,-104.8934952,2160.96,0.0,,29,,,,0.0,,0.01,,0.137293,0.20594,-9.816457,0.0,0.0,-0.001,-223.0,-64.0,449.0,16.43,0.01,0.0,99.0,23.0,,,,,,,,,,,,,,,,,,,,,2026-04-01 14:44:08,True,34.811,10.894,380.389,0.164
2026-04-08T16:57:20.007Z,2026-04-08T16:57:20.007Z,8.07,110,,,,,-2.291831,1.48969,173.147846,-0.0,0.0,0.0,39.018744,-104.893495,2160.14,-0.317,0.0,0.0,-0.01,173.17,0.0,-0.026,39.018744,-104.8934952,2160.96,0.0,,29,,,,0.0,,0.01,,0.137293,0.225553,-9.80665,0.0,0.0,0.0,-224.0,-64.0,450.0,16.43,0.01,0.0,99.0,23.0,,,,,,,,,,,,,,,,,,,,,2026-04-01 14:44:08,True,34.803,10.885,380.058,0.164
2026-04-08T16:57:20.088Z,2026-04-08T16:57:20.088Z,8.151,111,,,,,-2.291831,1.48969,173.205141,0.0,0.0,0.114592,39.018744,-104.893495,2160.14,-0.318,0.0,0.0,-0.01,173.17,0.0,-0.026,39.018744,-104.8934952,2160.96,0.0,,29,,,,0.0,,0.01,,0.1471,0.215746,-9.816457,0.0,0.0,0.001,-224.0,-64.0,450.0,16.43,0.01,0.0,99.0,23.0,,,,,,,,,,,,,,,,,,,,,2026-04-01 14:44:08,True,34.788,10.889,380.306,0.164
2026-04-08T16:57:20.160Z,2026-04-08T16:57:20.160Z,8.223,112,,,,,-2.291831,1.48969,173.205141,-0.0,-0.0,0.0,39.018744,-104.893495,2160.14,-0.318,0.0,0.0,-0.01,173.17,0.0,-0.026,39.0187439,-104.8934952,2160.96,0.02,,29,,,,0.0,,0.01,,0.1471,0.20594,-9.816457,0.0,0.0,0.0,-223.0,-64.0,449.0,16.432,0.01,0.0,99.0,22.75,,,,,,,,,,,,,,,,,,,,,2026-04-01 14:44:08,True,34.795,10.899,380.554,0.164
2026-04-08T16:57:20.235Z,2026-04-08T16:57:20.235Z,8.298,113,,,,,-2.291831,1.48969,173.147846,0.0,0.0,-0.057296,39.018744,-104.893495,2160.14,-0.318,0.0,0.0,-0.01,173.17,0.0,-0.026,39.0187439,-104.8934952,2160.96,0.02,,29,,,,0.0,,0.01,,0.127486,0.20594,-9.80665,0.0,0.0,0.0,-224.0,-64.0,450.0,16.432,0.01,0.0,99.0,22.75,,,,,,,,,,,,,,,,,,,,,2026-04-01 14:44:08,True,34.795,10.882,380.471,0.164
2026-04-08T16:57:20.307Z,2026-04-08T16:57:20.307Z,8.37,114,,,,,-2.291831,1.48969,173.147846,-0.0,-0.0,0.057296,39.018744,-104.893495,2160.14,-0.317,0.0,0.0,-0.01,173.17,0.0,-0.026,39.0187439,-104.8934952,2160.96,0.02,,29,,,,0.0,,0.01,,0.1471,0.20594,-9.80665,0.0,0.0,0.0,-223.0,-64.0,449.0,16.432,0.01,0.0,99.0,22.75,,,,,,,,,,,,,,,,,,,,,2026-04-01 14:44:09,True,34.811,10.887,380.554,0.164
2026-04-08T16:57:20.376Z,2026-04-08T16:57:20.376Z,8.439,115,,,,,-2.291831,1.48969,173.147846,0.0,0.0,-0.057296,39.018744,-104.893495,2160.14,-0.316,0.0,0.0,-0.01,173.17,0.0,-0.026,39.0187439,-104.8934952,2160.96,0.02,,29,,,,0.0,,0.01,,0.11768,0.20594,-9.816457,0.0,0.0,-0.001,-223.0,-64.0,449.0,16.434,0.01,0.0,99.0,22.75,,,,,,,,,,,,,,,,,,,,,2026-04-01 14:44:09,True,34.795,10.901,380.471,0.164
2026-04-08T16:57:20.455Z,2026-04-08T16:57:20.455Z,8.518,116,,,,,-2.291831,1.48969,173.147846,-0.0,0.0,-0.0,39.018744,-104.893495,2160.14,-0.316,0.0,0.0,-0.01,173.17,0.0,-0.026,39.0187439,-104.8934952,2160.96,0.02,,29,,,,0.0,,0.01,,0.137293,0.20594,-9.816457,0.0,0.0,0.0,-224.0,-64.0,450.0,16.434,0.01,0.0,99.0,23.0,,,,,,,,,,,,,,,,,,,,,2026-04-01 14:44:09,True,34.78,10.889,380.223,0.164
2026-04-08T16:57:20.528Z,2026-04-08T16:57:20.528Z,8.591,117,,,,,-2.291831,1.48969,173.147846,0.0,0.0,0.057296,39.018744,-104.893495,2160.14,-0.314,0.0,0.0,-0.01,173.17,0.0,-0.026,39.0187439,-104.8934952,2160.96,0.01,,29,,,,0.0,,0.01,,0.137293,0.20594,-9.816457,0.0,0.0,0.0,-223.0,-64.0,450.0,16.434,0.01,0.0,99.0,23.0,,,,,,,,,,,,,,,,,,,,,2026-04-01 14:44:09,True,34.78,10.892,380.223,0.164
2026-04-08T16:57:20.594Z,2026-04-08T16:57:20.594Z,8.657,118,,,,,-2.291831,1.48969,173.147846,0.057296,-0.0,-0.057296,39.018744,-104.893495,2160.14,-0.314,0.0,0.0,-0.01,173.17,0.0,-0.026,39.0187439,-104.8934952,2160.96,0.01,,29,,,,0.0,,0.01,,0.137293,0.196133,-9.80665,0.0,0.0,0.0,-224.0,-64.0,450.0,16.426,0.01,0.0,99.0,23.0,,,,,,,,,,,,,,,,,,,,,2026-04-01 14:44:09,True,34.788,10.892,380.306,0.164
2026-04-08T16:57:20.686Z,2026-04-08T16:57:20.686Z,8.749,119,,,,,-2.291831,1.48969,173.147846,-0.0,0.0,-0.057296,39.018744,-104.893495,2160.14,-0.314,0.0,0.0,-0.01,173.17,0.0,-0.026,39.0187439,-104.8934952,2160.96,0.01,,29,,,,0.0,,0.01,,0.137293,0.215746,-9.80665,0.0,0.0,-0.001,-224.0,-64.0,450.0,16.426,0.01,0.0,99.0,22.75,,,,,,,,,,,,,,,,,,,,,2026-04-01 14:44:09,True,34.758,10.887,380.306,0.164
2026-04-08T16:57:20.756Z,2026-04-08T16:57:20.756Z,8.819,120,,,,,-2.291831,1.48969,173.147846,0.0,0.0,0.0,39.018744,-104.893495,2160.14,-0.311,0.0,0.0,-0.01,173.17,0.0,-0.026,39.0187439,-104.8934952,2160.96,0.03,,29,,,,0.0,,0.01,,0.137293,0.186326,-9.80665,0.0,0.0,0.0,-223.0,-64.0,450.0,16.428,0.01,0.0,99.0,23.0,,,,,,,,,,,,,,,,,,,,,2026-04-01 14:44:09,True,34.811,10.899,380.306,0.164
2026-04-08T16:57:20.827Z,2026-04-08T16:57:20.827Z,8.89,121,,,,,-2.291831,1.48969,173.147846,-0.057296,0.0,-0.0,39.018744,-104.893495,2160.14,-0.31,0.0,0.0,-0.01,173.16,0.0,-0.026,39.0187439,-104.8934952,2160.96,0.03,,29,,,,0.0,,0.01,,0.1471,0.20594,-9.80665,0.0,0.0,0.0,-224.0,-64.0,450.0,16.428,0.01,0.0,99.0,22.75,,,,,,,,,,,,,,,,,,,,,2026-04-01 14:44:09,True,34.78,10.896,380.471,0.164
2026-04-08T16:57:20.900Z,2026-04-08T16:57:20.900Z,8.963,122,,,,,-2.291831,1.48969,173.147846,-0.0,-0.0,-0.0,39.018744,-104.893495,2160.15,-0.309,0.0,0.0,-0.01,173.17,0.0,-0.026,39.0187439,-104.8934952,2160.97,0.01,,29,,,,0.0,,0.01,,0.1471,0.20594,-9.826263,0.0,0.0,0.0,-222.0,-64.0,450.0,16.428,0.01,0.0,99.0,23.0,,,,,,,,,,,,,,,,,,,,,2026-04-01 14:44:09,True,34.803,10.892,380.802,0.164
2026-04-08T16:57:20.966Z,2026-04-08T16:57:20.966Z,9.029,123,,,,,-2.291831,1.48969,173.147846,-0.0,0.0,0.057296,39.018744,-104.893495,2160.15,-0.308,0.0,0.0,-0.01,173.17,0.0,-0.026,39.0187439,-104.8934952,2160.97,0.01,,29,,,,0.0,,0.01,,0.1471,0.20594,-9.816457,0.0,0.0,0.0,-222.0,-64.0,450.0,16.434,0.0,0.0,99.0,22.75,,,,,,,,,,,,,,,,,,,,,2026-04-01 14:44:09,True,34.811,10.904,380.554,0.0
2026-04-08T16:57:21.042Z,2026-04-08T16:57:21.042Z,9.105,124,,,,,-2.291831,1.48969,173.147846,0.0,0.0,-0.057296,39.018744,-104.893495,2160.15,-0.308,0.0,0.0,-0.01,173.17,0.0,-0.026,39.0187439,-104.8934952,2160.97,0.01,,29,,,,0.0,,0.01,,0.1471,0.20594,-9.816457,0.0,0.0,-0.001,-224.0,-64.0,450.0,16.434,0.0,0.0,99.0,22.75,,,,,,,,,,,,,,,,,,,,,2026-04-01 14:44:09,True,34.788,10.894,380.637,0.0
2026-04-08T16:57:21.109Z,2026-04-08T16:57:21.109Z,9.172,125,,,,,-2.291831,1.48969,173.147846,0.0,0.0,-0.0,39.018744,-104.893495,2160.15,-0.308,0.0,0.0,-0.01,173.17,0.0,-0.026,39.0187439,-104.8934952,2160.99,0.02,,29,,,,0.0,,0.01,,0.137293,0.20594,-9.80665,0.0,0.0,0.0,-223.0,-64.0,450.0,16.434,0.0,0.0,99.0,22.75,,,,,,,,,,,,,,,,,,,,,2026-04-01 14:44:09,True,34.818,10.899,380.637,0.0
2026-04-08T16:57:21.180Z,2026-04-08T16:57:21.180Z,9.243,126,,,,,-2.291831,1.48969,173.147846,-0.0,0.0,-0.057296,39.018744,-104.893495,2160.15,-0.308,0.0,0.0,-0.01,173.17,0.0,-0.026,39.0187439,-104.8934952,2160.99,0.02,,29,,,,0.0,,0.01,,0.137293,0.20594,-9.816457,0.0,0.0,-0.001,-223.0,-64.0,450.0,16.438,0.01,0.0,99.0,23.0,,,,,,,,,,,,,,,,,,,,,2026-04-01 14:44:09,True,34.795,10.892,380.72,0.164
2026-04-08T16:57:21.256Z,2026-04-08T16:57:21.256Z,9.319,127,,,,,-2.291831,1.48969,173.147846,-0.0,0.0,0.057296,39.018744,-104.893495,2160.15,-0.308,0.0,0.0,-0.01,173.17,0.0,-0.026,39.0187439,-104.8934952,2160.99,0.02,,29,,,,0.0,,0.01,,0.127486,0.196133,-9.816457,0.0,0.0,0.0,-224.0,-64.0,449.0,16.438,0.01,0.0,99.0,22.75,,,,,,,,,,,,,,,,,,,,,2026-04-01 14:44:10,True,34.795,10.894,380.306,0.164
2026-04-08T16:57:21.325Z,2026-04-08T16:57:21.325Z,9.388,128,,,,,-2.291831,1.48969,173.147846,-0.0,-0.0,0.057296,39.018744,-104.893495,2160.15,-0.307,0.0,0.0,-0.01,173.17,0.0,-0.026,39.0187439,-104.8934953,2160.98,0.02,,29,,,,0.0,,0.01,,0.11768,0.186326,-9.816457,0.0,0.0,0.0,-223.0,-64.0,450.0,16.438,0.01,0.0,99.0,22.75,,,,,,,,,,,,,,,,,,,,,2026-04-01 14:44:10,True,34.788,10.896,380.223,0.164
2026-04-08T16:57:21.391Z,2026-04-08T16:57:21.391Z,9.454,129,,,,,-2.291831,1.48969,173.147846,0.057296,-0.0,-0.057296,39.018744,-104.893495,2160.15,-0.308,0.0,0.0,-0.01,173.17,0.0,-0.026,39.0187439,-104.8934953,2160.98,0.02,,29,,,,0.0,,0.01,,0.1471,0.186326,-9.816457,0.0,0.0,0.0,-223.0,-64.0,450.0,16.434,0.01,0.0,99.0,22.75,,,,,,,,,,,,,,,,,,,,,2026-04-01 14:44:10,True,34.811,10.899,380.554,0.164
2026-04-08T16:57:21.474Z,2026-04-08T16:57:21.474Z,9.537,130,,,,,-2.291831,1.48969,173.147846,0.0,-0.0,-0.057296,39.018744,-104.893495,2160.15,-0.308,0.0,0.0,-0.01,173.17,0.0,-0.026,39.0187439,-104.8934953,2160.98,0.02,,29,,,,0.0,,0.01,,0.127486,0.186326,-9.80665,0.0,0.0,-0.001,-223.0,-64.0,450.0,16.434,0.01,0.0,99.0,23.0,,,,,,,,,,,,,,,,,,,,,2026-04-01 14:44:10,True,34.788,10.896,380.306,0.164
2026-04-08T16:57:21.547Z,2026-04-08T16:57:21.547Z,9.61,131,,,,,-2.291831,1.48969,173.147846,-0.0,0.0,0.057296,39.018744,-104.8934951,2160.15,-0.307,0.0,0.0,-0.01,173.17,0.0,-0.035,39.0187439,-104.8934953,2160.98,0.0,,29,,,,0.0,,0.01,,0.137293,0.20594,-9.816457,0.0,0.0,0.0,-223.0,-64.0,450.0,16.421,0.01,0.0,99.0,22.75,,,,,,,,,,,,,,,,,,,,,2026-04-01 14:44:10,True,34.773,10.894,380.223,0.164
2026-04-08T16:57:21.624Z,2026-04-08T16:57:21.624Z,9.687,132,,,,,-2.291831,1.48969,173.147846,-0.0,0.0,0.057296,39.018744,-104.8934951,2160.15,-0.308,0.0,0.0,-0.01,173.17,0.0,-0.035,39.0187439,-104.8934953,2160.98,0.0,,29,,,,0.0,,0.01,,0.127486,0.20594,-9.80665,0.0,0.0,0.0,-224.0,-64.0,450.0,16.421,0.01,0.0,99.0,22.75,,,,,,,,,,,,,,,,,,,,,2026-04-01 14:44:10,True,34.773,10.887,380.306,0.164
2026-04-08T16:57:21.704Z,2026-04-08T16:57:21.704Z,9.767,133,,,,,-2.291831,1.48969,173.147846,-0.0,0.057296,-0.057296,39.018744,-104.8934951,2160.14,-0.312,0.0,0.0,-0.01,173.16,0.0,-0.035,39.0187439,-104.8934953,2160.98,0.02,,29,,,,0.0,,0.01,,0.137293,0.186326,-9.816457,0.0,0.0,-0.001,-223.0,-64.0,450.0,16.421,0.01,0.0,99.0,22.75,,,,,,,,,,,,,,,,,,,,,2026-04-01 14:44:10,True,34.811,10.892,380.554,0.164
2026-04-08T16:57:21.777Z,2026-04-08T16:57:21.777Z,9.84,134,,,,,-2.291831,1.48969,173.147846,0.0,-0.0,-0.0,39.018744,-104.8934951,2160.14,-0.313,0.0,0.0,-0.01,173.16,0.0,-0.035,39.0187439,-104.8934953,2160.98,0.02,,29,,,,0.0,,0.01,,0.137293,0.186326,-9.816457,0.0,0.0,0.0,-223.0,-64.0,450.0,16.426,0.01,0.0,99.0,23.0,,,,,,,,,,,,,,,,,,,,,2026-04-01 14:44:10,True,34.795,10.892,380.223,0.164
2026-04-08T16:57:21.857Z,2026-04-08T16:57:21.857Z,9.92,135,,,,,-2.291831,1.48969,173.147846,-0.0,-0.0,-0.0,39.018744,-104.8934951,2160.14,-0.312,0.0,0.0,-0.01,173.16,0.0,-0.035,39.0187439,-104.8934953,2160.98,0.02,,29,,,,0.0,,0.01,,0.1471,0.20594,-9.816457,0.0,0.0,0.0,-224.0,-64.0,450.0,16.426,0.01,0.0,99.0,22.75,,,,,,,,,,,,,,,,,,,,,2026-04-01 14:44:10,True,34.788,10.892,380.389,0.164
2026-04-08T16:57:21.932Z,2026-04-08T16:57:21.932Z,9.995,136,,,,,-2.291831,1.48969,173.147846,-0.0,-0.0,-0.0,39.018744,-104.8934951,2160.14,-0.312,0.0,0.0,-0.01,173.16,0.0,-0.035,39.0187439,-104.8934953,2160.97,0.02,,29,,,,0.0,,0.01,,0.127486,0.215746,-9.816457,0.0,0.0,0.0,-223.0,-64.0,450.0,16.426,0.01,0.0,99.0,22.75,,,,,,,,,,,,,,,,,,,,,2026-04-01 14:44:10,True,34.78,10.889,380.389,0.164
2026-04-08T16:57:22.008Z,2026-04-08T16:57:22.008Z,10.071,137,,,,,-2.291831,1.48969,173.147846,-0.0,-0.0,0.0,39.018744,-104.8934951,2160.15,-0.309,0.0,0.0,-0.01,173.16,0.0,-0.035,39.0187439,-104.8934953,2160.97,0.02,,29,,,,0.0,,0.01,,0.156906,0.20594,-9.80665,0.0,0.0,0.0,-224.0,-64.0,450.0,16.426,0.01,0.0,99.0,22.75,,,,,,,,,,,,,,,,,,,,,2026-04-01 14:44:10,True,34.765,10.889,380.471,0.164
2026-04-08T16:57:22.085Z,2026-04-08T16:57:22.085Z,10.148,138,,,,,-2.291831,1.48969,173.147846,0.0,-0.0,0.0,39.018744,-104.8934951,2160.15,-0.308,0.0,0.0,-0.01,173.16,0.0,-0.035,39.0187439,-104.8934953,2160.97,0.02,,29,,,,0.0,,0.01,,0.137293,0.166713,-9.816457,0.0,0.0,0.0,-224.0,-64.0,450.0,16.426,0.01,0.0,99.0,23.0,,,,,,,,,,,,,,,,,,,,,2026-04-01 14:44:10,True,34.765,10.887,380.554,0.164
2026-04-08T16:57:22.158Z,2026-04-08T16:57:22.158Z,10.221,139,,,,,-2.291831,1.48969,173.147846,-0.0,-0.0,-0.057296,39.018744,-104.8934951,2160.15,-0.306,0.0,0.0,-0.01,173.16,0.0,-0.035,39.0187439,-104.8934952,2160.97,0.01,,29,,,,0.0,,0.01,,0.11768,0.196133,-9.816457,0.0,0.0,-0.001,-223.0,-64.0,450.0,16.44,0.01,0.0,99.0,22.75,,,,,,,,,,,,,,,,,,,,,2026-04-01 14:44:10,True,34.788,10.896,380.223,0.164
2026-04-08T16:57:22.233Z,2026-04-08T16:57:22.233Z,10.296,140,,,,,-2.291831,1.48969,173.147846,-0.0,-0.0,-0.057296,39.018744,-104.893495,2160.15,-0.304,0.0,0.0,-0.01,173.16,0.0,-0.026,39.0187439,-104.8934952,2160.97,0.01,,29,,,,0.0,,0.01,,0.156906,0.20594,-9.80665,0.0,0.0,-0.001,-223.0,-64.0,450.0,16.44,0.01,0.0,99.0,22.75,,,,,,,,,,,,,,,,,,,,,2026-04-01 14:44:10,True,34.78,10.894,380.471,0.164
2026-04-08T16:57:22.306Z,2026-04-08T16:57:22.306Z,10.369,141,,,,,-2.291831,1.48969,173.147846,0.0,0.0,-0.0,39.018744,-104.893495,2160.15,-0.301,0.0,0.0,-0.01,173.16,0.0,-0.026,39.0187439,-104.8934952,2160.96,0.02,,29,,,,0.0,,0.01,,0.156906,0.196133,-9.816457,0.0,0.0,0.0,-223.0,-64.0,450.0,16.44,0.01,0.0,99.0,22.75,,,,,,,,,,,,,,,,,,,,,2026-04-01 14:44:11,True,34.795,10.889,379.975,0.164
2026-04-08T16:57:22.385Z,2026-04-08T16:57:22.385Z,10.448,142,,,,,-2.291831,1.48969,173.147846,0.0,0.0,0.0,39.018744,-104.893495,2160.15,-0.301,0.0,0.0,-0.01,173.16,0.0,-0.026,39.0187439,-104.8934952,2160.96,0.02,,29,,,,0.0,,0.01,,0.1471,0.20594,-9.80665,0.0,0.0,0.0,-223.0,-64.0,450.0,16.434,0.01,0.0,99.0,23.0,,,,,,,,,,,,,,,,,,,,,2026-04-01 14:44:11,True,34.788,10.887,380.306,0.164
2026-04-08T16:57:22.467Z,2026-04-08T16:57:22.467Z,10.53,143,,,,,-2.291831,1.48969,173.147846,0.0,-0.0,-0.0,39.018744,-104.893495,2160.15,-0.301,0.0,0.0,-0.01,173.16,0.0,-0.026,39.0187439,-104.8934952,2160.96,0.02,,29,,,,0.0,,0.01,,0.137293,0.186326,-9.816457,0.0,0.0,0.0,-224.0,-64.0,450.0,16.434,0.01,0.0,99.0,22.75,,,,,,,,,,,,,,,,,,,,,2026-04-01 14:44:11,True,34.773,10.885,380.637,0.164
2026-04-08T16:57:22.544Z,2026-04-08T16:57:22.544Z,10.607,144,,,,,-2.291831,1.48969,173.147846,-0.0,-0.0,0.0,39.018744,-104.893495,2160.15,-0.301,0.0,0.0,-0.01,173.16,0.0,-0.026,39.0187439,-104.8934952,2160.95,0.0,,29,,,,0.0,,0.01,,0.127486,0.196133,-9.816457,0.0,0.0,0.0,-223.0,-64.0,450.0,16.422,0.01,0.0,99.0,22.75,,,,,,,,,,,,,,,,,,,,,2026-04-01 14:44:11,True,34.795,10.885,380.554,0.164
2026-04-08T16:57:22.616Z,2026-04-08T16:57:22.616Z,10.679,145,,,,,-2.291831,1.48969,173.147846,-0.057296,0.0,0.0,39.018744,-104.893495,2160.16,-0.299,0.0,0.0,-0.01,173.16,0.0,-0.026,39.0187439,-104.8934952,2160.95,0.0,,29,,,,0.0,,0.01,,0.137293,0.196133,-9.816457,0.0,0.0,0.0,-224.0,-64.0,450.0,16.422,0.01,0.0,99.0,22.75,,,,,,,,,,,,,,,,,,,,,2026-04-01 14:44:11,True,34.788,10.892,380.389,0.164
2026-04-08T16:57:22.687Z,2026-04-08T16:57:22.687Z,10.75,146,,,,,-2.291831,1.48969,173.147846,0.0,-0.0,0.0,39.018744,-104.893495,2160.16,-0.298,0.0,0.0,-0.01,173.16,0.0,-0.026,39.0187439,-104.8934952,2160.95,0.0,,29,,,,0.0,,0.01,,0.137293,0.215746,-9.816457,0.0,0.0,0.0,-224.0,-64.0,450.0,16.422,0.01,0.0,99.0,22.75,,,,,,,,,,,,,,,,,,,,,2026-04-01 14:44:11,True,34.818,10.896,380.141,0.164
2026-04-08T16:57:22.757Z,2026-04-08T16:57:22.757Z,10.82,147,,,,,-2.291831,1.48969,173.147846,-0.0,-0.0,0.0,39.018744,-104.893495,2160.16,-0.298,0.0,0.0,-0.01,173.16,0.0,-0.026,39.0187439,-104.8934952,2160.94,0.04,,29,,,,0.0,,0.01,,0.137293,0.196133,-9.816457,0.0,0.0,0.0,-224.0,-64.0,450.0,16.432,0.01,0.0,99.0,22.75,,,,,,,,,,,,,,,,,,,,,2026-04-01 14:44:11,True,34.78,10.889,380.223,0.164
2026-04-08T16:57:22.831Z,2026-04-08T16:57:22.831Z,10.894,148,,,,,-2.291831,1.48969,173.147846,-0.0,-0.0,-0.057296,39.018744,-104.893495,2160.16,-0.299,0.0,0.0,-0.01,173.16,0.0,-0.026,39.0187439,-104.8934952,2160.94,0.04,,29,,,,0.0,,0.01,,0.137293,0.186326,-9.816457,0.0,0.0,-0.001,-224.0,-64.0,450.0,16.432,0.01,0.0,99.0,23.0,,,,,,,,,,,,,,,,,,,,,2026-04-01 14:44:11,True,34.773,10.882,380.554,0.164
2026-04-08T16:57:22.901Z,2026-04-08T16:57:22.901Z,10.964,149,,,,,-2.291831,1.48969,173.147846,0.0,0.0,0.0,39.018744,-104.893495,2160.16,-0.298,0.0,0.0,-0.01,173.16,0.0,-0.026,39.0187439,-104.8934952,2160.94,0.03,,29,,,,0.0,,0.01,,0.11768,0.186326,-9.80665,0.0,0.0,0.0,-223.0,-64.0,450.0,16.432,0.01,0.0,99.0,23.0,,,,,,,,,,,,,,,,,,,,,2026-04-01 14:44:11,True,34.803,10.899,380.471,0.164
2026-04-08T16:57:22.972Z,2026-04-08T16:57:22.972Z,11.035,150,,,,,-2.291831,1.48969,173.147846,-0.057296,0.0,-0.0,39.018744,-104.893495,2160.16,-0.297,0.0,0.0,-0.01,173.16,0.0,-0.026,39.0187439,-104.8934952,2160.94,0.03,,29,,,,0.0,,0.01,,0.1471,0.20594,-9.816457,0.0,0.0,0.0,-223.0,-64.0,450.0,16.429,0.01,0.0,99.0,23.0,,,,,,,,,,,,,,,,,,,,,2026-04-01 14:44:11,True,34.788,10.894,380.637,0.164
2026-04-08T16:57:23.051Z,2026-04-08T16:57:23.051Z,11.114,151,,,,,-2.291831,1.48969,173.147846,-0.0,0.0,0.057296,39.018744,-104.893495,2160.16,-0.297,0.0,0.0,-0.01,173.17,0.0,-0.026,39.0187439,-104.8934952,2160.94,0.03,,29,,,,0.0,,0.01,,0.127486,0.186326,-9.816457,0.0,0.0,0.0,-224.0,-64.0,450.0,16.429,0.01,0.0,99.0,22.75,,,,,,,,,,,,,,,,,,,,,2026-04-01 14:44:11,True,34.795,10.896,380.389,0.164
2026-04-08T16:57:23.124Z,2026-04-08T16:57:23.124Z,11.187,152,,,,,-2.291831,1.48969,173.147846,-0.0,-0.0,0.114592,39.018744,-104.893495,2160.16,-0.296,0.0,0.0,-0.01,173.17,0.0,-0.026,39.0187439,-104.8934952,2160.94,0.0,,29,,,,0.0,,0.01,,0.127486,0.186326,-9.816457,0.0,0.0,0.001,-223.0,-64.0,450.0,16.429,0.01,0.0,99.0,22.75,,,,,,,,,,,,,,,,,,,,,2026-04-01 14:44:11,True,34.788,10.894,380.058,0.164
2026-04-08T16:57:23.189Z,2026-04-08T16:57:23.189Z,11.252,153,,,,,-2.291831,1.48969,173.147846,0.0,-0.0,0.0,39.018744,-104.893495,2160.16,-0.298,0.0,0.0,-0.01,173.16,0.0,-0.026,39.0187439,-104.8934952,2160.94,0.0,,29,,,,0.0,,0.01,,0.127486,0.186326,-9.816457,0.0,0.0,0.0,-224.0,-64.0,450.0,16.431,0.0,0.0,99.0,23.0,,,,,,,,,,,,,,,,,,,,,2026-04-01 14:44:11,True,34.788,10.892,379.975,0.0
2026-04-08T16:57:23.267Z,2026-04-08T16:57:23.267Z,11.33,154,,,,,-2.291831,1.48969,173.147846,-0.0,-0.0,0.057296,39.018744,-104.893495,2160.16,-0.298,0.0,0.0,-0.01,173.16,0.0,-0.026,39.0187439,-104.8934952,2160.94,0.0,,29,,,,0.0,,0.01,,0.137293,0.17652,-9.80665,0.0,0.0,0.0,-224.0,-64.0,450.0,16.431,0.0,0.0,99.0,23.0,,,,,,,,,,,,,,,,,,,,,2026-04-01 14:44:12,True,34.788,10.892,380.306,0.0
2026-04-08T16:57:23.338Z,2026-04-08T16:57:23.338Z,11.401,155,,,,,-2.291831,1.48969,173.147846,0.0,-0.0,-0.0,39.018744,-104.893495,2160.16,-0.299,0.0,0.0,0.0,173.16,0.0,-0.026,39.0187439,-104.8934952,2160.95,0.01,,29,,,,0.0,,-0.0,,0.137293,0.215746,-9.816457,0.0,0.0,0.0,-223.0,-64.0,450.0,16.431,0.0,0.0,99.0,22.75,,,,,,,,,,,,,,,,,,,,,2026-04-01 14:44:12,True,34.803,10.892,380.223,0.0
2026-04-08T16:57:23.408Z,2026-04-08T16:57:23.408Z,11.471,156,,,,,-2.291831,1.48969,173.147846,-0.0,0.0,0.057296,39.018744,-104.893495,2160.15,-0.3,0.0,0.0,0.0,173.16,0.0,-0.026,39.0187439,-104.8934952,2160.95,0.01,,29,,,,0.0,,-0.0,,0.137293,0.20594,-9.80665,0.0,0.0,0.0,-224.0,-64.0,450.0,16.431,0.0,0.0,99.0,22.75,,,,,,,,,,,,,,,,,,,,,2026-04-01 14:44:12,True,34.788,10.892,380.554,0.0
2026-04-08T16:57:23.485Z,2026-04-08T16:57:23.485Z,11.548,157,,,,,-2.291831,1.48969,173.147846,0.0,-0.0,0.0,39.018744,-104.893495,2160.16,-0.299,0.0,0.0,0.0,173.16,0.0,-0.026,39.0187439,-104.8934952,2160.95,0.01,,29,,,,0.0,,-0.0,,0.127486,0.186326,-9.80665,0.0,0.0,0.0,-224.0,-64.0,450.0,16.431,0.0,0.0,99.0,22.75,,,,,,,,,,,,,,,,,,,,,2026-04-01 14:44:12,True,34.765,10.88,380.471,0.0
2026-04-08T16:57:23.556Z,2026-04-08T16:57:23.556Z,11.619,158,,,,,-2.291831,1.48969,173.147846,-0.0,-0.0,0.0,39.018744,-104.893495,2160.16,-0.299,0.0,0.0,0.0,173.16,0.0,-0.026,39.0187439,-104.8934952,2160.95,0.03,,29,,,,0.0,,-0.0,,0.137293,0.196133,-9.80665,0.0,0.0,0.0,-223.0,-64.0,450.0,16.426,0.01,0.0,99.0,23.0,,,,,,,,,,,,,,,,,,,,,2026-04-01 14:44:12,True,34.773,10.887,380.223,0.164
2026-04-08T16:57:23.631Z,2026-04-08T16:57:23.631Z,11.694,159,,,,,-2.291831,1.48969,173.147846,0.0,-0.0,0.057296,39.018744,-104.893495,2160.16,-0.299,0.0,0.0,0.0,173.17,0.0,-0.026,39.0187439,-104.8934952,2160.95,0.03,,29,,,,0.0,,-0.0,,0.1471,0.20594,-9.80665,0.0,0.0,0.0,-224.0,-64.0,450.0,16.426,0.01,0.0,99.0,23.0,,,,,,,,,,,,,,,,,,,,,2026-04-01 14:44:12,True,34.795,10.892,380.389,0.164
2026-04-08T16:57:23.703Z,2026-04-08T16:57:23.703Z,11.766,160,,,,,-2.291831,1.48969,173.147846,-0.0,-0.0,-0.0,39.018744,-104.893495,2160.16,-0.299,0.0,0.01,0.0,173.17,0.0,-0.026,39.0187439,-104.8934952,2160.95,0.02,,29,,,,0.01,,-0.0,,0.137293,0.20594,-9.816457,0.0,0.0,0.0,-223.0,-64.0,450.0,16.426,0.01,0.0,99.0,23.0,,,,,,,,,,,,,,,,,,,,,2026-04-01 14:44:12,True,34.788,10.894,380.885,0.164
2026-04-08T16:57:23.772Z,2026-04-08T16:57:23.772Z,11.835,161,,,,,-2.291831,1.48969,173.147846,-0.0,0.0,0.057296,39.018744,-104.893495,2160.16,-0.299,0.0,0.01,0.0,173.17,0.0,-0.026,39.0187439,-104.8934952,2160.95,0.02,,29,,,,0.01,,-0.0,,0.127486,0.196133,-9.796843,0.0,0.0,0.0,-223.0,-64.0,450.0,16.428,0.01,0.0,99.0,22.75,,,,,,,,,,,,,,,,,,,,,2026-04-01 14:44:12,True,34.811,10.899,380.389,0.164
2026-04-08T16:57:23.841Z,2026-04-08T16:57:23.841Z,11.904,162,,,,,-2.291831,1.48969,173.147846,-0.057296,-0.0,-0.0,39.018744,-104.893495,2160.16,-0.299,0.0,0.0,0.0,173.16,0.0,-0.026,39.0187439,-104.8934952,2160.95,0.02,,29,,,,0.0,,-0.0,,0.1471,0.215746,-9.816457,0.0,0.0,0.0,-224.0,-64.0,450.0,16.428,0.01,0.0,99.0,22.75,,,,,,,,,,,,,,,,,,,,,2026-04-01 14:44:12,True,34.78,10.901,380.389,0.164
2026-04-08T16:57:23.907Z,2026-04-08T16:57:23.907Z,11.97,163,,,,,-2.291831,1.48969,173.147846,-0.0,-0.0,-0.057296,39.018744,-104.893495,2160.15,-0.3,0.0,0.01,0.0,173.16,0.0,-0.026,39.0187439,-104.8934952,2160.96,0.01,,29,,,,0.01,,-0.0,,0.137293,0.196133,-9.80665,0.0,0.0,0.0,-223.0,-64.0,450.0,16.428,0.01,0.0,99.0,23.0,,,,,,,,,,,,,,,,,,,,,2026-04-01 14:44:12,True,34.78,10.896,380.637,0.164
2026-04-08T16:57:23.972Z,2026-04-08T16:57:23.972Z,12.035,164,,,,,-2.291831,1.48969,173.147846,-0.057296,-0.0,-0.0,39.018744,-104.893495,2160.16,-0.3,0.0,0.01,0.0,173.17,0.0,-0.026,39.0187439,-104.8934952,2160.96,0.01,,29,,,,0.01,,-0.0,,0.137293,0.20594,-9.816457,0.0,0.0,0.0,-223.0,-64.0,450.0,16.432,0.01,0.0,99.0,23.0,,,,,,,,,,,,,,,,,,,,,2026-04-01 14:44:12,True,34.795,10.904,380.389,0.164
2026-04-08T16:57:24.050Z,2026-04-08T16:57:24.050Z,12.113,165,,,,,-2.291831,1.48969,173.147846,0.0,-0.0,-0.0,39.018744,-104.893495,2160.16,-0.299,0.0,0.01,0.0,173.17,0.0,-0.026,39.0187439,-104.8934952,2160.96,0.01,,29,,,,0.01,,-0.0,,0.137293,0.196133,-9.80665,0.0,0.0,0.0,-224.0,-64.0,450.0,16.432,0.01,0.0,99.0,23.0,,,,,,,,,,,,,,,,,,,,,2026-04-01 14:44:12,True,34.795,10.887,380.306,0.164
2026-04-08T16:57:24.117Z,2026-04-08T16:57:24.117Z,12.18,166,,,,,-2.291831,1.48969,173.147846,-0.0,-0.0,0.057296,39.018744,-104.893495,2160.16,-0.298,0.0,0.01,0.0,173.17,0.0,-0.026,39.0187439,-104.8934952,2160.95,0.03,,29,,,,0.01,,-0.0,,0.127486,0.20594,-9.816457,0.0,0.0,0.0,-223.0,-64.0,450.0,16.432,0.01,0.0,99.0,22.75,,,,,,,,,,,,,,,,,,,,,2026-04-01 14:44:12,True,34.788,10.899,380.637,0.164
2026-04-08T16:57:24.181Z,2026-04-08T16:57:24.181Z,12.244,167,,,,,-2.291831,1.48969,173.147846,-0.0,-0.0,0.057296,39.018744,-104.893495,2160.16,-0.297,0.0,0.0,0.0,173.17,0.0,-0.026,39.0187439,-104.8934952,2160.95,0.03,,29,,,,0.0,,-0.0,,0.1471,0.20594,-9.80665,0.0,0.0,0.0,-223.0,-64.0,450.0,16.43,0.01,0.0,99.0,22.75,,,,,,,,,,,,,,,,,,,,,2026-04-01 14:44:12,True,34.795,10.906,380.389,0.164
2026-04-08T16:57:24.253Z,2026-04-08T16:57:24.253Z,12.316,168,,,,,-2.291831,1.48969,173.147846,0.0,0.0,-0.057296,39.018744,-104.893495,2160.16,-0.296,0.0,0.0,0.0,173.17,0.0,-0.026,39.0187439,-104.8934952,2160.95,0.03,,29,,,,0.0,,-0.0,,0.127486,0.20594,-9.816457,0.0,0.0,-0.001,-223.0,-64.0,450.0,16.43,0.01,0.0,99.0,23.0,,,,,,,,,,,,,,,,,,,,,2026-04-01 14:44:13,True,34.803,10.892,380.306,0.164
2026-04-08T16:57:24.322Z,2026-04-08T16:57:24.322Z,12.385,169,,,,,-2.291831,1.48969,173.147846,0.0,-0.0,-0.057296,39.018744,-104.893495,2160.16,-0.294,0.0,0.0,0.0,173.17,0.0,-0.026,39.0187438,-104.8934952,2160.95,0.03,,29,,,,0.0,,-0.0,,0.107873,0.225553,-9.80665,0.0,0.0,-0.001,-223.0,-64.0,449.0,16.43,0.01,0.0,99.0,23.0,,,,,,,,,,,,,,,,,,,,,2026-04-01 14:44:13,True,34.818,10.899,380.554,0.164
2026-04-08T16:57:24.387Z,2026-04-08T16:57:24.387Z,12.45,170,,,,,-2.291831,1.48969,173.147846,0.0,-0.0,-0.0,39.018744,-104.893495,2160.16,-0.296,0.0,0.0,0.0,173.17,0.0,-0.026,39.0187438,-104.8934952,2160.95,0.03,,29,,,,0.0,,-0.0,,0.1471,0.17652,-9.826263,0.0,0.0,0.0,-223.0,-64.0,450.0,16.437,0.01,0.0,99.0,23.0,,,,,,,,,,,,,,,,,,,,,2026-04-01 14:44:13,True,34.811,10.901,380.389,0.164
2026-04-08T16:57:24.468Z,2026-04-08T16:57:24.468Z,12.531,171,,,,,-2.291831,1.48969,173.147846,0.0,-0.0,0.057296,39.018744,-104.893495,2160.16,-0.296,0.0,0.0,0.0,173.17,0.0,-0.026,39.0187438,-104.8934952,2160.95,0.03,,29,,,,0.0,,-0.0,,0.127486,0.20594,-9.816457,0.0,0.0,0.0,-223.0,-64.0,450.0,16.437,0.01,0.0,99.0,22.75,,,,,,,,,,,,,,,,,,,,,2026-04-01 14:44:13,True,34.773,10.889,380.637,0.164
2026-04-08T16:57:24.546Z,2026-04-08T16:57:24.546Z,12.609,172,,,,,-2.291831,1.48969,173.147846,-0.0,-0.0,0.057296,39.018744,-104.893495,2160.16,-0.296,0.0,0.0,0.0,173.17,0.0,-0.026,39.0187439,-104.8934953,2160.94,0.03,,29,,,,0.0,,-0.0,,0.127486,0.225553,-9.80665,0.0,0.0,0.0,-223.0,-64.0,450.0,16.426,0.01,0.0,99.0,23.0,,,,,,,,,,,,,,,,,,,,,2026-04-01 14:44:13,True,34.78,10.887,380.223,0.164
2026-04-08T16:57:24.618Z,2026-04-08T16:57:24.618Z,12.681,173,,,,,-2.291831,1.48969,173.147846,0.0,-0.057296,-0.0,39.018744,-104.893495,2160.16,-0.295,0.0,0.0,0.0,173.17,0.0,-0.026,39.0187439,-104.8934953,2160.94,0.03,,29,,,,0.0,,-0.0,,0.137293,0.196133,-9.80665,0.0,0.0,0.0,-224.0,-64.0,450.0,16.426,0.01,0.0,99.0,23.0,,,,,,,,,,,,,,,,,,,,,2026-04-01 14:44:13,True,34.795,10.887,380.223,0.164
2026-04-08T16:57:24.688Z,2026-04-08T16:57:24.688Z,12.751,174,,,,,-2.291831,1.48969,173.147846,-0.0,-0.0,0.0,39.018744,-104.893495,2160.16,-0.292,0.0,0.0,0.0,173.17,0.0,-0.026,39.0187439,-104.8934953,2160.94,0.03,,29,,,,0.0,,-0.0,,0.1471,0.166713,-9.816457,0.0,0.0,0.0,-224.0,-64.0,450.0,16.426,0.01,0.0,99.0,23.0,,,,,,,,,,,,,,,,,,,,,2026-04-01 14:44:13,True,34.811,10.885,380.058,0.164
2026-04-08T16:57:24.758Z,2026-04-08T16:57:24.758Z,12.821,175,,,,,-2.291831,1.48969,173.147846,0.0,0.0,-0.0,39.018744,-104.893495,2160.17,-0.289,0.0,0.0,0.0,173.17,0.0,-0.026,39.0187439,-104.8934952,2160.94,0.02,,29,,,,0.0,,-0.0,,0.127486,0.20594,-9.816457,0.0,0.0,0.0,-223.0,-64.0,450.0,16.427,0.01,0.0,99.0,22.75,,,,,,,,,,,,,,,,,,,,,2026-04-01 14:44:13,True,34.811,10.896,380.306,0.164
2026-04-08T16:57:24.834Z,2026-04-08T16:57:24.834Z,12.897,176,,,,,-2.291831,1.48969,173.147846,0.0,0.0,0.0,39.018744,-104.893495,2160.17,-0.286,0.0,0.0,0.0,173.17,0.0,-0.026,39.0187439,-104.8934952,2160.94,0.02,,29,,,,0.0,,-0.0,,0.166713,0.215746,-9.816457,0.0,0.0,0.0,-224.0,-64.0,450.0,16.427,0.01,0.0,99.0,22.75,,,,,,,,,,,,,,,,,,,,,2026-04-01 14:44:13,True,34.803,10.882,380.637,0.164
2026-04-08T16:57:24.905Z,2026-04-08T16:57:24.905Z,12.968,177,,,,,-2.291831,1.48969,173.147846,-0.0,-0.0,-0.0,39.018744,-104.893495,2160.17,-0.283,0.0,0.0,0.0,173.17,0.0,-0.026,39.0187439,-104.8934952,2160.94,0.02,,29,,,,0.0,,-0.0,,0.166713,0.215746,-9.816457,0.0,0.0,0.0,-223.0,-64.0,449.0,16.427,0.01,0.0,99.0,22.75,,,,,,,,,,,,,,,,,,,,,2026-04-01 14:44:13,True,34.773,10.892,379.892,0.164
2026-04-08T16:57:24.972Z,2026-04-08T16:57:24.972Z,13.035,178,,,,,-2.291831,1.48969,173.147846,-0.0,-0.0,0.0,39.018744,-104.893495,2160.17,-0.283,0.0,0.0,0.0,173.17,0.0,-0.026,39.0187438,-104.8934952,2160.93,0.01,,29,,,,0.0,,-0.0,,0.127486,0.186326,-9.80665,0.0,0.0,0.0,-223.0,-64.0,449.0,16.43,0.01,0.0,99.0,23.0,,,,,,,,,,,,,,,,,,,,,2026-04-01 14:44:13,True,34.788,10.901,380.306,0.164
2026-04-08T16:57:25.054Z,2026-04-08T16:57:25.054Z,13.117,179,,,,,-2.291831,1.48969,173.147846,0.0,-0.0,-0.0,39.018744,-104.893495,2160.17,-0.283,0.0,0.0,0.0,173.17,0.0,-0.026,39.0187438,-104.8934952,2160.93,0.01,,29,,,,0.0,,-0.0,,0.166713,0.20594,-9.796843,0.0,0.0,0.0,-224.0,-64.0,450.0,16.43,0.01,0.0,99.0,23.0,,,,,,,,,,,,,,,,,,,,,2026-04-01 14:44:13,True,34.773,10.894,380.389,0.164
2026-04-08T16:57:25.133Z,2026-04-08T16:57:25.133Z,13.196,180,,,,,-2.291831,1.48969,173.147846,0.0,0.0,-0.057296,39.018744,-104.893495,2160.17,-0.283,0.0,0.0,0.0,173.17,0.0,-0.026,39.0187438,-104.8934952,2160.93,0.01,,29,,,,0.0,,-0.0,,0.137293,0.196133,-9.816457,0.0,0.0,-0.001,-223.0,-64.0,450.0,16.43,0.01,0.0,99.0,23.0,,,,,,,,,,,,,,,,,,,,,2026-04-01 14:44:13,True,34.773,10.88,380.802,0.164
2026-04-08T16:57:25.201Z,2026-04-08T16:57:25.201Z,13.264,181,,,,,-2.291831,1.48969,173.147846,-0.057296,-0.057296,-0.0,39.018744,-104.893495,2160.17,-0.281,0.0,0.0,0.0,173.17,0.0,-0.026,39.0187438,-104.8934952,2160.93,0.01,,29,,,,0.0,,-0.0,,0.156906,0.196133,-9.816457,0.0,0.0,0.0,-224.0,-64.0,450.0,16.43,0.01,0.0,99.0,23.0,,,,,,,,,,,,,,,,,,,,,2026-04-01 14:44:13,True,34.811,10.899,380.885,0.164
2026-04-08T16:57:25.266Z,2026-04-08T16:57:25.266Z,13.329,182,,,,,-2.291831,1.48969,173.147846,-0.057296,0.0,0.057296,39.018744,-104.893495,2160.18,-0.279,0.0,0.0,0.0,173.17,0.0,-0.026,39.0187438,-104.8934952,2160.93,0.01,,29,,,,0.0,,-0.0,,0.1471,0.20594,-9.80665,0.0,0.0,0.0,-224.0,-64.0,450.0,16.43,0.01,0.0,99.0,23.0,,,,,,,,,,,,,,,,,,,,,2026-04-01 14:44:14,True,34.811,10.899,380.141,0.164
2026-04-08T16:57:25.335Z,2026-04-08T16:57:25.335Z,13.398,183,,,,,-2.291831,1.48969,173.147846,0.0,0.057296,0.0,39.018744,-104.893495,2160.18,-0.277,0.0,0.0,0.0,173.17,0.0,-0.026,39.0187439,-104.8934952,2160.94,0.03,,29,,,,0.0,,-0.0,,0.127486,0.186326,-9.816457,0.0,0.0,0.0,-223.0,-64.0,450.0,16.43,0.01,0.0,99.0,23.0,,,,,,,,,,,,,,,,,,,,,2026-04-01 14:44:14,True,34.795,10.892,380.554,0.164
2026-04-08T16:57:25.412Z,2026-04-08T16:57:25.412Z,13.475,184,,,,,-2.291831,1.48969,173.147846,-0.0,-0.0,-0.0,39.018744,-104.893495,2160.18,-0.276,0.0,0.0,0.0,173.17,0.0,-0.026,39.0187439,-104.8934952,2160.94,0.03,,29,,,,0.0,,-0.0,,0.137293,0.186326,-9.816457,0.0,0.0,0.0,-224.0,-64.0,450.0,16.43,0.01,0.0,99.0,23.0,,,,,,,,,,,,,,,,,,,,,2026-04-01 14:44:14,True,34.78,10.885,380.471,0.164
2026-04-08T16:57:25.491Z,2026-04-08T16:57:25.491Z,13.554,185,,,,,-2.291831,1.48969,173.147846,-0.0,-0.0,0.0,39.018744,-104.893495,2160.18,-0.274,0.0,0.0,0.0,173.17,0.0,-0.026,39.0187439,-104.8934952,2160.94,0.03,,29,,,,0.0,,-0.0,,0.137293,0.196133,-9.80665,0.0,0.0,0.0,-224.0,-64.0,450.0,16.43,0.01,0.0,99.0,23.0,,,,,,,,,,,,,,,,,,,,,2026-04-01 14:44:14,True,34.773,10.889,380.141,0.164
2026-04-08T16:57:25.563Z,2026-04-08T16:57:25.563Z,13.626,186,,,,,-2.291831,1.48969,173.147846,-0.057296,0.0,-0.057296,39.018744,-104.893495,2160.18,-0.27,0.0,0.0,0.0,173.17,0.0,-0.026,39.0187439,-104.8934952,2160.95,0.0,,29,,,,0.0,,-0.0,,0.137293,0.23536,-9.816457,0.0,0.0,0.0,-223.0,-64.0,450.0,16.427,0.01,0.0,99.0,23.0,,,,,,,,,,,,,,,,,,,,,2026-04-01 14:44:14,True,34.803,10.889,380.554,0.164
2026-04-08T16:57:25.638Z,2026-04-08T16:57:25.638Z,13.701,187,,,,,-2.291831,1.48969,173.147846,0.0,0.0,-0.057296,39.018744,-104.893495,2160.19,-0.267,0.0,0.0,0.0,173.17,0.0,-0.026,39.0187439,-104.8934952,2160.95,0.0,,29,,,,0.0,,-0.0,,0.1471,0.17652,-9.80665,0.0,0.0,-0.001,-224.0,-64.0,450.0,16.427,0.01,0.0,99.0,23.0,,,,,,,,,,,,,,,,,,,,,2026-04-01 14:44:14,True,34.78,10.885,380.306,0.164
2026-04-08T16:57:25.710Z,2026-04-08T16:57:25.710Z,13.773,188,,,,,-2.291831,1.48969,173.147846,0.0,-0.0,0.0,39.018744,-104.893495,2160.19,-0.261,0.0,0.0,-0.01,173.17,0.0,-0.026,39.0187439,-104.8934952,2160.95,0.01,,29,,,,0.0,,0.01,,0.137293,0.186326,-9.80665,0.0,0.0,0.0,-223.0,-64.0,450.0,16.427,0.01,0.0,99.0,23.0,,,,,,,,,,,,,,,,,,,,,2026-04-01 14:44:14,True,34.795,10.882,380.389,0.164
2026-04-08T16:57:25.781Z,2026-04-08T16:57:25.781Z,13.844,189,,,,,-2.291831,1.48969,173.147846,-0.0,-0.0,-0.0,39.018744,-104.893495,2160.2,-0.257,0.0,0.0,-0.01,173.17,0.0,-0.026,39.0187439,-104.8934952,2160.95,0.01,,29,,,,0.0,,0.01,,0.127486,0.20594,-9.80665,0.0,0.0,0.0,-223.0,-64.0,450.0,16.437,0.01,0.0,99.0,23.0,,,,,,,,,,,,,,,,,,,,,2026-04-01 14:44:14,True,34.803,10.894,380.554,0.164
2026-04-08T16:57:25.867Z,2026-04-08T16:57:25.867Z,13.93,190,,,,,-2.291831,1.48969,173.205141,0.0,-0.0,0.057296,39.018744,-104.893495,2160.2,-0.255,0.0,0.0,-0.01,173.17,0.0,-0.026,39.0187439,-104.8934952,2160.95,0.01,,29,,,,0.0,,0.01,,0.1471,0.186326,-9.80665,0.0,0.0,0.0,-224.0,-64.0,450.0,16.437,0.01,0.0,99.0,23.0,,,,,,,,,,,,,,,,,,,,,2026-04-01 14:44:14,True,34.758,10.892,380.471,0.164
2026-04-08T16:57:25.945Z,2026-04-08T16:57:25.945Z,14.008,191,,,,,-2.291831,1.48969,173.147846,-0.0,-0.057296,0.057296,39.018744,-104.893495,2160.2,-0.251,0.0,0.0,-0.01,173.17,0.0,-0.026,39.0187439,-104.8934952,2160.96,0.01,,29,,,,0.0,,0.01,,0.1471,0.196133,-9.826263,0.0,-0.001,0.0,-223.0,-64.0,449.0,16.432,0.01,0.0,99.0,23.0,,,,,,,,,,,,,,,,,,,,,2026-04-01 14:44:14,True,34.75,10.88,380.223,0.164
2026-04-08T16:57:26.023Z,2026-04-08T16:57:26.023Z,14.086,192,,,,,-2.291831,1.48969,173.147846,-0.0,-0.0,-0.0,39.018744,-104.893495,2160.2,-0.25,0.0,0.0,-0.01,173.17,0.0,-0.026,39.0187439,-104.8934952,2160.96,0.01,,29,,,,0.0,,0.01,,0.1471,0.20594,-9.816457,0.0,0.0,0.0,-224.0,-64.0,450.0,16.432,0.01,0.0,99.0,23.0,,,,,,,,,,,,,,,,,,,,,2026-04-01 14:44:14,True,34.773,10.887,380.389,0.164
2026-04-08T16:57:26.109Z,2026-04-08T16:57:26.109Z,14.172,193,,,,,-2.291831,1.48969,173.205141,0.0,0.0,0.057296,39.018744,-104.893495,2160.2,-0.251,0.0,0.0,-0.01,173.17,0.0,-0.026,39.0187439,-104.8934952,2160.96,0.01,,29,,,,0.0,,0.01,,0.137293,0.186326,-9.80665,0.0,0.0,0.0,-223.0,-64.0,450.0,16.432,0.01,0.0,99.0,23.0,,,,,,,,,,,,,,,,,,,,,2026-04-01 14:44:14,True,34.758,10.887,380.223,0.164
2026-04-08T16:57:26.182Z,2026-04-08T16:57:26.182Z,14.245,194,,,,,-2.291831,1.48969,173.205141,0.0,-0.0,-0.057296,39.018744,-104.893495,2160.2,-0.252,0.0,0.0,-0.01,173.17,0.0,-0.026,39.0187438,-104.8934952,2160.95,0.01,,29,,,,0.0,,0.01,,0.127486,0.196133,-9.816457,0.0,0.0,-0.001,-223.0,-64.0,450.0,16.437,0.01,0.0,99.0,23.0,,,,,,,,,,,,,,,,,,,,,2026-04-01 14:44:14,True,34.78,10.892,380.554,0.164
2026-04-08T16:57:26.269Z,2026-04-08T16:57:26.269Z,14.332,195,,,,,-2.291831,1.48969,173.205141,-0.0,0.057296,0.0,39.018744,-104.893495,2160.2,-0.253,0.0,0.0,-0.01,173.17,0.0,-0.026,39.0187438,-104.8934952,2160.95,0.01,,29,,,,0.0,,0.01,,0.1471,0.20594,-9.816457,0.0,0.0,0.0,-223.0,-64.0,450.0,16.437,0.01,0.0,99.0,23.0,,,,,,,,,,,,,,,,,,,,,2026-04-01 14:44:15,True,34.758,10.887,380.389,0.164
2026-04-08T16:57:26.347Z,2026-04-08T16:57:26.347Z,14.41,196,,,,,-2.291831,1.48969,173.147846,-0.0,0.0,-0.0,39.018744,-104.893495,2160.2,-0.254,0.0,0.0,-0.01,173.17,0.0,-0.026,39.0187438,-104.8934952,2160.95,0.01,,29,,,,0.0,,0.01,,0.127486,0.215746,-9.816457,0.0,0.0,0.0,-223.0,-65.0,450.0,16.435,0.0,0.0,99.0,23.0,,,,,,,,,,,,,,,,,,,,,2026-04-01 14:44:15,True,34.78,10.889,379.975,0.0
2026-04-08T16:57:26.425Z,2026-04-08T16:57:26.425Z,14.488,197,,,,,-2.291831,1.48969,173.147846,0.0,-0.0,-0.0,39.018744,-104.893495,2160.2,-0.254,0.0,0.0,-0.01,173.17,0.0,-0.026,39.0187438,-104.8934952,2160.95,0.01,,29,,,,0.0,,0.01,,0.1471,0.196133,-9.816457,0.0,0.0,0.0,-224.0,-64.0,450.0,16.435,0.0,0.0,99.0,23.0,,,,,,,,,,,,,,,,,,,,,2026-04-01 14:44:15,True,34.78,10.88,380.223,0.0
2026-04-08T16:57:26.504Z,2026-04-08T16:57:26.504Z,14.567,198,,,,,-2.291831,1.432394,173.147846,0.057296,0.0,0.0,39.018744,-104.893495,2160.2,-0.256,0.0,0.0,-0.01,173.17,0.0,-0.026,39.0187438,-104.8934952,2160.94,0.0,,29,,,,0.0,,0.01,,0.1471,0.186326,-9.80665,0.0,0.0,0.0,-223.0,-64.0,450.0,16.435,0.0,0.0,99.0,22.75,,,,,,,,,,,,,,,,,,,,,2026-04-01 14:44:15,True,34.795,10.887,379.975,0.0
2026-04-08T16:57:26.576Z,2026-04-08T16:57:26.576Z,14.639,199,,,,,-2.291831,1.432394,173.147846,0.0,-0.0,-0.0,39.0187439,-104.893495,2160.2,-0.258,0.0,0.0,0.0,173.17,-0.011,-0.026,39.0187438,-104.8934952,2160.94,0.0,,29,,,,0.0,,-0.0,,0.137293,0.20594,-9.816457,0.0,0.0,0.0,-223.0,-64.0,450.0,16.429,0.01,0.0,99.0,23.0,,,,,,,,,,,,,,,,,,,,,2026-04-01 14:44:15,True,34.765,10.892,380.389,0.164
2026-04-08T16:57:26.670Z,2026-04-08T16:57:26.670Z,14.733,200,,,,,-2.291831,1.432394,173.147846,-0.0,0.0,-0.0,39.0187439,-104.893495,2160.2,-0.259,0.0,0.0,0.0,173.17,-0.011,-0.026,39.0187438,-104.8934952,2160.94,0.0,,29,,,,0.0,,-0.0,,0.137293,0.196133,-9.80665,0.0,0.0,0.0,-224.0,-64.0,450.0,16.429,0.01,0.0,99.0,23.0,,,,,,,,,,,,,,,,,,,,,2026-04-01 14:44:15,True,34.773,10.889,380.306,0.164
2026-04-08T16:57:26.744Z,2026-04-08T16:57:26.744Z,14.807,201,,,,,-2.291831,1.432394,173.147846,0.0,0.0,0.0,39.0187439,-104.893495,2160.19,-0.261,0.0,0.0,0.0,173.17,-0.011,-0.026,39.0187438,-104.8934951,2160.93,0.03,,29,,,,0.0,,-0.0,,0.137293,0.196133,-9.816457,0.0,0.0,0.0,-223.0,-64.0,450.0,16.432,0.01,0.0,99.0,23.0,,,,,,,,,,,,,,,,,,,,,2026-04-01 14:44:15,True,34.78,10.885,380.223,0.164
2026-04-08T16:57:26.817Z,2026-04-08T16:57:26.817Z,14.88,202,,,,,-2.291831,1.432394,173.147846,-0.0,-0.0,-0.0,39.0187439,-104.893495,2160.19,-0.263,0.0,0.0,0.0,173.17,-0.011,-0.026,39.0187438,-104.8934951,2160.93,0.03,,29,,,,0.0,,-0.0,,0.127486,0.196133,-9.826263,0.0,0.0,0.0,-224.0,-64.0,450.0,16.432,0.01,0.0,99.0,23.0,,,,,,,,,,,,,,,,,,,,,2026-04-01 14:44:15,True,34.765,10.889,379.975,0.164
2026-04-08T16:57:26.885Z,2026-04-08T16:57:26.885Z,14.948,203,,,,,-2.291831,1.432394,173.147846,0.0,0.0,0.0,39.0187439,-104.893495,2160.19,-0.263,0.0,0.0,0.0,173.17,-0.011,-0.026,39.0187438,-104.8934951,2160.93,0.03,,29,,,,0.0,,-0.0,,0.137293,0.20594,-9.816457,0.0,0.0,0.0,-224.0,-64.0,450.0,16.432,0.01,0.0,99.0,23.0,,,,,,,,,,,,,,,,,,,,,2026-04-01 14:44:15,True,34.788,10.889,380.389,0.164
2026-04-08T16:57:28.797Z,2026-04-08T16:57:28.797Z,16.86,204,,,,,-2.291831,1.48969,173.147846,0.0,0.057296,0.057296,39.0187439,-104.893495,2160.19,-0.266,0.0,0.01,0.0,173.17,-0.011,-0.026,39.0187438,-104.8934951,2160.93,0.03,,29,,,,0.01,,-0.0,,0.1471,0.196133,-9.80665,0.0,0.0,0.0,-223.0,-64.0,450.0,16.433,0.0,0.0,99.0,22.75,,,,,,,,,,,,,,,,,,,,,2026-04-01 14:44:17,True,34.674,10.892,380.14,0.0
2026-04-08T16:57:28.890Z,2026-04-08T16:57:28.890Z,16.953,205,,,,,-2.291831,1.48969,173.147846,0.0,0.0,-0.0,39.0187439,-104.893495,2160.19,-0.268,0.0,0.01,0.0,173.17,-0.011,-0.026,39.0187438,-104.8934951,2160.93,0.03,,29,,,,0.01,,-0.0,,0.137293,0.186326,-9.826263,0.0,0.0,0.0,-224.0,-64.0,450.0,16.435,0.0,0.0,99.0,22.75,,,,,,,,,,,,,,,,,,,,,2026-04-01 14:44:17,True,34.75,10.889,380.141,0.0
2026-04-08T16:57:28.976Z,2026-04-08T16:57:28.976Z,17.039,206,,,,,-2.291831,1.48969,173.147846,-0.0,0.0,-0.0,39.0187439,-104.893495,2160.19,-0.268,0.0,0.01,0.0,173.16,-0.011,-0.026,39.0187438,-104.893495,2160.93,0.01,,29,,,,0.01,,-0.0,,0.137293,0.186326,-9.80665,0.0,0.0,0.0,-224.0,-64.0,450.0,16.44,0.01,0.0,99.0,22.75,,,,,,,,,,,,,,,,,,,,,2026-04-01 14:44:17,True,34.758,10.885,379.975,0.164
2026-04-08T16:57:29.060Z,2026-04-08T16:57:29.060Z,17.123,207,,,,,-2.291831,1.432394,173.147846,0.0,-0.0,0.057296,39.0187439,-104.893495,2160.18,0.005,0.0,0.01,0.0,173.16,-0.011,-0.026,39.0187438,-104.8934951,2160.93,0.04,,29,,,,0.01,,-0.0,,0.127486,0.20594,-9.816457,0.0,0.0,0.0,-224.0,-64.0,450.0,16.417,0.0,0.0,99.0,22.75,,,,,,,,,,,,,,,,,,,,,2026-04-01 14:44:17,True,34.78,10.885,380.223,0.0
2026-04-08T16:57:29.154Z,2026-04-08T16:57:29.154Z,17.217,208,,,,,-2.291831,1.432394,173.147846,0.0,0.0,0.0,39.0187439,-104.893495,2160.17,0.0,0.0,0.0,0.0,173.16,-0.011,-0.026,39.0187438,-104.8934951,2160.94,0.0,,29,,,,0.0,,-0.0,,0.137293,0.20594,-9.816457,0.0,0.0,0.0,-224.0,-64.0,450.0,16.424,0.01,0.0,99.0,22.75,,,,,,,,,,,,,,,,,,,,,2026-04-01 14:44:17,True,34.742,10.887,380.141,0.164
2026-04-08T16:57:29.237Z,2026-04-08T16:57:29.237Z,17.3,209,,,,,-2.291831,1.432394,173.147846,-0.0,-0.0,0.0,39.0187438,-104.893495,2160.17,-0.003,0.0,0.01,0.0,173.16,-0.022,-0.026,39.0187437,-104.8934951,2160.93,0.03,,29,,,,0.01,,-0.0,,0.1471,0.196133,-9.80665,0.0,0.0,0.0,-224.0,-64.0,450.0,16.424,0.0,0.0,99.0,22.75,,,,,,,,,,,,,,,,,,,,,2026-04-01 14:44:17,True,34.795,10.88,380.223,0.0
2026-04-08T16:57:29.323Z,2026-04-08T16:57:29.323Z,17.386,210,,,,,-2.291831,1.432394,173.147846,0.0,0.0,-0.0,39.0187438,-104.893495,2160.17,-0.005,0.0,0.0,0.0,173.16,-0.022,-0.026,39.0187437,-104.8934951,2160.93,0.03,,29,,,,0.0,,-0.0,,0.137293,0.196133,-9.816457,0.0,0.0,0.0,-224.0,-64.0,450.0,16.422,0.01,0.0,99.0,22.75,,,,,,,,,,,,,,,,,,,,,2026-04-01 14:44:18,True,34.75,10.88,380.306,0.164
2026-04-08T16:57:29.409Z,2026-04-08T16:57:29.409Z,17.472,211,,,,,-2.291831,1.432394,173.147846,0.0,-0.0,0.057296,39.0187438,-104.893495,2160.17,-0.006,0.0,0.0,0.0,173.16,-0.022,-0.026,39.0187437,-104.8934951,2160.93,0.02,,29,,,,0.0,,-0.0,,0.127486,0.186326,-9.816457,0.0,0.0,0.0,-224.0,-64.0,450.0,16.427,0.01,0.0,99.0,23.0,,,,,,,,,,,,,,,,,,,,,2026-04-01 14:44:18,True,34.795,10.889,380.141,0.164
2026-04-08T16:57:29.499Z,2026-04-08T16:57:29.499Z,17.562,212,,,,,-2.291831,1.432394,173.147846,0.0,0.0,0.0,39.0187438,-104.893495,2160.17,-0.005,0.0,0.0,0.0,173.16,-0.022,-0.026,39.0187437,-104.8934951,2160.93,0.01,,29,,,,0.0,,-0.0,,0.137293,0.196133,-9.80665,0.0,0.0,0.0,-224.0,-64.0,450.0,16.424,0.01,0.0,99.0,22.75,,,,,,,,,,,,,,,,,,,,,2026-04-01 14:44:18,True,34.75,10.88,380.471,0.164
2026-04-08T16:57:29.586Z,2026-04-08T16:57:29.586Z,17.649,213,,,,,-2.291831,1.432394,173.147846,-0.0,-0.0,0.0,39.0187438,-104.893495,2160.17,-0.006,0.0,0.0,0.0,173.16,-0.022,-0.026,39.0187437,-104.8934951,2160.94,0.0,,29,,,,0.0,,-0.0,,0.127486,0.196133,-9.816457,0.0,0.0,0.0,-224.0,-64.0,450.0,16.423,0.01,0.0,99.0,23.0,,,,,,,,,,,,,,,,,,,,,2026-04-01 14:44:18,True,34.773,10.88,380.471,0.164
2026-04-08T16:57:29.671Z,2026-04-08T16:57:29.671Z,17.734,214,,,,,-2.291831,1.432394,173.147846,-0.0,-0.057296,-0.057296,39.0187438,-104.893495,2160.16,-0.01,0.0,0.0,0.0,173.16,-0.022,-0.026,39.0187437,-104.8934951,2160.94,0.02,,29,,,,0.0,,-0.0,,0.137293,0.196133,-9.816457,0.0,0.0,-0.001,-224.0,-64.0,450.0,16.426,0.01,0.0,99.0,23.0,,,,,,,,,,,,,,,,,,,,,2026-04-01 14:44:18,True,34.765,10.88,380.223,0.164
2026-04-08T16:57:29.776Z,2026-04-08T16:57:29.776Z,17.839,215,,,,,-2.291831,1.432394,173.147846,-0.057296,-0.0,0.057296,39.0187438,-104.893495,2160.16,-0.012,0.0,0.0,0.0,173.16,-0.022,-0.026,39.0187437,-104.8934951,2160.95,0.0,,29,,,,0.0,,-0.0,,0.127486,0.20594,-9.816457,0.0,0.0,0.0,-224.0,-64.0,450.0,16.423,0.01,0.0,99.0,23.0,,,,,,,,,,,,,,,,,,,,,2026-04-01 14:44:18,True,34.742,10.887,379.81,0.164
2026-04-08T16:57:29.872Z,2026-04-08T16:57:29.872Z,17.935,216,,,,,-2.291831,1.432394,173.147846,-0.0,-0.0,-0.057296,39.0187438,-104.893495,2160.16,-0.012,0.0,0.0,0.0,173.16,-0.022,-0.026,39.0187436,-104.8934951,2160.95,0.02,,29,,,,0.0,,-0.0,,0.127486,0.20594,-9.816457,0.0,0.0,-0.001,-223.0,-64.0,450.0,16.429,0.0,0.0,99.0,22.75,,,,,,,,,,,,,,,,,,,,,2026-04-01 14:44:18,True,34.742,10.882,380.141,0.0
2026-04-08T16:57:29.974Z,2026-04-08T16:57:29.974Z,18.037,217,,,,,-2.291831,1.432394,173.147846,0.0,0.057296,-0.0,39.0187437,-104.893495,2160.16,-0.013,0.0,0.0,0.0,173.16,-0.033,-0.026,39.0187436,-104.893495,2160.95,0.02,,29,,,,0.0,,-0.0,,0.127486,0.196133,-9.80665,0.0,0.0,0.0,-224.0,-64.0,450.0,16.422,0.01,0.0,99.0,23.0,,,,,,,,,,,,,,,,,,,,,2026-04-01 14:44:18,True,34.773,10.894,380.14,0.164
2026-04-08T16:57:30.066Z,2026-04-08T16:57:30.066Z,18.129,218,,,,,-2.291831,1.432394,173.147846,-0.0,0.0,-0.057296,39.0187437,-104.8934949,2160.16,-0.016,0.0,0.01,0.0,173.17,-0.033,-0.017,39.0187436,-104.893495,2160.94,0.01,,29,,,,0.01,,-0.0,,0.137293,0.215746,-9.80665,0.0,0.0,-0.001,-224.0,-64.0,450.0,16.429,0.01,0.0,99.0,22.75,,,,,,,,,,,,,,,,,,,,,2026-04-01 14:44:18,True,34.773,10.887,380.058,0.164
2026-04-08T16:57:30.158Z,2026-04-08T16:57:30.158Z,18.221,219,,,,,-2.291831,1.432394,173.147846,0.0,-0.0,0.057296,39.0187437,-104.8934949,2160.15,-0.023,0.0,0.0,0.0,173.17,-0.033,-0.017,39.0187436,-104.893495,2160.95,0.01,,29,,,,0.0,,-0.0,,0.137293,0.215746,-9.80665,0.0,0.0,0.0,-224.0,-64.0,450.0,16.169,0.19,0.0,99.0,22.75,,,,,,,,,,,,,,,,,,,,,2026-04-01 14:44:18,True,34.758,10.882,380.306,3.072
2026-04-08T16:57:30.246Z,2026-04-08T16:57:30.246Z,18.309,220,,,,,-2.291831,1.432394,173.205141,-0.229183,0.0,0.974028,39.0187437,-104.8934949,2160.15,-0.027,0.0,0.0,0.0,173.18,-0.033,-0.017,39.0187436,-104.893495,2160.94,0.03,,29,,,,0.0,,-0.0,,0.333426,0.08826,-9.904716,-0.003,0.0,0.016,-225.0,-64.0,445.0,16.284,0.0,0.0,99.0,22.75,,,,,,,,,,,,,,,,,,,,,2026-04-01 14:44:19,True,34.758,10.88,380.306,0.0
2026-04-08T16:57:30.332Z,2026-04-08T16:57:30.332Z,18.395,221,,,,,-2.291831,1.432394,173.205141,-0.687549,0.114592,0.40107,39.0187437,-104.8934949,2160.14,-0.03,0.0,0.0,0.0,173.16,-0.033,-0.017,39.0187436,-104.8934949,2160.94,0.01,,29,,,,0.0,,-0.0,,0.05884,0.245166,-9.757617,-0.011,0.001,0.007,-225.0,-65.0,446.0,16.284,0.0,0.0,99.0,22.75,,,,,,,,,,,,,,,,,,,,,2026-04-01 14:44:19,True,34.773,10.882,380.389,0.0
2026-04-08T16:57:30.404Z,2026-04-08T16:57:30.404Z,18.467,222,,,,,-2.291831,1.48969,173.147846,-0.515662,0.343775,-0.515662,39.0187437,-104.8934949,2160.14,-0.032,0.0,0.0,0.0,173.16,-0.033,-0.017,39.0187436,-104.893495,2160.94,0.03,,29,,,,0.0,,-0.0,,0.0,0.127486,-9.757617,-0.009,0.006,-0.009,-225.0,-64.0,446.0,16.284,0.0,0.0,99.0,23.0,,,,,,,,,,,,,,,,,,,,,2026-04-01 14:44:19,True,34.788,10.889,380.14,0.0
2026-04-08T16:57:30.482Z,2026-04-08T16:57:30.482Z,18.545,223,,,,,-2.349127,1.432394,173.147846,0.0,-0.171887,-0.458366,39.0187437,-104.8934949,2160.14,-0.033,0.0,0.0,0.0,173.18,-0.033,-0.017,39.0187436,-104.893495,2160.94,0.03,,29,,,,0.0,,-0.0,,0.127486,-0.17652,-9.698777,0.0,-0.003,-0.008,-225.0,-64.0,446.0,16.284,0.0,0.0,99.0,23.0,,,,,,,,,,,,,,,,,,,,,2026-04-01 14:44:19,True,34.765,10.882,380.554,0.0
2026-04-08T16:57:30.554Z,2026-04-08T16:57:30.554Z,18.617,224,,,,,-2.234535,1.432394,173.205141,0.0,0.458366,0.343775,39.0187436,-104.8934949,2160.14,-0.034,0.0,0.01,0.0,173.19,-0.044,-0.017,39.0187435,-104.893495,2160.94,0.03,,29,,,,0.01,,-0.0,,0.313813,0.431493,-9.963556,0.0,0.007,0.005,-224.0,-64.0,446.0,16.308,0.0,0.0,99.0,22.75,,,,,,,,,,,,,,,,,,,,,2026-04-01 14:44:19,True,34.803,10.892,380.223,0.0
2026-04-08T16:57:30.628Z,2026-04-08T16:57:30.628Z,18.691,225,,,,,-2.291831,1.48969,173.147846,-0.458366,0.171887,0.343775,39.0187436,-104.8934949,2160.14,-0.035,0.0,0.02,0.0,173.18,-0.044,-0.017,39.0187435,-104.893495,2160.94,0.03,,29,,,,0.02,,-0.0,,-0.098066,0.23536,-9.796843,-0.007,0.002,0.005,-225.0,-65.0,446.0,16.308,0.0,0.0,99.0,22.75,,,,,,,,,,,,,,,,,,,,,2026-04-01 14:44:19,True,34.788,10.889,380.058,0.0
2026-04-08T16:57:30.746Z,2026-04-08T16:57:30.746Z,18.809,226,,,,,-2.291831,1.432394,173.147846,-0.229183,0.40107,-0.229183,39.0187436,-104.8934949,2160.14,-0.036,-0.02,0.01,0.0,173.17,-0.044,-0.017,39.0187435,-104.8934949,2160.95,0.02,,29,,,,0.022,,-0.0,,0.166713,0.26478,-9.934136,-0.003,0.007,-0.003,-224.0,-64.0,446.0,16.324,0.0,0.0,99.0,23.0,,,,,,,,,,,,,,,,,,,,,2026-04-01 14:44:19,True,34.727,10.885,380.141,0.0
2026-04-08T16:57:30.824Z,2026-04-08T16:57:30.824Z,18.887,227,,,,,-2.291831,1.48969,173.147846,-0.687549,0.114592,-0.114592,39.0187436,-104.8934948,2160.14,-0.035,-0.02,0.01,0.0,173.17,-0.044,-0.009,39.0187435,-104.8934949,2160.95,0.02,,29,,,,0.022,,-0.0,,-0.068647,0.009807,-9.787037,-0.012,0.001,-0.002,-226.0,-64.0,446.0,16.324,0.0,0.0,99.0,22.75,,,,,,,,,,,,,,,,,,,,,2026-04-01 14:44:19,True,34.78,10.885,380.389,0.0
2026-04-08T16:57:30.902Z,2026-04-08T16:57:30.902Z,18.965,228,,,,,-2.234535,1.432394,173.147846,-0.114592,0.458366,-0.40107,39.0187435,-104.8934948,2160.14,-0.034,0.0,0.01,0.0,173.18,-0.056,-0.009,39.0187435,-104.8934949,2160.94,0.03,,29,,,,0.01,,-0.0,,0.0,0.470719,-9.885103,-0.001,0.007,-0.007,-224.0,-65.0,446.0,16.324,0.0,0.0,99.0,22.75,,,,,,,,,,,,,,,,,,,,,2026-04-01 14:44:19,True,34.795,10.877,380.223,0.0
2026-04-08T16:57:30.974Z,2026-04-08T16:57:30.974Z,19.037,229,,,,,-2.291831,1.432394,173.205141,-0.572958,-0.40107,0.229183,39.0187435,-104.8934948,2160.14,-0.031,-0.01,0.0,0.0,173.17,-0.056,-0.009,39.0187435,-104.8934949,2160.94,0.03,,29,,,,0.01,,-0.0,,-0.05884,0.068647,-9.708584,-0.009,-0.007,0.004,-224.0,-65.0,446.0,16.319,0.0,0.0,99.0,23.0,,,,,,,,,,,,,,,,,,,,,2026-04-01 14:44:19,True,34.795,10.887,379.892,0.0
2026-04-08T16:57:31.057Z,2026-04-08T16:57:31.057Z,19.12,230,,,,,-2.291831,1.432394,173.147846,0.0,0.458366,-0.171887,39.0187435,-104.8934948,2160.14,-0.03,0.0,0.01,0.0,173.19,-0.056,-0.009,39.0187435,-104.8934949,2160.94,0.03,,29,,,,0.01,,-0.0,,0.08826,0.362846,-9.845877,0.0,0.007,-0.002,-225.0,-64.0,446.0,16.319,0.0,0.0,99.0,22.75,,,,,,,,,,,,,,,,,,,,,2026-04-01 14:44:19,True,34.742,10.885,380.058,0.0
2026-04-08T16:57:31.144Z,2026-04-08T16:57:31.144Z,19.207,231,,,,,-2.291831,1.432394,173.205141,-0.572958,0.114592,-0.114592,39.0187435,-104.8934948,2160.15,-0.028,-0.01,0.01,0.0,173.18,-0.056,-0.009,39.0187434,-104.8934948,2160.93,0.01,,29,,,,0.014,,-0.0,,0.17652,0.323619,-9.992976,-0.009,0.002,-0.001,-224.0,-64.0,446.0,16.321,0.0,0.0,99.0,22.75,,,,,,,,,,,,,,,,,,,,,2026-04-01 14:44:19,True,34.758,10.882,380.306,0.0
2026-04-08T16:57:31.215Z,2026-04-08T16:57:31.215Z,19.278,232,,,,,-2.291831,1.432394,173.205141,0.572958,0.171887,0.114592,39.0187435,-104.8934947,2160.15,-0.026,0.0,0.01,0.0,173.17,-0.056,0.0,39.0187434,-104.8934948,2160.93,0.01,,29,,,,0.01,,-0.0,,0.245166,0.451106,-9.83607,0.01,0.002,0.001,-224.0,-65.0,446.0,16.321,0.0,0.0,99.0,23.0,,,,,,,,,,,,,,,,,,,,,2026-04-01 14:44:19,True,34.795,10.894,380.389,0.0
2026-04-08T16:57:31.287Z,2026-04-08T16:57:31.287Z,19.35,233,,,,,-2.291831,1.432394,173.205141,-0.057296,-0.343775,-0.171887,39.0187435,-104.8934947,2160.15,-0.024,0.0,0.02,0.0,173.17,-0.056,0.0,39.0187434,-104.8934948,2160.93,0.01,,29,,,,0.02,,-0.0,,0.0,-0.05884,-9.68897,0.0,-0.005,-0.003,-224.0,-65.0,446.0,16.321,0.0,0.0,99.0,22.75,,,,,,,,,,,,,,,,,,,,,2026-04-01 14:44:20,True,34.788,10.889,380.141,0.0
2026-04-08T16:57:31.357Z,2026-04-08T16:57:31.357Z,19.42,234,,,,,-2.291831,1.432394,173.205141,-0.114592,-0.687549,0.057296,39.0187435,-104.8934947,2160.15,-0.023,0.0,0.01,0.0,173.18,-0.056,0.0,39.0187434,-104.8934948,2160.93,0.01,,29,,,,0.01,,-0.0,,0.284393,-0.08826,-9.767423,-0.001,-0.012,0.0,-224.0,-64.0,446.0,16.321,0.0,0.0,99.0,22.75,,,,,,,,,,,,,,,,,,,,,2026-04-01 14:44:20,True,34.78,10.894,379.975,0.0
2026-04-08T16:57:31.435Z,2026-04-08T16:57:31.435Z,19.498,235,,,,,-2.291831,1.432394,173.205141,0.458366,-0.171887,-0.229183,39.0187435,-104.8934947,2160.15,-0.022,-0.02,0.0,0.0,173.17,-0.056,0.0,39.0187434,-104.8934948,2160.93,0.01,,29,,,,0.02,,-0.0,,0.11768,0.0,-9.698777,0.007,-0.002,-0.004,-225.0,-64.0,446.0,16.321,0.0,0.0,99.0,22.75,,,,,,,,,,,,,,,,,,,,,2026-04-01 14:44:20,True,34.765,10.887,380.141,0.0
2026-04-08T16:57:31.506Z,2026-04-08T16:57:31.506Z,19.569,236,,,,,-2.291831,1.432394,173.205141,-0.744845,0.171887,0.171887,39.0187435,-104.8934947,2160.15,-0.021,-0.01,0.01,0.0,173.18,-0.056,0.0,39.0187435,-104.8934949,2160.92,0.04,,29,,,,0.014,,-0.0,,0.019613,0.26478,-9.904716,-0.013,0.002,0.002,-224.0,-64.0,446.0,16.321,0.0,0.0,99.0,23.0,,,,,,,,,,,,,,,,,,,,,2026-04-01 14:44:20,True,34.795,10.892,380.058,0.0
2026-04-08T16:57:31.573Z,2026-04-08T16:57:31.573Z,19.636,237,,,,,-2.291831,1.432394,173.205141,0.630254,-0.286479,-0.286479,39.0187435,-104.8934947,2160.15,-0.02,0.0,0.01,0.0,173.17,-0.056,0.0,39.0187435,-104.8934949,2160.92,0.04,,29,,,,0.01,,-0.0,,0.20594,0.225553,-9.71839,0.01,-0.005,-0.005,-224.0,-64.0,446.0,16.321,0.0,0.0,99.0,22.75,,,,,,,,,,,,,,,,,,,,,2026-04-01 14:44:20,True,34.795,10.899,380.306,0.0
2026-04-08T16:57:31.655Z,2026-04-08T16:57:31.655Z,19.718,238,,,,,-2.291831,1.48969,173.205141,-0.630254,0.171887,0.40107,39.0187435,-104.8934948,2160.15,-0.02,-0.01,0.01,0.0,173.18,-0.056,-0.009,39.0187435,-104.8934949,2160.92,0.04,,29,,,,0.014,,-0.0,,-0.039227,0.215746,-9.787037,-0.011,0.002,0.006,-225.0,-64.0,446.0,16.321,0.0,0.0,99.0,22.75,,,,,,,,,,,,,,,,,,,,,2026-04-01 14:44:20,True,34.773,10.882,380.306,0.0
2026-04-08T16:57:31.725Z,2026-04-08T16:57:31.725Z,19.788,239,,,,,-2.291831,1.48969,173.205141,-0.40107,0.286479,0.286479,39.0187435,-104.8934948,2160.16,-0.019,-0.01,0.0,0.0,173.18,-0.056,-0.009,39.0187435,-104.8934949,2160.92,0.02,,29,,,,0.01,,-0.0,,-0.049033,0.304006,-9.77723,-0.007,0.004,0.004,-224.0,-65.0,446.0,16.321,0.0,0.0,99.0,22.75,,,,,,,,,,,,,,,,,,,,,2026-04-01 14:44:20,True,34.795,10.887,380.058,0.0
2026-04-08T16:57:31.789Z,2026-04-08T16:57:31.789Z,19.852,240,,,,,-2.291831,1.432394,173.205141,-0.859437,-0.114592,0.286479,39.0187436,-104.8934948,2160.16,-0.017,0.0,0.0,0.0,173.18,-0.044,-0.009,39.0187435,-104.8934949,2160.92,0.02,,29,,,,0.0,,-0.0,,0.156906,-0.02942,-9.855683,-0.014,-0.002,0.004,-225.0,-65.0,446.0,16.324,0.0,0.0,99.0,23.0,,,,,,,,,,,,,,,,,,,,,2026-04-01 14:44:20,True,34.788,10.901,379.892,0.0
2026-04-08T16:57:31.867Z,2026-04-08T16:57:31.867Z,19.93,241,,,,,-2.291831,1.432394,173.205141,0.229183,-0.0,-0.229183,39.0187436,-104.8934948,2160.16,-0.017,0.0,0.0,0.0,173.17,-0.044,-0.009,39.0187435,-104.8934949,2160.92,0.02,,29,,,,0.0,,-0.0,,0.313813,0.323619,-10.002783,0.003,0.0,-0.004,-225.0,-65.0,446.0,16.324,0.0,0.0,99.0,22.75,,,,,,,,,,,,,,,,,,,,,2026-04-01 14:44:20,True,34.75,10.88,380.306,0.0
2026-04-08T16:57:31.937Z,2026-04-08T16:57:31.937Z,20.0,242,,,,,-2.291831,1.432394,173.205141,0.802141,-0.171887,0.0,39.0187436,-104.8934948,2160.16,-0.014,-0.01,0.0,0.0,173.18,-0.044,-0.009,39.0187435,-104.8934949,2160.92,0.02,,29,,,,0.01,,-0.0,,0.313813,0.343233,-9.757617,0.013,-0.003,0.0,-223.0,-64.0,446.0,16.324,0.0,0.0,99.0,23.0,,,,,,,,,,,,,,,,,,,,,2026-04-01 14:44:20,True,34.773,10.892,380.223,0.0
2026-04-08T16:57:32.008Z,2026-04-08T16:57:32.008Z,20.071,243,,,,,-2.291831,1.432394,173.205141,0.114592,-0.171887,0.0,39.0187436,-104.8934948,2160.16,-0.013,0.0,0.01,0.0,173.17,-0.044,-0.009,39.0187435,-104.8934949,2160.92,0.02,,29,,,,0.01,,-0.0,,0.20594,0.225553,-9.86549,0.002,-0.003,0.0,-225.0,-64.0,446.0,16.324,0.0,0.0,99.0,22.75,,,,,,,,,,,,,,,,,,,,,2026-04-01 14:44:20,True,34.773,10.894,380.058,0.0
2026-04-08T16:57:32.081Z,2026-04-08T16:57:32.081Z,20.144,244,,,,,-2.349127,1.432394,173.205141,-0.229183,-0.687549,0.057296,39.0187436,-104.8934948,2160.16,-0.011,0.0,0.0,0.0,173.17,-0.044,-0.009,39.0187435,-104.8934949,2160.92,0.02,,29,,,,0.0,,-0.0,,0.068647,-0.02942,-9.68897,-0.003,-0.012,0.0,-225.0,-64.0,446.0,16.324,0.0,0.0,99.0,22.75,,,,,,,,,,,,,,,,,,,,,2026-04-01 14:44:20,True,34.795,10.894,379.892,0.0
2026-04-08T16:57:32.151Z,2026-04-08T16:57:32.151Z,20.214,245,,,,,-2.291831,1.432394,173.205141,0.572958,-0.286479,0.114592,39.0187436,-104.8934947,2160.17,-0.008,0.0,0.01,0.0,173.17,-0.044,0.0,39.0187435,-104.8934948,2160.91,0.02,,29,,,,0.01,,-0.0,,0.362846,0.20594,-9.63013,0.01,-0.005,0.002,-224.0,-64.0,446.0,16.316,0.0,0.0,99.0,22.75,,,,,,,,,,,,,,,,,,,,,2026-04-01 14:44:20,True,34.795,10.892,380.223,0.0
2026-04-08T16:57:32.245Z,2026-04-08T16:57:32.245Z,20.308,246,,,,,-2.291831,1.432394,173.205141,0.458366,-0.171887,-0.0,39.0187436,-104.8934947,2160.17,-0.005,0.0,0.0,0.0,173.17,-0.044,0.0,39.0187435,-104.8934948,2160.91,0.02,,29,,,,0.0,,-0.0,,0.186326,0.225553,-9.74781,0.008,-0.002,0.0,-224.0,-64.0,446.0,16.316,0.0,0.0,99.0,23.0,,,,,,,,,,,,,,,,,,,,,2026-04-01 14:44:21,True,34.742,10.885,380.141,0.0
2026-04-08T16:57:32.320Z,2026-04-08T16:57:32.320Z,20.383,247,,,,,-2.291831,1.432394,173.205141,-0.802141,-0.057296,0.171887,39.0187435,-104.8934947,2160.18,0.0,-0.01,0.01,0.0,173.17,-0.056,0.0,39.0187434,-104.8934948,2160.91,0.01,,29,,,,0.014,,-0.0,,-0.098066,0.098066,-9.767423,-0.014,-0.001,0.002,-224.0,-65.0,446.0,16.316,0.0,0.0,99.0,23.0,,,,,,,,,,,,,,,,,,,,,2026-04-01 14:44:21,True,34.788,10.889,380.223,0.0
2026-04-08T16:57:32.385Z,2026-04-08T16:57:32.385Z,20.448,248,,,,,-2.291831,1.432394,173.205141,0.0,0.343775,0.057296,39.0187435,-104.8934947,2160.18,0.005,-0.02,0.0,0.0,173.17,-0.056,0.0,39.0187434,-104.8934948,2160.91,0.01,,29,,,,0.02,,-0.0,,0.254973,0.343233,-10.01259,0.0,0.005,0.0,-224.0,-65.0,446.0,16.324,0.0,0.0,99.0,22.75,,,,,,,,,,,,,,,,,,,,,2026-04-01 14:44:21,True,34.795,10.892,379.727,0.0
2026-04-08T16:57:32.484Z,2026-04-08T16:57:32.484Z,20.547,249,,,,,-2.291831,1.432394,173.205141,0.515662,0.057296,-0.229183,39.0187435,-104.8934947,2160.18,0.007,0.0,0.0,0.0,173.17,-0.056,0.0,39.0187434,-104.8934948,2160.91,0.01,,29,,,,0.0,,-0.0,,0.431493,0.333426,-9.95375,0.009,0.0,-0.004,-225.0,-64.0,446.0,16.324,0.0,0.0,99.0,23.0,,,,,,,,,,,,,,,,,,,,,2026-04-01 14:44:21,True,34.735,10.885,380.223,0.0
2026-04-08T16:57:32.554Z,2026-04-08T16:57:32.554Z,20.617,250,,,,,-2.291831,1.432394,173.205141,0.343775,-0.343775,0.171887,39.0187435,-104.8934948,2160.19,0.014,0.0,0.0,0.0,173.17,-0.056,-0.009,39.0187434,-104.8934948,2160.91,0.03,,29,,,,0.0,,-0.0,,0.20594,0.215746,-9.74781,0.006,-0.005,0.003,-224.0,-65.0,446.0,16.319,0.0,0.0,99.0,22.75,,,,,,,,,,,,,,,,,,,,,2026-04-01 14:44:21,True,34.758,10.887,379.892,0.0
2026-04-08T16:57:32.627Z,2026-04-08T16:57:32.627Z,20.69,251,,,,,-2.291831,1.432394,173.205141,0.0,-0.458366,0.057296,39.0187435,-104.8934948,2160.19,0.017,-0.01,0.0,0.0,173.16,-0.056,-0.009,39.0187434,-104.8934948,2160.91,0.03,,29,,,,0.01,,-0.0,,0.166713,0.225553,-9.816457,0.0,-0.008,0.0,-225.0,-64.0,446.0,16.319,0.0,0.0,99.0,22.75,,,,,,,,,,,,,,,,,,,,,2026-04-01 14:44:21,True,34.765,10.882,380.471,0.0
2026-04-08T16:57:32.701Z,2026-04-08T16:57:32.701Z,20.764,252,,,,,-2.291831,1.432394,173.147846,-0.859437,-0.171887,0.057296,39.0187435,-104.8934948,2160.19,0.019,0.0,0.0,0.0,173.17,-0.056,-0.009,39.0187435,-104.8934949,2160.91,0.02,,29,,,,0.0,,-0.0,,0.049033,0.2942,-9.914523,-0.014,-0.003,0.0,-223.0,-65.0,444.0,16.319,0.0,0.0,99.0,23.0,,,,,,,,,,,,,,,,,,,,,2026-04-01 14:44:21,True,34.795,10.894,380.223,0.0
2026-04-08T16:57:32.774Z,2026-04-08T16:57:32.774Z,20.837,253,,,,,-2.349127,1.432394,173.147846,-0.057296,-0.343775,-0.229183,39.0187435,-104.8934948,2160.2,0.021,-0.01,0.0,0.0,173.17,-0.056,-0.009,39.0187435,-104.8934949,2160.91,0.02,,29,,,,0.01,,-0.0,,0.225553,-0.098066,-10.002783,-0.001,-0.005,-0.003,-223.0,-65.0,444.0,15.945,1.61,0.0,99.0,22.75,,,,,,,,,,,,,,,,,,,,,2026-04-01 14:44:21,True,34.803,10.889,380.306,25.671
2026-04-08T16:57:32.853Z,2026-04-08T16:57:32.853Z,20.916,254,,,,,-2.291831,1.432394,173.147846,-0.0,-0.114592,0.171887,39.0187435,-104.8934948,2160.2,0.022,-0.01,0.0,0.0,173.17,-0.056,-0.009,39.0187435,-104.8934949,2160.91,0.02,,29,,,,0.01,,-0.0,,-0.215746,0.353039,-9.590904,0.0,-0.001,0.002,-221.0,-66.0,442.0,15.945,1.61,0.0,99.0,23.0,,,,,,,,,,,,,,,,,,,,,2026-04-01 14:44:21,True,34.788,10.887,379.81,25.671
2026-04-08T16:57:32.923Z,2026-04-08T16:57:32.923Z,20.986,255,,,,,-2.349127,1.432394,173.205141,-0.40107,0.114592,0.057296,39.0187435,-104.8934948,2160.2,0.023,-0.01,0.0,0.0,173.17,-0.056,-0.009,39.0187435,-104.8934948,2160.91,0.0,,29,,,,0.01,,-0.0,,0.254973,0.166713,-9.845877,-0.007,0.002,0.0,-217.0,-68.0,440.0,15.945,1.61,0.0,99.0,22.75,,,,,,,,,,,,,,,,,,,,,2026-04-01 14:44:21,True,34.795,10.892,380.223,25.671
2026-04-08T16:57:32.988Z,2026-04-08T16:57:32.988Z,21.051,256,,,,,-2.349127,1.375099,173.205141,-0.572958,-0.343775,-0.171887,39.0187435,-104.8934948,2160.2,0.024,-0.01,0.0,-0.01,173.17,-0.056,-0.009,39.0187435,-104.8934948,2160.91,0.0,,29,,,,0.01,,0.01,,0.304006,0.382459,-9.885103,-0.009,-0.006,-0.003,-217.0,-69.0,438.0,15.545,7.77,0.0,99.0,22.75,,,,,,,,,,,,,,,,,,,,,2026-04-01 14:44:21,True,34.803,10.889,380.223,120.785
2026-04-08T16:57:33.066Z,2026-04-08T16:57:33.066Z,21.129,257,,,,,-2.349127,1.375099,173.147846,-1.08862,-0.171887,-0.229183,39.0187435,-104.8934948,2160.2,0.025,0.0,0.01,0.0,173.18,-0.056,-0.009,39.0187435,-104.8934948,2160.91,0.0,,29,,,,0.01,,-0.0,,0.23536,0.529559,-9.855683,-0.018,-0.003,-0.004,-217.0,-69.0,438.0,15.545,7.77,0.0,99.0,23.0,,,,,,,,,,,,,,,,,,,,,2026-04-01 14:44:21,True,34.78,10.88,380.058,120.785
2026-04-08T16:57:33.141Z,2026-04-08T16:57:33.141Z,21.204,258,,,,,-2.463719,1.260507,173.147846,-2.635606,-1.375099,-0.286479,39.0187435,-104.8934948,2160.2,0.028,-0.01,0.0,-0.02,173.17,-0.056,-0.009,39.0187435,-104.8934948,2160.92,0.0,,29,,,,0.01,,0.02,,0.0,0.392266,-10.189109,-0.046,-0.024,-0.005,-212.0,-70.0,435.0,15.545,7.77,0.0,99.0,22.75,,,,,,,,,,,,,,,,,,,,,2026-04-01 14:44:21,True,34.795,10.896,380.306,120.785
2026-04-08T16:57:33.214Z,2026-04-08T16:57:33.214Z,21.277,259,,,,,-2.807493,0.974028,173.262437,-4.010705,-7.677634,0.572958,39.0187435,-104.8934948,2160.21,0.037,-0.02,0.06,-0.11,173.23,-0.056,-0.009,39.0187435,-104.8934948,2160.92,0.0,,29,,,,0.063,,0.11,,0.343233,0.333426,-10.699055,-0.069,-0.133,0.009,-209.0,-73.0,432.0,15.545,7.77,0.0,99.0,23.0,,,,,,,,,,,,,,,,,,,,,2026-04-01 14:44:21,True,34.78,10.894,380.306,120.785
2026-04-08T16:57:33.285Z,2026-04-08T16:57:33.285Z,21.348,260,,,,,-3.552338,0.687549,173.49162,-5.614986,-4.640958,4.239888,39.0187435,-104.8934947,2160.22,0.047,-0.01,0.11,-0.19,173.51,-0.056,0.0,39.0187435,-104.8934948,2160.92,0.0,,29,,,,0.11,,0.19,,0.17652,-0.009807,-11.434554,-0.098,-0.081,0.073,-209.0,-73.0,432.0,15.545,7.77,0.0,99.0,22.75,,,,,,,,,,,,,,,,,,,,,2026-04-01 14:44:22,True,34.788,10.882,379.975,120.785
2026-04-08T16:57:33.361Z,2026-04-08T16:57:33.361Z,21.424,261,,,,,-3.380451,0.40107,173.720803,3.66693,-1.604282,3.437747,39.0187435,-104.8934946,2160.24,0.067,0.0,0.16,-0.26,173.76,-0.056,0.009,39.0187435,-104.8934948,2160.93,0.06,,29,,,,0.16,,0.26,,-0.254973,0.11768,-10.630409,0.063,-0.027,0.059,-207.0,-78.0,433.0,15.328,10.46,2.0,99.0,22.75,,,,,,,,,,,,,,,,,,,,,2026-04-01 14:44:22,True,34.803,10.885,380.306,160.331
2026-04-08T16:57:33.438Z,2026-04-08T16:57:33.438Z,21.501,262,,,,,-2.864789,0.458366,173.892691,12.261297,-0.171887,2.463719,39.0187436,-104.8934945,2160.26,0.088,0.0,0.19,-0.32,173.9,-0.044,0.017,39.0187435,-104.8934948,2160.93,0.06,,29,,,,0.19,,0.32,,-0.284393,0.009807,-10.591182,0.214,-0.003,0.043,-207.0,-77.0,439.0,15.328,10.46,2.0,99.0,22.75,,,,,,,,,,,,,,,,,,,,,2026-04-01 14:44:22,True,34.788,10.882,380.141,160.331
2026-04-08T16:57:33.509Z,2026-04-08T16:57:33.509Z,21.572,263,,,,,-1.604282,-0.114592,173.949987,14.323945,-9.052733,-0.630254,39.0187436,-104.8934943,2160.3,0.122,0.0,0.23,-0.38,173.94,-0.044,0.035,39.0187435,-104.8934946,2160.97,0.11,,29,,,,0.23,,0.38,,-0.078453,-0.333426,-10.571569,0.25,-0.158,-0.011,-204.0,-68.0,439.0,15.328,10.46,2.0,99.0,22.75,,,,,,,,,,,,,,,,,,,,,2026-04-01 14:44:22,True,34.795,10.889,380.223,160.331
2026-04-08T16:57:33.579Z,2026-04-08T16:57:33.579Z,21.642,264,,,,,-0.458366,-0.229183,173.778099,15.870931,3.781521,-3.953409,39.0187436,-104.8934941,2160.33,0.155,0.02,0.24,-0.43,173.71,-0.044,0.052,39.0187435,-104.8934946,2160.97,0.11,,29,,,,0.241,,0.43,,0.166713,-0.598206,-10.640215,0.277,0.066,-0.069,-204.0,-68.0,439.0,15.244,11.86,2.0,99.0,22.75,,,,,,,,,,,,,,,,,,,,,2026-04-01 14:44:22,True,34.803,10.889,379.975,180.794
2026-04-08T16:57:33.656Z,2026-04-08T16:57:33.656Z,21.719,265,,,,,0.171887,-0.229183,173.548916,15.870931,-3.036676,-6.302536,39.0187436,-104.8934939,2160.35,0.176,0.0,0.24,-0.47,173.43,-0.044,0.069,39.0187435,-104.8934946,2160.97,0.11,,29,,,,0.24,,0.47,,0.156906,-0.08826,-10.846155,0.277,-0.053,-0.109,-201.0,-56.0,444.0,15.244,11.86,2.0,99.0,23.0,,,,,,,,,,,,,,,,,,,,,2026-04-01 14:44:22,True,34.773,10.88,379.975,180.794
2026-04-08T16:57:33.728Z,2026-04-08T16:57:33.728Z,21.791,266,,,,,1.145916,-0.572958,172.403001,3.781521,1.833465,-12.146705,39.0187436,-104.8934936,2160.41,0.237,0.0,0.28,-0.57,172.32,-0.044,0.095,39.0187435,-104.8934942,2161.08,0.28,,29,,,,0.28,,0.57,,-0.039227,-0.578592,-10.885382,0.065,0.032,-0.212,-197.0,-49.0,445.0,15.244,11.86,2.0,99.0,22.75,,,,,,,,,,,,,,,,,,,,,2026-04-01 14:44:22,True,34.765,10.896,380.223,180.794
2026-04-08T16:57:33.793Z,2026-04-08T16:57:33.793Z,21.856,267,,,,,1.890761,-0.859437,171.658155,15.011494,-8.479775,-10.542423,39.0187436,-104.8934933,2160.46,0.285,-0.01,0.28,-0.64,171.53,-0.044,0.121,39.0187435,-104.8934942,2161.08,0.28,,29,,,,0.28,,0.64,,-0.11768,-0.08826,-10.748088,0.261,-0.147,-0.184,-197.0,-45.0,448.0,15.249,12.09,3.0,99.0,22.75,,,,,,,,,,,,,,,,,,,,,2026-04-01 14:44:22,True,34.803,10.901,380.637,184.36
2026-04-08T16:57:33.878Z,2026-04-08T16:57:33.878Z,21.941,268,,,,,2.119944,-0.916732,171.428972,13.349917,-4.640958,-10.714311,39.0187436,-104.8934933,2160.48,0.301,-0.01,0.26,-0.66,171.27,-0.044,0.121,39.0187435,-104.8934942,2161.08,0.28,,29,,,,0.26,,0.66,,-0.411879,-0.725692,-10.699055,0.233,-0.081,-0.186,-197.0,-45.0,448.0,15.249,12.09,3.0,99.0,22.75,,,,,,,,,,,,,,,,,,,,,2026-04-01 14:44:22,True,34.78,10.882,380.306,184.36
2026-04-08T16:57:33.951Z,2026-04-08T16:57:33.951Z,22.014,269,,,,,3.323155,0.114592,169.939282,6.875494,0.458366,-12.204001,39.0187435,-104.8934929,2160.58,0.406,-0.05,0.24,-0.79,169.78,-0.056,0.156,39.0187435,-104.8934937,2161.22,0.15,,29,,,,0.245,,0.79,,-0.078453,-0.627626,-10.532342,0.12,0.008,-0.213,-197.0,-38.0,449.0,15.29,11.57,4.0,99.0,22.75,,,,,,,,,,,,,,,,,,,,,2026-04-01 14:44:22,True,34.773,10.885,380.389,176.905
2026-04-08T16:57:34.023Z,2026-04-08T16:57:34.023Z,22.086,270,,,,,3.265859,0.458366,169.079845,-1.718873,7.33386,-12.261297,39.0187435,-104.8934927,2160.65,0.474,-0.04,0.22,-0.84,168.93,-0.056,0.173,39.0187435,-104.8934937,2161.22,0.15,,29,,,,0.224,,0.84,,0.08826,-0.617819,-10.748088,-0.029,0.128,-0.214,-202.0,-38.0,446.0,15.29,11.57,4.0,99.0,22.75,,,,,,,,,,,,,,,,,,,,,2026-04-01 14:44:22,True,34.795,10.892,379.81,176.905
2026-04-08T16:57:34.094Z,2026-04-08T16:57:34.094Z,22.157,271,,,,,3.896113,1.145916,168.220409,12.662367,8.307888,-9.854874,39.0187434,-104.8934926,2160.72,0.549,-0.06,0.2,-0.93,168.14,-0.067,0.181,39.0187435,-104.8934937,2161.22,0.15,,29,,,,0.209,,0.93,,-0.107873,-0.480526,-10.434276,0.221,0.144,-0.172,-206.0,-40.0,445.0,15.29,11.57,4.0,99.0,22.75,,,,,,,,,,,,,,,,,,,,,2026-04-01 14:44:22,True,34.795,10.892,379.975,176.905
2026-04-08T16:57:34.165Z,2026-04-08T16:57:34.165Z,22.228,272,,,,,4.239888,1.48969,167.647451,1.203211,1.031324,-8.193296,39.0187434,-104.8934925,2160.8,0.628,-0.06,0.16,-1.0,167.59,-0.067,0.19,39.0187434,-104.8934933,2161.37,0.23,,29,,,,0.171,,1.0,,-0.186326,-1.225831,-10.630409,0.021,0.018,-0.143,-206.0,-40.0,445.0,15.295,12.53,4.0,99.0,22.75,,,,,,,,,,,,,,,,,,,,,2026-04-01 14:44:22,True,34.795,10.885,380.223,191.646
2026-04-08T16:57:34.239Z,2026-04-08T16:57:34.239Z,22.302,273,,,,,4.010705,1.661578,167.360972,-5.958761,3.724226,-5.672282,39.0187434,-104.8934924,2160.86,0.685,-0.04,0.14,-1.04,167.3,-0.067,0.199,39.0187434,-104.8934933,2161.37,0.23,,29,,,,0.146,,1.04,,-0.23536,-0.598206,-10.483309,-0.103,0.064,-0.099,-210.0,-37.0,442.0,15.295,12.53,4.0,99.0,22.75,,,,,,,,,,,,,,,,,,,,,2026-04-01 14:44:22,True,34.773,10.892,380.141,191.646
2026-04-08T16:57:34.310Z,2026-04-08T16:57:34.310Z,22.373,274,,,,,3.66693,1.948057,167.131789,-0.515662,2.979381,-0.40107,39.0187433,-104.8934923,2160.97,0.798,-0.03,0.09,-1.12,167.15,-0.078,0.207,39.0187433,-104.8934929,2161.61,0.24,,29,,,,0.095,,1.12,,-0.17652,-0.784532,-10.855962,-0.009,0.051,-0.007,-212.0,-42.0,441.0,15.295,12.53,4.0,99.0,22.75,,,,,,,,,,,,,,,,,,,,,2026-04-01 14:44:23,True,34.795,10.887,380.306,191.646
2026-04-08T16:57:34.379Z,2026-04-08T16:57:34.379Z,22.442,275,,,,,3.609634,2.005352,167.303676,-5.099324,-3.380451,3.552338,39.0187433,-104.8934922,2161.07,0.897,0.0,0.12,-1.18,167.33,-0.078,0.216,39.0187433,-104.8934929,2161.61,0.24,,29,,,,0.12,,1.18,,0.02942,-0.696272,-10.885382,-0.088,-0.059,0.062,-212.0,-42.0,441.0,15.285,11.97,5.0,99.0,22.75,,,,,,,,,,,,,,,,,,,,,2026-04-01 14:44:23,True,34.811,10.896,379.975,182.961
2026-04-08T16:57:34.483Z,2026-04-08T16:57:34.483Z,22.546,276,,,,,3.208564,1.833465,167.418268,-10.198649,-5.729578,3.838817,39.0187433,-104.8934922,2161.13,0.956,0.0,0.09,-1.22,167.47,-0.078,0.216,39.0187433,-104.8934929,2161.61,0.24,,29,,,,0.09,,1.22,,-0.17652,-1.039505,-10.904995,-0.177,-0.1,0.066,-214.0,-45.0,439.0,15.285,11.97,5.0,99.0,22.75,,,,,,,,,,,,,,,,,,,,,2026-04-01 14:44:23,True,34.742,10.885,380.058,182.961
2026-04-08T16:57:34.554Z,2026-04-08T16:57:34.554Z,22.617,277,,,,,3.265859,1.260507,167.991226,3.208564,-2.807493,3.093972,39.0187433,-104.8934921,2161.35,1.172,0.03,0.09,-1.37,167.98,-0.078,0.225,39.0187432,-104.8934926,2161.85,0.08,,29,,,,0.095,,1.37,,0.039227,-0.843372,-10.532342,0.056,-0.049,0.053,-211.0,-48.0,441.0,15.321,10.99,6.0,99.0,22.75,,,,,,,,,,,,,,,,,,,,,2026-04-01 14:44:23,True,34.758,10.892,379.892,168.378
2026-04-08T16:57:34.628Z,2026-04-08T16:57:34.628Z,22.691,278,,,,,3.265859,1.203211,168.048521,2.17724,-3.036676,1.317803,39.0187434,-104.893492,2161.45,1.275,0.04,0.06,-1.42,168.06,-0.067,0.233,39.0187432,-104.8934926,2161.85,0.08,,29,,,,0.072,,1.42,,-0.245166,-0.892405,-10.640215,0.038,-0.053,0.023,-209.0,-46.0,443.0,15.321,10.99,6.0,99.0,23.0,,,,,,,,,,,,,,,,,,,,,2026-04-01 14:44:23,True,34.795,10.887,380.058,168.378
2026-04-08T16:57:34.702Z,2026-04-08T16:57:34.702Z,22.765,279,,,,,3.838817,0.687549,168.048521,6.531719,-8.250592,0.515662,39.0187434,-104.893492,2161.59,1.412,0.06,0.08,-1.45,168.06,-0.067,0.233,39.0187432,-104.8934926,2162.15,0.06,,29,,,,0.1,,1.45,,0.02942,-0.608012,-10.228336,0.114,-0.144,0.008,-207.0,-43.0,444.0,15.321,10.99,6.0,99.0,23.0,,,,,,,,,,,,,,,,,,,,,2026-04-01 14:44:23,True,34.803,10.88,380.306,168.378
2026-04-08T16:57:34.770Z,2026-04-08T16:57:34.770Z,22.833,280,,,,,4.297183,0.229183,167.991226,2.864789,-3.151268,-1.145916,39.0187435,-104.893492,2161.74,1.568,0.07,0.08,-1.51,167.95,-0.056,0.233,39.0187432,-104.8934926,2162.15,0.06,,29,,,,0.106,,1.51,,-0.245166,-0.872792,-10.875575,0.049,-0.054,-0.02,-207.0,-43.0,444.0,15.231,12.05,6.0,99.0,23.0,,,,,,,,,,,,,,,,,,,,,2026-04-01 14:44:23,True,34.773,10.894,380.14,183.534
2026-04-08T16:57:34.846Z,2026-04-08T16:57:34.846Z,22.909,281,,,,,4.354479,0.171887,167.876634,0.744845,-0.572958,-2.57831,39.0187435,-104.893492,2161.82,1.649,0.05,0.05,-1.57,167.82,-0.056,0.233,39.0187432,-104.8934926,2162.15,0.06,,29,,,,0.071,,1.57,,-0.137293,-0.892405,-10.679442,0.013,-0.01,-0.045,-201.0,-38.0,447.0,15.231,12.05,6.0,99.0,22.75,,,,,,,,,,,,,,,,,,,,,2026-04-01 14:44:23,True,34.773,10.887,379.975,183.534
2026-04-08T16:57:34.918Z,2026-04-08T16:57:34.918Z,22.981,282,,,,,4.984733,-0.515662,167.303676,7.73493,-9.396508,-5.786874,39.0187435,-104.8934919,2162.03,1.855,0.01,0.03,-1.65,167.2,-0.056,0.242,39.0187433,-104.8934924,2162.42,0.16,,29,,,,0.032,,1.65,,-0.019613,-1.088538,-10.179303,0.134,-0.164,-0.101,-198.0,-37.0,449.0,15.231,12.05,6.0,99.0,22.75,,,,,,,,,,,,,,,,,,,,,2026-04-01 14:44:23,True,34.818,10.896,380.223,183.534
2026-04-08T16:57:34.991Z,2026-04-08T16:57:34.991Z,23.054,283,,,,,4.984733,-0.687549,166.902606,-1.317803,-0.687549,-4.010705,39.0187435,-104.8934919,2162.17,1.994,0.0,0.01,-1.68,166.88,-0.056,0.242,39.0187433,-104.8934924,2162.42,0.16,,29,,,,0.01,,1.68,,0.362846,-0.323619,-10.561762,-0.022,-0.012,-0.069,-198.0,-37.0,449.0,15.298,11.21,7.0,99.0,22.75,,,,,,,,,,,,,,,,,,,,,2026-04-01 14:44:23,True,34.78,10.901,379.727,171.491
2026-04-08T16:57:35.070Z,2026-04-08T16:57:35.070Z,23.133,284,,,,,4.984733,-0.687549,166.84531,2.57831,-1.260507,-1.833465,39.0187435,-104.8934919,2162.24,2.062,-0.03,0.0,-1.71,166.84,-0.056,0.242,39.0187433,-104.8934924,2162.42,0.16,,29,,,,0.03,,1.71,,0.08826,-0.696272,-10.130269,0.044,-0.021,-0.032,-193.0,-35.0,451.0,15.298,11.21,7.0,99.0,22.75,,,,,,,,,,,,,,,,,,,,,2026-04-01 14:44:23,True,34.765,10.889,380.14,171.491
2026-04-08T16:57:35.144Z,2026-04-08T16:57:35.144Z,23.207,285,,,,,4.812845,-0.229183,167.360972,-4.469071,5.500395,6.302536,39.0187435,-104.8934919,2162.48,2.309,-0.08,-0.01,-1.79,167.4,-0.056,0.242,39.0187434,-104.8934923,2162.78,0.03,,29,,,,0.081,,1.79,,0.431493,-0.411879,-10.669635,-0.077,0.096,0.109,-193.0,-35.0,450.0,15.237,11.65,8.0,99.0,22.75,,,,,,,,,,,,,,,,,,,,,2026-04-01 14:44:23,True,34.788,10.885,380.141,177.511
2026-04-08T16:57:35.217Z,2026-04-08T16:57:35.217Z,23.28,286,,,,,4.984733,0.114592,167.762042,7.448451,5.729578,4.75555,39.0187434,-104.8934919,2162.66,2.485,-0.11,-0.05,-1.83,167.85,-0.067,0.242,39.0187434,-104.8934923,2162.78,0.03,,29,,,,0.121,,1.83,,0.0,-0.676659,-10.296982,0.129,0.1,0.082,-197.0,-36.0,448.0,15.237,11.65,8.0,99.0,22.75,,,,,,,,,,,,,,,,,,,,,2026-04-01 14:44:23,True,34.773,10.892,379.727,177.511
2026-04-08T16:57:35.291Z,2026-04-08T16:57:35.291Z,23.354,287,,,,,5.385803,0.572958,168.220409,4.068,3.724226,5.443099,39.0187433,-104.893492,2162.8,2.627,-0.14,-0.07,-1.86,168.25,-0.078,0.233,39.0187434,-104.8934923,2162.78,0.03,,29,,,,0.157,,1.86,,0.647239,-0.343233,-10.218529,0.07,0.064,0.094,-197.0,-36.0,448.0,15.237,11.65,8.0,99.0,22.75,,,,,,,,,,,,,,,,,,,,,2026-04-01 14:44:24,True,34.78,10.887,380.223,177.511
2026-04-08T16:57:35.360Z,2026-04-08T16:57:35.360Z,23.423,288,,,,,4.927437,0.916732,168.564183,-6.932789,6.990085,3.265859,39.0187432,-104.893492,2162.98,2.805,-0.15,-0.09,-1.91,168.61,-0.089,0.233,39.0187433,-104.8934925,2163.14,0.08,,29,,,,0.175,,1.91,,0.039227,-1.000278,-10.414662,-0.12,0.122,0.056,-201.0,-30.0,446.0,15.093,13.49,8.0,99.0,22.75,,,,,,,,,,,,,,,,,,,,,2026-04-01 14:44:24,True,34.78,10.894,380.306,203.605
2026-04-08T16:57:35.435Z,2026-04-08T16:57:35.435Z,23.498,289,,,,,4.75555,1.375099,168.736071,-3.036676,9.281916,2.349127,39.0187431,-104.8934921,2163.09,2.912,-0.18,-0.11,-1.95,168.78,-0.1,0.225,39.0187433,-104.8934925,2163.14,0.08,,29,,,,0.211,,1.95,,0.1471,-0.637432,-10.699055,-0.053,0.161,0.04,-204.0,-30.0,444.0,15.093,13.49,8.0,99.0,23.0,,,,,,,,,,,,,,,,,,,,,2026-04-01 14:44:24,True,34.765,10.877,380.223,203.605
2026-04-08T16:57:35.516Z,2026-04-08T16:57:35.516Z,23.579,290,,,,,4.469071,1.890761,167.360972,-6.016057,8.307888,2.119944,39.018743,-104.8934923,2163.28,3.106,-0.16,-0.16,-2.02,167.37,-0.111,0.207,39.0187431,-104.8934927,2163.53,0.13,,29,,,,0.226,,2.02,,0.166713,-0.715885,-10.679442,-0.105,0.144,0.036,-210.0,-32.0,441.0,15.093,13.49,8.0,99.0,23.0,,,,,,,,,,,,,,,,,,,,,2026-04-01 14:44:24,True,34.78,10.885,379.81,203.605
2026-04-08T16:57:35.584Z,2026-04-08T16:57:35.584Z,23.647,291,,,,,4.010705,2.750197,167.418268,-6.24524,7.906818,0.40107,39.0187429,-104.8934924,2163.46,3.285,-0.16,-0.2,-2.09,167.42,-0.122,0.199,39.0187431,-104.8934927,2163.53,0.13,,29,,,,0.256,,2.09,,0.009807,-0.500139,-10.650022,-0.109,0.138,0.006,-210.0,-32.0,441.0,15.139,14.05,9.0,99.0,22.75,,,,,,,,,,,,,,,,,,,,,2026-04-01 14:44:24,True,34.795,10.896,380.802,212.703
2026-04-08T16:57:35.664Z,2026-04-08T16:57:35.664Z,23.727,292,,,,,3.781521,2.979381,167.360972,-7.906818,7.391156,-1.203211,39.0187428,-104.8934925,2163.53,3.358,-0.15,-0.19,-2.13,167.34,-0.133,0.19,39.0187431,-104.8934927,2163.53,0.13,,29,,,,0.242,,2.13,,0.039227,-0.362846,-10.630409,-0.137,0.129,-0.021,-218.0,-35.0,437.0,15.139,14.05,9.0,99.0,22.75,,,,,,,,,,,,,,,,,,,,,2026-04-01 14:44:24,True,34.78,10.882,380.223,212.703
2026-04-08T16:57:35.736Z,2026-04-08T16:57:35.736Z,23.799,293,,,,,2.062648,3.66693,166.788014,-11.459156,3.151268,-4.411775,39.0187427,-104.8934929,2163.8,3.629,-0.09,-0.2,-2.22,166.72,-0.145,0.156,39.0187428,-104.8934932,2163.97,0.31,,29,,,,0.219,,2.22,,0.304006,-0.588399,-10.669635,-0.2,0.054,-0.077,-224.0,-43.0,433.0,15.139,14.05,9.0,99.0,22.75,,,,,,,,,,,,,,,,,,,,,2026-04-01 14:44:24,True,34.773,10.885,379.892,212.703
2026-04-08T16:57:35.818Z,2026-04-08T16:57:35.818Z,23.881,294,,,,,1.546986,3.724226,166.329648,-5.958761,-3.265859,-4.125296,39.0187427,-104.8934931,2163.97,3.792,-0.07,-0.2,-2.28,166.26,-0.145,0.138,39.0187428,-104.8934932,2163.97,0.31,,29,,,,0.212,,2.28,,-0.156906,-1.117958,-10.169496,-0.103,-0.057,-0.072,-230.0,-54.0,433.0,15.139,14.05,9.0,99.0,23.0,,,,,,,,,,,,,,,,,,,,,2026-04-01 14:44:24,True,34.803,10.882,380.306,212.703
2026-04-08T16:57:35.892Z,2026-04-08T16:57:35.892Z,23.955,295,,,,,1.48969,3.495043,165.871282,7.73493,-4.068,-2.291831,39.0187426,-104.8934933,2164.15,3.975,0.0,-0.17,-2.28,165.84,-0.156,0.121,39.0187428,-104.8934932,2163.97,0.31,,29,,,,0.17,,2.28,,-0.23536,-0.872792,-9.669357,0.135,-0.071,-0.04,-230.0,-54.0,433.0,15.139,14.05,9.0,99.0,23.0,,,,,,,,,,,,,,,,,,,,,2026-04-01 14:44:24,True,34.788,10.894,380.471,212.703
2026-04-08T16:57:35.957Z,2026-04-08T16:57:35.957Z,24.02,296,,,,,2.005352,3.208564,165.642099,2.635606,-4.927437,-0.974028,39.0187427,-104.8934935,2164.34,4.164,0.03,-0.17,-2.26,165.61,-0.145,0.104,39.0187426,-104.8934938,2164.42,0.15,,29,,,,0.173,,2.26,,-0.068647,-1.206218,-9.502644,0.046,-0.086,-0.016,-226.0,-59.0,433.0,15.223,12.46,10.0,99.0,22.75,,,,,,,,,,,,,,,,,,,,,2026-04-01 14:44:24,True,34.78,10.896,380.141,189.679
2026-04-08T16:57:36.026Z,2026-04-08T16:57:36.026Z,24.089,297,,,,,2.005352,2.979381,165.527507,1.890761,-7.563043,-0.916732,39.0187427,-104.8934936,2164.45,4.277,0.04,-0.18,-2.28,165.5,-0.145,0.095,39.0187426,-104.8934938,2164.42,0.15,,29,,,,0.184,,2.28,,-0.166713,-1.049312,-9.904716,0.033,-0.132,-0.016,-222.0,-56.0,434.0,15.223,12.46,10.0,99.0,22.75,,,,,,,,,,,,,,,,,,,,,2026-04-01 14:44:24,True,34.795,10.894,380.058,189.679
2026-04-08T16:57:36.101Z,2026-04-08T16:57:36.101Z,24.164,298,,,,,2.005352,2.062648,165.470211,-4.469071,-14.152058,1.833465,39.0187428,-104.8934938,2164.63,4.455,0.08,-0.13,-2.32,165.49,-0.133,0.078,39.0187426,-104.8934938,2164.42,0.15,,29,,,,0.153,,2.32,,0.500139,-0.647239,-10.610795,-0.078,-0.247,0.031,-215.0,-56.0,437.0,15.223,12.46,10.0,99.0,22.75,,,,,,,,,,,,,,,,,,,,,2026-04-01 14:44:24,True,34.773,10.885,380.554,189.679
2026-04-08T16:57:36.166Z,2026-04-08T16:57:36.166Z,24.229,299,,,,,1.776169,0.687549,165.642099,-0.687549,-14.839607,1.833465,39.0187428,-104.8934939,2164.82,4.646,0.08,-0.1,-2.37,165.68,-0.133,0.069,39.0187425,-104.8934942,2164.87,0.1,,29,,,,0.128,,2.37,,0.009807,-0.549172,-10.277369,-0.011,-0.259,0.031,-215.0,-56.0,437.0,15.285,10.75,11.0,99.0,22.75,,,,,,,,,,,,,,,,,,,,,2026-04-01 14:44:24,True,34.78,10.892,379.892,164.314
2026-04-08T16:57:36.236Z,2026-04-08T16:57:36.236Z,24.299,300,,,,,1.776169,0.572958,165.75669,1.432394,-1.432394,1.661578,39.0187428,-104.8934939,2164.91,4.737,0.08,-0.11,-2.38,165.81,-0.133,0.069,39.0187425,-104.8934942,2164.87,0.1,,29,,,,0.136,,2.38,,-0.23536,-0.823759,-9.522257,0.025,-0.024,0.028,-204.0,-57.0,444.0,15.285,10.75,11.0,99.0,22.75,,,,,,,,,,,,,,,,,,,,,2026-04-01 14:44:24,True,34.788,10.896,380.058,164.314
2026-04-08T16:57:36.304Z,2026-04-08T16:57:36.304Z,24.367,301,,,,,2.864789,0.859437,166.215056,21.371326,0.229183,2.979381,39.0187429,-104.893494,2165.11,4.936,0.09,-0.07,-2.33,166.24,-0.122,0.06,39.0187425,-104.8934945,2165.32,0.05,,29,,,,0.114,,2.33,,0.245166,-0.2942,-9.54187,0.373,0.003,0.051,-202.0,-54.0,447.0,15.285,10.75,11.0,99.0,22.75,,,,,,,,,,,,,,,,,,,,,2026-04-01 14:44:25,True,34.803,10.892,380.223,164.314
2026-04-08T16:57:36.369Z,2026-04-08T16:57:36.369Z,24.432,302,,,,,3.380451,0.974028,166.558831,0.515662,4.927437,0.40107,39.0187429,-104.8934941,2165.28,5.1,0.07,-0.06,-2.33,166.58,-0.122,0.052,39.0187425,-104.8934945,2165.32,0.05,,29,,,,0.092,,2.33,,0.05884,-1.372931,-9.86549,0.009,0.086,0.006,-202.0,-54.0,447.0,15.143,13.18,12.0,99.0,22.75,,,,,,,,,,,,,,,,,,,,,2026-04-01 14:44:25,True,34.795,10.901,380.141,199.585
2026-04-08T16:57:36.440Z,2026-04-08T16:57:36.440Z,24.503,303,,,,,3.323155,1.031324,166.673423,-4.927437,4.182592,-0.744845,39.0187429,-104.8934941,2165.37,5.192,0.06,-0.05,-2.34,166.69,-0.122,0.052,39.0187425,-104.8934945,2165.32,0.05,,29,,,,0.078,,2.34,,0.353039,-0.647239,-10.296982,-0.086,0.072,-0.013,-202.0,-44.0,444.0,15.143,13.18,12.0,99.0,22.75,,,,,,,,,,,,,,,,,,,,,2026-04-01 14:44:25,True,34.795,10.887,379.892,199.585
2026-04-08T16:57:36.508Z,2026-04-08T16:57:36.508Z,24.571,304,,,,,4.125296,1.432394,166.84531,13.292621,4.927437,-2.807493,39.0187429,-104.8934941,2165.6,5.42,0.04,-0.05,-2.34,166.81,-0.122,0.052,39.0187425,-104.8934948,2165.8,0.07,,29,,,,0.064,,2.34,,0.608012,-0.284393,-9.698777,0.232,0.086,-0.049,-205.0,-43.0,444.0,15.143,13.18,12.0,99.0,22.75,,,,,,,,,,,,,,,,,,,,,2026-04-01 14:44:25,True,34.78,10.894,381.051,199.585
2026-04-08T16:57:36.579Z,2026-04-08T16:57:36.579Z,24.642,305,,,,,4.297183,1.432394,166.84531,-0.458366,-1.031324,-2.234535,39.0187429,-104.8934941,2165.73,5.556,0.01,-0.06,-2.34,166.83,-0.122,0.052,39.0187425,-104.8934948,2165.8,0.07,,29,,,,0.061,,2.34,,-0.156906,-0.941438,-9.522257,-0.007,-0.018,-0.039,-205.0,-43.0,444.0,15.1,14.18,13.0,99.0,22.75,,,,,,,,,,,,,,,,,,,,,2026-04-01 14:44:25,True,34.803,10.892,380.306,214.118
2026-04-08T16:57:36.658Z,2026-04-08T16:57:36.658Z,24.721,306,,,,,4.182592,1.375099,166.84531,-5.672282,1.203211,-2.291831,39.0187429,-104.8934942,2165.82,5.645,0.01,-0.06,-2.36,166.83,-0.122,0.043,39.0187425,-104.8934948,2165.8,0.07,,29,,,,0.061,,2.36,,0.372653,-0.284393,-9.914523,-0.099,0.021,-0.039,-207.0,-38.0,442.0,15.1,14.18,13.0,99.0,22.75,,,,,,,,,,,,,,,,,,,,,2026-04-01 14:44:25,True,34.765,10.877,380.223,214.118
2026-04-08T16:57:36.728Z,2026-04-08T16:57:36.728Z,24.791,307,,,,,3.724226,1.08862,166.84531,-0.916732,-6.302536,-1.08862,39.0187429,-104.8934942,2166.07,5.89,-0.02,-0.06,-2.39,166.84,-0.122,0.043,39.0187424,-104.893495,2166.26,0.04,,29,,,,0.063,,2.39,,0.166713,-0.588399,-10.120463,-0.015,-0.11,-0.019,-207.0,-41.0,441.0,15.1,14.18,13.0,99.0,22.75,,,,,,,,,,,,,,,,,,,,,2026-04-01 14:44:25,True,34.795,10.899,379.727,214.118
2026-04-08T16:57:36.793Z,2026-04-08T16:57:36.793Z,24.856,308,,,,,3.495043,0.974028,166.959902,-5.213916,2.750197,1.08862,39.0187428,-104.8934943,2166.22,6.044,-0.03,-0.07,-2.41,166.96,-0.133,0.035,39.0187424,-104.893495,2166.26,0.04,,29,,,,0.076,,2.41,,0.11768,-1.059118,-9.98317,-0.09,0.048,0.018,-205.0,-44.0,444.0,15.14,13.19,13.0,99.0,22.75,,,,,,,,,,,,,,,,,,,,,2026-04-01 14:44:25,True,34.788,10.892,380.223,199.697
2026-04-08T16:57:36.876Z,2026-04-08T16:57:36.876Z,24.939,309,,,,,3.437747,1.08862,167.017197,-4.75555,5.385803,0.744845,39.0187428,-104.8934943,2166.27,6.095,-0.05,-0.07,-2.4,167.01,-0.133,0.035,39.0187424,-104.893495,2166.26,0.04,,29,,,,0.086,,2.4,,0.039227,-0.696272,-10.228336,-0.083,0.094,0.012,-205.0,-44.0,444.0,15.14,13.19,13.0,99.0,22.75,,,,,,,,,,,,,,,,,,,,,2026-04-01 14:44:25,True,34.788,10.882,380.389,199.697
2026-04-08T16:57:36.945Z,2026-04-08T16:57:36.945Z,25.008,310,,,,,3.552338,1.375099,167.24638,-1.031324,-0.114592,2.234535,39.0187426,-104.8934944,2166.56,6.381,-0.07,-0.05,-2.45,167.28,-0.156,0.026,39.0187423,-104.8934952,2166.75,0.11,,29,,,,0.086,,2.45,,0.470719,-1.029698,-10.316596,-0.017,-0.002,0.038,-206.0,-45.0,442.0,15.081,13.4,14.0,99.0,22.75,,,,,,,,,,,,,,,,,,,,,2026-04-01 14:44:25,True,34.826,10.894,379.975,202.085
2026-04-08T16:57:37.010Z,2026-04-08T16:57:37.010Z,25.073,311,,,,,3.208564,1.375099,167.475564,-3.036676,-0.286479,2.521014,39.0187426,-104.8934945,2166.72,6.547,-0.1,-0.07,-2.47,167.51,-0.156,0.017,39.0187423,-104.8934952,2166.75,0.11,,29,,,,0.122,,2.47,,0.402073,-0.323619,-9.934136,-0.052,-0.004,0.044,-209.0,-45.0,440.0,15.081,13.4,14.0,99.0,22.75,,,,,,,,,,,,,,,,,,,,,2026-04-01 14:44:25,True,34.795,10.892,380.306,202.085
2026-04-08T16:57:37.079Z,2026-04-08T16:57:37.079Z,25.142,312,,,,,3.208564,1.546986,167.762042,0.515662,6.016057,4.068,39.0187425,-104.8934945,2166.86,6.688,-0.11,-0.06,-2.47,167.79,-0.167,0.017,39.0187423,-104.8934952,2166.75,0.11,,29,,,,0.125,,2.47,,0.137293,-0.647239,-10.159689,0.009,0.104,0.07,-209.0,-45.0,440.0,15.081,13.4,14.0,99.0,22.75,,,,,,,,,,,,,,,,,,,,,2026-04-01 14:44:25,True,34.811,10.894,379.892,202.085
2026-04-08T16:57:37.152Z,2026-04-08T16:57:37.152Z,25.215,313,,,,,3.208564,2.17724,168.163113,-1.48969,10.141353,5.729578,39.0187423,-104.8934946,2167.02,6.844,-0.15,-0.06,-2.49,168.22,-0.189,0.009,39.018742,-104.8934956,2167.24,0.2,,29,,,,0.162,,2.49,,0.245166,-0.382459,-10.032203,-0.026,0.176,0.099,-209.0,-45.0,440.0,15.093,13.81,15.0,99.0,22.75,,,,,,,,,,,,,,,,,,,,,2026-04-01 14:44:25,True,34.788,10.885,380.223,208.434
2026-04-08T16:57:37.219Z,2026-04-08T16:57:37.219Z,25.282,314,,,,,3.265859,2.57831,168.678775,1.661578,5.443099,7.505747,39.0187422,-104.8934947,2167.19,7.015,-0.15,-0.06,-2.51,168.79,-0.2,0.0,39.018742,-104.8934956,2167.24,0.2,,29,,,,0.162,,2.51,,0.274586,-0.970858,-10.130269,0.028,0.094,0.13,-215.0,-43.0,437.0,15.093,13.81,15.0,99.0,22.75,,,,,,,,,,,,,,,,,,,,,2026-04-01 14:44:25,True,34.811,10.899,380.141,208.434
2026-04-08T16:57:37.287Z,2026-04-08T16:57:37.287Z,25.35,315,,,,,2.979381,3.323155,169.251733,-9.281916,15.126086,6.073353,39.018742,-104.8934948,2167.35,7.174,-0.16,-0.07,-2.54,169.29,-0.222,-0.009,39.018742,-104.8934956,2167.24,0.2,,29,,,,0.175,,2.54,,0.274586,-0.853179,-10.07143,-0.161,0.263,0.106,-215.0,-43.0,437.0,15.093,13.81,15.0,99.0,22.75,,,,,,,,,,,,,,,,,,,,,2026-04-01 14:44:26,True,34.78,10.901,379.81,208.434
2026-04-08T16:57:37.355Z,2026-04-08T16:57:37.355Z,25.418,316,,,,,2.349127,4.125296,169.595507,-11.688339,9.511099,3.323155,39.0187419,-104.8934949,2167.52,7.341,-0.15,-0.09,-2.56,169.62,-0.234,-0.017,39.0187417,-104.893496,2167.74,0.19,,29,,,,0.175,,2.56,,0.362846,-0.657046,-10.189109,-0.203,0.165,0.058,-221.0,-40.0,434.0,15.059,13.22,16.0,99.0,22.75,,,,,,,,,,,,,,,,,,,,,2026-04-01 14:44:26,True,34.803,10.894,380.306,199.08
2026-04-08T16:57:37.425Z,2026-04-08T16:57:37.425Z,25.488,317,,,,,1.661578,4.354479,169.652803,-9.625691,1.718873,-0.515662,39.0187417,-104.8934951,2167.66,7.487,-0.14,-0.1,-2.59,169.62,-0.256,-0.035,39.0187417,-104.893496,2167.74,0.19,,29,,,,0.172,,2.59,,0.362846,-0.284393,-10.140076,-0.167,0.029,-0.009,-232.0,-46.0,427.0,15.059,13.22,16.0,99.0,22.75,,,,,,,,,,,,,,,,,,,,,2026-04-01 14:44:26,True,34.811,10.887,380.554,199.08
2026-04-08T16:57:37.492Z,2026-04-08T16:57:37.492Z,25.555,318,,,,,1.203211,4.469071,169.480916,-3.953409,0.744845,-2.291831,39.0187416,-104.8934952,2167.85,7.672,-0.13,-0.09,-2.6,169.45,-0.267,-0.043,39.0187414,-104.8934963,2168.24,0.13,,29,,,,0.158,,2.6,,0.343233,-0.470719,-9.89491,-0.069,0.012,-0.04,-234.0,-53.0,426.0,15.059,13.22,16.0,99.0,22.75,,,,,,,,,,,,,,,,,,,,,2026-04-01 14:44:26,True,34.833,10.901,380.637,199.08
2026-04-08T16:57:37.560Z,2026-04-08T16:57:37.560Z,25.623,319,,,,,0.859437,4.469071,169.251733,-4.182592,-0.572958,-3.724226,39.0187415,-104.8934953,2168.02,7.845,-0.11,-0.08,-2.62,169.15,-0.278,-0.052,39.0187414,-104.8934963,2168.24,0.13,,29,,,,0.136,,2.62,,0.578592,-0.902212,-10.140076,-0.072,-0.009,-0.064,-234.0,-53.0,426.0,15.148,12.1,16.0,99.0,23.0,,,,,,,,,,,,,,,,,,,,,2026-04-01 14:44:26,True,34.826,10.904,380.968,183.291
2026-04-08T16:57:37.642Z,2026-04-08T16:57:37.642Z,25.705,320,,,,,0.802141,4.583662,169.02255,1.317803,2.17724,-3.781521,39.0187415,-104.8934954,2168.14,7.965,-0.08,-0.06,-2.63,168.97,-0.278,-0.06,39.0187414,-104.8934963,2168.24,0.13,,29,,,,0.1,,2.63,,0.137293,-0.441299,-9.796843,0.022,0.038,-0.066,-236.0,-57.0,426.0,15.148,12.1,16.0,99.0,22.75,,,,,,,,,,,,,,,,,,,,,2026-04-01 14:44:26,True,34.788,10.894,380.72,183.291
2026-04-08T16:57:37.715Z,2026-04-08T16:57:37.715Z,25.778,321,,,,,1.203211,4.640958,168.678775,-0.630254,-1.432394,-2.005352,39.0187414,-104.8934955,2168.38,8.204,-0.06,-0.05,-2.64,168.66,-0.289,-0.069,39.0187412,-104.8934965,2168.74,0.09,,29,,,,0.078,,2.64,,0.431493,-0.509946,-10.267563,-0.011,-0.024,-0.034,-237.0,-58.0,426.0,15.148,12.1,16.0,99.0,22.75,,,,,,,,,,,,,,,,,,,,,2026-04-01 14:44:26,True,34.795,10.887,380.223,183.291
2026-04-08T16:57:37.780Z,2026-04-08T16:57:37.780Z,25.843,322,,,,,1.08862,4.870141,168.506888,-0.744845,5.672282,-2.119944,39.0187414,-104.8934956,2168.54,8.367,-0.04,-0.03,-2.65,168.51,-0.289,-0.078,39.0187412,-104.8934965,2168.74,0.09,,29,,,,0.05,,2.65,,0.745305,-0.284393,-10.04201,-0.012,0.099,-0.037,-237.0,-58.0,426.0,15.176,12.1,17.0,99.0,22.75,,,,,,,,,,,,,,,,,,,,,2026-04-01 14:44:26,True,34.788,10.899,380.14,183.63
2026-04-08T16:57:37.858Z,2026-04-08T16:57:37.858Z,25.921,323,,,,,1.08862,5.042029,168.449592,2.864789,5.328507,-2.062648,39.0187414,-104.8934956,2168.62,8.446,0.0,-0.04,-2.66,168.42,-0.289,-0.078,39.0187412,-104.8934965,2168.74,0.09,,29,,,,0.04,,2.66,,0.353039,-0.617819,-9.708584,0.05,0.092,-0.036,-238.0,-58.0,425.0,15.176,12.1,17.0,99.0,22.75,,,,,,,,,,,,,,,,,,,,,2026-04-01 14:44:26,True,34.78,10.887,380.306,183.63
2026-04-08T16:57:37.932Z,2026-04-08T16:57:37.932Z,25.995,324,,,,,1.432394,5.385803,168.048521,1.718873,1.145916,-3.609634,39.0187414,-104.8934957,2168.89,8.718,0.05,-0.01,-2.67,168.03,-0.289,-0.086,39.0187411,-104.8934967,2169.29,0.0,,29,,,,0.051,,2.67,,0.715885,-0.343233,-9.934136,0.03,0.02,-0.063,-241.0,-57.0,424.0,15.176,12.1,17.0,99.0,23.0,,,,,,,,,,,,,,,,,,,,,2026-04-01 14:44:26,True,34.78,10.882,380.058,183.63
2026-04-08T16:57:38.003Z,2026-04-08T16:57:38.003Z,26.066,325,,,,,1.546986,5.213916,167.876634,3.036676,-4.984733,-1.203211,39.0187415,-104.8934957,2169.08,8.907,0.09,-0.02,-2.68,167.85,-0.278,-0.086,39.0187411,-104.8934967,2169.29,0.0,,29,,,,0.092,,2.68,,0.2942,-0.598206,-9.875297,0.053,-0.087,-0.021,-243.0,-56.0,424.0,15.176,12.1,17.0,99.0,22.75,,,,,,,,,,,,,,,,,,,,,2026-04-01 14:44:26,True,34.765,10.885,380.14,183.63
2026-04-08T16:57:38.074Z,2026-04-08T16:57:38.074Z,26.137,326,,,,,1.776169,4.75555,167.762042,2.463719,-6.589015,-0.572958,39.0187415,-104.8934958,2169.27,9.09,0.11,-0.02,-2.66,167.78,-0.278,-0.095,39.0187411,-104.8934967,2169.29,0.0,,29,,,,0.112,,2.66,,0.441299,-0.313813,-9.65955,0.043,-0.114,-0.01,-243.0,-56.0,424.0,15.176,12.1,17.0,99.0,22.75,,,,,,,,,,,,,,,,,,,,,2026-04-01 14:44:26,True,34.773,10.887,379.892,183.63
2026-04-08T16:57:38.145Z,2026-04-08T16:57:38.145Z,26.208,327,,,,,1.661578,4.354479,167.819338,-4.984733,-6.359832,0.687549,39.0187415,-104.8934958,2169.43,9.254,0.14,-0.03,-2.66,167.78,-0.278,-0.095,39.0187411,-104.8934968,2169.82,0.09,,29,,,,0.143,,2.66,,0.500139,-0.196133,-9.708584,-0.086,-0.11,0.011,-239.0,-55.0,427.0,15.293,10.29,18.0,99.0,22.75,,,,,,,,,,,,,,,,,,,,,2026-04-01 14:44:26,True,34.78,10.882,380.389,157.365
2026-04-08T16:57:38.224Z,2026-04-08T16:57:38.224Z,26.287,328,,,,,1.375099,3.838817,167.704747,-3.208564,-6.932789,-0.343775,39.0187417,-104.8934959,2169.6,9.427,0.18,-0.01,-2.64,167.71,-0.256,-0.104,39.0187411,-104.8934968,2169.82,0.09,,29,,,,0.18,,2.64,,0.500139,-0.05884,-9.561484,-0.056,-0.121,-0.006,-234.0,-56.0,429.0,15.293,10.29,18.0,99.0,22.75,,,,,,,,,,,,,,,,,,,,,2026-04-01 14:44:26,True,34.773,10.889,380.471,157.365
2026-04-08T16:57:38.294Z,2026-04-08T16:57:38.294Z,26.357,329,,,,,1.260507,3.380451,167.704747,2.062648,-6.417127,0.458366,39.0187418,-104.893496,2169.79,9.613,0.2,-0.02,-2.61,167.66,-0.245,-0.112,39.0187413,-104.893497,2170.33,0.2,,29,,,,0.201,,2.61,,0.098066,-0.372653,-9.277091,0.036,-0.111,0.007,-229.0,-58.0,433.0,15.293,10.29,18.0,99.0,22.75,,,,,,,,,,,,,,,,,,,,,2026-04-01 14:44:27,True,34.773,10.889,379.975,157.365
2026-04-08T16:57:38.364Z,2026-04-08T16:57:38.364Z,26.427,330,,,,,1.48969,2.979381,167.647451,3.781521,-5.099324,0.572958,39.018742,-104.893496,2169.96,9.782,0.21,-0.04,-2.57,167.65,-0.222,-0.112,39.0187413,-104.893497,2170.33,0.2,,29,,,,0.214,,2.57,,0.0,-0.637432,-9.100571,0.065,-0.089,0.009,-229.0,-58.0,433.0,15.389,9.54,19.0,99.0,23.0,,,,,,,,,,,,,,,,,,,,,2026-04-01 14:44:27,True,34.78,10.887,380.141,146.811
2026-04-08T16:57:38.441Z,2026-04-08T16:57:38.441Z,26.504,331,,,,,1.546986,2.807493,167.647451,0.057296,-2.979381,0.40107,39.0187421,-104.8934961,2170.07,9.898,0.24,-0.01,-2.53,167.64,-0.211,-0.121,39.0187413,-104.893497,2170.33,0.2,,29,,,,0.24,,2.53,,0.245166,-0.304006,-9.277091,0.001,-0.052,0.007,-226.0,-56.0,437.0,15.389,9.54,19.0,99.0,22.75,,,,,,,,,,,,,,,,,,,,,2026-04-01 14:44:27,True,34.78,10.88,380.471,146.811
2026-04-08T16:57:38.515Z,2026-04-08T16:57:38.515Z,26.578,332,,,,,1.317803,2.119944,167.647451,-3.953409,-9.969466,0.343775,39.0187423,-104.8934962,2170.3,10.124,0.24,-0.02,-2.5,167.62,-0.189,-0.13,39.0187416,-104.8934972,2170.85,0.16,,29,,,,0.241,,2.5,,0.2942,0.0,-9.60071,-0.069,-0.174,0.006,-222.0,-57.0,437.0,15.389,9.54,19.0,99.0,23.0,,,,,,,,,,,,,,,,,,,,,2026-04-01 14:44:27,True,34.795,10.892,380.306,146.811
2026-04-08T16:57:38.580Z,2026-04-08T16:57:38.580Z,26.643,333,,,,,0.974028,1.546986,167.647451,-3.724226,-6.589015,1.432394,39.0187425,-104.8934962,2170.45,10.276,0.26,0.0,-2.45,167.69,-0.167,-0.13,39.0187416,-104.8934972,2170.85,0.16,,29,,,,0.26,,2.45,,-0.019613,-0.519752,-9.247671,-0.064,-0.114,0.024,-222.0,-57.0,437.0,15.35,9.42,19.0,99.0,22.75,,,,,,,,,,,,,,,,,,,,,2026-04-01 14:44:27,True,34.795,10.894,380.141,144.597
2026-04-08T16:57:38.653Z,2026-04-08T16:57:38.653Z,26.716,334,,,,,0.744845,1.432394,167.704747,-5.786874,-4.526367,2.17724,39.0187426,-104.8934962,2170.52,10.346,0.25,-0.01,-2.45,167.78,-0.156,-0.13,39.0187416,-104.8934972,2170.85,0.16,,29,,,,0.25,,2.45,,0.068647,-0.804145,-9.188831,-0.1,-0.078,0.037,-215.0,-59.0,440.0,15.35,9.42,19.0,99.0,23.0,,,,,,,,,,,,,,,,,,,,,2026-04-01 14:44:27,True,34.803,10.896,380.389,144.597
2026-04-08T16:57:38.726Z,2026-04-08T16:57:38.726Z,26.789,335,,,,,0.687549,0.974028,168.220409,1.203211,-0.630254,4.870141,39.0187428,-104.8934963,2170.76,10.587,0.25,0.02,-2.38,168.29,-0.133,-0.138,39.0187419,-104.8934972,2171.33,0.21,,29,,,,0.251,,2.38,,-0.009807,-0.647239,-8.992698,0.021,-0.011,0.084,-210.0,-62.0,442.0,15.35,9.42,19.0,99.0,22.75,,,,,,,,,,,,,,,,,,,,,2026-04-01 14:44:27,True,34.765,10.885,379.975,144.597
2026-04-08T16:57:38.790Z,2026-04-08T16:57:38.790Z,26.853,336,,,,,0.744845,1.203211,168.678775,1.604282,3.036676,5.901465,39.0187429,-104.8934962,2170.9,10.728,0.25,0.06,-2.33,168.75,-0.122,-0.13,39.0187419,-104.8934972,2171.33,0.21,,29,,,,0.257,,2.33,,0.05884,-0.284393,-9.345737,0.028,0.052,0.102,-211.0,-60.0,443.0,15.37,9.1,20.0,99.0,22.75,,,,,,,,,,,,,,,,,,,,,2026-04-01 14:44:27,True,34.811,10.901,380.72,139.867
2026-04-08T16:57:38.864Z,2026-04-08T16:57:38.864Z,26.927,337,,,,,0.859437,1.203211,168.793366,5.901465,1.260507,5.729578,39.018743,-104.8934962,2170.95,10.775,0.24,0.05,-2.3,168.91,-0.111,-0.13,39.0187419,-104.8934972,2171.33,0.21,,29,,,,0.245,,2.3,,0.20594,-0.647239,-9.316318,0.102,0.021,0.099,-211.0,-60.0,443.0,15.37,9.1,20.0,99.0,22.75,,,,,,,,,,,,,,,,,,,,,2026-04-01 14:44:27,True,34.788,10.889,380.14,139.867
2026-04-08T16:57:38.931Z,2026-04-08T16:57:38.931Z,26.994,338,,,,,1.317803,1.260507,169.710099,2.57831,-0.286479,6.760902,39.0187432,-104.8934962,2171.19,11.019,0.27,0.1,-2.23,169.78,-0.089,-0.13,39.0187423,-104.8934972,2171.78,0.29,,29,,,,0.288,,2.23,,-0.078453,-0.549172,-9.237864,0.044,-0.005,0.117,-211.0,-56.0,441.0,15.37,9.1,20.0,99.0,23.0,,,,,,,,,,,,,,,,,,,,,2026-04-01 14:44:27,True,34.788,10.899,380.223,139.867
2026-04-08T16:57:39.001Z,2026-04-08T16:57:39.001Z,27.064,339,,,,,1.661578,0.974028,170.111169,5.786874,-4.239888,4.297183,39.0187434,-104.8934961,2171.33,11.158,0.28,0.14,-2.19,170.15,-0.067,-0.121,39.0187423,-104.8934972,2171.78,0.29,,29,,,,0.313,,2.19,,-0.039227,-0.2942,-9.384964,0.1,-0.074,0.075,-212.0,-51.0,441.0,15.37,9.1,20.0,99.0,23.0,,,,,,,,,,,,,,,,,,,,,2026-04-01 14:44:27,True,34.795,10.901,380.058,139.867
2026-04-08T16:57:39.067Z,2026-04-08T16:57:39.067Z,27.13,340,,,,,1.948057,0.744845,170.283057,3.323155,-3.66693,1.48969,39.0187436,-104.893496,2171.48,11.306,0.25,0.14,-2.16,170.33,-0.044,-0.112,39.0187423,-104.8934972,2171.78,0.29,,29,,,,0.287,,2.16,,0.107873,-1.137571,-9.198638,0.057,-0.063,0.025,-212.0,-51.0,441.0,15.37,9.1,20.0,99.0,22.75,,,,,,,,,,,,,,,,,,,,,2026-04-01 14:44:27,True,34.788,10.892,380.141,139.867
2026-04-08T16:57:39.135Z,2026-04-08T16:57:39.135Z,27.198,341,,,,,2.119944,0.40107,170.397648,2.922085,-5.958761,0.286479,39.0187437,-104.8934959,2171.59,11.419,0.25,0.18,-2.12,170.37,-0.033,-0.104,39.0187427,-104.8934971,2172.21,0.27,,29,,,,0.308,,2.12,,0.127486,-1.127765,-9.188831,0.05,-0.103,0.004,-209.0,-45.0,443.0,15.37,9.1,20.0,99.0,22.75,,,,,,,,,,,,,,,,,,,,,2026-04-01 14:44:27,True,34.788,10.894,380.223,139.867
2026-04-08T16:57:39.203Z,2026-04-08T16:57:39.203Z,27.266,342,,,,,2.349127,0.171887,170.454944,6.474423,-2.291831,0.630254,39.0187438,-104.8934958,2171.73,11.55,0.24,0.17,-2.09,170.47,-0.022,-0.095,39.0187427,-104.8934971,2172.21,0.27,,29,,,,0.294,,2.09,,0.02942,-1.108151,-8.904438,0.113,-0.04,0.01,-206.0,-42.0,445.0,15.37,9.1,20.0,99.0,22.75,,,,,,,,,,,,,,,,,,,,,2026-04-01 14:44:27,True,34.811,10.896,379.81,139.867
2026-04-08T16:57:39.283Z,2026-04-08T16:57:39.283Z,27.346,343,,,,,3.093972,0.057296,170.626831,7.964113,0.744845,1.890761,39.018744,-104.8934956,2171.86,11.688,0.26,0.2,-2.02,170.64,0.0,-0.078,39.0187427,-104.8934971,2172.21,0.27,,29,,,,0.328,,2.02,,0.23536,-0.402073,-8.973085,0.139,0.013,0.032,-206.0,-42.0,445.0,15.37,9.1,20.0,99.0,22.75,,,,,,,,,,,,,,,,,,,,,2026-04-01 14:44:28,True,34.795,10.896,380.637,139.867
2026-04-08T16:57:39.353Z,2026-04-08T16:57:39.353Z,27.416,344,,,,,3.609634,0.057296,170.798719,5.443099,-1.546986,1.48969,39.0187441,-104.8934954,2172.0,11.829,0.25,0.23,-1.97,170.83,0.011,-0.06,39.0187431,-104.8934968,2172.64,0.26,,29,,,,0.34,,1.97,,0.245166,-0.372653,-9.169218,0.095,-0.026,0.026,-204.0,-36.0,447.0,15.225,10.52,21.0,99.0,22.75,,,,,,,,,,,,,,,,,,,,,2026-04-01 14:44:28,True,34.78,10.894,379.81,160.167
2026-04-08T16:57:39.425Z,2026-04-08T16:57:39.425Z,27.488,345,,,,,3.896113,-0.057296,170.91331,5.042029,-2.635606,0.744845,39.0187442,-104.8934953,2172.12,11.942,0.23,0.22,-1.94,170.92,0.022,-0.052,39.0187431,-104.8934968,2172.64,0.26,,29,,,,0.318,,1.94,,-0.215746,-0.460913,-9.365351,0.088,-0.046,0.012,-203.0,-30.0,446.0,15.225,10.52,21.0,99.0,22.75,,,,,,,,,,,,,,,,,,,,,2026-04-01 14:44:28,True,34.78,10.892,380.058,160.167
2026-04-08T16:57:39.496Z,2026-04-08T16:57:39.496Z,27.559,346,,,,,4.411775,-0.171887,170.91331,11.688339,-2.005352,-1.145916,39.0187443,-104.8934951,2172.26,12.08,0.21,0.19,-1.87,170.91,0.033,-0.035,39.0187434,-104.8934964,2173.04,0.27,,29,,,,0.283,,1.87,,-0.17652,-1.088538,-9.198638,0.204,-0.034,-0.02,-202.0,-26.0,447.0,15.225,10.52,21.0,99.0,22.75,,,,,,,,,,,,,,,,,,,,,2026-04-01 14:44:28,True,34.788,10.889,380.14,160.167
2026-04-08T16:57:39.565Z,2026-04-08T16:57:39.565Z,27.628,347,,,,,5.15662,-0.458366,170.741423,3.323155,-5.901465,-3.953409,39.0187444,-104.8934949,2172.38,12.206,0.21,0.2,-1.85,170.68,0.044,-0.017,39.0187434,-104.8934964,2173.04,0.27,,29,,,,0.29,,1.85,,0.333426,-0.411879,-9.698777,0.058,-0.103,-0.069,-202.0,-26.0,447.0,15.211,11.12,22.0,99.0,22.75,,,,,,,,,,,,,,,,,,,,,2026-04-01 14:44:28,True,34.811,10.892,379.892,169.146
2026-04-08T16:57:39.643Z,2026-04-08T16:57:39.643Z,27.706,348,,,,,5.271212,-0.744845,170.397648,4.354479,-8.651663,-6.990085,39.0187445,-104.8934949,2172.47,12.292,0.18,0.18,-1.81,170.34,0.056,-0.017,39.0187434,-104.8934964,2173.04,0.27,,29,,,,0.255,,1.81,,0.215746,-0.411879,-9.473224,0.076,-0.151,-0.122,-200.0,-19.0,449.0,15.211,11.12,22.0,99.0,22.75,,,,,,,,,,,,,,,,,,,,,2026-04-01 14:44:28,True,34.758,10.887,380.471,169.146
2026-04-08T16:57:39.714Z,2026-04-08T16:57:39.714Z,27.777,349,,,,,4.411775,-1.604282,169.652803,-20.397298,-6.302536,-9.281916,39.0187446,-104.8934947,2172.64,12.46,0.11,0.18,-1.8,169.54,0.067,0.0,39.0187438,-104.8934961,2173.43,0.25,,29,,,,0.211,,1.8,,0.715885,-0.578592,-10.120463,-0.356,-0.109,-0.162,-191.0,-21.0,451.0,15.211,11.12,22.0,99.0,23.0,,,,,,,,,,,,,,,,,,,,,2026-04-01 14:44:28,True,34.795,10.889,380.306,169.146
2026-04-08T16:57:39.785Z,2026-04-08T16:57:39.785Z,27.848,350,,,,,3.724226,-2.521014,168.850662,-3.323155,-15.126086,-9.396508,39.0187446,-104.8934946,2172.75,12.577,0.02,0.16,-1.8,168.8,0.067,0.009,39.0187438,-104.8934961,2173.43,0.25,,29,,,,0.161,,1.8,,0.500139,-0.500139,-9.54187,-0.057,-0.264,-0.164,-191.0,-21.0,451.0,15.212,10.21,23.0,99.0,22.75,,,,,,,,,,,,,,,,,,,,,2026-04-01 14:44:28,True,34.788,10.882,380.223,155.315
2026-04-08T16:57:39.868Z,2026-04-08T16:57:39.868Z,27.931,351,,,,,3.838817,-2.864789,168.621479,3.208564,-12.605071,-7.563043,39.0187445,-104.8934945,2172.81,12.632,0.0,0.17,-1.79,168.55,0.056,0.017,39.0187438,-104.8934961,2173.43,0.25,,29,,,,0.17,,1.79,,0.382459,-0.833565,-9.267284,0.055,-0.22,-0.132,-184.0,-34.0,455.0,15.212,10.21,23.0,99.0,22.75,,,,,,,,,,,,,,,,,,,,,2026-04-01 14:44:28,True,34.765,10.882,380.223,155.315
2026-04-08T16:57:39.941Z,2026-04-08T16:57:39.941Z,28.004,352,,,,,4.411775,-1.833465,168.220409,7.448451,18.391945,-2.005352,39.0187444,-104.8934943,2173.0,12.821,-0.11,0.21,-1.68,168.23,0.044,0.035,39.0187439,-104.8934957,2173.78,0.19,,29,,,,0.237,,1.68,,0.578592,-0.353039,-8.904438,0.129,0.32,-0.035,-178.0,-36.0,459.0,15.212,10.21,23.0,99.0,23.0,,,,,,,,,,,,,,,,,,,,,2026-04-01 14:44:28,True,34.788,10.887,380.14,155.315
2026-04-08T16:57:40.013Z,2026-04-08T16:57:40.013Z,28.076,353,,,,,5.271212,-0.171887,168.392296,12.605071,20.340002,0.171887,39.0187442,-104.8934941,2173.12,12.949,-0.16,0.21,-1.62,168.45,0.022,0.052,39.0187439,-104.8934957,2173.78,0.19,,29,,,,0.264,,1.62,,0.274586,-0.608012,-9.100571,0.219,0.354,0.002,-190.0,-32.0,455.0,15.212,10.21,23.0,99.0,22.75,,,,,,,,,,,,,,,,,,,,,2026-04-01 14:44:28,True,34.788,10.894,379.975,155.315
2026-04-08T16:57:40.084Z,2026-04-08T16:57:40.084Z,28.147,354,,,,,5.729578,1.317803,168.678775,5.443099,21.543213,1.375099,39.0187442,-104.893494,2173.23,13.052,-0.17,0.22,-1.58,168.72,0.022,0.06,39.0187439,-104.8934957,2173.78,0.19,,29,,,,0.278,,1.58,,0.02942,-1.206218,-9.355544,0.095,0.376,0.023,-190.0,-32.0,455.0,15.212,10.21,23.0,99.0,22.75,,,,,,,,,,,,,,,,,,,,,2026-04-01 14:44:28,True,34.803,10.896,380.471,155.315
2026-04-08T16:57:40.154Z,2026-04-08T16:57:40.154Z,28.217,355,,,,,6.016057,2.57831,169.02255,3.781521,17.761692,2.922085,39.018744,-104.8934939,2173.33,13.155,-0.19,0.17,-1.55,169.08,0.0,0.069,39.0187438,-104.8934952,2174.13,0.24,,29,,,,0.255,,1.55,,0.304006,-0.931632,-9.394771,0.065,0.309,0.05,-205.0,-23.0,446.0,15.346,9.81,24.0,99.0,23.0,,,,,,,,,,,,,,,,,,,,,2026-04-01 14:44:28,True,34.803,10.892,380.141,150.544
2026-04-08T16:57:40.226Z,2026-04-08T16:57:40.226Z,28.289,356,,,,,6.24524,3.323155,169.309028,0.572958,11.459156,2.807493,39.0187439,-104.8934938,2173.42,13.246,-0.18,0.16,-1.52,169.35,-0.011,0.078,39.0187438,-104.8934952,2174.13,0.24,,29,,,,0.241,,1.52,,0.107873,-0.941438,-9.110378,0.01,0.199,0.049,-223.0,-18.0,440.0,15.346,9.81,24.0,99.0,22.75,,,,,,,,,,,,,,,,,,,,,2026-04-01 14:44:28,True,34.803,10.894,380.471,150.544
2026-04-08T16:57:40.297Z,2026-04-08T16:57:40.297Z,28.36,357,,,,,5.729578,3.781521,169.595507,-5.271212,1.375099,3.323155,39.0187437,-104.8934937,2173.53,13.358,-0.17,0.13,-1.47,169.64,-0.033,0.086,39.0187436,-104.8934949,2174.47,0.18,,29,,,,0.214,,1.47,,0.372653,-1.255251,-9.120184,-0.092,0.023,0.057,-229.0,-18.0,433.0,15.346,9.81,24.0,99.0,23.0,,,,,,,,,,,,,,,,,,,,,2026-04-01 14:44:29,True,34.78,10.889,379.81,150.544
2026-04-08T16:57:40.371Z,2026-04-08T16:57:40.371Z,28.434,358,,,,,5.500395,3.781521,169.939282,-4.354479,1.604282,4.182592,39.0187436,-104.8934936,2173.64,13.46,-0.14,0.13,-1.42,170.0,-0.044,0.095,39.0187436,-104.8934949,2174.47,0.18,,29,,,,0.191,,1.42,,-0.098066,-1.608291,-9.051538,-0.075,0.027,0.072,-229.0,-18.0,433.0,15.273,9.48,24.0,99.0,22.75,,,,,,,,,,,,,,,,,,,,,2026-04-01 14:44:29,True,34.773,10.882,380.141,144.788
2026-04-08T16:57:40.448Z,2026-04-08T16:57:40.448Z,28.511,359,,,,,5.271212,3.838817,170.168465,-4.870141,0.859437,2.291831,39.0187435,-104.8934936,2173.71,13.53,-0.13,0.13,-1.41,170.18,-0.056,0.095,39.0187436,-104.8934949,2174.47,0.18,,29,,,,0.184,,1.41,,0.068647,-1.402351,-9.159411,-0.085,0.014,0.039,-232.0,-20.0,432.0,15.273,9.48,24.0,99.0,23.0,,,,,,,,,,,,,,,,,,,,,2026-04-01 14:44:29,True,34.78,10.877,380.141,144.788
2026-04-08T16:57:40.523Z,2026-04-08T16:57:40.523Z,28.586,360,,,,,5.385803,3.552338,170.340352,3.151268,-3.495043,1.317803,39.0187434,-104.8934935,2173.84,13.663,-0.13,0.12,-1.34,170.34,-0.067,0.104,39.0187433,-104.8934946,2174.78,0.22,,29,,,,0.177,,1.34,,0.05884,-1.049312,-8.875018,0.055,-0.061,0.022,-232.0,-21.0,433.0,15.273,9.48,24.0,99.0,22.75,,,,,,,,,,,,,,,,,,,,,2026-04-01 14:44:29,True,34.773,10.889,380.637,144.788
2026-04-08T16:57:40.584Z,2026-04-08T16:57:40.584Z,28.647,361,,,,,5.443099,3.66693,170.51224,-4.125296,4.125296,1.375099,39.0187433,-104.8934934,2173.94,13.763,-0.08,0.13,-1.28,170.51,-0.078,0.112,39.0187433,-104.8934946,2174.78,0.22,,29,,,,0.153,,1.28,,0.323619,-0.921825,-9.267284,-0.071,0.072,0.023,-231.0,-20.0,434.0,15.291,9.29,25.0,99.0,23.0,,,,,,,,,,,,,,,,,,,,,2026-04-01 14:44:29,True,34.795,10.904,380.223,142.053
2026-04-08T16:57:40.661Z,2026-04-08T16:57:40.661Z,28.724,362,,,,,5.385803,3.724226,170.569536,-3.265859,3.66693,2.005352,39.0187433,-104.8934934,2173.97,13.791,-0.08,0.12,-1.3,170.57,-0.078,0.112,39.0187433,-104.8934946,2174.78,0.22,,29,,,,0.144,,1.3,,0.333426,-0.951245,-9.267284,-0.056,0.063,0.034,-231.0,-20.0,434.0,15.291,9.29,25.0,99.0,23.0,,,,,,,,,,,,,,,,,,,,,2026-04-01 14:44:29,True,34.788,10.885,380.471,142.053
2026-04-08T16:57:40.726Z,2026-04-08T16:57:40.726Z,28.789,363,,,,,5.786874,3.896113,170.856015,9.453804,-4.469071,1.890761,39.0187432,-104.8934933,2174.11,13.937,-0.04,0.1,-1.2,170.84,-0.089,0.121,39.0187431,-104.8934942,2175.07,0.2,,29,,,,0.108,,1.2,,0.127486,-1.225831,-8.943665,0.165,-0.077,0.032,-234.0,-20.0,433.0,15.291,9.29,25.0,99.0,22.75,,,,,,,,,,,,,,,,,,,,,2026-04-01 14:44:29,True,34.803,10.892,380.306,142.053
2026-04-08T16:57:40.789Z,2026-04-08T16:57:40.789Z,28.852,364,,,,,6.016057,3.609634,170.91331,2.005352,-4.010705,2.807493,39.0187432,-104.8934932,2174.19,14.01,-0.04,0.11,-1.16,170.94,-0.089,0.13,39.0187431,-104.8934942,2175.07,0.2,,29,,,,0.117,,1.16,,0.392266,-1.117958,-9.002505,0.035,-0.07,0.048,-234.0,-15.0,433.0,15.361,8.36,25.0,99.0,23.0,,,,,,,,,,,,,,,,,,,,,2026-04-01 14:44:29,True,34.826,10.908,380.471,128.418
2026-04-08T16:57:40.868Z,2026-04-08T16:57:40.868Z,28.931,365,,,,,5.958761,3.552338,170.970606,-1.317803,-3.437747,2.750197,39.0187432,-104.8934932,2174.21,14.036,-0.04,0.09,-1.15,170.98,-0.089,0.13,39.0187431,-104.8934942,2175.07,0.2,,29,,,,0.098,,1.15,,0.20594,-1.265058,-8.796565,-0.022,-0.06,0.047,-234.0,-15.0,433.0,15.361,8.36,25.0,99.0,22.75,,,,,,,,,,,,,,,,,,,,,2026-04-01 14:44:29,True,34.773,10.885,380.471,128.418
2026-04-08T16:57:40.937Z,2026-04-08T16:57:40.937Z,29.0,366,,,,,5.958761,2.864789,171.085198,-1.08862,-2.57831,1.432394,39.0187432,-104.8934931,2174.35,14.172,-0.04,0.08,-1.08,171.07,-0.089,0.138,39.0187429,-104.893494,2175.32,0.07,,29,,,,0.089,,1.08,,0.431493,-0.725692,-9.433997,-0.019,-0.045,0.024,-228.0,-14.0,434.0,15.361,8.36,25.0,99.0,23.0,,,,,,,,,,,,,,,,,,,,,2026-04-01 14:44:29,True,34.803,10.896,380.389,128.418
2026-04-08T16:57:41.005Z,2026-04-08T16:57:41.005Z,29.068,367,,,,,5.672282,2.864789,171.199789,-3.093972,0.343775,2.119944,39.0187431,-104.8934931,2174.42,14.248,-0.03,0.08,-1.01,171.2,-0.1,0.138,39.0187429,-104.893494,2175.32,0.07,,29,,,,0.085,,1.01,,0.539366,-0.706079,-9.237864,-0.053,0.006,0.036,-227.0,-14.0,436.0,15.361,8.36,25.0,99.0,22.75,,,,,,,,,,,,,,,,,,,,,2026-04-01 14:44:29,True,34.811,10.892,380.389,128.418
2026-04-08T16:57:41.070Z,2026-04-08T16:57:41.070Z,29.133,368,,,,,5.557691,2.979381,171.371677,0.572958,1.833465,1.833465,39.0187431,-104.893493,2174.5,14.324,-0.03,0.05,-0.97,171.38,-0.1,0.147,39.0187429,-104.893494,2175.32,0.07,,29,,,,0.058,,0.97,,0.745305,-0.931632,-9.267284,0.009,0.031,0.031,-227.0,-14.0,436.0,15.361,8.36,25.0,99.0,23.0,,,,,,,,,,,,,,,,,,,,,2026-04-01 14:44:29,True,34.788,10.901,380.306,128.418
2026-04-08T16:57:41.138Z,2026-04-08T16:57:41.138Z,29.201,369,,,,,5.786874,2.864789,171.486268,3.208564,-1.604282,2.406423,39.0187431,-104.893493,2174.56,14.382,-0.05,0.05,-0.94,171.5,-0.1,0.147,39.0187428,-104.8934939,2175.52,0.04,,29,,,,0.071,,0.94,,0.813952,-0.941438,-9.228058,0.055,-0.027,0.041,-227.0,-15.0,436.0,15.361,8.36,25.0,99.0,22.75,,,,,,,,,,,,,,,,,,,,,2026-04-01 14:44:29,True,34.795,10.899,380.388,128.418
2026-04-08T16:57:41.207Z,2026-04-08T16:57:41.207Z,29.27,370,,,,,6.016057,2.635606,171.715451,0.974028,-2.406423,3.724226,39.0187431,-104.893493,2174.63,14.452,-0.03,0.05,-0.9,171.73,-0.1,0.147,39.0187428,-104.8934939,2175.52,0.04,,29,,,,0.058,,0.9,,0.637432,-0.804145,-9.345737,0.017,-0.041,0.064,-227.0,-12.0,437.0,15.361,8.36,25.0,99.0,22.75,,,,,,,,,,,,,,,,,,,,,2026-04-01 14:44:29,True,34.788,10.892,380.223,128.418
2026-04-08T16:57:41.282Z,2026-04-08T16:57:41.282Z,29.345,371,,,,,5.84417,2.692902,172.00193,-2.119944,1.317803,3.781521,39.018743,-104.893493,2174.7,14.524,-0.06,0.01,-0.86,172.02,-0.111,0.147,39.0187428,-104.8934939,2175.52,0.04,,29,,,,0.061,,0.86,,0.17652,-1.559257,-8.982891,-0.037,0.022,0.065,-227.0,-12.0,437.0,15.361,8.36,25.0,99.0,23.0,,,,,,,,,,,,,,,,,,,,,2026-04-01 14:44:30,True,34.803,10.887,380.637,128.418
2026-04-08T16:57:41.352Z,2026-04-08T16:57:41.352Z,29.415,372,,,,,5.672282,2.692902,172.288409,-2.922085,2.692902,2.635606,39.018743,-104.8934931,2174.78,14.6,-0.05,0.01,-0.79,172.31,-0.111,0.138,39.0187426,-104.8934939,2175.72,0.09,,29,,,,0.051,,0.79,,0.647239,-1.206218,-8.933858,-0.05,0.046,0.046,-225.0,-10.0,437.0,15.374,7.18,26.0,99.0,23.0,,,,,,,,,,,,,,,,,,,,,2026-04-01 14:44:30,True,34.811,10.887,380.14,110.385
2026-04-08T16:57:41.567Z,2026-04-08T16:57:41.567Z,29.63,373,,,,,5.84417,2.864789,172.460296,1.948057,3.838817,1.718873,39.0187429,-104.8934931,2174.83,14.659,-0.03,0.01,-0.74,172.47,-0.122,0.138,39.0187426,-104.8934939,2175.72,0.09,,29,,,,0.032,,0.74,,0.441299,-0.657046,-9.326124,0.034,0.066,0.029,-227.0,-10.0,437.0,15.403,7.21,27.0,99.0,22.75,,,,,,,,,,,,,,,,,,,,,2026-04-01 14:44:30,True,34.689,10.885,380.223,111.056
2026-04-08T16:57:41.645Z,2026-04-08T16:57:41.645Z,29.708,374,,,,,5.672282,4.010705,172.861367,0.916732,2.692902,0.286479,39.0187428,-104.8934933,2175.01,14.838,-0.02,-0.01,-0.6,172.87,-0.133,0.121,39.0187425,-104.8934939,2175.88,0.03,,29,,,,0.022,,0.6,,0.20594,-1.569064,-8.825985,0.016,0.046,0.004,-236.0,-9.0,433.0,15.403,7.21,27.0,99.0,23.0,,,,,,,,,,,,,,,,,,,,,2026-04-01 14:44:30,True,34.765,10.887,380.72,111.056
2026-04-08T16:57:41.711Z,2026-04-08T16:57:41.711Z,29.774,375,,,,,5.614986,3.838817,172.746775,1.661578,-6.187944,-2.922085,39.0187428,-104.8934933,2175.09,14.918,0.0,0.01,-0.51,172.68,-0.133,0.121,39.0187424,-104.8934939,2176.01,0.06,,29,,,,0.01,,0.51,,0.715885,-0.509946,-8.835792,0.029,-0.107,-0.051,-237.0,-10.0,430.0,15.403,7.21,27.0,99.0,22.75,,,,,,,,,,,,,,,,,,,,,2026-04-01 14:44:30,True,34.818,10.899,380.554,111.056
2026-04-08T16:57:41.776Z,2026-04-08T16:57:41.776Z,29.839,376,,,,,5.786874,3.151268,172.345705,5.099324,-13.693691,-6.531719,39.0187428,-104.8934933,2175.14,14.962,0.0,0.0,-0.45,172.23,-0.133,0.121,39.0187424,-104.8934939,2176.01,0.06,,29,,,,0.0,,0.45,,0.107873,-0.951245,-8.806372,0.088,-0.239,-0.114,-237.0,-10.0,430.0,15.369,7.02,27.0,99.0,22.75,,,,,,,,,,,,,,,,,,,,,2026-04-01 14:44:30,True,34.795,10.899,380.058,107.89
2026-04-08T16:57:41.848Z,2026-04-08T16:57:41.848Z,29.911,377,,,,,5.901465,2.635606,172.00193,3.552338,-13.750987,-7.33386,39.0187428,-104.8934934,2175.17,14.996,0.01,0.01,-0.41,171.89,-0.133,0.112,39.0187424,-104.8934939,2176.01,0.06,,29,,,,0.014,,0.41,,0.26478,-0.990472,-9.129991,0.061,-0.24,-0.128,-232.0,-11.0,435.0,15.369,7.02,27.0,99.0,23.0,,,,,,,,,,,,,,,,,,,,,2026-04-01 14:44:30,True,34.773,10.894,380.389,107.89
2026-04-08T16:57:41.916Z,2026-04-08T16:57:41.916Z,29.979,378,,,,,5.614986,1.260507,170.91331,-3.66693,-15.928227,-9.682987,39.0187428,-104.8934934,2175.25,15.07,-0.02,-0.02,-0.36,170.77,-0.133,0.112,39.0187424,-104.8934938,2176.1,0.07,,29,,,,0.028,,0.36,,0.186326,-1.088538,-9.139798,-0.064,-0.278,-0.169,-221.0,-13.0,440.0,15.369,7.02,27.0,99.0,22.75,,,,,,,,,,,,,,,,,,,,,2026-04-01 14:44:30,True,34.803,10.896,380.389,107.89
2026-04-08T16:57:41.980Z,2026-04-08T16:57:41.980Z,30.043,379,,,,,5.328507,0.572958,170.168465,-6.990085,-7.104677,-8.365184,39.0187427,-104.8934933,2175.29,15.117,-0.03,-0.03,-0.31,170.12,-0.145,0.121,39.0187424,-104.8934938,2176.1,0.07,,29,,,,0.042,,0.31,,0.23536,-0.872792,-8.973085,-0.122,-0.124,-0.146,-221.0,-13.0,440.0,15.496,5.47,28.0,99.0,23.0,,,,,,,,,,,,,,,,,,,,,2026-04-01 14:44:30,True,34.803,10.894,380.389,84.763
2026-04-08T16:57:42.058Z,2026-04-08T16:57:42.058Z,30.121,380,,,,,5.213916,0.630254,169.939282,-6.073353,2.291831,-7.276564,39.0187427,-104.8934933,2175.31,15.139,-0.06,-0.02,-0.28,169.88,-0.145,0.121,39.0187424,-104.8934938,2176.1,0.07,,29,,,,0.063,,0.28,,-0.019613,-0.529559,-8.374879,-0.106,0.039,-0.127,-212.0,-18.0,446.0,15.496,5.47,28.0,99.0,22.75,,,,,,,,,,,,,,,,,,,,,2026-04-01 14:44:30,True,34.773,10.882,380.637,84.763
2026-04-08T16:57:42.127Z,2026-04-08T16:57:42.127Z,30.19,381,,,,,5.614986,2.291831,169.366324,12.375888,12.776959,-7.677634,39.0187426,-104.8934934,2175.38,15.201,-0.07,-0.05,-0.15,169.29,-0.156,0.112,39.0187423,-104.8934937,2176.16,0.03,,29,,,,0.086,,0.15,,0.725692,-1.098345,-8.825985,0.216,0.222,-0.133,-213.0,-23.0,447.0,15.496,5.47,28.0,99.0,22.75,,,,,,,,,,,,,,,,,,,,,2026-04-01 14:44:30,True,34.803,10.894,379.81,84.763
2026-04-08T16:57:42.190Z,2026-04-08T16:57:42.190Z,30.253,382,,,,,6.589015,3.036676,169.02255,9.625691,10.255945,-5.901465,39.0187426,-104.8934934,2175.41,15.233,-0.08,-0.03,-0.06,168.96,-0.156,0.112,39.0187423,-104.8934937,2176.16,0.03,,29,,,,0.085,,0.06,,0.333426,-0.862985,-8.296426,0.168,0.179,-0.103,-225.0,-18.0,442.0,15.592,5.52,28.0,99.0,22.75,,,,,,,,,,,,,,,,,,,,,2026-04-01 14:44:30,True,34.795,10.906,380.389,86.068
2026-04-08T16:57:42.263Z,2026-04-08T16:57:42.263Z,30.326,383,,,,,6.531719,3.265859,168.907958,5.385803,12.375888,-6.016057,39.0187426,-104.8934934,2175.42,15.242,-0.08,-0.05,-0.03,168.88,-0.156,0.112,39.0187423,-104.8934937,2176.16,0.03,,29,,,,0.094,,0.03,,0.20594,-1.323898,-8.267006,0.094,0.216,-0.105,-225.0,-18.0,442.0,15.592,5.52,28.0,99.0,23.0,,,,,,,,,,,,,,,,,,,,,2026-04-01 14:44:31,True,34.788,10.892,380.223,86.068
2026-04-08T16:57:42.332Z,2026-04-08T16:57:42.332Z,30.395,384,,,,,6.016057,5.271212,168.506888,-2.750197,10.427832,-3.609634,39.0187425,-104.8934935,2175.44,15.269,-0.08,-0.1,0.15,168.5,-0.167,0.104,39.0187423,-104.8934938,2176.19,0.09,,29,,,,0.128,,-0.15,,0.549172,-0.421686,-8.188553,-0.048,0.181,-0.062,-235.0,-17.0,436.0,15.592,5.52,28.0,99.0,22.75,,,,,,,,,,,,,,,,,,,,,2026-04-01 14:44:31,True,34.795,10.887,380.554,86.068
2026-04-08T16:57:42.405Z,2026-04-08T16:57:42.405Z,30.468,385,,,,,6.130648,5.672282,168.392296,0.572958,4.75555,-1.432394,39.0187424,-104.8934936,2175.45,15.275,-0.06,-0.1,0.24,168.39,-0.178,0.095,39.0187423,-104.8934938,2176.19,0.09,,29,,,,0.117,,-0.24,,0.333426,-0.627626,-8.365072,0.009,0.082,-0.025,-245.0,-22.0,431.0,15.592,5.52,28.0,99.0,23.0,,,,,,,,,,,,,,,,,,,,,2026-04-01 14:44:31,True,34.765,10.885,380.306,86.068
2026-04-08T16:57:42.475Z,2026-04-08T16:57:42.475Z,30.538,386,,,,,6.187944,5.672282,168.392296,2.349127,-2.807493,0.458366,39.0187424,-104.8934937,2175.45,15.271,-0.05,-0.13,0.31,168.37,-0.178,0.086,39.0187423,-104.8934938,2176.19,0.09,,29,,,,0.139,,-0.31,,0.549172,-0.764919,-8.894632,0.04,-0.048,0.007,-245.0,-22.0,431.0,15.592,5.52,28.0,99.0,23.0,,,,,,,,,,,,,,,,,,,,,2026-04-01 14:44:31,True,34.818,10.896,380.389,86.068
2026-04-08T16:57:42.548Z,2026-04-08T16:57:42.548Z,30.611,387,,,,,6.187944,5.500395,168.564183,-2.692902,-2.406423,4.125296,39.0187423,-104.8934938,2175.44,15.262,-0.03,-0.15,0.35,168.6,-0.189,0.078,39.0187422,-104.893494,2176.15,0.1,,29,,,,0.153,,-0.35,,0.460913,-0.480526,-9.326124,-0.047,-0.042,0.071,-245.0,-23.0,427.0,15.348,9.18,29.0,99.0,22.75,,,,,,,,,,,,,,,,,,,,,2026-04-01 14:44:31,True,34.773,10.892,380.389,140.895
2026-04-08T16:57:42.627Z,2026-04-08T16:57:42.627Z,30.69,388,,,,,6.130648,5.213916,168.907958,3.093972,-4.010705,5.271212,39.0187423,-104.893494,2175.43,15.25,-0.02,-0.2,0.41,168.97,-0.189,0.06,39.0187422,-104.893494,2176.15,0.1,,29,,,,0.201,,-0.41,,0.333426,-0.961052,-8.884825,0.053,-0.07,0.091,-245.0,-22.0,429.0,15.348,9.18,29.0,99.0,23.0,,,,,,,,,,,,,,,,,,,,,2026-04-01 14:44:31,True,34.788,10.882,380.471,140.895
2026-04-08T16:57:42.702Z,2026-04-08T16:57:42.702Z,30.765,389,,,,,5.614986,5.385803,169.652803,-17.131438,6.932789,10.828902,39.0187423,-104.8934942,2175.41,15.23,0.0,-0.21,0.43,169.76,-0.189,0.043,39.0187422,-104.893494,2176.15,0.1,,29,,,,0.21,,-0.43,,0.186326,-1.186605,-9.433997,-0.299,0.12,0.189,-241.0,-21.0,425.0,15.348,9.18,29.0,99.0,22.75,,,,,,,,,,,,,,,,,,,,,2026-04-01 14:44:31,True,34.803,10.885,380.223,140.895
2026-04-08T16:57:42.769Z,2026-04-08T16:57:42.769Z,30.832,390,,,,,4.583662,5.099324,170.626831,-6.24524,-7.563043,10.771607,39.0187423,-104.8934944,2175.38,15.206,0.03,-0.23,0.38,170.74,-0.189,0.026,39.0187422,-104.8934943,2176.05,0.21,,29,,,,0.232,,-0.38,,0.362846,-0.588399,-10.365629,-0.109,-0.132,0.187,-241.0,-21.0,425.0,15.169,11.22,29.0,99.0,22.75,,,,,,,,,,,,,,,,,,,,,2026-04-01 14:44:31,True,34.803,10.901,380.471,170.196
2026-04-08T16:57:42.847Z,2026-04-08T16:57:42.847Z,30.91,391,,,,,4.469071,4.640958,171.027902,-3.323155,-11.974818,10.714311,39.0187424,-104.8934945,2175.37,15.197,0.06,-0.23,0.37,171.18,-0.178,0.017,39.0187422,-104.8934943,2176.05,0.21,,29,,,,0.238,,-0.37,,0.353039,-1.117958,-10.453889,-0.057,-0.209,0.186,-243.0,-26.0,425.0,15.169,11.22,29.0,99.0,22.75,,,,,,,,,,,,,,,,,,,,,2026-04-01 14:44:31,True,34.833,10.885,380.389,170.196
2026-04-08T16:57:42.918Z,2026-04-08T16:57:42.918Z,30.981,392,,,,,3.609634,2.750197,171.944634,-8.995437,-22.746424,7.964113,39.0187425,-104.8934949,2175.35,15.172,0.07,-0.24,0.31,172.0,-0.167,-0.017,39.0187424,-104.8934948,2175.95,0.25,,29,,,,0.25,,-0.31,,0.392266,-0.676659,-10.081236,-0.157,-0.396,0.138,-234.0,-28.0,429.0,15.169,11.22,29.0,99.0,22.75,,,,,,,,,,,,,,,,,,,,,2026-04-01 14:44:31,True,34.788,10.889,380.306,170.196
2026-04-08T16:57:42.985Z,2026-04-08T16:57:42.985Z,31.048,393,,,,,3.609634,0.916732,172.345705,3.609634,-25.496622,4.927437,39.0187426,-104.8934951,2175.33,15.159,0.06,-0.25,0.3,172.36,-0.156,-0.035,39.0187424,-104.8934948,2175.95,0.25,,29,,,,0.257,,-0.3,,0.049033,-0.519752,-9.92433,0.062,-0.444,0.085,-234.0,-28.0,429.0,15.237,8.67,30.0,99.0,22.75,,,,,,,,,,,,,,,,,,,,,2026-04-01 14:44:31,True,34.811,10.894,380.471,132.105
2026-04-08T16:57:43.074Z,2026-04-08T16:57:43.074Z,31.137,394,,,,,3.724226,0.286479,172.460296,4.239888,-22.918312,4.354479,39.0187426,-104.8934952,2175.33,15.154,0.05,-0.26,0.3,172.5,-0.156,-0.043,39.0187424,-104.8934948,2175.95,0.25,,29,,,,0.265,,-0.3,,0.353039,-0.941438,-10.002783,0.074,-0.4,0.075,-217.0,-31.0,439.0,15.237,8.67,30.0,99.0,22.75,,,,,,,,,,,,,,,,,,,,,2026-04-01 14:44:31,True,34.758,10.88,380.471,132.105
2026-04-08T16:57:43.152Z,2026-04-08T16:57:43.152Z,31.215,395,,,,,3.838817,-1.833465,173.09055,-3.151268,-9.224621,5.84417,39.0187426,-104.8934956,2175.32,15.142,0.0,-0.25,0.27,173.13,-0.156,-0.078,39.0187425,-104.8934954,2175.85,0.28,,29,,,,0.25,,-0.27,,0.166713,-0.470719,-9.95375,-0.054,-0.161,0.101,-198.0,-27.0,448.0,15.191,9.81,30.0,99.0,22.75,,,,,,,,,,,,,,,,,,,,,2026-04-01 14:44:31,True,34.795,10.882,380.058,149.024
2026-04-08T16:57:43.223Z,2026-04-08T16:57:43.223Z,31.286,396,,,,,3.896113,-2.463719,173.434325,3.036676,-8.021409,5.672282,39.0187426,-104.8934959,2175.31,15.139,-0.05,-0.27,0.22,173.47,-0.156,-0.104,39.0187425,-104.8934954,2175.85,0.28,,29,,,,0.275,,-0.22,,0.156906,-0.617819,-10.002783,0.053,-0.14,0.098,-188.0,-24.0,453.0,15.191,9.81,30.0,99.0,22.75,,,,,,,,,,,,,,,,,,,,,2026-04-01 14:44:31,True,34.788,10.892,380.471,149.024
2026-04-08T16:57:43.292Z,2026-04-08T16:57:43.292Z,31.355,397,,,,,3.896113,-2.979381,173.720803,-2.692902,-6.016057,3.609634,39.0187426,-104.8934962,2175.31,15.137,-0.12,-0.26,0.21,173.71,-0.156,-0.13,39.0187425,-104.893496,2175.79,0.19,,29,,,,0.286,,-0.21,,0.107873,-0.500139,-9.934136,-0.046,-0.105,0.063,-182.0,-23.0,456.0,15.191,9.81,30.0,99.0,22.75,,,,,,,,,,,,,,,,,,,,,2026-04-01 14:44:32,True,34.795,10.899,380.306,149.024
2026-04-08T16:57:43.358Z,2026-04-08T16:57:43.358Z,31.421,398,,,,,3.552338,-3.66693,173.835395,-1.546986,-12.719663,2.864789,39.0187425,-104.8934964,2175.31,15.137,-0.18,-0.27,0.19,173.87,-0.167,-0.147,39.0187425,-104.893496,2175.79,0.19,,29,,,,0.324,,-0.19,,0.392266,-0.284393,-10.120463,-0.027,-0.222,0.05,-182.0,-23.0,456.0,15.202,9.06,31.0,99.0,22.75,,,,,,,,,,,,,,,,,,,,,2026-04-01 14:44:32,True,34.78,10.894,380.223,137.73
2026-04-08T16:57:43.428Z,2026-04-08T16:57:43.428Z,31.491,399,,,,,3.66693,-4.239888,173.949987,1.375099,-10.771607,3.208564,39.0187424,-104.8934966,2175.31,15.137,-0.25,-0.27,0.18,173.96,-0.178,-0.164,39.0187425,-104.893496,2175.79,0.19,,29,,,,0.368,,-0.18,,0.019613,-0.539366,-9.992976,0.024,-0.187,0.055,-176.0,-24.0,458.0,15.202,9.06,31.0,99.0,23.0,,,,,,,,,,,,,,,,,,,,,2026-04-01 14:44:32,True,34.795,10.894,379.975,137.73
2026-04-08T16:57:43.498Z,2026-04-08T16:57:43.498Z,31.561,400,,,,,3.838817,-4.927437,174.17917,4.927437,-8.365184,5.213916,39.0187422,-104.8934968,2175.31,15.139,-0.32,-0.25,0.16,174.25,-0.2,-0.181,39.0187423,-104.8934966,2175.71,0.37,,29,,,,0.406,,-0.16,,0.558979,-0.725692,-10.002783,0.086,-0.145,0.09,-168.0,-21.0,463.0,15.202,9.06,31.0,99.0,23.0,,,,,,,,,,,,,,,,,,,,,2026-04-01 14:44:32,True,34.811,10.899,380.471,137.73
2026-04-08T16:57:43.564Z,2026-04-08T16:57:43.564Z,31.627,401,,,,,3.781521,-5.84417,174.694832,-2.922085,-15.183382,12.834255,39.0187419,-104.893497,2175.32,15.141,-0.44,-0.25,0.13,174.87,-0.234,-0.199,39.0187423,-104.8934966,2175.71,0.37,,29,,,,0.506,,-0.13,,0.0,-1.206218,-9.92433,-0.05,-0.265,0.223,-168.0,-21.0,463.0,15.268,10.79,31.0,99.0,23.0,,,,,,,,,,,,,,,,,,,,,2026-04-01 14:44:32,True,34.795,10.896,380.471,164.742
2026-04-08T16:57:43.635Z,2026-04-08T16:57:43.635Z,31.698,402,,,,,3.093972,-6.589015,175.554268,-17.074142,-11.573747,20.741072,39.0187417,-104.8934972,2175.32,15.144,-0.52,-0.25,0.11,175.8,-0.256,-0.216,39.0187423,-104.8934966,2175.71,0.37,,29,,,,0.577,,-0.11,,0.215746,-1.216025,-10.287176,-0.297,-0.202,0.361,-160.0,-17.0,467.0,15.268,10.79,31.0,99.0,22.75,,,,,,,,,,,,,,,,,,,,,2026-04-01 14:44:32,True,34.803,10.896,380.306,164.742
2026-04-08T16:57:43.708Z,2026-04-08T16:57:43.708Z,31.771,403,,,,,2.57831,-7.849522,177.960691,8.594367,-9.281916,33.116961,39.0187411,-104.8934974,2175.33,15.153,-0.67,-0.22,0.09,178.24,-0.322,-0.233,39.0187416,-104.8934971,2175.65,0.55,,29,,,,0.705,,-0.09,,-0.098066,-0.941438,-10.120463,0.15,-0.162,0.577,-149.0,-20.0,472.0,15.268,10.79,31.0,99.0,22.75,,,,,,,,,,,,,,,,,,,,,2026-04-01 14:44:32,True,34.788,10.889,380.554,164.742
2026-04-08T16:57:43.774Z,2026-04-08T16:57:43.774Z,31.837,404,,,,,3.208564,-7.047381,-179.507677,17.990875,24.579889,37.815214,39.0187406,-104.8934976,2175.33,15.156,-0.75,-0.21,0.11,180.89,-0.378,-0.251,39.0187416,-104.8934971,2175.65,0.55,,29,,,,0.779,,-0.11,,-0.245166,-0.921825,-9.296704,0.313,0.428,0.659,-149.0,-20.0,472.0,15.52,8.12,32.0,99.0,22.75,,,,,,,,,,,,,,,,,,,,,2026-04-01 14:44:32,True,34.803,10.899,380.389,126.022
2026-04-08T16:57:43.851Z,2026-04-08T16:57:43.851Z,31.914,405,,,,,3.953409,-5.958761,-178.075283,26.241467,32.028341,37.184961,39.0187403,-104.8934977,2175.33,15.159,-0.79,-0.19,0.13,182.4,-0.411,-0.259,39.0187416,-104.8934971,2175.65,0.55,,29,,,,0.813,,-0.13,,-0.225553,-1.000278,-9.404577,0.458,0.559,0.649,-151.0,-3.0,474.0,15.52,8.12,32.0,99.0,23.0,,,,,,,,,,,,,,,,,,,,,2026-04-01 14:44:32,True,34.788,10.894,380.637,126.022
2026-04-08T16:57:43.924Z,2026-04-08T16:57:43.924Z,31.987,406,,,,,5.213916,-3.781521,-174.17917,3.896113,12.776959,31.799158,39.0187393,-104.8934979,2175.34,15.163,-0.89,-0.2,0.13,186.11,-0.523,-0.276,39.0187405,-104.8934978,2175.61,0.8,,29,,,,0.912,,-0.13,,-0.068647,-0.853179,-9.95375,0.068,0.223,0.554,-170.0,24.0,465.0,15.52,8.12,32.0,99.0,23.0,,,,,,,,,,,,,,,,,,,,,2026-04-01 14:44:32,True,34.788,10.892,380.306,126.022
2026-04-08T16:57:43.988Z,2026-04-08T16:57:43.988Z,32.051,407,,,,,5.213916,-3.953409,-172.288409,1.145916,-3.896113,26.356059,39.0187387,-104.8934981,2175.34,15.168,-0.93,-0.21,0.13,188.01,-0.589,-0.294,39.0187405,-104.8934978,2175.61,0.8,,29,,,,0.953,,-0.13,,-0.608012,-1.265058,-9.65955,0.019,-0.068,0.459,-181.0,40.0,459.0,15.407,8.56,32.0,99.0,22.75,,,,,,,,,,,,,,,,,,,,,2026-04-01 14:44:32,True,34.803,10.894,379.975,131.884
2026-04-08T16:57:44.067Z,2026-04-08T16:57:44.067Z,32.13,408,,,,,5.213916,-4.125296,-171.772747,-2.005352,-5.15662,24.637185,39.0187385,-104.8934982,2175.35,15.17,-0.95,-0.2,0.14,188.54,-0.612,-0.302,39.0187405,-104.8934978,2175.61,0.8,,29,,,,0.971,,-0.14,,-0.558979,-0.764919,-9.649744,-0.034,-0.09,0.429,-181.0,40.0,459.0,15.407,8.56,32.0,99.0,22.75,,,,,,,,,,,,,,,,,,,,,2026-04-01 14:44:32,True,34.788,10.882,380.223,131.884
2026-04-08T16:57:44.141Z,2026-04-08T16:57:44.141Z,32.204,409,,,,,4.75555,-5.614986,-169.652803,-0.515662,-16.615776,11.745635,39.0187374,-104.8934985,2175.35,15.171,-1.0,-0.25,0.16,190.44,-0.734,-0.328,39.0187389,-104.8934985,2175.55,0.99,,29,,,,1.031,,-0.16,,-0.608012,-1.019892,-9.355544,-0.008,-0.29,0.204,-175.0,48.0,460.0,15.407,8.56,32.0,99.0,22.75,,,,,,,,,,,,,,,,,,,,,2026-04-01 14:44:32,True,34.803,10.894,380.223,131.884
2026-04-08T16:57:44.223Z,2026-04-08T16:57:44.223Z,32.286,410,,,,,4.297183,-6.875494,-169.137141,-8.365184,-13.98017,4.182592,39.0187365,-104.8934989,2175.35,15.173,-1.06,-0.3,0.18,190.91,-0.834,-0.363,39.0187389,-104.8934985,2175.55,0.99,,29,,,,1.102,,-0.18,,-0.254973,-0.990472,-9.885103,-0.145,-0.243,0.072,-163.0,50.0,463.0,15.407,8.56,32.0,99.0,22.75,,,,,,,,,,,,,,,,,,,,,2026-04-01 14:44:32,True,34.78,10.887,380.141,131.884
2026-04-08T16:57:44.295Z,2026-04-08T16:57:44.295Z,32.358,411,,,,,3.838817,-8.250592,-169.02255,-4.182592,-17.933579,-0.057296,39.0187357,-104.8934992,2175.35,15.175,-1.16,-0.31,0.16,190.97,-0.923,-0.389,39.0187372,-104.8934991,2175.5,0.99,,29,,,,1.201,,-0.16,,-0.245166,-0.02942,-9.973363,-0.072,-0.313,0.0,-148.0,46.0,468.0,15.407,8.56,32.0,99.0,22.75,,,,,,,,,,,,,,,,,,,,,2026-04-01 14:44:33,True,34.773,10.889,380.471,131.884
2026-04-08T16:57:44.365Z,2026-04-08T16:57:44.365Z,32.428,412,,,,,3.66693,-9.224621,-169.137141,-1.317803,-9.797578,-2.17724,39.0187349,-104.8934995,2175.35,15.173,-1.24,-0.33,0.17,190.84,-1.012,-0.415,39.0187372,-104.8934991,2175.5,0.99,,29,,,,1.283,,-0.17,,-0.637432,-0.402073,-9.943943,-0.022,-0.17,-0.038,-148.0,46.0,468.0,15.421,8.77,33.0,98.0,22.75,,,,,,,,,,,,,,,,,,,,,2026-04-01 14:44:33,True,34.795,10.889,380.471,135.242
2026-04-08T16:57:44.442Z,2026-04-08T16:57:44.442Z,32.505,413,,,,,3.380451,-9.339212,-169.194437,-2.234535,-1.145916,-2.692902,39.0187343,-104.8934997,2175.35,15.172,-1.3,-0.38,0.16,190.79,-1.079,-0.432,39.0187372,-104.8934991,2175.5,0.99,,29,,,,1.354,,-0.16,,-0.617819,-1.304284,-9.914523,-0.038,-0.02,-0.046,-138.0,43.0,475.0,15.421,8.77,33.0,98.0,22.75,,,,,,,,,,,,,,,,,,,,,2026-04-01 14:44:33,True,34.795,10.887,380.058,135.242
2026-04-08T16:57:44.514Z,2026-04-08T16:57:44.514Z,32.577,414,,,,,2.291831,-9.396508,-169.251733,-13.750987,-5.385803,0.057296,39.018733,-104.8935002,2175.35,15.172,-1.43,-0.36,0.13,190.78,-1.223,-0.475,39.0187351,-104.8934999,2175.42,1.3,,29,,,,1.475,,-0.13,,-0.284393,-0.676659,-10.061623,-0.239,-0.094,0.001,-135.0,38.0,475.0,15.421,8.77,33.0,98.0,22.75,,,,,,,,,,,,,,,,,,,,,2026-04-01 14:44:33,True,34.788,10.894,380.223,135.242
2026-04-08T16:57:44.581Z,2026-04-08T16:57:44.581Z,32.644,415,,,,,1.890761,-10.198649,-169.079845,0.687549,-14.610424,1.48969,39.0187321,-104.8935006,2175.35,15.175,-1.53,-0.37,0.12,190.92,-1.323,-0.51,39.0187351,-104.8934999,2175.42,1.3,,29,,,,1.574,,-0.12,,-0.2942,-1.176798,-9.757617,0.012,-0.254,0.025,-135.0,38.0,475.0,15.481,7.91,34.0,98.0,22.75,,,,,,,,,,,,,,,,,,,,,2026-04-01 14:44:33,True,34.803,10.899,380.223,122.455
2026-04-08T16:57:44.658Z,2026-04-08T16:57:44.658Z,32.721,416,,,,,2.119944,-10.657015,-169.079845,5.385803,-17.360621,1.375099,39.0187316,-104.8935008,2175.35,15.177,-1.57,-0.41,0.13,190.97,-1.379,-0.527,39.0187351,-104.8934999,2175.42,1.3,,29,,,,1.623,,-0.13,,-0.539366,-1.088538,-9.708584,0.094,-0.303,0.023,-133.0,29.0,478.0,15.481,7.91,34.0,98.0,22.75,,,,,,,,,,,,,,,,,,,,,2026-04-01 14:44:33,True,34.788,10.887,380.306,122.455
2026-04-08T16:57:44.733Z,2026-04-08T16:57:44.733Z,32.796,417,,,,,2.635606,-12.49048,-168.793366,6.64631,-14.782311,3.093972,39.0187299,-104.8935013,2175.36,15.184,-1.74,-0.42,0.16,191.23,-1.568,-0.57,39.0187327,-104.8935009,2175.39,1.54,,29,,,,1.79,,-0.16,,-0.725692,-0.735499,-9.54187,0.115,-0.258,0.053,-118.0,31.0,481.0,15.481,7.91,34.0,98.0,22.75,,,,,,,,,,,,,,,,,,,,,2026-04-01 14:44:33,True,34.811,10.894,380.72,122.455
2026-04-08T16:57:44.809Z,2026-04-08T16:57:44.809Z,32.872,418,,,,,2.864789,-13.5791,-168.564183,0.114592,-13.808283,3.552338,39.0187286,-104.8935018,2175.37,15.19,-1.87,-0.41,0.17,191.49,-1.712,-0.613,39.0187327,-104.8935009,2175.39,1.54,,29,,,,1.914,,-0.17,,-0.470719,-1.059118,-9.522257,0.002,-0.241,0.061,-106.0,36.0,483.0,15.481,7.91,34.0,98.0,23.0,,,,,,,,,,,,,,,,,,,,,2026-04-01 14:44:33,True,34.811,10.885,380.471,122.455
2026-04-08T16:57:44.887Z,2026-04-08T16:57:44.887Z,32.95,419,,,,,2.864789,-14.896903,-168.449592,1.890761,-20.282706,1.375099,39.0187273,-104.8935022,2175.37,15.191,-2.02,-0.43,0.18,191.57,-1.857,-0.648,39.0187327,-104.8935009,2175.39,1.54,,29,,,,2.065,,-0.18,,-0.421686,-1.137571,-9.71839,0.033,-0.354,0.023,-106.0,36.0,483.0,15.481,7.91,34.0,98.0,22.75,,,,,,,,,,,,,,,,,,,,,2026-04-01 14:44:33,True,34.78,10.887,380.223,122.455
2026-04-08T16:57:44.959Z,2026-04-08T16:57:44.959Z,33.022,420,,,,,3.380451,-16.15741,-168.449592,7.964113,-11.802931,-0.343775,39.0187257,-104.8935026,2175.37,15.192,-2.17,-0.47,0.22,191.54,-2.035,-0.682,39.0187298,-104.8935019,2175.32,1.74,,29,,,,2.22,,-0.22,,-1.078732,-1.049312,-9.57129,0.138,-0.206,-0.006,-90.0,37.0,484.0,15.313,10.31,35.0,98.0,22.75,,,,,,,,,,,,,,,,,,,,,2026-04-01 14:44:33,True,34.788,10.899,380.389,157.877
2026-04-08T16:57:45.034Z,2026-04-08T16:57:45.034Z,33.097,421,,,,,4.010705,-16.615776,-168.564183,10.771607,-5.84417,-1.546986,39.0187245,-104.893503,2175.36,15.189,-2.3,-0.47,0.22,191.43,-2.168,-0.717,39.0187298,-104.8935019,2175.32,1.74,,29,,,,2.348,,-0.22,,-0.588399,-1.176798,-9.708584,0.188,-0.101,-0.026,-77.0,41.0,488.0,15.313,10.31,35.0,98.0,22.75,,,,,,,,,,,,,,,,,,,,,2026-04-01 14:44:33,True,34.811,10.889,380.388,157.877
2026-04-08T16:57:45.107Z,2026-04-08T16:57:45.107Z,33.17,422,,,,,4.297183,-17.188734,-168.793366,1.031324,-7.620339,-2.291831,39.0187225,-104.8935035,2175.36,15.185,-2.49,-0.49,0.2,191.18,-2.391,-0.76,39.0187298,-104.8935019,2175.32,1.74,,29,,,,2.538,,-0.2,,-0.764919,-1.108151,-10.032203,0.017,-0.133,-0.04,-68.0,47.0,487.0,15.313,10.31,35.0,98.0,22.75,,,,,,,,,,,,,,,,,,,,,2026-04-01 14:44:33,True,34.788,10.894,380.306,157.877
2026-04-08T16:57:45.175Z,2026-04-08T16:57:45.175Z,33.238,423,,,,,4.526367,-17.475213,-168.907958,1.890761,-1.375099,-2.005352,39.0187208,-104.893504,2175.35,15.175,-2.65,-0.53,0.2,191.11,-2.58,-0.803,39.0187262,-104.8935031,2175.27,2.31,,29,,,,2.702,,-0.2,,-1.059118,-1.039505,-10.081236,0.032,-0.024,-0.035,-68.0,47.0,487.0,15.342,10.19,35.0,98.0,23.0,,,,,,,,,,,,,,,,,,,,,2026-04-01 14:44:33,True,34.818,10.889,380.141,156.335
2026-04-08T16:57:45.253Z,2026-04-08T16:57:45.253Z,33.316,424,,,,,4.411775,-17.417917,-168.907958,-3.724226,1.948057,-2.57831,39.0187198,-104.8935043,2175.35,15.17,-2.76,-0.56,0.17,191.07,-2.691,-0.829,39.0187262,-104.8935031,2175.27,2.31,,29,,,,2.816,,-0.17,,-1.078732,-0.970858,-10.10085,-0.064,0.033,-0.045,-65.0,48.0,489.0,15.342,10.19,35.0,98.0,22.75,,,,,,,,,,,,,,,,,,,,,2026-04-01 14:44:34,True,34.773,10.892,380.141,156.335
2026-04-08T16:57:45.332Z,2026-04-08T16:57:45.332Z,33.395,425,,,,,3.838817,-17.6471,-169.251733,-2.005352,-1.031324,-5.271212,39.0187168,-104.8935052,2175.33,15.159,-3.03,-0.62,0.14,190.68,-3.025,-0.907,39.0187218,-104.8935044,2175.2,2.66,,29,,,,3.093,,-0.14,,-0.529559,-1.323898,-10.277369,-0.035,-0.017,-0.092,-63.0,45.0,490.0,15.342,10.19,35.0,98.0,22.75,,,,,,,,,,,,,,,,,,,,,2026-04-01 14:44:34,True,34.795,10.894,380.802,156.335
2026-04-08T16:57:45.405Z,2026-04-08T16:57:45.405Z,33.468,426,,,,,4.125296,-17.475213,-169.538212,0.40107,3.036676,-2.692902,39.0187146,-104.8935058,2175.33,15.154,-3.22,-0.65,0.13,190.44,-3.269,-0.959,39.0187218,-104.8935044,2175.2,2.66,,29,,,,3.285,,-0.13,,-0.990472,-0.539366,-10.04201,0.007,0.052,-0.047,-65.0,42.0,491.0,15.342,10.19,35.0,98.0,22.75,,,,,,,,,,,,,,,,,,,,,2026-04-01 14:44:34,True,34.78,10.896,380.306,156.335
2026-04-08T16:57:45.479Z,2026-04-08T16:57:45.479Z,33.542,427,,,,,4.526367,-17.24603,-169.595507,5.614986,1.948057,-0.572958,39.0187123,-104.8935064,2175.32,15.149,-3.39,-0.69,0.16,190.42,-3.525,-1.011,39.0187218,-104.8935044,2175.2,2.66,,29,,,,3.46,,-0.16,,-1.039505,-0.637432,-9.92433,0.098,0.033,-0.009,-65.0,42.0,491.0,15.342,10.19,35.0,98.0,22.75,,,,,,,,,,,,,,,,,,,,,2026-04-01 14:44:34,True,34.788,10.892,380.471,156.335
2026-04-08T16:57:45.553Z,2026-04-08T16:57:45.553Z,33.616,428,,,,,5.042029,-16.959551,-169.42362,5.557691,6.932789,1.718873,39.0187101,-104.893507,2175.32,15.141,-3.53,-0.72,0.18,190.63,-3.77,-1.063,39.0187165,-104.8935059,2175.15,3.26,,29,,,,3.603,,-0.18,,-0.676659,-1.186605,-10.002783,0.097,0.12,0.029,-66.0,44.0,490.0,15.326,10.55,37.0,98.0,22.75,,,,,,,,,,,,,,,,,,,,,2026-04-01 14:44:34,True,34.803,10.885,380.554,161.689
2026-04-08T16:57:45.624Z,2026-04-08T16:57:45.624Z,33.687,429,,,,,5.099324,-16.730368,-169.079845,1.031324,1.432394,4.870141,39.0187077,-104.8935077,2175.31,15.131,-3.69,-0.75,0.15,191.02,-4.036,-1.123,39.0187165,-104.8935059,2175.15,3.26,,29,,,,3.765,,-0.15,,-1.059118,-0.647239,-10.110656,0.018,0.025,0.084,-70.0,50.0,489.0,15.326,10.55,37.0,98.0,22.75,,,,,,,,,,,,,,,,,,,,,2026-04-01 14:44:34,True,34.788,10.894,380.637,161.689
2026-04-08T16:57:45.693Z,2026-04-08T16:57:45.693Z,33.756,430,,,,,5.213916,-16.615776,-168.621479,4.583662,4.182592,4.239888,39.0187049,-104.8935085,2175.3,15.122,-3.86,-0.78,0.14,191.43,-4.348,-1.192,39.0187105,-104.8935077,2175.12,3.53,,29,,,,3.938,,-0.14,,-1.127765,-0.755112,-9.60071,0.08,0.072,0.073,-71.0,52.0,487.0,15.326,10.55,37.0,98.0,22.75,,,,,,,,,,,,,,,,,,,,,2026-04-01 14:44:34,True,34.803,10.899,380.554,161.689
2026-04-08T16:57:45.763Z,2026-04-08T16:57:45.763Z,33.826,431,,,,,5.15662,-16.214706,-168.105817,0.515662,5.958761,5.84417,39.0187023,-104.8935093,2175.29,15.111,-4.0,-0.82,0.13,191.97,-4.637,-1.261,39.0187105,-104.8935077,2175.12,3.53,,29,,,,4.083,,-0.13,,-1.304284,-1.147378,-10.179303,0.008,0.103,0.101,-71.0,52.0,487.0,15.346,10.38,37.0,98.0,22.75,,,,,,,,,,,,,,,,,,,,,2026-04-01 14:44:34,True,34.826,10.892,380.554,159.291
2026-04-08T16:57:45.834Z,2026-04-08T16:57:45.834Z,33.897,432,,,,,5.213916,-16.042818,-167.762042,2.635606,3.896113,6.016057,39.0187004,-104.8935098,2175.28,15.104,-4.06,-0.87,0.13,192.38,-4.848,-1.305,39.0187105,-104.8935077,2175.12,3.53,,29,,,,4.152,,-0.13,,-0.872792,-1.235638,-10.257756,0.045,0.068,0.104,-76.0,56.0,487.0,15.346,10.38,37.0,98.0,23.0,,,,,,,,,,,,,,,,,,,,,2026-04-01 14:44:34,True,34.795,10.894,381.051,159.291
2026-04-08T16:57:45.908Z,2026-04-08T16:57:45.908Z,33.971,433,,,,,4.812845,-16.100114,-166.959902,-5.099324,-0.744845,7.33386,39.018697,-104.8935108,2175.27,15.096,-4.24,-0.91,0.12,193.12,-5.226,-1.391,39.0187038,-104.8935098,2175.02,4.05,,29,,,,4.337,,-0.12,,-0.941438,-1.088538,-9.98317,-0.089,-0.012,0.127,-76.0,57.0,485.0,15.346,10.38,37.0,98.0,22.75,,,,,,,,,,,,,,,,,,,,,2026-04-01 14:44:34,True,34.795,10.894,380.389,159.291
2026-04-08T16:57:45.975Z,2026-04-08T16:57:45.975Z,34.038,434,,,,,4.469071,-16.100114,-166.272352,-1.948057,0.916732,7.906818,39.0186941,-104.8935117,2175.26,15.087,-4.37,-0.93,0.11,193.86,-5.549,-1.469,39.0187038,-104.8935098,2175.02,4.05,,29,,,,4.468,,-0.11,,-1.147378,-0.951245,-9.83607,-0.033,0.016,0.137,-76.0,57.0,485.0,15.288,10.06,38.0,98.0,22.75,,,,,,,,,,,,,,,,,,,,,2026-04-01 14:44:34,True,34.818,10.901,380.72,153.797
2026-04-08T16:57:46.050Z,2026-04-08T16:57:46.050Z,34.113,435,,,,,4.239888,-16.214706,-165.871282,-1.48969,0.057296,7.792226,39.0186925,-104.8935122,2175.26,15.082,-4.42,-0.96,0.11,194.25,-5.727,-1.512,39.0187038,-104.8935098,2175.02,4.05,,29,,,,4.523,,-0.11,,-1.186605,-1.019892,-9.904716,-0.025,0.001,0.135,-77.0,54.0,486.0,15.288,10.06,38.0,98.0,23.0,,,,,,,,,,,,,,,,,,,,,2026-04-01 14:44:34,True,34.795,10.896,380.72,153.797
2026-04-08T16:57:46.119Z,2026-04-08T16:57:46.119Z,34.182,436,,,,,3.838817,-16.501184,-164.782662,0.458366,-2.750197,7.849522,39.018688,-104.8935136,2175.24,15.067,-4.62,-0.99,0.09,195.32,-6.227,-1.633,39.0186964,-104.8935121,2174.98,4.32,,29,,,,4.725,,-0.09,,-1.392544,-1.098345,-9.885103,0.007,-0.047,0.136,-74.0,54.0,486.0,15.288,10.06,38.0,98.0,22.75,,,,,,,,,,,,,,,,,,,,,2026-04-01 14:44:34,True,34.803,10.896,380.637,153.797
2026-04-08T16:57:46.185Z,2026-04-08T16:57:46.185Z,34.248,437,,,,,3.66693,-16.787663,-164.324296,1.833465,-3.953409,5.271212,39.0186855,-104.8935144,2175.23,15.056,-4.72,-1.01,0.09,195.75,-6.505,-1.702,39.0186964,-104.8935121,2174.98,4.32,,29,,,,4.827,,-0.09,,-1.294478,-1.314091,-9.963556,0.031,-0.068,0.091,-74.0,54.0,486.0,15.278,10.0,38.0,98.0,22.75,,,,,,,,,,,,,,,,,,,,,2026-04-01 14:44:34,True,34.803,10.901,380.72,152.78
2026-04-08T16:57:46.260Z,2026-04-08T16:57:46.260Z,34.323,438,,,,,3.66693,-16.902255,-164.152408,1.661578,-3.953409,4.411775,39.0186841,-104.8935148,2175.23,15.05,-4.75,-1.03,0.09,195.96,-6.661,-1.736,39.0186964,-104.8935121,2174.98,4.32,,29,,,,4.86,,-0.09,,-1.196411,-1.343511,-9.98317,0.029,-0.069,0.076,-71.0,54.0,486.0,15.278,10.0,38.0,98.0,22.75,,,,,,,,,,,,,,,,,,,,,2026-04-01 14:44:35,True,34.803,10.887,380.554,152.78
2026-04-08T16:57:46.334Z,2026-04-08T16:57:46.334Z,34.397,439,,,,,3.781521,-17.475213,-163.694042,0.974028,-5.901465,1.031324,39.0186792,-104.8935163,2175.21,15.032,-4.96,-1.05,0.08,196.29,-7.205,-1.866,39.0186885,-104.8935146,2174.94,4.65,,29,,,,5.07,,-0.08,,-1.470998,-0.529559,-10.07143,0.016,-0.102,0.017,-66.0,55.0,486.0,15.278,10.0,38.0,98.0,22.75,,,,,,,,,,,,,,,,,,,,,2026-04-01 14:44:35,True,34.803,10.896,380.72,152.78
2026-04-08T16:57:46.417Z,2026-04-08T16:57:46.417Z,34.48,440,,,,,3.838817,-17.933579,-163.694042,-0.286479,-5.328507,-1.031324,39.0186757,-104.8935174,2175.19,15.014,-5.1,-1.08,0.08,196.31,-7.595,-1.961,39.0186885,-104.8935146,2174.94,4.65,,29,,,,5.213,,-0.08,,-1.549451,-1.019892,-9.92433,-0.004,-0.092,-0.018,-62.0,56.0,488.0,15.278,10.0,38.0,98.0,22.75,,,,,,,,,,,,,,,,,,,,,2026-04-01 14:44:35,True,34.773,10.887,380.72,152.78
2026-04-08T16:57:46.494Z,2026-04-08T16:57:46.494Z,34.557,441,,,,,3.838817,-18.334649,-163.808634,0.057296,-5.672282,-3.093972,39.018672,-104.8935185,2175.18,15.001,-5.22,-1.12,0.06,196.15,-8.006,-2.056,39.0186885,-104.8935146,2174.94,4.65,,29,,,,5.339,,-0.06,,-1.78481,-1.255251,-9.963556,0.001,-0.099,-0.054,-62.0,56.0,488.0,15.278,10.0,38.0,98.0,22.75,,,,,,,,,,,,,,,,,,,,,2026-04-01 14:44:35,True,34.803,10.885,380.223,152.78
2026-04-08T16:57:46.564Z,2026-04-08T16:57:46.564Z,34.627,442,,,,,4.010705,-18.73572,-164.095113,-1.718873,-4.870141,-4.75555,39.018668,-104.8935197,2175.16,14.981,-5.37,-1.13,0.05,195.84,-8.451,-2.16,39.0186801,-104.8935171,2174.9,4.95,,29,,,,5.488,,-0.05,,-1.480804,-1.029698,-9.963556,-0.029,-0.084,-0.083,-56.0,56.0,488.0,15.195,11.57,39.0,98.0,23.0,,,,,,,,,,,,,,,,,,,,,2026-04-01 14:44:35,True,34.811,10.896,380.471,175.806
2026-04-08T16:57:46.642Z,2026-04-08T16:57:46.642Z,34.705,443,,,,,4.068,-18.964903,-164.324296,0.0,-4.297183,-4.698254,39.0186656,-104.8935205,2175.15,14.971,-5.47,-1.18,0.04,195.59,-8.718,-2.229,39.0186801,-104.8935171,2174.9,4.95,,29,,,,5.596,,-0.04,,-1.461191,-1.441578,-10.07143,0.0,-0.075,-0.082,-53.0,56.0,488.0,15.195,11.57,39.0,98.0,22.75,,,,,,,,,,,,,,,,,,,,,2026-04-01 14:44:35,True,34.788,10.892,380.968,175.806
2026-04-08T16:57:46.716Z,2026-04-08T16:57:46.716Z,34.779,444,,,,,4.411775,-19.423269,-164.839958,3.495043,-6.187944,-4.125296,39.0186605,-104.893522,2175.13,14.955,-5.66,-1.21,0.0,195.14,-9.285,-2.358,39.018671,-104.8935198,2174.88,5.37,,29,,,,5.788,,-0.0,,-1.294478,-1.157185,-10.247949,0.06,-0.107,-0.072,-49.0,55.0,489.0,15.195,11.57,39.0,98.0,22.75,,,,,,,,,,,,,,,,,,,,,2026-04-01 14:44:35,True,34.795,10.885,380.389,175.806
2026-04-08T16:57:46.784Z,2026-04-08T16:57:46.784Z,34.847,445,,,,,4.583662,-19.767044,-165.069141,1.08862,-4.812845,-3.036676,39.0186571,-104.893523,2175.12,14.946,-5.81,-1.22,0.0,194.9,-9.663,-2.445,39.018671,-104.8935198,2174.88,5.37,,29,,,,5.937,,-0.0,,-1.608291,-1.098345,-9.934136,0.019,-0.084,-0.053,-49.0,55.0,489.0,15.228,11.45,40.0,98.0,22.75,,,,,,,,,,,,,,,,,,,,,2026-04-01 14:44:35,True,34.811,10.901,380.72,174.361
2026-04-08T16:57:46.867Z,2026-04-08T16:57:46.867Z,34.93,446,,,,,4.526367,-19.881635,-165.126437,1.08862,-4.927437,-2.692902,39.0186553,-104.8935235,2175.12,14.941,-5.85,-1.25,0.0,194.82,-9.863,-2.488,39.018671,-104.8935198,2174.88,5.37,,29,,,,5.982,,-0.0,,-1.735777,-1.500417,-10.002783,0.019,-0.086,-0.047,-46.0,57.0,490.0,15.228,11.45,40.0,98.0,22.75,,,,,,,,,,,,,,,,,,,,,2026-04-01 14:44:35,True,34.795,10.887,380.637,174.361
2026-04-08T16:57:46.941Z,2026-04-08T16:57:46.941Z,35.004,447,,,,,4.640958,-20.569185,-165.470211,0.687549,-5.500395,-2.692902,39.018649,-104.8935253,2175.1,14.929,-6.09,-1.28,-0.02,194.49,-10.564,-2.644,39.0186612,-104.8935226,2174.85,5.7,,29,,,,6.223,,0.02,,-1.647517,-1.382738,-9.875297,0.012,-0.096,-0.047,-40.0,56.0,489.0,15.228,11.45,40.0,98.0,22.75,,,,,,,,,,,,,,,,,,,,,2026-04-01 14:44:35,True,34.78,10.896,380.471,174.361
2026-04-08T16:57:47.020Z,2026-04-08T16:57:47.020Z,35.083,448,,,,,4.927437,-20.741072,-165.699394,1.833465,-1.833465,-3.495043,39.0186444,-104.8935266,2175.1,14.922,-6.26,-1.31,-0.03,194.25,-11.075,-2.756,39.0186612,-104.8935226,2174.85,5.7,,29,,,,6.396,,0.03,,-1.882877,-1.343511,-9.992976,0.032,-0.031,-0.061,-36.0,56.0,490.0,15.228,11.45,40.0,98.0,23.0,,,,,,,,,,,,,,,,,,,,,2026-04-01 14:44:35,True,34.788,10.887,380.554,174.361
2026-04-08T16:57:47.097Z,2026-04-08T16:57:47.097Z,35.16,449,,,,,5.042029,-20.855664,-165.928577,0.0,0.057296,-3.265859,39.0186406,-104.8935277,2175.1,14.922,-6.42,-1.35,-0.06,194.02,-11.498,-2.851,39.0186612,-104.8935226,2174.85,5.7,,29,,,,6.56,,0.06,,-1.578871,-1.127765,-10.385242,0.0,0.001,-0.057,-36.0,56.0,490.0,15.228,11.45,40.0,98.0,23.0,,,,,,,,,,,,,,,,,,,,,2026-04-01 14:44:35,True,34.811,10.889,380.389,174.361
2026-04-08T16:57:47.172Z,2026-04-08T16:57:47.172Z,35.235,450,,,,,5.271212,-20.741072,-166.157761,2.349127,0.458366,-3.323155,39.0186358,-104.8935291,2175.1,14.92,-6.59,-1.39,-0.08,193.76,-12.031,-2.972,39.0186508,-104.8935256,2174.82,6.14,,29,,,,6.735,,0.08,,-1.78481,-0.706079,-10.091043,0.04,0.008,-0.058,-33.0,56.0,490.0,15.24,11.69,41.0,98.0,22.75,,,,,,,,,,,,,,,,,,,,,2026-04-01 14:44:35,True,34.818,10.899,380.389,178.156
2026-04-08T16:57:47.245Z,2026-04-08T16:57:47.245Z,35.308,451,,,,,5.443099,-20.741072,-166.329648,0.916732,0.515662,-3.437747,39.0186329,-104.89353,2175.1,14.921,-6.66,-1.42,-0.08,193.63,-12.354,-3.05,39.0186508,-104.8935256,2174.82,6.14,,29,,,,6.81,,0.08,,-1.578871,-1.470998,-10.10085,0.016,0.009,-0.06,-36.0,58.0,491.0,15.24,11.69,41.0,98.0,22.75,,,,,,,,,,,,,,,,,,,,,2026-04-01 14:44:36,True,34.811,10.889,380.554,178.156
2026-04-08T16:57:47.315Z,2026-04-08T16:57:47.315Z,35.378,452,,,,,5.614986,-20.626481,-166.558831,1.08862,0.114592,-2.062648,39.0186268,-104.8935317,2175.1,14.923,-6.86,-1.47,-0.1,193.44,-13.032,-3.196,39.0186396,-104.8935288,2174.82,6.52,,29,,,,7.016,,0.1,,-1.333704,-1.255251,-10.169496,0.019,0.002,-0.035,-36.0,59.0,490.0,15.24,11.69,41.0,98.0,22.75,,,,,,,,,,,,,,,,,,,,,2026-04-01 14:44:36,True,34.811,10.901,380.968,178.156
2026-04-08T16:57:47.379Z,2026-04-08T16:57:47.379Z,35.442,453,,,,,5.500395,-20.569185,-166.673423,-3.552338,0.0,-2.406423,39.0186226,-104.8935329,2175.1,14.927,-7.01,-1.47,-0.13,193.3,-13.499,-3.3,39.0186396,-104.8935288,2174.82,6.52,,29,,,,7.162,,0.13,,-1.647517,-1.480804,-10.247949,-0.061,0.0,-0.042,-36.0,59.0,490.0,15.24,11.31,42.0,98.0,23.0,,,,,,,,,,,,,,,,,,,,,2026-04-01 14:44:36,True,34.826,10.913,380.554,172.364
2026-04-08T16:57:47.458Z,2026-04-08T16:57:47.458Z,35.521,454,,,,,5.385803,-20.569185,-166.730718,-1.260507,0.687549,-2.062648,39.0186206,-104.8935335,2175.1,14.929,-7.05,-1.51,-0.13,193.25,-13.721,-3.352,39.0186396,-104.8935288,2174.82,6.52,,29,,,,7.21,,0.13,,-1.686744,-1.520031,-10.149883,-0.022,0.011,-0.036,-37.0,59.0,490.0,15.24,11.31,42.0,98.0,22.75,,,,,,,,,,,,,,,,,,,,,2026-04-01 14:44:36,True,34.773,10.885,380.802,172.364
2026-04-08T16:57:47.536Z,2026-04-08T16:57:47.536Z,35.599,455,,,,,6.016057,-20.454593,-166.902606,6.187944,-1.375099,-0.744845,39.0186135,-104.8935354,2175.12,14.942,-7.25,-1.53,-0.14,193.1,-14.511,-3.516,39.0186277,-104.8935321,2174.85,6.88,,29,,,,7.41,,0.14,,-1.853457,-1.470998,-9.581097,0.107,-0.023,-0.013,-39.0,59.0,491.0,15.24,11.31,42.0,98.0,22.75,,,,,,,,,,,,,,,,,,,,,2026-04-01 14:44:36,True,34.803,10.889,380.554,172.364
2026-04-08T16:57:47.607Z,2026-04-08T16:57:47.607Z,35.67,456,,,,,6.417127,-20.569185,-166.959902,4.583662,-3.380451,0.343775,39.0186085,-104.8935368,2175.13,14.952,-7.4,-1.55,-0.12,193.05,-15.067,-3.637,39.0186277,-104.8935321,2174.85,6.88,,29,,,,7.561,,0.12,,-2.039783,-1.431771,-9.355544,0.079,-0.058,0.005,-39.0,64.0,491.0,15.24,11.31,42.0,98.0,23.0,,,,,,,,,,,,,,,,,,,,,2026-04-01 14:44:36,True,34.818,10.904,380.72,172.364
2026-04-08T16:57:47.677Z,2026-04-08T16:57:47.677Z,35.74,457,,,,,6.875494,-20.855664,-166.902606,5.328507,-2.635606,1.833465,39.0186036,-104.8935381,2175.14,14.962,-7.49,-1.56,-0.11,193.11,-15.612,-3.749,39.0186277,-104.8935321,2174.85,6.88,,29,,,,7.651,,0.11,,-2.059396,-1.500417,-9.316318,0.092,-0.046,0.031,-39.0,64.0,491.0,15.24,11.31,42.0,98.0,22.75,,,,,,,,,,,,,,,,,,,,,2026-04-01 14:44:36,True,34.826,10.894,380.72,172.364
2026-04-08T16:57:47.748Z,2026-04-08T16:57:47.748Z,35.811,458,,,,,7.104677,-20.798368,-166.730718,5.443099,1.317803,2.807493,39.0185991,-104.8935393,2175.14,14.967,-7.62,-1.6,-0.1,193.31,-16.112,-3.853,39.0186152,-104.8935354,2174.84,7.25,,29,,,,7.786,,0.1,,-2.07901,-1.157185,-9.679164,0.095,0.022,0.048,-35.0,67.0,490.0,15.263,11.04,43.0,98.0,23.0,,,,,,,,,,,,,,,,,,,,,2026-04-01 14:44:36,True,34.818,10.894,380.637,168.504
2026-04-08T16:57:47.819Z,2026-04-08T16:57:47.819Z,35.882,459,,,,,7.448451,-20.741072,-166.501535,7.33386,2.234535,2.521014,39.0185941,-104.8935407,2175.15,14.974,-7.72,-1.65,-0.1,193.5,-16.668,-3.974,39.0186152,-104.8935354,2174.84,7.25,,29,,,,7.894,,0.1,,-1.627904,-1.529837,-9.620324,0.127,0.038,0.044,-35.0,73.0,490.0,15.263,11.04,43.0,98.0,22.75,,,,,,,,,,,,,,,,,,,,,2026-04-01 14:44:36,True,34.818,10.896,380.802,168.504
2026-04-08T16:57:47.891Z,2026-04-08T16:57:47.891Z,35.954,460,,,,,7.73493,-20.511889,-166.329648,0.744845,5.84417,2.463719,39.0185894,-104.893542,2175.16,14.981,-7.82,-1.66,-0.1,193.72,-17.191,-4.086,39.0186152,-104.8935354,2174.84,7.25,,29,,,,7.994,,0.1,,-2.16727,-1.421964,-9.63013,0.013,0.101,0.043,-35.0,73.0,490.0,15.263,11.04,43.0,98.0,22.75,,,,,,,,,,,,,,,,,,,,,2026-04-01 14:44:36,True,34.818,10.904,380.968,168.504
2026-04-08T16:57:47.962Z,2026-04-08T16:57:47.962Z,36.025,461,,,,,7.964113,-20.397298,-166.043169,2.922085,0.744845,2.349127,39.0185836,-104.8935436,2175.16,14.989,-7.94,-1.72,-0.1,194.01,-17.836,-4.225,39.0186021,-104.893539,2174.85,7.56,,29,,,,8.124,,0.1,,-1.833844,-1.147378,-9.757617,0.051,0.013,0.04,-37.0,79.0,488.0,15.338,9.84,44.0,98.0,23.0,,,,,,,,,,,,,,,,,,,,,2026-04-01 14:44:36,True,34.811,10.904,380.306,150.926
2026-04-08T16:57:48.046Z,2026-04-08T16:57:48.046Z,36.109,462,,,,,7.906818,-20.340002,-165.928577,1.375099,0.974028,1.260507,39.01858,-104.8935447,2175.17,14.994,-8.01,-1.77,-0.1,194.08,-18.236,-4.32,39.0186021,-104.893539,2174.85,7.56,,29,,,,8.203,,0.1,,-2.098623,-1.392544,-9.51245,0.023,0.017,0.021,-40.0,81.0,488.0,15.338,9.84,44.0,98.0,22.75,,,,,,,,,,,,,,,,,,,,,2026-04-01 14:44:36,True,34.788,10.894,381.051,150.926
2026-04-08T16:57:48.120Z,2026-04-08T16:57:48.120Z,36.183,463,,,,,8.193296,-20.22541,-165.871282,0.343775,0.630254,0.572958,39.0185728,-104.8935467,2175.18,15.008,-8.14,-1.82,-0.09,194.16,-19.037,-4.492,39.0185885,-104.8935429,2174.86,7.89,,29,,,,8.341,,0.09,,-2.128043,-0.813952,-9.492837,0.006,0.01,0.009,-40.0,84.0,488.0,15.338,9.84,44.0,98.0,22.75,,,,,,,,,,,,,,,,,,,,,2026-04-01 14:44:36,True,34.803,10.901,380.554,150.926
2026-04-08T16:57:48.187Z,2026-04-08T16:57:48.187Z,36.25,464,,,,,8.078705,-20.282706,-165.813986,-1.546986,-2.17724,-0.458366,39.0185679,-104.8935482,2175.19,15.017,-8.23,-1.87,-0.07,194.17,-19.581,-4.622,39.0185885,-104.8935429,2174.86,7.89,,29,,,,8.44,,0.07,,-1.716164,-1.098345,-9.473224,-0.027,-0.037,-0.008,-40.0,84.0,488.0,15.339,9.81,44.0,98.0,22.75,,,,,,,,,,,,,,,,,,,,,2026-04-01 14:44:36,True,34.818,10.904,380.637,150.476
2026-04-08T16:57:48.268Z,2026-04-08T16:57:48.268Z,36.331,465,,,,,7.964113,-20.397298,-165.871282,-5.385803,-4.984733,-2.062648,39.0185656,-104.8935489,2175.2,15.022,-8.25,-1.88,-0.07,194.09,-19.837,-4.682,39.0185885,-104.8935429,2174.86,7.89,,29,,,,8.461,,0.07,,-1.87307,-1.343511,-9.483031,-0.094,-0.087,-0.036,-41.0,84.0,488.0,15.339,9.81,44.0,98.0,23.0,,,,,,,,,,,,,,,,,,,,,2026-04-01 14:44:37,True,34.795,10.892,380.637,150.476
2026-04-08T16:57:48.341Z,2026-04-08T16:57:48.341Z,36.404,466,,,,,7.677634,-20.91296,-166.157761,-2.807493,-2.119944,-1.48969,39.0185569,-104.8935515,2175.2,15.027,-8.41,-1.95,-0.02,193.8,-20.805,-4.907,39.0185744,-104.893547,2174.86,8.16,,29,,,,8.633,,0.02,,-2.157463,-1.304284,-9.414384,-0.049,-0.036,-0.026,-36.0,81.0,489.0,15.339,9.81,44.0,98.0,22.75,,,,,,,,,,,,,,,,,,,,,2026-04-01 14:44:37,True,34.795,10.899,380.802,150.476
2026-04-08T16:57:48.416Z,2026-04-08T16:57:48.416Z,36.479,467,,,,,7.792226,-20.91296,-166.272352,1.890761,1.833465,-0.286479,39.0185517,-104.8935531,2175.2,15.026,-8.52,-1.99,0.0,193.76,-21.383,-5.045,39.0185744,-104.893547,2174.86,8.16,,29,,,,8.749,,-0.0,,-2.412436,-1.304284,-9.326124,0.033,0.032,-0.005,-33.0,79.0,488.0,15.339,9.81,44.0,98.0,22.75,,,,,,,,,,,,,,,,,,,,,2026-04-01 14:44:37,True,34.818,10.896,380.389,150.476
2026-04-08T16:57:48.494Z,2026-04-08T16:57:48.494Z,36.557,468,,,,,7.677634,-20.511889,-166.272352,-3.208564,3.380451,-1.546986,39.0185456,-104.893555,2175.2,15.024,-8.61,-2.04,0.01,193.75,-22.061,-5.209,39.0185744,-104.893547,2174.86,8.16,,29,,,,8.848,,-0.01,,-2.333983,-1.196411,-9.365351,-0.055,0.058,-0.027,-33.0,79.0,488.0,15.339,9.81,44.0,98.0,22.75,,,,,,,,,,,,,,,,,,,,,2026-04-01 14:44:37,True,34.795,10.894,380.968,150.476
2026-04-08T16:57:48.566Z,2026-04-08T16:57:48.566Z,36.629,469,,,,,7.563043,-20.397298,-166.329648,-1.317803,4.411775,-1.776169,39.0185392,-104.893557,2175.19,15.015,-8.7,-2.08,0.04,193.64,-22.773,-5.382,39.0185597,-104.8935513,2174.84,8.51,,29,,,,8.945,,-0.04,,-2.186883,-1.520031,-9.110378,-0.023,0.076,-0.031,-35.0,79.0,487.0,15.18,11.99,46.0,98.0,23.0,,,,,,,,,,,,,,,,,,,,,2026-04-01 14:44:37,True,34.811,10.896,380.885,182.008
2026-04-08T16:57:48.652Z,2026-04-08T16:57:48.652Z,36.715,470,,,,,7.620339,-20.110819,-166.444239,0.687549,3.552338,-2.062648,39.0185353,-104.8935582,2175.19,15.01,-8.75,-2.08,0.05,193.57,-23.206,-5.486,39.0185597,-104.8935513,2174.84,8.51,,29,,,,8.994,,-0.05,,-2.177076,-1.137571,-9.433997,0.011,0.061,-0.036,-38.0,77.0,487.0,15.18,11.99,46.0,98.0,22.75,,,,,,,,,,,,,,,,,,,,,2026-04-01 14:44:37,True,34.788,10.896,380.802,182.008
2026-04-08T16:57:48.725Z,2026-04-08T16:57:48.725Z,36.788,471,,,,,7.161972,-19.595157,-166.616127,-5.557691,6.474423,-3.093972,39.0185267,-104.8935609,2175.18,15.002,-8.87,-2.14,0.04,193.38,-24.163,-5.719,39.0185445,-104.8935558,2174.83,8.72,,29,,,,9.124,,-0.04,,-2.216303,-1.78481,-9.767423,-0.096,0.112,-0.054,-39.0,75.0,486.0,15.18,11.99,46.0,98.0,22.75,,,,,,,,,,,,,,,,,,,,,2026-04-01 14:44:37,True,34.78,10.894,380.72,182.008
2026-04-08T16:57:48.792Z,2026-04-08T16:57:48.792Z,36.855,472,,,,,6.932789,-19.13679,-166.788014,-1.48969,6.760902,-3.380451,39.0185213,-104.8935626,2175.17,14.999,-8.97,-2.13,0.0,193.22,-24.763,-5.866,39.0185445,-104.8935558,2174.83,8.72,,29,,,,9.219,,-0.0,,-2.441856,-1.647517,-9.77723,-0.025,0.117,-0.059,-46.0,72.0,488.0,15.163,12.83,46.0,98.0,22.75,,,,,,,,,,,,,,,,,,,,,2026-04-01 14:44:37,True,34.811,10.906,381.134,194.541
2026-04-08T16:57:48.878Z,2026-04-08T16:57:48.878Z,36.941,473,,,,,6.932789,-19.022199,-166.788014,-1.08862,6.531719,-3.208564,39.0185195,-104.8935631,2175.17,14.998,-8.96,-2.14,0.0,193.16,-24.963,-5.909,39.0185445,-104.8935558,2174.83,8.72,,29,,,,9.212,,-0.0,,-2.235916,-1.627904,-10.081236,-0.018,0.113,-0.056,-46.0,72.0,488.0,15.163,12.83,46.0,98.0,23.0,,,,,,,,,,,,,,,,,,,,,2026-04-01 14:44:37,True,34.811,10.894,380.72,194.541
2026-04-08T16:57:48.952Z,2026-04-08T16:57:48.952Z,37.015,474,,,,,7.104677,-18.220058,-167.074493,-0.515662,4.411775,-2.062648,39.0185092,-104.8935663,2175.18,15.005,-9.07,-2.16,-0.01,192.94,-26.109,-6.186,39.018529,-104.8935605,2174.78,8.92,,29,,,,9.324,,0.01,,-2.736055,-1.304284,-9.68897,-0.009,0.076,-0.036,-52.0,71.0,489.0,15.251,11.35,47.0,98.0,23.0,,,,,,,,,,,,,,,,,,,,,2026-04-01 14:44:37,True,34.826,10.904,381.051,173.099
2026-04-08T16:57:49.029Z,2026-04-08T16:57:49.029Z,37.092,475,,,,,7.104677,-17.990875,-167.131789,-0.859437,2.692902,-1.776169,39.0185034,-104.8935681,2175.19,15.011,-9.13,-2.15,-0.04,192.85,-26.753,-6.341,39.018529,-104.8935605,2174.78,8.92,,29,,,,9.38,,0.04,,-2.343789,-1.392544,-9.68897,-0.015,0.046,-0.031,-58.0,71.0,488.0,15.251,11.35,47.0,98.0,23.0,,,,,,,,,,,,,,,,,,,,,2026-04-01 14:44:37,True,34.826,10.901,380.72,173.099
2026-04-08T16:57:49.107Z,2026-04-08T16:57:49.107Z,37.17,476,,,,,7.219268,-17.761692,-167.189085,2.864789,2.062648,-0.171887,39.018497,-104.89357,2175.2,15.02,-9.17,-2.18,-0.05,192.84,-27.465,-6.505,39.018529,-104.8935605,2174.78,8.92,,29,,,,9.426,,0.05,,-2.461469,-1.892683,-9.483031,0.05,0.035,-0.003,-60.0,71.0,487.0,15.251,11.35,47.0,98.0,22.75,,,,,,,,,,,,,,,,,,,,,2026-04-01 14:44:37,True,34.795,10.901,380.637,173.099
2026-04-08T16:57:49.181Z,2026-04-08T16:57:49.181Z,37.244,477,,,,,7.448451,-17.704396,-167.131789,3.265859,1.661578,0.630254,39.0184903,-104.8935721,2175.2,15.029,-9.22,-2.19,-0.04,192.91,-28.21,-6.687,39.0185132,-104.8935653,2174.78,9.04,,29,,,,9.477,,0.04,,-2.530116,-1.882877,-9.267284,0.057,0.028,0.01,-60.0,71.0,487.0,15.267,10.91,48.0,98.0,22.75,,,,,,,,,,,,,,,,,,,,,2026-04-01 14:44:37,True,34.818,10.894,380.885,166.563
2026-04-08T16:57:49.260Z,2026-04-08T16:57:49.260Z,37.323,478,,,,,7.505747,-17.589804,-167.074493,3.151268,4.239888,0.916732,39.0184871,-104.893573,2175.21,15.036,-9.21,-2.2,-0.04,192.98,-28.566,-6.764,39.0185132,-104.8935653,2174.78,9.04,,29,,,,9.469,,0.04,,-2.383016,-1.686744,-9.424191,0.054,0.073,0.015,-62.0,73.0,486.0,15.267,10.91,48.0,98.0,23.0,,,,,,,,,,,,,,,,,,,,,2026-04-01 14:44:38,True,34.803,10.896,381.051,166.563
2026-04-08T16:57:49.333Z,2026-04-08T16:57:49.333Z,37.396,479,,,,,7.448451,-17.24603,-166.84531,-4.182592,2.750197,1.375099,39.0184781,-104.8935758,2175.23,15.052,-9.28,-2.2,-0.09,193.18,-29.567,-7.006,39.0184972,-104.8935701,2174.75,9.23,,29,,,,9.537,,0.09,,-2.579149,-1.775004,-9.826263,-0.073,0.047,0.023,-64.0,76.0,486.0,15.267,10.91,48.0,98.0,22.75,,,,,,,,,,,,,,,,,,,,,2026-04-01 14:44:38,True,34.818,10.899,380.802,166.563
2026-04-08T16:57:49.409Z,2026-04-08T16:57:49.409Z,37.472,480,,,,,7.219268,-17.303325,-166.730718,1.031324,-3.838817,1.948057,39.0184718,-104.8935777,2175.24,15.068,-9.3,-2.2,-0.08,193.31,-30.267,-7.171,39.0184972,-104.8935701,2174.75,9.23,,29,,,,9.557,,0.08,,-2.579149,-1.000278,-8.884825,0.017,-0.067,0.033,-68.0,75.0,487.0,15.267,10.91,48.0,98.0,22.75,,,,,,,,,,,,,,,,,,,,,2026-04-01 14:44:38,True,34.795,10.892,381.134,166.563
2026-04-08T16:57:49.484Z,2026-04-08T16:57:49.484Z,37.547,481,,,,,7.620339,-17.303325,-166.616127,7.276564,4.354479,1.546986,39.0184658,-104.8935795,2175.26,15.081,-9.33,-2.21,-0.05,193.43,-30.934,-7.326,39.0184972,-104.8935701,2174.75,9.23,,29,,,,9.588,,0.05,,-2.902768,-0.980665,-8.914245,0.127,0.075,0.027,-68.0,75.0,487.0,15.267,10.91,48.0,98.0,23.0,,,,,,,,,,,,,,,,,,,,,2026-04-01 14:44:38,True,34.811,10.894,380.802,166.563
2026-04-08T16:57:49.553Z,2026-04-08T16:57:49.553Z,37.616,482,,,,,7.792226,-16.959551,-166.386944,3.609634,0.286479,3.093972,39.0184594,-104.8935815,2175.27,15.093,-9.35,-2.25,-0.04,193.68,-31.646,-7.499,39.0184808,-104.8935752,2174.73,9.35,,29,,,,9.617,,0.04,,-2.736055,-1.323898,-9.551677,0.063,0.004,0.053,-66.0,76.0,487.0,15.341,10.06,49.0,98.0,22.75,,,,,,,,,,,,,,,,,,,,,2026-04-01 14:44:38,True,34.826,10.906,380.968,154.33
2026-04-08T16:57:49.620Z,2026-04-08T16:57:49.620Z,37.683,483,,,,,8.021409,-17.016847,-166.215056,1.604282,-0.859437,2.17724,39.0184542,-104.8935831,2175.28,15.103,-9.35,-2.26,-0.03,193.85,-32.224,-7.637,39.0184808,-104.8935752,2174.73,9.35,,29,,,,9.619,,0.03,,-2.579149,-1.333704,-9.120184,0.028,-0.014,0.037,-68.0,81.0,487.0,15.341,10.06,49.0,98.0,23.0,,,,,,,,,,,,,,,,,,,,,2026-04-01 14:44:38,True,34.826,10.906,380.802,154.33
2026-04-08T16:57:49.691Z,2026-04-08T16:57:49.691Z,37.754,484,,,,,7.964113,-17.131438,-165.985873,-2.005352,-0.114592,3.380451,39.0184486,-104.8935849,2175.29,15.11,-9.36,-2.27,0.0,194.06,-32.847,-7.793,39.0184808,-104.8935752,2174.73,9.35,,29,,,,9.631,,-0.0,,-2.608569,-1.245445,-8.747532,-0.034,-0.002,0.058,-68.0,81.0,487.0,15.341,10.06,49.0,98.0,22.75,,,,,,,,,,,,,,,,,,,,,2026-04-01 14:44:38,True,34.818,10.906,381.051,154.33
2026-04-08T16:57:49.763Z,2026-04-08T16:57:49.763Z,37.826,485,,,,,7.505747,-17.360621,-165.699394,-3.724226,-3.781521,3.896113,39.0184417,-104.8935871,2175.29,15.11,-9.38,-2.29,0.04,194.34,-33.614,-7.983,39.0184644,-104.8935803,2174.71,9.4,,29,,,,9.655,,-0.04,,-2.745862,-1.539644,-8.963278,-0.064,-0.066,0.067,-66.0,82.0,485.0,15.21,11.0,49.0,98.0,23.0,,,,,,,,,,,,,,,,,,,,,2026-04-01 14:44:38,True,34.826,10.901,381.134,167.31
2026-04-08T16:57:49.835Z,2026-04-08T16:57:49.835Z,37.898,486,,,,,7.391156,-17.417917,-165.527507,-0.974028,-1.260507,3.323155,39.0184376,-104.8935884,2175.28,15.109,-9.39,-2.29,0.05,194.51,-34.07,-8.095,39.0184644,-104.8935803,2174.71,9.4,,29,,,,9.665,,-0.05,,-3.079288,-1.451384,-9.051538,-0.016,-0.022,0.057,-64.0,80.0,484.0,15.21,11.0,49.0,98.0,23.0,,,,,,,,,,,,,,,,,,,,,2026-04-01 14:44:38,True,34.795,10.901,380.72,167.31
2026-04-08T16:57:49.904Z,2026-04-08T16:57:49.904Z,37.967,487,,,,,7.104677,-17.475213,-165.241028,-1.718873,-0.916732,3.380451,39.0184302,-104.8935907,2175.28,15.106,-9.41,-2.29,0.05,194.79,-34.893,-8.294,39.0184478,-104.8935854,2174.67,9.42,,29,,,,9.685,,-0.05,,-2.824315,-1.529837,-9.228058,-0.029,-0.015,0.058,-61.0,79.0,485.0,15.21,11.0,49.0,98.0,22.75,,,,,,,,,,,,,,,,,,,,,2026-04-01 14:44:38,True,34.811,10.904,380.885,167.31
2026-04-08T16:57:49.970Z,2026-04-08T16:57:49.970Z,38.033,488,,,,,6.875494,-17.589804,-165.011845,-2.463719,-2.005352,3.380451,39.0184242,-104.8935926,2175.28,15.1,-9.43,-2.29,0.07,195.04,-35.56,-8.458,39.0184478,-104.8935854,2174.67,9.42,,29,,,,9.704,,-0.07,,-3.069481,-1.284671,-8.806372,-0.042,-0.035,0.058,-61.0,79.0,485.0,15.204,10.93,50.0,98.0,23.0,,,,,,,,,,,,,,,,,,,,,2026-04-01 14:44:38,True,34.841,10.904,381.051,166.18
2026-04-08T16:57:50.043Z,2026-04-08T16:57:50.043Z,38.106,489,,,,,6.760902,-17.704396,-164.897253,-1.604282,-2.406423,2.57831,39.0184209,-104.8935936,2175.27,15.096,-9.45,-2.3,0.09,195.14,-35.927,-8.544,39.0184478,-104.8935854,2174.67,9.42,,29,,,,9.726,,-0.09,,-2.981222,-1.618097,-9.061345,-0.028,-0.042,0.044,-61.0,78.0,484.0,15.204,10.93,50.0,98.0,22.75,,,,,,,,,,,,,,,,,,,,,2026-04-01 14:44:38,True,34.818,10.906,381.133,166.18
2026-04-08T16:57:50.113Z,2026-04-08T16:57:50.113Z,38.176,490,,,,,6.703606,-17.761692,-164.66807,-1.604282,0.515662,2.17724,39.0184125,-104.8935962,2175.26,15.089,-9.45,-2.3,0.08,195.39,-36.861,-8.769,39.0184312,-104.8935905,2174.6,9.54,,29,,,,9.726,,-0.08,,-2.608569,-1.539644,-9.60071,-0.027,0.008,0.038,-57.0,77.0,485.0,15.204,10.93,50.0,98.0,22.75,,,,,,,,,,,,,,,,,,,,,2026-04-01 14:44:38,True,34.833,10.896,380.554,166.18
2026-04-08T16:57:50.178Z,2026-04-08T16:57:50.178Z,38.241,491,,,,,6.531719,-17.589804,-164.438887,-3.036676,3.093972,2.291831,39.0184068,-104.893598,2175.26,15.085,-9.5,-2.3,0.05,195.59,-37.495,-8.924,39.0184312,-104.8935905,2174.6,9.54,,29,,,,9.774,,-0.05,,-2.804702,-1.166991,-9.71839,-0.053,0.054,0.039,-57.0,77.0,485.0,15.188,11.67,50.0,98.0,22.75,,,,,,,,,,,,,,,,,,,,,2026-04-01 14:44:38,True,34.811,10.913,380.72,177.244
2026-04-08T16:57:50.267Z,2026-04-08T16:57:50.267Z,38.33,492,,,,,6.417127,-17.589804,-164.381591,-2.692902,0.229183,2.406423,39.0184041,-104.8935988,2175.26,15.085,-9.51,-2.28,0.03,195.67,-37.795,-8.993,39.0184312,-104.8935905,2174.6,9.54,,29,,,,9.779,,-0.03,,-2.696829,-1.176798,-9.522257,-0.046,0.003,0.042,-58.0,75.0,485.0,15.188,11.67,50.0,98.0,22.75,,,,,,,,,,,,,,,,,,,,,2026-04-01 14:44:39,True,34.788,10.889,380.802,177.244
2026-04-08T16:57:50.340Z,2026-04-08T16:57:50.340Z,38.403,493,,,,,6.016057,-17.589804,-164.152408,-2.463719,2.463719,0.802141,39.0183941,-104.8936019,2175.26,15.085,-9.55,-2.26,0.01,195.85,-38.907,-9.261,39.0184143,-104.8935958,2174.54,9.67,,29,,,,9.814,,-0.01,,-2.608569,-1.353318,-9.581097,-0.043,0.042,0.013,-58.0,74.0,486.0,15.188,11.67,50.0,98.0,23.0,,,,,,,,,,,,,,,,,,,,,2026-04-01 14:44:39,True,34.811,10.899,381.216,177.244
2026-04-08T16:57:50.414Z,2026-04-08T16:57:50.414Z,38.477,494,,,,,6.24524,-17.016847,-164.037817,4.239888,11.631043,-0.057296,39.0183882,-104.8936037,2175.27,15.089,-9.56,-2.27,-0.02,195.95,-39.563,-9.417,39.0184143,-104.8935958,2174.54,9.67,,29,,,,9.826,,0.02,,-2.961608,-1.117958,-10.502922,0.073,0.202,-0.001,-62.0,73.0,487.0,15.188,11.67,50.0,98.0,22.75,,,,,,,,,,,,,,,,,,,,,2026-04-01 14:44:39,True,34.818,10.899,380.968,177.244
2026-04-08T16:57:50.487Z,2026-04-08T16:57:50.487Z,38.55,495,,,,,6.818198,-16.042818,-164.152408,11.745635,13.922874,-3.552338,39.0183814,-104.8936058,2175.28,15.102,-9.56,-2.3,-0.12,195.86,-40.319,-9.598,39.0184143,-104.8935958,2174.54,9.67,,29,,,,9.833,,0.12,,-3.040062,-1.078732,-10.247949,0.205,0.242,-0.062,-62.0,73.0,487.0,15.188,11.67,50.0,98.0,22.75,,,,,,,,,,,,,,,,,,,,,2026-04-01 14:44:39,True,34.833,10.899,380.802,177.244
2026-04-08T16:57:50.559Z,2026-04-08T16:57:50.559Z,38.622,496,,,,,7.505747,-14.839607,-164.438887,4.526367,15.06879,-7.73493,39.0183754,-104.8936077,2175.29,15.118,-9.55,-2.32,-0.16,195.52,-40.986,-9.762,39.0183973,-104.8936011,2174.51,9.69,,29,,,,9.828,,0.16,,-2.951802,-1.049312,-9.98317,0.079,0.262,-0.135,-71.0,79.0,487.0,15.643,5.75,51.0,98.0,22.75,,,,,,,,,,,,,,,,,,,,,2026-04-01 14:44:39,True,34.818,10.901,381.134,89.947
2026-04-08T16:57:50.635Z,2026-04-08T16:57:50.635Z,38.698,497,,,,,7.391156,-14.266649,-164.897253,-4.583662,4.526367,-9.740283,39.0183701,-104.8936094,2175.31,15.136,-9.54,-2.36,-0.17,194.98,-41.576,-9.909,39.0183973,-104.8936011,2174.51,9.69,,29,,,,9.828,,0.17,,-2.569342,-1.314091,-9.551677,-0.079,0.078,-0.17,-87.0,86.0,486.0,15.643,5.75,51.0,98.0,22.75,,,,,,,,,,,,,,,,,,,,,2026-04-01 14:44:39,True,34.811,10.894,380.885,89.947
2026-04-08T16:57:50.707Z,2026-04-08T16:57:50.707Z,38.77,498,,,,,7.563043,-15.355269,-165.928577,-0.057296,-22.689129,-9.167325,39.0183626,-104.8936118,2175.34,15.163,-9.52,-2.39,-0.11,193.95,-42.41,-10.116,39.0183804,-104.8936064,2174.51,9.66,,29,,,,9.815,,0.11,,-2.520309,-0.912018,-8.257199,0.0,-0.396,-0.16,-90.0,83.0,485.0,15.643,5.75,51.0,98.0,23.0,,,,,,,,,,,,,,,,,,,,,2026-04-01 14:44:39,True,34.818,10.896,381.134,89.947
2026-04-08T16:57:50.777Z,2026-04-08T16:57:50.777Z,38.84,499,,,,,8.136001,-17.016847,-166.84531,6.818198,-23.49127,-7.505747,39.0183565,-104.8936138,2175.35,15.177,-9.52,-2.4,-0.01,193.06,-43.088,-10.289,39.0183804,-104.8936064,2174.51,9.66,,29,,,,9.818,,0.01,,-2.863542,-0.813952,-7.864933,0.119,-0.41,-0.131,-90.0,83.0,485.0,15.55,6.04,52.0,98.0,22.75,,,,,,,,,,,,,,,,,,,,,2026-04-01 14:44:39,True,34.811,10.901,380.885,93.922
2026-04-08T16:57:50.866Z,2026-04-08T16:57:50.866Z,38.929,500,,,,,8.250592,-17.818987,-167.24638,-2.463719,-20.855664,-6.760902,39.0183531,-104.8936149,2175.36,15.185,-9.51,-2.4,0.01,192.65,-43.466,-10.384,39.0183804,-104.8936064,2174.51,9.66,,29,,,,9.808,,-0.01,,-2.520309,-1.206218,-8.012033,-0.043,-0.364,-0.117,-73.0,82.0,487.0,15.55,6.04,52.0,98.0,23.0,,,,,,,,,,,,,,,,,,,,,2026-04-01 14:44:39,True,34.811,10.899,380.72,93.922
2026-04-08T16:57:50.941Z,2026-04-08T16:57:50.941Z,39.004,501,,,,,7.505747,-19.13679,-168.048521,-1.948057,-8.766254,-5.385803,39.0183432,-104.8936182,2175.37,15.192,-9.53,-2.44,0.06,191.9,-44.567,-10.669,39.0183635,-104.893612,2174.46,9.62,,29,,,,9.837,,-0.06,,-2.628182,-1.520031,-9.061345,-0.033,-0.153,-0.094,-53.0,78.0,487.0,15.55,6.04,52.0,98.0,22.75,,,,,,,,,,,,,,,,,,,,,2026-04-01 14:44:39,True,34.818,10.899,381.134,93.922
2026-04-08T16:57:51.015Z,2026-04-08T16:57:51.015Z,39.078,502,,,,,6.875494,-19.365973,-168.449592,-13.464508,-0.859437,-1.948057,39.0183362,-104.8936206,2175.36,15.184,-9.58,-2.48,0.11,191.55,-45.345,-10.877,39.0183635,-104.893612,2174.46,9.62,,29,,,,9.896,,-0.11,,-2.765475,-1.216025,-9.149604,-0.235,-0.015,-0.034,-48.0,71.0,491.0,15.55,6.04,52.0,98.0,23.0,,,,,,,,,,,,,,,,,,,,,2026-04-01 14:44:39,True,34.811,10.899,380.637,93.922
2026-04-08T16:57:51.092Z,2026-04-08T16:57:51.092Z,39.155,503,,,,,6.818198,-18.850311,-168.449592,2.463719,6.24524,-0.687549,39.0183305,-104.8936226,2175.35,15.179,-9.62,-2.51,0.11,191.53,-45.979,-11.05,39.0183635,-104.893612,2174.46,9.62,,29,,,,9.942,,-0.11,,-2.343789,-1.392544,-9.414384,0.043,0.108,-0.012,-48.0,71.0,491.0,15.55,6.04,52.0,98.0,22.75,,,,,,,,,,,,,,,,,,,,,2026-04-01 14:44:39,True,34.811,10.899,380.885,93.922
2026-04-08T16:57:51.165Z,2026-04-08T16:57:51.165Z,39.228,504,,,,,6.016057,-18.506537,-168.335,-16.042818,3.495043,3.208564,39.0183234,-104.893625,2175.34,15.167,-9.68,-2.5,0.12,191.75,-46.769,-11.257,39.0183466,-104.8936177,2174.42,9.78,,29,,,,9.998,,-0.12,,-2.696829,-0.872792,-9.159411,-0.279,0.06,0.055,-47.0,64.0,492.0,15.335,9.79,53.0,98.0,22.75,,,,,,,,,,,,,,,,,,,,,2026-04-01 14:44:39,True,34.833,10.906,380.885,150.13
2026-04-08T16:57:51.244Z,2026-04-08T16:57:51.244Z,39.307,505,,,,,5.271212,-18.506537,-168.105817,-13.006142,0.286479,3.552338,39.0183191,-104.8936265,2175.33,15.158,-9.68,-2.52,0.16,191.95,-47.247,-11.386,39.0183466,-104.8936177,2174.42,9.78,,29,,,,10.003,,-0.16,,-2.373209,-1.490611,-8.904438,-0.227,0.004,0.061,-52.0,58.0,491.0,15.335,9.79,53.0,98.0,22.75,,,,,,,,,,,,,,,,,,,,,2026-04-01 14:44:40,True,34.818,10.892,381.134,150.13
2026-04-08T16:57:51.318Z,2026-04-08T16:57:51.318Z,39.381,506,,,,,3.953409,-18.162762,-167.647451,-13.693691,7.620339,4.297183,39.0183104,-104.8936294,2175.31,15.135,-9.76,-2.47,0.16,192.4,-48.214,-11.637,39.0183293,-104.8936234,2174.36,9.97,,29,,,,10.068,,-0.16,,-2.892962,-1.274864,-9.787037,-0.238,0.132,0.074,-50.0,47.0,489.0,15.335,9.79,53.0,98.0,22.75,,,,,,,,,,,,,,,,,,,,,2026-04-01 14:44:40,True,34.811,10.899,380.885,150.13
2026-04-08T16:57:51.392Z,2026-04-08T16:57:51.392Z,39.455,507,,,,,3.609634,-17.24603,-167.303676,2.406423,14.323945,3.208564,39.0183045,-104.8936313,2175.3,15.121,-9.79,-2.46,0.1,192.71,-48.87,-11.801,39.0183293,-104.8936234,2174.36,9.97,,29,,,,10.094,,-0.1,,-2.941995,-1.166991,-10.218529,0.042,0.249,0.055,-50.0,47.0,489.0,15.242,11.68,53.0,98.0,22.75,,,,,,,,,,,,,,,,,,,,,2026-04-01 14:44:40,True,34.826,10.901,380.968,178.027
2026-04-08T16:57:51.477Z,2026-04-08T16:57:51.477Z,39.54,508,,,,,3.724226,-16.902255,-167.24638,6.703606,14.725015,2.005352,39.0183017,-104.8936322,2175.29,15.116,-9.81,-2.45,0.07,192.8,-49.182,-11.879,39.0183293,-104.8936234,2174.36,9.97,,29,,,,10.111,,-0.07,,-2.912575,-1.274864,-10.159689,0.116,0.257,0.035,-59.0,40.0,491.0,15.242,11.68,53.0,98.0,22.75,,,,,,,,,,,,,,,,,,,,,2026-04-01 14:44:40,True,34.788,10.904,380.885,178.027
2026-04-08T16:57:51.551Z,2026-04-08T16:57:51.551Z,39.614,509,,,,,4.354479,-15.355269,-167.017197,2.635606,6.016057,0.343775,39.0182904,-104.8936357,2175.28,15.109,-9.85,-2.39,0.03,193.01,-50.438,-12.181,39.0183119,-104.893629,2174.34,9.88,,29,,,,10.136,,-0.03,,-2.745862,-1.500417,-9.532064,0.045,0.104,0.005,-72.0,45.0,490.0,15.447,7.87,54.0,98.0,22.75,,,,,,,,,,,,,,,,,,,,,2026-04-01 14:44:40,True,34.826,10.899,381.382,121.568
2026-04-08T16:57:51.625Z,2026-04-08T16:57:51.625Z,39.688,510,,,,,4.640958,-15.46986,-166.959902,6.703606,-2.750197,0.114592,39.018284,-104.8936377,2175.28,15.106,-9.85,-2.32,0.06,193.06,-51.15,-12.354,39.0183119,-104.893629,2174.34,9.88,,29,,,,10.12,,-0.06,,-2.490889,-1.176798,-9.120184,0.117,-0.048,0.001,-80.0,49.0,488.0,15.447,7.87,54.0,98.0,22.75,,,,,,,,,,,,,,,,,,,,,2026-04-01 14:44:40,True,34.803,10.899,380.968,121.568
2026-04-08T16:57:51.702Z,2026-04-08T16:57:51.702Z,39.765,511,,,,,5.385803,-15.641748,-166.959902,8.594367,-2.807493,-0.114592,39.0182772,-104.8936397,2175.28,15.103,-9.86,-2.28,0.08,193.05,-51.906,-12.527,39.0182943,-104.8936345,2174.27,10.16,,29,,,,10.12,,-0.08,,-2.618376,-1.108151,-9.267284,0.149,-0.049,-0.001,-77.0,54.0,487.0,15.447,7.87,54.0,98.0,22.75,,,,,,,,,,,,,,,,,,,,,2026-04-01 14:44:40,True,34.818,10.906,381.134,121.568
2026-04-08T16:57:51.771Z,2026-04-08T16:57:51.771Z,39.834,512,,,,,5.958761,-15.756339,-166.902606,6.474423,0.286479,1.031324,39.0182699,-104.8936419,2175.27,15.096,-9.85,-2.28,0.09,193.13,-52.718,-12.717,39.0182943,-104.8936345,2174.27,10.16,,29,,,,10.11,,-0.09,,-3.049868,-1.608291,-9.443804,0.113,0.004,0.017,-77.0,54.0,487.0,15.261,10.95,55.0,98.0,22.75,,,,,,,,,,,,,,,,,,,,,2026-04-01 14:44:40,True,34.826,10.904,380.968,167.108
2026-04-08T16:57:51.853Z,2026-04-08T16:57:51.853Z,39.916,513,,,,,6.24524,-15.699044,-166.84531,6.130648,2.57831,0.744845,39.0182663,-104.8936429,2175.27,15.092,-9.86,-2.27,0.07,193.17,-53.118,-12.803,39.0182943,-104.8936345,2174.27,10.16,,29,,,,10.118,,-0.07,,-2.892962,-1.343511,-9.463417,0.107,0.044,0.012,-75.0,61.0,486.0,15.261,10.95,55.0,98.0,22.75,,,,,,,,,,,,,,,,,,,,,2026-04-01 14:44:40,True,34.803,10.899,381.382,167.108
2026-04-08T16:57:51.926Z,2026-04-08T16:57:51.926Z,39.989,514,,,,,6.703606,-15.412565,-166.673423,6.589015,2.692902,0.630254,39.0182566,-104.8936457,2175.26,15.083,-9.85,-2.24,0.05,193.34,-54.196,-13.045,39.0182766,-104.8936399,2174.22,10.0,,29,,,,10.101,,-0.05,,-2.922382,-1.81423,-9.404577,0.115,0.046,0.01,-76.0,66.0,485.0,15.261,10.95,55.0,98.0,22.75,,,,,,,,,,,,,,,,,,,,,2026-04-01 14:44:40,True,34.833,10.901,380.72,167.108
2026-04-08T16:57:51.998Z,2026-04-08T16:57:51.998Z,40.061,515,,,,,7.104677,-15.183382,-166.558831,4.698254,3.380451,1.260507,39.0182506,-104.8936474,2175.25,15.075,-9.83,-2.22,0.05,193.48,-54.864,-13.192,39.0182766,-104.8936399,2174.22,10.0,,29,,,,10.078,,-0.05,,-2.902768,-1.608291,-9.473224,0.081,0.058,0.021,-79.0,72.0,485.0,15.28,10.63,55.0,98.0,22.75,,,,,,,,,,,,,,,,,,,,,2026-04-01 14:44:40,True,34.864,10.896,380.802,162.426
2026-04-08T16:57:52.083Z,2026-04-08T16:57:52.083Z,40.146,516,,,,,7.219268,-15.183382,-166.501535,3.151268,2.463719,2.005352,39.0182486,-104.893648,2175.25,15.072,-9.84,-2.22,0.04,193.54,-55.086,-13.244,39.0182766,-104.8936399,2174.22,10.0,,29,,,,10.087,,-0.04,,-2.804702,-1.441578,-9.60071,0.055,0.042,0.034,-79.0,72.0,485.0,15.28,10.63,55.0,98.0,22.75,,,,,,,,,,,,,,,,,,,,,2026-04-01 14:44:40,True,34.818,10.892,381.299,162.426
2026-04-08T16:57:52.155Z,2026-04-08T16:57:52.155Z,40.218,517,,,,,7.620339,-15.126086,-166.215056,5.729578,1.317803,2.119944,39.0182365,-104.8936515,2175.24,15.06,-9.82,-2.22,0.04,193.8,-56.431,-13.546,39.018259,-104.8936452,2174.14,10.1,,29,,,,10.068,,-0.04,,-2.765475,-1.637711,-9.453611,0.1,0.022,0.036,-80.0,76.0,482.0,15.24,11.1,56.0,98.0,23.0,,,,,,,,,,,,,,,,,,,,,2026-04-01 14:44:40,True,34.833,10.906,381.134,169.164
2026-04-08T16:57:52.234Z,2026-04-08T16:57:52.234Z,40.297,518,,,,,7.792226,-14.896903,-166.100465,3.208564,2.807493,1.890761,39.018231,-104.8936532,2175.23,15.055,-9.82,-2.22,0.02,193.93,-57.043,-13.693,39.018259,-104.8936452,2174.14,10.1,,29,,,,10.068,,-0.02,,-2.951802,-1.529837,-9.532064,0.055,0.048,0.033,-80.0,80.0,482.0,15.24,11.1,56.0,98.0,23.0,,,,,,,,,,,,,,,,,,,,,2026-04-01 14:44:40,True,34.833,10.894,381.134,169.164
2026-04-08T16:57:52.308Z,2026-04-08T16:57:52.308Z,40.371,519,,,,,7.849522,-14.782311,-165.871282,-1.890761,2.406423,3.437747,39.0182233,-104.8936555,2175.23,15.053,-9.8,-2.23,0.0,194.17,-57.899,-13.892,39.0182414,-104.8936506,2174.1,9.89,,29,,,,10.051,,-0.0,,-2.677215,-1.088538,-9.698777,-0.032,0.041,0.059,-81.0,82.0,481.0,15.24,11.1,56.0,98.0,22.75,,,,,,,,,,,,,,,,,,,,,2026-04-01 14:44:41,True,34.833,10.911,380.885,169.164
2026-04-08T16:57:52.376Z,2026-04-08T16:57:52.376Z,40.439,520,,,,,7.677634,-14.66772,-165.642099,-2.062648,3.323155,3.437747,39.0182169,-104.8936574,2175.23,15.051,-9.78,-2.25,0.0,194.41,-58.611,-14.056,39.0182414,-104.8936506,2174.1,9.89,,29,,,,10.035,,-0.0,,-2.883155,-1.225831,-9.54187,-0.035,0.057,0.059,-81.0,82.0,481.0,15.265,10.55,56.0,98.0,22.75,,,,,,,,,,,,,,,,,,,,,2026-04-01 14:44:41,True,34.826,10.904,380.885,161.046
2026-04-08T16:57:52.451Z,2026-04-08T16:57:52.451Z,40.514,521,,,,,7.505747,-14.553128,-165.470211,-2.291831,2.406423,4.182592,39.0182134,-104.8936584,2175.23,15.051,-9.77,-2.25,-0.02,194.58,-59.0,-14.142,39.0182414,-104.8936506,2174.1,9.89,,29,,,,10.026,,0.02,,-2.883155,-1.549451,-9.57129,-0.04,0.041,0.073,-84.0,82.0,482.0,15.265,10.55,56.0,98.0,22.75,,,,,,,,,,,,,,,,,,,,,2026-04-01 14:44:41,True,34.818,10.908,381.051,161.046
2026-04-08T16:57:52.526Z,2026-04-08T16:57:52.526Z,40.589,522,,,,,7.391156,-14.725015,-165.126437,-0.458366,-1.546986,3.151268,39.0182038,-104.8936614,2175.23,15.055,-9.75,-2.27,-0.02,194.91,-60.067,-14.402,39.0182239,-104.8936558,2174.06,10.08,,29,,,,10.011,,0.02,,-2.716442,-1.225831,-9.277091,-0.007,-0.027,0.054,-83.0,81.0,482.0,15.265,10.55,56.0,98.0,22.75,,,,,,,,,,,,,,,,,,,,,2026-04-01 14:44:41,True,34.818,10.899,380.968,161.046
2026-04-08T16:57:52.598Z,2026-04-08T16:57:52.598Z,40.661,523,,,,,7.391156,-14.839607,-164.954549,0.229183,-0.458366,2.463719,39.0181979,-104.8936632,2175.23,15.056,-9.72,-2.24,-0.03,195.06,-60.724,-14.557,39.0182239,-104.8936558,2174.06,10.08,,29,,,,9.975,,0.03,,-2.765475,-0.961052,-9.473224,0.003,-0.008,0.042,-83.0,81.0,482.0,15.275,10.01,57.0,98.0,22.75,,,,,,,,,,,,,,,,,,,,,2026-04-01 14:44:41,True,34.848,10.906,381.216,152.903
2026-04-08T16:57:52.673Z,2026-04-08T16:57:52.673Z,40.736,524,,,,,7.33386,-14.839607,-164.954549,-0.057296,-0.687549,2.062648,39.0181959,-104.8936638,2175.23,15.056,-9.73,-2.27,-0.03,195.09,-60.946,-14.609,39.0182239,-104.8936558,2174.06,10.08,,29,,,,9.991,,0.03,,-3.020448,-1.510224,-9.522257,0.0,-0.012,0.035,-83.0,81.0,482.0,15.275,10.01,57.0,98.0,22.75,,,,,,,,,,,,,,,,,,,,,2026-04-01 14:44:41,True,34.848,10.901,381.051,152.903
2026-04-08T16:57:52.738Z,2026-04-08T16:57:52.738Z,40.801,525,,,,,7.391156,-14.725015,-164.782662,2.119944,0.114592,0.744845,39.0181848,-104.8936672,2175.24,15.062,-9.71,-2.29,-0.05,195.2,-62.18,-14.903,39.0182063,-104.8936611,2174.02,9.9,,29,,,,9.976,,0.05,,-2.922382,-1.382738,-9.502644,0.037,0.001,0.012,-81.0,82.0,481.0,15.275,10.01,57.0,98.0,22.75,,,,,,,,,,,,,,,,,,,,,2026-04-01 14:44:41,True,34.841,10.913,381.134,152.903
2026-04-08T16:57:52.807Z,2026-04-08T16:57:52.807Z,40.87,526,,,,,7.448451,-14.839607,-164.782662,0.114592,-0.40107,0.630254,39.0181796,-104.8936688,2175.24,15.065,-9.69,-2.29,-0.05,195.2,-62.758,-15.041,39.0182063,-104.8936611,2174.02,9.9,,29,,,,9.957,,0.05,,-2.608569,-1.225831,-9.414384,0.001,-0.007,0.01,-84.0,83.0,482.0,15.275,10.01,57.0,98.0,22.75,,,,,,,,,,,,,,,,,,,,,2026-04-01 14:44:41,True,34.826,10.908,381.299,152.903
2026-04-08T16:57:52.874Z,2026-04-08T16:57:52.874Z,40.937,527,,,,,7.33386,-14.954198,-164.839958,-2.17724,-3.781521,-0.458366,39.0181733,-104.8936708,2175.25,15.07,-9.66,-2.29,-0.05,195.15,-63.459,-15.214,39.0182063,-104.8936611,2174.02,9.9,,29,,,,9.928,,0.05,,-2.716442,-1.480804,-9.080958,-0.037,-0.066,-0.008,-84.0,83.0,482.0,15.275,10.01,57.0,98.0,22.75,,,,,,,,,,,,,,,,,,,,,2026-04-01 14:44:41,True,34.833,10.906,381.216,152.903
2026-04-08T16:57:52.941Z,2026-04-08T16:57:52.941Z,41.004,528,,,,,7.219268,-15.183382,-164.954549,-0.515662,-3.724226,-1.031324,39.0181675,-104.8936726,2175.25,15.072,-9.66,-2.31,-0.03,195.04,-64.104,-15.369,39.0181889,-104.8936665,2174.01,9.97,,29,,,,9.932,,0.03,,-2.824315,-1.500417,-9.306511,-0.009,-0.065,-0.018,-80.0,83.0,481.0,15.275,10.01,57.0,98.0,22.75,,,,,,,,,,,,,,,,,,,,,2026-04-01 14:44:41,True,34.833,10.913,381.465,152.903
2026-04-08T16:57:53.007Z,2026-04-08T16:57:53.007Z,41.07,529,,,,,7.276564,-15.46986,-165.069141,-0.0,-3.781521,-1.432394,39.0181614,-104.8936745,2175.25,15.076,-9.65,-2.3,-0.03,194.89,-64.782,-15.533,39.0181889,-104.8936665,2174.01,9.97,,29,,,,9.92,,0.03,,-2.363403,-1.108151,-9.277091,0.0,-0.066,-0.025,-78.0,81.0,483.0,15.275,10.01,57.0,98.0,22.75,,,,,,,,,,,,,,,,,,,,,2026-04-01 14:44:41,True,34.841,10.906,381.051,152.903
2026-04-08T16:57:53.086Z,2026-04-08T16:57:53.086Z,41.149,530,,,,,7.104677,-15.584452,-165.241028,-3.66693,-2.463719,-1.890761,39.018156,-104.8936762,2175.25,15.079,-9.64,-2.33,-0.01,194.76,-65.383,-15.68,39.0181889,-104.8936665,2174.01,9.97,,29,,,,9.918,,0.01,,-3.000835,-1.265058,-9.002505,-0.063,-0.043,-0.033,-78.0,81.0,483.0,15.275,10.01,57.0,98.0,23.0,,,,,,,,,,,,,,,,,,,,,2026-04-01 14:44:41,True,34.811,10.896,381.548,152.903
2026-04-08T16:57:53.156Z,2026-04-08T16:57:53.156Z,41.219,531,,,,,7.047381,-15.641748,-165.298324,-1.546986,1.432394,-0.343775,39.0181493,-104.8936783,2175.26,15.08,-9.62,-2.33,0.0,194.7,-66.128,-15.862,39.0181715,-104.8936719,2173.97,9.87,,29,,,,9.898,,-0.0,,-2.785089,-1.294478,-9.610517,-0.026,0.024,-0.006,-74.0,79.0,483.0,15.22,11.45,59.0,98.0,22.75,,,,,,,,,,,,,,,,,,,,,2026-04-01 14:44:41,True,34.848,10.904,381.051,174.269
2026-04-08T16:57:53.232Z,2026-04-08T16:57:53.232Z,41.295,532,,,,,6.932789,-15.527156,-165.298324,-0.114592,1.260507,-0.229183,39.0181439,-104.8936801,2175.26,15.08,-9.63,-2.33,-0.03,194.68,-66.728,-16.017,39.0181715,-104.8936719,2173.97,9.87,,29,,,,9.908,,0.03,,-2.951802,-1.108151,-9.365351,-0.001,0.021,-0.004,-74.0,78.0,484.0,15.22,11.45,59.0,98.0,22.75,,,,,,,,,,,,,,,,,,,,,2026-04-01 14:44:41,True,34.841,10.896,381.216,174.269
2026-04-08T16:57:53.303Z,2026-04-08T16:57:53.303Z,41.366,533,,,,,6.760902,-15.584452,-165.298324,-2.463719,-0.0,0.572958,39.0181364,-104.8936824,2175.26,15.082,-9.62,-2.31,-0.03,194.68,-67.562,-16.216,39.0181542,-104.8936773,2173.94,9.87,,29,,,,9.893,,0.03,,-2.628182,-1.363124,-9.394771,-0.043,0.0,0.009,-75.0,77.0,483.0,15.22,11.45,59.0,98.0,22.75,,,,,,,,,,,,,,,,,,,,,2026-04-01 14:44:42,True,34.833,10.908,381.216,174.269
2026-04-08T16:57:53.373Z,2026-04-08T16:57:53.373Z,41.436,534,,,,,6.531719,-15.756339,-165.35562,-3.781521,-3.781521,0.572958,39.0181302,-104.8936844,2175.26,15.081,-9.62,-2.33,-0.01,194.68,-68.251,-16.389,39.0181542,-104.8936773,2173.94,9.87,,29,,,,9.898,,0.01,,-2.559536,-1.216025,-9.188831,-0.065,-0.066,0.009,-75.0,77.0,483.0,15.275,9.99,59.0,98.0,23.0,,,,,,,,,,,,,,,,,,,,,2026-04-01 14:44:42,True,34.833,10.913,381.548,152.597
2026-04-08T16:57:53.452Z,2026-04-08T16:57:53.452Z,41.515,535,,,,,6.417127,-15.870931,-165.298324,-2.864789,-4.927437,1.031324,39.0181267,-104.8936855,2175.26,15.08,-9.62,-2.32,0.0,194.68,-68.641,-16.484,39.0181542,-104.8936773,2173.94,9.87,,29,,,,9.896,,-0.0,,-2.814509,-1.500417,-9.277091,-0.049,-0.086,0.017,-74.0,74.0,484.0,15.275,9.99,59.0,98.0,22.75,,,,,,,,,,,,,,,,,,,,,2026-04-01 14:44:42,True,34.826,10.901,381.299,152.597
2026-04-08T16:57:53.524Z,2026-04-08T16:57:53.524Z,41.587,536,,,,,6.417127,-16.100114,-165.241028,2.979381,-1.890761,1.776169,39.0181172,-104.8936885,2175.25,15.075,-9.63,-2.3,0.01,194.77,-69.697,-16.743,39.0181368,-104.8936827,2173.91,9.94,,29,,,,9.901,,-0.01,,-2.922382,-1.421964,-9.345737,0.052,-0.033,0.03,-69.0,73.0,484.0,15.275,9.99,59.0,98.0,22.75,,,,,,,,,,,,,,,,,,,,,2026-04-01 14:44:42,True,34.833,10.911,381.382,152.597
2026-04-08T16:57:53.591Z,2026-04-08T16:57:53.591Z,41.654,537,,,,,6.589015,-16.100114,-165.126437,0.916732,3.380451,1.833465,39.0181114,-104.8936903,2175.24,15.068,-9.64,-2.29,0.0,194.9,-70.342,-16.898,39.0181368,-104.8936827,2173.91,9.94,,29,,,,9.908,,-0.0,,-2.863542,-1.235638,-9.483031,0.015,0.058,0.031,-69.0,74.0,485.0,15.17,11.82,60.0,98.0,22.75,,,,,,,,,,,,,,,,,,,,,2026-04-01 14:44:42,True,34.833,10.908,381.548,179.309
2026-04-08T16:57:53.665Z,2026-04-08T16:57:53.665Z,41.728,538,,,,,6.703606,-16.042818,-165.069141,2.005352,3.724226,2.005352,39.0181094,-104.8936909,2175.24,15.067,-9.62,-2.29,0.0,194.96,-70.564,-16.95,39.0181368,-104.8936827,2173.91,9.94,,29,,,,9.889,,-0.0,,-2.794895,-1.294478,-9.80665,0.034,0.064,0.035,-69.0,74.0,485.0,15.17,11.82,60.0,98.0,22.75,,,,,,,,,,,,,,,,,,,,,2026-04-01 14:44:42,True,34.833,10.906,381.134,179.309
2026-04-08T16:57:53.732Z,2026-04-08T16:57:53.732Z,41.795,539,,,,,6.760902,-15.699044,-164.725366,0.0,1.48969,2.463719,39.0180992,-104.8936941,2175.23,15.056,-9.62,-2.3,-0.01,195.28,-71.698,-17.227,39.0181194,-104.893688,2173.87,9.91,,29,,,,9.891,,0.01,,-3.138128,-1.166991,-9.306511,0.0,0.025,0.042,-70.0,76.0,484.0,15.17,11.82,60.0,98.0,22.75,,,,,,,,,,,,,,,,,,,,,2026-04-01 14:44:42,True,34.818,10.92,381.299,179.309
2026-04-08T16:57:53.798Z,2026-04-08T16:57:53.798Z,41.861,540,,,,,6.64631,-15.699044,-164.610775,-1.375099,0.057296,1.718873,39.0180932,-104.8936959,2175.22,15.048,-9.62,-2.3,-0.04,195.41,-72.366,-17.382,39.0181194,-104.893688,2173.87,9.91,,29,,,,9.891,,0.04,,-2.941995,-0.833565,-9.384964,-0.023,0.0,0.03,-73.0,77.0,484.0,15.17,11.82,60.0,98.0,22.75,,,,,,,,,,,,,,,,,,,,,2026-04-01 14:44:42,True,34.856,10.911,381.465,179.309
2026-04-08T16:57:53.866Z,2026-04-08T16:57:53.866Z,41.929,541,,,,,6.589015,-15.813635,-164.496183,0.974028,-1.718873,1.317803,39.0180877,-104.8936976,2175.22,15.045,-9.61,-2.31,-0.03,195.48,-72.977,-17.529,39.0181194,-104.893688,2173.87,9.91,,29,,,,9.884,,0.03,,-3.040062,-1.510224,-9.384964,0.017,-0.03,0.022,-73.0,77.0,484.0,15.17,11.82,60.0,98.0,22.75,,,,,,,,,,,,,,,,,,,,,2026-04-01 14:44:42,True,34.841,10.906,381.216,179.309
2026-04-08T16:57:53.935Z,2026-04-08T16:57:53.935Z,41.998,542,,,,,6.64631,-15.928227,-164.553479,1.375099,-0.859437,0.343775,39.0180819,-104.8936994,2175.22,15.043,-9.6,-2.28,-0.02,195.48,-73.622,-17.684,39.0181021,-104.8936935,2173.84,9.86,,29,,,,9.867,,0.02,,-2.736055,-0.990472,-9.424191,0.023,-0.016,0.005,-71.0,77.0,483.0,15.17,11.82,60.0,98.0,22.75,,,,,,,,,,,,,,,,,,,,,2026-04-01 14:44:42,True,34.886,10.918,381.879,179.309
2026-04-08T16:57:54.004Z,2026-04-08T16:57:54.004Z,42.067,543,,,,,6.818198,-15.928227,-164.553479,2.17724,0.40107,-0.40107,39.0180758,-104.8937014,2175.22,15.042,-9.59,-2.29,-0.05,195.43,-74.3,-17.857,39.0181021,-104.8936935,2173.84,9.86,,29,,,,9.86,,0.05,,-2.608569,-1.323898,-9.561484,0.038,0.006,-0.006,-71.0,78.0,484.0,15.17,11.82,60.0,98.0,23.0,,,,,,,,,,,,,,,,,,,,,2026-04-01 14:44:42,True,34.826,10.908,381.631,179.309
2026-04-08T16:57:54.070Z,2026-04-08T16:57:54.070Z,42.133,544,,,,,6.818198,-15.985522,-164.610775,-1.604282,-1.546986,-0.114592,39.0180696,-104.8937033,2175.22,15.045,-9.6,-2.31,-0.06,195.38,-74.99,-18.021,39.0181021,-104.8936935,2173.84,9.86,,29,,,,9.874,,0.06,,-2.912575,-1.117958,-9.60071,-0.027,-0.027,-0.002,-71.0,78.0,484.0,15.17,11.82,60.0,98.0,23.0,,,,,,,,,,,,,,,,,,,,,2026-04-01 14:44:42,True,34.841,10.913,381.299,179.309
2026-04-08T16:57:54.145Z,2026-04-08T16:57:54.145Z,42.208,545,,,,,6.760902,-16.042818,-164.66807,-2.005352,-2.062648,0.057296,39.0180644,-104.893705,2175.22,15.047,-9.61,-2.3,-0.08,195.34,-75.568,-18.168,39.0180847,-104.893699,2173.81,9.97,,29,,,,9.881,,0.08,,-3.059675,-1.108151,-9.129991,-0.035,-0.036,0.0,-70.0,80.0,483.0,15.215,10.85,62.0,98.0,23.0,,,,,,,,,,,,,,,,,,,,,2026-04-01 14:44:42,True,34.826,10.908,381.216,165.083
2026-04-08T16:57:54.214Z,2026-04-08T16:57:54.214Z,42.277,546,,,,,6.589015,-16.329297,-164.725366,-2.463719,-3.208564,-0.229183,39.0180575,-104.8937071,2175.23,15.052,-9.59,-2.3,-0.05,195.29,-76.335,-18.35,39.0180847,-104.893699,2173.81,9.97,,29,,,,9.862,,0.05,,-2.765475,-0.892405,-9.257478,-0.042,-0.056,-0.003,-68.0,78.0,484.0,15.215,10.85,62.0,98.0,22.75,,,,,,,,,,,,,,,,,,,,,2026-04-01 14:44:42,True,34.841,10.904,381.465,165.083
2026-04-08T16:57:54.285Z,2026-04-08T16:57:54.285Z,42.348,547,,,,,6.531719,-16.55848,-164.782662,-0.515662,-2.17724,-0.802141,39.0180517,-104.893709,2175.23,15.056,-9.61,-2.31,-0.04,195.22,-76.98,-18.514,39.0180847,-104.893699,2173.81,9.97,,29,,,,9.884,,0.04,,-2.608569,-1.166991,-9.335931,-0.008,-0.038,-0.013,-68.0,78.0,484.0,15.215,10.85,62.0,98.0,22.75,,,,,,,,,,,,,,,,,,,,,2026-04-01 14:44:43,True,34.833,10.906,381.216,165.083
2026-04-08T16:57:54.356Z,2026-04-08T16:57:54.356Z,42.419,548,,,,,6.359832,-16.501184,-164.839958,-2.57831,-0.974028,-0.515662,39.0180456,-104.8937109,2175.23,15.055,-9.62,-2.32,-0.06,195.18,-77.659,-18.678,39.0180672,-104.8937043,2173.78,9.93,,29,,,,9.896,,0.06,,-2.834122,-1.72597,-9.355544,-0.045,-0.017,-0.009,-65.0,76.0,484.0,15.179,11.59,62.0,98.0,22.75,,,,,,,,,,,,,,,,,,,,,2026-04-01 14:44:43,True,34.864,10.911,381.299,175.925
2026-04-08T16:57:54.428Z,2026-04-08T16:57:54.428Z,42.491,549,,,,,6.073353,-16.501184,-164.782662,-5.328507,1.317803,1.08862,39.0180402,-104.8937126,2175.23,15.057,-9.63,-2.31,-0.09,195.21,-78.259,-18.825,39.0180672,-104.8937043,2173.78,9.93,,29,,,,9.903,,0.09,,-2.922382,-1.265058,-9.68897,-0.092,0.022,0.018,-64.0,74.0,485.0,15.179,11.59,62.0,98.0,22.75,,,,,,,,,,,,,,,,,,,,,2026-04-01 14:44:43,True,34.848,10.904,381.548,175.925
2026-04-08T16:57:54.501Z,2026-04-08T16:57:54.501Z,42.564,550,,,,,6.073353,-16.100114,-164.782662,3.208564,4.870141,-0.458366,39.0180334,-104.8937147,2175.24,15.06,-9.63,-2.29,-0.09,195.24,-79.015,-19.006,39.0180498,-104.8937098,2173.76,9.9,,29,,,,9.899,,0.09,,-2.716442,-1.235638,-9.669357,0.055,0.084,-0.008,-66.0,72.0,486.0,15.179,11.59,62.0,98.0,22.75,,,,,,,,,,,,,,,,,,,,,2026-04-01 14:44:43,True,34.848,10.911,381.713,175.925
2026-04-08T16:57:54.567Z,2026-04-08T16:57:54.567Z,42.63,551,,,,,6.302536,-15.928227,-164.782662,3.036676,0.572958,-0.687549,39.0180262,-104.8937169,2175.24,15.062,-9.65,-2.29,-0.09,195.21,-79.816,-19.196,39.0180498,-104.8937098,2173.76,9.9,,29,,,,9.918,,0.09,,-2.647796,-1.382738,-9.355544,0.053,0.009,-0.012,-66.0,72.0,486.0,15.299,9.55,63.0,98.0,22.75,,,,,,,,,,,,,,,,,,,,,2026-04-01 14:44:43,True,34.856,10.915,381.382,146.105
2026-04-08T16:57:54.652Z,2026-04-08T16:57:54.652Z,42.715,552,,,,,6.359832,-15.928227,-164.839958,1.317803,0.744845,-1.375099,39.0180227,-104.893718,2175.24,15.063,-9.66,-2.29,-0.09,195.14,-80.205,-19.291,39.0180498,-104.8937098,2173.76,9.9,,29,,,,9.928,,0.09,,-2.785089,-1.010085,-9.384964,0.023,0.012,-0.023,-71.0,74.0,485.0,15.299,9.55,63.0,98.0,22.75,,,,,,,,,,,,,,,,,,,,,2026-04-01 14:44:43,True,34.841,10.906,381.299,146.105
2026-04-08T16:57:54.727Z,2026-04-08T16:57:54.727Z,42.79,553,,,,,6.760902,-15.928227,-165.126437,6.64631,-3.838817,-2.922085,39.0180131,-104.8937209,2175.24,15.066,-9.66,-2.25,-0.07,194.84,-81.272,-19.542,39.0180324,-104.8937151,2173.76,9.96,,29,,,,9.919,,0.07,,-2.569342,-1.049312,-8.816178,0.116,-0.067,-0.05,-71.0,75.0,484.0,15.299,9.55,63.0,98.0,22.75,,,,,,,,,,,,,,,,,,,,,2026-04-01 14:44:43,True,34.848,10.911,381.299,146.105
2026-04-08T16:57:54.790Z,2026-04-08T16:57:54.790Z,42.853,554,,,,,6.932789,-16.214706,-165.298324,0.114592,-2.406423,-2.234535,39.0180072,-104.8937227,2175.24,15.061,-9.66,-2.27,-0.04,194.66,-81.928,-19.697,39.0180324,-104.8937151,2173.76,9.96,,29,,,,9.923,,0.04,,-3.089095,-1.676937,-8.933858,0.001,-0.042,-0.039,-69.0,78.0,483.0,15.206,10.31,63.0,98.0,22.75,,,,,,,,,,,,,,,,,,,,,2026-04-01 14:44:43,True,34.856,10.915,381.714,156.774
2026-04-08T16:57:54.863Z,2026-04-08T16:57:54.863Z,42.926,555,,,,,6.932789,-16.214706,-165.35562,-0.171887,0.229183,-2.234535,39.0180052,-104.8937233,2175.24,15.06,-9.65,-2.25,-0.04,194.61,-82.151,-19.749,39.0180324,-104.8937151,2173.76,9.96,,29,,,,9.909,,0.04,,-2.873348,-1.176798,-9.159411,-0.002,0.003,-0.039,-69.0,78.0,483.0,15.206,10.31,63.0,98.0,22.75,,,,,,,,,,,,,,,,,,,,,2026-04-01 14:44:43,True,34.871,10.911,381.631,156.774
2026-04-08T16:57:54.931Z,2026-04-08T16:57:54.931Z,42.994,556,,,,,7.391156,-16.042818,-165.642099,3.495043,1.546986,-1.718873,39.0179949,-104.8937264,2175.23,15.052,-9.67,-2.25,-0.04,194.38,-83.296,-20.017,39.0180149,-104.8937205,2173.73,9.99,,29,,,,9.928,,0.04,,-3.010642,-1.382738,-9.375157,0.06,0.026,-0.03,-66.0,79.0,483.0,15.206,10.31,63.0,98.0,22.75,,,,,,,,,,,,,,,,,,,,,2026-04-01 14:44:43,True,34.864,10.908,381.299,156.774
2026-04-08T16:57:54.998Z,2026-04-08T16:57:54.998Z,43.061,557,,,,,7.448451,-15.756339,-165.642099,0.630254,6.417127,-0.687549,39.0179888,-104.8937283,2175.22,15.045,-9.69,-2.28,-0.05,194.37,-83.974,-20.181,39.0180149,-104.8937205,2173.73,9.99,,29,,,,9.955,,0.05,,-3.138128,-1.098345,-9.502644,0.01,0.111,-0.012,-69.0,81.0,484.0,15.206,10.31,63.0,98.0,22.75,,,,,,,,,,,,,,,,,,,,,2026-04-01 14:44:43,True,34.856,10.908,381.548,156.774
2026-04-08T16:57:55.066Z,2026-04-08T16:57:55.066Z,43.129,558,,,,,7.563043,-15.527156,-165.642099,1.833465,2.692902,-0.057296,39.0179833,-104.8937299,2175.22,15.044,-9.67,-2.28,-0.07,194.41,-84.586,-20.319,39.0180149,-104.8937205,2173.73,9.99,,29,,,,9.935,,0.07,,-2.706635,-1.569064,-9.708584,0.031,0.046,-0.001,-69.0,81.0,484.0,15.206,10.31,63.0,98.0,22.75,,,,,,,,,,,,,,,,,,,,,2026-04-01 14:44:43,True,34.856,10.911,381.465,156.774
2026-04-08T16:57:55.134Z,2026-04-08T16:57:55.134Z,43.197,559,,,,,7.505747,-15.297973,-165.527507,-0.630254,2.807493,0.630254,39.0179774,-104.8937317,2175.22,15.045,-9.65,-2.28,-0.07,194.47,-85.242,-20.475,39.0179974,-104.8937258,2173.71,9.96,,29,,,,9.916,,0.07,,-3.196968,-1.323898,-9.355544,-0.01,0.048,0.01,-73.0,82.0,482.0,15.206,10.31,63.0,98.0,22.75,,,,,,,,,,,,,,,,,,,,,2026-04-01 14:44:43,True,34.864,10.908,381.631,156.774
2026-04-08T16:57:55.244Z,2026-04-08T16:57:55.244Z,43.307,560,,,,,7.505747,-15.06879,-165.470211,0.229183,4.583662,-0.057296,39.0179713,-104.8937336,2175.22,15.046,-9.66,-2.3,-0.11,194.52,-85.92,-20.639,39.0179974,-104.8937258,2173.71,9.96,,29,,,,9.93,,0.11,,-2.981222,-0.961052,-9.610517,0.003,0.079,0.0,-77.0,83.0,483.0,15.206,10.31,63.0,98.0,22.75,,,,,,,,,,,,,,,,,,,,,2026-04-01 14:44:44,True,34.803,10.904,381.796,156.774
2026-04-08T16:57:55.313Z,2026-04-08T16:57:55.313Z,43.376,561,,,,,7.563043,-14.495832,-165.584803,1.546986,3.151268,-3.495043,39.0179615,-104.8937366,2175.23,15.057,-9.63,-2.35,-0.14,194.36,-87.01,-20.898,39.0179799,-104.8937311,2173.71,9.94,,29,,,,9.913,,0.14,,-3.236194,-1.010085,-9.453611,0.026,0.054,-0.06,-82.0,83.0,483.0,15.206,10.31,63.0,98.0,22.75,,,,,,,,,,,,,,,,,,,,,2026-04-01 14:44:44,True,34.833,10.906,381.382,156.774
2026-04-08T16:57:55.381Z,2026-04-08T16:57:55.381Z,43.444,562,,,,,7.620339,-14.381241,-165.985873,-2.17724,0.40107,-5.729578,39.0179557,-104.8937385,2175.24,15.064,-9.62,-2.37,-0.16,193.99,-87.655,-21.062,39.0179799,-104.8937311,2173.71,9.94,,29,,,,9.908,,0.16,,-2.520309,-1.098345,-9.453611,-0.037,0.006,-0.1,-82.0,83.0,483.0,15.423,8.39,65.0,98.0,22.75,,,,,,,,,,,,,,,,,,,,,2026-04-01 14:44:44,True,34.886,10.925,381.631,129.399
2026-04-08T16:57:55.453Z,2026-04-08T16:57:55.453Z,43.516,563,,,,,7.620339,-14.381241,-166.157761,-0.802141,-1.546986,-6.130648,39.0179529,-104.8937394,2175.24,15.067,-9.61,-2.38,-0.14,193.77,-87.966,-21.14,39.0179799,-104.8937311,2173.71,9.94,,29,,,,9.9,,0.14,,-2.853735,-0.990472,-9.355544,-0.013,-0.027,-0.106,-86.0,83.0,483.0,15.423,8.39,65.0,98.0,23.0,,,,,,,,,,,,,,,,,,,,,2026-04-01 14:44:44,True,34.871,10.911,381.796,129.399
2026-04-08T16:57:55.526Z,2026-04-08T16:57:55.526Z,43.589,564,,,,,7.33386,-14.725015,-167.017197,-6.016057,-5.557691,-7.448451,39.0179433,-104.8937425,2175.25,15.076,-9.59,-2.39,-0.14,192.88,-89.034,-21.408,39.0179625,-104.8937364,2173.71,9.92,,29,,,,9.883,,0.14,,-2.353596,-1.098345,-9.502644,-0.105,-0.097,-0.13,-85.0,81.0,484.0,15.423,8.39,65.0,98.0,22.75,,,,,,,,,,,,,,,,,,,,,2026-04-01 14:44:44,True,34.871,10.911,381.465,129.399
2026-04-08T16:57:55.591Z,2026-04-08T16:57:55.591Z,43.654,565,,,,,6.990085,-15.527156,-167.647451,-8.766254,-13.636396,-6.417127,39.0179375,-104.8937443,2175.25,15.079,-9.57,-2.4,-0.09,192.26,-89.679,-21.563,39.0179625,-104.8937364,2173.71,9.92,,29,,,,9.866,,0.09,,-2.971415,-0.794339,-8.561205,-0.153,-0.238,-0.112,-80.0,73.0,485.0,15.375,8.49,66.0,97.0,22.75,,,,,,,,,,,,,,,,,,,,,2026-04-01 14:44:44,True,34.856,10.918,381.299,130.534
2026-04-08T16:57:55.674Z,2026-04-08T16:57:55.674Z,43.737,566,,,,,6.875494,-15.756339,-167.819338,-7.792226,-11.115381,-4.984733,39.0179355,-104.893745,2175.26,15.08,-9.57,-2.41,-0.09,192.13,-89.901,-21.624,39.0179625,-104.8937364,2173.71,9.92,,29,,,,9.869,,0.09,,-3.108708,-1.216025,-8.590625,-0.135,-0.194,-0.087,-80.0,73.0,485.0,15.375,8.49,66.0,97.0,22.75,,,,,,,,,,,,,,,,,,,,,2026-04-01 14:44:44,True,34.864,10.906,381.548,130.534
2026-04-08T16:57:55.752Z,2026-04-08T16:57:55.752Z,43.815,567,,,,,6.302536,-16.214706,-168.335,-3.208564,-2.864789,-2.922085,39.0179245,-104.8937486,2175.25,15.078,-9.55,-2.39,-0.08,191.62,-91.124,-21.935,39.0179451,-104.8937419,2173.69,9.92,,29,,,,9.845,,0.08,,-3.216581,-1.75539,-9.208444,-0.056,-0.05,-0.051,-71.0,66.0,486.0,15.322,10.18,66.0,97.0,22.75,,,,,,,,,,,,,,,,,,,,,2026-04-01 14:44:44,True,34.856,10.901,382.045,155.978
2026-04-08T16:57:55.819Z,2026-04-08T16:57:55.819Z,43.882,568,,,,,5.958761,-16.272001,-168.506888,-3.495043,-0.630254,-2.005352,39.0179182,-104.8937506,2175.25,15.077,-9.57,-2.35,-0.09,191.44,-91.825,-22.108,39.0179451,-104.8937419,2173.69,9.92,,29,,,,9.854,,0.09,,-3.098901,-1.480804,-9.433997,-0.06,-0.011,-0.035,-70.0,62.0,487.0,15.322,10.18,66.0,97.0,22.75,,,,,,,,,,,,,,,,,,,,,2026-04-01 14:44:44,True,34.848,10.915,381.465,155.978
2026-04-08T16:57:55.887Z,2026-04-08T16:57:55.887Z,43.95,569,,,,,6.016057,-16.272001,-168.678775,-0.40107,-0.171887,-1.776169,39.0179123,-104.8937524,2175.25,15.079,-9.56,-2.34,-0.1,191.31,-92.481,-22.263,39.0179451,-104.8937419,2173.69,9.92,,29,,,,9.842,,0.1,,-2.922382,-1.539644,-9.473224,-0.006,-0.003,-0.03,-70.0,62.0,487.0,15.322,10.18,66.0,97.0,23.0,,,,,,,,,,,,,,,,,,,,,2026-04-01 14:44:44,True,34.841,10.918,381.465,155.978
2026-04-08T16:57:55.955Z,2026-04-08T16:57:55.955Z,44.018,570,,,,,6.24524,-16.272001,-168.850662,3.896113,0.40107,-2.521014,39.0179063,-104.8937543,2175.25,15.076,-9.56,-2.33,-0.08,191.13,-93.148,-22.427,39.0179278,-104.8937475,2173.66,9.9,,29,,,,9.84,,0.08,,-2.902768,-1.824037,-9.404577,0.067,0.006,-0.043,-69.0,60.0,488.0,15.375,8.97,67.0,97.0,23.0,,,,,,,,,,,,,,,,,,,,,2026-04-01 14:44:44,True,34.864,10.918,381.713,137.914
2026-04-08T16:57:56.029Z,2026-04-08T16:57:56.029Z,44.092,571,,,,,6.64631,-16.214706,-168.965254,3.66693,1.661578,-1.833465,39.0179008,-104.893756,2175.25,15.077,-9.58,-2.31,-0.09,191.02,-93.76,-22.574,39.0179278,-104.8937475,2173.66,9.9,,29,,,,9.855,,0.09,,-2.981222,-1.598484,-9.433997,0.063,0.028,-0.032,-71.0,61.0,489.0,15.375,8.97,67.0,97.0,22.75,,,,,,,,,,,,,,,,,,,,,2026-04-01 14:44:44,True,34.856,10.923,381.796,137.914
2026-04-08T16:57:56.097Z,2026-04-08T16:57:56.097Z,44.16,572,,,,,6.760902,-16.329297,-169.02255,-0.744845,-3.953409,0.343775,39.0178942,-104.8937581,2175.25,15.079,-9.59,-2.3,-0.09,190.97,-94.493,-22.756,39.0179278,-104.8937475,2173.66,9.9,,29,,,,9.862,,0.09,,-2.981222,-0.931632,-9.031925,-0.012,-0.069,0.005,-70.0,64.0,487.0,15.375,8.97,67.0,97.0,22.75,,,,,,,,,,,,,,,,,,,,,2026-04-01 14:44:44,True,34.886,10.913,381.631,137.914
2026-04-08T16:57:56.163Z,2026-04-08T16:57:56.163Z,44.226,573,,,,,6.990085,-16.501184,-169.02255,6.073353,-0.687549,-0.286479,39.0178879,-104.8937601,2175.25,15.077,-9.59,-2.31,-0.07,190.97,-95.194,-22.928,39.0179105,-104.893753,2173.64,9.86,,29,,,,9.864,,0.07,,-2.765475,-1.274864,-9.031925,0.106,-0.012,-0.005,-70.0,64.0,487.0,15.354,9.3,67.0,97.0,23.0,,,,,,,,,,,,,,,,,,,,,2026-04-01 14:44:44,True,34.864,10.92,381.465,142.792
2026-04-08T16:57:56.238Z,2026-04-08T16:57:56.238Z,44.301,574,,,,,7.104677,-16.501184,-169.079845,1.546986,-2.635606,-0.974028,39.0178836,-104.8937614,2175.25,15.076,-9.6,-2.31,-0.05,190.9,-95.672,-23.041,39.0179105,-104.893753,2173.64,9.86,,29,,,,9.874,,0.05,,-2.863542,-1.72597,-9.090765,0.027,-0.046,-0.017,-69.0,66.0,488.0,15.354,9.3,67.0,97.0,22.75,,,,,,,,,,,,,,,,,,,,,2026-04-01 14:44:44,True,34.841,10.904,381.879,142.792
2026-04-08T16:57:56.306Z,2026-04-08T16:57:56.306Z,44.369,575,,,,,6.990085,-16.959551,-169.137141,-4.984733,-5.500395,0.687549,39.017876,-104.8937637,2175.25,15.071,-9.61,-2.26,-0.03,190.84,-96.517,-23.239,39.0178932,-104.8937584,2173.63,9.94,,29,,,,9.872,,0.03,,-3.020448,-1.598484,-8.953471,-0.086,-0.096,0.012,-63.0,66.0,487.0,15.354,9.3,67.0,97.0,22.75,,,,,,,,,,,,,,,,,,,,,2026-04-01 14:44:45,True,34.864,10.918,381.631,142.792
2026-04-08T16:57:56.372Z,2026-04-08T16:57:56.372Z,44.435,576,,,,,6.932789,-17.188734,-169.137141,2.406423,-0.515662,0.343775,39.0178697,-104.8937657,2175.24,15.064,-9.63,-2.27,-0.02,190.87,-97.218,-23.412,39.0178932,-104.8937584,2173.63,9.94,,29,,,,9.894,,0.02,,-2.902768,-1.382738,-9.306511,0.041,-0.009,0.005,-63.0,66.0,487.0,15.185,11.71,68.0,97.0,22.75,,,,,,,,,,,,,,,,,,,,,2026-04-01 14:44:45,True,34.848,10.915,381.879,177.816
2026-04-08T16:57:56.442Z,2026-04-08T16:57:56.442Z,44.505,577,,,,,7.047381,-17.016847,-169.079845,3.323155,4.640958,0.859437,39.0178662,-104.8937667,2175.23,15.059,-9.65,-2.25,-0.02,190.93,-97.607,-23.499,39.0178932,-104.8937584,2173.63,9.94,,29,,,,9.909,,0.02,,-3.128321,-1.166991,-9.365351,0.058,0.08,0.014,-60.0,64.0,488.0,15.185,11.71,68.0,97.0,22.75,,,,,,,,,,,,,,,,,,,,,2026-04-01 14:44:45,True,34.848,10.913,381.796,177.816
2026-04-08T16:57:56.516Z,2026-04-08T16:57:56.516Z,44.579,578,,,,,7.219268,-16.443889,-168.793366,0.572958,5.443099,2.807493,39.0178575,-104.8937693,2175.22,15.049,-9.69,-2.26,-0.04,191.27,-98.574,-23.723,39.0178757,-104.8937638,2173.62,9.97,,29,,,,9.95,,0.04,,-2.834122,-1.235638,-9.65955,0.009,0.094,0.048,-63.0,67.0,487.0,15.185,11.71,68.0,97.0,22.75,,,,,,,,,,,,,,,,,,,,,2026-04-01 14:44:45,True,34.871,10.904,381.713,177.816
2026-04-08T16:57:56.581Z,2026-04-08T16:57:56.581Z,44.644,579,,,,,7.104677,-16.100114,-168.506888,2.17724,5.099324,3.036676,39.0178515,-104.8937711,2175.22,15.044,-9.71,-2.27,-0.06,191.52,-99.241,-23.879,39.0178757,-104.8937638,2173.62,9.97,,29,,,,9.972,,0.06,,-2.706635,-1.343511,-9.551677,0.037,0.088,0.053,-63.0,67.0,487.0,15.285,10.29,68.0,97.0,22.75,,,,,,,,,,,,,,,,,,,,,2026-04-01 14:44:45,True,34.886,10.913,381.382,157.283
2026-04-08T16:57:56.663Z,2026-04-08T16:57:56.663Z,44.726,580,,,,,7.161972,-16.042818,-168.392296,3.495043,3.437747,2.864789,39.0178486,-104.893772,2175.22,15.041,-9.7,-2.28,-0.07,191.65,-99.564,-23.956,39.0178757,-104.8937638,2173.62,9.97,,29,,,,9.964,,0.07,,-2.628182,-1.510224,-9.551677,0.061,0.059,0.049,-70.0,68.0,487.0,15.285,10.29,68.0,97.0,22.75,,,,,,,,,,,,,,,,,,,,,2026-04-01 14:44:45,True,34.818,10.904,381.879,157.283
2026-04-08T16:57:56.734Z,2026-04-08T16:57:56.734Z,44.797,581,,,,,7.448451,-15.584452,-167.93393,2.291831,0.229183,3.724226,39.0178382,-104.8937751,2175.21,15.033,-9.72,-2.27,-0.07,192.11,-100.72,-24.224,39.0178581,-104.893769,2173.6,10.03,,29,,,,9.982,,0.07,,-2.608569,-1.333704,-9.345737,0.04,0.003,0.064,-72.0,72.0,485.0,15.285,10.29,68.0,97.0,22.75,,,,,,,,,,,,,,,,,,,,,2026-04-01 14:44:45,True,34.879,10.92,381.631,157.283
2026-04-08T16:57:56.811Z,2026-04-08T16:57:56.811Z,44.874,582,,,,,7.563043,-15.756339,-167.647451,2.005352,-0.630254,4.583662,39.0178321,-104.8937769,2175.2,15.022,-9.69,-2.26,-0.05,192.41,-101.399,-24.38,39.0178581,-104.893769,2173.6,10.03,,29,,,,9.95,,0.05,,-2.696829,-1.196411,-9.071151,0.034,-0.011,0.08,-74.0,74.0,484.0,15.285,10.29,68.0,97.0,22.75,,,,,,,,,,,,,,,,,,,,,2026-04-01 14:44:45,True,34.856,10.906,381.548,157.283
2026-04-08T16:57:56.903Z,2026-04-08T16:57:56.903Z,44.966,583,,,,,7.677634,-15.584452,-167.24638,3.265859,4.927437,5.213916,39.0178257,-104.8937788,2175.19,15.015,-9.71,-2.27,-0.05,192.83,-102.11,-24.544,39.0178581,-104.893769,2173.6,10.03,,29,,,,9.972,,0.05,,-2.598762,-1.402351,-9.267284,0.056,0.085,0.09,-74.0,74.0,484.0,15.285,10.29,68.0,97.0,22.75,,,,,,,,,,,,,,,,,,,,,2026-04-01 14:44:45,True,34.833,10.906,381.879,157.283
2026-04-08T16:57:56.972Z,2026-04-08T16:57:56.972Z,45.035,584,,,,,7.620339,-15.183382,-166.558831,0.687549,4.239888,5.958761,39.0178169,-104.8937815,2175.18,15.003,-9.68,-2.28,-0.07,193.47,-103.089,-24.777,39.0178406,-104.8937744,2173.6,9.99,,29,,,,9.945,,0.07,,-3.098901,-1.274864,-9.77723,0.012,0.073,0.103,-72.0,77.0,483.0,15.166,12.2,70.0,97.0,22.75,,,,,,,,,,,,,,,,,,,,,2026-04-01 14:44:45,True,34.848,10.918,381.714,185.025
2026-04-08T16:57:57.052Z,2026-04-08T16:57:57.052Z,45.115,585,,,,,7.620339,-15.011494,-166.386944,0.0,6.417127,4.640958,39.0178134,-104.8937826,2175.17,14.999,-9.67,-2.26,-0.1,193.7,-103.478,-24.872,39.0178406,-104.8937744,2173.6,9.99,,29,,,,9.931,,0.1,,-3.049868,-1.392544,-9.973363,0.0,0.111,0.08,-76.0,79.0,483.0,15.166,12.2,70.0,97.0,22.75,,,,,,,,,,,,,,,,,,,,,2026-04-01 14:44:45,True,34.833,10.901,381.879,185.025
2026-04-08T16:57:57.124Z,2026-04-08T16:57:57.124Z,45.187,586,,,,,7.161972,-15.06879,-165.928577,0.916732,-4.698254,2.864789,39.0178038,-104.8937855,2175.18,15.001,-9.64,-2.26,-0.11,194.1,-104.545,-25.123,39.0178231,-104.8937796,2173.6,9.96,,29,,,,9.901,,0.11,,-3.059675,-1.490611,-9.247671,0.016,-0.082,0.05,-79.0,80.0,482.0,15.166,12.2,70.0,97.0,22.75,,,,,,,,,,,,,,,,,,,,,2026-04-01 14:44:45,True,34.864,10.92,382.045,185.025
2026-04-08T16:57:57.188Z,2026-04-08T16:57:57.188Z,45.251,587,,,,,7.276564,-15.527156,-165.871282,1.948057,-7.563043,0.802141,39.0177979,-104.8937873,2175.18,15.003,-9.64,-2.27,-0.09,194.11,-105.202,-25.278,39.0178231,-104.8937796,2173.6,9.96,,29,,,,9.904,,0.09,,-2.981222,-1.431771,-8.541592,0.034,-0.132,0.013,-76.0,79.0,482.0,15.222,10.2,70.0,97.0,22.75,,,,,,,,,,,,,,,,,,,,,2026-04-01 14:44:45,True,34.871,10.915,381.714,155.264
2026-04-08T16:57:57.266Z,2026-04-08T16:57:57.266Z,45.329,588,,,,,7.33386,-15.699044,-165.928577,1.890761,-8.021409,0.114592,39.0177959,-104.8937879,2175.18,15.004,-9.64,-2.23,-0.08,194.06,-105.424,-25.33,39.0178231,-104.8937796,2173.6,9.96,,29,,,,9.895,,0.08,,-2.824315,-1.363124,-9.031925,0.032,-0.14,0.001,-76.0,79.0,482.0,15.222,10.2,70.0,97.0,22.75,,,,,,,,,,,,,,,,,,,,,2026-04-01 14:44:46,True,34.848,10.908,381.796,155.264
2026-04-08T16:57:57.347Z,2026-04-08T16:57:57.347Z,45.41,589,,,,,7.73493,-16.329297,-166.157761,2.807493,-0.0,-2.291831,39.0177857,-104.8937909,2175.18,15.008,-9.62,-2.24,-0.07,193.82,-106.558,-25.589,39.0178056,-104.8937849,2173.6,9.94,,29,,,,9.877,,0.07,,-3.344068,-1.510224,-9.188831,0.049,0.0,-0.04,-68.0,81.0,481.0,15.051,13.93,71.0,97.0,23.0,,,,,,,,,,,,,,,,,,,,,2026-04-01 14:44:46,True,34.826,10.904,382.045,209.66
2026-04-08T16:57:57.419Z,2026-04-08T16:57:57.419Z,45.482,590,,,,,8.136001,-16.15741,-166.329648,4.870141,2.291831,-2.57831,39.0177786,-104.8937931,2175.19,15.013,-9.61,-2.25,-0.08,193.64,-107.348,-25.779,39.0178056,-104.8937849,2173.6,9.94,,29,,,,9.87,,0.08,,-3.118515,-1.657324,-9.316318,0.085,0.039,-0.045,-67.0,84.0,482.0,15.051,13.93,71.0,97.0,22.75,,,,,,,,,,,,,,,,,,,,,2026-04-01 14:44:46,True,34.848,10.918,381.714,209.66
2026-04-08T16:57:57.492Z,2026-04-08T16:57:57.492Z,45.555,591,,,,,8.078705,-16.214706,-166.501535,-4.698254,-1.661578,-2.234535,39.0177728,-104.8937948,2175.2,15.02,-9.64,-2.23,-0.13,193.46,-107.993,-25.926,39.0178056,-104.8937849,2173.6,9.94,,29,,,,9.895,,0.13,,-2.814509,-1.69655,-9.80665,-0.081,-0.028,-0.039,-67.0,84.0,482.0,15.051,13.93,71.0,97.0,22.75,,,,,,,,,,,,,,,,,,,,,2026-04-01 14:44:46,True,34.864,10.918,381.548,209.66
2026-04-08T16:57:57.562Z,2026-04-08T16:57:57.562Z,45.625,592,,,,,7.677634,-16.329297,-166.730718,-7.620339,-3.323155,-2.17724,39.0177655,-104.893797,2175.2,15.027,-9.65,-2.24,-0.15,193.21,-108.804,-26.116,39.0177882,-104.8937902,2173.61,9.88,,29,,,,9.907,,0.15,,-2.667409,-1.75539,-9.728197,-0.133,-0.058,-0.038,-67.0,85.0,481.0,15.166,11.03,72.0,97.0,22.75,,,,,,,,,,,,,,,,,,,,,2026-04-01 14:44:46,True,34.841,10.915,381.796,167.281
2026-04-08T16:57:57.637Z,2026-04-08T16:57:57.637Z,45.7,593,,,,,7.505747,-16.443889,-166.902606,-3.66693,-1.718873,-2.807493,39.0177612,-104.8937983,2175.21,15.033,-9.68,-2.24,-0.15,193.04,-109.282,-26.229,39.0177882,-104.8937902,2173.61,9.88,,29,,,,9.936,,0.15,,-3.059675,-1.392544,-9.384964,-0.063,-0.03,-0.049,-67.0,80.0,483.0,15.166,11.03,72.0,97.0,22.75,,,,,,,,,,,,,,,,,,,,,2026-04-01 14:44:46,True,34.826,10.908,381.713,167.281
2026-04-08T16:57:57.709Z,2026-04-08T16:57:57.709Z,45.772,594,,,,,7.964113,-15.928227,-167.24638,9.281916,6.932789,-5.15662,39.0177535,-104.8938006,2175.22,15.045,-9.69,-2.23,-0.17,192.69,-110.139,-26.427,39.0177708,-104.8937954,2173.61,9.97,,29,,,,9.943,,0.17,,-2.618376,-1.78481,-9.404577,0.162,0.12,-0.09,-68.0,78.0,485.0,15.166,11.03,72.0,97.0,22.75,,,,,,,,,,,,,,,,,,,,,2026-04-01 14:44:46,True,34.841,10.911,381.962,167.281
2026-04-08T16:57:57.778Z,2026-04-08T16:57:57.778Z,45.841,595,,,,,8.651663,-15.641748,-167.532859,5.042029,2.005352,-3.724226,39.0177471,-104.8938025,2175.23,15.054,-9.71,-2.24,-0.16,192.43,-110.85,-26.591,39.0177708,-104.8937954,2173.61,9.97,,29,,,,9.965,,0.16,,-2.579149,-1.461191,-9.090765,0.087,0.034,-0.064,-68.0,78.0,485.0,15.259,10.7,72.0,97.0,23.0,,,,,,,,,,,,,,,,,,,,,2026-04-01 14:44:46,True,34.841,10.911,381.796,163.271
2026-04-08T16:57:57.857Z,2026-04-08T16:57:57.857Z,45.92,596,,,,,8.708958,-15.584452,-167.647451,2.119944,-0.171887,-3.323155,39.0177436,-104.8938035,2175.23,15.058,-9.71,-2.25,-0.15,192.3,-111.239,-26.678,39.0177708,-104.8937954,2173.61,9.97,,29,,,,9.967,,0.15,,-2.843928,-1.735777,-8.914245,0.036,-0.003,-0.057,-74.0,84.0,483.0,15.259,10.7,72.0,97.0,22.75,,,,,,,,,,,,,,,,,,,,,2026-04-01 14:44:46,True,34.848,10.906,381.714,163.271
2026-04-08T16:57:57.935Z,2026-04-08T16:57:57.935Z,45.998,597,,,,,9.339212,-15.584452,-168.105817,2.463719,0.0,-3.781521,39.0177339,-104.8938064,2175.24,15.063,-9.72,-2.24,-0.12,191.85,-112.318,-26.928,39.0177532,-104.8938006,2173.63,10.04,,29,,,,9.975,,0.12,,-2.736055,-1.392544,-9.031925,0.042,0.0,-0.066,-73.0,87.0,481.0,15.259,10.7,72.0,97.0,23.0,,,,,,,,,,,,,,,,,,,,,2026-04-01 14:44:46,True,34.864,10.904,382.045,163.271
2026-04-08T16:57:58.008Z,2026-04-08T16:57:58.008Z,46.071,598,,,,,9.281916,-15.355269,-168.277704,-0.744845,4.870141,-2.005352,39.017727,-104.8938085,2175.24,15.061,-9.7,-2.26,-0.11,191.71,-113.085,-27.11,39.0177532,-104.8938006,2173.63,10.04,,29,,,,9.96,,0.11,,-2.863542,-2.010363,-9.639937,-0.012,0.084,-0.035,-74.0,89.0,480.0,15.259,10.7,72.0,97.0,22.75,,,,,,,,,,,,,,,,,,,,,2026-04-01 14:44:46,True,34.864,10.906,382.045,163.271
2026-04-08T16:57:58.085Z,2026-04-08T16:57:58.085Z,46.148,599,,,,,9.110029,-15.06879,-168.392296,-1.203211,1.260507,-0.859437,39.0177207,-104.8938104,2175.24,15.063,-9.7,-2.26,-0.11,191.65,-113.786,-27.274,39.0177532,-104.8938006,2173.63,10.04,,29,,,,9.96,,0.11,,-2.657602,-2.04959,-9.738003,-0.021,0.021,-0.015,-74.0,89.0,480.0,15.259,10.7,72.0,97.0,22.75,,,,,,,,,,,,,,,,,,,,,2026-04-01 14:44:46,True,34.864,10.906,382.211,163.271
2026-04-08T16:57:58.158Z,2026-04-08T16:57:58.158Z,46.221,600,,,,,9.339212,-14.839607,-168.335,3.093972,2.17724,0.057296,39.0177139,-104.8938125,2175.23,15.059,-9.69,-2.27,-0.14,191.68,-114.542,-27.455,39.0177356,-104.8938059,2173.63,9.95,,29,,,,9.952,,0.14,,-3.128321,-1.470998,-9.002505,0.054,0.038,0.0,-77.0,88.0,480.0,15.251,10.5,74.0,97.0,23.0,,,,,,,,,,,,,,,,,,,,,2026-04-01 14:44:46,True,34.871,10.913,381.879,160.136
2026-04-08T16:57:58.234Z,2026-04-08T16:57:58.234Z,46.297,601,,,,,9.568395,-14.954198,-168.392296,1.317803,0.0,-0.630254,39.0177083,-104.8938142,2175.23,15.058,-9.67,-2.26,-0.11,191.63,-115.165,-27.602,39.0177356,-104.8938059,2173.63,9.95,,29,,,,9.931,,0.11,,-2.432049,-1.686744,-9.286898,0.022,0.0,-0.01,-81.0,89.0,481.0,15.251,10.5,74.0,97.0,22.75,,,,,,,,,,,,,,,,,,,,,2026-04-01 14:44:46,True,34.864,10.923,381.962,160.136
2026-04-08T16:57:58.303Z,2026-04-08T16:57:58.303Z,46.366,602,,,,,9.511099,-14.954198,-168.449592,2.349127,-2.005352,0.229183,39.0177007,-104.8938165,2175.23,15.056,-9.68,-2.27,-0.11,191.56,-116.01,-27.801,39.0177182,-104.8938113,2173.62,9.96,,29,,,,9.943,,0.11,,-2.843928,-1.314091,-9.267284,0.041,-0.035,0.003,-80.0,90.0,480.0,15.251,10.5,74.0,97.0,22.75,,,,,,,,,,,,,,,,,,,,,2026-04-01 14:44:47,True,34.864,10.915,382.46,160.136
2026-04-08T16:57:58.370Z,2026-04-08T16:57:58.370Z,46.433,603,,,,,9.625691,-15.011494,-168.449592,0.572958,-0.057296,0.687549,39.0176944,-104.8938184,2175.23,15.056,-9.66,-2.28,-0.12,191.58,-116.71,-27.965,39.0177182,-104.8938113,2173.62,9.96,,29,,,,9.925,,0.12,,-3.177355,-1.853457,-9.198638,0.01,-0.001,0.012,-80.0,90.0,480.0,15.16,11.68,74.0,97.0,22.75,,,,,,,,,,,,,,,,,,,,,2026-04-01 14:44:47,True,34.864,10.918,381.962,177.069
2026-04-08T16:57:58.452Z,2026-04-08T16:57:58.452Z,46.515,604,,,,,9.682987,-15.011494,-168.392296,-0.343775,1.260507,1.375099,39.0176909,-104.8938195,2175.23,15.054,-9.67,-2.27,-0.11,191.65,-117.099,-28.06,39.0177182,-104.8938113,2173.62,9.96,,29,,,,9.933,,0.11,,-2.932188,-1.392544,-9.433997,-0.005,0.021,0.023,-79.0,90.0,480.0,15.16,11.68,74.0,97.0,22.75,,,,,,,,,,,,,,,,,,,,,2026-04-01 14:44:47,True,34.886,10.901,381.713,177.069
2026-04-08T16:57:58.544Z,2026-04-08T16:57:58.544Z,46.607,605,,,,,9.682987,-15.011494,-168.220409,-0.171887,0.286479,2.234535,39.0176813,-104.8938224,2175.23,15.054,-9.66,-2.28,-0.11,191.84,-118.167,-28.311,39.0177007,-104.8938166,2173.62,9.94,,29,,,,9.925,,0.11,,-2.902768,-1.108151,-9.345737,-0.002,0.004,0.038,-79.0,92.0,479.0,15.161,11.66,75.0,97.0,22.75,,,,,,,,,,,,,,,,,,,,,2026-04-01 14:44:47,True,34.864,10.908,382.377,176.777
2026-04-08T16:57:58.615Z,2026-04-08T16:57:58.615Z,46.678,606,,,,,9.625691,-14.896903,-167.93393,0.572958,1.260507,2.922085,39.0176734,-104.8938249,2175.22,15.048,-9.62,-2.31,-0.13,192.11,-119.045,-28.527,39.0177007,-104.8938166,2173.62,9.94,,29,,,,9.893,,0.13,,-2.843928,-1.853457,-9.414384,0.01,0.021,0.05,-79.0,92.0,480.0,15.161,11.66,75.0,97.0,22.75,,,,,,,,,,,,,,,,,,,,,2026-04-01 14:44:47,True,34.886,10.913,382.211,176.777
2026-04-08T16:57:58.685Z,2026-04-08T16:57:58.685Z,46.748,607,,,,,9.453804,-14.896903,-167.704747,-3.265859,2.062648,2.57831,39.0176676,-104.8938267,2175.22,15.049,-9.62,-2.31,-0.12,192.32,-119.69,-28.682,39.0177007,-104.8938166,2173.62,9.94,,29,,,,9.893,,0.12,,-2.883155,-1.882877,-9.453611,-0.056,0.035,0.044,-79.0,92.0,480.0,15.161,11.66,75.0,97.0,22.75,,,,,,,,,,,,,,,,,,,,,2026-04-01 14:44:47,True,34.841,10.913,382.377,176.777
2026-04-08T16:57:58.755Z,2026-04-08T16:57:58.755Z,46.818,608,,,,,9.167325,-15.011494,-167.475564,-1.08862,-2.406423,3.208564,39.0176614,-104.8938287,2175.22,15.048,-9.6,-2.32,-0.16,192.54,-120.38,-28.855,39.0176833,-104.893822,2173.63,9.91,,29,,,,9.876,,0.16,,-2.637989,-1.539644,-9.453611,-0.019,-0.042,0.055,-79.0,92.0,479.0,15.239,10.6,76.0,97.0,22.75,,,,,,,,,,,,,,,,,,,,,2026-04-01 14:44:47,True,34.924,10.92,382.377,161.533
2026-04-08T16:57:58.827Z,2026-04-08T16:57:58.827Z,46.89,609,,,,,9.224621,-14.954198,-167.303676,1.432394,3.323155,2.922085,39.017656,-104.8938304,2175.23,15.051,-9.6,-2.34,-0.16,192.74,-120.98,-29.002,39.0176833,-104.893822,2173.63,9.91,,29,,,,9.881,,0.16,,-3.334261,-1.627904,-9.394771,0.025,0.058,0.05,-80.0,91.0,481.0,15.239,10.6,76.0,97.0,22.75,,,,,,,,,,,,,,,,,,,,,2026-04-01 14:44:47,True,34.894,10.923,382.46,161.533
2026-04-08T16:57:58.897Z,2026-04-08T16:57:58.897Z,46.96,610,,,,,9.224621,-14.896903,-167.017197,-1.317803,-3.265859,3.552338,39.0176494,-104.8938325,2175.23,15.058,-9.58,-2.33,-0.17,192.98,-121.714,-29.183,39.0176659,-104.8938274,2173.65,9.89,,29,,,,9.859,,0.17,,-2.716442,-1.794617,-9.57129,-0.023,-0.057,0.061,-80.0,93.0,480.0,15.239,10.6,76.0,97.0,22.75,,,,,,,,,,,,,,,,,,,,,2026-04-01 14:44:47,True,34.871,10.92,382.626,161.533
2026-04-08T16:57:58.966Z,2026-04-08T16:57:58.966Z,47.029,611,,,,,8.766254,-15.46986,-166.902606,-5.557691,-9.91217,2.807493,39.0176431,-104.8938345,2175.24,15.064,-9.57,-2.32,-0.16,193.12,-122.414,-29.356,39.0176659,-104.8938274,2173.65,9.89,,29,,,,9.847,,0.16,,-2.794895,-1.892683,-8.639659,-0.096,-0.173,0.048,-80.0,93.0,480.0,15.219,9.53,76.0,97.0,22.75,,,,,,,,,,,,,,,,,,,,,2026-04-01 14:44:47,True,34.902,10.93,381.631,145.037
2026-04-08T16:57:59.046Z,2026-04-08T16:57:59.046Z,47.109,612,,,,,8.479775,-15.928227,-166.902606,-4.698254,-7.73493,0.0,39.0176388,-104.8938359,2175.24,15.067,-9.56,-2.3,-0.13,193.05,-122.893,-29.477,39.0176659,-104.8938274,2173.65,9.89,,29,,,,9.833,,0.13,,-2.775282,-1.510224,-8.825985,-0.082,-0.135,0.0,-75.0,89.0,481.0,15.219,9.53,76.0,97.0,22.75,,,,,,,,,,,,,,,,,,,,,2026-04-01 14:44:47,True,34.871,10.918,382.377,145.037
2026-04-08T16:57:59.118Z,2026-04-08T16:57:59.118Z,47.181,613,,,,,8.82355,-16.329297,-167.303676,3.151268,-4.583662,-3.724226,39.0176301,-104.8938386,2175.25,15.071,-9.57,-2.28,-0.11,192.67,-123.86,-29.71,39.0176486,-104.8938327,2173.65,9.84,,29,,,,9.838,,0.11,,-2.765475,-1.657324,-8.767145,0.055,-0.08,-0.064,-68.0,87.0,482.0,15.219,9.53,76.0,97.0,22.75,,,,,,,,,,,,,,,,,,,,,2026-04-01 14:44:47,True,34.879,10.92,381.796,145.037
2026-04-08T16:57:59.185Z,2026-04-08T16:57:59.185Z,47.248,614,,,,,9.167325,-16.615776,-167.647451,4.583662,-4.812845,-4.125296,39.0176243,-104.8938404,2175.25,15.071,-9.58,-2.26,-0.08,192.31,-124.505,-29.866,39.0176486,-104.8938327,2173.65,9.84,,29,,,,9.843,,0.08,,-2.834122,-1.922103,-8.924052,0.08,-0.084,-0.072,-68.0,87.0,482.0,15.09,12.24,77.0,97.0,22.75,,,,,,,,,,,,,,,,,,,,,2026-04-01 14:44:47,True,34.871,10.918,382.128,184.702
2026-04-08T16:57:59.265Z,2026-04-08T16:57:59.265Z,47.328,615,,,,,9.281916,-16.730368,-167.762042,4.125296,-3.495043,-4.068,39.0176215,-104.8938412,2175.25,15.07,-9.56,-2.26,-0.07,192.17,-124.816,-29.935,39.0176486,-104.8938327,2173.65,9.84,,29,,,,9.824,,0.07,,-2.932188,-1.804424,-9.031925,0.072,-0.061,-0.071,-65.0,88.0,481.0,15.09,12.24,77.0,97.0,22.75,,,,,,,,,,,,,,,,,,,,,2026-04-01 14:44:48,True,34.879,10.913,382.543,184.702
2026-04-08T16:57:59.333Z,2026-04-08T16:57:59.333Z,47.396,616,,,,,9.682987,-16.959551,-168.392296,1.890761,-2.234535,-2.807493,39.0176113,-104.8938443,2175.25,15.072,-9.6,-2.23,-0.07,191.6,-125.95,-30.203,39.0176314,-104.893838,2173.65,9.86,,29,,,,9.856,,0.07,,-2.716442,-1.912297,-9.061345,0.033,-0.039,-0.049,-62.0,91.0,481.0,15.09,12.24,77.0,97.0,22.75,,,,,,,,,,,,,,,,,,,,,2026-04-01 14:44:48,True,34.879,10.927,382.211,184.702
2026-04-08T16:57:59.402Z,2026-04-08T16:57:59.402Z,47.465,617,,,,,10.084057,-16.673072,-168.449592,7.906818,6.64631,-0.974028,39.0176053,-104.8938461,2175.25,15.073,-9.6,-2.21,-0.06,191.55,-126.618,-30.358,39.0176314,-104.893838,2173.65,9.86,,29,,,,9.851,,0.06,,-2.853735,-2.304563,-9.100571,0.137,0.115,-0.017,-61.0,92.0,481.0,15.09,12.24,77.0,97.0,22.75,,,,,,,,,,,,,,,,,,,,,2026-04-01 14:44:48,True,34.879,10.92,382.625,184.702
2026-04-08T16:57:59.468Z,2026-04-08T16:57:59.468Z,47.531,618,,,,,10.542423,-16.386593,-168.392296,4.984733,2.521014,0.916732,39.017599,-104.8938479,2175.25,15.075,-9.61,-2.2,-0.08,191.65,-127.318,-30.514,39.0176314,-104.893838,2173.65,9.86,,29,,,,9.859,,0.08,,-2.981222,-1.549451,-9.492837,0.087,0.043,0.015,-61.0,92.0,481.0,15.09,12.24,77.0,97.0,22.75,,,,,,,,,,,,,,,,,,,,,2026-04-01 14:44:48,True,34.886,10.923,382.045,184.702
2026-04-08T16:57:59.543Z,2026-04-08T16:57:59.543Z,47.606,619,,,,,10.657015,-16.15741,-168.220409,1.718873,3.151268,1.317803,39.0175939,-104.8938495,2175.25,15.077,-9.61,-2.25,-0.09,191.77,-127.885,-30.652,39.0176141,-104.8938434,2173.65,9.87,,29,,,,9.87,,0.09,,-2.843928,-1.559257,-9.57129,0.03,0.055,0.022,-65.0,98.0,479.0,15.127,12.46,78.0,97.0,22.75,,,,,,,,,,,,,,,,,,,,,2026-04-01 14:44:48,True,34.879,10.915,382.46,188.482
2026-04-08T16:57:59.610Z,2026-04-08T16:57:59.610Z,47.673,620,,,,,10.714311,-16.042818,-168.048521,1.718873,2.807493,2.291831,39.0175868,-104.8938516,2175.26,15.083,-9.6,-2.26,-0.11,191.98,-128.675,-30.833,39.0176141,-104.8938434,2173.65,9.87,,29,,,,9.862,,0.11,,-2.971415,-2.059396,-9.306511,0.029,0.048,0.039,-69.0,101.0,480.0,15.127,12.46,78.0,97.0,22.75,,,,,,,,,,,,,,,,,,,,,2026-04-01 14:44:48,True,34.871,10.913,382.626,188.482
2026-04-08T16:57:59.677Z,2026-04-08T16:57:59.677Z,47.74,621,,,,,10.657015,-15.813635,-167.876634,-1.833465,5.500395,1.604282,39.0175816,-104.8938532,2175.27,15.09,-9.61,-2.26,-0.14,192.18,-129.253,-30.971,39.0176141,-104.8938434,2173.65,9.87,,29,,,,9.872,,0.14,,-3.069481,-1.87307,-9.728197,-0.031,0.095,0.027,-69.0,101.0,480.0,15.127,12.46,78.0,97.0,22.75,,,,,,,,,,,,,,,,,,,,,2026-04-01 14:44:48,True,34.894,10.923,382.045,188.482
2026-04-08T16:57:59.746Z,2026-04-08T16:57:59.746Z,47.809,622,,,,,10.485128,-15.756339,-167.647451,-0.515662,-0.458366,3.151268,39.0175757,-104.893855,2175.27,15.097,-9.6,-2.26,-0.17,192.4,-129.909,-31.127,39.0175967,-104.8938486,2173.67,9.95,,29,,,,9.862,,0.17,,-2.569342,-1.72597,-9.904716,-0.008,-0.008,0.054,-70.0,102.0,478.0,15.259,9.95,79.0,97.0,22.75,,,,,,,,,,,,,,,,,,,,,2026-04-01 14:44:48,True,34.879,10.925,382.543,151.827
2026-04-08T16:57:59.815Z,2026-04-08T16:57:59.815Z,47.878,623,,,,,10.542423,-15.699044,-167.418268,1.031324,2.864789,2.692902,39.0175694,-104.8938569,2175.28,15.105,-9.61,-2.29,-0.16,192.64,-130.61,-31.291,39.0175967,-104.8938486,2173.67,9.95,,29,,,,9.879,,0.16,,-3.304841,-1.490611,-9.100571,0.017,0.05,0.046,-73.0,102.0,480.0,15.259,9.95,79.0,97.0,22.75,,,,,,,,,,,,,,,,,,,,,2026-04-01 14:44:48,True,34.871,10.93,382.128,151.827
2026-04-08T16:57:59.882Z,2026-04-08T16:57:59.882Z,47.945,624,,,,,10.370536,-15.584452,-167.24638,-3.323155,-2.521014,1.661578,39.0175635,-104.8938587,2175.29,15.111,-9.6,-2.3,-0.15,192.76,-131.266,-31.447,39.0175967,-104.8938486,2173.67,9.95,,29,,,,9.872,,0.15,,-2.814509,-2.118236,-9.110378,-0.058,-0.044,0.028,-73.0,102.0,480.0,15.259,9.95,79.0,97.0,22.75,,,,,,,,,,,,,,,,,,,,,2026-04-01 14:44:48,True,34.917,10.927,382.045,151.827
2026-04-08T16:57:59.949Z,2026-04-08T16:57:59.949Z,48.012,625,,,,,10.370536,-15.584452,-167.189085,1.546986,2.521014,-0.40107,39.0175574,-104.8938607,2175.29,15.114,-9.58,-2.32,-0.13,192.81,-131.944,-31.619,39.0175793,-104.8938539,2173.66,9.9,,29,,,,9.857,,0.13,,-2.834122,-1.637711,-9.031925,0.026,0.044,-0.007,-74.0,103.0,478.0,15.152,10.85,79.0,97.0,22.75,,,,,,,,,,,,,,,,,,,,,2026-04-01 14:44:48,True,34.886,10.913,382.543,164.399
2026-04-08T16:58:00.020Z,2026-04-08T16:58:00.020Z,48.083,626,,,,,10.427832,-15.46986,-167.303676,-1.604282,2.979381,-2.807493,39.017552,-104.8938624,2175.29,15.116,-9.57,-2.32,-0.1,192.7,-132.544,-31.766,39.0175793,-104.8938539,2173.66,9.9,,29,,,,9.847,,0.1,,-2.981222,-1.78481,-8.963278,-0.027,0.051,-0.049,-73.0,102.0,478.0,15.152,10.85,79.0,97.0,22.75,,,,,,,,,,,,,,,,,,,,,2026-04-01 14:44:48,True,34.894,10.918,382.46,164.399
2026-04-08T16:58:00.098Z,2026-04-08T16:58:00.098Z,48.161,627,,,,,10.255945,-15.183382,-167.475564,-1.776169,4.583662,-3.380451,39.0175462,-104.8938642,2175.29,15.117,-9.57,-2.33,-0.09,192.52,-133.189,-31.922,39.0175793,-104.8938539,2173.66,9.9,,29,,,,9.85,,0.09,,-2.834122,-1.84365,-9.129991,-0.03,0.079,-0.058,-73.0,102.0,478.0,15.152,10.85,79.0,97.0,22.75,,,,,,,,,,,,,,,,,,,,,2026-04-01 14:44:48,True,34.871,10.913,382.211,164.399
2026-04-08T16:58:00.168Z,2026-04-08T16:58:00.168Z,48.231,628,,,,,10.370536,-14.438536,-167.704747,-1.48969,7.620339,-4.354479,39.0175391,-104.8938665,2175.29,15.115,-9.55,-2.34,-0.1,192.29,-133.979,-32.12,39.0175619,-104.8938593,2173.68,9.84,,29,,,,9.833,,0.1,,-2.922382,-2.177076,-9.414384,-0.026,0.132,-0.076,-74.0,101.0,476.0,15.155,11.88,80.0,97.0,22.75,,,,,,,,,,,,,,,,,,,,,2026-04-01 14:44:48,True,34.879,10.918,381.713,180.041
2026-04-08T16:58:00.245Z,2026-04-08T16:58:00.245Z,48.308,629,,,,,10.255945,-14.209353,-167.819338,-4.068,2.406423,-3.609634,39.0175348,-104.8938678,2175.29,15.116,-9.54,-2.31,-0.08,192.12,-134.457,-32.233,39.0175619,-104.8938593,2173.68,9.84,,29,,,,9.816,,0.08,,-2.834122,-1.69655,-8.943665,-0.071,0.041,-0.063,-83.0,100.0,477.0,15.155,11.88,80.0,97.0,22.75,,,,,,,,,,,,,,,,,,,,,2026-04-01 14:44:49,True,34.894,10.913,382.46,180.041
2026-04-08T16:58:00.315Z,2026-04-08T16:58:00.315Z,48.378,630,,,,,10.198649,-13.235325,-167.93393,4.75555,12.089409,-2.463719,39.0175262,-104.8938706,2175.29,15.113,-9.51,-2.33,-0.06,192.04,-135.413,-32.475,39.0175447,-104.8938646,2173.69,9.83,,29,,,,9.791,,0.06,,-3.000835,-1.539644,-9.228058,0.082,0.211,-0.043,-87.0,97.0,476.0,15.155,11.88,80.0,97.0,22.75,,,,,,,,,,,,,,,,,,,,,2026-04-01 14:44:49,True,34.879,10.923,382.543,180.041
2026-04-08T16:58:00.383Z,2026-04-08T16:58:00.383Z,48.446,631,,,,,10.370536,-12.089409,-167.876634,0.171887,15.297973,-1.08862,39.0175204,-104.8938724,2175.29,15.113,-9.46,-2.35,-0.08,192.15,-136.058,-32.63,39.0175447,-104.8938646,2173.69,9.83,,29,,,,9.748,,0.08,,-3.079288,-1.657324,-9.845877,0.002,0.266,-0.019,-87.0,97.0,476.0,15.139,12.98,81.0,97.0,22.75,,,,,,,,,,,,,,,,,,,,,2026-04-01 14:44:49,True,34.894,10.927,382.211,196.504
2026-04-08T16:58:00.459Z,2026-04-08T16:58:00.459Z,48.522,632,,,,,10.255945,-11.631043,-167.762042,-3.552338,16.443889,-0.0,39.0175176,-104.8938733,2175.29,15.114,-9.46,-2.34,-0.11,192.26,-136.369,-32.708,39.0175447,-104.8938646,2173.69,9.83,,29,,,,9.745,,0.11,,-3.059675,-1.441578,-10.04201,-0.061,0.286,0.0,-100.0,99.0,474.0,15.139,12.98,81.0,97.0,22.75,,,,,,,,,,,,,,,,,,,,,2026-04-01 14:44:49,True,34.879,10.911,382.46,196.504
2026-04-08T16:58:00.529Z,2026-04-08T16:58:00.529Z,48.592,633,,,,,9.511099,-10.084057,-167.418268,-4.927437,12.49048,-0.40107,39.0175083,-104.8938763,2175.3,15.124,-9.37,-2.35,-0.19,192.62,-137.404,-32.967,39.0175277,-104.8938701,2173.71,9.71,,29,,,,9.66,,0.19,,-3.138128,-1.500417,-9.767423,-0.085,0.217,-0.007,-114.0,97.0,472.0,15.139,12.98,81.0,97.0,22.75,,,,,,,,,,,,,,,,,,,,,2026-04-01 14:44:49,True,34.886,10.925,382.294,196.504
2026-04-08T16:58:00.602Z,2026-04-08T16:58:00.602Z,48.665,634,,,,,9.511099,-9.511099,-167.360972,1.776169,5.729578,-0.859437,39.0175026,-104.8938782,2175.3,15.128,-9.3,-2.36,-0.16,192.64,-138.037,-33.131,39.0175277,-104.8938701,2173.71,9.71,,29,,,,9.595,,0.16,,-2.804702,-1.245445,-8.953471,0.031,0.099,-0.015,-126.0,94.0,472.0,15.396,8.01,81.0,97.0,22.75,,,,,,,,,,,,,,,,,,,,,2026-04-01 14:44:49,True,34.886,10.918,382.377,123.322
2026-04-08T16:58:00.686Z,2026-04-08T16:58:00.686Z,48.749,635,,,,,9.568395,-9.511099,-167.360972,4.354479,3.953409,-0.859437,39.0175007,-104.8938788,2175.3,15.129,-9.29,-2.36,-0.15,192.63,-138.249,-33.183,39.0175277,-104.8938701,2173.71,9.71,,29,,,,9.585,,0.15,,-2.765475,-1.245445,-8.669079,0.075,0.068,-0.014,-126.0,94.0,472.0,15.396,8.01,81.0,97.0,22.75,,,,,,,,,,,,,,,,,,,,,2026-04-01 14:44:49,True,34.864,10.908,382.708,123.322
2026-04-08T16:58:00.758Z,2026-04-08T16:58:00.758Z,48.821,636,,,,,9.281916,-9.91217,-167.360972,-7.849522,-2.979381,0.572958,39.0174894,-104.8938825,2175.3,15.128,-9.15,-2.32,-0.05,192.63,-139.505,-33.503,39.0175108,-104.8938754,2173.74,9.56,,29,,,,9.44,,0.05,,-2.559536,-1.824037,-9.051538,-0.137,-0.052,0.01,-126.0,96.0,469.0,15.017,12.73,82.0,97.0,22.75,,,,,,,,,,,,,,,,,,,,,2026-04-01 14:44:49,True,34.909,10.923,382.542,191.166
2026-04-08T16:58:00.827Z,2026-04-08T16:58:00.827Z,48.89,637,,,,,8.880846,-9.969466,-167.360972,-8.078705,-0.572958,0.286479,39.0174843,-104.8938842,2175.3,15.125,-9.11,-2.29,-0.04,192.65,-140.072,-33.65,39.0175108,-104.8938754,2173.74,9.56,,29,,,,9.393,,0.04,,-2.804702,-1.863264,-9.129991,-0.141,-0.01,0.005,-122.0,90.0,468.0,15.017,12.73,82.0,97.0,22.75,,,,,,,,,,,,,,,,,,,,,2026-04-01 14:44:49,True,34.864,10.92,382.294,191.166
2026-04-08T16:58:00.896Z,2026-04-08T16:58:00.896Z,48.959,638,,,,,8.136001,-9.625691,-167.24638,-9.052733,6.187944,0.859437,39.017478,-104.8938863,2175.3,15.12,-9.04,-2.29,-0.06,192.75,-140.773,-33.831,39.0174943,-104.8938808,2173.74,9.37,,29,,,,9.326,,0.06,,-2.628182,-2.098623,-9.63013,-0.157,0.107,0.015,-122.0,85.0,469.0,15.017,12.73,82.0,97.0,22.75,,,,,,,,,,,,,,,,,,,,,2026-04-01 14:44:49,True,34.886,10.927,382.875,191.166
2026-04-08T16:58:00.961Z,2026-04-08T16:58:00.961Z,49.024,639,,,,,7.448451,-9.281916,-167.131789,-11.802931,4.698254,1.432394,39.0174722,-104.8938882,2175.29,15.112,-8.99,-2.26,-0.08,192.88,-141.418,-33.995,39.0174943,-104.8938808,2173.74,9.37,,29,,,,9.27,,0.08,,-2.736055,-1.304284,-9.86549,-0.206,0.081,0.024,-122.0,85.0,469.0,15.18,11.11,82.0,97.0,22.75,,,,,,,,,,,,,,,,,,,,,2026-04-01 14:44:49,True,34.894,10.932,382.46,168.65
2026-04-08T16:58:01.032Z,2026-04-08T16:58:01.032Z,49.095,640,,,,,6.875494,-9.052733,-167.017197,-11.00079,5.500395,2.119944,39.0174681,-104.8938895,2175.28,15.109,-8.94,-2.24,-0.08,193.01,-141.874,-34.107,39.0174943,-104.8938808,2173.74,9.37,,29,,,,9.216,,0.08,,-2.343789,-1.470998,-9.934136,-0.192,0.095,0.037,-128.0,76.0,471.0,15.18,11.11,82.0,97.0,22.75,,,,,,,,,,,,,,,,,,,,,2026-04-01 14:44:49,True,34.909,10.93,382.46,168.65
2026-04-08T16:58:01.098Z,2026-04-08T16:58:01.098Z,49.161,641,,,,,6.359832,-8.250592,-166.788014,-2.807493,10.886198,0.916732,39.0174612,-104.8938917,2175.28,15.106,-8.87,-2.22,-0.12,193.26,-142.641,-34.298,39.0174943,-104.8938808,2173.74,9.37,,29,,,,9.144,,0.12,,-2.549729,-1.451384,-10.07143,-0.048,0.189,0.015,-133.0,70.0,471.0,15.18,11.11,82.0,97.0,22.75,,,,,,,,,,,,,,,,,,,,,2026-04-01 14:44:49,True,34.902,10.927,382.294,168.65
2026-04-08T16:58:01.171Z,2026-04-08T16:58:01.171Z,49.234,642,,,,,6.016057,-7.563043,-166.616127,-5.385803,10.485128,1.604282,39.0174563,-104.8938933,2175.28,15.104,-8.82,-2.2,-0.18,193.41,-143.186,-34.436,39.0174781,-104.8938861,2173.73,9.29,,29,,,,9.09,,0.18,,-2.569342,-1.402351,-10.022396,-0.093,0.182,0.027,-133.0,70.0,471.0,15.353,9.04,83.0,97.0,22.75,,,,,,,,,,,,,,,,,,,,,2026-04-01 14:44:49,True,34.924,10.923,382.377,138.791
2026-04-08T16:58:01.242Z,2026-04-08T16:58:01.242Z,49.305,643,,,,,5.786874,-7.219268,-166.558831,-3.380451,3.896113,0.802141,39.0174524,-104.8938946,2175.28,15.104,-8.78,-2.17,-0.18,193.47,-143.619,-34.548,39.0174781,-104.8938861,2173.73,9.29,,29,,,,9.044,,0.18,,-2.687022,-1.647517,-9.522257,-0.059,0.067,0.013,-143.0,68.0,470.0,15.353,9.04,83.0,97.0,22.75,,,,,,,,,,,,,,,,,,,,,2026-04-01 14:44:50,True,34.917,10.92,382.543,138.791
2026-04-08T16:58:01.308Z,2026-04-08T16:58:01.308Z,49.371,644,,,,,5.099324,-7.276564,-166.616127,-8.594367,-3.896113,-1.375099,39.0174446,-104.893897,2175.28,15.1,-8.66,-2.11,-0.17,193.37,-144.487,-34.755,39.0174621,-104.8938913,2173.75,9.04,,29,,,,8.913,,0.17,,-2.520309,-1.500417,-9.159411,-0.149,-0.068,-0.023,-147.0,63.0,469.0,15.353,9.04,83.0,97.0,22.75,,,,,,,,,,,,,,,,,,,,,2026-04-01 14:44:50,True,34.924,10.93,382.709,138.791
2026-04-08T16:58:01.376Z,2026-04-08T16:58:01.376Z,49.439,645,,,,,4.698254,-7.620339,-166.730718,-6.073353,-6.474423,-1.833465,39.01744,-104.8938985,2175.28,15.1,-8.61,-2.05,-0.14,193.21,-144.998,-34.885,39.0174621,-104.8938913,2173.75,9.04,,29,,,,8.851,,0.14,,-2.500696,-1.392544,-9.100571,-0.106,-0.113,-0.032,-147.0,63.0,469.0,15.28,8.58,83.0,97.0,22.75,,,,,,,,,,,,,,,,,,,,,2026-04-01 14:44:50,True,34.917,10.927,382.128,131.102
2026-04-08T16:58:01.455Z,2026-04-08T16:58:01.455Z,49.518,646,,,,,4.526367,-7.792226,-166.902606,-3.838817,-5.614986,-2.922085,39.0174369,-104.8938994,2175.27,15.096,-8.56,-2.02,-0.13,193.09,-145.343,-34.963,39.0174621,-104.8938913,2173.75,9.04,,29,,,,8.795,,0.13,,-2.559536,-1.588677,-9.267284,-0.067,-0.098,-0.051,-144.0,56.0,469.0,15.28,8.58,83.0,97.0,22.75,,,,,,,,,,,,,,,,,,,,,2026-04-01 14:44:50,True,34.909,10.918,383.041,131.102
2026-04-08T16:58:01.526Z,2026-04-08T16:58:01.526Z,49.589,647,,,,,4.354479,-7.964113,-167.303676,-4.812845,-0.974028,-4.239888,39.0174286,-104.8939018,2175.27,15.09,-8.47,-1.92,-0.12,192.63,-146.266,-35.17,39.0174464,-104.8938961,2173.78,8.82,,29,,,,8.685,,0.12,,-2.383016,-1.618097,-9.492837,-0.084,-0.017,-0.074,-139.0,52.0,471.0,15.28,8.58,83.0,97.0,22.75,,,,,,,,,,,,,,,,,,,,,2026-04-01 14:44:50,True,34.924,10.93,382.875,131.102
2026-04-08T16:58:01.591Z,2026-04-08T16:58:01.591Z,49.654,648,,,,,3.896113,-8.021409,-167.647451,-9.110029,-0.630254,-4.870141,39.0174235,-104.8939033,2175.26,15.081,-8.44,-1.87,-0.12,192.31,-146.833,-35.3,39.0174464,-104.8938961,2173.78,8.82,,29,,,,8.645,,0.12,,-2.029977,-1.333704,-9.355544,-0.158,-0.011,-0.085,-139.0,48.0,472.0,15.217,9.71,84.0,97.0,22.75,,,,,,,,,,,,,,,,,,,,,2026-04-01 14:44:50,True,34.909,10.93,382.46,147.757
2026-04-08T16:58:01.679Z,2026-04-08T16:58:01.679Z,49.742,649,,,,,3.724226,-7.964113,-167.762042,-7.104677,0.171887,-5.213916,39.0174218,-104.8939037,2175.25,15.078,-8.41,-1.86,-0.1,192.19,-147.022,-35.334,39.0174464,-104.8938961,2173.78,8.82,,29,,,,8.613,,0.1,,-2.265336,-1.588677,-9.414384,-0.123,0.002,-0.091,-139.0,48.0,472.0,15.217,9.71,84.0,97.0,22.75,,,,,,,,,,,,,,,,,,,,,2026-04-01 14:44:50,True,34.871,10.918,382.128,147.757
2026-04-08T16:58:01.751Z,2026-04-08T16:58:01.751Z,49.814,650,,,,,3.380451,-7.391156,-168.564183,-7.505747,8.078705,-6.875494,39.0174122,-104.8939063,2175.24,15.063,-8.32,-1.76,-0.12,191.39,-148.089,-35.559,39.017431,-104.8939006,2173.8,8.73,,29,,,,8.504,,0.12,,-2.275143,-1.824037,-10.247949,-0.13,0.14,-0.12,-140.0,41.0,472.0,15.243,10.23,85.0,97.0,22.75,,,,,,,,,,,,,,,,,,,,,2026-04-01 14:44:50,True,34.902,10.927,382.792,155.936
2026-04-08T16:58:01.824Z,2026-04-08T16:58:01.824Z,49.887,651,,,,,3.093972,-6.531719,-168.965254,-3.208564,12.318593,-6.187944,39.0174068,-104.8939077,2175.23,15.058,-8.3,-1.67,-0.18,190.99,-148.69,-35.68,39.017431,-104.8939006,2173.8,8.73,,29,,,,8.466,,0.18,,-2.314369,-1.098345,-10.228336,-0.055,0.214,-0.108,-147.0,37.0,471.0,15.243,10.23,85.0,97.0,23.0,,,,,,,,,,,,,,,,,,,,,2026-04-01 14:44:50,True,34.902,10.925,382.709,155.936
2026-04-08T16:58:01.896Z,2026-04-08T16:58:01.896Z,49.959,652,,,,,3.323155,-5.557691,-169.309028,2.807493,10.141353,-5.328507,39.0174009,-104.8939092,2175.23,15.055,-8.22,-1.61,-0.2,190.62,-149.346,-35.809,39.0174158,-104.8939046,2173.83,8.49,,29,,,,8.376,,0.2,,-2.25553,-1.323898,-9.796843,0.048,0.176,-0.093,-157.0,34.0,470.0,15.243,10.23,85.0,97.0,22.75,,,,,,,,,,,,,,,,,,,,,2026-04-01 14:44:50,True,34.902,10.932,382.626,155.936
2026-04-08T16:58:01.965Z,2026-04-08T16:58:01.965Z,50.028,653,,,,,3.036676,-4.927437,-169.652803,-4.927437,7.792226,-4.75555,39.0173958,-104.8939103,2175.23,15.051,-8.15,-1.53,-0.22,190.33,-149.913,-35.904,39.0174158,-104.8939046,2173.83,8.49,,29,,,,8.292,,0.22,,-2.13785,-1.618097,-9.698777,-0.085,0.135,-0.083,-157.0,34.0,470.0,15.422,7.37,85.0,97.0,22.75,,,,,,,,,,,,,,,,,,,,,2026-04-01 14:44:50,True,34.917,10.925,382.46,113.66
2026-04-08T16:58:02.041Z,2026-04-08T16:58:02.041Z,50.104,654,,,,,2.807493,-4.698254,-169.82469,-6.016057,3.437747,-3.380451,39.0173921,-104.8939112,2175.23,15.05,-8.1,-1.51,-0.22,190.16,-150.324,-35.982,39.0174158,-104.8939046,2173.83,8.49,,29,,,,8.24,,0.22,,-2.19669,-1.235638,-9.532064,-0.104,0.059,-0.059,-166.0,32.0,466.0,15.422,7.37,85.0,97.0,22.75,,,,,,,,,,,,,,,,,,,,,2026-04-01 14:44:50,True,34.909,10.925,382.957,113.66
2026-04-08T16:58:02.111Z,2026-04-08T16:58:02.111Z,50.174,655,,,,,2.119944,-4.75555,-170.225761,-6.64631,-1.661578,-4.526367,39.0173849,-104.8939127,2175.22,15.042,-8.0,-1.39,-0.2,189.74,-151.125,-36.112,39.0174009,-104.8939084,2173.86,8.31,,29,,,,8.12,,0.2,,-2.039783,-1.549451,-9.57129,-0.115,-0.029,-0.079,-168.0,26.0,465.0,15.422,7.37,85.0,97.0,22.75,,,,,,,,,,,,,,,,,,,,,2026-04-01 14:44:50,True,34.902,10.923,383.207,113.66
2026-04-08T16:58:02.180Z,2026-04-08T16:58:02.180Z,50.243,656,,,,,1.890761,-4.583662,-170.51224,-5.385803,3.609634,-5.500395,39.0173806,-104.8939136,2175.21,15.039,-7.94,-1.33,-0.21,189.42,-151.603,-36.19,39.0174009,-104.8939084,2173.86,8.31,,29,,,,8.051,,0.21,,-2.284949,-1.569064,-9.934136,-0.093,0.062,-0.096,-168.0,26.0,465.0,15.329,8.13,85.0,97.0,22.75,,,,,,,,,,,,,,,,,,,,,2026-04-01 14:44:50,True,34.924,10.934,382.626,124.625
2026-04-08T16:58:02.264Z,2026-04-08T16:58:02.264Z,50.327,657,,,,,1.718873,-4.469071,-170.741423,-2.349127,2.979381,-6.589015,39.0173778,-104.8939142,2175.21,15.033,-7.91,-1.26,-0.22,189.16,-151.915,-36.241,39.0174009,-104.8939084,2173.86,8.31,,29,,,,8.01,,0.22,,-2.314369,-1.216025,-9.80665,-0.04,0.051,-0.115,-168.0,19.0,465.0,15.329,8.13,85.0,97.0,22.75,,,,,,,,,,,,,,,,,,,,,2026-04-01 14:44:51,True,34.894,10.92,382.958,124.625
2026-04-08T16:58:02.336Z,2026-04-08T16:58:02.336Z,50.399,658,,,,,1.432394,-4.469071,-171.944634,-2.463719,-2.291831,-11.115381,39.0173695,-104.8939157,2175.2,15.025,-7.78,-1.14,-0.23,187.98,-152.837,-36.371,39.0173863,-104.8939117,2173.9,8.11,,29,,,,7.863,,0.23,,-2.147656,-1.441578,-9.65955,-0.042,-0.04,-0.194,-170.0,14.0,466.0,15.329,8.13,85.0,97.0,22.75,,,,,,,,,,,,,,,,,,,,,2026-04-01 14:44:51,True,34.932,10.937,383.207,124.625
2026-04-08T16:58:02.410Z,2026-04-08T16:58:02.410Z,50.473,659,,,,,1.661578,-4.640958,-172.746775,2.864789,-4.354479,-12.032114,39.0173646,-104.8939166,2175.19,15.018,-7.73,-1.06,-0.26,187.13,-153.382,-36.449,39.0173863,-104.8939117,2173.9,8.11,,29,,,,7.802,,0.26,,-1.81423,-1.500417,-9.92433,0.05,-0.076,-0.21,-171.0,9.0,467.0,15.329,8.13,85.0,97.0,22.75,,,,,,,,,,,,,,,,,,,,,2026-04-01 14:44:51,True,34.924,10.923,382.958,124.625
2026-04-08T16:58:02.486Z,2026-04-08T16:58:02.486Z,50.549,660,,,,,1.375099,-5.443099,-173.720803,-9.167325,-14.954198,-12.89155,39.0173596,-104.8939174,2175.19,15.016,-7.68,-0.98,-0.23,186.16,-153.938,-36.518,39.0173863,-104.8939117,2173.9,8.11,,29,,,,7.742,,0.23,,-2.177076,-1.500417,-9.502644,-0.16,-0.261,-0.224,-171.0,9.0,467.0,15.329,8.13,85.0,97.0,23.0,,,,,,,,,,,,,,,,,,,,,2026-04-01 14:44:51,True,34.894,10.923,383.124,124.625
2026-04-08T16:58:02.553Z,2026-04-08T16:58:02.553Z,50.616,661,,,,,0.744845,-6.359832,-174.809423,-7.448451,-8.651663,-13.922874,39.0173542,-104.8939181,2175.18,15.005,-7.66,-0.88,-0.2,185.05,-154.539,-36.578,39.0173719,-104.8939145,2173.94,7.94,,29,,,,7.71,,0.2,,-1.686744,-1.402351,-8.884825,-0.129,-0.151,-0.242,-165.0,4.0,467.0,15.318,8.0,86.0,97.0,22.75,,,,,,,,,,,,,,,,,,,,,2026-04-01 14:44:51,True,34.932,10.937,382.958,122.544
2026-04-08T16:58:02.620Z,2026-04-08T16:58:02.620Z,50.683,662,,,,,0.515662,-6.589015,-175.66886,-6.531719,-3.093972,-14.782311,39.0173499,-104.8939187,2175.17,14.996,-7.62,-0.8,-0.17,184.12,-155.017,-36.63,39.0173719,-104.8939145,2173.94,7.94,,29,,,,7.662,,0.17,,-1.66713,-1.363124,-9.620324,-0.113,-0.054,-0.258,-155.0,-6.0,470.0,15.318,8.0,86.0,97.0,22.75,,,,,,,,,,,,,,,,,,,,,2026-04-01 14:44:51,True,34.902,10.93,383.207,122.544
2026-04-08T16:58:02.688Z,2026-04-08T16:58:02.688Z,50.751,663,,,,,0.171887,-6.474423,-176.814776,-4.583662,2.291831,-15.126086,39.0173453,-104.8939192,2175.16,14.985,-7.6,-0.72,-0.19,183.1,-155.528,-36.673,39.0173719,-104.8939145,2173.94,7.94,,29,,,,7.634,,0.19,,-1.804424,-1.618097,-9.875297,-0.079,0.039,-0.263,-155.0,-6.0,470.0,15.318,8.0,86.0,97.0,23.0,,,,,,,,,,,,,,,,,,,,,2026-04-01 14:44:51,True,34.909,10.927,382.958,122.544
2026-04-08T16:58:02.765Z,2026-04-08T16:58:02.765Z,50.828,664,,,,,0.0,-6.073353,-177.731508,-0.687549,6.24524,-13.464508,39.0173405,-104.8939197,2175.15,14.97,-7.54,-0.63,-0.2,182.17,-156.062,-36.717,39.0173579,-104.8939168,2173.98,7.76,,29,,,,7.566,,0.2,,-1.922103,-1.333704,-10.326402,-0.012,0.108,-0.235,-151.0,-16.0,471.0,15.344,9.32,87.0,97.0,22.75,,,,,,,,,,,,,,,,,,,,,2026-04-01 14:44:51,True,34.902,10.932,383.124,143.006
2026-04-08T16:58:02.836Z,2026-04-08T16:58:02.836Z,50.899,665,,,,,0.057296,-5.958761,-178.419057,1.718873,-2.521014,-11.344564,39.0173363,-104.8939201,2175.14,14.961,-7.52,-0.56,-0.21,181.45,-156.529,-36.751,39.0173579,-104.8939168,2173.98,7.76,,29,,,,7.541,,0.21,,-1.529837,-1.578871,-10.189109,0.03,-0.044,-0.198,-156.0,-22.0,471.0,15.344,9.32,87.0,97.0,22.75,,,,,,,,,,,,,,,,,,,,,2026-04-01 14:44:51,True,34.932,10.927,382.958,143.006
2026-04-08T16:58:02.904Z,2026-04-08T16:58:02.904Z,50.967,666,,,,,-0.687549,-6.703606,-179.278494,-16.15741,-8.537071,-8.136001,39.0173303,-104.8939205,2175.13,14.95,-7.48,-0.43,-0.22,180.68,-157.196,-36.786,39.0173441,-104.8939185,2174.03,7.66,,29,,,,7.492,,0.22,,-1.745584,-1.431771,-9.424191,-0.282,-0.149,-0.142,-153.0,-28.0,470.0,15.344,9.32,87.0,97.0,22.75,,,,,,,,,,,,,,,,,,,,,2026-04-01 14:44:51,True,34.932,10.939,383.041,143.006
2026-04-08T16:58:02.969Z,2026-04-08T16:58:02.969Z,51.032,667,,,,,-1.260507,-6.932789,-179.851452,-4.698254,-0.0,-8.479775,39.0173254,-104.8939207,2175.12,14.948,-7.47,-0.34,-0.23,180.07,-157.741,-36.803,39.0173441,-104.8939185,2174.03,7.66,,29,,,,7.478,,0.23,,-1.559257,-1.127765,-9.796843,-0.081,0.0,-0.148,-153.0,-28.0,470.0,15.248,9.38,87.0,97.0,22.75,,,,,,,,,,,,,,,,,,,,,2026-04-01 14:44:51,True,34.909,10.934,382.958,143.026
2026-04-08T16:58:03.043Z,2026-04-08T16:58:03.043Z,51.106,668,,,,,-1.08862,-6.818198,179.794156,3.66693,2.57831,-9.396508,39.0173227,-104.8939208,2175.12,14.943,-7.45,-0.28,-0.23,179.69,-158.041,-36.812,39.0173441,-104.8939185,2174.03,7.66,,29,,,,7.455,,0.23,,-1.588677,-1.314091,-9.934136,0.064,0.044,-0.164,-149.0,-41.0,471.0,15.248,9.38,87.0,97.0,22.75,,,,,,,,,,,,,,,,,,,,,2026-04-01 14:44:51,True,34.924,10.939,383.207,143.026
2026-04-08T16:58:03.109Z,2026-04-08T16:58:03.109Z,51.172,669,,,,,-1.375099,-6.990085,178.992015,-3.552338,-3.66693,-7.219268,39.017316,-104.893921,2175.11,14.939,-7.43,-0.14,-0.24,178.89,-158.786,-36.829,39.0173304,-104.8939196,2174.08,7.56,,29,,,,7.431,,0.24,,-1.470998,-1.72597,-9.885103,-0.061,-0.064,-0.126,-148.0,-44.0,470.0,15.248,9.38,87.0,97.0,22.75,,,,,,,,,,,,,,,,,,,,,2026-04-01 14:44:51,True,34.939,10.937,382.792,143.026
2026-04-08T16:58:03.174Z,2026-04-08T16:58:03.174Z,51.237,670,,,,,-1.604282,-7.391156,178.590945,-5.443099,-8.136001,-6.474423,39.017312,-104.893921,2175.12,14.94,-7.4,-0.05,-0.24,178.5,-159.231,-36.829,39.0173304,-104.8939196,2174.08,7.56,,29,,,,7.4,,0.24,,-1.78481,-1.539644,-9.57129,-0.095,-0.142,-0.113,-148.0,-44.0,470.0,15.281,8.6,88.0,97.0,22.75,,,,,,,,,,,,,,,,,,,,,2026-04-01 14:44:51,True,34.909,10.937,382.709,131.417
2026-04-08T16:58:03.253Z,2026-04-08T16:58:03.253Z,51.316,671,,,,,-1.776169,-7.677634,178.361762,-7.104677,-7.33386,-6.417127,39.0173093,-104.893921,2175.11,14.936,-7.41,0.01,-0.23,178.23,-159.531,-36.829,39.0173304,-104.8939196,2174.08,7.56,,29,,,,7.41,,0.23,,-1.775004,-1.569064,-9.80665,-0.123,-0.128,-0.112,-144.0,-49.0,471.0,15.281,8.6,88.0,97.0,22.75,,,,,,,,,,,,,,,,,,,,,2026-04-01 14:44:52,True,34.894,10.932,382.709,131.417
2026-04-08T16:58:03.329Z,2026-04-08T16:58:03.329Z,51.392,672,,,,,-1.948057,-8.078705,177.502325,-1.604282,-0.802141,-7.964113,39.017302,-104.8939208,2175.12,14.942,-7.39,0.19,-0.22,177.4,-160.343,-36.812,39.0173167,-104.8939202,2174.12,7.55,,29,,,,7.392,,0.22,,-1.78481,-1.578871,-9.60071,-0.027,-0.014,-0.139,-136.0,-56.0,471.0,15.281,8.6,88.0,97.0,22.75,,,,,,,,,,,,,,,,,,,,,2026-04-01 14:44:52,True,34.909,10.92,382.377,131.417
2026-04-08T16:58:03.398Z,2026-04-08T16:58:03.398Z,51.461,673,,,,,-1.890761,-8.078705,176.986663,-1.203211,1.604282,-7.849522,39.0172971,-104.8939205,2175.12,14.945,-7.37,0.31,-0.23,176.85,-160.888,-36.786,39.0173167,-104.8939202,2174.12,7.55,,29,,,,7.377,,0.23,,-1.578871,-1.274864,-9.904716,-0.021,0.027,-0.137,-135.0,-60.0,472.0,15.187,10.1,88.0,97.0,23.0,,,,,,,,,,,,,,,,,,,,,2026-04-01 14:44:52,True,34.947,10.92,382.46,153.389
2026-04-08T16:58:03.478Z,2026-04-08T16:58:03.478Z,51.541,674,,,,,-1.833465,-8.078705,176.814776,1.260507,1.776169,-7.964113,39.0172959,-104.8939204,2175.12,14.946,-7.36,0.35,-0.24,176.72,-161.021,-36.777,39.0173167,-104.8939202,2174.12,7.55,,29,,,,7.368,,0.24,,-1.490611,-1.274864,-9.83607,0.022,0.03,-0.139,-135.0,-60.0,472.0,15.187,10.1,88.0,97.0,22.75,,,,,,,,,,,,,,,,,,,,,2026-04-01 14:44:52,True,34.909,10.915,382.875,153.389
2026-04-08T16:58:03.551Z,2026-04-08T16:58:03.551Z,51.614,675,,,,,-1.661578,-7.391156,176.012635,2.922085,5.271212,-5.614986,39.0172874,-104.8939196,2175.14,14.961,-7.34,0.54,-0.26,175.96,-161.967,-36.708,39.0173032,-104.8939201,2174.18,7.48,,29,,,,7.36,,0.26,,-1.804424,-1.627904,-9.86549,0.051,0.091,-0.098,-136.0,-61.0,471.0,15.272,9.2,89.0,97.0,22.75,,,,,,,,,,,,,,,,,,,,,2026-04-01 14:44:52,True,34.917,10.934,382.875,140.502
2026-04-08T16:58:03.626Z,2026-04-08T16:58:03.626Z,51.689,676,,,,,-1.317803,-7.276564,175.66886,4.812845,-1.203211,-5.15662,39.0172826,-104.8939192,2175.15,14.973,-7.33,0.67,-0.27,175.58,-162.5,-36.673,39.0173032,-104.8939201,2174.18,7.48,,29,,,,7.361,,0.27,,-1.804424,-1.539644,-9.424191,0.084,-0.021,-0.09,-142.0,-61.0,471.0,15.272,9.2,89.0,97.0,22.75,,,,,,,,,,,,,,,,,,,,,2026-04-01 14:44:52,True,34.909,10.927,383.124,140.502
2026-04-08T16:58:03.702Z,2026-04-08T16:58:03.702Z,51.765,677,,,,,-1.031324,-7.620339,175.153198,-0.916732,-4.583662,-6.302536,39.0172774,-104.8939184,2175.16,14.986,-7.29,0.81,-0.23,175.1,-163.078,-36.604,39.0172897,-104.8939192,2174.25,7.42,,29,,,,7.335,,0.23,,-1.804424,-1.510224,-9.257478,-0.016,-0.08,-0.11,-139.0,-59.0,469.0,15.272,9.2,89.0,97.0,22.75,,,,,,,,,,,,,,,,,,,,,2026-04-01 14:44:52,True,34.932,10.92,382.957,140.502
2026-04-08T16:58:03.767Z,2026-04-08T16:58:03.767Z,51.83,678,,,,,-1.08862,-7.563043,174.58024,1.317803,3.380451,-7.563043,39.017272,-104.8939175,2175.18,15.001,-7.28,0.91,-0.24,174.53,-163.679,-36.526,39.0172897,-104.8939192,2174.25,7.42,,29,,,,7.337,,0.24,,-1.922103,-1.402351,-10.228336,0.023,0.058,-0.132,-139.0,-59.0,469.0,15.137,10.56,89.0,97.0,22.75,,,,,,,,,,,,,,,,,,,,,2026-04-01 14:44:52,True,34.924,10.942,382.958,159.847
2026-04-08T16:58:03.845Z,2026-04-08T16:58:03.845Z,51.908,679,,,,,-0.744845,-7.391156,174.293761,7.161972,6.302536,-8.136001,39.0172693,-104.8939171,2175.18,15.009,-7.27,0.96,-0.27,174.2,-163.979,-36.492,39.0172897,-104.8939192,2174.25,7.42,,29,,,,7.333,,0.27,,-1.69655,-1.304284,-10.159689,0.125,0.109,-0.142,-138.0,-61.0,471.0,15.137,10.56,89.0,97.0,22.75,,,,,,,,,,,,,,,,,,,,,2026-04-01 14:44:52,True,34.955,10.925,383.207,159.847
2026-04-08T16:58:03.911Z,2026-04-08T16:58:03.911Z,51.974,680,,,,,0.171887,-7.391156,173.606212,5.099324,-6.531719,-6.531719,39.0172627,-104.8939158,2175.21,15.033,-7.24,1.11,-0.28,173.53,-164.713,-36.38,39.0172764,-104.8939177,2174.29,7.46,,29,,,,7.325,,0.28,,-1.451384,-1.206218,-9.60071,0.089,-0.114,-0.114,-141.0,-56.0,472.0,15.137,10.56,89.0,97.0,22.75,,,,,,,,,,,,,,,,,,,,,2026-04-01 14:44:52,True,34.939,10.934,383.289,159.847
2026-04-08T16:58:03.978Z,2026-04-08T16:58:03.978Z,52.041,681,,,,,0.515662,-8.078705,173.262437,4.297183,-13.750987,-5.500395,39.0172587,-104.8939149,2175.22,15.046,-7.22,1.18,-0.24,173.19,-165.158,-36.302,39.0172764,-104.8939177,2174.29,7.46,,29,,,,7.316,,0.24,,-1.608291,-1.294478,-9.100571,0.074,-0.24,-0.096,-141.0,-56.0,472.0,15.31,7.46,90.0,97.0,22.75,,,,,,,,,,,,,,,,,,,,,2026-04-01 14:44:52,True,34.955,10.93,382.958,114.213
2026-04-08T16:58:04.051Z,2026-04-08T16:58:04.051Z,52.114,682,,,,,0.572958,-8.651663,173.033254,4.870141,-15.297973,-5.901465,39.0172561,-104.8939144,2175.23,15.053,-7.22,1.21,-0.22,172.95,-165.447,-36.259,39.0172764,-104.8939177,2174.29,7.46,,29,,,,7.321,,0.22,,-1.137571,-1.529837,-9.188831,0.084,-0.267,-0.103,-136.0,-54.0,473.0,15.31,7.46,90.0,97.0,22.75,,,,,,,,,,,,,,,,,,,,,2026-04-01 14:44:52,True,34.939,10.925,382.709,114.213
2026-04-08T16:58:04.120Z,2026-04-08T16:58:04.120Z,52.183,683,,,,,1.145916,-10.141353,172.116522,3.724226,-11.802931,-10.026761,39.0172488,-104.8939127,2175.24,15.065,-7.25,1.33,-0.14,172.03,-166.259,-36.112,39.0172632,-104.8939154,2174.41,7.31,,29,,,,7.371,,0.14,,-1.039505,-1.539644,-9.316318,0.064,-0.206,-0.175,-120.0,-53.0,475.0,15.31,7.46,90.0,97.0,22.75,,,,,,,,,,,,,,,,,,,,,2026-04-01 14:44:52,True,34.939,10.93,382.792,114.213
2026-04-08T16:58:04.184Z,2026-04-08T16:58:04.184Z,52.247,684,,,,,1.375099,-10.886198,171.428972,-2.57831,-12.204001,-12.261297,39.017245,-104.8939117,2175.24,15.068,-7.3,1.39,-0.13,171.31,-166.681,-36.025,39.0172632,-104.8939154,2174.41,7.31,,29,,,,7.431,,0.13,,-1.068925,-1.294478,-9.649744,-0.045,-0.213,-0.214,-120.0,-53.0,475.0,15.054,11.19,90.0,97.0,22.75,,,,,,,,,,,,,,,,,,,,,2026-04-01 14:44:52,True,34.955,10.939,382.958,168.454
2026-04-08T16:58:04.257Z,2026-04-08T16:58:04.257Z,52.32,685,,,,,1.317803,-11.115381,171.085198,-2.234535,-9.281916,-12.834255,39.0172428,-104.8939112,2175.24,15.069,-7.31,1.44,-0.13,170.88,-166.926,-35.982,39.0172632,-104.8939154,2174.41,7.31,,29,,,,7.45,,0.13,,-1.235638,-1.245445,-9.483031,-0.038,-0.162,-0.224,-109.0,-54.0,477.0,15.054,11.19,90.0,97.0,22.75,,,,,,,,,,,,,,,,,,,,,2026-04-01 14:44:53,True,34.932,10.927,382.958,168.454
2026-04-08T16:58:04.332Z,2026-04-08T16:58:04.332Z,52.395,686,,,,,1.604282,-11.688339,169.194437,-1.833465,-7.964113,-17.933579,39.0172355,-104.8939092,2175.24,15.068,-7.41,1.55,-0.12,169.0,-167.738,-35.809,39.01725,-104.8939126,2174.45,7.45,,29,,,,7.57,,0.12,,-1.500417,-1.657324,-9.492837,-0.032,-0.139,-0.313,-101.0,-56.0,479.0,15.054,11.19,90.0,97.0,22.75,,,,,,,,,,,,,,,,,,,,,2026-04-01 14:44:53,True,34.939,10.923,382.708,168.454
2026-04-08T16:58:04.402Z,2026-04-08T16:58:04.402Z,52.465,687,,,,,1.604282,-12.146705,167.704747,-6.24524,-3.953409,-19.194086,39.0172303,-104.8939077,2175.24,15.062,-7.46,1.66,-0.11,167.52,-168.316,-35.68,39.01725,-104.8939126,2174.45,7.45,,29,,,,7.642,,0.11,,-0.862985,-1.431771,-10.081236,-0.108,-0.069,-0.335,-94.0,-61.0,480.0,15.054,11.19,90.0,97.0,22.75,,,,,,,,,,,,,,,,,,,,,2026-04-01 14:44:53,True,34.932,10.934,383.29,168.454
2026-04-08T16:58:04.475Z,2026-04-08T16:58:04.475Z,52.538,688,,,,,1.718873,-12.032114,166.272352,-0.572958,1.776169,-19.251382,39.0172253,-104.8939062,2175.23,15.059,-7.54,1.76,-0.12,166.11,-168.872,-35.55,39.01725,-104.8939126,2174.45,7.45,,29,,,,7.743,,0.12,,-1.451384,-1.676937,-9.816457,-0.009,0.03,-0.336,-94.0,-61.0,480.0,15.054,11.19,90.0,97.0,22.75,,,,,,,,,,,,,,,,,,,,,2026-04-01 14:44:53,True,34.909,10.93,383.456,168.454
2026-04-08T16:58:04.548Z,2026-04-08T16:58:04.548Z,52.611,689,,,,,1.833465,-11.860226,165.069141,-1.031324,1.890761,-17.589804,39.0172207,-104.8939048,2175.23,15.056,-7.59,1.83,-0.14,164.89,-169.383,-35.429,39.0172367,-104.8939093,2174.48,7.63,,29,,,,7.807,,0.14,,-1.216025,-2.010363,-9.885103,-0.018,0.032,-0.307,-90.0,-68.0,481.0,15.171,11.04,92.0,97.0,22.5,,,,,,,,,,,,,,,,,,,,,2026-04-01 14:44:53,True,34.902,10.92,383.124,167.488
2026-04-08T16:58:04.621Z,2026-04-08T16:58:04.621Z,52.684,690,,,,,2.17724,-11.688339,163.923225,1.890761,2.062648,-15.813635,39.0172156,-104.8939032,2175.23,15.053,-7.64,1.91,-0.14,163.73,-169.95,-35.291,39.0172367,-104.8939093,2174.48,7.63,,29,,,,7.875,,0.14,,-1.147378,-1.69655,-10.04201,0.032,0.035,-0.276,-91.0,-71.0,482.0,15.171,11.04,92.0,97.0,22.75,,,,,,,,,,,,,,,,,,,,,2026-04-01 14:44:53,True,34.932,10.932,382.875,167.488
2026-04-08T16:58:04.694Z,2026-04-08T16:58:04.694Z,52.757,691,,,,,2.57831,-11.631043,162.891901,1.145916,-0.687549,-13.5791,39.0172109,-104.8939016,2175.23,15.049,-7.72,2.02,-0.16,162.77,-170.473,-35.153,39.0172367,-104.8939093,2174.48,7.63,,29,,,,7.98,,0.16,,-0.980665,-1.676937,-10.04201,0.02,-0.012,-0.237,-91.0,-71.0,482.0,15.171,11.04,92.0,97.0,22.75,,,,,,,,,,,,,,,,,,,,,2026-04-01 14:44:53,True,34.939,10.934,383.041,167.488
2026-04-08T16:58:04.767Z,2026-04-08T16:58:04.767Z,52.83,692,,,,,2.692902,-11.516452,161.975169,-0.974028,2.17724,-11.172677,39.017205,-104.8938997,2175.23,15.051,-7.77,2.11,-0.17,161.82,-171.129,-34.989,39.017223,-104.8939057,2174.51,7.86,,29,,,,8.051,,0.17,,-1.66713,-1.421964,-9.767423,-0.016,0.037,-0.195,-90.0,-72.0,481.0,15.177,10.55,92.0,97.0,22.75,,,,,,,,,,,,,,,,,,,,,2026-04-01 14:44:53,True,34.932,10.925,382.792,160.117
2026-04-08T16:58:04.847Z,2026-04-08T16:58:04.847Z,52.91,693,,,,,2.979381,-11.287269,161.459507,5.271212,5.042029,-10.31324,39.0172015,-104.8938985,2175.23,15.053,-7.8,2.15,-0.18,161.34,-171.518,-34.885,39.017223,-104.8939057,2174.51,7.86,,29,,,,8.091,,0.18,,-1.049312,-1.794617,-9.83607,0.091,0.087,-0.18,-90.0,-74.0,482.0,15.177,10.55,92.0,97.0,22.75,,,,,,,,,,,,,,,,,,,,,2026-04-01 14:44:53,True,34.909,10.925,383.373,160.117
2026-04-08T16:58:04.927Z,2026-04-08T16:58:04.927Z,52.99,694,,,,,3.66693,-10.886198,160.771957,4.182592,0.343775,-5.786874,39.0171943,-104.893896,2175.23,15.056,-7.88,2.26,-0.18,160.68,-172.319,-34.669,39.0172089,-104.8939015,2174.58,8.09,,29,,,,8.198,,0.18,,-0.892405,-2.04959,-9.71839,0.073,0.005,-0.101,-92.0,-71.0,482.0,15.177,10.55,92.0,97.0,22.75,,,,,,,,,,,,,,,,,,,,,2026-04-01 14:44:53,True,34.924,10.92,383.206,160.117
2026-04-08T16:58:04.993Z,2026-04-08T16:58:04.993Z,53.056,695,,,,,3.896113,-11.00079,160.428183,0.916732,-2.750197,-4.354479,39.0171887,-104.8938939,2175.24,15.061,-7.92,2.36,-0.17,160.35,-172.941,-34.488,39.0172089,-104.8939015,2174.58,8.09,,29,,,,8.264,,0.17,,-1.010085,-1.529837,-9.796843,0.015,-0.048,-0.076,-92.0,-71.0,481.0,15.162,10.35,93.0,97.0,22.75,,,,,,,,,,,,,,,,,,,,,2026-04-01 14:44:53,True,34.939,10.939,383.124,156.927
2026-04-08T16:58:05.074Z,2026-04-08T16:58:05.074Z,53.137,696,,,,,3.724226,-11.115381,160.313591,-0.744845,-2.57831,-4.010705,39.0171871,-104.8938933,2175.24,15.062,-7.96,2.37,-0.18,160.26,-173.119,-34.436,39.0172089,-104.8939015,2174.58,8.09,,29,,,,8.305,,0.18,,-1.117958,-1.804424,-9.532064,-0.012,-0.045,-0.07,-92.0,-71.0,481.0,15.162,10.35,93.0,97.0,22.75,,,,,,,,,,,,,,,,,,,,,2026-04-01 14:44:53,True,34.894,10.918,383.29,156.927
2026-04-08T16:58:05.147Z,2026-04-08T16:58:05.147Z,53.21,697,,,,,4.125296,-10.771607,159.855225,1.948057,3.323155,-3.953409,39.0171777,-104.8938898,2175.25,15.073,-8.05,2.49,-0.2,159.79,-174.165,-34.133,39.0171947,-104.8938968,2174.61,8.2,,29,,,,8.426,,0.2,,-1.176798,-1.274864,-9.532064,0.034,0.058,-0.069,-90.0,-71.0,481.0,15.222,9.85,93.0,97.0,22.75,,,,,,,,,,,,,,,,,,,,,2026-04-01 14:44:53,True,34.917,10.927,382.874,149.937
2026-04-08T16:58:05.220Z,2026-04-08T16:58:05.220Z,53.283,698,,,,,4.068,-10.599719,159.683338,0.572958,2.005352,-1.833465,39.0171724,-104.8938878,2175.25,15.078,-8.09,2.56,-0.17,159.65,-174.754,-33.961,39.0171947,-104.8938968,2174.61,8.2,,29,,,,8.485,,0.17,,-1.363124,-1.824037,-9.767423,0.01,0.034,-0.033,-92.0,-70.0,483.0,15.222,9.85,93.0,97.0,22.75,,,,,,,,,,,,,,,,,,,,,2026-04-01 14:44:53,True,34.932,10.925,382.958,149.937
2026-04-08T16:58:05.293Z,2026-04-08T16:58:05.293Z,53.356,699,,,,,4.526367,-10.599719,159.683338,6.187944,-1.203211,1.432394,39.0171674,-104.8938858,2175.26,15.083,-8.12,2.59,-0.18,159.73,-175.31,-33.788,39.0171947,-104.8938968,2174.61,8.2,,29,,,,8.523,,0.18,,-1.147378,-1.510224,-9.620324,0.108,-0.021,0.024,-92.0,-70.0,483.0,15.222,9.85,93.0,97.0,22.75,,,,,,,,,,,,,,,,,,,,,2026-04-01 14:44:54,True,34.932,10.934,383.29,149.937
2026-04-08T16:58:05.366Z,2026-04-08T16:58:05.366Z,53.429,700,,,,,5.042029,-10.427832,159.912521,5.786874,2.463719,2.119944,39.0171613,-104.8938835,2175.26,15.089,-8.17,2.65,-0.16,159.96,-175.988,-33.589,39.0171803,-104.8938918,2174.67,8.37,,29,,,,8.589,,0.16,,-1.372931,-1.402351,-9.355544,0.1,0.042,0.036,-93.0,-69.0,482.0,15.205,10.33,94.0,97.0,22.75,,,,,,,,,,,,,,,,,,,,,2026-04-01 14:44:54,True,34.924,10.932,382.709,157.068
2026-04-08T16:58:05.448Z,2026-04-08T16:58:05.448Z,53.511,701,,,,,5.213916,-10.427832,160.084408,4.698254,1.203211,3.093972,39.0171575,-104.893882,2175.27,15.094,-8.19,2.66,-0.16,160.12,-176.411,-33.46,39.0171803,-104.8938918,2174.67,8.37,,29,,,,8.611,,0.16,,-0.755112,-1.608291,-10.04201,0.082,0.02,0.053,-95.0,-63.0,483.0,15.205,10.33,94.0,97.0,22.75,,,,,,,,,,,,,,,,,,,,,2026-04-01 14:44:54,True,34.924,10.923,382.875,157.068
2026-04-08T16:58:05.524Z,2026-04-08T16:58:05.524Z,53.587,702,,,,,5.385803,-10.657015,160.256295,-2.750197,-1.145916,1.48969,39.01715,-104.893879,2175.28,15.105,-8.27,2.71,-0.17,160.3,-177.245,-33.2,39.0171656,-104.8938864,2174.73,8.52,,29,,,,8.703,,0.17,,-0.961052,-1.245445,-9.698777,-0.047,-0.02,0.025,-95.0,-59.0,481.0,15.205,10.33,94.0,97.0,22.75,,,,,,,,,,,,,,,,,,,,,2026-04-01 14:44:54,True,34.939,10.937,382.958,157.068
2026-04-08T16:58:05.588Z,2026-04-08T16:58:05.588Z,53.651,703,,,,,5.042029,-10.771607,160.428183,-3.380451,-2.635606,1.546986,39.0171442,-104.8938767,2175.29,15.114,-8.31,2.75,-0.15,160.41,-177.89,-33.002,39.0171656,-104.8938864,2174.73,8.52,,29,,,,8.753,,0.15,,-1.451384,-1.117958,-9.620324,-0.059,-0.045,0.026,-94.0,-60.0,482.0,15.198,9.57,95.0,97.0,22.75,,,,,,,,,,,,,,,,,,,,,2026-04-01 14:44:54,True,34.909,10.934,383.29,145.445
2026-04-08T16:58:05.670Z,2026-04-08T16:58:05.670Z,53.733,704,,,,,5.042029,-10.771607,160.428183,0.916732,-1.031324,2.062648,39.0171424,-104.893876,2175.29,15.116,-8.34,2.77,-0.16,160.48,-178.09,-32.941,39.0171656,-104.8938864,2174.73,8.52,,29,,,,8.788,,0.16,,-1.637711,-1.078732,-9.443804,0.015,-0.018,0.035,-94.0,-60.0,482.0,15.198,9.57,95.0,97.0,22.75,,,,,,,,,,,,,,,,,,,,,2026-04-01 14:44:54,True,34.924,10.918,383.04,145.445
2026-04-08T16:58:05.745Z,2026-04-08T16:58:05.745Z,53.808,705,,,,,5.213916,-10.886198,160.829253,-0.40107,-3.896113,3.724226,39.0171335,-104.8938724,2175.3,15.126,-8.41,2.79,-0.15,160.84,-179.079,-32.63,39.0171507,-104.8938808,2174.75,8.71,,29,,,,8.861,,0.15,,-1.363124,-1.108151,-9.590904,-0.007,-0.068,0.064,-93.0,-60.0,483.0,15.241,9.33,95.0,97.0,22.75,,,,,,,,,,,,,,,,,,,,,2026-04-01 14:44:54,True,34.924,10.93,383.373,142.199
2026-04-08T16:58:05.817Z,2026-04-08T16:58:05.817Z,53.88,706,,,,,5.042029,-11.344564,161.173028,-2.521014,-6.073353,5.042029,39.0171272,-104.8938699,2175.31,15.133,-8.46,2.83,-0.14,161.23,-179.78,-32.414,39.0171507,-104.8938808,2174.75,8.71,,29,,,,8.921,,0.14,,-1.549451,-1.353318,-9.54187,-0.043,-0.106,0.087,-92.0,-59.0,484.0,15.241,9.33,95.0,97.0,22.75,,,,,,,,,,,,,,,,,,,,,2026-04-01 14:44:54,True,34.939,10.939,383.124,142.199
2026-04-08T16:58:05.892Z,2026-04-08T16:58:05.892Z,53.955,707,,,,,4.812845,-11.917522,161.574098,-1.375099,-6.187944,5.729578,39.017122,-104.8938678,2175.31,15.136,-8.5,2.86,-0.13,161.59,-180.358,-32.233,39.0171507,-104.8938808,2174.75,8.71,,29,,,,8.968,,0.13,,-1.372931,-1.343511,-9.424191,-0.023,-0.107,0.099,-92.0,-59.0,484.0,15.241,9.33,95.0,97.0,22.75,,,,,,,,,,,,,,,,,,,,,2026-04-01 14:44:54,True,34.947,10.934,383.373,142.199
2026-04-08T16:58:05.960Z,2026-04-08T16:58:05.960Z,54.023,708,,,,,4.698254,-12.433184,161.975169,-0.687549,-6.818198,4.927437,39.0171156,-104.8938653,2175.31,15.137,-8.56,2.89,-0.12,162.01,-181.07,-32.017,39.0171357,-104.8938751,2174.78,8.71,,29,,,,9.035,,0.12,,-1.520031,-1.255251,-9.355544,-0.012,-0.118,0.085,-85.0,-60.0,483.0,15.169,9.91,96.0,97.0,22.75,,,,,,,,,,,,,,,,,,,,,2026-04-01 14:44:54,True,34.939,10.939,383.29,150.325
2026-04-08T16:58:06.046Z,2026-04-08T16:58:06.046Z,54.109,709,,,,,4.583662,-12.89155,162.147056,-1.776169,-8.250592,3.437747,39.0171117,-104.8938637,2175.31,15.137,-8.59,2.91,-0.1,162.16,-181.503,-31.879,39.0171357,-104.8938751,2174.78,8.71,,29,,,,9.07,,0.1,,-1.196411,-1.059118,-9.365351,-0.03,-0.144,0.058,-81.0,-61.0,485.0,15.169,9.91,96.0,97.0,22.75,,,,,,,,,,,,,,,,,,,,,2026-04-01 14:44:54,True,34.909,10.923,383.29,150.325
2026-04-08T16:58:06.119Z,2026-04-08T16:58:06.119Z,54.182,710,,,,,4.354479,-13.5791,162.204352,-2.864789,-5.500395,-0.171887,39.0171039,-104.8938605,2175.31,15.131,-8.66,2.96,-0.06,162.2,-182.371,-31.602,39.0171204,-104.8938692,2174.81,8.92,,29,,,,9.152,,0.06,,-1.294478,-1.824037,-9.77723,-0.049,-0.096,-0.003,-73.0,-62.0,484.0,15.169,9.91,96.0,97.0,22.75,,,,,,,,,,,,,,,,,,,,,2026-04-01 14:44:54,True,34.924,10.932,383.207,150.325
2026-04-08T16:58:06.185Z,2026-04-08T16:58:06.185Z,54.248,711,,,,,4.411775,-13.865579,162.08976,-0.0,-3.896113,-2.119944,39.0170986,-104.8938584,2175.3,15.125,-8.73,2.99,-0.07,162.08,-182.96,-31.421,39.0171204,-104.8938692,2174.81,8.92,,29,,,,9.228,,0.07,,-1.441578,-1.166991,-9.767423,0.0,-0.068,-0.037,-73.0,-62.0,484.0,15.069,11.5,96.0,97.0,22.75,,,,,,,,,,,,,,,,,,,,,2026-04-01 14:44:54,True,34.932,10.937,383.373,173.294
2026-04-08T16:58:06.259Z,2026-04-08T16:58:06.259Z,54.322,712,,,,,4.354479,-13.922874,161.975169,0.974028,-4.010705,-2.979381,39.017096,-104.8938574,2175.3,15.122,-8.78,3.01,-0.08,161.96,-183.249,-31.334,39.0171204,-104.8938692,2174.81,8.92,,29,,,,9.282,,0.08,,-1.765197,-1.627904,-9.757617,0.016,-0.07,-0.052,-69.0,-63.0,485.0,15.069,11.5,96.0,97.0,22.75,,,,,,,,,,,,,,,,,,,,,2026-04-01 14:44:55,True,34.932,10.932,383.207,173.294
2026-04-08T16:58:06.332Z,2026-04-08T16:58:06.332Z,54.395,713,,,,,4.526367,-13.865579,161.574098,1.145916,2.463719,-4.640958,39.0170873,-104.8938538,2175.29,15.113,-8.89,3.06,-0.08,161.49,-184.217,-31.023,39.0171049,-104.8938629,2174.84,9.14,,29,,,,9.402,,0.08,,-1.75539,-1.108151,-9.77723,0.019,0.042,-0.081,-66.0,-64.0,486.0,15.069,11.5,96.0,97.0,22.75,,,,,,,,,,,,,,,,,,,,,2026-04-01 14:44:55,True,34.939,10.927,383.207,173.294
2026-04-08T16:58:06.402Z,2026-04-08T16:58:06.402Z,54.465,714,,,,,4.526367,-13.5791,161.173028,-5.042029,4.698254,-5.213916,39.0170811,-104.8938512,2175.28,15.108,-8.95,3.11,-0.1,161.13,-184.906,-30.799,39.0171049,-104.8938629,2174.84,9.14,,29,,,,9.475,,0.1,,-1.412158,-1.431771,-10.032203,-0.088,0.081,-0.091,-68.0,-64.0,486.0,15.069,11.5,96.0,97.0,22.75,,,,,,,,,,,,,,,,,,,,,2026-04-01 14:44:55,True,34.947,10.944,383.539,173.294
2026-04-08T16:58:06.471Z,2026-04-08T16:58:06.471Z,54.534,715,,,,,4.411775,-13.063438,160.886549,-1.718873,7.563043,-4.583662,39.0170752,-104.8938487,2175.28,15.108,-9.02,3.13,-0.12,160.86,-185.562,-30.583,39.0171049,-104.8938629,2174.84,9.14,,29,,,,9.548,,0.12,,-1.421964,-1.029698,-10.247949,-0.029,0.131,-0.08,-68.0,-64.0,486.0,15.069,11.5,96.0,97.0,22.75,,,,,,,,,,,,,,,,,,,,,2026-04-01 14:44:55,True,34.924,10.939,382.875,173.294
2026-04-08T16:58:06.547Z,2026-04-08T16:58:06.547Z,54.61,716,,,,,4.354479,-12.719663,160.714662,-0.744845,5.15662,-4.010705,39.0170704,-104.8938468,2175.28,15.109,-9.07,3.17,-0.14,160.66,-186.096,-30.419,39.0170891,-104.8938564,2174.86,9.33,,29,,,,9.608,,0.14,,-1.265058,-1.470998,-10.10085,-0.012,0.089,-0.07,-71.0,-67.0,486.0,15.261,9.43,97.0,97.0,22.75,,,,,,,,,,,,,,,,,,,,,2026-04-01 14:44:55,True,34.939,10.927,383.539,143.911
2026-04-08T16:58:06.616Z,2026-04-08T16:58:06.616Z,54.679,717,,,,,4.469071,-12.49048,160.428183,-1.432394,2.463719,-3.552338,39.0170636,-104.893844,2175.28,15.109,-9.13,3.2,-0.14,160.39,-186.852,-30.177,39.0170891,-104.8938564,2174.86,9.33,,29,,,,9.675,,0.14,,-1.647517,-1.588677,-9.54187,-0.025,0.042,-0.062,-77.0,-68.0,487.0,15.261,9.43,97.0,97.0,22.75,,,,,,,,,,,,,,,,,,,,,2026-04-01 14:44:55,True,34.939,10.934,383.373,143.911
2026-04-08T16:58:06.687Z,2026-04-08T16:58:06.687Z,54.75,718,,,,,4.125296,-12.261297,160.256295,-6.073353,1.661578,-2.062648,39.0170581,-104.8938416,2175.28,15.109,-9.17,3.23,-0.13,160.26,-187.464,-29.969,39.0170891,-104.8938564,2174.86,9.33,,29,,,,9.722,,0.13,,-1.500417,-1.480804,-9.60071,-0.105,0.028,-0.037,-77.0,-68.0,487.0,15.261,9.43,97.0,97.0,22.75,,,,,,,,,,,,,,,,,,,,,2026-04-01 14:44:55,True,34.917,10.937,383.29,143.911
2026-04-08T16:58:06.757Z,2026-04-08T16:58:06.757Z,54.82,719,,,,,3.896113,-11.974818,160.256295,-2.463719,5.042029,-1.08862,39.0170522,-104.8938391,2175.29,15.11,-9.22,3.23,-0.14,160.21,-188.12,-29.753,39.0170729,-104.8938497,2174.9,9.48,,29,,,,9.769,,0.14,,-1.500417,-1.265058,-9.796843,-0.043,0.087,-0.019,-78.0,-70.0,484.0,15.203,10.17,98.0,97.0,22.75,,,,,,,,,,,,,,,,,,,,,2026-04-01 14:44:55,True,34.939,10.942,383.207,154.615
2026-04-08T16:58:06.832Z,2026-04-08T16:58:06.832Z,54.895,720,,,,,4.010705,-11.516452,160.199,0.286479,6.990085,-1.661578,39.0170471,-104.8938369,2175.29,15.111,-9.27,3.27,-0.14,160.18,-188.687,-29.563,39.0170729,-104.8938497,2174.9,9.48,,29,,,,9.83,,0.14,,-1.706357,-1.255251,-9.581097,0.005,0.121,-0.029,-83.0,-74.0,484.0,15.203,10.17,98.0,97.0,23.0,,,,,,,,,,,,,,,,,,,,,2026-04-01 14:44:55,True,34.955,10.925,383.539,154.615
2026-04-08T16:58:06.906Z,2026-04-08T16:58:06.906Z,54.969,721,,,,,3.781521,-10.886198,160.199,-2.635606,8.479775,-0.40107,39.0170397,-104.8938337,2175.29,15.112,-9.3,3.29,-0.14,160.19,-189.51,-29.287,39.0170565,-104.8938427,2174.96,9.68,,29,,,,9.865,,0.14,,-1.735777,-1.421964,-9.698777,-0.046,0.148,-0.007,-87.0,-75.0,482.0,15.203,10.17,98.0,97.0,22.75,,,,,,,,,,,,,,,,,,,,,2026-04-01 14:44:55,True,34.939,10.937,382.875,154.615
2026-04-08T16:58:06.976Z,2026-04-08T16:58:06.976Z,55.039,722,,,,,3.838817,-10.255945,160.256295,1.145916,8.708958,0.286479,39.0170336,-104.8938311,2175.29,15.115,-9.33,3.34,-0.15,160.29,-190.188,-29.062,39.0170565,-104.8938427,2174.96,9.68,,29,,,,9.91,,0.15,,-1.353318,-1.372931,-9.71839,0.019,0.151,0.004,-87.0,-75.0,482.0,15.265,9.49,98.0,97.0,22.75,,,,,,,,,,,,,,,,,,,,,2026-04-01 14:44:55,True,34.932,10.932,383.29,144.865
2026-04-08T16:58:07.058Z,2026-04-08T16:58:07.058Z,55.121,723,,,,,3.838817,-9.969466,160.370887,1.661578,8.021409,1.546986,39.0170302,-104.8938296,2175.29,15.116,-9.35,3.34,-0.14,160.38,-190.566,-28.933,39.0170565,-104.8938427,2174.96,9.68,,29,,,,9.929,,0.14,,-1.314091,-1.559257,-9.610517,0.028,0.139,0.026,-95.0,-75.0,481.0,15.265,9.49,98.0,97.0,22.75,,,,,,,,,,,,,,,,,,,,,2026-04-01 14:44:55,True,34.924,10.925,382.958,144.865
2026-04-08T16:58:07.137Z,2026-04-08T16:58:07.137Z,55.2,724,,,,,4.068,-9.281916,160.714662,1.08862,6.016057,2.750197,39.017021,-104.8938255,2175.29,15.119,-9.37,3.38,-0.14,160.74,-191.589,-28.578,39.01704,-104.8938356,2175.01,9.66,,29,,,,9.961,,0.14,,-1.274864,-1.049312,-9.473224,0.019,0.104,0.047,-102.0,-74.0,480.0,15.265,9.49,98.0,97.0,22.75,,,,,,,,,,,,,,,,,,,,,2026-04-01 14:44:55,True,34.932,10.927,383.29,144.865
2026-04-08T16:58:07.214Z,2026-04-08T16:58:07.214Z,55.277,725,,,,,4.010705,-8.880846,161.00114,0.286479,4.010705,2.635606,39.0170145,-104.8938227,2175.3,15.123,-9.36,3.4,-0.14,161.01,-192.312,-28.337,39.01704,-104.8938356,2175.01,9.66,,29,,,,9.958,,0.14,,-1.245445,-0.961052,-9.757617,0.004,0.069,0.045,-107.0,-73.0,479.0,15.265,9.49,98.0,97.0,22.75,,,,,,,,,,,,,,,,,,,,,2026-04-01 14:44:55,True,34.909,10.93,383.373,144.865
2026-04-08T16:58:07.286Z,2026-04-08T16:58:07.286Z,55.349,726,,,,,3.781521,-8.766254,161.230324,-0.114592,-0.916732,3.208564,39.0170078,-104.8938197,2175.3,15.126,-9.37,3.39,-0.13,161.27,-193.057,-28.077,39.01704,-104.8938356,2175.01,9.66,,29,,,,9.964,,0.13,,-1.627904,-1.108151,-9.561484,-0.001,-0.016,0.055,-107.0,-73.0,479.0,15.265,9.49,98.0,97.0,22.75,,,,,,,,,,,,,,,,,,,,,2026-04-01 14:44:56,True,34.917,10.93,383.207,144.865
2026-04-08T16:58:07.358Z,2026-04-08T16:58:07.358Z,55.421,727,,,,,3.838817,-8.82355,161.516802,1.718873,-0.687549,3.380451,39.017002,-104.8938171,2175.3,15.128,-9.37,3.41,-0.14,161.53,-193.702,-27.853,39.0170235,-104.8938282,2175.05,9.72,,29,,,,9.971,,0.14,,-1.804424,-1.157185,-9.345737,0.03,-0.012,0.058,-110.0,-73.0,478.0,15.25,9.29,99.0,96.0,22.75,,,,,,,,,,,,,,,,,,,,,2026-04-01 14:44:56,True,34.924,10.932,383.124,141.672
2026-04-08T16:58:07.435Z,2026-04-08T16:58:07.435Z,55.498,728,,,,,4.068,-8.938142,161.68869,4.354479,-2.521014,2.750197,39.0169968,-104.8938147,2175.3,15.129,-9.37,3.41,-0.12,161.69,-194.28,-27.645,39.0170235,-104.8938282,2175.05,9.72,,29,,,,9.971,,0.12,,-1.490611,-0.882599,-9.561484,0.075,-0.044,0.047,-111.0,-72.0,478.0,15.25,9.29,99.0,96.0,22.75,,,,,,,,,,,,,,,,,,,,,2026-04-01 14:44:56,True,34.932,10.934,383.539,141.672
2026-04-08T16:58:07.510Z,2026-04-08T16:58:07.510Z,55.573,729,,,,,4.125296,-9.281916,161.860577,1.432394,-3.838817,2.005352,39.0169895,-104.8938114,2175.3,15.128,-9.37,3.44,-0.11,161.88,-195.091,-27.36,39.017007,-104.8938205,2175.1,9.85,,29,,,,9.982,,0.11,,-1.353318,-0.931632,-9.679164,0.025,-0.067,0.034,-108.0,-70.0,477.0,15.25,9.29,99.0,96.0,22.75,,,,,,,,,,,,,,,,,,,,,2026-04-01 14:44:56,True,34.939,10.934,383.373,141.672
2026-04-08T16:58:07.579Z,2026-04-08T16:58:07.579Z,55.642,730,,,,,4.239888,-9.511099,161.917873,1.08862,-3.781521,0.687549,39.0169835,-104.8938086,2175.3,15.128,-9.37,3.44,-0.11,161.92,-195.759,-27.118,39.017007,-104.8938205,2175.1,9.85,,29,,,,9.982,,0.11,,-1.676937,-0.990472,-9.443804,0.018,-0.065,0.011,-108.0,-70.0,477.0,15.203,9.54,100.0,96.0,22.75,,,,,,,,,,,,,,,,,,,,,2026-04-01 14:44:56,True,34.962,10.939,383.041,145.037
2026-04-08T16:58:07.668Z,2026-04-08T16:58:07.668Z,55.731,731,,,,,4.297183,-9.625691,161.917873,0.630254,-3.437747,-0.114592,39.0169801,-104.893807,2175.3,15.126,-9.37,3.46,-0.1,161.91,-196.137,-26.98,39.017007,-104.8938205,2175.1,9.85,,29,,,,9.988,,0.1,,-1.520031,-1.068925,-9.63013,0.011,-0.06,-0.002,-105.0,-68.0,479.0,15.203,9.54,100.0,96.0,22.75,,,,,,,,,,,,,,,,,,,,,2026-04-01 14:44:56,True,34.917,10.925,383.456,145.037
2026-04-08T16:58:07.745Z,2026-04-08T16:58:07.745Z,55.808,732,,,,,4.526367,-9.91217,161.68869,1.776169,0.114592,-2.406423,39.0169702,-104.8938024,2175.3,15.124,-9.38,3.49,-0.09,161.69,-197.238,-26.583,39.0169902,-104.8938127,2175.16,9.92,,29,,,,10.008,,0.09,,-1.451384,-1.255251,-9.71839,0.03,0.001,-0.043,-101.0,-67.0,480.0,15.203,10.35,101.0,96.0,22.75,,,,,,,,,,,,,,,,,,,,,2026-04-01 14:44:56,True,34.947,10.927,383.456,157.351
2026-04-08T16:58:07.817Z,2026-04-08T16:58:07.817Z,55.88,733,,,,,4.75555,-9.740283,161.516802,4.812845,0.515662,-3.151268,39.0169633,-104.8937992,2175.3,15.122,-9.4,3.47,-0.1,161.47,-198.005,-26.306,39.0169902,-104.8938127,2175.16,9.92,,29,,,,10.02,,0.1,,-1.78481,-1.412158,-9.86549,0.083,0.008,-0.056,-101.0,-66.0,481.0,15.203,10.35,101.0,96.0,22.75,,,,,,,,,,,,,,,,,,,,,2026-04-01 14:44:56,True,34.947,10.939,383.29,157.351
2026-04-08T16:58:07.892Z,2026-04-08T16:58:07.892Z,55.955,734,,,,,5.042029,-9.625691,161.287619,2.406423,1.833465,-3.036676,39.0169577,-104.8937965,2175.3,15.121,-9.41,3.48,-0.11,161.25,-198.627,-26.073,39.0169902,-104.8938127,2175.16,9.92,,29,,,,10.033,,0.11,,-1.559257,-0.951245,-9.796843,0.041,0.031,-0.053,-101.0,-66.0,481.0,15.203,10.35,101.0,96.0,22.75,,,,,,,,,,,,,,,,,,,,,2026-04-01 14:44:56,True,34.939,10.937,383.041,157.351
2026-04-08T16:58:07.963Z,2026-04-08T16:58:07.963Z,56.026,735,,,,,5.213916,-9.511099,161.058436,1.031324,1.432394,-2.692902,39.0169507,-104.8937932,2175.3,15.123,-9.42,3.49,-0.14,161.03,-199.406,-25.788,39.0169734,-104.8938048,2175.21,9.97,,29,,,,10.046,,0.14,,-1.470998,-0.951245,-9.77723,0.017,0.024,-0.047,-102.0,-64.0,482.0,15.271,9.14,101.0,96.0,22.75,,,,,,,,,,,,,,,,,,,,,2026-04-01 14:44:56,True,34.932,10.939,383.124,139.577
2026-04-08T16:58:08.042Z,2026-04-08T16:58:08.042Z,56.105,736,,,,,5.271212,-9.453804,160.943845,1.432394,0.343775,-2.406423,39.0169465,-104.8937912,2175.3,15.126,-9.42,3.48,-0.13,160.93,-199.873,-25.615,39.0169734,-104.8938048,2175.21,9.97,,29,,,,10.042,,0.13,,-1.294478,-1.019892,-9.796843,0.024,0.005,-0.043,-105.0,-62.0,481.0,15.271,9.14,101.0,96.0,22.75,,,,,,,,,,,,,,,,,,,,,2026-04-01 14:44:56,True,34.924,10.927,383.373,139.577
2026-04-08T16:58:08.115Z,2026-04-08T16:58:08.115Z,56.178,737,,,,,5.271212,-9.511099,160.829253,-0.343775,-1.145916,-0.916732,39.016938,-104.8937873,2175.3,15.129,-9.44,3.5,-0.12,160.79,-200.818,-25.278,39.0169566,-104.8937969,2175.25,9.86,,29,,,,10.068,,0.12,,-1.794617,-1.216025,-9.57129,-0.006,-0.02,-0.016,-104.0,-62.0,481.0,15.271,9.14,101.0,96.0,22.75,,,,,,,,,,,,,,,,,,,,,2026-04-01 14:44:56,True,34.947,10.934,383.373,139.577
2026-04-08T16:58:08.183Z,2026-04-08T16:58:08.183Z,56.246,738,,,,,5.500395,-9.511099,160.771957,2.349127,0.229183,-1.031324,39.0169323,-104.8937846,2175.31,15.13,-9.45,3.49,-0.11,160.74,-201.452,-25.045,39.0169566,-104.8937969,2175.25,9.86,,29,,,,10.074,,0.11,,-1.608291,-1.117958,-9.63013,0.041,0.003,-0.018,-104.0,-62.0,481.0,15.262,9.45,102.0,96.0,22.75,,,,,,,,,,,,,,,,,,,,,2026-04-01 14:44:56,True,34.939,10.946,383.207,144.226
2026-04-08T16:58:08.271Z,2026-04-08T16:58:08.271Z,56.334,739,,,,,5.500395,-9.511099,160.714662,2.119944,-0.0,-0.630254,39.0169296,-104.8937833,2175.31,15.131,-9.45,3.48,-0.13,160.72,-201.752,-24.933,39.0169566,-104.8937969,2175.25,9.86,,29,,,,10.07,,0.13,,-1.559257,-1.372931,-9.551677,0.036,0.0,-0.012,-103.0,-61.0,481.0,15.262,9.45,102.0,96.0,22.75,,,,,,,,,,,,,,,,,,,,,2026-04-01 14:44:57,True,34.902,10.934,383.456,144.226
2026-04-08T16:58:08.348Z,2026-04-08T16:58:08.348Z,56.411,740,,,,,5.385803,-9.453804,160.829253,-0.229183,0.171887,1.890761,39.0169196,-104.8937787,2175.31,15.135,-9.45,3.47,-0.13,160.86,-202.864,-24.535,39.0169399,-104.8937893,2175.3,9.82,,29,,,,10.067,,0.13,,-1.882877,-1.186605,-9.483031,-0.004,0.002,0.032,-102.0,-61.0,482.0,15.294,8.9,102.0,96.0,22.75,,,,,,,,,,,,,,,,,,,,,2026-04-01 14:44:57,True,34.924,10.934,383.456,136.117
2026-04-08T16:58:08.418Z,2026-04-08T16:58:08.418Z,56.481,741,,,,,5.385803,-9.396508,161.00114,0.057296,1.776169,1.546986,39.0169127,-104.8937756,2175.31,15.135,-9.48,3.45,-0.13,161.03,-203.631,-24.267,39.0169399,-104.8937893,2175.3,9.82,,29,,,,10.088,,0.13,,-1.833844,-1.010085,-9.708584,0.0,0.03,0.026,-103.0,-61.0,482.0,15.294,8.9,102.0,96.0,22.75,,,,,,,,,,,,,,,,,,,,,2026-04-01 14:44:57,True,34.939,10.944,383.622,136.117
2026-04-08T16:58:08.491Z,2026-04-08T16:58:08.491Z,56.554,742,,,,,5.213916,-9.453804,161.173028,-2.635606,-1.718873,1.661578,39.016907,-104.893773,2175.31,15.135,-9.47,3.45,-0.14,161.15,-204.265,-24.043,39.0169399,-104.8937893,2175.3,9.82,,29,,,,10.079,,0.14,,-1.66713,-1.166991,-9.855683,-0.045,-0.03,0.028,-103.0,-61.0,482.0,15.294,8.9,102.0,96.0,22.75,,,,,,,,,,,,,,,,,,,,,2026-04-01 14:44:57,True,34.932,10.934,383.456,136.117
2026-04-08T16:58:08.561Z,2026-04-08T16:58:08.561Z,56.624,743,,,,,5.042029,-9.625691,161.344915,-1.604282,-1.890761,2.005352,39.0169,-104.8937698,2175.31,15.135,-9.47,3.43,-0.13,161.35,-205.043,-23.766,39.0169231,-104.8937817,2175.33,9.92,,29,,,,10.072,,0.13,,-1.657324,-1.284671,-9.649744,-0.028,-0.033,0.034,-104.0,-62.0,481.0,15.306,8.32,103.0,96.0,22.75,,,,,,,,,,,,,,,,,,,,,2026-04-01 14:44:57,True,34.947,10.942,383.788,127.346
2026-04-08T16:58:08.632Z,2026-04-08T16:58:08.632Z,56.695,744,,,,,4.927437,-9.682987,161.459507,-1.260507,-1.833465,2.463719,39.0168958,-104.8937679,2175.31,15.134,-9.47,3.44,-0.12,161.47,-205.51,-23.602,39.0169231,-104.8937817,2175.33,9.92,,29,,,,10.075,,0.12,,-1.72597,-1.382738,-9.54187,-0.021,-0.032,0.042,-104.0,-63.0,482.0,15.306,8.32,103.0,96.0,22.75,,,,,,,,,,,,,,,,,,,,,2026-04-01 14:44:57,True,34.939,10.946,383.373,127.346
2026-04-08T16:58:08.701Z,2026-04-08T16:58:08.701Z,56.764,745,,,,,4.812845,-10.141353,161.574098,-2.750197,-6.302536,0.572958,39.0168883,-104.8937646,2175.31,15.13,-9.46,3.43,-0.1,161.54,-206.344,-23.317,39.0169062,-104.893774,2175.38,9.94,,29,,,,10.063,,0.1,,-1.637711,-0.813952,-9.424191,-0.047,-0.11,0.009,-100.0,-64.0,480.0,15.306,8.32,103.0,96.0,22.75,,,,,,,,,,,,,,,,,,,,,2026-04-01 14:44:57,True,34.939,10.939,383.539,127.346
2026-04-08T16:58:08.774Z,2026-04-08T16:58:08.774Z,56.837,746,,,,,4.870141,-10.370536,161.516802,0.802141,-1.48969,-1.203211,39.0168822,-104.8937618,2175.3,15.128,-9.5,3.45,-0.1,161.46,-207.023,-23.075,39.0169062,-104.893774,2175.38,9.94,,29,,,,10.107,,0.1,,-1.745584,-0.853179,-9.551677,0.013,-0.026,-0.021,-100.0,-64.0,480.0,15.225,9.49,103.0,96.0,22.75,,,,,,,,,,,,,,,,,,,,,2026-04-01 14:44:57,True,34.955,10.939,383.456,144.485
2026-04-08T16:58:08.848Z,2026-04-08T16:58:08.848Z,56.911,747,,,,,4.870141,-10.370536,161.402211,-1.833465,0.286479,-2.005352,39.0168788,-104.8937603,2175.3,15.124,-9.49,3.45,-0.09,161.41,-207.401,-22.946,39.0169062,-104.893774,2175.38,9.94,,29,,,,10.098,,0.09,,-1.66713,-0.921825,-9.77723,-0.032,0.004,-0.035,-96.0,-65.0,483.0,15.225,9.49,103.0,96.0,22.75,,,,,,,,,,,,,,,,,,,,,2026-04-01 14:44:57,True,34.932,10.934,383.456,144.485
2026-04-08T16:58:08.921Z,2026-04-08T16:58:08.921Z,56.984,748,,,,,4.75555,-10.370536,161.230324,0.343775,0.974028,-1.948057,39.0168704,-104.8937565,2175.29,15.114,-9.51,3.44,-0.1,161.23,-208.335,-22.617,39.0168893,-104.8937663,2175.4,9.94,,29,,,,10.113,,0.1,,-1.84365,-1.196411,-9.65955,0.005,0.016,-0.034,-94.0,-66.0,482.0,15.225,9.49,103.0,96.0,22.75,,,,,,,,,,,,,,,,,,,,,2026-04-01 14:44:57,True,34.977,10.937,383.622,144.485
2026-04-08T16:58:08.986Z,2026-04-08T16:58:08.986Z,57.049,749,,,,,4.812845,-10.198649,161.173028,-0.572958,2.463719,-1.08862,39.0168646,-104.8937539,2175.28,15.109,-9.51,3.45,-0.09,161.16,-208.98,-22.393,39.0168893,-104.8937663,2175.4,9.94,,29,,,,10.116,,0.09,,-1.90249,-0.990472,-9.51245,-0.01,0.042,-0.019,-94.0,-66.0,482.0,15.262,9.3,104.0,96.0,22.75,,,,,,,,,,,,,,,,,,,,,2026-04-01 14:44:57,True,34.939,10.954,384.204,141.937
2026-04-08T16:58:09.107Z,2026-04-08T16:58:09.107Z,57.17,750,,,,,4.75555,-10.141353,161.173028,-1.317803,1.604282,-0.687549,39.0168619,-104.8937527,2175.28,15.106,-9.54,3.43,-0.11,161.15,-209.28,-22.289,39.0168893,-104.8937663,2175.4,9.94,,29,,,,10.138,,0.11,,-1.96133,-1.392544,-9.620324,-0.023,0.027,-0.013,-96.0,-67.0,483.0,15.262,9.3,104.0,96.0,22.75,,,,,,,,,,,,,,,,,,,,,2026-04-01 14:44:57,True,34.856,10.937,384.287,141.937
2026-04-08T16:58:09.177Z,2026-04-08T16:58:09.177Z,57.24,751,,,,,4.698254,-9.969466,161.115732,0.057296,0.630254,-0.114592,39.0168482,-104.8937465,2175.27,15.096,-9.54,3.45,-0.12,161.14,-210.803,-21.753,39.0168723,-104.8937585,2175.44,10.1,,29,,,,10.145,,0.12,,-1.686744,-1.127765,-9.738003,0.0,0.01,-0.002,-97.0,-68.0,482.0,15.253,9.29,104.0,96.0,22.75,,,,,,,,,,,,,,,,,,,,,2026-04-01 14:44:57,True,34.947,10.939,383.705,141.7
2026-04-08T16:58:09.253Z,2026-04-08T16:58:09.253Z,57.316,752,,,,,4.698254,-9.91217,161.115732,1.718873,1.546986,-0.802141,39.0168449,-104.893745,2175.27,15.091,-9.53,3.44,-0.12,161.11,-211.17,-21.624,39.0168723,-104.8937585,2175.44,10.1,,29,,,,10.132,,0.12,,-1.510224,-1.304284,-9.86549,0.029,0.026,-0.015,-99.0,-68.0,482.0,15.253,9.29,104.0,96.0,22.75,,,,,,,,,,,,,,,,,,,,,2026-04-01 14:44:58,True,34.97,10.942,383.373,141.7
2026-04-08T16:58:09.323Z,2026-04-08T16:58:09.323Z,57.386,753,,,,,4.812845,-9.91217,161.00114,-1.546986,-0.802141,-0.859437,39.0168355,-104.8937407,2175.26,15.084,-9.55,3.45,-0.12,161.01,-212.216,-21.252,39.0168552,-104.8937507,2175.48,10.0,,29,,,,10.154,,0.12,,-1.81423,-0.843372,-9.826263,-0.027,-0.014,-0.016,-98.0,-68.0,481.0,15.253,9.29,104.0,96.0,22.75,,,,,,,,,,,,,,,,,,,,,2026-04-01 14:44:58,True,34.962,10.942,383.954,141.7
2026-04-08T16:58:09.392Z,2026-04-08T16:58:09.392Z,57.455,754,,,,,4.870141,-9.969466,161.00114,0.40107,-0.744845,-0.859437,39.0168295,-104.893738,2175.26,15.08,-9.54,3.44,-0.11,160.96,-212.883,-21.019,39.0168552,-104.8937507,2175.48,10.0,,29,,,,10.141,,0.11,,-1.618097,-0.804145,-9.885103,0.006,-0.013,-0.015,-98.0,-67.0,482.0,15.232,9.73,105.0,96.0,22.75,,,,,,,,,,,,,,,,,,,,,2026-04-01 14:44:58,True,34.97,10.937,383.456,148.207
2026-04-08T16:58:09.474Z,2026-04-08T16:58:09.474Z,57.537,755,,,,,4.870141,-9.969466,160.943845,2.062648,-0.0,-0.744845,39.0168279,-104.8937372,2175.25,15.078,-9.55,3.45,-0.13,160.94,-213.061,-20.95,39.0168552,-104.8937507,2175.48,10.0,,29,,,,10.154,,0.13,,-1.75539,-0.931632,-9.80665,0.035,0.0,-0.013,-98.0,-67.0,482.0,15.232,9.73,105.0,96.0,22.75,,,,,,,,,,,,,,,,,,,,,2026-04-01 14:44:58,True,34.939,10.927,383.788,148.207
2026-04-08T16:58:09.547Z,2026-04-08T16:58:09.547Z,57.61,756,,,,,5.042029,-9.969466,160.943845,0.744845,0.229183,0.286479,39.016817,-104.8937323,2175.25,15.073,-9.54,3.45,-0.14,160.92,-214.273,-20.527,39.0168382,-104.8937428,2175.5,10.09,,29,,,,10.145,,0.14,,-1.941717,-1.147378,-9.590904,0.013,0.003,0.004,-96.0,-67.0,481.0,15.239,9.55,105.0,96.0,22.75,,,,,,,,,,,,,,,,,,,,,2026-04-01 14:44:58,True,34.917,10.944,384.204,145.532
2026-04-08T16:58:09.617Z,2026-04-08T16:58:09.617Z,57.68,757,,,,,4.927437,-9.854874,161.00114,-0.40107,3.896113,1.260507,39.0168108,-104.8937294,2175.25,15.071,-9.54,3.46,-0.14,161.01,-214.962,-20.276,39.0168382,-104.8937428,2175.5,10.09,,29,,,,10.148,,0.14,,-1.84365,-1.029698,-9.89491,-0.007,0.067,0.02,-98.0,-67.0,482.0,15.239,9.55,105.0,96.0,22.75,,,,,,,,,,,,,,,,,,,,,2026-04-01 14:44:58,True,34.97,10.946,383.456,145.532
2026-04-08T16:58:09.685Z,2026-04-08T16:58:09.685Z,57.748,758,,,,,5.15662,-9.568395,161.115732,3.093972,3.036676,0.916732,39.016805,-104.8937267,2175.25,15.072,-9.55,3.45,-0.16,161.11,-215.607,-20.043,39.0168382,-104.8937428,2175.5,10.09,,29,,,,10.154,,0.16,,-1.93191,-0.951245,-9.855683,0.053,0.052,0.015,-98.0,-67.0,482.0,15.239,9.55,105.0,96.0,22.75,,,,,,,,,,,,,,,,,,,,,2026-04-01 14:44:58,True,34.962,10.946,384.204,145.532
2026-04-08T16:58:09.752Z,2026-04-08T16:58:09.752Z,57.815,759,,,,,5.271212,-9.396508,161.173028,0.744845,4.125296,0.916732,39.016799,-104.893724,2175.25,15.076,-9.55,3.44,-0.16,161.2,-216.274,-19.81,39.0168211,-104.8937348,2175.56,10.12,,29,,,,10.151,,0.16,,-1.765197,-1.039505,-9.855683,0.012,0.071,0.015,-100.0,-66.0,482.0,15.302,8.9,106.0,96.0,22.75,,,,,,,,,,,,,,,,,,,,,2026-04-01 14:44:58,True,34.97,10.946,383.705,136.188
2026-04-08T16:58:09.819Z,2026-04-08T16:58:09.819Z,57.882,760,,,,,5.385803,-9.167325,161.287619,0.744845,2.005352,1.546986,39.0167937,-104.8937215,2175.26,15.081,-9.56,3.44,-0.19,161.3,-216.863,-19.594,39.0168211,-104.8937348,2175.56,10.12,,29,,,,10.16,,0.19,,-2.069203,-0.784532,-9.728197,0.012,0.034,0.026,-104.0,-63.0,482.0,15.302,8.9,106.0,96.0,22.75,,,,,,,,,,,,,,,,,,,,,2026-04-01 14:44:58,True,35.008,10.949,384.037,136.188
2026-04-08T16:58:09.892Z,2026-04-08T16:58:09.892Z,57.955,761,,,,,5.213916,-9.110029,161.402211,-2.291831,0.114592,1.203211,39.0167878,-104.8937189,2175.26,15.086,-9.56,3.43,-0.2,161.4,-217.52,-19.369,39.0168211,-104.8937348,2175.56,10.12,,29,,,,10.157,,0.2,,-1.520031,-1.216025,-9.796843,-0.039,0.001,0.02,-104.0,-63.0,482.0,15.302,8.9,106.0,96.0,22.75,,,,,,,,,,,,,,,,,,,,,2026-04-01 14:44:58,True,34.947,10.937,383.954,136.188
2026-04-08T16:58:09.957Z,2026-04-08T16:58:09.957Z,58.02,762,,,,,5.213916,-9.281916,161.459507,-0.171887,-2.17724,0.859437,39.0167808,-104.8937156,2175.27,15.094,-9.53,3.43,-0.17,161.49,-218.298,-19.084,39.0168039,-104.8937268,2175.62,10.13,,29,,,,10.128,,0.17,,-1.520031,-0.941438,-9.649744,-0.003,-0.038,0.014,-106.0,-63.0,481.0,15.291,8.45,106.0,96.0,22.5,,,,,,,,,,,,,,,,,,,,,2026-04-01 14:44:58,True,34.955,10.946,383.954,129.209
2026-04-08T16:58:10.026Z,2026-04-08T16:58:10.026Z,58.089,763,,,,,5.385803,-9.396508,161.459507,4.984733,-3.953409,0.0,39.0167765,-104.8937137,2175.27,15.097,-9.54,3.42,-0.15,161.48,-218.776,-18.92,39.0168039,-104.8937268,2175.62,10.13,,29,,,,10.134,,0.15,,-1.824037,-0.902212,-9.463417,0.087,-0.069,0.0,-105.0,-63.0,481.0,15.291,8.45,106.0,96.0,22.75,,,,,,,,,,,,,,,,,,,,,2026-04-01 14:44:58,True,34.955,10.946,383.539,129.209
2026-04-08T16:58:10.094Z,2026-04-08T16:58:10.094Z,58.157,764,,,,,5.614986,-9.625691,161.402211,1.031324,-1.718873,-1.145916,39.0167699,-104.8937106,2175.27,15.099,-9.54,3.43,-0.13,161.4,-219.51,-18.652,39.0168039,-104.8937268,2175.62,10.13,,29,,,,10.138,,0.13,,-1.578871,-1.029698,-9.51245,0.018,-0.03,-0.02,-101.0,-61.0,481.0,15.291,8.45,106.0,96.0,22.75,,,,,,,,,,,,,,,,,,,,,2026-04-01 14:44:58,True,34.962,10.946,383.456,129.209
2026-04-08T16:58:10.159Z,2026-04-08T16:58:10.159Z,58.222,765,,,,,5.557691,-9.682987,161.344915,0.744845,0.859437,-0.859437,39.0167637,-104.8937078,2175.28,15.1,-9.54,3.4,-0.14,161.33,-220.199,-18.41,39.0167868,-104.8937189,2175.67,10.02,,29,,,,10.128,,0.14,,-1.66713,-1.186605,-9.60071,0.013,0.014,-0.015,-101.0,-61.0,481.0,15.221,9.86,107.0,96.0,22.75,,,,,,,,,,,,,,,,,,,,,2026-04-01 14:44:58,True,34.955,10.946,383.705,150.079
2026-04-08T16:58:10.228Z,2026-04-08T16:58:10.228Z,58.291,766,,,,,5.672282,-9.625691,161.344915,0.515662,0.229183,-1.145916,39.0167595,-104.8937059,2175.28,15.1,-9.53,3.41,-0.13,161.29,-220.666,-18.246,39.0167868,-104.8937189,2175.67,10.02,,29,,,,10.122,,0.13,,-1.765197,-0.980665,-9.620324,0.008,0.003,-0.02,-100.0,-60.0,482.0,15.221,9.86,107.0,96.0,22.75,,,,,,,,,,,,,,,,,,,,,2026-04-01 14:44:58,True,34.962,10.939,383.705,150.079
2026-04-08T16:58:10.303Z,2026-04-08T16:58:10.303Z,58.366,767,,,,,5.786874,-9.682987,161.230324,1.375099,-2.406423,-1.203211,39.0167529,-104.8937028,2175.28,15.1,-9.52,3.4,-0.14,161.18,-221.4,-17.978,39.0167697,-104.893711,2175.7,10.15,,29,,,,10.109,,0.14,,-2.039783,-1.049312,-9.502644,0.023,-0.042,-0.021,-100.0,-60.0,482.0,15.221,9.86,107.0,96.0,22.5,,,,,,,,,,,,,,,,,,,,,2026-04-01 14:44:59,True,34.955,10.944,383.622,150.079
2026-04-08T16:58:10.370Z,2026-04-08T16:58:10.370Z,58.433,768,,,,,5.84417,-9.854874,161.115732,1.145916,-0.343775,-0.687549,39.0167458,-104.8936996,2175.28,15.1,-9.52,3.4,-0.13,161.1,-222.19,-17.702,39.0167697,-104.893711,2175.7,10.15,,29,,,,10.109,,0.13,,-1.441578,-0.980665,-9.620324,0.019,-0.006,-0.012,-100.0,-60.0,482.0,15.261,9.19,107.0,96.0,22.75,,,,,,,,,,,,,,,,,,,,,2026-04-01 14:44:59,True,34.977,10.951,383.705,140.249
2026-04-08T16:58:10.453Z,2026-04-08T16:58:10.453Z,58.516,769,,,,,5.84417,-9.740283,161.058436,2.406423,1.145916,-0.744845,39.0167424,-104.893698,2175.27,15.099,-9.52,3.38,-0.13,161.09,-222.568,-17.563,39.0167697,-104.893711,2175.7,10.15,,29,,,,10.102,,0.13,,-1.706357,-1.068925,-9.74781,0.041,0.019,-0.013,-100.0,-60.0,483.0,15.261,9.19,107.0,96.0,22.75,,,,,,,,,,,,,,,,,,,,,2026-04-01 14:44:59,True,34.955,10.932,383.871,140.249
2026-04-08T16:58:10.524Z,2026-04-08T16:58:10.524Z,58.587,770,,,,,5.901465,-9.625691,161.00114,-1.375099,0.171887,-0.40107,39.016733,-104.8936937,2175.28,15.103,-9.54,3.37,-0.13,161.0,-223.613,-17.192,39.0167525,-104.893703,2175.73,10.14,,29,,,,10.118,,0.13,,-1.892683,-1.049312,-9.757617,-0.024,0.001,-0.007,-99.0,-59.0,482.0,15.261,9.19,107.0,96.0,22.75,,,,,,,,,,,,,,,,,,,,,2026-04-01 14:44:59,True,34.977,10.951,383.456,140.249
2026-04-08T16:58:10.591Z,2026-04-08T16:58:10.591Z,58.654,771,,,,,5.786874,-9.625691,160.943845,-0.802141,-0.744845,-0.744845,39.0167272,-104.8936911,2175.28,15.103,-9.54,3.36,-0.13,160.95,-224.258,-16.967,39.0167525,-104.893703,2175.73,10.14,,29,,,,10.114,,0.13,,-2.029977,-1.274864,-9.551677,-0.014,-0.013,-0.013,-101.0,-59.0,483.0,15.262,8.98,108.0,96.0,22.75,,,,,,,,,,,,,,,,,,,,,2026-04-01 14:44:59,True,34.985,10.942,383.456,137.053
2026-04-08T16:58:10.669Z,2026-04-08T16:58:10.669Z,58.732,772,,,,,5.84417,-9.568395,160.943845,-2.521014,0.114592,-1.203211,39.0167253,-104.8936902,2175.28,15.104,-9.55,3.37,-0.14,160.93,-224.469,-16.89,39.0167525,-104.893703,2175.73,10.14,,29,,,,10.127,,0.14,,-2.088816,-0.990472,-9.581097,-0.044,0.001,-0.021,-101.0,-59.0,483.0,15.262,8.98,108.0,96.0,22.75,,,,,,,,,,,,,,,,,,,,,2026-04-01 14:44:59,True,34.924,10.942,383.622,137.053
2026-04-08T16:58:10.758Z,2026-04-08T16:58:10.758Z,58.821,773,,,,,5.786874,-9.339212,160.829253,2.349127,3.781521,-0.0,39.0167152,-104.8936856,2175.29,15.111,-9.53,3.37,-0.13,160.85,-225.592,-16.492,39.0167354,-104.8936951,2175.76,10.05,,29,,,,10.108,,0.13,,-1.87307,-1.294478,-9.483031,0.04,0.065,0.0,-100.0,-60.0,482.0,15.278,9.18,108.0,96.0,22.75,,,,,,,,,,,,,,,,,,,,,2026-04-01 14:44:59,True,34.955,10.937,383.788,140.252
2026-04-08T16:58:10.834Z,2026-04-08T16:58:10.834Z,58.897,774,,,,,5.901465,-9.396508,160.886549,1.08862,-2.635606,0.057296,39.0167082,-104.8936824,2175.29,15.116,-9.53,3.36,-0.12,160.84,-226.371,-16.216,39.0167354,-104.8936951,2175.76,10.05,,29,,,,10.105,,0.12,,-1.588677,-1.421964,-9.345737,0.018,-0.047,0.0,-103.0,-60.0,483.0,15.278,9.18,108.0,96.0,22.75,,,,,,,,,,,,,,,,,,,,,2026-04-01 14:44:59,True,34.962,10.949,383.954,140.252
2026-04-08T16:58:10.905Z,2026-04-08T16:58:10.905Z,58.968,775,,,,,5.958761,-9.568395,160.829253,1.260507,-0.859437,-0.744845,39.0167006,-104.893679,2175.3,15.122,-9.52,3.34,-0.1,160.79,-227.216,-15.922,39.0167183,-104.8936873,2175.82,10.09,,29,,,,10.089,,0.1,,-2.039783,-1.010085,-9.404577,0.021,-0.015,-0.013,-100.0,-60.0,481.0,15.278,9.18,108.0,96.0,22.5,,,,,,,,,,,,,,,,,,,,,2026-04-01 14:44:59,True,34.977,10.944,383.622,140.252
2026-04-08T16:58:10.979Z,2026-04-08T16:58:10.979Z,59.042,776,,,,,6.302536,-9.511099,160.714662,3.093972,0.114592,-1.718873,39.0166945,-104.8936762,2175.3,15.128,-9.52,3.37,-0.1,160.69,-227.894,-15.68,39.0167183,-104.8936873,2175.82,10.09,,29,,,,10.099,,0.1,,-1.549451,-1.019892,-9.60071,0.053,0.001,-0.03,-100.0,-60.0,481.0,15.225,10.11,109.0,96.0,22.75,,,,,,,,,,,,,,,,,,,,,2026-04-01 14:44:59,True,34.939,10.951,383.539,153.925
2026-04-08T16:58:11.057Z,2026-04-08T16:58:11.057Z,59.12,777,,,,,6.24524,-9.568395,160.657366,-0.744845,-2.119944,-1.203211,39.016691,-104.8936746,2175.31,15.131,-9.53,3.34,-0.09,160.63,-228.283,-15.542,39.0167183,-104.8936873,2175.82,10.09,,29,,,,10.098,,0.09,,-1.735777,-1.127765,-9.463417,-0.013,-0.037,-0.021,-101.0,-58.0,483.0,15.225,10.11,109.0,96.0,22.75,,,,,,,,,,,,,,,,,,,,,2026-04-01 14:44:59,True,34.947,10.937,383.705,153.925
2026-04-08T16:58:11.127Z,2026-04-08T16:58:11.127Z,59.19,778,,,,,6.073353,-9.511099,160.542774,0.974028,2.864789,-1.145916,39.0166816,-104.8936703,2175.31,15.139,-9.54,3.33,-0.1,160.52,-229.328,-15.17,39.0167012,-104.8936795,2175.86,10.09,,29,,,,10.104,,0.1,,-2.010363,-1.333704,-9.414384,0.016,0.049,-0.02,-98.0,-59.0,481.0,15.225,10.11,109.0,96.0,22.5,,,,,,,,,,,,,,,,,,,,,2026-04-01 14:44:59,True,34.977,10.937,384.37,153.925
2026-04-08T16:58:11.192Z,2026-04-08T16:58:11.192Z,59.255,779,,,,,6.302536,-9.339212,160.485478,2.062648,1.890761,-0.859437,39.0166759,-104.8936678,2175.32,15.147,-9.54,3.35,-0.1,160.47,-229.962,-14.954,39.0167012,-104.8936795,2175.86,10.09,,29,,,,10.111,,0.1,,-1.804424,-1.000278,-9.502644,0.035,0.032,-0.015,-100.0,-58.0,482.0,15.23,10.04,109.0,96.0,22.75,,,,,,,,,,,,,,,,,,,,,2026-04-01 14:44:59,True,34.992,10.956,384.037,152.909
2026-04-08T16:58:11.270Z,2026-04-08T16:58:11.270Z,59.333,780,,,,,6.302536,-9.339212,160.485478,0.974028,1.833465,-0.286479,39.016674,-104.8936669,2175.33,15.15,-9.51,3.35,-0.09,160.48,-230.173,-14.877,39.0167012,-104.8936795,2175.86,10.09,,29,,,,10.083,,0.09,,-1.66713,-1.029698,-9.767423,0.016,0.031,-0.005,-100.0,-58.0,482.0,15.23,10.04,109.0,96.0,23.0,,,,,,,,,,,,,,,,,,,,,2026-04-01 14:45:00,True,34.955,10.944,384.037,152.909
2026-04-08T16:58:11.340Z,2026-04-08T16:58:11.340Z,59.403,781,,,,,6.302536,-9.167325,160.60007,0.687549,1.145916,1.08862,39.0166639,-104.8936624,2175.34,15.167,-9.5,3.34,-0.08,160.61,-231.297,-14.488,39.016684,-104.8936718,2175.9,10.12,,29,,,,10.07,,0.08,,-2.04959,-1.078732,-9.473224,0.012,0.019,0.018,-101.0,-58.0,482.0,15.23,10.04,109.0,96.0,22.75,,,,,,,,,,,,,,,,,,,,,2026-04-01 14:45:00,True,34.955,10.949,383.622,152.909
2026-04-08T16:58:11.415Z,2026-04-08T16:58:11.415Z,59.478,782,,,,,6.417127,-9.110029,160.714662,2.692902,1.031324,1.546986,39.016658,-104.8936597,2175.35,15.179,-9.51,3.33,-0.1,160.72,-231.953,-14.255,39.016684,-104.8936718,2175.9,10.12,,29,,,,10.076,,0.1,,-1.765197,-1.314091,-9.57129,0.046,0.017,0.026,-103.0,-57.0,482.0,15.23,10.04,109.0,96.0,22.75,,,,,,,,,,,,,,,,,,,,,2026-04-01 14:45:00,True,34.962,10.942,383.622,152.909
2026-04-08T16:58:11.485Z,2026-04-08T16:58:11.485Z,59.548,783,,,,,6.531719,-8.82355,160.886549,4.812845,2.807493,1.546986,39.0166512,-104.8936566,2175.37,15.191,-9.49,3.33,-0.1,160.92,-232.709,-13.987,39.016684,-104.8936718,2175.9,10.12,,29,,,,10.057,,0.1,,-1.78481,-1.618097,-9.502644,0.083,0.048,0.025,-103.0,-57.0,482.0,15.23,10.04,109.0,96.0,22.75,,,,,,,,,,,,,,,,,,,,,2026-04-01 14:45:00,True,34.962,10.949,383.705,152.909
2026-04-08T16:58:11.560Z,2026-04-08T16:58:11.560Z,59.623,784,,,,,6.589015,-8.995437,161.00114,-0.458366,-3.437747,1.776169,39.0166451,-104.8936539,2175.38,15.204,-9.5,3.33,-0.09,161.0,-233.387,-13.754,39.0166668,-104.8936639,2175.95,10.15,,29,,,,10.067,,0.09,,-1.735777,-1.265058,-9.237864,-0.008,-0.06,0.03,-105.0,-55.0,482.0,15.255,8.35,110.0,96.0,22.75,,,,,,,,,,,,,,,,,,,,,2026-04-01 14:45:00,True,34.985,10.949,384.037,127.379
2026-04-08T16:58:11.638Z,2026-04-08T16:58:11.638Z,59.701,785,,,,,6.474423,-9.281916,161.058436,-0.343775,-3.495043,1.661578,39.0166398,-104.8936515,2175.39,15.21,-9.49,3.31,-0.07,161.08,-233.976,-13.546,39.0166668,-104.8936639,2175.95,10.15,,29,,,,10.051,,0.07,,-1.765197,-1.068925,-9.139798,-0.005,-0.061,0.028,-106.0,-54.0,481.0,15.255,8.35,110.0,96.0,22.75,,,,,,,,,,,,,,,,,,,,,2026-04-01 14:45:00,True,34.955,10.934,384.037,127.379
2026-04-08T16:58:11.711Z,2026-04-08T16:58:11.711Z,59.774,786,,,,,6.531719,-9.339212,161.115732,2.234535,1.260507,0.171887,39.0166323,-104.8936481,2175.39,15.218,-9.5,3.29,-0.04,161.12,-234.81,-13.253,39.0166496,-104.893656,2175.99,10.09,,29,,,,10.054,,0.04,,-1.480804,-1.529837,-9.74781,0.038,0.021,0.002,-102.0,-54.0,482.0,15.255,8.35,110.0,96.0,22.75,,,,,,,,,,,,,,,,,,,,,2026-04-01 14:45:00,True,34.955,10.942,383.954,127.379
2026-04-08T16:58:11.780Z,2026-04-08T16:58:11.780Z,59.843,787,,,,,6.818198,-9.052733,161.173028,3.437747,4.870141,0.572958,39.0166261,-104.8936453,2175.4,15.225,-9.49,3.29,-0.05,161.2,-235.5,-13.011,39.0166496,-104.893656,2175.99,10.09,,29,,,,10.044,,0.05,,-1.882877,-0.902212,-9.620324,0.059,0.084,0.009,-102.0,-54.0,482.0,15.268,9.57,111.0,96.0,22.75,,,,,,,,,,,,,,,,,,,,,2026-04-01 14:45:00,True,34.962,10.944,383.871,146.115
2026-04-08T16:58:11.859Z,2026-04-08T16:58:11.859Z,59.922,788,,,,,6.875494,-8.880846,161.230324,1.718873,2.062648,1.031324,39.0166226,-104.8936437,2175.4,15.229,-9.48,3.29,-0.06,161.25,-235.889,-12.872,39.0166496,-104.893656,2175.99,10.09,,29,,,,10.035,,0.06,,-2.010363,-1.431771,-9.54187,0.03,0.035,0.017,-105.0,-51.0,483.0,15.268,9.57,111.0,96.0,22.75,,,,,,,,,,,,,,,,,,,,,2026-04-01 14:45:00,True,34.939,10.942,384.536,146.115
2026-04-08T16:58:11.927Z,2026-04-08T16:58:11.927Z,59.99,789,,,,,6.703606,-9.110029,161.344915,-3.380451,-0.114592,0.974028,39.0166132,-104.8936395,2175.41,15.235,-9.5,3.26,-0.02,161.36,-236.934,-12.51,39.0166325,-104.8936482,2176.03,10.06,,29,,,,10.044,,0.02,,-1.66713,-1.176798,-9.63013,-0.059,-0.002,0.016,-105.0,-50.0,482.0,15.268,9.57,111.0,96.0,22.75,,,,,,,,,,,,,,,,,,,,,2026-04-01 14:45:00,True,34.977,10.949,383.788,146.115
2026-04-08T16:58:11.991Z,2026-04-08T16:58:11.991Z,60.054,790,,,,,6.760902,-9.052733,161.402211,1.08862,0.458366,0.286479,39.0166074,-104.8936369,2175.41,15.238,-9.49,3.25,-0.03,161.4,-237.579,-12.285,39.0166325,-104.8936482,2176.03,10.06,,29,,,,10.031,,0.03,,-1.794617,-1.059118,-9.532064,0.018,0.007,0.004,-105.0,-51.0,483.0,15.229,9.25,111.0,96.0,22.75,,,,,,,,,,,,,,,,,,,,,2026-04-01 14:45:00,True,35.0,10.956,384.204,140.868
2026-04-08T16:58:12.069Z,2026-04-08T16:58:12.069Z,60.132,791,,,,,6.760902,-9.052733,161.402211,0.286479,1.08862,-0.114592,39.0166055,-104.8936361,2175.41,15.239,-9.5,3.25,-0.02,161.4,-237.79,-12.216,39.0166325,-104.8936482,2176.03,10.06,,29,,,,10.041,,0.02,,-1.941717,-0.912018,-9.68897,0.004,0.018,-0.002,-105.0,-51.0,483.0,15.229,9.25,111.0,96.0,22.75,,,,,,,,,,,,,,,,,,,,,2026-04-01 14:45:00,True,34.977,10.944,384.204,140.868
2026-04-08T16:58:12.137Z,2026-04-08T16:58:12.137Z,60.2,792,,,,,6.703606,-8.766254,161.459507,0.40107,1.432394,0.057296,39.0165955,-104.8936316,2175.42,15.244,-9.48,3.23,-0.02,161.46,-238.902,-11.827,39.0166154,-104.8936404,2176.05,10.08,,29,,,,10.015,,0.02,,-1.66713,-1.274864,-9.483031,0.006,0.024,0.0,-106.0,-50.0,482.0,15.229,9.25,111.0,96.0,22.75,,,,,,,,,,,,,,,,,,,,,2026-04-01 14:45:00,True,34.97,10.944,384.37,140.868
2026-04-08T16:58:12.206Z,2026-04-08T16:58:12.206Z,60.269,793,,,,,6.703606,-8.82355,161.402211,-1.546986,-0.859437,-1.145916,39.0165896,-104.893629,2175.42,15.246,-9.5,3.21,-0.02,161.39,-239.558,-11.602,39.0166154,-104.8936404,2176.05,10.08,,29,,,,10.028,,0.02,,-1.510224,-1.059118,-9.384964,-0.027,-0.015,-0.02,-109.0,-50.0,482.0,15.229,9.25,111.0,96.0,22.75,,,,,,,,,,,,,,,,,,,,,2026-04-01 14:45:00,True,34.97,10.956,384.037,140.868
2026-04-08T16:58:12.277Z,2026-04-08T16:58:12.277Z,60.34,794,,,,,6.474423,-8.880846,161.287619,-1.890761,-1.948057,-1.317803,39.0165834,-104.8936263,2175.42,15.247,-9.49,3.22,-0.02,161.28,-240.248,-11.369,39.0166154,-104.8936404,2176.05,10.08,,29,,,,10.021,,0.02,,-1.941717,-1.412158,-9.404577,-0.033,-0.034,-0.023,-109.0,-50.0,482.0,15.229,9.25,111.0,96.0,22.75,,,,,,,,,,,,,,,,,,,,,2026-04-01 14:45:01,True,34.992,10.946,384.287,140.868
2026-04-08T16:58:12.348Z,2026-04-08T16:58:12.348Z,60.411,795,,,,,6.474423,-8.995437,161.230324,-0.458366,-1.661578,-0.515662,39.0165776,-104.8936237,2175.42,15.247,-9.5,3.2,0.0,161.23,-240.893,-11.145,39.0165982,-104.8936328,2176.05,10.06,,29,,,,10.024,,-0.0,,-1.72597,-1.412158,-9.228058,-0.008,-0.029,-0.009,-107.0,-52.0,481.0,15.239,9.16,112.0,96.0,22.75,,,,,,,,,,,,,,,,,,,,,2026-04-01 14:45:01,True,34.977,10.954,384.204,139.589
2026-04-08T16:58:12.416Z,2026-04-08T16:58:12.416Z,60.479,796,,,,,6.474423,-9.110029,161.230324,-0.114592,-0.802141,-0.40107,39.0165714,-104.893621,2175.42,15.246,-9.49,3.18,0.02,161.19,-241.582,-10.911,39.0165982,-104.8936328,2176.05,10.06,,29,,,,10.009,,-0.02,,-1.627904,-1.235638,-9.522257,-0.002,-0.014,-0.007,-106.0,-54.0,482.0,15.239,9.16,112.0,96.0,22.75,,,,,,,,,,,,,,,,,,,,,2026-04-01 14:45:01,True,34.985,10.954,384.204,139.589
2026-04-08T16:58:12.482Z,2026-04-08T16:58:12.482Z,60.545,797,,,,,6.302536,-8.995437,161.173028,-2.979381,1.546986,-0.40107,39.0165656,-104.8936185,2175.42,15.245,-9.49,3.18,0.0,161.17,-242.227,-10.695,39.0165982,-104.8936328,2176.05,10.06,,29,,,,10.009,,-0.0,,-1.78481,-1.108151,-9.738003,-0.052,0.026,-0.007,-106.0,-54.0,482.0,15.239,9.16,112.0,96.0,22.75,,,,,,,,,,,,,,,,,,,,,2026-04-01 14:45:01,True,35.008,10.944,384.121,139.589
2026-04-08T16:58:12.549Z,2026-04-08T16:58:12.549Z,60.612,798,,,,,6.24524,-8.938142,161.173028,-0.114592,0.687549,0.343775,39.0165596,-104.8936159,2175.42,15.247,-9.47,3.17,0.01,161.19,-242.894,-10.471,39.0165811,-104.8936252,2176.07,10.04,,29,,,,9.986,,-0.01,,-1.93191,-1.323898,-9.68897,-0.002,0.011,0.005,-104.0,-55.0,482.0,15.241,9.19,113.0,96.0,22.75,,,,,,,,,,,,,,,,,,,,,2026-04-01 14:45:01,True,34.962,10.942,384.37,140.065
2026-04-08T16:58:12.629Z,2026-04-08T16:58:12.629Z,60.692,799,,,,,6.187944,-8.995437,161.230324,-1.031324,-1.260507,0.229183,39.0165543,-104.8936135,2175.42,15.248,-9.48,3.19,0.02,161.2,-243.484,-10.263,39.0165811,-104.8936252,2176.07,10.04,,29,,,,10.002,,-0.02,,-1.951523,-1.294478,-9.424191,-0.018,-0.022,0.003,-106.0,-56.0,482.0,15.241,9.19,113.0,96.0,22.75,,,,,,,,,,,,,,,,,,,,,2026-04-01 14:45:01,True,34.947,10.942,383.871,140.065
2026-04-08T16:58:12.721Z,2026-04-08T16:58:12.721Z,60.784,800,,,,,6.24524,-9.052733,161.173028,0.859437,-1.661578,-0.229183,39.0165477,-104.8936106,2175.42,15.248,-9.47,3.19,0.03,161.17,-244.217,-10.013,39.016564,-104.8936177,2176.08,10.01,,29,,,,9.993,,-0.03,,-1.81423,-0.970858,-9.443804,0.014,-0.029,-0.004,-105.0,-56.0,481.0,15.241,9.19,113.0,96.0,22.75,,,,,,,,,,,,,,,,,,,,,2026-04-01 14:45:01,True,34.947,10.944,384.037,140.065
2026-04-08T16:58:12.787Z,2026-04-08T16:58:12.787Z,60.85,801,,,,,6.073353,-9.167325,161.173028,-2.463719,-0.229183,-0.286479,39.0165399,-104.8936073,2175.42,15.248,-9.46,3.19,0.03,161.15,-245.085,-9.728,39.016564,-104.8936177,2176.08,10.01,,29,,,,9.983,,-0.03,,-1.93191,-1.824037,-9.71839,-0.043,-0.004,-0.005,-105.0,-56.0,481.0,15.164,10.14,113.0,96.0,22.75,,,,,,,,,,,,,,,,,,,,,2026-04-01 14:45:01,True,34.977,10.949,383.954,153.763
2026-04-08T16:58:12.870Z,2026-04-08T16:58:12.870Z,60.933,802,,,,,6.130648,-9.110029,161.173028,-4.068,1.718873,-0.515662,39.0165372,-104.8936061,2175.42,15.248,-9.47,3.18,0.03,161.15,-245.385,-9.624,39.016564,-104.8936177,2176.08,10.01,,29,,,,9.99,,-0.03,,-1.765197,-1.333704,-9.74781,-0.071,0.029,-0.009,-104.0,-57.0,481.0,15.164,10.14,113.0,96.0,22.5,,,,,,,,,,,,,,,,,,,,,2026-04-01 14:45:01,True,34.955,10.944,384.703,153.763
2026-04-08T16:58:12.938Z,2026-04-08T16:58:12.938Z,61.001,803,,,,,6.130648,-9.339212,160.943845,2.57831,-8.078705,-2.406423,39.0165271,-104.8936017,2175.42,15.248,-9.47,3.19,0.03,160.89,-246.508,-9.244,39.0165469,-104.8936103,2176.09,10.06,,29,,,,9.993,,-0.03,,-1.706357,-1.039505,-9.061345,0.044,-0.141,-0.042,-104.0,-59.0,480.0,15.164,10.14,113.0,96.0,22.75,,,,,,,,,,,,,,,,,,,,,2026-04-01 14:45:01,True,34.97,10.951,384.203,153.763
2026-04-08T16:58:13.010Z,2026-04-08T16:58:13.010Z,61.073,804,,,,,6.302536,-9.568395,160.714662,2.234535,1.08862,-2.521014,39.0165211,-104.8935991,2175.42,15.247,-9.47,3.2,0.09,160.7,-247.175,-9.019,39.0165469,-104.8936103,2176.09,10.06,,29,,,,9.996,,-0.09,,-1.637711,-1.019892,-8.816178,0.038,0.018,-0.044,-101.0,-59.0,481.0,15.164,10.14,113.0,96.0,22.75,,,,,,,,,,,,,,,,,,,,,2026-04-01 14:45:01,True,34.985,10.946,384.287,153.763
2026-04-08T16:58:13.078Z,2026-04-08T16:58:13.078Z,61.141,805,,,,,6.359832,-9.281916,160.485478,-0.974028,4.068,-3.781521,39.0165149,-104.8935963,2175.42,15.241,-9.48,3.21,0.11,160.47,-247.865,-8.777,39.0165469,-104.8936103,2176.09,10.06,,29,,,,10.009,,-0.11,,-1.745584,-1.088538,-9.649744,-0.017,0.07,-0.066,-101.0,-59.0,481.0,15.164,10.14,113.0,96.0,22.75,,,,,,,,,,,,,,,,,,,,,2026-04-01 14:45:01,True,34.97,10.946,384.121,153.763
2026-04-08T16:58:13.152Z,2026-04-08T16:58:13.152Z,61.215,806,,,,,6.24524,-9.052733,160.256295,-2.864789,4.125296,-4.239888,39.0165092,-104.8935938,2175.41,15.238,-9.49,3.2,0.08,160.21,-248.498,-8.561,39.0165297,-104.8936027,2176.09,10.09,,29,,,,10.015,,-0.08,,-1.657324,-1.490611,-10.247949,-0.049,0.071,-0.074,-97.0,-58.0,479.0,15.074,12.33,115.0,96.0,22.75,,,,,,,,,,,,,,,,,,,,,2026-04-01 14:45:01,True,34.97,10.949,384.204,185.862
2026-04-08T16:58:13.221Z,2026-04-08T16:58:13.221Z,61.284,807,,,,,6.531719,-8.708958,159.969816,3.724226,4.927437,-4.640958,39.016503,-104.8935911,2175.41,15.237,-9.48,3.22,0.07,159.93,-249.188,-8.328,39.0165297,-104.8936027,2176.09,10.09,,29,,,,10.012,,-0.07,,-1.451384,-0.862985,-9.796843,0.064,0.085,-0.081,-102.0,-59.0,480.0,15.074,12.33,115.0,96.0,22.75,,,,,,,,,,,,,,,,,,,,,2026-04-01 14:45:01,True,34.962,10.946,384.287,185.862
2026-04-08T16:58:13.288Z,2026-04-08T16:58:13.288Z,61.351,808,,,,,6.818198,-8.307888,159.683338,0.0,7.792226,-4.411775,39.0164972,-104.8935885,2175.41,15.234,-9.48,3.2,0.07,159.68,-249.833,-8.104,39.0165297,-104.8936027,2176.09,10.09,,29,,,,10.006,,-0.07,,-1.745584,-1.265058,-9.620324,0.0,0.135,-0.078,-102.0,-59.0,480.0,15.074,12.33,115.0,96.0,22.5,,,,,,,,,,,,,,,,,,,,,2026-04-01 14:45:02,True,34.977,10.949,384.204,185.862
2026-04-08T16:58:13.356Z,2026-04-08T16:58:13.356Z,61.419,809,,,,,6.531719,-8.021409,159.51145,-3.609634,0.974028,-3.323155,39.0164912,-104.8935859,2175.41,15.233,-9.47,3.2,0.05,159.48,-250.5,-7.879,39.0165126,-104.8935952,2176.08,10.03,,29,,,,9.996,,-0.05,,-1.421964,-1.314091,-9.875297,-0.063,0.016,-0.058,-106.0,-57.0,480.0,15.08,11.83,115.0,96.0,22.75,,,,,,,,,,,,,,,,,,,,,2026-04-01 14:45:02,True,34.992,10.954,383.954,178.396
2026-04-08T16:58:13.425Z,2026-04-08T16:58:13.425Z,61.488,810,,,,,6.589015,-7.906818,159.339563,2.062648,2.922085,-2.750197,39.0164859,-104.8935835,2175.41,15.233,-9.46,3.21,0.03,159.32,-251.089,-7.672,39.0165126,-104.8935952,2176.08,10.03,,29,,,,9.99,,-0.03,,-1.598484,-1.265058,-9.885103,0.035,0.05,-0.048,-110.0,-60.0,478.0,15.08,11.83,115.0,96.0,22.75,,,,,,,,,,,,,,,,,,,,,2026-04-01 14:45:02,True,34.977,10.944,384.37,178.396
2026-04-08T16:58:13.491Z,2026-04-08T16:58:13.491Z,61.554,811,,,,,6.875494,-7.677634,159.282267,3.896113,2.864789,-0.40107,39.0164793,-104.8935806,2175.41,15.232,-9.46,3.22,0.01,159.27,-251.823,-7.421,39.0164955,-104.8935876,2176.08,9.99,,29,,,,9.993,,-0.01,,-2.039783,-1.108151,-9.581097,0.067,0.049,-0.007,-111.0,-59.0,478.0,15.08,11.83,115.0,96.0,22.75,,,,,,,,,,,,,,,,,,,,,2026-04-01 14:45:02,True,34.97,10.961,384.121,178.396
2026-04-08T16:58:13.557Z,2026-04-08T16:58:13.557Z,61.62,812,,,,,6.990085,-7.563043,159.339563,3.552338,2.005352,0.802141,39.0164731,-104.8935778,2175.41,15.232,-9.45,3.21,0.01,159.34,-252.513,-7.179,39.0164955,-104.8935876,2176.08,9.99,,29,,,,9.98,,-0.01,,-2.13785,-1.510224,-9.679164,0.062,0.034,0.013,-111.0,-59.0,478.0,15.157,11.36,116.0,96.0,22.5,,,,,,,,,,,,,,,,,,,,,2026-04-01 14:45:02,True,34.962,10.946,384.287,172.184
2026-04-08T16:58:13.644Z,2026-04-08T16:58:13.644Z,61.707,813,,,,,7.161972,-7.563043,159.396859,2.57831,-0.40107,0.802141,39.0164688,-104.8935759,2175.41,15.232,-9.41,3.18,0.01,159.4,-252.991,-7.015,39.0164955,-104.8935876,2176.08,9.99,,29,,,,9.933,,-0.01,,-1.480804,-1.578871,-9.83607,0.044,-0.007,0.013,-114.0,-55.0,479.0,15.157,11.36,116.0,96.0,22.75,,,,,,,,,,,,,,,,,,,,,2026-04-01 14:45:02,True,34.962,10.939,383.954,172.184
2026-04-08T16:58:13.716Z,2026-04-08T16:58:13.716Z,61.779,814,,,,,7.391156,-7.964113,159.454154,1.317803,-3.781521,1.317803,39.0164603,-104.8935722,2175.41,15.233,-9.4,3.16,0.03,159.45,-253.936,-6.695,39.0164785,-104.8935801,2176.09,10.01,,29,,,,9.917,,-0.03,,-1.75539,-1.510224,-9.532064,0.022,-0.066,0.022,-113.0,-53.0,479.0,15.157,11.36,116.0,96.0,22.75,,,,,,,,,,,,,,,,,,,,,2026-04-01 14:45:02,True,34.962,10.949,383.788,172.184
2026-04-08T16:58:13.783Z,2026-04-08T16:58:13.783Z,61.846,815,,,,,7.276564,-8.136001,159.51145,-6.073353,-2.119944,0.802141,39.0164546,-104.8935697,2175.41,15.233,-9.41,3.15,0.01,159.49,-254.57,-6.479,39.0164785,-104.8935801,2176.09,10.01,,29,,,,9.923,,-0.01,,-1.490611,-1.304284,-9.943943,-0.106,-0.037,0.013,-113.0,-53.0,479.0,15.057,12.27,117.0,96.0,22.75,,,,,,,,,,,,,,,,,,,,,2026-04-01 14:45:02,True,35.0,10.958,384.204,184.749
2026-04-08T16:58:13.860Z,2026-04-08T16:58:13.860Z,61.923,816,,,,,6.990085,-8.193296,159.51145,-6.64631,-1.432394,1.317803,39.0164518,-104.8935685,2175.41,15.234,-9.39,3.12,0.01,159.54,-254.881,-6.376,39.0164785,-104.8935801,2176.09,10.01,,29,,,,9.895,,-0.01,,-1.490611,-1.559257,-10.022396,-0.116,-0.025,0.022,-109.0,-53.0,478.0,15.057,12.27,117.0,96.0,22.75,,,,,,,,,,,,,,,,,,,,,2026-04-01 14:45:02,True,34.955,10.946,384.453,184.749
2026-04-08T16:58:13.933Z,2026-04-08T16:58:13.933Z,61.996,817,,,,,6.64631,-8.193296,159.626042,-3.380451,0.057296,1.031324,39.0164425,-104.8935645,2175.41,15.238,-9.39,3.11,-0.01,159.63,-255.915,-6.03,39.0164615,-104.8935726,2176.09,9.93,,29,,,,9.892,,0.01,,-1.833844,-0.853179,-9.914523,-0.059,0.0,0.017,-108.0,-55.0,479.0,15.057,12.27,117.0,96.0,22.75,,,,,,,,,,,,,,,,,,,,,2026-04-01 14:45:02,True,35.015,10.958,384.453,184.749
2026-04-08T16:58:14.006Z,2026-04-08T16:58:14.006Z,62.069,818,,,,,6.760902,-8.307888,159.683338,2.750197,-2.234535,1.031324,39.016436,-104.8935616,2175.42,15.245,-9.38,3.12,-0.03,159.67,-256.638,-5.78,39.0164615,-104.8935726,2176.09,9.93,,29,,,,9.885,,0.03,,-1.578871,-1.166991,-9.551677,0.048,-0.039,0.017,-110.0,-57.0,481.0,15.057,12.27,117.0,96.0,22.75,,,,,,,,,,,,,,,,,,,,,2026-04-01 14:45:02,True,34.985,10.956,384.536,184.749
2026-04-08T16:58:14.081Z,2026-04-08T16:58:14.081Z,62.144,819,,,,,6.64631,-8.766254,159.683338,-4.411775,-9.110029,0.916732,39.0164298,-104.893559,2175.43,15.25,-9.4,3.11,0.0,159.68,-257.327,-5.555,39.0164615,-104.8935726,2176.09,9.93,,29,,,,9.901,,-0.0,,-1.343511,-0.833565,-9.228058,-0.077,-0.159,0.015,-110.0,-57.0,481.0,15.057,12.27,117.0,96.0,22.5,,,,,,,,,,,,,,,,,,,,,2026-04-01 14:45:02,True,35.0,10.946,383.954,184.749
2026-04-08T16:58:14.151Z,2026-04-08T16:58:14.151Z,62.214,820,,,,,6.187944,-9.281916,159.683338,-4.75555,-4.984733,-0.114592,39.016424,-104.8935565,2175.43,15.255,-9.4,3.08,0.03,159.63,-257.972,-5.339,39.0164446,-104.8935651,2176.11,9.92,,29,,,,9.892,,-0.03,,-1.451384,-1.372931,-9.384964,-0.083,-0.087,-0.002,-105.0,-59.0,479.0,15.021,12.15,118.0,96.0,22.75,,,,,,,,,,,,,,,,,,,,,2026-04-01 14:45:02,True,34.947,10.951,384.121,182.505
2026-04-08T16:58:14.224Z,2026-04-08T16:58:14.224Z,62.287,821,,,,,6.073353,-9.339212,159.568746,-1.375099,0.802141,-1.317803,39.0164179,-104.8935539,2175.43,15.258,-9.4,3.09,0.02,159.56,-258.651,-5.114,39.0164446,-104.8935651,2176.11,9.92,,29,,,,9.895,,-0.02,,-1.539644,-1.363124,-9.74781,-0.024,0.013,-0.023,-98.0,-62.0,480.0,15.021,12.15,118.0,96.0,22.75,,,,,,,,,,,,,,,,,,,,,2026-04-01 14:45:02,True,34.97,10.946,384.037,182.505
2026-04-08T16:58:14.295Z,2026-04-08T16:58:14.295Z,62.358,822,,,,,5.84417,-9.167325,159.568746,-0.630254,2.750197,-0.458366,39.0164113,-104.893551,2175.44,15.26,-9.43,3.09,0.01,159.54,-259.384,-4.864,39.0164277,-104.8935579,2176.12,9.87,,29,,,,9.923,,-0.01,,-1.794617,-1.343511,-9.74781,-0.011,0.047,-0.008,-99.0,-63.0,480.0,15.021,12.15,118.0,96.0,22.75,,,,,,,,,,,,,,,,,,,,,2026-04-01 14:45:03,True,34.947,10.946,384.287,182.505
2026-04-08T16:58:14.361Z,2026-04-08T16:58:14.361Z,62.424,823,,,,,5.84417,-9.167325,159.51145,-2.979381,0.630254,-1.031324,39.0164052,-104.8935484,2175.44,15.26,-9.41,3.13,0.0,159.48,-260.063,-4.639,39.0164277,-104.8935579,2176.12,9.87,,29,,,,9.917,,-0.0,,-1.75539,-1.000278,-9.63013,-0.051,0.01,-0.018,-99.0,-63.0,480.0,15.132,11.06,118.0,96.0,22.75,,,,,,,,,,,,,,,,,,,,,2026-04-01 14:45:03,True,34.962,10.954,383.871,167.36
2026-04-08T16:58:14.429Z,2026-04-08T16:58:14.429Z,62.492,824,,,,,5.729578,-9.110029,159.454154,-1.546986,0.859437,-1.432394,39.0164009,-104.8935465,2175.44,15.26,-9.41,3.1,0.01,159.41,-260.541,-4.475,39.0164277,-104.8935579,2176.12,9.87,,29,,,,9.907,,-0.01,,-1.569064,-1.578871,-9.679164,-0.027,0.014,-0.026,-101.0,-65.0,480.0,15.132,11.06,118.0,96.0,22.75,,,,,,,,,,,,,,,,,,,,,2026-04-01 14:45:03,True,34.992,10.951,384.37,167.36
2026-04-08T16:58:14.497Z,2026-04-08T16:58:14.497Z,62.56,825,,,,,5.786874,-9.167325,159.339563,3.036676,-0.744845,-0.630254,39.0163944,-104.8935437,2175.43,15.258,-9.41,3.14,0.01,159.33,-261.264,-4.233,39.0164107,-104.8935506,2176.12,9.95,,29,,,,9.92,,-0.01,,-1.637711,-1.284671,-9.492837,0.053,-0.013,-0.012,-99.0,-66.0,480.0,15.132,11.06,118.0,96.0,22.5,,,,,,,,,,,,,,,,,,,,,2026-04-01 14:45:03,True,34.977,10.951,383.705,167.36
2026-04-08T16:58:14.566Z,2026-04-08T16:58:14.566Z,62.629,826,,,,,5.958761,-9.052733,159.339563,2.17724,2.119944,0.802141,39.0163882,-104.893541,2175.43,15.259,-9.43,3.13,0.02,159.37,-261.953,-4.0,39.0164107,-104.8935506,2176.12,9.95,,29,,,,9.936,,-0.02,,-1.882877,-0.882599,-9.424191,0.037,0.036,0.013,-99.0,-66.0,480.0,15.112,11.44,119.0,96.0,22.75,,,,,,,,,,,,,,,,,,,,,2026-04-01 14:45:03,True,35.008,10.958,384.37,172.881
2026-04-08T16:58:14.637Z,2026-04-08T16:58:14.637Z,62.7,827,,,,,6.016057,-8.938142,159.396859,4.010705,3.323155,0.744845,39.0163839,-104.8935392,2175.43,15.259,-9.42,3.11,0.02,159.41,-262.431,-3.844,39.0164107,-104.8935506,2176.12,9.95,,29,,,,9.92,,-0.02,,-1.470998,-1.421964,-9.639937,0.069,0.057,0.012,-102.0,-65.0,481.0,15.112,11.44,119.0,96.0,22.5,,,,,,,,,,,,,,,,,,,,,2026-04-01 14:45:03,True,34.97,10.944,384.204,172.881
2026-04-08T16:58:14.714Z,2026-04-08T16:58:14.714Z,62.777,828,,,,,6.016057,-8.880846,159.454154,-4.812845,0.286479,0.515662,39.0163765,-104.893536,2175.43,15.259,-9.42,3.13,0.02,159.47,-263.254,-3.568,39.0163937,-104.8935433,2176.12,9.98,,29,,,,9.926,,-0.02,,-1.392544,-1.382738,-9.845877,-0.084,0.004,0.008,-102.0,-63.0,480.0,15.112,11.44,119.0,96.0,22.5,,,,,,,,,,,,,,,,,,,,,2026-04-01 14:45:03,True,34.955,10.949,384.453,172.881
2026-04-08T16:58:14.778Z,2026-04-08T16:58:14.778Z,62.841,829,,,,,5.84417,-8.880846,159.51145,0.114592,0.744845,0.458366,39.0163696,-104.893533,2175.43,15.259,-9.44,3.14,0.01,159.53,-264.021,-3.309,39.0163937,-104.8935433,2176.12,9.98,,29,,,,9.949,,-0.01,,-1.284671,-1.510224,-9.74781,0.002,0.013,0.007,-102.0,-63.0,480.0,15.111,11.13,120.0,96.0,22.5,,,,,,,,,,,,,,,,,,,,,2026-04-01 14:45:03,True,34.962,10.954,384.121,168.185
2026-04-08T16:58:14.859Z,2026-04-08T16:58:14.859Z,62.922,830,,,,,6.016057,-8.880846,159.568746,0.687549,1.48969,0.744845,39.0163669,-104.8935318,2175.43,15.259,-9.43,3.14,0.01,159.55,-264.321,-3.205,39.0163937,-104.8935433,2176.12,9.98,,29,,,,9.939,,-0.01,,-1.363124,-1.186605,-9.68897,0.011,0.025,0.012,-103.0,-64.0,480.0,15.111,11.13,120.0,96.0,22.75,,,,,,,,,,,,,,,,,,,,,2026-04-01 14:45:03,True,34.97,10.934,384.204,168.185
2026-04-08T16:58:14.927Z,2026-04-08T16:58:14.927Z,62.99,831,,,,,5.84417,-8.651663,159.683338,-1.48969,1.48969,1.375099,39.0163575,-104.8935278,2175.43,15.259,-9.45,3.15,0.01,159.69,-265.367,-2.86,39.0163767,-104.8935359,2176.11,9.98,,29,,,,9.961,,-0.01,,-1.853457,-0.862985,-9.561484,-0.026,0.026,0.023,-103.0,-64.0,479.0,15.111,11.13,120.0,96.0,22.5,,,,,,,,,,,,,,,,,,,,,2026-04-01 14:45:03,True,34.962,10.951,383.954,168.185
2026-04-08T16:58:14.992Z,2026-04-08T16:58:14.992Z,63.055,832,,,,,5.672282,-8.594367,159.797929,-0.916732,1.948057,1.260507,39.0163517,-104.8935253,2175.43,15.257,-9.43,3.16,0.02,159.81,-266.012,-2.644,39.0163767,-104.8935359,2176.11,9.98,,29,,,,9.945,,-0.02,,-1.461191,-1.392544,-9.65955,-0.016,0.033,0.021,-106.0,-65.0,479.0,15.105,11.32,120.0,96.0,22.75,,,,,,,,,,,,,,,,,,,,,2026-04-01 14:45:03,True,34.955,10.954,383.788,170.989
2026-04-08T16:58:15.066Z,2026-04-08T16:58:15.066Z,63.129,833,,,,,5.672282,-8.479775,159.855225,-1.031324,2.57831,1.718873,39.0163498,-104.8935244,2175.43,15.257,-9.45,3.15,0.01,159.86,-266.223,-2.566,39.0163767,-104.8935359,2176.11,9.98,,29,,,,9.961,,-0.01,,-1.716164,-1.706357,-9.60071,-0.018,0.044,0.028,-106.0,-65.0,479.0,15.105,11.32,120.0,96.0,22.75,,,,,,,,,,,,,,,,,,,,,2026-04-01 14:45:03,True,34.985,10.949,384.037,170.989
2026-04-08T16:58:15.135Z,2026-04-08T16:58:15.135Z,63.198,834,,,,,5.729578,-8.365184,160.027112,0.687549,0.744845,1.317803,39.0163396,-104.89352,2175.43,15.253,-9.44,3.17,0.01,160.02,-267.357,-2.186,39.0163596,-104.8935285,2176.12,10.01,,29,,,,9.958,,-0.01,,-1.706357,-1.010085,-9.620324,0.012,0.012,0.022,-107.0,-65.0,478.0,15.105,11.32,120.0,96.0,22.75,,,,,,,,,,,,,,,,,,,,,2026-04-01 14:45:03,True,34.977,10.958,383.871,170.989
2026-04-08T16:58:15.204Z,2026-04-08T16:58:15.204Z,63.267,835,,,,,5.672282,-8.365184,160.141704,-1.604282,1.48969,1.317803,39.0163339,-104.8935175,2175.43,15.251,-9.44,3.16,0.0,160.14,-267.991,-1.97,39.0163596,-104.8935285,2176.12,10.01,,29,,,,9.955,,-0.0,,-1.284671,-1.010085,-9.767423,-0.028,0.025,0.022,-108.0,-64.0,479.0,15.105,11.32,120.0,96.0,22.75,,,,,,,,,,,,,,,,,,,,,2026-04-01 14:45:03,True,34.962,10.954,384.287,170.989
2026-04-08T16:58:15.277Z,2026-04-08T16:58:15.277Z,63.34,836,,,,,5.672282,-8.365184,160.199,1.776169,-0.229183,1.08862,39.0163277,-104.8935148,2175.43,15.251,-9.44,3.17,0.0,160.21,-268.68,-1.736,39.0163596,-104.8935285,2176.12,10.01,,29,,,,9.958,,-0.0,,-1.578871,-1.078732,-9.65955,0.03,-0.004,0.018,-108.0,-64.0,479.0,15.105,11.32,120.0,96.0,22.75,,,,,,,,,,,,,,,,,,,,,2026-04-01 14:45:04,True,34.962,10.942,383.871,170.989
2026-04-08T16:58:15.348Z,2026-04-08T16:58:15.348Z,63.411,837,,,,,5.672282,-8.42248,160.313591,1.145916,-0.229183,1.432394,39.016322,-104.8935123,2175.43,15.251,-9.45,3.15,0.01,160.31,-269.314,-1.52,39.0163426,-104.8935211,2176.11,9.97,,29,,,,9.961,,-0.01,,-1.529837,-1.75539,-9.649744,0.019,-0.004,0.024,-108.0,-64.0,478.0,15.105,10.99,122.0,96.0,22.75,,,,,,,,,,,,,,,,,,,,,2026-04-01 14:45:04,True,34.977,10.951,384.038,166.004
2026-04-08T16:58:15.419Z,2026-04-08T16:58:15.419Z,63.482,838,,,,,5.729578,-8.42248,160.370887,-0.057296,0.286479,1.48969,39.0163158,-104.8935096,2175.43,15.251,-9.44,3.17,0.0,160.41,-270.004,-1.287,39.0163426,-104.8935211,2176.11,9.97,,29,,,,9.958,,-0.0,,-1.941717,-1.010085,-9.649744,-0.001,0.004,0.025,-108.0,-64.0,479.0,15.105,10.99,122.0,96.0,22.75,,,,,,,,,,,,,,,,,,,,,2026-04-01 14:45:04,True,34.97,10.944,384.038,166.004
2026-04-08T16:58:15.488Z,2026-04-08T16:58:15.488Z,63.551,839,,,,,5.729578,-8.42248,160.485478,0.343775,-0.343775,1.260507,39.0163101,-104.8935071,2175.43,15.25,-9.44,3.16,0.0,160.5,-270.637,-1.071,39.0163426,-104.8935211,2176.11,9.97,,29,,,,9.955,,-0.0,,-1.971137,-1.235638,-9.483031,0.005,-0.006,0.021,-108.0,-64.0,479.0,15.105,10.99,122.0,96.0,22.75,,,,,,,,,,,,,,,,,,,,,2026-04-01 14:45:04,True,34.985,10.949,384.204,166.004
2026-04-08T16:58:15.560Z,2026-04-08T16:58:15.560Z,63.623,840,,,,,5.84417,-8.42248,160.542774,2.005352,1.776169,0.744845,39.0163041,-104.8935045,2175.43,15.251,-9.45,3.18,0.0,160.55,-271.305,-0.847,39.0163255,-104.8935137,2176.11,10.0,,29,,,,9.971,,-0.0,,-1.84365,-0.980665,-9.492837,0.035,0.03,0.012,-108.0,-63.0,478.0,15.125,10.85,122.0,96.0,22.75,,,,,,,,,,,,,,,,,,,,,2026-04-01 14:45:04,True,34.962,10.951,384.453,164.106
2026-04-08T16:58:15.637Z,2026-04-08T16:58:15.637Z,63.7,841,,,,,5.729578,-8.307888,160.542774,-0.171887,1.890761,-0.171887,39.0162988,-104.8935022,2175.43,15.25,-9.44,3.17,0.0,160.56,-271.894,-0.648,39.0163255,-104.8935137,2176.11,10.0,,29,,,,9.958,,-0.0,,-1.618097,-1.304284,-9.826263,-0.002,0.032,-0.003,-110.0,-62.0,479.0,15.125,10.85,122.0,96.0,22.75,,,,,,,,,,,,,,,,,,,,,2026-04-01 14:45:04,True,34.985,10.944,384.038,164.106
2026-04-08T16:58:15.714Z,2026-04-08T16:58:15.714Z,63.777,842,,,,,6.073353,-8.021409,160.542774,3.724226,2.979381,-0.859437,39.0162913,-104.893499,2175.43,15.25,-9.43,3.17,-0.01,160.53,-272.728,-0.371,39.0163085,-104.8935063,2176.12,10.01,,29,,,,9.949,,0.01,,-1.441578,-1.157185,-9.71839,0.064,0.051,-0.015,-112.0,-61.0,478.0,15.125,10.85,122.0,96.0,22.5,,,,,,,,,,,,,,,,,,,,,2026-04-01 14:45:04,True,34.947,10.946,383.871,164.106
2026-04-08T16:58:15.786Z,2026-04-08T16:58:15.786Z,63.849,843,,,,,6.016057,-7.849522,160.542774,-1.546986,0.859437,0.229183,39.0162845,-104.893496,2175.43,15.25,-9.43,3.14,-0.01,160.56,-273.484,-0.112,39.0163085,-104.8935063,2176.12,10.01,,29,,,,9.939,,0.01,,-1.66713,-0.862985,-9.796843,-0.027,0.014,0.002,-112.0,-61.0,478.0,15.19,10.4,123.0,96.0,22.5,,,,,,,,,,,,,,,,,,,,,2026-04-01 14:45:04,True,34.955,10.944,384.204,157.976
2026-04-08T16:58:15.868Z,2026-04-08T16:58:15.868Z,63.931,844,,,,,6.016057,-7.849522,160.542774,-0.572958,-0.916732,0.687549,39.0162817,-104.8934948,2175.43,15.25,-9.41,3.14,-0.01,160.57,-273.795,-0.009,39.0163085,-104.8935063,2176.12,10.01,,29,,,,9.92,,0.01,,-1.922103,-0.804145,-9.639937,-0.01,-0.016,0.011,-115.0,-60.0,478.0,15.19,10.4,123.0,96.0,22.5,,,,,,,,,,,,,,,,,,,,,2026-04-01 14:45:04,True,34.932,10.942,384.37,157.976
2026-04-08T16:58:15.942Z,2026-04-08T16:58:15.942Z,64.005,845,,,,,5.901465,-8.307888,160.60007,-1.260507,-2.979381,-0.057296,39.0162717,-104.8934905,2175.43,15.254,-9.4,3.13,0.0,160.56,-274.907,0.363,39.0162915,-104.8934989,2176.11,9.91,,29,,,,9.907,,-0.0,,-1.657324,-0.990472,-9.51245,-0.021,-0.052,-0.001,-113.0,-60.0,479.0,15.19,10.4,123.0,96.0,22.75,,,,,,,,,,,,,,,,,,,,,2026-04-01 14:45:04,True,34.985,10.956,384.287,157.976
2026-04-08T16:58:16.014Z,2026-04-08T16:58:16.014Z,64.077,846,,,,,5.84417,-8.708958,160.542774,-1.203211,-5.099324,0.114592,39.0162647,-104.8934875,2175.43,15.254,-9.38,3.11,0.01,160.49,-275.686,0.622,39.0162915,-104.8934989,2176.11,9.91,,29,,,,9.882,,-0.01,,-1.559257,-1.216025,-9.453611,-0.021,-0.089,0.001,-110.0,-62.0,479.0,15.19,10.4,123.0,96.0,22.5,,,,,,,,,,,,,,,,,,,,,2026-04-01 14:45:04,True,34.955,10.951,384.037,157.976
2026-04-08T16:58:16.087Z,2026-04-08T16:58:16.087Z,64.15,847,,,,,5.672282,-8.880846,160.485478,-3.323155,-1.890761,-0.057296,39.016259,-104.893485,2175.43,15.252,-9.39,3.12,0.02,160.48,-276.319,0.838,39.0162915,-104.8934989,2176.11,9.91,,29,,,,9.895,,-0.02,,-1.598484,-1.127765,-9.639937,-0.057,-0.033,-0.001,-110.0,-62.0,479.0,15.19,10.4,123.0,96.0,22.5,,,,,,,,,,,,,,,,,,,,,2026-04-01 14:45:04,True,34.947,10.946,384.204,157.976
2026-04-08T16:58:16.159Z,2026-04-08T16:58:16.159Z,64.222,848,,,,,5.443099,-8.995437,160.428183,-3.552338,-2.807493,-0.458366,39.0162531,-104.8934825,2175.42,15.249,-9.37,3.12,0.02,160.42,-276.975,1.054,39.0162746,-104.8934916,2176.11,9.87,,29,,,,9.876,,-0.02,,-1.706357,-1.520031,-9.620324,-0.062,-0.049,-0.008,-105.0,-63.0,479.0,15.106,11.29,124.0,96.0,22.75,,,,,,,,,,,,,,,,,,,,,2026-04-01 14:45:04,True,34.977,10.951,384.37,170.547
2026-04-08T16:58:16.234Z,2026-04-08T16:58:16.234Z,64.297,849,,,,,5.385803,-9.167325,160.370887,-2.234535,-1.317803,-1.08862,39.0162479,-104.8934802,2175.42,15.246,-9.37,3.15,0.01,160.35,-277.554,1.253,39.0162746,-104.8934916,2176.11,9.87,,29,,,,9.885,,-0.01,,-1.637711,-0.578592,-9.610517,-0.039,-0.023,-0.019,-104.0,-66.0,479.0,15.106,11.29,124.0,96.0,22.75,,,,,,,,,,,,,,,,,,,,,2026-04-01 14:45:04,True,34.985,10.949,384.204,170.547
2026-04-08T16:58:16.306Z,2026-04-08T16:58:16.306Z,64.369,850,,,,,5.15662,-9.167325,160.256295,-3.380451,0.114592,-1.604282,39.0162405,-104.8934769,2175.42,15.242,-9.38,3.14,0.01,160.23,-278.376,1.538,39.0162577,-104.8934842,2176.13,9.98,,29,,,,9.892,,-0.01,,-1.912297,-0.941438,-9.914523,-0.058,0.001,-0.028,-102.0,-67.0,479.0,15.106,11.29,124.0,96.0,22.75,,,,,,,,,,,,,,,,,,,,,2026-04-01 14:45:05,True,34.977,10.946,384.121,170.547
2026-04-08T16:58:16.380Z,2026-04-08T16:58:16.380Z,64.443,851,,,,,5.15662,-9.052733,160.199,2.57831,1.546986,-0.114592,39.0162343,-104.8934743,2175.42,15.241,-9.38,3.14,-0.01,160.19,-279.066,1.762,39.0162577,-104.8934842,2176.13,9.98,,29,,,,9.892,,0.01,,-1.863264,-0.990472,-9.934136,0.044,0.026,-0.002,-102.0,-67.0,479.0,15.168,10.83,125.0,96.0,22.75,,,,,,,,,,,,,,,,,,,,,2026-04-01 14:45:05,True,34.985,10.946,384.453,164.269
2026-04-08T16:58:16.461Z,2026-04-08T16:58:16.461Z,64.524,852,,,,,5.271212,-8.995437,160.199,3.036676,-0.343775,-0.630254,39.0162309,-104.8934728,2175.42,15.241,-9.39,3.14,-0.02,160.16,-279.444,1.892,39.0162577,-104.8934842,2176.13,9.98,,29,,,,9.901,,0.02,,-1.96133,-0.990472,-9.83607,0.052,-0.006,-0.011,-104.0,-68.0,481.0,15.168,10.83,125.0,96.0,22.5,,,,,,,,,,,,,,,,,,,,,2026-04-01 14:45:05,True,34.962,10.944,384.536,164.269
2026-04-08T16:58:16.534Z,2026-04-08T16:58:16.534Z,64.597,853,,,,,5.328507,-8.938142,160.084408,-0.974028,0.572958,0.40107,39.0162216,-104.8934687,2175.42,15.247,-9.39,3.14,-0.02,160.12,-280.478,2.246,39.0162407,-104.8934767,2176.13,9.89,,29,,,,9.901,,0.02,,-1.980943,-0.970858,-9.443804,-0.017,0.009,0.005,-104.0,-66.0,481.0,15.168,10.83,125.0,96.0,22.75,,,,,,,,,,,,,,,,,,,,,2026-04-01 14:45:05,True,34.992,10.954,384.37,164.269
2026-04-08T16:58:16.606Z,2026-04-08T16:58:16.606Z,64.669,854,,,,,5.385803,-9.110029,160.141704,0.114592,-2.750197,0.802141,39.0162151,-104.8934658,2175.43,15.252,-9.4,3.16,-0.01,160.16,-281.201,2.497,39.0162407,-104.8934767,2176.13,9.89,,29,,,,9.917,,0.01,,-1.510224,-1.029698,-9.473224,0.001,-0.048,0.013,-105.0,-66.0,481.0,15.168,10.83,125.0,96.0,22.75,,,,,,,,,,,,,,,,,,,,,2026-04-01 14:45:05,True,34.962,10.954,384.287,164.269
2026-04-08T16:58:16.679Z,2026-04-08T16:58:16.679Z,64.742,855,,,,,5.213916,-9.281916,160.256295,-3.781521,-1.776169,1.317803,39.0162089,-104.8934631,2175.43,15.255,-9.4,3.14,0.0,160.24,-281.89,2.73,39.0162407,-104.8934767,2176.13,9.89,,29,,,,9.911,,-0.0,,-2.098623,-0.961052,-9.68897,-0.066,-0.031,0.022,-105.0,-66.0,481.0,15.168,10.83,125.0,96.0,22.75,,,,,,,,,,,,,,,,,,,,,2026-04-01 14:45:05,True,35.0,10.944,384.037,164.269
2026-04-08T16:58:16.752Z,2026-04-08T16:58:16.752Z,64.815,856,,,,,5.271212,-9.281916,160.313591,0.744845,1.661578,0.40107,39.0162032,-104.8934606,2175.43,15.259,-9.4,3.15,-0.01,160.29,-282.524,2.946,39.0162239,-104.8934694,2176.14,9.89,,29,,,,9.914,,0.01,,-1.510224,-1.206218,-9.728197,0.012,0.028,0.006,-101.0,-68.0,480.0,15.184,10.47,126.0,96.0,22.75,,,,,,,,,,,,,,,,,,,,,2026-04-01 14:45:05,True,34.985,10.949,384.62,158.976
2026-04-08T16:58:16.828Z,2026-04-08T16:58:16.828Z,64.891,857,,,,,5.099324,-9.224621,160.313591,-3.724226,0.114592,0.515662,39.016197,-104.893458,2175.44,15.262,-9.4,3.16,-0.01,160.34,-283.213,3.171,39.0162239,-104.8934694,2176.14,9.89,,29,,,,9.917,,0.01,,-1.81423,-1.314091,-9.83607,-0.065,0.001,0.008,-103.0,-67.0,481.0,15.184,10.47,126.0,96.0,22.75,,,,,,,,,,,,,,,,,,,,,2026-04-01 14:45:05,True,34.939,10.946,384.536,158.976
2026-04-08T16:58:16.907Z,2026-04-08T16:58:16.907Z,64.97,858,,,,,4.927437,-9.224621,160.370887,-1.776169,1.260507,0.171887,39.01619,-104.8934549,2175.44,15.265,-9.39,3.15,-0.01,160.36,-283.992,3.438,39.0162069,-104.8934621,2176.15,9.94,,29,,,,9.904,,0.01,,-1.81423,-1.225831,-9.57129,-0.031,0.021,0.002,-103.0,-68.0,480.0,15.184,10.47,126.0,96.0,22.75,,,,,,,,,,,,,,,,,,,,,2026-04-01 14:45:05,True,34.977,10.949,384.121,158.976
2026-04-08T16:58:16.975Z,2026-04-08T16:58:16.975Z,65.038,859,,,,,5.15662,-9.224621,160.370887,3.151268,0.343775,-0.229183,39.0161835,-104.8934521,2175.44,15.267,-9.37,3.15,-0.01,160.37,-284.715,3.68,39.0162069,-104.8934621,2176.15,9.94,,29,,,,9.885,,0.01,,-1.99075,-1.049312,-9.60071,0.055,0.005,-0.005,-103.0,-68.0,480.0,15.265,9.12,126.0,96.0,22.75,,,,,,,,,,,,,,,,,,,,,2026-04-01 14:45:05,True,34.977,10.963,384.287,139.217
2026-04-08T16:58:17.048Z,2026-04-08T16:58:17.048Z,65.111,860,,,,,5.328507,-9.167325,160.370887,3.838817,1.432394,0.343775,39.0161801,-104.8934506,2175.44,15.268,-9.4,3.16,-0.02,160.37,-285.093,3.81,39.0162069,-104.8934621,2176.15,9.94,,29,,,,9.917,,0.02,,-1.971137,-0.951245,-9.443804,0.066,0.024,0.005,-104.0,-68.0,482.0,15.265,9.12,126.0,96.0,22.75,,,,,,,,,,,,,,,,,,,,,2026-04-01 14:45:05,True,34.985,10.946,384.203,139.217
2026-04-08T16:58:17.117Z,2026-04-08T16:58:17.117Z,65.18,861,,,,,5.672282,-9.396508,160.485478,1.260507,-5.557691,1.718873,39.0161716,-104.8934469,2175.44,15.268,-9.37,3.16,0.0,160.49,-286.038,4.13,39.01619,-104.8934548,2176.14,9.88,,29,,,,9.889,,-0.0,,-1.441578,-1.010085,-9.169218,0.021,-0.097,0.029,-103.0,-64.0,482.0,15.265,9.12,126.0,96.0,22.5,,,,,,,,,,,,,,,,,,,,,2026-04-01 14:45:05,True,34.97,10.956,384.121,139.217
2026-04-08T16:58:17.181Z,2026-04-08T16:58:17.181Z,65.244,862,,,,,5.213916,-9.797578,160.542774,-8.250592,-5.213916,1.776169,39.0161659,-104.8934444,2175.44,15.266,-9.37,3.16,0.02,160.57,-286.672,4.346,39.01619,-104.8934548,2176.14,9.88,,29,,,,9.889,,-0.02,,-1.941717,-1.088538,-9.179024,-0.144,-0.091,0.029,-103.0,-64.0,482.0,15.139,9.8,127.0,96.0,22.5,,,,,,,,,,,,,,,,,,,,,2026-04-01 14:45:05,True,35.015,10.973,384.536,148.362
2026-04-08T16:58:17.256Z,2026-04-08T16:58:17.256Z,65.319,863,,,,,4.927437,-9.91217,160.60007,-8.078705,-3.724226,1.317803,39.0161631,-104.8934432,2175.44,15.264,-9.39,3.17,0.03,160.6,-286.983,4.449,39.01619,-104.8934548,2176.14,9.88,,29,,,,9.911,,-0.03,,-2.10843,-1.127765,-9.404577,-0.14,-0.065,0.022,-99.0,-65.0,480.0,15.139,9.8,127.0,96.0,22.75,,,,,,,,,,,,,,,,,,,,,2026-04-01 14:45:06,True,34.985,10.944,384.37,148.362
2026-04-08T16:58:17.324Z,2026-04-08T16:58:17.324Z,65.387,864,,,,,4.927437,-9.682987,160.542774,-0.974028,2.521014,-1.375099,39.0161538,-104.8934392,2175.43,15.257,-9.39,3.15,0.01,160.51,-288.017,4.795,39.0161732,-104.8934475,2176.14,9.85,,29,,,,9.904,,-0.01,,-1.96133,-0.902212,-9.826263,-0.017,0.044,-0.024,-97.0,-69.0,481.0,15.139,9.8,127.0,96.0,22.75,,,,,,,,,,,,,,,,,,,,,2026-04-01 14:45:06,True,34.985,10.954,384.453,148.362
2026-04-08T16:58:17.387Z,2026-04-08T16:58:17.387Z,65.45,865,,,,,4.870141,-9.625691,160.485478,-2.521014,0.802141,-0.744845,39.0161477,-104.8934365,2175.43,15.252,-9.4,3.16,0.0,160.45,-288.695,5.028,39.0161732,-104.8934475,2176.14,9.85,,29,,,,9.917,,-0.0,,-1.72597,-0.617819,-9.74781,-0.044,0.013,-0.013,-100.0,-69.0,482.0,15.227,9.89,127.0,96.0,22.5,,,,,,,,,,,,,,,,,,,,,2026-04-01 14:45:06,True,34.97,10.958,384.536,150.595
2026-04-08T16:58:17.467Z,2026-04-08T16:58:17.467Z,65.53,866,,,,,4.812845,-9.625691,160.485478,-0.687549,-0.458366,0.114592,39.0161462,-104.8934358,2175.43,15.251,-9.4,3.16,0.0,160.44,-288.862,5.088,39.0161732,-104.8934475,2176.14,9.85,,29,,,,9.917,,-0.0,,-1.863264,-0.872792,-9.63013,-0.012,-0.008,0.001,-100.0,-69.0,482.0,15.227,9.89,127.0,96.0,22.75,,,,,,,,,,,,,,,,,,,,,2026-04-01 14:45:06,True,34.947,10.951,384.786,150.595
2026-04-08T16:58:17.536Z,2026-04-08T16:58:17.536Z,65.599,867,,,,,5.042029,-9.91217,160.542774,2.864789,-5.271212,1.08862,39.0161363,-104.8934315,2175.43,15.251,-9.39,3.17,0.01,160.52,-289.963,5.46,39.0161563,-104.8934401,2176.15,9.95,,29,,,,9.911,,-0.01,,-2.069203,-0.902212,-9.335931,0.049,-0.092,0.017,-100.0,-70.0,481.0,15.227,9.89,127.0,96.0,22.75,,,,,,,,,,,,,,,,,,,,,2026-04-01 14:45:06,True,35.0,10.958,384.287,150.595
2026-04-08T16:58:17.608Z,2026-04-08T16:58:17.608Z,65.671,868,,,,,5.099324,-9.969466,160.657366,2.005352,1.546986,2.521014,39.0161304,-104.8934289,2175.42,15.249,-9.4,3.18,0.04,160.67,-290.619,5.685,39.0161563,-104.8934401,2176.15,9.95,,29,,,,9.923,,-0.04,,-2.13785,-1.206218,-9.561484,0.034,0.026,0.043,-97.0,-67.0,482.0,15.227,9.89,127.0,96.0,22.5,,,,,,,,,,,,,,,,,,,,,2026-04-01 14:45:06,True,34.985,10.949,384.037,150.595
2026-04-08T16:58:17.685Z,2026-04-08T16:58:17.685Z,65.748,869,,,,,5.099324,-9.91217,160.829253,-3.552338,-1.08862,2.119944,39.0161242,-104.8934262,2175.42,15.248,-9.39,3.18,0.0,160.84,-291.308,5.918,39.0161563,-104.8934401,2176.15,9.95,,29,,,,9.914,,-0.0,,-2.069203,-0.912018,-9.698777,-0.062,-0.019,0.036,-97.0,-67.0,482.0,15.227,9.89,127.0,96.0,22.75,,,,,,,,,,,,,,,,,,,,,2026-04-01 14:45:06,True,34.985,10.944,384.619,150.595
2026-04-08T16:58:17.757Z,2026-04-08T16:58:17.757Z,65.82,870,,,,,4.812845,-9.854874,160.886549,0.343775,-0.057296,0.286479,39.0161177,-104.8934233,2175.42,15.246,-9.42,3.17,0.0,160.89,-292.031,6.168,39.0161394,-104.8934326,2176.15,9.94,,29,,,,9.939,,-0.0,,-2.128043,-1.314091,-9.51245,0.006,-0.001,0.004,-96.0,-67.0,481.0,15.22,9.47,128.0,96.0,22.75,,,,,,,,,,,,,,,,,,,,,2026-04-01 14:45:06,True,35.0,10.951,384.204,144.133
2026-04-08T16:58:17.836Z,2026-04-08T16:58:17.836Z,65.899,871,,,,,4.812845,-10.084057,160.886549,-1.432394,-2.750197,-0.057296,39.0161124,-104.893421,2175.42,15.244,-9.39,3.19,0.03,160.9,-292.621,6.367,39.0161394,-104.8934326,2176.15,9.94,,29,,,,9.917,,-0.03,,-1.529837,-1.216025,-9.414384,-0.025,-0.048,-0.001,-98.0,-68.0,482.0,15.22,9.47,128.0,96.0,22.75,,,,,,,,,,,,,,,,,,,,,2026-04-01 14:45:06,True,34.977,10.944,384.453,144.133
2026-04-08T16:58:17.909Z,2026-04-08T16:58:17.909Z,65.972,872,,,,,4.698254,-10.198649,160.943845,0.974028,1.260507,1.145916,39.016105,-104.8934177,2175.42,15.24,-9.42,3.2,0.02,160.94,-293.443,6.652,39.0161225,-104.8934252,2176.13,9.9,,29,,,,9.949,,-0.02,,-1.569064,-1.343511,-9.708584,0.016,0.021,0.019,-95.0,-69.0,481.0,15.22,9.47,128.0,96.0,22.5,,,,,,,,,,,,,,,,,,,,,2026-04-01 14:45:06,True,34.985,10.954,384.453,144.133
2026-04-08T16:58:17.984Z,2026-04-08T16:58:17.984Z,66.047,873,,,,,4.640958,-10.141353,161.058436,0.0,-0.057296,1.718873,39.0160988,-104.893415,2175.41,15.238,-9.4,3.21,0.01,161.1,-294.133,6.885,39.0161225,-104.8934252,2176.13,9.9,,29,,,,9.933,,-0.01,,-1.637711,-1.000278,-10.032203,0.0,-0.001,0.029,-95.0,-69.0,481.0,15.13,11.08,129.0,96.0,22.75,,,,,,,,,,,,,,,,,,,,,2026-04-01 14:45:06,True,34.985,10.954,384.287,167.64
2026-04-08T16:58:18.068Z,2026-04-08T16:58:18.068Z,66.131,874,,,,,4.698254,-10.198649,161.115732,2.979381,-1.833465,0.974028,39.0160954,-104.8934134,2175.41,15.237,-9.4,3.21,0.01,161.12,-294.511,7.024,39.0161225,-104.8934252,2176.13,9.9,,29,,,,9.933,,-0.01,,-1.804424,-1.402351,-9.855683,0.052,-0.031,0.016,-96.0,-69.0,481.0,15.13,11.08,129.0,96.0,22.75,,,,,,,,,,,,,,,,,,,,,2026-04-01 14:45:06,True,34.97,10.942,384.37,167.64
2026-04-08T16:58:18.144Z,2026-04-08T16:58:18.144Z,66.207,875,,,,,4.984733,-10.198649,161.173028,1.317803,-1.145916,-0.458366,39.0160853,-104.893409,2175.41,15.238,-9.4,3.24,0.0,161.12,-295.634,7.404,39.0161056,-104.8934178,2176.13,9.92,,29,,,,9.943,,-0.0,,-1.863264,-1.490611,-9.375157,0.023,-0.02,-0.008,-96.0,-67.0,482.0,15.14,10.72,130.0,96.0,22.75,,,,,,,,,,,,,,,,,,,,,2026-04-01 14:45:06,True,34.992,10.951,384.453,162.301
2026-04-08T16:58:18.216Z,2026-04-08T16:58:18.216Z,66.279,876,,,,,5.099324,-10.198649,161.058436,-0.171887,0.343775,-0.630254,39.0160785,-104.893406,2175.41,15.237,-9.41,3.24,0.02,161.09,-296.39,7.663,39.0161056,-104.8934178,2176.13,9.92,,29,,,,9.952,,-0.02,,-2.039783,-1.323898,-9.68897,-0.002,0.005,-0.011,-95.0,-66.0,482.0,15.14,10.72,130.0,96.0,22.75,,,,,,,,,,,,,,,,,,,,,2026-04-01 14:45:06,True,35.008,10.944,384.536,162.301
2026-04-08T16:58:18.289Z,2026-04-08T16:58:18.289Z,66.352,877,,,,,5.15662,-10.198649,161.058436,0.916732,0.343775,-0.572958,39.0160729,-104.8934035,2175.41,15.236,-9.42,3.26,0.0,161.05,-297.013,7.879,39.0161056,-104.8934178,2176.13,9.92,,29,,,,9.968,,-0.0,,-1.765197,-1.343511,-9.95375,0.016,0.006,-0.01,-95.0,-66.0,482.0,15.14,10.72,130.0,96.0,22.75,,,,,,,,,,,,,,,,,,,,,2026-04-01 14:45:07,True,34.985,10.951,384.453,162.301
2026-04-08T16:58:18.365Z,2026-04-08T16:58:18.365Z,66.428,878,,,,,5.099324,-10.026761,161.00114,1.432394,0.458366,-1.260507,39.016067,-104.8934008,2175.41,15.236,-9.41,3.22,0.0,160.97,-297.669,8.112,39.0160887,-104.8934103,2176.12,9.96,,29,,,,9.946,,-0.0,,-2.10843,-1.294478,-9.738003,0.025,0.007,-0.022,-95.0,-65.0,482.0,15.208,10.23,130.0,96.0,22.5,,,,,,,,,,,,,,,,,,,,,2026-04-01 14:45:07,True,34.97,10.946,384.37,155.578
2026-04-08T16:58:18.446Z,2026-04-08T16:58:18.446Z,66.509,879,,,,,5.385803,-10.026761,160.886549,3.265859,-0.343775,-2.005352,39.0160617,-104.8933985,2175.41,15.235,-9.4,3.24,-0.01,160.84,-298.258,8.311,39.0160887,-104.8934103,2176.12,9.96,,29,,,,9.943,,0.01,,-1.863264,-0.725692,-9.639937,0.057,-0.006,-0.035,-98.0,-65.0,483.0,15.208,10.23,130.0,96.0,22.75,,,,,,,,,,,,,,,,,,,,,2026-04-01 14:45:07,True,34.977,10.946,384.453,155.578
2026-04-08T16:58:18.518Z,2026-04-08T16:58:18.518Z,66.581,880,,,,,5.500395,-10.198649,160.657366,-3.151268,-2.005352,-2.234535,39.0160532,-104.8933947,2175.41,15.235,-9.43,3.23,-0.01,160.6,-299.203,8.639,39.0160718,-104.8934028,2176.1,9.91,,29,,,,9.968,,0.01,,-1.87307,-1.098345,-9.65955,-0.055,-0.035,-0.039,-95.0,-62.0,483.0,15.208,10.23,130.0,96.0,22.75,,,,,,,,,,,,,,,,,,,,,2026-04-01 14:45:07,True,35.008,10.961,384.536,155.578
2026-04-08T16:58:18.590Z,2026-04-08T16:58:18.590Z,66.653,881,,,,,5.443099,-10.255945,160.428183,1.031324,0.114592,-3.265859,39.0160475,-104.8933922,2175.41,15.234,-9.44,3.22,-0.01,160.39,-299.837,8.855,39.0160718,-104.8934028,2176.1,9.91,,29,,,,9.974,,0.01,,-1.765197,-1.382738,-9.71839,0.018,0.001,-0.057,-95.0,-62.0,483.0,15.175,10.5,131.0,96.0,22.5,,,,,,,,,,,,,,,,,,,,,2026-04-01 14:45:07,True,34.977,10.951,384.703,159.338
2026-04-08T16:58:18.666Z,2026-04-08T16:58:18.666Z,66.729,882,,,,,5.500395,-10.255945,160.313591,-0.057296,-1.031324,-3.609634,39.0160448,-104.893391,2175.41,15.234,-9.43,3.2,-0.01,160.28,-300.137,8.959,39.0160718,-104.8934028,2176.1,9.91,,29,,,,9.958,,0.01,,-1.510224,-1.010085,-9.679164,-0.001,-0.018,-0.063,-95.0,-64.0,484.0,15.175,10.5,131.0,96.0,22.75,,,,,,,,,,,,,,,,,,,,,2026-04-01 14:45:07,True,34.992,10.946,384.536,159.338
2026-04-08T16:58:18.736Z,2026-04-08T16:58:18.736Z,66.799,883,,,,,5.213916,-10.31324,159.969816,-3.323155,2.406423,-1.776169,39.0160345,-104.8933865,2175.4,15.229,-9.47,3.19,0.0,159.98,-301.283,9.348,39.0160548,-104.8933953,2176.1,10.04,,29,,,,9.993,,-0.0,,-1.87307,-1.569064,-9.71839,-0.057,0.041,-0.031,-92.0,-65.0,483.0,15.175,10.5,131.0,96.0,22.75,,,,,,,,,,,,,,,,,,,,,2026-04-01 14:45:07,True,34.992,10.951,384.453,159.338
2026-04-08T16:58:18.809Z,2026-04-08T16:58:18.809Z,66.872,884,,,,,5.15662,-10.198649,159.912521,-1.890761,0.343775,-1.317803,39.0160288,-104.893384,2175.4,15.227,-9.49,3.18,-0.02,159.89,-301.916,9.564,39.0160548,-104.8933953,2176.1,10.04,,29,,,,10.009,,0.02,,-2.02017,-1.088538,-9.620324,-0.033,0.005,-0.023,-94.0,-67.0,483.0,15.175,10.5,131.0,96.0,22.75,,,,,,,,,,,,,,,,,,,,,2026-04-01 14:45:07,True,34.97,10.956,384.786,159.338
2026-04-08T16:58:18.882Z,2026-04-08T16:58:18.882Z,66.945,885,,,,,4.870141,-10.084057,159.912521,-5.901465,2.635606,0.114592,39.0160228,-104.8933815,2175.4,15.226,-9.51,3.19,-0.01,159.89,-302.584,9.78,39.0160548,-104.8933953,2176.1,10.04,,29,,,,10.031,,0.01,,-1.765197,-0.892405,-9.68897,-0.102,0.045,0.001,-94.0,-67.0,483.0,15.175,10.5,131.0,96.0,22.75,,,,,,,,,,,,,,,,,,,,,2026-04-01 14:45:07,True,35.0,10.963,384.62,159.338
2026-04-08T16:58:18.951Z,2026-04-08T16:58:18.951Z,67.014,886,,,,,4.698254,-9.854874,159.969816,0.687549,2.062648,0.286479,39.0160159,-104.8933784,2175.4,15.225,-9.53,3.2,-0.02,159.95,-303.351,10.047,39.0160377,-104.8933877,2176.11,10.01,,29,,,,10.053,,0.02,,-1.775004,-0.725692,-9.502644,0.012,0.035,0.003,-94.0,-71.0,482.0,15.228,9.66,132.0,95.0,22.75,,,,,,,,,,,,,,,,,,,,,2026-04-01 14:45:07,True,34.985,10.963,384.952,147.102
2026-04-08T16:58:19.021Z,2026-04-08T16:58:19.021Z,67.084,887,,,,,4.698254,-9.969466,159.912521,0.744845,-2.119944,-0.40107,39.0160105,-104.8933761,2175.4,15.222,-9.54,3.18,0.0,159.89,-303.951,10.246,39.0160377,-104.8933877,2176.11,10.01,,29,,,,10.056,,-0.0,,-1.314091,-1.166991,-9.384964,0.013,-0.037,-0.007,-98.0,-73.0,482.0,15.228,9.66,132.0,95.0,22.5,,,,,,,,,,,,,,,,,,,,,2026-04-01 14:45:07,True,35.015,10.973,385.119,147.102
2026-04-08T16:58:19.098Z,2026-04-08T16:58:19.098Z,67.161,888,,,,,4.469071,-10.026761,159.912521,-6.073353,2.062648,0.687549,39.0160047,-104.8933736,2175.39,15.218,-9.56,3.22,0.01,159.91,-304.596,10.462,39.0160377,-104.8933877,2176.11,10.01,,29,,,,10.088,,-0.01,,-1.441578,-1.216025,-9.522257,-0.106,0.035,0.011,-98.0,-73.0,482.0,15.228,9.66,132.0,95.0,22.75,,,,,,,,,,,,,,,,,,,,,2026-04-01 14:45:07,True,35.0,10.949,384.703,147.102
2026-04-08T16:58:19.167Z,2026-04-08T16:58:19.167Z,67.23,889,,,,,4.354479,-9.339212,160.084408,0.630254,7.73493,1.546986,39.0159976,-104.8933705,2175.39,15.212,-9.56,3.23,0.0,160.12,-305.386,10.73,39.0160207,-104.8933802,2176.1,10.01,,29,,,,10.091,,-0.0,,-1.647517,-0.529559,-9.963556,0.01,0.134,0.026,-94.0,-74.0,480.0,15.122,11.84,132.0,95.0,22.75,,,,,,,,,,,,,,,,,,,,,2026-04-01 14:45:07,True,35.053,10.956,384.536,179.044
2026-04-08T16:58:19.248Z,2026-04-08T16:58:19.248Z,67.311,890,,,,,4.182592,-9.110029,160.199,-2.463719,6.302536,1.48969,39.0159933,-104.8933686,2175.39,15.21,-9.57,3.2,-0.02,160.24,-305.864,10.894,39.0160207,-104.8933802,2176.1,10.01,,29,,,,10.091,,0.02,,-1.480804,-1.304284,-10.061623,-0.043,0.109,0.025,-100.0,-76.0,481.0,15.122,11.84,132.0,95.0,22.75,,,,,,,,,,,,,,,,,,,,,2026-04-01 14:45:08,True,34.947,10.946,384.703,179.044
2026-04-08T16:58:19.324Z,2026-04-08T16:58:19.324Z,67.387,891,,,,,3.838817,-8.479775,160.485478,-1.661578,6.187944,1.718873,39.0159846,-104.8933648,2175.38,15.205,-9.57,3.21,-0.03,160.51,-306.831,11.222,39.0160035,-104.8933727,2176.12,10.11,,29,,,,10.094,,0.03,,-1.392544,-0.823759,-9.83607,-0.028,0.107,0.028,-106.0,-77.0,479.0,15.122,11.84,132.0,95.0,22.75,,,,,,,,,,,,,,,,,,,,,2026-04-01 14:45:08,True,35.008,10.956,385.119,179.044
2026-04-08T16:58:19.389Z,2026-04-08T16:58:19.389Z,67.452,892,,,,,3.838817,-8.537071,160.542774,1.546986,-5.042029,0.687549,39.0159775,-104.8933617,2175.38,15.202,-9.57,3.23,0.0,160.56,-307.621,11.49,39.0160035,-104.8933727,2176.12,10.11,,29,,,,10.1,,-0.0,,-1.951523,-0.764919,-9.129991,0.026,-0.088,0.011,-111.0,-78.0,478.0,15.213,9.38,133.0,95.0,22.5,,,,,,,,,,,,,,,,,,,,,2026-04-01 14:45:08,True,35.008,10.954,384.62,142.698
2026-04-08T16:58:19.465Z,2026-04-08T16:58:19.465Z,67.528,893,,,,,3.838817,-8.594367,160.542774,0.744845,-4.469071,0.229183,39.015976,-104.893361,2175.38,15.201,-9.56,3.23,0.0,160.56,-307.788,11.551,39.0160035,-104.8933727,2176.12,10.11,,29,,,,10.091,,-0.0,,-1.686744,-0.794339,-9.247671,0.012,-0.078,0.003,-111.0,-78.0,478.0,15.213,9.38,133.0,95.0,22.75,,,,,,,,,,,,,,,,,,,,,2026-04-01 14:45:08,True,34.985,10.956,384.869,142.698
2026-04-08T16:58:19.534Z,2026-04-08T16:58:19.534Z,67.597,894,,,,,4.010705,-8.651663,160.485478,2.750197,2.57831,-2.119944,39.0159659,-104.8933566,2175.37,15.19,-9.58,3.23,0.02,160.44,-308.911,11.931,39.0159863,-104.8933651,2176.12,10.09,,29,,,,10.11,,-0.02,,-1.500417,-0.647239,-9.65955,0.047,0.044,-0.038,-106.0,-79.0,476.0,15.213,9.38,133.0,95.0,22.75,,,,,,,,,,,,,,,,,,,,,2026-04-01 14:45:08,True,35.023,10.965,384.453,142.698
2026-04-08T16:58:19.604Z,2026-04-08T16:58:19.604Z,67.667,895,,,,,4.010705,-8.42248,160.313591,0.171887,2.234535,-2.692902,39.0159598,-104.8933539,2175.36,15.181,-9.59,3.2,0.01,160.28,-309.589,12.164,39.0159863,-104.8933651,2176.12,10.09,,29,,,,10.11,,-0.01,,-1.618097,-1.098345,-9.89491,0.003,0.038,-0.047,-108.0,-78.0,476.0,15.213,9.38,133.0,95.0,22.75,,,,,,,,,,,,,,,,,,,,,2026-04-01 14:45:08,True,35.015,10.961,384.453,142.698
2026-04-08T16:58:19.683Z,2026-04-08T16:58:19.683Z,67.746,896,,,,,4.125296,-8.193296,160.141704,-0.171887,4.640958,-2.807493,39.0159536,-104.8933512,2175.35,15.174,-9.58,3.2,0.0,160.08,-310.278,12.397,39.0159863,-104.8933651,2176.12,10.09,,29,,,,10.1,,-0.0,,-1.637711,-0.451106,-9.787037,-0.003,0.08,-0.049,-108.0,-78.0,476.0,15.213,9.38,133.0,95.0,22.5,,,,,,,,,,,,,,,,,,,,,2026-04-01 14:45:08,True,34.992,10.949,384.37,142.698
2026-04-08T16:58:19.753Z,2026-04-08T16:58:19.753Z,67.816,897,,,,,4.297183,-7.563043,159.912521,1.48969,5.557691,-3.208564,39.0159469,-104.8933483,2175.34,15.166,-9.59,3.18,-0.01,159.87,-311.023,12.648,39.0159691,-104.8933576,2176.1,10.08,,29,,,,10.103,,0.01,,-1.549451,-1.049312,-9.83607,0.025,0.096,-0.056,-110.0,-77.0,477.0,15.138,11.91,134.0,95.0,22.5,,,,,,,,,,,,,,,,,,,,,2026-04-01 14:45:08,True,35.008,10.956,384.453,180.294
2026-04-08T16:58:19.825Z,2026-04-08T16:58:19.825Z,67.888,898,,,,,4.297183,-7.448451,159.740633,-2.291831,1.317803,-2.57831,39.0159415,-104.8933459,2175.34,15.162,-9.59,3.17,-0.01,159.71,-311.624,12.855,39.0159691,-104.8933576,2176.1,10.08,,29,,,,10.1,,0.01,,-1.265058,-0.706079,-10.04201,-0.039,0.023,-0.045,-115.0,-76.0,477.0,15.138,11.91,134.0,95.0,22.5,,,,,,,,,,,,,,,,,,,,,2026-04-01 14:45:08,True,34.97,10.954,384.952,180.294
2026-04-08T16:58:19.895Z,2026-04-08T16:58:19.895Z,67.958,899,,,,,4.010705,-7.276564,159.568746,-3.896113,1.890761,-2.005352,39.0159346,-104.893343,2175.33,15.157,-9.59,3.16,-0.03,159.56,-312.391,13.106,39.0159518,-104.8933502,2176.1,10.1,,29,,,,10.097,,0.03,,-1.333704,-0.823759,-9.83607,-0.068,0.032,-0.035,-116.0,-78.0,475.0,15.138,11.91,134.0,95.0,22.75,,,,,,,,,,,,,,,,,,,,,2026-04-01 14:45:08,True,35.0,10.954,384.619,180.294
2026-04-08T16:58:19.966Z,2026-04-08T16:58:19.966Z,68.029,900,,,,,3.66693,-7.33386,159.51145,-4.812845,0.171887,-1.031324,39.0159285,-104.8933404,2175.33,15.151,-9.6,3.13,-0.03,159.48,-313.069,13.33,39.0159518,-104.8933502,2176.1,10.1,,29,,,,10.097,,0.03,,-1.363124,-0.764919,-9.74781,-0.084,0.003,-0.018,-116.0,-78.0,475.0,15.117,11.38,135.0,95.0,22.75,,,,,,,,,,,,,,,,,,,,,2026-04-01 14:45:08,True,34.992,10.951,384.287,172.031
2026-04-08T16:58:20.036Z,2026-04-08T16:58:20.036Z,68.099,901,,,,,3.437747,-7.047381,159.454154,-4.010705,6.073353,-1.08862,39.0159242,-104.8933386,2175.32,15.148,-9.6,3.13,-0.04,159.44,-313.547,13.486,39.0159518,-104.8933502,2176.1,10.1,,29,,,,10.097,,0.04,,-1.706357,-0.519752,-9.708584,-0.07,0.105,-0.019,-118.0,-83.0,475.0,15.117,11.38,135.0,95.0,22.75,,,,,,,,,,,,,,,,,,,,,2026-04-01 14:45:08,True,34.992,10.958,384.536,172.031
2026-04-08T16:58:20.107Z,2026-04-08T16:58:20.107Z,68.17,902,,,,,3.093972,-6.589015,159.454154,-4.583662,1.890761,0.744845,39.0159166,-104.8933354,2175.32,15.141,-9.57,3.13,-0.09,159.48,-314.393,13.762,39.0159346,-104.8933429,2176.1,10.03,,29,,,,10.069,,0.09,,-1.186605,-0.490332,-10.444082,-0.08,0.032,0.012,-122.0,-87.0,473.0,15.117,11.38,135.0,95.0,22.75,,,,,,,,,,,,,,,,,,,,,2026-04-01 14:45:08,True,34.977,10.954,384.37,172.031
2026-04-08T16:58:20.180Z,2026-04-08T16:58:20.180Z,68.243,903,,,,,2.635606,-6.760902,159.626042,-3.724226,-2.463719,2.406423,39.0159104,-104.8933328,2175.32,15.14,-9.56,3.11,-0.09,159.66,-315.082,13.987,39.0159346,-104.8933429,2176.1,10.03,,29,,,,10.053,,0.09,,-1.157185,-0.637432,-9.708584,-0.065,-0.043,0.041,-122.0,-87.0,473.0,15.224,9.56,136.0,95.0,22.75,,,,,,,,,,,,,,,,,,,,,2026-04-01 14:45:08,True,34.962,10.961,384.453,145.541
2026-04-08T16:58:20.259Z,2026-04-08T16:58:20.259Z,68.322,904,,,,,2.521014,-6.818198,159.683338,-1.948057,-2.864789,2.635606,39.015907,-104.8933314,2175.31,15.137,-9.56,3.1,-0.08,159.74,-315.46,14.108,39.0159346,-104.8933429,2176.1,10.03,,29,,,,10.05,,0.08,,-1.618097,-0.941438,-9.335931,-0.034,-0.05,0.044,-125.0,-90.0,472.0,15.224,9.56,136.0,95.0,22.5,,,,,,,,,,,,,,,,,,,,,2026-04-01 14:45:09,True,34.977,10.944,384.536,145.541
2026-04-08T16:58:20.336Z,2026-04-08T16:58:20.336Z,68.399,905,,,,,2.17724,-7.047381,160.027112,-4.870141,-1.604282,3.781521,39.0158976,-104.8933274,2175.31,15.132,-9.55,3.13,-0.08,160.09,-316.505,14.453,39.0159175,-104.8933357,2176.12,10.02,,29,,,,10.05,,0.08,,-1.510224,-0.343233,-9.767423,-0.085,-0.028,0.064,-121.0,-93.0,471.0,15.224,9.56,136.0,95.0,22.5,,,,,,,,,,,,,,,,,,,,,2026-04-01 14:45:09,True,34.992,10.944,384.952,145.541
2026-04-08T16:58:20.410Z,2026-04-08T16:58:20.410Z,68.473,906,,,,,1.718873,-7.276564,160.313591,-3.896113,-2.119944,3.724226,39.015891,-104.8933246,2175.3,15.127,-9.51,3.13,-0.08,160.37,-317.239,14.695,39.0159175,-104.8933357,2176.12,10.02,,29,,,,10.012,,0.08,,-1.853457,-0.725692,-9.679164,-0.068,-0.037,0.064,-119.0,-96.0,471.0,15.224,9.56,136.0,95.0,22.75,,,,,,,,,,,,,,,,,,,,,2026-04-01 14:45:09,True,34.985,10.954,384.703,145.541
2026-04-08T16:58:20.478Z,2026-04-08T16:58:20.478Z,68.541,907,,,,,1.604282,-7.33386,160.542774,-1.48969,0.630254,2.463719,39.0158848,-104.893322,2175.3,15.127,-9.5,3.13,-0.07,160.58,-317.929,14.92,39.0159175,-104.8933357,2176.12,10.02,,29,,,,10.002,,0.07,,-1.559257,-0.1471,-9.757617,-0.026,0.01,0.042,-119.0,-96.0,471.0,15.224,9.56,136.0,95.0,22.75,,,,,,,,,,,,,,,,,,,,,2026-04-01 14:45:09,True,34.992,10.951,384.37,145.541
2026-04-08T16:58:20.547Z,2026-04-08T16:58:20.547Z,68.61,908,,,,,1.604282,-7.219268,160.714662,1.948057,1.948057,1.546986,39.015879,-104.8933195,2175.3,15.125,-9.49,3.13,-0.09,160.7,-318.573,15.136,39.0159002,-104.8933284,2176.14,10.1,,29,,,,9.993,,0.09,,-1.421964,-1.049312,-9.904716,0.034,0.033,0.026,-117.0,-97.0,470.0,15.114,11.61,137.0,95.0,22.75,,,,,,,,,,,,,,,,,,,,,2026-04-01 14:45:09,True,34.992,10.954,384.786,175.474
2026-04-08T16:58:20.614Z,2026-04-08T16:58:20.614Z,68.677,909,,,,,1.546986,-7.161972,160.771957,-0.057296,0.286479,0.859437,39.0158728,-104.8933168,2175.3,15.126,-9.47,3.14,-0.1,160.8,-319.263,15.369,39.0159002,-104.8933284,2176.14,10.1,,29,,,,9.977,,0.1,,-1.529837,-0.225553,-9.757617,-0.001,0.004,0.014,-120.0,-97.0,471.0,15.114,11.61,137.0,95.0,22.75,,,,,,,,,,,,,,,,,,,,,2026-04-01 14:45:09,True,35.008,10.97,384.536,175.474
2026-04-08T16:58:20.680Z,2026-04-08T16:58:20.680Z,68.743,910,,,,,1.432394,-6.875494,160.886549,-1.031324,6.531719,1.260507,39.0158671,-104.8933144,2175.3,15.128,-9.47,3.14,-0.11,160.9,-319.897,15.576,39.0159002,-104.8933284,2176.14,10.1,,29,,,,9.977,,0.11,,-1.598484,-0.313813,-10.01259,-0.017,0.113,0.021,-120.0,-97.0,471.0,15.114,11.61,137.0,95.0,22.75,,,,,,,,,,,,,,,,,,,,,2026-04-01 14:45:09,True,34.985,10.958,384.287,175.474
2026-04-08T16:58:20.758Z,2026-04-08T16:58:20.758Z,68.821,911,,,,,1.375099,-6.589015,161.00114,3.66693,5.213916,1.432394,39.015862,-104.8933122,2175.31,15.132,-9.44,3.16,-0.15,161.01,-320.464,15.767,39.0158831,-104.8933212,2176.17,9.97,,29,,,,9.955,,0.15,,-1.569064,-0.882599,-10.238143,0.064,0.09,0.024,-120.0,-98.0,471.0,15.259,9.82,137.0,95.0,22.5,,,,,,,,,,,,,,,,,,,,,2026-04-01 14:45:09,True,34.977,10.946,384.703,149.843
2026-04-08T16:58:20.830Z,2026-04-08T16:58:20.830Z,68.893,912,,,,,1.604282,-6.417127,161.115732,2.17724,0.687549,2.062648,39.0158558,-104.8933095,2175.31,15.138,-9.42,3.17,-0.2,161.16,-321.153,16.0,39.0158831,-104.8933212,2176.17,9.97,,29,,,,9.939,,0.2,,-1.833844,-0.706079,-10.326402,0.038,0.011,0.035,-127.0,-96.0,471.0,15.259,9.82,137.0,95.0,22.5,,,,,,,,,,,,,,,,,,,,,2026-04-01 14:45:09,True,34.992,10.954,384.453,149.843
2026-04-08T16:58:20.897Z,2026-04-08T16:58:20.897Z,68.96,913,,,,,1.776169,-6.589015,161.402211,3.265859,-1.08862,3.380451,39.0158492,-104.8933066,2175.32,15.148,-9.37,3.18,-0.21,161.42,-321.887,16.25,39.015866,-104.893314,2176.2,9.92,,29,,,,9.895,,0.21,,-1.323898,-0.755112,-9.80665,0.056,-0.019,0.058,-129.0,-93.0,472.0,15.259,9.82,137.0,95.0,22.75,,,,,,,,,,,,,,,,,,,,,2026-04-01 14:45:09,True,34.977,10.956,384.952,149.843
2026-04-08T16:58:20.964Z,2026-04-08T16:58:20.964Z,69.027,914,,,,,1.833465,-6.760902,161.631394,-0.458366,-5.15662,3.953409,39.0158432,-104.893304,2175.34,15.161,-9.36,3.17,-0.2,161.66,-322.554,16.475,39.015866,-104.893314,2176.2,9.92,,29,,,,9.882,,0.2,,-1.618097,-1.029698,-9.649744,-0.008,-0.09,0.067,-129.0,-93.0,472.0,15.34,7.62,138.0,95.0,22.5,,,,,,,,,,,,,,,,,,,,,2026-04-01 14:45:09,True,34.992,10.963,384.952,116.891
2026-04-08T16:58:21.033Z,2026-04-08T16:58:21.033Z,69.096,915,,,,,1.661578,-7.161972,161.803281,-3.953409,-8.651663,4.125296,39.0158389,-104.8933021,2175.35,15.17,-9.35,3.17,-0.2,161.83,-323.032,16.639,39.015866,-104.893314,2176.2,9.92,,29,,,,9.873,,0.2,,-1.520031,-0.627626,-9.54187,-0.069,-0.15,0.071,-128.0,-91.0,472.0,15.34,7.62,138.0,95.0,22.75,,,,,,,,,,,,,,,,,,,,,2026-04-01 14:45:09,True,35.023,10.961,384.453,116.891
2026-04-08T16:58:21.105Z,2026-04-08T16:58:21.105Z,69.168,916,,,,,1.546986,-8.021409,162.147056,1.546986,-9.396508,4.297183,39.0158316,-104.8932989,2175.36,15.188,-9.33,3.19,-0.16,162.17,-323.844,16.916,39.015866,-104.893314,2176.2,9.92,,29,,,,9.86,,0.16,,-1.265058,-1.068925,-9.404577,0.026,-0.164,0.074,-121.0,-92.0,473.0,15.34,7.62,138.0,95.0,22.75,,,,,,,,,,,,,,,,,,,,,2026-04-01 14:45:09,True,35.008,10.956,384.703,116.891
2026-04-08T16:58:21.171Z,2026-04-08T16:58:21.171Z,69.234,917,,,,,1.661578,-8.42248,162.318943,-0.572958,-4.984733,2.807493,39.0158256,-104.8932962,2175.38,15.202,-9.32,3.22,-0.14,162.35,-324.511,17.149,39.0158491,-104.8933067,2176.26,9.89,,29,,,,9.861,,0.14,,-1.72597,-0.647239,-9.433997,-0.009,-0.087,0.048,-121.0,-92.0,473.0,15.27,8.33,138.0,95.0,22.75,,,,,,,,,,,,,,,,,,,,,2026-04-01 14:45:09,True,34.992,10.961,384.62,127.199
2026-04-08T16:58:21.254Z,2026-04-08T16:58:21.254Z,69.317,918,,,,,1.546986,-8.651663,162.433535,1.145916,-6.589015,3.208564,39.0158223,-104.8932947,2175.38,15.209,-9.33,3.22,-0.13,162.47,-324.878,17.278,39.0158491,-104.8933067,2176.26,9.89,,29,,,,9.87,,0.13,,-1.363124,-0.862985,-9.620324,0.02,-0.115,0.055,-115.0,-90.0,475.0,15.27,8.33,138.0,95.0,22.75,,,,,,,,,,,,,,,,,,,,,2026-04-01 14:45:10,True,34.985,10.956,384.869,127.199
2026-04-08T16:58:21.325Z,2026-04-08T16:58:21.325Z,69.388,919,,,,,1.718873,-9.396508,162.605422,1.203211,-4.75555,0.458366,39.0158131,-104.8932906,2175.4,15.226,-9.35,3.23,-0.08,162.59,-325.901,17.633,39.0158323,-104.8932993,2176.3,9.86,,29,,,,9.892,,0.08,,-1.520031,-1.049312,-9.394771,0.021,-0.083,0.007,-110.0,-89.0,476.0,15.27,8.33,138.0,95.0,22.75,,,,,,,,,,,,,,,,,,,,,2026-04-01 14:45:10,True,35.008,10.961,384.703,127.199
2026-04-08T16:58:21.389Z,2026-04-08T16:58:21.389Z,69.452,920,,,,,1.776169,-9.511099,162.548126,-0.229183,1.890761,-1.031324,39.015807,-104.8932879,2175.41,15.236,-9.35,3.26,-0.07,162.54,-326.579,17.866,39.0158323,-104.8932993,2176.3,9.86,,29,,,,9.902,,0.07,,-1.363124,-0.921825,-9.581097,-0.003,0.032,-0.018,-105.0,-89.0,477.0,15.22,8.64,139.0,95.0,22.75,,,,,,,,,,,,,,,,,,,,,2026-04-01 14:45:10,True,35.008,10.968,384.536,131.501
2026-04-08T16:58:21.471Z,2026-04-08T16:58:21.471Z,69.534,921,,,,,1.890761,-9.396508,162.548126,0.229183,4.469071,-0.974028,39.0158055,-104.8932872,2175.41,15.238,-9.34,3.26,-0.07,162.54,-326.746,17.926,39.0158323,-104.8932993,2176.3,9.86,,29,,,,9.893,,0.07,,-1.216025,-0.608012,-9.639937,0.003,0.078,-0.017,-105.0,-89.0,477.0,15.22,8.64,139.0,95.0,22.75,,,,,,,,,,,,,,,,,,,,,2026-04-01 14:45:10,True,34.985,10.949,384.786,131.501
2026-04-08T16:58:21.545Z,2026-04-08T16:58:21.545Z,69.608,922,,,,,2.17724,-8.365184,162.662718,6.187944,9.682987,1.260507,39.0157956,-104.8932828,2175.43,15.25,-9.35,3.28,-0.07,162.65,-327.847,18.306,39.0158154,-104.8932919,2176.32,9.91,,29,,,,9.909,,0.07,,-1.775004,-0.941438,-9.60071,0.107,0.168,0.02,-108.0,-88.0,477.0,15.332,7.86,139.0,95.0,22.5,,,,,,,,,,,,,,,,,,,,,2026-04-01 14:45:10,True,34.985,10.954,384.536,120.51
2026-04-08T16:58:21.611Z,2026-04-08T16:58:21.611Z,69.674,923,,,,,2.463719,-7.505747,162.77731,4.239888,10.599719,0.974028,39.0157887,-104.8932797,2175.43,15.259,-9.35,3.29,-0.06,162.81,-328.614,18.574,39.0158154,-104.8932919,2176.32,9.91,,29,,,,9.912,,0.06,,-1.480804,-1.078732,-9.649744,0.073,0.184,0.016,-118.0,-84.0,477.0,15.332,7.86,139.0,95.0,22.75,,,,,,,,,,,,,,,,,,,,,2026-04-01 14:45:10,True,35.023,10.965,384.869,120.51
2026-04-08T16:58:21.679Z,2026-04-08T16:58:21.679Z,69.742,924,,,,,2.635606,-7.104677,162.891901,0.630254,6.474423,1.260507,39.0157836,-104.8932774,2175.44,15.263,-9.33,3.29,-0.04,162.92,-329.181,18.773,39.0158154,-104.8932919,2176.32,9.91,,29,,,,9.893,,0.04,,-1.333704,-0.608012,-9.414384,0.011,0.112,0.021,-118.0,-84.0,477.0,15.332,7.86,139.0,95.0,22.75,,,,,,,,,,,,,,,,,,,,,2026-04-01 14:45:10,True,35.0,10.954,384.786,120.51
2026-04-08T16:58:21.748Z,2026-04-08T16:58:21.748Z,69.811,925,,,,,2.692902,-6.64631,163.006493,0.974028,7.448451,0.286479,39.015778,-104.8932748,2175.44,15.269,-9.31,3.29,-0.03,162.99,-329.804,18.998,39.0157985,-104.8932843,2176.34,9.92,,29,,,,9.874,,0.03,,-1.480804,-0.578592,-9.473224,0.016,0.129,0.003,-124.0,-80.0,474.0,15.293,7.77,140.0,95.0,22.5,,,,,,,,,,,,,,,,,,,,,2026-04-01 14:45:10,True,35.023,10.958,384.703,118.827
2026-04-08T16:58:21.824Z,2026-04-08T16:58:21.824Z,69.887,926,,,,,2.807493,-6.187944,162.949197,0.229183,7.276564,-1.317803,39.0157719,-104.893272,2175.45,15.271,-9.28,3.31,-0.02,162.92,-330.482,19.239,39.0157985,-104.8932843,2176.34,9.92,,29,,,,9.853,,0.02,,-1.490611,-0.862985,-9.463417,0.003,0.126,-0.023,-131.0,-79.0,473.0,15.293,7.77,140.0,95.0,22.75,,,,,,,,,,,,,,,,,,,,,2026-04-01 14:45:10,True,35.008,10.949,384.619,118.827
2026-04-08T16:58:21.891Z,2026-04-08T16:58:21.891Z,69.954,927,,,,,2.922085,-5.84417,162.77731,5.729578,0.974028,-3.093972,39.0157652,-104.8932689,2175.45,15.273,-9.26,3.28,0.0,162.73,-331.227,19.507,39.0157817,-104.8932767,2176.37,9.89,,29,,,,9.824,,-0.0,,-1.529837,-0.519752,-9.384964,0.1,0.016,-0.054,-134.0,-79.0,470.0,15.293,7.77,140.0,95.0,22.75,,,,,,,,,,,,,,,,,,,,,2026-04-01 14:45:10,True,35.015,10.977,385.036,118.827
2026-04-08T16:58:21.957Z,2026-04-08T16:58:21.957Z,70.02,928,,,,,3.380451,-5.557691,162.605422,7.104677,5.557691,-1.375099,39.0157594,-104.8932663,2175.45,15.275,-9.23,3.29,0.03,162.61,-331.872,19.732,39.0157817,-104.8932767,2176.37,9.89,,29,,,,9.799,,-0.03,,-1.588677,-1.088538,-9.022118,0.124,0.096,-0.024,-134.0,-79.0,470.0,15.27,8.22,140.0,95.0,22.5,,,,,,,,,,,,,,,,,,,,,2026-04-01 14:45:10,True,35.008,10.97,384.536,125.519
2026-04-08T16:58:22.025Z,2026-04-08T16:58:22.025Z,70.088,929,,,,,3.552338,-5.213916,162.548126,1.661578,7.276564,-1.203211,39.0157552,-104.8932643,2175.45,15.274,-9.2,3.28,0.05,162.57,-332.339,19.905,39.0157817,-104.8932767,2176.37,9.89,,29,,,,9.767,,-0.05,,-1.618097,-0.784532,-9.316318,0.028,0.127,-0.021,-138.0,-76.0,470.0,15.27,8.22,140.0,95.0,22.75,,,,,,,,,,,,,,,,,,,,,2026-04-01 14:45:10,True,35.03,10.963,384.952,125.519
2026-04-08T16:58:22.094Z,2026-04-08T16:58:22.094Z,70.157,930,,,,,3.609634,-4.411775,162.490831,3.151268,11.172677,-2.406423,39.0157489,-104.8932614,2175.44,15.269,-9.17,3.27,0.05,162.47,-333.04,20.155,39.0157817,-104.8932767,2176.37,9.89,,29,,,,9.736,,-0.05,,-1.343511,-0.862985,-10.022396,0.055,0.194,-0.043,-143.0,-74.0,468.0,15.27,8.22,140.0,95.0,22.5,,,,,,,,,,,,,,,,,,,,,2026-04-01 14:45:10,True,35.008,10.968,385.202,125.519
2026-04-08T16:58:22.159Z,2026-04-08T16:58:22.159Z,70.222,931,,,,,3.953409,-3.552338,162.376239,3.609634,12.662367,-2.807493,39.0157429,-104.8932587,2175.44,15.263,-9.1,3.26,0.02,162.37,-333.707,20.388,39.015765,-104.8932691,2176.36,9.75,,29,,,,9.666,,-0.02,,-1.333704,-0.912018,-9.95375,0.062,0.22,-0.049,-143.0,-74.0,468.0,15.267,8.94,141.0,95.0,22.5,,,,,,,,,,,,,,,,,,,,,2026-04-01 14:45:10,True,35.023,10.963,384.453,136.487
2026-04-08T16:58:22.227Z,2026-04-08T16:58:22.227Z,70.29,932,,,,,3.953409,-3.036676,162.318943,-1.718873,9.969466,-2.005352,39.0157388,-104.8932568,2175.44,15.261,-9.06,3.26,0.01,162.31,-334.163,20.553,39.015765,-104.8932691,2176.36,9.75,,29,,,,9.629,,-0.01,,-1.225831,-0.725692,-9.943943,-0.029,0.173,-0.035,-153.0,-71.0,467.0,15.267,8.94,141.0,95.0,22.75,,,,,,,,,,,,,,,,,,,,,2026-04-01 14:45:10,True,35.015,10.965,384.869,136.487
2026-04-08T16:58:22.309Z,2026-04-08T16:58:22.309Z,70.372,933,,,,,3.838817,-2.291831,162.204352,-0.343775,7.73493,-2.521014,39.0157326,-104.8932539,2175.43,15.256,-9.01,3.24,0.0,162.16,-334.852,20.803,39.0157486,-104.8932617,2176.37,9.61,,29,,,,9.575,,-0.0,,-1.520031,-0.951245,-9.934136,-0.006,0.134,-0.045,-161.0,-72.0,463.0,15.267,8.94,141.0,95.0,22.75,,,,,,,,,,,,,,,,,,,,,2026-04-01 14:45:11,True,35.0,10.946,384.952,136.487
2026-04-08T16:58:22.377Z,2026-04-08T16:58:22.377Z,70.44,934,,,,,3.896113,-1.776169,161.975169,2.807493,3.838817,-3.896113,39.015726,-104.8932509,2175.43,15.255,-8.91,3.19,0.02,161.92,-335.586,21.062,39.0157486,-104.8932617,2176.37,9.61,,29,,,,9.464,,-0.02,,-1.392544,-1.186605,-9.639937,0.049,0.067,-0.068,-161.0,-72.0,463.0,15.321,7.56,141.0,95.0,22.75,,,,,,,,,,,,,,,,,,,,,2026-04-01 14:45:11,True,35.015,10.963,384.62,115.827
2026-04-08T16:58:22.456Z,2026-04-08T16:58:22.456Z,70.519,935,,,,,4.182592,-1.604282,161.803281,4.469071,3.380451,-3.66693,39.0157228,-104.8932495,2175.43,15.253,-8.87,3.19,0.01,161.77,-335.942,21.183,39.0157486,-104.8932617,2176.37,9.61,,29,,,,9.426,,-0.01,,-1.441578,-0.500139,-9.365351,0.077,0.058,-0.064,-169.0,-73.0,462.0,15.321,7.56,141.0,95.0,22.75,,,,,,,,,,,,,,,,,,,,,2026-04-01 14:45:11,True,34.977,10.956,384.453,115.827
2026-04-08T16:58:22.526Z,2026-04-08T16:58:22.526Z,70.589,936,,,,,4.297183,-1.260507,161.459507,-0.802141,1.890761,-3.781521,39.0157142,-104.8932455,2175.42,15.244,-8.77,3.14,0.04,161.4,-336.898,21.529,39.0157324,-104.8932543,2176.37,9.47,,29,,,,9.315,,-0.04,,-1.353318,-0.912018,-9.698777,-0.013,0.032,-0.066,-170.0,-71.0,459.0,15.321,7.56,141.0,95.0,22.75,,,,,,,,,,,,,,,,,,,,,2026-04-01 14:45:11,True,35.023,10.958,385.036,115.827
2026-04-08T16:58:22.591Z,2026-04-08T16:58:22.591Z,70.654,937,,,,,4.411775,-0.859437,161.230324,2.864789,7.33386,-3.552338,39.0157088,-104.8932431,2175.41,15.234,-8.7,3.11,0.03,161.18,-337.499,21.736,39.0157324,-104.8932543,2176.37,9.47,,29,,,,9.239,,-0.03,,-1.333704,-0.980665,-9.473224,0.05,0.127,-0.062,-172.0,-72.0,459.0,15.215,9.03,142.0,95.0,22.75,,,,,,,,,,,,,,,,,,,,,2026-04-01 14:45:11,True,35.0,10.965,384.786,137.391
2026-04-08T16:58:22.671Z,2026-04-08T16:58:22.671Z,70.734,938,,,,,4.411775,-0.687549,161.173028,1.604282,8.021409,-3.781521,39.0157071,-104.8932423,2175.41,15.23,-8.67,3.09,0.04,161.13,-337.688,21.805,39.0157324,-104.8932543,2176.37,9.47,,29,,,,9.204,,-0.04,,-1.216025,-1.029698,-9.86549,0.027,0.139,-0.066,-172.0,-72.0,459.0,15.215,9.03,142.0,95.0,22.75,,,,,,,,,,,,,,,,,,,,,2026-04-01 14:45:11,True,34.992,10.956,384.536,137.391
2026-04-08T16:58:22.745Z,2026-04-08T16:58:22.745Z,70.808,939,,,,,4.469071,0.343775,160.886549,-1.08862,8.42248,-3.66693,39.015698,-104.8932382,2175.39,15.211,-8.54,3.03,0.05,160.83,-338.7,22.159,39.0157165,-104.893247,2176.38,9.22,,29,,,,9.062,,-0.05,,-1.392544,-0.902212,-9.77723,-0.018,0.146,-0.065,-176.0,-72.0,456.0,15.186,9.66,142.0,95.0,22.75,,,,,,,,,,,,,,,,,,,,,2026-04-01 14:45:11,True,34.992,10.961,384.869,146.697
2026-04-08T16:58:22.855Z,2026-04-08T16:58:22.855Z,70.918,940,,,,,4.125296,1.145916,160.657366,-6.359832,12.89155,-3.380451,39.0156918,-104.8932353,2175.37,15.192,-8.42,3.0,0.03,160.65,-339.389,22.41,39.0157165,-104.893247,2176.38,9.22,,29,,,,8.938,,-0.03,,-1.098345,-1.186605,-10.355822,-0.111,0.224,-0.059,-184.0,-74.0,453.0,15.186,9.66,142.0,95.0,22.5,,,,,,,,,,,,,,,,,,,,,2026-04-01 14:45:11,True,34.947,10.951,385.119,146.697
2026-04-08T16:58:22.924Z,2026-04-08T16:58:22.924Z,70.987,941,,,,,3.66693,2.635606,160.428183,-1.317803,10.599719,-3.437747,39.0156836,-104.8932316,2175.35,15.177,-8.28,2.95,-0.03,160.39,-340.301,22.73,39.015701,-104.89324,2176.36,9.03,,29,,,,8.79,,0.03,,-1.323898,-0.715885,-10.424469,-0.022,0.184,-0.061,-191.0,-78.0,449.0,15.186,9.66,142.0,95.0,22.75,,,,,,,,,,,,,,,,,,,,,2026-04-01 14:45:11,True,35.03,10.98,384.869,146.697
2026-04-08T16:58:22.989Z,2026-04-08T16:58:22.989Z,71.052,942,,,,,3.66693,3.151268,160.313591,0.687549,7.33386,-1.661578,39.0156786,-104.8932294,2175.34,15.169,-8.16,2.91,-0.04,160.29,-340.857,22.92,39.015701,-104.89324,2176.36,9.03,,29,,,,8.663,,0.04,,-1.265058,-0.627626,-9.963556,0.012,0.127,-0.029,-203.0,-82.0,446.0,15.294,8.18,143.0,95.0,22.75,,,,,,,,,,,,,,,,,,,,,2026-04-01 14:45:11,True,35.008,10.965,384.786,125.105
2026-04-08T16:58:23.061Z,2026-04-08T16:58:23.061Z,71.124,943,,,,,3.609634,3.265859,160.256295,0.229183,7.563043,-1.260507,39.015677,-104.8932286,2175.34,15.166,-8.12,2.91,-0.04,160.27,-341.035,22.989,39.015701,-104.89324,2176.36,9.03,,29,,,,8.626,,0.04,,-1.274864,-0.813952,-9.757617,0.003,0.131,-0.022,-203.0,-82.0,446.0,15.294,8.18,143.0,95.0,22.75,,,,,,,,,,,,,,,,,,,,,2026-04-01 14:45:11,True,35.0,10.963,385.036,125.105
2026-04-08T16:58:23.128Z,2026-04-08T16:58:23.128Z,71.191,944,,,,,4.010705,4.010705,160.256295,4.469071,3.380451,0.114592,39.0156691,-104.893225,2175.33,15.159,-7.94,2.83,-0.03,160.25,-341.913,23.3,39.015686,-104.8932332,2176.36,8.68,,29,,,,8.429,,0.03,,-1.196411,-1.147378,-9.708584,0.078,0.058,0.001,-208.0,-81.0,441.0,15.294,8.18,143.0,95.0,22.5,,,,,,,,,,,,,,,,,,,,,2026-04-01 14:45:11,True,35.045,10.97,384.786,125.105
2026-04-08T16:58:23.192Z,2026-04-08T16:58:23.192Z,71.255,945,,,,,4.239888,4.354479,160.313591,4.239888,6.359832,0.171887,39.0156644,-104.8932229,2175.33,15.156,-7.84,2.8,-0.01,160.3,-342.436,23.481,39.015686,-104.8932332,2176.36,8.68,,29,,,,8.325,,0.01,,-1.323898,-0.912018,-9.639937,0.073,0.11,0.002,-211.0,-79.0,439.0,15.164,9.43,143.0,95.0,22.5,,,,,,,,,,,,,,,,,,,,,2026-04-01 14:45:11,True,35.023,10.968,384.869,142.997
2026-04-08T16:58:23.265Z,2026-04-08T16:58:23.265Z,71.328,946,,,,,4.239888,4.469071,160.313591,3.151268,7.906818,0.630254,39.0156628,-104.8932222,2175.33,15.155,-7.79,2.79,-0.02,160.33,-342.614,23.542,39.015686,-104.8932332,2176.36,8.68,,29,,,,8.275,,0.02,,-1.304284,-1.019892,-9.787037,0.055,0.137,0.01,-211.0,-79.0,439.0,15.164,9.43,143.0,95.0,22.75,,,,,,,,,,,,,,,,,,,,,2026-04-01 14:45:12,True,35.0,10.956,385.285,142.997
2026-04-08T16:58:23.332Z,2026-04-08T16:58:23.332Z,71.395,947,,,,,4.526367,5.672282,160.60007,0.802141,11.688339,2.234535,39.0156548,-104.8932185,2175.33,15.15,-7.57,2.69,-0.01,160.62,-343.503,23.861,39.0156715,-104.8932267,2176.36,8.34,,29,,,,8.034,,0.01,,-1.216025,-0.813952,-9.98317,0.013,0.203,0.038,-215.0,-76.0,436.0,15.164,9.43,143.0,95.0,22.75,,,,,,,,,,,,,,,,,,,,,2026-04-01 14:45:12,True,35.023,10.965,384.869,142.997
2026-04-08T16:58:23.406Z,2026-04-08T16:58:23.406Z,71.469,948,,,,,4.75555,6.474423,160.886549,4.010705,10.599719,3.380451,39.0156501,-104.8932164,2175.33,15.15,-7.44,2.64,-0.05,160.92,-344.026,24.043,39.0156715,-104.8932267,2176.36,8.34,,29,,,,7.895,,0.05,,-1.461191,-0.715885,-10.149883,0.07,0.184,0.058,-225.0,-73.0,433.0,15.164,9.43,143.0,95.0,22.5,,,,,,,,,,,,,,,,,,,,,2026-04-01 14:45:12,True,34.992,10.968,385.119,142.997
2026-04-08T16:58:23.476Z,2026-04-08T16:58:23.476Z,71.539,949,,,,,4.698254,7.161972,161.287619,-3.495043,9.625691,5.443099,39.0156454,-104.8932143,2175.33,15.155,-7.27,2.57,-0.07,161.35,-344.549,24.224,39.0156715,-104.8932267,2176.36,8.34,,29,,,,7.711,,0.07,,-1.176798,-0.912018,-10.306789,-0.061,0.167,0.094,-225.0,-73.0,433.0,15.164,9.43,143.0,95.0,22.5,,,,,,,,,,,,,,,,,,,,,2026-04-01 14:45:12,True,35.0,10.954,384.536,142.997
2026-04-08T16:58:23.550Z,2026-04-08T16:58:23.550Z,71.613,950,,,,,4.526367,7.73493,161.68869,-1.145916,8.193296,4.354479,39.0156411,-104.8932124,2175.34,15.166,-7.13,2.49,-0.1,161.7,-345.027,24.388,39.0156576,-104.8932204,2176.38,8.01,,29,,,,7.552,,0.1,,-1.353318,-0.745305,-10.375436,-0.02,0.142,0.075,-232.0,-72.0,429.0,15.254,8.55,144.0,95.0,22.5,,,,,,,,,,,,,,,,,,,,,2026-04-01 14:45:12,True,34.985,10.956,384.952,130.422
2026-04-08T16:58:23.620Z,2026-04-08T16:58:23.620Z,71.683,951,,,,,4.640958,8.307888,161.860577,2.807493,9.682987,1.031324,39.0156365,-104.8932104,2175.36,15.181,-6.96,2.4,-0.12,161.87,-345.538,24.561,39.0156576,-104.8932204,2176.38,8.01,,29,,,,7.362,,0.12,,-1.157185,-0.755112,-10.228336,0.048,0.168,0.017,-242.0,-71.0,426.0,15.254,8.55,144.0,95.0,22.5,,,,,,,,,,,,,,,,,,,,,2026-04-01 14:45:12,True,35.0,10.954,384.869,130.422
2026-04-08T16:58:23.695Z,2026-04-08T16:58:23.695Z,71.758,952,,,,,4.812845,8.938142,161.803281,1.203211,7.161972,-2.750197,39.0156324,-104.8932086,2175.37,15.195,-6.79,2.33,-0.13,161.79,-345.994,24.717,39.0156576,-104.8932204,2176.38,8.01,,29,,,,7.179,,0.13,,-1.372931,-0.843372,-10.130269,0.021,0.124,-0.048,-242.0,-71.0,426.0,15.254,8.55,144.0,95.0,22.75,,,,,,,,,,,,,,,,,,,,,2026-04-01 14:45:12,True,35.023,10.954,384.952,130.422
2026-04-08T16:58:23.765Z,2026-04-08T16:58:23.765Z,71.828,953,,,,,4.583662,9.224621,161.516802,-3.093972,0.630254,-4.182592,39.0156275,-104.8932065,2175.39,15.214,-6.6,2.24,-0.13,161.46,-346.539,24.898,39.0156444,-104.8932145,2176.41,7.49,,29,,,,6.97,,0.13,,-1.176798,-0.951245,-10.07143,-0.053,0.01,-0.073,-249.0,-68.0,422.0,15.34,7.28,145.0,95.0,22.5,,,,,,,,,,,,,,,,,,,,,2026-04-01 14:45:12,True,35.015,10.965,384.786,111.675
2026-04-08T16:58:23.839Z,2026-04-08T16:58:23.839Z,71.902,954,,,,,4.469071,9.167325,161.230324,-1.604282,-4.010705,-5.729578,39.0156246,-104.8932053,2175.4,15.223,-6.49,2.17,-0.12,161.17,-346.861,25.002,39.0156444,-104.8932145,2176.41,7.49,,29,,,,6.843,,0.12,,-1.098345,-0.833565,-9.885103,-0.027,-0.07,-0.1,-254.0,-70.0,420.0,15.34,7.28,145.0,95.0,22.75,,,,,,,,,,,,,,,,,,,,,2026-04-01 14:45:12,True,35.008,10.963,384.952,111.675
2026-04-08T16:58:23.917Z,2026-04-08T16:58:23.917Z,71.98,955,,,,,3.896113,8.708958,160.714662,-6.818198,-6.130648,-4.640958,39.0156197,-104.8932032,2175.41,15.235,-6.28,2.11,-0.08,160.71,-347.406,25.183,39.0156321,-104.8932092,2176.44,7.0,,29,,,,6.625,,0.08,,-1.333704,-0.853179,-9.639937,-0.161,-0.095,-0.084,-250.0,-74.0,420.0,15.34,7.28,145.0,95.0,22.5,,,,,,,,,,,,,,,,,,,,,2026-04-01 14:45:12,True,35.008,10.961,384.786,111.675
2026-04-08T16:58:23.985Z,2026-04-08T16:58:23.985Z,72.048,956,,,,,3.323155,8.708958,160.370887,-3.896113,3.552338,-4.411775,39.0156153,-104.8932014,2175.41,15.238,-6.12,2.04,-0.04,160.33,-347.896,25.339,39.0156321,-104.8932092,2176.44,7.0,,29,,,,6.451,,0.04,,-0.794339,-0.774725,-9.767423,-0.068,0.061,-0.077,-250.0,-74.0,420.0,15.256,8.21,145.0,95.0,22.5,,,,,,,,,,,,,,,,,,,,,2026-04-01 14:45:12,True,35.045,10.977,385.119,125.252
2026-04-08T16:58:24.062Z,2026-04-08T16:58:24.062Z,72.125,957,,,,,3.380451,8.880846,160.256295,-1.260507,5.443099,-4.297183,39.0156135,-104.8932007,2175.41,15.238,-6.02,1.99,-0.04,160.2,-348.096,25.399,39.0156321,-104.8932092,2176.44,7.0,,29,,,,6.34,,0.04,,-0.872792,-0.715885,-9.698777,-0.022,0.094,-0.075,-247.0,-82.0,421.0,15.256,8.21,145.0,95.0,22.75,,,,,,,,,,,,,,,,,,,,,2026-04-01 14:45:12,True,35.0,10.968,384.952,125.252
2026-04-08T16:58:24.134Z,2026-04-08T16:58:24.134Z,72.197,958,,,,,3.265859,9.396508,159.855225,-4.411775,6.589015,-3.323155,39.0156077,-104.8931983,2175.4,15.229,-5.79,1.88,0.0,159.8,-348.741,25.607,39.0156206,-104.8932043,2176.46,6.48,,29,,,,6.088,,-0.0,,-1.029698,-0.882599,-9.855683,-0.077,0.114,-0.058,-248.0,-84.0,420.0,15.256,8.21,145.0,95.0,22.75,,,,,,,,,,,,,,,,,,,,,2026-04-01 14:45:12,True,35.023,10.958,385.035,125.252
2026-04-08T16:58:24.207Z,2026-04-08T16:58:24.207Z,72.27,959,,,,,2.750197,9.91217,159.740633,-7.906818,5.443099,-1.203211,39.0156039,-104.8931967,2175.39,15.219,-5.61,1.83,-0.01,159.71,-349.163,25.745,39.0156206,-104.8932043,2176.46,6.48,,29,,,,5.901,,0.01,,-0.882599,-0.872792,-9.904716,-0.138,0.094,-0.021,-251.0,-88.0,417.0,15.256,8.21,145.0,95.0,22.75,,,,,,,,,,,,,,,,,,,,,2026-04-01 14:45:12,True,35.038,10.956,384.62,125.252
2026-04-08T16:58:24.284Z,2026-04-08T16:58:24.284Z,72.347,960,,,,,2.463719,10.084057,159.683338,-4.583662,2.17724,-0.572958,39.0156004,-104.8931952,2175.39,15.213,-5.44,1.78,0.0,159.68,-349.552,25.874,39.0156206,-104.8932043,2176.46,6.48,,29,,,,5.724,,-0.0,,-0.696272,-0.568786,-9.934136,-0.079,0.037,-0.01,-251.0,-88.0,417.0,15.256,8.21,145.0,95.0,22.5,,,,,,,,,,,,,,,,,,,,,2026-04-01 14:45:13,True,35.008,10.942,384.703,125.252
2026-04-08T16:58:24.360Z,2026-04-08T16:58:24.360Z,72.423,961,,,,,1.948057,10.370536,159.626042,-9.625691,4.068,-0.286479,39.0155967,-104.8931938,2175.38,15.206,-5.26,1.72,0.01,159.62,-349.964,25.995,39.0156099,-104.8931998,2176.47,6.02,,29,,,,5.534,,-0.01,,-0.784532,-0.460913,-9.83607,-0.168,0.07,-0.005,-254.0,-93.0,414.0,15.19,9.17,146.0,95.0,22.5,,,,,,,,,,,,,,,,,,,,,2026-04-01 14:45:13,True,35.015,10.958,384.536,139.292
2026-04-08T16:58:24.428Z,2026-04-08T16:58:24.428Z,72.491,962,,,,,1.260507,10.599719,159.568746,-7.906818,3.781521,-1.317803,39.0155939,-104.8931926,2175.38,15.203,-5.11,1.66,0.01,159.55,-350.275,26.099,39.0156099,-104.8931998,2176.47,6.02,,29,,,,5.373,,-0.01,,-0.637432,-0.980665,-10.179303,-0.138,0.065,-0.023,-256.0,-98.0,410.0,15.19,9.17,146.0,95.0,22.5,,,,,,,,,,,,,,,,,,,,,2026-04-01 14:45:13,True,34.992,10.961,384.869,139.292
2026-04-08T16:58:24.520Z,2026-04-08T16:58:24.520Z,72.583,963,,,,,0.458366,10.886198,159.282267,-11.058085,4.010705,-5.15662,39.0155905,-104.8931912,2175.37,15.199,-4.92,1.6,0.02,159.25,-350.653,26.22,39.0156099,-104.8931998,2176.47,6.02,,29,,,,5.174,,-0.02,,-0.902212,-0.480526,-10.208723,-0.192,0.069,-0.09,-257.0,-106.0,406.0,15.19,9.17,146.0,95.0,22.5,,,,,,,,,,,,,,,,,,,,,2026-04-01 14:45:13,True,34.977,10.949,384.619,139.292
2026-04-08T16:58:24.585Z,2026-04-08T16:58:24.585Z,72.648,964,,,,,-0.40107,11.344564,158.652013,-9.740283,3.781521,-8.42248,39.0155867,-104.8931896,2175.37,15.197,-4.68,1.56,0.0,158.57,-351.076,26.358,39.0155999,-104.8931957,2176.47,5.59,,32,,,,4.933,,-0.0,,-0.745305,-0.813952,-10.10085,-0.17,0.065,-0.147,-257.0,-106.0,406.0,15.179,9.57,146.0,95.0,22.75,,,,,,,,,,,,,,,,,,,,,2026-04-01 14:45:13,True,35.038,10.963,384.952,145.263
2026-04-08T16:58:24.662Z,2026-04-08T16:58:24.662Z,72.725,965,,,,,-0.687549,11.40186,158.42283,-10.771607,0.974028,-8.307888,39.0155854,-104.8931891,2175.37,15.196,-4.61,1.53,0.01,158.27,-351.22,26.401,39.0155999,-104.8931957,2176.47,5.59,,32,,,,4.857,,-0.01,,-0.519752,-0.951245,-10.228336,-0.188,0.016,-0.145,-261.0,-115.0,403.0,15.179,9.57,146.0,95.0,22.5,,,,,,,,,,,,,,,,,,,,,2026-04-01 14:45:13,True,34.992,10.958,384.786,145.263
2026-04-08T16:58:24.729Z,2026-04-08T16:58:24.729Z,72.792,966,,,,,-2.750197,11.344564,156.875844,-12.433184,3.208564,-15.46986,39.0155808,-104.8931871,2175.37,15.192,-4.28,1.5,0.03,156.77,-351.732,26.574,39.0155908,-104.8931918,2176.47,5.1,,32,,,,4.535,,-0.03,,-1.078732,-0.480526,-9.86549,-0.217,0.055,-0.27,-257.0,-129.0,398.0,15.179,9.57,146.0,95.0,22.5,,,,,,,,,,,,,,,,,,,,,2026-04-01 14:45:13,True,35.0,10.958,384.453,145.263
2026-04-08T16:58:24.792Z,2026-04-08T16:58:24.792Z,72.855,967,,,,,-3.208564,11.573747,155.84452,-4.75555,6.24524,-18.621128,39.0155785,-104.893186,2175.36,15.189,-4.11,1.53,0.02,155.64,-351.988,26.669,39.0155908,-104.8931918,2176.47,5.1,,32,,,,4.386,,-0.02,,-0.588399,-0.509946,-10.434276,-0.083,0.108,-0.325,-256.0,-143.0,397.0,15.097,10.72,147.0,95.0,22.5,,,,,,,,,,,,,,,,,,,,,2026-04-01 14:45:13,True,35.0,10.963,384.786,161.84
2026-04-08T16:58:24.867Z,2026-04-08T16:58:24.867Z,72.93,968,,,,,-3.552338,11.745635,155.44345,-4.75555,7.047381,-18.850311,39.0155777,-104.8931856,2175.36,15.188,-4.07,1.5,0.02,155.21,-352.076,26.704,39.0155908,-104.8931918,2176.47,5.1,,32,,,,4.338,,-0.02,,-0.647239,-1.304284,-10.247949,-0.083,0.122,-0.329,-256.0,-143.0,397.0,15.097,10.72,147.0,95.0,22.75,,,,,,,,,,,,,,,,,,,,,2026-04-01 14:45:13,True,34.985,10.954,384.786,161.84
2026-04-08T16:58:24.936Z,2026-04-08T16:58:24.936Z,72.999,969,,,,,-4.583662,12.146705,152.86514,-3.781521,2.119944,-22.058875,39.0155737,-104.8931836,2175.37,15.189,-3.71,1.53,0.0,152.69,-352.521,26.876,39.0155826,-104.8931882,2176.5,4.53,,32,,,,4.013,,-0.0,,-0.608012,-0.784532,-10.336209,-0.066,0.036,-0.385,-255.0,-157.0,391.0,15.097,10.72,147.0,95.0,22.5,,,,,,,,,,,,,,,,,,,,,2026-04-01 14:45:13,True,35.023,10.961,384.869,161.84
2026-04-08T16:58:25.015Z,2026-04-08T16:58:25.015Z,73.078,970,,,,,-5.271212,12.146705,151.318154,-5.443099,2.005352,-22.746424,39.0155715,-104.8931824,2175.37,15.194,-3.5,1.54,0.0,151.1,-352.766,26.98,39.0155826,-104.8931882,2176.5,4.53,,32,,,,3.824,,-0.0,,-0.08826,-0.578592,-10.277369,-0.095,0.034,-0.398,-253.0,-170.0,389.0,15.097,10.72,147.0,95.0,22.5,,,,,,,,,,,,,,,,,,,,,2026-04-01 14:45:13,True,34.992,10.958,385.285,161.84
2026-04-08T16:58:25.085Z,2026-04-08T16:58:25.085Z,73.148,971,,,,,-6.016057,12.318593,149.312801,-0.057296,5.042029,-24.236115,39.0155691,-104.893181,2175.37,15.199,-3.28,1.56,-0.02,149.14,-353.033,27.101,39.0155826,-104.8931882,2176.5,4.53,,32,,,,3.632,,0.02,,-0.470719,-1.039505,-10.444082,0.0,0.087,-0.423,-253.0,-170.0,389.0,15.097,10.72,147.0,95.0,22.5,,,,,,,,,,,,,,,,,,,,,2026-04-01 14:45:13,True,35.023,10.961,384.786,161.84
2026-04-08T16:58:25.156Z,2026-04-08T16:58:25.156Z,73.219,972,,,,,-6.24524,12.605071,147.70852,2.521014,6.474423,-23.49127,39.0155672,-104.8931797,2175.38,15.209,-3.09,1.57,-0.01,147.43,-353.244,27.213,39.0155754,-104.8931846,2176.52,4.06,,31,,,,3.466,,0.01,,-0.049033,-0.735499,-10.532342,0.043,0.112,-0.41,-247.0,-183.0,386.0,15.156,10.04,148.0,95.0,22.5,,,,,,,,,,,,,,,,,,,,,2026-04-01 14:45:13,True,35.008,10.961,385.285,152.166
2026-04-08T16:58:25.228Z,2026-04-08T16:58:25.228Z,73.291,973,,,,,-6.64631,12.89155,146.218829,-3.609634,6.818198,-24.293411,39.0155655,-104.8931786,2175.4,15.22,-2.91,1.57,-0.03,145.87,-353.433,27.308,39.0155754,-104.8931846,2176.52,4.06,,31,,,,3.307,,0.03,,-0.304006,-0.951245,-10.179303,-0.062,0.118,-0.424,-245.0,-194.0,384.0,15.156,10.04,148.0,95.0,22.75,,,,,,,,,,,,,,,,,,,,,2026-04-01 14:45:13,True,34.992,10.961,384.786,152.166
2026-04-08T16:58:25.302Z,2026-04-08T16:58:25.302Z,73.365,974,,,,,-7.563043,13.464508,144.098885,-4.411775,10.370536,-24.293411,39.0155636,-104.8931772,2175.41,15.233,-2.71,1.59,-0.03,143.86,-353.644,27.429,39.0155691,-104.8931809,2176.54,3.58,,31,,,,3.142,,0.03,,0.0,-0.608012,-10.238143,-0.076,0.18,-0.424,-240.0,-207.0,378.0,15.156,10.04,148.0,95.0,22.5,,,,,,,,,,,,,,,,,,,,,2026-04-01 14:45:14,True,35.008,10.954,384.786,152.166
2026-04-08T16:58:25.371Z,2026-04-08T16:58:25.371Z,73.434,975,,,,,-8.365184,14.152058,141.921646,-2.692902,11.802931,-25.267439,39.0155617,-104.8931756,2175.42,15.244,-2.47,1.62,0.0,141.65,-353.856,27.568,39.0155691,-104.8931809,2176.54,3.58,,31,,,,2.954,,-0.0,,-0.17652,-0.823759,-9.89491,-0.046,0.205,-0.441,-240.0,-207.0,378.0,15.07,9.73,149.0,95.0,22.5,,,,,,,,,,,,,,,,,,,,,2026-04-01 14:45:14,True,34.992,10.961,384.952,146.631
2026-04-08T16:58:25.446Z,2026-04-08T16:58:25.446Z,73.509,976,,,,,-8.880846,14.495832,140.890322,-7.219268,14.209353,-26.06958,39.0155609,-104.8931749,2175.42,15.249,-2.35,1.62,0.0,140.51,-353.945,27.628,39.0155691,-104.8931809,2176.54,3.58,,31,,,,2.854,,-0.0,,-0.17652,-0.774725,-9.963556,-0.125,0.247,-0.455,-239.0,-220.0,371.0,15.07,9.73,149.0,95.0,22.5,,,,,,,,,,,,,,,,,,,,,2026-04-01 14:45:14,True,35.0,10.958,385.285,146.631
2026-04-08T16:58:25.516Z,2026-04-08T16:58:25.516Z,73.579,977,,,,,-10.370536,15.46986,137.624462,-6.531719,12.204001,-32.142932,39.015559,-104.893173,2175.43,15.255,-2.06,1.61,0.0,137.22,-354.156,27.792,39.0155639,-104.8931772,2176.59,3.07,,32,,,,2.615,,-0.0,,-0.137293,-0.843372,-9.89491,-0.114,0.212,-0.561,-236.0,-235.0,362.0,15.07,9.73,149.0,95.0,22.75,,,,,,,,,,,,,,,,,,,,,2026-04-01 14:45:14,True,35.0,10.965,384.869,146.631
2026-04-08T16:58:25.590Z,2026-04-08T16:58:25.590Z,73.653,978,,,,,-11.745635,15.699044,134.874265,-10.542423,9.167325,-37.87251,39.0155578,-104.8931717,2175.43,15.251,-1.81,1.62,0.02,134.59,-354.289,27.905,39.0155639,-104.8931772,2176.59,3.07,,32,,,,2.429,,-0.02,,0.333426,-0.529559,-10.159689,-0.184,0.158,-0.661,-236.0,-235.0,362.0,14.879,10.47,149.0,95.0,22.75,,,,,,,,,,,,,,,,,,,,,2026-04-01 14:45:14,True,35.03,10.956,385.369,155.783
2026-04-08T16:58:25.672Z,2026-04-08T16:58:25.672Z,73.735,979,,,,,-12.375888,15.756339,133.728349,-11.40186,8.193296,-40.164341,39.0155573,-104.8931711,2175.42,15.249,-1.71,1.62,0.02,133.16,-354.345,27.956,39.0155639,-104.8931772,2176.59,3.07,,32,,,,2.356,,-0.02,,0.127486,-0.480526,-10.032203,-0.198,0.142,-0.701,-231.0,-256.0,351.0,14.879,10.47,149.0,95.0,22.75,,,,,,,,,,,,,,,,,,,,,2026-04-01 14:45:14,True,34.992,10.949,385.035,155.783
2026-04-08T16:58:25.741Z,2026-04-08T16:58:25.741Z,73.804,980,,,,,-14.725015,15.011494,127.88418,-5.328507,2.922085,-49.560849,39.0155558,-104.8931688,2175.41,15.235,-1.3,1.63,0.03,127.4,-354.512,28.155,39.0155597,-104.8931735,2176.59,2.57,,32,,,,2.085,,-0.03,,0.451106,-0.539366,-10.296982,-0.092,0.05,-0.865,-219.0,-276.0,344.0,14.879,10.47,149.0,95.0,22.75,,,,,,,,,,,,,,,,,,,,,2026-04-01 14:45:14,True,35.045,10.965,384.952,155.783
2026-04-08T16:58:25.809Z,2026-04-08T16:58:25.809Z,73.872,981,,,,,-16.501184,14.094762,123.873475,-11.459156,1.317803,-53.514258,39.015555,-104.8931673,2175.39,15.219,-1.0,1.64,0.02,123.18,-354.601,28.285,39.0155597,-104.8931735,2176.59,2.57,,32,,,,1.921,,-0.02,,0.519752,-0.509946,-10.512729,-0.199,0.022,-0.934,-197.0,-301.0,339.0,14.879,10.47,149.0,95.0,22.5,,,,,,,,,,,,,,,,,,,,,2026-04-01 14:45:14,True,34.985,10.968,385.036,155.783
2026-04-08T16:58:25.883Z,2026-04-08T16:58:25.883Z,73.946,982,,,,,-17.876283,13.292621,120.378433,-8.307888,1.776169,-57.868737,39.0155546,-104.8931661,2175.38,15.207,-0.77,1.66,0.02,119.76,-354.645,28.388,39.0155597,-104.8931735,2176.59,2.57,,32,,,,1.83,,-0.02,,0.17652,-0.343233,-10.600989,-0.145,0.03,-1.01,-197.0,-301.0,339.0,14.879,10.47,149.0,95.0,22.5,,,,,,,,,,,,,,,,,,,,,2026-04-01 14:45:14,True,34.992,10.958,384.786,155.783
2026-04-08T16:58:25.950Z,2026-04-08T16:58:25.950Z,74.013,983,,,,,-19.251382,11.974818,115.737475,-4.640958,1.145916,-62.681583,39.0155542,-104.8931646,2175.36,15.187,-0.46,1.67,0.01,115.02,-354.69,28.518,39.0155568,-104.8931697,2176.59,2.06,,31,,,,1.732,,-0.01,,0.245166,-0.451106,-10.777508,-0.081,0.018,-1.094,-170.0,-325.0,333.0,14.856,11.66,151.0,95.0,22.75,,,,,,,,,,,,,,,,,,,,,2026-04-01 14:45:14,True,35.0,10.965,385.036,173.221
2026-04-08T16:58:26.019Z,2026-04-08T16:58:26.019Z,74.082,984,,,,,-20.340002,10.828902,111.841362,-4.469071,0.859437,-66.233921,39.0155541,-104.8931634,2175.35,15.172,-0.22,1.68,0.0,111.05,-354.701,28.622,39.0155568,-104.8931697,2176.59,2.06,,31,,,,1.694,,-0.0,,0.137293,-0.23536,-10.640215,-0.078,0.014,-1.156,-139.0,-346.0,330.0,14.856,11.66,151.0,95.0,22.5,,,,,,,,,,,,,,,,,,,,,2026-04-01 14:45:14,True,35.03,10.97,384.952,173.221
2026-04-08T16:58:26.111Z,2026-04-08T16:58:26.111Z,74.174,985,,,,,-21.199438,9.110029,107.085812,0.515662,-0.974028,-70.015443,39.0155541,-104.8931621,2175.33,15.156,0.05,1.7,-0.02,106.57,-354.701,28.734,39.0155568,-104.8931697,2176.59,2.06,,31,,,,1.701,,0.02,,0.588399,-0.343233,-11.052095,0.008,-0.018,-1.222,-139.0,-346.0,330.0,14.856,11.66,151.0,95.0,22.5,,,,,,,,,,,,,,,,,,,,,2026-04-01 14:45:14,True,34.977,10.951,384.952,173.221
2026-04-08T16:58:26.177Z,2026-04-08T16:58:26.177Z,74.24,986,,,,,-21.600509,6.64631,101.127051,4.239888,-4.010705,-71.505133,39.0155544,-104.8931603,2175.31,15.138,0.44,1.72,-0.04,100.43,-354.667,28.889,39.0155551,-104.8931659,2176.58,1.75,,31,,,,1.775,,0.04,,0.2942,-0.02942,-10.748088,0.073,-0.07,-1.248,-100.0,-362.0,330.0,14.942,11.82,151.0,95.0,22.75,,,,,,,,,,,,,,,,,,,,,2026-04-01 14:45:14,True,35.015,10.973,385.202,176.614
2026-04-08T16:58:26.253Z,2026-04-08T16:58:26.253Z,74.316,987,,,,,-21.7151,5.500395,98.663332,4.068,-3.151268,-71.619724,39.0155546,-104.8931595,2175.31,15.13,0.57,1.73,-0.05,97.78,-354.645,28.959,39.0155551,-104.8931659,2176.58,1.75,,31,,,,1.821,,0.05,,0.568786,-0.156906,-10.944221,0.071,-0.055,-1.251,-55.0,-372.0,333.0,14.942,11.82,151.0,95.0,22.75,,,,,,,,,,,,,,,,,,,,,2026-04-01 14:45:15,True,35.008,10.97,385.036,176.614
2026-04-08T16:58:26.319Z,2026-04-08T16:58:26.319Z,74.382,988,,,,,-21.7151,2.291831,91.615951,1.48969,-6.990085,-65.603668,39.0155555,-104.8931573,2175.29,15.116,1.0,1.74,-0.06,91.02,-354.545,29.149,39.0155549,-104.8931621,2176.6,1.67,,32,,,,2.007,,0.06,,0.509946,0.411879,-10.738282,0.026,-0.122,-1.145,-10.0,-373.0,338.0,14.942,11.82,151.0,95.0,22.5,,,,,,,,,,,,,,,,,,,,,2026-04-01 14:45:15,True,35.023,10.97,384.869,176.614
2026-04-08T16:58:26.384Z,2026-04-08T16:58:26.384Z,74.447,989,,,,,-21.7151,0.687549,88.120909,1.48969,-4.812845,-62.108625,39.0155562,-104.8931562,2175.28,15.109,1.19,1.76,-0.07,87.75,-354.467,29.244,39.0155549,-104.8931621,2176.6,1.67,,32,,,,2.125,,0.07,,0.323619,0.549172,-10.395049,0.025,-0.084,-1.084,-10.0,-373.0,338.0,14.999,11.85,152.0,95.0,22.5,,,,,,,,,,,,,,,,,,,,,2026-04-01 14:45:15,True,35.045,10.968,384.703,177.738
2026-04-08T16:58:26.466Z,2026-04-08T16:58:26.466Z,74.529,990,,,,,-21.829692,0.0,86.573923,1.890761,-3.437747,-61.249188,39.0155565,-104.8931555,2175.28,15.105,1.31,1.78,-0.08,85.91,-354.434,29.304,39.0155549,-104.8931621,2176.6,1.67,,32,,,,2.21,,0.08,,0.127486,0.1471,-10.198916,0.032,-0.061,-1.069,34.0,-372.0,341.0,14.999,11.85,152.0,95.0,22.5,,,,,,,,,,,,,,,,,,,,,2026-04-01 14:45:15,True,35.0,10.954,385.119,177.738
2026-04-08T16:58:26.538Z,2026-04-08T16:58:26.538Z,74.601,991,,,,,-21.657805,-3.036676,79.927612,-4.526367,-4.239888,-58.556287,39.0155582,-104.8931531,2175.27,15.093,1.72,1.85,-0.11,79.5,-354.245,29.511,39.0155559,-104.8931583,2176.62,1.93,,32,,,,2.526,,0.11,,0.558979,0.608012,-10.757895,-0.079,-0.074,-1.022,75.0,-366.0,342.0,14.999,11.85,152.0,95.0,22.75,,,,,,,,,,,,,,,,,,,,,2026-04-01 14:45:15,True,35.008,10.958,384.786,177.738
2026-04-08T16:58:26.611Z,2026-04-08T16:58:26.611Z,74.674,992,,,,,-21.657805,-4.698254,76.375274,-3.724226,-3.093972,-56.952005,39.0155594,-104.8931517,2175.26,15.081,1.96,1.87,-0.09,75.82,-354.111,29.632,39.0155559,-104.8931583,2176.62,1.93,,32,,,,2.709,,0.09,,0.539366,0.774725,-10.699055,-0.065,-0.054,-0.994,114.0,-359.0,341.0,14.999,11.85,152.0,95.0,22.75,,,,,,,,,,,,,,,,,,,,,2026-04-01 14:45:15,True,35.015,10.958,384.952,177.738
2026-04-08T16:58:26.692Z,2026-04-08T16:58:26.692Z,74.755,993,,,,,-21.543213,-6.302536,72.536457,-2.864789,-2.864789,-56.20716,39.0155608,-104.8931501,2175.25,15.07,2.22,1.93,-0.12,71.99,-353.956,29.771,39.0155559,-104.8931583,2176.62,1.93,,32,,,,2.942,,0.12,,0.11768,0.254973,-10.346016,-0.05,-0.05,-0.981,114.0,-359.0,341.0,14.999,11.85,152.0,95.0,22.5,,,,,,,,,,,,,,,,,,,,,2026-04-01 14:45:15,True,34.977,10.961,385.119,177.738
2026-04-08T16:58:26.762Z,2026-04-08T16:58:26.762Z,74.825,994,,,,,-21.027551,-8.193296,67.838203,-0.40107,-0.057296,-57.811442,39.0155627,-104.8931482,2175.22,15.042,2.49,1.96,-0.1,67.14,-353.744,29.935,39.0155582,-104.8931543,2176.66,2.39,,32,,,,3.169,,0.1,,0.480526,0.598206,-10.816735,-0.007,-0.002,-1.009,151.0,-349.0,338.0,14.984,13.03,153.0,95.0,22.75,,,,,,,,,,,,,,,,,,,,,2026-04-01 14:45:15,True,35.03,10.97,385.119,195.242
2026-04-08T16:58:26.839Z,2026-04-08T16:58:26.839Z,74.902,995,,,,,-20.569185,-9.167325,65.03071,-0.114592,-0.114592,-58.269808,39.0155639,-104.893147,2175.2,15.026,2.68,2.0,-0.11,64.32,-353.611,30.038,39.0155582,-104.8931543,2176.66,2.39,,32,,,,3.344,,0.11,,-0.039227,0.490332,-10.404856,-0.002,-0.002,-1.017,182.0,-334.0,339.0,14.984,13.03,153.0,95.0,22.5,,,,,,,,,,,,,,,,,,,,,2026-04-01 14:45:15,True,35.008,10.954,384.869,195.242
2026-04-08T16:58:26.911Z,2026-04-08T16:58:26.911Z,74.974,996,,,,,-19.996227,-11.115381,60.045977,-5.213916,-3.495043,-58.155216,39.0155662,-104.8931451,2175.16,14.985,2.97,2.05,-0.11,59.5,-353.355,30.203,39.0155618,-104.8931502,2176.71,2.91,,32,,,,3.609,,0.11,,0.480526,1.039505,-10.561762,-0.09,-0.062,-1.015,217.0,-315.0,338.0,14.984,13.03,153.0,95.0,22.5,,,,,,,,,,,,,,,,,,,,,2026-04-01 14:45:15,True,35.015,10.965,385.036,195.242
2026-04-08T16:58:26.980Z,2026-04-08T16:58:26.980Z,75.043,997,,,,,-19.480565,-12.605071,55.977977,-3.151268,-0.974028,-58.155216,39.0155682,-104.8931434,2175.13,14.956,3.23,2.12,-0.13,55.39,-353.133,30.349,39.0155618,-104.8931502,2176.71,2.91,,32,,,,3.864,,0.13,,-0.127486,0.745305,-10.365629,-0.054,-0.017,-1.015,217.0,-315.0,338.0,14.862,14.38,154.0,95.0,22.5,,,,,,,,,,,,,,,,,,,,,2026-04-01 14:45:15,True,35.053,10.939,383.787,213.716
2026-04-08T16:58:27.111Z,2026-04-08T16:58:27.111Z,75.174,998,,,,,-18.964903,-13.292621,53.858033,-2.349127,0.40107,-58.269808,39.0155694,-104.8931424,2175.11,14.931,3.35,2.12,-0.12,53.13,-352.999,30.436,39.0155618,-104.8931502,2176.71,2.91,,32,,,,3.964,,0.12,,0.372653,1.059118,-10.748088,-0.04,0.006,-1.017,247.0,-295.0,336.0,14.862,14.38,154.0,95.0,22.75,,,,,,,,,,,,,,,,,,,,,2026-04-01 14:45:15,True,35.0,10.961,385.285,213.716
2026-04-08T16:58:27.177Z,2026-04-08T16:58:27.177Z,75.24,999,,,,,-16.272001,-15.355269,43.945863,6.818198,4.469071,-61.020005,39.0155746,-104.8931386,2175.03,14.855,3.89,2.23,-0.19,43.34,-352.421,30.764,39.0155664,-104.8931458,2176.77,3.43,,32,,,,4.484,,0.19,,-0.470719,0.764919,-10.650022,0.118,0.077,-1.065,276.0,-272.0,335.0,14.806,16.44,155.0,95.0,22.5,,,,,,,,,,,,,,,,,,,,,2026-04-01 14:45:15,True,35.038,10.968,385.119,243.411
2026-04-08T16:58:27.256Z,2026-04-08T16:58:27.256Z,75.319,1000,,,,,-15.355269,-15.813635,41.596736,5.614986,4.583662,-61.879442,39.0155761,-104.8931376,2175.01,14.83,4.01,2.24,-0.2,40.74,-352.254,30.851,39.0155664,-104.8931458,2176.77,3.43,,32,,,,4.593,,0.2,,-0.156906,1.333704,-11.081514,0.098,0.079,-1.08,296.0,-241.0,341.0,14.806,16.44,155.0,95.0,22.75,,,,,,,,,,,,,,,,,,,,,2026-04-01 14:45:16,True,34.992,10.956,384.786,243.411
2026-04-08T16:58:27.325Z,2026-04-08T16:58:27.325Z,75.388,1001,,,,,-12.719663,-17.016847,34.434763,5.614986,3.208564,-59.358428,39.0155801,-104.8931349,2174.96,14.787,4.34,2.31,-0.24,33.78,-351.81,31.084,39.0155722,-104.8931413,2176.85,4.08,,32,,,,4.916,,0.24,,-0.431493,1.078732,-10.767702,0.097,0.055,-1.036,316.0,-206.0,346.0,14.806,16.44,155.0,95.0,22.5,,,,,,,,,,,,,,,,,,,,,2026-04-01 14:45:16,True,35.038,10.968,384.703,243.411
2026-04-08T16:58:27.388Z,2026-04-08T16:58:27.388Z,75.451,1002,,,,,-11.115381,-17.475213,30.481355,6.589015,4.010705,-51.909976,39.015583,-104.8931331,2174.93,14.753,4.55,2.36,-0.29,29.69,-351.487,31.239,39.0155722,-104.8931413,2176.85,4.08,,32,,,,5.126,,0.29,,-0.451106,1.353318,-10.836348,0.114,0.069,-0.906,330.0,-170.0,353.0,14.907,16.62,156.0,95.0,22.5,,,,,,,,,,,,,,,,,,,,,2026-04-01 14:45:16,True,35.023,10.965,385.202,247.754
2026-04-08T16:58:27.461Z,2026-04-08T16:58:27.461Z,75.524,1003,,,,,-10.657015,-17.532509,29.450031,8.250592,3.380451,-49.388962,39.0155837,-104.8931326,2174.92,14.742,4.61,2.36,-0.3,28.82,-351.409,31.282,39.0155722,-104.8931413,2176.85,4.08,,32,,,,5.179,,0.3,,-0.598206,1.147378,-10.963835,0.143,0.058,-0.862,330.0,-170.0,353.0,14.907,16.62,156.0,95.0,22.5,,,,,,,,,,,,,,,,,,,,,2026-04-01 14:45:16,True,35.023,10.968,385.036,247.754
2026-04-08T16:58:27.529Z,2026-04-08T16:58:27.529Z,75.592,1004,,,,,-8.021409,-17.761692,24.579889,8.594367,5.901465,-34.148285,39.0155883,-104.8931297,2174.89,14.71,4.89,2.44,-0.39,24.23,-350.898,31.533,39.015579,-104.8931365,2176.93,4.55,,32,,,,5.465,,0.39,,-0.951245,1.117958,-11.071708,0.149,0.102,-0.596,339.0,-137.0,358.0,14.907,16.62,156.0,95.0,22.5,,,,,,,,,,,,,,,,,,,,,2026-04-01 14:45:16,True,35.03,10.968,385.036,247.754
2026-04-08T16:58:27.594Z,2026-04-08T16:58:27.594Z,75.657,1005,,,,,-6.875494,-17.532509,22.459946,7.677634,5.15662,-25.439326,39.0155913,-104.8931279,2174.86,14.683,5.06,2.5,-0.44,22.23,-350.564,31.689,39.015579,-104.8931365,2176.93,4.55,,32,,,,5.644,,0.44,,-0.813952,1.186605,-10.846155,0.134,0.089,-0.444,341.0,-108.0,365.0,15.061,15.75,157.0,95.0,22.75,,,,,,,,,,,,,,,,,,,,,2026-04-01 14:45:16,True,35.008,10.973,384.952,237.211
2026-04-08T16:58:27.670Z,2026-04-08T16:58:27.670Z,75.733,1006,,,,,-6.531719,-17.532509,22.001579,7.563043,3.265859,-22.80372,39.0155923,-104.8931273,2174.85,14.677,5.11,2.52,-0.45,21.7,-350.453,31.74,39.015579,-104.8931365,2176.93,4.55,,32,,,,5.698,,0.45,,-0.774725,0.921825,-10.904995,0.132,0.055,-0.398,341.0,-108.0,365.0,15.061,15.75,157.0,95.0,22.75,,,,,,,,,,,,,,,,,,,,,2026-04-01 14:45:16,True,34.992,10.961,384.952,237.211
2026-04-08T16:58:27.738Z,2026-04-08T16:58:27.738Z,75.801,1007,,,,,-6.016057,-17.6471,20.22541,-4.125296,-2.979381,-6.990085,39.0155979,-104.8931238,2174.83,14.656,5.38,2.63,-0.48,20.21,-349.83,32.043,39.0155867,-104.8931313,2177.07,5.15,,32,,,,5.988,,0.48,,-0.970858,0.745305,-10.208723,-0.072,-0.052,-0.122,342.0,-90.0,369.0,15.061,15.75,157.0,95.0,22.75,,,,,,,,,,,,,,,,,,,,,2026-04-01 14:45:16,True,35.008,10.965,385.036,237.211
2026-04-08T16:58:27.819Z,2026-04-08T16:58:27.819Z,75.882,1008,,,,,-6.302536,-18.220058,20.168114,-5.500395,-10.084057,0.859437,39.015601,-104.8931219,2174.81,14.635,5.51,2.67,-0.49,20.21,-349.486,32.207,39.0155867,-104.8931313,2177.07,5.15,,32,,,,6.123,,0.49,,-0.794339,1.176798,-10.277369,-0.096,-0.176,0.014,346.0,-86.0,366.0,15.061,15.75,157.0,95.0,22.5,,,,,,,,,,,,,,,,,,,,,2026-04-01 14:45:16,True,35.015,10.944,385.202,237.211
2026-04-08T16:58:27.895Z,2026-04-08T16:58:27.895Z,75.958,1009,,,,,-6.932789,-18.907607,20.683776,-5.271212,-8.537071,6.64631,39.015605,-104.8931194,2174.79,14.619,5.68,2.74,-0.49,20.72,-349.041,32.423,39.0155867,-104.8931313,2177.07,5.15,,32,,,,6.306,,0.49,,-1.019892,0.941438,-10.444082,-0.092,-0.149,0.115,346.0,-86.0,366.0,15.061,15.75,157.0,95.0,22.5,,,,,,,,,,,,,,,,,,,,,2026-04-01 14:45:16,True,35.008,10.954,385.285,237.211
2026-04-08T16:58:27.966Z,2026-04-08T16:58:27.966Z,76.029,1010,,,,,-7.391156,-19.423269,21.428622,-1.661578,-7.219268,9.91217,39.0156091,-104.8931169,2174.78,14.604,5.87,2.81,-0.5,21.55,-348.585,32.639,39.0155953,-104.8931257,2177.2,5.58,,32,,,,6.508,,0.5,,-0.951245,0.882599,-10.395049,-0.029,-0.126,0.172,354.0,-91.0,358.0,14.865,16.84,159.0,95.0,22.5,,,,,,,,,,,,,,,,,,,,,2026-04-01 14:45:16,True,35.008,10.961,384.952,250.327
2026-04-08T16:58:28.044Z,2026-04-08T16:58:28.044Z,76.107,1011,,,,,-7.677634,-19.652452,22.058875,-0.572958,-6.474423,12.318593,39.0156117,-104.8931153,2174.77,14.599,5.98,2.84,-0.51,22.22,-348.296,32.777,39.0155953,-104.8931257,2177.2,5.58,,32,,,,6.62,,0.51,,-1.010085,1.000278,-10.287176,-0.009,-0.113,0.214,357.0,-98.0,353.0,14.865,16.84,159.0,95.0,22.5,,,,,,,,,,,,,,,,,,,,,2026-04-01 14:45:16,True,35.023,10.956,384.703,250.327
2026-04-08T16:58:28.117Z,2026-04-08T16:58:28.117Z,76.18,1012,,,,,-7.964113,-19.82434,23.548565,4.411775,-1.48969,14.839607,39.015617,-104.893112,2174.76,14.585,6.21,2.93,-0.55,23.76,-347.707,33.062,39.0156046,-104.8931196,2177.36,5.93,,32,,,,6.867,,0.55,,-1.137571,1.127765,-10.483309,0.076,-0.026,0.258,361.0,-106.0,349.0,14.865,16.84,159.0,95.0,22.5,,,,,,,,,,,,,,,,,,,,,2026-04-01 14:45:16,True,35.03,10.956,384.703,250.327
2026-04-08T16:58:28.185Z,2026-04-08T16:58:28.185Z,76.248,1013,,,,,-8.078705,-19.938931,24.751777,2.234535,-4.297183,15.297973,39.0156206,-104.8931098,2174.76,14.581,6.36,2.98,-0.55,24.9,-347.306,33.252,39.0156046,-104.8931196,2177.36,5.93,,32,,,,7.024,,0.55,,-1.382738,0.794339,-10.130269,0.038,-0.075,0.266,361.0,-106.0,349.0,14.811,17.25,160.0,95.0,22.5,,,,,,,,,,,,,,,,,,,,,2026-04-01 14:45:16,True,35.0,10.965,385.202,255.49
2026-04-08T16:58:28.262Z,2026-04-08T16:58:28.262Z,76.325,1014,,,,,-8.250592,-19.938931,25.210143,-0.458366,-2.635606,15.06879,39.0156224,-104.8931087,2174.75,14.577,6.43,3.01,-0.55,25.43,-347.106,33.347,39.0156046,-104.8931196,2177.36,5.93,,32,,,,7.1,,0.55,,-1.186605,0.794339,-9.943943,-0.008,-0.046,0.262,360.0,-113.0,347.0,14.811,17.25,160.0,95.0,22.5,,,,,,,,,,,,,,,,,,,,,2026-04-01 14:45:17,True,34.992,10.961,385.202,255.49
2026-04-08T16:58:28.341Z,2026-04-08T16:58:28.341Z,76.404,1015,,,,,-8.479775,-20.22541,26.871721,6.187944,-4.583662,11.745635,39.0156286,-104.8931049,2174.75,14.575,6.68,3.11,-0.58,27.0,-346.417,33.676,39.0156146,-104.8931133,2177.52,6.44,,32,,,,7.368,,0.58,,-1.333704,1.019892,-10.424469,0.107,-0.08,0.204,361.0,-122.0,344.0,14.811,17.25,160.0,95.0,22.75,,,,,,,,,,,,,,,,,,,,,2026-04-01 14:45:17,True,35.015,10.958,384.37,255.49
2026-04-08T16:58:28.416Z,2026-04-08T16:58:28.416Z,76.479,1016,,,,,-8.708958,-19.881635,27.788453,1.604282,2.979381,9.339212,39.015633,-104.8931022,2174.74,14.566,6.84,3.17,-0.62,27.83,-345.927,33.909,39.0156146,-104.8931133,2177.52,6.44,,32,,,,7.539,,0.62,,-1.029698,1.235638,-10.424469,0.028,0.051,0.162,358.0,-127.0,344.0,14.811,17.25,160.0,95.0,22.75,,,,,,,,,,,,,,,,,,,,,2026-04-01 14:45:17,True,35.0,10.956,384.869,255.49
2026-04-08T16:58:28.489Z,2026-04-08T16:58:28.489Z,76.552,1017,,,,,-8.250592,-19.537861,28.189524,3.380451,3.093972,3.323155,39.0156379,-104.8930993,2174.74,14.567,7.04,3.24,-0.66,28.21,-345.383,34.159,39.0156146,-104.8931133,2177.52,6.44,,32,,,,7.75,,0.66,,-1.323898,0.500139,-10.640215,0.059,0.053,0.058,358.0,-127.0,344.0,14.811,17.25,160.0,95.0,22.75,,,,,,,,,,,,,,,,,,,,,2026-04-01 14:45:17,True,35.023,10.958,384.869,255.49
2026-04-08T16:58:28.560Z,2026-04-08T16:58:28.560Z,76.623,1018,,,,,-8.708958,-19.308678,28.418707,-5.443099,2.692902,3.093972,39.0156421,-104.8930967,2174.75,14.571,7.17,3.31,-0.66,28.45,-344.916,34.384,39.0156255,-104.8931066,2177.68,7.05,,32,,,,7.897,,0.66,,-0.941438,1.255251,-10.110656,-0.095,0.046,0.053,355.0,-128.0,347.0,14.889,14.6,161.0,95.0,22.75,,,,,,,,,,,,,,,,,,,,,2026-04-01 14:45:17,True,35.015,10.965,384.952,217.379
2026-04-08T16:58:28.638Z,2026-04-08T16:58:28.638Z,76.701,1019,,,,,-8.365184,-19.595157,28.590594,9.969466,-7.219268,1.031324,39.015646,-104.8930943,2174.75,14.576,7.29,3.37,-0.64,28.58,-344.482,34.591,39.0156255,-104.8931066,2177.68,7.05,,32,,,,8.031,,0.64,,-0.941438,1.166991,-9.845877,0.174,-0.126,0.017,352.0,-132.0,347.0,14.889,14.6,161.0,95.0,22.75,,,,,,,,,,,,,,,,,,,,,2026-04-01 14:45:17,True,35.023,10.951,385.119,217.379
2026-04-08T16:58:28.711Z,2026-04-08T16:58:28.711Z,76.774,1020,,,,,-7.677634,-19.652452,28.590594,3.66693,4.182592,-0.171887,39.0156516,-104.8930909,2174.75,14.579,7.46,3.47,-0.65,28.58,-343.859,34.885,39.0156374,-104.8930993,2177.91,7.49,,32,,,,8.228,,0.65,,-1.098345,1.225831,-10.404856,0.064,0.072,-0.003,355.0,-129.0,346.0,14.889,14.6,161.0,95.0,22.75,,,,,,,,,,,,,,,,,,,,,2026-04-01 14:45:17,True,35.0,10.961,384.869,217.379
2026-04-08T16:58:28.780Z,2026-04-08T16:58:28.780Z,76.843,1021,,,,,-7.448451,-19.308678,28.533298,1.604282,3.66693,-0.286479,39.0156564,-104.893088,2174.77,14.593,7.61,3.56,-0.67,28.52,-343.325,35.136,39.0156374,-104.8930993,2177.91,7.49,,32,,,,8.402,,0.67,,-1.147378,1.363124,-10.463696,0.027,0.063,-0.005,355.0,-129.0,346.0,14.899,15.98,162.0,95.0,22.75,,,,,,,,,,,,,,,,,,,,,2026-04-01 14:45:17,True,35.03,10.973,384.952,238.086
2026-04-08T16:58:28.858Z,2026-04-08T16:58:28.858Z,76.921,1022,,,,,-7.33386,-19.194086,28.476002,2.864789,2.349127,-0.515662,39.015659,-104.8930864,2174.77,14.594,7.68,3.6,-0.68,28.47,-343.036,35.274,39.0156374,-104.8930993,2177.91,7.49,,32,,,,8.482,,0.68,,-1.363124,1.294478,-9.973363,0.049,0.04,-0.009,351.0,-125.0,349.0,14.899,15.98,162.0,95.0,22.75,,,,,,,,,,,,,,,,,,,,,2026-04-01 14:45:17,True,35.0,10.954,385.202,238.086
2026-04-08T16:58:28.938Z,2026-04-08T16:58:28.938Z,77.001,1023,,,,,-7.33386,-18.506537,28.246819,1.604282,6.818198,-2.521014,39.0156665,-104.8930818,2174.79,14.613,7.86,3.71,-0.69,28.21,-342.202,35.671,39.0156499,-104.8930917,2178.11,7.94,,32,,,,8.692,,0.69,,-1.451384,1.010085,-10.208723,0.027,0.118,-0.044,351.0,-124.0,351.0,14.899,15.98,162.0,95.0,22.75,,,,,,,,,,,,,,,,,,,,,2026-04-01 14:45:17,True,35.008,10.951,385.285,238.086
2026-04-08T16:58:29.015Z,2026-04-08T16:58:29.015Z,77.078,1024,,,,,-7.047381,-18.220058,27.845749,-1.604282,5.958761,-5.042029,39.0156718,-104.8930784,2174.8,14.621,7.98,3.78,-0.69,27.81,-341.613,35.965,39.0156499,-104.8930917,2178.11,7.94,,32,,,,8.83,,0.69,,-1.559257,0.931632,-9.86549,-0.028,0.103,-0.088,346.0,-122.0,357.0,14.899,15.98,162.0,95.0,22.75,,,,,,,,,,,,,,,,,,,,,2026-04-01 14:45:17,True,35.0,10.961,384.703,238.086
2026-04-08T16:58:29.094Z,2026-04-08T16:58:29.094Z,77.157,1025,,,,,-7.047381,-17.360621,27.444678,-1.432394,10.828902,-3.953409,39.0156774,-104.8930749,2174.81,14.635,8.08,3.84,-0.69,27.39,-340.99,36.267,39.0156499,-104.8930917,2178.11,7.94,,32,,,,8.946,,0.69,,-1.66713,1.088538,-9.757617,-0.025,0.188,-0.069,346.0,-122.0,357.0,14.899,15.98,162.0,95.0,22.75,,,,,,,,,,,,,,,,,,,,,2026-04-01 14:45:17,True,35.0,10.956,385.202,238.086
2026-04-08T16:58:29.161Z,2026-04-08T16:58:29.161Z,77.224,1026,,,,,-6.990085,-16.959551,27.100904,1.08862,0.572958,-3.495043,39.0156832,-104.8930713,2174.83,14.651,8.18,3.9,-0.68,27.03,-340.345,36.578,39.0156632,-104.8930836,2178.35,8.29,,32,,,,9.062,,0.68,,-1.510224,0.912018,-9.649744,0.018,0.008,-0.061,342.0,-119.0,361.0,15.078,13.01,164.0,95.0,22.75,,,,,,,,,,,,,,,,,,,,,2026-04-01 14:45:17,True,35.008,10.97,385.285,196.165
2026-04-08T16:58:29.232Z,2026-04-08T16:58:29.232Z,77.295,1027,,,,,-6.760902,-17.131438,26.929016,4.125296,-4.068,-2.692902,39.0156867,-104.8930692,2174.84,14.662,8.22,3.93,-0.66,26.91,-339.956,36.76,39.0156632,-104.8930836,2178.35,8.29,,32,,,,9.111,,0.66,,-1.618097,1.010085,-9.433997,0.071,-0.071,-0.047,337.0,-118.0,366.0,15.078,13.01,164.0,95.0,22.75,,,,,,,,,,,,,,,,,,,,,2026-04-01 14:45:17,True,35.008,10.965,384.952,196.165
2026-04-08T16:58:29.301Z,2026-04-08T16:58:29.301Z,77.364,1028,,,,,-6.589015,-17.188734,26.699833,-1.833465,0.343775,-2.635606,39.015693,-104.8930653,2174.86,14.686,8.32,3.97,-0.66,26.67,-339.256,37.097,39.015677,-104.8930753,2178.55,8.7,,32,,,,9.219,,0.66,,-1.765197,0.813952,-9.728197,-0.031,0.004,-0.046,339.0,-114.0,365.0,15.078,13.01,164.0,95.0,22.75,,,,,,,,,,,,,,,,,,,,,2026-04-01 14:45:18,True,35.015,10.965,384.952,196.165
2026-04-08T16:58:29.368Z,2026-04-08T16:58:29.368Z,77.431,1029,,,,,-6.531719,-17.360621,26.585242,3.724226,-3.208564,-2.291831,39.0156983,-104.893062,2174.89,14.717,8.4,4.03,-0.65,26.52,-338.666,37.382,39.015677,-104.8930753,2178.55,8.7,,32,,,,9.317,,0.65,,-1.627904,0.823759,-9.83607,0.064,-0.056,-0.04,339.0,-114.0,365.0,15.091,12.62,164.0,95.0,22.75,,,,,,,,,,,,,,,,,,,,,2026-04-01 14:45:18,True,35.03,10.973,385.036,190.448
2026-04-08T16:58:29.446Z,2026-04-08T16:58:29.446Z,77.509,1030,,,,,-6.24524,-17.417917,26.47065,6.818198,-1.08862,-2.521014,39.0157012,-104.8930602,2174.91,14.731,8.45,4.06,-0.64,26.43,-338.344,37.537,39.015677,-104.8930753,2178.55,8.7,,32,,,,9.375,,0.64,,-1.588677,0.686466,-9.767423,0.118,-0.019,-0.044,339.0,-113.0,365.0,15.091,12.62,164.0,95.0,22.75,,,,,,,,,,,,,,,,,,,,,2026-04-01 14:45:18,True,34.992,10.949,385.036,190.448
2026-04-08T16:58:29.515Z,2026-04-08T16:58:29.515Z,77.578,1031,,,,,-5.729578,-17.303325,26.356059,4.125296,2.750197,-0.916732,39.0157086,-104.8930556,2174.95,14.777,8.54,4.13,-0.63,26.31,-337.521,37.935,39.0156914,-104.8930666,2178.79,8.85,,32,,,,9.486,,0.63,,-1.529837,0.980665,-9.355544,0.071,0.047,-0.016,341.0,-108.0,366.0,15.091,12.62,164.0,95.0,22.75,,,,,,,,,,,,,,,,,,,,,2026-04-01 14:45:18,True,35.015,10.968,385.535,190.448
2026-04-08T16:58:29.580Z,2026-04-08T16:58:29.580Z,77.643,1032,,,,,-5.672282,-16.844959,26.298763,0.744845,5.328507,0.286479,39.0157136,-104.8930525,2174.99,14.812,8.6,4.17,-0.59,26.28,-336.965,38.202,39.0156914,-104.8930666,2178.79,8.85,,32,,,,9.558,,0.59,,-1.647517,0.872792,-9.453611,0.012,0.091,0.004,341.0,-108.0,366.0,15.143,11.94,165.0,94.0,22.75,,,,,,,,,,,,,,,,,,,,,2026-04-01 14:45:18,True,35.023,10.965,385.119,180.807
2026-04-08T16:58:29.653Z,2026-04-08T16:58:29.653Z,77.716,1033,,,,,-5.614986,-16.730368,26.298763,3.151268,4.469071,-0.343775,39.015716,-104.893051,2175.0,14.828,8.62,4.18,-0.58,26.26,-336.698,38.332,39.0156914,-104.8930666,2178.79,8.85,,32,,,,9.58,,0.58,,-1.333704,1.186605,-9.561484,0.054,0.077,-0.006,337.0,-106.0,368.0,15.143,11.94,165.0,94.0,22.5,,,,,,,,,,,,,,,,,,,,,2026-04-01 14:45:18,True,35.008,10.968,385.452,180.807
2026-04-08T16:58:29.721Z,2026-04-08T16:58:29.721Z,77.784,1034,,,,,-5.271212,-16.386593,26.241467,0.916732,2.291831,-0.458366,39.0157244,-104.8930458,2175.06,14.883,8.71,4.26,-0.55,26.24,-335.764,38.781,39.015706,-104.8930576,2178.99,9.22,,32,,,,9.696,,0.55,,-1.686744,0.745305,-8.992698,0.015,0.039,-0.008,335.0,-104.0,371.0,15.143,11.94,165.0,94.0,22.75,,,,,,,,,,,,,,,,,,,,,2026-04-01 14:45:18,True,35.015,10.975,384.786,180.807
2026-04-08T16:58:29.787Z,2026-04-08T16:58:29.787Z,77.85,1035,,,,,-5.271212,-16.15741,26.184171,0.515662,4.583662,-1.145916,39.0157288,-104.8930431,2175.09,14.911,8.76,4.29,-0.52,26.16,-335.275,39.015,39.015706,-104.8930576,2178.99,9.22,,32,,,,9.754,,0.52,,-1.96133,0.902212,-9.002505,0.008,0.078,-0.02,335.0,-104.0,371.0,15.206,10.47,166.0,94.0,22.75,,,,,,,,,,,,,,,,,,,,,2026-04-01 14:45:18,True,35.038,10.961,384.869,159.207
2026-04-08T16:58:29.870Z,2026-04-08T16:58:29.870Z,77.933,1036,,,,,-5.271212,-16.042818,26.126875,0.744845,5.443099,-2.406423,39.0157313,-104.8930415,2175.1,14.926,8.77,4.3,-0.51,26.07,-334.997,39.153,39.015706,-104.8930576,2178.99,9.22,,32,,,,9.767,,0.51,,-1.608291,0.539366,-9.463417,0.012,0.094,-0.042,333.0,-103.0,373.0,15.206,10.47,166.0,94.0,22.75,,,,,,,,,,,,,,,,,,,,,2026-04-01 14:45:18,True,34.985,10.949,384.619,159.207
2026-04-08T16:58:29.945Z,2026-04-08T16:58:29.945Z,78.008,1037,,,,,-5.213916,-15.355269,25.840397,2.234535,0.859437,-1.260507,39.0157404,-104.8930358,2175.16,14.984,8.84,4.35,-0.46,25.83,-333.985,39.645,39.0157211,-104.8930483,2179.17,9.44,,32,,,,9.852,,0.46,,-1.824037,0.813952,-9.041731,0.038,0.013,-0.022,330.0,-102.0,377.0,15.267,9.56,166.0,94.0,22.75,,,,,,,,,,,,,,,,,,,,,2026-04-01 14:45:18,True,34.992,10.954,384.952,145.953
2026-04-08T16:58:30.027Z,2026-04-08T16:58:30.027Z,78.09,1038,,,,,-4.927437,-15.355269,25.840397,3.323155,2.119944,0.057296,39.0157469,-104.8930317,2175.2,15.026,8.87,4.37,-0.41,25.81,-333.262,39.999,39.0157211,-104.8930483,2179.17,9.44,,32,,,,9.888,,0.41,,-1.72597,0.902212,-9.169218,0.058,0.036,0.0,327.0,-102.0,379.0,15.267,9.56,166.0,94.0,22.75,,,,,,,,,,,,,,,,,,,,,2026-04-01 14:45:18,True,34.992,10.946,384.869,145.953
2026-04-08T16:58:30.106Z,2026-04-08T16:58:30.106Z,78.169,1039,,,,,-4.75555,-15.527156,25.897692,1.317803,-4.354479,1.432394,39.0157529,-104.8930279,2175.24,15.064,8.9,4.38,-0.35,25.95,-332.595,40.328,39.0157211,-104.8930483,2179.17,9.44,,32,,,,9.919,,0.35,,-1.951523,0.892405,-8.492559,0.022,-0.077,0.024,328.0,-100.0,379.0,15.267,9.56,166.0,94.0,22.75,,,,,,,,,,,,,,,,,,,,,2026-04-01 14:45:18,True,35.03,10.956,385.036,145.953
2026-04-08T16:58:30.172Z,2026-04-08T16:58:30.172Z,78.235,1040,,,,,-4.698254,-15.355269,26.184171,0.802141,4.010705,2.979381,39.0157593,-104.8930238,2175.28,15.106,8.93,4.41,-0.31,26.19,-331.883,40.682,39.0157365,-104.8930386,2179.33,9.6,,32,,,,9.96,,0.31,,-1.853457,1.049312,-9.051538,0.013,0.069,0.051,328.0,-100.0,379.0,15.208,10.69,167.0,94.0,22.75,,,,,,,,,,,,,,,,,,,,,2026-04-01 14:45:18,True,35.008,10.963,385.202,162.574
2026-04-08T16:58:30.246Z,2026-04-08T16:58:30.246Z,78.309,1041,,,,,-4.75555,-15.297973,26.298763,3.151268,0.744845,2.979381,39.0157624,-104.8930218,2175.3,15.127,8.93,4.43,-0.29,26.3,-331.539,40.855,39.0157365,-104.8930386,2179.33,9.6,,32,,,,9.968,,0.29,,-1.96133,0.676659,-8.982891,0.054,0.012,0.051,328.0,-100.0,378.0,15.208,10.69,167.0,94.0,22.75,,,,,,,,,,,,,,,,,,,,,2026-04-01 14:45:19,True,35.0,10.965,385.369,162.574
2026-04-08T16:58:30.317Z,2026-04-08T16:58:30.317Z,78.38,1042,,,,,-4.526367,-15.46986,26.527946,0.515662,-0.40107,1.546986,39.0157703,-104.8930168,2175.35,15.176,8.95,4.49,-0.23,26.5,-330.66,41.287,39.0157521,-104.8930287,2179.46,9.71,,32,,,,10.013,,0.23,,-1.745584,0.696272,-8.992698,0.008,-0.007,0.026,327.0,-99.0,379.0,15.208,10.69,167.0,94.0,22.75,,,,,,,,,,,,,,,,,,,,,2026-04-01 14:45:19,True,35.03,10.963,385.036,162.574
2026-04-08T16:58:30.383Z,2026-04-08T16:58:30.383Z,78.446,1043,,,,,-4.526367,-15.355269,26.585242,-0.171887,1.546986,1.317803,39.0157755,-104.8930134,2175.38,15.205,8.97,4.52,-0.2,26.62,-330.082,41.58,39.0157521,-104.8930287,2179.46,9.71,,32,,,,10.044,,0.2,,-1.853457,1.098345,-9.022118,-0.003,0.025,0.022,327.0,-99.0,379.0,15.23,9.99,167.0,94.0,22.75,,,,,,,,,,,,,,,,,,,,,2026-04-01 14:45:19,True,35.045,10.97,385.119,152.148
2026-04-08T16:58:30.456Z,2026-04-08T16:58:30.456Z,78.519,1044,,,,,-4.469071,-15.297973,26.642537,4.068,1.833465,1.203211,39.0157781,-104.8930117,2175.39,15.219,8.97,4.54,-0.19,26.66,-329.793,41.727,39.0157521,-104.8930287,2179.46,9.71,,32,,,,10.053,,0.19,,-2.13785,0.774725,-9.159411,0.071,0.031,0.019,326.0,-99.0,379.0,15.23,9.99,167.0,94.0,22.5,,,,,,,,,,,,,,,,,,,,,2026-04-01 14:45:19,True,35.015,10.963,385.119,152.148
2026-04-08T16:58:30.532Z,2026-04-08T16:58:30.532Z,78.595,1045,,,,,-4.010705,-14.725015,26.585242,2.17724,6.531719,-0.916732,39.0157868,-104.8930061,2175.44,15.261,9.0,4.56,-0.14,26.57,-328.826,42.211,39.0157678,-104.8930187,2179.59,9.73,,32,,,,10.089,,0.14,,-1.853457,0.372653,-9.335931,0.038,0.113,-0.016,325.0,-98.0,380.0,15.23,9.99,167.0,94.0,22.5,,,,,,,,,,,,,,,,,,,,,2026-04-01 14:45:19,True,35.03,10.965,385.202,152.148
2026-04-08T16:58:30.603Z,2026-04-08T16:58:30.603Z,78.666,1046,,,,,-3.896113,-14.266649,26.47065,1.833465,4.984733,-2.463719,39.015793,-104.8930021,2175.47,15.294,9.02,4.59,-0.12,26.43,-328.136,42.557,39.0157678,-104.8930187,2179.59,9.73,,32,,,,10.121,,0.12,,-1.608291,0.676659,-9.169218,0.032,0.086,-0.043,320.0,-96.0,385.0,15.23,9.99,167.0,94.0,22.5,,,,,,,,,,,,,,,,,,,,,2026-04-01 14:45:19,True,35.053,10.965,385.368,152.148
2026-04-08T16:58:30.670Z,2026-04-08T16:58:30.670Z,78.733,1047,,,,,-3.66693,-13.98017,26.241467,0.630254,4.010705,-2.864789,39.0157987,-104.8929983,2175.49,15.316,9.05,4.64,-0.07,26.21,-327.502,42.885,39.0157678,-104.8930187,2179.59,9.73,,32,,,,10.17,,0.07,,-1.794617,1.010085,-9.149604,0.01,0.069,-0.05,320.0,-96.0,385.0,15.23,9.99,167.0,94.0,22.5,,,,,,,,,,,,,,,,,,,,,2026-04-01 14:45:19,True,35.038,10.977,384.703,152.148
2026-04-08T16:58:30.739Z,2026-04-08T16:58:30.739Z,78.802,1048,,,,,-3.437747,-13.808283,26.012284,1.661578,2.17724,-3.495043,39.0158033,-104.8929952,2175.51,15.336,9.05,4.67,-0.04,26.01,-326.991,43.153,39.0157837,-104.8930085,2179.67,9.95,,32,,,,10.184,,0.04,,-1.863264,0.764919,-9.041731,0.028,0.036,-0.061,318.0,-93.0,388.0,15.23,9.99,167.0,94.0,22.5,,,,,,,,,,,,,,,,,,,,,2026-04-01 14:45:19,True,35.023,10.963,385.202,152.148
2026-04-08T16:58:30.810Z,2026-04-08T16:58:30.810Z,78.873,1049,,,,,-3.552338,-13.464508,25.840397,-3.093972,4.870141,-2.406423,39.0158089,-104.8929915,2175.53,15.357,9.06,4.69,0.0,25.78,-326.368,43.472,39.0157837,-104.8930085,2179.67,9.95,,32,,,,10.202,,-0.0,,-1.922103,0.676659,-8.953471,-0.054,0.084,-0.042,315.0,-91.0,390.0,15.23,9.99,167.0,94.0,22.5,,,,,,,,,,,,,,,,,,,,,2026-04-01 14:45:19,True,35.015,10.968,384.786,152.148
2026-04-08T16:58:30.887Z,2026-04-08T16:58:30.887Z,78.95,1050,,,,,-3.552338,-13.235325,25.668509,2.406423,2.750197,-2.291831,39.0158147,-104.8929876,2175.55,15.37,9.08,4.71,0.03,25.63,-325.723,43.809,39.0157837,-104.8930085,2179.67,9.95,,32,,,,10.229,,-0.03,,-1.382738,0.892405,-9.296704,0.041,0.046,-0.04,315.0,-91.0,390.0,15.23,9.99,167.0,94.0,22.5,,,,,,,,,,,,,,,,,,,,,2026-04-01 14:45:19,True,35.023,10.951,385.369,152.148
2026-04-08T16:58:30.959Z,2026-04-08T16:58:30.959Z,79.022,1051,,,,,-3.380451,-13.063438,25.496622,1.661578,2.005352,-1.260507,39.015821,-104.8929835,2175.56,15.388,9.09,4.77,0.06,25.49,-325.023,44.163,39.0157998,-104.892998,2179.74,10.09,,32,,,,10.266,,-0.06,,-1.794617,0.558979,-9.237864,0.029,0.034,-0.022,314.0,-90.0,392.0,15.288,9.65,169.0,94.0,22.75,,,,,,,,,,,,,,,,,,,,,2026-04-01 14:45:19,True,35.008,10.961,384.952,147.529
2026-04-08T16:58:31.034Z,2026-04-08T16:58:31.034Z,79.097,1052,,,,,-3.265859,-12.719663,25.439326,1.203211,4.125296,-0.802141,39.0158261,-104.89298,2175.57,15.396,9.11,4.79,0.08,25.43,-324.456,44.466,39.0157998,-104.892998,2179.74,10.09,,32,,,,10.293,,-0.08,,-2.128043,0.715885,-9.071151,0.02,0.071,-0.014,311.0,-89.0,394.0,15.288,9.65,169.0,94.0,22.5,,,,,,,,,,,,,,,,,,,,,2026-04-01 14:45:19,True,35.023,10.963,385.119,147.529
2026-04-08T16:58:31.116Z,2026-04-08T16:58:31.116Z,79.179,1053,,,,,-3.437747,-12.318593,25.38203,-3.838817,3.151268,0.286479,39.0158332,-104.8929752,2175.58,15.404,9.13,4.86,0.1,25.38,-323.666,44.881,39.0157998,-104.892998,2179.74,10.09,,32,,,,10.343,,-0.1,,-1.93191,0.558979,-9.237864,-0.067,0.054,0.004,309.0,-87.0,395.0,15.288,9.65,169.0,94.0,22.75,,,,,,,,,,,,,,,,,,,,,2026-04-01 14:45:19,True,35.023,10.961,384.786,147.529
2026-04-08T16:58:31.185Z,2026-04-08T16:58:31.185Z,79.248,1054,,,,,-3.609634,-11.974818,25.496622,-2.234535,4.010705,1.776169,39.0158397,-104.8929708,2175.59,15.411,9.12,4.9,0.12,25.49,-322.943,45.261,39.015816,-104.8929874,2179.78,10.15,,32,,,,10.353,,-0.12,,-1.980943,0.715885,-9.306511,-0.039,0.069,0.03,309.0,-87.0,395.0,15.273,9.72,170.0,94.0,22.5,,,,,,,,,,,,,,,,,,,,,2026-04-01 14:45:19,True,35.03,10.963,385.369,148.454
2026-04-08T16:58:31.268Z,2026-04-08T16:58:31.268Z,79.331,1055,,,,,-3.66693,-11.860226,25.496622,-3.437747,4.870141,1.661578,39.0158423,-104.8929691,2175.59,15.414,9.13,4.9,0.14,25.56,-322.654,45.408,39.015816,-104.8929874,2179.78,10.15,,32,,,,10.362,,-0.14,,-1.657324,0.912018,-9.345737,-0.06,0.084,0.028,306.0,-89.0,398.0,15.273,9.72,170.0,94.0,22.5,,,,,,,,,,,,,,,,,,,,,2026-04-01 14:45:20,True,35.023,10.965,385.119,148.454
2026-04-08T16:58:31.341Z,2026-04-08T16:58:31.341Z,79.404,1056,,,,,-4.583662,-11.573747,25.840397,-11.287269,3.093972,2.807493,39.015852,-104.8929623,2175.59,15.416,9.14,4.96,0.18,25.86,-321.576,45.995,39.0158323,-104.8929764,2179.8,10.28,,32,,,,10.399,,-0.18,,-1.892683,0.666852,-8.973085,-0.197,0.053,0.048,304.0,-93.0,398.0,15.273,9.72,170.0,94.0,22.5,,,,,,,,,,,,,,,,,,,,,2026-04-01 14:45:20,True,35.023,10.961,385.285,148.454
2026-04-08T16:58:31.417Z,2026-04-08T16:58:31.417Z,79.48,1057,,,,,-4.927437,-11.344564,26.012284,-0.687549,2.635606,2.57831,39.0158575,-104.8929585,2175.59,15.416,9.15,4.97,0.19,26.05,-320.964,46.323,39.0158323,-104.8929764,2179.8,10.28,,32,,,,10.413,,-0.19,,-1.833844,1.000278,-9.433997,-0.011,0.045,0.043,302.0,-100.0,398.0,15.273,9.72,170.0,94.0,22.75,,,,,,,,,,,,,,,,,,,,,2026-04-01 14:45:20,True,35.015,10.965,385.285,148.454
2026-04-08T16:58:31.493Z,2026-04-08T16:58:31.493Z,79.556,1058,,,,,-5.15662,-10.943494,26.184171,-4.812845,7.505747,2.005352,39.015864,-104.8929539,2175.59,15.411,9.16,5.0,0.2,26.18,-320.241,46.721,39.0158323,-104.8929764,2179.8,10.28,,32,,,,10.436,,-0.2,,-1.451384,0.794339,-9.845877,-0.084,0.13,0.034,302.0,-100.0,398.0,15.273,9.72,170.0,94.0,22.5,,,,,,,,,,,,,,,,,,,,,2026-04-01 14:45:20,True,35.03,10.961,385.285,148.454
2026-04-08T16:58:31.560Z,2026-04-08T16:58:31.560Z,79.623,1059,,,,,-5.443099,-10.255945,26.241467,-4.239888,7.563043,1.317803,39.0158708,-104.8929492,2175.58,15.409,9.15,5.02,0.22,26.24,-319.485,47.127,39.0158487,-104.8929651,2179.82,10.36,,32,,,,10.437,,-0.22,,-1.81423,1.000278,-9.551677,-0.074,0.13,0.022,300.0,-104.0,399.0,15.197,11.02,171.0,94.0,22.5,,,,,,,,,,,,,,,,,,,,,2026-04-01 14:45:20,True,35.045,10.973,385.285,167.471
2026-04-08T16:58:31.642Z,2026-04-08T16:58:31.642Z,79.705,1060,,,,,-5.614986,-9.854874,26.241467,-2.463719,8.995437,0.40107,39.0158749,-104.8929463,2175.58,15.406,9.14,5.04,0.2,26.23,-319.029,47.377,39.0158487,-104.8929651,2179.82,10.36,,32,,,,10.437,,-0.2,,-1.686744,0.715885,-9.71839,-0.043,0.156,0.006,293.0,-107.0,403.0,15.197,11.02,171.0,94.0,22.5,,,,,,,,,,,,,,,,,,,,,2026-04-01 14:45:20,True,35.015,10.956,385.119,167.471
2026-04-08T16:58:31.715Z,2026-04-08T16:58:31.715Z,79.778,1061,,,,,-5.84417,-9.110029,26.126875,-2.349127,6.589015,-0.458366,39.0158831,-104.8929405,2175.58,15.4,9.14,5.02,0.21,26.11,-318.118,47.878,39.0158651,-104.8929537,2179.84,10.39,,32,,,,10.428,,-0.21,,-1.559257,1.049312,-9.620324,-0.04,0.113,-0.008,288.0,-110.0,406.0,15.197,11.02,171.0,94.0,22.75,,,,,,,,,,,,,,,,,,,,,2026-04-01 14:45:20,True,35.045,10.973,385.702,167.471
2026-04-08T16:58:31.778Z,2026-04-08T16:58:31.778Z,79.841,1062,,,,,-6.016057,-8.708958,26.06958,-3.380451,5.271212,-0.229183,39.0158887,-104.8929366,2175.57,15.397,9.14,5.03,0.2,26.06,-317.495,48.215,39.0158651,-104.8929537,2179.84,10.39,,32,,,,10.433,,-0.2,,-1.72597,0.941438,-9.610517,-0.059,0.091,-0.004,288.0,-110.0,406.0,15.174,11.53,171.0,94.0,22.5,,,,,,,,,,,,,,,,,,,,,2026-04-01 14:45:20,True,35.03,10.982,385.452,174.956
2026-04-08T16:58:31.852Z,2026-04-08T16:58:31.852Z,79.915,1063,,,,,-6.187944,-8.537071,26.06958,-3.953409,4.469071,-0.114592,39.0158913,-104.8929347,2175.57,15.396,9.12,5.02,0.2,26.04,-317.206,48.379,39.0158651,-104.8929537,2179.84,10.39,,32,,,,10.41,,-0.2,,-1.93191,0.755112,-9.51245,-0.069,0.077,-0.002,282.0,-112.0,408.0,15.174,11.53,171.0,94.0,22.5,,,,,,,,,,,,,,,,,,,,,2026-04-01 14:45:20,True,35.03,10.968,385.535,174.956
2026-04-08T16:58:31.917Z,2026-04-08T16:58:31.917Z,79.98,1064,,,,,-6.589015,-8.193296,26.012284,-0.744845,1.661578,-0.0,39.0159003,-104.8929284,2175.57,15.394,9.1,5.01,0.2,26.02,-316.205,48.924,39.0158815,-104.8929422,2179.84,10.39,,32,,,,10.388,,-0.2,,-1.922103,0.715885,-9.502644,-0.013,0.028,-0.001,280.0,-114.0,409.0,15.174,11.53,171.0,94.0,22.5,,,,,,,,,,,,,,,,,,,,,2026-04-01 14:45:20,True,35.038,10.97,385.202,174.956
2026-04-08T16:58:31.982Z,2026-04-08T16:58:31.982Z,80.045,1065,,,,,-6.589015,-8.021409,26.012284,-0.114592,3.151268,0.572958,39.015905,-104.8929251,2175.57,15.398,9.06,4.97,0.2,26.03,-315.682,49.209,39.0158815,-104.8929422,2179.84,10.39,,32,,,,10.334,,-0.2,,-1.853457,0.715885,-9.698777,-0.002,0.054,0.009,280.0,-114.0,409.0,15.138,12.35,172.0,94.0,22.5,,,,,,,,,,,,,,,,,,,,,2026-04-01 14:45:20,True,35.038,10.973,385.452,186.954
2026-04-08T16:58:32.054Z,2026-04-08T16:58:32.054Z,80.117,1066,,,,,-6.64631,-7.906818,26.012284,-2.005352,2.463719,0.229183,39.0159076,-104.8929233,2175.58,15.399,9.04,4.97,0.19,26.03,-315.393,49.364,39.0158815,-104.8929422,2179.84,10.39,,32,,,,10.316,,-0.19,,-1.81423,1.019892,-9.610517,-0.034,0.042,0.003,277.0,-116.0,410.0,15.138,12.35,172.0,94.0,22.5,,,,,,,,,,,,,,,,,,,,,2026-04-01 14:45:20,True,35.03,10.973,385.535,186.954
2026-04-08T16:58:32.126Z,2026-04-08T16:58:32.126Z,80.189,1067,,,,,-6.703606,-7.677634,26.06958,2.291831,1.260507,0.859437,39.0159166,-104.892917,2175.58,15.406,9.01,4.96,0.18,26.09,-314.393,49.909,39.015898,-104.8929308,2179.85,10.35,,32,,,,10.285,,-0.18,,-1.951523,0.892405,-9.63013,0.039,0.021,0.014,276.0,-117.0,411.0,15.138,12.35,172.0,94.0,22.5,,,,,,,,,,,,,,,,,,,,,2026-04-01 14:45:20,True,35.053,10.968,385.785,186.954
2026-04-08T16:58:32.188Z,2026-04-08T16:58:32.188Z,80.251,1068,,,,,-6.64631,-7.677634,26.126875,0.286479,1.203211,0.515662,39.0159221,-104.8929132,2175.59,15.416,8.98,4.93,0.17,26.16,-313.781,50.237,39.015898,-104.8929308,2179.85,10.35,,32,,,,10.244,,-0.17,,-1.716164,0.931632,-9.669357,0.004,0.02,0.007,274.0,-117.0,413.0,15.179,11.81,173.0,94.0,22.5,,,,,,,,,,,,,,,,,,,,,2026-04-01 14:45:20,True,35.053,10.973,385.285,179.264
2026-04-08T16:58:32.260Z,2026-04-08T16:58:32.260Z,80.323,1069,,,,,-6.64631,-7.620339,26.184171,-0.114592,0.458366,0.687549,39.0159239,-104.8929119,2175.59,15.418,8.97,4.94,0.17,26.17,-313.581,50.349,39.015898,-104.8929308,2179.85,10.35,,32,,,,10.24,,-0.17,,-2.02017,0.872792,-9.71839,-0.002,0.007,0.011,274.0,-117.0,413.0,15.179,11.81,173.0,94.0,22.5,,,,,,,,,,,,,,,,,,,,,2026-04-01 14:45:21,True,35.053,10.973,385.785,179.264
2026-04-08T16:58:32.327Z,2026-04-08T16:58:32.327Z,80.39,1070,,,,,-6.760902,-7.677634,26.184171,-2.291831,-1.08862,-0.687549,39.0159327,-104.8929057,2175.6,15.426,8.92,4.92,0.16,26.16,-312.602,50.885,39.0159143,-104.8929195,2179.87,10.27,,32,,,,10.187,,-0.16,,-1.794617,1.108151,-9.728197,-0.04,-0.019,-0.012,275.0,-117.0,413.0,15.179,11.81,173.0,94.0,22.75,,,,,,,,,,,,,,,,,,,,,2026-04-01 14:45:21,True,35.023,10.968,385.618,179.264
2026-04-08T16:58:32.389Z,2026-04-08T16:58:32.389Z,80.452,1071,,,,,-6.932789,-7.792226,26.126875,-2.635606,-1.661578,-1.48969,39.0159386,-104.8929016,2175.61,15.434,8.88,4.9,0.16,26.07,-311.946,51.239,39.0159143,-104.8929195,2179.87,10.27,,32,,,,10.142,,-0.16,,-1.833844,0.970858,-9.639937,-0.045,-0.03,-0.026,274.0,-118.0,413.0,15.215,10.98,173.0,94.0,22.5,,,,,,,,,,,,,,,,,,,,,2026-04-01 14:45:21,True,35.061,10.97,385.202,167.061
2026-04-08T16:58:32.470Z,2026-04-08T16:58:32.470Z,80.533,1072,,,,,-6.990085,-7.73493,26.06958,-3.323155,-0.515662,-1.776169,39.0159399,-104.8929006,2175.61,15.437,8.86,4.89,0.16,26.04,-311.802,51.325,39.0159143,-104.8929195,2179.87,10.27,,32,,,,10.12,,-0.16,,-1.75539,1.333704,-9.532064,-0.058,-0.009,-0.032,274.0,-118.0,413.0,15.215,10.98,173.0,94.0,22.75,,,,,,,,,,,,,,,,,,,,,2026-04-01 14:45:21,True,35.015,10.954,385.452,167.061
2026-04-08T16:58:32.544Z,2026-04-08T16:58:32.544Z,80.607,1073,,,,,-7.391156,-8.078705,25.840397,-4.870141,-4.469071,-2.234535,39.0159493,-104.892894,2175.62,15.441,8.83,4.88,0.17,25.83,-310.756,51.896,39.0159305,-104.8929082,2179.87,10.21,,32,,,,10.089,,-0.17,,-1.824037,0.813952,-9.620324,-0.085,-0.078,-0.039,275.0,-119.0,411.0,15.215,10.98,173.0,94.0,22.75,,,,,,,,,,,,,,,,,,,,,2026-04-01 14:45:21,True,35.053,10.975,385.285,167.061
2026-04-08T16:58:32.615Z,2026-04-08T16:58:32.615Z,80.678,1074,,,,,-7.677634,-8.365184,25.725805,-3.953409,-2.635606,-1.48969,39.0159559,-104.8928895,2175.62,15.44,8.8,4.85,0.18,25.69,-310.023,52.284,39.0159305,-104.8929082,2179.87,10.21,,32,,,,10.048,,-0.18,,-1.735777,1.196411,-9.316318,-0.069,-0.046,-0.026,277.0,-121.0,408.0,15.215,10.98,173.0,94.0,22.5,,,,,,,,,,,,,,,,,,,,,2026-04-01 14:45:21,True,35.03,10.965,385.369,167.061
2026-04-08T16:58:32.693Z,2026-04-08T16:58:32.693Z,80.756,1075,,,,,-7.73493,-8.651663,25.668509,-0.40107,-3.437747,-1.375099,39.0159612,-104.8928857,2175.61,15.437,8.78,4.83,0.2,25.64,-309.433,52.613,39.0159305,-104.8929082,2179.87,10.21,,32,,,,10.021,,-0.2,,-1.912297,1.108151,-9.375157,-0.007,-0.06,-0.024,277.0,-121.0,408.0,15.215,10.98,173.0,94.0,22.5,,,,,,,,,,,,,,,,,,,,,2026-04-01 14:45:21,True,35.045,10.968,385.035,167.061
2026-04-08T16:58:32.761Z,2026-04-08T16:58:32.761Z,80.824,1076,,,,,-7.964113,-8.880846,25.611213,-3.437747,-2.979381,-0.916732,39.0159678,-104.8928812,2175.61,15.438,8.77,4.81,0.19,25.6,-308.699,53.001,39.0159466,-104.892897,2179.87,10.11,,32,,,,10.002,,-0.19,,-1.96133,1.196411,-9.532064,-0.06,-0.052,-0.016,281.0,-122.0,406.0,15.186,11.65,175.0,94.0,22.5,,,,,,,,,,,,,,,,,,,,,2026-04-01 14:45:21,True,35.053,10.975,385.369,176.917
2026-04-08T16:58:32.834Z,2026-04-08T16:58:32.834Z,80.897,1077,,,,,-7.964113,-9.110029,25.611213,-0.057296,-3.724226,-0.343775,39.0159718,-104.8928784,2175.61,15.437,8.76,4.78,0.19,25.59,-308.255,53.243,39.0159466,-104.892897,2179.87,10.11,,32,,,,9.979,,-0.19,,-1.69655,1.333704,-9.443804,-0.001,-0.065,-0.006,283.0,-123.0,404.0,15.186,11.65,175.0,94.0,22.75,,,,,,,,,,,,,,,,,,,,,2026-04-01 14:45:21,True,35.015,10.973,385.452,176.917
2026-04-08T16:58:32.905Z,2026-04-08T16:58:32.905Z,80.968,1078,,,,,-7.906818,-9.281916,25.668509,-0.802141,-0.916732,0.916732,39.0159787,-104.8928737,2175.61,15.434,8.74,4.77,0.2,25.67,-307.487,53.649,39.0159625,-104.8928859,2179.86,10.06,,32,,,,9.957,,-0.2,,-1.824037,1.166991,-9.551677,-0.013,-0.016,0.015,287.0,-123.0,403.0,15.186,11.65,175.0,94.0,22.5,,,,,,,,,,,,,,,,,,,,,2026-04-01 14:45:21,True,35.023,10.973,385.202,176.917
2026-04-08T16:58:32.971Z,2026-04-08T16:58:32.971Z,81.034,1079,,,,,-8.136001,-9.396508,25.783101,-1.604282,-2.521014,2.17724,39.0159844,-104.8928697,2175.61,15.43,8.75,4.77,0.2,25.81,-306.854,53.995,39.0159625,-104.8928859,2179.86,10.06,,32,,,,9.966,,-0.2,,-1.78481,0.921825,-9.551677,-0.027,-0.044,0.037,287.0,-123.0,403.0,15.154,11.95,175.0,94.0,22.5,,,,,,,,,,,,,,,,,,,,,2026-04-01 14:45:21,True,35.061,10.973,385.618,181.09
2026-04-08T16:58:33.050Z,2026-04-08T16:58:33.050Z,81.113,1080,,,,,-8.136001,-9.511099,25.897692,-0.114592,-1.546986,2.807493,39.0159876,-104.8928675,2175.6,15.429,8.74,4.75,0.2,25.93,-306.498,54.185,39.0159625,-104.8928859,2179.86,10.06,,32,,,,9.947,,-0.2,,-1.69655,0.980665,-9.639937,-0.002,-0.027,0.048,288.0,-124.0,402.0,15.154,11.95,175.0,94.0,22.75,,,,,,,,,,,,,,,,,,,,,2026-04-01 14:45:21,True,35.0,10.97,385.285,181.09
2026-04-08T16:58:33.128Z,2026-04-08T16:58:33.128Z,81.191,1081,,,,,-8.136001,-9.453804,26.126875,1.546986,-0.286479,1.718873,39.0159955,-104.8928621,2175.6,15.421,8.74,4.73,0.19,26.18,-305.619,54.651,39.0159785,-104.8928749,2179.86,10.04,,32,,,,9.938,,-0.19,,-1.96133,1.000278,-9.51245,0.026,-0.005,0.029,289.0,-126.0,400.0,15.154,11.95,175.0,94.0,22.5,,,,,,,,,,,,,,,,,,,,,2026-04-01 14:45:21,True,35.023,10.97,385.618,181.09
2026-04-08T16:58:33.196Z,2026-04-08T16:58:33.196Z,81.259,1082,,,,,-8.078705,-9.453804,26.298763,0.859437,0.630254,1.661578,39.0160016,-104.8928579,2175.59,15.418,8.74,4.71,0.19,26.33,-304.941,55.014,39.0159785,-104.8928749,2179.86,10.04,,32,,,,9.928,,-0.19,,-1.549451,0.990472,-9.77723,0.014,0.009,0.027,288.0,-126.0,401.0,15.158,11.88,176.0,94.0,22.5,,,,,,,,,,,,,,,,,,,,,2026-04-01 14:45:21,True,35.023,10.968,385.369,180.077
2026-04-08T16:58:33.269Z,2026-04-08T16:58:33.269Z,81.332,1083,,,,,-8.078705,-9.453804,26.356059,1.031324,-0.343775,1.375099,39.0160033,-104.8928567,2175.59,15.417,8.75,4.7,0.18,26.35,-304.752,55.118,39.0159785,-104.8928749,2179.86,10.04,,32,,,,9.932,,-0.18,,-1.833844,0.941438,-9.728197,0.017,-0.007,0.023,288.0,-126.0,401.0,15.158,11.88,176.0,94.0,22.75,,,,,,,,,,,,,,,,,,,,,2026-04-01 14:45:22,True,35.015,10.977,385.369,180.077
2026-04-08T16:58:33.337Z,2026-04-08T16:58:33.337Z,81.4,1084,,,,,-7.792226,-9.453804,26.413354,3.380451,-1.890761,-0.057296,39.0160126,-104.8928504,2175.59,15.417,8.76,4.67,0.15,26.39,-303.718,55.662,39.0159944,-104.8928639,2179.87,10.01,,32,,,,9.927,,-0.15,,-1.676937,1.098345,-9.767423,0.058,-0.033,-0.001,288.0,-126.0,401.0,15.158,11.88,176.0,94.0,22.5,,,,,,,,,,,,,,,,,,,,,2026-04-01 14:45:22,True,35.045,10.973,385.369,180.077
2026-04-08T16:58:33.405Z,2026-04-08T16:58:33.405Z,81.468,1085,,,,,-7.448451,-9.396508,26.356059,5.500395,1.203211,-0.802141,39.0160182,-104.8928467,2175.59,15.417,8.74,4.65,0.15,26.34,-303.095,55.982,39.0159944,-104.8928639,2179.87,10.01,,32,,,,9.9,,-0.15,,-1.833844,0.961052,-9.767423,0.095,0.02,-0.015,287.0,-123.0,402.0,15.158,11.88,176.0,94.0,22.5,,,,,,,,,,,,,,,,,,,,,2026-04-01 14:45:22,True,35.038,10.975,385.618,180.077
2026-04-08T16:58:33.470Z,2026-04-08T16:58:33.470Z,81.533,1086,,,,,-7.505747,-9.339212,26.298763,-1.661578,-0.343775,-0.859437,39.0160239,-104.8928428,2175.59,15.414,8.75,4.66,0.16,26.27,-302.461,56.319,39.0159944,-104.8928639,2179.87,10.01,,32,,,,9.914,,-0.16,,-1.421964,1.314091,-9.51245,-0.029,-0.006,-0.015,287.0,-123.0,402.0,15.158,11.88,176.0,94.0,22.75,,,,,,,,,,,,,,,,,,,,,2026-04-01 14:45:22,True,35.053,10.973,385.285,180.077
2026-04-08T16:58:33.538Z,2026-04-08T16:58:33.538Z,81.601,1087,,,,,-7.391156,-9.625691,26.241467,2.521014,-6.760902,-0.458366,39.0160285,-104.8928397,2175.59,15.417,8.75,4.67,0.15,26.27,-301.95,56.587,39.0160103,-104.892853,2179.85,10.05,,32,,,,9.918,,-0.15,,-2.029977,0.794339,-9.326124,0.043,-0.118,-0.008,288.0,-122.0,402.0,15.158,11.88,176.0,94.0,22.5,,,,,,,,,,,,,,,,,,,,,2026-04-01 14:45:22,True,35.023,10.98,385.285,180.077
2026-04-08T16:58:33.607Z,2026-04-08T16:58:33.607Z,81.67,1088,,,,,-7.391156,-9.797578,26.298763,-1.317803,0.572958,0.286479,39.0160341,-104.8928359,2175.59,15.419,8.75,4.66,0.16,26.29,-301.327,56.915,39.0160103,-104.892853,2179.85,10.05,,32,,,,9.914,,-0.16,,-1.882877,1.304284,-9.502644,-0.023,0.009,0.004,290.0,-121.0,401.0,15.158,11.88,176.0,94.0,22.5,,,,,,,,,,,,,,,,,,,,,2026-04-01 14:45:22,True,35.053,10.97,385.535,180.077
2026-04-08T16:58:33.676Z,2026-04-08T16:58:33.676Z,81.739,1089,,,,,-7.505747,-9.740283,26.298763,-0.802141,0.974028,-0.286479,39.0160398,-104.892832,2175.59,15.415,8.75,4.67,0.14,26.26,-300.693,57.252,39.0160103,-104.892853,2179.85,10.05,,32,,,,9.918,,-0.14,,-1.559257,1.176798,-9.698777,-0.014,0.016,-0.005,290.0,-121.0,401.0,15.158,11.88,176.0,94.0,22.5,,,,,,,,,,,,,,,,,,,,,2026-04-01 14:45:22,True,35.083,10.973,385.369,180.077
2026-04-08T16:58:33.752Z,2026-04-08T16:58:33.752Z,81.815,1090,,,,,-7.677634,-9.682987,26.241467,-1.546986,-0.114592,-0.458366,39.0160452,-104.8928284,2175.59,15.413,8.75,4.68,0.15,26.22,-300.093,57.563,39.0160263,-104.8928421,2179.85,10.06,,32,,,,9.923,,-0.15,,-1.78481,1.049312,-9.522257,-0.027,-0.003,-0.008,290.0,-121.0,401.0,15.189,10.92,178.0,94.0,22.75,,,,,,,,,,,,,,,,,,,,,2026-04-01 14:45:22,True,35.061,10.963,385.952,165.864
2026-04-08T16:58:33.819Z,2026-04-08T16:58:33.819Z,81.882,1091,,,,,-7.620339,-9.682987,26.184171,3.093972,0.057296,-0.286479,39.016051,-104.8928244,2175.58,15.406,8.76,4.68,0.16,26.21,-299.448,57.908,39.0160263,-104.8928421,2179.85,10.06,,32,,,,9.932,,-0.16,,-1.863264,0.970858,-9.463417,0.053,0.0,-0.005,289.0,-122.0,401.0,15.189,10.92,178.0,94.0,22.75,,,,,,,,,,,,,,,,,,,,,2026-04-01 14:45:22,True,35.076,10.97,385.868,165.864
2026-04-08T16:58:33.893Z,2026-04-08T16:58:33.893Z,81.956,1092,,,,,-7.563043,-9.511099,26.184171,-0.744845,3.208564,0.343775,39.0160564,-104.8928207,2175.57,15.397,8.76,4.69,0.17,26.19,-298.847,58.228,39.0160263,-104.8928421,2179.85,10.06,,32,,,,9.936,,-0.17,,-1.686744,0.931632,-9.963556,-0.013,0.055,0.004,289.0,-122.0,401.0,15.189,10.92,178.0,94.0,22.5,,,,,,,,,,,,,,,,,,,,,2026-04-01 14:45:22,True,35.038,10.968,385.285,165.864
2026-04-08T16:58:33.961Z,2026-04-08T16:58:33.961Z,82.024,1093,,,,,-7.677634,-9.339212,26.184171,-1.08862,2.406423,-0.057296,39.016063,-104.8928163,2175.56,15.387,8.76,4.67,0.15,26.15,-298.114,58.608,39.0160424,-104.8928313,2179.85,10.06,,32,,,,9.927,,-0.15,,-1.686744,1.000278,-9.86549,-0.019,0.04,-0.001,289.0,-122.0,401.0,15.197,11.3,178.0,94.0,22.5,,,,,,,,,,,,,,,,,,,,,2026-04-01 14:45:22,True,35.061,10.977,385.785,171.726
2026-04-08T16:58:34.034Z,2026-04-08T16:58:34.034Z,82.097,1094,,,,,-7.677634,-9.110029,26.126875,-1.08862,4.927437,-0.458366,39.016067,-104.8928136,2175.56,15.38,8.78,4.67,0.13,26.1,-297.669,58.841,39.0160424,-104.8928313,2179.85,10.06,,32,,,,9.945,,-0.13,,-1.706357,1.088538,-9.796843,-0.019,0.085,-0.008,286.0,-122.0,403.0,15.197,11.3,178.0,94.0,22.75,,,,,,,,,,,,,,,,,,,,,2026-04-01 14:45:22,True,35.045,10.97,385.618,171.726
2026-04-08T16:58:34.108Z,2026-04-08T16:58:34.108Z,82.171,1095,,,,,-7.563043,-8.82355,26.012284,0.171887,1.661578,-0.687549,39.016074,-104.8928088,2175.54,15.364,8.78,4.65,0.12,25.99,-296.89,59.256,39.0160424,-104.8928313,2179.85,10.06,,32,,,,9.935,,-0.12,,-1.824037,0.980665,-9.83607,0.002,0.028,-0.012,284.0,-122.0,405.0,15.197,11.3,178.0,94.0,22.5,,,,,,,,,,,,,,,,,,,,,2026-04-01 14:45:22,True,35.03,10.968,385.452,171.726
2026-04-08T16:58:34.175Z,2026-04-08T16:58:34.175Z,82.238,1096,,,,,-7.563043,-8.82355,26.012284,-0.859437,-0.40107,1.031324,39.0160798,-104.892805,2175.53,15.355,8.78,4.63,0.11,26.03,-296.246,59.584,39.0160584,-104.8928205,2179.84,10.04,,32,,,,9.926,,-0.11,,-1.824037,0.970858,-9.57129,-0.014,-0.007,0.017,284.0,-122.0,405.0,15.224,10.65,179.0,94.0,22.5,,,,,,,,,,,,,,,,,,,,,2026-04-01 14:45:22,True,35.03,10.98,385.952,162.136
2026-04-08T16:58:34.256Z,2026-04-08T16:58:34.256Z,82.319,1097,,,,,-7.563043,-8.82355,26.06958,-0.171887,-1.08862,1.948057,39.016083,-104.8928028,2175.52,15.349,8.79,4.63,0.11,26.12,-295.89,59.774,39.0160584,-104.8928205,2179.84,10.04,,32,,,,9.935,,-0.11,,-1.882877,0.902212,-9.65955,-0.003,-0.019,0.032,283.0,-121.0,406.0,15.224,10.65,179.0,94.0,22.5,,,,,,,,,,,,,,,,,,,,,2026-04-01 14:45:23,True,34.992,10.958,385.535,162.136
2026-04-08T16:58:34.327Z,2026-04-08T16:58:34.327Z,82.39,1098,,,,,-7.448451,-8.766254,26.298763,2.57831,-0.859437,1.48969,39.0160917,-104.892797,2175.51,15.336,8.77,4.64,0.09,26.28,-294.922,60.276,39.0160743,-104.8928097,2179.84,10.02,,32,,,,9.922,,-0.09,,-1.87307,0.843372,-10.051816,0.044,-0.015,0.025,284.0,-122.0,406.0,15.224,10.65,179.0,94.0,22.75,,,,,,,,,,,,,,,,,,,,,2026-04-01 14:45:23,True,35.038,10.975,385.535,162.136
2026-04-08T16:58:34.393Z,2026-04-08T16:58:34.393Z,82.456,1099,,,,,-7.448451,-8.766254,26.413354,-1.08862,0.916732,1.833465,39.0160975,-104.8927931,2175.51,15.332,8.76,4.63,0.07,26.43,-294.277,60.612,39.0160743,-104.8928097,2179.84,10.02,,32,,,,9.908,,-0.07,,-1.72597,1.186605,-9.757617,-0.018,0.015,0.031,281.0,-123.0,407.0,15.243,10.44,180.0,94.0,22.5,,,,,,,,,,,,,,,,,,,,,2026-04-01 14:45:23,True,35.053,10.97,385.369,159.137
2026-04-08T16:58:34.471Z,2026-04-08T16:58:34.471Z,82.534,1100,,,,,-7.505747,-8.708958,26.413354,0.286479,0.630254,1.661578,39.0160989,-104.8927922,2175.51,15.332,8.77,4.61,0.06,26.46,-294.122,60.69,39.0160743,-104.8928097,2179.84,10.02,,32,,,,9.908,,-0.06,,-1.84365,0.794339,-9.71839,0.004,0.01,0.027,281.0,-123.0,407.0,15.243,10.44,180.0,94.0,22.5,,,,,,,,,,,,,,,,,,,,,2026-04-01 14:45:23,True,35.038,10.97,385.702,159.137
2026-04-08T16:58:34.543Z,2026-04-08T16:58:34.543Z,82.606,1101,,,,,-7.448451,-8.708958,26.527946,2.291831,-1.145916,0.114592,39.0161082,-104.8927859,2175.5,15.329,8.75,4.6,0.06,26.53,-293.088,61.235,39.0160903,-104.8927989,2179.84,10.04,,32,,,,9.885,,-0.06,,-1.90249,1.049312,-9.51245,0.039,-0.021,0.001,281.0,-123.0,406.0,15.243,10.44,180.0,94.0,22.75,,,,,,,,,,,,,,,,,,,,,2026-04-01 14:45:23,True,35.045,10.975,385.535,159.137
2026-04-08T16:58:34.615Z,2026-04-08T16:58:34.615Z,82.678,1102,,,,,-7.161972,-8.766254,26.585242,4.010705,-0.343775,0.744845,39.0161148,-104.8927815,2175.5,15.327,8.76,4.59,0.05,26.58,-292.354,61.615,39.0160903,-104.8927989,2179.84,10.04,,32,,,,9.89,,-0.05,,-2.02017,0.725692,-9.60071,0.069,-0.006,0.012,281.0,-122.0,407.0,15.243,10.44,180.0,94.0,22.5,,,,,,,,,,,,,,,,,,,,,2026-04-01 14:45:23,True,35.038,10.965,385.535,159.137
2026-04-08T16:58:34.686Z,2026-04-08T16:58:34.686Z,82.749,1103,,,,,-7.104677,-8.82355,26.642537,-0.171887,-1.317803,0.859437,39.0161202,-104.8927779,2175.5,15.323,8.74,4.58,0.05,26.63,-291.753,61.926,39.0160903,-104.8927989,2179.84,10.04,,32,,,,9.867,,-0.05,,-1.735777,0.980665,-9.54187,-0.003,-0.023,0.014,281.0,-122.0,407.0,15.243,10.44,180.0,94.0,22.5,,,,,,,,,,,,,,,,,,,,,2026-04-01 14:45:23,True,35.038,10.97,385.452,159.137
2026-04-08T16:58:34.756Z,2026-04-08T16:58:34.756Z,82.819,1104,,,,,-7.219268,-8.995437,26.699833,-0.515662,-3.896113,1.317803,39.0161259,-104.8927742,2175.5,15.32,8.74,4.59,0.07,26.75,-291.119,62.245,39.0161063,-104.8927881,2179.86,10.03,,32,,,,9.872,,-0.07,,-1.78481,0.872792,-9.384964,-0.009,-0.068,0.022,282.0,-120.0,407.0,15.226,10.01,181.0,94.0,22.5,,,,,,,,,,,,,,,,,,,,,2026-04-01 14:45:23,True,35.045,10.98,385.285,152.412
2026-04-08T16:58:34.836Z,2026-04-08T16:58:34.836Z,82.899,1105,,,,,-7.161972,-9.281916,26.814425,0.171887,-3.66693,1.145916,39.0161308,-104.8927709,2175.49,15.315,8.75,4.58,0.09,26.83,-290.575,62.53,39.0161063,-104.8927881,2179.86,10.03,,32,,,,9.876,,-0.09,,-1.490611,1.451384,-9.483031,0.003,-0.064,0.019,283.0,-122.0,406.0,15.226,10.01,181.0,94.0,22.75,,,,,,,,,,,,,,,,,,,,,2026-04-01 14:45:23,True,35.045,10.965,385.785,152.412
2026-04-08T16:58:34.908Z,2026-04-08T16:58:34.908Z,82.971,1106,,,,,-7.219268,-9.224621,26.986312,0.974028,0.630254,1.432394,39.0161378,-104.8927662,2175.48,15.306,8.74,4.58,0.09,26.98,-289.796,62.936,39.0161223,-104.8927774,2179.86,10.01,,32,,,,9.867,,-0.09,,-1.971137,0.666852,-9.60071,0.017,0.01,0.024,287.0,-123.0,403.0,15.226,10.01,181.0,94.0,22.5,,,,,,,,,,,,,,,,,,,,,2026-04-01 14:45:23,True,35.053,10.965,385.452,152.412
2026-04-08T16:58:34.976Z,2026-04-08T16:58:34.976Z,83.039,1107,,,,,-7.161972,-9.224621,26.986312,0.171887,0.572958,-0.0,39.0161436,-104.8927624,2175.48,15.3,8.75,4.59,0.08,26.99,-289.151,63.265,39.0161223,-104.8927774,2179.86,10.01,,32,,,,9.881,,-0.08,,-1.647517,0.725692,-9.757617,0.003,0.009,0.0,287.0,-123.0,403.0,15.188,11.21,181.0,94.0,22.75,,,,,,,,,,,,,,,,,,,,,2026-04-01 14:45:23,True,35.053,10.973,385.452,170.257
2026-04-08T16:58:35.056Z,2026-04-08T16:58:35.056Z,83.119,1108,,,,,-7.104677,-9.167325,26.986312,0.859437,2.291831,-0.171887,39.0161468,-104.8927602,2175.47,15.298,8.75,4.59,0.07,26.95,-288.795,63.455,39.0161223,-104.8927774,2179.86,10.01,,32,,,,9.881,,-0.07,,-1.75539,1.382738,-9.68897,0.014,0.039,-0.003,284.0,-123.0,404.0,15.188,11.21,181.0,94.0,22.75,,,,,,,,,,,,,,,,,,,,,2026-04-01 14:45:23,True,35.061,10.975,385.952,170.257
2026-04-08T16:58:35.129Z,2026-04-08T16:58:35.129Z,83.192,1109,,,,,-6.818198,-8.708958,26.757129,3.036676,4.182592,-2.062648,39.0161556,-104.8927543,2175.47,15.291,8.74,4.6,0.05,26.7,-287.817,63.964,39.0161383,-104.8927668,2179.86,10.0,,32,,,,9.877,,-0.05,,-1.637711,0.843372,-10.01259,0.052,0.072,-0.036,283.0,-121.0,406.0,15.188,11.21,181.0,94.0,22.75,,,,,,,,,,,,,,,,,,,,,2026-04-01 14:45:23,True,35.03,10.973,385.452,170.257
2026-04-08T16:58:35.195Z,2026-04-08T16:58:35.195Z,83.258,1110,,,,,-6.703606,-8.537071,26.642537,-0.458366,1.661578,-0.572958,39.0161609,-104.8927508,2175.46,15.289,8.75,4.6,0.04,26.63,-287.228,64.267,39.0161383,-104.8927668,2179.86,10.0,,32,,,,9.885,,-0.04,,-1.84365,0.980665,-9.738003,-0.007,0.028,-0.01,280.0,-118.0,409.0,15.249,10.41,182.0,94.0,22.5,,,,,,,,,,,,,,,,,,,,,2026-04-01 14:45:23,True,35.038,10.977,385.618,158.742
2026-04-08T16:58:35.277Z,2026-04-08T16:58:35.277Z,83.34,1111,,,,,-6.64631,-8.594367,26.642537,-0.171887,0.171887,-0.572958,39.0161627,-104.8927496,2175.46,15.288,8.74,4.6,0.03,26.61,-287.027,64.371,39.0161383,-104.8927668,2179.86,10.0,,32,,,,9.877,,-0.03,,-1.66713,0.921825,-9.74781,-0.003,0.001,-0.01,280.0,-118.0,409.0,15.249,10.41,182.0,94.0,22.75,,,,,,,,,,,,,,,,,,,,,2026-04-01 14:45:24,True,35.038,10.963,385.868,158.742
2026-04-08T16:58:35.353Z,2026-04-08T16:58:35.353Z,83.416,1112,,,,,-6.760902,-8.766254,26.699833,0.458366,-2.521014,1.145916,39.0161728,-104.8927428,2175.46,15.285,8.72,4.6,0.03,26.7,-285.904,64.958,39.0161542,-104.8927561,2179.87,9.99,,32,,,,9.859,,-0.03,,-1.882877,1.039505,-9.796843,0.008,-0.044,0.019,281.0,-118.0,408.0,15.224,10.81,183.0,94.0,22.75,,,,,,,,,,,,,,,,,,,,,2026-04-01 14:45:24,True,35.045,10.965,385.618,164.571
2026-04-08T16:58:35.426Z,2026-04-08T16:58:35.426Z,83.489,1113,,,,,-6.703606,-8.708958,26.757129,-0.630254,1.661578,0.630254,39.0161785,-104.892739,2175.46,15.286,8.71,4.6,0.02,26.73,-285.271,65.286,39.0161542,-104.8927561,2179.87,9.99,,32,,,,9.85,,-0.02,,-1.618097,1.147378,-9.943943,-0.011,0.028,0.01,281.0,-118.0,408.0,15.224,10.81,183.0,94.0,22.5,,,,,,,,,,,,,,,,,,,,,2026-04-01 14:45:24,True,35.038,10.965,385.202,164.571
2026-04-08T16:58:35.498Z,2026-04-08T16:58:35.498Z,83.561,1114,,,,,-6.990085,-8.708958,26.814425,-3.552338,-1.604282,0.916732,39.0161846,-104.8927348,2175.46,15.285,8.7,4.58,0.02,26.81,-284.592,65.649,39.0161701,-104.8927454,2179.87,9.95,,32,,,,9.832,,-0.02,,-1.529837,0.980665,-9.669357,-0.061,-0.028,0.015,280.0,-120.0,408.0,15.224,10.81,183.0,94.0,22.5,,,,,,,,,,,,,,,,,,,,,2026-04-01 14:45:24,True,35.061,10.973,385.452,164.571
2026-04-08T16:58:35.566Z,2026-04-08T16:58:35.566Z,83.629,1115,,,,,-7.219268,-8.938142,26.929016,-1.317803,-3.724226,1.604282,39.0161903,-104.892731,2175.46,15.286,8.71,4.59,0.03,26.95,-283.958,65.977,39.0161701,-104.8927454,2179.87,9.95,,32,,,,9.845,,-0.03,,-1.833844,1.019892,-9.335931,-0.023,-0.065,0.027,280.0,-120.0,408.0,15.252,9.68,183.0,94.0,22.5,,,,,,,,,,,,,,,,,,,,,2026-04-01 14:45:24,True,35.068,10.98,386.285,147.639
2026-04-08T16:58:35.640Z,2026-04-08T16:58:35.640Z,83.703,1116,,,,,-7.219268,-8.995437,27.043608,-1.203211,0.286479,2.005352,39.0161943,-104.8927283,2175.46,15.285,8.69,4.6,0.03,27.06,-283.514,66.211,39.0161701,-104.8927454,2179.87,9.95,,32,,,,9.832,,-0.03,,-1.676937,1.323898,-9.561484,-0.021,0.004,0.034,282.0,-122.0,407.0,15.252,9.68,183.0,94.0,22.75,,,,,,,,,,,,,,,,,,,,,2026-04-01 14:45:24,True,35.015,10.97,385.452,147.639
2026-04-08T16:58:35.715Z,2026-04-08T16:58:35.715Z,83.778,1117,,,,,-7.219268,-9.110029,27.158199,0.744845,-2.864789,0.974028,39.0162012,-104.8927236,2175.46,15.281,8.71,4.61,0.02,27.19,-282.746,66.617,39.016186,-104.8927346,2179.88,9.97,,32,,,,9.855,,-0.02,,-1.441578,1.225831,-9.60071,0.012,-0.05,0.016,283.0,-123.0,405.0,15.252,9.68,183.0,94.0,22.75,,,,,,,,,,,,,,,,,,,,,2026-04-01 14:45:24,True,35.038,10.977,386.035,147.639
2026-04-08T16:58:35.780Z,2026-04-08T16:58:35.780Z,83.843,1118,,,,,-7.047381,-9.281916,27.330087,2.005352,-1.260507,2.521014,39.0162076,-104.8927193,2175.45,15.279,8.72,4.6,0.03,27.35,-282.035,66.988,39.016186,-104.8927346,2179.88,9.97,,32,,,,9.859,,-0.03,,-1.500417,0.696272,-9.60071,0.034,-0.022,0.043,283.0,-123.0,405.0,15.238,10.28,184.0,94.0,22.5,,,,,,,,,,,,,,,,,,,,,2026-04-01 14:45:24,True,35.045,10.982,385.452,156.647
2026-04-08T16:58:35.860Z,2026-04-08T16:58:35.860Z,83.923,1119,,,,,-7.104677,-9.281916,27.387383,-3.093972,-1.260507,2.922085,39.0162102,-104.8927175,2175.45,15.278,8.73,4.61,0.04,27.46,-281.746,67.144,39.016186,-104.8927346,2179.88,9.97,,32,,,,9.872,,-0.04,,-1.637711,1.039505,-9.375157,-0.054,-0.022,0.05,283.0,-123.0,405.0,15.238,10.28,184.0,94.0,22.5,,,,,,,,,,,,,,,,,,,,,2026-04-01 14:45:24,True,35.03,10.961,385.535,156.647
2026-04-08T16:58:35.939Z,2026-04-08T16:58:35.939Z,84.002,1120,,,,,-7.677634,-9.110029,27.731157,0.40107,2.692902,1.833465,39.0162189,-104.8927117,2175.45,15.272,8.72,4.62,0.07,27.72,-280.778,67.645,39.0162018,-104.8927239,2179.88,10.0,,32,,,,9.868,,-0.07,,-1.775004,1.186605,-9.639937,0.006,0.046,0.031,285.0,-126.0,402.0,15.238,10.28,184.0,94.0,22.75,,,,,,,,,,,,,,,,,,,,,2026-04-01 14:45:24,True,35.045,10.965,385.452,156.647
2026-04-08T16:58:36.012Z,2026-04-08T16:58:36.012Z,84.075,1121,,,,,-7.505747,-8.938142,27.731157,0.916732,2.062648,-0.0,39.0162251,-104.8927075,2175.45,15.27,8.74,4.62,0.07,27.71,-280.089,68.008,39.0162018,-104.8927239,2179.88,10.0,,32,,,,9.886,,-0.07,,-2.059396,0.804145,-9.394771,0.015,0.035,-0.001,282.0,-128.0,404.0,15.238,10.28,184.0,94.0,22.75,,,,,,,,,,,,,,,,,,,,,2026-04-01 14:45:24,True,35.068,10.968,385.868,156.647
2026-04-08T16:58:36.085Z,2026-04-08T16:58:36.085Z,84.148,1122,,,,,-7.620339,-8.880846,27.731157,0.744845,0.687549,0.630254,39.0162309,-104.8927036,2175.44,15.266,8.73,4.6,0.08,27.76,-279.444,68.345,39.0162018,-104.8927239,2179.88,10.0,,32,,,,9.868,,-0.08,,-1.78481,0.990472,-9.483031,0.012,0.011,0.01,282.0,-128.0,404.0,15.238,10.28,184.0,94.0,22.5,,,,,,,,,,,,,,,,,,,,,2026-04-01 14:45:24,True,35.045,10.975,385.452,156.647
2026-04-08T16:58:36.156Z,2026-04-08T16:58:36.156Z,84.219,1123,,,,,-7.276564,-8.82355,27.788453,6.703606,2.463719,0.802141,39.016237,-104.8926994,2175.44,15.265,8.73,4.62,0.06,27.8,-278.766,68.707,39.0162178,-104.8927131,2179.89,10.0,,32,,,,9.877,,-0.06,,-1.980943,1.117958,-9.71839,0.116,0.042,0.013,283.0,-129.0,404.0,15.125,12.55,185.0,94.0,22.5,,,,,,,,,,,,,,,,,,,,,2026-04-01 14:45:24,True,35.053,10.977,385.785,189.819
2026-04-08T16:58:36.229Z,2026-04-08T16:58:36.229Z,84.292,1124,,,,,-6.932789,-8.594367,27.788453,4.640958,3.724226,-0.974028,39.016242,-104.8926961,2175.44,15.265,8.72,4.61,0.04,27.72,-278.21,68.992,39.0162178,-104.8927131,2179.89,10.0,,32,,,,9.864,,-0.04,,-1.833844,1.117958,-10.159689,0.08,0.063,-0.018,281.0,-127.0,406.0,15.125,12.55,185.0,94.0,22.75,,,,,,,,,,,,,,,,,,,,,2026-04-01 14:45:24,True,35.038,10.984,385.202,189.819
2026-04-08T16:58:36.303Z,2026-04-08T16:58:36.303Z,84.366,1125,,,,,-6.875494,-8.307888,27.501974,-2.463719,3.323155,-3.036676,39.0162481,-104.8926919,2175.44,15.267,8.72,4.6,0.0,27.48,-277.531,69.355,39.0162337,-104.8927024,2179.9,10.0,,32,,,,9.859,,-0.0,,-1.87307,1.196411,-9.92433,-0.043,0.057,-0.053,279.0,-124.0,408.0,15.125,12.55,185.0,94.0,22.75,,,,,,,,,,,,,,,,,,,,,2026-04-01 14:45:25,True,35.061,10.982,385.702,189.819
2026-04-08T16:58:36.371Z,2026-04-08T16:58:36.371Z,84.434,1126,,,,,-6.932789,-8.250592,27.272791,-0.515662,-0.114592,-2.750197,39.0162547,-104.8926875,2175.45,15.273,8.7,4.61,0.0,27.24,-276.798,69.735,39.0162337,-104.8927024,2179.9,10.0,,32,,,,9.846,,-0.0,,-1.892683,0.892405,-9.708584,-0.008,-0.002,-0.048,279.0,-124.0,408.0,15.267,9.75,186.0,94.0,22.5,,,,,,,,,,,,,,,,,,,,,2026-04-01 14:45:25,True,35.053,10.98,385.535,148.853
2026-04-08T16:58:36.494Z,2026-04-08T16:58:36.494Z,84.557,1127,,,,,-6.818198,-8.307888,27.158199,2.406423,0.057296,-3.036676,39.0162578,-104.8926854,2175.45,15.276,8.69,4.61,0.0,27.12,-276.453,69.917,39.0162337,-104.8927024,2179.9,10.0,,32,,,,9.837,,-0.0,,-1.559257,1.176798,-9.63013,0.041,0.0,-0.053,275.0,-122.0,410.0,15.267,9.75,186.0,94.0,22.5,,,,,,,,,,,,,,,,,,,,,2026-04-01 14:45:25,True,35.0,10.965,385.618,148.853
2026-04-08T16:58:36.564Z,2026-04-08T16:58:36.564Z,84.627,1128,,,,,-7.104677,-8.537071,26.871721,-3.66693,-3.552338,-1.48969,39.0162697,-104.8926773,2175.46,15.289,8.66,4.59,0.0,26.85,-275.13,70.617,39.0162496,-104.8926917,2179.91,9.93,,32,,,,9.801,,-0.0,,-1.87307,1.137571,-9.355544,-0.063,-0.062,-0.026,277.0,-121.0,410.0,15.259,9.77,186.0,94.0,22.5,,,,,,,,,,,,,,,,,,,,,2026-04-01 14:45:25,True,35.045,10.98,385.702,149.08
2026-04-08T16:58:36.639Z,2026-04-08T16:58:36.639Z,84.702,1129,,,,,-7.219268,-8.766254,26.814425,-2.922085,-3.896113,-1.661578,39.0162737,-104.8926747,2175.47,15.294,8.65,4.58,0.01,26.79,-274.685,70.841,39.0162496,-104.8926917,2179.91,9.93,,32,,,,9.788,,-0.01,,-1.824037,1.078732,-9.247671,-0.051,-0.068,-0.029,277.0,-122.0,408.0,15.259,9.77,186.0,94.0,22.5,,,,,,,,,,,,,,,,,,,,,2026-04-01 14:45:25,True,35.068,10.977,386.035,149.08
2026-04-08T16:58:36.711Z,2026-04-08T16:58:36.711Z,84.774,1130,,,,,-7.448451,-9.224621,26.814425,-1.260507,-6.474423,-0.286479,39.0162806,-104.89267,2175.47,15.299,8.66,4.55,0.06,26.8,-273.918,71.247,39.0162654,-104.8926811,2179.94,9.9,,32,,,,9.783,,-0.06,,-1.951523,1.255251,-8.835792,-0.022,-0.113,-0.005,283.0,-123.0,405.0,15.259,9.77,186.0,94.0,22.5,,,,,,,,,,,,,,,,,,,,,2026-04-01 14:45:25,True,35.038,10.975,385.785,149.08
2026-04-08T16:58:36.778Z,2026-04-08T16:58:36.778Z,84.841,1131,,,,,-7.563043,-9.568395,26.871721,-0.802141,-4.125296,0.630254,39.0162863,-104.8926662,2175.48,15.301,8.65,4.56,0.08,26.88,-273.284,71.576,39.0162654,-104.8926811,2179.94,9.9,,32,,,,9.778,,-0.08,,-1.627904,1.245445,-9.179024,-0.014,-0.072,0.01,283.0,-123.0,405.0,15.123,12.21,187.0,94.0,22.75,,,,,,,,,,,,,,,,,,,,,2026-04-01 14:45:25,True,35.061,10.98,385.702,184.652
2026-04-08T16:58:36.857Z,2026-04-08T16:58:36.857Z,84.92,1132,,,,,-7.563043,-9.740283,26.929016,2.463719,-7.276564,1.718873,39.0162895,-104.892664,2175.48,15.302,8.65,4.57,0.09,26.97,-272.928,71.766,39.0162654,-104.8926811,2179.94,9.9,,32,,,,9.783,,-0.09,,-2.029977,1.088538,-9.247671,0.042,-0.127,0.029,287.0,-126.0,402.0,15.123,12.21,187.0,94.0,22.75,,,,,,,,,,,,,,,,,,,,,2026-04-01 14:45:25,True,35.03,10.97,385.618,184.652
2026-04-08T16:58:36.928Z,2026-04-08T16:58:36.928Z,84.991,1133,,,,,-7.620339,-10.198649,27.330087,-2.17724,-1.317803,4.010705,39.0162981,-104.8926582,2175.48,15.304,8.65,4.57,0.1,27.38,-271.972,72.267,39.0162811,-104.8926703,2179.95,9.87,,32,,,,9.783,,-0.1,,-1.75539,1.274864,-9.483031,-0.038,-0.023,0.069,292.0,-126.0,399.0,15.123,12.21,187.0,94.0,22.75,,,,,,,,,,,,,,,,,,,,,2026-04-01 14:45:25,True,35.053,10.97,385.785,184.652
2026-04-08T16:58:36.994Z,2026-04-08T16:58:36.994Z,85.057,1134,,,,,-7.448451,-10.31324,27.616566,6.474423,-3.380451,3.781521,39.0163034,-104.8926546,2175.49,15.31,8.65,4.57,0.09,27.66,-271.382,72.578,39.0162811,-104.8926703,2179.95,9.87,,32,,,,9.783,,-0.09,,-1.706357,1.127765,-9.757617,0.113,-0.059,0.065,291.0,-127.0,398.0,15.082,12.79,187.0,94.0,22.5,,,,,,,,,,,,,,,,,,,,,2026-04-01 14:45:25,True,35.045,10.984,385.702,192.899
2026-04-08T16:58:37.092Z,2026-04-08T16:58:37.092Z,85.155,1135,,,,,-7.33386,-10.370536,27.731157,5.557691,-3.151268,3.437747,39.0163051,-104.8926534,2175.49,15.312,8.65,4.59,0.11,27.74,-271.193,72.681,39.0162811,-104.8926703,2179.95,9.87,,32,,,,9.792,,-0.11,,-1.66713,1.098345,-9.86549,0.096,-0.055,0.059,291.0,-127.0,398.0,15.082,12.79,187.0,94.0,22.5,,,,,,,,,,,,,,,,,,,,,2026-04-01 14:45:25,True,35.008,10.968,385.618,192.899
2026-04-08T16:58:37.163Z,2026-04-08T16:58:37.163Z,85.226,1136,,,,,-7.448451,-10.485128,28.246819,0.171887,0.458366,3.724226,39.0163169,-104.8926454,2175.49,15.313,8.68,4.6,0.1,28.31,-269.881,73.373,39.0162968,-104.8926596,2179.94,9.91,,32,,,,9.824,,-0.1,,-1.765197,0.951245,-9.433997,0.002,0.007,0.064,293.0,-127.0,396.0,15.087,12.3,188.0,94.0,22.75,,,,,,,,,,,,,,,,,,,,,2026-04-01 14:45:25,True,35.061,10.977,385.868,185.57
2026-04-08T16:58:37.233Z,2026-04-08T16:58:37.233Z,85.296,1137,,,,,-7.448451,-10.485128,28.476002,0.171887,0.40107,3.781521,39.0163208,-104.8926428,2175.49,15.312,8.71,4.62,0.1,28.49,-269.448,73.597,39.0162968,-104.8926596,2179.94,9.91,,32,,,,9.859,,-0.1,,-1.686744,0.951245,-9.561484,0.002,0.006,0.065,293.0,-128.0,396.0,15.087,12.3,188.0,94.0,22.75,,,,,,,,,,,,,,,,,,,,,2026-04-01 14:45:25,True,35.061,10.98,385.785,185.57
2026-04-08T16:58:37.302Z,2026-04-08T16:58:37.302Z,85.365,1138,,,,,-7.276564,-10.31324,28.64789,1.145916,1.948057,1.661578,39.0163277,-104.8926381,2175.48,15.308,8.71,4.61,0.09,28.68,-268.68,74.003,39.0163125,-104.8926489,2179.94,9.93,,32,,,,9.855,,-0.09,,-1.637711,1.098345,-9.845877,0.019,0.033,0.028,292.0,-130.0,397.0,15.087,12.3,188.0,94.0,22.75,,,,,,,,,,,,,,,,,,,,,2026-04-01 14:45:26,True,35.061,10.977,385.618,185.57
2026-04-08T16:58:37.368Z,2026-04-08T16:58:37.368Z,85.431,1139,,,,,-7.448451,-10.084057,28.705186,-0.40107,2.635606,0.515662,39.0163334,-104.8926342,2175.48,15.306,8.72,4.64,0.09,28.71,-268.046,74.34,39.0163125,-104.8926489,2179.94,9.93,,32,,,,9.878,,-0.09,,-1.618097,1.010085,-9.63013,-0.007,0.045,0.008,292.0,-130.0,397.0,15.11,11.96,189.0,94.0,22.75,,,,,,,,,,,,,,,,,,,,,2026-04-01 14:45:26,True,35.083,10.975,385.618,180.716
2026-04-08T16:58:37.441Z,2026-04-08T16:58:37.441Z,85.504,1140,,,,,-7.391156,-9.969466,28.705186,0.916732,1.833465,-0.171887,39.0163366,-104.892632,2175.48,15.305,8.73,4.63,0.08,28.68,-267.691,74.53,39.0163125,-104.8926489,2179.94,9.93,,32,,,,9.882,,-0.08,,-1.578871,1.019892,-9.71839,0.015,0.031,-0.003,290.0,-131.0,399.0,15.11,11.96,189.0,94.0,22.75,,,,,,,,,,,,,,,,,,,,,2026-04-01 14:45:26,True,35.038,10.968,385.702,180.716
2026-04-08T16:58:37.509Z,2026-04-08T16:58:37.509Z,85.572,1141,,,,,-7.505747,-9.682987,28.590594,-1.776169,3.151268,-0.343775,39.0163446,-104.8926266,2175.48,15.304,8.75,4.65,0.08,28.57,-266.801,74.997,39.0163284,-104.8926382,2179.93,9.96,,32,,,,9.909,,-0.08,,-1.706357,1.068925,-9.532064,-0.031,0.054,-0.007,289.0,-131.0,400.0,15.11,11.96,189.0,94.0,22.5,,,,,,,,,,,,,,,,,,,,,2026-04-01 14:45:26,True,35.068,10.97,385.369,180.716
2026-04-08T16:58:37.580Z,2026-04-08T16:58:37.580Z,85.643,1142,,,,,-7.505747,-9.568395,28.590594,0.916732,1.604282,0.40107,39.0163494,-104.8926233,2175.48,15.301,8.78,4.65,0.08,28.57,-266.267,75.282,39.0163284,-104.8926382,2179.93,9.96,,32,,,,9.935,,-0.08,,-1.72597,1.117958,-9.492837,0.015,0.027,0.006,289.0,-131.0,400.0,15.08,12.65,189.0,94.0,22.5,,,,,,,,,,,,,,,,,,,,,2026-04-01 14:45:26,True,35.038,10.965,385.535,190.762
2026-04-08T16:58:37.654Z,2026-04-08T16:58:37.654Z,85.717,1143,,,,,-7.391156,-9.511099,28.590594,2.119944,1.317803,0.229183,39.0163525,-104.8926212,2175.48,15.3,8.78,4.65,0.08,28.56,-265.923,75.463,39.0163284,-104.8926382,2179.93,9.96,,32,,,,9.935,,-0.08,,-1.853457,0.980665,-9.57129,0.037,0.022,0.003,286.0,-132.0,401.0,15.08,12.65,189.0,94.0,22.75,,,,,,,,,,,,,,,,,,,,,2026-04-01 14:45:26,True,35.045,10.97,385.785,190.762
2026-04-08T16:58:37.721Z,2026-04-08T16:58:37.721Z,85.784,1144,,,,,-7.33386,-9.052733,28.476002,-0.343775,4.812845,-0.744845,39.0163613,-104.8926152,2175.48,15.301,8.77,4.66,0.07,28.44,-264.944,75.982,39.0163443,-104.8926275,2179.92,10.0,,32,,,,9.931,,-0.07,,-1.529837,1.392544,-9.885103,-0.005,0.083,-0.013,284.0,-130.0,402.0,15.08,12.65,189.0,94.0,22.75,,,,,,,,,,,,,,,,,,,,,2026-04-01 14:45:26,True,35.038,10.984,385.702,190.762
2026-04-08T16:58:37.786Z,2026-04-08T16:58:37.786Z,85.849,1145,,,,,-7.391156,-8.880846,28.361411,-0.744845,2.005352,-1.718873,39.016366,-104.8926121,2175.48,15.302,8.76,4.67,0.06,28.34,-264.422,76.249,39.0163443,-104.8926275,2179.92,10.0,,32,,,,9.927,,-0.06,,-1.451384,1.166991,-9.816457,-0.012,0.034,-0.03,284.0,-130.0,402.0,15.134,11.78,190.0,94.0,22.75,,,,,,,,,,,,,,,,,,,,,2026-04-01 14:45:26,True,35.068,10.977,385.868,178.279
2026-04-08T16:58:37.860Z,2026-04-08T16:58:37.860Z,85.923,1146,,,,,-7.391156,-8.708958,28.304115,-0.859437,7.276564,-1.833465,39.0163686,-104.8926103,2175.48,15.303,8.76,4.67,0.06,28.24,-264.132,76.405,39.0163443,-104.8926275,2179.92,10.0,,32,,,,9.927,,-0.06,,-1.735777,1.049312,-9.787037,-0.015,0.126,-0.032,280.0,-130.0,404.0,15.134,11.78,190.0,94.0,22.5,,,,,,,,,,,,,,,,,,,,,2026-04-01 14:45:26,True,35.03,10.965,385.868,178.279
2026-04-08T16:58:37.936Z,2026-04-08T16:58:37.936Z,85.999,1147,,,,,-7.391156,-8.193296,27.845749,-1.145916,-1.145916,-4.411775,39.0163773,-104.8926043,2175.48,15.303,8.76,4.67,0.02,27.8,-263.165,76.923,39.0163602,-104.8926167,2179.92,10.07,,32,,,,9.927,,-0.02,,-1.735777,0.745305,-9.679164,-0.02,-0.02,-0.077,276.0,-129.0,407.0,15.134,11.78,190.0,94.0,22.75,,,,,,,,,,,,,,,,,,,,,2026-04-01 14:45:26,True,35.038,10.97,385.369,178.279
2026-04-08T16:58:38.008Z,2026-04-08T16:58:38.008Z,86.071,1148,,,,,-7.448451,-7.906818,27.501974,0.687549,3.552338,-4.182592,39.0163835,-104.8926002,2175.48,15.308,8.77,4.66,0.01,27.45,-262.476,77.277,39.0163602,-104.8926167,2179.92,10.07,,32,,,,9.931,,-0.01,,-1.578871,0.823759,-9.86549,0.011,0.061,-0.073,274.0,-128.0,409.0,15.134,11.78,190.0,94.0,22.75,,,,,,,,,,,,,,,,,,,,,2026-04-01 14:45:26,True,35.03,10.973,385.702,178.279
2026-04-08T16:58:38.086Z,2026-04-08T16:58:38.086Z,86.149,1149,,,,,-7.33386,-8.193296,27.158199,0.343775,-4.239888,-5.042029,39.0163893,-104.8925963,2175.49,15.312,8.76,4.65,0.03,27.1,-261.831,77.614,39.0163602,-104.8926167,2179.92,10.07,,32,,,,9.918,,-0.03,,-1.951523,0.794339,-9.208444,0.005,-0.074,-0.088,274.0,-128.0,409.0,15.134,11.78,190.0,94.0,22.75,,,,,,,,,,,,,,,,,,,,,2026-04-01 14:45:26,True,35.015,10.968,385.285,178.279
2026-04-08T16:58:38.163Z,2026-04-08T16:58:38.163Z,86.226,1150,,,,,-7.276564,-8.42248,26.814425,1.031324,-2.979381,-3.724226,39.0163954,-104.8925921,2175.49,15.319,8.76,4.62,0.04,26.77,-261.152,77.977,39.0163762,-104.8926059,2179.92,10.01,,32,,,,9.904,,-0.04,,-1.657324,0.774725,-9.365351,0.017,-0.052,-0.065,276.0,-126.0,409.0,15.175,11.41,191.0,94.0,22.75,,,,,,,,,,,,,,,,,,,,,2026-04-01 14:45:26,True,35.023,10.963,385.702,173.147
2026-04-08T16:58:38.237Z,2026-04-08T16:58:38.237Z,86.3,1151,,,,,-7.161972,-8.766254,26.642537,1.776169,-5.672282,-4.182592,39.0164004,-104.8925888,2175.5,15.324,8.75,4.63,0.05,26.57,-260.596,78.262,39.0163762,-104.8926059,2179.92,10.01,,32,,,,9.899,,-0.05,,-1.461191,0.931632,-9.502644,0.03,-0.099,-0.073,278.0,-124.0,408.0,15.175,11.41,191.0,94.0,22.5,,,,,,,,,,,,,,,,,,,,,2026-04-01 14:45:26,True,35.03,10.963,385.285,173.147
2026-04-08T16:58:38.311Z,2026-04-08T16:58:38.311Z,86.374,1152,,,,,-7.104677,-9.281916,26.413354,-2.463719,-2.807493,-1.776169,39.0164073,-104.8925842,2175.51,15.332,8.77,4.62,0.06,26.38,-259.829,78.66,39.0163762,-104.8926059,2179.92,10.01,,32,,,,9.912,,-0.06,,-1.412158,1.333704,-9.424191,-0.043,-0.049,-0.031,284.0,-122.0,406.0,15.175,11.41,191.0,94.0,22.5,,,,,,,,,,,,,,,,,,,,,2026-04-01 14:45:27,True,35.03,10.97,385.535,173.147
2026-04-08T16:58:38.396Z,2026-04-08T16:58:38.396Z,86.459,1153,,,,,-7.161972,-9.511099,26.356059,1.48969,-3.151268,-0.572958,39.016413,-104.8925803,2175.51,15.339,8.76,4.63,0.07,26.35,-259.195,78.997,39.0163922,-104.8925952,2179.93,9.99,,32,,,,9.908,,-0.07,,-1.490611,1.098345,-9.738003,0.025,-0.055,-0.01,284.0,-122.0,406.0,15.139,12.03,192.0,94.0,22.75,,,,,,,,,,,,,,,,,,,,,2026-04-01 14:45:27,True,35.023,10.958,385.785,182.122
2026-04-08T16:58:38.479Z,2026-04-08T16:58:38.479Z,86.542,1154,,,,,-7.104677,-9.396508,26.298763,1.375099,3.724226,-1.48969,39.0164162,-104.8925782,2175.52,15.345,8.75,4.63,0.08,26.28,-258.84,79.178,39.0163922,-104.8925952,2179.93,9.99,,32,,,,9.899,,-0.08,,-1.912297,1.196411,-9.590904,0.023,0.064,-0.026,286.0,-122.0,405.0,15.139,12.03,192.0,94.0,22.75,,,,,,,,,,,,,,,,,,,,,2026-04-01 14:45:27,True,35.03,10.97,385.785,182.122
2026-04-08T16:58:38.552Z,2026-04-08T16:58:38.552Z,86.615,1155,,,,,-6.818198,-8.938142,26.126875,3.265859,-0.114592,-0.40107,39.0164263,-104.8925714,2175.54,15.362,8.76,4.65,0.04,26.15,-257.716,79.766,39.0164081,-104.8925845,2179.93,9.96,,32,,,,9.918,,-0.04,,-1.745584,0.951245,-9.83607,0.057,-0.002,-0.007,284.0,-119.0,406.0,15.257,10.25,193.0,94.0,22.5,,,,,,,,,,,,,,,,,,,,,2026-04-01 14:45:27,True,35.015,10.973,385.369,156.384
2026-04-08T16:58:38.627Z,2026-04-08T16:58:38.627Z,86.69,1156,,,,,-6.64631,-8.82355,26.184171,-0.916732,3.609634,0.974028,39.016432,-104.8925675,2175.55,15.371,8.75,4.67,0.03,26.18,-257.083,80.102,39.0164081,-104.8925845,2179.93,9.96,,32,,,,9.918,,-0.03,,-1.66713,1.265058,-9.98317,-0.016,0.062,0.016,281.0,-117.0,408.0,15.257,10.25,193.0,94.0,22.5,,,,,,,,,,,,,,,,,,,,,2026-04-01 14:45:27,True,35.023,10.968,385.618,156.384
2026-04-08T16:58:38.708Z,2026-04-08T16:58:38.708Z,86.771,1157,,,,,-7.219268,-8.250592,26.298763,-8.594367,7.448451,2.463719,39.0164381,-104.8925634,2175.55,15.379,8.75,4.65,0.0,26.28,-256.404,80.457,39.0164081,-104.8925845,2179.93,9.96,,32,,,,9.909,,-0.0,,-1.598484,1.470998,-9.816457,-0.15,0.129,0.042,278.0,-118.0,410.0,15.257,10.25,193.0,94.0,22.5,,,,,,,,,,,,,,,,,,,,,2026-04-01 14:45:27,True,35.045,10.968,385.702,156.384
2026-04-08T16:58:38.778Z,2026-04-08T16:58:38.778Z,86.841,1158,,,,,-7.391156,-8.42248,26.47065,0.802141,-11.00079,1.08862,39.0164446,-104.892559,2175.56,15.385,8.73,4.66,0.04,26.48,-255.682,80.837,39.0164239,-104.8925738,2179.91,9.98,,32,,,,9.896,,-0.04,,-1.117958,1.323898,-8.943665,0.013,-0.192,0.018,278.0,-118.0,410.0,15.355,8.14,193.0,94.0,22.75,,,,,,,,,,,,,,,,,,,,,2026-04-01 14:45:27,True,35.053,10.968,385.785,124.99
2026-04-08T16:58:38.858Z,2026-04-08T16:58:38.858Z,86.921,1159,,,,,-7.33386,-8.938142,26.527946,3.093972,-15.985522,1.203211,39.0164477,-104.8925568,2175.56,15.388,8.71,4.68,0.08,26.6,-255.337,81.027,39.0164239,-104.8925738,2179.91,9.98,,32,,,,9.888,,-0.08,,-1.87307,1.137571,-8.620045,0.053,-0.279,0.02,274.0,-122.0,410.0,15.355,8.14,193.0,94.0,22.75,,,,,,,,,,,,,,,,,,,,,2026-04-01 14:45:27,True,35.03,10.965,385.785,124.99
2026-04-08T16:58:38.927Z,2026-04-08T16:58:38.927Z,86.99,1160,,,,,-8.078705,-10.31324,27.043608,-14.553128,-10.370536,4.984733,39.0164564,-104.8925509,2175.56,15.385,8.71,4.67,0.16,27.12,-254.37,81.537,39.0164398,-104.8925629,2179.91,9.96,,32,,,,9.883,,-0.16,,-1.510224,1.108151,-8.904438,-0.253,-0.181,0.086,286.0,-124.0,403.0,15.355,8.14,193.0,94.0,22.75,,,,,,,,,,,,,,,,,,,,,2026-04-01 14:45:27,True,35.023,10.973,385.535,124.99
2026-04-08T16:58:38.992Z,2026-04-08T16:58:38.992Z,87.055,1161,,,,,-8.82355,-10.657015,27.444678,-1.833465,-2.291831,5.271212,39.0164617,-104.8925472,2175.55,15.373,8.71,4.71,0.19,27.5,-253.78,81.856,39.0164398,-104.8925629,2179.91,9.96,,32,,,,9.902,,-0.19,,-1.706357,1.353318,-9.394771,-0.032,-0.04,0.091,295.0,-133.0,394.0,14.995,12.74,194.0,94.0,22.5,,,,,,,,,,,,,,,,,,,,,2026-04-01 14:45:27,True,35.045,10.975,385.702,191.036
2026-04-08T16:58:39.066Z,2026-04-08T16:58:39.066Z,87.129,1162,,,,,-8.766254,-10.542423,27.55927,1.08862,2.234535,4.297183,39.0164635,-104.8925459,2175.54,15.369,8.71,4.7,0.2,27.59,-253.58,81.969,39.0164398,-104.8925629,2179.91,9.96,,32,,,,9.897,,-0.2,,-1.78481,1.363124,-9.453611,0.018,0.038,0.074,295.0,-133.0,394.0,14.995,12.74,194.0,94.0,22.5,,,,,,,,,,,,,,,,,,,,,2026-04-01 14:45:27,True,35.045,10.973,385.868,191.036
2026-04-08T16:58:39.135Z,2026-04-08T16:58:39.135Z,87.198,1163,,,,,-8.766254,-9.854874,27.903045,0.515662,5.271212,3.323155,39.0164728,-104.8925396,2175.51,15.337,8.74,4.71,0.18,27.92,-252.546,82.513,39.0164556,-104.8925521,2179.87,9.98,,32,,,,9.928,,-0.18,,-1.72597,1.216025,-9.796843,0.008,0.091,0.057,293.0,-136.0,395.0,14.995,12.74,194.0,94.0,22.75,,,,,,,,,,,,,,,,,,,,,2026-04-01 14:45:27,True,35.053,10.975,385.702,191.036
2026-04-08T16:58:39.204Z,2026-04-08T16:58:39.204Z,87.267,1164,,,,,-8.479775,-9.339212,28.017636,5.786874,9.339212,1.661578,39.0164783,-104.8925357,2175.49,15.315,8.74,4.72,0.14,27.99,-251.934,82.85,39.0164556,-104.8925521,2179.87,9.98,,32,,,,9.933,,-0.14,,-1.84365,1.196411,-10.149883,0.1,0.162,0.028,287.0,-137.0,399.0,14.995,12.74,194.0,94.0,22.75,,,,,,,,,,,,,,,,,,,,,2026-04-01 14:45:27,True,35.076,10.98,385.702,191.036
2026-04-08T16:58:39.279Z,2026-04-08T16:58:39.279Z,87.342,1165,,,,,-8.250592,-8.938142,28.017636,1.661578,4.010705,0.744845,39.0164841,-104.8925318,2175.47,15.298,8.73,4.72,0.13,28.0,-251.289,83.187,39.0164556,-104.8925521,2179.87,9.98,,32,,,,9.924,,-0.13,,-1.647517,1.412158,-10.10085,0.028,0.069,0.012,287.0,-137.0,399.0,14.995,12.74,194.0,94.0,22.75,,,,,,,,,,,,,,,,,,,,,2026-04-01 14:45:28,True,35.045,10.977,386.035,191.036
2026-04-08T16:58:39.351Z,2026-04-08T16:58:39.351Z,87.414,1166,,,,,-8.365184,-8.766254,28.017636,-2.406423,0.458366,-0.057296,39.0164895,-104.8925281,2175.46,15.281,8.74,4.7,0.11,28.0,-250.689,83.506,39.0164714,-104.8925412,2179.83,9.99,,32,,,,9.924,,-0.11,,-1.892683,1.284671,-9.83607,-0.042,0.007,-0.001,281.0,-135.0,402.0,15.165,11.3,195.0,94.0,22.75,,,,,,,,,,,,,,,,,,,,,2026-04-01 14:45:28,True,35.023,10.977,385.618,171.364
2026-04-08T16:58:39.420Z,2026-04-08T16:58:39.420Z,87.483,1167,,,,,-8.479775,-8.938142,27.96034,-2.291831,-2.922085,-0.802141,39.0164952,-104.8925241,2175.44,15.264,8.73,4.71,0.1,27.96,-250.055,83.852,39.0164714,-104.8925412,2179.83,9.99,,32,,,,9.92,,-0.1,,-1.676937,1.382738,-9.561484,-0.04,-0.051,-0.014,279.0,-136.0,403.0,15.165,11.3,195.0,94.0,22.5,,,,,,,,,,,,,,,,,,,,,2026-04-01 14:45:28,True,35.023,10.968,385.285,171.364
2026-04-08T16:58:39.488Z,2026-04-08T16:58:39.488Z,87.551,1168,,,,,-8.82355,-8.995437,27.96034,-4.870141,-0.0,-0.229183,39.0165005,-104.8925204,2175.42,15.246,8.72,4.7,0.11,27.94,-249.466,84.172,39.0164714,-104.8925412,2179.83,9.99,,32,,,,9.906,,-0.11,,-1.775004,1.117958,-9.757617,-0.085,0.0,-0.004,279.0,-136.0,403.0,15.165,11.3,195.0,94.0,22.75,,,,,,,,,,,,,,,,,,,,,2026-04-01 14:45:28,True,35.061,10.98,386.035,171.364
2026-04-08T16:58:39.558Z,2026-04-08T16:58:39.558Z,87.621,1169,,,,,-9.052733,-9.052733,27.96034,-2.349127,-0.458366,-0.229183,39.0165062,-104.8925166,2175.41,15.23,8.73,4.7,0.08,27.94,-248.832,84.5,39.0164873,-104.8925303,2179.82,10.0,,32,,,,9.915,,-0.08,,-1.421964,1.294478,-10.110656,-0.04,-0.008,-0.004,281.0,-138.0,401.0,15.073,12.83,196.0,94.0,22.75,,,,,,,,,,,,,,,,,,,,,2026-04-01 14:45:28,True,35.045,10.975,385.702,193.387
2026-04-08T16:58:39.635Z,2026-04-08T16:58:39.635Z,87.698,1170,,,,,-9.167325,-8.938142,27.903045,-0.974028,3.151268,-0.687549,39.0165111,-104.8925132,2175.39,15.215,8.74,4.69,0.05,27.88,-248.287,84.794,39.0164873,-104.8925303,2179.82,10.0,,32,,,,9.919,,-0.05,,-1.90249,1.323898,-10.07143,-0.017,0.054,-0.012,281.0,-141.0,400.0,15.073,12.83,196.0,94.0,22.75,,,,,,,,,,,,,,,,,,,,,2026-04-01 14:45:28,True,35.045,10.973,385.785,193.387
2026-04-08T16:58:39.709Z,2026-04-08T16:58:39.709Z,87.772,1171,,,,,-8.938142,-8.708958,27.673862,1.203211,3.838817,-2.979381,39.0165181,-104.8925084,2175.37,15.198,8.75,4.63,0.0,27.61,-247.509,85.208,39.0165032,-104.8925194,2179.82,10.0,,32,,,,9.899,,-0.0,,-2.069203,1.098345,-10.120463,0.02,0.066,-0.052,281.0,-140.0,402.0,15.073,12.83,196.0,94.0,22.75,,,,,,,,,,,,,,,,,,,,,2026-04-01 14:45:28,True,35.03,10.973,385.618,193.387
2026-04-08T16:58:39.783Z,2026-04-08T16:58:39.783Z,87.846,1172,,,,,-8.82355,-8.479775,27.330087,1.948057,3.036676,-3.724226,39.0165239,-104.8925045,2175.37,15.193,8.75,4.63,-0.03,27.29,-246.864,85.545,39.0165032,-104.8925194,2179.82,10.0,,32,,,,9.899,,0.03,,-1.735777,1.392544,-10.110656,0.033,0.052,-0.065,281.0,-140.0,402.0,15.198,11.03,197.0,94.0,22.75,,,,,,,,,,,,,,,,,,,,,2026-04-01 14:45:28,True,35.03,10.97,385.535,167.634
2026-04-08T16:58:39.862Z,2026-04-08T16:58:39.862Z,87.925,1173,,,,,-8.594367,-8.42248,27.158199,6.073353,0.859437,-4.125296,39.0165272,-104.8925023,2175.37,15.19,8.76,4.63,-0.04,27.12,-246.497,85.735,39.0165032,-104.8925194,2179.82,10.0,,32,,,,9.908,,0.04,,-1.804424,1.333704,-9.934136,0.105,0.014,-0.072,277.0,-138.0,405.0,15.198,11.03,197.0,94.0,22.75,,,,,,,,,,,,,,,,,,,,,2026-04-01 14:45:28,True,35.03,10.968,385.618,167.634
2026-04-08T16:58:39.936Z,2026-04-08T16:58:39.936Z,87.999,1174,,,,,-8.193296,-8.708958,26.871721,0.114592,-1.432394,-2.17724,39.0165359,-104.8924965,2175.37,15.192,8.75,4.6,-0.05,26.85,-245.53,86.236,39.0165191,-104.8925086,2179.83,9.97,,32,,,,9.885,,0.05,,-1.618097,0.823759,-9.767423,0.001,-0.025,-0.038,277.0,-133.0,407.0,15.198,11.03,197.0,94.0,22.5,,,,,,,,,,,,,,,,,,,,,2026-04-01 14:45:28,True,35.038,10.968,385.702,167.634
2026-04-08T16:58:40.009Z,2026-04-08T16:58:40.009Z,88.072,1175,,,,,-8.250592,-8.995437,26.814425,-1.317803,-3.896113,-1.375099,39.0165421,-104.8924924,2175.38,15.202,8.75,4.58,-0.05,26.78,-244.84,86.59,39.0165191,-104.8925086,2179.83,9.97,,32,,,,9.876,,0.05,,-1.559257,1.265058,-9.561484,-0.022,-0.068,-0.024,279.0,-131.0,405.0,15.198,11.03,197.0,94.0,22.75,,,,,,,,,,,,,,,,,,,,,2026-04-01 14:45:28,True,35.03,10.973,385.785,167.634
2026-04-08T16:58:40.084Z,2026-04-08T16:58:40.084Z,88.147,1176,,,,,-8.193296,-9.281916,26.699833,0.171887,-3.323155,-1.948057,39.0165478,-104.8924885,2175.39,15.212,8.74,4.56,-0.06,26.69,-244.206,86.927,39.0165191,-104.8925086,2179.83,9.97,,32,,,,9.858,,0.06,,-1.78481,1.274864,-9.738003,0.002,-0.058,-0.034,279.0,-131.0,405.0,15.198,11.03,197.0,94.0,22.75,,,,,,,,,,,,,,,,,,,,,2026-04-01 14:45:28,True,35.045,10.965,385.618,167.634
2026-04-08T16:58:40.174Z,2026-04-08T16:58:40.174Z,88.237,1177,,,,,-8.136001,-9.568395,26.585242,0.458366,-3.265859,-1.546986,39.0165539,-104.8924845,2175.4,15.224,8.74,4.58,-0.04,26.58,-243.528,87.273,39.0165349,-104.892498,2179.85,9.88,,32,,,,9.867,,0.04,,-1.804424,1.127765,-9.522257,0.007,-0.057,-0.027,283.0,-130.0,403.0,15.179,11.34,198.0,93.0,22.75,,,,,,,,,,,,,,,,,,,,,2026-04-01 14:45:28,True,34.992,10.963,385.618,172.13
2026-04-08T16:58:40.254Z,2026-04-08T16:58:40.254Z,88.317,1178,,,,,-8.021409,-9.740283,26.585242,5.328507,-3.838817,-0.40107,39.0165589,-104.8924812,2175.41,15.233,8.75,4.58,-0.04,26.56,-242.972,87.558,39.0165349,-104.892498,2179.85,9.88,,32,,,,9.876,,0.04,,-1.66713,1.029698,-9.816457,0.093,-0.066,-0.007,286.0,-129.0,402.0,15.179,11.34,198.0,93.0,22.75,,,,,,,,,,,,,,,,,,,,,2026-04-01 14:45:29,True,35.038,10.97,386.035,172.13
2026-04-08T16:58:40.327Z,2026-04-08T16:58:40.327Z,88.39,1179,,,,,-7.505747,-9.969466,26.527946,1.833465,0.687549,0.171887,39.0165675,-104.8924754,2175.42,15.249,8.75,4.57,-0.05,26.53,-242.016,88.059,39.0165507,-104.8924875,2179.88,9.89,,32,,,,9.872,,0.05,,-1.657324,1.068925,-9.767423,0.032,0.011,0.002,288.0,-126.0,401.0,15.179,11.34,198.0,93.0,22.75,,,,,,,,,,,,,,,,,,,,,2026-04-01 14:45:29,True,35.03,10.977,385.535,172.13
2026-04-08T16:58:40.401Z,2026-04-08T16:58:40.401Z,88.464,1180,,,,,-7.563043,-9.682987,26.585242,0.171887,3.896113,1.260507,39.016573,-104.8924718,2175.44,15.262,8.76,4.55,-0.08,26.59,-241.404,88.37,39.0165507,-104.8924875,2179.88,9.89,,32,,,,9.871,,0.08,,-1.96133,0.853179,-9.590904,0.002,0.067,0.021,287.0,-124.0,403.0,15.264,10.01,198.0,93.0,22.5,,,,,,,,,,,,,,,,,,,,,2026-04-01 14:45:29,True,35.03,10.973,385.785,152.793
2026-04-08T16:58:40.486Z,2026-04-08T16:58:40.486Z,88.549,1181,,,,,-7.505747,-9.625691,26.585242,-0.40107,3.380451,1.317803,39.0165746,-104.8924707,2175.44,15.266,8.76,4.56,-0.07,26.58,-241.226,88.465,39.0165507,-104.8924875,2179.88,9.89,,32,,,,9.876,,0.07,,-1.637711,1.225831,-9.738003,-0.006,0.058,0.022,287.0,-124.0,403.0,15.264,10.01,198.0,93.0,22.5,,,,,,,,,,,,,,,,,,,,,2026-04-01 14:45:29,True,35.0,10.958,385.535,152.793
2026-04-08T16:58:40.558Z,2026-04-08T16:58:40.558Z,88.621,1182,,,,,-7.276564,-9.511099,26.814425,3.552338,1.546986,1.604282,39.0165855,-104.8924636,2175.47,15.292,8.74,4.56,-0.07,26.81,-240.014,89.079,39.0165665,-104.892477,2179.92,9.9,,32,,,,9.858,,0.07,,-1.637711,0.902212,-9.453611,0.061,0.026,0.027,286.0,-124.0,404.0,15.336,8.5,199.0,93.0,22.5,,,,,,,,,,,,,,,,,,,,,2026-04-01 14:45:29,True,35.053,10.973,385.452,130.356
2026-04-08T16:58:40.635Z,2026-04-08T16:58:40.635Z,88.698,1183,,,,,-7.047381,-9.339212,26.814425,4.812845,2.234535,0.687549,39.0165904,-104.8924603,2175.48,15.304,8.77,4.55,-0.08,26.83,-239.469,89.364,39.0165665,-104.892477,2179.92,9.9,,32,,,,9.88,,0.08,,-2.029977,0.970858,-9.473224,0.083,0.039,0.011,283.0,-123.0,406.0,15.336,8.5,199.0,93.0,22.75,,,,,,,,,,,,,,,,,,,,,2026-04-01 14:45:29,True,35.045,10.975,385.785,130.356
2026-04-08T16:58:40.710Z,2026-04-08T16:58:40.710Z,88.773,1184,,,,,-7.047381,-9.167325,26.814425,-1.375099,-0.458366,0.114592,39.0165974,-104.8924557,2175.5,15.323,8.78,4.56,-0.07,26.83,-238.691,89.761,39.0165823,-104.8924664,2179.92,9.94,,32,,,,9.894,,0.07,,-1.500417,0.882599,-9.581097,-0.023,-0.008,0.001,281.0,-121.0,407.0,15.336,8.5,199.0,93.0,22.75,,,,,,,,,,,,,,,,,,,,,2026-04-01 14:45:29,True,35.038,10.973,385.618,130.356
2026-04-08T16:58:40.780Z,2026-04-08T16:58:40.780Z,88.843,1185,,,,,-7.161972,-9.453804,26.929016,-1.432394,-4.068,1.833465,39.0166032,-104.8924518,2175.51,15.336,8.77,4.57,-0.06,26.96,-238.046,90.098,39.0165823,-104.8924664,2179.92,9.94,,32,,,,9.889,,0.06,,-1.559257,0.676659,-9.159411,-0.025,-0.071,0.032,281.0,-121.0,407.0,15.41,7.09,199.0,93.0,22.75,,,,,,,,,,,,,,,,,,,,,2026-04-01 14:45:29,True,35.061,10.977,385.369,109.257
2026-04-08T16:58:40.859Z,2026-04-08T16:58:40.859Z,88.922,1186,,,,,-7.276564,-9.511099,27.043608,-5.385803,-1.317803,2.349127,39.0166064,-104.8924497,2175.52,15.342,8.78,4.55,-0.02,27.07,-237.69,90.279,39.0165823,-104.8924664,2179.92,9.94,,32,,,,9.889,,0.02,,-1.637711,1.147378,-8.963278,-0.094,-0.023,0.04,280.0,-122.0,406.0,15.41,7.09,199.0,93.0,22.75,,,,,,,,,,,,,,,,,,,,,2026-04-01 14:45:29,True,35.053,10.973,385.618,109.257
2026-04-08T16:58:40.939Z,2026-04-08T16:58:40.939Z,89.002,1187,,,,,-7.906818,-9.854874,27.215495,-3.323155,-4.870141,0.515662,39.0166152,-104.8924438,2175.52,15.349,8.79,4.57,0.03,27.22,-236.712,90.789,39.0165982,-104.8924558,2179.95,9.97,,32,,,,9.907,,-0.03,,-1.637711,1.274864,-9.031925,-0.058,-0.085,0.008,283.0,-125.0,403.0,15.41,7.09,199.0,93.0,22.75,,,,,,,,,,,,,,,,,,,,,2026-04-01 14:45:29,True,35.03,10.968,386.285,109.257
2026-04-08T16:58:41.015Z,2026-04-08T16:58:41.015Z,89.078,1188,,,,,-7.849522,-10.026761,27.215495,0.859437,-1.145916,-1.031324,39.0166214,-104.8924397,2175.53,15.35,8.82,4.57,0.06,27.16,-236.022,91.143,39.0165982,-104.8924558,2179.95,9.97,,32,,,,9.934,,-0.06,,-1.716164,1.000278,-9.433997,0.015,-0.019,-0.018,286.0,-129.0,401.0,15.41,7.09,199.0,93.0,22.75,,,,,,,,,,,,,,,,,,,,,2026-04-01 14:45:29,True,35.045,10.97,386.118,109.257
2026-04-08T16:58:41.089Z,2026-04-08T16:58:41.089Z,89.152,1189,,,,,-7.677634,-10.026761,27.100904,2.750197,1.145916,-0.40107,39.0166278,-104.8924355,2175.52,15.349,8.84,4.56,0.08,27.11,-235.311,91.506,39.0165982,-104.8924558,2179.95,9.97,,32,,,,9.947,,-0.08,,-1.382738,0.617819,-9.492837,0.048,0.019,-0.007,286.0,-129.0,401.0,15.41,7.09,199.0,93.0,22.75,,,,,,,,,,,,,,,,,,,,,2026-04-01 14:45:29,True,35.023,10.963,385.618,109.257
2026-04-08T16:58:41.161Z,2026-04-08T16:58:41.161Z,89.224,1190,,,,,-7.391156,-9.91217,27.158199,4.984733,3.609634,0.171887,39.0166335,-104.8924317,2175.52,15.347,8.86,4.56,0.08,27.13,-234.677,91.834,39.0166142,-104.8924452,2179.95,9.96,,32,,,,9.965,,-0.08,,-1.539644,1.078732,-9.375157,0.086,0.062,0.002,288.0,-127.0,401.0,15.292,9.18,200.0,93.0,22.75,,,,,,,,,,,,,,,,,,,,,2026-04-01 14:45:29,True,35.03,10.968,386.035,140.381
2026-04-08T16:58:41.238Z,2026-04-08T16:58:41.238Z,89.301,1191,,,,,-6.990085,-9.568395,27.043608,6.875494,4.984733,-1.08862,39.0166385,-104.8924284,2175.52,15.345,8.88,4.57,0.09,27.01,-234.121,92.12,39.0166142,-104.8924452,2179.95,9.96,,32,,,,9.987,,-0.09,,-1.716164,1.000278,-9.453611,0.119,0.086,-0.019,286.0,-125.0,403.0,15.292,9.18,200.0,93.0,22.5,,,,,,,,,,,,,,,,,,,,,2026-04-01 14:45:29,True,35.053,10.965,386.285,140.381
2026-04-08T16:58:41.311Z,2026-04-08T16:58:41.311Z,89.374,1192,,,,,-6.417127,-8.995437,26.814425,2.463719,7.620339,-2.234535,39.0166456,-104.8924238,2175.52,15.342,8.88,4.57,0.09,26.79,-233.331,92.517,39.0166301,-104.8924346,2179.94,9.94,,32,,,,9.987,,-0.09,,-1.166991,0.882599,-9.77723,0.043,0.132,-0.039,282.0,-119.0,407.0,15.292,9.18,200.0,93.0,22.75,,,,,,,,,,,,,,,,,,,,,2026-04-01 14:45:30,True,35.015,10.977,385.618,140.381
2026-04-08T16:58:41.383Z,2026-04-08T16:58:41.383Z,89.446,1193,,,,,-6.016057,-8.708958,26.642537,6.417127,3.265859,-2.17724,39.0166514,-104.8924199,2175.51,15.338,8.89,4.59,0.1,26.62,-232.687,92.854,39.0166301,-104.8924346,2179.94,9.94,,32,,,,10.005,,-0.1,,-1.75539,0.980665,-9.483031,0.112,0.056,-0.038,282.0,-119.0,407.0,15.312,9.24,201.0,93.0,22.5,,,,,,,,,,,,,,,,,,,,,2026-04-01 14:45:30,True,35.038,10.975,385.702,141.483
2026-04-08T16:58:41.462Z,2026-04-08T16:58:41.462Z,89.525,1194,,,,,-5.786874,-8.594367,26.527946,6.24524,2.979381,-2.005352,39.0166547,-104.8924178,2175.51,15.337,8.88,4.59,0.09,26.52,-232.32,93.035,39.0166301,-104.8924346,2179.94,9.94,,32,,,,9.996,,-0.09,,-1.588677,0.892405,-9.77723,0.108,0.051,-0.035,277.0,-115.0,412.0,15.312,9.24,201.0,93.0,22.5,,,,,,,,,,,,,,,,,,,,,2026-04-01 14:45:30,True,35.045,10.965,385.952,141.483
2026-04-08T16:58:41.545Z,2026-04-08T16:58:41.545Z,89.608,1195,,,,,-5.500395,-8.136001,26.298763,-1.031324,4.583662,-1.661578,39.0166636,-104.8924119,2175.51,15.334,8.85,4.6,0.09,26.31,-231.33,93.545,39.0166461,-104.8924242,2179.94,10.0,,32,,,,9.974,,-0.09,,-1.529837,0.961052,-9.943943,-0.017,0.079,-0.029,276.0,-111.0,413.0,15.318,9.13,201.0,93.0,22.75,,,,,,,,,,,,,,,,,,,,,2026-04-01 14:45:30,True,35.061,10.965,385.952,139.853
2026-04-08T16:58:41.618Z,2026-04-08T16:58:41.618Z,89.681,1196,,,,,-5.557691,-7.964113,26.241467,0.057296,-0.343775,-0.687549,39.0166708,-104.8924071,2175.51,15.335,8.84,4.62,0.08,26.25,-230.529,93.96,39.0166461,-104.8924242,2179.94,10.0,,32,,,,9.974,,-0.08,,-1.90249,0.941438,-9.561484,0.0,-0.005,-0.012,272.0,-109.0,416.0,15.318,9.13,201.0,93.0,22.5,,,,,,,,,,,,,,,,,,,,,2026-04-01 14:45:30,True,35.053,10.973,385.785,139.853
2026-04-08T16:58:41.694Z,2026-04-08T16:58:41.694Z,89.757,1197,,,,,-5.557691,-8.193296,26.298763,0.630254,-4.411775,0.744845,39.0166761,-104.8924035,2175.51,15.334,8.82,4.63,0.08,26.31,-229.94,94.271,39.0166461,-104.8924242,2179.94,10.0,,32,,,,9.961,,-0.08,,-1.559257,0.745305,-9.68897,0.011,-0.077,0.012,272.0,-109.0,416.0,15.318,9.13,201.0,93.0,22.5,,,,,,,,,,,,,,,,,,,,,2026-04-01 14:45:30,True,35.045,10.973,385.618,139.853
2026-04-08T16:58:41.764Z,2026-04-08T16:58:41.764Z,89.827,1198,,,,,-5.786874,-8.537071,26.413354,-4.812845,-4.75555,1.031324,39.0166828,-104.892399,2175.51,15.333,8.79,4.66,0.1,26.43,-229.195,94.659,39.0166621,-104.8924136,2179.91,9.99,,32,,,,9.949,,-0.1,,-1.84365,1.127765,-9.365351,-0.084,-0.082,0.017,273.0,-109.0,416.0,15.293,9.27,202.0,93.0,22.75,,,,,,,,,,,,,,,,,,,,,2026-04-01 14:45:30,True,35.053,10.977,385.785,141.766
2026-04-08T16:58:41.843Z,2026-04-08T16:58:41.843Z,89.906,1199,,,,,-5.958761,-8.82355,26.527946,-4.526367,-4.812845,2.17724,39.0166867,-104.8923963,2175.51,15.332,8.79,4.67,0.11,26.57,-228.761,94.893,39.0166621,-104.8924136,2179.91,9.99,,32,,,,9.954,,-0.11,,-1.794617,1.166991,-9.463417,-0.078,-0.084,0.037,276.0,-111.0,413.0,15.293,9.27,202.0,93.0,22.75,,,,,,,,,,,,,,,,,,,,,2026-04-01 14:45:30,True,35.061,10.97,385.952,141.766
2026-04-08T16:58:41.916Z,2026-04-08T16:58:41.916Z,89.979,1200,,,,,-6.24524,-9.224621,26.929016,-1.48969,-1.145916,3.838817,39.0166947,-104.8923909,2175.5,15.32,8.76,4.72,0.1,26.96,-227.872,95.359,39.0166781,-104.8924029,2179.89,9.97,,32,,,,9.951,,-0.1,,-1.569064,1.431771,-9.875297,-0.026,-0.02,0.066,281.0,-115.0,410.0,15.293,9.27,202.0,93.0,22.75,,,,,,,,,,,,,,,,,,,,,2026-04-01 14:45:30,True,35.061,10.975,385.785,141.766
2026-04-08T16:58:41.992Z,2026-04-08T16:58:41.992Z,90.055,1201,,,,,-6.474423,-9.052733,27.158199,-5.213916,4.010705,3.781521,39.0167,-104.8923872,2175.48,15.309,8.76,4.75,0.08,27.19,-227.282,95.679,39.0166781,-104.8924029,2179.89,9.97,,32,,,,9.965,,-0.08,,-1.657324,1.186605,-9.738003,-0.091,0.069,0.065,281.0,-115.0,410.0,15.274,9.88,202.0,93.0,22.75,,,,,,,,,,,,,,,,,,,,,2026-04-01 14:45:30,True,35.045,10.973,386.035,150.907
2026-04-08T16:58:42.084Z,2026-04-08T16:58:42.084Z,90.147,1202,,,,,-6.589015,-8.938142,27.272791,-4.870141,4.068,4.411775,39.0167026,-104.8923854,2175.48,15.303,8.75,4.77,0.09,27.31,-226.993,95.834,39.0166781,-104.8924029,2179.89,9.97,,32,,,,9.966,,-0.09,,-1.470998,1.431771,-9.973363,-0.085,0.071,0.076,280.0,-118.0,409.0,15.274,9.88,202.0,93.0,22.75,,,,,,,,,,,,,,,,,,,,,2026-04-01 14:45:30,True,35.038,10.97,385.952,150.907
2026-04-08T16:58:42.158Z,2026-04-08T16:58:42.158Z,90.221,1203,,,,,-7.33386,-8.537071,27.731157,-5.328507,0.974028,3.896113,39.0167135,-104.8923778,2175.45,15.274,8.76,4.79,0.07,27.79,-225.781,96.491,39.0166939,-104.8923921,2179.85,9.96,,32,,,,9.984,,-0.07,,-1.569064,0.921825,-9.708584,-0.092,0.017,0.067,278.0,-123.0,409.0,15.299,8.92,203.0,93.0,22.75,,,,,,,,,,,,,,,,,,,,,2026-04-01 14:45:30,True,35.038,10.975,385.535,136.467
2026-04-08T16:58:42.235Z,2026-04-08T16:58:42.235Z,90.298,1204,,,,,-7.849522,-8.479775,27.96034,-7.047381,0.802141,3.036676,39.0167184,-104.8923744,2175.43,15.258,8.74,4.79,0.07,27.99,-225.236,96.785,39.0166939,-104.8923921,2179.85,9.96,,32,,,,9.967,,-0.07,,-1.274864,1.049312,-9.649744,-0.123,0.013,0.052,275.0,-128.0,409.0,15.299,8.92,203.0,93.0,22.75,,,,,,,,,,,,,,,,,,,,,2026-04-01 14:45:30,True,35.038,10.973,385.618,136.467
2026-04-08T16:58:42.308Z,2026-04-08T16:58:42.308Z,90.371,1205,,,,,-8.365184,-8.708958,28.132228,-5.958761,-2.807493,0.057296,39.0167253,-104.8923696,2175.41,15.237,8.74,4.79,0.09,28.12,-224.469,97.199,39.0167097,-104.8923811,2179.85,9.98,,32,,,,9.967,,-0.09,,-1.676937,1.166991,-9.590904,-0.103,-0.049,0.0,275.0,-134.0,406.0,15.299,8.92,203.0,93.0,22.75,,,,,,,,,,,,,,,,,,,,,2026-04-01 14:45:31,True,35.053,10.97,385.618,136.467
2026-04-08T16:58:42.377Z,2026-04-08T16:58:42.377Z,90.44,1206,,,,,-8.708958,-8.995437,28.132228,-6.016057,-3.437747,0.114592,39.016731,-104.8923656,2175.39,15.219,8.75,4.78,0.08,28.17,-223.835,97.545,39.0167097,-104.8923811,2179.85,9.98,,32,,,,9.971,,-0.08,,-1.775004,1.078732,-9.590904,-0.104,-0.06,0.001,275.0,-134.0,406.0,15.176,10.86,203.0,93.0,22.75,,,,,,,,,,,,,,,,,,,,,2026-04-01 14:45:31,True,35.076,10.975,385.535,164.811
2026-04-08T16:58:42.457Z,2026-04-08T16:58:42.457Z,90.52,1207,,,,,-8.880846,-9.110029,28.189524,-4.583662,-4.75555,1.08862,39.0167342,-104.8923633,2175.38,15.206,8.75,4.77,0.08,28.23,-223.48,97.744,39.0167097,-104.8923811,2179.85,9.98,,32,,,,9.966,,-0.08,,-2.000557,1.255251,-9.63013,-0.08,-0.083,0.018,279.0,-139.0,403.0,15.176,10.86,203.0,93.0,22.75,,,,,,,,,,,,,,,,,,,,,2026-04-01 14:45:31,True,35.053,10.97,385.535,164.811
2026-04-08T16:58:42.533Z,2026-04-08T16:58:42.533Z,90.596,1208,,,,,-8.82355,-9.339212,28.361411,5.385803,1.145916,1.546986,39.0167429,-104.8923573,2175.35,15.177,8.74,4.77,0.05,28.35,-222.512,98.262,39.0167255,-104.8923701,2179.84,9.96,,32,,,,9.957,,-0.05,,-1.971137,1.000278,-10.091043,0.093,0.019,0.026,283.0,-142.0,400.0,15.176,10.86,203.0,93.0,22.75,,,,,,,,,,,,,,,,,,,,,2026-04-01 14:45:31,True,35.053,10.98,385.618,164.811
2026-04-08T16:58:42.616Z,2026-04-08T16:58:42.616Z,90.679,1209,,,,,-8.594367,-9.167325,28.418707,2.979381,2.750197,0.859437,39.016749,-104.892353,2175.33,15.158,8.75,4.76,0.02,28.39,-221.834,98.634,39.0167255,-104.8923701,2179.84,9.96,,32,,,,9.961,,-0.02,,-1.96133,1.176798,-10.061623,0.051,0.047,0.014,281.0,-140.0,402.0,15.176,10.86,203.0,93.0,22.75,,,,,,,,,,,,,,,,,,,,,2026-04-01 14:45:31,True,35.053,10.97,386.202,164.811
2026-04-08T16:58:42.689Z,2026-04-08T16:58:42.689Z,90.752,1210,,,,,-8.594367,-8.938142,28.418707,0.687549,1.948057,0.630254,39.0167553,-104.8923486,2175.32,15.148,8.77,4.75,0.0,28.43,-221.133,99.014,39.0167255,-104.8923701,2179.84,9.96,,32,,,,9.974,,-0.0,,-1.284671,1.314091,-9.92433,0.012,0.033,0.01,281.0,-140.0,402.0,15.176,10.86,203.0,93.0,22.75,,,,,,,,,,,,,,,,,,,,,2026-04-01 14:45:31,True,35.068,10.973,386.118,164.811
2026-04-08T16:58:42.755Z,2026-04-08T16:58:42.755Z,90.818,1211,,,,,-8.479775,-8.995437,28.476002,1.776169,-1.833465,1.48969,39.0167609,-104.8923448,2175.32,15.142,8.77,4.74,-0.03,28.53,-220.511,99.342,39.0167412,-104.8923592,2179.83,9.93,,32,,,,9.969,,0.03,,-1.549451,1.333704,-9.86549,0.03,-0.032,0.025,278.0,-140.0,403.0,15.188,10.66,205.0,93.0,22.75,,,,,,,,,,,,,,,,,,,,,2026-04-01 14:45:31,True,35.076,10.987,385.702,161.904
2026-04-08T16:58:42.824Z,2026-04-08T16:58:42.824Z,90.887,1212,,,,,-8.479775,-8.880846,28.64789,-1.031324,2.463719,2.521014,39.0167658,-104.8923415,2175.31,15.139,8.77,4.74,-0.04,28.66,-219.966,99.627,39.0167412,-104.8923592,2179.83,9.93,,32,,,,9.969,,0.04,,-1.657324,0.961052,-9.95375,-0.017,0.042,0.043,278.0,-139.0,404.0,15.188,10.66,205.0,93.0,22.75,,,,,,,,,,,,,,,,,,,,,2026-04-01 14:45:31,True,35.076,10.977,386.118,161.904
2026-04-08T16:58:42.892Z,2026-04-08T16:58:42.892Z,90.955,1213,,,,,-8.594367,-8.766254,28.762481,-0.057296,0.572958,0.916732,39.0167722,-104.892337,2175.31,15.137,8.77,4.73,-0.04,28.75,-219.254,100.016,39.0167412,-104.8923592,2179.83,9.93,,32,,,,9.964,,0.04,,-1.588677,1.000278,-9.816457,0.0,0.009,0.016,278.0,-140.0,404.0,15.188,10.66,205.0,93.0,22.75,,,,,,,,,,,,,,,,,,,,,2026-04-01 14:45:31,True,35.083,10.975,385.535,161.904
2026-04-08T16:58:42.963Z,2026-04-08T16:58:42.963Z,91.026,1214,,,,,-8.594367,-8.708958,28.762481,1.145916,2.062648,-0.802141,39.0167776,-104.8923334,2175.31,15.137,8.78,4.73,-0.09,28.69,-218.654,100.327,39.016757,-104.8923484,2179.85,9.96,,32,,,,9.973,,0.09,,-1.647517,1.225831,-10.277369,0.019,0.035,-0.014,278.0,-140.0,404.0,15.229,10.34,205.0,93.0,22.75,,,,,,,,,,,,,,,,,,,,,2026-04-01 14:45:31,True,35.061,10.973,385.702,157.468
2026-04-08T16:58:43.032Z,2026-04-08T16:58:43.032Z,91.095,1215,,,,,-8.651663,-8.42248,28.590594,-3.151268,4.812845,-2.635606,39.0167815,-104.8923307,2175.32,15.14,8.78,4.71,-0.09,28.53,-218.22,100.56,39.016757,-104.8923484,2179.85,9.96,,32,,,,9.964,,0.09,,-1.892683,0.990472,-9.95375,-0.054,0.083,-0.046,275.0,-141.0,405.0,15.229,10.34,205.0,93.0,22.75,,,,,,,,,,,,,,,,,,,,,2026-04-01 14:45:31,True,35.053,10.975,385.868,157.468
2026-04-08T16:58:43.098Z,2026-04-08T16:58:43.098Z,91.161,1216,,,,,-8.82355,-8.307888,28.189524,-1.08862,-0.859437,-4.068,39.0167884,-104.892326,2175.32,15.149,8.78,4.7,-0.11,28.16,-217.453,100.966,39.016757,-104.8923484,2179.85,9.96,,32,,,,9.959,,0.11,,-1.500417,1.176798,-9.738003,-0.019,-0.015,-0.071,274.0,-141.0,406.0,15.229,10.34,205.0,93.0,22.75,,,,,,,,,,,,,,,,,,,,,2026-04-01 14:45:31,True,35.045,10.987,386.118,157.468
2026-04-08T16:58:43.169Z,2026-04-08T16:58:43.169Z,91.232,1217,,,,,-8.708958,-8.537071,27.96034,2.005352,-3.437747,-4.182592,39.0167932,-104.8923227,2175.33,15.158,8.78,4.68,-0.11,27.94,-216.919,101.251,39.0167728,-104.8923375,2179.86,9.94,,32,,,,9.949,,0.11,,-1.72597,1.166991,-9.453611,0.034,-0.06,-0.073,274.0,-141.0,406.0,15.282,9.19,206.0,93.0,22.75,,,,,,,,,,,,,,,,,,,,,2026-04-01 14:45:31,True,35.061,10.977,385.702,140.442
2026-04-08T16:58:43.242Z,2026-04-08T16:58:43.242Z,91.305,1218,,,,,-8.479775,-8.594367,27.731157,3.208564,-0.229183,-5.729578,39.0167972,-104.8923201,2175.34,15.165,8.77,4.66,-0.12,27.66,-216.474,101.476,39.0167728,-104.8923375,2179.86,9.94,,32,,,,9.931,,0.12,,-1.93191,1.059118,-9.404577,0.055,-0.004,-0.099,274.0,-139.0,406.0,15.282,9.19,206.0,93.0,22.75,,,,,,,,,,,,,,,,,,,,,2026-04-01 14:45:32,True,35.045,10.973,385.618,140.442
2026-04-08T16:58:43.308Z,2026-04-08T16:58:43.308Z,91.371,1219,,,,,-8.250592,-8.766254,27.158199,2.291831,-0.802141,-6.474423,39.0168051,-104.8923148,2175.35,15.179,8.79,4.66,-0.12,27.05,-215.596,101.934,39.0167886,-104.8923267,2179.88,9.96,,32,,,,9.949,,0.12,,-1.314091,1.304284,-9.68897,0.04,-0.014,-0.112,276.0,-135.0,406.0,15.282,9.19,206.0,93.0,22.75,,,,,,,,,,,,,,,,,,,,,2026-04-01 14:45:32,True,35.045,10.98,386.118,140.442
2026-04-08T16:58:43.371Z,2026-04-08T16:58:43.371Z,91.434,1220,,,,,-8.021409,-8.594367,26.642537,3.380451,3.724226,-7.104677,39.0168098,-104.8923116,2175.36,15.189,8.79,4.66,-0.15,26.59,-215.073,102.21,39.0167886,-104.8923267,2179.88,9.96,,32,,,,9.949,,0.15,,-1.87307,0.794339,-9.92433,0.058,0.064,-0.124,276.0,-135.0,406.0,15.334,9.18,206.0,93.0,22.75,,,,,,,,,,,,,,,,,,,,,2026-04-01 14:45:32,True,35.061,10.989,386.202,140.766
2026-04-08T16:58:43.449Z,2026-04-08T16:58:43.449Z,91.512,1221,,,,,-7.677634,-8.537071,26.47065,6.760902,3.437747,-4.75555,39.016813,-104.8923095,2175.37,15.196,8.79,4.65,-0.14,26.37,-214.717,102.392,39.0167886,-104.8923267,2179.88,9.96,,32,,,,9.944,,0.14,,-1.470998,1.245445,-10.032203,0.117,0.059,-0.083,277.0,-130.0,408.0,15.334,9.18,206.0,93.0,22.75,,,,,,,,,,,,,,,,,,,,,2026-04-01 14:45:32,True,35.015,10.965,385.618,140.766
2026-04-08T16:58:43.520Z,2026-04-08T16:58:43.520Z,91.583,1222,,,,,-7.33386,-8.42248,26.06958,0.515662,-1.260507,-3.093972,39.0168209,-104.8923042,2175.39,15.216,8.8,4.64,-0.12,26.03,-213.839,102.849,39.0168045,-104.8923161,2179.92,9.95,,32,,,,9.948,,0.12,,-1.255251,0.980665,-9.463417,0.008,-0.022,-0.054,275.0,-123.0,411.0,15.334,9.18,206.0,93.0,22.75,,,,,,,,,,,,,,,,,,,,,2026-04-01 14:45:32,True,35.053,10.975,385.452,140.766
2026-04-08T16:58:43.587Z,2026-04-08T16:58:43.587Z,91.65,1223,,,,,-7.505747,-8.995437,25.954988,-4.411775,-10.427832,-1.375099,39.0168262,-104.8923006,2175.4,15.225,8.79,4.65,-0.08,25.98,-213.25,103.16,39.0168045,-104.8923161,2179.92,9.95,,32,,,,9.944,,0.08,,-1.66713,1.176798,-9.129991,-0.076,-0.182,-0.024,275.0,-123.0,411.0,15.355,7.98,207.0,93.0,22.75,,,,,,,,,,,,,,,,,,,,,2026-04-01 14:45:32,True,35.045,10.984,386.118,122.533
2026-04-08T16:58:43.673Z,2026-04-08T16:58:43.673Z,91.736,1224,,,,,-7.677634,-9.339212,26.012284,-5.15662,-9.740283,-0.171887,39.0168288,-104.8922989,2175.4,15.229,8.79,4.63,-0.07,26.01,-212.961,103.307,39.0168045,-104.8923161,2179.92,9.95,,32,,,,9.935,,0.07,,-1.578871,1.245445,-9.080958,-0.089,-0.17,-0.003,277.0,-123.0,410.0,15.355,7.98,207.0,93.0,22.75,,,,,,,,,,,,,,,,,,,,,2026-04-01 14:45:32,True,35.053,10.963,385.618,122.533
2026-04-08T16:58:43.743Z,2026-04-08T16:58:43.743Z,91.806,1225,,,,,-7.906818,-9.969466,26.184171,0.057296,-4.984733,1.08862,39.0168389,-104.8922922,2175.41,15.235,8.77,4.64,-0.03,26.2,-211.837,103.886,39.0168204,-104.8923055,2179.94,9.94,,32,,,,9.922,,0.03,,-1.716164,1.637711,-9.433997,0.001,-0.087,0.018,285.0,-125.0,404.0,15.355,7.98,207.0,93.0,22.75,,,,,,,,,,,,,,,,,,,,,2026-04-01 14:45:32,True,35.076,10.982,385.868,122.533
2026-04-08T16:58:43.815Z,2026-04-08T16:58:43.815Z,91.878,1226,,,,,-8.307888,-10.198649,26.298763,-4.469071,-4.583662,1.375099,39.0168447,-104.8922883,2175.41,15.232,8.78,4.67,-0.02,26.35,-211.193,104.223,39.0168204,-104.8923055,2179.94,9.94,,32,,,,9.945,,0.02,,-1.804424,0.951245,-9.365351,-0.078,-0.08,0.023,287.0,-127.0,402.0,15.355,7.98,207.0,93.0,22.75,,,,,,,,,,,,,,,,,,,,,2026-04-01 14:45:32,True,35.038,10.977,385.868,122.533
2026-04-08T16:58:43.886Z,2026-04-08T16:58:43.886Z,91.949,1227,,,,,-8.307888,-10.714311,26.47065,0.40107,-7.849522,0.630254,39.01685,-104.8922847,2175.4,15.226,8.77,4.68,0.01,26.47,-210.603,104.534,39.0168204,-104.8923055,2179.94,9.94,,32,,,,9.941,,-0.01,,-1.598484,1.284671,-9.237864,0.006,-0.137,0.01,287.0,-127.0,402.0,15.355,7.98,207.0,93.0,22.75,,,,,,,,,,,,,,,,,,,,,2026-04-01 14:45:32,True,35.038,10.977,386.202,122.533
2026-04-08T16:58:43.955Z,2026-04-08T16:58:43.955Z,92.018,1228,,,,,-8.365184,-11.00079,26.642537,-0.916732,-2.349127,2.692902,39.0168556,-104.8922809,2175.39,15.215,8.78,4.69,0.03,26.64,-209.98,104.862,39.0168362,-104.8922948,2179.97,9.96,,32,,,,9.954,,-0.03,,-1.716164,1.804424,-9.551677,-0.015,-0.041,0.046,292.0,-129.0,397.0,15.178,11.3,208.0,93.0,22.75,,,,,,,,,,,,,,,,,,,,,2026-04-01 14:45:32,True,35.061,10.977,386.035,171.511
2026-04-08T16:58:44.029Z,2026-04-08T16:58:44.029Z,92.092,1229,,,,,-8.250592,-10.828902,26.757129,4.469071,4.068,2.406423,39.0168606,-104.8922775,2175.38,15.203,8.77,4.71,0.01,26.76,-209.425,105.156,39.0168362,-104.8922948,2179.97,9.96,,32,,,,9.955,,-0.01,,-2.088816,1.225831,-9.914523,0.077,0.07,0.041,295.0,-130.0,395.0,15.178,11.3,208.0,93.0,22.75,,,,,,,,,,,,,,,,,,,,,2026-04-01 14:45:32,True,35.045,10.977,385.535,171.511
2026-04-08T16:58:44.103Z,2026-04-08T16:58:44.103Z,92.166,1230,,,,,-8.193296,-9.740283,26.814425,-0.515662,15.870931,2.463719,39.0168668,-104.8922733,2175.37,15.191,8.8,4.72,-0.03,26.79,-208.735,105.519,39.0168362,-104.8922948,2179.97,9.96,,32,,,,9.986,,0.03,,-1.470998,1.078732,-10.767702,-0.009,0.276,0.042,290.0,-129.0,399.0,15.178,11.3,208.0,93.0,22.75,,,,,,,,,,,,,,,,,,,,,2026-04-01 14:45:32,True,35.061,10.975,385.952,171.511
2026-04-08T16:58:44.168Z,2026-04-08T16:58:44.168Z,92.231,1231,,,,,-8.078705,-8.995437,26.929016,1.031324,4.469071,3.151268,39.0168733,-104.8922688,2175.36,15.186,8.82,4.73,-0.08,26.97,-208.012,105.908,39.016852,-104.8922839,2179.97,9.98,,32,,,,10.008,,0.08,,-1.647517,1.206218,-9.767423,0.017,0.077,0.054,290.0,-129.0,399.0,15.41,7.75,208.0,93.0,22.5,,,,,,,,,,,,,,,,,,,,,2026-04-01 14:45:32,True,35.038,10.98,385.369,119.427
2026-04-08T16:58:44.245Z,2026-04-08T16:58:44.245Z,92.308,1232,,,,,-8.136001,-8.880846,27.100904,-2.005352,2.521014,4.354479,39.0168765,-104.8922666,2175.36,15.182,8.82,4.73,-0.07,27.14,-207.657,106.098,39.016852,-104.8922839,2179.97,9.98,,32,,,,10.008,,0.07,,-1.500417,1.186605,-9.581097,-0.035,0.043,0.075,280.0,-130.0,407.0,15.41,7.75,208.0,93.0,22.75,,,,,,,,,,,,,,,,,,,,,2026-04-01 14:45:33,True,35.038,10.97,386.118,119.427
2026-04-08T16:58:44.311Z,2026-04-08T16:58:44.311Z,92.374,1233,,,,,-8.708958,-8.938142,27.731157,-4.297183,-2.979381,7.964113,39.0168844,-104.8922611,2175.35,15.171,8.83,4.74,-0.06,27.86,-206.778,106.573,39.0168679,-104.892273,2179.97,10.01,,32,,,,10.022,,0.06,,-1.480804,1.245445,-9.51245,-0.075,-0.052,0.138,279.0,-134.0,406.0,15.41,7.75,208.0,93.0,22.75,,,,,,,,,,,,,,,,,,,,,2026-04-01 14:45:33,True,35.076,10.977,385.868,119.427
2026-04-08T16:58:44.375Z,2026-04-08T16:58:44.375Z,92.438,1234,,,,,-9.167325,-9.167325,28.361411,-5.614986,-4.239888,9.224621,39.0168892,-104.8922579,2175.34,15.167,8.82,4.74,-0.04,28.45,-206.244,106.849,39.0168679,-104.892273,2179.97,10.01,,32,,,,10.013,,0.04,,-1.559257,1.382738,-9.483031,-0.098,-0.074,0.16,279.0,-134.0,406.0,15.26,9.37,209.0,93.0,22.75,,,,,,,,,,,,,,,,,,,,,2026-04-01 14:45:33,True,35.061,10.982,385.868,142.986
2026-04-08T16:58:44.445Z,2026-04-08T16:58:44.445Z,92.508,1235,,,,,-9.453804,-9.281916,28.705186,-5.729578,-2.864789,9.339212,39.0168924,-104.8922557,2175.34,15.162,8.83,4.75,-0.05,28.82,-205.889,107.039,39.0168679,-104.892273,2179.97,10.01,,32,,,,10.027,,0.05,,-1.66713,1.039505,-9.463417,-0.099,-0.05,0.163,279.0,-141.0,402.0,15.26,9.37,209.0,93.0,22.75,,,,,,,,,,,,,,,,,,,,,2026-04-01 14:45:33,True,35.076,10.975,385.535,142.986
2026-04-08T16:58:44.511Z,2026-04-08T16:58:44.511Z,92.574,1236,,,,,-10.026761,-9.339212,29.450031,-0.916732,-4.125296,6.302536,39.0169004,-104.8922502,2175.33,15.154,8.84,4.72,-0.03,29.56,-204.999,107.515,39.0168838,-104.8922621,2179.99,10.02,,32,,,,10.021,,0.03,,-1.804424,1.166991,-9.218251,-0.016,-0.072,0.109,280.0,-150.0,398.0,15.26,9.37,209.0,93.0,22.75,,,,,,,,,,,,,,,,,,,,,2026-04-01 14:45:33,True,35.053,10.984,386.118,142.986
2026-04-08T16:58:44.577Z,2026-04-08T16:58:44.577Z,92.64,1237,,,,,-10.026761,-9.281916,29.793805,2.922085,2.57831,3.552338,39.0169051,-104.8922469,2175.32,15.148,8.83,4.71,-0.02,29.77,-204.476,107.8,39.0168838,-104.8922621,2179.99,10.02,,32,,,,10.008,,0.02,,-1.72597,1.470998,-9.98317,0.051,0.044,0.061,280.0,-150.0,398.0,15.162,10.57,209.0,93.0,22.75,,,,,,,,,,,,,,,,,,,,,2026-04-01 14:45:33,True,35.061,10.982,386.035,160.262
2026-04-08T16:58:44.647Z,2026-04-08T16:58:44.647Z,92.71,1238,,,,,-10.026761,-8.938142,29.793805,2.692902,8.307888,2.005352,39.0169084,-104.8922447,2175.32,15.143,8.85,4.69,-0.05,29.8,-204.109,107.99,39.0168838,-104.8922621,2179.99,10.02,,32,,,,10.016,,0.05,,-1.75539,1.147378,-10.10085,0.046,0.144,0.034,278.0,-154.0,398.0,15.162,10.57,209.0,93.0,22.75,,,,,,,,,,,,,,,,,,,,,2026-04-01 14:45:33,True,35.068,10.975,386.118,160.262
2026-04-08T16:58:44.720Z,2026-04-08T16:58:44.720Z,92.783,1239,,,,,-9.511099,-8.250592,29.621918,5.042029,5.213916,-2.922085,39.0169164,-104.8922393,2175.31,15.134,8.87,4.68,-0.07,29.54,-203.22,108.456,39.0168996,-104.8922512,2180.0,9.97,,32,,,,10.029,,0.07,,-1.549451,1.314091,-9.80665,0.087,0.09,-0.051,274.0,-153.0,401.0,15.162,10.57,209.0,93.0,22.75,,,,,,,,,,,,,,,,,,,,,2026-04-01 14:45:33,True,35.038,10.982,385.952,160.262
2026-04-08T16:58:44.785Z,2026-04-08T16:58:44.785Z,92.848,1240,,,,,-9.224621,-8.136001,29.278143,3.265859,2.807493,-4.698254,39.0169218,-104.8922357,2175.31,15.13,8.88,4.66,-0.08,29.22,-202.619,108.767,39.0168996,-104.8922512,2180.0,9.97,,32,,,,10.028,,0.08,,-1.206218,1.206218,-9.83607,0.056,0.048,-0.082,274.0,-153.0,401.0,15.293,8.93,210.0,93.0,22.75,,,,,,,,,,,,,,,,,,,,,2026-04-01 14:45:33,True,35.023,10.977,385.952,136.566
2026-04-08T16:58:44.865Z,2026-04-08T16:58:44.865Z,92.928,1241,,,,,-9.052733,-8.078705,29.106256,4.354479,1.776169,-4.812845,39.0169244,-104.8922339,2175.3,15.128,8.88,4.65,-0.08,29.05,-202.33,108.923,39.0168996,-104.8922512,2180.0,9.97,,32,,,,10.024,,0.08,,-1.578871,1.196411,-9.414384,0.076,0.03,-0.084,270.0,-149.0,406.0,15.293,8.93,210.0,93.0,22.75,,,,,,,,,,,,,,,,,,,,,2026-04-01 14:45:33,True,35.045,10.965,385.952,136.566
2026-04-08T16:58:44.935Z,2026-04-08T16:58:44.935Z,92.998,1242,,,,,-8.651663,-8.193296,28.476002,1.604282,-3.323155,-5.443099,39.0169338,-104.8922276,2175.3,15.122,8.86,4.65,-0.07,28.42,-201.285,109.467,39.0169155,-104.8922404,2180.02,10.01,,32,,,,10.006,,0.07,,-1.66713,1.333704,-9.590904,0.027,-0.058,-0.095,270.0,-144.0,407.0,15.293,8.93,210.0,93.0,22.75,,,,,,,,,,,,,,,,,,,,,2026-04-01 14:45:33,True,35.068,10.977,385.452,136.566
2026-04-08T16:58:45.007Z,2026-04-08T16:58:45.007Z,93.07,1243,,,,,-8.479775,-8.250592,28.132228,1.260507,-0.171887,-4.583662,39.0169394,-104.8922238,2175.3,15.12,8.84,4.63,-0.06,28.06,-200.662,109.795,39.0169155,-104.8922404,2180.02,10.01,,32,,,,9.979,,0.06,,-1.618097,1.225831,-9.86549,0.022,-0.003,-0.08,272.0,-140.0,408.0,15.293,8.93,210.0,93.0,22.75,,,,,,,,,,,,,,,,,,,,,2026-04-01 14:45:33,True,35.03,10.982,385.868,136.566
2026-04-08T16:58:45.079Z,2026-04-08T16:58:45.079Z,93.142,1244,,,,,-8.42248,-8.307888,27.845749,0.114592,1.432394,-3.323155,39.0169452,-104.89222,2175.29,15.119,8.83,4.6,-0.05,27.78,-200.017,110.124,39.0169155,-104.8922404,2180.02,10.01,,32,,,,9.956,,0.05,,-1.824037,1.059118,-9.649744,0.001,0.024,-0.058,272.0,-140.0,408.0,15.293,8.93,210.0,93.0,22.75,,,,,,,,,,,,,,,,,,,,,2026-04-01 14:45:33,True,35.061,10.975,385.785,136.566
2026-04-08T16:58:45.152Z,2026-04-08T16:58:45.152Z,93.215,1245,,,,,-8.42248,-8.078705,27.616566,1.948057,3.437747,-1.890761,39.0169506,-104.8922164,2175.29,15.119,8.83,4.59,-0.07,27.59,-199.417,110.435,39.0169315,-104.8922297,2180.05,9.97,,32,,,,9.952,,0.07,,-2.10843,1.010085,-9.708584,0.033,0.059,-0.033,275.0,-138.0,407.0,15.236,10.57,211.0,93.0,22.75,,,,,,,,,,,,,,,,,,,,,2026-04-01 14:45:33,True,35.045,10.97,386.035,161.045
2026-04-08T16:58:45.225Z,2026-04-08T16:58:45.225Z,93.288,1246,,,,,-8.250592,-7.849522,27.501974,2.349127,3.495043,-0.859437,39.0169563,-104.8922126,2175.3,15.123,8.81,4.57,-0.09,27.49,-198.783,110.763,39.0169315,-104.8922297,2180.05,9.97,,32,,,,9.925,,0.09,,-1.833844,1.363124,-9.561484,0.041,0.06,-0.015,271.0,-136.0,409.0,15.236,10.57,211.0,93.0,22.75,,,,,,,,,,,,,,,,,,,,,2026-04-01 14:45:33,True,35.061,10.975,386.035,161.045
2026-04-08T16:58:45.303Z,2026-04-08T16:58:45.303Z,93.366,1247,,,,,-8.021409,-7.505747,27.444678,1.833465,4.698254,-0.630254,39.0169624,-104.8922086,2175.31,15.132,8.76,4.54,-0.08,27.41,-198.105,111.108,39.0169473,-104.8922192,2180.07,9.88,,32,,,,9.867,,0.08,,-1.676937,1.363124,-9.610517,0.032,0.081,-0.011,269.0,-134.0,411.0,15.236,10.57,211.0,93.0,23.0,,,,,,,,,,,,,,,,,,,,,2026-04-01 14:45:34,True,35.038,10.97,385.702,161.045
2026-04-08T16:58:45.370Z,2026-04-08T16:58:45.370Z,93.433,1248,,,,,-8.021409,-7.563043,27.444678,1.317803,-4.182592,1.317803,39.0169689,-104.8922043,2175.32,15.145,8.76,4.53,-0.09,27.46,-197.382,111.48,39.0169473,-104.8922192,2180.07,9.88,,32,,,,9.862,,0.09,,-1.716164,1.147378,-9.375157,0.023,-0.073,0.022,269.0,-134.0,411.0,15.239,9.78,212.0,93.0,22.75,,,,,,,,,,,,,,,,,,,,,2026-04-01 14:45:34,True,35.03,10.98,385.952,149.037
2026-04-08T16:58:45.446Z,2026-04-08T16:58:45.446Z,93.509,1249,,,,,-7.964113,-7.505747,27.55927,3.380451,2.062648,2.521014,39.0169721,-104.8922022,2175.33,15.152,8.75,4.53,-0.09,27.55,-197.026,111.661,39.0169473,-104.8922192,2180.07,9.88,,32,,,,9.853,,0.09,,-1.657324,1.363124,-9.57129,0.058,0.035,0.043,267.0,-134.0,412.0,15.239,9.78,212.0,93.0,22.75,,,,,,,,,,,,,,,,,,,,,2026-04-01 14:45:34,True,35.045,10.975,385.868,149.037
2026-04-08T16:58:45.515Z,2026-04-08T16:58:45.515Z,93.578,1250,,,,,-7.276564,-6.474423,27.731157,9.854874,11.229973,3.093972,39.0169799,-104.892197,2175.35,15.175,8.72,4.53,-0.13,27.78,-196.159,112.111,39.0169631,-104.8922087,2180.1,9.85,,32,,,,9.826,,0.13,,-1.363124,1.010085,-10.179303,0.171,0.195,0.053,265.0,-132.0,414.0,15.239,9.78,212.0,93.0,22.75,,,,,,,,,,,,,,,,,,,,,2026-04-01 14:45:34,True,35.03,10.975,386.035,149.037
2026-04-08T16:58:45.581Z,2026-04-08T16:58:45.581Z,93.644,1251,,,,,-6.818198,-5.786874,27.903045,4.927437,8.42248,2.979381,39.0169852,-104.8921935,2175.37,15.193,8.71,4.51,-0.14,27.9,-195.57,112.413,39.0169631,-104.8922087,2180.1,9.85,,32,,,,9.808,,0.14,,-1.343511,1.059118,-9.424191,0.085,0.146,0.051,265.0,-132.0,414.0,15.368,8.22,212.0,93.0,22.75,,,,,,,,,,,,,,,,,,,,,2026-04-01 14:45:34,True,35.045,10.984,385.702,126.325
2026-04-08T16:58:45.660Z,2026-04-08T16:58:45.660Z,93.723,1252,,,,,-6.875494,-5.443099,27.96034,-0.458366,10.198649,3.151268,39.0169878,-104.8921918,2175.38,15.202,8.69,4.51,-0.11,27.98,-195.281,112.56,39.0169631,-104.8922087,2180.1,9.85,,32,,,,9.791,,0.11,,-1.392544,0.872792,-9.355544,-0.007,0.177,0.054,255.0,-128.0,422.0,15.368,8.22,212.0,93.0,22.75,,,,,,,,,,,,,,,,,,,,,2026-04-01 14:45:34,True,35.045,10.961,385.952,126.325
2026-04-08T16:58:45.734Z,2026-04-08T16:58:45.734Z,93.797,1253,,,,,-7.33386,-4.640958,28.246819,-2.119944,3.437747,3.495043,39.0169963,-104.8921861,2175.41,15.23,8.63,4.51,-0.06,28.26,-194.335,113.052,39.0169788,-104.8921982,2180.14,9.85,,32,,,,9.737,,0.06,,-1.166991,1.225831,-8.973085,-0.037,0.059,0.06,249.0,-129.0,425.0,15.368,8.22,212.0,93.0,22.75,,,,,,,,,,,,,,,,,,,,,2026-04-01 14:45:34,True,35.061,10.975,386.118,126.325
2026-04-08T16:58:45.811Z,2026-04-08T16:58:45.811Z,93.874,1254,,,,,-7.505747,-3.896113,28.476002,-2.57831,10.599719,3.552338,39.0170024,-104.8921821,2175.43,15.255,8.6,4.5,-0.03,28.49,-193.657,113.398,39.0169788,-104.8921982,2180.14,9.85,,32,,,,9.706,,0.03,,-1.490611,1.147378,-9.267284,-0.044,0.184,0.062,243.0,-134.0,427.0,15.368,8.22,212.0,93.0,22.75,,,,,,,,,,,,,,,,,,,,,2026-04-01 14:45:34,True,35.038,10.97,385.785,126.325
2026-04-08T16:58:45.886Z,2026-04-08T16:58:45.886Z,93.949,1255,,,,,-7.620339,-2.979381,28.533298,-0.40107,13.750987,1.833465,39.017008,-104.8921783,2175.45,15.272,8.56,4.48,-0.05,28.53,-193.034,113.726,39.0169788,-104.8921982,2180.14,9.85,,32,,,,9.661,,0.05,,-1.618097,1.127765,-9.68897,-0.007,0.239,0.031,243.0,-134.0,427.0,15.368,8.22,212.0,93.0,22.5,,,,,,,,,,,,,,,,,,,,,2026-04-01 14:45:34,True,35.053,10.973,385.785,126.325
2026-04-08T16:58:45.956Z,2026-04-08T16:58:45.956Z,94.019,1256,,,,,-7.505747,-1.718873,28.476002,1.031324,17.475213,0.974028,39.0170139,-104.8921743,2175.47,15.294,8.48,4.44,-0.03,28.46,-192.378,114.072,39.0169944,-104.8921878,2180.17,9.68,,32,,,,9.572,,0.03,,-1.314091,1.559257,-9.51245,0.018,0.304,0.016,235.0,-137.0,430.0,15.335,8.64,213.0,93.0,22.75,,,,,,,,,,,,,,,,,,,,,2026-04-01 14:45:34,True,35.061,10.982,385.868,132.494
2026-04-08T16:58:46.027Z,2026-04-08T16:58:46.027Z,94.09,1257,,,,,-7.505747,-0.802141,28.361411,2.291831,12.719663,-1.031324,39.0170187,-104.8921711,2175.48,15.308,8.41,4.43,-0.04,28.33,-191.845,114.348,39.0169944,-104.8921878,2180.17,9.68,,32,,,,9.505,,0.04,,-1.412158,1.049312,-9.463417,0.04,0.221,-0.018,221.0,-136.0,437.0,15.335,8.64,213.0,93.0,22.75,,,,,,,,,,,,,,,,,,,,,2026-04-01 14:45:34,True,35.015,10.977,385.785,132.494
2026-04-08T16:58:46.099Z,2026-04-08T16:58:46.099Z,94.162,1258,,,,,-7.620339,-0.114592,28.074932,-3.208564,8.42248,-2.922085,39.0170246,-104.8921672,2175.5,15.326,8.32,4.39,-0.01,28.04,-191.189,114.685,39.0169944,-104.8921878,2180.17,9.68,,32,,,,9.407,,0.01,,-1.245445,0.833565,-9.453611,-0.056,0.146,-0.051,211.0,-136.0,441.0,15.335,8.64,213.0,93.0,22.75,,,,,,,,,,,,,,,,,,,,,2026-04-01 14:45:34,True,35.061,10.973,385.369,132.494
2026-04-08T16:58:46.170Z,2026-04-08T16:58:46.170Z,94.233,1259,,,,,-7.620339,0.343775,27.788453,2.922085,6.130648,-4.010705,39.0170299,-104.8921636,2175.51,15.339,8.26,4.33,-0.01,27.71,-190.599,114.996,39.0170098,-104.8921776,2180.18,9.52,,32,,,,9.326,,0.01,,-1.304284,1.372931,-9.532064,0.05,0.106,-0.07,211.0,-136.0,441.0,15.344,8.45,214.0,93.0,22.75,,,,,,,,,,,,,,,,,,,,,2026-04-01 14:45:34,True,35.053,10.975,385.368,129.657
2026-04-08T16:58:46.245Z,2026-04-08T16:58:46.245Z,94.308,1260,,,,,-7.33386,0.630254,27.55927,4.182592,7.448451,-3.323155,39.0170335,-104.8921611,2175.52,15.347,8.2,4.31,-0.01,27.51,-190.199,115.212,39.0170098,-104.8921776,2180.18,9.52,,32,,,,9.264,,0.01,,-0.970858,1.078732,-9.934136,0.072,0.129,-0.058,204.0,-135.0,444.0,15.344,8.45,214.0,93.0,22.75,,,,,,,,,,,,,,,,,,,,,2026-04-01 14:45:35,True,35.038,10.98,386.118,129.657
2026-04-08T16:58:46.316Z,2026-04-08T16:58:46.316Z,94.379,1261,,,,,-7.161972,1.317803,27.387383,-2.062648,5.213916,-0.859437,39.0170408,-104.8921563,2175.54,15.36,8.06,4.24,0.01,27.35,-189.387,115.627,39.0170247,-104.8921675,2180.18,9.23,,32,,,,9.107,,-0.01,,-0.725692,1.029698,-9.492837,-0.035,0.09,-0.014,200.0,-131.0,448.0,15.344,8.45,214.0,93.0,23.0,,,,,,,,,,,,,,,,,,,,,2026-04-01 14:45:35,True,35.038,10.975,385.868,129.657
2026-04-08T16:58:46.387Z,2026-04-08T16:58:46.387Z,94.45,1262,,,,,-7.448451,1.604282,27.330087,-3.437747,3.151268,0.458366,39.0170456,-104.892153,2175.54,15.369,7.98,4.19,0.04,27.35,-188.853,115.912,39.0170247,-104.8921675,2180.18,9.23,,32,,,,9.013,,-0.04,,-1.441578,0.784532,-9.120184,-0.06,0.054,0.008,200.0,-131.0,448.0,15.381,7.15,214.0,93.0,22.75,,,,,,,,,,,,,,,,,,,,,2026-04-01 14:45:35,True,35.008,10.98,385.535,109.974
2026-04-08T16:58:46.469Z,2026-04-08T16:58:46.469Z,94.532,1263,,,,,-7.448451,1.718873,27.387383,-2.750197,3.953409,1.260507,39.017048,-104.8921514,2175.55,15.373,7.95,4.17,0.05,27.38,-188.587,116.05,39.0170247,-104.8921675,2180.18,9.23,,32,,,,8.977,,-0.05,,-1.304284,1.108151,-9.483031,-0.047,0.068,0.021,195.0,-131.0,450.0,15.381,7.15,214.0,93.0,22.75,,,,,,,,,,,,,,,,,,,,,2026-04-01 14:45:35,True,35.023,10.965,385.618,109.974
2026-04-08T16:58:46.544Z,2026-04-08T16:58:46.544Z,94.607,1264,,,,,-7.677634,2.349127,27.55927,-0.859437,5.614986,2.521014,39.0170562,-104.8921459,2175.57,15.393,7.79,4.1,0.1,27.56,-187.675,116.525,39.0170392,-104.8921577,2180.19,9.02,,32,,,,8.803,,-0.1,,-1.206218,1.265058,-9.65955,-0.014,0.097,0.043,193.0,-135.0,450.0,15.381,7.15,214.0,93.0,22.75,,,,,,,,,,,,,,,,,,,,,2026-04-01 14:45:35,True,35.076,10.975,385.785,109.974
2026-04-08T16:58:46.610Z,2026-04-08T16:58:46.610Z,94.673,1265,,,,,-7.620339,3.093972,27.55927,1.145916,9.511099,0.40107,39.0170619,-104.892142,2175.59,15.414,7.69,4.03,0.1,27.51,-187.041,116.862,39.0170392,-104.8921577,2180.19,9.02,,32,,,,8.682,,-0.1,,-1.470998,1.166991,-9.63013,0.02,0.165,0.006,188.0,-136.0,451.0,15.381,7.15,214.0,93.0,23.0,,,,,,,,,,,,,,,,,,,,,2026-04-01 14:45:35,True,35.023,10.98,385.535,109.974
2026-04-08T16:58:46.683Z,2026-04-08T16:58:46.683Z,94.746,1266,,,,,-7.448451,3.66693,27.387383,3.66693,9.969466,-1.375099,39.017066,-104.8921393,2175.6,15.426,7.6,3.96,0.11,27.4,-186.585,117.095,39.0170392,-104.8921577,2180.19,9.02,,32,,,,8.57,,-0.11,,-1.108151,1.068925,-9.590904,0.063,0.173,-0.024,188.0,-136.0,451.0,15.381,7.15,214.0,93.0,22.75,,,,,,,,,,,,,,,,,,,,,2026-04-01 14:45:35,True,35.061,10.977,385.618,109.974
2026-04-08T16:58:46.750Z,2026-04-08T16:58:46.750Z,94.813,1267,,,,,-7.448451,4.010705,27.330087,-1.661578,3.323155,-0.458366,39.0170712,-104.8921358,2175.63,15.452,7.49,3.88,0.14,27.33,-186.007,117.398,39.0170534,-104.8921482,2180.16,8.75,,32,,,,8.435,,-0.14,,-0.961052,1.157185,-9.188831,-0.028,0.057,-0.008,180.0,-135.0,455.0,15.345,7.55,215.0,93.0,22.75,,,,,,,,,,,,,,,,,,,,,2026-04-01 14:45:35,True,35.068,10.98,385.952,115.855
2026-04-08T16:58:46.822Z,2026-04-08T16:58:46.822Z,94.885,1268,,,,,-7.505747,4.125296,27.330087,1.546986,0.744845,0.0,39.0170753,-104.8921331,2175.65,15.47,7.38,3.86,0.17,27.3,-185.551,117.631,39.0170534,-104.8921482,2180.16,8.75,,32,,,,8.329,,-0.17,,-1.078732,1.216025,-9.257478,0.026,0.012,0.0,175.0,-135.0,456.0,15.345,7.55,215.0,93.0,22.75,,,,,,,,,,,,,,,,,,,,,2026-04-01 14:45:35,True,35.038,10.97,385.535,115.855
2026-04-08T16:58:46.896Z,2026-04-08T16:58:46.896Z,94.959,1269,,,,,-7.276564,4.583662,27.272791,2.349127,8.250592,-0.229183,39.0170797,-104.8921301,2175.67,15.491,7.28,3.79,0.19,27.24,-185.062,117.89,39.0170534,-104.8921482,2180.16,8.75,,32,,,,8.207,,-0.19,,-1.402351,0.853179,-9.581097,0.04,0.143,-0.004,175.0,-135.0,456.0,15.345,7.55,215.0,93.0,22.75,,,,,,,,,,,,,,,,,,,,,2026-04-01 14:45:35,True,35.038,10.973,385.952,115.855
2026-04-08T16:58:46.964Z,2026-04-08T16:58:46.964Z,95.027,1270,,,,,-7.219268,5.15662,27.158199,0.916732,7.964113,-0.630254,39.017085,-104.8921266,2175.69,15.514,7.15,3.7,0.22,27.15,-184.472,118.193,39.0170671,-104.8921391,2180.13,8.41,,32,,,,8.051,,-0.22,,-1.166991,1.059118,-9.522257,0.015,0.138,-0.01,174.0,-134.0,457.0,15.301,8.96,215.0,93.0,22.75,,,,,,,,,,,,,,,,,,,,,2026-04-01 14:45:35,True,35.053,10.982,385.785,137.097
2026-04-08T16:58:47.033Z,2026-04-08T16:58:47.033Z,95.096,1271,,,,,-7.047381,5.557691,27.043608,4.583662,9.281916,-1.375099,39.0170882,-104.8921245,2175.7,15.525,7.06,3.65,0.23,27.05,-184.117,118.374,39.0170671,-104.8921391,2180.13,8.41,,32,,,,7.948,,-0.23,,-1.147378,1.000278,-9.639937,0.079,0.161,-0.023,167.0,-132.0,459.0,15.301,8.96,215.0,93.0,22.75,,,,,,,,,,,,,,,,,,,,,2026-04-01 14:45:35,True,35.045,10.97,385.535,137.097
2026-04-08T16:58:47.099Z,2026-04-08T16:58:47.099Z,95.162,1272,,,,,-6.589015,6.474423,26.871721,4.927437,10.141353,-1.260507,39.0170936,-104.8921209,2175.72,15.549,6.91,3.6,0.23,26.84,-183.516,118.685,39.0170671,-104.8921391,2180.13,8.41,,32,,,,7.792,,-0.23,,-1.265058,0.931632,-9.728197,0.086,0.176,-0.022,161.0,-128.0,463.0,15.301,8.96,215.0,93.0,22.75,,,,,,,,,,,,,,,,,,,,,2026-04-01 14:45:35,True,35.023,10.98,385.535,137.097
2026-04-08T16:58:47.165Z,2026-04-08T16:58:47.165Z,95.228,1273,,,,,-6.302536,7.047381,26.757129,3.323155,10.943494,-0.744845,39.0170974,-104.8921184,2175.74,15.567,6.77,3.52,0.24,26.76,-183.094,118.901,39.0170802,-104.8921304,2180.08,8.01,,32,,,,7.63,,-0.24,,-1.039505,0.941438,-9.679164,0.058,0.19,-0.013,161.0,-128.0,463.0,15.328,8.51,216.0,93.0,22.75,,,,,,,,,,,,,,,,,,,,,2026-04-01 14:45:35,True,35.076,10.977,385.702,130.441
2026-04-08T16:58:47.236Z,2026-04-08T16:58:47.236Z,95.299,1274,,,,,-6.187944,7.448451,26.757129,1.661578,7.620339,0.40107,39.0171004,-104.8921165,2175.76,15.581,6.67,3.47,0.26,26.75,-182.76,119.065,39.0170802,-104.8921304,2180.08,8.01,,32,,,,7.519,,-0.26,,-0.902212,1.088538,-9.80665,0.028,0.132,0.006,152.0,-124.0,467.0,15.328,8.51,216.0,93.0,22.75,,,,,,,,,,,,,,,,,,,,,2026-04-01 14:45:35,True,35.061,10.973,385.868,130.441
2026-04-08T16:58:47.309Z,2026-04-08T16:58:47.309Z,95.372,1275,,,,,-6.073353,7.849522,26.871721,1.260507,3.724226,2.406423,39.0171055,-104.8921131,2175.79,15.617,6.5,3.42,0.27,26.86,-182.193,119.359,39.0170927,-104.892122,2180.02,7.64,,32,,,,7.345,,-0.27,,-1.314091,0.833565,-9.257478,0.022,0.064,0.041,147.0,-123.0,469.0,15.328,8.51,216.0,93.0,22.75,,,,,,,,,,,,,,,,,,,,,2026-04-01 14:45:36,True,35.038,10.968,385.452,130.441
2026-04-08T16:58:47.375Z,2026-04-08T16:58:47.375Z,95.438,1276,,,,,-6.130648,8.307888,27.043608,-2.119944,6.187944,3.609634,39.0171096,-104.8921103,2175.82,15.646,6.35,3.35,0.3,27.09,-181.737,119.601,39.0170927,-104.892122,2180.02,7.64,,32,,,,7.179,,-0.3,,-1.000278,1.157185,-9.473224,-0.037,0.107,0.062,147.0,-123.0,469.0,15.336,8.09,216.0,93.0,22.75,,,,,,,,,,,,,,,,,,,,,2026-04-01 14:45:36,True,35.076,10.977,385.868,124.068
2026-04-08T16:58:47.459Z,2026-04-08T16:58:47.459Z,95.522,1277,,,,,-6.187944,8.537071,27.215495,-0.114592,4.870141,4.239888,39.0171118,-104.8921088,2175.85,15.676,6.27,3.32,0.33,27.23,-181.492,119.73,39.0170927,-104.892122,2180.02,7.64,,32,,,,7.095,,-0.33,,-0.735499,0.843372,-9.473224,-0.002,0.084,0.073,141.0,-123.0,470.0,15.336,8.09,216.0,93.0,23.0,,,,,,,,,,,,,,,,,,,,,2026-04-01 14:45:36,True,35.023,10.956,385.452,124.068
2026-04-08T16:58:47.534Z,2026-04-08T16:58:47.534Z,95.597,1278,,,,,-6.531719,8.938142,27.673862,-6.24524,4.010705,4.239888,39.0171178,-104.8921047,2175.92,15.74,6.03,3.24,0.35,27.72,-180.825,120.085,39.0171045,-104.892114,2179.96,7.22,,32,,,,6.845,,-0.35,,-0.804145,0.735499,-9.473224,-0.108,0.069,0.073,137.0,-126.0,470.0,15.336,8.09,216.0,93.0,22.75,,,,,,,,,,,,,,,,,,,,,2026-04-01 14:45:36,True,35.061,10.973,385.535,124.068
2026-04-08T16:58:47.605Z,2026-04-08T16:58:47.605Z,95.668,1279,,,,,-6.703606,9.339212,27.903045,-2.17724,3.838817,2.635606,39.0171219,-104.8921019,2175.98,15.807,5.87,3.16,0.41,27.91,-180.369,120.326,39.0171045,-104.892114,2179.96,7.22,,32,,,,6.667,,-0.41,,-0.480526,0.735499,-9.68897,-0.038,0.066,0.045,133.0,-130.0,470.0,15.336,8.09,216.0,93.0,22.75,,,,,,,,,,,,,,,,,,,,,2026-04-01 14:45:36,True,35.068,10.97,385.702,124.068
2026-04-08T16:58:47.678Z,2026-04-08T16:58:47.678Z,95.741,1280,,,,,-6.760902,9.625691,28.017636,-3.609634,5.213916,1.432394,39.0171256,-104.8920993,2176.02,15.848,5.73,3.09,0.45,28.0,-179.958,120.551,39.0171045,-104.892114,2179.96,7.22,,32,,,,6.51,,-0.45,,-0.608012,1.235638,-9.286898,-0.062,0.09,0.024,133.0,-130.0,470.0,15.336,8.09,216.0,93.0,22.75,,,,,,,,,,,,,,,,,,,,,2026-04-01 14:45:36,True,35.053,10.968,385.785,124.068
2026-04-08T16:58:47.752Z,2026-04-08T16:58:47.752Z,95.815,1281,,,,,-7.047381,10.084057,28.017636,-3.208564,7.849522,0.458366,39.017129,-104.8920969,2176.07,15.896,5.59,3.02,0.48,28.01,-179.58,120.758,39.0171155,-104.8921063,2179.86,6.75,,32,,,,6.354,,-0.48,,-0.558979,1.019892,-9.306511,-0.055,0.136,0.007,130.0,-132.0,470.0,15.325,7.79,217.0,93.0,22.75,,,,,,,,,,,,,,,,,,,,,2026-04-01 14:45:36,True,35.061,10.965,385.702,119.382
2026-04-08T16:58:47.826Z,2026-04-08T16:58:47.826Z,95.889,1282,,,,,-7.161972,10.657015,27.96034,-0.916732,7.563043,0.458366,39.0171324,-104.8920945,2176.12,15.942,5.45,2.96,0.51,27.98,-179.202,120.966,39.0171155,-104.8921063,2179.86,6.75,,32,,,,6.202,,-0.51,,-1.068925,1.265058,-9.110378,-0.016,0.131,0.007,124.0,-135.0,471.0,15.325,7.79,217.0,93.0,22.75,,,,,,,,,,,,,,,,,,,,,2026-04-01 14:45:36,True,35.045,10.973,385.702,119.382
2026-04-08T16:58:47.898Z,2026-04-08T16:58:47.898Z,95.961,1283,,,,,-7.391156,11.229973,27.96034,-2.119944,6.703606,1.145916,39.0171361,-104.8920919,2176.16,15.987,5.28,2.88,0.57,27.98,-178.79,121.19,39.0171259,-104.8920991,2179.75,6.36,,32,,,,6.014,,-0.57,,-0.686466,0.843372,-9.149604,-0.036,0.116,0.019,119.0,-137.0,472.0,15.325,7.79,217.0,93.0,23.0,,,,,,,,,,,,,,,,,,,,,2026-04-01 14:45:36,True,35.053,10.975,385.452,119.382
2026-04-08T16:58:47.972Z,2026-04-08T16:58:47.972Z,96.035,1284,,,,,-7.391156,11.516452,28.017636,0.0,2.119944,0.916732,39.0171394,-104.8920895,2176.2,16.027,5.13,2.81,0.62,28.03,-178.423,121.398,39.0171259,-104.8920991,2179.75,6.36,,32,,,,5.849,,-0.62,,-0.951245,1.166991,-9.169218,0.0,0.036,0.015,119.0,-137.0,472.0,15.3,8.02,218.0,93.0,22.75,,,,,,,,,,,,,,,,,,,,,2026-04-01 14:45:36,True,35.038,10.975,385.369,122.706
2026-04-08T16:58:48.049Z,2026-04-08T16:58:48.049Z,96.112,1285,,,,,-7.448451,11.573747,28.017636,0.343775,0.630254,-0.171887,39.0171417,-104.8920879,2176.23,16.05,5.0,2.76,0.64,28.01,-178.168,121.536,39.0171259,-104.8920991,2179.75,6.36,,32,,,,5.711,,-0.64,,-0.2942,0.676659,-9.129991,0.006,0.009,-0.003,113.0,-139.0,473.0,15.3,8.02,218.0,93.0,23.0,,,,,,,,,,,,,,,,,,,,,2026-04-01 14:45:36,True,35.023,10.963,385.618,122.706
2026-04-08T16:58:48.121Z,2026-04-08T16:58:48.121Z,96.184,1286,,,,,-7.620339,12.032114,27.845749,-3.151268,6.875494,-1.948057,39.017146,-104.8920848,2176.28,16.1,4.81,2.64,0.72,27.81,-177.689,121.804,39.0171356,-104.8920922,2179.61,5.95,,32,,,,5.487,,-0.72,,-0.225553,1.117958,-9.247671,-0.054,0.119,-0.034,112.0,-139.0,473.0,15.3,8.02,218.0,93.0,22.75,,,,,,,,,,,,,,,,,,,,,2026-04-01 14:45:36,True,35.03,10.984,385.285,122.706
2026-04-08T16:58:48.186Z,2026-04-08T16:58:48.186Z,96.249,1287,,,,,-7.73493,12.605071,27.616566,-1.031324,7.792226,-2.119944,39.0171488,-104.8920828,2176.3,16.126,4.65,2.58,0.76,27.61,-177.378,121.977,39.0171356,-104.8920922,2179.61,5.95,,32,,,,5.318,,-0.76,,-0.411879,1.284671,-9.326124,-0.018,0.135,-0.037,112.0,-139.0,473.0,15.279,8.74,218.0,93.0,22.75,,,,,,,,,,,,,,,,,,,,,2026-04-01 14:45:36,True,35.045,10.975,385.785,133.538
2026-04-08T16:58:48.265Z,2026-04-08T16:58:48.265Z,96.328,1288,,,,,-7.73493,12.834255,27.501974,-0.229183,7.563043,-2.57831,39.0171501,-104.8920819,2176.32,16.142,4.59,2.54,0.77,27.45,-177.234,122.054,39.0171356,-104.8920922,2179.61,5.95,,32,,,,5.246,,-0.77,,-0.853179,1.137571,-9.355544,-0.004,0.131,-0.045,106.0,-141.0,474.0,15.279,8.74,218.0,93.0,22.75,,,,,,,,,,,,,,,,,,,,,2026-04-01 14:45:37,True,35.045,10.97,385.702,133.538
2026-04-08T16:58:48.338Z,2026-04-08T16:58:48.338Z,96.401,1289,,,,,-8.021409,13.693691,27.043608,-2.463719,4.984733,-3.093972,39.0171547,-104.8920786,2176.35,16.177,4.31,2.4,0.81,27.02,-176.722,122.339,39.0171445,-104.8920859,2179.43,5.47,,32,,,,4.933,,-0.81,,-0.313813,0.784532,-9.326124,-0.043,0.086,-0.054,100.0,-140.0,475.0,15.279,8.74,218.0,93.0,23.0,,,,,,,,,,,,,,,,,,,,,2026-04-01 14:45:37,True,35.053,10.97,385.868,133.538
2026-04-08T16:58:48.409Z,2026-04-08T16:58:48.409Z,96.472,1290,,,,,-8.021409,13.98017,26.814425,0.515662,4.698254,-3.380451,39.0171573,-104.8920767,2176.38,16.206,4.15,2.31,0.86,26.75,-176.433,122.504,39.0171445,-104.8920859,2179.43,5.47,,32,,,,4.75,,-0.86,,-0.500139,1.157185,-9.443804,-0.001,0.068,-0.052,93.0,-140.0,476.0,15.279,8.74,218.0,93.0,22.75,,,,,,,,,,,,,,,,,,,,,2026-04-01 14:45:37,True,35.045,10.973,385.535,133.538
2026-04-08T16:58:48.482Z,2026-04-08T16:58:48.482Z,96.545,1291,,,,,-8.250592,14.266649,26.642537,-4.354479,4.526367,-1.203211,39.0171599,-104.8920748,2176.39,16.217,3.95,2.21,0.89,26.61,-176.144,122.668,39.0171445,-104.8920859,2179.43,5.47,,32,,,,4.526,,-0.89,,-0.215746,1.078732,-9.532064,-0.075,0.078,-0.021,93.0,-140.0,476.0,15.279,8.74,218.0,93.0,22.75,,,,,,,,,,,,,,,,,,,,,2026-04-01 14:45:37,True,35.061,10.977,385.868,133.538
2026-04-08T16:58:48.559Z,2026-04-08T16:58:48.559Z,96.622,1292,,,,,-8.307888,14.553128,26.47065,0.974028,3.437747,-2.463719,39.0171625,-104.8920729,2176.42,16.243,3.77,2.11,0.91,26.42,-175.855,122.832,39.0171527,-104.8920801,2179.22,4.92,,32,,,,4.32,,-0.91,,-0.411879,1.412158,-9.728197,0.017,0.059,-0.043,92.0,-141.0,476.0,15.257,9.47,219.0,93.0,23.0,,,,,,,,,,,,,,,,,,,,,2026-04-01 14:45:37,True,35.03,10.961,385.618,144.484
2026-04-08T16:58:48.636Z,2026-04-08T16:58:48.636Z,96.699,1293,,,,,-8.479775,14.553128,26.298763,-4.068,-0.229183,-2.692902,39.0171645,-104.8920715,2176.43,16.253,3.61,2.04,0.92,26.23,-175.632,122.953,39.0171527,-104.8920801,2179.22,4.92,,32,,,,4.147,,-0.92,,-0.480526,1.333704,-9.60071,-0.071,-0.004,-0.047,89.0,-142.0,476.0,15.257,9.47,219.0,93.0,22.75,,,,,,,,,,,,,,,,,,,,,2026-04-01 14:45:37,True,35.03,10.975,385.535,144.484
2026-04-08T16:58:48.711Z,2026-04-08T16:58:48.711Z,96.774,1294,,,,,-8.82355,14.782311,26.06958,-4.469071,5.901465,-1.48969,39.0171672,-104.8920695,2176.44,16.263,3.4,1.93,0.98,26.05,-175.332,123.126,39.01716,-104.8920749,2178.98,4.39,,32,,,,3.91,,-0.98,,-0.519752,0.745305,-9.54187,-0.077,0.102,-0.026,90.0,-143.0,475.0,15.257,9.47,219.0,93.0,22.75,,,,,,,,,,,,,,,,,,,,,2026-04-01 14:45:37,True,35.053,10.973,386.285,144.484
2026-04-08T16:58:48.780Z,2026-04-08T16:58:48.780Z,96.843,1295,,,,,-9.052733,14.954198,26.012284,-2.291831,0.974028,-0.859437,39.0171693,-104.892068,2176.43,16.254,3.21,1.8,1.01,25.98,-175.099,123.255,39.01716,-104.8920749,2178.98,4.39,,32,,,,3.68,,-1.01,,-0.156906,1.343511,-9.816457,-0.04,0.015,-0.015,90.0,-143.0,475.0,15.208,10.47,220.0,93.0,22.75,,,,,,,,,,,,,,,,,,,,,2026-04-01 14:45:37,True,35.038,10.973,385.369,159.228
2026-04-08T16:58:48.859Z,2026-04-08T16:58:48.859Z,96.922,1296,,,,,-9.052733,14.896903,25.897692,3.609634,-4.125296,-2.234535,39.0171704,-104.8920672,2176.44,16.261,3.11,1.76,1.0,25.9,-174.976,123.324,39.01716,-104.8920749,2178.98,4.39,,32,,,,3.573,,-1.0,,-0.441299,0.912018,-10.10085,0.063,-0.072,-0.039,86.0,-147.0,475.0,15.208,10.47,220.0,93.0,22.75,,,,,,,,,,,,,,,,,,,,,2026-04-01 14:45:37,True,35.015,10.958,385.702,159.228
2026-04-08T16:58:48.934Z,2026-04-08T16:58:48.934Z,96.997,1297,,,,,-9.396508,14.495832,25.668509,-6.875494,-3.036676,-2.119944,39.0171733,-104.8920651,2176.43,16.25,2.86,1.58,1.0,25.66,-174.654,123.506,39.0171665,-104.8920702,2178.71,3.85,,32,,,,3.267,,-1.0,,-0.411879,0.823759,-9.77723,-0.119,-0.053,-0.037,89.0,-146.0,475.0,15.208,10.47,220.0,93.0,22.75,,,,,,,,,,,,,,,,,,,,,2026-04-01 14:45:37,True,35.045,10.975,385.702,159.228
2026-04-08T16:58:49.007Z,2026-04-08T16:58:49.007Z,97.07,1298,,,,,-9.91217,14.381241,25.668509,-6.531719,0.286479,0.40107,39.0171752,-104.8920638,2176.43,16.253,2.68,1.46,1.02,25.67,-174.443,123.618,39.0171665,-104.8920702,2178.71,3.85,,32,,,,3.052,,-1.02,,-0.098066,0.912018,-9.855683,-0.113,0.003,0.006,91.0,-149.0,473.0,15.208,10.47,220.0,93.0,22.75,,,,,,,,,,,,,,,,,,,,,2026-04-01 14:45:37,True,35.038,10.98,386.118,159.228
2026-04-08T16:58:49.086Z,2026-04-08T16:58:49.086Z,97.149,1299,,,,,-9.740283,14.152058,25.783101,6.64631,-5.729578,0.802141,39.0171769,-104.8920627,2176.41,16.239,2.53,1.35,1.03,25.78,-174.254,123.713,39.0171665,-104.8920702,2178.71,3.85,,32,,,,2.868,,-1.03,,-0.196133,1.284671,-10.10085,0.116,-0.1,0.013,91.0,-149.0,473.0,15.208,10.47,220.0,93.0,22.75,,,,,,,,,,,,,,,,,,,,,2026-04-01 14:45:37,True,35.038,10.963,385.952,159.228
2026-04-08T16:58:49.160Z,2026-04-08T16:58:49.160Z,97.223,1300,,,,,-8.995437,13.865579,25.840397,8.82355,-3.724226,-0.057296,39.0171785,-104.8920616,2176.41,16.233,2.36,1.22,1.01,25.84,-174.076,123.808,39.0171721,-104.8920663,2178.43,3.29,,32,,,,2.657,,-1.01,,-0.196133,1.019892,-10.414662,0.154,-0.065,-0.001,94.0,-153.0,471.0,15.198,10.7,221.0,93.0,23.0,,,,,,,,,,,,,,,,,,,,,2026-04-01 14:45:37,True,35.03,10.97,385.868,162.619
2026-04-08T16:58:49.230Z,2026-04-08T16:58:49.230Z,97.293,1301,,,,,-8.537071,13.349917,25.840397,5.614986,-11.688339,-1.546986,39.0171798,-104.8920608,2176.4,16.221,2.24,1.13,0.98,25.86,-173.931,123.877,39.0171721,-104.8920663,2178.43,3.29,,32,,,,2.509,,-0.98,,0.20594,1.225831,-10.444082,0.098,-0.204,-0.027,96.0,-146.0,473.0,15.198,10.7,221.0,93.0,22.75,,,,,,,,,,,,,,,,,,,,,2026-04-01 14:45:37,True,35.023,10.982,385.785,162.619
2026-04-08T16:58:49.298Z,2026-04-08T16:58:49.298Z,97.361,1302,,,,,-8.136001,12.089409,25.954988,2.005352,-17.818987,-0.802141,39.0171813,-104.8920598,2176.38,16.205,2.13,1.03,0.95,25.96,-173.764,123.964,39.0171769,-104.8920631,2178.15,2.82,,32,,,,2.366,,-0.95,,-0.2942,1.049312,-9.89491,0.035,-0.312,-0.014,105.0,-140.0,473.0,15.198,10.7,221.0,93.0,22.75,,,,,,,,,,,,,,,,,,,,,2026-04-01 14:45:38,True,35.03,10.987,385.368,162.619
2026-04-08T16:58:49.366Z,2026-04-08T16:58:49.366Z,97.429,1303,,,,,-8.307888,11.00079,25.954988,-2.864789,-12.204001,-2.750197,39.0171826,-104.8920591,2176.36,16.187,2.02,0.95,0.96,25.94,-173.62,124.024,39.0171769,-104.8920631,2178.15,2.82,,32,,,,2.232,,-0.96,,-0.372653,1.255251,-9.68897,-0.05,-0.213,-0.048,105.0,-140.0,473.0,15.212,8.77,221.0,93.0,22.75,,,,,,,,,,,,,,,,,,,,,2026-04-01 14:45:38,True,35.038,10.98,385.618,133.409
2026-04-08T16:58:49.438Z,2026-04-08T16:58:49.438Z,97.501,1304,,,,,-8.365184,10.657015,25.840397,3.437747,-4.182592,-3.151268,39.0171835,-104.8920585,2176.35,16.173,1.93,0.92,0.99,25.82,-173.52,124.076,39.0171769,-104.8920631,2178.15,2.82,,32,,,,2.138,,-0.99,,0.26478,0.804145,-9.532064,0.06,-0.073,-0.055,119.0,-139.0,470.0,15.212,8.77,221.0,93.0,22.75,,,,,,,,,,,,,,,,,,,,,2026-04-01 14:45:38,True,35.068,10.977,385.785,133.409
2026-04-08T16:58:49.508Z,2026-04-08T16:58:49.508Z,97.571,1305,,,,,-7.792226,10.657015,25.668509,7.677634,1.890761,-1.948057,39.0171849,-104.8920577,2176.32,16.148,1.82,0.85,0.97,25.65,-173.364,124.145,39.0171812,-104.8920603,2177.91,2.49,,32,,,,2.009,,-0.97,,0.441299,0.764919,-9.77723,0.134,0.032,-0.033,126.0,-137.0,470.0,15.212,8.77,221.0,93.0,22.75,,,,,,,,,,,,,,,,,,,,,2026-04-01 14:45:38,True,35.061,10.98,385.868,133.409
2026-04-08T16:58:49.575Z,2026-04-08T16:58:49.575Z,97.638,1306,,,,,-7.391156,11.058085,25.553918,5.385803,7.391156,-1.317803,39.0171861,-104.892057,2176.29,16.116,1.71,0.8,0.96,25.52,-173.231,124.205,39.0171812,-104.8920603,2177.91,2.49,,32,,,,1.888,,-0.96,,0.215746,0.813952,-9.98317,0.093,0.128,-0.023,126.0,-137.0,470.0,15.159,10.75,222.0,93.0,22.75,,,,,,,,,,,,,,,,,,,,,2026-04-01 14:45:38,True,35.038,10.977,385.868,162.959
2026-04-08T16:58:49.653Z,2026-04-08T16:58:49.653Z,97.716,1307,,,,,-7.104677,11.459156,25.439326,7.563043,10.255945,-2.349127,39.0171867,-104.8920567,2176.28,16.106,1.62,0.76,0.94,25.38,-173.164,124.231,39.0171812,-104.8920603,2177.91,2.49,,32,,,,1.789,,-0.94,,0.166713,1.010085,-10.669635,0.131,0.177,-0.041,123.0,-131.0,472.0,15.159,10.75,222.0,93.0,22.75,,,,,,,,,,,,,,,,,,,,,2026-04-01 14:45:38,True,35.053,10.963,385.702,162.959
2026-04-08T16:58:49.724Z,2026-04-08T16:58:49.724Z,97.787,1308,,,,,-5.901465,12.834255,25.038256,6.531719,10.31324,-1.546986,39.0171882,-104.8920557,2176.23,16.055,1.42,0.69,0.87,25.05,-172.997,124.318,39.0171849,-104.892058,2177.64,2.18,,32,,,,1.579,,-0.87,,-0.333426,1.010085,-10.483309,0.114,0.178,-0.026,114.0,-123.0,477.0,15.159,10.75,222.0,93.0,22.75,,,,,,,,,,,,,,,,,,,,,2026-04-01 14:45:38,True,35.061,10.977,385.702,162.959
2026-04-08T16:58:49.787Z,2026-04-08T16:58:49.787Z,97.85,1309,,,,,-6.016057,12.89155,25.095551,-3.838817,-4.354479,0.572958,39.0171891,-104.8920552,2176.21,16.032,1.27,0.65,0.85,25.09,-172.897,124.361,39.0171849,-104.892058,2177.64,2.18,,32,,,,1.427,,-0.85,,0.156906,1.117958,-10.365629,-0.066,-0.076,0.01,105.0,-116.0,481.0,15.282,9.45,222.0,93.0,23.0,,,,,,,,,,,,,,,,,,,,,2026-04-01 14:45:38,True,35.068,10.977,385.702,144.415
2026-04-08T16:58:49.862Z,2026-04-08T16:58:49.862Z,97.925,1310,,,,,-6.016057,12.719663,25.095551,-4.182592,-7.563043,1.48969,39.0171894,-104.8920551,2176.2,16.022,1.25,0.62,0.82,25.14,-172.864,124.37,39.0171849,-104.892058,2177.64,2.18,,32,,,,1.395,,-0.82,,-0.019613,1.284671,-9.98317,-0.072,-0.132,0.025,105.0,-116.0,481.0,15.282,9.45,222.0,93.0,22.75,,,,,,,,,,,,,,,,,,,,,2026-04-01 14:45:38,True,35.061,10.97,385.868,144.415
2026-04-08T16:58:49.938Z,2026-04-08T16:58:49.938Z,98.001,1311,,,,,-6.703606,11.688339,25.725805,-6.531719,-9.969466,6.187944,39.0171905,-104.8920543,2176.16,15.983,1.03,0.55,0.82,25.8,-172.741,124.439,39.0171881,-104.892056,2177.39,1.74,,32,,,,1.168,,-0.82,,0.333426,0.892405,-10.296982,-0.114,-0.174,0.107,111.0,-121.0,478.0,15.282,9.45,222.0,93.0,22.75,,,,,,,,,,,,,,,,,,,,,2026-04-01 14:45:38,True,35.015,10.965,385.785,144.415
2026-04-08T16:58:50.012Z,2026-04-08T16:58:50.012Z,98.075,1312,,,,,-7.161972,11.00079,26.413354,-8.078705,-9.969466,8.938142,39.0171912,-104.8920538,2176.14,15.967,0.9,0.5,0.79,26.51,-172.663,124.482,39.0171881,-104.892056,2177.39,1.74,,32,,,,1.03,,-0.79,,-0.225553,1.314091,-10.336209,-0.14,-0.175,0.155,117.0,-128.0,474.0,15.282,9.45,222.0,93.0,23.0,,,,,,,,,,,,,,,,,,,,,2026-04-01 14:45:38,True,35.015,10.975,385.868,144.415
2026-04-08T16:58:50.087Z,2026-04-08T16:58:50.087Z,98.15,1313,,,,,-7.620339,10.255945,27.158199,-9.339212,-11.229973,8.82355,39.0171918,-104.8920534,2176.12,15.947,0.81,0.44,0.76,27.21,-172.597,124.516,39.0171881,-104.892056,2177.39,1.74,,32,,,,0.922,,-0.76,,0.353039,0.853179,-10.247949,-0.163,-0.196,0.153,117.0,-128.0,474.0,15.282,9.45,222.0,93.0,22.75,,,,,,,,,,,,,,,,,,,,,2026-04-01 14:45:38,True,35.008,10.965,385.452,144.415
2026-04-08T16:58:50.164Z,2026-04-08T16:58:50.164Z,98.227,1314,,,,,-7.964113,9.740283,27.903045,-2.119944,-6.016057,8.42248,39.0171924,-104.892053,2176.11,15.929,0.72,0.38,0.74,27.95,-172.53,124.551,39.0171905,-104.8920543,2177.12,1.33,,32,,,,0.814,,-0.74,,0.039227,0.970858,-10.002783,-0.037,-0.106,0.146,126.0,-136.0,469.0,15.104,9.67,224.0,93.0,22.75,,,,,,,,,,,,,,,,,,,,,2026-04-01 14:45:38,True,35.061,10.973,385.618,146.056
2026-04-08T16:58:50.243Z,2026-04-08T16:58:50.243Z,98.306,1315,,,,,-7.792226,9.511099,28.361411,0.458366,-3.437747,7.33386,39.0171928,-104.8920527,2176.09,15.911,0.65,0.33,0.73,28.46,-172.486,124.577,39.0171905,-104.8920543,2177.12,1.33,,32,,,,0.729,,-0.73,,0.500139,1.108151,-10.159689,0.007,-0.06,0.127,131.0,-143.0,466.0,15.104,9.67,224.0,93.0,22.75,,,,,,,,,,,,,,,,,,,,,2026-04-01 14:45:39,True,35.03,10.968,385.369,146.056
2026-04-08T16:58:50.315Z,2026-04-08T16:58:50.315Z,98.378,1316,,,,,-7.849522,9.339212,28.934369,1.203211,-2.922085,3.609634,39.0171934,-104.8920522,2176.05,15.876,0.56,0.27,0.7,28.95,-172.419,124.62,39.0171923,-104.8920528,2176.91,1.09,,32,,,,0.622,,-0.7,,0.392266,0.804145,-10.247949,0.02,-0.052,0.062,133.0,-145.0,464.0,15.104,9.67,224.0,93.0,22.75,,,,,,,,,,,,,,,,,,,,,2026-04-01 14:45:39,True,35.045,10.963,385.868,146.056
2026-04-08T16:58:50.382Z,2026-04-08T16:58:50.382Z,98.445,1317,,,,,-7.620339,9.167325,29.106256,2.17724,-1.48969,1.718873,39.0171938,-104.892052,2176.02,15.841,0.53,0.21,0.69,29.08,-172.374,124.637,39.0171923,-104.8920528,2176.91,1.09,,32,,,,0.57,,-0.69,,0.245166,0.696272,-10.149883,0.038,-0.026,0.029,133.0,-145.0,464.0,15.129,9.67,224.0,93.0,22.75,,,,,,,,,,,,,,,,,,,,,2026-04-01 14:45:39,True,35.053,10.98,385.452,146.297
2026-04-08T16:58:50.496Z,2026-04-08T16:58:50.496Z,98.559,1318,,,,,-7.563043,9.167325,29.106256,-0.859437,-1.546986,1.317803,39.017194,-104.8920519,2176.0,15.825,0.51,0.18,0.65,29.16,-172.352,124.646,39.0171923,-104.8920528,2176.91,1.09,,32,,,,0.541,,-0.65,,0.137293,0.912018,-10.10085,-0.015,-0.027,0.022,133.0,-145.0,464.0,15.129,9.67,224.0,93.0,23.0,,,,,,,,,,,,,,,,,,,,,2026-04-01 14:45:39,True,34.962,10.956,385.785,146.297
2026-04-08T16:58:50.568Z,2026-04-08T16:58:50.568Z,98.631,1319,,,,,-7.620339,8.193296,29.507326,-0.687549,-10.714311,0.744845,39.0171947,-104.8920515,2175.89,15.714,0.41,0.08,0.58,29.51,-172.274,124.681,39.0171939,-104.8920517,2176.69,0.94,,32,,,,0.418,,-0.58,,0.372653,0.578592,-10.424469,-0.011,-0.187,0.012,136.0,-145.0,464.0,15.074,8.9,225.0,93.0,23.0,,,,,,,,,,,,,,,,,,,,,2026-04-01 14:45:39,True,35.03,10.975,385.452,134.159
2026-04-08T16:58:50.645Z,2026-04-08T16:58:50.645Z,98.708,1320,,,,,-7.391156,7.849522,29.507326,6.016057,-4.125296,-1.375099,39.017195,-104.8920514,2175.85,15.675,0.38,0.05,0.54,29.49,-172.241,124.689,39.0171939,-104.8920517,2176.69,0.94,,32,,,,0.383,,-0.54,,0.470719,0.951245,-10.257756,0.105,-0.072,-0.024,142.0,-147.0,461.0,15.074,8.9,225.0,93.0,22.75,,,,,,,,,,,,,,,,,,,,,2026-04-01 14:45:39,True,35.053,10.97,386.035,134.159
2026-04-08T16:58:50.717Z,2026-04-08T16:58:50.717Z,98.78,1321,,,,,-6.932789,8.708958,29.220848,4.640958,13.407212,-1.260507,39.0171954,-104.8920513,2175.76,15.589,0.33,0.01,0.54,29.22,-172.196,124.698,39.0171953,-104.892051,2176.49,0.71,,32,,,,0.33,,-0.54,,0.431493,0.676659,-10.091043,0.081,0.233,-0.022,144.0,-142.0,463.0,15.074,8.9,225.0,93.0,22.75,,,,,,,,,,,,,,,,,,,,,2026-04-01 14:45:39,True,35.038,10.968,385.702,134.159
2026-04-08T16:58:50.789Z,2026-04-08T16:58:50.789Z,98.852,1322,,,,,-6.531719,9.224621,29.106256,3.953409,5.042029,-1.145916,39.0171957,-104.8920512,2175.69,15.512,0.29,-0.02,0.51,29.1,-172.163,124.707,39.0171953,-104.892051,2176.49,0.71,,32,,,,0.291,,-0.51,,0.617819,0.823759,-10.208723,0.069,0.087,-0.02,144.0,-142.0,463.0,15.014,10.42,225.0,93.0,22.75,,,,,,,,,,,,,,,,,,,,,2026-04-01 14:45:39,True,35.053,10.975,385.702,156.446
2026-04-08T16:58:50.871Z,2026-04-08T16:58:50.871Z,98.934,1323,,,,,-6.531719,9.339212,29.04896,1.948057,3.781521,-1.890761,39.0171958,-104.8920512,2175.65,15.476,0.28,-0.04,0.49,29.02,-172.152,124.707,39.0171953,-104.892051,2176.49,0.71,,32,,,,0.283,,-0.49,,0.529559,0.872792,-10.424469,0.034,0.065,-0.033,137.0,-139.0,465.0,15.014,10.42,225.0,93.0,22.75,,,,,,,,,,,,,,,,,,,,,2026-04-01 14:45:39,True,35.008,10.97,385.618,156.446
2026-04-08T16:58:50.949Z,2026-04-08T16:58:50.949Z,99.012,1324,,,,,-5.958761,9.339212,28.64789,4.984733,-3.66693,-3.953409,39.0171963,-104.8920511,2175.52,15.34,0.2,-0.07,0.36,28.63,-172.096,124.715,39.0171964,-104.8920507,2176.3,0.59,,32,,,,0.212,,-0.36,,0.921825,1.108151,-11.218808,0.086,-0.064,-0.069,135.0,-135.0,466.0,14.972,10.99,226.0,93.0,23.0,,,,,,,,,,,,,,,,,,,,,2026-04-01 14:45:39,True,35.023,10.968,385.618,164.542
2026-04-08T16:58:51.021Z,2026-04-08T16:58:51.021Z,99.084,1325,,,,,-5.500395,9.167325,28.361411,5.958761,1.432394,-3.66693,39.0171965,-104.8920512,2175.41,15.23,0.14,-0.12,0.3,28.33,-172.074,124.707,39.0171964,-104.8920507,2176.3,0.59,,32,,,,0.184,,-0.3,,0.823759,1.068925,-11.071708,0.104,0.024,-0.064,135.0,-131.0,467.0,14.972,10.99,226.0,93.0,23.0,,,,,,,,,,,,,,,,,,,,,2026-04-01 14:45:39,True,35.068,10.975,385.785,164.542
2026-04-08T16:58:51.097Z,2026-04-08T16:58:51.097Z,99.16,1326,,,,,-5.213916,9.167325,28.074932,2.005352,-2.406423,-4.698254,39.0171967,-104.8920512,2175.32,15.149,0.08,-0.13,0.22,28.01,-172.052,124.707,39.0171964,-104.8920507,2176.3,0.59,,32,,,,0.153,,-0.22,,0.764919,0.970858,-11.248228,0.034,-0.042,-0.082,135.0,-131.0,467.0,14.972,10.99,226.0,93.0,22.75,,,,,,,,,,,,,,,,,,,,,2026-04-01 14:45:39,True,35.045,10.97,385.618,164.542
2026-04-08T16:58:51.167Z,2026-04-08T16:58:51.167Z,99.23,1327,,,,,-5.271212,8.880846,27.616566,1.948057,-2.291831,-6.417127,39.0171969,-104.8920513,2175.22,15.044,0.03,-0.15,0.12,27.52,-172.03,124.698,39.0171973,-104.8920506,2176.12,0.41,,32,,,,0.153,,-0.12,,0.392266,0.872792,-10.787315,0.034,-0.04,-0.112,137.0,-124.0,467.0,14.995,10.61,226.0,93.0,23.0,,,,,,,,,,,,,,,,,,,,,2026-04-01 14:45:39,True,35.038,10.975,386.035,159.097
2026-04-08T16:58:51.245Z,2026-04-08T16:58:51.245Z,99.308,1328,,,,,-5.271212,8.82355,27.272791,4.239888,0.802141,-5.901465,39.017197,-104.8920513,2175.16,14.987,0.0,-0.16,0.07,27.22,-172.019,124.698,39.0171973,-104.8920506,2176.12,0.41,,32,,,,0.16,,-0.07,,0.676659,0.853179,-10.836348,0.073,0.013,-0.103,139.0,-122.0,468.0,14.995,10.61,226.0,93.0,22.75,,,,,,,,,,,,,,,,,,,,,2026-04-01 14:45:40,True,35.045,10.97,385.952,159.097
2026-04-08T16:58:51.322Z,2026-04-08T16:58:51.322Z,99.385,1329,,,,,-4.984733,8.42248,26.814425,-0.343775,-6.589015,-4.870141,39.0171971,-104.8920514,2175.05,14.877,-0.06,-0.19,-0.04,26.77,-172.007,124.689,39.0171979,-104.8920506,2176.03,0.3,,32,,,,0.199,,0.04,,1.078732,1.010085,-11.483587,-0.005,-0.115,-0.085,142.0,-118.0,468.0,14.995,10.61,226.0,93.0,22.75,,,,,,,,,,,,,,,,,,,,,2026-04-01 14:45:40,True,35.023,10.975,385.702,159.097
2026-04-08T16:58:51.390Z,2026-04-08T16:58:51.390Z,99.453,1330,,,,,-4.927437,7.964113,26.527946,2.349127,-4.411775,-4.125296,39.0171971,-104.8920515,2174.99,14.814,-0.11,-0.18,-0.1,26.49,-172.007,124.681,39.0171979,-104.8920506,2176.03,0.3,,32,,,,0.211,,0.1,,0.568786,1.029698,-10.650022,0.041,-0.077,-0.072,142.0,-118.0,468.0,14.986,10.94,227.0,93.0,22.75,,,,,,,,,,,,,,,,,,,,,2026-04-01 14:45:40,True,35.053,10.975,385.618,163.947
2026-04-08T16:58:51.471Z,2026-04-08T16:58:51.471Z,99.534,1331,,,,,-4.984733,7.906818,26.413354,1.031324,-1.604282,-3.724226,39.0171972,-104.8920515,2174.96,14.781,-0.12,-0.18,-0.14,26.36,-171.996,124.681,39.0171979,-104.8920506,2176.03,0.3,,32,,,,0.216,,0.14,,0.735499,0.755112,-11.140354,0.018,-0.028,-0.064,146.0,-115.0,468.0,14.986,10.94,227.0,93.0,22.75,,,,,,,,,,,,,,,,,,,,,2026-04-01 14:45:40,True,35.015,10.968,385.368,163.947
2026-04-08T16:58:51.545Z,2026-04-08T16:58:51.545Z,99.608,1332,,,,,-4.927437,7.677634,25.954988,0.458366,-1.432394,-3.609634,39.0171972,-104.8920516,2174.87,14.691,-0.19,-0.15,-0.3,25.92,-171.996,124.672,39.0171983,-104.8920506,2175.96,0.1,,32,,,,0.242,,0.3,,1.098345,1.068925,-11.130548,0.007,-0.025,-0.063,150.0,-113.0,467.0,14.985,11.17,228.0,93.0,22.75,,,,,,,,,,,,,,,,,,,,,2026-04-01 14:45:40,True,35.045,10.977,385.618,167.382
2026-04-08T16:58:51.617Z,2026-04-08T16:58:51.617Z,99.68,1333,,,,,-4.870141,7.563043,25.668509,-1.145916,-0.630254,-4.010705,39.0171971,-104.8920517,2174.82,14.648,-0.24,-0.17,-0.37,25.61,-172.007,124.663,39.0171983,-104.8920506,2175.96,0.1,,32,,,,0.294,,0.37,,1.019892,1.216025,-11.316874,-0.02,-0.011,-0.07,151.0,-112.0,468.0,14.985,11.17,228.0,93.0,23.0,,,,,,,,,,,,,,,,,,,,,2026-04-01 14:45:40,True,35.03,10.977,385.452,167.382
2026-04-08T16:58:51.693Z,2026-04-08T16:58:51.693Z,99.756,1334,,,,,-5.15662,7.448451,25.38203,-5.901465,-3.495043,-3.66693,39.0171971,-104.8920517,2174.81,14.635,-0.28,-0.15,-0.43,25.38,-172.007,124.663,39.0171983,-104.8920506,2175.96,0.1,,32,,,,0.318,,0.43,,0.588399,0.921825,-10.689248,-0.102,-0.061,-0.064,151.0,-112.0,468.0,14.985,11.17,228.0,93.0,22.75,,,,,,,,,,,,,,,,,,,,,2026-04-01 14:45:40,True,35.068,10.982,385.702,167.382
2026-04-08T16:58:51.763Z,2026-04-08T16:58:51.763Z,99.826,1335,,,,,-5.84417,7.161972,25.210143,-8.594367,-2.349127,-2.635606,39.017197,-104.8920517,2174.8,14.626,-0.3,-0.15,-0.49,25.15,-172.019,124.663,39.0171984,-104.8920507,2175.95,0.03,,32,,,,0.335,,0.49,,0.627626,1.127765,-10.600989,-0.15,-0.041,-0.046,153.0,-112.0,467.0,15.02,10.43,228.0,93.0,23.0,,,,,,,,,,,,,,,,,,,,,2026-04-01 14:45:40,True,35.053,10.98,385.369,156.659
2026-04-08T16:58:51.838Z,2026-04-08T16:58:51.838Z,99.901,1336,,,,,-6.24524,7.104677,25.095551,-7.964113,-2.062648,-2.406423,39.017197,-104.8920517,2174.8,14.629,-0.32,-0.15,-0.51,25.06,-172.019,124.663,39.0171984,-104.8920507,2175.95,0.03,,32,,,,0.353,,0.51,,0.666852,1.196411,-10.679442,-0.138,-0.036,-0.042,155.0,-116.0,465.0,15.02,10.43,228.0,93.0,23.0,,,,,,,,,,,,,,,,,,,,,2026-04-01 14:45:40,True,35.023,10.975,385.785,156.659
2026-04-08T16:58:51.920Z,2026-04-08T16:58:51.920Z,99.983,1337,,,,,-7.047381,6.64631,24.923664,-7.104677,-4.354479,-2.349127,39.0171968,-104.8920518,2174.82,14.644,-0.35,-0.15,-0.57,24.91,-172.041,124.655,39.0171984,-104.8920508,2175.97,0.08,,32,,,,0.381,,0.57,,0.755112,0.794339,-10.247949,-0.124,-0.076,-0.041,158.0,-122.0,463.0,15.02,10.43,228.0,93.0,22.75,,,,,,,,,,,,,,,,,,,,,2026-04-01 14:45:40,True,35.015,10.968,385.119,156.659
2026-04-08T16:58:51.988Z,2026-04-08T16:58:51.988Z,100.051,1338,,,,,-7.448451,6.130648,24.751777,-6.818198,-3.552338,-3.437747,39.0171968,-104.8920518,2174.84,14.667,-0.36,-0.15,-0.61,24.71,-172.041,124.655,39.0171984,-104.8920508,2175.97,0.08,,32,,,,0.39,,0.61,,0.823759,0.804145,-10.287176,-0.119,-0.062,-0.06,158.0,-122.0,463.0,15.102,9.55,229.0,93.0,23.0,,,,,,,,,,,,,,,,,,,,,2026-04-01 14:45:40,True,35.023,10.975,385.618,144.224
2026-04-08T16:58:52.068Z,2026-04-08T16:58:52.068Z,100.131,1339,,,,,-7.505747,6.073353,24.637185,-8.250592,-2.005352,-3.495043,39.0171967,-104.8920518,2174.85,14.677,-0.37,-0.15,-0.6,24.6,-172.052,124.655,39.0171984,-104.8920508,2175.97,0.08,,32,,,,0.399,,0.6,,0.568786,1.363124,-9.98317,-0.143,-0.035,-0.061,161.0,-126.0,462.0,15.102,9.55,229.0,93.0,22.75,,,,,,,,,,,,,,,,,,,,,2026-04-01 14:45:40,True,35.045,10.973,385.535,144.224
2026-04-08T16:58:52.143Z,2026-04-08T16:58:52.143Z,100.206,1340,,,,,-8.880846,5.672282,24.236115,-10.714311,-4.469071,-3.724226,39.0171965,-104.8920519,2174.9,14.72,-0.38,-0.17,-0.58,24.21,-172.074,124.646,39.0171982,-104.8920509,2176.01,0.18,,32,,,,0.416,,0.58,,0.745305,1.225831,-9.237864,-0.186,-0.078,-0.065,165.0,-130.0,459.0,15.102,9.55,229.0,93.0,22.75,,,,,,,,,,,,,,,,,,,,,2026-04-01 14:45:40,True,35.061,10.965,385.618,144.224
2026-04-08T16:58:52.236Z,2026-04-08T16:58:52.236Z,100.299,1341,,,,,-9.511099,5.213916,23.949636,-6.359832,-4.698254,-4.698254,39.0171964,-104.892052,2174.92,14.746,-0.38,-0.19,-0.57,23.9,-172.085,124.637,39.0171982,-104.8920509,2176.01,0.18,,32,,,,0.425,,0.57,,0.578592,1.245445,-9.522257,-0.111,-0.082,-0.081,168.0,-139.0,457.0,15.102,9.55,229.0,93.0,23.0,,,,,,,,,,,,,,,,,,,,,2026-04-01 14:45:40,True,35.023,10.965,385.368,144.224
2026-04-08T16:58:52.307Z,2026-04-08T16:58:52.307Z,100.37,1342,,,,,-10.427832,4.640958,23.605861,-9.453804,-5.328507,-4.927437,39.0171962,-104.8920521,2174.95,14.778,-0.37,-0.19,-0.56,23.55,-172.108,124.629,39.0171982,-104.8920509,2176.01,0.18,,32,,,,0.416,,0.56,,0.529559,1.029698,-9.473224,-0.165,-0.093,-0.086,173.0,-144.0,453.0,15.102,9.55,229.0,93.0,22.75,,,,,,,,,,,,,,,,,,,,,2026-04-01 14:45:41,True,35.023,10.977,386.202,144.224
2026-04-08T16:58:52.378Z,2026-04-08T16:58:52.378Z,100.441,1343,,,,,-11.058085,4.125296,23.319382,-7.505747,-6.64631,-4.640958,39.0171961,-104.8920522,2174.98,14.803,-0.34,-0.24,-0.54,23.28,-172.119,124.62,39.0171978,-104.8920511,2176.09,0.2,,32,,,,0.416,,0.54,,0.500139,1.108151,-9.345737,-0.13,-0.116,-0.081,173.0,-144.0,453.0,15.165,8.89,230.0,93.0,22.75,,,,,,,,,,,,,,,,,,,,,2026-04-01 14:45:41,True,35.023,10.982,385.369,134.817
2026-04-08T16:58:52.461Z,2026-04-08T16:58:52.461Z,100.524,1344,,,,,-11.459156,3.838817,23.204791,-9.568395,-6.875494,-4.354479,39.017196,-104.8920523,2174.99,14.814,-0.33,-0.25,-0.5,23.18,-172.13,124.612,39.0171978,-104.8920511,2176.09,0.2,,32,,,,0.414,,0.5,,0.637432,0.931632,-9.51245,-0.167,-0.12,-0.076,179.0,-149.0,449.0,15.165,8.89,230.0,93.0,23.0,,,,,,,,,,,,,,,,,,,,,2026-04-01 14:45:41,True,35.03,10.954,385.702,134.817
2026-04-08T16:58:52.536Z,2026-04-08T16:58:52.536Z,100.599,1345,,,,,-12.318593,2.57831,22.975608,-8.136001,-11.516452,-4.75555,39.0171959,-104.8920526,2175.02,14.847,-0.26,-0.31,-0.48,22.93,-172.141,124.586,39.0171975,-104.8920515,2176.13,0.3,,32,,,,0.405,,0.48,,0.872792,1.137571,-9.826263,-0.141,-0.201,-0.082,187.0,-154.0,445.0,15.165,8.89,230.0,93.0,22.75,,,,,,,,,,,,,,,,,,,,,2026-04-01 14:45:41,True,35.038,10.961,385.785,134.817
2026-04-08T16:58:52.610Z,2026-04-08T16:58:52.610Z,100.673,1346,,,,,-13.063438,1.48969,22.861016,-11.688339,-12.662367,-2.635606,39.0171959,-104.8920528,2175.04,14.864,-0.18,-0.37,-0.45,22.85,-172.141,124.568,39.0171975,-104.8920515,2176.13,0.3,,32,,,,0.411,,0.45,,0.637432,0.706079,-9.51245,-0.203,-0.221,-0.045,196.0,-160.0,438.0,15.165,8.89,230.0,93.0,23.0,,,,,,,,,,,,,,,,,,,,,2026-04-01 14:45:41,True,35.015,10.975,385.785,134.817
2026-04-08T16:58:52.685Z,2026-04-08T16:58:52.685Z,100.748,1347,,,,,-13.865579,0.916732,22.689129,-7.792226,-4.75555,-4.640958,39.0171959,-104.8920531,2175.06,14.883,-0.14,-0.42,-0.4,22.65,-172.141,124.542,39.0171975,-104.8920515,2176.13,0.3,,32,,,,0.443,,0.4,,0.558979,1.059118,-9.375157,-0.136,-0.082,-0.081,196.0,-160.0,438.0,15.165,8.89,230.0,93.0,22.75,,,,,,,,,,,,,,,,,,,,,2026-04-01 14:45:41,True,35.038,10.984,385.785,134.817
2026-04-08T16:58:52.756Z,2026-04-08T16:58:52.756Z,100.819,1348,,,,,-13.98017,0.630254,22.230762,1.661578,-2.807493,-8.651663,39.017196,-104.8920535,2175.07,14.894,-0.05,-0.45,-0.39,22.1,-172.13,124.508,39.0171973,-104.8920521,2176.17,0.31,,32,,,,0.453,,0.39,,0.470719,1.039505,-9.60071,0.029,-0.049,-0.15,207.0,-167.0,431.0,15.067,10.39,231.0,92.0,22.75,,,,,,,,,,,,,,,,,,,,,2026-04-01 14:45:41,True,35.053,10.97,385.618,156.546
2026-04-08T16:58:52.835Z,2026-04-08T16:58:52.835Z,100.898,1349,,,,,-13.636396,0.171887,21.485917,3.896113,-7.448451,-14.839607,39.0171961,-104.8920538,2175.08,14.904,0.01,-0.49,-0.38,21.32,-172.119,124.482,39.0171973,-104.8920521,2176.17,0.31,,32,,,,0.49,,0.38,,0.323619,1.068925,-9.68897,0.068,-0.13,-0.259,211.0,-166.0,431.0,15.067,10.39,231.0,92.0,23.0,,,,,,,,,,,,,,,,,,,,,2026-04-01 14:45:41,True,35.023,10.965,385.785,156.546
2026-04-08T16:58:52.908Z,2026-04-08T16:58:52.908Z,100.971,1350,,,,,-13.292621,-1.203211,19.423269,8.365184,-11.00079,-31.512679,39.0171963,-104.8920544,2175.09,14.919,0.11,-0.51,-0.37,19.26,-172.096,124.43,39.0171974,-104.892053,2176.21,0.47,,32,,,,0.522,,0.37,,0.647239,1.627904,-9.934136,0.145,-0.192,-0.55,223.0,-159.0,426.0,15.067,10.39,231.0,92.0,22.75,,,,,,,,,,,,,,,,,,,,,2026-04-01 14:45:41,True,35.023,10.973,385.535,156.546
2026-04-08T16:58:52.982Z,2026-04-08T16:58:52.982Z,101.045,1351,,,,,-12.719663,-2.463719,16.902255,4.068,-8.078705,-44.003159,39.0171965,-104.8920548,2175.11,14.931,0.19,-0.58,-0.35,16.45,-172.074,124.396,39.0171974,-104.892053,2176.21,0.47,,32,,,,0.61,,0.35,,0.764919,1.382738,-9.963556,0.071,-0.141,-0.768,223.0,-159.0,426.0,15.005,9.77,231.0,92.0,22.75,,,,,,,,,,,,,,,,,,,,,2026-04-01 14:45:41,True,35.045,10.973,385.535,146.599
2026-04-08T16:58:53.059Z,2026-04-08T16:58:53.059Z,101.122,1352,,,,,-12.834255,-3.036676,15.126086,-5.901465,-5.213916,-49.732737,39.0171967,-104.8920551,2175.11,14.935,0.25,-0.58,-0.34,14.5,-172.052,124.37,39.0171974,-104.892053,2176.21,0.47,,32,,,,0.632,,0.34,,0.402073,1.068925,-9.355544,-0.102,-0.091,-0.868,235.0,-142.0,426.0,15.005,9.77,231.0,92.0,23.0,,,,,,,,,,,,,,,,,,,,,2026-04-01 14:45:41,True,35.061,10.963,385.285,146.599
2026-04-08T16:58:53.130Z,2026-04-08T16:58:53.130Z,101.193,1353,,,,,-13.292621,-3.953409,8.537071,-9.568395,9.396508,-64.285865,39.0171971,-104.8920558,2175.13,14.954,0.4,-0.63,-0.29,7.78,-172.007,124.309,39.0171978,-104.8920543,2176.23,0.72,,32,,,,0.746,,0.29,,0.696272,1.608291,-9.77723,-0.166,0.164,-1.122,248.0,-124.0,425.0,15.005,9.77,231.0,92.0,23.0,,,,,,,,,,,,,,,,,,,,,2026-04-01 14:45:41,True,35.038,10.977,385.452,146.599
2026-04-08T16:58:53.194Z,2026-04-08T16:58:53.194Z,101.257,1354,,,,,-13.636396,-4.182592,3.838817,-9.110029,10.828902,-67.437132,39.0171976,-104.8920564,2175.13,14.958,0.49,-0.66,-0.27,3.16,-171.952,124.257,39.0171978,-104.8920543,2176.23,0.72,,32,,,,0.822,,0.27,,0.362846,1.81423,-9.816457,-0.158,0.188,-1.177,252.0,-104.0,428.0,15.084,9.57,232.0,92.0,22.75,,,,,,,,,,,,,,,,,,,,,2026-04-01 14:45:41,True,35.076,10.982,385.618,144.354
2026-04-08T16:58:53.269Z,2026-04-08T16:58:53.269Z,101.332,1355,,,,,-13.636396,-4.239888,2.463719,-5.385803,11.115381,-67.895499,39.0171977,-104.8920565,2175.14,14.96,0.52,-0.64,-0.29,1.62,-171.941,124.249,39.0171978,-104.8920543,2176.23,0.72,,32,,,,0.825,,0.29,,0.137293,1.588677,-9.247671,-0.093,0.194,-1.185,252.0,-104.0,428.0,15.084,9.57,232.0,92.0,22.75,,,,,,,,,,,,,,,,,,,,,2026-04-01 14:45:42,True,35.03,10.968,385.285,144.354
2026-04-08T16:58:53.340Z,2026-04-08T16:58:53.340Z,101.403,1356,,,,,-12.948846,-5.328507,-5.786874,-1.604282,4.239888,-67.60902,39.0171986,-104.8920575,2175.15,14.971,0.66,-0.72,-0.26,353.65,-171.841,124.162,39.0171987,-104.8920558,2176.24,0.94,,32,,,,0.977,,0.26,,-0.23536,1.922103,-9.60071,-0.027,0.074,-1.18,253.0,-77.0,433.0,15.084,9.57,232.0,92.0,22.75,,,,,,,,,,,,,,,,,,,,,2026-04-01 14:45:42,True,35.068,10.97,385.202,144.354
2026-04-08T16:58:53.410Z,2026-04-08T16:58:53.410Z,101.473,1357,,,,,-12.375888,-5.901465,-10.657015,4.125296,9.167325,-68.69764,39.0171992,-104.8920582,2175.15,14.977,0.73,-0.76,-0.26,348.8,-171.774,124.102,39.0171987,-104.8920558,2176.24,0.94,,32,,,,1.054,,0.26,,-0.17652,1.775004,-9.80665,0.072,0.159,-1.199,254.0,-48.0,437.0,15.084,9.57,232.0,92.0,22.75,,,,,,,,,,,,,,,,,,,,,2026-04-01 14:45:42,True,35.061,10.975,385.952,144.354
2026-04-08T16:58:53.480Z,2026-04-08T16:58:53.480Z,101.543,1358,,,,,-11.516452,-6.359832,-15.527156,4.984733,3.437747,-69.327893,39.0171998,-104.8920589,2175.17,14.995,0.79,-0.78,-0.27,343.7,-171.707,124.041,39.0171987,-104.8920558,2176.24,0.94,,32,,,,1.11,,0.27,,-0.343233,1.421964,-9.914523,0.087,0.06,-1.21,254.0,-48.0,437.0,15.084,9.57,232.0,92.0,23.0,,,,,,,,,,,,,,,,,,,,,2026-04-01 14:45:42,True,35.053,10.973,385.618,144.354
2026-04-08T16:58:53.556Z,2026-04-08T16:58:53.556Z,101.619,1359,,,,,-10.657015,-7.276564,-20.282706,1.833465,-3.781521,-70.817583,39.0172005,-104.8920596,2175.19,15.013,0.85,-0.8,-0.26,338.97,-171.629,123.981,39.0171999,-104.8920576,2176.26,1.11,,32,,,,1.167,,0.26,,-0.558979,1.343511,-9.620324,0.032,-0.066,-1.236,250.0,-14.0,441.0,15.209,9.03,233.0,92.0,23.0,,,,,,,,,,,,,,,,,,,,,2026-04-01 14:45:42,True,35.023,10.973,385.618,137.337
2026-04-08T16:58:53.630Z,2026-04-08T16:58:53.630Z,101.693,1360,,,,,-9.740283,-8.537071,-25.210143,2.463719,-8.365184,-69.041414,39.0172012,-104.8920603,2175.21,15.039,0.9,-0.85,-0.24,334.02,-171.552,123.92,39.0171999,-104.8920576,2176.26,1.11,,32,,,,1.238,,0.24,,-0.990472,1.618097,-9.326124,0.043,-0.146,-1.205,246.0,19.0,442.0,15.209,9.03,233.0,92.0,22.75,,,,,,,,,,,,,,,,,,,,,2026-04-01 14:45:42,True,35.023,10.97,385.369,137.337
2026-04-08T16:58:53.706Z,2026-04-08T16:58:53.706Z,101.769,1361,,,,,-8.479775,-10.026761,-30.252172,5.271212,-7.677634,-61.535667,39.0172019,-104.8920612,2175.25,15.075,0.96,-0.89,-0.24,329.1,-171.474,123.843,39.0172014,-104.8920595,2176.28,1.24,,32,,,,1.309,,0.24,,-0.912018,1.824037,-9.649744,0.091,-0.134,-1.074,247.0,50.0,439.0,15.209,9.03,233.0,92.0,23.0,,,,,,,,,,,,,,,,,,,,,2026-04-01 14:45:42,True,35.03,10.97,385.785,137.337
2026-04-08T16:58:53.773Z,2026-04-08T16:58:53.773Z,101.836,1362,,,,,-6.932789,-11.00079,-34.950426,11.40186,-5.557691,-52.826709,39.0172028,-104.8920621,2175.29,15.113,1.03,-0.91,-0.25,324.52,-171.374,123.765,39.0172014,-104.8920595,2176.28,1.24,,32,,,,1.374,,0.25,,-1.245445,1.078732,-9.708584,0.199,-0.097,-0.922,247.0,50.0,439.0,15.338,9.99,233.0,92.0,23.0,,,,,,,,,,,,,,,,,,,,,2026-04-01 14:45:42,True,35.076,10.987,385.785,153.227
2026-04-08T16:58:53.844Z,2026-04-08T16:58:53.844Z,101.907,1363,,,,,-6.073353,-11.40186,-36.841186,12.662367,-5.042029,-48.414934,39.0172032,-104.8920625,2175.31,15.136,1.06,-0.93,-0.25,322.61,-171.329,123.73,39.0172014,-104.8920595,2176.28,1.24,,32,,,,1.41,,0.25,,-0.941438,1.176798,-9.796843,0.22,-0.088,-0.845,241.0,81.0,439.0,15.338,9.99,233.0,92.0,23.0,,,,,,,,,,,,,,,,,,,,,2026-04-01 14:45:42,True,35.045,10.97,385.535,153.227
2026-04-08T16:58:53.916Z,2026-04-08T16:58:53.916Z,101.979,1364,,,,,-4.698254,-12.605071,-40.622708,3.953409,-13.178029,-34.148285,39.0172042,-104.8920636,2175.35,15.174,1.16,-0.97,-0.25,319.21,-171.218,123.635,39.0172031,-104.8920616,2176.28,1.36,,32,,,,1.512,,0.25,,-1.147378,0.794339,-9.551677,0.069,-0.23,-0.595,237.0,111.0,435.0,15.338,9.99,233.0,92.0,23.0,,,,,,,,,,,,,,,,,,,,,2026-04-01 14:45:42,True,35.053,10.98,385.785,153.227
2026-04-08T16:58:53.984Z,2026-04-08T16:58:53.984Z,102.047,1365,,,,,-4.068,-14.152058,-42.742652,-2.521014,-22.918312,-23.433974,39.0172052,-104.8920646,2175.37,15.198,1.28,-1.01,-0.23,317.11,-171.107,123.549,39.0172031,-104.8920616,2176.28,1.36,,32,,,,1.63,,0.23,,-0.823759,0.862985,-9.875297,-0.043,-0.4,-0.409,237.0,111.0,435.0,15.489,7.79,234.0,92.0,23.0,,,,,,,,,,,,,,,,,,,,,2026-04-01 14:45:42,True,35.045,10.989,385.618,120.659
2026-04-08T16:58:54.085Z,2026-04-08T16:58:54.085Z,102.148,1366,,,,,-4.068,-14.896903,-43.315609,-3.265859,-26.527946,-19.881635,39.0172056,-104.892065,2175.38,15.206,1.32,-1.04,-0.23,316.52,-171.062,123.514,39.0172031,-104.8920616,2176.28,1.36,,32,,,,1.68,,0.23,,-1.274864,1.147378,-8.718112,-0.057,-0.463,-0.346,237.0,128.0,430.0,15.489,7.79,234.0,92.0,22.75,,,,,,,,,,,,,,,,,,,,,2026-04-01 14:45:42,True,35.008,10.965,385.618,120.659
2026-04-08T16:58:54.152Z,2026-04-08T16:58:54.152Z,102.215,1367,,,,,-5.672282,-20.340002,-44.175046,-13.521804,-46.581469,-0.687549,39.0172075,-104.8920668,2175.39,15.217,1.51,-1.12,-0.03,315.85,-170.851,123.359,39.0172051,-104.8920638,2176.3,1.56,,32,,,,1.88,,0.03,,-1.157185,1.078732,-8.806372,-0.235,-0.813,-0.012,253.0,133.0,419.0,15.195,9.9,234.0,92.0,22.75,,,,,,,,,,,,,,,,,,,,,2026-04-01 14:45:42,True,35.045,10.982,385.868,150.43
2026-04-08T16:58:54.219Z,2026-04-08T16:58:54.219Z,102.282,1368,,,,,-6.130648,-22.746424,-43.71668,-2.979381,-36.78389,5.901465,39.0172084,-104.8920676,2175.38,15.205,1.62,-1.18,0.05,316.4,-170.751,123.29,39.0172051,-104.8920638,2176.3,1.56,,32,,,,2.004,,-0.05,,-1.833844,1.098345,-8.521979,-0.051,-0.642,0.102,284.0,125.0,400.0,15.195,9.9,234.0,92.0,22.75,,,,,,,,,,,,,,,,,,,,,2026-04-01 14:45:42,True,35.03,10.98,385.285,150.43
2026-04-08T16:58:54.287Z,2026-04-08T16:58:54.287Z,102.35,1369,,,,,-6.24524,-24.236115,-42.857243,5.786874,-12.261297,11.287269,39.0172094,-104.8920686,2175.35,15.174,1.75,-1.26,0.1,317.26,-170.64,123.203,39.0172051,-104.8920638,2176.3,1.56,,32,,,,2.156,,-0.1,,-1.510224,1.451384,-9.345737,0.101,-0.213,0.196,284.0,125.0,400.0,15.195,9.9,234.0,92.0,22.75,,,,,,,,,,,,,,,,,,,,,2026-04-01 14:45:43,True,35.053,10.98,385.952,150.43
2026-04-08T16:58:54.353Z,2026-04-08T16:58:54.353Z,102.416,1370,,,,,-6.073353,-24.579889,-41.825919,9.110029,-6.589015,14.896903,39.0172107,-104.8920697,2175.29,15.117,1.9,-1.36,0.09,318.39,-170.495,123.108,39.0172076,-104.8920662,2176.29,1.85,,32,,,,2.337,,-0.09,,-1.72597,1.500417,-10.208723,0.158,-0.114,0.26,311.0,119.0,383.0,14.954,16.1,235.0,92.0,23.0,,,,,,,,,,,,,,,,,,,,,2026-04-01 14:45:43,True,35.045,10.98,385.868,240.759
2026-04-08T16:58:54.420Z,2026-04-08T16:58:54.420Z,102.483,1371,,,,,-6.130648,-24.923664,-40.680003,7.391156,-8.708958,17.24603,39.0172118,-104.8920707,2175.23,15.058,2.08,-1.48,0.08,319.59,-170.373,123.022,39.0172076,-104.8920662,2176.29,1.85,,32,,,,2.553,,-0.08,,-1.66713,1.098345,-10.336209,0.128,-0.151,0.3,321.0,117.0,377.0,14.954,16.1,235.0,92.0,22.75,,,,,,,,,,,,,,,,,,,,,2026-04-01 14:45:43,True,35.03,10.975,385.368,240.759
2026-04-08T16:58:54.494Z,2026-04-08T16:58:54.494Z,102.557,1372,,,,,-6.417127,-25.324735,-39.133017,5.672282,-5.099324,20.168114,39.0172132,-104.8920719,2175.16,14.988,2.25,-1.57,0.08,321.07,-170.217,122.918,39.0172076,-104.8920662,2176.29,1.85,,32,,,,2.744,,-0.08,,-2.010363,1.402351,-10.208723,0.099,-0.089,0.352,321.0,117.0,377.0,14.954,16.1,235.0,92.0,23.0,,,,,,,,,,,,,,,,,,,,,2026-04-01 14:45:43,True,35.038,10.97,385.452,240.759
2026-04-08T16:58:54.562Z,2026-04-08T16:58:54.562Z,102.625,1373,,,,,-6.875494,-25.152847,-37.414144,1.375099,3.093972,19.537861,39.0172151,-104.8920735,2175.06,14.885,2.48,-1.72,0.04,322.85,-170.006,122.78,39.0172107,-104.892069,2176.21,2.36,,32,,,,3.018,,-0.04,,-1.627904,1.402351,-10.826542,0.024,0.054,0.341,331.0,112.0,369.0,14.817,16.55,236.0,92.0,23.0,,,,,,,,,,,,,,,,,,,,,2026-04-01 14:45:43,True,35.015,10.975,385.702,245.221
2026-04-08T16:58:54.645Z,2026-04-08T16:58:54.645Z,102.708,1374,,,,,-7.219268,-24.923664,-36.38282,1.432394,2.463719,18.907607,39.0172163,-104.8920746,2175.0,14.829,2.61,-1.8,0.01,323.88,-169.872,122.685,39.0172107,-104.892069,2176.21,2.36,,32,,,,3.171,,-0.01,,-1.637711,1.490611,-10.993255,0.025,0.042,0.329,336.0,103.0,366.0,14.817,16.55,236.0,92.0,23.0,,,,,,,,,,,,,,,,,,,,,2026-04-01 14:45:43,True,35.015,10.963,385.202,245.221
2026-04-08T16:58:54.716Z,2026-04-08T16:58:54.716Z,102.779,1375,,,,,-7.792226,-24.121523,-34.549355,0.171887,9.224621,17.589804,39.0172187,-104.8920767,2174.9,14.727,2.87,-1.95,-0.06,325.65,-169.606,122.504,39.0172146,-104.8920724,2176.16,2.94,,32,,,,3.47,,0.06,,-1.84365,1.539644,-10.855962,0.003,0.161,0.307,340.0,93.0,367.0,14.817,16.55,236.0,92.0,22.75,,,,,,,,,,,,,,,,,,,,,2026-04-01 14:45:43,True,35.053,10.977,385.702,245.221
2026-04-08T16:58:54.779Z,2026-04-08T16:58:54.779Z,102.842,1376,,,,,-8.479775,-23.376678,-33.288848,-2.807493,6.875494,16.042818,39.0172207,-104.8920784,2174.82,14.643,3.07,-2.04,-0.14,326.84,-169.383,122.357,39.0172146,-104.8920724,2176.16,2.94,,32,,,,3.686,,0.14,,-1.588677,1.794617,-11.414941,-0.048,0.119,0.28,340.0,93.0,367.0,14.723,17.69,237.0,92.0,23.0,,,,,,,,,,,,,,,,,,,,,2026-04-01 14:45:43,True,35.045,10.987,385.618,260.45
2026-04-08T16:58:54.853Z,2026-04-08T16:58:54.853Z,102.916,1377,,,,,-8.766254,-23.147495,-32.830482,-2.635606,7.104677,15.06879,39.0172216,-104.8920792,2174.78,14.607,3.15,-2.11,-0.19,327.33,-169.283,122.288,39.0172146,-104.8920724,2176.16,2.94,,32,,,,3.791,,0.19,,-1.480804,1.735777,-11.611074,-0.045,0.123,0.263,338.0,83.0,370.0,14.723,17.69,237.0,92.0,23.0,,,,,,,,,,,,,,,,,,,,,2026-04-01 14:45:43,True,35.053,10.968,385.618,260.45
2026-04-08T16:58:54.918Z,2026-04-08T16:58:54.918Z,102.981,1378,,,,,-9.339212,-21.886988,-31.455383,0.744845,10.886198,11.459156,39.017225,-104.8920819,2174.69,14.515,3.44,-2.26,-0.32,328.62,-168.905,122.054,39.0172195,-104.8920766,2176.16,3.59,,32,,,,4.116,,0.32,,-1.794617,1.549451,-11.444361,0.012,0.189,0.199,336.0,73.0,374.0,14.723,17.69,237.0,92.0,23.0,,,,,,,,,,,,,,,,,,,,,2026-04-01 14:45:43,True,35.053,10.975,385.702,260.45
2026-04-08T16:58:54.984Z,2026-04-08T16:58:54.984Z,103.047,1379,,,,,-9.682987,-21.485917,-30.882425,-3.380451,4.640958,9.625691,39.0172269,-104.8920835,2174.63,14.457,3.57,-2.35,-0.39,329.18,-168.694,121.916,39.0172195,-104.8920766,2176.16,3.59,,32,,,,4.274,,0.39,,-1.824037,1.510224,-11.209001,-0.058,0.081,0.167,336.0,73.0,374.0,14.81,16.58,238.0,92.0,23.0,,,,,,,,,,,,,,,,,,,,,2026-04-01 14:45:43,True,35.068,10.977,385.452,245.55
2026-04-08T16:58:55.058Z,2026-04-08T16:58:55.058Z,103.121,1380,,,,,-9.854874,-21.31403,-30.653242,-3.151268,5.443099,8.365184,39.0172279,-104.8920844,2174.6,14.427,3.64,-2.39,-0.43,329.42,-168.583,121.838,39.0172195,-104.8920766,2176.16,3.59,,32,,,,4.355,,0.43,,-1.922103,1.627904,-10.924608,-0.055,0.094,0.146,330.0,65.0,381.0,14.81,16.58,238.0,92.0,23.0,,,,,,,,,,,,,,,,,,,,,2026-04-01 14:45:43,True,35.015,10.973,385.952,245.55
2026-04-08T16:58:55.133Z,2026-04-08T16:58:55.133Z,103.196,1381,,,,,-10.198649,-20.397298,-30.13758,-1.948057,3.953409,3.093972,39.0172316,-104.8920875,2174.53,14.354,3.86,-2.55,-0.57,329.87,-168.171,121.571,39.0172254,-104.8920814,2176.23,4.13,,32,,,,4.626,,0.57,,-1.745584,1.402351,-11.326681,-0.034,0.069,0.054,328.0,59.0,385.0,14.81,16.58,238.0,92.0,22.75,,,,,,,,,,,,,,,,,,,,,2026-04-01 14:45:43,True,35.053,10.968,385.452,245.55
2026-04-08T16:58:55.205Z,2026-04-08T16:58:55.205Z,103.268,1382,,,,,-10.657015,-20.282706,-30.080284,-6.703606,2.119944,0.40107,39.0172345,-104.8920899,2174.47,14.296,4.01,-2.66,-0.64,329.93,-167.849,121.363,39.0172254,-104.8920814,2176.23,4.13,,32,,,,4.812,,0.64,,-1.912297,1.618097,-10.493116,-0.116,0.036,0.006,324.0,55.0,388.0,14.81,16.58,238.0,92.0,23.0,,,,,,,,,,,,,,,,,,,,,2026-04-01 14:45:43,True,35.045,10.977,386.118,245.55
2026-04-08T16:58:55.272Z,2026-04-08T16:58:55.272Z,103.335,1383,,,,,-11.058085,-19.996227,-30.13758,-3.724226,2.406423,-0.40107,39.0172372,-104.8920921,2174.44,14.269,4.13,-2.74,-0.7,329.86,-167.549,121.173,39.0172254,-104.8920814,2176.23,4.13,,32,,,,4.956,,0.7,,-1.804424,1.686744,-11.012868,-0.064,0.041,-0.007,324.0,55.0,388.0,14.81,16.58,238.0,92.0,23.0,,,,,,,,,,,,,,,,,,,,,2026-04-01 14:45:44,True,35.015,10.984,385.785,245.55
2026-04-08T16:58:55.339Z,2026-04-08T16:58:55.339Z,103.402,1384,,,,,-11.287269,-19.881635,-30.252172,-4.870141,2.119944,-2.119944,39.0172395,-104.892094,2174.42,14.244,4.23,-2.82,-0.75,329.73,-167.293,121.009,39.0172319,-104.892087,2176.34,4.58,,32,,,,5.084,,0.75,,-1.90249,1.480804,-10.836348,-0.085,0.037,-0.036,322.0,51.0,391.0,14.81,16.58,238.0,92.0,23.0,,,,,,,,,,,,,,,,,,,,,2026-04-01 14:45:44,True,35.053,10.98,385.535,245.55
2026-04-08T16:58:55.406Z,2026-04-08T16:58:55.406Z,103.469,1385,,,,,-11.459156,-19.767044,-30.481355,-3.609634,2.864789,-2.864789,39.0172422,-104.8920964,2174.39,14.21,4.34,-2.91,-0.78,329.51,-166.993,120.802,39.0172319,-104.892087,2176.34,4.58,,32,,,,5.225,,0.78,,-2.029977,1.539644,-10.581375,-0.063,0.05,-0.049,319.0,49.0,392.0,14.81,16.58,238.0,92.0,23.0,,,,,,,,,,,,,,,,,,,,,2026-04-01 14:45:44,True,35.038,10.975,385.202,245.55
2026-04-08T16:58:55.478Z,2026-04-08T16:58:55.478Z,103.541,1386,,,,,-11.344564,-19.652452,-30.710538,-0.286479,1.776169,-2.692902,39.0172451,-104.8920989,2174.38,14.2,4.45,-3.01,-0.86,329.23,-166.67,120.586,39.0172319,-104.892087,2176.34,4.58,,32,,,,5.372,,0.86,,-1.882877,1.745584,-10.973641,-0.004,0.03,-0.046,319.0,49.0,392.0,14.81,16.58,238.0,92.0,23.0,,,,,,,,,,,,,,,,,,,,,2026-04-01 14:45:44,True,35.023,10.963,385.285,245.55
2026-04-08T16:58:55.549Z,2026-04-08T16:58:55.549Z,103.612,1387,,,,,-11.516452,-19.709748,-30.997017,-4.297183,-1.317803,-3.437747,39.0172478,-104.8921013,2174.36,14.184,4.55,-3.09,-0.89,328.98,-166.37,120.378,39.0172389,-104.8920932,2176.51,4.89,,32,,,,5.5,,0.89,,-1.912297,1.559257,-10.208723,-0.074,-0.023,-0.059,317.0,49.0,393.0,14.874,15.1,241.0,92.0,23.0,,,,,,,,,,,,,,,,,,,,,2026-04-01 14:45:44,True,35.03,10.968,385.202,224.597
2026-04-08T16:58:55.620Z,2026-04-08T16:58:55.620Z,103.683,1388,,,,,-11.745635,-19.709748,-31.283496,-4.984733,3.208564,-4.068,39.0172508,-104.8921039,2174.35,14.172,4.63,-3.18,-0.93,328.64,-166.036,120.154,39.0172389,-104.8920932,2176.51,4.89,,32,,,,5.617,,0.93,,-2.04959,1.421964,-10.198916,-0.086,0.055,-0.07,316.0,49.0,394.0,14.874,15.1,241.0,92.0,22.75,,,,,,,,,,,,,,,,,,,,,2026-04-01 14:45:44,True,35.061,10.973,385.702,224.597
2026-04-08T16:58:55.701Z,2026-04-08T16:58:55.701Z,103.764,1389,,,,,-11.802931,-19.537861,-31.62727,-0.687549,-1.203211,-3.552338,39.0172537,-104.8921065,2174.35,14.17,4.71,-3.27,-0.94,328.35,-165.714,119.929,39.0172389,-104.8920932,2176.51,4.89,,32,,,,5.734,,0.94,,-2.07901,1.431771,-10.140076,-0.012,-0.021,-0.062,316.0,49.0,394.0,14.874,15.1,241.0,92.0,23.0,,,,,,,,,,,,,,,,,,,,,2026-04-01 14:45:44,True,35.038,10.961,385.452,224.597
2026-04-08T16:58:55.771Z,2026-04-08T16:58:55.771Z,103.834,1390,,,,,-11.745635,-20.110819,-31.856453,1.833465,-7.792226,-3.838817,39.0172572,-104.8921097,2174.34,14.165,4.83,-3.37,-0.97,328.13,-165.325,119.653,39.0172465,-104.8920999,2176.69,5.33,,32,,,,5.889,,0.97,,-1.882877,1.627904,-10.032203,0.032,-0.136,-0.067,315.0,49.0,395.0,14.854,15.66,242.0,92.0,23.0,,,,,,,,,,,,,,,,,,,,,2026-04-01 14:45:44,True,35.045,10.977,385.618,232.614
2026-04-08T16:58:55.847Z,2026-04-08T16:58:55.847Z,103.91,1391,,,,,-11.459156,-20.397298,-31.971045,3.265859,-4.297183,-3.208564,39.0172594,-104.8921116,2174.34,14.167,4.88,-3.42,-0.97,327.99,-165.08,119.488,39.0172465,-104.8920999,2176.69,5.33,,32,,,,5.959,,0.97,,-2.088816,1.529837,-10.238143,0.056,-0.075,-0.056,317.0,50.0,394.0,14.854,15.66,242.0,92.0,23.0,,,,,,,,,,,,,,,,,,,,,2026-04-01 14:45:44,True,35.03,10.963,385.285,232.614
2026-04-08T16:58:55.918Z,2026-04-08T16:58:55.918Z,103.981,1392,,,,,-11.058085,-20.454593,-32.372115,-0.114592,-0.057296,-3.953409,39.0172638,-104.8921157,2174.35,14.179,5.0,-3.51,-1.01,327.59,-164.591,119.134,39.0172546,-104.8921072,2176.9,5.71,,32,,,,6.109,,1.01,,-2.363403,1.500417,-9.80665,-0.002,-0.001,-0.068,320.0,55.0,392.0,14.854,15.66,242.0,92.0,22.75,,,,,,,,,,,,,,,,,,,,,2026-04-01 14:45:44,True,35.015,10.963,385.535,232.614
2026-04-08T16:58:55.986Z,2026-04-08T16:58:55.986Z,104.049,1393,,,,,-10.828902,-20.741072,-32.71589,2.979381,-2.807493,-5.84417,39.0172669,-104.8921185,2174.37,14.189,5.08,-3.57,-1.03,327.24,-164.246,118.892,39.0172546,-104.8921072,2176.9,5.71,,32,,,,6.209,,1.03,,-2.206496,1.549451,-9.757617,0.052,-0.048,-0.101,320.0,55.0,392.0,14.949,14.64,242.0,92.0,23.0,,,,,,,,,,,,,,,,,,,,,2026-04-01 14:45:44,True,35.023,10.97,385.535,218.853
2026-04-08T16:58:56.067Z,2026-04-08T16:58:56.067Z,104.13,1394,,,,,-10.771607,-20.741072,-32.887777,2.291831,0.229183,-5.15662,39.0172683,-104.8921198,2174.37,14.191,5.13,-3.6,-1.02,327.08,-164.09,118.78,39.0172546,-104.8921072,2176.9,5.71,,32,,,,6.267,,1.02,,-2.569342,1.255251,-10.179303,0.039,0.003,-0.09,318.0,59.0,393.0,14.949,14.64,242.0,92.0,23.0,,,,,,,,,,,,,,,,,,,,,2026-04-01 14:45:44,True,35.023,10.958,385.452,218.853
2026-04-08T16:58:56.138Z,2026-04-08T16:58:56.138Z,104.201,1395,,,,,-10.026761,-21.199438,-33.346144,7.276564,-5.672282,-4.583662,39.0172738,-104.8921248,2174.39,14.214,5.29,-3.71,-1.11,326.65,-163.479,118.348,39.0172632,-104.892115,2177.11,6.02,,32,,,,6.461,,1.11,,-2.471276,1.520031,-10.169496,0.127,-0.099,-0.079,318.0,63.0,392.0,14.949,14.64,242.0,92.0,23.0,,,,,,,,,,,,,,,,,,,,,2026-04-01 14:45:44,True,35.053,10.963,385.452,218.853
2026-04-08T16:58:56.217Z,2026-04-08T16:58:56.217Z,104.28,1396,,,,,-9.740283,-21.657805,-33.518031,-1.718873,-6.24524,-3.552338,39.0172771,-104.8921279,2174.4,14.223,5.38,-3.76,-1.1,326.44,-163.112,118.08,39.0172632,-104.892115,2177.11,6.02,,32,,,,6.564,,1.1,,-2.461469,1.892683,-9.061345,-0.029,-0.108,-0.062,318.0,70.0,391.0,14.949,14.64,242.0,92.0,23.0,,,,,,,,,,,,,,,,,,,,,2026-04-01 14:45:44,True,35.03,10.963,385.285,218.853
2026-04-08T16:58:56.287Z,2026-04-08T16:58:56.287Z,104.35,1397,,,,,-10.31324,-22.517241,-33.518031,-9.453804,-10.427832,-0.0,39.017281,-104.8921313,2174.42,14.244,5.46,-3.78,-1.05,326.51,-162.678,117.787,39.0172632,-104.892115,2177.11,6.02,,32,,,,6.641,,1.05,,-2.500696,1.480804,-8.992698,-0.164,-0.182,0.0,318.0,70.0,391.0,14.949,14.64,242.0,92.0,23.0,,,,,,,,,,,,,,,,,,,,,2026-04-01 14:45:45,True,35.038,10.97,386.118,218.853
2026-04-08T16:58:56.359Z,2026-04-08T16:58:56.359Z,104.422,1398,,,,,-11.229973,-23.262086,-33.288848,-12.948846,-12.318593,1.776169,39.0172844,-104.8921344,2174.43,14.259,5.54,-3.83,-1.01,326.79,-162.3,117.519,39.0172722,-104.8921232,2177.35,6.25,,32,,,,6.735,,1.01,,-2.667409,1.431771,-8.953471,-0.226,-0.215,0.031,325.0,70.0,385.0,14.971,13.35,244.0,92.0,23.0,,,,,,,,,,,,,,,,,,,,,2026-04-01 14:45:45,True,35.015,10.973,385.452,199.863
2026-04-08T16:58:56.435Z,2026-04-08T16:58:56.435Z,104.498,1399,,,,,-12.032114,-23.89234,-32.945073,-8.365184,-12.375888,2.463719,39.0172875,-104.8921371,2174.45,14.272,5.61,-3.9,-0.98,327.11,-161.955,117.285,39.0172722,-104.8921232,2177.35,6.25,,32,,,,6.832,,0.98,,-2.687022,1.657324,-8.973085,-0.145,-0.215,0.042,334.0,62.0,378.0,14.971,13.35,244.0,92.0,23.0,,,,,,,,,,,,,,,,,,,,,2026-04-01 14:45:45,True,35.023,10.963,385.119,199.863
2026-04-08T16:58:56.508Z,2026-04-08T16:58:56.508Z,104.571,1400,,,,,-12.089409,-24.866368,-32.544003,2.062648,-7.505747,2.521014,39.0172919,-104.8921411,2174.46,14.282,5.72,-3.98,-0.94,327.51,-161.466,116.94,39.0172722,-104.8921232,2177.35,6.25,,32,,,,6.968,,0.94,,-2.490889,1.470998,-9.502644,0.036,-0.131,0.043,344.0,56.0,373.0,14.971,13.35,244.0,92.0,23.0,,,,,,,,,,,,,,,,,,,,,2026-04-01 14:45:45,True,35.053,10.968,385.202,199.863
2026-04-08T16:58:56.577Z,2026-04-08T16:58:56.577Z,104.64,1401,,,,,-12.375888,-25.152847,-32.257524,-2.291831,-5.84417,2.807493,39.0172956,-104.8921444,2174.48,14.3,5.81,-4.06,-0.92,327.8,-161.055,116.655,39.0172816,-104.8921317,2177.6,6.45,,32,,,,7.088,,0.92,,-2.422243,1.618097,-9.424191,-0.039,-0.102,0.049,344.0,56.0,373.0,14.911,14.74,245.0,92.0,23.0,,,,,,,,,,,,,,,,,,,,,2026-04-01 14:45:45,True,35.045,10.968,385.702,219.788
2026-04-08T16:58:56.654Z,2026-04-08T16:58:56.654Z,104.717,1402,,,,,-12.433184,-25.38203,-32.028341,0.343775,-8.479775,3.093972,39.0172976,-104.8921462,2174.48,14.301,5.87,-4.11,-0.89,328.0,-160.832,116.499,39.0172816,-104.8921317,2177.6,6.45,,32,,,,7.166,,0.89,,-2.490889,1.657324,-9.110378,0.006,-0.148,0.053,348.0,54.0,368.0,14.911,14.74,245.0,92.0,23.0,,,,,,,,,,,,,,,,,,,,,2026-04-01 14:45:45,True,35.045,10.965,385.702,219.788
2026-04-08T16:58:56.725Z,2026-04-08T16:58:56.725Z,104.788,1403,,,,,-12.49048,-25.496622,-31.799158,2.17724,-0.057296,0.343775,39.0173034,-104.8921514,2174.51,14.33,6.0,-4.22,-0.84,328.21,-160.187,116.05,39.0172913,-104.8921405,2177.84,6.71,,32,,,,7.335,,0.84,,-2.863542,1.402351,-9.139798,0.038,0.0,0.005,352.0,52.0,364.0,14.911,14.74,245.0,92.0,23.0,,,,,,,,,,,,,,,,,,,,,2026-04-01 14:45:45,True,35.038,10.973,385.452,219.788
2026-04-08T16:58:58.373Z,2026-04-08T16:58:58.373Z,106.436,1404,,,,,-12.49048,-25.840397,-31.741862,1.604282,-6.016057,-0.286479,39.0173069,-104.8921547,2174.52,14.341,6.09,-4.29,-0.8,328.29,-159.798,115.765,39.0172913,-104.8921405,2177.84,6.71,,32,,,,7.449,,0.8,,-2.608569,1.480804,-8.875018,0.028,-0.105,-0.005,354.0,52.0,362.0,14.781,16.31,246.0,92.0,23.0,,,,,,,,,,,,,,,,,,,,,2026-04-01 14:45:47,True,34.932,10.968,385.702,241.078
2026-04-08T16:58:58.473Z,2026-04-08T16:58:58.473Z,106.536,1405,,,,,-12.375888,-25.954988,-31.741862,2.57831,-6.474423,-1.317803,39.0173081,-104.8921558,2174.52,14.347,6.1,-4.33,-0.79,328.29,-159.665,115.67,39.0172913,-104.8921405,2177.84,6.71,,32,,,,7.481,,0.79,,-2.490889,1.627904,-8.894632,0.045,-0.112,-0.023,354.0,52.0,362.0,14.696,18.98,247.0,92.0,23.0,,,,,,,,,,,,,,,,,,,,,2026-04-01 14:45:47,True,35.0,10.961,385.452,278.93
2026-04-08T16:58:58.555Z,2026-04-08T16:58:58.555Z,106.618,1406,,,,,-11.172677,-26.241467,-31.913749,1.546986,6.64631,-0.974028,39.0173192,-104.8921659,2174.58,14.403,6.42,-4.54,-0.75,328.08,-158.431,114.797,39.0173015,-104.8921497,2178.06,7.11,,32,,,,7.863,,0.75,,-2.471276,1.66713,-9.934136,0.027,0.115,-0.017,360.0,59.0,356.0,14.878,15.22,247.0,92.0,23.0,,,,,,,,,,,,,,,,,,,,,2026-04-01 14:45:47,True,35.023,10.963,385.202,226.443
2026-04-08T16:58:58.653Z,2026-04-08T16:58:58.653Z,106.716,1407,,,,,-10.485128,-26.241467,-32.372115,-5.557691,-11.00079,-1.546986,39.0173308,-104.8921765,2174.65,14.472,6.74,-4.68,-0.66,327.63,-157.141,113.882,39.0173122,-104.8921596,2178.27,7.52,,32,,,,8.205,,0.66,,-2.598762,1.75539,-8.061066,-0.097,-0.191,-0.027,353.0,68.0,361.0,14.567,21.86,249.0,92.0,23.0,,,,,,,,,,,,,,,,,,,,,2026-04-01 14:45:47,True,35.023,10.965,385.535,318.435
2026-04-08T16:58:58.745Z,2026-04-08T16:58:58.745Z,106.808,1408,,,,,-11.229973,-25.783101,-32.830482,-3.265859,6.589015,-1.661578,39.0173429,-104.8921874,2174.68,14.503,7.03,-4.85,-0.6,327.16,-155.795,112.94,39.0173235,-104.8921699,2178.48,7.86,,32,,,,8.541,,0.6,,-2.873348,1.431771,-9.610517,-0.056,0.114,-0.029,358.0,62.0,358.0,14.663,18.95,250.0,92.0,23.0,,,,,,,,,,,,,,,,,,,,,2026-04-01 14:45:47,True,35.008,10.963,385.702,277.864
2026-04-08T16:58:58.831Z,2026-04-08T16:58:58.831Z,106.894,1409,,,,,-10.943494,-24.98096,-32.887777,1.776169,7.906818,1.833465,39.0173555,-104.8921988,2174.69,14.51,7.25,-5.06,-0.58,327.1,-154.394,111.955,39.0173353,-104.8921807,2178.67,8.17,,32,,,,8.841,,0.58,,-2.814509,1.69655,-9.738003,0.031,0.138,0.032,350.0,62.0,363.0,14.711,17.91,251.0,92.0,23.0,,,,,,,,,,,,,,,,,,,,,2026-04-01 14:45:47,True,35.0,10.954,385.369,263.474
2026-04-08T16:58:58.920Z,2026-04-08T16:58:58.920Z,106.983,1410,,,,,-10.943494,-23.835044,-33.174256,-3.036676,6.875494,-2.062648,39.0173686,-104.8922106,2174.72,14.541,7.47,-5.18,-0.59,326.78,-152.938,110.936,39.0173476,-104.8921918,2178.83,8.61,,32,,,,9.09,,0.59,,-3.098901,1.882877,-9.581097,-0.052,0.12,-0.035,343.0,64.0,370.0,14.804,16.76,252.0,92.0,23.0,,,,,,,,,,,,,,,,,,,,,2026-04-01 14:45:47,True,35.023,10.954,385.119,248.115
2026-04-08T16:58:59.943Z,2026-04-08T16:58:59.943Z,108.006,1411,,,,,-11.00079,-23.147495,-33.174256,1.661578,-1.661578,2.349127,39.0173821,-104.8922227,2174.78,14.606,7.65,-5.24,-0.59,326.84,-151.436,109.89,39.0173604,-104.8922035,2179.03,8.77,,32,,,,9.273,,0.59,,-3.089095,1.72597,-8.855405,0.029,-0.029,0.041,335.0,63.0,378.0,14.81,16.3,253.0,92.0,23.0,,,,,,,,,,,,,,,,,,,,,2026-04-01 14:45:48,True,34.894,10.965,385.202,241.403
2026-04-08T16:59:00.032Z,2026-04-08T16:59:00.032Z,108.095,1412,,,,,-11.974818,-22.517241,-32.486707,-4.469071,6.703606,6.016057,39.0173957,-104.8922348,2174.84,14.668,7.78,-5.33,-0.58,327.62,-149.924,108.845,39.0173736,-104.8922152,2179.2,9.09,,32,,,,9.431,,0.58,,-3.187161,1.608291,-9.228058,-0.078,0.116,0.105,335.0,58.0,378.0,14.772,15.76,253.0,92.0,23.0,,,,,,,,,,,,,,,,,,,,,2026-04-01 14:45:48,True,34.992,10.965,385.535,232.807
2026-04-08T16:59:00.116Z,2026-04-08T16:59:00.116Z,108.179,1413,,,,,-13.292621,-22.631833,-31.054312,-4.125296,-1.776169,5.672282,39.0174095,-104.892247,2174.92,14.742,7.87,-5.33,-0.45,329.04,-148.39,107.791,39.017387,-104.8922273,2179.39,9.08,,32,,,,9.505,,0.45,,-3.246001,2.02017,-7.75706,-0.071,-0.031,0.098,336.0,45.0,379.0,14.605,18.85,255.0,92.0,23.0,,,,,,,,,,,,,,,,,,,,,2026-04-01 14:45:48,True,35.015,10.951,385.785,275.304
2026-04-08T16:59:00.200Z,2026-04-08T16:59:00.200Z,108.263,1414,,,,,-13.865579,-22.345354,-30.424059,-2.692902,2.750197,0.802141,39.0174235,-104.8922593,2174.97,14.797,7.95,-5.4,-0.32,329.58,-146.833,106.728,39.0174006,-104.8922393,2179.55,9.26,,32,,,,9.611,,0.32,,-2.726249,2.118236,-8.502366,-0.046,0.048,0.014,339.0,35.0,378.0,14.658,19.5,256.0,92.0,23.0,,,,,,,,,,,,,,,,,,,,,2026-04-01 14:45:48,True,35.008,10.961,385.369,285.831
2026-04-08T16:59:00.285Z,2026-04-08T16:59:00.285Z,108.348,1415,,,,,-13.178029,-20.798368,-30.767834,6.016057,11.688339,-1.432394,39.0174377,-104.8922717,2174.99,14.811,8.06,-5.5,-0.36,329.16,-145.254,105.657,39.0174146,-104.8922514,2179.68,9.47,,32,,,,9.758,,0.36,,-3.089095,2.04959,-10.061623,0.105,0.203,-0.025,333.0,36.0,383.0,15.024,12.11,256.0,92.0,23.25,,,,,,,,,,,,,,,,,,,,,2026-04-01 14:45:49,True,35.008,10.97,385.785,181.941
2026-04-08T16:59:00.368Z,2026-04-08T16:59:00.368Z,108.431,1416,,,,,-12.948846,-19.537861,-31.684566,-3.896113,1.203211,-2.57831,39.0174521,-104.8922844,2175.02,14.844,8.13,-5.58,-0.4,328.3,-143.653,104.56,39.0174288,-104.8922638,2179.83,9.57,,32,,,,9.861,,0.4,,-3.108708,1.735777,-8.894632,-0.067,0.02,-0.044,315.0,43.0,397.0,14.644,17.77,257.0,92.0,23.0,,,,,,,,,,,,,,,,,,,,,2026-04-01 14:45:49,True,35.03,10.963,385.868,260.224
2026-04-08T16:59:00.455Z,2026-04-08T16:59:00.455Z,108.518,1417,,,,,-13.922874,-19.82434,-31.971045,-0.572958,7.219268,-1.661578,39.0174666,-104.8922973,2175.05,14.872,8.15,-5.65,-0.29,327.98,-142.04,103.446,39.0174431,-104.8922764,2179.97,9.7,,32,,,,9.917,,0.29,,-3.049868,1.863264,-9.041731,-0.009,0.125,-0.028,321.0,36.0,392.0,14.873,15.12,258.0,92.0,23.0,,,,,,,,,,,,,,,,,,,,,2026-04-01 14:45:49,True,35.015,10.963,385.868,224.88
2026-04-08T16:59:00.543Z,2026-04-08T16:59:00.543Z,108.606,1418,,,,,-13.5791,-19.13679,-32.429411,-0.687549,-3.66693,-1.08862,39.0174811,-104.8923104,2175.09,14.914,8.15,-5.73,-0.22,327.55,-140.428,102.314,39.0174576,-104.8922893,2180.1,9.84,,32,,,,9.963,,0.22,,-2.873348,1.627904,-8.267006,-0.011,-0.064,-0.019,310.0,40.0,399.0,14.582,19.16,259.0,92.0,23.0,,,,,,,,,,,,,,,,,,,,,2026-04-01 14:45:49,True,35.03,10.956,385.868,279.391
2026-04-08T16:59:00.632Z,2026-04-08T16:59:00.632Z,108.695,1419,,,,,-12.719663,-18.907607,-32.601299,4.469071,6.24524,-1.203211,39.0174956,-104.8923238,2175.14,14.96,8.12,-5.85,-0.15,327.33,-138.816,101.156,39.017472,-104.8923024,2180.21,9.83,,32,,,,10.008,,0.15,,-2.902768,1.618097,-9.198638,0.078,0.108,-0.021,313.0,42.0,396.0,14.848,15.96,260.0,92.0,23.0,,,,,,,,,,,,,,,,,,,,,2026-04-01 14:45:49,True,35.015,10.956,385.535,236.974
2026-04-08T16:59:00.723Z,2026-04-08T16:59:00.723Z,108.786,1420,,,,,-10.714311,-16.902255,-33.575327,5.328507,7.448451,-2.635606,39.01751,-104.8923375,2175.19,15.018,8.11,-5.92,-0.17,326.4,-137.215,99.973,39.0174864,-104.8923157,2180.31,9.92,,32,,,,10.041,,0.17,,-2.834122,1.676937,-9.139798,0.093,0.129,-0.045,297.0,57.0,407.0,14.87,15.32,261.0,92.0,23.0,,,,,,,,,,,,,,,,,,,,,2026-04-01 14:45:49,True,35.0,10.965,385.368,227.808
2026-04-08T16:59:00.813Z,2026-04-08T16:59:00.813Z,108.876,1421,,,,,-9.453804,-16.959551,-34.320172,0.171887,-4.068,-2.57831,39.0175244,-104.8923512,2175.27,15.094,8.09,-5.91,-0.12,325.68,-135.613,98.789,39.0175009,-104.8923293,2180.39,9.96,,32,,,,10.019,,0.12,,-2.853735,1.274864,-8.914245,0.003,-0.071,-0.045,291.0,70.0,410.0,14.853,15.57,262.0,92.0,23.0,,,,,,,,,,,,,,,,,,,,,2026-04-01 14:45:49,True,35.038,10.968,385.535,231.261
2026-04-08T16:59:00.898Z,2026-04-08T16:59:00.898Z,108.961,1422,,,,,-8.880846,-17.188734,-34.606651,4.010705,0.687549,-1.260507,39.0175387,-104.8923647,2175.35,15.172,8.09,-5.86,-0.08,325.37,-134.023,97.623,39.0175153,-104.8923428,2180.48,9.9,,32,,,,9.989,,0.08,,-2.677215,1.608291,-9.139798,0.07,0.01,-0.022,293.0,75.0,406.0,15.075,12.34,263.0,92.0,23.0,,,,,,,,,,,,,,,,,,,,,2026-04-01 14:45:49,True,35.038,10.963,386.118,186.025
2026-04-08T16:59:00.988Z,2026-04-08T16:59:00.988Z,109.051,1423,,,,,-7.906818,-16.902255,-34.377468,0.802141,2.119944,3.896113,39.0175531,-104.8923781,2175.44,15.26,8.12,-5.78,-0.1,325.68,-132.422,96.465,39.0175297,-104.8923563,2180.53,9.91,,32,,,,9.967,,0.1,,-2.863542,1.559257,-9.090765,0.014,0.036,0.067,289.0,84.0,408.0,15.154,9.41,263.0,92.0,23.0,,,,,,,,,,,,,,,,,,,,,2026-04-01 14:45:49,True,34.992,10.963,385.535,142.599
2026-04-08T16:59:01.073Z,2026-04-08T16:59:01.073Z,109.136,1424,,,,,-9.224621,-17.704396,-33.059665,-11.688339,-11.058085,6.932789,39.0175677,-104.8923912,2175.52,15.344,8.18,-5.67,0.05,327.07,-130.799,95.333,39.0175442,-104.8923697,2180.6,9.91,,32,,,,9.953,,-0.05,,-2.863542,1.882877,-7.55112,-0.204,-0.193,0.121,292.0,78.0,407.0,15.048,11.81,264.0,91.0,23.0,,,,,,,,,,,,,,,,,,,,,2026-04-01 14:45:49,True,35.03,10.963,385.868,177.717
2026-04-08T16:59:01.157Z,2026-04-08T16:59:01.157Z,109.22,1425,,,,,-10.657015,-17.532509,-31.512679,-1.776169,5.614986,6.417127,39.0175824,-104.8924042,2175.54,15.368,8.27,-5.62,0.09,328.52,-129.164,94.21,39.0175588,-104.8923829,2180.65,9.91,,32,,,,9.999,,-0.09,,-2.608569,2.186883,-8.963278,-0.03,0.097,0.112,302.0,62.0,403.0,15.223,8.72,264.0,91.0,23.0,,,,,,,,,,,,,,,,,,,,,2026-04-01 14:45:49,True,35.038,10.965,386.035,132.745
2026-04-08T16:59:01.248Z,2026-04-08T16:59:01.248Z,109.311,1426,,,,,-11.058085,-15.985522,-31.283496,-2.463719,4.812845,1.604282,39.0175973,-104.892417,2175.53,15.358,8.31,-5.59,0.1,328.7,-127.507,93.104,39.0175736,-104.892396,2180.68,9.99,,32,,,,10.015,,-0.1,,-2.883155,1.833844,-9.071151,-0.042,0.083,0.027,291.0,55.0,413.0,15.123,9.92,265.0,91.0,23.25,,,,,,,,,,,,,,,,,,,,,2026-04-01 14:45:50,True,35.008,10.965,385.535,150.02
2026-04-08T16:59:01.328Z,2026-04-08T16:59:01.328Z,109.391,1427,,,,,-12.318593,-15.584452,-31.62727,-0.687549,1.661578,-3.609634,39.0176122,-104.8924299,2175.5,15.323,8.26,-5.63,0.17,328.3,-125.85,91.99,39.0175885,-104.892409,2180.71,9.99,,32,,,,9.996,,-0.17,,-2.814509,1.647517,-9.237864,-0.011,0.028,-0.062,287.0,45.0,415.0,15.123,9.92,265.0,91.0,23.0,,,,,,,,,,,,,,,,,,,,,2026-04-01 14:45:50,True,35.038,10.965,386.035,150.02
2026-04-08T16:59:01.389Z,2026-04-08T16:59:01.389Z,109.452,1428,,,,,-11.40186,-15.584452,-32.544003,-0.114592,-0.0,-3.093972,39.0176255,-104.8924416,2175.48,15.309,8.25,-5.68,0.21,327.47,-124.372,90.979,39.0176034,-104.8924219,2180.71,9.97,,32,,,,10.016,,-0.21,,-2.726249,1.520031,-8.669079,-0.001,0.0,-0.053,284.0,51.0,418.0,15.176,9.75,265.0,91.0,23.0,,,,,,,,,,,,,,,,,,,,,2026-04-01 14:45:50,True,35.053,10.975,385.452,147.966
2026-04-08T16:59:01.460Z,2026-04-08T16:59:01.460Z,109.523,1429,,,,,-11.40186,-15.584452,-32.544003,-0.859437,-0.343775,-2.349127,39.017627,-104.8924429,2175.48,15.309,8.27,-5.65,0.22,327.43,-124.205,90.867,39.0176034,-104.8924219,2180.71,9.97,,32,,,,10.016,,-0.22,,-2.520309,1.647517,-8.727918,-0.014,-0.006,-0.041,284.0,51.0,418.0,15.176,9.75,265.0,91.0,23.0,,,,,,,,,,,,,,,,,,,,,2026-04-01 14:45:50,True,35.045,10.973,385.952,147.966
2026-04-08T16:59:01.530Z,2026-04-08T16:59:01.530Z,109.593,1430,,,,,-11.40186,-15.641748,-32.486707,-0.286479,-0.859437,1.661578,39.0176351,-104.8924501,2175.48,15.301,8.26,-5.67,0.27,327.55,-123.304,90.245,39.0176182,-104.892435,2180.7,10.05,,32,,,,10.019,,-0.27,,-2.765475,1.470998,-8.943665,-0.004,-0.015,0.028,286.0,51.0,416.0,15.176,9.75,265.0,91.0,23.0,,,,,,,,,,,,,,,,,,,,,2026-04-01 14:45:50,True,35.053,10.97,385.618,147.966
2026-04-08T16:59:01.596Z,2026-04-08T16:59:01.596Z,109.659,1431,,,,,-11.516452,-15.527156,-32.31482,1.546986,2.807493,1.718873,39.0176401,-104.8924545,2175.48,15.301,8.26,-5.66,0.27,327.69,-122.748,89.865,39.0176182,-104.892435,2180.7,10.05,,32,,,,10.013,,-0.27,,-2.451662,1.588677,-9.610517,0.026,0.048,0.029,287.0,50.0,414.0,14.928,13.7,266.0,91.0,23.0,,,,,,,,,,,,,,,,,,,,,2026-04-01 14:45:50,True,35.061,10.965,385.535,204.514
2026-04-08T16:59:01.675Z,2026-04-08T16:59:01.675Z,109.738,1432,,,,,-11.459156,-15.412565,-32.31482,0.458366,4.354479,2.17724,39.0176418,-104.892456,2175.48,15.3,8.25,-5.66,0.27,327.7,-122.559,89.735,39.0176182,-104.892435,2180.7,10.05,,32,,,,10.005,,-0.27,,-2.843928,1.66713,-9.335931,0.008,0.075,0.037,287.0,50.0,414.0,14.928,13.7,266.0,91.0,23.0,,,,,,,,,,,,,,,,,,,,,2026-04-01 14:45:50,True,35.03,10.968,385.369,204.514
2026-04-08T16:59:01.746Z,2026-04-08T16:59:01.746Z,109.809,1433,,,,,-11.688339,-14.66772,-32.372115,6.703606,0.802141,0.171887,39.0176512,-104.8924644,2175.46,15.289,8.23,-5.66,0.28,327.63,-121.514,89.009,39.0176331,-104.8924482,2180.66,10.04,,32,,,,9.988,,-0.28,,-2.775282,1.971137,-9.149604,0.116,0.013,0.002,284.0,50.0,417.0,14.987,12.86,267.0,91.0,23.0,,,,,,,,,,,,,,,,,,,,,2026-04-01 14:45:50,True,35.053,10.973,385.285,192.733
2026-04-08T16:59:01.822Z,2026-04-08T16:59:01.822Z,109.885,1434,,,,,-11.287269,-14.438536,-32.429411,2.692902,5.15662,0.114592,39.0176566,-104.8924692,2175.46,15.286,8.23,-5.65,0.27,327.58,-120.913,88.595,39.0176331,-104.8924482,2180.66,10.04,,32,,,,9.983,,-0.27,,-2.618376,1.706357,-9.581097,0.047,0.089,0.001,279.0,49.0,420.0,14.987,12.86,267.0,91.0,23.0,,,,,,,,,,,,,,,,,,,,,2026-04-01 14:45:50,True,35.038,10.975,385.785,192.733
2026-04-08T16:59:01.895Z,2026-04-08T16:59:01.895Z,109.958,1435,,,,,-11.00079,-14.209353,-32.486707,4.411775,3.093972,0.40107,39.0176616,-104.8924736,2175.46,15.286,8.23,-5.65,0.23,327.53,-120.357,88.215,39.0176331,-104.8924482,2180.66,10.04,,32,,,,9.983,,-0.23,,-2.677215,1.794617,-9.963556,0.077,0.053,0.006,279.0,49.0,420.0,14.987,12.86,267.0,91.0,23.0,,,,,,,,,,,,,,,,,,,,,2026-04-01 14:45:50,True,35.053,10.968,385.535,192.733
2026-04-08T16:59:01.963Z,2026-04-08T16:59:01.963Z,110.026,1436,,,,,-10.771607,-13.98017,-32.544003,-3.781521,4.068,-1.260507,39.0176677,-104.892479,2175.47,15.291,8.21,-5.67,0.22,327.4,-119.679,87.748,39.017648,-104.8924614,2180.63,10.02,,32,,,,9.978,,-0.22,,-2.539922,1.598484,-9.316318,-0.065,0.07,-0.022,278.0,53.0,421.0,15.117,10.51,267.0,91.0,23.0,,,,,,,,,,,,,,,,,,,,,2026-04-01 14:45:50,True,35.023,10.975,385.785,158.88
2026-04-08T16:59:02.039Z,2026-04-08T16:59:02.039Z,110.102,1437,,,,,-11.115381,-13.693691,-32.601299,-7.563043,3.953409,0.859437,39.0176715,-104.8924824,2175.47,15.291,8.21,-5.65,0.21,327.39,-119.257,87.454,39.017648,-104.8924614,2180.63,10.02,,32,,,,9.966,,-0.21,,-2.785089,1.657324,-9.286898,-0.131,0.067,0.015,273.0,56.0,424.0,15.117,10.51,267.0,91.0,23.0,,,,,,,,,,,,,,,,,,,,,2026-04-01 14:45:50,True,35.038,10.973,385.868,158.88
2026-04-08T16:59:02.112Z,2026-04-08T16:59:02.112Z,110.175,1438,,,,,-11.058085,-13.521804,-32.658594,3.66693,-2.291831,-0.343775,39.0176779,-104.8924881,2175.46,15.288,8.19,-5.62,0.22,327.35,-118.545,86.962,39.017648,-104.8924614,2180.63,10.02,,32,,,,9.933,,-0.22,,-2.510502,1.559257,-9.365351,0.063,-0.041,-0.006,271.0,53.0,426.0,15.117,10.51,267.0,91.0,23.0,,,,,,,,,,,,,,,,,,,,,2026-04-01 14:45:50,True,35.061,10.973,386.118,158.88
2026-04-08T16:59:02.177Z,2026-04-08T16:59:02.177Z,110.24,1439,,,,,-11.058085,-13.808283,-32.601299,-3.495043,-2.349127,0.171887,39.0176832,-104.8924928,2175.45,15.279,8.16,-5.62,0.24,327.4,-117.956,86.556,39.0176628,-104.8924745,2180.6,9.98,,32,,,,9.908,,-0.24,,-2.500696,1.323898,-8.963278,-0.06,-0.041,0.002,271.0,53.0,426.0,15.058,11.42,268.0,91.0,23.0,,,,,,,,,,,,,,,,,,,,,2026-04-01 14:45:50,True,35.053,10.987,385.702,171.962
2026-04-08T16:59:02.246Z,2026-04-08T16:59:02.246Z,110.309,1440,,,,,-11.229973,-13.693691,-32.601299,-3.437747,3.208564,0.515662,39.0176861,-104.8924954,2175.45,15.274,8.14,-5.61,0.24,327.39,-117.633,86.331,39.0176628,-104.8924745,2180.6,9.98,,32,,,,9.886,,-0.24,,-2.687022,1.87307,-9.63013,-0.06,0.055,0.008,272.0,54.0,425.0,15.058,11.42,268.0,91.0,23.0,,,,,,,,,,,,,,,,,,,,,2026-04-01 14:45:51,True,35.061,10.982,386.035,171.962
2026-04-08T16:59:02.317Z,2026-04-08T16:59:02.317Z,110.38,1441,,,,,-11.516452,-14.152058,-32.71589,-5.328507,-8.078705,-1.776169,39.0176934,-104.8925019,2175.44,15.267,8.11,-5.6,0.25,327.24,-116.821,85.77,39.0176775,-104.8924876,2180.58,9.85,,32,,,,9.856,,-0.25,,-2.991028,1.794617,-8.521979,-0.093,-0.141,-0.031,273.0,52.0,424.0,15.058,11.42,268.0,91.0,23.0,,,,,,,,,,,,,,,,,,,,,2026-04-01 14:45:51,True,35.053,10.968,386.118,171.962
2026-04-08T16:59:02.380Z,2026-04-08T16:59:02.380Z,110.443,1442,,,,,-11.287269,-13.636396,-32.887777,7.391156,12.662367,-0.859437,39.0176983,-104.8925063,2175.44,15.262,8.1,-5.59,0.19,327.08,-116.277,85.39,39.0176775,-104.8924876,2180.58,9.85,,32,,,,9.842,,-0.19,,-2.892962,1.75539,-11.003061,0.128,0.219,-0.015,273.0,52.0,424.0,14.991,12.85,269.0,91.0,23.0,,,,,,,,,,,,,,,,,,,,,2026-04-01 14:45:51,True,35.053,10.982,385.702,192.634
2026-04-08T16:59:02.452Z,2026-04-08T16:59:02.452Z,110.515,1443,,,,,-10.943494,-13.349917,-33.002369,11.287269,11.00079,-2.291831,39.0177006,-104.8925083,2175.44,15.262,8.1,-5.61,0.13,326.95,-116.021,85.217,39.0176775,-104.8924876,2180.58,9.85,,32,,,,9.853,,-0.13,,-2.588956,1.608291,-11.326681,0.197,0.191,-0.039,272.0,52.0,424.0,14.991,12.85,269.0,91.0,23.25,,,,,,,,,,,,,,,,,,,,,2026-04-01 14:45:51,True,35.061,10.98,385.618,192.634
2026-04-08T16:59:02.518Z,2026-04-08T16:59:02.518Z,110.581,1444,,,,,-10.31324,-12.605071,-33.460735,-5.443099,8.078705,-2.234535,39.0177086,-104.8925155,2175.45,15.276,8.03,-5.64,0.02,326.53,-115.131,84.595,39.0176921,-104.8925005,2180.56,9.83,,32,,,,9.813,,-0.02,,-2.579149,1.294478,-9.943943,-0.094,0.14,-0.038,264.0,61.0,430.0,14.991,12.85,269.0,91.0,23.0,,,,,,,,,,,,,,,,,,,,,2026-04-01 14:45:51,True,35.068,10.987,385.868,192.634
2026-04-08T16:59:02.581Z,2026-04-08T16:59:02.581Z,110.644,1445,,,,,-10.943494,-12.375888,-33.575327,-9.568395,0.343775,-0.744845,39.0177128,-104.8925193,2175.47,15.291,8.02,-5.62,0.03,326.45,-114.664,84.267,39.0176921,-104.8925005,2180.56,9.83,,32,,,,9.793,,-0.03,,-2.598762,1.480804,-9.012311,-0.166,0.004,-0.013,264.0,61.0,430.0,15.416,5.45,269.0,91.0,23.0,,,,,,,,,,,,,,,,,,,,,2026-04-01 14:45:51,True,35.076,10.984,385.618,84.017
2026-04-08T16:59:02.655Z,2026-04-08T16:59:02.655Z,110.718,1446,,,,,-11.058085,-12.547776,-33.518031,-6.64631,-7.219268,-0.458366,39.0177151,-104.8925214,2175.47,15.298,8.01,-5.63,0.07,326.49,-114.408,84.085,39.0176921,-104.8925005,2180.56,9.83,,32,,,,9.791,,-0.07,,-2.363403,1.598484,-8.727918,-0.115,-0.126,-0.008,257.0,61.0,433.0,15.416,5.45,269.0,91.0,23.0,,,,,,,,,,,,,,,,,,,,,2026-04-01 14:45:51,True,35.061,10.975,385.868,84.017
2026-04-08T16:59:02.720Z,2026-04-08T16:59:02.720Z,110.783,1447,,,,,-11.516452,-14.610424,-33.346144,-4.812845,-18.964903,-1.546986,39.017723,-104.8925285,2175.49,15.315,7.98,-5.63,0.2,326.69,-113.53,83.472,39.0177065,-104.8925136,2180.57,9.84,,32,,,,9.766,,-0.2,,-2.461469,1.108151,-8.119906,-0.083,-0.331,-0.026,265.0,55.0,430.0,15.416,5.45,269.0,91.0,23.25,,,,,,,,,,,,,,,,,,,,,2026-04-01 14:45:51,True,35.061,10.989,386.035,84.017
2026-04-08T16:59:02.785Z,2026-04-08T16:59:02.785Z,110.848,1448,,,,,-11.745635,-15.641748,-33.231552,-3.552338,-16.386593,-1.718873,39.0177271,-104.8925323,2175.5,15.325,7.95,-5.61,0.24,326.77,-113.074,83.143,39.0177065,-104.8925136,2180.57,9.84,,32,,,,9.73,,-0.24,,-2.706635,1.088538,-8.168939,-0.061,-0.287,-0.029,265.0,55.0,430.0,15.02,10.94,270.0,91.0,23.0,,,,,,,,,,,,,,,,,,,,,2026-04-01 14:45:51,True,35.053,10.984,385.785,164.319
2026-04-08T16:59:02.869Z,2026-04-08T16:59:02.869Z,110.932,1449,,,,,-11.802931,-15.928227,-33.231552,-2.922085,-9.682987,-1.776169,39.0177294,-104.8925344,2175.51,15.329,7.93,-5.64,0.28,326.76,-112.818,82.962,39.0177065,-104.8925136,2180.57,9.84,,32,,,,9.731,,-0.28,,-2.716442,1.520031,-8.355266,-0.05,-0.169,-0.03,280.0,53.0,419.0,15.02,10.94,270.0,91.0,23.0,,,,,,,,,,,,,,,,,,,,,2026-04-01 14:45:51,True,35.03,10.965,385.868,164.319
2026-04-08T16:59:02.940Z,2026-04-08T16:59:02.940Z,111.003,1450,,,,,-10.427832,-16.329297,-33.689918,17.761692,0.057296,-6.589015,39.0177378,-104.8925422,2175.51,15.332,7.94,-5.68,0.27,326.26,-111.884,82.288,39.0177209,-104.8925267,2180.57,9.74,,32,,,,9.762,,-0.27,,-2.579149,1.088538,-9.787037,0.31,0.0,-0.115,289.0,53.0,414.0,15.02,10.94,270.0,91.0,23.0,,,,,,,,,,,,,,,,,,,,,2026-04-01 14:45:51,True,35.045,10.975,385.702,164.319
2026-04-08T16:59:03.011Z,2026-04-08T16:59:03.011Z,111.074,1451,,,,,-9.396508,-15.870931,-34.320172,9.281916,9.91217,-7.964113,39.0177428,-104.8925468,2175.51,15.337,7.96,-5.72,0.24,325.59,-111.328,81.891,39.0177209,-104.8925267,2180.57,9.74,,32,,,,9.802,,-0.24,,-2.726249,1.402351,-9.708584,0.162,0.172,-0.138,286.0,66.0,414.0,15.02,10.94,270.0,91.0,23.25,,,,,,,,,,,,,,,,,,,,,2026-04-01 14:45:51,True,35.045,10.975,385.702,164.319
2026-04-08T16:59:03.084Z,2026-04-08T16:59:03.084Z,111.147,1452,,,,,-8.537071,-15.412565,-35.065017,9.167325,5.614986,-9.568395,39.0177479,-104.8925516,2175.52,15.339,7.97,-5.73,0.24,324.83,-110.761,81.476,39.0177209,-104.8925267,2180.57,9.74,,32,,,,9.816,,-0.24,,-2.402629,0.990472,-9.492837,0.16,0.097,-0.167,286.0,66.0,414.0,15.02,10.94,270.0,91.0,23.0,,,,,,,,,,,,,,,,,,,,,2026-04-01 14:45:51,True,35.038,10.97,385.785,164.319
2026-04-08T16:59:03.154Z,2026-04-08T16:59:03.154Z,111.217,1453,,,,,-7.849522,-14.954198,-35.867158,2.463719,6.932789,-9.396508,39.0177535,-104.8925568,2175.53,15.352,7.96,-5.76,0.24,324.0,-110.139,81.027,39.0177353,-104.8925399,2180.52,9.91,,32,,,,9.825,,-0.24,,-2.481082,0.980665,-9.355544,0.043,0.12,-0.163,278.0,79.0,417.0,15.229,9.34,271.0,91.0,23.0,,,,,,,,,,,,,,,,,,,,,2026-04-01 14:45:51,True,35.03,10.975,385.952,142.239
2026-04-08T16:59:03.227Z,2026-04-08T16:59:03.227Z,111.29,1454,,,,,-7.792226,-15.06879,-36.268228,2.17724,-4.469071,-4.354479,39.0177579,-104.8925609,2175.54,15.36,7.98,-5.74,0.27,323.69,-109.649,80.673,39.0177353,-104.8925399,2180.52,9.91,,32,,,,9.83,,-0.27,,-2.598762,1.235638,-8.933858,0.038,-0.078,-0.076,272.0,88.0,419.0,15.229,9.34,271.0,91.0,23.0,,,,,,,,,,,,,,,,,,,,,2026-04-01 14:45:51,True,35.053,10.982,385.618,142.239
2026-04-08T16:59:03.298Z,2026-04-08T16:59:03.298Z,111.361,1455,,,,,-7.219268,-15.240677,-36.612003,0.572958,0.916732,-4.583662,39.0177635,-104.8925661,2175.55,15.37,7.96,-5.74,0.27,323.35,-109.027,80.223,39.0177498,-104.8925533,2180.49,9.92,,32,,,,9.814,,-0.27,,-2.569342,1.049312,-9.54187,0.01,0.015,-0.079,272.0,93.0,418.0,15.229,9.34,271.0,91.0,23.0,,,,,,,,,,,,,,,,,,,,,2026-04-01 14:45:52,True,35.03,10.973,385.618,142.239
2026-04-08T16:59:03.371Z,2026-04-08T16:59:03.371Z,111.434,1456,,,,,-7.104677,-15.297973,-36.898482,6.24524,-2.750197,-3.66693,39.0177687,-104.8925709,2175.56,15.383,8.01,-5.72,0.26,323.09,-108.448,79.809,39.0177498,-104.8925533,2180.49,9.92,,32,,,,9.843,,-0.26,,-2.647796,1.196411,-9.463417,0.109,-0.048,-0.063,272.0,93.0,418.0,15.227,9.68,271.0,91.0,23.0,,,,,,,,,,,,,,,,,,,,,2026-04-01 14:45:52,True,35.045,10.973,385.535,147.397
2026-04-08T16:59:03.448Z,2026-04-08T16:59:03.448Z,111.511,1457,,,,,-6.818198,-15.46986,-37.070369,4.010705,-3.151268,-3.495043,39.0177724,-104.8925743,2175.57,15.391,7.99,-5.72,0.28,322.92,-108.037,79.515,39.0177498,-104.8925533,2180.49,9.92,,32,,,,9.826,,-0.28,,-3.010642,0.843372,-8.924052,0.069,-0.055,-0.06,271.0,97.0,418.0,15.227,9.68,271.0,91.0,23.25,,,,,,,,,,,,,,,,,,,,,2026-04-01 14:45:52,True,35.03,10.975,385.785,147.397
2026-04-08T16:59:03.518Z,2026-04-08T16:59:03.518Z,111.581,1458,,,,,-6.531719,-15.641748,-37.184961,1.776169,-6.417127,-0.057296,39.0177796,-104.892581,2175.58,15.409,8.02,-5.69,0.31,322.87,-107.236,78.936,39.0177643,-104.8925667,2180.48,9.89,,32,,,,9.833,,-0.31,,-2.716442,0.980665,-8.727918,0.031,-0.113,-0.001,272.0,101.0,417.0,15.227,9.68,271.0,91.0,23.25,,,,,,,,,,,,,,,,,,,,,2026-04-01 14:45:52,True,35.03,10.973,385.535,147.397
2026-04-08T16:59:03.582Z,2026-04-08T16:59:03.582Z,111.645,1459,,,,,-6.818198,-16.100114,-37.013074,-4.469071,-4.640958,2.349127,39.0177845,-104.8925854,2175.59,15.418,8.02,-5.68,0.36,323.04,-106.692,78.556,39.0177643,-104.8925667,2180.48,9.89,,32,,,,9.828,,-0.36,,-2.461469,1.108151,-8.816178,-0.077,-0.081,0.04,272.0,101.0,417.0,15.182,9.81,272.0,91.0,23.25,,,,,,,,,,,,,,,,,,,,,2026-04-01 14:45:52,True,35.068,10.98,385.452,148.935
2026-04-08T16:59:03.653Z,2026-04-08T16:59:03.653Z,111.716,1460,,,,,-7.047381,-16.15741,-36.898482,-6.073353,-3.208564,3.093972,39.0177868,-104.8925876,2175.6,15.424,8.04,-5.66,0.36,323.14,-106.436,78.366,39.0177643,-104.8925667,2180.48,9.89,,32,,,,9.832,,-0.36,,-2.932188,0.970858,-8.855405,-0.105,-0.056,0.053,275.0,101.0,413.0,15.182,9.81,272.0,91.0,23.25,,,,,,,,,,,,,,,,,,,,,2026-04-01 14:45:52,True,35.061,10.98,385.868,148.935
2026-04-08T16:59:03.721Z,2026-04-08T16:59:03.721Z,111.784,1461,,,,,-7.276564,-16.272001,-36.669299,-1.833465,-2.234535,1.375099,39.0177948,-104.8925948,2175.61,15.432,8.04,-5.64,0.37,323.32,-105.546,77.744,39.0177788,-104.89258,2180.39,9.89,,32,,,,9.821,,-0.37,,-2.432049,1.637711,-9.335931,-0.031,-0.039,0.023,278.0,97.0,411.0,15.182,9.81,272.0,91.0,23.0,,,,,,,,,,,,,,,,,,,,,2026-04-01 14:45:52,True,35.03,10.982,385.868,148.935
2026-04-08T16:59:03.784Z,2026-04-08T16:59:03.784Z,111.847,1462,,,,,-7.391156,-16.443889,-36.669299,0.974028,-3.380451,0.687549,39.0177991,-104.8925986,2175.62,15.441,8.04,-5.63,0.39,323.37,-105.068,77.416,39.0177788,-104.89258,2180.39,9.89,,32,,,,9.815,,-0.39,,-2.775282,0.990472,-8.963278,0.017,-0.059,0.011,278.0,97.0,411.0,15.168,10.25,273.0,91.0,23.0,,,,,,,,,,,,,,,,,,,,,2026-04-01 14:45:52,True,35.068,10.987,385.785,155.472
2026-04-08T16:59:03.863Z,2026-04-08T16:59:03.863Z,111.926,1463,,,,,-7.33386,-16.386593,-36.669299,-0.744845,0.916732,0.343775,39.0178015,-104.8926007,2175.62,15.444,8.05,-5.61,0.4,323.37,-104.801,77.234,39.0177788,-104.89258,2180.39,9.89,,32,,,,9.812,,-0.4,,-3.108708,1.186605,-8.688692,-0.012,0.015,0.006,279.0,95.0,412.0,15.168,10.25,273.0,91.0,23.0,,,,,,,,,,,,,,,,,,,,,2026-04-01 14:45:52,True,35.053,10.973,385.618,155.472
2026-04-08T16:59:03.931Z,2026-04-08T16:59:03.931Z,111.994,1464,,,,,-7.505747,-16.443889,-36.497412,0.687549,-2.17724,2.062648,39.0178095,-104.8926079,2175.62,15.445,8.09,-5.59,0.44,323.5,-103.912,76.612,39.0177933,-104.8925931,2180.28,9.93,,32,,,,9.833,,-0.44,,-2.912575,0.931632,-8.894632,0.012,-0.038,0.035,281.0,94.0,412.0,15.168,10.25,273.0,91.0,23.25,,,,,,,,,,,,,,,,,,,,,2026-04-01 14:45:52,True,35.053,10.98,385.618,155.472
2026-04-08T16:59:03.992Z,2026-04-08T16:59:03.992Z,112.055,1465,,,,,-7.73493,-16.386593,-36.325524,-4.354479,2.864789,3.208564,39.0178145,-104.8926123,2175.63,15.452,8.1,-5.6,0.44,323.71,-103.356,76.232,39.0177933,-104.8925931,2180.28,9.93,,32,,,,9.847,,-0.44,,-2.932188,1.186605,-9.188831,-0.075,0.049,0.055,282.0,92.0,412.0,15.087,11.86,273.0,91.0,23.0,,,,,,,,,,,,,,,,,,,,,2026-04-01 14:45:52,True,35.061,10.982,385.535,178.932
2026-04-08T16:59:04.062Z,2026-04-08T16:59:04.062Z,112.125,1466,,,,,-7.792226,-16.329297,-36.268228,-4.698254,2.692902,3.151268,39.0178161,-104.8926138,2175.63,15.453,8.11,-5.59,0.44,323.75,-103.178,76.103,39.0177933,-104.8925931,2180.28,9.93,,32,,,,9.85,,-0.44,,-2.775282,1.088538,-9.443804,-0.082,0.045,0.054,282.0,92.0,412.0,15.087,11.86,273.0,91.0,23.0,,,,,,,,,,,,,,,,,,,,,2026-04-01 14:45:52,True,35.03,10.973,385.618,178.932
2026-04-08T16:59:04.130Z,2026-04-08T16:59:04.130Z,112.193,1467,,,,,-8.193296,-15.699044,-36.268228,1.432394,3.781521,-0.515662,39.0178242,-104.8926209,2175.63,15.453,8.12,-5.6,0.42,323.73,-102.277,75.489,39.017808,-104.8926061,2180.22,9.8,,32,,,,9.864,,-0.42,,-2.677215,1.255251,-9.57129,0.025,0.065,-0.009,280.0,88.0,413.0,15.087,11.86,273.0,91.0,23.0,,,,,,,,,,,,,,,,,,,,,2026-04-01 14:45:52,True,35.053,10.984,385.785,178.932
2026-04-08T16:59:04.194Z,2026-04-08T16:59:04.194Z,112.257,1468,,,,,-7.849522,-15.584452,-36.440116,4.870141,3.552338,-2.750197,39.0178291,-104.8926253,2175.63,15.457,8.12,-5.59,0.41,323.55,-101.732,75.109,39.017808,-104.8926061,2180.22,9.8,,32,,,,9.858,,-0.41,,-2.441856,1.088538,-9.522257,0.085,0.061,-0.048,275.0,89.0,417.0,15.181,10.22,274.0,91.0,23.25,,,,,,,,,,,,,,,,,,,,,2026-04-01 14:45:52,True,35.053,10.977,385.618,155.15
2026-04-08T16:59:04.275Z,2026-04-08T16:59:04.275Z,112.338,1469,,,,,-7.73493,-15.527156,-36.497412,4.870141,2.349127,-2.807493,39.0178308,-104.8926267,2175.63,15.458,8.13,-5.59,0.39,323.45,-101.543,74.988,39.017808,-104.8926061,2180.22,9.8,,32,,,,9.866,,-0.39,,-2.843928,0.794339,-9.561484,0.085,0.04,-0.048,275.0,89.0,417.0,15.181,10.22,274.0,91.0,23.0,,,,,,,,,,,,,,,,,,,,,2026-04-01 14:45:53,True,35.045,10.97,386.535,155.15
2026-04-08T16:59:04.344Z,2026-04-08T16:59:04.344Z,112.407,1470,,,,,-7.104677,-15.527156,-37.013074,2.922085,-0.40107,-3.265859,39.0178401,-104.8926349,2175.63,15.459,8.12,-5.55,0.4,322.99,-100.509,74.28,39.0178227,-104.892619,2180.15,9.93,,32,,,,9.835,,-0.4,,-2.677215,1.108151,-9.355544,0.051,-0.007,-0.057,273.0,93.0,417.0,15.181,10.22,274.0,91.0,23.0,,,,,,,,,,,,,,,,,,,,,2026-04-01 14:45:53,True,35.061,10.98,385.785,155.15
2026-04-08T16:59:04.422Z,2026-04-08T16:59:04.422Z,112.485,1471,,,,,-7.104677,-15.412565,-37.184961,-0.630254,2.005352,-3.208564,39.0178445,-104.8926388,2175.64,15.462,8.14,-5.55,0.4,322.77,-100.02,73.943,39.0178227,-104.892619,2180.15,9.93,,32,,,,9.852,,-0.4,,-2.628182,1.098345,-9.345737,-0.01,0.033,-0.056,271.0,97.0,417.0,15.181,10.22,274.0,91.0,23.0,,,,,,,,,,,,,,,,,,,,,2026-04-01 14:45:53,True,35.038,10.97,385.618,155.15
2026-04-08T16:59:04.494Z,2026-04-08T16:59:04.494Z,112.557,1472,,,,,-7.33386,-15.412565,-37.47144,-5.385803,-0.171887,-1.948057,39.0178504,-104.8926439,2175.64,15.46,8.12,-5.54,0.39,322.55,-99.364,73.502,39.0178227,-104.892619,2180.15,9.93,,32,,,,9.83,,-0.39,,-2.834122,0.745305,-9.384964,-0.093,-0.003,-0.033,271.0,97.0,417.0,15.181,10.22,274.0,91.0,23.25,,,,,,,,,,,,,,,,,,,,,2026-04-01 14:45:53,True,35.068,10.975,386.035,155.15
2026-04-08T16:59:04.562Z,2026-04-08T16:59:04.562Z,112.625,1473,,,,,-7.677634,-15.699044,-37.47144,-2.119944,-4.469071,-0.40107,39.0178565,-104.8926492,2175.64,15.46,8.1,-5.55,0.38,322.52,-98.685,73.044,39.0178374,-104.892632,2180.06,9.89,,32,,,,9.819,,-0.38,,-2.637989,1.000278,-9.100571,-0.036,-0.078,-0.007,271.0,97.0,417.0,15.25,9.17,275.0,91.0,23.25,,,,,,,,,,,,,,,,,,,,,2026-04-01 14:45:53,True,35.038,10.982,386.202,139.843
2026-04-08T16:59:04.635Z,2026-04-08T16:59:04.635Z,112.698,1474,,,,,-7.73493,-15.928227,-37.47144,-1.833465,-4.698254,0.515662,39.0178602,-104.8926524,2175.63,15.458,8.09,-5.54,0.4,322.57,-98.274,72.768,39.0178374,-104.892632,2180.06,9.89,,32,,,,9.805,,-0.4,,-2.745862,1.049312,-9.277091,-0.031,-0.082,0.009,271.0,95.0,418.0,15.25,9.17,275.0,91.0,23.25,,,,,,,,,,,,,,,,,,,,,2026-04-01 14:45:53,True,35.03,10.975,386.035,139.843
2026-04-08T16:59:04.706Z,2026-04-08T16:59:04.706Z,112.769,1475,,,,,-8.021409,-16.15741,-37.356848,-0.744845,-0.859437,1.203211,39.0178666,-104.892658,2175.64,15.46,8.11,-5.53,0.4,322.65,-97.562,72.284,39.0178521,-104.8926449,2179.98,9.93,,32,,,,9.816,,-0.4,,-3.069481,0.980665,-9.581097,-0.012,-0.015,0.02,275.0,93.0,416.0,15.25,9.17,275.0,91.0,23.25,,,,,,,,,,,,,,,,,,,,,2026-04-01 14:45:53,True,35.061,10.982,385.952,139.843
2026-04-08T16:59:04.774Z,2026-04-08T16:59:04.774Z,112.837,1476,,,,,-8.021409,-16.100114,-37.242257,-1.48969,-1.776169,1.833465,39.0178719,-104.8926627,2175.64,15.463,8.09,-5.53,0.38,322.75,-96.973,71.878,39.0178521,-104.8926449,2179.98,9.93,,32,,,,9.799,,-0.38,,-2.853735,0.990472,-9.51245,-0.025,-0.031,0.031,275.0,93.0,416.0,15.296,8.9,275.0,91.0,23.25,,,,,,,,,,,,,,,,,,,,,2026-04-01 14:45:53,True,35.061,10.973,385.785,136.134
2026-04-08T16:59:04.854Z,2026-04-08T16:59:04.854Z,112.917,1477,,,,,-8.078705,-16.15741,-37.184961,-1.604282,-2.521014,1.718873,39.0178749,-104.8926653,2175.65,15.472,8.08,-5.53,0.37,322.86,-96.64,71.653,39.0178521,-104.8926449,2179.98,9.93,,32,,,,9.791,,-0.37,,-3.010642,1.039505,-9.267284,-0.027,-0.044,0.029,275.0,92.0,417.0,15.296,8.9,275.0,91.0,23.25,,,,,,,,,,,,,,,,,,,,,2026-04-01 14:45:53,True,35.061,10.97,385.618,136.134
2026-04-08T16:59:04.935Z,2026-04-08T16:59:04.935Z,112.998,1478,,,,,-8.021409,-16.730368,-36.841186,1.432394,-5.328507,2.692902,39.017883,-104.8926724,2175.66,15.486,8.08,-5.55,0.38,323.23,-95.739,71.04,39.0178668,-104.8926578,2179.89,9.88,,32,,,,9.802,,-0.38,,-2.863542,1.157185,-9.218251,0.025,-0.093,0.046,277.0,91.0,415.0,15.296,8.9,275.0,91.0,23.25,,,,,,,,,,,,,,,,,,,,,2026-04-01 14:45:53,True,35.045,10.963,385.618,136.134
2026-04-08T16:59:05.003Z,2026-04-08T16:59:05.003Z,113.066,1479,,,,,-8.021409,-17.016847,-36.612003,0.286479,-3.265859,2.864789,39.0178886,-104.8926773,2175.68,15.507,8.1,-5.55,0.4,323.46,-95.116,70.617,39.0178668,-104.8926578,2179.89,9.88,,32,,,,9.819,,-0.4,,-3.030255,1.078732,-9.090765,0.005,-0.057,0.049,280.0,90.0,413.0,15.296,8.9,275.0,91.0,23.0,,,,,,,,,,,,,,,,,,,,,2026-04-01 14:45:53,True,35.053,10.992,385.952,136.134
2026-04-08T16:59:05.068Z,2026-04-08T16:59:05.068Z,113.131,1480,,,,,-8.136001,-17.24603,-36.268228,-2.005352,-3.66693,4.010705,39.017894,-104.892682,2175.69,15.514,8.09,-5.57,0.42,323.78,-94.516,70.211,39.0178668,-104.8926578,2179.89,9.88,,32,,,,9.822,,-0.42,,-2.667409,0.931632,-8.943665,-0.034,-0.064,0.069,280.0,90.0,413.0,15.296,8.9,275.0,91.0,23.0,,,,,,,,,,,,,,,,,,,,,2026-04-01 14:45:53,True,35.076,10.977,385.618,136.134
2026-04-08T16:59:05.136Z,2026-04-08T16:59:05.136Z,113.199,1481,,,,,-8.594367,-17.360621,-35.98175,-5.84417,-1.48969,5.213916,39.0178982,-104.8926857,2175.7,15.521,8.11,-5.56,0.45,324.08,-94.049,69.891,39.0178816,-104.8926706,2179.8,9.86,,32,,,,9.833,,-0.45,,-2.559536,1.196411,-8.982891,-0.101,-0.026,0.091,285.0,90.0,410.0,15.296,8.9,275.0,91.0,23.25,,,,,,,,,,,,,,,,,,,,,2026-04-01 14:45:53,True,35.061,10.982,385.285,136.134
2026-04-08T16:59:05.205Z,2026-04-08T16:59:05.205Z,113.268,1482,,,,,-8.938142,-17.417917,-35.637975,-1.948057,-0.802141,4.297183,39.0179034,-104.8926903,2175.71,15.533,8.11,-5.58,0.46,324.44,-93.47,69.494,39.0178816,-104.8926706,2179.8,9.86,,32,,,,9.844,,-0.46,,-3.049868,1.265058,-8.953471,-0.033,-0.014,0.075,288.0,84.0,408.0,15.296,8.9,275.0,91.0,23.25,,,,,,,,,,,,,,,,,,,,,2026-04-01 14:45:53,True,35.068,10.982,386.202,136.134
2026-04-08T16:59:05.275Z,2026-04-08T16:59:05.275Z,113.338,1483,,,,,-8.82355,-17.131438,-35.351496,2.692902,5.672282,3.609634,39.0179088,-104.892695,2175.71,15.533,8.12,-5.6,0.46,324.68,-92.87,69.088,39.0178816,-104.8926706,2179.8,9.86,,32,,,,9.864,,-0.46,,-2.981222,1.529837,-9.218251,0.047,0.098,0.062,288.0,84.0,408.0,15.296,8.9,275.0,91.0,23.25,,,,,,,,,,,,,,,,,,,,,2026-04-01 14:45:54,True,35.045,10.973,385.868,136.134
2026-04-08T16:59:05.341Z,2026-04-08T16:59:05.341Z,113.404,1484,,,,,-8.708958,-16.673072,-35.179609,5.271212,4.526367,2.807493,39.0179137,-104.8926994,2175.71,15.536,8.13,-5.59,0.43,324.82,-92.325,68.707,39.0178962,-104.8926835,2179.7,9.86,,32,,,,9.866,,-0.43,,-3.147935,0.961052,-9.522257,0.092,0.078,0.048,289.0,81.0,410.0,15.296,8.9,275.0,91.0,23.25,,,,,,,,,,,,,,,,,,,,,2026-04-01 14:45:54,True,35.083,10.98,385.535,136.134
2026-04-08T16:59:05.410Z,2026-04-08T16:59:05.410Z,113.473,1485,,,,,-8.479775,-16.386593,-35.065017,2.979381,4.583662,3.208564,39.0179182,-104.8927033,2175.72,15.541,8.13,-5.59,0.42,324.96,-91.825,68.37,39.0178962,-104.8926835,2179.7,9.86,,32,,,,9.866,,-0.42,,-2.726249,1.421964,-9.649744,0.052,0.079,0.055,283.0,82.0,413.0,15.296,8.9,275.0,91.0,23.25,,,,,,,,,,,,,,,,,,,,,2026-04-01 14:45:54,True,35.023,10.975,386.202,136.134
2026-04-08T16:59:05.485Z,2026-04-08T16:59:05.485Z,113.548,1486,,,,,-8.537071,-16.214706,-34.778538,0.0,0.515662,4.469071,39.0179235,-104.892708,2175.72,15.54,8.13,-5.61,0.44,325.29,-91.235,67.964,39.0178962,-104.8926835,2179.7,9.86,,32,,,,9.878,,-0.44,,-2.177076,0.794339,-9.179024,0.0,0.008,0.077,283.0,82.0,413.0,15.296,8.9,275.0,91.0,23.25,,,,,,,,,,,,,,,,,,,,,2026-04-01 14:45:54,True,35.068,10.98,386.368,136.134
2026-04-08T16:59:05.552Z,2026-04-08T16:59:05.552Z,113.615,1487,,,,,-8.708958,-16.329297,-34.320172,-3.495043,-4.239888,5.213916,39.0179292,-104.8927131,2175.72,15.542,8.12,-5.62,0.48,325.72,-90.602,67.524,39.0179109,-104.8926965,2179.58,9.97,,32,,,,9.875,,-0.48,,-2.677215,1.157185,-8.767145,-0.06,-0.074,0.091,282.0,83.0,415.0,15.361,6.08,277.0,91.0,23.25,,,,,,,,,,,,,,,,,,,,,2026-04-01 14:45:54,True,35.053,10.984,385.952,93.395
2026-04-08T16:59:05.619Z,2026-04-08T16:59:05.619Z,113.682,1488,,,,,-8.938142,-16.615776,-33.976397,-2.291831,-4.297183,5.614986,39.0179339,-104.8927172,2175.71,15.537,8.13,-5.63,0.5,326.14,-90.079,67.17,39.0179109,-104.8926965,2179.58,9.97,,32,,,,9.889,,-0.5,,-2.353596,1.088538,-8.953471,-0.039,-0.075,0.098,283.0,79.0,414.0,15.361,6.08,277.0,91.0,23.0,,,,,,,,,,,,,,,,,,,,,2026-04-01 14:45:54,True,35.076,10.98,385.702,93.395
2026-04-08T16:59:05.690Z,2026-04-08T16:59:05.690Z,113.753,1489,,,,,-9.110029,-16.844959,-33.518031,1.375099,-2.349127,5.614986,39.0179388,-104.8927217,2175.7,15.526,8.14,-5.63,0.54,326.54,-89.534,66.781,39.0179109,-104.8926965,2179.58,9.97,,32,,,,9.897,,-0.54,,-3.000835,1.470998,-8.835792,0.023,-0.041,0.097,283.0,79.0,414.0,15.361,6.08,277.0,91.0,23.25,,,,,,,,,,,,,,,,,,,,,2026-04-01 14:45:54,True,35.038,10.965,385.702,93.395
2026-04-08T16:59:05.760Z,2026-04-08T16:59:05.760Z,113.823,1490,,,,,-8.995437,-16.844959,-33.174256,3.208564,2.521014,4.010705,39.017944,-104.8927263,2175.69,15.51,8.15,-5.68,0.53,326.88,-88.956,66.383,39.0179256,-104.8927096,2179.45,9.93,,32,,,,9.934,,-0.53,,-2.481082,0.892405,-9.581097,0.056,0.043,0.07,289.0,75.0,410.0,15.252,8.48,278.0,91.0,23.25,,,,,,,,,,,,,,,,,,,,,2026-04-01 14:45:54,True,35.061,10.973,385.785,129.337
2026-04-08T16:59:05.834Z,2026-04-08T16:59:05.834Z,113.897,1491,,,,,-9.224621,-16.55848,-32.945073,-3.380451,3.208564,4.239888,39.0179487,-104.8927304,2175.67,15.496,8.16,-5.68,0.53,327.1,-88.433,66.029,39.0179256,-104.8927096,2179.45,9.93,,32,,,,9.942,,-0.53,,-2.804702,1.569064,-9.296704,-0.058,0.055,0.073,290.0,74.0,410.0,15.252,8.48,278.0,91.0,23.25,,,,,,,,,,,,,,,,,,,,,2026-04-01 14:45:54,True,35.053,10.977,385.785,129.337
2026-04-08T16:59:05.908Z,2026-04-08T16:59:05.908Z,113.971,1492,,,,,-9.110029,-16.15741,-32.773186,2.349127,5.271212,1.375099,39.0179551,-104.8927362,2175.65,15.477,8.18,-5.69,0.53,327.22,-87.722,65.528,39.0179404,-104.8927226,2179.28,10.03,,32,,,,9.964,,-0.53,,-2.765475,1.235638,-9.375157,0.041,0.091,0.024,289.0,71.0,411.0,15.252,8.48,278.0,91.0,23.0,,,,,,,,,,,,,,,,,,,,,2026-04-01 14:45:54,True,35.053,10.977,385.785,129.337
2026-04-08T16:59:05.980Z,2026-04-08T16:59:05.980Z,114.043,1493,,,,,-9.110029,-15.870931,-32.830482,1.948057,4.640958,-0.40107,39.0179605,-104.892741,2175.63,15.454,8.18,-5.69,0.53,327.16,-87.121,65.113,39.0179404,-104.8927226,2179.28,10.03,,32,,,,9.964,,-0.53,,-2.824315,0.696272,-9.326124,0.034,0.08,-0.006,289.0,71.0,411.0,15.265,8.12,278.0,91.0,23.0,,,,,,,,,,,,,,,,,,,,,2026-04-01 14:45:54,True,35.053,10.97,385.785,123.952
2026-04-08T16:59:06.060Z,2026-04-08T16:59:06.060Z,114.123,1494,,,,,-8.938142,-15.699044,-32.887777,1.260507,4.297183,-0.630254,39.0179635,-104.8927437,2175.62,15.446,8.18,-5.73,0.52,327.11,-86.788,64.88,39.0179404,-104.8927226,2179.28,10.03,,32,,,,9.987,,-0.52,,-2.598762,1.059118,-9.492837,0.022,0.074,-0.011,285.0,72.0,413.0,15.265,8.12,278.0,91.0,23.25,,,,,,,,,,,,,,,,,,,,,2026-04-01 14:45:54,True,35.045,10.963,385.618,123.952
2026-04-08T16:59:06.134Z,2026-04-08T16:59:06.134Z,114.197,1495,,,,,-8.193296,-15.355269,-33.059665,4.640958,3.896113,-1.604282,39.0179717,-104.892751,2175.58,15.408,8.2,-5.75,0.52,326.88,-85.876,64.25,39.0179552,-104.8927358,2179.14,9.99,,32,,,,10.015,,-0.52,,-3.059675,1.098345,-9.590904,0.081,0.067,-0.027,284.0,74.0,414.0,15.265,8.12,278.0,91.0,23.25,,,,,,,,,,,,,,,,,,,,,2026-04-01 14:45:54,True,35.053,10.98,385.702,123.952
2026-04-08T16:59:06.199Z,2026-04-08T16:59:06.199Z,114.262,1496,,,,,-8.021409,-14.954198,-33.288848,-0.057296,5.385803,-2.521014,39.0179774,-104.8927561,2175.56,15.381,8.18,-5.73,0.5,326.67,-85.242,63.809,39.0179552,-104.8927358,2179.14,9.99,,32,,,,9.987,,-0.5,,-2.481082,1.117958,-9.698777,0.0,0.093,-0.044,280.0,78.0,415.0,15.265,8.12,278.0,91.0,23.25,,,,,,,,,,,,,,,,,,,,,2026-04-01 14:45:54,True,35.053,10.977,385.785,123.952
2026-04-08T16:59:06.268Z,2026-04-08T16:59:06.268Z,114.331,1497,,,,,-7.906818,-14.725015,-33.518031,3.151268,3.896113,-4.010705,39.017982,-104.8927603,2175.53,15.357,8.19,-5.72,0.47,326.39,-84.731,63.446,39.0179552,-104.8927358,2179.14,9.99,,32,,,,9.99,,-0.47,,-2.461469,0.970858,-9.86549,0.055,0.067,-0.07,280.0,78.0,415.0,15.265,8.12,278.0,91.0,23.25,,,,,,,,,,,,,,,,,,,,,2026-04-01 14:45:55,True,35.053,10.98,385.702,123.952
2026-04-08T16:59:06.338Z,2026-04-08T16:59:06.338Z,114.401,1498,,,,,-7.505747,-14.553128,-33.919101,4.75555,2.291831,-5.557691,39.017987,-104.8927647,2175.5,15.328,8.16,-5.74,0.46,326.01,-84.175,63.066,39.0179701,-104.8927492,2179.0,10.13,,32,,,,9.977,,-0.46,,-2.471276,0.735499,-9.77723,0.083,0.039,-0.097,276.0,81.0,418.0,15.265,8.12,278.0,91.0,23.25,,,,,,,,,,,,,,,,,,,,,2026-04-01 14:45:55,True,35.061,10.982,386.285,123.952
2026-04-08T16:59:06.406Z,2026-04-08T16:59:06.406Z,114.469,1499,,,,,-7.33386,-14.209353,-34.377468,-2.005352,5.614986,-4.698254,39.0179922,-104.8927694,2175.47,15.296,8.16,-5.75,0.43,325.58,-83.596,62.66,39.0179701,-104.8927492,2179.0,10.13,,32,,,,9.982,,-0.43,,-2.637989,0.931632,-9.80665,-0.034,0.097,-0.082,271.0,86.0,420.0,15.265,8.12,278.0,91.0,23.25,,,,,,,,,,,,,,,,,,,,,2026-04-01 14:45:55,True,35.061,10.989,385.952,123.952
2026-04-08T16:59:06.475Z,2026-04-08T16:59:06.475Z,114.538,1500,,,,,-7.448451,-13.922874,-34.778538,0.458366,4.469071,-5.385803,39.0179975,-104.8927742,2175.44,15.267,8.15,-5.73,0.43,325.18,-83.007,62.245,39.0179701,-104.8927492,2179.0,10.13,,32,,,,9.963,,-0.43,,-2.530116,0.735499,-10.022396,0.008,0.077,-0.094,271.0,86.0,420.0,15.265,8.12,278.0,91.0,23.25,,,,,,,,,,,,,,,,,,,,,2026-04-01 14:45:55,True,35.061,10.98,385.952,123.952
2026-04-08T16:59:06.547Z,2026-04-08T16:59:06.547Z,114.61,1501,,,,,-7.219268,-13.5791,-35.179609,0.744845,5.271212,-5.15662,39.0180025,-104.8927788,2175.42,15.242,8.14,-5.76,0.37,324.75,-82.451,61.848,39.017985,-104.8927625,2178.9,10.04,,32,,,,9.972,,-0.37,,-3.236194,1.029698,-9.943943,0.013,0.091,-0.09,268.0,88.0,421.0,15.283,8.89,279.0,91.0,23.25,,,,,,,,,,,,,,,,,,,,,2026-04-01 14:45:55,True,35.053,10.975,386.285,135.866
2026-04-08T16:59:06.615Z,2026-04-08T16:59:06.615Z,114.678,1502,,,,,-6.990085,-13.5791,-35.523383,1.08862,-2.463719,-4.469071,39.0180079,-104.8927836,2175.4,15.221,8.12,-5.76,0.36,324.39,-81.851,61.433,39.017985,-104.8927625,2178.9,10.04,,32,,,,9.956,,-0.36,,-2.706635,1.078732,-9.522257,0.019,-0.043,-0.078,262.0,91.0,424.0,15.283,8.89,279.0,91.0,23.25,,,,,,,,,,,,,,,,,,,,,2026-04-01 14:45:55,True,35.083,10.98,385.952,135.866
2026-04-08T16:59:06.680Z,2026-04-08T16:59:06.680Z,114.743,1503,,,,,-6.760902,-13.750987,-35.809862,1.546986,-2.119944,-3.036676,39.0180128,-104.8927881,2175.38,15.208,8.1,-5.74,0.33,324.19,-81.306,61.044,39.017985,-104.8927625,2178.9,10.04,,32,,,,9.928,,-0.33,,-3.108708,0.970858,-9.522257,0.027,-0.037,-0.053,262.0,91.0,424.0,15.283,8.89,279.0,91.0,23.25,,,,,,,,,,,,,,,,,,,,,2026-04-01 14:45:55,True,35.068,10.977,385.785,135.866
2026-04-08T16:59:06.749Z,2026-04-08T16:59:06.749Z,114.812,1504,,,,,-6.589015,-13.865579,-35.98175,1.203211,-0.114592,-2.635606,39.0180172,-104.8927921,2175.38,15.2,8.06,-5.74,0.33,324.01,-80.816,60.699,39.0179997,-104.8927757,2178.81,9.87,,32,,,,9.895,,-0.33,,-2.726249,0.549172,-9.973363,0.021,-0.002,-0.045,263.0,94.0,422.0,15.243,9.45,280.0,91.0,23.25,,,,,,,,,,,,,,,,,,,,,2026-04-01 14:45:55,True,35.061,10.982,386.368,144.046
2026-04-08T16:59:06.816Z,2026-04-08T16:59:06.816Z,114.879,1505,,,,,-6.24524,-14.323945,-36.096341,8.537071,-8.766254,-2.864789,39.0180224,-104.8927969,2175.37,15.195,8.04,-5.73,0.29,323.85,-80.238,60.284,39.0179997,-104.8927757,2178.81,9.87,,32,,,,9.873,,-0.29,,-2.539922,1.029698,-9.669357,0.148,-0.153,-0.049,263.0,97.0,422.0,15.243,9.45,280.0,91.0,23.0,,,,,,,,,,,,,,,,,,,,,2026-04-01 14:45:55,True,35.068,10.98,386.285,144.046
2026-04-08T16:59:06.890Z,2026-04-08T16:59:06.890Z,114.953,1506,,,,,-5.557691,-14.896903,-36.325524,5.729578,-7.161972,-2.807493,39.0180273,-104.8928013,2175.37,15.192,8.04,-5.7,0.28,323.69,-79.693,59.904,39.0179997,-104.8927757,2178.81,9.87,,32,,,,9.856,,-0.28,,-2.981222,0.912018,-9.51245,0.1,-0.125,-0.049,263.0,97.0,422.0,15.243,9.45,280.0,91.0,23.25,,,,,,,,,,,,,,,,,,,,,2026-04-01 14:45:55,True,35.045,10.98,385.702,144.046
2026-04-08T16:59:06.960Z,2026-04-08T16:59:06.960Z,115.023,1507,,,,,-5.271212,-15.355269,-36.440116,2.521014,-6.130648,-2.692902,39.0180324,-104.892806,2175.37,15.19,8.05,-5.67,0.27,323.56,-79.126,59.498,39.0180142,-104.892789,2178.69,9.95,,32,,,,9.846,,-0.27,,-2.824315,0.813952,-9.483031,0.044,-0.107,-0.046,268.0,103.0,418.0,15.28,8.84,280.0,91.0,23.25,,,,,,,,,,,,,,,,,,,,,2026-04-01 14:45:55,True,35.045,10.98,386.118,135.075
2026-04-08T16:59:07.038Z,2026-04-08T16:59:07.038Z,115.101,1508,,,,,-5.328507,-15.584452,-36.497412,-2.807493,-2.521014,-1.08862,39.0180369,-104.8928101,2175.36,15.188,8.05,-5.66,0.26,323.48,-78.626,59.144,39.0180142,-104.892789,2178.69,9.95,,32,,,,9.841,,-0.26,,-2.588956,1.000278,-9.581097,-0.048,-0.044,-0.018,272.0,108.0,414.0,15.28,8.84,280.0,91.0,23.25,,,,,,,,,,,,,,,,,,,,,2026-04-01 14:45:55,True,35.03,10.968,385.952,135.075
2026-04-08T16:59:07.111Z,2026-04-08T16:59:07.111Z,115.174,1509,,,,,-5.099324,-16.15741,-36.554707,1.833465,-7.219268,-0.802141,39.0180432,-104.8928158,2175.36,15.189,8.07,-5.66,0.25,323.47,-77.925,58.651,39.0180142,-104.892789,2178.69,9.95,,32,,,,9.857,,-0.25,,-2.667409,1.049312,-9.492837,0.032,-0.126,-0.014,276.0,108.0,412.0,15.28,8.84,280.0,91.0,23.25,,,,,,,,,,,,,,,,,,,,,2026-04-01 14:45:55,True,35.076,10.977,386.285,135.075
2026-04-08T16:59:07.179Z,2026-04-08T16:59:07.179Z,115.242,1510,,,,,-5.271212,-16.55848,-36.497412,-3.724226,-4.526367,0.343775,39.0180484,-104.8928205,2175.36,15.184,8.08,-5.63,0.26,323.49,-77.347,58.245,39.0180287,-104.8928024,2178.59,9.9,,32,,,,9.848,,-0.26,,-2.667409,0.990472,-9.120184,-0.064,-0.079,0.005,276.0,108.0,412.0,15.252,8.81,281.0,91.0,23.25,,,,,,,,,,,,,,,,,,,,,2026-04-01 14:45:55,True,35.053,10.982,386.202,134.37
2026-04-08T16:59:07.294Z,2026-04-08T16:59:07.294Z,115.357,1511,,,,,-5.557691,-16.615776,-36.497412,-9.511099,-1.260507,0.458366,39.0180513,-104.8928231,2175.36,15.183,8.09,-5.62,0.27,323.55,-77.025,58.021,39.0180287,-104.8928024,2178.59,9.9,,32,,,,9.851,,-0.27,,-2.696829,1.039505,-9.179024,-0.165,-0.022,0.008,280.0,109.0,409.0,15.252,8.81,281.0,91.0,23.0,,,,,,,,,,,,,,,,,,,,,2026-04-01 14:45:56,True,35.0,10.965,386.118,134.37
2026-04-08T16:59:07.362Z,2026-04-08T16:59:07.362Z,115.425,1512,,,,,-6.016057,-16.443889,-36.440116,-1.203211,-2.864789,0.458366,39.0180624,-104.8928329,2175.36,15.18,8.14,-5.63,0.24,323.57,-75.79,57.174,39.0180433,-104.8928155,2178.49,9.9,,32,,,,9.897,,-0.24,,-2.824315,0.892405,-9.532064,-0.02,-0.05,0.007,282.0,105.0,408.0,15.285,8.67,281.0,91.0,23.25,,,,,,,,,,,,,,,,,,,,,2026-04-01 14:45:56,True,35.053,10.984,385.368,132.521
2026-04-08T16:59:07.436Z,2026-04-08T16:59:07.436Z,115.499,1513,,,,,-6.073353,-16.501184,-36.440116,-1.776169,1.260507,0.744845,39.018066,-104.8928361,2175.35,15.178,8.16,-5.61,0.24,323.61,-75.39,56.898,39.0180433,-104.8928155,2178.49,9.9,,32,,,,9.902,,-0.24,,-2.765475,0.823759,-9.54187,-0.03,0.021,0.012,280.0,104.0,410.0,15.285,8.67,281.0,91.0,23.25,,,,,,,,,,,,,,,,,,,,,2026-04-01 14:45:56,True,35.045,10.973,385.702,132.521
2026-04-08T16:59:07.506Z,2026-04-08T16:59:07.506Z,115.569,1514,,,,,-6.073353,-15.928227,-36.325524,0.572958,8.136001,1.317803,39.0180725,-104.8928418,2175.35,15.174,8.19,-5.61,0.19,323.69,-74.667,56.405,39.0180582,-104.8928286,2178.37,10.08,,32,,,,9.927,,-0.19,,-2.677215,0.951245,-10.022396,0.01,0.141,0.023,280.0,103.0,411.0,15.285,8.67,281.0,91.0,23.25,,,,,,,,,,,,,,,,,,,,,2026-04-01 14:45:56,True,35.068,10.982,385.868,132.521
2026-04-08T16:59:07.572Z,2026-04-08T16:59:07.572Z,115.635,1515,,,,,-6.589015,-15.985522,-36.210933,-10.31324,-0.572958,1.48969,39.0180779,-104.8928466,2175.34,15.167,8.18,-5.6,0.22,323.84,-74.067,55.991,39.0180582,-104.8928286,2178.37,10.08,,32,,,,9.913,,-0.22,,-2.412436,0.794339,-9.129991,-0.179,-0.01,0.025,280.0,103.0,411.0,15.34,7.21,282.0,91.0,23.25,,,,,,,,,,,,,,,,,,,,,2026-04-01 14:45:56,True,35.076,10.977,385.535,110.601
2026-04-08T16:59:07.650Z,2026-04-08T16:59:07.650Z,115.713,1516,,,,,-7.104677,-16.042818,-36.096341,-11.287269,-3.66693,3.896113,39.0180809,-104.8928492,2175.34,15.164,8.21,-5.61,0.25,323.99,-73.733,55.766,39.0180582,-104.8928286,2178.37,10.08,,32,,,,9.944,,-0.25,,-2.736055,0.755112,-8.718112,-0.197,-0.064,0.067,276.0,101.0,413.0,15.34,7.21,282.0,91.0,23.25,,,,,,,,,,,,,,,,,,,,,2026-04-01 14:45:56,True,35.038,10.973,385.702,110.601
2026-04-08T16:59:07.721Z,2026-04-08T16:59:07.721Z,115.784,1517,,,,,-7.792226,-16.787663,-35.523383,-6.130648,-1.718873,3.953409,39.0180884,-104.8928557,2175.32,15.141,8.2,-5.6,0.3,324.52,-72.899,55.204,39.018073,-104.8928417,2178.27,9.92,,32,,,,9.93,,-0.3,,-3.000835,1.274864,-8.786758,-0.106,-0.03,0.068,283.0,91.0,410.0,15.34,7.21,282.0,91.0,23.25,,,,,,,,,,,,,,,,,,,,,2026-04-01 14:45:56,True,35.061,10.973,385.618,110.601
2026-04-08T16:59:07.786Z,2026-04-08T16:59:07.786Z,115.849,1518,,,,,-8.136001,-16.386593,-35.236904,0.0,6.302536,4.526367,39.0180934,-104.8928601,2175.3,15.123,8.21,-5.57,0.29,324.79,-72.343,54.824,39.018073,-104.8928417,2178.27,9.92,,32,,,,9.921,,-0.29,,-3.275421,1.314091,-9.83607,0.0,0.109,0.078,283.0,91.0,410.0,15.049,12.81,283.0,91.0,23.0,,,,,,,,,,,,,,,,,,,,,2026-04-01 14:45:56,True,35.068,10.989,385.702,192.778
2026-04-08T16:59:07.866Z,2026-04-08T16:59:07.866Z,115.929,1519,,,,,-7.964113,-16.272001,-35.179609,4.870141,6.130648,3.66693,39.0180959,-104.8928622,2175.29,15.116,8.22,-5.57,0.27,324.88,-72.065,54.643,39.018073,-104.8928417,2178.27,9.92,,32,,,,9.929,,-0.27,,-2.814509,1.588677,-10.130269,0.085,0.106,0.064,286.0,85.0,410.0,15.049,12.81,283.0,91.0,23.25,,,,,,,,,,,,,,,,,,,,,2026-04-01 14:45:56,True,35.061,10.977,386.118,192.778
2026-04-08T16:59:07.937Z,2026-04-08T16:59:07.937Z,116.0,1520,,,,,-7.906818,-15.527156,-35.065017,-3.724226,8.537071,1.317803,39.0181046,-104.8928698,2175.27,15.09,8.2,-5.58,0.21,324.96,-71.098,53.986,39.0180878,-104.8928547,2178.15,10.03,,32,,,,9.918,,-0.21,,-3.226388,1.245445,-9.561484,-0.064,0.148,0.022,283.0,86.0,413.0,15.049,12.81,283.0,91.0,23.25,,,,,,,,,,,,,,,,,,,,,2026-04-01 14:45:56,True,35.076,10.984,386.535,192.778
2026-04-08T16:59:08.005Z,2026-04-08T16:59:08.005Z,116.068,1521,,,,,-7.964113,-15.183382,-35.007721,-0.286479,1.375099,1.031324,39.0181099,-104.8928744,2175.25,15.071,8.2,-5.56,0.2,324.99,-70.509,53.589,39.0180878,-104.8928547,2178.15,10.03,,32,,,,9.907,,-0.2,,-3.157741,1.108151,-9.345737,-0.005,0.023,0.018,276.0,86.0,416.0,15.049,12.81,283.0,91.0,23.25,,,,,,,,,,,,,,,,,,,,,2026-04-01 14:45:56,True,35.068,10.977,386.285,192.778
2026-04-08T16:59:08.075Z,2026-04-08T16:59:08.075Z,116.138,1522,,,,,-7.964113,-15.355269,-34.950426,-0.40107,-2.17724,0.916732,39.0181153,-104.8928791,2175.23,15.052,8.19,-5.56,0.19,325.07,-69.908,53.183,39.0180878,-104.8928547,2178.15,10.03,,32,,,,9.899,,-0.19,,-3.275421,1.225831,-9.316318,-0.006,-0.038,0.015,276.0,86.0,416.0,15.049,12.81,283.0,91.0,23.25,,,,,,,,,,,,,,,,,,,,,2026-04-01 14:45:56,True,35.045,10.982,386.035,192.778
2026-04-08T16:59:08.168Z,2026-04-08T16:59:08.168Z,116.231,1523,,,,,-8.365184,-15.584452,-34.835834,-5.443099,-4.640958,0.859437,39.0181203,-104.8928834,2175.21,15.031,8.19,-5.53,0.19,325.18,-69.352,52.811,39.0181026,-104.8928676,2178.07,9.83,,32,,,,9.882,,-0.19,,-2.863542,1.127765,-9.296704,-0.094,-0.081,0.014,276.0,85.0,417.0,15.186,9.83,284.0,91.0,23.25,,,,,,,,,,,,,,,,,,,,,2026-04-01 14:45:56,True,35.045,10.968,386.202,149.278
2026-04-08T16:59:08.238Z,2026-04-08T16:59:08.238Z,116.301,1524,,,,,-8.537071,-16.100114,-34.721242,-0.802141,-4.583662,0.687549,39.0181256,-104.892888,2175.18,15.008,8.17,-5.5,0.19,325.28,-68.763,52.414,39.0181026,-104.8928676,2178.07,9.83,,32,,,,9.849,,-0.19,,-3.206775,1.157185,-9.473224,-0.013,-0.08,0.011,280.0,81.0,415.0,15.186,9.83,284.0,91.0,23.25,,,,,,,,,,,,,,,,,,,,,2026-04-01 14:45:56,True,35.068,10.98,386.202,149.278
2026-04-08T16:59:08.305Z,2026-04-08T16:59:08.305Z,116.368,1525,,,,,-9.110029,-16.443889,-34.663947,-5.213916,-6.531719,0.343775,39.018132,-104.8928935,2175.16,14.985,8.16,-5.52,0.18,325.35,-68.051,51.939,39.0181174,-104.8928803,2177.98,9.91,,32,,,,9.852,,-0.18,,-3.167548,1.000278,-9.561484,-0.09,-0.114,0.005,285.0,79.0,413.0,15.186,9.83,284.0,91.0,23.25,,,,,,,,,,,,,,,,,,,,,2026-04-01 14:45:57,True,35.106,10.98,386.285,149.278
2026-04-08T16:59:08.369Z,2026-04-08T16:59:08.369Z,116.432,1526,,,,,-9.110029,-16.501184,-34.778538,-2.692902,2.57831,-2.635606,39.0181374,-104.8928982,2175.14,14.967,8.12,-5.54,0.13,325.2,-67.451,51.533,39.0181174,-104.8928803,2177.98,9.91,,32,,,,9.83,,-0.13,,-2.883155,0.402073,-10.159689,-0.046,0.044,-0.046,285.0,79.0,413.0,15.15,11.02,284.0,91.0,23.25,,,,,,,,,,,,,,,,,,,,,2026-04-01 14:45:57,True,35.053,10.987,385.535,166.953
2026-04-08T16:59:08.439Z,2026-04-08T16:59:08.439Z,116.502,1527,,,,,-9.339212,-16.55848,-34.89313,-8.479775,-1.203211,-3.380451,39.0181403,-104.8929007,2175.13,14.958,8.12,-5.56,0.14,325.08,-67.128,51.317,39.0181174,-104.8928803,2177.98,9.91,,32,,,,9.841,,-0.14,,-2.785089,0.774725,-9.522257,-0.147,-0.021,-0.059,286.0,76.0,413.0,15.15,11.02,284.0,91.0,23.25,,,,,,,,,,,,,,,,,,,,,2026-04-01 14:45:57,True,35.045,10.97,385.952,166.953
2026-04-08T16:59:08.512Z,2026-04-08T16:59:08.512Z,116.575,1528,,,,,-9.797578,-17.475213,-35.065017,-0.171887,-2.979381,-4.812845,39.0181467,-104.8929064,2175.11,14.938,8.06,-5.56,0.19,324.86,-66.417,50.824,39.0181322,-104.8928931,2177.89,9.92,,32,,,,9.792,,-0.19,,-2.941995,1.029698,-9.335931,-0.002,-0.052,-0.083,291.0,72.0,408.0,15.15,11.02,284.0,91.0,23.25,,,,,,,,,,,,,,,,,,,,,2026-04-01 14:45:57,True,35.023,10.982,385.952,166.953
2026-04-08T16:59:08.575Z,2026-04-08T16:59:08.575Z,116.638,1529,,,,,-9.511099,-17.761692,-35.466088,3.208564,-4.927437,-4.984733,39.018152,-104.892911,2175.1,14.92,8.05,-5.58,0.19,324.52,-65.827,50.427,39.0181322,-104.8928931,2177.89,9.92,,32,,,,9.795,,-0.19,,-2.883155,0.970858,-9.590904,0.056,-0.086,-0.087,291.0,72.0,408.0,14.927,15.15,285.0,91.0,23.25,,,,,,,,,,,,,,,,,,,,,2026-04-01 14:45:57,True,35.076,10.987,386.202,226.144
2026-04-08T16:59:08.666Z,2026-04-08T16:59:08.666Z,116.729,1530,,,,,-9.224621,-17.876283,-35.580679,7.677634,-1.48969,-4.411775,39.018155,-104.8929136,2175.09,14.912,8.06,-5.6,0.18,324.33,-65.494,50.202,39.0181322,-104.8928931,2177.89,9.92,,32,,,,9.814,,-0.18,,-3.383294,1.157185,-9.757617,0.134,-0.026,-0.076,293.0,73.0,407.0,14.927,15.15,285.0,91.0,23.25,,,,,,,,,,,,,,,,,,,,,2026-04-01 14:45:57,True,35.045,10.965,385.702,226.144
2026-04-08T16:59:08.738Z,2026-04-08T16:59:08.738Z,116.801,1531,,,,,-8.021409,-17.303325,-36.38282,7.391156,7.792226,-5.672282,39.0181636,-104.8929213,2175.07,14.892,8.05,-5.63,0.06,323.56,-64.538,49.537,39.0181469,-104.8929061,2177.83,9.88,,32,,,,9.823,,-0.06,,-3.383294,0.951245,-10.228336,0.129,0.135,-0.098,293.0,82.0,406.0,14.927,15.15,285.0,91.0,23.25,,,,,,,,,,,,,,,,,,,,,2026-04-01 14:45:57,True,35.038,10.975,385.952,226.144
2026-04-08T16:59:08.809Z,2026-04-08T16:59:08.809Z,116.872,1532,,,,,-7.219268,-16.959551,-36.898482,9.625691,4.526367,-7.104677,39.0181686,-104.8929259,2175.06,14.886,8.05,-5.65,0.03,323.02,-63.982,49.14,39.0181469,-104.8929061,2177.83,9.88,,32,,,,9.835,,-0.03,,-3.196968,0.735499,-10.022396,0.168,0.078,-0.123,286.0,91.0,409.0,14.927,15.15,285.0,91.0,23.25,,,,,,,,,,,,,,,,,,,,,2026-04-01 14:45:57,True,35.053,10.97,385.785,226.144
2026-04-08T16:59:08.879Z,2026-04-08T16:59:08.879Z,116.942,1533,,,,,-6.589015,-16.730368,-37.414144,4.297183,3.036676,-5.614986,39.0181739,-104.8929307,2175.06,14.882,8.05,-5.65,-0.01,322.54,-63.392,48.725,39.0181469,-104.8929061,2177.83,9.88,,32,,,,9.835,,0.01,,-3.265614,0.872792,-9.83607,0.075,0.052,-0.097,286.0,91.0,409.0,14.927,15.15,285.0,91.0,23.25,,,,,,,,,,,,,,,,,,,,,2026-04-01 14:45:57,True,35.076,10.977,386.118,226.144
2026-04-08T16:59:08.954Z,2026-04-08T16:59:08.954Z,117.017,1534,,,,,-6.073353,-16.844959,-37.643327,5.672282,-3.953409,-2.750197,39.0181788,-104.8929351,2175.05,14.878,8.06,-5.63,-0.02,322.33,-62.847,48.345,39.0181615,-104.8929191,2177.77,9.89,,32,,,,9.832,,0.02,,-2.814509,1.098345,-9.679164,0.099,-0.069,-0.047,282.0,100.0,411.0,15.254,9.81,286.0,91.0,23.25,,,,,,,,,,,,,,,,,,,,,2026-04-01 14:45:57,True,35.053,10.982,385.785,149.642
2026-04-08T16:59:09.030Z,2026-04-08T16:59:09.030Z,117.093,1535,,,,,-6.130648,-17.188734,-37.757919,-2.17724,-7.505747,-0.974028,39.0181842,-104.8929399,2175.05,14.876,8.05,-5.63,-0.03,322.24,-62.247,47.93,39.0181615,-104.8929191,2177.77,9.89,,32,,,,9.823,,0.03,,-3.030255,1.059118,-9.179024,-0.037,-0.13,-0.017,279.0,105.0,410.0,15.254,9.81,286.0,91.0,23.25,,,,,,,,,,,,,,,,,,,,,2026-04-01 14:45:57,True,35.038,10.97,386.118,149.642
2026-04-08T16:59:09.103Z,2026-04-08T16:59:09.103Z,117.166,1536,,,,,-6.474423,-17.990875,-37.643327,-2.463719,-9.682987,0.916732,39.0181898,-104.8929449,2175.05,14.874,8.05,-5.61,0.0,322.4,-61.624,47.498,39.0181615,-104.8929191,2177.77,9.89,,32,,,,9.812,,-0.0,,-2.892962,0.912018,-8.933858,-0.042,-0.169,0.016,285.0,104.0,406.0,15.254,9.81,286.0,91.0,23.25,,,,,,,,,,,,,,,,,,,,,2026-04-01 14:45:57,True,35.061,10.98,385.785,149.642
2026-04-08T16:59:09.169Z,2026-04-08T16:59:09.169Z,117.232,1537,,,,,-7.104677,-18.678424,-37.356848,-9.91217,-8.078705,3.609634,39.0181958,-104.8929503,2175.04,14.868,8.06,-5.61,0.03,322.71,-60.957,47.032,39.0181761,-104.8929322,2177.72,9.89,,32,,,,9.82,,-0.03,,-3.000835,0.941438,-9.090765,-0.172,-0.14,0.063,285.0,104.0,406.0,15.068,12.09,287.0,91.0,23.25,,,,,,,,,,,,,,,,,,,,,2026-04-01 14:45:57,True,35.068,10.977,386.118,182.172
2026-04-08T16:59:09.247Z,2026-04-08T16:59:09.247Z,117.31,1538,,,,,-7.448451,-18.907607,-37.184961,-7.448451,-7.391156,3.265859,39.0181987,-104.8929529,2175.04,14.864,8.06,-5.62,0.04,322.88,-60.635,46.807,39.0181761,-104.8929322,2177.72,9.89,,32,,,,9.826,,-0.04,,-3.069481,1.274864,-9.208444,-0.129,-0.129,0.057,294.0,99.0,401.0,15.068,12.09,287.0,91.0,23.25,,,,,,,,,,,,,,,,,,,,,2026-04-01 14:45:58,True,35.053,10.975,386.285,182.172
2026-04-08T16:59:09.316Z,2026-04-08T16:59:09.316Z,117.379,1539,,,,,-8.021409,-19.365973,-36.898482,0.057296,-2.005352,1.375099,39.0182059,-104.8929594,2175.03,14.857,8.08,-5.63,0.02,323.14,-59.834,46.246,39.0181906,-104.8929452,2177.67,9.75,,32,,,,9.848,,-0.02,,-3.147935,1.166991,-9.483031,0.001,-0.035,0.023,300.0,93.0,398.0,15.068,12.09,287.0,91.0,23.25,,,,,,,,,,,,,,,,,,,,,2026-04-01 14:45:58,True,35.098,10.977,385.785,182.172
2026-04-08T16:59:09.381Z,2026-04-08T16:59:09.381Z,117.444,1540,,,,,-7.73493,-19.365973,-36.726595,5.786874,-0.40107,1.776169,39.0182109,-104.8929638,2175.03,14.851,8.07,-5.65,0.01,323.27,-59.278,45.865,39.0181906,-104.8929452,2177.67,9.75,,32,,,,9.851,,-0.01,,-3.000835,1.010085,-9.60071,0.101,-0.007,0.03,300.0,93.0,398.0,15.045,13.06,288.0,91.0,23.25,,,,,,,,,,,,,,,,,,,,,2026-04-01 14:45:58,True,35.068,10.982,385.702,196.488
2026-04-08T16:59:09.458Z,2026-04-08T16:59:09.458Z,117.521,1541,,,,,-7.620339,-19.308678,-36.726595,4.812845,-1.317803,1.48969,39.0182132,-104.8929659,2175.02,14.848,8.07,-5.67,0.01,323.32,-59.022,45.684,39.0181906,-104.8929452,2177.67,9.75,,32,,,,9.863,,-0.01,,-3.402908,0.764919,-9.355544,0.084,-0.023,0.025,301.0,92.0,398.0,15.045,13.06,288.0,91.0,23.25,,,,,,,,,,,,,,,,,,,,,2026-04-01 14:45:58,True,35.068,10.98,386.202,196.488
2026-04-08T16:59:09.526Z,2026-04-08T16:59:09.526Z,117.589,1542,,,,,-7.563043,-19.308678,-36.38282,2.005352,-0.974028,3.495043,39.0182213,-104.8929732,2175.02,14.842,8.1,-5.68,0.02,323.66,-58.122,45.053,39.0182051,-104.8929583,2177.64,9.88,,32,,,,9.893,,-0.02,,-3.020448,1.010085,-9.100571,0.035,-0.017,0.06,303.0,93.0,397.0,15.045,13.06,288.0,91.0,23.25,,,,,,,,,,,,,,,,,,,,,2026-04-01 14:45:58,True,35.061,10.977,385.785,196.488
2026-04-08T16:59:09.593Z,2026-04-08T16:59:09.593Z,117.656,1543,,,,,-7.391156,-19.365973,-36.096341,3.437747,0.744845,4.354479,39.0182262,-104.8929776,2175.01,14.837,8.11,-5.69,0.03,323.97,-57.577,44.673,39.0182051,-104.8929583,2177.64,9.88,,32,,,,9.907,,-0.03,,-2.991028,0.951245,-9.345737,0.06,0.012,0.076,303.0,92.0,397.0,15.013,12.91,288.0,91.0,23.25,,,,,,,,,,,,,,,,,,,,,2026-04-01 14:45:58,True,35.076,10.984,386.202,193.818
2026-04-08T16:59:09.665Z,2026-04-08T16:59:09.665Z,117.728,1544,,,,,-7.448451,-19.251382,-35.98175,-0.114592,3.437747,4.297183,39.0182279,-104.8929791,2175.01,14.835,8.11,-5.71,0.02,324.07,-57.388,44.544,39.0182051,-104.8929583,2177.64,9.88,,32,,,,9.918,,-0.02,,-3.059675,0.794339,-9.257478,-0.002,0.059,0.075,303.0,92.0,397.0,15.013,12.91,288.0,91.0,23.25,,,,,,,,,,,,,,,,,,,,,2026-04-01 14:45:58,True,35.068,10.975,385.702,193.818
2026-04-08T16:59:09.730Z,2026-04-08T16:59:09.730Z,117.793,1545,,,,,-7.505747,-18.678424,-35.351496,3.953409,7.620339,5.213916,39.0182366,-104.8929871,2175.01,14.83,8.14,-5.76,-0.01,324.66,-56.42,43.852,39.0182197,-104.8929713,2177.59,9.93,,32,,,,9.972,,0.01,,-3.069481,0.686466,-10.120463,0.068,0.132,0.091,304.0,91.0,396.0,15.013,12.91,288.0,91.0,23.25,,,,,,,,,,,,,,,,,,,,,2026-04-01 14:45:58,True,35.068,10.987,385.535,193.818
2026-04-08T16:59:09.792Z,2026-04-08T16:59:09.792Z,117.855,1546,,,,,-7.677634,-17.933579,-35.236904,-6.932789,14.266649,3.66693,39.0182409,-104.8929909,2175.0,14.827,8.14,-5.81,-0.05,324.82,-55.942,43.524,39.0182197,-104.8929713,2177.59,9.93,,32,,,,10.001,,0.05,,-2.951802,0.539366,-10.07143,-0.12,0.248,0.063,298.0,90.0,400.0,15.063,12.46,289.0,91.0,23.25,,,,,,,,,,,,,,,,,,,,,2026-04-01 14:45:58,True,35.068,10.982,385.952,187.685
2026-04-08T16:59:09.867Z,2026-04-08T16:59:09.867Z,117.93,1547,,,,,-7.906818,-17.6471,-35.179609,-10.084057,14.094762,3.323155,39.0182425,-104.8929924,2175.0,14.827,8.15,-5.81,-0.07,324.84,-55.764,43.395,39.0182197,-104.8929713,2177.59,9.93,,32,,,,10.009,,0.07,,-2.775282,0.323619,-10.561762,-0.175,0.245,0.058,298.0,90.0,400.0,15.063,12.46,289.0,91.0,23.25,,,,,,,,,,,,,,,,,,,,,2026-04-01 14:45:58,True,35.061,10.977,385.952,187.685
2026-04-08T16:59:09.935Z,2026-04-08T16:59:09.935Z,117.998,1548,,,,,-7.047381,-16.15741,-35.2942,20.053523,11.573747,-3.323155,39.0182511,-104.8930003,2175.01,14.83,8.15,-5.86,-0.15,324.66,-54.808,42.712,39.0182344,-104.8929847,2177.55,10.07,,32,,,,10.038,,0.15,,-3.030255,0.627626,-10.04201,0.35,0.201,-0.057,290.0,85.0,407.0,15.063,12.46,289.0,91.0,23.25,,,,,,,,,,,,,,,,,,,,,2026-04-01 14:45:58,True,35.038,10.975,386.035,187.685
2026-04-08T16:59:10.003Z,2026-04-08T16:59:10.003Z,118.066,1549,,,,,-5.500395,-15.183382,-35.752566,21.7151,18.449241,-5.099324,39.0182562,-104.8930051,2175.01,14.835,8.14,-5.89,-0.21,324.21,-54.241,42.297,39.0182344,-104.8929847,2177.55,10.07,,32,,,,10.047,,0.21,,-2.912575,0.637432,-10.404856,0.379,0.321,-0.089,279.0,96.0,414.0,15.063,12.46,289.0,91.0,23.25,,,,,,,,,,,,,,,,,,,,,2026-04-01 14:45:58,True,35.068,10.987,386.035,187.685
2026-04-08T16:59:10.075Z,2026-04-08T16:59:10.075Z,118.138,1550,,,,,-4.354479,-14.152058,-36.153637,11.344564,11.688339,-4.75555,39.0182615,-104.89301,2175.03,14.85,8.15,-5.88,-0.28,323.81,-53.652,41.874,39.0182344,-104.8929847,2177.55,10.07,,32,,,,10.05,,0.28,,-2.461469,0.274586,-10.032203,0.198,0.203,-0.082,279.0,96.0,414.0,15.063,12.46,289.0,91.0,23.0,,,,,,,,,,,,,,,,,,,,,2026-04-01 14:45:58,True,35.053,10.98,385.952,187.685
2026-04-08T16:59:10.142Z,2026-04-08T16:59:10.142Z,118.205,1551,,,,,-4.239888,-14.037466,-36.38282,-4.870141,-2.349127,-1.948057,39.0182664,-104.8930146,2175.04,14.867,8.13,-5.9,-0.3,323.66,-53.107,41.477,39.0182491,-104.8929982,2177.55,10.04,,32,,,,10.045,,0.3,,-2.912575,0.460913,-8.659272,-0.084,-0.041,-0.033,266.0,113.0,419.0,15.063,12.46,289.0,91.0,23.0,,,,,,,,,,,,,,,,,,,,,2026-04-01 14:45:58,True,35.076,10.977,385.702,187.685
2026-04-08T16:59:10.235Z,2026-04-08T16:59:10.235Z,118.298,1552,,,,,-5.099324,-15.06879,-36.325524,-13.464508,-20.798368,0.744845,39.0182717,-104.8930195,2175.06,14.883,8.13,-5.88,-0.24,323.77,-52.517,41.053,39.0182491,-104.8929982,2177.55,10.04,,32,,,,10.034,,0.24,,-2.824315,0.804145,-8.198359,-0.234,-0.363,0.012,262.0,115.0,419.0,15.063,12.46,289.0,91.0,23.25,,,,,,,,,,,,,,,,,,,,,2026-04-01 14:45:58,True,35.038,10.963,385.952,187.685
2026-04-08T16:59:10.305Z,2026-04-08T16:59:10.305Z,118.368,1553,,,,,-6.302536,-17.589804,-36.039045,-10.886198,-26.413354,0.458366,39.0182781,-104.8930255,2175.08,14.904,8.08,-5.89,-0.11,323.99,-51.806,40.535,39.0182638,-104.8930118,2177.54,10.09,,32,,,,9.999,,0.11,,-2.726249,0.382459,-8.600432,-0.189,-0.461,0.008,279.0,104.0,410.0,15.063,12.46,289.0,91.0,23.25,,,,,,,,,,,,,,,,,,,,,2026-04-01 14:45:59,True,35.045,10.977,385.868,187.685
2026-04-08T16:59:10.372Z,2026-04-08T16:59:10.372Z,118.435,1554,,,,,-6.359832,-18.334649,-35.867158,7.792226,-1.776169,1.833465,39.0182833,-104.8930305,2175.09,14.916,8.09,-5.91,-0.06,324.15,-51.228,40.103,39.0182638,-104.8930118,2177.54,10.09,,32,,,,10.019,,0.06,,-3.069481,0.627626,-9.031925,0.136,-0.031,0.032,279.0,104.0,410.0,15.233,8.07,290.0,91.0,23.25,,,,,,,,,,,,,,,,,,,,,2026-04-01 14:45:59,True,35.068,10.98,385.952,122.93
2026-04-08T16:59:10.446Z,2026-04-08T16:59:10.446Z,118.509,1555,,,,,-5.672282,-18.162762,-35.809862,21.485917,3.781521,1.031324,39.0182862,-104.8930332,2175.1,14.924,8.09,-5.92,-0.05,324.19,-50.905,39.87,39.0182638,-104.8930118,2177.54,10.09,,32,,,,10.025,,0.05,,-3.138128,0.627626,-9.159411,0.375,0.065,0.018,293.0,99.0,401.0,15.233,8.07,290.0,91.0,23.25,,,,,,,,,,,,,,,,,,,,,2026-04-01 14:45:59,True,35.053,10.973,385.535,122.93
2026-04-08T16:59:10.519Z,2026-04-08T16:59:10.519Z,118.582,1556,,,,,-3.208564,-17.417917,-35.867158,19.365973,8.193296,0.229183,39.0182936,-104.8930401,2175.12,14.942,8.11,-5.93,-0.05,324.14,-50.082,39.274,39.0182785,-104.8930256,2177.5,10.12,,32,,,,10.047,,0.05,,-2.569342,0.284393,-9.365351,0.338,0.142,0.004,292.0,112.0,401.0,15.233,8.07,290.0,91.0,23.25,,,,,,,,,,,,,,,,,,,,,2026-04-01 14:45:59,True,35.045,10.977,385.952,122.93
2026-04-08T16:59:10.586Z,2026-04-08T16:59:10.586Z,118.649,1557,,,,,-2.349127,-16.844959,-35.752566,6.875494,6.24524,3.265859,39.0182986,-104.8930448,2175.13,14.958,8.14,-5.94,-0.03,324.31,-49.526,38.868,39.0182785,-104.8930256,2177.5,10.12,,32,,,,10.077,,0.03,,-2.569342,0.764919,-8.659272,0.12,0.108,0.057,292.0,112.0,401.0,15.431,5.99,290.0,91.0,23.25,,,,,,,,,,,,,,,,,,,,,2026-04-01 14:45:59,True,35.061,10.982,385.785,92.432
2026-04-08T16:59:10.669Z,2026-04-08T16:59:10.669Z,118.732,1558,,,,,-2.406423,-16.730368,-35.637975,2.349127,2.635606,4.239888,39.018301,-104.8930471,2175.14,14.967,8.15,-5.93,-0.04,324.47,-49.259,38.669,39.0182785,-104.8930256,2177.5,10.12,,32,,,,10.079,,0.04,,-2.333983,0.568786,-9.355544,0.041,0.045,0.074,284.0,126.0,401.0,15.431,5.99,290.0,91.0,23.25,,,,,,,,,,,,,,,,,,,,,2026-04-01 14:45:59,True,35.038,10.968,385.702,92.432
2026-04-08T16:59:10.739Z,2026-04-08T16:59:10.739Z,118.802,1559,,,,,-3.093972,-17.360621,-34.835834,-4.698254,-2.291831,6.64631,39.0183099,-104.8930553,2175.17,14.99,8.21,-5.91,0.08,325.24,-48.27,37.961,39.0182932,-104.8930393,2177.49,10.08,,32,,,,10.116,,-0.08,,-2.843928,0.892405,-8.659272,-0.081,-0.04,0.116,286.0,126.0,399.0,15.431,5.99,290.0,91.0,23.25,,,,,,,,,,,,,,,,,,,,,2026-04-01 14:45:59,True,35.068,10.98,386.035,92.432
2026-04-08T16:59:10.811Z,2026-04-08T16:59:10.811Z,118.874,1560,,,,,-3.093972,-17.303325,-34.377468,6.359832,4.411775,5.557691,39.0183149,-104.8930599,2175.18,15.003,8.25,-5.88,0.1,325.65,-47.714,37.563,39.0182932,-104.8930393,2177.49,10.08,,32,,,,10.131,,-0.1,,-2.598762,0.637432,-9.316318,0.111,0.076,0.096,291.0,119.0,397.0,15.431,5.99,290.0,91.0,23.25,,,,,,,,,,,,,,,,,,,,,2026-04-01 14:45:59,True,35.038,10.975,386.202,92.432
2026-04-08T16:59:10.883Z,2026-04-08T16:59:10.883Z,118.946,1561,,,,,-2.807493,-16.55848,-34.090989,0.916732,10.771607,4.182592,39.0183204,-104.8930649,2175.19,15.01,8.28,-5.88,0.11,325.96,-47.102,37.131,39.0182932,-104.8930393,2177.49,10.08,,32,,,,10.155,,-0.11,,-2.706635,0.872792,-9.473224,0.016,0.187,0.073,291.0,119.0,397.0,15.431,5.99,290.0,91.0,23.25,,,,,,,,,,,,,,,,,,,,,2026-04-01 14:45:59,True,35.038,10.98,385.952,92.432
2026-04-08T16:59:10.954Z,2026-04-08T16:59:10.954Z,119.017,1562,,,,,-2.979381,-15.699044,-33.747214,-2.291831,9.682987,4.583662,39.0183262,-104.8930701,2175.19,15.014,8.29,-5.84,0.11,326.32,-46.457,36.682,39.0183079,-104.8930529,2177.41,10.11,,32,,,,10.14,,-0.11,,-2.451662,0.627626,-9.453611,-0.039,0.168,0.08,290.0,119.0,400.0,15.356,6.69,291.0,91.0,23.25,,,,,,,,,,,,,,,,,,,,,2026-04-01 14:45:59,True,35.068,10.975,385.952,102.732
2026-04-08T16:59:11.025Z,2026-04-08T16:59:11.025Z,119.088,1563,,,,,-3.151268,-15.46986,-33.460735,-3.208564,-0.515662,4.469071,39.018331,-104.8930744,2175.19,15.015,8.33,-5.82,0.15,326.56,-45.924,36.31,39.0183079,-104.8930529,2177.41,10.11,,32,,,,10.162,,-0.15,,-2.775282,1.049312,-8.620045,-0.055,-0.009,0.077,281.0,117.0,406.0,15.356,6.69,291.0,91.0,23.25,,,,,,,,,,,,,,,,,,,,,2026-04-01 14:45:59,True,35.061,10.973,386.035,102.732
2026-04-08T16:59:11.098Z,2026-04-08T16:59:11.098Z,119.161,1564,,,,,-3.552338,-15.183382,-33.174256,-0.687549,7.849522,3.552338,39.0183368,-104.8930796,2175.19,15.015,8.33,-5.78,0.18,326.85,-45.279,35.861,39.0183079,-104.8930529,2177.41,10.11,,32,,,,10.139,,-0.18,,-2.647796,0.588399,-9.394771,-0.011,0.137,0.062,281.0,113.0,406.0,15.356,6.69,291.0,91.0,23.25,,,,,,,,,,,,,,,,,,,,,2026-04-01 14:45:59,True,35.068,10.973,385.702,102.732
2026-04-08T16:59:11.173Z,2026-04-08T16:59:11.173Z,119.236,1565,,,,,-3.838817,-14.725015,-32.945073,-4.812845,4.411775,3.609634,39.0183422,-104.8930843,2175.19,15.01,8.34,-5.76,0.18,327.08,-44.678,35.455,39.0183229,-104.8930664,2177.37,10.18,,32,,,,10.136,,-0.18,,-2.873348,0.931632,-9.326124,-0.083,0.076,0.063,281.0,113.0,406.0,15.256,8.51,292.0,91.0,23.25,,,,,,,,,,,,,,,,,,,,,2026-04-01 14:45:59,True,35.061,10.968,386.035,129.829
2026-04-08T16:59:11.248Z,2026-04-08T16:59:11.248Z,119.311,1566,,,,,-3.781521,-14.438536,-32.830482,3.552338,7.964113,2.864789,39.018346,-104.8930877,2175.18,15.005,8.34,-5.72,0.15,327.22,-44.256,35.161,39.0183229,-104.8930664,2177.37,10.18,,32,,,,10.113,,-0.15,,-2.961608,1.353318,-9.83607,0.062,0.138,0.05,278.0,108.0,410.0,15.256,8.51,292.0,91.0,23.25,,,,,,,,,,,,,,,,,,,,,2026-04-01 14:46:00,True,35.045,10.984,385.952,129.829
2026-04-08T16:59:11.318Z,2026-04-08T16:59:11.318Z,119.381,1567,,,,,-4.182592,-13.808283,-32.773186,-10.198649,3.781521,-0.057296,39.0183536,-104.8930942,2175.17,14.995,8.36,-5.69,0.11,327.2,-43.41,34.6,39.018338,-104.8930797,2177.3,10.14,,32,,,,10.113,,-0.11,,-2.677215,0.598206,-9.51245,-0.177,0.065,-0.001,273.0,108.0,414.0,15.256,8.51,292.0,91.0,23.25,,,,,,,,,,,,,,,,,,,,,2026-04-01 14:46:00,True,35.053,10.977,385.702,129.829
2026-04-08T16:59:11.384Z,2026-04-08T16:59:11.384Z,119.447,1568,,,,,-5.213916,-13.693691,-32.830482,-13.636396,1.833465,-0.859437,39.0183587,-104.8930985,2175.16,14.988,8.36,-5.66,0.14,327.15,-42.843,34.228,39.018338,-104.8930797,2177.3,10.14,,32,,,,10.096,,-0.14,,-2.579149,0.735499,-9.090765,-0.237,0.031,-0.014,273.0,108.0,414.0,15.382,5.7,292.0,91.0,23.25,,,,,,,,,,,,,,,,,,,,,2026-04-01 14:46:00,True,35.053,10.984,385.785,87.677
2026-04-08T16:59:11.460Z,2026-04-08T16:59:11.460Z,119.523,1569,,,,,-5.443099,-13.693691,-32.887777,-11.344564,0.572958,-1.08862,39.0183612,-104.8931007,2175.16,14.984,8.35,-5.66,0.15,327.1,-42.565,34.038,39.018338,-104.8930797,2177.3,10.14,,32,,,,10.088,,-0.15,,-2.628182,0.931632,-9.169218,-0.197,0.009,-0.018,269.0,102.0,417.0,15.382,5.7,292.0,91.0,23.25,,,,,,,,,,,,,,,,,,,,,2026-04-01 14:46:00,True,35.045,10.973,385.952,87.677
2026-04-08T16:59:11.530Z,2026-04-08T16:59:11.530Z,119.593,1570,,,,,-5.958761,-14.495832,-33.002369,-1.260507,-6.760902,-2.062648,39.0183695,-104.8931078,2175.14,14.968,8.34,-5.62,0.21,326.97,-41.643,33.425,39.018353,-104.8930929,2177.23,10.05,,32,,,,10.057,,-0.21,,-2.637989,0.353039,-9.012311,-0.021,-0.118,-0.035,272.0,94.0,417.0,15.382,5.7,292.0,91.0,23.25,,,,,,,,,,,,,,,,,,,,,2026-04-01 14:46:00,True,35.045,10.984,386.035,87.677
2026-04-08T16:59:11.594Z,2026-04-08T16:59:11.594Z,119.657,1571,,,,,-6.130648,-14.66772,-33.116961,-2.807493,-0.572958,-2.17724,39.0183746,-104.8931122,2175.13,14.955,8.31,-5.6,0.23,326.84,-41.075,33.045,39.018353,-104.8930929,2177.23,10.05,,32,,,,10.021,,-0.23,,-2.824315,0.460913,-9.345737,-0.048,-0.01,-0.037,276.0,92.0,414.0,15.17,9.66,293.0,91.0,23.25,,,,,,,,,,,,,,,,,,,,,2026-04-01 14:46:00,True,35.076,10.98,385.868,146.542
2026-04-08T16:59:11.672Z,2026-04-08T16:59:11.672Z,119.735,1572,,,,,-6.073353,-14.610424,-33.231552,-1.604282,0.229183,-2.463719,39.0183763,-104.8931136,2175.13,14.951,8.31,-5.63,0.22,326.78,-40.886,32.924,39.018353,-104.8930929,2177.23,10.05,,32,,,,10.038,,-0.22,,-3.040062,1.010085,-9.424191,-0.027,0.003,-0.042,276.0,92.0,414.0,15.17,9.66,293.0,91.0,23.25,,,,,,,,,,,,,,,,,,,,,2026-04-01 14:46:00,True,35.045,10.977,385.702,146.542
2026-04-08T16:59:11.750Z,2026-04-08T16:59:11.750Z,119.813,1573,,,,,-5.84417,-14.381241,-33.689918,-1.776169,-0.572958,-4.526367,39.0183851,-104.8931212,2175.1,14.929,8.28,-5.6,0.2,326.29,-39.908,32.267,39.018368,-104.8931059,2177.15,10.05,,32,,,,9.996,,-0.2,,-2.588956,0.353039,-9.365351,-0.031,-0.01,-0.078,276.0,93.0,415.0,15.242,8.45,293.0,91.0,23.25,,,,,,,,,,,,,,,,,,,,,2026-04-01 14:46:00,True,35.038,10.968,386.035,128.795
2026-04-08T16:59:11.821Z,2026-04-08T16:59:11.821Z,119.884,1574,,,,,-6.187944,-14.610424,-33.919101,-2.349127,-1.317803,-1.661578,39.0183913,-104.8931266,2175.08,14.908,8.27,-5.59,0.21,326.09,-39.218,31.801,39.018368,-104.8931059,2177.15,10.05,,32,,,,9.982,,-0.21,,-2.775282,1.510224,-9.179024,-0.04,-0.023,-0.029,273.0,95.0,416.0,15.242,8.45,293.0,91.0,23.25,,,,,,,,,,,,,,,,,,,,,2026-04-01 14:46:00,True,35.061,10.973,386.035,128.795
2026-04-08T16:59:11.893Z,2026-04-08T16:59:11.893Z,119.956,1575,,,,,-5.443099,-14.610424,-34.090989,10.31324,1.604282,-2.692902,39.0183963,-104.8931309,2175.07,14.889,8.29,-5.56,0.17,325.9,-38.662,31.429,39.018368,-104.8931059,2177.15,10.05,,32,,,,9.982,,-0.17,,-2.853735,1.137571,-9.963556,0.18,0.027,-0.047,273.0,95.0,416.0,15.242,8.45,293.0,91.0,23.25,,,,,,,,,,,,,,,,,,,,,2026-04-01 14:46:00,True,35.061,10.97,385.535,128.795
2026-04-08T16:59:11.962Z,2026-04-08T16:59:11.962Z,120.025,1576,,,,,-5.328507,-14.323945,-34.320172,-3.437747,5.213916,-2.234535,39.0184025,-104.8931362,2175.04,14.862,8.29,-5.54,0.13,325.64,-37.973,30.971,39.0183829,-104.8931187,2177.07,9.92,,32,,,,9.971,,-0.13,,-2.510502,0.853179,-10.306789,-0.059,0.09,-0.038,276.0,95.0,415.0,15.264,9.31,294.0,91.0,23.25,,,,,,,,,,,,,,,,,,,,,2026-04-01 14:46:00,True,35.068,10.975,385.535,142.108
2026-04-08T16:59:12.035Z,2026-04-08T16:59:12.035Z,120.098,1577,,,,,-5.443099,-13.98017,-34.492059,-3.208564,4.927437,-2.922085,39.0184062,-104.8931394,2175.02,14.848,8.27,-5.53,0.1,325.49,-37.562,30.695,39.0183829,-104.8931187,2177.07,9.92,,32,,,,9.949,,-0.1,,-2.755669,0.872792,-10.01259,-0.055,0.085,-0.05,271.0,100.0,417.0,15.264,9.31,294.0,91.0,23.25,,,,,,,,,,,,,,,,,,,,,2026-04-01 14:46:00,True,35.068,10.973,385.535,142.108
2026-04-08T16:59:12.105Z,2026-04-08T16:59:12.105Z,120.168,1578,,,,,-5.385803,-13.693691,-34.950426,-2.521014,2.635606,-6.359832,39.0184127,-104.8931449,2175.0,14.823,8.29,-5.52,0.07,324.99,-36.839,30.22,39.0183829,-104.8931187,2177.07,9.92,,32,,,,9.96,,-0.07,,-2.432049,0.304006,-9.904716,-0.043,0.045,-0.11,266.0,101.0,420.0,15.264,9.31,294.0,91.0,23.5,,,,,,,,,,,,,,,,,,,,,2026-04-01 14:46:00,True,35.061,10.982,385.952,142.108
2026-04-08T16:59:12.173Z,2026-04-08T16:59:12.173Z,120.236,1579,,,,,-5.84417,-13.750987,-35.2942,-9.854874,-3.265859,-4.068,39.0184181,-104.8931495,2174.98,14.805,8.28,-5.51,0.06,324.63,-36.238,29.822,39.0183977,-104.8931316,2177.01,9.95,,32,,,,9.946,,-0.06,,-2.628182,0.480526,-9.610517,-0.171,-0.057,-0.07,266.0,101.0,420.0,15.301,8.11,294.0,91.0,23.25,,,,,,,,,,,,,,,,,,,,,2026-04-01 14:46:00,True,35.038,10.989,385.868,124.091
2026-04-08T16:59:12.366Z,2026-04-08T16:59:12.366Z,120.429,1580,,,,,-6.24524,-13.98017,-35.466088,-11.115381,-7.219268,-3.265859,39.0184211,-104.8931521,2174.97,14.793,8.26,-5.55,0.06,324.52,-35.905,29.598,39.0183977,-104.8931316,2177.01,9.95,,32,,,,9.951,,-0.06,,-2.618376,0.794339,-9.267284,-0.193,-0.126,-0.056,263.0,101.0,421.0,15.097,10.95,295.0,91.0,23.25,,,,,,,,,,,,,,,,,,,,,2026-04-01 14:46:01,True,34.917,10.97,386.285,165.312
2026-04-08T16:59:12.439Z,2026-04-08T16:59:12.439Z,120.502,1581,,,,,-7.849522,-15.126086,-36.039045,2.635606,-2.864789,-4.297183,39.0184359,-104.8931649,2174.91,14.733,8.19,-5.62,0.09,323.89,-34.259,28.492,39.0184127,-104.8931444,2176.91,10.1,,32,,,,9.933,,-0.09,,-2.922382,0.519752,-9.551677,0.045,-0.05,-0.074,272.0,86.0,417.0,15.097,10.95,295.0,91.0,23.25,,,,,,,,,,,,,,,,,,,,,2026-04-01 14:46:01,True,35.053,10.973,385.952,165.312
2026-04-08T16:59:12.510Z,2026-04-08T16:59:12.510Z,120.573,1582,,,,,-6.990085,-15.011494,-36.497412,12.204001,4.640958,-4.698254,39.0184424,-104.8931706,2174.89,14.719,8.16,-5.67,0.04,323.45,-33.536,28.0,39.0184276,-104.8931574,2176.84,9.92,,32,,,,9.937,,-0.04,,-2.451662,0.568786,-10.395049,0.213,0.08,-0.082,274.0,89.0,417.0,15.097,10.95,295.0,91.0,23.5,,,,,,,,,,,,,,,,,,,,,2026-04-01 14:46:01,True,35.076,10.973,386.202,165.312
2026-04-08T16:59:12.577Z,2026-04-08T16:59:12.577Z,120.64,1583,,,,,-5.786874,-14.495832,-37.013074,14.839607,10.771607,-6.24524,39.0184477,-104.8931755,2174.89,14.716,8.15,-5.7,-0.02,322.95,-32.947,27.576,39.0184276,-104.8931574,2176.84,9.92,,32,,,,9.945,,0.02,,-2.500696,0.353039,-10.414662,0.259,0.187,-0.109,274.0,89.0,417.0,15.215,10.66,295.0,91.0,23.25,,,,,,,,,,,,,,,,,,,,,2026-04-01 14:46:01,True,35.076,10.975,385.952,162.192
2026-04-08T16:59:12.654Z,2026-04-08T16:59:12.654Z,120.717,1584,,,,,-5.213916,-14.152058,-37.299552,13.235325,8.995437,-6.302536,39.0184507,-104.8931781,2174.9,14.72,8.15,-5.7,-0.06,322.66,-32.613,27.352,39.0184276,-104.8931574,2176.84,9.92,,32,,,,9.945,,0.06,,-2.736055,0.274586,-10.218529,0.231,0.156,-0.109,267.0,101.0,419.0,15.215,10.66,295.0,91.0,23.25,,,,,,,,,,,,,,,,,,,,,2026-04-01 14:46:01,True,35.061,10.973,386.118,162.192
2026-04-08T16:59:12.728Z,2026-04-08T16:59:12.728Z,120.791,1585,,,,,-4.010705,-12.948846,-37.987102,2.463719,10.427832,-4.927437,39.0184587,-104.8931854,2174.91,14.737,8.13,-5.74,-0.13,321.95,-31.724,26.721,39.0184423,-104.8931705,2176.81,9.9,,32,,,,9.952,,0.13,,-2.794895,0.26478,-10.228336,0.042,0.181,-0.086,259.0,114.0,422.0,15.215,10.66,295.0,91.0,23.25,,,,,,,,,,,,,,,,,,,,,2026-04-01 14:46:01,True,35.061,10.97,386.202,162.192
2026-04-08T16:59:12.802Z,2026-04-08T16:59:12.802Z,120.865,1586,,,,,-3.724226,-12.605071,-38.273581,3.380451,3.66693,-2.234535,39.0184637,-104.89319,2174.94,14.762,8.13,-5.71,-0.15,321.72,-31.168,26.324,39.0184423,-104.8931705,2176.81,9.9,,32,,,,9.935,,0.15,,-2.588956,0.823759,-10.169496,0.059,0.063,-0.038,248.0,122.0,425.0,15.419,7.15,296.0,91.0,23.25,,,,,,,,,,,,,,,,,,,,,2026-04-01 14:46:01,True,35.045,10.975,386.202,110.246
2026-04-08T16:59:12.906Z,2026-04-08T16:59:12.906Z,120.969,1587,,,,,-3.552338,-12.547776,-38.273581,7.104677,3.495043,-1.203211,39.0184653,-104.8931915,2174.95,14.771,8.12,-5.7,-0.16,321.71,-30.99,26.194,39.0184423,-104.8931705,2176.81,9.9,,32,,,,9.921,,0.16,,-2.687022,0.706079,-9.443804,0.124,0.06,-0.021,248.0,122.0,425.0,15.419,7.15,296.0,91.0,23.25,,,,,,,,,,,,,,,,,,,,,2026-04-01 14:46:01,True,35.0,10.965,385.868,110.246
2026-04-08T16:59:12.973Z,2026-04-08T16:59:12.973Z,121.036,1588,,,,,-4.297183,-13.865579,-37.700623,-18.334649,-21.485917,5.901465,39.018477,-104.8932021,2175.01,14.836,8.11,-5.7,-0.16,322.35,-29.689,25.278,39.0184568,-104.8931836,2176.81,9.84,,32,,,,9.913,,0.16,,-2.25553,0.509946,-9.286898,-0.319,-0.375,0.102,245.0,126.0,426.0,15.487,4.28,296.0,91.0,23.25,,,,,,,,,,,,,,,,,,,,,2026-04-01 14:46:01,True,35.076,10.977,386.035,66.284
2026-04-08T16:59:13.049Z,2026-04-08T16:59:13.049Z,121.112,1589,,,,,-5.271212,-14.610424,-37.414144,-22.001579,-20.798368,6.818198,39.0184799,-104.8932048,2175.03,14.852,8.12,-5.7,-0.16,322.71,-29.367,25.045,39.0184568,-104.8931836,2176.81,9.84,,32,,,,9.921,,0.16,,-2.383016,1.019892,-8.384686,-0.383,-0.363,0.118,252.0,121.0,422.0,15.487,4.28,296.0,91.0,23.5,,,,,,,,,,,,,,,,,,,,,2026-04-01 14:46:01,True,35.023,10.97,385.952,66.284
2026-04-08T16:59:13.120Z,2026-04-08T16:59:13.120Z,121.183,1590,,,,,-6.187944,-16.55848,-36.554707,7.563043,-15.011494,6.875494,39.0184872,-104.8932113,2175.05,14.873,8.11,-5.69,-0.05,323.55,-28.555,24.483,39.0184714,-104.8931968,2176.78,9.97,,32,,,,9.907,,0.05,,-3.040062,0.813952,-8.561205,0.131,-0.262,0.12,271.0,104.0,414.0,15.487,4.28,296.0,91.0,23.5,,,,,,,,,,,,,,,,,,,,,2026-04-01 14:46:01,True,35.068,10.982,385.452,66.284
2026-04-08T16:59:13.184Z,2026-04-08T16:59:13.184Z,121.247,1591,,,,,-5.786874,-16.673072,-35.924454,12.146705,3.265859,7.620339,39.0184922,-104.8932158,2175.05,14.875,8.1,-5.68,0.01,324.1,-27.999,24.095,39.0184714,-104.8931968,2176.78,9.97,,32,,,,9.893,,-0.01,,-2.432049,0.676659,-9.355544,0.212,0.056,0.133,271.0,104.0,414.0,15.293,8.16,296.0,91.0,23.25,,,,,,,,,,,,,,,,,,,,,2026-04-01 14:46:01,True,35.068,10.984,386.285,124.791
2026-04-08T16:59:13.260Z,2026-04-08T16:59:13.260Z,121.323,1592,,,,,-5.500395,-16.615776,-35.752566,13.063438,3.66693,7.792226,39.0184945,-104.8932179,2175.05,14.875,8.11,-5.7,-0.02,324.34,-27.743,23.913,39.0184714,-104.8931968,2176.78,9.97,,32,,,,9.913,,0.02,,-2.530116,0.353039,-9.443804,0.228,0.063,0.136,282.0,103.0,409.0,15.293,8.16,296.0,91.0,23.25,,,,,,,,,,,,,,,,,,,,,2026-04-01 14:46:02,True,35.038,10.973,385.702,124.791
2026-04-08T16:59:13.333Z,2026-04-08T16:59:13.333Z,121.396,1593,,,,,-4.870141,-16.15741,-34.835834,3.265859,0.687549,8.594367,39.0185025,-104.8932252,2175.05,14.872,8.13,-5.69,0.03,325.25,-26.854,23.283,39.018486,-104.8932099,2176.76,9.86,,32,,,,9.923,,-0.03,,-2.471276,0.745305,-9.208444,0.057,0.011,0.15,283.0,107.0,408.0,15.293,8.16,296.0,91.0,23.5,,,,,,,,,,,,,,,,,,,,,2026-04-01 14:46:02,True,35.053,10.98,385.952,124.791
2026-04-08T16:59:13.413Z,2026-04-08T16:59:13.413Z,121.476,1594,,,,,-4.870141,-16.214706,-34.20558,2.463719,-1.031324,7.047381,39.0185082,-104.8932303,2175.04,14.865,8.17,-5.71,0.06,325.86,-26.22,22.842,39.018486,-104.8932099,2176.76,9.86,,32,,,,9.968,,-0.06,,-2.088816,0.568786,-9.002505,0.043,-0.018,0.123,283.0,105.0,408.0,15.293,8.16,296.0,91.0,23.25,,,,,,,,,,,,,,,,,,,,,2026-04-01 14:46:02,True,35.038,10.97,385.618,124.791
2026-04-08T16:59:13.485Z,2026-04-08T16:59:13.485Z,121.548,1595,,,,,-5.099324,-16.15741,-33.689918,-4.297183,0.572958,6.531719,39.0185136,-104.893235,2175.03,14.858,8.17,-5.69,0.11,326.36,-25.619,22.436,39.018486,-104.8932099,2176.76,9.86,,32,,,,9.956,,-0.11,,-2.363403,0.980665,-8.933858,-0.074,0.009,0.114,283.0,105.0,408.0,15.293,8.16,296.0,91.0,23.5,,,,,,,,,,,,,,,,,,,,,2026-04-01 14:46:02,True,35.045,10.977,386.118,124.791
2026-04-08T16:59:13.553Z,2026-04-08T16:59:13.553Z,121.616,1596,,,,,-4.984733,-16.272001,-33.174256,10.714311,-3.151268,6.359832,39.0185193,-104.8932402,2175.02,14.84,8.24,-5.7,0.14,326.91,-24.986,21.987,39.0185006,-104.893223,2176.7,9.99,,32,,,,10.019,,-0.14,,-1.99075,1.441578,-9.198638,0.187,-0.055,0.11,287.0,102.0,405.0,15.145,9.84,297.0,90.0,23.25,,,,,,,,,,,,,,,,,,,,,2026-04-01 14:46:02,True,35.068,10.977,386.202,149.027
2026-04-08T16:59:13.622Z,2026-04-08T16:59:13.622Z,121.685,1597,,,,,-4.927437,-16.214706,-32.71589,-0.0,4.354479,7.906818,39.018524,-104.8932443,2175.0,14.823,8.27,-5.66,0.15,327.4,-24.463,21.633,39.0185006,-104.893223,2176.7,9.99,,32,,,,10.021,,-0.15,,-2.22611,1.461191,-9.551677,0.0,0.075,0.138,289.0,99.0,405.0,15.145,9.84,297.0,90.0,23.25,,,,,,,,,,,,,,,,,,,,,2026-04-01 14:46:02,True,35.068,10.98,386.035,149.027
2026-04-08T16:59:13.695Z,2026-04-08T16:59:13.695Z,121.758,1598,,,,,-5.500395,-15.297973,-32.142932,-7.104677,13.693691,7.677634,39.018529,-104.8932487,2174.98,14.806,8.31,-5.65,0.14,327.89,-23.907,21.252,39.0185006,-104.893223,2176.7,9.99,,32,,,,10.049,,-0.14,,-2.657602,1.520031,-9.71839,-0.123,0.238,0.134,289.0,99.0,405.0,15.145,9.84,297.0,90.0,23.5,,,,,,,,,,,,,,,,,,,,,2026-04-01 14:46:02,True,35.053,10.982,386.118,149.027
2026-04-08T16:59:13.767Z,2026-04-08T16:59:13.767Z,121.83,1599,,,,,-6.24524,-14.266649,-31.856453,-9.052733,11.974818,3.953409,39.0185353,-104.8932541,2174.94,14.767,8.34,-5.63,0.15,328.18,-23.206,20.786,39.0185155,-104.8932362,2176.62,10.07,,32,,,,10.062,,-0.15,,-2.647796,1.019892,-9.316318,-0.157,0.208,0.069,288.0,96.0,406.0,15.184,9.27,298.0,90.0,23.25,,,,,,,,,,,,,,,,,,,,,2026-04-01 14:46:02,True,35.068,10.982,385.785,140.756
2026-04-08T16:59:13.840Z,2026-04-08T16:59:13.840Z,121.903,1600,,,,,-6.589015,-13.521804,-31.799158,-3.609634,15.46986,2.692902,39.0185391,-104.8932573,2174.92,14.741,8.34,-5.59,0.13,328.26,-22.784,20.509,39.0185155,-104.8932362,2176.62,10.07,,32,,,,10.04,,-0.13,,-2.353596,1.461191,-9.855683,-0.062,0.269,0.046,279.0,88.0,414.0,15.184,9.27,298.0,90.0,23.25,,,,,,,,,,,,,,,,,,,,,2026-04-01 14:46:02,True,35.061,10.968,385.618,140.756
2026-04-08T16:59:13.910Z,2026-04-08T16:59:13.910Z,121.973,1601,,,,,-7.104677,-11.802931,-31.856453,-10.198649,19.938931,-0.343775,39.0185458,-104.893263,2174.86,14.686,8.34,-5.57,0.07,328.15,-22.039,20.017,39.0185305,-104.8932492,2176.52,10.06,,32,,,,10.029,,-0.07,,-2.677215,0.990472,-10.473502,-0.178,0.347,-0.005,269.0,82.0,421.0,15.184,9.27,298.0,90.0,23.25,,,,,,,,,,,,,,,,,,,,,2026-04-01 14:46:02,True,35.068,10.982,385.952,140.756
2026-04-08T16:59:13.978Z,2026-04-08T16:59:13.978Z,122.041,1602,,,,,-7.677634,-10.714311,-32.028341,-7.391156,14.896903,-2.005352,39.0185512,-104.8932676,2174.82,14.643,8.32,-5.56,0.02,327.9,-21.438,19.62,39.0185305,-104.8932492,2176.52,10.06,,32,,,,10.007,,-0.02,,-2.785089,1.059118,-10.375436,-0.128,0.259,-0.034,269.0,82.0,421.0,15.248,8.66,298.0,90.0,23.25,,,,,,,,,,,,,,,,,,,,,2026-04-01 14:46:02,True,35.083,10.98,386.285,132.048
2026-04-08T16:59:14.055Z,2026-04-08T16:59:14.055Z,122.118,1603,,,,,-7.73493,-10.141353,-32.200228,-4.354479,16.15741,-2.062648,39.0185542,-104.8932702,2174.79,14.613,8.29,-5.56,0.0,327.75,-21.105,19.395,39.0185305,-104.8932492,2176.52,10.06,,32,,,,9.982,,-0.0,,-2.902768,1.382738,-10.277369,-0.076,0.281,-0.035,254.0,76.0,431.0,15.248,8.66,298.0,90.0,23.25,,,,,,,,,,,,,,,,,,,,,2026-04-01 14:46:02,True,35.045,10.973,385.868,132.048
2026-04-08T16:59:14.131Z,2026-04-08T16:59:14.131Z,122.194,1604,,,,,-7.505747,-8.708958,-32.429411,5.672282,6.703606,0.859437,39.0185624,-104.8932772,2174.73,14.553,8.22,-5.55,-0.1,327.56,-20.193,18.79,39.0185455,-104.8932621,2176.49,9.98,,32,,,,9.918,,0.1,,-2.13785,1.010085,-10.532342,0.098,0.116,0.014,241.0,74.0,439.0,15.248,8.66,298.0,90.0,23.25,,,,,,,,,,,,,,,,,,,,,2026-04-01 14:46:02,True,35.053,10.98,385.952,132.048
2026-04-08T16:59:14.196Z,2026-04-08T16:59:14.196Z,122.259,1605,,,,,-7.677634,-8.42248,-32.257524,-4.870141,1.546986,4.239888,39.0185673,-104.8932815,2174.69,14.511,8.17,-5.54,-0.14,327.76,-19.648,18.419,39.0185455,-104.8932621,2176.49,9.98,,32,,,,9.871,,0.14,,-2.383016,0.402073,-10.159689,-0.085,0.026,0.073,233.0,75.0,444.0,15.341,7.03,299.0,90.0,23.5,,,,,,,,,,,,,,,,,,,,,2026-04-01 14:46:02,True,35.068,10.982,386.285,107.847
2026-04-08T16:59:14.272Z,2026-04-08T16:59:14.272Z,122.335,1606,,,,,-7.73493,-8.365184,-32.200228,-6.990085,0.515662,4.354479,39.018569,-104.8932829,2174.67,14.499,8.15,-5.53,-0.13,327.87,-19.459,18.298,39.0185455,-104.8932621,2176.49,9.98,,32,,,,9.849,,0.13,,-2.392823,0.931632,-9.89491,-0.122,0.008,0.076,233.0,75.0,444.0,15.341,7.03,299.0,90.0,23.5,,,,,,,,,,,,,,,,,,,,,2026-04-01 14:46:03,True,35.045,10.982,385.952,107.847
2026-04-08T16:59:14.343Z,2026-04-08T16:59:14.343Z,122.406,1607,,,,,-8.594367,-8.307888,-31.569975,-6.016057,2.750197,4.640958,39.0185776,-104.8932904,2174.63,14.455,8.04,-5.51,-0.15,328.47,-18.503,17.65,39.0185603,-104.893275,2176.48,9.86,,32,,,,9.747,,0.15,,-2.500696,1.049312,-9.767423,-0.104,0.047,0.081,234.0,70.0,443.0,15.341,7.03,299.0,90.0,23.25,,,,,,,,,,,,,,,,,,,,,2026-04-01 14:46:03,True,35.038,10.973,385.952,107.847
2026-04-08T16:59:14.413Z,2026-04-08T16:59:14.413Z,122.476,1608,,,,,-8.594367,-8.365184,-31.398087,2.635606,-1.375099,0.458366,39.0185835,-104.8932956,2174.6,14.424,7.96,-5.47,-0.19,328.64,-17.847,17.201,39.0185603,-104.893275,2176.48,9.86,,32,,,,9.658,,0.19,,-2.628182,1.176798,-10.287176,0.045,-0.024,0.008,235.0,64.0,443.0,15.341,7.03,299.0,90.0,23.25,,,,,,,,,,,,,,,,,,,,,2026-04-01 14:46:03,True,35.045,10.984,385.952,107.847
2026-04-08T16:59:14.489Z,2026-04-08T16:59:14.489Z,122.552,1609,,,,,-8.136001,-8.307888,-31.455383,6.932789,2.119944,-1.317803,39.0185877,-104.8932993,2174.59,14.414,7.91,-5.45,-0.21,328.54,-17.38,16.881,39.0185603,-104.893275,2176.48,9.86,,32,,,,9.606,,0.21,,-2.667409,1.539644,-10.238143,0.121,0.036,-0.023,235.0,64.0,443.0,15.341,7.03,299.0,90.0,23.25,,,,,,,,,,,,,,,,,,,,,2026-04-01 14:46:03,True,35.038,10.982,386.285,107.847
2026-04-08T16:59:14.559Z,2026-04-08T16:59:14.559Z,122.622,1610,,,,,-7.73493,-7.849522,-31.569975,2.750197,7.276564,-1.203211,39.0185931,-104.8933042,2174.58,14.4,7.83,-5.42,-0.28,328.38,-16.779,16.458,39.0185748,-104.8932877,2176.48,9.68,,32,,,,9.523,,0.28,,-2.25553,1.000278,-10.169496,0.047,0.126,-0.02,236.0,66.0,443.0,15.245,8.57,300.0,90.0,23.25,,,,,,,,,,,,,,,,,,,,,2026-04-01 14:46:03,True,35.053,10.982,386.285,130.65
2026-04-08T16:59:14.629Z,2026-04-08T16:59:14.629Z,122.692,1611,,,,,-7.505747,-7.448451,-31.799158,2.57831,6.589015,-2.119944,39.0185975,-104.8933081,2174.57,14.398,7.78,-5.39,-0.28,328.23,-16.29,16.121,39.0185748,-104.8932877,2176.48,9.68,,32,,,,9.465,,0.28,,-2.383016,0.902212,-10.091043,0.045,0.114,-0.036,230.0,71.0,444.0,15.245,8.57,300.0,90.0,23.5,,,,,,,,,,,,,,,,,,,,,2026-04-01 14:46:03,True,35.053,10.984,385.785,130.65
2026-04-08T16:59:14.700Z,2026-04-08T16:59:14.700Z,122.763,1612,,,,,-7.33386,-6.932789,-31.971045,3.151268,6.016057,-1.604282,39.0186029,-104.8933129,2174.56,14.389,7.72,-5.37,-0.31,328.0,-15.69,15.706,39.018589,-104.8933003,2176.5,9.52,,32,,,,9.404,,0.31,,-2.814509,1.127765,-9.845877,0.055,0.104,-0.028,226.0,74.0,446.0,15.245,8.57,300.0,90.0,23.25,,,,,,,,,,,,,,,,,,,,,2026-04-01 14:46:03,True,35.061,10.984,385.785,130.65
2026-04-08T16:59:14.771Z,2026-04-08T16:59:14.771Z,122.834,1613,,,,,-7.161972,-6.302536,-32.142932,-0.572958,9.91217,-1.661578,39.0186079,-104.8933174,2174.55,14.376,7.65,-5.32,-0.35,327.8,-15.134,15.317,39.018589,-104.8933003,2176.5,9.52,,32,,,,9.318,,0.35,,-2.069203,0.872792,-10.365629,-0.009,0.172,-0.028,226.0,74.0,446.0,15.281,8.15,300.0,90.0,23.25,,,,,,,,,,,,,,,,,,,,,2026-04-01 14:46:03,True,35.045,10.98,386.118,124.54
2026-04-08T16:59:14.849Z,2026-04-08T16:59:14.849Z,122.912,1614,,,,,-7.161972,-5.786874,-32.257524,-0.515662,9.91217,-0.343775,39.0186113,-104.8933205,2174.54,14.368,7.59,-5.28,-0.37,327.76,-14.756,15.049,39.018589,-104.8933003,2176.5,9.52,,32,,,,9.246,,0.37,,-2.235916,1.049312,-10.375436,-0.009,0.172,-0.005,218.0,76.0,450.0,15.281,8.15,300.0,90.0,23.25,,,,,,,,,,,,,,,,,,,,,2026-04-01 14:46:03,True,35.038,10.97,386.285,124.54
2026-04-08T16:59:14.919Z,2026-04-08T16:59:14.919Z,122.982,1615,,,,,-7.391156,-5.042029,-32.142932,-2.922085,4.984733,3.437747,39.018618,-104.8933265,2174.52,14.344,7.49,-5.25,-0.39,327.9,-14.011,14.531,39.0186029,-104.8933127,2176.54,9.32,,32,,,,9.147,,0.39,,-2.481082,0.696272,-10.022396,-0.05,0.086,0.06,211.0,76.0,453.0,15.281,8.15,300.0,90.0,23.25,,,,,,,,,,,,,,,,,,,,,2026-04-01 14:46:03,True,35.053,10.982,385.785,124.54
2026-04-08T16:59:14.984Z,2026-04-08T16:59:14.984Z,123.047,1616,,,,,-7.391156,-4.698254,-31.799158,0.171887,3.437747,6.130648,39.0186225,-104.8933306,2174.5,14.328,7.41,-5.21,-0.41,328.23,-13.51,14.177,39.0186029,-104.8933127,2176.54,9.32,,32,,,,9.058,,0.41,,-1.971137,0.931632,-10.022396,0.003,0.059,0.106,211.0,76.0,453.0,15.313,6.89,301.0,90.0,23.25,,,,,,,,,,,,,,,,,,,,,2026-04-01 14:46:03,True,35.061,10.982,385.952,105.507
2026-04-08T16:59:15.062Z,2026-04-08T16:59:15.062Z,123.125,1617,,,,,-7.563043,-4.698254,-31.62727,0.114592,-0.744845,6.703606,39.0186247,-104.8933326,2174.49,14.319,7.37,-5.18,-0.41,328.49,-13.266,14.004,39.0186029,-104.8933127,2176.54,9.32,,32,,,,9.008,,0.41,,-2.029977,0.617819,-9.934136,0.002,-0.013,0.117,206.0,73.0,456.0,15.313,6.89,301.0,90.0,23.25,,,,,,,,,,,,,,,,,,,,,2026-04-01 14:46:03,True,35.068,10.968,385.785,105.507
2026-04-08T16:59:15.136Z,2026-04-08T16:59:15.136Z,123.199,1618,,,,,-7.448451,-4.640958,-30.767834,2.864789,3.437747,7.620339,39.0186319,-104.8933391,2174.48,14.308,7.26,-5.14,-0.4,329.31,-12.465,13.443,39.0186164,-104.8933249,2176.56,9.07,,32,,,,8.895,,0.4,,-2.10843,1.235638,-9.63013,0.049,0.059,0.133,208.0,70.0,454.0,15.313,6.89,301.0,90.0,23.25,,,,,,,,,,,,,,,,,,,,,2026-04-01 14:46:03,True,35.045,10.98,385.785,105.507
2026-04-08T16:59:15.210Z,2026-04-08T16:59:15.210Z,123.273,1619,,,,,-7.219268,-4.182592,-30.194876,2.406423,6.073353,8.136001,39.0186368,-104.8933436,2174.47,14.295,7.16,-5.12,-0.41,329.86,-11.92,13.054,39.0186164,-104.8933249,2176.56,9.07,,32,,,,8.802,,0.41,,-2.069203,1.500417,-9.885103,0.041,0.105,0.142,208.0,68.0,455.0,15.313,6.89,301.0,90.0,23.25,,,,,,,,,,,,,,,,,,,,,2026-04-01 14:46:03,True,35.038,10.977,386.202,105.507
2026-04-08T16:59:15.285Z,2026-04-08T16:59:15.285Z,123.348,1620,,,,,-6.932789,-3.609634,-29.793805,9.339212,10.370536,5.614986,39.0186414,-104.8933478,2174.47,14.298,7.08,-5.05,-0.42,330.28,-11.409,12.691,39.0186164,-104.8933249,2176.56,9.07,,32,,,,8.696,,0.42,,-1.529837,0.862985,-10.277369,0.163,0.18,0.098,208.0,68.0,455.0,15.313,6.89,301.0,90.0,23.25,,,,,,,,,,,,,,,,,,,,,2026-04-01 14:46:04,True,35.061,10.977,386.035,105.507
2026-04-08T16:59:15.354Z,2026-04-08T16:59:15.354Z,123.417,1621,,,,,-6.302536,-2.692902,-29.450031,7.276564,8.766254,5.15662,39.0186462,-104.8933523,2174.47,14.297,7.01,-5.0,-0.48,330.59,-10.875,12.302,39.0186295,-104.8933369,2176.63,8.77,,32,,,,8.61,,0.48,,-2.02017,0.745305,-10.434276,0.127,0.152,0.09,205.0,69.0,456.0,15.309,6.58,301.0,90.0,23.25,,,,,,,,,,,,,,,,,,,,,2026-04-01 14:46:04,True,35.068,10.982,386.118,100.733
2026-04-08T16:59:15.428Z,2026-04-08T16:59:15.428Z,123.491,1622,,,,,-6.016057,-2.234535,-29.163552,2.17724,8.479775,5.672282,39.01865,-104.8933559,2174.47,14.299,6.94,-4.97,-0.47,330.9,-10.452,11.991,39.0186295,-104.8933369,2176.63,8.77,,32,,,,8.536,,0.47,,-1.716164,1.098345,-9.826263,0.038,0.147,0.099,196.0,73.0,459.0,15.309,6.58,301.0,90.0,23.25,,,,,,,,,,,,,,,,,,,,,2026-04-01 14:46:04,True,35.045,10.98,386.535,100.733
2026-04-08T16:59:15.500Z,2026-04-08T16:59:15.500Z,123.563,1623,,,,,-5.786874,-1.718873,-28.762481,2.17724,7.906818,4.812845,39.0186548,-104.8933602,2174.47,14.295,6.87,-4.88,-0.43,331.25,-9.919,11.62,39.0186422,-104.8933486,2176.7,8.6,,32,,,,8.427,,0.43,,-1.87307,0.696272,-8.982891,0.038,0.137,0.084,192.0,75.0,460.0,15.309,6.58,301.0,90.0,23.25,,,,,,,,,,,,,,,,,,,,,2026-04-01 14:46:04,True,35.053,10.98,385.785,100.733
2026-04-08T16:59:15.573Z,2026-04-08T16:59:15.573Z,123.636,1624,,,,,-5.443099,-0.630254,-28.64789,4.640958,19.480565,2.57831,39.0186592,-104.8933643,2174.46,14.283,6.76,-4.8,-0.4,331.38,-9.429,11.265,39.0186422,-104.8933486,2176.7,8.6,,32,,,,8.291,,0.4,,-1.706357,1.490611,-9.71839,0.08,0.339,0.044,192.0,75.0,460.0,15.173,8.59,302.0,90.0,23.25,,,,,,,,,,,,,,,,,,,,,2026-04-01 14:46:04,True,35.045,10.98,386.035,130.336
2026-04-08T16:59:15.648Z,2026-04-08T16:59:15.648Z,123.711,1625,,,,,-5.328507,0.40107,-28.590594,0.458366,20.340002,1.776169,39.0186622,-104.893367,2174.45,14.275,6.69,-4.74,-0.42,331.42,-9.096,11.032,39.0186422,-104.8933486,2176.7,8.6,,32,,,,8.199,,0.42,,-1.618097,0.804145,-10.247949,0.008,0.353,0.03,184.0,77.0,463.0,15.173,8.59,302.0,90.0,23.25,,,,,,,,,,,,,,,,,,,,,2026-04-01 14:46:04,True,35.053,10.973,386.285,130.336
2026-04-08T16:59:15.718Z,2026-04-08T16:59:15.718Z,123.781,1626,,,,,-5.557691,2.005352,-28.590594,2.349127,16.15741,-0.171887,39.0186679,-104.8933723,2174.43,14.258,6.54,-4.62,-0.43,331.4,-8.462,10.574,39.0186545,-104.8933598,2176.79,8.18,,32,,,,8.007,,0.43,,-1.775004,0.892405,-9.98317,0.041,0.281,-0.003,170.0,76.0,467.0,15.173,8.59,302.0,90.0,23.5,,,,,,,,,,,,,,,,,,,,,2026-04-01 14:46:04,True,35.038,10.984,386.035,130.336
2026-04-08T16:59:15.784Z,2026-04-08T16:59:15.784Z,123.847,1627,,,,,-5.500395,3.208564,-28.819777,1.08862,15.699044,-2.979381,39.0186719,-104.8933759,2174.41,14.234,6.41,-4.53,-0.47,331.11,-8.017,10.263,39.0186545,-104.8933598,2176.79,8.18,,32,,,,7.849,,0.47,,-1.72597,0.804145,-10.453889,0.019,0.273,-0.052,170.0,76.0,467.0,15.256,7.35,302.0,90.0,23.25,,,,,,,,,,,,,,,,,,,,,2026-04-01 14:46:04,True,35.091,10.987,385.785,112.132
2026-04-08T16:59:15.863Z,2026-04-08T16:59:15.863Z,123.926,1628,,,,,-5.328507,3.552338,-28.991664,5.271212,13.922874,-4.239888,39.0186737,-104.8933776,2174.4,14.224,6.35,-4.46,-0.47,330.95,-7.817,10.116,39.0186545,-104.8933598,2176.79,8.18,,32,,,,7.76,,0.47,,-1.461191,0.823759,-10.551955,0.092,0.242,-0.073,155.0,76.0,473.0,15.256,7.35,302.0,90.0,23.25,,,,,,,,,,,,,,,,,,,,,2026-04-01 14:46:04,True,35.03,10.973,385.702,112.132
2026-04-08T16:59:15.937Z,2026-04-08T16:59:15.937Z,124.0,1629,,,,,-5.271212,4.182592,-29.564622,-3.609634,4.640958,-4.583662,39.0186798,-104.8933831,2174.38,14.201,6.12,-4.33,-0.48,330.38,-7.139,9.641,39.0186663,-104.8933705,2176.85,7.85,,32,,,,7.497,,0.48,,-1.69655,1.117958,-10.061623,-0.062,0.08,-0.079,144.0,80.0,476.0,15.256,7.35,302.0,90.0,23.5,,,,,,,,,,,,,,,,,,,,,2026-04-01 14:46:04,True,35.045,10.977,386.369,112.132
2026-04-08T16:59:16.010Z,2026-04-08T16:59:16.010Z,124.073,1630,,,,,-5.15662,4.75555,-29.965693,4.469071,5.614986,-4.182592,39.0186839,-104.8933868,2174.35,14.173,5.99,-4.22,-0.51,329.99,-6.683,9.322,39.0186663,-104.8933705,2176.85,7.85,,32,,,,7.327,,0.51,,-1.647517,0.480526,-10.247949,0.078,0.097,-0.072,138.0,82.0,477.0,15.256,7.35,302.0,90.0,23.5,,,,,,,,,,,,,,,,,,,,,2026-04-01 14:46:04,True,35.045,10.977,385.702,112.132
2026-04-08T16:59:16.081Z,2026-04-08T16:59:16.081Z,124.144,1631,,,,,-4.469071,5.213916,-30.194876,9.110029,6.417127,-1.776169,39.0186877,-104.8933902,2174.34,14.167,5.82,-4.15,-0.59,329.79,-6.26,9.028,39.0186663,-104.8933705,2176.85,7.85,,32,,,,7.148,,0.59,,-1.637711,1.049312,-11.640494,0.158,0.111,-0.031,138.0,82.0,477.0,15.256,7.35,302.0,90.0,23.5,,,,,,,,,,,,,,,,,,,,,2026-04-01 14:46:04,True,35.053,10.973,385.785,112.132
2026-04-08T16:59:16.155Z,2026-04-08T16:59:16.155Z,124.218,1632,,,,,-4.640958,5.271212,-30.13758,-5.614986,-3.495043,1.546986,39.0186912,-104.8933934,2174.34,14.161,5.69,-4.06,-0.65,329.86,-5.871,8.751,39.0186775,-104.8933808,2176.95,7.45,,32,,,,6.99,,0.65,,-1.157185,0.647239,-10.816735,-0.097,-0.061,0.026,132.0,86.0,478.0,15.417,3.99,303.0,90.0,23.5,,,,,,,,,,,,,,,,,,,,,2026-04-01 14:46:04,True,35.076,10.98,386.285,61.514
2026-04-08T16:59:16.228Z,2026-04-08T16:59:16.228Z,124.291,1633,,,,,-4.75555,4.75555,-29.965693,1.833465,-9.511099,2.521014,39.0186947,-104.8933967,2174.33,14.159,5.57,-3.97,-0.64,330.11,-5.482,8.466,39.0186775,-104.8933808,2176.95,7.45,,32,,,,6.84,,0.64,,-1.235638,0.784532,-9.639937,0.032,-0.166,0.043,130.0,87.0,479.0,15.417,3.99,303.0,90.0,23.5,,,,,,,,,,,,,,,,,,,,,2026-04-01 14:46:04,True,35.053,10.977,386.202,61.514
2026-04-08T16:59:16.305Z,2026-04-08T16:59:16.305Z,124.368,1634,,,,,-4.068,4.698254,-29.679214,8.193296,4.75555,3.380451,39.0186985,-104.8934001,2174.34,14.167,5.44,-3.86,-0.58,330.35,-5.059,8.173,39.018688,-104.8933905,2177.09,6.94,,32,,,,6.67,,0.58,,-1.520031,0.362846,-9.473224,0.142,0.082,0.058,136.0,88.0,477.0,15.417,3.99,303.0,90.0,23.25,,,,,,,,,,,,,,,,,,,,,2026-04-01 14:46:05,True,35.053,10.977,385.702,61.514
2026-04-08T16:59:16.373Z,2026-04-08T16:59:16.373Z,124.436,1635,,,,,-4.182592,6.073353,-29.335439,-9.511099,22.975608,5.958761,39.0187024,-104.8934037,2174.36,14.184,5.26,-3.77,-0.57,330.73,-4.626,7.862,39.018688,-104.8933905,2177.09,6.94,,32,,,,6.472,,0.57,,-1.176798,0.676659,-10.247949,-0.165,0.4,0.104,136.0,88.0,477.0,15.215,7.42,303.0,90.0,23.25,,,,,,,,,,,,,,,,,,,,,2026-04-01 14:46:05,True,35.053,10.973,385.868,112.895
2026-04-08T16:59:16.450Z,2026-04-08T16:59:16.450Z,124.513,1636,,,,,-4.469071,6.703606,-29.106256,-7.33386,15.06879,6.589015,39.0187042,-104.8934054,2174.37,14.19,5.19,-3.71,-0.58,330.94,-4.426,7.715,39.018688,-104.8933905,2177.09,6.94,,32,,,,6.38,,0.58,,-0.892405,0.637432,-10.208723,-0.127,0.261,0.114,131.0,90.0,477.0,15.215,7.42,303.0,90.0,23.25,,,,,,,,,,,,,,,,,,,,,2026-04-01 14:46:05,True,35.045,10.977,385.868,112.895
2026-04-08T16:59:16.521Z,2026-04-08T16:59:16.521Z,124.584,1637,,,,,-4.526367,8.479775,-28.877073,4.984733,16.100114,1.48969,39.0187087,-104.8934096,2174.39,14.215,4.98,-3.62,-0.58,331.15,-3.925,7.352,39.0186977,-104.8933996,2177.19,6.47,,32,,,,6.157,,0.58,,-1.245445,0.921825,-10.306789,0.087,0.28,0.025,117.0,84.0,481.0,15.215,7.42,303.0,90.0,23.25,,,,,,,,,,,,,,,,,,,,,2026-04-01 14:46:05,True,35.053,10.97,385.452,112.895
2026-04-08T16:59:16.588Z,2026-04-08T16:59:16.588Z,124.651,1638,,,,,-4.010705,9.167325,-28.877073,11.00079,3.151268,-0.515662,39.0187116,-104.8934123,2174.41,14.234,4.82,-3.49,-0.56,331.11,-3.603,7.119,39.0186977,-104.8933996,2177.19,6.47,,32,,,,5.951,,0.56,,-1.421964,0.833565,-9.728197,0.191,0.054,-0.008,117.0,84.0,481.0,15.34,5.52,304.0,90.0,23.25,,,,,,,,,,,,,,,,,,,,,2026-04-01 14:46:05,True,35.053,10.975,386.202,84.677
2026-04-08T16:59:16.671Z,2026-04-08T16:59:16.671Z,124.734,1639,,,,,-3.838817,9.396508,-28.991664,9.797578,11.631043,-4.469071,39.0187129,-104.8934137,2174.42,14.242,4.72,-3.45,-0.56,330.91,-3.458,6.998,39.0186977,-104.8933996,2177.19,6.47,,32,,,,5.846,,0.56,,-1.470998,0.215746,-10.375436,0.17,0.202,-0.077,102.0,86.0,485.0,15.34,5.52,304.0,90.0,23.25,,,,,,,,,,,,,,,,,,,,,2026-04-01 14:46:05,True,35.008,10.97,385.535,84.677
2026-04-08T16:59:16.745Z,2026-04-08T16:59:16.745Z,124.808,1640,,,,,-3.151268,11.745635,-29.793805,16.844959,-4.354479,-4.526367,39.0187176,-104.8934182,2174.46,14.281,4.43,-3.3,-0.67,330.18,-2.936,6.609,39.0187068,-104.8934083,2177.31,6.18,,32,,,,5.524,,0.67,,-0.362846,0.686466,-10.385242,0.294,-0.076,-0.079,89.0,93.0,486.0,15.558,2.7,304.0,90.0,23.25,,,,,,,,,,,,,,,,,,,,,2026-04-01 14:46:05,True,35.061,10.982,385.785,42.007
2026-04-08T16:59:16.819Z,2026-04-08T16:59:16.819Z,124.882,1641,,,,,-2.062648,10.084057,-30.022988,9.797578,-25.611213,-2.635606,39.0187207,-104.8934213,2174.48,14.303,4.23,-3.2,-0.59,329.95,-2.591,6.341,39.0187068,-104.8934083,2177.31,6.18,,32,,,,5.304,,0.59,,-1.010085,-0.05884,-9.218251,0.171,-0.447,-0.045,77.0,103.0,488.0,15.558,2.7,304.0,90.0,23.25,,,,,,,,,,,,,,,,,,,,,2026-04-01 14:46:05,True,35.053,10.968,385.785,42.007
2026-04-08T16:59:16.890Z,2026-04-08T16:59:16.890Z,124.953,1642,,,,,-2.005352,8.537071,-30.080284,0.0,-18.220058,-1.145916,39.0187232,-104.8934238,2174.5,14.328,4.1,-3.12,-0.47,329.89,-2.313,6.125,39.0187068,-104.8934083,2177.31,6.18,,32,,,,5.152,,0.47,,-1.049312,0.578592,-8.1101,0.0,-0.318,-0.019,77.0,103.0,488.0,15.558,2.7,304.0,90.0,23.5,,,,,,,,,,,,,,,,,,,,,2026-04-01 14:46:05,True,35.068,10.98,386.118,42.007
2026-04-08T16:59:16.961Z,2026-04-08T16:59:16.961Z,125.024,1643,,,,,-2.17724,8.651663,-30.080284,-5.614986,11.631043,0.343775,39.0187256,-104.8934263,2174.53,14.351,3.96,-3.02,-0.34,329.93,-2.046,5.909,39.0187153,-104.8934164,2177.47,5.57,,32,,,,4.98,,0.34,,-1.010085,0.2942,-8.718112,-0.097,0.202,0.005,97.0,109.0,480.0,15.083,8.7,304.0,90.0,23.5,,,,,,,,,,,,,,,,,,,,,2026-04-01 14:46:05,True,35.038,10.982,385.452,131.222
2026-04-08T16:59:17.036Z,2026-04-08T16:59:17.036Z,125.099,1644,,,,,-2.119944,9.740283,-30.080284,5.385803,19.537861,-0.916732,39.0187278,-104.8934284,2174.55,14.37,3.82,-2.92,-0.3,329.85,-1.801,5.728,39.0187153,-104.8934164,2177.47,5.57,,32,,,,4.808,,0.3,,-0.931632,0.902212,-9.51245,0.094,0.339,-0.016,105.0,108.0,478.0,15.083,8.7,304.0,90.0,23.25,,,,,,,,,,,,,,,,,,,,,2026-04-01 14:46:05,True,35.045,10.975,385.785,131.222
2026-04-08T16:59:17.109Z,2026-04-08T16:59:17.109Z,125.172,1645,,,,,-1.604282,10.943494,-30.53865,4.75555,8.250592,-5.557691,39.0187307,-104.8934313,2174.57,14.392,3.62,-2.77,-0.31,329.42,-1.479,5.477,39.0187153,-104.8934164,2177.47,5.57,,32,,,,4.558,,0.31,,-1.068925,0.706079,-10.04201,0.082,0.143,-0.096,91.0,111.0,481.0,15.083,8.7,304.0,90.0,23.25,,,,,,,,,,,,,,,,,,,,,2026-04-01 14:46:05,True,35.053,10.975,385.952,131.222
2026-04-08T16:59:17.177Z,2026-04-08T16:59:17.177Z,125.24,1646,,,,,-0.974028,11.516452,-30.939721,12.662367,9.511099,-6.302536,39.0187329,-104.8934335,2174.58,14.407,3.44,-2.59,-0.31,329.0,-1.234,5.287,39.0187228,-104.8934239,2177.56,5.03,,32,,,,4.306,,0.31,,-0.774725,0.617819,-10.532342,0.22,0.165,-0.109,91.0,111.0,481.0,15.304,7.16,305.0,90.0,23.25,,,,,,,,,,,,,,,,,,,,,2026-04-01 14:46:05,True,35.061,10.975,385.785,109.577
2026-04-08T16:59:17.259Z,2026-04-08T16:59:17.259Z,125.322,1647,,,,,-0.458366,11.745635,-31.2262,18.850311,4.068,-6.760902,39.018734,-104.8934347,2174.59,14.413,3.37,-2.52,-0.36,328.71,-1.112,5.184,39.0187228,-104.8934239,2177.56,5.03,,32,,,,4.208,,0.36,,-1.206218,0.558979,-10.748088,0.329,0.07,-0.118,79.0,119.0,482.0,15.304,7.16,305.0,90.0,23.5,,,,,,,,,,,,,,,,,,,,,2026-04-01 14:46:06,True,35.038,10.968,385.618,109.577
2026-04-08T16:59:17.335Z,2026-04-08T16:59:17.335Z,125.398,1648,,,,,1.661578,10.886198,-31.913749,18.277354,-13.808283,-5.271212,39.0187371,-104.8934377,2174.61,14.437,3.13,-2.24,-0.39,328.06,-0.767,4.924,39.0187295,-104.8934308,2177.62,4.53,,32,,,,3.849,,0.39,,-0.539366,0.480526,-10.787315,0.319,-0.241,-0.091,75.0,133.0,481.0,15.304,7.16,305.0,90.0,23.25,,,,,,,,,,,,,,,,,,,,,2026-04-01 14:46:06,True,35.061,10.975,385.868,109.577
2026-04-08T16:59:17.407Z,2026-04-08T16:59:17.407Z,125.47,1649,,,,,2.062648,9.740283,-32.257524,-7.161972,-15.813635,-3.380451,39.0187392,-104.8934396,2174.62,14.447,2.98,-2.07,-0.37,327.69,-0.534,4.76,39.0187295,-104.8934308,2177.62,4.53,,32,,,,3.628,,0.37,,-1.343511,0.186326,-9.943943,-0.124,-0.276,-0.059,80.0,149.0,475.0,15.304,7.16,305.0,90.0,23.25,,,,,,,,,,,,,,,,,,,,,2026-04-01 14:46:06,True,35.053,10.97,385.868,109.577
2026-04-08T16:59:17.481Z,2026-04-08T16:59:17.481Z,125.544,1650,,,,,0.572958,9.052733,-32.486707,-26.241467,-6.359832,-2.17724,39.018741,-104.8934413,2174.63,14.457,2.87,-1.96,-0.34,327.51,-0.334,4.613,39.0187295,-104.8934308,2177.62,4.53,,32,,,,3.475,,0.34,,-0.990472,0.598206,-9.60071,-0.457,-0.112,-0.037,80.0,149.0,475.0,15.304,7.16,305.0,90.0,23.25,,,,,,,,,,,,,,,,,,,,,2026-04-01 14:46:06,True,35.061,10.968,385.535,109.577
2026-04-08T16:59:17.554Z,2026-04-08T16:59:17.554Z,125.617,1651,,,,,-1.48969,9.396508,-32.601299,-32.257524,13.178029,-2.005352,39.0187427,-104.8934428,2174.64,14.461,2.74,-1.84,-0.32,327.39,-0.145,4.484,39.0187356,-104.8934368,2177.7,3.96,,32,,,,3.3,,0.32,,-1.235638,0.509946,-9.698777,-0.562,0.229,-0.035,92.0,143.0,473.0,15.32,5.95,305.0,90.0,23.25,,,,,,,,,,,,,,,,,,,,,2026-04-01 14:46:06,True,35.03,10.98,385.785,91.154
2026-04-08T16:59:17.627Z,2026-04-08T16:59:17.627Z,125.69,1652,,,,,-2.864789,10.943494,-32.658594,-7.849522,23.89234,-0.286479,39.0187443,-104.8934443,2174.64,14.466,2.55,-1.7,-0.34,327.3,0.033,4.354,39.0187356,-104.8934368,2177.7,3.96,,32,,,,3.065,,0.34,,-0.441299,0.804145,-10.728475,-0.136,0.415,-0.004,89.0,122.0,479.0,15.32,5.95,305.0,90.0,23.25,,,,,,,,,,,,,,,,,,,,,2026-04-01 14:46:06,True,35.061,10.98,386.035,91.154
2026-04-08T16:59:17.698Z,2026-04-08T16:59:17.698Z,125.761,1653,,,,,-2.234535,11.115381,-32.71589,11.344564,-8.537071,-0.286479,39.018746,-104.8934458,2174.65,14.474,2.41,-1.59,-0.35,327.28,0.222,4.225,39.0187409,-104.8934416,2177.78,3.32,,32,,,,2.887,,0.35,,-0.617819,0.304006,-9.71839,0.198,-0.149,-0.005,75.0,114.0,485.0,15.32,5.95,305.0,90.0,23.25,,,,,,,,,,,,,,,,,,,,,2026-04-01 14:46:06,True,35.061,10.97,385.702,91.154
2026-04-08T16:59:17.769Z,2026-04-08T16:59:17.769Z,125.832,1654,,,,,-1.375099,9.969466,-32.658594,13.521804,-19.537861,1.948057,39.0187475,-104.8934471,2174.66,14.484,2.27,-1.48,-0.29,327.38,0.389,4.112,39.0187409,-104.8934416,2177.78,3.32,,32,,,,2.71,,0.29,,-0.941438,0.509946,-9.051538,0.236,-0.341,0.033,75.0,114.0,485.0,15.457,3.8,305.0,90.0,23.25,,,,,,,,,,,,,,,,,,,,,2026-04-01 14:46:06,True,35.045,10.968,385.618,58.737
2026-04-08T16:59:17.844Z,2026-04-08T16:59:17.844Z,125.907,1655,,,,,-1.08862,8.995437,-32.486707,7.448451,-17.360621,4.583662,39.0187485,-104.8934479,2174.67,14.49,2.17,-1.42,-0.2,327.62,0.5,4.043,39.0187409,-104.8934416,2177.78,3.32,,32,,,,2.593,,0.2,,-1.520031,-0.313813,-8.669079,0.13,-0.303,0.08,82.0,122.0,482.0,15.457,3.8,305.0,90.0,23.25,,,,,,,,,,,,,,,,,,,,,2026-04-01 14:46:06,True,35.038,10.98,385.618,58.737
2026-04-08T16:59:17.917Z,2026-04-08T16:59:17.917Z,125.98,1656,,,,,-2.062648,9.396508,-31.913749,-23.663157,18.048171,5.729578,39.01875,-104.8934493,2174.67,14.498,1.95,-1.31,-0.15,328.14,0.667,3.922,39.0187456,-104.8934458,2177.85,2.99,,32,,,,2.349,,0.15,,-1.706357,0.127486,-9.483031,-0.412,0.314,0.1,98.0,124.0,475.0,15.457,3.8,305.0,90.0,23.5,,,,,,,,,,,,,,,,,,,,,2026-04-01 14:46:06,True,35.083,10.973,385.702,58.737
2026-04-08T16:59:17.984Z,2026-04-08T16:59:17.984Z,126.047,1657,,,,,-3.609634,11.115381,-31.62727,-13.120734,17.417917,1.661578,39.0187513,-104.8934505,2174.68,14.501,1.77,-1.19,-0.13,328.34,0.812,3.819,39.0187456,-104.8934458,2177.85,2.99,,32,,,,2.133,,0.13,,-0.892405,0.402073,-10.257756,-0.229,0.303,0.028,98.0,124.0,475.0,15.106,11.01,306.0,90.0,23.25,,,,,,,,,,,,,,,,,,,,,2026-04-01 14:46:06,True,35.038,10.973,385.868,166.317
2026-04-08T16:59:18.066Z,2026-04-08T16:59:18.066Z,126.129,1658,,,,,-3.724226,11.344564,-31.684566,-6.990085,7.964113,-1.375099,39.0187518,-104.893451,2174.68,14.502,1.69,-1.14,-0.14,328.26,0.867,3.775,39.0187456,-104.8934458,2177.85,2.99,,32,,,,2.039,,0.14,,-0.735499,0.657046,-10.463696,-0.121,0.137,-0.023,88.0,108.0,481.0,15.106,11.01,306.0,90.0,23.25,,,,,,,,,,,,,,,,,,,,,2026-04-01 14:46:06,True,35.015,10.965,385.952,166.317
2026-04-08T16:59:18.139Z,2026-04-08T16:59:18.139Z,126.202,1659,,,,,-3.495043,11.058085,-32.773186,6.073353,-4.010705,-13.006142,39.0187535,-104.8934525,2174.69,14.516,1.36,-0.97,-0.13,327.1,1.056,3.646,39.0187495,-104.8934493,2177.92,2.34,,32,,,,1.67,,0.13,,-1.078732,0.627626,-10.296982,0.106,-0.07,-0.227,77.0,101.0,486.0,15.106,11.01,306.0,90.0,23.25,,,,,,,,,,,,,,,,,,,,,2026-04-01 14:46:06,True,35.061,10.97,386.202,166.317
2026-04-08T16:59:18.210Z,2026-04-08T16:59:18.210Z,126.273,1660,,,,,-3.265859,10.657015,-33.747214,10.198649,-10.886198,-15.641748,39.0187542,-104.8934532,2174.7,14.528,1.21,-0.88,-0.14,326.07,1.134,3.585,39.0187495,-104.8934493,2177.92,2.34,,32,,,,1.496,,0.14,,-0.951245,0.009807,-10.777508,0.178,-0.19,-0.273,76.0,107.0,485.0,15.106,11.01,306.0,90.0,23.25,,,,,,,,,,,,,,,,,,,,,2026-04-01 14:46:06,True,35.03,10.975,385.618,166.317
2026-04-08T16:59:18.282Z,2026-04-08T16:59:18.282Z,126.345,1661,,,,,-2.119944,9.511099,-34.89313,21.7151,-15.412565,-14.839607,39.0187549,-104.8934539,2174.72,14.543,1.04,-0.76,-0.15,324.98,1.212,3.525,39.0187495,-104.8934493,2177.92,2.34,,32,,,,1.288,,0.15,,-0.931632,0.431493,-10.198916,0.379,-0.269,-0.258,76.0,107.0,485.0,15.106,11.01,306.0,90.0,23.5,,,,,,,,,,,,,,,,,,,,,2026-04-01 14:46:07,True,35.045,10.973,385.452,166.317
2026-04-08T16:59:18.352Z,2026-04-08T16:59:18.352Z,126.415,1662,,,,,-0.515662,7.849522,-35.867158,22.80372,-23.204791,-11.287269,39.0187556,-104.8934546,2174.74,14.564,0.91,-0.68,-0.14,324.02,1.29,3.464,39.0187525,-104.8934522,2177.98,1.84,,32,,,,1.136,,0.14,,-1.019892,-0.225553,-9.992976,0.398,-0.405,-0.197,81.0,120.0,483.0,15.389,7.53,307.0,90.0,23.25,,,,,,,,,,,,,,,,,,,,,2026-04-01 14:46:07,True,35.03,10.97,386.035,115.879
2026-04-08T16:59:18.421Z,2026-04-08T16:59:18.421Z,126.484,1663,,,,,0.630254,6.589015,-36.38282,17.990875,-23.605861,-7.219268,39.018756,-104.8934551,2174.76,14.583,0.81,-0.61,-0.17,323.54,1.334,3.421,39.0187525,-104.8934522,2177.98,1.84,,32,,,,1.014,,0.17,,-0.588399,-0.11768,-10.355822,0.314,-0.412,-0.126,93.0,139.0,477.0,15.389,7.53,307.0,90.0,23.5,,,,,,,,,,,,,,,,,,,,,2026-04-01 14:46:07,True,35.068,10.98,385.535,115.879
2026-04-08T16:59:18.490Z,2026-04-08T16:59:18.490Z,126.553,1664,,,,,1.604282,4.010705,-36.78389,17.704396,-39.419496,-3.151268,39.0187565,-104.8934556,2174.78,14.606,0.74,-0.53,-0.18,323.19,1.39,3.378,39.0187525,-104.8934522,2177.98,1.84,,32,,,,0.91,,0.18,,-0.784532,-0.343233,-9.65955,0.309,-0.688,-0.054,93.0,139.0,477.0,15.389,7.53,307.0,90.0,23.25,,,,,,,,,,,,,,,,,,,,,2026-04-01 14:46:07,True,35.03,10.97,385.868,115.879
2026-04-08T16:59:18.559Z,2026-04-08T16:59:18.559Z,126.622,1665,,,,,2.635606,1.776169,-36.898482,9.339212,-29.04896,1.890761,39.0187569,-104.8934561,2174.81,14.634,0.69,-0.45,-0.19,323.14,1.434,3.335,39.0187548,-104.8934545,2178.02,1.42,,32,,,,0.824,,0.19,,-1.108151,0.529559,-9.433997,0.162,-0.507,0.033,115.0,156.0,466.0,15.414,6.25,307.0,90.0,23.25,,,,,,,,,,,,,,,,,,,,,2026-04-01 14:46:07,True,35.038,10.975,385.452,96.337
2026-04-08T16:59:18.631Z,2026-04-08T16:59:18.631Z,126.694,1666,,,,,2.521014,0.458366,-36.726595,-7.047381,-20.168114,4.354479,39.0187573,-104.8934564,2174.83,14.656,0.67,-0.39,-0.18,323.32,1.479,3.309,39.0187548,-104.8934545,2178.02,1.42,,32,,,,0.775,,0.18,,-0.617819,0.08826,-10.542149,-0.122,-0.352,0.076,139.0,167.0,455.0,15.414,6.25,307.0,90.0,23.25,,,,,,,,,,,,,,,,,,,,,2026-04-01 14:46:07,True,35.076,10.97,385.785,96.337
2026-04-08T16:59:18.700Z,2026-04-08T16:59:18.700Z,126.763,1667,,,,,1.776169,-0.916732,-36.210933,-9.797578,-15.355269,8.136001,39.0187578,-104.8934568,2174.86,14.68,0.67,-0.32,-0.13,323.83,1.534,3.274,39.0187567,-104.8934563,2178.07,1.16,,32,,,,0.742,,0.13,,-0.735499,0.745305,-9.012311,-0.17,-0.269,0.141,159.0,164.0,450.0,15.414,6.25,307.0,90.0,23.5,,,,,,,,,,,,,,,,,,,,,2026-04-01 14:46:07,True,35.061,10.965,385.952,96.337
2026-04-08T16:59:18.768Z,2026-04-08T16:59:18.768Z,126.831,1668,,,,,0.343775,-1.661578,-35.752566,-24.350706,-0.515662,6.64631,39.0187583,-104.8934571,2174.88,14.7,0.65,-0.26,-0.04,324.34,1.59,3.248,39.0187567,-104.8934563,2178.07,1.16,,32,,,,0.7,,0.04,,-1.618097,0.196133,-8.365072,-0.424,-0.009,0.116,159.0,164.0,450.0,15.29,6.39,308.0,90.0,23.5,,,,,,,,,,,,,,,,,,,,,2026-04-01 14:46:07,True,35.061,10.982,385.618,97.703
2026-04-08T16:59:18.842Z,2026-04-08T16:59:18.842Z,126.905,1669,,,,,-1.317803,-0.974028,-35.408792,-32.31482,17.475213,6.474423,39.0187587,-104.8934572,2174.88,14.709,0.63,-0.19,-0.03,324.67,1.635,3.24,39.0187567,-104.8934563,2178.07,1.16,,32,,,,0.658,,0.03,,-0.784532,-0.166713,-9.551677,-0.563,0.304,0.112,172.0,150.0,449.0,15.29,6.39,308.0,90.0,23.5,,,,,,,,,,,,,,,,,,,,,2026-04-01 14:46:07,True,35.038,10.973,385.618,97.703
2026-04-08T16:59:18.917Z,2026-04-08T16:59:18.917Z,126.98,1670,,,,,-2.922085,-0.0,-34.835834,-10.599719,2.234535,6.130648,39.0187592,-104.8934575,2174.9,14.721,0.6,-0.18,-0.01,325.22,1.69,3.214,39.0187584,-104.8934575,2178.11,0.96,,32,,,,0.626,,0.01,,-0.529559,0.441299,-9.787037,-0.184,0.038,0.106,168.0,127.0,457.0,15.29,6.39,308.0,90.0,23.5,,,,,,,,,,,,,,,,,,,,,2026-04-01 14:46:07,True,35.045,10.961,386.202,97.703
2026-04-08T16:59:18.983Z,2026-04-08T16:59:18.983Z,127.046,1671,,,,,-3.265859,-0.40107,-34.778538,-0.802141,-5.443099,-3.66693,39.0187597,-104.8934578,2174.9,14.729,0.55,-0.14,0.03,325.2,1.746,3.188,39.0187584,-104.8934575,2178.11,0.96,,32,,,,0.568,,-0.03,,-1.166991,0.26478,-9.247671,-0.013,-0.095,-0.064,168.0,127.0,457.0,15.217,7.08,308.0,90.0,23.5,,,,,,,,,,,,,,,,,,,,,2026-04-01 14:46:07,True,35.068,10.973,385.535,107.736
2026-04-08T16:59:19.063Z,2026-04-08T16:59:19.063Z,127.126,1672,,,,,-3.265859,-0.515662,-34.950426,-3.151268,-0.229183,-8.021409,39.0187599,-104.8934579,2174.91,14.732,0.53,-0.11,0.05,324.91,1.768,3.179,39.0187584,-104.8934575,2178.11,0.96,,32,,,,0.541,,-0.05,,-0.657046,0.156906,-9.159411,-0.054,-0.004,-0.14,166.0,116.0,461.0,15.217,7.08,308.0,90.0,23.5,,,,,,,,,,,,,,,,,,,,,2026-04-01 14:46:07,True,35.008,10.963,385.535,107.736
2026-04-08T16:59:19.139Z,2026-04-08T16:59:19.139Z,127.202,1673,,,,,-4.640958,0.171887,-37.127665,-14.725015,10.599719,-26.47065,39.0187605,-104.8934581,2174.91,14.737,0.44,-0.09,0.08,322.56,1.835,3.162,39.0187599,-104.8934584,2178.13,0.92,,32,,,,0.449,,-0.08,,-1.059118,0.804145,-9.649744,-0.256,0.184,-0.461,168.0,113.0,459.0,15.217,7.08,308.0,90.0,23.5,,,,,,,,,,,,,,,,,,,,,2026-04-01 14:46:07,True,35.053,10.961,385.452,107.736
2026-04-08T16:59:19.210Z,2026-04-08T16:59:19.210Z,127.273,1674,,,,,-5.042029,0.859437,-39.992454,1.317803,11.802931,-40.680003,39.0187609,-104.8934584,2174.92,14.743,0.41,-0.07,0.09,319.57,1.879,3.136,39.0187599,-104.8934584,2178.13,0.92,,32,,,,0.416,,-0.09,,-0.627626,0.343233,-9.914523,0.023,0.205,-0.709,154.0,111.0,464.0,15.217,7.08,308.0,90.0,23.25,,,,,,,,,,,,,,,,,,,,,2026-04-01 14:46:07,True,35.053,10.982,385.452,107.736
2026-04-08T16:59:19.279Z,2026-04-08T16:59:19.279Z,127.342,1675,,,,,-4.239888,1.203211,-43.487497,15.355269,6.073353,-50.764061,39.0187612,-104.8934585,2174.92,14.745,0.34,-0.05,0.08,315.99,1.913,3.127,39.0187599,-104.8934584,2178.13,0.92,,32,,,,0.344,,-0.08,,-0.774725,-0.107873,-10.032203,0.268,0.105,-0.886,154.0,111.0,464.0,15.217,7.08,308.0,90.0,23.25,,,,,,,,,,,,,,,,,,,,,2026-04-01 14:46:08,True,35.053,10.97,385.535,107.736
2026-04-08T16:59:19.344Z,2026-04-08T16:59:19.344Z,127.407,1676,,,,,-3.380451,1.375099,-47.039835,9.568395,5.84417,-52.024568,39.0187615,-104.8934587,2174.93,14.751,0.27,-0.02,0.05,312.46,1.946,3.11,39.0187612,-104.8934593,2178.12,0.69,,32,,,,0.271,,-0.05,,-1.098345,0.353039,-10.01259,0.167,0.101,-0.907,135.0,124.0,468.0,15.217,7.08,308.0,90.0,23.25,,,,,,,,,,,,,,,,,,,,,2026-04-01 14:46:08,True,35.053,10.98,385.452,107.736
2026-04-08T16:59:19.411Z,2026-04-08T16:59:19.411Z,127.474,1677,,,,,-2.463719,1.375099,-50.477582,20.168114,0.40107,-52.884004,39.0187617,-104.8934588,2174.93,14.757,0.24,0.01,0.02,309.3,1.968,3.101,39.0187612,-104.8934593,2178.12,0.69,,32,,,,0.24,,-0.02,,-0.676659,0.20594,-10.385242,0.351,0.006,-0.923,117.0,146.0,467.0,15.217,7.08,308.0,90.0,23.25,,,,,,,,,,,,,,,,,,,,,2026-04-01 14:46:08,True,35.03,10.98,385.369,107.736
2026-04-08T16:59:19.480Z,2026-04-08T16:59:19.480Z,127.543,1678,,,,,-0.572958,1.031324,-54.201807,33.288848,-6.130648,-57.467667,39.0187619,-104.8934589,2174.94,14.766,0.21,0.05,0.01,305.22,1.99,3.093,39.0187612,-104.8934593,2178.12,0.69,,32,,,,0.216,,-0.01,,-0.519752,0.20594,-9.89491,0.581,-0.107,-1.002,117.0,146.0,467.0,15.217,7.08,308.0,90.0,23.25,,,,,,,,,,,,,,,,,,,,,2026-04-01 14:46:08,True,35.045,10.982,385.368,107.736
2026-04-08T16:59:19.547Z,2026-04-08T16:59:19.547Z,127.61,1679,,,,,1.432394,0.458366,-58.155216,25.324735,-8.136001,-56.722822,39.0187622,-104.893459,2174.96,14.782,0.19,0.1,0.01,301.33,2.024,3.084,39.0187621,-104.89346,2178.11,0.46,,32,,,,0.215,,-0.01,,-0.784532,0.039227,-9.277091,0.441,-0.142,-0.989,99.0,174.0,462.0,15.372,7.87,309.0,90.0,23.25,,,,,,,,,,,,,,,,,,,,,2026-04-01 14:46:08,True,35.023,10.982,385.535,120.978
2026-04-08T16:59:19.612Z,2026-04-08T16:59:19.612Z,127.675,1680,,,,,2.062648,0.114592,-61.879442,-3.552338,-6.64631,-50.133807,39.0187624,-104.893459,2174.97,14.797,0.19,0.13,0.01,297.53,2.046,3.084,39.0187621,-104.89346,2178.11,0.46,,32,,,,0.23,,-0.01,,-1.176798,-0.490332,-9.551677,-0.061,-0.116,-0.875,85.0,206.0,452.0,15.372,7.87,309.0,90.0,23.25,,,,,,,,,,,,,,,,,,,,,2026-04-01 14:46:08,True,35.061,10.98,385.618,120.978
2026-04-08T16:59:19.679Z,2026-04-08T16:59:19.679Z,127.742,1681,,,,,0.974028,-0.687549,-64.744231,-22.058875,-22.861016,-43.602088,39.0187625,-104.893459,2174.98,14.806,0.19,0.19,0.02,294.81,2.057,3.084,39.0187621,-104.89346,2178.11,0.46,,32,,,,0.269,,-0.02,,-0.392266,-0.2942,-9.973363,-0.384,-0.399,-0.761,85.0,206.0,452.0,15.372,7.87,309.0,90.0,23.25,,,,,,,,,,,,,,,,,,,,,2026-04-01 14:46:08,True,35.068,10.973,385.535,120.978
2026-04-08T16:59:19.748Z,2026-04-08T16:59:19.748Z,127.811,1682,,,,,-0.572958,-2.750197,-67.666316,-26.871721,-33.288848,-42.055102,39.0187627,-104.893459,2174.99,14.818,0.19,0.21,0.06,291.94,2.079,3.084,39.0187628,-104.8934604,2178.12,0.39,,32,,,,0.283,,-0.06,,-1.343511,-0.107873,-8.953471,-0.468,-0.581,-0.733,74.0,214.0,449.0,15.178,6.95,310.0,90.0,23.25,,,,,,,,,,,,,,,,,,,,,2026-04-01 14:46:08,True,35.023,10.982,385.868,105.487
2026-04-08T16:59:19.815Z,2026-04-08T16:59:19.815Z,127.878,1683,,,,,-2.463719,-4.297183,-70.531105,-30.366763,-16.329297,-40.737299,39.0187629,-104.893459,2175.0,14.826,0.19,0.22,0.11,288.96,2.102,3.084,39.0187628,-104.8934604,2178.12,0.39,,32,,,,0.291,,-0.11,,-1.049312,0.617819,-8.924052,-0.529,-0.285,-0.71,79.0,200.0,451.0,15.178,6.95,310.0,90.0,23.25,,,,,,,,,,,,,,,,,,,,,2026-04-01 14:46:08,True,35.061,10.977,385.369,105.487
2026-04-08T16:59:19.886Z,2026-04-08T16:59:19.886Z,127.949,1684,,,,,-3.838817,-5.328507,-73.567781,-17.303325,-9.740283,-44.289638,39.0187631,-104.8934589,2175.0,14.828,0.2,0.21,0.13,286.09,2.124,3.093,39.0187628,-104.8934604,2178.12,0.39,,32,,,,0.29,,-0.13,,-0.872792,0.186326,-9.522257,-0.302,-0.17,-0.772,79.0,200.0,451.0,15.178,6.95,310.0,90.0,23.5,,,,,,,,,,,,,,,,,,,,,2026-04-01 14:46:08,True,35.045,10.965,385.452,105.487
2026-04-08T16:59:19.956Z,2026-04-08T16:59:19.956Z,128.019,1685,,,,,-4.010705,-5.901465,-76.661753,-4.812845,-6.760902,-45.149074,39.0187633,-104.893459,2175.0,14.829,0.16,0.22,0.13,282.94,2.146,3.084,39.0187635,-104.8934605,2178.12,0.35,,32,,,,0.272,,-0.13,,-0.823759,0.421686,-10.061623,-0.083,-0.118,-0.788,81.0,183.0,458.0,15.123,9.71,310.0,90.0,23.5,,,,,,,,,,,,,,,,,,,,,2026-04-01 14:46:08,True,35.038,10.97,385.452,146.844
2026-04-08T16:59:20.026Z,2026-04-08T16:59:20.026Z,128.089,1686,,,,,-3.66693,-6.531719,-79.297359,0.572958,-10.485128,-43.888567,39.0187635,-104.8934589,2175.0,14.829,0.14,0.18,0.12,280.16,2.168,3.093,39.0187635,-104.8934605,2178.12,0.35,,32,,,,0.228,,-0.12,,-1.392544,0.1471,-9.728197,0.01,-0.183,-0.766,70.0,179.0,462.0,15.123,9.71,310.0,90.0,23.25,,,,,,,,,,,,,,,,,,,,,2026-04-01 14:46:08,True,35.038,10.968,385.618,146.844
2026-04-08T16:59:20.098Z,2026-04-08T16:59:20.098Z,128.161,1687,,,,,-3.437747,-7.276564,-82.849697,-6.24524,-4.640958,-44.748004,39.0187636,-104.8934589,2175.0,14.829,0.11,0.17,0.11,276.69,2.179,3.093,39.0187635,-104.8934605,2178.12,0.35,,32,,,,0.202,,-0.11,,-0.843372,-0.362846,-9.80665,-0.108,-0.082,-0.78,64.0,183.0,461.0,15.123,9.71,310.0,90.0,23.25,,,,,,,,,,,,,,,,,,,,,2026-04-01 14:46:08,True,35.023,10.968,385.785,146.844
2026-04-08T16:59:20.168Z,2026-04-08T16:59:20.168Z,128.231,1688,,,,,-4.068,-7.047381,-85.886373,-16.902255,8.766254,-41.596736,39.0187638,-104.8934589,2175.01,14.83,0.05,0.11,0.13,273.6,2.202,3.093,39.0187641,-104.8934604,2178.1,0.33,,32,,,,0.121,,-0.13,,-1.186605,-0.549172,-9.561484,-0.294,0.152,-0.725,64.0,183.0,461.0,15.083,9.06,311.0,90.0,23.25,,,,,,,,,,,,,,,,,,,,,2026-04-01 14:46:08,True,35.03,10.97,385.202,136.652
2026-04-08T16:59:20.241Z,2026-04-08T16:59:20.241Z,128.304,1689,,,,,-4.526367,-6.589015,-87.949022,-13.808283,14.037466,-38.846539,39.0187639,-104.8934589,2175.01,14.831,0.03,0.1,0.12,271.6,2.213,3.093,39.0187641,-104.8934604,2178.1,0.33,,32,,,,0.104,,-0.12,,-1.157185,-0.568786,-9.679164,-0.24,0.244,-0.677,49.0,180.0,463.0,15.083,9.06,311.0,90.0,23.5,,,,,,,,,,,,,,,,,,,,,2026-04-01 14:46:09,True,35.03,10.963,385.369,136.652
2026-04-08T16:59:20.311Z,2026-04-08T16:59:20.311Z,128.374,1690,,,,,-4.297183,-5.729578,-91.214881,5.15662,8.078705,-34.262876,39.018764,-104.893459,2175.01,14.834,-0.05,0.05,0.12,268.43,2.224,3.084,39.0187646,-104.8934603,2178.07,0.22,,32,,,,0.071,,-0.12,,-0.755112,-0.284393,-9.914523,0.09,0.141,-0.597,27.0,173.0,466.0,15.083,9.06,311.0,90.0,23.5,,,,,,,,,,,,,,,,,,,,,2026-04-01 14:46:09,True,35.023,10.975,385.369,136.652
2026-04-08T16:59:20.377Z,2026-04-08T16:59:20.377Z,128.44,1691,,,,,-3.323155,-5.500395,-93.793191,10.771607,4.297183,-36.039045,39.018764,-104.8934591,2175.01,14.838,-0.1,0.05,0.13,265.82,2.224,3.076,39.0187646,-104.8934603,2178.07,0.22,,32,,,,0.112,,-0.13,,-0.549172,-0.372653,-9.787037,0.188,0.074,-0.628,27.0,173.0,466.0,15.105,8.36,311.0,90.0,23.5,,,,,,,,,,,,,,,,,,,,,2026-04-01 14:46:09,True,35.015,10.973,385.369,126.278
2026-04-08T16:59:20.453Z,2026-04-08T16:59:20.453Z,128.516,1692,,,,,-2.979381,-5.328507,-95.16829,4.698254,4.354479,-35.98175,39.018764,-104.8934592,2175.02,14.842,-0.12,0.03,0.13,264.34,2.224,3.067,39.0187646,-104.8934603,2178.07,0.22,,32,,,,0.124,,-0.13,,-1.147378,-0.470719,-9.620324,0.082,0.075,-0.628,7.0,177.0,466.0,15.105,8.36,311.0,90.0,23.5,,,,,,,,,,,,,,,,,,,,,2026-04-01 14:46:09,True,35.023,10.968,385.535,126.278
2026-04-08T16:59:20.522Z,2026-04-08T16:59:20.522Z,128.585,1693,,,,,-2.349127,-4.583662,-99.465473,6.417127,10.542423,-39.362201,39.018764,-104.8934593,2175.02,14.846,-0.2,0.04,0.17,260.13,2.224,3.058,39.0187648,-104.8934604,2178.05,0.07,,32,,,,0.204,,-0.17,,-0.921825,-0.26478,-9.345737,0.112,0.183,-0.687,-7.0,182.0,462.0,15.105,8.36,311.0,90.0,23.25,,,,,,,,,,,,,,,,,,,,,2026-04-01 14:46:09,True,35.053,10.965,385.202,126.278
2026-04-08T16:59:20.586Z,2026-04-08T16:59:20.586Z,128.649,1694,,,,,-1.776169,-3.838817,-102.043783,8.193296,13.922874,-44.175046,39.0187639,-104.8934594,2175.02,14.848,-0.22,0.04,0.2,257.6,2.213,3.05,39.0187648,-104.8934604,2178.05,0.07,,32,,,,0.224,,-0.2,,-1.010085,-0.509946,-8.982891,0.143,0.242,-0.77,-7.0,182.0,462.0,15.238,6.01,312.0,90.0,23.5,,,,,,,,,,,,,,,,,,,,,2026-04-01 14:46:09,True,35.03,10.968,385.368,91.58
2026-04-08T16:59:20.664Z,2026-04-08T16:59:20.664Z,128.727,1695,,,,,-1.375099,-3.437747,-103.30429,7.563043,14.438536,-45.664736,39.0187639,-104.8934594,2175.02,14.847,-0.23,0.04,0.23,256.13,2.213,3.05,39.0187648,-104.8934604,2178.05,0.07,,32,,,,0.233,,-0.23,,-0.794339,-0.411879,-9.061345,0.132,0.251,-0.796,-33.0,184.0,462.0,15.238,6.01,312.0,90.0,23.5,,,,,,,,,,,,,,,,,,,,,2026-04-01 14:46:09,True,35.008,10.97,385.119,91.58
2026-04-08T16:59:20.734Z,2026-04-08T16:59:20.734Z,128.797,1696,,,,,0.630254,-2.635606,-109.54953,17.360621,4.068,-54.144512,39.0187638,-104.8934595,2175.01,14.83,-0.26,0.04,0.38,250.05,2.202,3.041,39.0187648,-104.8934604,2178.02,0.07,,32,,,,0.263,,-0.38,,-0.588399,-0.794339,-8.296426,0.303,0.07,-0.945,-58.0,188.0,458.0,15.238,6.01,312.0,90.0,23.5,,,,,,,,,,,,,,,,,,,,,2026-04-01 14:46:09,True,35.053,10.97,385.535,91.58
2026-04-08T16:59:20.808Z,2026-04-08T16:59:20.808Z,128.871,1697,,,,,1.833465,-2.349127,-113.331052,14.495832,1.890761,-56.264455,39.0187637,-104.8934595,2174.99,14.813,-0.24,0.04,0.47,246.11,2.191,3.041,39.0187648,-104.8934604,2178.02,0.07,,32,,,,0.243,,-0.47,,-0.990472,-0.490332,-8.531786,0.253,0.032,-0.981,-81.0,194.0,452.0,15.238,6.01,312.0,90.0,23.5,,,,,,,,,,,,,,,,,,,,,2026-04-01 14:46:09,True,35.015,10.968,384.786,91.58
2026-04-08T16:59:20.878Z,2026-04-08T16:59:20.878Z,128.941,1698,,,,,2.750197,-1.948057,-117.341756,6.703606,2.463719,-54.946653,39.0187636,-104.8934595,2174.96,14.785,-0.26,0.08,0.57,242.11,2.179,3.041,39.0187648,-104.8934604,2178.02,0.07,,32,,,,0.272,,-0.57,,-0.657046,-0.274586,-8.561205,0.117,0.042,-0.958,-81.0,194.0,452.0,15.238,6.01,312.0,90.0,23.5,,,,,,,,,,,,,,,,,,,,,2026-04-01 14:46:09,True,35.053,10.973,385.285,91.58
2026-04-08T16:59:20.948Z,2026-04-08T16:59:20.948Z,129.011,1699,,,,,3.093972,-1.948057,-121.065982,2.922085,-6.875494,-55.347723,39.0187636,-104.8934595,2174.93,14.751,-0.21,0.08,0.64,238.34,2.179,3.041,39.0187646,-104.8934603,2177.95,0.13,,32,,,,0.225,,-0.64,,-0.843372,-0.333426,-8.433719,0.051,-0.12,-0.965,-102.0,195.0,446.0,15.251,5.71,312.0,90.0,23.5,,,,,,,,,,,,,,,,,,,,,2026-04-01 14:46:09,True,35.015,10.97,385.702,87.083
2026-04-08T16:59:21.019Z,2026-04-08T16:59:21.019Z,129.082,1700,,,,,2.979381,-2.234535,-125.191278,-10.714311,-11.459156,-59.87409,39.0187635,-104.8934595,2174.88,14.709,-0.21,0.09,0.72,234.06,2.168,3.041,39.0187646,-104.8934603,2177.95,0.13,,32,,,,0.228,,-0.72,,-0.804145,-0.696272,-8.698499,-0.186,-0.2,-1.045,-121.0,188.0,445.0,15.251,5.71,312.0,90.0,23.5,,,,,,,,,,,,,,,,,,,,,2026-04-01 14:46:09,True,35.008,10.968,385.202,87.083
2026-04-08T16:59:21.089Z,2026-04-08T16:59:21.089Z,129.152,1701,,,,,2.57831,-2.463719,-129.774941,-7.33386,-1.432394,-63.426428,39.0187635,-104.8934595,2174.84,14.663,-0.17,0.09,0.8,229.77,2.168,3.041,39.0187646,-104.8934603,2177.95,0.13,,32,,,,0.192,,-0.8,,-0.872792,-0.470719,-8.816178,-0.127,-0.024,-1.106,-121.0,188.0,445.0,15.251,5.71,312.0,90.0,23.5,,,,,,,,,,,,,,,,,,,,,2026-04-01 14:46:09,True,35.053,10.965,385.535,87.083
2026-04-08T16:59:21.158Z,2026-04-08T16:59:21.158Z,129.221,1702,,,,,2.291831,-2.17724,-134.014828,-10.026761,0.687549,-63.655611,39.0187635,-104.8934595,2174.78,14.608,-0.16,0.09,0.86,225.34,2.168,3.041,39.0187644,-104.8934602,2177.84,0.12,,32,,,,0.184,,-0.86,,-0.970858,-0.402073,-8.884825,-0.174,0.011,-1.111,-131.0,170.0,446.0,15.252,5.79,313.0,90.0,23.5,,,,,,,,,,,,,,,,,,,,,2026-04-01 14:46:09,True,35.03,10.975,385.202,88.309
2026-04-08T16:59:21.234Z,2026-04-08T16:59:21.234Z,129.297,1703,,,,,1.661578,-2.406423,-137.910941,-12.547776,-12.032114,-63.94209,39.0187634,-104.8934594,2174.73,14.554,-0.16,0.1,0.93,221.34,2.157,3.05,39.0187644,-104.8934602,2177.84,0.12,,32,,,,0.189,,-0.93,,-0.382459,-0.833565,-8.718112,-0.218,-0.21,-1.116,-151.0,147.0,450.0,15.252,5.79,313.0,90.0,23.5,,,,,,,,,,,,,,,,,,,,,2026-04-01 14:46:09,True,35.03,10.961,385.285,88.309
2026-04-08T16:59:21.304Z,2026-04-08T16:59:21.304Z,129.367,1704,,,,,0.630254,-3.724226,-143.640519,-16.673072,-13.808283,-62.968062,39.0187634,-104.8934593,2174.65,14.473,-0.16,0.13,1.03,215.73,2.157,3.058,39.0187642,-104.89346,2177.69,0.17,,32,,,,0.206,,-1.03,,-0.480526,-0.490332,-8.521979,-0.29,-0.241,-1.098,-157.0,118.0,453.0,15.252,5.79,313.0,90.0,23.5,,,,,,,,,,,,,,,,,,,,,2026-04-01 14:46:10,True,35.03,10.97,385.535,88.309
2026-04-08T16:59:21.370Z,2026-04-08T16:59:21.370Z,129.433,1705,,,,,0.229183,-4.068,-148.224182,-5.901465,-3.323155,-63.483724,39.0187633,-104.8934593,2174.57,14.398,-0.17,0.1,1.12,211.15,2.146,3.058,39.0187642,-104.89346,2177.69,0.17,,32,,,,0.197,,-1.12,,-0.617819,-0.627626,-8.561205,-0.102,-0.058,-1.107,-157.0,118.0,453.0,15.174,6.07,313.0,90.0,23.5,,,,,,,,,,,,,,,,,,,,,2026-04-01 14:46:10,True,35.03,10.965,385.285,92.106
2026-04-08T16:59:21.445Z,2026-04-08T16:59:21.445Z,129.508,1706,,,,,0.343775,-4.010705,-150.573309,-0.229183,0.687549,-63.369132,39.0187633,-104.8934592,2174.53,14.356,-0.19,0.11,1.17,208.66,2.146,3.067,39.0187642,-104.89346,2177.69,0.17,,32,,,,0.22,,-1.17,,-0.666852,-0.784532,-8.639659,-0.003,0.011,-1.105,-162.0,89.0,460.0,15.174,6.07,313.0,90.0,23.5,,,,,,,,,,,,,,,,,,,,,2026-04-01 14:46:10,True,35.023,10.968,385.036,92.106
2026-04-08T16:59:21.513Z,2026-04-08T16:59:21.513Z,129.576,1707,,,,,0.802141,-3.781521,-156.53207,-2.291831,-4.469071,-57.353075,39.0187632,-104.893459,2174.43,14.252,-0.23,0.13,1.28,202.75,2.135,3.084,39.0187642,-104.8934596,2177.51,0.21,,32,,,,0.264,,-1.28,,-0.02942,-0.735499,-8.816178,-0.039,-0.078,-1.0,-170.0,69.0,459.0,15.174,6.07,313.0,90.0,23.5,,,,,,,,,,,,,,,,,,,,,2026-04-01 14:46:10,True,35.038,10.97,385.369,92.106
2026-04-08T16:59:21.578Z,2026-04-08T16:59:21.578Z,129.641,1708,,,,,0.343775,-3.781521,-159.912521,-13.636396,2.234535,-52.368342,39.0187632,-104.8934589,2174.37,14.194,-0.26,0.16,1.34,199.56,2.135,3.093,39.0187642,-104.8934596,2177.51,0.21,,32,,,,0.305,,-1.34,,-0.23536,-1.059118,-8.963278,-0.237,0.038,-0.913,-170.0,69.0,459.0,15.057,7.15,313.0,90.0,23.5,,,,,,,,,,,,,,,,,,,,,2026-04-01 14:46:10,True,35.03,10.973,385.285,107.658
2026-04-08T16:59:21.653Z,2026-04-08T16:59:21.653Z,129.716,1709,,,,,0.057296,-3.437747,-161.803281,-11.40186,7.906818,-49.618145,39.0187631,-104.8934588,2174.34,14.163,-0.29,0.18,1.34,197.58,2.124,3.101,39.0187642,-104.8934596,2177.51,0.21,,32,,,,0.341,,-1.34,,-0.11768,-0.470719,-8.992698,-0.199,0.137,-0.865,-176.0,46.0,457.0,15.057,7.15,313.0,90.0,23.5,,,,,,,,,,,,,,,,,,,,,2026-04-01 14:46:10,True,35.015,10.965,385.202,107.658
2026-04-08T16:59:21.722Z,2026-04-08T16:59:21.722Z,129.785,1710,,,,,-0.229183,-2.692902,-166.84531,-3.151268,3.896113,-44.404229,39.0187629,-104.8934585,2174.25,14.076,-0.35,0.23,1.43,192.6,2.102,3.127,39.018764,-104.8934591,2177.25,0.3,,32,,,,0.419,,-1.43,,0.068647,-0.568786,-8.865212,-0.054,0.067,-0.774,-185.0,23.0,457.0,15.057,7.15,313.0,90.0,23.25,,,,,,,,,,,,,,,,,,,,,2026-04-01 14:46:10,True,35.023,10.963,385.119,107.658
2026-04-08T16:59:21.787Z,2026-04-08T16:59:21.787Z,129.85,1711,,,,,-0.114592,-2.234535,-169.595507,6.818198,10.427832,-43.372905,39.0187628,-104.8934583,2174.22,14.048,-0.37,0.25,1.48,190.1,2.09,3.145,39.018764,-104.8934591,2177.25,0.3,,32,,,,0.447,,-1.48,,-0.431493,-0.696272,-8.492559,0.119,0.182,-0.757,-185.0,23.0,457.0,15.228,4.48,314.0,90.0,23.5,,,,,,,,,,,,,,,,,,,,,2026-04-01 14:46:10,True,35.015,10.965,385.035,68.221
2026-04-08T16:59:21.866Z,2026-04-08T16:59:21.866Z,129.929,1712,,,,,0.229183,-1.776169,-170.741423,10.657015,14.323945,-42.398877,39.0187627,-104.8934582,2174.21,14.03,-0.37,0.25,1.54,188.76,2.079,3.153,39.018764,-104.8934591,2177.25,0.3,,32,,,,0.447,,-1.54,,-0.107873,-1.088538,-8.698499,0.186,0.249,-0.74,-193.0,6.0,455.0,15.228,4.48,314.0,90.0,23.25,,,,,,,,,,,,,,,,,,,,,2026-04-01 14:46:10,True,35.008,10.958,384.952,68.221
2026-04-08T16:59:21.935Z,2026-04-08T16:59:21.935Z,129.998,1713,,,,,2.864789,-1.145916,-175.382381,26.871721,-6.359832,-34.663947,39.0187624,-104.8934578,2174.13,13.957,-0.41,0.28,1.67,184.39,2.046,3.188,39.0187635,-104.8934585,2176.97,0.39,,32,,,,0.496,,-1.67,,-0.098066,-0.608012,-8.384686,0.469,-0.111,-0.605,-202.0,0.0,451.0,15.228,4.48,314.0,90.0,23.5,,,,,,,,,,,,,,,,,,,,,2026-04-01 14:46:10,True,35.03,10.965,384.786,68.221
2026-04-08T16:59:22.006Z,2026-04-08T16:59:22.006Z,130.069,1714,,,,,4.354479,-0.40107,-177.273142,15.46986,17.876283,-27.673862,39.0187621,-104.8934575,2174.11,13.933,-0.42,0.28,1.72,182.48,2.013,3.214,39.0187635,-104.8934585,2176.97,0.39,,32,,,,0.505,,-1.72,,0.019613,-0.990472,-8.629852,0.27,0.311,-0.483,-206.0,4.0,452.0,15.228,4.48,314.0,90.0,23.5,,,,,,,,,,,,,,,,,,,,,2026-04-01 14:46:10,True,35.023,10.965,385.202,68.221
2026-04-08T16:59:22.075Z,2026-04-08T16:59:22.075Z,130.138,1715,,,,,5.443099,0.974028,-178.877424,16.501184,12.948846,-21.428622,39.0187619,-104.8934572,2174.06,13.882,-0.42,0.26,1.78,180.98,1.99,3.24,39.0187635,-104.8934585,2176.97,0.39,,32,,,,0.494,,-1.78,,0.490332,-0.921825,-9.463417,0.288,0.225,-0.374,-206.0,4.0,452.0,15.228,4.48,314.0,90.0,23.5,,,,,,,,,,,,,,,,,,,,,2026-04-01 14:46:10,True,35.045,10.965,385.202,68.221
2026-04-08T16:59:22.146Z,2026-04-08T16:59:22.146Z,130.209,1716,,,,,6.24524,1.948057,-179.908748,7.849522,11.287269,-15.928227,39.0187617,-104.893457,2174.02,13.841,-0.41,0.27,1.83,179.95,1.968,3.257,39.0187629,-104.8934578,2176.64,0.45,,32,,,,0.491,,-1.83,,0.23536,-0.872792,-9.120184,0.137,0.196,-0.277,-217.0,9.0,447.0,15.352,5.11,314.0,90.0,23.5,,,,,,,,,,,,,,,,,,,,,2026-04-01 14:46:10,True,35.03,10.963,385.285,78.449
2026-04-08T16:59:22.216Z,2026-04-08T16:59:22.216Z,130.279,1717,,,,,6.24524,2.864789,179.393086,-0.916732,10.255945,-9.854874,39.0187615,-104.8934568,2173.95,13.778,-0.41,0.25,1.9,179.27,1.946,3.274,39.0187629,-104.8934578,2176.64,0.45,,32,,,,0.48,,-1.9,,0.26478,-1.010085,-9.218251,-0.015,0.178,-0.171,-229.0,12.0,442.0,15.352,5.11,314.0,90.0,23.25,,,,,,,,,,,,,,,,,,,,,2026-04-01 14:46:10,True,35.061,10.963,384.952,78.449
2026-04-08T16:59:22.288Z,2026-04-08T16:59:22.288Z,130.351,1718,,,,,6.760902,3.495043,179.049311,8.307888,8.42248,-2.692902,39.0187613,-104.8934566,2173.88,13.707,-0.38,0.23,1.99,179.07,1.924,3.292,39.0187629,-104.8934578,2176.64,0.45,,32,,,,0.444,,-1.99,,-0.078453,-1.216025,-7.75706,0.145,0.146,-0.046,-229.0,12.0,442.0,15.352,5.11,314.0,90.0,23.5,,,,,,,,,,,,,,,,,,,,,2026-04-01 14:46:11,True,35.008,10.961,384.786,78.449
2026-04-08T16:59:22.357Z,2026-04-08T16:59:22.357Z,130.42,1719,,,,,7.104677,4.125296,179.221198,4.698254,9.91217,2.521014,39.0187611,-104.8934564,2173.8,13.626,-0.34,0.18,2.08,179.3,1.901,3.309,39.0187623,-104.8934572,2176.3,0.44,,32,,,,0.385,,-2.08,,0.441299,-0.794339,-8.933858,0.082,0.173,0.044,-237.0,12.0,437.0,15.271,6.1,315.0,90.0,23.25,,,,,,,,,,,,,,,,,,,,,2026-04-01 14:46:11,True,35.015,10.97,385.036,93.153
2026-04-08T16:59:22.428Z,2026-04-08T16:59:22.428Z,130.491,1720,,,,,7.849522,4.526367,179.564973,14.896903,5.213916,4.927437,39.0187609,-104.8934563,2173.72,13.54,-0.34,0.13,2.11,179.64,1.879,3.317,39.0187623,-104.8934572,2176.3,0.44,,32,,,,0.364,,-2.11,,0.313813,-0.617819,-8.914245,0.26,0.09,0.085,-244.0,15.0,433.0,15.271,6.1,315.0,90.0,23.5,,,,,,,,,,,,,,,,,,,,,2026-04-01 14:46:11,True,35.03,10.97,385.202,93.153
2026-04-08T16:59:22.498Z,2026-04-08T16:59:22.498Z,130.561,1721,,,,,8.250592,5.213916,-179.794156,-2.119944,10.255945,7.161972,39.0187608,-104.8934562,2173.6,13.428,-0.29,0.1,2.23,180.3,1.868,3.326,39.0187623,-104.8934572,2176.3,0.44,,32,,,,0.307,,-2.23,,0.578592,-0.823759,-9.404577,-0.036,0.179,0.124,-247.0,24.0,427.0,15.271,6.1,315.0,90.0,23.5,,,,,,,,,,,,,,,,,,,,,2026-04-01 14:46:11,True,35.0,10.961,385.036,93.153
2026-04-08T16:59:22.566Z,2026-04-08T16:59:22.566Z,130.629,1722,,,,,8.078705,5.729578,-179.049311,-1.661578,6.64631,10.198649,39.0187607,-104.8934561,2173.49,13.313,-0.25,0.06,2.24,181.1,1.857,3.335,39.0187618,-104.8934567,2175.88,0.24,,32,,,,0.257,,-2.24,,0.23536,-0.990472,-9.326124,-0.028,0.115,0.177,-247.0,24.0,427.0,15.052,9.05,315.0,90.0,23.5,,,,,,,,,,,,,,,,,,,,,2026-04-01 14:46:11,True,35.008,10.977,384.952,136.221
2026-04-08T16:59:22.637Z,2026-04-08T16:59:22.637Z,130.7,1723,,,,,7.964113,5.958761,-178.419057,-6.990085,6.24524,12.089409,39.0187606,-104.8934561,2173.4,13.228,-0.21,0.03,2.26,181.73,1.846,3.335,39.0187618,-104.8934567,2175.88,0.24,,32,,,,0.212,,-2.26,,0.304006,-1.157185,-9.57129,-0.121,0.108,0.21,-254.0,27.0,422.0,15.052,9.05,315.0,90.0,23.5,,,,,,,,,,,,,,,,,,,,,2026-04-01 14:46:11,True,35.023,10.961,384.952,136.221
2026-04-08T16:59:22.707Z,2026-04-08T16:59:22.707Z,130.77,1724,,,,,7.391156,6.073353,-177.215846,-8.193296,4.125296,13.292621,39.0187606,-104.8934561,2173.26,13.08,-0.14,0.0,2.25,182.95,1.846,3.335,39.0187615,-104.8934564,2175.42,0.2,,32,,,,0.14,,-2.25,,0.480526,-1.216025,-9.65955,-0.143,0.071,0.232,-257.0,28.0,418.0,15.052,9.05,315.0,90.0,23.5,,,,,,,,,,,,,,,,,,,,,2026-04-01 14:46:11,True,35.008,10.97,385.202,136.221
2026-04-08T16:59:22.779Z,2026-04-08T16:59:22.779Z,130.842,1725,,,,,6.703606,6.016057,-176.299114,-7.33386,-2.119944,10.886198,39.0187606,-104.8934561,2173.12,12.944,-0.1,-0.02,2.27,183.78,1.846,3.335,39.0187615,-104.8934564,2175.42,0.2,,32,,,,0.102,,-2.27,,0.17652,-0.951245,-9.757617,-0.127,-0.037,0.189,-257.0,28.0,418.0,14.984,8.85,316.0,90.0,23.5,,,,,,,,,,,,,,,,,,,,,2026-04-01 14:46:11,True,35.038,10.965,384.869,132.608
2026-04-08T16:59:22.856Z,2026-04-08T16:59:22.856Z,130.919,1726,,,,,6.64631,5.729578,-175.955339,0.229183,-7.161972,9.281916,39.0187606,-104.8934562,2173.05,12.876,-0.06,-0.05,2.28,184.13,1.846,3.326,39.0187615,-104.8934564,2175.42,0.2,,32,,,,0.078,,-2.28,,0.343233,-1.039505,-9.74781,0.004,-0.125,0.161,-257.0,27.0,417.0,14.984,8.85,316.0,90.0,23.5,,,,,,,,,,,,,,,,,,,,,2026-04-01 14:46:11,True,35.008,10.961,385.202,132.608
2026-04-08T16:59:22.926Z,2026-04-08T16:59:22.926Z,130.989,1727,,,,,6.302536,4.870141,-174.924015,-8.078705,-6.818198,11.115381,39.0187607,-104.8934562,2172.85,12.677,0.02,-0.08,2.23,185.18,1.857,3.326,39.0187613,-104.8934561,2174.94,0.09,,32,,,,0.082,,-2.23,,0.254973,-0.980665,-10.551955,-0.14,-0.119,0.193,-251.0,29.0,419.0,14.984,8.85,316.0,90.0,23.5,,,,,,,,,,,,,,,,,,,,,2026-04-01 14:46:11,True,35.023,10.97,384.869,132.608
2026-04-08T16:59:22.988Z,2026-04-08T16:59:22.988Z,131.051,1728,,,,,5.729578,4.354479,-174.293761,-9.281916,-9.797578,9.281916,39.0187608,-104.8934562,2172.74,12.566,0.06,-0.1,2.22,185.8,1.868,3.326,39.0187613,-104.8934561,2174.94,0.09,,32,,,,0.117,,-2.22,,0.451106,-0.862985,-10.355822,-0.161,-0.17,0.162,-247.0,27.0,423.0,14.945,9.13,316.0,90.0,23.5,,,,,,,,,,,,,,,,,,,,,2026-04-01 14:46:11,True,35.023,10.965,385.285,136.448
2026-04-08T16:59:23.066Z,2026-04-08T16:59:23.066Z,131.129,1729,,,,,5.557691,4.125296,-174.121874,-5.729578,-9.396508,8.708958,39.0187608,-104.8934562,2172.7,12.528,0.06,-0.11,2.2,185.96,1.868,3.326,39.0187613,-104.8934561,2174.94,0.09,,32,,,,0.125,,-2.2,,-0.127486,-0.745305,-9.943943,-0.099,-0.164,0.152,-247.0,27.0,423.0,14.945,9.13,316.0,90.0,23.5,,,,,,,,,,,,,,,,,,,,,2026-04-01 14:46:11,True,35.023,10.956,384.869,136.448
2026-04-08T16:59:23.137Z,2026-04-08T16:59:23.137Z,131.2,1730,,,,,4.526367,3.724226,-173.262437,-9.281916,1.718873,6.932789,39.018761,-104.8934563,2172.5,12.325,0.13,-0.1,2.18,186.82,1.89,3.317,39.0187613,-104.893456,2174.48,0.06,,32,,,,0.164,,-2.18,,-0.186326,-1.343511,-10.326402,-0.162,0.03,0.12,-240.0,25.0,426.0,14.945,9.13,316.0,90.0,23.5,,,,,,,,,,,,,,,,,,,,,2026-04-01 14:46:11,True,35.038,10.963,385.285,136.448
2026-04-08T16:59:23.207Z,2026-04-08T16:59:23.207Z,131.27,1731,,,,,4.411775,3.953409,-172.804071,-0.515662,2.864789,5.901465,39.0187611,-104.8934564,2172.39,12.215,0.15,-0.09,2.15,187.28,1.901,3.309,39.0187613,-104.893456,2174.48,0.06,,32,,,,0.175,,-2.15,,-0.049033,-1.490611,-10.032203,-0.009,0.049,0.103,-240.0,22.0,428.0,14.945,9.13,316.0,90.0,23.5,,,,,,,,,,,,,,,,,,,,,2026-04-01 14:46:11,True,35.015,10.965,384.952,136.448
2026-04-08T16:59:23.284Z,2026-04-08T16:59:23.284Z,131.347,1732,,,,,4.182592,3.609634,-172.517592,-2.864789,-6.016057,2.17724,39.0187613,-104.8934564,2172.27,12.098,0.21,-0.06,2.1,187.49,1.924,3.309,39.0187613,-104.893456,2174.48,0.06,,32,,,,0.218,,-2.1,,0.009807,-0.637432,-10.208723,-0.049,-0.104,0.037,-240.0,22.0,428.0,14.945,9.13,316.0,90.0,23.5,,,,,,,,,,,,,,,,,,,,,2026-04-01 14:46:12,True,35.023,10.958,385.369,136.448
2026-04-08T16:59:23.353Z,2026-04-08T16:59:23.353Z,131.416,1733,,,,,4.068,2.57831,-172.746775,1.203211,-20.683776,-3.609634,39.0187615,-104.8934564,2172.16,11.986,0.23,-0.04,2.03,187.2,1.946,3.309,39.0187615,-104.893456,2174.01,0.17,,32,,,,0.233,,-2.03,,0.137293,-0.823759,-10.718668,0.021,-0.36,-0.063,-240.0,22.0,427.0,15.021,7.31,317.0,90.0,23.5,,,,,,,,,,,,,,,,,,,,,2026-04-01 14:46:12,True,35.03,10.973,385.369,109.804
2026-04-08T16:59:23.423Z,2026-04-08T16:59:23.423Z,131.486,1734,,,,,4.010705,1.031324,-173.147846,0.572958,-29.106256,-4.698254,39.0187617,-104.8934563,2172.07,11.896,0.22,-0.04,1.98,186.77,1.968,3.317,39.0187615,-104.893456,2174.01,0.17,,32,,,,0.224,,-1.98,,0.460913,-1.206218,-10.767702,0.01,-0.507,-0.082,-232.0,20.0,433.0,15.021,7.31,317.0,90.0,23.5,,,,,,,,,,,,,,,,,,,,,2026-04-01 14:46:12,True,35.023,10.97,385.036,109.804
2026-04-08T16:59:23.491Z,2026-04-08T16:59:23.491Z,131.554,1735,,,,,4.526367,-0.687549,-173.548916,9.625691,-21.772396,-2.291831,39.0187618,-104.8934563,2171.98,11.808,0.22,-0.04,1.99,186.44,1.979,3.317,39.0187615,-104.893456,2174.01,0.17,,32,,,,0.224,,-1.99,,-0.068647,-1.059118,-9.561484,0.168,-0.379,-0.039,-232.0,20.0,433.0,15.021,7.31,317.0,90.0,23.5,,,,,,,,,,,,,,,,,,,,,2026-04-01 14:46:12,True,35.03,10.97,385.202,109.804
2026-04-08T16:59:23.559Z,2026-04-08T16:59:23.559Z,131.622,1736,,,,,4.927437,-1.260507,-173.548916,3.609634,-0.572958,1.317803,39.018762,-104.8934563,2171.89,11.716,0.18,-0.02,2.0,186.48,2.002,3.317,39.0187618,-104.8934558,2173.56,0.23,,32,,,,0.181,,-2.0,,0.225553,-0.951245,-9.306511,0.062,-0.01,0.023,-212.0,20.0,445.0,15.103,6.3,317.0,90.0,23.5,,,,,,,,,,,,,,,,,,,,,2026-04-01 14:46:12,True,34.992,10.97,385.036,95.149
2026-04-08T16:59:23.629Z,2026-04-08T16:59:23.629Z,131.692,1737,,,,,5.213916,-0.744845,-173.262437,6.130648,12.605071,4.698254,39.0187621,-104.8934562,2171.8,11.628,0.18,-0.03,2.02,186.83,2.013,3.326,39.0187618,-104.8934558,2173.56,0.23,,32,,,,0.182,,-2.02,,0.009807,-0.254973,-9.394771,0.107,0.219,0.082,-202.0,25.0,450.0,15.103,6.3,317.0,90.0,23.5,,,,,,,,,,,,,,,,,,,,,2026-04-01 14:46:12,True,35.015,10.956,385.202,95.149
2026-04-08T16:59:23.698Z,2026-04-08T16:59:23.698Z,131.761,1738,,,,,5.328507,0.630254,-172.632184,-2.807493,23.147495,6.531719,39.0187623,-104.8934561,2171.69,11.515,0.17,-0.04,2.04,187.5,2.035,3.335,39.0187622,-104.8934555,2173.13,0.23,,32,,,,0.175,,-2.04,,0.2942,-1.294478,-9.669357,-0.048,0.403,0.113,-210.0,30.0,445.0,15.103,6.3,317.0,90.0,23.5,,,,,,,,,,,,,,,,,,,,,2026-04-01 14:46:12,True,35.0,10.965,384.536,95.149
2026-04-08T16:59:23.765Z,2026-04-08T16:59:23.765Z,131.828,1739,,,,,5.500395,2.234535,-172.00193,10.026761,17.876283,5.901465,39.0187624,-104.8934561,2171.58,11.407,0.16,-0.06,2.03,188.11,2.046,3.335,39.0187622,-104.8934555,2173.13,0.23,,32,,,,0.171,,-2.03,,0.441299,-0.990472,-9.590904,0.175,0.311,0.103,-210.0,30.0,445.0,15.098,7.65,318.0,90.0,23.5,,,,,,,,,,,,,,,,,,,,,2026-04-01 14:46:12,True,35.015,10.965,385.202,115.5
2026-04-08T16:59:23.837Z,2026-04-08T16:59:23.837Z,131.9,1740,,,,,6.130648,2.291831,-171.715451,10.771607,-3.036676,4.411775,39.0187625,-104.893456,2171.51,11.331,0.13,-0.04,2.04,188.32,2.057,3.343,39.0187622,-104.8934555,2173.13,0.23,,32,,,,0.136,,-2.04,,0.078453,-0.823759,-9.77723,0.188,-0.053,0.076,-226.0,35.0,437.0,15.098,7.65,318.0,90.0,23.5,,,,,,,,,,,,,,,,,,,,,2026-04-01 14:46:12,True,35.023,10.956,385.535,115.5
2026-04-08T16:59:23.907Z,2026-04-08T16:59:23.907Z,131.97,1741,,,,,6.073353,1.833465,-171.486268,-1.890761,-3.495043,2.864789,39.0187626,-104.893456,2171.37,11.198,0.15,-0.04,2.04,188.55,2.068,3.343,39.0187626,-104.8934554,2172.68,0.18,,32,,,,0.155,,-2.04,,0.107873,-1.441578,-10.081236,-0.033,-0.061,0.049,-224.0,40.0,432.0,15.098,7.65,318.0,90.0,23.5,,,,,,,,,,,,,,,,,,,,,2026-04-01 14:46:12,True,35.023,10.965,384.703,115.5
2026-04-08T16:59:23.973Z,2026-04-08T16:59:23.973Z,132.036,1742,,,,,6.016057,1.661578,-171.257085,1.718873,0.229183,2.349127,39.0187627,-104.8934559,2171.26,11.083,0.16,-0.06,2.0,188.77,2.079,3.352,39.0187626,-104.8934554,2172.68,0.18,,32,,,,0.171,,-2.0,,0.421686,-1.216025,-10.453889,0.03,0.004,0.04,-224.0,40.0,432.0,14.85,9.87,318.0,90.0,23.5,,,,,,,,,,,,,,,,,,,,,2026-04-01 14:46:12,True,35.015,10.968,385.285,146.569
2026-04-08T16:59:24.046Z,2026-04-08T16:59:24.046Z,132.109,1743,,,,,6.073353,1.661578,-171.142493,-1.48969,-0.687549,2.922085,39.0187628,-104.8934559,2171.2,11.027,0.16,-0.07,1.94,188.87,2.09,3.352,39.0187626,-104.8934554,2172.68,0.18,,32,,,,0.175,,-1.94,,0.1471,-1.127765,-10.434276,-0.025,-0.012,0.05,-222.0,40.0,434.0,14.85,9.87,318.0,90.0,23.5,,,,,,,,,,,,,,,,,,,,,2026-04-01 14:46:12,True,35.008,10.977,385.036,146.569
2026-04-08T16:59:24.116Z,2026-04-08T16:59:24.116Z,132.179,1744,,,,,5.84417,1.203211,-170.970606,-0.343775,-10.943494,1.546986,39.018763,-104.8934559,2171.06,10.887,0.13,-0.07,1.86,188.99,2.113,3.352,39.0187628,-104.8934553,2172.23,0.13,,32,,,,0.148,,-1.86,,0.107873,-1.314091,-11.003061,-0.005,-0.191,0.026,-220.0,40.0,433.0,14.85,9.87,318.0,90.0,23.5,,,,,,,,,,,,,,,,,,,,,2026-04-01 14:46:12,True,35.023,10.961,385.202,146.569
2026-04-08T16:59:24.180Z,2026-04-08T16:59:24.180Z,132.243,1745,,,,,6.016057,0.515662,-171.142493,2.005352,-7.677634,-2.463719,39.0187631,-104.8934559,2170.97,10.798,0.14,-0.1,1.77,188.81,2.124,3.352,39.0187628,-104.8934553,2172.23,0.13,,32,,,,0.172,,-1.77,,0.137293,-1.363124,-10.414662,0.035,-0.134,-0.043,-220.0,40.0,433.0,14.84,9.97,319.0,90.0,23.5,,,,,,,,,,,,,,,,,,,,,2026-04-01 14:46:12,True,35.045,10.977,385.202,147.955
2026-04-08T16:59:24.255Z,2026-04-08T16:59:24.255Z,132.318,1746,,,,,6.073353,0.40107,-171.314381,-3.323155,-3.437747,-4.239888,39.0187631,-104.8934559,2170.93,10.759,0.13,-0.11,1.74,188.66,2.124,3.352,39.0187628,-104.8934553,2172.23,0.13,,32,,,,0.17,,-1.74,,0.23536,-0.686466,-10.718668,-0.058,-0.059,-0.074,-214.0,41.0,438.0,14.84,9.97,319.0,90.0,23.5,,,,,,,,,,,,,,,,,,,,,2026-04-01 14:46:13,True,35.0,10.975,384.869,147.955
2026-04-08T16:59:24.326Z,2026-04-08T16:59:24.326Z,132.389,1747,,,,,5.443099,0.630254,-171.830043,-12.662367,4.984733,-5.786874,39.0187632,-104.8934559,2170.8,10.623,0.11,-0.13,1.63,188.12,2.135,3.352,39.018763,-104.8934552,2171.81,0.1,,32,,,,0.17,,-1.63,,0.23536,-1.010085,-10.581375,-0.221,0.086,-0.1,-211.0,40.0,438.0,14.84,9.97,319.0,90.0,23.25,,,,,,,,,,,,,,,,,,,,,2026-04-01 14:46:13,True,35.008,10.961,384.869,147.955
2026-04-08T16:59:24.387Z,2026-04-08T16:59:24.387Z,132.45,1748,,,,,4.812845,1.203211,-172.231113,-6.875494,8.594367,-7.391156,39.0187633,-104.893456,2170.71,10.538,0.1,-0.15,1.53,187.67,2.146,3.343,39.018763,-104.8934552,2171.81,0.1,,32,,,,0.18,,-1.53,,0.186326,-0.666852,-10.581375,-0.12,0.149,-0.128,-214.0,32.0,437.0,14.793,11.11,319.0,90.0,23.5,,,,,,,,,,,,,,,,,,,,,2026-04-01 14:46:13,True,35.015,10.975,385.785,164.35
2026-04-08T16:59:24.462Z,2026-04-08T16:59:24.462Z,132.525,1749,,,,,4.698254,1.317803,-172.345705,-4.698254,8.021409,-7.677634,39.0187633,-104.893456,2170.69,10.516,0.12,-0.13,1.52,187.56,2.146,3.343,39.018763,-104.8934552,2171.81,0.1,,32,,,,0.177,,-1.52,,0.2942,-1.010085,-10.816735,-0.081,0.14,-0.134,-214.0,32.0,437.0,14.793,11.11,319.0,90.0,23.5,,,,,,,,,,,,,,,,,,,,,2026-04-01 14:46:13,True,35.008,10.97,385.618,164.35
2026-04-08T16:59:24.530Z,2026-04-08T16:59:24.530Z,132.593,1750,,,,,4.640958,1.948057,-173.09055,0.229183,1.718873,-5.958761,39.0187634,-104.893456,2170.56,10.38,0.1,-0.15,1.4,186.88,2.157,3.343,39.0187632,-104.8934551,2171.43,0.14,,32,,,,0.18,,-1.4,,0.245166,-1.127765,-10.767702,0.003,0.029,-0.104,-221.0,25.0,436.0,14.793,11.11,319.0,90.0,23.5,,,,,,,,,,,,,,,,,,,,,2026-04-01 14:46:13,True,35.03,10.97,384.869,164.35
2026-04-08T16:59:24.594Z,2026-04-08T16:59:24.594Z,132.657,1751,,,,,4.411775,2.17724,-173.434325,-3.552338,3.953409,-4.984733,39.0187635,-104.893456,2170.48,10.304,0.11,-0.13,1.29,186.55,2.168,3.343,39.0187632,-104.8934551,2171.43,0.14,,32,,,,0.17,,-1.29,,0.127486,-1.372931,-10.914801,-0.061,0.068,-0.087,-224.0,22.0,435.0,14.793,11.76,320.0,90.0,23.5,,,,,,,,,,,,,,,,,,,,,2026-04-01 14:46:13,True,35.023,10.968,385.036,173.966
2026-04-08T16:59:24.670Z,2026-04-08T16:59:24.670Z,132.733,1752,,,,,4.411775,2.234535,-173.49162,-2.635606,3.265859,-4.526367,39.0187635,-104.893456,2170.45,10.279,0.12,-0.15,1.27,186.45,2.168,3.343,39.0187632,-104.8934551,2171.43,0.14,,32,,,,0.192,,-1.27,,0.411879,-0.823759,-11.150161,-0.046,0.056,-0.079,-224.0,22.0,435.0,14.793,11.76,320.0,90.0,23.5,,,,,,,,,,,,,,,,,,,,,2026-04-01 14:46:13,True,35.015,10.958,385.452,173.966
2026-04-08T16:59:24.738Z,2026-04-08T16:59:24.738Z,132.801,1753,,,,,4.698254,1.890761,-174.007282,-2.291831,-0.630254,-3.495043,39.0187636,-104.8934561,2170.33,10.154,0.14,-0.14,1.12,185.97,2.179,3.335,39.0187634,-104.8934552,2171.09,0.08,,32,,,,0.198,,-1.12,,0.225553,-0.794339,-11.071708,-0.04,-0.01,-0.061,-224.0,19.0,434.0,14.793,11.76,320.0,90.0,23.5,,,,,,,,,,,,,,,,,,,,,2026-04-01 14:46:13,True,35.023,10.961,385.285,173.966
2026-04-08T16:59:24.809Z,2026-04-08T16:59:24.809Z,132.872,1754,,,,,4.583662,1.776169,-174.236465,-0.916732,-5.500395,-3.66693,39.0187637,-104.8934561,2170.26,10.086,0.16,-0.12,1.04,185.73,2.191,3.335,39.0187634,-104.8934552,2171.09,0.08,,32,,,,0.2,,-1.04,,0.392266,-0.843372,-11.150161,-0.016,-0.096,-0.064,-224.0,20.0,436.0,14.793,11.76,320.0,90.0,23.5,,,,,,,,,,,,,,,,,,,,,2026-04-01 14:46:13,True,35.038,10.968,384.869,173.966
2026-04-08T16:59:24.879Z,2026-04-08T16:59:24.879Z,132.942,1755,,,,,4.583662,1.375099,-174.522944,1.432394,-4.526367,-3.093972,39.0187638,-104.8934562,2170.19,10.018,0.16,-0.14,0.98,185.43,2.202,3.326,39.0187634,-104.8934552,2171.09,0.08,,32,,,,0.213,,-0.98,,0.137293,-1.137571,-10.600989,0.025,-0.079,-0.054,-224.0,20.0,436.0,14.793,11.76,320.0,90.0,23.5,,,,,,,,,,,,,,,,,,,,,2026-04-01 14:46:13,True,35.045,10.958,385.119,173.966
2026-04-08T16:59:24.948Z,2026-04-08T16:59:24.948Z,133.011,1756,,,,,4.583662,1.08862,-174.809423,-1.432394,-3.781521,-3.724226,39.0187639,-104.8934562,2170.13,9.957,0.16,-0.14,0.91,185.16,2.213,3.326,39.0187636,-104.8934554,2170.79,0.21,,32,,,,0.213,,-0.91,,0.137293,-0.745305,-10.444082,-0.024,-0.066,-0.064,-220.0,18.0,438.0,14.903,10.4,321.0,90.0,23.5,,,,,,,,,,,,,,,,,,,,,2026-04-01 14:46:13,True,34.992,10.965,385.036,154.991
2026-04-08T16:59:25.017Z,2026-04-08T16:59:25.017Z,133.08,1757,,,,,4.583662,0.630254,-175.210494,0.572958,-11.688339,-6.130648,39.018764,-104.8934563,2170.07,9.892,0.16,-0.15,0.85,184.7,2.224,3.317,39.0187636,-104.8934554,2170.79,0.21,,32,,,,0.219,,-0.85,,0.509946,-0.254973,-10.914801,0.009,-0.203,-0.106,-218.0,16.0,440.0,14.903,10.4,321.0,90.0,23.5,,,,,,,,,,,,,,,,,,,,,2026-04-01 14:46:13,True,35.045,10.973,385.535,154.991
2026-04-08T16:59:25.086Z,2026-04-08T16:59:25.086Z,133.149,1758,,,,,4.469071,-0.057296,-175.726156,-4.75555,-6.359832,-6.703606,39.0187641,-104.8934564,2170.01,9.836,0.16,-0.17,0.82,184.2,2.235,3.309,39.0187636,-104.8934554,2170.79,0.21,,32,,,,0.233,,-0.82,,-0.05884,-0.715885,-10.365629,-0.082,-0.111,-0.117,-218.0,16.0,440.0,14.903,10.4,321.0,90.0,23.5,,,,,,,,,,,,,,,,,,,,,2026-04-01 14:46:13,True,35.023,10.968,385.119,154.991
2026-04-08T16:59:25.155Z,2026-04-08T16:59:25.155Z,133.218,1759,,,,,4.182592,-0.40107,-176.356409,-1.546986,-8.307888,-8.766254,39.0187642,-104.8934565,2169.95,9.773,0.14,-0.19,0.76,183.56,2.246,3.3,39.0187639,-104.8934557,2170.52,0.2,,32,,,,0.236,,-0.76,,0.049033,-0.549172,-10.699055,-0.026,-0.145,-0.153,-211.0,14.0,444.0,14.985,9.59,322.0,90.0,23.5,,,,,,,,,,,,,,,,,,,,,2026-04-01 14:46:13,True,35.038,10.973,385.285,143.706
2026-04-08T16:59:25.226Z,2026-04-08T16:59:25.226Z,133.289,1760,,,,,4.010705,-1.203211,-176.929367,-6.474423,-17.016847,-7.620339,39.0187643,-104.8934566,2169.9,9.721,0.12,-0.21,0.74,183.0,2.257,3.292,39.0187639,-104.8934557,2170.52,0.2,,32,,,,0.242,,-0.74,,0.323619,-0.509946,-10.610795,-0.112,-0.297,-0.133,-206.0,8.0,447.0,14.985,9.59,322.0,90.0,23.5,,,,,,,,,,,,,,,,,,,,,2026-04-01 14:46:13,True,35.023,10.965,385.285,143.706
2026-04-08T16:59:25.296Z,2026-04-08T16:59:25.296Z,133.359,1761,,,,,2.922085,-2.234535,-177.387733,-14.725015,-8.193296,-3.495043,39.0187644,-104.8934568,2169.83,9.655,0.08,-0.21,0.72,182.61,2.268,3.274,39.0187641,-104.893456,2170.29,0.12,,32,,,,0.225,,-0.72,,0.098066,-0.323619,-9.95375,-0.256,-0.143,-0.06,-193.0,0.0,450.0,14.985,9.59,322.0,90.0,23.5,,,,,,,,,,,,,,,,,,,,,2026-04-01 14:46:14,True,35.023,10.963,385.036,143.706
2026-04-08T16:59:25.362Z,2026-04-08T16:59:25.362Z,133.425,1762,,,,,2.463719,-2.005352,-177.387733,2.005352,6.64631,1.08862,39.0187644,-104.8934569,2169.77,9.59,0.03,-0.24,0.71,182.64,2.268,3.266,39.0187641,-104.893456,2170.29,0.12,,32,,,,0.242,,-0.71,,-0.078453,-0.647239,-9.89491,0.035,0.116,0.018,-193.0,0.0,450.0,14.964,10.21,322.0,90.0,23.5,,,,,,,,,,,,,,,,,,,,,2026-04-01 14:46:14,True,35.053,10.973,385.535,152.782
2026-04-08T16:59:25.435Z,2026-04-08T16:59:25.435Z,133.498,1763,,,,,2.864789,-1.432394,-177.15855,8.651663,13.750987,4.984733,39.0187644,-104.893457,2169.72,9.545,0.01,-0.22,0.71,182.92,2.268,3.257,39.0187641,-104.893456,2170.29,0.12,,32,,,,0.22,,-0.71,,0.009807,-0.343233,-9.728197,0.151,0.239,0.086,-192.0,-8.0,455.0,14.964,10.21,322.0,90.0,23.5,,,,,,,,,,,,,,,,,,,,,2026-04-01 14:46:14,True,35.0,10.965,385.285,152.782
2026-04-08T16:59:25.503Z,2026-04-08T16:59:25.503Z,133.566,1764,,,,,3.323155,0.114592,-176.413705,5.042029,16.042818,8.193296,39.0187644,-104.8934572,2169.64,9.468,-0.01,-0.2,0.71,183.69,2.268,3.24,39.0187641,-104.8934563,2170.11,0.18,,32,,,,0.2,,-0.71,,0.323619,-0.676659,-10.04201,0.088,0.279,0.142,-201.0,-2.0,449.0,14.964,10.21,322.0,90.0,23.5,,,,,,,,,,,,,,,,,,,,,2026-04-01 14:46:14,True,35.0,10.963,384.786,152.782
2026-04-08T16:59:25.569Z,2026-04-08T16:59:25.569Z,133.632,1765,,,,,3.380451,1.145916,-175.66886,2.17724,15.756339,9.740283,39.0187643,-104.8934573,2169.58,9.405,-0.04,-0.2,0.68,184.46,2.257,3.231,39.0187641,-104.8934563,2170.11,0.18,,32,,,,0.204,,-0.68,,0.039227,-1.412158,-9.973363,0.038,0.274,0.169,-201.0,-2.0,449.0,14.85,11.57,323.0,90.0,23.5,,,,,,,,,,,,,,,,,,,,,2026-04-01 14:46:14,True,35.03,10.965,384.952,171.815
2026-04-08T16:59:25.641Z,2026-04-08T16:59:25.641Z,133.704,1766,,,,,3.495043,1.604282,-175.210494,-0.229183,13.636396,10.886198,39.0187642,-104.8934573,2169.54,9.369,-0.04,-0.17,0.67,184.94,2.246,3.231,39.0187641,-104.8934563,2170.11,0.18,,32,,,,0.175,,-0.67,,0.274586,-0.970858,-10.512729,-0.003,0.237,0.19,-214.0,3.0,442.0,14.85,11.57,323.0,90.0,23.5,,,,,,,,,,,,,,,,,,,,,2026-04-01 14:46:14,True,35.03,10.961,384.952,171.815
2026-04-08T16:59:25.710Z,2026-04-08T16:59:25.710Z,133.773,1767,,,,,3.552338,2.17724,-174.121874,0.515662,4.182592,11.802931,39.0187641,-104.8934575,2169.47,9.296,-0.03,-0.16,0.62,186.0,2.235,3.214,39.018764,-104.8934566,2169.95,0.12,,32,,,,0.163,,-0.62,,-0.08826,-0.872792,-10.110656,0.008,0.072,0.205,-222.0,8.0,435.0,14.85,11.57,323.0,90.0,23.5,,,,,,,,,,,,,,,,,,,,,2026-04-01 14:46:14,True,35.008,10.961,384.786,171.815
2026-04-08T16:59:25.776Z,2026-04-08T16:59:25.776Z,133.839,1768,,,,,3.380451,2.291831,-173.262437,-5.443099,0.572958,11.459156,39.0187641,-104.8934576,2169.41,9.239,-0.03,-0.16,0.59,186.87,2.235,3.205,39.018764,-104.8934566,2169.95,0.12,,32,,,,0.163,,-0.59,,0.254973,-1.000278,-10.620602,-0.094,0.009,0.199,-222.0,8.0,435.0,14.841,10.65,324.0,90.0,23.5,,,,,,,,,,,,,,,,,,,,,2026-04-01 14:46:14,True,35.023,10.968,385.285,158.057
2026-04-08T16:59:25.849Z,2026-04-08T16:59:25.849Z,133.912,1769,,,,,3.151268,2.17724,-172.804071,-6.130648,-3.781521,11.631043,39.018764,-104.8934576,2169.38,9.207,-0.04,-0.17,0.55,187.32,2.224,3.205,39.018764,-104.8934566,2169.95,0.12,,32,,,,0.175,,-0.55,,-0.107873,-0.980665,-10.326402,-0.106,-0.066,0.202,-226.0,12.0,434.0,14.841,10.65,324.0,90.0,23.75,,,,,,,,,,,,,,,,,,,,,2026-04-01 14:46:14,True,35.023,10.968,384.786,158.057
2026-04-08T16:59:25.959Z,2026-04-08T16:59:25.959Z,134.022,1770,,,,,2.406423,1.948057,-171.658155,-4.984733,1.776169,11.459156,39.018764,-104.8934577,2169.31,9.138,0.0,-0.13,0.51,188.47,2.224,3.196,39.0187639,-104.8934568,2169.76,0.08,,32,,,,0.13,,-0.51,,-0.519752,-1.010085,-10.287176,-0.087,0.03,0.2,-223.0,12.0,434.0,14.914,9.5,324.0,90.0,23.5,,,,,,,,,,,,,,,,,,,,,2026-04-01 14:46:14,True,34.962,10.946,384.703,141.683
2026-04-08T16:59:26.028Z,2026-04-08T16:59:26.028Z,134.091,1771,,,,,1.948057,2.406423,-170.741423,-2.57831,5.042029,7.677634,39.018764,-104.8934577,2169.25,9.073,0.02,-0.09,0.47,189.38,2.224,3.196,39.0187639,-104.8934568,2169.76,0.08,,32,,,,0.092,,-0.47,,-0.402073,-1.108151,-10.306789,-0.044,0.087,0.133,-226.0,12.0,435.0,14.914,9.5,324.0,90.0,23.5,,,,,,,,,,,,,,,,,,,,,2026-04-01 14:46:14,True,35.015,10.958,385.119,141.683
2026-04-08T16:59:26.098Z,2026-04-08T16:59:26.098Z,134.161,1772,,,,,2.635606,2.979381,-170.283057,9.682987,9.969466,3.036676,39.018764,-104.8934577,2169.2,9.028,0.07,-0.05,0.44,189.75,2.224,3.196,39.0187639,-104.8934568,2169.76,0.08,,32,,,,0.086,,-0.44,,-0.215746,-0.549172,-9.943943,0.169,0.173,0.052,-230.0,16.0,435.0,14.914,9.5,324.0,90.0,23.5,,,,,,,,,,,,,,,,,,,,,2026-04-01 14:46:14,True,34.992,10.97,384.869,141.683
2026-04-08T16:59:26.166Z,2026-04-08T16:59:26.166Z,134.229,1773,,,,,3.093972,3.495043,-170.225761,6.589015,0.802141,-1.890761,39.018764,-104.8934577,2169.16,8.985,0.1,-0.04,0.43,189.72,2.224,3.196,39.0187638,-104.893457,2169.61,0.07,,32,,,,0.108,,-0.43,,-0.23536,-1.196411,-9.95375,0.114,0.013,-0.032,-230.0,16.0,435.0,14.992,9.52,325.0,90.0,23.5,,,,,,,,,,,,,,,,,,,,,2026-04-01 14:46:14,True,35.03,10.977,384.869,142.724
2026-04-08T16:59:26.237Z,2026-04-08T16:59:26.237Z,134.3,1774,,,,,3.265859,2.807493,-170.51224,1.031324,-18.563833,-5.672282,39.0187641,-104.8934577,2169.13,8.957,0.14,-0.02,0.42,189.39,2.235,3.196,39.0187638,-104.893457,2169.61,0.07,,32,,,,0.141,,-0.42,,0.372653,-0.862985,-9.992976,0.018,-0.324,-0.099,-236.0,23.0,431.0,14.992,9.52,325.0,90.0,23.5,,,,,,,,,,,,,,,,,,,,,2026-04-01 14:46:14,True,35.03,10.956,385.202,142.724
2026-04-08T16:59:26.309Z,2026-04-08T16:59:26.309Z,134.372,1775,,,,,2.291831,0.859437,-171.371677,-7.563043,-20.454593,-9.453804,39.0187642,-104.8934576,2169.09,8.912,0.15,-0.01,0.4,188.53,2.246,3.205,39.0187638,-104.893457,2169.61,0.07,,32,,,,0.15,,-0.4,,-0.333426,-1.353318,-9.89491,-0.132,-0.356,-0.164,-223.0,18.0,434.0,14.992,9.52,325.0,90.0,23.5,,,,,,,,,,,,,,,,,,,,,2026-04-01 14:46:15,True,35.038,10.956,385.119,142.724
2026-04-08T16:59:26.374Z,2026-04-08T16:59:26.374Z,134.437,1776,,,,,2.406423,-0.458366,-172.059226,1.031324,-17.360621,-7.563043,39.0187642,-104.8934576,2169.05,8.875,0.15,0.02,0.39,187.88,2.246,3.205,39.0187638,-104.8934571,2169.49,0.02,,32,,,,0.151,,-0.39,,-0.039227,-0.539366,-9.885103,0.018,-0.303,-0.132,-223.0,18.0,434.0,14.97,9.12,325.0,90.0,23.5,,,,,,,,,,,,,,,,,,,,,2026-04-01 14:46:15,True,35.0,10.965,384.952,136.526
2026-04-08T16:59:26.448Z,2026-04-08T16:59:26.448Z,134.511,1777,,,,,2.119944,-0.916732,-172.288409,-2.864789,-12.146705,-6.130648,39.0187643,-104.8934575,2169.03,8.853,0.15,0.01,0.38,187.63,2.257,3.214,39.0187638,-104.8934571,2169.49,0.02,,32,,,,0.15,,-0.38,,-0.08826,-1.363124,-9.855683,-0.049,-0.212,-0.106,-210.0,11.0,446.0,14.97,9.12,325.0,90.0,23.5,,,,,,,,,,,,,,,,,,,,,2026-04-01 14:46:15,True,35.0,10.963,384.786,136.526
2026-04-08T16:59:26.518Z,2026-04-08T16:59:26.518Z,134.581,1778,,,,,2.57831,-1.890761,-172.746775,6.760902,-7.677634,-2.692902,39.0187643,-104.8934574,2168.98,8.803,0.09,0.05,0.4,187.21,2.257,3.222,39.0187639,-104.8934569,2169.36,0.14,,32,,,,0.103,,-0.4,,-0.26478,-0.804145,-9.796843,0.118,-0.134,-0.047,-199.0,8.0,450.0,14.97,9.12,325.0,90.0,23.5,,,,,,,,,,,,,,,,,,,,,2026-04-01 14:46:15,True,35.023,10.956,384.952,136.526
2026-04-08T16:59:26.581Z,2026-04-08T16:59:26.581Z,134.644,1779,,,,,2.979381,-2.119944,-172.861367,7.219268,-1.546986,-0.343775,39.0187644,-104.8934573,2168.94,8.767,0.05,0.07,0.4,187.13,2.268,3.231,39.0187639,-104.8934569,2169.36,0.14,,32,,,,0.086,,-0.4,,0.156906,-1.294478,-9.414384,0.126,-0.027,-0.006,-199.0,8.0,450.0,14.985,8.66,326.0,90.0,23.5,,,,,,,,,,,,,,,,,,,,,2026-04-01 14:46:15,True,35.03,10.977,384.703,129.77
2026-04-08T16:59:26.656Z,2026-04-08T16:59:26.656Z,134.719,1780,,,,,3.151268,-2.119944,-172.861367,5.557691,-0.859437,-0.286479,39.0187644,-104.8934572,2168.92,8.749,0.04,0.07,0.4,187.14,2.268,3.24,39.0187639,-104.8934569,2169.36,0.14,,32,,,,0.081,,-0.4,,0.127486,-0.980665,-9.708584,0.097,-0.015,-0.005,-194.0,11.0,452.0,14.985,8.66,326.0,90.0,23.5,,,,,,,,,,,,,,,,,,,,,2026-04-01 14:46:15,True,35.008,10.961,384.869,129.77
2026-04-08T16:59:26.726Z,2026-04-08T16:59:26.726Z,134.789,1781,,,,,4.010705,-1.948057,-172.918663,8.651663,2.635606,-1.260507,39.0187643,-104.8934571,2168.87,8.693,-0.02,0.07,0.41,187.08,2.257,3.248,39.0187641,-104.8934566,2169.28,0.22,,32,,,,0.073,,-0.41,,0.039227,-0.843372,-9.551677,0.151,0.045,-0.022,-191.0,16.0,452.0,14.985,8.66,326.0,90.0,23.5,,,,,,,,,,,,,,,,,,,,,2026-04-01 14:46:15,True,35.023,10.958,385.036,129.77
2026-04-08T16:59:26.794Z,2026-04-08T16:59:26.794Z,134.857,1782,,,,,4.469071,-1.604282,-172.975958,7.448451,4.125296,-1.08862,39.0187643,-104.893457,2168.83,8.656,-0.06,0.09,0.43,187.02,2.257,3.257,39.0187641,-104.8934566,2169.28,0.22,,32,,,,0.108,,-0.43,,-0.17652,-1.029698,-9.639937,0.129,0.071,-0.019,-194.0,22.0,451.0,14.943,9.22,326.0,90.0,23.5,,,,,,,,,,,,,,,,,,,,,2026-04-01 14:46:15,True,35.023,10.97,384.786,137.774
2026-04-08T16:59:26.870Z,2026-04-08T16:59:26.870Z,134.933,1783,,,,,4.583662,-1.604282,-172.975958,6.359832,4.698254,-1.546986,39.0187643,-104.8934569,2168.82,8.644,-0.06,0.08,0.43,187.01,2.257,3.266,39.0187641,-104.8934566,2169.28,0.22,,32,,,,0.1,,-0.43,,0.137293,-1.186605,-9.89491,0.11,0.081,-0.027,-194.0,22.0,451.0,14.943,9.22,326.0,90.0,23.5,,,,,,,,,,,,,,,,,,,,,2026-04-01 14:46:15,True,34.992,10.961,385.036,137.774
2026-04-08T16:59:26.938Z,2026-04-08T16:59:26.938Z,135.001,1784,,,,,5.385803,-1.145916,-172.975958,5.271212,5.042029,0.171887,39.0187641,-104.8934567,2168.75,8.578,-0.12,0.07,0.45,187.05,2.235,3.283,39.0187641,-104.8934562,2169.14,0.15,,32,,,,0.139,,-0.45,,0.392266,-0.735499,-9.943943,0.092,0.087,0.002,-196.0,27.0,449.0,14.943,9.22,326.0,90.0,23.5,,,,,,,,,,,,,,,,,,,,,2026-04-01 14:46:15,True,35.0,10.968,384.869,137.774
2026-04-08T16:59:27.009Z,2026-04-08T16:59:27.009Z,135.072,1785,,,,,5.614986,-0.515662,-172.804071,1.432394,10.714311,0.630254,39.0187641,-104.8934565,2168.71,8.539,-0.14,0.06,0.44,187.19,2.235,3.3,39.0187641,-104.8934562,2169.14,0.15,,32,,,,0.152,,-0.44,,0.284393,-1.137571,-10.130269,0.025,0.186,0.011,-201.0,32.0,447.0,14.943,9.22,326.0,90.0,23.5,,,,,,,,,,,,,,,,,,,,,2026-04-01 14:46:15,True,35.015,10.956,384.952,137.774
2026-04-08T16:59:27.079Z,2026-04-08T16:59:27.079Z,135.142,1786,,,,,5.958761,0.229183,-172.689479,7.391156,10.427832,0.286479,39.0187639,-104.8934564,2168.68,8.5,-0.16,0.07,0.44,187.33,2.213,3.309,39.0187641,-104.8934562,2169.14,0.15,,32,,,,0.175,,-0.44,,0.098066,-1.157185,-10.002783,0.129,0.181,0.005,-201.0,32.0,447.0,14.943,9.22,326.0,90.0,23.5,,,,,,,,,,,,,,,,,,,,,2026-04-01 14:46:15,True,35.0,10.958,384.869,137.774
2026-04-08T16:59:27.149Z,2026-04-08T16:59:27.149Z,135.212,1787,,,,,6.130648,0.859437,-172.632184,0.114592,6.932789,0.0,39.0187638,-104.8934563,2168.64,8.461,-0.18,0.07,0.46,187.41,2.202,3.317,39.0187637,-104.893456,2169.02,0.22,,32,,,,0.193,,-0.46,,0.382459,-0.696272,-9.98317,0.002,0.12,0.0,-208.0,36.0,443.0,14.873,10.22,327.0,90.0,23.5,,,,,,,,,,,,,,,,,,,,,2026-04-01 14:46:15,True,35.015,10.963,384.703,152.002
2026-04-08T16:59:27.218Z,2026-04-08T16:59:27.218Z,135.281,1788,,,,,5.84417,1.08862,-172.574888,-4.526367,0.40107,0.974028,39.0187636,-104.8934562,2168.59,8.419,-0.19,0.03,0.39,187.48,2.179,3.326,39.0187637,-104.893456,2169.02,0.22,,32,,,,0.192,,-0.39,,-0.009807,-1.019892,-10.189109,-0.078,0.006,0.016,-215.0,37.0,439.0,14.873,10.22,327.0,90.0,23.5,,,,,,,,,,,,,,,,,,,,,2026-04-01 14:46:15,True,35.015,10.973,384.62,152.002
2026-04-08T16:59:27.287Z,2026-04-08T16:59:27.287Z,135.35,1789,,,,,5.500395,1.08862,-172.517592,-4.239888,0.572958,0.114592,39.0187634,-104.8934562,2168.56,8.385,-0.2,0.02,0.38,187.51,2.157,3.326,39.0187637,-104.893456,2169.02,0.22,,32,,,,0.201,,-0.38,,0.333426,-0.813952,-10.140076,-0.074,0.009,0.001,-215.0,37.0,439.0,14.873,10.22,327.0,90.0,23.5,,,,,,,,,,,,,,,,,,,,,2026-04-01 14:46:16,True,35.015,10.963,384.952,152.002
2026-04-08T16:59:27.357Z,2026-04-08T16:59:27.357Z,135.42,1790,,,,,5.385803,1.260507,-172.517592,-0.974028,3.495043,-0.630254,39.0187633,-104.8934561,2168.52,8.344,-0.2,0.03,0.39,187.49,2.146,3.335,39.0187633,-104.8934559,2168.88,0.26,,32,,,,0.202,,-0.39,,0.08826,-0.912018,-10.01259,-0.016,0.06,-0.011,-217.0,34.0,438.0,14.97,8.7,328.0,90.0,23.5,,,,,,,,,,,,,,,,,,,,,2026-04-01 14:46:16,True,35.015,10.965,385.119,130.239
2026-04-08T16:59:27.427Z,2026-04-08T16:59:27.427Z,135.49,1791,,,,,5.557691,1.432394,-172.517592,2.635606,4.239888,-0.916732,39.0187631,-104.8934561,2168.48,8.309,-0.19,0.04,0.4,187.47,2.124,3.335,39.0187633,-104.8934559,2168.88,0.26,,32,,,,0.194,,-0.4,,0.107873,-0.706079,-9.483031,0.045,0.073,-0.016,-220.0,33.0,438.0,14.97,8.7,328.0,90.0,23.5,,,,,,,,,,,,,,,,,,,,,2026-04-01 14:46:16,True,35.008,10.975,384.703,130.239
2026-04-08T16:59:27.498Z,2026-04-08T16:59:27.498Z,135.561,1792,,,,,5.729578,2.062648,-172.517592,3.208564,8.708958,-0.974028,39.0187629,-104.893456,2168.44,8.268,-0.18,0.02,0.42,187.49,2.102,3.343,39.0187629,-104.8934558,2168.78,0.17,,32,,,,0.181,,-0.42,,0.186326,-1.127765,-9.89491,0.056,0.152,-0.017,-222.0,35.0,436.0,14.97,8.7,328.0,90.0,23.5,,,,,,,,,,,,,,,,,,,,,2026-04-01 14:46:16,True,35.023,10.963,384.952,130.239
2026-04-08T16:59:27.581Z,2026-04-08T16:59:27.581Z,135.644,1793,,,,,6.016057,2.57831,-172.517592,4.526367,3.552338,-0.916732,39.0187628,-104.893456,2168.4,8.228,-0.18,0.0,0.4,187.49,2.09,3.343,39.0187629,-104.8934558,2168.78,0.17,,32,,,,0.18,,-0.4,,0.02942,-1.421964,-9.787037,0.079,0.061,-0.016,-222.0,35.0,436.0,14.889,10.59,328.0,90.0,23.75,,,,,,,,,,,,,,,,,,,,,2026-04-01 14:46:16,True,35.0,10.951,384.536,157.675
2026-04-08T16:59:27.658Z,2026-04-08T16:59:27.658Z,135.721,1794,,,,,6.187944,2.406423,-172.574888,1.948057,-6.187944,-1.661578,39.0187627,-104.893456,2168.38,8.203,-0.17,0.0,0.38,187.37,2.079,3.343,39.0187629,-104.8934558,2168.78,0.17,,32,,,,0.17,,-0.38,,0.05884,-0.843372,-10.081236,0.033,-0.107,-0.029,-229.0,37.0,433.0,14.889,10.59,328.0,90.0,23.5,,,,,,,,,,,,,,,,,,,,,2026-04-01 14:46:16,True,35.0,10.963,385.119,157.675
2026-04-08T16:59:27.727Z,2026-04-08T16:59:27.727Z,135.79,1795,,,,,6.130648,2.119944,-172.861367,-0.286479,0.458366,-1.432394,39.0187625,-104.8934559,2168.33,8.151,-0.14,0.0,0.39,187.16,2.057,3.352,39.0187626,-104.8934557,2168.67,0.23,,32,,,,0.14,,-0.39,,-0.098066,-1.284671,-9.620324,-0.004,0.007,-0.025,-226.0,38.0,434.0,14.889,10.59,328.0,90.0,23.5,,,,,,,,,,,,,,,,,,,,,2026-04-01 14:46:16,True,34.985,10.968,385.202,157.675
2026-04-08T16:59:27.791Z,2026-04-08T16:59:27.791Z,135.854,1796,,,,,5.84417,2.291831,-172.861367,-2.234535,2.463719,-0.572958,39.0187624,-104.8934559,2168.29,8.119,-0.13,-0.01,0.41,187.12,2.046,3.352,39.0187626,-104.8934557,2168.67,0.23,,32,,,,0.13,,-0.41,,0.068647,-0.608012,-9.826263,-0.038,0.042,-0.01,-226.0,36.0,434.0,14.929,9.75,329.0,90.0,23.5,,,,,,,,,,,,,,,,,,,,,2026-04-01 14:46:16,True,35.03,10.963,385.119,145.558
2026-04-08T16:59:27.867Z,2026-04-08T16:59:27.867Z,135.93,1797,,,,,5.786874,2.349127,-172.861367,-2.349127,1.432394,-0.40107,39.0187624,-104.893456,2168.28,8.108,-0.12,-0.02,0.38,187.12,2.046,3.343,39.0187626,-104.8934557,2168.67,0.23,,32,,,,0.122,,-0.38,,0.20594,-0.951245,-9.875297,-0.04,0.025,-0.007,-226.0,36.0,434.0,14.929,9.75,329.0,90.0,23.5,,,,,,,,,,,,,,,,,,,,,2026-04-01 14:46:16,True,35.023,10.951,385.036,145.558
2026-04-08T16:59:27.936Z,2026-04-08T16:59:27.936Z,135.999,1798,,,,,5.557691,2.463719,-172.574888,-0.515662,0.171887,4.640958,39.0187622,-104.8934559,2168.23,8.057,-0.12,-0.03,0.39,187.49,2.024,3.352,39.0187622,-104.8934556,2168.58,0.17,,32,,,,0.124,,-0.39,,-0.019613,-1.539644,-9.54187,-0.008,0.002,0.08,-227.0,34.0,433.0,14.929,9.75,329.0,90.0,23.75,,,,,,,,,,,,,,,,,,,,,2026-04-01 14:46:16,True,35.008,10.968,384.703,145.558
2026-04-08T16:59:28.006Z,2026-04-08T16:59:28.006Z,136.069,1799,,,,,5.15662,2.463719,-172.116522,-8.766254,2.062648,6.932789,39.0187621,-104.8934559,2168.2,8.024,-0.09,-0.03,0.37,187.97,2.013,3.352,39.0187622,-104.8934556,2168.58,0.17,,32,,,,0.095,,-0.37,,0.019613,-1.274864,-10.198916,-0.152,0.035,0.12,-228.0,34.0,432.0,14.929,9.75,329.0,90.0,23.5,,,,,,,,,,,,,,,,,,,,,2026-04-01 14:46:16,True,34.992,10.968,384.869,145.558
2026-04-08T16:59:28.080Z,2026-04-08T16:59:28.080Z,136.143,1800,,,,,5.15662,2.57831,-171.658155,3.552338,1.375099,4.354479,39.0187621,-104.8934559,2168.17,7.993,-0.07,0.0,0.37,188.35,2.013,3.352,39.0187622,-104.8934556,2168.58,0.17,,32,,,,0.07,,-0.37,,-0.107873,-0.872792,-10.10085,0.062,0.023,0.075,-228.0,34.0,432.0,14.929,9.75,329.0,90.0,23.5,,,,,,,,,,,,,,,,,,,,,2026-04-01 14:46:16,True,35.0,10.961,384.62,145.558
2026-04-08T16:59:28.150Z,2026-04-08T16:59:28.150Z,136.213,1801,,,,,5.557691,2.922085,-171.486268,6.187944,5.786874,2.17724,39.018762,-104.8934559,2168.14,7.96,-0.04,0.0,0.39,188.58,2.002,3.352,39.018762,-104.8934556,2168.48,0.06,,32,,,,0.04,,-0.39,,0.107873,-0.774725,-9.581097,0.108,0.1,0.037,-229.0,33.0,433.0,14.966,9.01,330.0,89.0,23.5,,,,,,,,,,,,,,,,,,,,,2026-04-01 14:46:16,True,35.0,10.961,384.869,134.844
2026-04-08T16:59:28.218Z,2026-04-08T16:59:28.218Z,136.281,1802,,,,,5.614986,3.208564,-171.314381,-0.458366,2.406423,0.40107,39.018762,-104.8934559,2168.1,7.924,0.0,-0.01,0.38,188.68,2.002,3.352,39.018762,-104.8934556,2168.48,0.06,,32,,,,0.01,,-0.38,,0.019613,-0.872792,-9.83607,-0.007,0.041,0.006,-233.0,37.0,431.0,14.966,9.01,330.0,89.0,23.5,,,,,,,,,,,,,,,,,,,,,2026-04-01 14:46:16,True,35.015,10.963,384.703,134.844
2026-04-08T16:59:28.287Z,2026-04-08T16:59:28.287Z,136.35,1803,,,,,5.500395,3.036676,-171.428972,2.119944,-3.896113,-1.260507,39.018762,-104.8934559,2168.07,7.893,0.0,-0.01,0.4,188.59,2.002,3.352,39.018762,-104.8934556,2168.48,0.06,,32,,,,0.01,,-0.4,,0.107873,-1.225831,-9.532064,0.036,-0.067,-0.022,-233.0,37.0,431.0,14.966,9.01,330.0,89.0,23.75,,,,,,,,,,,,,,,,,,,,,2026-04-01 14:46:17,True,34.992,10.956,384.703,134.844
2026-04-08T16:59:28.357Z,2026-04-08T16:59:28.357Z,136.42,1804,,,,,5.901465,2.57831,-171.60086,5.672282,-6.64631,-2.005352,39.018762,-104.8934559,2168.03,7.858,0.03,-0.03,0.4,188.41,2.002,3.352,39.0187619,-104.8934556,2168.37,0.11,,32,,,,0.042,,-0.4,,-0.11768,-0.882599,-9.679164,0.099,-0.115,-0.035,-234.0,37.0,429.0,14.948,9.61,331.0,89.0,23.5,,,,,,,,,,,,,,,,,,,,,2026-04-01 14:46:17,True,35.023,10.963,385.036,143.65
2026-04-08T16:59:28.427Z,2026-04-08T16:59:28.427Z,136.49,1805,,,,,6.187944,2.005352,-171.715451,4.010705,-12.89155,-0.286479,39.018762,-104.8934559,2168.0,7.829,0.04,-0.05,0.4,188.28,2.002,3.352,39.0187619,-104.8934556,2168.37,0.11,,32,,,,0.064,,-0.4,,0.411879,-0.804145,-9.757617,0.07,-0.225,-0.005,-231.0,40.0,432.0,14.948,9.61,331.0,89.0,23.75,,,,,,,,,,,,,,,,,,,,,2026-04-01 14:46:17,True,35.03,10.968,384.869,143.65
2026-04-08T16:59:28.496Z,2026-04-08T16:59:28.496Z,136.559,1806,,,,,5.901465,0.630254,-171.830043,-7.276564,-15.355269,0.40107,39.0187621,-104.8934559,2167.97,7.794,0.03,-0.07,0.4,188.15,2.013,3.352,39.0187618,-104.8934557,2168.31,0.05,,32,,,,0.076,,-0.4,,-0.019613,-0.980665,-9.757617,-0.126,-0.268,0.006,-218.0,40.0,435.0,14.948,9.61,331.0,89.0,23.5,,,,,,,,,,,,,,,,,,,,,2026-04-01 14:46:17,True,35.008,10.963,384.952,143.65
2026-04-08T16:59:28.563Z,2026-04-08T16:59:28.563Z,136.626,1807,,,,,5.328507,0.343775,-171.830043,-8.82355,2.864789,1.317803,39.0187621,-104.8934559,2167.94,7.762,0.02,-0.06,0.42,188.22,2.013,3.352,39.0187618,-104.8934557,2168.31,0.05,,32,,,,0.063,,-0.42,,0.215746,-0.804145,-9.95375,-0.153,0.049,0.022,-218.0,40.0,435.0,14.89,9.82,331.0,89.0,23.5,,,,,,,,,,,,,,,,,,,,,2026-04-01 14:46:17,True,35.03,10.97,385.119,146.22
2026-04-08T16:59:28.635Z,2026-04-08T16:59:28.635Z,136.698,1808,,,,,5.213916,0.630254,-171.658155,-1.661578,5.786874,1.890761,39.0187621,-104.893456,2167.91,7.739,0.02,-0.08,0.42,188.35,2.013,3.343,39.0187618,-104.8934557,2168.31,0.05,,32,,,,0.082,,-0.42,,0.304006,-0.990472,-9.86549,-0.028,0.1,0.032,-213.0,37.0,441.0,14.89,9.82,331.0,89.0,23.5,,,,,,,,,,,,,,,,,,,,,2026-04-01 14:46:17,True,35.023,10.965,384.786,146.22
2026-04-08T16:59:28.704Z,2026-04-08T16:59:28.704Z,136.767,1809,,,,,5.099324,0.916732,-171.486268,-2.922085,1.718873,1.260507,39.0187621,-104.893456,2167.87,7.698,0.01,-0.09,0.42,188.49,2.013,3.343,39.0187618,-104.8934557,2168.2,0.05,,32,,,,0.091,,-0.42,,0.127486,-1.117958,-9.74781,-0.05,0.029,0.021,-215.0,35.0,439.0,14.89,9.82,331.0,89.0,23.5,,,,,,,,,,,,,,,,,,,,,2026-04-01 14:46:17,True,35.008,10.973,384.952,146.22
2026-04-08T16:59:28.768Z,2026-04-08T16:59:28.768Z,136.831,1810,,,,,5.213916,1.031324,-171.371677,1.145916,3.036676,2.062648,39.0187621,-104.8934561,2167.84,7.661,0.03,-0.08,0.44,188.65,2.013,3.335,39.0187618,-104.8934557,2168.2,0.05,,32,,,,0.085,,-0.44,,0.11768,-0.843372,-9.60071,0.02,0.053,0.035,-215.0,35.0,439.0,14.896,9.76,332.0,89.0,23.5,,,,,,,,,,,,,,,,,,,,,2026-04-01 14:46:17,True,35.023,10.961,384.536,145.385
2026-04-08T16:59:28.841Z,2026-04-08T16:59:28.841Z,136.904,1811,,,,,5.042029,1.260507,-171.314381,-2.062648,6.64631,1.08862,39.0187621,-104.8934561,2167.81,7.639,0.03,-0.07,0.45,188.73,2.013,3.335,39.0187618,-104.8934557,2168.2,0.05,,32,,,,0.076,,-0.45,,-0.26478,-1.137571,-9.60071,-0.035,0.115,0.018,-217.0,35.0,439.0,14.896,9.76,332.0,89.0,23.75,,,,,,,,,,,,,,,,,,,,,2026-04-01 14:46:17,True,35.015,10.963,384.869,145.385
2026-04-08T16:59:28.910Z,2026-04-08T16:59:28.910Z,136.973,1812,,,,,5.042029,1.833465,-171.199789,-1.031324,4.297183,0.515662,39.0187621,-104.8934562,2167.77,7.592,0.05,-0.1,0.44,188.84,2.013,3.326,39.0187618,-104.8934558,2168.09,0.11,,32,,,,0.112,,-0.44,,-0.127486,-0.990472,-9.63013,-0.017,0.074,0.009,-221.0,36.0,437.0,14.896,9.76,332.0,89.0,23.75,,,,,,,,,,,,,,,,,,,,,2026-04-01 14:46:17,True,34.985,10.954,385.036,145.385
2026-04-08T16:59:28.977Z,2026-04-08T16:59:28.977Z,137.04,1813,,,,,4.927437,1.718873,-171.142493,-2.864789,-3.896113,0.171887,39.0187621,-104.8934563,2167.73,7.553,0.05,-0.09,0.42,188.83,2.013,3.317,39.0187618,-104.8934558,2168.09,0.11,,32,,,,0.103,,-0.42,,-0.23536,-1.137571,-10.01259,-0.049,-0.068,0.002,-221.0,36.0,437.0,14.881,9.88,332.0,89.0,23.5,,,,,,,,,,,,,,,,,,,,,2026-04-01 14:46:17,True,35.038,10.97,385.285,147.024
2026-04-08T16:59:29.050Z,2026-04-08T16:59:29.050Z,137.113,1814,,,,,4.812845,1.48969,-171.199789,-3.838817,-5.500395,-0.802141,39.0187621,-104.8934563,2167.71,7.53,0.06,-0.08,0.42,188.78,2.013,3.317,39.0187618,-104.8934558,2168.09,0.11,,32,,,,0.1,,-0.42,,0.05884,-0.843372,-10.002783,-0.066,-0.096,-0.014,-223.0,35.0,436.0,14.881,9.88,332.0,89.0,23.5,,,,,,,,,,,,,,,,,,,,,2026-04-01 14:46:17,True,35.0,10.961,385.119,147.024
2026-04-08T16:59:29.121Z,2026-04-08T16:59:29.121Z,137.184,1815,,,,,4.526367,1.031324,-171.428972,-0.343775,-4.698254,-2.57831,39.0187621,-104.8934564,2167.65,7.477,0.09,-0.1,0.42,188.54,2.013,3.309,39.0187618,-104.893456,2168.03,0.02,,32,,,,0.135,,-0.42,,0.156906,-0.970858,-10.07143,-0.005,-0.082,-0.044,-220.0,32.0,437.0,14.881,9.88,332.0,89.0,23.75,,,,,,,,,,,,,,,,,,,,,2026-04-01 14:46:17,True,34.985,10.965,384.703,147.024
2026-04-08T16:59:29.185Z,2026-04-08T16:59:29.185Z,137.248,1816,,,,,4.583662,0.802141,-171.60086,-0.630254,-4.297183,-1.203211,39.0187621,-104.8934564,2167.62,7.443,0.08,-0.09,0.42,188.42,2.013,3.309,39.0187618,-104.893456,2168.03,0.02,,32,,,,0.12,,-0.42,,0.068647,-0.941438,-9.787037,-0.01,-0.074,-0.021,-220.0,32.0,437.0,14.895,10.38,333.0,89.0,23.5,,,,,,,,,,,,,,,,,,,,,2026-04-01 14:46:17,True,35.023,10.968,385.036,154.61
2026-04-08T16:59:29.262Z,2026-04-08T16:59:29.262Z,137.325,1817,,,,,4.469071,0.572958,-171.60086,-5.213916,-6.417127,-0.286479,39.0187622,-104.8934565,2167.6,7.427,0.09,-0.08,0.42,188.41,2.024,3.3,39.0187618,-104.893456,2168.03,0.02,,32,,,,0.12,,-0.42,,0.26478,-0.961052,-10.140076,-0.09,-0.112,-0.005,-217.0,30.0,440.0,14.895,10.38,333.0,89.0,23.75,,,,,,,,,,,,,,,,,,,,,2026-04-01 14:46:18,True,35.008,10.956,384.703,154.61
2026-04-08T16:59:29.335Z,2026-04-08T16:59:29.335Z,137.398,1818,,,,,3.724226,0.057296,-171.486268,-9.854874,-1.48969,1.375099,39.0187622,-104.8934565,2167.55,7.374,0.08,-0.07,0.39,188.51,2.024,3.3,39.0187618,-104.893456,2167.93,0.08,,32,,,,0.106,,-0.39,,0.304006,-0.774725,-10.189109,-0.172,-0.026,0.024,-211.0,27.0,440.0,14.895,10.38,333.0,89.0,23.5,,,,,,,,,,,,,,,,,,,,,2026-04-01 14:46:18,True,35.03,10.956,384.869,154.61
2026-04-08T16:59:29.405Z,2026-04-08T16:59:29.405Z,137.468,1819,,,,,2.979381,0.114592,-171.428972,-5.443099,0.057296,0.802141,39.0187622,-104.8934566,2167.51,7.334,0.05,-0.09,0.37,188.61,2.024,3.292,39.0187618,-104.893456,2167.93,0.08,,32,,,,0.103,,-0.37,,-0.068647,-0.862985,-9.738003,-0.095,0.001,0.013,-210.0,22.0,442.0,14.895,10.38,333.0,89.0,23.5,,,,,,,,,,,,,,,,,,,,,2026-04-01 14:46:18,True,35.0,10.963,384.952,154.61
2026-04-08T16:59:29.493Z,2026-04-08T16:59:29.493Z,137.556,1820,,,,,2.979381,0.057296,-171.371677,1.08862,0.171887,0.114592,39.0187622,-104.8934566,2167.48,7.301,0.04,-0.05,0.39,188.64,2.024,3.292,39.0187618,-104.893456,2167.93,0.08,,32,,,,0.064,,-0.39,,0.245166,-0.245166,-10.002783,0.019,0.002,0.001,-210.0,22.0,442.0,14.895,10.38,333.0,89.0,23.5,,,,,,,,,,,,,,,,,,,,,2026-04-01 14:46:18,True,34.992,10.944,384.703,154.61
2026-04-08T16:59:29.557Z,2026-04-08T16:59:29.557Z,137.62,1821,,,,,3.036676,0.114592,-171.314381,0.859437,-0.916732,1.48969,39.0187622,-104.8934567,2167.43,7.257,0.01,-0.06,0.37,188.73,2.024,3.283,39.0187619,-104.8934562,2167.84,0.13,,32,,,,0.061,,-0.37,,-0.127486,-0.902212,-9.71839,0.015,-0.016,0.025,-209.0,19.0,444.0,14.9,8.83,334.0,89.0,23.75,,,,,,,,,,,,,,,,,,,,,2026-04-01 14:46:18,True,35.015,10.963,385.452,131.567
2026-04-08T16:59:29.622Z,2026-04-08T16:59:29.622Z,137.685,1822,,,,,3.036676,0.057296,-171.199789,3.609634,-0.114592,2.750197,39.0187622,-104.8934567,2167.41,7.233,0.0,-0.05,0.38,188.85,2.024,3.283,39.0187619,-104.8934562,2167.84,0.13,,32,,,,0.05,,-0.38,,-0.196133,-0.725692,-9.590904,0.063,-0.002,0.047,-210.0,18.0,443.0,14.9,8.83,334.0,89.0,23.75,,,,,,,,,,,,,,,,,,,,,2026-04-01 14:46:18,True,35.015,10.968,384.703,131.567
2026-04-08T16:59:29.687Z,2026-04-08T16:59:29.687Z,137.75,1823,,,,,3.323155,0.229183,-171.027902,1.776169,3.66693,1.145916,39.0187622,-104.8934567,2167.38,7.201,0.0,-0.04,0.4,188.99,2.024,3.283,39.0187619,-104.8934562,2167.84,0.13,,32,,,,0.04,,-0.4,,0.245166,-0.921825,-9.83607,0.031,0.063,0.019,-210.0,18.0,443.0,14.9,8.83,334.0,89.0,23.5,,,,,,,,,,,,,,,,,,,,,2026-04-01 14:46:18,True,35.038,10.968,384.619,131.567
2026-04-08T16:59:29.752Z,2026-04-08T16:59:29.752Z,137.815,1824,,,,,3.552338,0.572958,-170.970606,2.864789,5.500395,-0.40107,39.0187622,-104.8934567,2167.34,7.169,0.0,-0.01,0.39,189.04,2.024,3.283,39.0187619,-104.8934563,2167.76,0.05,,32,,,,0.01,,-0.39,,0.343233,-0.764919,-10.07143,0.05,0.095,-0.007,-210.0,21.0,443.0,14.913,9.26,334.0,89.0,23.5,,,,,,,,,,,,,,,,,,,,,2026-04-01 14:46:18,True,35.03,10.965,385.036,138.094
2026-04-08T16:59:29.819Z,2026-04-08T16:59:29.819Z,137.882,1825,,,,,3.66693,0.916732,-170.970606,2.635606,6.531719,-1.203211,39.0187622,-104.8934567,2167.32,7.14,0.0,-0.01,0.4,189.01,2.024,3.283,39.0187619,-104.8934563,2167.76,0.05,,32,,,,0.01,,-0.4,,0.137293,-1.206218,-9.698777,0.046,0.113,-0.021,-214.0,24.0,441.0,14.913,9.26,334.0,89.0,23.75,,,,,,,,,,,,,,,,,,,,,2026-04-01 14:46:18,True,35.0,10.956,384.536,138.094
2026-04-08T16:59:29.886Z,2026-04-08T16:59:29.886Z,137.949,1826,,,,,3.781521,1.661578,-171.085198,3.036676,9.625691,-2.463719,39.0187621,-104.8934566,2167.29,7.11,0.01,0.0,0.41,188.92,2.013,3.292,39.0187619,-104.8934563,2167.76,0.05,,32,,,,0.01,,-0.41,,-0.382459,-1.186605,-9.679164,0.053,0.168,-0.043,-214.0,24.0,441.0,14.913,9.26,334.0,89.0,23.5,,,,,,,,,,,,,,,,,,,,,2026-04-01 14:46:18,True,35.015,10.973,385.036,138.094
2026-04-08T16:59:29.955Z,2026-04-08T16:59:29.955Z,138.018,1827,,,,,4.239888,2.062648,-171.199789,6.187944,2.922085,-3.208564,39.0187621,-104.8934566,2167.26,7.081,0.02,0.01,0.4,188.76,2.013,3.292,39.0187619,-104.8934563,2167.69,0.02,,32,,,,0.022,,-0.4,,-0.17652,-1.294478,-9.86549,0.108,0.05,-0.056,-220.0,27.0,438.0,14.968,9.25,335.0,89.0,23.75,,,,,,,,,,,,,,,,,,,,,2026-04-01 14:46:18,True,35.008,10.968,384.703,138.454
2026-04-08T16:59:30.029Z,2026-04-08T16:59:30.029Z,138.092,1828,,,,,4.411775,2.062648,-171.486268,1.546986,-1.48969,-4.469071,39.0187621,-104.8934566,2167.23,7.055,0.04,0.0,0.39,188.48,2.013,3.292,39.0187619,-104.8934563,2167.69,0.02,,32,,,,0.04,,-0.39,,-0.078453,-1.304284,-9.796843,0.027,-0.026,-0.078,-227.0,29.0,436.0,14.968,9.25,335.0,89.0,23.5,,,,,,,,,,,,,,,,,,,,,2026-04-01 14:46:18,True,35.008,10.963,384.37,138.454
2026-04-08T16:59:30.098Z,2026-04-08T16:59:30.098Z,138.161,1829,,,,,4.239888,1.718873,-171.887339,-1.948057,-6.187944,-5.443099,39.0187621,-104.8934566,2167.2,7.023,0.06,0.01,0.39,188.04,2.013,3.292,39.0187619,-104.8934563,2167.69,0.02,,32,,,,0.061,,-0.39,,-0.1471,-1.206218,-9.992976,-0.033,-0.108,-0.095,-225.0,28.0,435.0,14.968,9.25,335.0,89.0,23.5,,,,,,,,,,,,,,,,,,,,,2026-04-01 14:46:18,True,35.008,10.961,384.37,138.454
2026-04-08T16:59:30.165Z,2026-04-08T16:59:30.165Z,138.228,1830,,,,,4.354479,1.317803,-172.345705,6.818198,-6.359832,-5.328507,39.0187622,-104.8934565,2167.17,6.991,0.07,0.01,0.39,187.6,2.024,3.3,39.0187618,-104.8934564,2167.57,0.03,,32,,,,0.071,,-0.39,,-0.186326,-1.078732,-9.855683,0.119,-0.111,-0.093,-225.0,28.0,435.0,15.013,8.65,335.0,89.0,23.5,,,,,,,,,,,,,,,,,,,,,2026-04-01 14:46:18,True,35.015,10.956,384.62,129.862
2026-04-08T16:59:30.237Z,2026-04-08T16:59:30.237Z,138.3,1831,,,,,4.927437,0.916732,-172.574888,8.42248,-10.31324,-3.151268,39.0187622,-104.8934565,2167.15,6.97,0.08,0.0,0.38,187.39,2.024,3.3,39.0187618,-104.8934564,2167.57,0.03,,32,,,,0.08,,-0.38,,0.009807,-0.598206,-9.669357,0.146,-0.18,-0.055,-222.0,28.0,440.0,15.013,8.65,335.0,89.0,23.75,,,,,,,,,,,,,,,,,,,,,2026-04-01 14:46:18,True,35.015,10.956,385.036,129.862
2026-04-08T16:59:30.306Z,2026-04-08T16:59:30.306Z,138.369,1832,,,,,4.469071,-0.057296,-173.033254,-8.708958,-14.094762,-4.125296,39.0187622,-104.8934565,2167.11,6.935,0.09,0.0,0.39,186.94,2.024,3.3,39.0187619,-104.8934563,2167.47,0.06,,32,,,,0.09,,-0.39,,0.254973,-0.529559,-9.973363,-0.151,-0.246,-0.072,-213.0,28.0,441.0,15.013,8.65,335.0,89.0,23.5,,,,,,,,,,,,,,,,,,,,,2026-04-01 14:46:19,True,35.03,10.958,384.869,129.862
2026-04-08T16:59:30.372Z,2026-04-08T16:59:30.372Z,138.435,1833,,,,,3.896113,-0.630254,-173.434325,-8.82355,-4.068,-4.984733,39.0187623,-104.8934566,2167.08,6.906,0.06,-0.05,0.39,186.53,2.035,3.292,39.0187619,-104.8934563,2167.47,0.06,,32,,,,0.078,,-0.39,,-0.17652,-0.755112,-9.483031,-0.153,-0.071,-0.087,-213.0,28.0,441.0,14.986,8.1,336.0,89.0,23.5,,,,,,,,,,,,,,,,,,,,,2026-04-01 14:46:19,True,35.0,10.963,384.536,121.387
2026-04-08T16:59:30.476Z,2026-04-08T16:59:30.476Z,138.539,1834,,,,,3.66693,-0.916732,-173.606212,-4.010705,-6.302536,-4.010705,39.0187623,-104.8934566,2167.06,6.889,0.06,-0.04,0.43,186.35,2.035,3.292,39.0187619,-104.8934563,2167.47,0.06,,32,,,,0.072,,-0.43,,0.421686,-0.519752,-9.708584,-0.069,-0.109,-0.07,-206.0,21.0,447.0,14.986,8.1,336.0,89.0,23.75,,,,,,,,,,,,,,,,,,,,,2026-04-01 14:46:19,True,34.97,10.942,385.618,121.387
2026-04-08T16:59:30.567Z,2026-04-08T16:59:30.567Z,138.63,1835,,,,,3.781521,-1.833465,-173.949987,-5.099324,-0.744845,-1.432394,39.0187623,-104.8934566,2167.0,6.827,0.0,-0.09,0.45,186.09,2.035,3.292,39.018762,-104.8934563,2167.39,0.04,,32,,,,0.09,,-0.45,,0.186326,-0.706079,-9.463417,-0.088,-0.013,-0.025,-199.0,17.0,449.0,14.925,8.9,336.0,89.0,23.75,,,,,,,,,,,,,,,,,,,,,2026-04-01 14:46:19,True,35.008,10.944,384.37,132.833
2026-04-08T16:59:30.686Z,2026-04-08T16:59:30.686Z,138.749,1836,,,,,3.552338,-1.317803,-173.892691,0.458366,12.261297,0.114592,39.0187622,-104.8934566,2166.96,6.789,-0.01,-0.09,0.47,186.16,2.024,3.292,39.018762,-104.8934563,2167.39,0.04,,32,,,,0.091,,-0.47,,-0.049033,-0.392266,-9.63013,0.008,0.214,0.002,-195.0,15.0,451.0,14.925,8.9,336.0,89.0,23.75,,,,,,,,,,,,,,,,,,,,,2026-04-01 14:46:19,True,34.985,10.951,385.036,132.833
2026-04-08T16:59:30.764Z,2026-04-08T16:59:30.764Z,138.827,1837,,,,,4.010705,0.515662,-173.606212,4.469071,5.557691,1.776169,39.0187621,-104.8934568,2166.88,6.707,-0.09,-0.13,0.51,186.43,2.013,3.274,39.0187618,-104.8934564,2167.28,0.19,,32,,,,0.158,,-0.51,,0.304006,-0.509946,-9.532064,0.078,0.096,0.031,-204.0,16.0,448.0,14.863,10.34,337.0,89.0,23.75,,,,,,,,,,,,,,,,,,,,,2026-04-01 14:46:19,True,35.0,10.956,384.287,153.683
2026-04-08T16:59:30.848Z,2026-04-08T16:59:30.848Z,138.911,1838,,,,,4.010705,0.572958,-173.434325,-1.48969,1.948057,3.265859,39.0187621,-104.8934569,2166.84,6.668,-0.1,-0.15,0.52,186.63,2.013,3.266,39.0187618,-104.8934564,2167.28,0.19,,32,,,,0.18,,-0.52,,0.1471,-1.176798,-9.54187,-0.025,0.033,0.056,-213.0,18.0,442.0,14.863,10.34,337.0,89.0,23.75,,,,,,,,,,,,,,,,,,,,,2026-04-01 14:46:19,True,34.985,10.944,384.869,153.683
2026-04-08T16:59:30.928Z,2026-04-08T16:59:30.928Z,138.991,1839,,,,,3.380451,1.08862,-172.804071,-7.505747,11.688339,7.677634,39.0187619,-104.8934571,2166.78,6.605,-0.13,-0.17,0.51,187.3,1.99,3.248,39.0187616,-104.8934568,2167.19,0.23,,32,,,,0.214,,-0.51,,-0.019613,-0.608012,-9.767423,-0.13,0.203,0.133,-213.0,18.0,439.0,14.863,10.34,337.0,89.0,23.5,,,,,,,,,,,,,,,,,,,,,2026-04-01 14:46:19,True,35.0,10.942,384.62,153.683
2026-04-08T16:59:31.001Z,2026-04-08T16:59:31.001Z,139.064,1840,,,,,2.922085,2.119944,-172.059226,-8.708958,15.756339,7.964113,39.0187618,-104.8934573,2166.73,6.558,-0.1,-0.17,0.51,188.05,1.979,3.231,39.0187616,-104.8934568,2167.19,0.23,,32,,,,0.197,,-0.51,,0.156906,-0.137293,-10.375436,-0.151,0.274,0.138,-222.0,15.0,437.0,14.844,10.33,337.0,89.0,23.75,,,,,,,,,,,,,,,,,,,,,2026-04-01 14:46:19,True,34.985,10.951,384.453,153.339
2026-04-08T16:59:31.097Z,2026-04-08T16:59:31.097Z,139.16,1841,,,,,2.807493,2.521014,-171.887339,-3.380451,18.964903,6.760902,39.0187617,-104.8934574,2166.72,6.544,-0.1,-0.18,0.48,188.22,1.968,3.222,39.0187616,-104.8934568,2167.19,0.23,,32,,,,0.206,,-0.48,,-0.156906,-0.578592,-9.95375,-0.058,0.33,0.117,-222.0,15.0,437.0,14.844,10.33,337.0,89.0,23.75,,,,,,,,,,,,,,,,,,,,,2026-04-01 14:46:19,True,34.947,10.946,385.036,153.339
2026-04-08T16:59:31.173Z,2026-04-08T16:59:31.173Z,139.236,1842,,,,,2.692902,3.838817,-171.085198,-7.563043,-3.093972,3.265859,39.0187616,-104.8934577,2166.64,6.463,-0.06,-0.18,0.45,188.93,1.957,3.196,39.0187614,-104.8934573,2167.12,0.22,,32,,,,0.19,,-0.45,,0.480526,-0.480526,-10.287176,-0.131,-0.054,0.056,-235.0,17.0,431.0,14.854,9.32,338.0,89.0,23.75,,,,,,,,,,,,,,,,,,,,,2026-04-01 14:46:19,True,34.962,10.949,384.453,138.439
2026-04-08T16:59:31.258Z,2026-04-08T16:59:31.258Z,139.321,1843,,,,,2.349127,3.380451,-170.970606,-6.24524,-10.026761,2.922085,39.0187615,-104.8934578,2166.61,6.439,-0.03,-0.17,0.45,189.07,1.946,3.188,39.0187614,-104.8934573,2167.12,0.22,,32,,,,0.173,,-0.45,,0.460913,-0.578592,-10.198916,-0.109,-0.175,0.05,-239.0,17.0,427.0,14.854,9.32,338.0,89.0,23.75,,,,,,,,,,,,,,,,,,,,,2026-04-01 14:46:20,True,34.962,10.946,384.536,138.439
2026-04-08T16:59:31.338Z,2026-04-08T16:59:31.338Z,139.401,1844,,,,,1.145916,2.406423,-170.454944,-10.886198,-3.323155,6.187944,39.0187614,-104.8934581,2166.56,6.387,-0.01,-0.15,0.4,189.61,1.935,3.162,39.0187612,-104.8934576,2167.02,0.16,,32,,,,0.15,,-0.4,,-0.2942,-0.353039,-9.68897,-0.189,-0.058,0.107,-231.0,12.0,430.0,14.854,9.32,338.0,89.0,23.5,,,,,,,,,,,,,,,,,,,,,2026-04-01 14:46:20,True,34.985,10.944,384.536,138.439
2026-04-08T16:59:31.419Z,2026-04-08T16:59:31.419Z,139.482,1845,,,,,1.145916,2.635606,-170.053874,7.047381,4.75555,3.552338,39.0187614,-104.8934582,2166.53,6.351,0.01,-0.15,0.41,189.95,1.935,3.153,39.0187612,-104.8934576,2167.02,0.16,,32,,,,0.15,,-0.41,,-0.20594,-0.833565,-9.80665,0.123,0.082,0.062,-230.0,7.0,436.0,14.854,9.32,338.0,89.0,23.5,,,,,,,,,,,,,,,,,,,,,2026-04-01 14:46:20,True,34.962,10.942,384.37,138.439
2026-04-08T16:59:31.500Z,2026-04-08T16:59:31.500Z,139.563,1846,,,,,1.08862,2.750197,-169.767395,-4.469071,-1.260507,3.838817,39.0187614,-104.8934583,2166.49,6.313,0.03,-0.13,0.4,190.25,1.935,3.145,39.0187612,-104.8934576,2167.02,0.16,,32,,,,0.133,,-0.4,,-0.137293,-0.696272,-9.698777,-0.077,-0.022,0.066,-230.0,7.0,436.0,14.854,9.32,338.0,89.0,23.75,,,,,,,,,,,,,,,,,,,,,2026-04-01 14:46:20,True,34.977,10.942,384.453,138.439
2026-04-08T16:59:31.583Z,2026-04-08T16:59:31.583Z,139.646,1847,,,,,0.744845,2.119944,-169.480916,-4.984733,-10.141353,4.583662,39.0187614,-104.8934584,2166.45,6.278,0.03,-0.09,0.4,190.59,1.935,3.136,39.0187611,-104.8934579,2166.94,0.17,,32,,,,0.095,,-0.4,,0.421686,-0.353039,-9.845877,-0.086,-0.177,0.079,-231.0,9.0,433.0,14.798,9.13,339.0,89.0,23.75,,,,,,,,,,,,,,,,,,,,,2026-04-01 14:46:20,True,34.97,10.951,384.453,135.106
2026-04-08T16:59:31.673Z,2026-04-08T16:59:31.673Z,139.736,1848,,,,,0.630254,1.661578,-169.251733,-1.375099,-8.42248,4.411775,39.0187615,-104.8934585,2166.43,6.256,0.03,-0.08,0.4,190.8,1.946,3.127,39.0187611,-104.8934579,2166.94,0.17,,32,,,,0.085,,-0.4,,0.421686,-0.411879,-9.71839,-0.023,-0.147,0.076,-226.0,7.0,434.0,14.798,9.13,339.0,89.0,23.75,,,,,,,,,,,,,,,,,,,,,2026-04-01 14:46:20,True,34.97,10.944,384.37,135.106
2026-04-08T16:59:31.756Z,2026-04-08T16:59:31.756Z,139.819,1849,,,,,0.744845,1.375099,-168.965254,5.557691,4.75555,0.171887,39.0187615,-104.8934585,2166.38,6.201,0.04,-0.05,0.43,191.02,1.946,3.127,39.0187611,-104.8934582,2166.89,0.09,,32,,,,0.064,,-0.43,,-0.039227,-0.372653,-9.92433,0.096,0.082,0.002,-220.0,7.0,437.0,14.903,9.27,339.0,89.0,23.75,,,,,,,,,,,,,,,,,,,,,2026-04-01 14:46:20,True,34.977,10.946,384.536,138.151
2026-04-08T16:59:31.838Z,2026-04-08T16:59:31.838Z,139.901,1850,,,,,1.031324,2.005352,-168.965254,4.469071,6.760902,-0.515662,39.0187615,-104.8934586,2166.34,6.161,0.04,-0.02,0.44,191.01,1.946,3.119,39.0187611,-104.8934582,2166.89,0.09,,32,,,,0.045,,-0.44,,0.019613,-0.451106,-9.679164,0.078,0.117,-0.009,-223.0,11.0,438.0,14.903,9.27,339.0,89.0,23.75,,,,,,,,,,,,,,,,,,,,,2026-04-01 14:46:20,True,35.0,10.934,384.121,138.151
2026-04-08T16:59:31.918Z,2026-04-08T16:59:31.918Z,139.981,1851,,,,,1.48969,2.119944,-169.194437,1.661578,0.286479,-3.896113,39.0187615,-104.8934586,2166.29,6.117,0.04,-0.03,0.42,190.75,1.946,3.119,39.0187612,-104.8934584,2166.78,0.09,,32,,,,0.05,,-0.42,,0.568786,-0.186326,-9.904716,0.061,-0.004,-0.066,-225.0,13.0,435.0,14.903,9.27,339.0,89.0,23.5,,,,,,,,,,,,,,,,,,,,,2026-04-01 14:46:20,True,34.985,10.942,384.453,138.151
2026-04-08T16:59:31.992Z,2026-04-08T16:59:31.992Z,140.055,1852,,,,,1.604282,1.776169,-169.595507,2.463719,-7.161972,-4.698254,39.0187615,-104.8934586,2166.25,6.075,0.06,-0.02,0.43,190.38,1.946,3.119,39.0187612,-104.8934584,2166.78,0.09,,32,,,,0.063,,-0.43,,-0.039227,-0.490332,-9.51245,0.043,-0.125,-0.081,-225.0,13.0,435.0,14.867,9.2,340.0,89.0,23.75,,,,,,,,,,,,,,,,,,,,,2026-04-01 14:46:20,True,34.985,10.949,384.453,136.776
2026-04-08T16:59:32.087Z,2026-04-08T16:59:32.087Z,140.15,1853,,,,,1.661578,1.661578,-169.767395,2.406423,-2.979381,-5.15662,39.0187615,-104.8934586,2166.23,6.058,0.06,-0.01,0.44,190.22,1.946,3.119,39.0187612,-104.8934584,2166.78,0.09,,32,,,,0.061,,-0.44,,-0.049033,-0.588399,-9.65955,0.042,-0.052,-0.09,-225.0,14.0,436.0,14.867,9.2,340.0,89.0,23.75,,,,,,,,,,,,,,,,,,,,,2026-04-01 14:46:20,True,34.947,10.944,384.536,136.776
2026-04-08T16:59:32.166Z,2026-04-08T16:59:32.166Z,140.229,1854,,,,,2.406423,1.776169,-170.283057,3.208564,-0.114592,-3.552338,39.0187615,-104.8934587,2166.16,5.986,0.05,-0.03,0.43,189.71,1.946,3.11,39.0187612,-104.8934586,2166.68,0.09,,32,,,,0.058,,-0.43,,-0.078453,-0.441299,-9.433997,0.056,-0.002,-0.062,-223.0,16.0,438.0,14.89,9.75,340.0,89.0,23.75,,,,,,,,,,,,,,,,,,,,,2026-04-01 14:46:20,True,34.97,10.942,384.453,145.178
2026-04-08T16:59:32.250Z,2026-04-08T16:59:32.250Z,140.313,1855,,,,,2.635606,1.948057,-170.51224,5.213916,3.781521,-4.354479,39.0187615,-104.8934587,2166.13,5.954,0.05,-0.06,0.43,189.46,1.946,3.11,39.0187612,-104.8934586,2166.68,0.09,,32,,,,0.078,,-0.43,,0.08826,-0.598206,-10.002783,0.091,0.065,-0.076,-223.0,18.0,438.0,14.89,9.75,340.0,89.0,23.75,,,,,,,,,,,,,,,,,,,,,2026-04-01 14:46:21,True,34.977,10.937,384.453,145.178
2026-04-08T16:59:32.331Z,2026-04-08T16:59:32.331Z,140.394,1856,,,,,2.57831,1.661578,-170.684127,-6.302536,-7.73493,-0.630254,39.0187616,-104.8934588,2166.08,5.903,0.05,-0.06,0.44,189.32,1.957,3.101,39.0187613,-104.8934588,2166.59,0.07,,32,,,,0.078,,-0.44,,0.392266,-0.588399,-9.816457,-0.109,-0.135,-0.011,-225.0,19.0,436.0,14.89,9.75,340.0,89.0,23.75,,,,,,,,,,,,,,,,,,,,,2026-04-01 14:46:21,True,34.977,10.954,384.536,145.178
2026-04-08T16:59:32.406Z,2026-04-08T16:59:32.406Z,140.469,1857,,,,,1.833465,1.317803,-170.741423,-11.115381,-0.515662,-0.515662,39.0187616,-104.8934589,2166.04,5.861,0.05,-0.07,0.44,189.24,1.957,3.093,39.0187613,-104.8934588,2166.59,0.07,,32,,,,0.086,,-0.44,,0.1471,-0.323619,-9.738003,-0.193,-0.009,-0.008,-221.0,14.0,438.0,14.832,9.65,341.0,89.0,23.5,,,,,,,,,,,,,,,,,,,,,2026-04-01 14:46:21,True,34.992,10.946,384.536,143.129
2026-04-08T16:59:32.500Z,2026-04-08T16:59:32.500Z,140.563,1858,,,,,1.546986,1.375099,-170.741423,-12.261297,3.323155,-0.057296,39.0187616,-104.8934589,2166.03,5.851,0.07,-0.06,0.44,189.24,1.957,3.093,39.0187613,-104.8934588,2166.59,0.07,,32,,,,0.092,,-0.44,,-0.019613,-0.588399,-9.728197,-0.214,0.057,-0.001,-221.0,14.0,438.0,14.832,9.65,341.0,89.0,23.75,,,,,,,,,,,,,,,,,,,,,2026-04-01 14:46:21,True,34.955,10.944,384.204,143.129
2026-04-08T16:59:32.578Z,2026-04-08T16:59:32.578Z,140.641,1859,,,,,0.687549,2.234535,-170.51224,-3.838817,5.042029,2.57831,39.0187617,-104.8934591,2165.95,5.774,0.04,-0.07,0.45,189.5,1.968,3.076,39.0187614,-104.893459,2166.52,0.13,,32,,,,0.081,,-0.45,,0.1471,-0.578592,-9.433997,-0.066,0.087,0.044,-222.0,7.0,438.0,14.865,9.84,342.0,89.0,23.75,,,,,,,,,,,,,,,,,,,,,2026-04-01 14:46:21,True,34.985,10.942,384.536,146.272
2026-04-08T16:59:32.662Z,2026-04-08T16:59:32.662Z,140.725,1860,,,,,0.343775,2.406423,-170.397648,-7.33386,3.495043,2.234535,39.0187617,-104.8934591,2165.92,5.748,0.04,-0.05,0.45,189.62,1.968,3.076,39.0187614,-104.893459,2166.52,0.13,,32,,,,0.064,,-0.45,,0.049033,-0.568786,-9.728197,-0.128,0.061,0.038,-227.0,3.0,435.0,14.865,9.84,342.0,89.0,23.75,,,,,,,,,,,,,,,,,,,,,2026-04-01 14:46:21,True,35.015,10.944,384.287,146.272
2026-04-08T16:59:32.746Z,2026-04-08T16:59:32.746Z,140.809,1861,,,,,0.057296,2.692902,-170.340352,0.515662,1.833465,-0.572958,39.0187618,-104.8934592,2165.87,5.693,0.07,-0.04,0.45,189.66,1.979,3.067,39.0187615,-104.8934592,2166.45,0.08,,32,,,,0.081,,-0.45,,0.333426,-0.568786,-9.816457,0.009,0.031,-0.01,-229.0,0.0,433.0,14.858,10.39,342.0,89.0,23.5,,,,,,,,,,,,,,,,,,,,,2026-04-01 14:46:21,True,34.977,10.942,384.536,154.375
2026-04-08T16:59:32.827Z,2026-04-08T16:59:32.827Z,140.89,1862,,,,,0.229183,2.57831,-170.454944,2.062648,-4.297183,-2.062648,39.0187618,-104.8934592,2165.82,5.648,0.07,0.01,0.44,189.49,1.979,3.067,39.0187615,-104.8934592,2166.45,0.08,,32,,,,0.071,,-0.44,,0.617819,-0.107873,-10.120463,0.036,-0.075,-0.036,-232.0,0.0,433.0,14.858,10.39,342.0,89.0,23.5,,,,,,,,,,,,,,,,,,,,,2026-04-01 14:46:21,True,34.97,10.942,384.37,154.375
2026-04-08T16:59:32.909Z,2026-04-08T16:59:32.909Z,140.972,1863,,,,,0.171887,2.406423,-170.741423,-0.744845,-1.432394,-3.437747,39.0187619,-104.8934592,2165.78,5.608,0.08,0.04,0.44,189.24,1.99,3.067,39.0187616,-104.8934593,2166.35,0.09,,32,,,,0.089,,-0.44,,-0.08826,-0.823759,-9.826263,-0.012,-0.025,-0.059,-228.0,0.0,433.0,14.858,10.39,342.0,89.0,23.75,,,,,,,,,,,,,,,,,,,,,2026-04-01 14:46:21,True,34.977,10.951,384.121,154.375
2026-04-08T16:59:32.986Z,2026-04-08T16:59:32.986Z,141.049,1864,,,,,0.40107,1.890761,-171.085198,5.614986,-10.255945,-5.099324,39.0187619,-104.8934593,2165.74,5.569,0.07,0.04,0.43,188.85,1.99,3.058,39.0187616,-104.8934593,2166.35,0.09,,32,,,,0.081,,-0.43,,0.098066,-0.186326,-9.590904,0.098,-0.179,-0.089,-228.0,0.0,433.0,14.871,9.98,343.0,89.0,23.75,,,,,,,,,,,,,,,,,,,,,2026-04-01 14:46:21,True,34.992,10.954,384.536,148.413
2026-04-08T16:59:33.077Z,2026-04-08T16:59:33.077Z,141.14,1865,,,,,0.40107,1.546986,-171.314381,2.062648,-7.391156,-5.614986,39.018762,-104.8934593,2165.72,5.549,0.08,0.05,0.44,188.63,2.002,3.058,39.0187616,-104.8934593,2166.35,0.09,,32,,,,0.094,,-0.44,,0.156906,-0.706079,-9.83607,0.036,-0.129,-0.098,-226.0,-1.0,437.0,14.871,9.98,343.0,89.0,23.75,,,,,,,,,,,,,,,,,,,,,2026-04-01 14:46:21,True,34.97,10.942,384.37,148.413
2026-04-08T16:59:33.158Z,2026-04-08T16:59:33.158Z,141.221,1866,,,,,0.859437,1.375099,-172.059226,3.208564,-0.572958,-4.927437,39.018762,-104.8934592,2165.66,5.485,0.07,0.04,0.43,187.91,2.002,3.067,39.0187618,-104.8934593,2166.26,0.06,,32,,,,0.081,,-0.43,,0.411879,-0.08826,-10.081236,0.055,-0.01,-0.086,-221.0,-1.0,439.0,14.927,10.07,343.0,89.0,23.75,,,,,,,,,,,,,,,,,,,,,2026-04-01 14:46:21,True,34.992,10.951,384.453,150.315
2026-04-08T16:59:33.240Z,2026-04-08T16:59:33.240Z,141.303,1867,,,,,1.031324,1.203211,-172.288409,1.604282,-4.583662,-2.750197,39.0187621,-104.8934592,2165.62,5.448,0.06,0.06,0.41,187.66,2.013,3.067,39.0187618,-104.8934593,2166.26,0.06,,32,,,,0.085,,-0.41,,0.451106,0.049033,-9.875297,0.028,-0.08,-0.048,-221.0,-1.0,440.0,14.927,10.07,343.0,89.0,23.5,,,,,,,,,,,,,,,,,,,,,2026-04-01 14:46:22,True,34.955,10.932,384.287,150.315
2026-04-08T16:59:33.322Z,2026-04-08T16:59:33.322Z,141.385,1868,,,,,1.08862,0.687549,-172.517592,0.974028,-5.500395,-1.604282,39.0187621,-104.8934591,2165.58,5.405,0.04,0.05,0.42,187.5,2.013,3.076,39.0187619,-104.8934593,2166.18,0.09,,32,,,,0.064,,-0.42,,0.049033,-0.225553,-9.57129,0.017,-0.096,-0.028,-216.0,0.0,441.0,14.927,10.07,343.0,89.0,23.75,,,,,,,,,,,,,,,,,,,,,2026-04-01 14:46:22,True,34.955,10.944,384.37,150.315
2026-04-08T16:59:33.398Z,2026-04-08T16:59:33.398Z,141.461,1869,,,,,1.317803,0.458366,-172.574888,4.239888,-0.229183,-0.974028,39.0187621,-104.8934591,2165.54,5.366,0.02,0.02,0.43,187.42,2.013,3.076,39.0187619,-104.8934593,2166.18,0.09,,32,,,,0.028,,-0.43,,0.333426,-0.08826,-9.95375,0.074,-0.003,-0.017,-216.0,0.0,441.0,14.862,10.56,344.0,89.0,23.75,,,,,,,,,,,,,,,,,,,,,2026-04-01 14:46:22,True,34.955,10.954,384.121,156.943
2026-04-08T16:59:33.490Z,2026-04-08T16:59:33.490Z,141.553,1870,,,,,1.432394,0.515662,-172.574888,4.870141,3.953409,-0.343775,39.0187621,-104.8934591,2165.53,5.35,0.03,0.05,0.42,187.42,2.013,3.076,39.0187619,-104.8934593,2166.18,0.09,,32,,,,0.058,,-0.42,,0.313813,-0.019613,-10.110656,0.085,0.068,-0.006,-214.0,0.0,444.0,14.862,10.56,344.0,89.0,23.5,,,,,,,,,,,,,,,,,,,,,2026-04-01 14:46:22,True,34.939,10.944,384.536,156.943
2026-04-08T16:59:33.568Z,2026-04-08T16:59:33.568Z,141.631,1871,,,,,1.546986,1.145916,-172.231113,-3.66693,-3.552338,5.042029,39.0187622,-104.8934591,2165.46,5.286,0.01,0.02,0.41,187.86,2.024,3.076,39.018762,-104.8934592,2166.11,0.0,,32,,,,0.022,,-0.41,,0.451106,-0.05884,-9.826263,-0.063,-0.062,0.087,-217.0,4.0,442.0,14.861,9.86,344.0,89.0,23.75,,,,,,,,,,,,,,,,,,,,,2026-04-01 14:46:22,True,34.97,10.956,384.453,146.529
2026-04-08T16:59:33.654Z,2026-04-08T16:59:33.654Z,141.717,1872,,,,,1.260507,0.974028,-171.772747,-6.187944,-0.572958,8.307888,39.0187621,-104.8934591,2165.43,5.257,0.01,0.03,0.43,188.33,2.013,3.076,39.018762,-104.8934592,2166.11,0.0,,32,,,,0.032,,-0.43,,-0.20594,-0.441299,-9.551677,-0.107,-0.009,0.144,-219.0,3.0,440.0,14.861,9.86,344.0,89.0,23.75,,,,,,,,,,,,,,,,,,,,,2026-04-01 14:46:22,True,34.977,10.934,384.37,146.529
2026-04-08T16:59:33.736Z,2026-04-08T16:59:33.736Z,141.799,1873,,,,,0.974028,1.48969,-170.626831,1.546986,5.15662,11.172677,39.0187621,-104.8934591,2165.38,5.202,0.02,0.02,0.45,189.52,2.013,3.076,39.018762,-104.8934592,2166.04,0.0,,32,,,,0.028,,-0.45,,0.245166,-0.529559,-9.943943,0.027,0.09,0.194,-217.0,2.0,439.0,14.861,9.86,344.0,89.0,23.75,,,,,,,,,,,,,,,,,,,,,2026-04-01 14:46:22,True,34.985,10.942,384.287,146.529
2026-04-08T16:59:33.817Z,2026-04-08T16:59:33.817Z,141.88,1874,,,,,0.859437,1.833465,-169.652803,-6.875494,4.640958,11.860226,39.0187621,-104.893459,2165.34,5.16,0.02,0.05,0.46,190.46,2.013,3.084,39.018762,-104.8934592,2166.04,0.0,,32,,,,0.054,,-0.46,,0.225553,-0.1471,-9.992976,-0.119,0.081,0.206,-222.0,6.0,437.0,14.861,9.86,344.0,89.0,23.5,,,,,,,,,,,,,,,,,,,,,2026-04-01 14:46:22,True,34.955,10.956,384.952,146.529
2026-04-08T16:59:33.899Z,2026-04-08T16:59:33.899Z,141.962,1875,,,,,0.229183,2.062648,-168.793366,-10.026761,2.750197,9.167325,39.0187621,-104.893459,2165.29,5.119,0.03,0.04,0.43,191.27,2.013,3.084,39.018762,-104.8934592,2166.04,0.0,,32,,,,0.05,,-0.43,,0.17652,-0.137293,-10.130269,-0.174,0.048,0.159,-222.0,6.0,437.0,14.861,9.86,344.0,89.0,23.5,,,,,,,,,,,,,,,,,,,,,2026-04-01 14:46:22,True,34.947,10.954,384.536,146.529
2026-04-08T16:59:33.979Z,2026-04-08T16:59:33.979Z,142.042,1876,,,,,-0.343775,2.062648,-168.220409,-4.469071,-2.005352,5.786874,39.0187622,-104.893459,2165.26,5.082,0.04,0.05,0.41,191.82,2.024,3.084,39.018762,-104.8934593,2165.96,0.05,,32,,,,0.064,,-0.41,,0.068647,-0.421686,-9.77723,-0.077,-0.034,0.1,-223.0,6.0,434.0,14.819,9.72,346.0,89.0,23.75,,,,,,,,,,,,,,,,,,,,,2026-04-01 14:46:22,True,34.947,10.949,384.287,144.041
2026-04-08T16:59:34.062Z,2026-04-08T16:59:34.062Z,142.125,1877,,,,,-0.515662,1.890761,-168.048521,-2.406423,-3.66693,2.406423,39.0187622,-104.893459,2165.23,5.059,0.05,0.06,0.42,191.94,2.024,3.084,39.018762,-104.8934593,2165.96,0.05,,32,,,,0.078,,-0.42,,-0.049033,-0.608012,-9.89491,-0.041,-0.064,0.041,-225.0,3.0,435.0,14.819,9.72,346.0,89.0,23.75,,,,,,,,,,,,,,,,,,,,,2026-04-01 14:46:22,True,34.955,10.942,384.869,144.041
2026-04-08T16:59:34.139Z,2026-04-08T16:59:34.139Z,142.202,1878,,,,,-0.286479,1.833465,-168.335,6.187944,2.922085,-4.182592,39.0187623,-104.8934589,2165.18,5.009,0.09,0.1,0.43,191.64,2.035,3.093,39.0187621,-104.8934592,2165.92,0.08,,32,,,,0.135,,-0.43,,-0.009807,-0.666852,-9.943943,0.108,0.05,-0.073,-223.0,2.0,437.0,14.819,9.72,346.0,89.0,23.75,,,,,,,,,,,,,,,,,,,,,2026-04-01 14:46:22,True,34.992,10.942,384.62,144.041
2026-04-08T16:59:34.219Z,2026-04-08T16:59:34.219Z,142.282,1879,,,,,0.114592,2.062648,-168.736071,4.182592,0.171887,-5.271212,39.0187623,-104.8934588,2165.15,4.977,0.09,0.11,0.4,191.24,2.035,3.101,39.0187621,-104.8934592,2165.92,0.08,,32,,,,0.142,,-0.4,,-0.17652,-0.509946,-9.649744,0.073,0.003,-0.092,-226.0,5.0,438.0,14.819,9.72,346.0,89.0,23.5,,,,,,,,,,,,,,,,,,,,,2026-04-01 14:46:22,True,34.977,10.944,384.62,144.041
2026-04-08T16:59:34.295Z,2026-04-08T16:59:34.295Z,142.358,1880,,,,,0.286479,1.890761,-169.137141,2.062648,-2.750197,-4.927437,39.0187624,-104.8934587,2165.12,4.942,0.11,0.1,0.42,190.84,2.046,3.11,39.0187621,-104.8934592,2165.92,0.08,,32,,,,0.149,,-0.42,,0.225553,0.009807,-9.620324,0.036,-0.048,-0.086,-226.0,5.0,438.0,14.819,9.72,346.0,89.0,23.75,,,,,,,,,,,,,,,,,,,,,2026-04-01 14:46:23,True,35.023,10.946,384.287,144.041
2026-04-08T16:59:34.369Z,2026-04-08T16:59:34.369Z,142.432,1881,,,,,0.515662,1.661578,-169.480916,0.286479,-5.213916,-4.239888,39.0187625,-104.8934586,2165.09,4.91,0.12,0.13,0.43,190.44,2.057,3.119,39.0187622,-104.8934591,2165.85,0.1,,32,,,,0.177,,-0.43,,-0.1471,-0.156906,-9.95375,0.005,-0.09,-0.074,-225.0,6.0,437.0,14.901,9.92,347.0,89.0,23.75,,,,,,,,,,,,,,,,,,,,,2026-04-01 14:46:23,True,34.977,10.951,384.287,147.818
2026-04-08T16:59:34.450Z,2026-04-08T16:59:34.450Z,142.513,1882,,,,,0.343775,1.48969,-169.767395,-3.151268,-3.495043,-5.557691,39.0187626,-104.8934586,2165.06,4.889,0.13,0.14,0.42,190.18,2.068,3.119,39.0187622,-104.8934591,2165.85,0.1,,32,,,,0.191,,-0.42,,-0.392266,-0.500139,-9.71839,-0.054,-0.061,-0.096,-224.0,6.0,439.0,14.901,9.92,347.0,89.0,23.5,,,,,,,,,,,,,,,,,,,,,2026-04-01 14:46:23,True,34.962,10.942,384.204,147.818
2026-04-08T16:59:34.527Z,2026-04-08T16:59:34.527Z,142.59,1883,,,,,0.286479,1.031324,-170.283057,1.145916,-4.640958,-4.125296,39.0187627,-104.8934584,2165.02,4.848,0.14,0.15,0.43,189.68,2.079,3.136,39.0187624,-104.8934589,2165.79,0.18,,32,,,,0.205,,-0.43,,-0.049033,0.068647,-9.77723,0.02,-0.081,-0.072,-220.0,2.0,440.0,14.901,9.92,347.0,89.0,23.75,,,,,,,,,,,,,,,,,,,,,2026-04-01 14:46:23,True,34.977,10.944,384.204,147.818
2026-04-08T16:59:34.597Z,2026-04-08T16:59:34.597Z,142.66,1884,,,,,0.286479,0.974028,-170.569536,-1.317803,0.343775,-3.437747,39.0187628,-104.8934583,2164.99,4.814,0.17,0.16,0.45,189.42,2.09,3.145,39.0187624,-104.8934589,2165.79,0.18,,32,,,,0.233,,-0.45,,0.0,-0.343233,-9.796843,-0.022,0.005,-0.06,-219.0,1.0,442.0,14.935,9.77,347.0,89.0,23.75,,,,,,,,,,,,,,,,,,,,,2026-04-01 14:46:23,True,35.008,10.956,384.37,145.915
2026-04-08T16:59:34.683Z,2026-04-08T16:59:34.683Z,142.746,1885,,,,,0.171887,1.031324,-170.626831,-2.349127,-0.286479,-3.953409,39.0187629,-104.8934583,2164.98,4.805,0.16,0.15,0.44,189.34,2.102,3.145,39.0187624,-104.8934589,2165.79,0.18,,32,,,,0.219,,-0.44,,-0.372653,-0.725692,-9.532064,-0.041,-0.004,-0.069,-219.0,1.0,442.0,14.935,9.77,347.0,89.0,23.75,,,,,,,,,,,,,,,,,,,,,2026-04-01 14:46:23,True,34.962,10.942,384.287,145.915
2026-04-08T16:59:34.763Z,2026-04-08T16:59:34.763Z,142.826,1886,,,,,0.114592,1.031324,-171.371677,-1.48969,-0.916732,-5.15662,39.0187631,-104.893458,2164.92,4.744,0.21,0.19,0.47,188.61,2.124,3.171,39.0187627,-104.8934586,2165.73,0.2,,32,,,,0.283,,-0.47,,0.0,-0.500139,-10.002783,-0.025,-0.016,-0.09,-217.0,0.0,441.0,14.939,10.1,348.0,89.0,23.5,,,,,,,,,,,,,,,,,,,,,2026-04-01 14:46:23,True,34.97,10.946,383.954,150.884
2026-04-08T16:59:34.848Z,2026-04-08T16:59:34.848Z,142.911,1887,,,,,0.229183,0.802141,-171.658155,3.838817,-5.042029,-5.213916,39.0187632,-104.8934579,2164.89,4.716,0.21,0.21,0.46,188.28,2.135,3.179,39.0187627,-104.8934586,2165.73,0.2,,32,,,,0.297,,-0.46,,-0.137293,-0.431493,-9.473224,0.067,-0.088,-0.091,-220.0,-3.0,442.0,14.939,10.1,348.0,89.0,23.5,,,,,,,,,,,,,,,,,,,,,2026-04-01 14:46:23,True,34.939,10.939,383.871,150.884
2026-04-08T16:59:34.930Z,2026-04-08T16:59:34.930Z,142.993,1888,,,,,0.572958,-0.057296,-172.00193,2.807493,-10.427832,-2.807493,39.0187635,-104.8934576,2164.84,4.669,0.22,0.22,0.47,187.95,2.168,3.205,39.018763,-104.8934582,2165.66,0.28,,32,,,,0.311,,-0.47,,-0.274586,-0.843372,-9.914523,0.048,-0.182,-0.048,-214.0,-2.0,444.0,14.939,10.1,348.0,89.0,23.75,,,,,,,,,,,,,,,,,,,,,2026-04-01 14:46:23,True,34.962,10.937,383.954,150.884
2026-04-08T16:59:35.005Z,2026-04-08T16:59:35.005Z,143.068,1889,,,,,0.744845,-0.974028,-172.173817,-0.114592,-11.860226,-1.604282,39.0187636,-104.8934574,2164.81,4.632,0.23,0.24,0.46,187.78,2.179,3.222,39.018763,-104.8934582,2165.66,0.28,,32,,,,0.332,,-0.46,,-0.225553,-0.186326,-9.522257,-0.001,-0.206,-0.028,-208.0,-1.0,446.0,14.941,9.63,348.0,89.0,23.75,,,,,,,,,,,,,,,,,,,,,2026-04-01 14:46:23,True,34.985,10.956,384.37,143.882
2026-04-08T16:59:35.100Z,2026-04-08T16:59:35.100Z,143.163,1890,,,,,0.744845,-1.260507,-172.231113,-0.114592,-12.433184,-1.604282,39.0187637,-104.8934574,2164.8,4.621,0.23,0.25,0.47,187.72,2.191,3.222,39.018763,-104.8934582,2165.66,0.28,,32,,,,0.34,,-0.47,,-0.08826,-0.441299,-9.708584,-0.001,-0.217,-0.028,-208.0,-1.0,446.0,14.941,9.63,348.0,89.0,23.75,,,,,,,,,,,,,,,,,,,,,2026-04-01 14:46:23,True,34.97,10.954,384.869,143.882
2026-04-08T16:59:35.181Z,2026-04-08T16:59:35.181Z,143.244,1891,,,,,1.432394,-2.234535,-172.345705,11.516452,-0.286479,0.286479,39.018764,-104.8934569,2164.72,4.544,0.21,0.23,0.5,187.64,2.224,3.266,39.0187634,-104.8934577,2165.57,0.31,,32,,,,0.311,,-0.5,,-0.304006,-0.804145,-9.463417,0.201,-0.005,0.004,-197.0,-1.0,451.0,14.951,10.08,349.0,89.0,23.75,,,,,,,,,,,,,,,,,,,,,2026-04-01 14:46:23,True,34.985,10.954,384.703,150.706
2026-04-08T16:59:35.266Z,2026-04-08T16:59:35.266Z,143.329,1892,,,,,2.291831,-2.234535,-172.345705,14.725015,0.286479,0.974028,39.0187641,-104.8934568,2164.69,4.518,0.2,0.25,0.5,187.68,2.235,3.274,39.0187634,-104.8934577,2165.57,0.31,,32,,,,0.32,,-0.5,,-0.323619,0.0,-9.551677,0.257,0.005,0.016,-193.0,3.0,455.0,14.951,10.08,349.0,89.0,23.75,,,,,,,,,,,,,,,,,,,,,2026-04-01 14:46:24,True,34.985,10.944,384.62,150.706
2026-04-08T16:59:35.354Z,2026-04-08T16:59:35.354Z,143.417,1893,,,,,2.463719,-2.406423,-172.345705,-1.317803,-7.104677,-1.031324,39.0187643,-104.8934565,2164.63,4.457,0.19,0.22,0.5,187.64,2.257,3.3,39.0187638,-104.8934573,2165.52,0.24,,32,,,,0.291,,-0.5,,-0.304006,-0.647239,-9.92433,-0.022,-0.123,-0.017,-192.0,11.0,453.0,14.894,10.31,349.0,89.0,23.75,,,,,,,,,,,,,,,,,,,,,2026-04-01 14:46:24,True,34.947,10.946,384.37,153.557
2026-04-08T16:59:35.445Z,2026-04-08T16:59:35.445Z,143.508,1894,,,,,2.521014,-3.036676,-172.460296,-0.515662,-6.531719,-0.859437,39.0187644,-104.8934564,2164.59,4.414,0.16,0.2,0.49,187.52,2.268,3.309,39.0187638,-104.8934573,2165.52,0.24,,32,,,,0.256,,-0.49,,-0.333426,-0.039227,-9.757617,-0.008,-0.113,-0.015,-189.0,11.0,455.0,14.894,10.31,349.0,89.0,23.75,,,,,,,,,,,,,,,,,,,,,2026-04-01 14:46:24,True,34.932,10.944,384.453,153.557
2026-04-08T16:59:35.531Z,2026-04-08T16:59:35.531Z,143.594,1895,,,,,2.521014,-3.781521,-172.689479,1.890761,-7.849522,-2.979381,39.0187645,-104.8934562,2164.54,4.364,0.1,0.16,0.5,187.27,2.279,3.326,39.0187641,-104.8934569,2165.45,0.28,,32,,,,0.189,,-0.5,,-0.441299,-0.539366,-10.061623,0.033,-0.137,-0.052,-183.0,10.0,457.0,14.894,10.31,349.0,89.0,23.75,,,,,,,,,,,,,,,,,,,,,2026-04-01 14:46:24,True,34.939,10.944,384.453,153.557
2026-04-08T16:59:35.613Z,2026-04-08T16:59:35.613Z,143.676,1896,,,,,2.750197,-4.010705,-173.033254,3.437747,-1.08862,-3.724226,39.0187646,-104.8934561,2164.5,4.327,0.07,0.15,0.48,186.95,2.291,3.335,39.0187641,-104.8934569,2165.45,0.28,,32,,,,0.166,,-0.48,,-0.078453,0.02942,-9.610517,0.06,-0.019,-0.065,-179.0,11.0,460.0,14.915,10.16,350.0,89.0,23.75,,,,,,,,,,,,,,,,,,,,,2026-04-01 14:46:24,True,34.955,10.939,384.453,151.536
2026-04-08T16:59:35.710Z,2026-04-08T16:59:35.710Z,143.773,1897,,,,,2.750197,-4.068,-173.09055,3.093972,-1.718873,-3.609634,39.0187646,-104.893456,2164.49,4.317,0.04,0.13,0.5,186.85,2.291,3.343,39.0187641,-104.8934569,2165.45,0.28,,32,,,,0.136,,-0.5,,-0.11768,-0.500139,-9.65955,0.053,-0.03,-0.063,-179.0,11.0,460.0,14.915,10.16,350.0,89.0,23.75,,,,,,,,,,,,,,,,,,,,,2026-04-01 14:46:24,True,34.947,10.939,384.536,151.536
2026-04-08T16:59:35.794Z,2026-04-08T16:59:35.794Z,143.857,1898,,,,,2.979381,-3.838817,-173.663508,-0.859437,5.958761,-3.495043,39.0187645,-104.8934559,2164.41,4.239,-0.03,0.07,0.48,186.3,2.279,3.352,39.0187642,-104.8934564,2165.36,0.14,,32,,,,0.076,,-0.48,,-0.196133,-0.598206,-9.796843,-0.014,0.103,-0.061,-177.0,11.0,460.0,14.923,10.57,351.0,89.0,23.75,,,,,,,,,,,,,,,,,,,,,2026-04-01 14:46:24,True,34.955,10.946,384.204,157.736
2026-04-08T16:59:35.889Z,2026-04-08T16:59:35.889Z,143.952,1899,,,,,2.922085,-3.552338,-173.778099,-2.864789,7.219268,-3.265859,39.0187645,-104.8934559,2164.4,4.22,-0.06,0.05,0.48,186.18,2.279,3.352,39.0187642,-104.8934564,2165.36,0.14,,32,,,,0.078,,-0.48,,-0.1471,-0.225553,-9.767423,-0.049,0.125,-0.057,-179.0,11.0,460.0,14.923,10.57,351.0,89.0,23.75,,,,,,,,,,,,,,,,,,,,,2026-04-01 14:46:24,True,34.939,10.942,383.954,157.736
2026-04-08T16:59:35.978Z,2026-04-08T16:59:35.978Z,144.041,1900,,,,,2.864789,-2.750197,-174.121874,-1.948057,5.443099,-2.062648,39.0187643,-104.8934559,2164.33,4.155,-0.13,-0.02,0.48,185.89,2.257,3.352,39.0187642,-104.8934562,2165.29,0.03,,32,,,,0.132,,-0.48,,0.0,-0.617819,-9.86549,-0.033,0.094,-0.036,-184.0,9.0,459.0,14.983,9.62,351.0,89.0,23.75,,,,,,,,,,,,,,,,,,,,,2026-04-01 14:46:24,True,34.97,10.942,383.622,144.136
2026-04-08T16:59:36.079Z,2026-04-08T16:59:36.079Z,144.142,1901,,,,,2.864789,-2.521014,-174.17917,-2.692902,4.354479,-1.432394,39.0187642,-104.893456,2164.3,4.125,-0.14,-0.03,0.48,185.82,2.246,3.343,39.0187642,-104.8934562,2165.29,0.03,,32,,,,0.143,,-0.48,,0.186326,-0.039227,-9.787037,-0.046,0.075,-0.025,-189.0,8.0,457.0,14.983,9.62,351.0,89.0,23.75,,,,,,,,,,,,,,,,,,,,,2026-04-01 14:46:24,True,34.947,10.939,383.954,144.136
2026-04-08T16:59:36.171Z,2026-04-08T16:59:36.171Z,144.234,1902,,,,,2.291831,-2.005352,-174.17917,-8.82355,1.776169,0.687549,39.018764,-104.8934561,2164.24,4.062,-0.2,-0.07,0.47,185.82,2.224,3.335,39.018764,-104.8934563,2165.21,0.18,,32,,,,0.212,,-0.47,,-0.08826,-0.274586,-10.002783,-0.153,0.03,0.012,-192.0,7.0,454.0,14.9,10.19,352.0,89.0,23.75,,,,,,,,,,,,,,,,,,,,,2026-04-01 14:46:24,True,34.939,10.932,383.954,151.831
2026-04-08T16:59:36.270Z,2026-04-08T16:59:36.270Z,144.333,1903,,,,,1.718873,-1.890761,-174.17917,-6.875494,1.08862,0.114592,39.0187638,-104.8934562,2164.2,4.027,-0.24,-0.11,0.48,185.85,2.202,3.326,39.018764,-104.8934563,2165.21,0.18,,32,,,,0.264,,-0.48,,-0.323619,-0.657046,-9.92433,-0.12,0.019,0.001,-194.0,2.0,452.0,14.9,10.19,352.0,89.0,23.75,,,,,,,,,,,,,,,,,,,,,2026-04-01 14:46:25,True,34.917,10.934,383.954,151.831
2026-04-08T16:59:36.362Z,2026-04-08T16:59:36.362Z,144.425,1904,,,,,0.916732,-1.260507,-174.064578,-7.276564,7.219268,0.687549,39.0187635,-104.8934564,2164.15,3.97,-0.27,-0.12,0.49,185.93,2.168,3.309,39.0187637,-104.8934565,2165.15,0.2,,32,,,,0.295,,-0.49,,0.196133,-0.08826,-9.885103,-0.127,0.125,0.011,-196.0,-3.0,452.0,14.923,9.89,352.0,89.0,23.75,,,,,,,,,,,,,,,,,,,,,2026-04-01 14:46:25,True,34.932,10.942,383.871,147.588
2026-04-08T16:59:36.459Z,2026-04-08T16:59:36.459Z,144.522,1905,,,,,0.343775,-0.687549,-174.007282,-3.896113,6.417127,0.744845,39.0187633,-104.8934565,2164.11,3.93,-0.27,-0.13,0.5,186.03,2.146,3.3,39.0187637,-104.8934565,2165.15,0.2,,32,,,,0.3,,-0.5,,-0.08826,-0.627626,-9.65955,-0.067,0.111,0.012,-202.0,-9.0,450.0,14.923,9.89,352.0,89.0,23.75,,,,,,,,,,,,,,,,,,,,,2026-04-01 14:46:25,True,34.924,10.939,383.954,147.588
2026-04-08T16:59:36.553Z,2026-04-08T16:59:36.553Z,144.616,1906,,,,,0.057296,0.229183,-173.949987,-3.495043,11.802931,-0.515662,39.018763,-104.8934567,2164.05,3.875,-0.28,-0.08,0.49,186.05,2.113,3.283,39.0187633,-104.8934567,2165.06,0.32,,32,,,,0.291,,-0.49,,0.0,-0.049033,-9.885103,-0.06,0.206,-0.009,-207.0,-12.0,446.0,14.967,9.69,353.0,89.0,23.5,,,,,,,,,,,,,,,,,,,,,2026-04-01 14:46:25,True,34.939,10.932,384.121,145.03
2026-04-08T16:59:36.649Z,2026-04-08T16:59:36.649Z,144.712,1907,,,,,0.229183,0.916732,-173.949987,3.093972,6.990085,0.286479,39.0187627,-104.8934569,2164.01,3.83,-0.26,-0.08,0.48,186.04,2.079,3.266,39.0187633,-104.8934567,2165.06,0.32,,32,,,,0.272,,-0.48,,-0.078453,-0.245166,-9.65955,0.053,0.122,0.004,-215.0,-14.0,445.0,14.967,9.69,353.0,89.0,23.75,,,,,,,,,,,,,,,,,,,,,2026-04-01 14:46:25,True,34.924,10.939,384.121,145.03
2026-04-08T16:59:36.741Z,2026-04-08T16:59:36.741Z,144.804,1908,,,,,-0.40107,1.661578,-173.778099,-8.136001,4.526367,2.807493,39.0187624,-104.893457,2163.95,3.778,-0.26,-0.04,0.5,186.27,2.046,3.257,39.0187628,-104.893457,2164.99,0.26,,32,,,,0.263,,-0.5,,-0.304006,-0.617819,-9.60071,-0.141,0.079,0.048,-219.0,-13.0,439.0,14.967,9.69,353.0,89.0,23.75,,,,,,,,,,,,,,,,,,,,,2026-04-01 14:46:25,True,34.939,10.93,383.871,145.03
2026-04-08T16:59:36.840Z,2026-04-08T16:59:36.840Z,144.903,1909,,,,,-0.859437,1.833465,-173.663508,-1.260507,1.317803,-0.630254,39.0187623,-104.893457,2163.91,3.734,-0.22,-0.01,0.5,186.34,2.035,3.257,39.0187628,-104.893457,2164.99,0.26,,32,,,,0.22,,-0.5,,-0.509946,-0.745305,-9.934136,-0.022,0.023,-0.01,-224.0,-19.0,437.0,14.967,9.69,353.0,89.0,23.75,,,,,,,,,,,,,,,,,,,,,2026-04-01 14:46:25,True,34.939,10.939,384.037,145.03
2026-04-08T16:59:36.934Z,2026-04-08T16:59:36.934Z,144.997,1910,,,,,-0.630254,1.833465,-174.007282,2.922085,-7.906818,-6.073353,39.0187621,-104.893457,2163.86,3.681,-0.21,0.02,0.52,185.93,2.013,3.257,39.0187623,-104.8934571,2164.92,0.29,,32,,,,0.211,,-0.52,,0.333426,-0.166713,-9.757617,0.051,-0.137,-0.106,-226.0,-20.0,437.0,14.967,9.69,353.0,89.0,23.75,,,,,,,,,,,,,,,,,,,,,2026-04-01 14:46:25,True,34.917,10.944,383.788,145.03
2026-04-08T16:59:37.030Z,2026-04-08T16:59:37.030Z,145.093,1911,,,,,-0.40107,0.286479,-174.809423,2.692902,-14.66772,-8.82355,39.0187619,-104.8934569,2163.8,3.628,-0.2,0.06,0.53,185.1,1.99,3.266,39.0187623,-104.8934571,2164.92,0.29,,32,,,,0.209,,-0.53,,-0.166713,-0.490332,-9.68897,0.047,-0.256,-0.154,-217.0,-21.0,438.0,14.967,9.69,353.0,89.0,23.75,,,,,,,,,,,,,,,,,,,,,2026-04-01 14:46:25,True,34.932,10.937,383.871,145.03
2026-04-08T16:59:37.122Z,2026-04-08T16:59:37.122Z,145.185,1912,,,,,-0.114592,0.057296,-175.783452,4.239888,-0.458366,-12.433184,39.0187617,-104.8934569,2163.75,3.579,-0.21,0.09,0.52,184.09,1.968,3.266,39.0187623,-104.8934571,2164.92,0.29,,32,,,,0.228,,-0.52,,0.451106,-0.382459,-10.355822,0.074,-0.007,-0.216,-210.0,-21.0,444.0,14.967,9.69,353.0,89.0,23.75,,,,,,,,,,,,,,,,,,,,,2026-04-01 14:46:25,True,34.955,10.939,384.37,145.03
2026-04-08T16:59:37.208Z,2026-04-08T16:59:37.208Z,145.271,1913,,,,,0.974028,-0.229183,-177.101254,17.933579,-1.718873,-14.438536,39.0187615,-104.8934568,2163.71,3.536,-0.22,0.11,0.46,182.8,1.946,3.274,39.0187619,-104.893457,2164.85,0.16,,32,,,,0.246,,-0.46,,-0.137293,-0.706079,-10.032203,0.313,-0.03,-0.252,-210.0,-21.0,444.0,14.953,10.01,354.0,89.0,23.75,,,,,,,,,,,,,,,,,,,,,2026-04-01 14:46:25,True,34.97,10.932,383.788,149.68
2026-04-08T16:59:37.313Z,2026-04-08T16:59:37.313Z,145.376,1914,,,,,1.432394,-0.114592,-177.445029,13.750987,5.557691,-14.152058,39.0187614,-104.8934568,2163.7,3.521,-0.22,0.11,0.46,182.36,1.935,3.274,39.0187619,-104.893457,2164.85,0.16,,32,,,,0.246,,-0.46,,-0.107873,-0.353039,-9.89491,0.239,0.096,-0.247,-209.0,-20.0,448.0,14.953,10.01,354.0,89.0,23.75,,,,,,,,,,,,,,,,,,,,,2026-04-01 14:46:26,True,34.917,10.932,384.204,149.68
2026-04-08T16:59:37.398Z,2026-04-08T16:59:37.398Z,145.461,1915,,,,,3.838817,1.546986,-179.393086,4.354479,2.750197,-8.880846,39.0187611,-104.8934566,2163.62,3.447,-0.22,0.07,0.46,180.54,1.901,3.292,39.0187616,-104.8934569,2164.76,0.2,,32,,,,0.231,,-0.46,,-0.11768,-0.833565,-9.738003,0.076,0.047,-0.155,-213.0,-13.0,447.0,15.034,9.98,355.0,89.0,23.75,,,,,,,,,,,,,,,,,,,,,2026-04-01 14:46:26,True,34.962,10.93,383.788,150.039
2026-04-08T16:59:37.499Z,2026-04-08T16:59:37.499Z,145.562,1916,,,,,3.437747,1.718873,-179.622269,-16.55848,4.125296,-6.531719,39.018761,-104.8934566,2163.6,3.428,-0.2,0.06,0.47,180.3,1.89,3.292,39.0187616,-104.8934569,2164.76,0.2,,32,,,,0.209,,-0.47,,-0.098066,-0.608012,-9.826263,-0.288,0.071,-0.114,-222.0,-4.0,444.0,15.034,9.98,355.0,89.0,23.75,,,,,,,,,,,,,,,,,,,,,2026-04-01 14:46:26,True,34.917,10.937,383.871,150.039
2026-04-08T16:59:37.587Z,2026-04-08T16:59:37.587Z,145.65,1917,,,,,2.119944,2.005352,179.794156,6.531719,-1.776169,-0.744845,39.0187608,-104.8934566,2163.53,3.359,-0.15,0.02,0.46,179.8,1.868,3.292,39.0187612,-104.8934568,2164.69,0.19,,32,,,,0.151,,-0.46,,-0.2942,-0.568786,-9.639937,0.114,-0.03,-0.013,-224.0,-16.0,438.0,15.04,9.32,356.0,89.0,23.75,,,,,,,,,,,,,,,,,,,,,2026-04-01 14:46:26,True,34.924,10.93,384.037,140.173
2026-04-08T16:59:37.688Z,2026-04-08T16:59:37.688Z,145.751,1918,,,,,2.005352,2.119944,179.851452,-4.068,2.864789,2.406423,39.0187608,-104.8934566,2163.51,3.335,-0.14,0.02,0.47,179.91,1.868,3.292,39.0187612,-104.8934568,2164.69,0.19,,32,,,,0.141,,-0.47,,0.049033,-0.470719,-9.54187,-0.07,0.049,0.041,-227.0,-20.0,441.0,15.04,9.32,356.0,89.0,23.75,,,,,,,,,,,,,,,,,,,,,2026-04-01 14:46:26,True,34.917,10.937,383.954,140.173
2026-04-08T16:59:37.777Z,2026-04-08T16:59:37.777Z,145.84,1919,,,,,1.48969,1.833465,-179.33579,-2.692902,2.922085,7.620339,39.0187606,-104.8934566,2163.44,3.266,-0.08,0.02,0.51,180.77,1.846,3.292,39.0187609,-104.8934568,2164.62,0.15,,32,,,,0.082,,-0.51,,-0.20594,-0.127486,-9.51245,-0.046,0.05,0.132,-223.0,-21.0,439.0,14.941,10.16,356.0,89.0,23.75,,,,,,,,,,,,,,,,,,,,,2026-04-01 14:46:26,True,34.924,10.932,383.29,151.801
2026-04-08T16:59:37.880Z,2026-04-08T16:59:37.880Z,145.943,1920,,,,,2.17724,1.948057,-178.820128,16.443889,1.317803,8.365184,39.0187606,-104.8934566,2163.41,3.234,-0.05,0.0,0.52,181.29,1.846,3.292,39.0187609,-104.8934568,2164.62,0.15,,32,,,,0.05,,-0.52,,-0.107873,-0.353039,-9.60071,0.286,0.022,0.146,-224.0,-21.0,440.0,14.941,10.16,356.0,89.0,23.75,,,,,,,,,,,,,,,,,,,,,2026-04-01 14:46:26,True,34.955,10.944,384.121,151.801
2026-04-08T16:59:37.971Z,2026-04-08T16:59:37.971Z,146.034,1921,,,,,2.005352,2.922085,-177.387733,-7.849522,2.406423,11.974818,39.0187606,-104.8934567,2163.34,3.166,-0.01,-0.01,0.52,182.73,1.846,3.283,39.0187608,-104.8934569,2164.57,0.04,,32,,,,0.014,,-0.52,,-0.098066,-0.284393,-9.620324,-0.137,0.041,0.208,-228.0,-12.0,436.0,14.837,10.96,357.0,89.0,23.75,,,,,,,,,,,,,,,,,,,,,2026-04-01 14:46:26,True,34.955,10.942,384.536,162.614
2026-04-08T16:59:38.072Z,2026-04-08T16:59:38.072Z,146.135,1922,,,,,1.375099,2.864789,-176.585592,-7.505747,-2.692902,11.40186,39.0187607,-104.8934567,2163.31,3.131,0.02,-0.01,0.51,183.58,1.857,3.283,39.0187608,-104.8934569,2164.57,0.04,,32,,,,0.022,,-0.51,,0.019613,-0.539366,-9.885103,-0.131,-0.046,0.198,-232.0,-11.0,432.0,14.837,10.96,357.0,89.0,23.75,,,,,,,,,,,,,,,,,,,,,2026-04-01 14:46:26,True,34.97,10.956,384.952,162.614
2026-04-08T16:59:38.161Z,2026-04-08T16:59:38.161Z,146.224,1923,,,,,0.916732,2.119944,-174.809423,-11.573747,0.114592,15.527156,39.0187608,-104.8934568,2163.25,3.071,0.08,0.01,0.54,185.33,1.868,3.274,39.0187608,-104.8934569,2164.48,0.03,,32,,,,0.081,,-0.54,,0.019613,-0.686466,-9.738003,-0.201,0.001,0.27,-229.0,-11.0,434.0,14.765,10.82,357.0,89.0,23.75,,,,,,,,,,,,,,,,,,,,,2026-04-01 14:46:26,True,34.939,10.944,384.62,159.757
2026-04-08T16:59:38.253Z,2026-04-08T16:59:38.253Z,146.316,1924,,,,,0.744845,1.776169,-173.606212,-1.08862,-4.583662,15.527156,39.0187608,-104.8934568,2163.2,3.026,0.12,0.01,0.54,186.61,1.868,3.274,39.0187608,-104.8934569,2164.48,0.03,,32,,,,0.12,,-0.54,,-0.068647,-0.666852,-9.934136,-0.019,-0.08,0.27,-225.0,-10.0,434.0,14.765,10.82,357.0,89.0,23.75,,,,,,,,,,,,,,,,,,,,,2026-04-01 14:46:27,True,35.0,10.949,384.37,159.757
2026-04-08T16:59:38.341Z,2026-04-08T16:59:38.341Z,146.404,1925,,,,,1.203211,0.859437,-172.00193,7.219268,-6.531719,13.349917,39.018761,-104.8934568,2163.14,2.966,0.15,0.03,0.55,188.11,1.89,3.274,39.0187609,-104.8934569,2164.41,0.15,,32,,,,0.153,,-0.55,,0.166713,0.009807,-9.669357,0.126,-0.114,0.232,-220.0,-5.0,436.0,14.765,10.82,357.0,89.0,23.75,,,,,,,,,,,,,,,,,,,,,2026-04-01 14:46:27,True,34.977,10.934,384.62,159.757
2026-04-08T16:59:38.430Z,2026-04-08T16:59:38.430Z,146.493,1926,,,,,1.432394,0.974028,-171.085198,-0.229183,4.927437,11.573747,39.0187611,-104.8934568,2163.1,2.923,0.17,0.04,0.55,189.04,1.901,3.274,39.0187609,-104.8934569,2164.41,0.15,,32,,,,0.175,,-0.55,,-0.549172,-0.706079,-10.01259,-0.003,0.085,0.201,-215.0,3.0,440.0,14.765,10.82,357.0,89.0,23.75,,,,,,,,,,,,,,,,,,,,,2026-04-01 14:46:27,True,34.97,10.946,384.453,159.757
2026-04-08T16:59:38.519Z,2026-04-08T16:59:38.519Z,146.582,1927,,,,,1.145916,1.604282,-170.111169,-3.437747,5.042029,9.396508,39.0187613,-104.8934567,2163.05,2.874,0.17,0.05,0.49,189.97,1.924,3.283,39.0187609,-104.8934569,2164.41,0.15,,32,,,,0.177,,-0.49,,0.392266,-0.186326,-10.522535,-0.059,0.087,0.163,-218.0,7.0,438.0,14.765,10.82,357.0,89.0,23.75,,,,,,,,,,,,,,,,,,,,,2026-04-01 14:46:27,True,34.985,10.951,385.036,159.757
2026-04-08T16:59:38.603Z,2026-04-08T16:59:38.603Z,146.666,1928,,,,,1.203211,0.744845,-169.710099,2.521014,-15.641748,1.546986,39.0187614,-104.8934567,2163.01,2.833,0.17,0.03,0.46,190.31,1.935,3.283,39.0187611,-104.8934569,2164.32,0.1,,32,,,,0.173,,-0.46,,0.313813,0.08826,-10.277369,0.044,-0.273,0.026,-218.0,7.0,438.0,14.839,8.92,358.0,89.0,23.75,,,,,,,,,,,,,,,,,,,,,2026-04-01 14:46:27,True,34.992,10.949,384.536,132.364
2026-04-08T16:59:38.699Z,2026-04-08T16:59:38.699Z,146.762,1929,,,,,1.375099,0.229183,-169.710099,11.573747,-20.282706,-0.859437,39.0187615,-104.8934567,2162.99,2.818,0.17,0.01,0.45,190.23,1.946,3.283,39.0187611,-104.8934569,2164.32,0.1,,32,,,,0.17,,-0.45,,0.0,-0.1471,-9.757617,0.202,-0.354,-0.015,-219.0,8.0,439.0,14.839,8.92,358.0,89.0,23.75,,,,,,,,,,,,,,,,,,,,,2026-04-01 14:46:27,True,34.97,10.954,384.619,132.364
2026-04-08T16:59:38.784Z,2026-04-08T16:59:38.784Z,146.847,1930,,,,,3.437747,-1.718873,-169.996578,0.343775,-8.078705,-2.062648,39.0187617,-104.8934567,2162.92,2.743,0.16,0.0,0.51,189.96,1.968,3.283,39.0187614,-104.8934568,2164.22,0.16,,32,,,,0.16,,-0.51,,-0.039227,-0.245166,-10.01259,0.005,-0.141,-0.036,-206.0,17.0,447.0,14.727,11.06,359.0,89.0,23.75,,,,,,,,,,,,,,,,,,,,,2026-04-01 14:46:27,True,34.97,10.939,384.12,162.881
2026-04-08T16:59:38.878Z,2026-04-08T16:59:38.878Z,146.941,1931,,,,,3.093972,-1.48969,-170.283057,-12.146705,9.339212,-7.219268,39.0187618,-104.8934567,2162.89,2.717,0.15,-0.01,0.48,189.66,1.979,3.283,39.0187614,-104.8934568,2164.22,0.16,,32,,,,0.15,,-0.48,,0.20594,0.0,-10.247949,-0.212,0.163,-0.125,-195.0,25.0,448.0,14.727,11.06,359.0,89.0,23.75,,,,,,,,,,,,,,,,,,,,,2026-04-01 14:46:27,True,34.932,10.934,384.037,162.881
2026-04-08T16:59:38.967Z,2026-04-08T16:59:38.967Z,147.03,1932,,,,,0.40107,-0.974028,-170.626831,-29.564622,2.406423,-1.145916,39.018762,-104.8934566,2162.83,2.659,0.08,-0.03,0.44,189.35,2.002,3.292,39.0187617,-104.8934567,2164.16,0.17,,32,,,,0.085,,-0.44,,0.049033,-0.490332,-9.914523,-0.516,0.041,-0.02,-198.0,18.0,447.0,14.789,9.02,360.0,89.0,23.75,,,,,,,,,,,,,,,,,,,,,2026-04-01 14:46:27,True,34.932,10.927,383.871,133.397
2026-04-08T16:59:39.057Z,2026-04-08T16:59:39.057Z,147.12,1933,,,,,-0.744845,-1.031324,-170.741423,-7.161972,-2.635606,-2.463719,39.018762,-104.8934567,2162.8,2.627,0.06,-0.02,0.44,189.23,2.002,3.283,39.0187617,-104.8934567,2164.16,0.17,,32,,,,0.063,,-0.44,,0.05884,-0.17652,-9.649744,-0.124,-0.046,-0.043,-200.0,0.0,446.0,14.789,9.02,360.0,89.0,23.75,,,,,,,,,,,,,,,,,,,,,2026-04-01 14:46:27,True,34.924,10.932,383.456,133.397
2026-04-08T16:59:39.146Z,2026-04-08T16:59:39.146Z,147.209,1934,,,,,0.572958,-1.375099,-171.027902,13.922874,6.016057,-2.922085,39.0187621,-104.8934567,2162.75,2.575,0.04,-0.01,0.49,188.96,2.013,3.283,39.0187619,-104.8934567,2164.1,0.08,,32,,,,0.041,,-0.49,,0.11768,-0.372653,-9.492837,0.243,0.104,-0.051,-199.0,-6.0,450.0,14.886,9.78,360.0,89.0,23.75,,,,,,,,,,,,,,,,,,,,,2026-04-01 14:46:27,True,34.939,10.927,383.788,145.585
2026-04-08T16:59:39.248Z,2026-04-08T16:59:39.248Z,147.311,1935,,,,,1.375099,-0.286479,-171.257085,5.84417,9.396508,-3.265859,39.018762,-104.8934567,2162.71,2.536,0.0,-0.03,0.48,188.72,2.002,3.283,39.0187619,-104.8934567,2164.1,0.08,,32,,,,0.03,,-0.48,,0.009807,-0.421686,-10.04201,0.101,0.164,-0.057,-202.0,2.0,449.0,14.886,9.78,360.0,89.0,23.75,,,,,,,,,,,,,,,,,,,,,2026-04-01 14:46:28,True,34.962,10.939,384.62,145.585
2026-04-08T16:59:39.323Z,2026-04-08T16:59:39.323Z,147.386,1936,,,,,1.203211,0.114592,-171.830043,-2.234535,4.526367,-6.932789,39.018762,-104.8934568,2162.67,2.49,0.0,-0.02,0.48,188.11,2.002,3.274,39.0187619,-104.8934569,2164.05,0.04,,32,,,,0.02,,-0.48,,-0.166713,-0.696272,-9.885103,-0.039,0.078,-0.121,-207.0,4.0,444.0,14.886,9.78,360.0,89.0,23.75,,,,,,,,,,,,,,,,,,,,,2026-04-01 14:46:28,True,35.015,10.946,384.37,145.585
2026-04-08T16:59:39.386Z,2026-04-08T16:59:39.386Z,147.449,1937,,,,,1.260507,1.08862,-172.288409,-0.40107,17.876283,-7.104677,39.018762,-104.8934568,2162.64,2.463,0.0,-0.04,0.48,187.68,2.002,3.274,39.0187619,-104.8934569,2164.05,0.04,,32,,,,0.04,,-0.48,,0.05884,0.098066,-9.934136,-0.006,0.311,-0.124,-207.0,4.0,444.0,14.967,9.31,361.0,89.0,23.75,,,,,,,,,,,,,,,,,,,,,2026-04-01 14:46:28,True,34.985,10.963,384.37,139.343
2026-04-08T16:59:39.468Z,2026-04-08T16:59:39.468Z,147.531,1938,,,,,1.203211,1.604282,-172.460296,2.635606,18.678424,-7.047381,39.018762,-104.8934568,2162.62,2.449,0.0,-0.03,0.49,187.48,2.002,3.274,39.0187619,-104.8934569,2164.05,0.04,,32,,,,0.03,,-0.49,,0.313813,-0.460913,-9.698777,0.046,0.325,-0.123,-215.0,2.0,444.0,14.967,9.31,361.0,89.0,23.75,,,,,,,,,,,,,,,,,,,,,2026-04-01 14:46:28,True,34.97,10.934,384.204,139.343
2026-04-08T16:59:39.540Z,2026-04-08T16:59:39.540Z,147.603,1939,,,,,1.661578,1.317803,-173.09055,0.114592,-14.209353,-4.698254,39.018762,-104.8934569,2162.57,2.396,0.01,-0.04,0.49,186.86,2.002,3.266,39.0187619,-104.893457,2163.97,0.05,,32,,,,0.041,,-0.49,,-0.1471,-0.353039,-9.483031,0.002,-0.248,-0.082,-225.0,1.0,439.0,14.967,9.31,361.0,89.0,23.75,,,,,,,,,,,,,,,,,,,,,2026-04-01 14:46:28,True,34.985,10.954,384.287,139.343
2026-04-08T16:59:39.608Z,2026-04-08T16:59:39.608Z,147.671,1940,,,,,1.145916,0.744845,-173.49162,-10.255945,-4.125296,-5.213916,39.018762,-104.8934569,2162.54,2.366,0.01,-0.05,0.49,186.48,2.002,3.266,39.0187619,-104.893457,2163.97,0.05,,32,,,,0.051,,-0.49,,0.284393,-0.166713,-9.86549,-0.178,-0.072,-0.091,-219.0,0.0,440.0,14.967,9.31,361.0,89.0,23.75,,,,,,,,,,,,,,,,,,,,,2026-04-01 14:46:28,True,34.992,10.961,384.287,139.343
2026-04-08T16:59:39.680Z,2026-04-08T16:59:39.680Z,147.743,1941,,,,,1.031324,0.515662,-173.892691,-0.630254,-3.208564,-5.271212,39.018762,-104.893457,2162.51,2.331,0.01,-0.05,0.5,186.08,2.002,3.257,39.0187619,-104.893457,2163.97,0.05,,32,,,,0.051,,-0.5,,0.353039,0.0,-9.816457,-0.01,-0.056,-0.092,-219.0,0.0,440.0,14.967,9.31,361.0,89.0,23.75,,,,,,,,,,,,,,,,,,,,,2026-04-01 14:46:28,True,34.955,10.949,384.204,139.343
2026-04-08T16:59:39.749Z,2026-04-08T16:59:39.749Z,147.812,1942,,,,,1.08862,0.286479,-174.17917,2.864789,-6.073353,-3.208564,39.018762,-104.893457,2162.48,2.3,0.0,-0.05,0.5,185.81,2.002,3.257,39.0187619,-104.8934571,2163.92,0.05,,32,,,,0.05,,-0.5,,-0.17652,-0.568786,-9.816457,0.049,-0.106,-0.056,-214.0,-5.0,444.0,14.912,9.54,362.0,89.0,23.75,,,,,,,,,,,,,,,,,,,,,2026-04-01 14:46:28,True,34.97,10.951,384.037,142.26
2026-04-08T16:59:39.821Z,2026-04-08T16:59:39.821Z,147.884,1943,,,,,1.203211,-0.114592,-174.293761,-1.317803,-3.380451,-0.458366,39.0187619,-104.8934571,2162.44,2.266,-0.01,-0.04,0.51,185.72,1.99,3.248,39.0187619,-104.8934571,2163.92,0.05,,32,,,,0.041,,-0.51,,0.019613,-0.245166,-9.65955,-0.022,-0.058,-0.008,-212.0,-7.0,445.0,14.912,9.54,362.0,89.0,23.75,,,,,,,,,,,,,,,,,,,,,2026-04-01 14:46:28,True,34.932,10.944,383.705,142.26
2026-04-08T16:59:39.889Z,2026-04-08T16:59:39.889Z,147.952,1944,,,,,0.802141,0.0,-174.236465,-4.411775,3.323155,1.08862,39.0187619,-104.8934572,2162.41,2.232,-0.01,-0.05,0.51,185.8,1.99,3.24,39.0187619,-104.8934571,2163.92,0.05,,32,,,,0.051,,-0.51,,0.0,-0.107873,-9.68897,-0.076,0.058,0.018,-212.0,-7.0,445.0,14.912,9.54,362.0,89.0,23.75,,,,,,,,,,,,,,,,,,,,,2026-04-01 14:46:28,True,34.955,10.939,383.871,142.26
2026-04-08T16:59:39.976Z,2026-04-08T16:59:39.976Z,148.039,1945,,,,,0.630254,0.286479,-174.121874,-2.463719,5.84417,0.802141,39.0187619,-104.8934572,2162.37,2.195,-0.02,-0.05,0.54,185.89,1.99,3.24,39.0187618,-104.8934572,2163.82,0.08,,32,,,,0.054,,-0.54,,0.019613,-0.539366,-9.826263,-0.043,0.101,0.013,-208.0,-9.0,445.0,14.896,9.38,362.0,89.0,23.75,,,,,,,,,,,,,,,,,,,,,2026-04-01 14:46:28,True,34.977,10.939,384.204,139.724
2026-04-08T16:59:40.061Z,2026-04-08T16:59:40.061Z,148.124,1946,,,,,0.343775,0.802141,-174.064578,-3.724226,8.880846,1.661578,39.0187618,-104.8934572,2162.34,2.161,-0.01,-0.03,0.53,185.99,1.979,3.24,39.0187618,-104.8934572,2163.82,0.08,,32,,,,0.032,,-0.53,,-0.05884,-0.529559,-9.60071,-0.065,0.154,0.028,-212.0,-10.0,444.0,14.896,9.38,362.0,89.0,23.75,,,,,,,,,,,,,,,,,,,,,2026-04-01 14:46:28,True,34.939,10.932,384.536,139.724
2026-04-08T16:59:40.131Z,2026-04-08T16:59:40.131Z,148.194,1947,,,,,0.515662,1.776169,-173.835395,7.104677,5.672282,2.635606,39.0187618,-104.8934573,2162.27,2.099,-0.02,0.0,0.55,186.19,1.979,3.231,39.0187617,-104.8934573,2163.76,0.05,,32,,,,0.02,,-0.55,,0.17652,-0.068647,-9.65955,0.124,0.098,0.045,-218.0,-12.0,441.0,14.896,9.38,362.0,89.0,23.75,,,,,,,,,,,,,,,,,,,,,2026-04-01 14:46:28,True,35.015,10.949,383.871,139.724
2026-04-08T16:59:40.196Z,2026-04-08T16:59:40.196Z,148.259,1948,,,,,1.031324,1.546986,-173.606212,7.73493,-7.047381,4.812845,39.0187618,-104.8934573,2162.24,2.066,-0.03,-0.01,0.53,186.48,1.979,3.231,39.0187617,-104.8934573,2163.76,0.05,,32,,,,0.032,,-0.53,,0.1471,-0.578592,-9.63013,0.134,-0.123,0.083,-223.0,-8.0,439.0,14.918,9.64,363.0,88.0,23.75,,,,,,,,,,,,,,,,,,,,,2026-04-01 14:46:28,True,34.992,10.956,384.453,143.81
2026-04-08T16:59:40.272Z,2026-04-08T16:59:40.272Z,148.335,1949,,,,,1.08862,1.432394,-173.49162,4.870141,-7.104677,5.213916,39.0187618,-104.8934573,2162.23,2.055,-0.02,0.0,0.55,186.58,1.979,3.231,39.0187617,-104.8934573,2163.76,0.05,,32,,,,0.02,,-0.55,,0.02942,-0.676659,-9.757617,0.085,-0.124,0.091,-223.0,-8.0,439.0,14.918,9.64,363.0,88.0,23.75,,,,,,,,,,,,,,,,,,,,,2026-04-01 14:46:29,True,34.947,10.949,384.287,143.81
2026-04-08T16:59:40.341Z,2026-04-08T16:59:40.341Z,148.404,1950,,,,,1.260507,2.406423,-172.918663,1.546986,14.782311,4.526367,39.0187618,-104.8934573,2162.17,1.994,-0.01,-0.01,0.53,187.11,1.979,3.231,39.0187616,-104.8934574,2163.69,0.05,,32,,,,0.014,,-0.53,,0.2942,-0.343233,-10.140076,0.026,0.257,0.078,-221.0,-3.0,439.0,14.918,9.64,363.0,88.0,23.75,,,,,,,,,,,,,,,,,,,,,2026-04-01 14:46:29,True,34.962,10.946,383.622,143.81
2026-04-08T16:59:40.411Z,2026-04-08T16:59:40.411Z,148.474,1951,,,,,1.317803,2.979381,-172.517592,-2.17724,3.151268,6.016057,39.0187618,-104.8934573,2162.13,1.959,0.0,-0.03,0.51,187.51,1.979,3.231,39.0187616,-104.8934574,2163.69,0.05,,32,,,,0.03,,-0.51,,0.039227,-0.568786,-9.855683,-0.037,0.054,0.104,-231.0,0.0,436.0,14.918,9.64,363.0,88.0,23.75,,,,,,,,,,,,,,,,,,,,,2026-04-01 14:46:29,True,34.947,10.934,383.456,143.81
2026-04-08T16:59:40.479Z,2026-04-08T16:59:40.479Z,148.542,1952,,,,,0.859437,2.692902,-172.116522,-8.938142,-6.359832,5.557691,39.0187618,-104.8934574,2162.1,1.922,0.01,-0.02,0.52,187.9,1.979,3.222,39.0187616,-104.8934574,2163.69,0.05,,32,,,,0.022,,-0.52,,0.362846,-0.02942,-9.845877,-0.155,-0.111,0.096,-231.0,0.0,436.0,14.918,9.64,363.0,88.0,23.75,,,,,,,,,,,,,,,,,,,,,2026-04-01 14:46:29,True,34.947,10.942,383.456,143.81
2026-04-08T16:59:40.565Z,2026-04-08T16:59:40.565Z,148.628,1953,,,,,0.515662,2.349127,-171.887339,-2.979381,-3.495043,3.953409,39.0187618,-104.8934574,2162.06,1.889,0.02,-0.03,0.52,188.17,1.979,3.222,39.0187617,-104.8934575,2163.61,0.03,,32,,,,0.036,,-0.52,,-0.196133,-0.05884,-9.54187,-0.051,-0.061,0.069,-231.0,-1.0,432.0,14.883,9.65,364.0,88.0,23.75,,,,,,,,,,,,,,,,,,,,,2026-04-01 14:46:29,True,34.962,10.939,383.539,143.621
2026-04-08T16:59:40.634Z,2026-04-08T16:59:40.634Z,148.697,1954,,,,,0.859437,2.234535,-171.543564,6.875494,0.286479,4.583662,39.0187618,-104.8934574,2162.03,1.851,0.05,-0.01,0.52,188.49,1.979,3.222,39.0187617,-104.8934575,2163.61,0.03,,32,,,,0.051,,-0.52,,0.02942,-0.353039,-9.581097,0.12,0.004,0.079,-229.0,-2.0,436.0,14.883,9.65,364.0,88.0,23.75,,,,,,,,,,,,,,,,,,,,,2026-04-01 14:46:29,True,34.947,10.939,383.207,143.621
2026-04-08T16:59:40.703Z,2026-04-08T16:59:40.703Z,148.766,1955,,,,,1.145916,1.948057,-171.027902,-1.145916,-6.417127,6.64631,39.0187618,-104.8934574,2161.98,1.804,0.07,-0.02,0.53,189.03,1.979,3.222,39.0187617,-104.8934575,2163.52,0.07,,32,,,,0.073,,-0.53,,-0.039227,-0.735499,-9.992976,-0.02,-0.112,0.115,-227.0,2.0,436.0,14.883,9.65,364.0,88.0,23.75,,,,,,,,,,,,,,,,,,,,,2026-04-01 14:46:29,True,34.947,10.934,383.539,143.621
2026-04-08T16:59:40.767Z,2026-04-08T16:59:40.767Z,148.83,1956,,,,,1.031324,1.48969,-170.569536,-3.66693,-5.385803,6.932789,39.0187619,-104.8934575,2161.94,1.765,0.09,-0.02,0.54,189.52,1.99,3.214,39.0187617,-104.8934575,2163.52,0.07,,32,,,,0.092,,-0.54,,0.137293,0.05884,-9.816457,-0.063,-0.094,0.12,-227.0,2.0,436.0,14.804,10.24,364.0,88.0,23.75,,,,,,,,,,,,,,,,,,,,,2026-04-01 14:46:29,True,34.97,10.942,383.456,151.593
2026-04-08T16:59:40.837Z,2026-04-08T16:59:40.837Z,148.9,1957,,,,,0.916732,1.317803,-170.283057,-3.781521,-3.838817,7.505747,39.0187619,-104.8934575,2161.92,1.744,0.09,-0.02,0.51,189.8,1.99,3.214,39.0187617,-104.8934575,2163.52,0.07,,32,,,,0.092,,-0.51,,0.127486,-0.333426,-9.74781,-0.065,-0.067,0.13,-222.0,4.0,437.0,14.804,10.24,364.0,88.0,23.75,,,,,,,,,,,,,,,,,,,,,2026-04-01 14:46:29,True,34.932,10.944,383.622,151.593
2026-04-08T16:59:40.905Z,2026-04-08T16:59:40.905Z,148.968,1958,,,,,0.744845,0.802141,-169.710099,2.17724,-5.500395,6.24524,39.018762,-104.8934575,2161.87,1.695,0.1,0.0,0.53,190.39,2.002,3.214,39.0187618,-104.8934576,2163.44,0.02,,32,,,,0.1,,-0.53,,-0.215746,-0.2942,-10.01259,0.038,-0.096,0.108,-217.0,5.0,439.0,14.804,10.24,364.0,88.0,23.75,,,,,,,,,,,,,,,,,,,,,2026-04-01 14:46:29,True,34.932,10.937,383.373,151.593
2026-04-08T16:59:40.974Z,2026-04-08T16:59:40.974Z,149.037,1959,,,,,0.687549,0.974028,-169.366324,-1.546986,4.526367,2.750197,39.0187621,-104.8934575,2161.83,1.654,0.09,0.0,0.52,190.64,2.013,3.214,39.0187618,-104.8934576,2163.44,0.02,,32,,,,0.09,,-0.52,,-0.08826,-0.245166,-9.57129,-0.027,0.078,0.047,-217.0,5.0,439.0,14.845,10.03,365.0,88.0,23.75,,,,,,,,,,,,,,,,,,,,,2026-04-01 14:46:29,True,34.917,10.937,383.207,148.895
2026-04-08T16:59:41.055Z,2026-04-08T16:59:41.055Z,149.118,1960,,,,,0.458366,1.08862,-169.309028,-4.870141,4.411775,0.974028,39.0187621,-104.8934575,2161.81,1.631,0.11,0.01,0.53,190.68,2.013,3.214,39.0187618,-104.8934576,2163.44,0.02,,32,,,,0.11,,-0.53,,0.274586,-0.509946,-10.159689,-0.084,0.077,0.016,-217.0,7.0,441.0,14.845,10.03,365.0,88.0,23.75,,,,,,,,,,,,,,,,,,,,,2026-04-01 14:46:29,True,34.932,10.927,383.29,148.895
2026-04-08T16:59:41.127Z,2026-04-08T16:59:41.127Z,149.19,1961,,,,,0.458366,1.031324,-169.480916,-2.005352,-3.265859,-2.979381,39.0187622,-104.8934576,2161.75,1.572,0.11,0.0,0.5,190.47,2.024,3.205,39.0187619,-104.8934577,2163.35,0.11,,32,,,,0.11,,-0.5,,0.1471,-0.500139,-10.140076,-0.035,-0.057,-0.052,-218.0,6.0,440.0,14.845,10.03,365.0,88.0,23.75,,,,,,,,,,,,,,,,,,,,,2026-04-01 14:46:29,True,34.947,10.939,383.788,148.895
2026-04-08T16:59:41.190Z,2026-04-08T16:59:41.190Z,149.253,1962,,,,,0.057296,0.802141,-169.767395,-4.640958,-4.526367,-4.411775,39.0187623,-104.8934576,2161.72,1.54,0.1,0.0,0.49,190.2,2.035,3.205,39.0187619,-104.8934577,2163.35,0.11,,32,,,,0.1,,-0.49,,-0.1471,-0.823759,-9.904716,-0.08,-0.079,-0.077,-217.0,4.0,441.0,14.875,9.24,365.0,88.0,24.0,,,,,,,,,,,,,,,,,,,,,2026-04-01 14:46:29,True,34.947,10.939,383.041,137.445
2026-04-08T16:59:41.273Z,2026-04-08T16:59:41.273Z,149.336,1963,,,,,0.057296,0.630254,-169.82469,-5.557691,-4.698254,-4.698254,39.0187623,-104.8934576,2161.7,1.529,0.1,0.02,0.49,190.09,2.035,3.205,39.0187619,-104.8934577,2163.35,0.11,,32,,,,0.102,,-0.49,,0.02942,-0.20594,-10.022396,-0.097,-0.082,-0.082,-217.0,4.0,441.0,14.875,9.24,365.0,88.0,23.75,,,,,,,,,,,,,,,,,,,,,2026-04-01 14:46:30,True,34.932,10.923,383.456,137.445
2026-04-08T16:59:41.348Z,2026-04-08T16:59:41.348Z,149.411,1964,,,,,0.171887,0.229183,-170.569536,3.66693,-3.838817,-6.073353,39.0187624,-104.8934576,2161.65,1.472,0.12,0.01,0.48,189.37,2.046,3.205,39.0187621,-104.8934577,2163.29,0.11,,32,,,,0.12,,-0.48,,-0.186326,-0.402073,-10.022396,0.063,-0.066,-0.106,-214.0,0.0,444.0,14.923,9.49,366.0,88.0,23.75,,,,,,,,,,,,,,,,,,,,,2026-04-01 14:46:30,True,34.917,10.925,383.373,141.619
2026-04-08T16:59:41.419Z,2026-04-08T16:59:41.419Z,149.482,1965,,,,,0.171887,-0.057296,-171.085198,-0.916732,-3.781521,-6.417127,39.0187625,-104.8934575,2161.61,1.432,0.1,0.0,0.48,188.86,2.057,3.214,39.0187621,-104.8934577,2163.29,0.11,,32,,,,0.1,,-0.48,,-0.127486,-0.961052,-9.71839,-0.015,-0.066,-0.112,-212.0,-1.0,445.0,14.923,9.49,366.0,88.0,23.75,,,,,,,,,,,,,,,,,,,,,2026-04-01 14:46:30,True,34.917,10.937,383.041,141.619
2026-04-08T16:59:41.494Z,2026-04-08T16:59:41.494Z,149.557,1966,,,,,-0.114592,-0.343775,-171.486268,-3.380451,-4.297183,-5.213916,39.0187625,-104.8934575,2161.57,1.397,0.08,0.02,0.48,188.46,2.057,3.214,39.0187621,-104.8934577,2163.29,0.11,,32,,,,0.082,,-0.48,,-0.20594,-0.23536,-9.54187,-0.058,-0.075,-0.091,-212.0,-1.0,445.0,14.923,9.49,366.0,88.0,23.75,,,,,,,,,,,,,,,,,,,,,2026-04-01 14:46:30,True,34.924,10.932,383.456,141.619
2026-04-08T16:59:41.563Z,2026-04-08T16:59:41.563Z,149.626,1967,,,,,0.114592,-0.458366,-171.772747,3.66693,-0.687549,-2.57831,39.0187626,-104.8934575,2161.53,1.356,0.07,0.04,0.49,188.18,2.068,3.214,39.0187623,-104.8934576,2163.19,0.07,,32,,,,0.081,,-0.49,,-0.11768,0.0,-9.65955,0.064,-0.011,-0.045,-207.0,-5.0,445.0,14.899,9.92,367.0,88.0,23.75,,,,,,,,,,,,,,,,,,,,,2026-04-01 14:46:30,True,34.939,10.939,382.792,147.798
2026-04-08T16:59:41.637Z,2026-04-08T16:59:41.637Z,149.7,1968,,,,,0.343775,-0.515662,-171.887339,5.557691,-0.343775,-1.890761,39.0187626,-104.8934575,2161.51,1.329,0.08,0.06,0.49,188.08,2.068,3.214,39.0187623,-104.8934576,2163.19,0.07,,32,,,,0.1,,-0.49,,0.196133,0.049033,-9.757617,0.096,-0.006,-0.033,-207.0,-6.0,448.0,14.899,9.92,367.0,88.0,23.75,,,,,,,,,,,,,,,,,,,,,2026-04-01 14:46:30,True,34.939,10.93,383.29,147.798
2026-04-08T16:59:41.713Z,2026-04-08T16:59:41.713Z,149.776,1969,,,,,0.630254,-0.229183,-172.00193,3.036676,5.786874,-0.630254,39.0187626,-104.8934574,2161.46,1.284,0.06,0.06,0.5,188.0,2.068,3.222,39.0187624,-104.8934575,2163.12,0.11,,32,,,,0.085,,-0.5,,0.0,-0.049033,-9.757617,0.053,0.1,-0.011,-206.0,-4.0,447.0,14.899,9.92,367.0,88.0,23.75,,,,,,,,,,,,,,,,,,,,,2026-04-01 14:46:30,True,34.917,10.923,383.29,147.798
2026-04-08T16:59:41.781Z,2026-04-08T16:59:41.781Z,149.844,1970,,,,,0.974028,0.286479,-171.944634,6.417127,5.385803,1.08862,39.0187627,-104.8934574,2161.42,1.248,0.05,0.04,0.5,188.08,2.079,3.222,39.0187624,-104.8934575,2163.12,0.11,,32,,,,0.064,,-0.5,,-0.068647,-0.696272,-9.914523,0.111,0.094,0.018,-206.0,-4.0,447.0,14.93,9.96,367.0,88.0,24.0,,,,,,,,,,,,,,,,,,,,,2026-04-01 14:46:30,True,34.909,10.939,383.456,148.703
2026-04-08T16:59:41.859Z,2026-04-08T16:59:41.859Z,149.922,1971,,,,,1.145916,0.343775,-171.887339,3.093972,0.630254,2.521014,39.0187627,-104.8934574,2161.4,1.228,0.05,0.04,0.51,188.2,2.079,3.222,39.0187624,-104.8934575,2163.12,0.11,,32,,,,0.064,,-0.51,,-0.08826,-0.480526,-9.92433,0.054,0.01,0.043,-211.0,0.0,446.0,14.93,9.96,367.0,88.0,23.75,,,,,,,,,,,,,,,,,,,,,2026-04-01 14:46:30,True,34.909,10.932,383.123,148.703
2026-04-08T16:59:41.930Z,2026-04-08T16:59:41.930Z,149.993,1972,,,,,0.974028,0.0,-171.371677,-1.48969,-1.776169,5.672282,39.0187627,-104.8934573,2161.35,1.174,0.05,0.06,0.5,188.7,2.079,3.231,39.0187626,-104.8934574,2163.06,0.06,,32,,,,0.078,,-0.5,,-0.20594,-0.343233,-9.532064,-0.026,-0.031,0.098,-210.0,2.0,444.0,14.93,9.96,367.0,88.0,23.75,,,,,,,,,,,,,,,,,,,,,2026-04-01 14:46:30,True,34.917,10.937,383.29,148.703
2026-04-08T16:59:41.996Z,2026-04-08T16:59:41.996Z,150.059,1973,,,,,0.916732,0.114592,-170.970606,-1.317803,2.17724,5.901465,39.0187627,-104.8934572,2161.32,1.141,0.05,0.05,0.51,189.1,2.079,3.24,39.0187626,-104.8934574,2163.06,0.06,,32,,,,0.071,,-0.51,,-0.02942,-0.098066,-9.934136,-0.022,0.038,0.102,-211.0,2.0,445.0,14.828,10.3,368.0,88.0,23.75,,,,,,,,,,,,,,,,,,,,,2026-04-01 14:46:30,True,34.947,10.944,383.456,152.728
2026-04-08T16:59:42.086Z,2026-04-08T16:59:42.086Z,150.149,1974,,,,,0.916732,0.171887,-170.856015,2.005352,1.948057,5.672282,39.0187627,-104.8934572,2161.31,1.13,0.04,0.04,0.5,189.22,2.079,3.24,39.0187626,-104.8934574,2163.06,0.06,,32,,,,0.057,,-0.5,,-0.098066,-0.186326,-10.022396,0.035,0.034,0.098,-211.0,2.0,445.0,14.828,10.3,368.0,88.0,23.75,,,,,,,,,,,,,,,,,,,,,2026-04-01 14:46:30,True,34.909,10.932,383.124,152.728
2026-04-08T16:59:42.154Z,2026-04-08T16:59:42.154Z,150.217,1975,,,,,0.974028,0.40107,-170.053874,-1.031324,-1.833465,7.391156,39.0187628,-104.8934572,2161.24,1.061,0.05,0.07,0.5,190.05,2.09,3.24,39.0187626,-104.8934573,2162.99,0.09,,32,,,,0.086,,-0.5,,0.039227,-0.254973,-10.110656,-0.017,-0.032,0.128,-211.0,5.0,444.0,14.844,9.8,368.0,88.0,23.75,,,,,,,,,,,,,,,,,,,,,2026-04-01 14:46:30,True,34.939,10.932,383.29,145.471
2026-04-08T16:59:42.220Z,2026-04-08T16:59:42.220Z,150.283,1976,,,,,0.974028,0.286479,-169.595507,0.687549,-0.572958,7.161972,39.0187628,-104.8934571,2161.2,1.029,0.04,0.06,0.5,190.5,2.09,3.248,39.0187626,-104.8934573,2162.99,0.09,,32,,,,0.072,,-0.5,,0.0,-0.05884,-9.796843,0.012,-0.01,0.124,-212.0,7.0,443.0,14.844,9.8,368.0,88.0,23.75,,,,,,,,,,,,,,,,,,,,,2026-04-01 14:46:30,True,34.947,10.939,382.875,145.471
2026-04-08T16:59:42.287Z,2026-04-08T16:59:42.287Z,150.35,1977,,,,,1.203211,0.114592,-169.079845,1.546986,-3.896113,7.33386,39.0187628,-104.8934571,2161.17,0.993,0.04,0.04,0.51,191.0,2.09,3.248,39.0187626,-104.8934573,2162.99,0.09,,32,,,,0.057,,-0.51,,0.0,-0.08826,-9.885103,0.026,-0.068,0.127,-212.0,7.0,443.0,14.844,9.8,368.0,88.0,23.75,,,,,,,,,,,,,,,,,,,,,2026-04-01 14:46:31,True,34.977,10.942,383.041,145.471
2026-04-08T16:59:42.354Z,2026-04-08T16:59:42.354Z,150.417,1978,,,,,1.031324,-0.114592,-168.621479,-4.411775,-1.833465,6.474423,39.0187628,-104.8934571,2161.13,0.956,0.05,0.07,0.51,191.46,2.09,3.248,39.0187626,-104.8934572,2162.89,0.01,,32,,,,0.086,,-0.51,,0.019613,-0.215746,-10.01259,-0.077,-0.031,0.112,-211.0,10.0,444.0,14.798,10.09,369.0,88.0,23.75,,,,,,,,,,,,,,,,,,,,,2026-04-01 14:46:31,True,34.939,10.946,382.958,149.312
2026-04-08T16:59:42.422Z,2026-04-08T16:59:42.422Z,150.485,1979,,,,,0.974028,-0.057296,-168.277704,-0.057296,1.776169,4.698254,39.0187628,-104.893457,2161.1,0.923,0.04,0.06,0.5,191.77,2.09,3.257,39.0187626,-104.8934572,2162.89,0.01,,32,,,,0.072,,-0.5,,-0.11768,0.068647,-9.885103,0.0,0.03,0.081,-208.0,12.0,444.0,14.798,10.09,369.0,88.0,23.75,,,,,,,,,,,,,,,,,,,,,2026-04-01 14:46:31,True,34.947,10.927,383.041,149.312
2026-04-08T16:59:42.505Z,2026-04-08T16:59:42.505Z,150.568,1980,,,,,1.145916,-0.057296,-167.991226,4.526367,-1.145916,4.182592,39.0187628,-104.893457,2161.06,0.886,0.06,0.05,0.51,192.06,2.09,3.257,39.0187626,-104.8934572,2162.89,0.01,,32,,,,0.078,,-0.51,,-0.382459,-0.353039,-9.590904,0.079,-0.019,0.072,-208.0,12.0,444.0,14.798,10.09,369.0,88.0,23.75,,,,,,,,,,,,,,,,,,,,,2026-04-01 14:46:31,True,34.917,10.923,383.788,149.312
2026-04-08T16:59:44.133Z,2026-04-08T16:59:44.133Z,152.196,1981,,,,,0.916732,-0.057296,-167.704747,-4.640958,-0.572958,1.948057,39.0187628,-104.893457,2161.02,0.84,0.05,0.06,0.5,192.29,2.09,3.257,39.0187626,-104.8934572,2162.82,0.03,,32,,,,0.078,,-0.5,,0.254973,-0.254973,-10.032203,-0.081,-0.009,0.033,-208.0,14.0,444.0,14.787,10.06,369.0,88.0,23.75,,,,,,,,,,,,,,,,,,,,,2026-04-01 14:46:32,True,34.811,10.927,382.625,148.757
2026-04-08T16:59:44.766Z,2026-04-08T16:59:44.766Z,152.829,1982,,,,,0.802141,-0.114592,-167.704747,-0.974028,-2.864789,0.687549,39.0187628,-104.8934569,2161.0,0.82,0.05,0.03,0.49,192.31,2.09,3.266,39.0187626,-104.8934572,2162.82,0.03,,32,,,,0.058,,-0.49,,-0.26478,-0.470719,-9.74781,-0.017,-0.05,0.011,-209.0,15.0,444.0,14.81,10.29,370.0,88.0,24.0,,,,,,,,,,,,,,,,,,,,,2026-04-01 14:46:33,True,34.833,10.939,383.622,152.395
2026-04-08T16:59:44.856Z,2026-04-08T16:59:44.856Z,152.919,1983,,,,,0.974028,-0.572958,-168.105817,-2.750197,-1.604282,-3.953409,39.0187629,-104.8934569,2160.9,0.721,0.04,0.04,0.49,191.86,2.102,3.266,39.0187627,-104.8934571,2162.76,0.07,,32,,,,0.057,,-0.49,,-0.421686,-0.627626,-9.943943,-0.047,-0.028,-0.069,-206.0,15.0,446.0,14.866,9.93,370.0,88.0,23.75,,,,,,,,,,,,,,,,,,,,,2026-04-01 14:46:33,True,34.894,10.923,383.29,147.619
2026-04-08T16:59:44.946Z,2026-04-08T16:59:44.946Z,153.009,1984,,,,,1.08862,-0.40107,-169.137141,-2.692902,0.458366,-5.557691,39.0187629,-104.8934568,2160.8,0.621,0.02,0.02,0.48,190.82,2.102,3.274,39.0187628,-104.893457,2162.67,0.04,,32,,,,0.028,,-0.48,,-0.127486,-0.539366,-9.757617,-0.046,0.007,-0.097,-206.0,14.0,447.0,14.837,10.4,371.0,88.0,23.75,,,,,,,,,,,,,,,,,,,,,2026-04-01 14:46:33,True,34.902,10.925,383.207,154.305
2026-04-08T16:59:45.039Z,2026-04-08T16:59:45.039Z,153.102,1985,,,,,0.572958,-0.286479,-169.939282,0.515662,0.572958,-2.979381,39.0187629,-104.8934568,2160.69,0.519,0.01,0.02,0.49,190.02,2.102,3.274,39.0187628,-104.893457,2162.58,0.03,,32,,,,0.022,,-0.49,,-0.166713,-0.049033,-10.120463,0.008,0.01,-0.052,-206.0,6.0,447.0,14.86,9.76,372.0,88.0,23.75,,,,,,,,,,,,,,,,,,,,,2026-04-01 14:46:33,True,34.909,10.923,383.622,145.034
2026-04-08T16:59:45.136Z,2026-04-08T16:59:45.136Z,153.199,1986,,,,,0.572958,-0.802141,-169.996578,-1.604282,-3.609634,2.234535,39.0187629,-104.8934568,2160.6,0.424,0.01,0.03,0.46,190.03,2.102,3.274,39.0187629,-104.893457,2162.53,0.06,,32,,,,0.032,,-0.46,,-0.1471,-0.009807,-9.522257,-0.027,-0.063,0.038,-205.0,4.0,447.0,14.798,10.63,372.0,88.0,23.75,,,,,,,,,,,,,,,,,,,,,2026-04-01 14:46:33,True,34.879,10.918,383.123,157.303
2026-04-08T16:59:45.226Z,2026-04-08T16:59:45.226Z,153.289,1987,,,,,0.286479,-0.859437,-169.194437,1.375099,1.661578,5.557691,39.018763,-104.8934568,2160.5,0.328,0.0,0.03,0.48,190.88,2.113,3.274,39.0187629,-104.893457,2162.46,0.02,,32,,,,0.03,,-0.48,,0.372653,0.039227,-10.032203,0.023,0.028,0.096,-202.0,3.0,448.0,14.833,10.02,373.0,88.0,23.75,,,,,,,,,,,,,,,,,,,,,2026-04-01 14:46:33,True,34.909,10.92,382.626,148.627
2026-04-08T16:59:45.325Z,2026-04-08T16:59:45.325Z,153.388,1988,,,,,0.229183,0.171887,-168.220409,-2.119944,5.786874,4.354479,39.0187629,-104.8934568,2160.41,0.23,0.0,0.03,0.48,191.82,2.102,3.274,39.0187629,-104.893457,2162.37,0.01,,32,,,,0.03,,-0.48,,-0.019613,-0.08826,-9.875297,-0.037,0.1,0.075,-207.0,9.0,446.0,14.802,10.35,373.0,88.0,23.75,,,,,,,,,,,,,,,,,,,,,2026-04-01 14:46:34,True,34.909,10.915,382.792,153.201
2026-04-08T16:59:45.421Z,2026-04-08T16:59:45.421Z,153.484,1989,,,,,-0.286479,-0.802141,-167.704747,-3.724226,-1.890761,1.260507,39.018763,-104.8934567,2160.31,0.129,-0.02,0.06,0.49,192.28,2.113,3.283,39.0187629,-104.8934569,2162.31,0.04,,32,,,,0.063,,-0.49,,0.0,-0.1471,-10.051816,-0.065,-0.033,0.021,-204.0,4.0,447.0,14.92,9.89,374.0,88.0,23.75,,,,,,,,,,,,,,,,,,,,,2026-04-01 14:46:34,True,34.856,10.92,382.874,147.559
2026-04-08T16:59:45.521Z,2026-04-08T16:59:45.521Z,153.584,1990,,,,,0.859437,-0.916732,-168.907958,5.786874,-6.302536,-8.021409,39.018763,-104.8934566,2160.21,0.031,-0.03,0.07,0.52,191.01,2.113,3.292,39.0187629,-104.8934568,2162.24,0.07,,32,,,,0.076,,-0.52,,-0.186326,-0.254973,-9.492837,0.101,-0.11,-0.139,-204.0,6.0,450.0,14.859,10.96,374.0,88.0,24.0,,,,,,,,,,,,,,,,,,,,,2026-04-01 14:46:34,True,34.864,10.923,382.958,162.855
2026-04-08T16:59:45.618Z,2026-04-08T16:59:45.618Z,153.681,1991,,,,,-0.114592,-0.171887,-170.569536,-8.995437,13.98017,-5.557691,39.0187629,-104.8934565,2160.11,-0.068,-0.02,0.08,0.44,189.4,2.102,3.3,39.0187629,-104.8934568,2162.16,0.04,,32,,,,0.082,,-0.44,,-0.411879,-0.411879,-11.159968,-0.157,0.243,-0.097,-204.0,0.0,448.0,15.477,1.04,375.0,88.0,23.75,,,,,,,,,,,,,,,,,,,,,2026-04-01 14:46:34,True,34.902,10.923,382.708,16.096
2026-04-08T16:59:45.714Z,2026-04-08T16:59:45.714Z,153.777,1992,,,,,-2.234535,1.145916,-169.939282,2.521014,6.073353,3.323155,39.0187629,-104.8934563,2160.07,-0.104,0.0,0.0,0.2,190.08,2.102,3.317,39.0187628,-104.8934566,2162.09,0.11,,32,,,,0.0,,-0.2,,0.509946,0.941438,-9.012311,0.043,0.105,0.057,-225.0,-14.0,448.0,15.464,0.57,375.0,88.0,23.75,,,,,,,,,,,,,,,,,,,,,2026-04-01 14:46:34,True,34.871,10.92,382.958,8.814
2026-04-08T16:59:45.807Z,2026-04-08T16:59:45.807Z,153.87,1993,,,,,-1.776169,1.260507,-169.996578,0.286479,0.114592,-0.286479,39.018763,-104.8934564,2160.05,-0.126,0.0,0.0,0.15,190.01,2.113,3.309,39.0187629,-104.8934564,2162.07,0.08,,32,,,,0.0,,-0.15,,-0.215746,0.382459,-9.71839,0.004,0.001,-0.005,-227.0,-11.0,447.0,15.616,0.0,375.0,88.0,23.75,,,,,,,,,,,,,,,,,,,,,2026-04-01 14:46:34,True,34.871,10.923,382.626,0.0
2026-04-08T16:59:45.899Z,2026-04-08T16:59:45.899Z,153.962,1994,,,,,-1.776169,1.260507,-169.996578,0.057296,0.515662,-0.057296,39.018763,-104.8934563,2160.03,-0.146,0.0,0.0,0.13,190.02,2.113,3.317,39.0187629,-104.8934564,2162.09,0.01,,32,,,,0.0,,-0.13,,0.2942,0.284393,-9.98317,0.0,0.008,-0.001,-228.0,-9.0,449.0,15.715,0.0,375.0,88.0,23.75,,,,,,,,,,,,,,,,,,,,,2026-04-01 14:46:34,True,34.909,10.923,382.792,0.0
2026-04-08T16:59:45.995Z,2026-04-08T16:59:45.995Z,154.058,1995,,,,,-1.833465,1.375099,-169.939282,-0.572958,-0.0,0.286479,39.018763,-104.8934563,2160.0,-0.171,0.0,0.0,0.14,190.04,2.113,3.317,39.018763,-104.8934564,2162.08,0.02,,32,,,,0.0,,-0.14,,0.127486,0.304006,-9.83607,-0.01,0.0,0.004,-230.0,-9.0,449.0,15.719,0.0,375.0,88.0,23.75,,,,,,,,,,,,,,,,,,,,,2026-04-01 14:46:34,True,34.894,10.915,382.543,0.0
2026-04-08T16:59:46.088Z,2026-04-08T16:59:46.088Z,154.151,1996,,,,,-1.833465,1.432394,-169.939282,0.40107,0.229183,-0.0,39.018763,-104.8934563,2159.98,-0.198,0.0,0.01,0.15,190.07,2.113,3.317,39.018763,-104.8934564,2162.08,0.01,,32,,,,0.01,,-0.15,,0.08826,0.039227,-9.86549,0.007,0.003,0.0,-230.0,-10.0,449.0,15.709,0.0,375.0,88.0,23.75,,,,,,,,,,,,,,,,,,,,,2026-04-01 14:46:34,True,34.856,10.92,382.543,0.0
2026-04-08T16:59:46.185Z,2026-04-08T16:59:46.185Z,154.248,1997,,,,,-1.890761,1.432394,-169.939282,-0.114592,0.057296,0.114592,39.018763,-104.8934563,2159.95,-0.224,0.0,0.01,0.14,190.08,2.113,3.317,39.018763,-104.8934564,2162.08,0.03,,32,,,,0.01,,-0.14,,0.078453,0.11768,-9.83607,-0.001,0.0,0.001,-231.0,-9.0,449.0,15.73,0.0,375.0,88.0,23.75,,,,,,,,,,,,,,,,,,,,,2026-04-01 14:46:34,True,34.894,10.925,382.874,0.0
2026-04-08T16:59:46.275Z,2026-04-08T16:59:46.275Z,154.338,1998,,,,,-1.890761,1.48969,-169.881986,0.343775,0.0,0.057296,39.0187631,-104.8934563,2159.93,-0.248,0.01,0.0,0.15,190.1,2.124,3.317,39.0187631,-104.8934564,2162.08,0.03,,32,,,,0.01,,-0.15,,0.215746,0.098066,-9.845877,0.005,0.0,0.0,-231.0,-10.0,449.0,15.729,0.0,375.0,88.0,23.75,,,,,,,,,,,,,,,,,,,,,2026-04-01 14:46:35,True,34.917,10.92,382.625,0.0
2026-04-08T16:59:46.386Z,2026-04-08T16:59:46.386Z,154.449,1999,,,,,-1.890761,1.48969,-169.881986,0.286479,0.057296,0.114592,39.0187631,-104.8934563,2159.9,-0.273,0.01,0.01,0.15,190.12,2.124,3.317,39.0187631,-104.8934563,2162.08,0.01,,32,,,,0.014,,-0.15,,0.166713,-0.02942,-9.787037,0.004,0.0,0.001,-231.0,-10.0,449.0,15.728,0.0,375.0,88.0,24.0,,,,,,,,,,,,,,,,,,,,,2026-04-01 14:46:35,True,34.848,10.918,382.875,0.0
2026-04-08T16:59:46.476Z,2026-04-08T16:59:46.476Z,154.539,2000,,,,,-1.890761,1.48969,-169.881986,-0.343775,-0.057296,0.171887,39.0187631,-104.8934563,2159.88,-0.297,0.01,0.0,0.14,190.13,2.124,3.317,39.0187631,-104.8934564,2162.07,0.03,,32,,,,0.01,,-0.14,,0.127486,0.08826,-9.787037,-0.006,-0.001,0.002,-230.0,-9.0,448.0,15.728,0.0,375.0,88.0,23.75,,,,,,,,,,,,,,,,,,,,,2026-04-01 14:46:35,True,34.909,10.925,382.792,0.0
2026-04-08T16:59:46.567Z,2026-04-08T16:59:46.567Z,154.63,2001,,,,,-1.890761,1.48969,-169.881986,0.171887,0.171887,-0.057296,39.0187632,-104.8934563,2159.86,-0.313,0.01,0.0,0.14,190.14,2.135,3.317,39.0187631,-104.8934563,2162.07,0.03,,32,,,,0.01,,-0.14,,0.20594,0.0,-9.914523,0.003,0.002,0.0,-230.0,-9.0,448.0,15.722,0.0,375.0,88.0,23.75,,,,,,,,,,,,,,,,,,,,,2026-04-01 14:46:35,True,34.886,10.92,383.041,0.0
2026-04-08T16:59:46.645Z,2026-04-08T16:59:46.645Z,154.708,2002,,,,,-1.890761,1.546986,-169.881986,-0.343775,0.114592,-0.0,39.0187632,-104.8934563,2159.84,-0.33,0.02,0.0,0.15,190.15,2.135,3.317,39.0187631,-104.8934563,2162.07,0.01,,32,,,,0.02,,-0.15,,0.2942,0.078453,-9.914523,-0.005,0.002,0.0,-231.0,-10.0,448.0,15.722,0.0,375.0,88.0,24.0,,,,,,,,,,,,,,,,,,,,,2026-04-01 14:46:35,True,34.902,10.913,382.709,0.0
2026-04-08T16:59:46.720Z,2026-04-08T16:59:46.720Z,154.783,2003,,,,,-1.948057,1.546986,-169.82469,-0.171887,-0.171887,0.114592,39.0187632,-104.8934563,2159.83,-0.347,0.01,0.0,0.14,190.16,2.135,3.317,39.0187631,-104.8934563,2162.07,0.0,,32,,,,0.01,,-0.14,,0.166713,0.0,-9.845877,-0.003,-0.002,0.001,-231.0,-9.0,449.0,15.722,0.0,375.0,88.0,23.75,,,,,,,,,,,,,,,,,,,,,2026-04-01 14:46:35,True,34.886,10.923,382.875,0.0
2026-04-08T16:59:46.794Z,2026-04-08T16:59:46.794Z,154.857,2004,,,,,-1.948057,1.546986,-169.82469,0.0,0.171887,-0.286479,39.0187632,-104.8934563,2159.81,-0.365,0.02,0.0,0.15,190.16,2.135,3.317,39.0187631,-104.8934563,2162.07,0.0,,32,,,,0.02,,-0.15,,0.17652,0.078453,-9.826263,0.0,0.002,-0.005,-231.0,-9.0,449.0,15.844,0.01,375.0,88.0,23.75,,,,,,,,,,,,,,,,,,,,,2026-04-01 14:46:35,True,34.932,10.923,382.708,0.158
2026-04-08T16:59:46.877Z,2026-04-08T16:59:46.877Z,154.94,2005,,,,,-1.948057,1.546986,-169.82469,-0.229183,0.0,0.286479,39.0187632,-104.8934563,2159.8,-0.374,0.01,0.0,0.14,190.16,2.135,3.317,39.0187631,-104.8934563,2162.07,0.0,,32,,,,0.01,,-0.14,,0.186326,0.05884,-9.80665,-0.003,0.0,0.004,-232.0,-9.0,449.0,15.844,0.01,375.0,88.0,23.75,,,,,,,,,,,,,,,,,,,,,2026-04-01 14:46:35,True,34.909,10.923,382.957,0.158
2026-04-08T16:59:46.953Z,2026-04-08T16:59:46.953Z,155.016,2006,,,,,-1.948057,1.546986,-169.82469,-0.229183,0.229183,-0.114592,39.0187632,-104.8934563,2159.77,-0.407,0.01,0.0,0.15,190.16,2.135,3.317,39.0187631,-104.8934562,2162.07,0.02,,32,,,,0.01,,-0.15,,0.156906,0.215746,-9.816457,-0.003,0.004,-0.002,-231.0,-10.0,449.0,15.863,0.02,375.0,88.0,24.0,,,,,,,,,,,,,,,,,,,,,2026-04-01 14:46:35,True,34.879,10.913,382.709,0.317
2026-04-08T16:59:47.031Z,2026-04-08T16:59:47.031Z,155.094,2007,,,,,-1.948057,1.546986,-169.82469,-0.229183,0.114592,-0.171887,39.0187632,-104.8934563,2159.75,-0.423,0.01,0.01,0.15,190.16,2.135,3.317,39.0187631,-104.8934562,2162.07,0.02,,32,,,,0.014,,-0.15,,0.098066,0.156906,-9.826263,-0.004,0.002,-0.003,-233.0,-10.0,449.0,15.863,0.02,375.0,88.0,23.75,,,,,,,,,,,,,,,,,,,,,2026-04-01 14:46:35,True,34.902,10.925,382.792,0.317
2026-04-08T16:59:47.110Z,2026-04-08T16:59:47.110Z,155.173,2008,,,,,-1.948057,1.604282,-169.82469,-0.057296,0.114592,0.114592,39.0187632,-104.8934563,2159.73,-0.446,0.01,0.0,0.15,190.15,2.135,3.317,39.0187631,-104.8934562,2162.07,0.02,,32,,,,0.01,,-0.15,,0.107873,0.11768,-9.826263,0.0,0.001,0.001,-231.0,-10.0,449.0,15.863,0.02,375.0,88.0,23.75,,,,,,,,,,,,,,,,,,,,,2026-04-01 14:46:35,True,34.879,10.92,382.958,0.317
2026-04-08T16:59:47.187Z,2026-04-08T16:59:47.187Z,155.25,2009,,,,,-2.005352,1.604282,-169.881986,-0.171887,-0.057296,-0.114592,39.0187632,-104.8934563,2159.71,-0.463,0.01,0.0,0.15,190.16,2.135,3.317,39.0187631,-104.8934562,2162.07,0.01,,32,,,,0.01,,-0.15,,0.098066,0.05884,-9.796843,-0.003,-0.001,-0.001,-231.0,-10.0,449.0,15.851,0.01,375.0,88.0,24.0,,,,,,,,,,,,,,,,,,,,,2026-04-01 14:46:35,True,34.924,10.925,382.543,0.159
2026-04-08T16:59:47.273Z,2026-04-08T16:59:47.273Z,155.336,2010,,,,,-2.005352,1.604282,-169.881986,-0.114592,0.114592,-0.343775,39.0187632,-104.8934563,2159.7,-0.472,0.02,0.0,0.15,190.15,2.135,3.317,39.0187631,-104.8934562,2162.07,0.01,,32,,,,0.02,,-0.15,,0.186326,0.098066,-9.816457,-0.002,0.002,-0.006,-232.0,-10.0,449.0,15.851,0.01,375.0,88.0,23.75,,,,,,,,,,,,,,,,,,,,,2026-04-01 14:46:36,True,34.879,10.918,383.622,0.159
2026-04-08T16:59:47.355Z,2026-04-08T16:59:47.355Z,155.418,2011,,,,,-2.005352,1.604282,-169.881986,0.0,0.0,-0.343775,39.0187632,-104.8934562,2159.68,-0.497,0.01,0.01,0.15,190.14,2.135,3.326,39.0187631,-104.8934562,2162.07,0.01,,32,,,,0.014,,-0.15,,0.196133,0.11768,-9.83607,0.0,0.0,-0.006,-232.0,-10.0,449.0,15.862,0.01,375.0,88.0,23.75,,,,,,,,,,,,,,,,,,,,,2026-04-01 14:46:36,True,34.924,10.932,382.709,0.159
2026-04-08T16:59:47.437Z,2026-04-08T16:59:47.437Z,155.5,2012,,,,,-2.005352,1.604282,-169.881986,0.057296,-0.057296,0.286479,39.0187632,-104.8934562,2159.66,-0.515,0.01,0.0,0.15,190.14,2.135,3.326,39.0187631,-104.8934562,2162.07,0.01,,32,,,,0.01,,-0.15,,0.1471,0.019613,-9.845877,0.001,-0.001,0.004,-233.0,-10.0,450.0,15.862,0.01,375.0,88.0,24.0,,,,,,,,,,,,,,,,,,,,,2026-04-01 14:46:36,True,34.902,10.92,382.377,0.159
2026-04-08T16:59:47.518Z,2026-04-08T16:59:47.518Z,155.581,2013,,,,,-2.005352,1.604282,-169.881986,0.057296,0.0,-0.286479,39.0187632,-104.8934562,2159.64,-0.534,0.01,0.01,0.15,190.14,2.135,3.326,39.0187631,-104.8934561,2162.07,0.01,,32,,,,0.014,,-0.15,,0.11768,0.11768,-9.826263,0.0,0.0,-0.005,-232.0,-11.0,449.0,15.862,0.01,375.0,88.0,23.75,,,,,,,,,,,,,,,,,,,,,2026-04-01 14:46:36,True,34.894,10.915,382.709,0.159
2026-04-08T16:59:47.593Z,2026-04-08T16:59:47.593Z,155.656,2014,,,,,-2.005352,1.604282,-169.881986,-0.114592,0.057296,0.458366,39.0187632,-104.8934562,2159.62,-0.55,0.01,0.01,0.15,190.13,2.135,3.326,39.0187631,-104.8934561,2162.07,0.01,,32,,,,0.014,,-0.15,,0.20594,0.156906,-9.845877,-0.002,0.0,0.007,-232.0,-11.0,449.0,15.85,0.0,375.0,88.0,23.75,,,,,,,,,,,,,,,,,,,,,2026-04-01 14:46:36,True,34.917,10.923,382.791,0.0
2026-04-08T16:59:47.684Z,2026-04-08T16:59:47.684Z,155.747,2015,,,,,-2.005352,1.604282,-169.881986,-0.114592,-0.057296,-0.515662,39.0187632,-104.8934562,2159.62,-0.556,0.01,0.01,0.15,190.13,2.135,3.326,39.0187631,-104.8934561,2162.07,0.01,,32,,,,0.014,,-0.15,,0.17652,0.098066,-9.855683,-0.001,-0.001,-0.009,-233.0,-10.0,450.0,15.85,0.0,375.0,88.0,23.75,,,,,,,,,,,,,,,,,,,,,2026-04-01 14:46:36,True,34.894,10.918,383.124,0.0
2026-04-08T16:59:47.763Z,2026-04-08T16:59:47.763Z,155.826,2016,,,,,-2.005352,1.604282,-169.881986,-0.057296,0.057296,0.744845,39.0187632,-104.8934562,2159.6,-0.578,0.01,0.01,0.15,190.12,2.135,3.326,39.0187632,-104.8934561,2162.06,0.02,,32,,,,0.014,,-0.15,,0.166713,0.107873,-9.845877,0.0,0.0,0.012,-232.0,-10.0,449.0,15.872,0.01,375.0,88.0,23.75,,,,,,,,,,,,,,,,,,,,,2026-04-01 14:46:36,True,34.894,10.913,383.124,0.159
2026-04-08T16:59:47.845Z,2026-04-08T16:59:47.845Z,155.908,2017,,,,,-2.005352,1.604282,-169.881986,-0.114592,0.057296,0.458366,39.0187632,-104.8934562,2159.59,-0.587,0.01,0.01,0.15,190.12,2.135,3.326,39.0187632,-104.8934561,2162.06,0.02,,32,,,,0.014,,-0.15,,0.156906,0.098066,-9.816457,-0.001,0.0,0.007,-233.0,-10.0,449.0,15.872,0.01,375.0,88.0,23.75,,,,,,,,,,,,,,,,,,,,,2026-04-01 14:46:36,True,34.894,10.918,382.543,0.159
2026-04-08T16:59:47.928Z,2026-04-08T16:59:47.928Z,155.991,2018,,,,,-2.005352,1.604282,-169.881986,-0.057296,0.114592,0.114592,39.0187632,-104.8934562,2159.58,-0.597,0.01,0.01,0.15,190.11,2.135,3.326,39.0187632,-104.8934561,2162.05,0.02,,32,,,,0.014,,-0.15,,0.186326,0.098066,-9.86549,-0.001,0.001,0.001,-232.0,-10.0,449.0,15.872,0.01,375.0,88.0,23.75,,,,,,,,,,,,,,,,,,,,,2026-04-01 14:46:36,True,34.894,10.918,383.124,0.159
2026-04-08T16:59:48.002Z,2026-04-08T16:59:48.002Z,156.065,2019,,,,,-2.005352,1.604282,-169.881986,-0.0,-0.0,-0.057296,39.0187632,-104.8934562,2159.57,-0.607,0.01,0.01,0.15,190.11,2.135,3.326,39.0187632,-104.8934561,2162.05,0.02,,32,,,,0.014,,-0.15,,0.166713,0.215746,-9.80665,0.0,0.0,-0.001,-233.0,-10.0,449.0,15.876,0.01,375.0,88.0,24.0,,,,,,,,,,,,,,,,,,,,,2026-04-01 14:46:36,True,34.939,10.92,382.46,0.159
2026-04-08T16:59:48.096Z,2026-04-08T16:59:48.096Z,156.159,2020,,,,,-2.005352,1.604282,-169.881986,-0.057296,-0.0,-0.057296,39.0187632,-104.8934562,2159.56,-0.61,0.01,0.01,0.15,190.11,2.135,3.326,39.0187632,-104.8934561,2162.05,0.02,,32,,,,0.014,,-0.15,,0.137293,0.1471,-9.796843,-0.001,0.0,-0.001,-233.0,-10.0,449.0,15.876,0.01,375.0,88.0,24.0,,,,,,,,,,,,,,,,,,,,,2026-04-01 14:46:36,True,34.902,10.918,382.875,0.159
2026-04-08T16:59:48.173Z,2026-04-08T16:59:48.173Z,156.236,2021,,,,,-2.005352,1.604282,-169.939282,-0.114592,0.057296,-0.114592,39.0187632,-104.8934562,2159.55,-0.629,0.01,0.01,0.15,190.1,2.135,3.326,39.0187632,-104.8934561,2162.04,0.0,,32,,,,0.014,,-0.15,,0.17652,0.1471,-9.83607,-0.001,0.0,-0.002,-232.0,-10.0,449.0,15.869,0.01,375.0,88.0,24.0,,,,,,,,,,,,,,,,,,,,,2026-04-01 14:46:36,True,34.917,10.915,382.46,0.159
2026-04-08T16:59:48.261Z,2026-04-08T16:59:48.261Z,156.324,2022,,,,,-2.005352,1.604282,-169.939282,-0.114592,0.057296,-0.114592,39.0187632,-104.8934561,2159.54,-0.635,0.01,0.01,0.15,190.09,2.135,3.335,39.0187632,-104.8934561,2162.04,0.0,,32,,,,0.014,,-0.15,,0.156906,0.127486,-9.826263,-0.001,0.0,-0.002,-232.0,-11.0,448.0,15.869,0.01,375.0,88.0,24.0,,,,,,,,,,,,,,,,,,,,,2026-04-01 14:46:37,True,34.886,10.911,382.377,0.159
2026-04-08T16:59:48.343Z,2026-04-08T16:59:48.343Z,156.406,2023,,,,,-2.005352,1.661578,-169.939282,-0.114592,0.114592,-0.114592,39.0187633,-104.8934561,2159.52,-0.651,0.01,0.01,0.15,190.09,2.146,3.335,39.0187632,-104.8934561,2162.03,0.01,,32,,,,0.014,,-0.15,,0.156906,0.05884,-9.816457,-0.001,0.001,-0.001,-232.0,-10.0,448.0,15.869,0.01,375.0,88.0,24.0,,,,,,,,,,,,,,,,,,,,,2026-04-01 14:46:37,True,34.894,10.918,383.123,0.159
2026-04-08T16:59:48.428Z,2026-04-08T16:59:48.428Z,156.491,2024,,,,,-2.005352,1.604282,-169.939282,0.057296,-0.057296,0.057296,39.0187633,-104.8934561,2159.51,-0.66,0.01,0.01,0.15,190.08,2.146,3.335,39.0187632,-104.8934561,2162.03,0.01,,32,,,,0.014,,-0.15,,0.127486,0.078453,-9.845877,0.001,-0.001,0.0,-233.0,-10.0,449.0,15.869,0.01,375.0,88.0,24.0,,,,,,,,,,,,,,,,,,,,,2026-04-01 14:46:37,True,34.917,10.915,382.626,0.159
2026-04-08T16:59:48.512Z,2026-04-08T16:59:48.512Z,156.575,2025,,,,,-2.005352,1.604282,-169.939282,-0.0,0.057296,-0.057296,39.0187633,-104.8934561,2159.5,-0.671,0.01,0.01,0.15,190.07,2.146,3.335,39.0187632,-104.8934561,2162.02,0.01,,32,,,,0.014,,-0.15,,0.186326,0.1471,-9.826263,0.0,0.0,-0.001,-233.0,-11.0,448.0,15.869,0.01,375.0,88.0,24.0,,,,,,,,,,,,,,,,,,,,,2026-04-01 14:46:37,True,34.879,10.911,382.708,0.159
2026-04-08T16:59:48.589Z,2026-04-08T16:59:48.589Z,156.652,2026,,,,,-2.005352,1.604282,-169.939282,-0.114592,0.0,-0.0,39.0187633,-104.8934561,2159.5,-0.679,0.01,0.0,0.15,190.07,2.146,3.335,39.0187632,-104.8934561,2162.02,0.01,,32,,,,0.01,,-0.15,,0.166713,0.156906,-9.80665,-0.001,0.0,0.0,-233.0,-11.0,448.0,15.875,0.01,375.0,88.0,24.0,,,,,,,,,,,,,,,,,,,,,2026-04-01 14:46:37,True,34.871,10.911,383.124,0.159
2026-04-08T16:59:48.684Z,2026-04-08T16:59:48.684Z,156.747,2027,,,,,-2.005352,1.661578,-169.939282,0.0,0.057296,0.171887,39.0187633,-104.8934561,2159.49,-0.683,0.01,0.0,0.15,190.07,2.146,3.335,39.0187632,-104.8934561,2162.02,0.01,,32,,,,0.01,,-0.15,,0.137293,0.11768,-9.826263,0.0,0.0,0.002,-233.0,-10.0,449.0,15.875,0.01,375.0,88.0,24.0,,,,,,,,,,,,,,,,,,,,,2026-04-01 14:46:37,True,34.871,10.927,383.207,0.159
2026-04-08T16:59:48.762Z,2026-04-08T16:59:48.762Z,156.825,2028,,,,,-2.005352,1.604282,-169.939282,-0.0,-0.0,-0.114592,39.0187632,-104.8934561,2159.47,-0.701,0.01,0.01,0.15,190.06,2.135,3.335,39.0187632,-104.8934561,2162.01,0.03,,32,,,,0.014,,-0.15,,0.166713,0.156906,-9.826263,0.0,0.0,-0.002,-233.0,-10.0,449.0,15.885,0.01,375.0,88.0,24.0,,,,,,,,,,,,,,,,,,,,,2026-04-01 14:46:37,True,34.902,10.915,382.543,0.159
2026-04-08T16:59:48.849Z,2026-04-08T16:59:48.849Z,156.912,2029,,,,,-2.005352,1.604282,-169.939282,-0.057296,-0.057296,-0.057296,39.0187632,-104.8934561,2159.46,-0.711,0.0,0.0,0.15,190.05,2.135,3.335,39.0187632,-104.8934561,2162.01,0.03,,32,,,,0.0,,-0.15,,0.166713,0.137293,-9.83607,0.0,-0.001,-0.001,-234.0,-10.0,450.0,15.885,0.01,375.0,88.0,24.0,,,,,,,,,,,,,,,,,,,,,2026-04-01 14:46:37,True,34.864,10.927,383.206,0.159
2026-04-08T16:59:48.930Z,2026-04-08T16:59:48.930Z,156.993,2030,,,,,-2.005352,1.604282,-169.939282,-0.057296,-0.0,-0.057296,39.0187632,-104.8934561,2159.45,-0.726,0.0,0.01,0.16,190.04,2.135,3.335,39.0187632,-104.8934561,2162.01,0.02,,32,,,,0.01,,-0.16,,0.166713,0.17652,-9.826263,0.0,0.0,-0.001,-232.0,-10.0,448.0,15.885,0.01,375.0,88.0,24.0,,,,,,,,,,,,,,,,,,,,,2026-04-01 14:46:37,True,34.871,10.92,382.211,0.159
2026-04-08T16:59:49.005Z,2026-04-08T16:59:49.005Z,157.068,2031,,,,,-2.005352,1.604282,-169.939282,-0.114592,0.057296,0.171887,39.0187632,-104.8934561,2159.44,-0.736,0.0,0.0,0.16,190.04,2.135,3.335,39.0187632,-104.8934561,2162.01,0.02,,32,,,,0.0,,-0.16,,0.186326,0.156906,-9.816457,-0.001,0.0,0.002,-233.0,-10.0,449.0,15.888,0.01,375.0,88.0,24.0,,,,,,,,,,,,,,,,,,,,,2026-04-01 14:46:37,True,34.909,10.92,382.792,0.159
2026-04-08T16:59:49.098Z,2026-04-08T16:59:49.098Z,157.161,2032,,,,,-2.005352,1.604282,-169.939282,-0.114592,-0.0,-0.057296,39.0187632,-104.8934561,2159.44,-0.738,0.0,0.0,0.16,190.04,2.135,3.335,39.0187632,-104.8934561,2162.01,0.02,,32,,,,0.0,,-0.16,,0.17652,0.196133,-9.816457,-0.001,0.0,-0.001,-233.0,-10.0,449.0,15.888,0.01,375.0,88.0,24.0,,,,,,,,,,,,,,,,,,,,,2026-04-01 14:46:37,True,34.864,10.913,382.377,0.159
2026-04-08T16:59:49.174Z,2026-04-08T16:59:49.174Z,157.237,2033,,,,,-2.005352,1.604282,-169.996578,0.057296,0.0,0.057296,39.0187632,-104.8934562,2159.42,-0.75,0.0,0.0,0.15,190.03,2.135,3.326,39.0187632,-104.8934562,2162.01,0.03,,32,,,,0.0,,-0.15,,0.156906,0.1471,-9.826263,0.001,0.0,0.0,-232.0,-10.0,449.0,15.892,0.01,375.0,88.0,23.75,,,,,,,,,,,,,,,,,,,,,2026-04-01 14:46:37,True,34.909,10.927,383.207,0.159
2026-04-08T16:59:49.263Z,2026-04-08T16:59:49.263Z,157.326,2034,,,,,-2.005352,1.604282,-169.996578,0.0,-0.0,0.171887,39.0187632,-104.8934562,2159.42,-0.753,0.0,0.0,0.15,190.03,2.135,3.326,39.0187632,-104.8934562,2162.01,0.03,,32,,,,0.0,,-0.15,,0.17652,0.1471,-9.83607,0.0,0.0,0.002,-232.0,-10.0,449.0,15.892,0.01,375.0,88.0,24.0,,,,,,,,,,,,,,,,,,,,,2026-04-01 14:46:38,True,34.886,10.934,383.124,0.159
2026-04-08T16:59:49.343Z,2026-04-08T16:59:49.343Z,157.406,2035,,,,,-2.005352,1.604282,-169.996578,-0.057296,0.057296,0.0,39.0187632,-104.8934562,2159.41,-0.762,0.0,0.0,0.15,190.02,2.135,3.326,39.0187632,-104.8934562,2162.01,0.02,,32,,,,0.0,,-0.15,,0.156906,0.137293,-9.816457,0.0,0.0,0.0,-232.0,-10.0,448.0,15.892,0.01,375.0,88.0,24.0,,,,,,,,,,,,,,,,,,,,,2026-04-01 14:46:38,True,34.871,10.92,382.709,0.159
2026-04-08T16:59:49.427Z,2026-04-08T16:59:49.427Z,157.49,2036,,,,,-2.005352,1.604282,-169.996578,-0.0,0.0,0.057296,39.0187632,-104.8934562,2159.41,-0.766,0.0,0.0,0.15,190.02,2.135,3.326,39.0187632,-104.8934562,2162.01,0.02,,32,,,,0.0,,-0.15,,0.166713,0.1471,-9.816457,0.0,0.0,0.0,-233.0,-9.0,449.0,15.892,0.01,375.0,88.0,24.0,,,,,,,,,,,,,,,,,,,,,2026-04-01 14:46:38,True,34.909,10.923,383.29,0.159
2026-04-08T16:59:49.508Z,2026-04-08T16:59:49.508Z,157.571,2037,,,,,-2.005352,1.661578,-169.996578,-0.057296,0.0,-0.114592,39.0187632,-104.8934562,2159.4,-0.773,0.0,0.0,0.15,190.01,2.135,3.326,39.0187632,-104.8934562,2162.0,0.03,,32,,,,0.0,,-0.15,,0.166713,0.137293,-9.83607,0.0,0.0,-0.002,-231.0,-9.0,449.0,15.892,0.01,375.0,88.0,24.0,,,,,,,,,,,,,,,,,,,,,2026-04-01 14:46:38,True,34.894,10.918,382.46,0.159
2026-04-08T16:59:49.584Z,2026-04-08T16:59:49.584Z,157.647,2038,,,,,-2.005352,1.661578,-169.996578,0.0,-0.0,0.057296,39.0187632,-104.8934562,2159.4,-0.777,0.0,0.0,0.15,190.01,2.135,3.326,39.0187632,-104.8934562,2162.0,0.03,,32,,,,0.0,,-0.15,,0.166713,0.1471,-9.826263,0.0,0.0,0.0,-231.0,-9.0,449.0,15.876,0.0,375.0,88.0,23.75,,,,,,,,,,,,,,,,,,,,,2026-04-01 14:46:38,True,34.894,10.915,382.792,0.0
2026-04-08T16:59:49.678Z,2026-04-08T16:59:49.678Z,157.741,2039,,,,,-2.005352,1.661578,-169.996578,-0.057296,0.0,-0.057296,39.0187632,-104.8934562,2159.4,-0.779,0.0,0.0,0.15,190.0,2.135,3.326,39.0187632,-104.8934562,2162.0,0.03,,32,,,,0.0,,-0.15,,0.156906,0.1471,-9.816457,0.0,0.0,-0.001,-233.0,-10.0,449.0,15.876,0.0,375.0,88.0,24.0,,,,,,,,,,,,,,,,,,,,,2026-04-01 14:46:38,True,34.856,10.904,383.041,0.0
2026-04-08T16:59:49.758Z,2026-04-08T16:59:49.758Z,157.821,2040,,,,,-2.005352,1.661578,-169.996578,-0.0,0.0,0.0,39.0187632,-104.8934562,2159.39,-0.781,0.0,0.0,0.15,190.0,2.135,3.326,39.0187633,-104.8934562,2162.01,0.02,,32,,,,0.0,,-0.15,,0.156906,0.1471,-9.816457,0.0,0.0,0.0,-232.0,-10.0,448.0,15.897,0.01,375.0,88.0,24.0,,,,,,,,,,,,,,,,,,,,,2026-04-01 14:46:38,True,34.879,10.913,382.377,0.159
2026-04-08T16:59:49.843Z,2026-04-08T16:59:49.843Z,157.906,2041,,,,,-2.005352,1.661578,-169.996578,-0.0,-0.0,-0.057296,39.0187632,-104.8934562,2159.39,-0.782,0.0,0.0,0.15,189.99,2.135,3.326,39.0187633,-104.8934562,2162.01,0.02,,32,,,,0.0,,-0.15,,0.156906,0.137293,-9.816457,0.0,0.0,-0.001,-232.0,-10.0,449.0,15.897,0.01,375.0,88.0,24.0,,,,,,,,,,,,,,,,,,,,,2026-04-01 14:46:38,True,34.864,10.918,382.874,0.159
2026-04-08T16:59:49.927Z,2026-04-08T16:59:49.927Z,157.99,2042,,,,,-2.005352,1.661578,-169.996578,0.0,0.0,-0.0,39.0187633,-104.8934562,2159.39,-0.783,0.0,0.0,0.14,189.99,2.146,3.326,39.0187633,-104.8934561,2162.02,0.02,,32,,,,0.0,,-0.14,,0.17652,0.137293,-9.816457,0.0,0.0,-0.001,-231.0,-10.0,448.0,15.897,0.01,375.0,88.0,23.75,,,,,,,,,,,,,,,,,,,,,2026-04-01 14:46:38,True,34.856,10.92,382.377,0.159
2026-04-08T16:59:50.000Z,2026-04-08T16:59:50.000Z,158.063,2043,,,,,-2.005352,1.661578,-169.996578,0.0,0.057296,0.057296,39.0187633,-104.8934562,2159.39,-0.784,0.0,0.0,0.14,189.98,2.146,3.326,39.0187633,-104.8934561,2162.02,0.02,,32,,,,0.0,,-0.14,,0.17652,0.137293,-9.816457,0.0,0.0,0.0,-233.0,-10.0,449.0,15.9,0.01,375.0,88.0,24.0,,,,,,,,,,,,,,,,,,,,,2026-04-01 14:46:38,True,34.864,10.918,382.625,0.159
2026-04-08T16:59:50.101Z,2026-04-08T16:59:50.101Z,158.164,2044,,,,,-2.005352,1.661578,-169.996578,0.0,0.0,-0.0,39.0187633,-104.8934562,2159.39,-0.785,0.0,0.0,0.14,189.98,2.146,3.326,39.0187633,-104.8934561,2162.02,0.02,,32,,,,0.0,,-0.14,,0.166713,0.137293,-9.826263,0.0,0.0,0.0,-233.0,-10.0,449.0,15.9,0.01,375.0,88.0,24.0,,,,,,,,,,,,,,,,,,,,,2026-04-01 14:46:38,True,34.848,10.915,382.626,0.159
2026-04-08T16:59:50.176Z,2026-04-08T16:59:50.176Z,158.239,2045,,,,,-2.005352,1.661578,-170.053874,-0.0,0.0,0.057296,39.0187633,-104.8934562,2159.39,-0.785,0.0,0.0,0.14,189.97,2.146,3.326,39.0187633,-104.8934561,2162.02,0.01,,32,,,,0.0,,-0.14,,0.166713,0.137293,-9.826263,0.0,0.0,0.0,-232.0,-10.0,448.0,15.906,0.01,375.0,88.0,24.0,,,,,,,,,,,,,,,,,,,,,2026-04-01 14:46:38,True,34.902,10.923,382.709,0.159
2026-04-08T16:59:50.256Z,2026-04-08T16:59:50.256Z,158.319,2046,,,,,-2.005352,1.661578,-170.053874,-0.0,0.057296,0.0,39.0187633,-104.8934562,2159.39,-0.786,0.0,0.0,0.14,189.97,2.146,3.326,39.0187633,-104.8934561,2162.02,0.01,,32,,,,0.0,,-0.14,,0.166713,0.137293,-9.826263,0.0,0.0,0.0,-232.0,-10.0,448.0,15.906,0.01,375.0,88.0,24.0,,,,,,,,,,,,,,,,,,,,,2026-04-01 14:46:39,True,34.864,10.918,382.792,0.159
2026-04-08T16:59:50.332Z,2026-04-08T16:59:50.332Z,158.395,2047,,,,,-2.005352,1.661578,-170.053874,0.0,0.0,0.0,39.0187633,-104.8934562,2159.39,-0.788,0.0,0.0,0.14,189.96,2.146,3.326,39.0187633,-104.8934561,2162.01,0.02,,32,,,,0.0,,-0.14,,0.156906,0.1471,-9.816457,0.0,0.0,0.0,-232.0,-10.0,448.0,15.906,0.01,375.0,88.0,24.0,,,,,,,,,,,,,,,,,,,,,2026-04-01 14:46:39,True,34.871,10.93,382.045,0.159
2026-04-08T16:59:50.403Z,2026-04-08T16:59:50.403Z,158.466,2048,,,,,-2.005352,1.661578,-170.053874,-0.0,0.0,-0.057296,39.0187633,-104.8934562,2159.39,-0.788,0.0,0.0,0.13,189.96,2.146,3.326,39.0187633,-104.8934561,2162.01,0.02,,32,,,,0.0,,-0.13,,0.166713,0.137293,-9.816457,0.0,0.0,0.0,-233.0,-10.0,449.0,15.901,0.01,375.0,88.0,24.0,,,,,,,,,,,,,,,,,,,,,2026-04-01 14:46:39,True,34.902,10.92,382.543,0.159
2026-04-08T16:59:50.489Z,2026-04-08T16:59:50.489Z,158.552,2049,,,,,-2.005352,1.661578,-170.053874,-0.0,-0.0,-0.0,39.0187633,-104.8934562,2159.39,-0.787,0.0,0.0,0.13,189.96,2.146,3.326,39.0187633,-104.8934561,2162.01,0.02,,32,,,,0.0,,-0.13,,0.17652,0.1471,-9.83607,0.0,0.0,0.0,-233.0,-10.0,449.0,15.901,0.01,375.0,88.0,24.0,,,,,,,,,,,,,,,,,,,,,2026-04-01 14:46:39,True,34.848,10.911,382.46,0.159
2026-04-08T16:59:50.565Z,2026-04-08T16:59:50.565Z,158.628,2050,,,,,-2.005352,1.661578,-170.053874,-0.0,0.0,-0.0,39.0187633,-104.8934562,2159.39,-0.789,0.0,0.0,0.13,189.95,2.146,3.326,39.0187633,-104.8934562,2162.01,0.04,,32,,,,0.0,,-0.13,,0.166713,0.1471,-9.816457,0.0,0.0,0.0,-231.0,-10.0,448.0,15.899,0.01,375.0,88.0,24.0,,,,,,,,,,,,,,,,,,,,,2026-04-01 14:46:39,True,34.886,10.92,382.543,0.159
2026-04-08T16:59:50.646Z,2026-04-08T16:59:50.646Z,158.709,2051,,,,,-2.005352,1.661578,-170.053874,-0.0,0.0,-0.0,39.0187633,-104.8934562,2159.38,-0.791,0.0,0.0,0.13,189.95,2.146,3.326,39.0187633,-104.8934562,2162.01,0.04,,32,,,,0.0,,-0.13,,0.166713,0.137293,-9.826263,0.0,0.0,0.0,-232.0,-10.0,449.0,15.899,0.01,375.0,88.0,24.0,,,,,,,,,,,,,,,,,,,,,2026-04-01 14:46:39,True,34.879,10.92,382.128,0.159
2026-04-08T16:59:50.722Z,2026-04-08T16:59:50.722Z,158.785,2052,,,,,-2.005352,1.661578,-170.053874,-0.0,-0.0,0.0,39.0187633,-104.8934562,2159.38,-0.794,0.0,0.0,0.13,189.94,2.146,3.326,39.0187634,-104.8934562,2162.01,0.01,,32,,,,0.0,,-0.13,,0.166713,0.137293,-9.826263,0.0,0.0,0.0,-232.0,-10.0,448.0,15.899,0.01,375.0,88.0,23.75,,,,,,,,,,,,,,,,,,,,,2026-04-01 14:46:39,True,34.886,10.913,382.211,0.159
2026-04-08T16:59:50.799Z,2026-04-08T16:59:50.799Z,158.862,2053,,,,,-2.005352,1.661578,-170.053874,0.0,0.0,-0.0,39.0187633,-104.8934562,2159.38,-0.794,0.01,0.0,0.13,189.93,2.146,3.326,39.0187634,-104.8934562,2162.01,0.01,,32,,,,0.01,,-0.13,,0.156906,0.1471,-9.816457,0.0,0.0,0.0,-232.0,-10.0,448.0,15.91,0.01,375.0,88.0,24.0,,,,,,,,,,,,,,,,,,,,,2026-04-01 14:46:39,True,34.864,10.906,382.377,0.159
2026-04-08T16:59:50.894Z,2026-04-08T16:59:50.894Z,158.957,2054,,,,,-2.005352,1.661578,-170.053874,-0.0,0.0,-0.0,39.0187633,-104.8934562,2159.38,-0.794,0.01,0.0,0.13,189.93,2.146,3.326,39.0187634,-104.8934562,2162.01,0.01,,32,,,,0.01,,-0.13,,0.17652,0.137293,-9.816457,0.0,0.0,0.0,-232.0,-10.0,449.0,15.91,0.01,375.0,88.0,24.0,,,,,,,,,,,,,,,,,,,,,2026-04-01 14:46:39,True,34.879,10.904,382.543,0.159
2026-04-08T16:59:50.971Z,2026-04-08T16:59:50.971Z,159.034,2055,,,,,-2.005352,1.661578,-170.053874,-0.0,0.0,-0.0,39.0187634,-104.8934562,2159.38,-0.797,0.01,0.0,0.13,189.92,2.157,3.326,39.0187634,-104.8934562,2162.01,0.02,,32,,,,0.01,,-0.13,,0.156906,0.1471,-9.826263,0.0,0.0,0.0,-231.0,-10.0,448.0,15.905,0.01,375.0,88.0,24.0,,,,,,,,,,,,,,,,,,,,,2026-04-01 14:46:39,True,34.894,10.913,382.376,0.159
2026-04-08T16:59:51.060Z,2026-04-08T16:59:51.060Z,159.123,2056,,,,,-2.005352,1.661578,-170.111169,0.0,0.0,-0.057296,39.0187634,-104.8934562,2159.38,-0.798,0.01,0.0,0.13,189.92,2.157,3.326,39.0187634,-104.8934562,2162.01,0.02,,32,,,,0.01,,-0.13,,0.166713,0.1471,-9.826263,0.0,0.0,-0.001,-233.0,-10.0,449.0,15.905,0.01,375.0,88.0,24.0,,,,,,,,,,,,,,,,,,,,,2026-04-01 14:46:39,True,34.848,10.915,382.377,0.159
2026-04-08T16:59:51.144Z,2026-04-08T16:59:51.144Z,159.207,2057,,,,,-2.005352,1.661578,-170.111169,-0.0,-0.0,0.0,39.0187634,-104.8934562,2159.37,-0.804,0.01,0.0,0.13,189.91,2.157,3.326,39.0187634,-104.8934562,2162.01,0.01,,32,,,,0.01,,-0.13,,0.166713,0.137293,-9.826263,0.0,0.0,0.0,-232.0,-10.0,448.0,15.905,0.01,375.0,88.0,24.0,,,,,,,,,,,,,,,,,,,,,2026-04-01 14:46:39,True,34.871,10.913,382.294,0.159
2026-04-08T16:59:51.227Z,2026-04-08T16:59:51.227Z,159.29,2058,,,,,-2.005352,1.661578,-170.111169,-0.0,0.0,-0.0,39.0187634,-104.8934562,2159.37,-0.804,0.01,0.0,0.12,189.9,2.157,3.326,39.0187634,-104.8934562,2162.01,0.01,,32,,,,0.01,,-0.12,,0.17652,0.137293,-9.826263,0.0,0.0,0.0,-232.0,-10.0,449.0,15.905,0.01,375.0,88.0,24.25,,,,,,,,,,,,,,,,,,,,,2026-04-01 14:46:39,True,34.886,10.913,382.377,0.159
2026-04-08T16:59:51.308Z,2026-04-08T16:59:51.308Z,159.371,2059,,,,,-2.005352,1.661578,-170.111169,0.0,0.057296,-0.0,39.0187634,-104.8934562,2159.37,-0.807,0.01,0.0,0.12,189.9,2.157,3.326,39.0187634,-104.8934562,2162.0,0.02,,32,,,,0.01,,-0.12,,0.166713,0.137293,-9.826263,0.0,0.0,0.0,-232.0,-10.0,448.0,15.905,0.01,375.0,88.0,24.0,,,,,,,,,,,,,,,,,,,,,2026-04-01 14:46:40,True,34.871,10.911,382.626,0.159
2026-04-08T16:59:51.383Z,2026-04-08T16:59:51.383Z,159.446,2060,,,,,-2.005352,1.661578,-170.111169,0.0,0.0,-0.0,39.0187634,-104.8934562,2159.36,-0.81,0.01,0.0,0.12,189.89,2.157,3.326,39.0187634,-104.8934562,2162.0,0.02,,32,,,,0.01,,-0.12,,0.166713,0.137293,-9.816457,0.0,0.0,0.0,-232.0,-10.0,448.0,15.913,0.01,375.0,88.0,24.0,,,,,,,,,,,,,,,,,,,,,2026-04-01 14:46:40,True,34.894,10.92,381.962,0.159
2026-04-08T16:59:51.473Z,2026-04-08T16:59:51.473Z,159.536,2061,,,,,-2.005352,1.661578,-170.111169,0.0,0.057296,-0.0,39.0187634,-104.8934562,2159.36,-0.81,0.01,0.0,0.12,189.89,2.157,3.326,39.0187634,-104.8934562,2162.0,0.02,,32,,,,0.01,,-0.12,,0.166713,0.137293,-9.826263,0.0,0.0,0.0,-233.0,-10.0,449.0,15.913,0.01,375.0,88.0,24.0,,,,,,,,,,,,,,,,,,,,,2026-04-01 14:46:40,True,34.864,10.908,382.128,0.159
2026-04-08T16:59:51.554Z,2026-04-08T16:59:51.554Z,159.617,2062,,,,,-2.005352,1.661578,-170.111169,-0.0,-0.0,0.0,39.0187634,-104.8934562,2159.36,-0.813,0.01,0.0,0.12,189.88,2.157,3.326,39.0187634,-104.8934561,2161.99,0.02,,32,,,,0.01,,-0.12,,0.166713,0.1471,-9.816457,0.0,0.0,0.0,-232.0,-10.0,448.0,15.908,0.01,375.0,88.0,23.75,,,,,,,,,,,,,,,,,,,,,2026-04-01 14:46:40,True,34.894,10.915,382.377,0.159
2026-04-08T16:59:51.636Z,2026-04-08T16:59:51.636Z,159.699,2063,,,,,-2.005352,1.661578,-170.111169,-0.0,0.057296,0.0,39.0187634,-104.8934562,2159.36,-0.814,0.01,0.0,0.12,189.88,2.157,3.326,39.0187634,-104.8934561,2161.99,0.02,,32,,,,0.01,,-0.12,,0.17652,0.1471,-9.816457,0.0,0.0,0.0,-232.0,-10.0,449.0,15.908,0.01,375.0,88.0,24.0,,,,,,,,,,,,,,,,,,,,,2026-04-01 14:46:40,True,34.871,10.918,382.128,0.159
2026-04-08T16:59:51.718Z,2026-04-08T16:59:51.718Z,159.781,2064,,,,,-2.005352,1.661578,-170.111169,-0.0,0.0,-0.0,39.0187634,-104.8934562,2159.36,-0.815,0.01,0.0,0.12,189.87,2.157,3.326,39.0187635,-104.8934561,2162.01,0.02,,32,,,,0.01,,-0.12,,0.166713,0.137293,-9.816457,0.0,0.0,0.0,-232.0,-10.0,449.0,15.908,0.01,375.0,88.0,24.0,,,,,,,,,,,,,,,,,,,,,2026-04-01 14:46:40,True,34.879,10.918,382.211,0.159
2026-04-08T16:59:51.793Z,2026-04-08T16:59:51.793Z,159.856,2065,,,,,-2.005352,1.661578,-170.111169,0.0,0.0,0.0,39.0187634,-104.8934562,2159.36,-0.817,0.01,0.0,0.12,189.87,2.157,3.326,39.0187635,-104.8934561,2162.01,0.02,,32,,,,0.01,,-0.12,,0.166713,0.137293,-9.826263,0.0,0.0,0.0,-232.0,-10.0,449.0,15.915,0.01,375.0,88.0,24.0,,,,,,,,,,,,,,,,,,,,,2026-04-01 14:46:40,True,34.879,10.911,381.879,0.159
2026-04-08T16:59:51.887Z,2026-04-08T16:59:51.887Z,159.95,2066,,,,,-2.005352,1.661578,-170.111169,-0.0,0.0,-0.0,39.0187634,-104.8934562,2159.36,-0.817,0.01,0.0,0.12,189.87,2.157,3.326,39.0187635,-104.8934561,2162.01,0.02,,32,,,,0.01,,-0.12,,0.166713,0.1471,-9.826263,0.0,0.0,0.0,-232.0,-10.0,449.0,15.915,0.01,375.0,88.0,24.0,,,,,,,,,,,,,,,,,,,,,2026-04-01 14:46:40,True,34.848,10.918,382.128,0.159
2026-04-08T16:59:51.966Z,2026-04-08T16:59:51.966Z,160.029,2067,,,,,-2.005352,1.661578,-170.168465,-0.057296,0.057296,0.0,39.0187635,-104.8934562,2159.35,-0.821,0.01,0.0,0.12,189.86,2.168,3.326,39.0187635,-104.8934561,2162.0,0.02,,32,,,,0.01,,-0.12,,0.17652,0.1471,-9.826263,0.0,0.0,0.0,-231.0,-10.0,448.0,15.918,0.01,375.0,88.0,24.0,,,,,,,,,,,,,,,,,,,,,2026-04-01 14:46:40,True,34.886,10.918,382.543,0.159
